row_id,report_date,commodity,variety,pack_size,count_size,item_size,properties,grade,organic,appearance,condition,quality,low_price,high_price,mostly_low_price,mostly_high_price,unit_price,price_unit,normalized_price,normalized_unit,market,market_type,origin,origin_detail,other_attributes,reporter_comment,market_tone,volume,volume_unit,store_count,report_id,report_title,fetched_at
c034213f09fdc0f6,2021-06-01,Beef,"Brisket, deckle-off, bnls (120  1)",Choice Cuts,,,,Choice,,,,,425.0,451.0,,,432.11,$/cwt,4.3211,per lb,National,wholesale,,,,,,156275.0,lb,,2453,National Daily Boxed Beef Cutout & Boxed Beef Cuts - Negotiated Sales - PM (PDF) (LM_XB403),2026-09-26T13:48:36+00:00
be6269c36de4cfec,2021-06-01,Beef,"Brisket, deckle-off, bnls (120  1)",Select Cuts,,,,Select,,,,,429.64,451.97,,,438.54,$/cwt,4.3854,per lb,National,wholesale,,,,,,11924.0,lb,,2453,National Daily Boxed Beef Cutout & Boxed Beef Cuts - Negotiated Sales - PM (PDF) (LM_XB403),2026-09-26T13:48:36+00:00
ac2c19e8477247c0,2021-06-01,Beef,"Brisket, point/off, bnls (120A  3)",Choice Cuts,,,,Choice,,,,,700.0,791.0,,,721.07,$/cwt,7.2107,per lb,National,wholesale,,,,,,19316.0,lb,,2453,National Daily Boxed Beef Cutout & Boxed Beef Cuts - Negotiated Sales - PM (PDF) (LM_XB403),2026-09-26T13:48:36+00:00
fe1449085e464834,2021-06-01,Beef,"Chuck, chuck tender (116B  1)",Choice Cuts,,,,Choice,,,,,310.0,359.78,,,326.83,$/cwt,3.2683,per lb,National,wholesale,,,,,,44624.0,lb,,2453,National Daily Boxed Beef Cutout & Boxed Beef Cuts - Negotiated Sales - PM (PDF) (LM_XB403),2026-09-26T13:48:36+00:00
795976936c240044,2021-06-01,Beef,"Chuck, clod tender (114F  5)",Choice Cuts,,,,Choice,,,,,749.59,771.0,,,759.07,$/cwt,7.5907,per lb,National,wholesale,,,,,,10785.0,lb,,2453,National Daily Boxed Beef Cutout & Boxed Beef Cuts - Negotiated Sales - PM (PDF) (LM_XB403),2026-09-26T13:48:36+00:00
52d9d42f4200c0fa,2021-06-01,Beef,"Chuck, clod, arm roast (114E  3)",Choice Cuts,,,,Choice,,,,,410.0,450.0,,,415.29,$/cwt,4.1529,per lb,National,wholesale,,,,,,18008.0,lb,,2453,National Daily Boxed Beef Cutout & Boxed Beef Cuts - Negotiated Sales - PM (PDF) (LM_XB403),2026-09-26T13:48:36+00:00
e60f322d879ce481,2021-06-01,Beef,"Chuck, clod, top blade (114D  3)",Choice Cuts,,,,Choice,,,,,559.0,600.27,,,580.23,$/cwt,5.8023,per lb,National,wholesale,,,,,,8553.0,lb,,2453,National Daily Boxed Beef Cutout & Boxed Beef Cuts - Negotiated Sales - PM (PDF) (LM_XB403),2026-09-26T13:48:36+00:00
43a5696cedffdeea,2021-06-01,Beef,"Chuck, flap (116G  4)",Choice Cuts,,,,Choice,,,,,775.0,859.11,,,788.39,$/cwt,7.8839,per lb,National,wholesale,,,,,,14527.0,lb,,2453,National Daily Boxed Beef Cutout & Boxed Beef Cuts - Negotiated Sales - PM (PDF) (LM_XB403),2026-09-26T13:48:36+00:00
1bf0be15af597763,2021-06-01,Beef,"Chuck, roll, lxl, neck/off (116A  3)",Choice Cuts,,,,Choice,,,,,354.15,385.0,,,374.62,$/cwt,3.7462,per lb,National,wholesale,,,,,,84803.0,lb,,2453,National Daily Boxed Beef Cutout & Boxed Beef Cuts - Negotiated Sales - PM (PDF) (LM_XB403),2026-09-26T13:48:36+00:00
0cbaa16cfe1a1143,2021-06-01,Beef,"Chuck, roll, lxl, neck/off (116A  3)",Select Cuts,,,,Select,,,,,345.48,378.0,,,370.54,$/cwt,3.7054,per lb,National,wholesale,,,,,,53171.0,lb,,2453,National Daily Boxed Beef Cutout & Boxed Beef Cuts - Negotiated Sales - PM (PDF) (LM_XB403),2026-09-26T13:48:36+00:00
b8024cfa41781d82,2021-06-01,Beef,"Chuck, semi-bnls, neck/off (113C  1)",Choice Cuts,,,,Choice,,,,,320.0,331.83,,,323.71,$/cwt,3.2371,per lb,National,wholesale,,,,,,26777.0,lb,,2453,National Daily Boxed Beef Cutout & Boxed Beef Cuts - Negotiated Sales - PM (PDF) (LM_XB403),2026-09-26T13:48:36+00:00
1e37ce70e053aed1,2021-06-01,Beef,"Chuck, short rib (130  4)",Choice Cuts,,,,Choice,,,,,462.56,537.03,,,491.77,$/cwt,4.9177,per lb,National,wholesale,,,,,,70357.0,lb,,2453,National Daily Boxed Beef Cutout & Boxed Beef Cuts - Negotiated Sales - PM (PDF) (LM_XB403),2026-09-26T13:48:36+00:00
2224e772935e6b96,2021-06-01,Beef,"Chuck, short rib (130  4)",Select Cuts,,,,Select,,,,,433.0,451.0,,,443.95,$/cwt,4.4395,per lb,National,wholesale,,,,,,4257.0,lb,,2453,National Daily Boxed Beef Cutout & Boxed Beef Cuts - Negotiated Sales - PM (PDF) (LM_XB403),2026-09-26T13:48:36+00:00
d1633338cacd2576,2021-06-01,Beef,"Chuck, shoulder clod (114  1)",Choice Cuts,,,,Choice,,,,,301.0,330.4,,,308.36,$/cwt,3.0836,per lb,National,wholesale,,,,,,17889.0,lb,,2453,National Daily Boxed Beef Cutout & Boxed Beef Cuts - Negotiated Sales - PM (PDF) (LM_XB403),2026-09-26T13:48:36+00:00
c917d408613b4938,2021-06-01,Beef,"Chuck, shoulder clod (114  1)",Select Cuts,,,,Select,,,,,282.0,320.73,,,307.91,$/cwt,3.0791,per lb,National,wholesale,,,,,,27677.0,lb,,2453,National Daily Boxed Beef Cutout & Boxed Beef Cuts - Negotiated Sales - PM (PDF) (LM_XB403),2026-09-26T13:48:36+00:00
e4e482ee42c99344,2021-06-01,Beef,"Chuck, shoulder clod, trmd (114A  3)",Choice Cuts,,,,Choice,,,,,313.91,351.28,,,334.22,$/cwt,3.3422,per lb,National,wholesale,,,,,,196074.0,lb,,2453,National Daily Boxed Beef Cutout & Boxed Beef Cuts - Negotiated Sales - PM (PDF) (LM_XB403),2026-09-26T13:48:36+00:00
3859f271fc25bcd1,2021-06-01,Beef,"Chuck, shoulder clod, trmd (114A  3)",Select Cuts,,,,Select,,,,,307.3,331.8,,,317.73,$/cwt,3.1773,per lb,National,wholesale,,,,,,76338.0,lb,,2453,National Daily Boxed Beef Cutout & Boxed Beef Cuts - Negotiated Sales - PM (PDF) (LM_XB403),2026-09-26T13:48:36+00:00
4144987df68757d9,2021-06-01,Beef,Cutout 600-900 lb,,,,,Select,,,,,,,,,306.45,$/cwt,3.0645,per lb,National,wholesale,,,,,,,,,2453,National Daily Boxed Beef Cutout & Boxed Beef Cuts - Negotiated Sales - PM (PDF) (LM_XB403),2026-09-26T13:48:36+00:00
4d0959b8640cc1fa,2021-06-01,Beef,Cutout 600-900 lb,,,,,Choice,,,,,,,,,334.56,$/cwt,3.3456,per lb,National,wholesale,,,,,,,,,2453,National Daily Boxed Beef Cutout & Boxed Beef Cuts - Negotiated Sales - PM (PDF) (LM_XB403),2026-09-26T13:48:36+00:00
0e078c7feed4af29,2021-06-01,Beef,"Flank, flank steak (193  4)",Choice Cuts,,,,Choice,,,,,806.0,840.4,,,822.81,$/cwt,8.2281,per lb,National,wholesale,,,,,,15685.0,lb,,2453,National Daily Boxed Beef Cutout & Boxed Beef Cuts - Negotiated Sales - PM (PDF) (LM_XB403),2026-09-26T13:48:36+00:00
cc0b2ff40fbe5f0d,2021-06-01,Beef,"Flank, flank steak (193  4)",Select Cuts,,,,Select,,,,,749.68,826.0,,,782.1,$/cwt,7.821,per lb,National,wholesale,,,,,,7726.0,lb,,2453,National Daily Boxed Beef Cutout & Boxed Beef Cuts - Negotiated Sales - PM (PDF) (LM_XB403),2026-09-26T13:48:36+00:00
4fcca7c1fc0653f3,2021-06-01,Beef,Ground Beef 73%,Ground Beef,,,,,,,,,234.64,270.22,,,243.49,$/cwt,2.4349,per lb,National,wholesale,,,,,,58989.0,lb,,2453,National Daily Boxed Beef Cutout & Boxed Beef Cuts - Negotiated Sales - PM (PDF) (LM_XB403),2026-09-26T13:48:36+00:00
1b1a5d56a066bcab,2021-06-01,Beef,Ground Beef 81%,Ground Beef,,,,,,,,,290.0,315.88,,,302.05,$/cwt,3.0205,per lb,National,wholesale,,,,,,208275.0,lb,,2453,National Daily Boxed Beef Cutout & Boxed Beef Cuts - Negotiated Sales - PM (PDF) (LM_XB403),2026-09-26T13:48:36+00:00
25ee6b902ec52a23,2021-06-01,Beef,Ground Beef 90%,Ground Beef,,,,,,,,,338.6,358.0,,,353.25,$/cwt,3.5325,per lb,National,wholesale,,,,,,31791.0,lb,,2453,National Daily Boxed Beef Cutout & Boxed Beef Cuts - Negotiated Sales - PM (PDF) (LM_XB403),2026-09-26T13:48:36+00:00
f60078d2c9905724,2021-06-01,Beef,Ground Beef Chuck,Ground Beef,,,,,,,,,300.0,330.22,,,316.06,$/cwt,3.1606,per lb,National,wholesale,,,,,,16058.0,lb,,2453,National Daily Boxed Beef Cutout & Boxed Beef Cuts - Negotiated Sales - PM (PDF) (LM_XB403),2026-09-26T13:48:36+00:00
522c604ad8231b83,2021-06-01,Beef,Ground Beef Round,Ground Beef,,,,,,,,,306.26,332.96,,,331.9,$/cwt,3.319,per lb,National,wholesale,,,,,,84086.0,lb,,2453,National Daily Boxed Beef Cutout & Boxed Beef Cuts - Negotiated Sales - PM (PDF) (LM_XB403),2026-09-26T13:48:36+00:00
dbdbc1f4828db99e,2021-06-01,Beef,Ground Beef Sirloin,Ground Beef,,,,,,,,,355.0,361.0,,,360.75,$/cwt,3.6075,per lb,National,wholesale,,,,,,2849.0,lb,,2453,National Daily Boxed Beef Cutout & Boxed Beef Cuts - Negotiated Sales - PM (PDF) (LM_XB403),2026-09-26T13:48:36+00:00
a99211c2e291485b,2021-06-01,Beef,"Loin, ball-tip, bnls, heavy (185B  1)",Choice Cuts,,,,Choice,,,,,470.0,546.83,,,476.39,$/cwt,4.7639,per lb,National,wholesale,,,,,,44569.0,lb,,2453,National Daily Boxed Beef Cutout & Boxed Beef Cuts - Negotiated Sales - PM (PDF) (LM_XB403),2026-09-26T13:48:36+00:00
548213e0d87f6631,2021-06-01,Beef,"Loin, ball-tip, bnls, heavy (185B  1)",Select Cuts,,,,Select,,,,,373.97,464.0,,,394.33,$/cwt,3.9433,per lb,National,wholesale,,,,,,199073.0,lb,,2453,National Daily Boxed Beef Cutout & Boxed Beef Cuts - Negotiated Sales - PM (PDF) (LM_XB403),2026-09-26T13:48:36+00:00
4deba65e47c645e9,2021-06-01,Beef,"Loin, bottom sirloin, flap (185A  4)",Choice Cuts,,,,Choice,,,,,1056.86,1150.0,,,1095.95,$/cwt,10.9595,per lb,National,wholesale,,,,,,85816.0,lb,,2453,National Daily Boxed Beef Cutout & Boxed Beef Cuts - Negotiated Sales - PM (PDF) (LM_XB403),2026-09-26T13:48:36+00:00
e9cf731d3c1ac967,2021-06-01,Beef,"Loin, bottom sirloin, flap (185A  4)",Select Cuts,,,,Select,,,,,1025.0,1135.7,,,1047.38,$/cwt,10.4738,per lb,National,wholesale,,,,,,5057.0,lb,,2453,National Daily Boxed Beef Cutout & Boxed Beef Cuts - Negotiated Sales - PM (PDF) (LM_XB403),2026-09-26T13:48:36+00:00
fd8c5ed24e7e106b,2021-06-01,Beef,"Loin, butt tender, trimmed (191A  4)",Select Cuts,,,,Select,,,,,1551.0,1784.0,,,1620.75,$/cwt,16.2075,per lb,National,wholesale,,,,,,8416.0,lb,,2453,National Daily Boxed Beef Cutout & Boxed Beef Cuts - Negotiated Sales - PM (PDF) (LM_XB403),2026-09-26T13:48:36+00:00
39838768e161045d,2021-06-01,Beef,"Loin, short loin, 0x1 (174  3)",Choice Cuts,,,,Choice,,,,,960.0,1006.0,,,985.98,$/cwt,9.8598,per lb,National,wholesale,,,,,,222602.0,lb,,2453,National Daily Boxed Beef Cutout & Boxed Beef Cuts - Negotiated Sales - PM (PDF) (LM_XB403),2026-09-26T13:48:36+00:00
10aab798b8523112,2021-06-01,Beef,"Loin, short loin, 0x1 (174  3)",Select Cuts,,,,Select,,,,,735.97,833.06,,,776.76,$/cwt,7.7676,per lb,National,wholesale,,,,,,39567.0,lb,,2453,National Daily Boxed Beef Cutout & Boxed Beef Cuts - Negotiated Sales - PM (PDF) (LM_XB403),2026-09-26T13:48:36+00:00
f3d89aa692f69405,2021-06-01,Beef,"Loin, sirloin, tri-tip (185C  1)",Choice Cuts,,,,Choice,,,,,591.0,605.7,,,599.14,$/cwt,5.9914,per lb,National,wholesale,,,,,,25183.0,lb,,2453,National Daily Boxed Beef Cutout & Boxed Beef Cuts - Negotiated Sales - PM (PDF) (LM_XB403),2026-09-26T13:48:36+00:00
e9365d1b14613a3d,2021-06-01,Beef,"Loin, sirloin, tri-tip (185C  1)",Select Cuts,,,,Select,,,,,400.0,580.0,,,465.57,$/cwt,4.6557,per lb,National,wholesale,,,,,,9281.0,lb,,2453,National Daily Boxed Beef Cutout & Boxed Beef Cuts - Negotiated Sales - PM (PDF) (LM_XB403),2026-09-26T13:48:36+00:00
a8098b01726b8c7b,2021-06-01,Beef,"Loin, sirloin, tri-tip, pld (185D  4)",Choice Cuts,,,,Choice,,,,,851.4,984.86,,,961.26,$/cwt,9.6126,per lb,National,wholesale,,,,,,4859.0,lb,,2453,National Daily Boxed Beef Cutout & Boxed Beef Cuts - Negotiated Sales - PM (PDF) (LM_XB403),2026-09-26T13:48:36+00:00
fcb6e9a3234c66d8,2021-06-01,Beef,"Loin, strip, bnls, 0x1 (180  3)",Choice Cuts,,,,Choice,,,,,1000.0,1060.22,,,1021.5,$/cwt,10.215,per lb,National,wholesale,,,,,,49614.0,lb,,2453,National Daily Boxed Beef Cutout & Boxed Beef Cuts - Negotiated Sales - PM (PDF) (LM_XB403),2026-09-26T13:48:36+00:00
c5b6ca4d2451be8c,2021-06-01,Beef,"Loin, strip, bnls, 0x1 (180  3)",Select Cuts,,,,Select,,,,,735.97,814.0,,,780.46,$/cwt,7.8046,per lb,National,wholesale,,,,,,63390.0,lb,,2453,National Daily Boxed Beef Cutout & Boxed Beef Cuts - Negotiated Sales - PM (PDF) (LM_XB403),2026-09-26T13:48:36+00:00
756320f329dc665a,2021-06-01,Beef,"Loin, tndrloin, trmd, heavy (189A  4)",Choice Cuts,,,,Choice,,,,,1725.0,1895.7,,,1767.98,$/cwt,17.6798,per lb,National,wholesale,,,,,,102364.0,lb,,2453,National Daily Boxed Beef Cutout & Boxed Beef Cuts - Negotiated Sales - PM (PDF) (LM_XB403),2026-09-26T13:48:36+00:00
b41fdeee834ba269,2021-06-01,Beef,"Loin, tndrloin, trmd, heavy (189A  4)",Select Cuts,,,,Select,,,,,1630.0,1786.0,,,1680.74,$/cwt,16.8074,per lb,National,wholesale,,,,,,40747.0,lb,,2453,National Daily Boxed Beef Cutout & Boxed Beef Cuts - Negotiated Sales - PM (PDF) (LM_XB403),2026-09-26T13:48:36+00:00
9fc21ea71af2688e,2021-06-01,Beef,"Loin, top butt, boneless (184  3)",Choice Cuts,,,,Choice,,,,,495.09,553.0,,,506.06,$/cwt,5.0606,per lb,National,wholesale,,,,,,196184.0,lb,,2453,National Daily Boxed Beef Cutout & Boxed Beef Cuts - Negotiated Sales - PM (PDF) (LM_XB403),2026-09-26T13:48:36+00:00
d99509fe231dbaa0,2021-06-01,Beef,"Loin, top butt, boneless (184  3)",Select Cuts,,,,Select,,,,,397.0,500.0,,,446.59,$/cwt,4.4659,per lb,National,wholesale,,,,,,86113.0,lb,,2453,National Daily Boxed Beef Cutout & Boxed Beef Cuts - Negotiated Sales - PM (PDF) (LM_XB403),2026-09-26T13:48:36+00:00
e7950ec7f553f3b8,2021-06-01,Beef,"Rib, ribeye, bnls, heavy (112A  3)",Choice Cuts,,,,Choice,,,,,1270.4,1353.52,,,1308.99,$/cwt,13.0899,per lb,National,wholesale,,,,,,38099.0,lb,,2453,National Daily Boxed Beef Cutout & Boxed Beef Cuts - Negotiated Sales - PM (PDF) (LM_XB403),2026-09-26T13:48:36+00:00
60173e7df0f970e8,2021-06-01,Beef,"Rib, ribeye, bnls, heavy (112A  3)",Select Cuts,,,,Select,,,,,976.0,1101.01,,,1037.45,$/cwt,10.3745,per lb,National,wholesale,,,,,,72241.0,lb,,2453,National Daily Boxed Beef Cutout & Boxed Beef Cuts - Negotiated Sales - PM (PDF) (LM_XB403),2026-09-26T13:48:36+00:00
514057d20340c73d,2021-06-01,Beef,"Rib, ribeye, bnls, light (112A  3)",Choice Cuts,,,,Choice,,,,,1275.06,1335.7,,,1310.69,$/cwt,13.1069,per lb,National,wholesale,,,,,,127205.0,lb,,2453,National Daily Boxed Beef Cutout & Boxed Beef Cuts - Negotiated Sales - PM (PDF) (LM_XB403),2026-09-26T13:48:36+00:00
4acacaeb03a7f653,2021-06-01,Beef,"Rib, ribeye, bnls, light (112A  3)",Select Cuts,,,,Select,,,,,978.4,1103.54,,,1018.62,$/cwt,10.1862,per lb,National,wholesale,,,,,,54997.0,lb,,2453,National Daily Boxed Beef Cutout & Boxed Beef Cuts - Negotiated Sales - PM (PDF) (LM_XB403),2026-09-26T13:48:36+00:00
06f703be40531b8a,2021-06-01,Beef,"Rib, ribeye, lip-on, bn-in (109E  1)",Choice Cuts,,,,Choice,,,,,1086.67,1168.5,,,1104.72,$/cwt,11.0472,per lb,National,wholesale,,,,,,58822.0,lb,,2453,National Daily Boxed Beef Cutout & Boxed Beef Cuts - Negotiated Sales - PM (PDF) (LM_XB403),2026-09-26T13:48:36+00:00
8978c4cd59674495,2021-06-01,Beef,"Rib, ribeye, lip-on, bn-in (109E  1)",Select Cuts,,,,Select,,,,,877.89,976.0,,,932.15,$/cwt,9.3215,per lb,National,wholesale,,,,,,28767.0,lb,,2453,National Daily Boxed Beef Cutout & Boxed Beef Cuts - Negotiated Sales - PM (PDF) (LM_XB403),2026-09-26T13:48:36+00:00
f72a5f685841edb2,2021-06-01,Beef,"Round, bone-in (160  1)",Choice Cuts,,,,Choice,,,,,286.0,320.0,,,306.37,$/cwt,3.0637,per lb,National,wholesale,,,,,,1634.0,lb,,2453,National Daily Boxed Beef Cutout & Boxed Beef Cuts - Negotiated Sales - PM (PDF) (LM_XB403),2026-09-26T13:48:36+00:00
5ec31c2359ac2dbe,2021-06-01,Beef,"Round, boneless (161  1)",Choice Cuts,,,,Choice,,,,,320.25,330.0,,,328.43,$/cwt,3.2843,per lb,National,wholesale,,,,,,2159.0,lb,,2453,National Daily Boxed Beef Cutout & Boxed Beef Cuts - Negotiated Sales - PM (PDF) (LM_XB403),2026-09-26T13:48:36+00:00
b7ca623f6d6dfc04,2021-06-01,Beef,"Round, boneless (161  1)",Select Cuts,,,,Select,,,,,310.0,333.75,,,324.05,$/cwt,3.2405,per lb,National,wholesale,,,,,,7677.0,lb,,2453,National Daily Boxed Beef Cutout & Boxed Beef Cuts - Negotiated Sales - PM (PDF) (LM_XB403),2026-09-26T13:48:36+00:00
38416e0553bbbe13,2021-06-01,Beef,"Round, eye of round (171C  3)",Choice Cuts,,,,Choice,,,,,317.0,350.7,,,328.15,$/cwt,3.2815,per lb,National,wholesale,,,,,,98980.0,lb,,2453,National Daily Boxed Beef Cutout & Boxed Beef Cuts - Negotiated Sales - PM (PDF) (LM_XB403),2026-09-26T13:48:36+00:00
1a8a6a628fa0260e,2021-06-01,Beef,"Round, eye of round (171C  3)",Select Cuts,,,,Select,,,,,320.0,336.0,,,330.01,$/cwt,3.3001,per lb,National,wholesale,,,,,,12738.0,lb,,2453,National Daily Boxed Beef Cutout & Boxed Beef Cuts - Negotiated Sales - PM (PDF) (LM_XB403),2026-09-26T13:48:36+00:00
fe72d8bd758a72cd,2021-06-01,Beef,"Round, knuckle, peeled (167A  4)",Choice Cuts,,,,Choice,,,,,336.0,390.15,,,366.33,$/cwt,3.6633,per lb,National,wholesale,,,,,,161538.0,lb,,2453,National Daily Boxed Beef Cutout & Boxed Beef Cuts - Negotiated Sales - PM (PDF) (LM_XB403),2026-09-26T13:48:36+00:00
7e4c0f8f3da12377,2021-06-01,Beef,"Round, knuckle, peeled (167A  4)",Select Cuts,,,,Select,,,,,345.0,390.0,,,370.76,$/cwt,3.7076,per lb,National,wholesale,,,,,,15680.0,lb,,2453,National Daily Boxed Beef Cutout & Boxed Beef Cuts - Negotiated Sales - PM (PDF) (LM_XB403),2026-09-26T13:48:36+00:00
63919342c47b8a59,2021-06-01,Beef,"Round, outside round (171B  3)",Choice Cuts,,,,Choice,,,,,310.0,340.85,,,323.47,$/cwt,3.2347,per lb,National,wholesale,,,,,,175291.0,lb,,2453,National Daily Boxed Beef Cutout & Boxed Beef Cuts - Negotiated Sales - PM (PDF) (LM_XB403),2026-09-26T13:48:36+00:00
f0f003b64e258435,2021-06-01,Beef,"Round, outside round (171B  3)",Select Cuts,,,,Select,,,,,314.74,340.22,,,326.39,$/cwt,3.2639,per lb,National,wholesale,,,,,,70268.0,lb,,2453,National Daily Boxed Beef Cutout & Boxed Beef Cuts - Negotiated Sales - PM (PDF) (LM_XB403),2026-09-26T13:48:36+00:00
ab1133bc1bb39054,2021-06-01,Beef,"Round, top inside round (168  1)",Choice Cuts,,,,Choice,,,,,326.12,364.78,,,343.23,$/cwt,3.4323,per lb,National,wholesale,,,,,,11179.0,lb,,2453,National Daily Boxed Beef Cutout & Boxed Beef Cuts - Negotiated Sales - PM (PDF) (LM_XB403),2026-09-26T13:48:36+00:00
685d4f9761c0ae43,2021-06-01,Beef,"Round, top inside round (168  3)",Choice Cuts,,,,Choice,,,,,340.4,377.75,,,359.36,$/cwt,3.5936,per lb,National,wholesale,,,,,,131441.0,lb,,2453,National Daily Boxed Beef Cutout & Boxed Beef Cuts - Negotiated Sales - PM (PDF) (LM_XB403),2026-09-26T13:48:36+00:00
886a4ef79ed2de36,2021-06-01,Beef,"Round, top inside round (168  3)",Select Cuts,,,,Select,,,,,339.0,377.25,,,360.09,$/cwt,3.6009,per lb,National,wholesale,,,,,,35155.0,lb,,2453,National Daily Boxed Beef Cutout & Boxed Beef Cuts - Negotiated Sales - PM (PDF) (LM_XB403),2026-09-26T13:48:36+00:00
965ed87c69467403,2021-06-01,Beef,"Round, top inside, cap off (169A  5)",Choice Cuts,,,,Choice,,,,,474.26,539.0,,,522.23,$/cwt,5.2223,per lb,National,wholesale,,,,,,18240.0,lb,,2453,National Daily Boxed Beef Cutout & Boxed Beef Cuts - Negotiated Sales - PM (PDF) (LM_XB403),2026-09-26T13:48:36+00:00
882ef034b78de117,2021-06-01,Beef,"Round, top inside, denuded (169  5)",Choice Cuts,,,,Choice,,,,,399.0,450.25,,,414.91,$/cwt,4.1491,per lb,National,wholesale,,,,,,27694.0,lb,,2453,National Daily Boxed Beef Cutout & Boxed Beef Cuts - Negotiated Sales - PM (PDF) (LM_XB403),2026-09-26T13:48:36+00:00
0c2137b0d30a9d91,2021-06-01,Beef,"Round, top inside, denuded (169  5)",Select Cuts,,,,Select,,,,,396.0,448.5,,,415.44,$/cwt,4.1544,per lb,National,wholesale,,,,,,15614.0,lb,,2453,National Daily Boxed Beef Cutout & Boxed Beef Cuts - Negotiated Sales - PM (PDF) (LM_XB403),2026-09-26T13:48:36+00:00
3a36c78eb28150bc,2021-06-01,Beef,"Short Plate, short rib (123A  3)",Choice Cuts,,,,Choice,,,,,524.7,600.7,,,555.31,$/cwt,5.5531,per lb,National,wholesale,,,,,,40606.0,lb,,2453,National Daily Boxed Beef Cutout & Boxed Beef Cuts - Negotiated Sales - PM (PDF) (LM_XB403),2026-09-26T13:48:36+00:00
551799f82bf0d03f,2021-06-01,Beef,"Short Plate, short rib (123A  3)",Select Cuts,,,,Select,,,,,514.7,555.0,,,545.61,$/cwt,5.4561,per lb,National,wholesale,,,,,,50098.0,lb,,2453,National Daily Boxed Beef Cutout & Boxed Beef Cuts - Negotiated Sales - PM (PDF) (LM_XB403),2026-09-26T13:48:36+00:00
06b6510b46148b22,2021-06-02,Beef,"Brisket, deckle-off, bnls (120  1)",Choice Cuts,,,,Choice,,,,,419.25,464.68,,,441.56,$/cwt,4.4156,per lb,National,wholesale,,,,,,117221.0,lb,,2453,National Daily Boxed Beef Cutout & Boxed Beef Cuts - Negotiated Sales - PM (PDF) (LM_XB403),2026-09-26T13:48:36+00:00
65051badf48e61dd,2021-06-02,Beef,"Brisket, deckle-off, bnls (120  1)",Select Cuts,,,,Select,,,,,426.0,450.0,,,430.07,$/cwt,4.3007,per lb,National,wholesale,,,,,,54148.0,lb,,2453,National Daily Boxed Beef Cutout & Boxed Beef Cuts - Negotiated Sales - PM (PDF) (LM_XB403),2026-09-26T13:48:36+00:00
55d001be215a9748,2021-06-02,Beef,"Brisket, point/off, bnls (120A  3)",Choice Cuts,,,,Choice,,,,,765.0,792.25,,,774.89,$/cwt,7.7489,per lb,National,wholesale,,,,,,7090.0,lb,,2453,National Daily Boxed Beef Cutout & Boxed Beef Cuts - Negotiated Sales - PM (PDF) (LM_XB403),2026-09-26T13:48:36+00:00
8f02e44a8c145c08,2021-06-02,Beef,"Chuck, chuck tender (116B  1)",Choice Cuts,,,,Choice,,,,,307.0,350.0,,,327.19,$/cwt,3.2719,per lb,National,wholesale,,,,,,89407.0,lb,,2453,National Daily Boxed Beef Cutout & Boxed Beef Cuts - Negotiated Sales - PM (PDF) (LM_XB403),2026-09-26T13:48:36+00:00
4e3d04b4e51c1f76,2021-06-02,Beef,"Chuck, chuck tender (116B  1)",Select Cuts,,,,Select,,,,,311.0,331.0,,,324.84,$/cwt,3.2484,per lb,National,wholesale,,,,,,28642.0,lb,,2453,National Daily Boxed Beef Cutout & Boxed Beef Cuts - Negotiated Sales - PM (PDF) (LM_XB403),2026-09-26T13:48:36+00:00
3576b62fa0fda52b,2021-06-02,Beef,"Chuck, clod tender (114F  5)",Choice Cuts,,,,Choice,,,,,750.0,764.78,,,753.43,$/cwt,7.5343,per lb,National,wholesale,,,,,,15441.0,lb,,2453,National Daily Boxed Beef Cutout & Boxed Beef Cuts - Negotiated Sales - PM (PDF) (LM_XB403),2026-09-26T13:48:36+00:00
7ec6e33a22779cb5,2021-06-02,Beef,"Chuck, clod tender (114F  5)",Select Cuts,,,,Select,,,,,744.0,750.0,,,749.5,$/cwt,7.495,per lb,National,wholesale,,,,,,3927.0,lb,,2453,National Daily Boxed Beef Cutout & Boxed Beef Cuts - Negotiated Sales - PM (PDF) (LM_XB403),2026-09-26T13:48:36+00:00
67a86455039996b3,2021-06-02,Beef,"Chuck, clod, arm roast (114E  3)",Choice Cuts,,,,Choice,,,,,410.0,458.12,,,431.29,$/cwt,4.3129,per lb,National,wholesale,,,,,,8382.0,lb,,2453,National Daily Boxed Beef Cutout & Boxed Beef Cuts - Negotiated Sales - PM (PDF) (LM_XB403),2026-09-26T13:48:36+00:00
cb88674af413210b,2021-06-02,Beef,"Chuck, clod, top blade (114D  3)",Choice Cuts,,,,Choice,,,,,560.0,588.0,,,576.8,$/cwt,5.768,per lb,National,wholesale,,,,,,61841.0,lb,,2453,National Daily Boxed Beef Cutout & Boxed Beef Cuts - Negotiated Sales - PM (PDF) (LM_XB403),2026-09-26T13:48:36+00:00
62e328a1ab1fc7f9,2021-06-02,Beef,"Chuck, flap (116G  4)",Choice Cuts,,,,Choice,,,,,777.5,793.0,,,788.23,$/cwt,7.8823,per lb,National,wholesale,,,,,,9029.0,lb,,2453,National Daily Boxed Beef Cutout & Boxed Beef Cuts - Negotiated Sales - PM (PDF) (LM_XB403),2026-09-26T13:48:36+00:00
d16ab0786f753c30,2021-06-02,Beef,"Chuck, flap (116G  4)",Select Cuts,,,,Select,,,,,655.0,805.18,,,737.07,$/cwt,7.3707,per lb,National,wholesale,,,,,,14815.0,lb,,2453,National Daily Boxed Beef Cutout & Boxed Beef Cuts - Negotiated Sales - PM (PDF) (LM_XB403),2026-09-26T13:48:36+00:00
f5daa72578256fc4,2021-06-02,Beef,"Chuck, roll, lxl, neck/off (116A  3)",Choice Cuts,,,,Choice,,,,,367.0,404.0,,,378.67,$/cwt,3.7867,per lb,National,wholesale,,,,,,64936.0,lb,,2453,National Daily Boxed Beef Cutout & Boxed Beef Cuts - Negotiated Sales - PM (PDF) (LM_XB403),2026-09-26T13:48:36+00:00
ce951306df0cdb59,2021-06-02,Beef,"Chuck, roll, lxl, neck/off (116A  3)",Select Cuts,,,,Select,,,,,345.63,385.0,,,365.91,$/cwt,3.6591,per lb,National,wholesale,,,,,,74652.0,lb,,2453,National Daily Boxed Beef Cutout & Boxed Beef Cuts - Negotiated Sales - PM (PDF) (LM_XB403),2026-09-26T13:48:36+00:00
f1eda594339d75fb,2021-06-02,Beef,"Chuck, roll, retail ready (916A  3)",Choice Cuts,,,,Choice,,,,,459.87,474.77,,,466.97,$/cwt,4.6697,per lb,National,wholesale,,,,,,21694.0,lb,,2453,National Daily Boxed Beef Cutout & Boxed Beef Cuts - Negotiated Sales - PM (PDF) (LM_XB403),2026-09-26T13:48:36+00:00
b0b974a8f510fdbe,2021-06-02,Beef,"Chuck, semi-bnls, neck/off (113C  1)",Choice Cuts,,,,Choice,,,,,318.3,327.19,,,320.53,$/cwt,3.2053,per lb,National,wholesale,,,,,,22694.0,lb,,2453,National Daily Boxed Beef Cutout & Boxed Beef Cuts - Negotiated Sales - PM (PDF) (LM_XB403),2026-09-26T13:48:36+00:00
f7064232315da718,2021-06-02,Beef,"Chuck, semi-bnls, neck/off (113C  1)",Select Cuts,,,,Select,,,,,320.0,325.0,,,321.83,$/cwt,3.2183,per lb,National,wholesale,,,,,,19971.0,lb,,2453,National Daily Boxed Beef Cutout & Boxed Beef Cuts - Negotiated Sales - PM (PDF) (LM_XB403),2026-09-26T13:48:36+00:00
b84f904507889641,2021-06-02,Beef,"Chuck, short rib (130  4)",Choice Cuts,,,,Choice,,,,,471.0,545.0,,,507.62,$/cwt,5.0762,per lb,National,wholesale,,,,,,37653.0,lb,,2453,National Daily Boxed Beef Cutout & Boxed Beef Cuts - Negotiated Sales - PM (PDF) (LM_XB403),2026-09-26T13:48:36+00:00
3f5e04a50c8deb08,2021-06-02,Beef,"Chuck, short rib (130  4)",Select Cuts,,,,Select,,,,,459.0,480.0,,,465.34,$/cwt,4.6534,per lb,National,wholesale,,,,,,5037.0,lb,,2453,National Daily Boxed Beef Cutout & Boxed Beef Cuts - Negotiated Sales - PM (PDF) (LM_XB403),2026-09-26T13:48:36+00:00
d0641c47b5ff0e70,2021-06-02,Beef,"Chuck, shoulder clod (114  1)",Choice Cuts,,,,Choice,,,,,301.0,324.87,,,313.25,$/cwt,3.1325,per lb,National,wholesale,,,,,,26612.0,lb,,2453,National Daily Boxed Beef Cutout & Boxed Beef Cuts - Negotiated Sales - PM (PDF) (LM_XB403),2026-09-26T13:48:36+00:00
ad0b41167779372d,2021-06-02,Beef,"Chuck, shoulder clod (114  1)",Select Cuts,,,,Select,,,,,314.8,315.0,,,314.89,$/cwt,3.1489,per lb,National,wholesale,,,,,,10026.0,lb,,2453,National Daily Boxed Beef Cutout & Boxed Beef Cuts - Negotiated Sales - PM (PDF) (LM_XB403),2026-09-26T13:48:36+00:00
7b9e30621bfc4df9,2021-06-02,Beef,"Chuck, shoulder clod, trmd (114A  3)",Choice Cuts,,,,Choice,,,,,319.22,335.86,,,328.07,$/cwt,3.2807,per lb,National,wholesale,,,,,,209413.0,lb,,2453,National Daily Boxed Beef Cutout & Boxed Beef Cuts - Negotiated Sales - PM (PDF) (LM_XB403),2026-09-26T13:48:36+00:00
89335bfcffe8a7ac,2021-06-02,Beef,"Chuck, shoulder clod, trmd (114A  3)",Select Cuts,,,,Select,,,,,300.5,325.0,,,317.24,$/cwt,3.1724,per lb,National,wholesale,,,,,,28791.0,lb,,2453,National Daily Boxed Beef Cutout & Boxed Beef Cuts - Negotiated Sales - PM (PDF) (LM_XB403),2026-09-26T13:48:36+00:00
c9f71106da140209,2021-06-02,Beef,Cutout 600-900 lb,,,,,Select,,,,,,,,,311.88,$/cwt,3.1188,per lb,National,wholesale,,,,,,,,,2453,National Daily Boxed Beef Cutout & Boxed Beef Cuts - Negotiated Sales - PM (PDF) (LM_XB403),2026-09-26T13:48:36+00:00
d4ea3572aaa58f72,2021-06-02,Beef,Cutout 600-900 lb,,,,,Choice,,,,,,,,,340.16,$/cwt,3.4016,per lb,National,wholesale,,,,,,,,,2453,National Daily Boxed Beef Cutout & Boxed Beef Cuts - Negotiated Sales - PM (PDF) (LM_XB403),2026-09-26T13:48:36+00:00
c1ff72840ce6785c,2021-06-02,Beef,"Flank, flank steak (193  4)",Choice Cuts,,,,Choice,,,,,800.0,830.86,,,817.36,$/cwt,8.1736,per lb,National,wholesale,,,,,,17873.0,lb,,2453,National Daily Boxed Beef Cutout & Boxed Beef Cuts - Negotiated Sales - PM (PDF) (LM_XB403),2026-09-26T13:48:36+00:00
e633cd31c404c21c,2021-06-02,Beef,"Flank, flank steak (193  4)",Select Cuts,,,,Select,,,,,762.0,807.5,,,784.33,$/cwt,7.8433,per lb,National,wholesale,,,,,,1246.0,lb,,2453,National Daily Boxed Beef Cutout & Boxed Beef Cuts - Negotiated Sales - PM (PDF) (LM_XB403),2026-09-26T13:48:36+00:00
4847436035fd9732,2021-06-02,Beef,Ground Beef 73%,Ground Beef,,,,,,,,,223.0,265.0,,,262.79,$/cwt,2.6279,per lb,National,wholesale,,,,,,266021.0,lb,,2453,National Daily Boxed Beef Cutout & Boxed Beef Cuts - Negotiated Sales - PM (PDF) (LM_XB403),2026-09-26T13:48:36+00:00
dc77f4b461843183,2021-06-02,Beef,Ground Beef 81%,Ground Beef,,,,,,,,,270.0,338.0,,,322.32,$/cwt,3.2232,per lb,National,wholesale,,,,,,214586.0,lb,,2453,National Daily Boxed Beef Cutout & Boxed Beef Cuts - Negotiated Sales - PM (PDF) (LM_XB403),2026-09-26T13:48:36+00:00
2d6ce931ef81d3d6,2021-06-02,Beef,Ground Beef 93%,Ground Beef,,,,,,,,,324.0,380.82,,,368.04,$/cwt,3.6804,per lb,National,wholesale,,,,,,13327.0,lb,,2453,National Daily Boxed Beef Cutout & Boxed Beef Cuts - Negotiated Sales - PM (PDF) (LM_XB403),2026-09-26T13:48:36+00:00
f03bd5dc821eca0b,2021-06-02,Beef,Ground Beef Chuck,Ground Beef,,,,,,,,,301.0,351.0,,,349.2,$/cwt,3.492,per lb,National,wholesale,,,,,,48439.0,lb,,2453,National Daily Boxed Beef Cutout & Boxed Beef Cuts - Negotiated Sales - PM (PDF) (LM_XB403),2026-09-26T13:48:36+00:00
90a9caa717440f35,2021-06-02,Beef,Ground Beef Round,Ground Beef,,,,,,,,,322.3,395.48,,,351.92,$/cwt,3.5192,per lb,National,wholesale,,,,,,51145.0,lb,,2453,National Daily Boxed Beef Cutout & Boxed Beef Cuts - Negotiated Sales - PM (PDF) (LM_XB403),2026-09-26T13:48:36+00:00
7d0d97dbf2b3a187,2021-06-02,Beef,"Loin, ball-tip, bnls, heavy (185B  1)",Choice Cuts,,,,Choice,,,,,470.0,575.0,,,481.46,$/cwt,4.8146,per lb,National,wholesale,,,,,,94506.0,lb,,2453,National Daily Boxed Beef Cutout & Boxed Beef Cuts - Negotiated Sales - PM (PDF) (LM_XB403),2026-09-26T13:48:36+00:00
5532addc6ef5ab7c,2021-06-02,Beef,"Loin, bottom sirloin, flap (185A  4)",Choice Cuts,,,,Choice,,,,,1059.46,1147.25,,,1099.77,$/cwt,10.9977,per lb,National,wholesale,,,,,,99236.0,lb,,2453,National Daily Boxed Beef Cutout & Boxed Beef Cuts - Negotiated Sales - PM (PDF) (LM_XB403),2026-09-26T13:48:36+00:00
a647a222f0af9a00,2021-06-02,Beef,"Loin, bottom sirloin, flap (185A  4)",Select Cuts,,,,Select,,,,,1086.52,1135.0,,,1105.13,$/cwt,11.0513,per lb,National,wholesale,,,,,,2108.0,lb,,2453,National Daily Boxed Beef Cutout & Boxed Beef Cuts - Negotiated Sales - PM (PDF) (LM_XB403),2026-09-26T13:48:36+00:00
107eb050a0e58391,2021-06-02,Beef,"Loin, butt tender, trimmed (191A  4)",Choice Cuts,,,,Choice,,,,,1725.0,1742.0,,,1728.96,$/cwt,17.2896,per lb,National,wholesale,,,,,,1739.0,lb,,2453,National Daily Boxed Beef Cutout & Boxed Beef Cuts - Negotiated Sales - PM (PDF) (LM_XB403),2026-09-26T13:48:36+00:00
f6fec19b2680be22,2021-06-02,Beef,"Loin, butt tender, trimmed (191A  4)",Select Cuts,,,,Select,,,,,1552.0,1624.15,,,1559.41,$/cwt,15.5941,per lb,National,wholesale,,,,,,3394.0,lb,,2453,National Daily Boxed Beef Cutout & Boxed Beef Cuts - Negotiated Sales - PM (PDF) (LM_XB403),2026-09-26T13:48:36+00:00
bed551a5af722571,2021-06-02,Beef,"Loin, short loin, 0x1 (174  3)",Choice Cuts,,,,Choice,,,,,975.0,1004.5,,,995.57,$/cwt,9.9557,per lb,National,wholesale,,,,,,76456.0,lb,,2453,National Daily Boxed Beef Cutout & Boxed Beef Cuts - Negotiated Sales - PM (PDF) (LM_XB403),2026-09-26T13:48:36+00:00
8d6b2213175fac35,2021-06-02,Beef,"Loin, short loin, 0x1 (174  3)",Select Cuts,,,,Select,,,,,749.59,824.8,,,786.49,$/cwt,7.8649,per lb,National,wholesale,,,,,,13283.0,lb,,2453,National Daily Boxed Beef Cutout & Boxed Beef Cuts - Negotiated Sales - PM (PDF) (LM_XB403),2026-09-26T13:48:36+00:00
8f043593124d1c83,2021-06-02,Beef,"Loin, sirloin, tri-tip (185C  1)",Choice Cuts,,,,Choice,,,,,590.0,627.69,,,600.95,$/cwt,6.0095,per lb,National,wholesale,,,,,,11829.0,lb,,2453,National Daily Boxed Beef Cutout & Boxed Beef Cuts - Negotiated Sales - PM (PDF) (LM_XB403),2026-09-26T13:48:36+00:00
fc09f8dd87b3232d,2021-06-02,Beef,"Loin, sirloin, tri-tip (185C  1)",Select Cuts,,,,Select,,,,,392.0,538.09,,,402.44,$/cwt,4.0244,per lb,National,wholesale,,,,,,37520.0,lb,,2453,National Daily Boxed Beef Cutout & Boxed Beef Cuts - Negotiated Sales - PM (PDF) (LM_XB403),2026-09-26T13:48:36+00:00
c57b0e43faa5c543,2021-06-02,Beef,"Loin, sirloin, tri-tip, pld (185D  4)",Choice Cuts,,,,Choice,,,,,845.0,935.0,,,871.62,$/cwt,8.7162,per lb,National,wholesale,,,,,,17900.0,lb,,2453,National Daily Boxed Beef Cutout & Boxed Beef Cuts - Negotiated Sales - PM (PDF) (LM_XB403),2026-09-26T13:48:36+00:00
fcaad7dc270959d3,2021-06-02,Beef,"Loin, strip loin bnls. 1x1 (  1)",Choice Cuts,,,,Choice,,,,,924.0,934.0,,,930.95,$/cwt,9.3095,per lb,National,wholesale,,,,,,3485.0,lb,,2453,National Daily Boxed Beef Cutout & Boxed Beef Cuts - Negotiated Sales - PM (PDF) (LM_XB403),2026-09-26T13:48:36+00:00
c279b674bd999445,2021-06-02,Beef,"Loin, strip, bnls, 0x1 (180  3)",Choice Cuts,,,,Choice,,,,,1002.5,1046.0,,,1020.46,$/cwt,10.2046,per lb,National,wholesale,,,,,,110524.0,lb,,2453,National Daily Boxed Beef Cutout & Boxed Beef Cuts - Negotiated Sales - PM (PDF) (LM_XB403),2026-09-26T13:48:36+00:00
0ec12926eeae2901,2021-06-02,Beef,"Loin, strip, bnls, 0x1 (180  3)",Select Cuts,,,,Select,,,,,745.83,804.78,,,771.59,$/cwt,7.7159,per lb,National,wholesale,,,,,,104442.0,lb,,2453,National Daily Boxed Beef Cutout & Boxed Beef Cuts - Negotiated Sales - PM (PDF) (LM_XB403),2026-09-26T13:48:36+00:00
49b0ca4816096d22,2021-06-02,Beef,"Loin, tndrloin, trmd, heavy (189A  4)",Choice Cuts,,,,Choice,,,,,1725.0,1902.25,,,1820.5,$/cwt,18.205,per lb,National,wholesale,,,,,,77821.0,lb,,2453,National Daily Boxed Beef Cutout & Boxed Beef Cuts - Negotiated Sales - PM (PDF) (LM_XB403),2026-09-26T13:48:36+00:00
64af3000800e3678,2021-06-02,Beef,"Loin, tndrloin, trmd, heavy (189A  4)",Select Cuts,,,,Select,,,,,1520.0,1824.0,,,1633.39,$/cwt,16.3339,per lb,National,wholesale,,,,,,176252.0,lb,,2453,National Daily Boxed Beef Cutout & Boxed Beef Cuts - Negotiated Sales - PM (PDF) (LM_XB403),2026-09-26T13:48:36+00:00
141d17a955b7dd06,2021-06-02,Beef,"Loin, top butt, CC (184B  3)",Choice Cuts,,,,Choice,,,,,695.41,766.33,,,712.57,$/cwt,7.1257,per lb,National,wholesale,,,,,,28594.0,lb,,2453,National Daily Boxed Beef Cutout & Boxed Beef Cuts - Negotiated Sales - PM (PDF) (LM_XB403),2026-09-26T13:48:36+00:00
4f3cc7c7c492e4fd,2021-06-02,Beef,"Loin, top butt, bnls, heavy (184  1)",Choice Cuts,,,,Choice,,,,,484.46,515.0,,,500.79,$/cwt,5.0079,per lb,National,wholesale,,,,,,8940.0,lb,,2453,National Daily Boxed Beef Cutout & Boxed Beef Cuts - Negotiated Sales - PM (PDF) (LM_XB403),2026-09-26T13:48:36+00:00
6a3b8186f504f138,2021-06-02,Beef,"Loin, top butt, bnls, heavy (184  1)",Select Cuts,,,,Select,,,,,450.3,455.41,,,450.93,$/cwt,4.5093,per lb,National,wholesale,,,,,,6368.0,lb,,2453,National Daily Boxed Beef Cutout & Boxed Beef Cuts - Negotiated Sales - PM (PDF) (LM_XB403),2026-09-26T13:48:36+00:00
a1f64d6691c494b1,2021-06-02,Beef,"Loin, top butt, boneless (184  3)",Choice Cuts,,,,Choice,,,,,499.0,549.89,,,506.67,$/cwt,5.0667,per lb,National,wholesale,,,,,,146962.0,lb,,2453,National Daily Boxed Beef Cutout & Boxed Beef Cuts - Negotiated Sales - PM (PDF) (LM_XB403),2026-09-26T13:48:36+00:00
e763ca3441aa2790,2021-06-02,Beef,"Loin, top butt, boneless (184  3)",Select Cuts,,,,Select,,,,,434.67,500.0,,,453.75,$/cwt,4.5375,per lb,National,wholesale,,,,,,37314.0,lb,,2453,National Daily Boxed Beef Cutout & Boxed Beef Cuts - Negotiated Sales - PM (PDF) (LM_XB403),2026-09-26T13:48:36+00:00
aae94399589c5dbd,2021-06-02,Beef,"Rib, ribeye, bnls, heavy (112A  3)",Choice Cuts,,,,Choice,,,,,1294.0,1349.77,,,1319.84,$/cwt,13.1984,per lb,National,wholesale,,,,,,70857.0,lb,,2453,National Daily Boxed Beef Cutout & Boxed Beef Cuts - Negotiated Sales - PM (PDF) (LM_XB403),2026-09-26T13:48:36+00:00
7b20a842603fbbb1,2021-06-02,Beef,"Rib, ribeye, bnls, heavy (112A  3)",Select Cuts,,,,Select,,,,,1013.0,1059.55,,,1031.02,$/cwt,10.3102,per lb,National,wholesale,,,,,,20275.0,lb,,2453,National Daily Boxed Beef Cutout & Boxed Beef Cuts - Negotiated Sales - PM (PDF) (LM_XB403),2026-09-26T13:48:36+00:00
2f11be7492875fd1,2021-06-02,Beef,"Rib, ribeye, bnls, light (112A  3)",Choice Cuts,,,,Choice,,,,,1282.42,1344.0,,,1324.07,$/cwt,13.2407,per lb,National,wholesale,,,,,,35426.0,lb,,2453,National Daily Boxed Beef Cutout & Boxed Beef Cuts - Negotiated Sales - PM (PDF) (LM_XB403),2026-09-26T13:48:36+00:00
6bfcb33f86c74c40,2021-06-02,Beef,"Rib, ribeye, bnls, light (112A  3)",Select Cuts,,,,Select,,,,,1002.09,1075.0,,,1025.21,$/cwt,10.2521,per lb,National,wholesale,,,,,,9384.0,lb,,2453,National Daily Boxed Beef Cutout & Boxed Beef Cuts - Negotiated Sales - PM (PDF) (LM_XB403),2026-09-26T13:48:36+00:00
eae45523517ab367,2021-06-02,Beef,"Rib, ribeye, lip-on, bn-in (109E  1)",Choice Cuts,,,,Choice,,,,,1082.42,1205.72,,,1127.4,$/cwt,11.274,per lb,National,wholesale,,,,,,91947.0,lb,,2453,National Daily Boxed Beef Cutout & Boxed Beef Cuts - Negotiated Sales - PM (PDF) (LM_XB403),2026-09-26T13:48:36+00:00
56e6b16b96dcb37c,2021-06-02,Beef,"Rib, ribeye, lip-on, bn-in (109E  1)",Select Cuts,,,,Select,,,,,927.0,954.78,,,930.87,$/cwt,9.3087,per lb,National,wholesale,,,,,,23554.0,lb,,2453,National Daily Boxed Beef Cutout & Boxed Beef Cuts - Negotiated Sales - PM (PDF) (LM_XB403),2026-09-26T13:48:36+00:00
3c9b20cd3702e0ad,2021-06-02,Beef,"Round, bottom gooseneck (170  1)",Choice Cuts,,,,Choice,,,,,301.0,311.25,,,307.6,$/cwt,3.076,per lb,National,wholesale,,,,,,7342.0,lb,,2453,National Daily Boxed Beef Cutout & Boxed Beef Cuts - Negotiated Sales - PM (PDF) (LM_XB403),2026-09-26T13:48:36+00:00
528782d9124ba22b,2021-06-02,Beef,"Round, eye of round (171C  3)",Choice Cuts,,,,Choice,,,,,319.22,354.0,,,327.3,$/cwt,3.273,per lb,National,wholesale,,,,,,83443.0,lb,,2453,National Daily Boxed Beef Cutout & Boxed Beef Cuts - Negotiated Sales - PM (PDF) (LM_XB403),2026-09-26T13:48:36+00:00
106734c3523cd6b6,2021-06-02,Beef,"Round, eye of round (171C  3)",Select Cuts,,,,Select,,,,,313.0,337.0,,,323.25,$/cwt,3.2325,per lb,National,wholesale,,,,,,37434.0,lb,,2453,National Daily Boxed Beef Cutout & Boxed Beef Cuts - Negotiated Sales - PM (PDF) (LM_XB403),2026-09-26T13:48:36+00:00
3e223ab3e291176f,2021-06-02,Beef,"Round, knuckle, peeled (167A  4)",Choice Cuts,,,,Choice,,,,,354.0,390.0,,,372.15,$/cwt,3.7215,per lb,National,wholesale,,,,,,59023.0,lb,,2453,National Daily Boxed Beef Cutout & Boxed Beef Cuts - Negotiated Sales - PM (PDF) (LM_XB403),2026-09-26T13:48:36+00:00
e83ca43e31561bbf,2021-06-02,Beef,"Round, knuckle, peeled (167A  4)",Select Cuts,,,,Select,,,,,364.78,384.0,,,368.33,$/cwt,3.6833,per lb,National,wholesale,,,,,,15822.0,lb,,2453,National Daily Boxed Beef Cutout & Boxed Beef Cuts - Negotiated Sales - PM (PDF) (LM_XB403),2026-09-26T13:48:36+00:00
c1d5a9d1953fee54,2021-06-02,Beef,"Round, outside round (171B  3)",Choice Cuts,,,,Choice,,,,,311.0,349.0,,,328.69,$/cwt,3.2869,per lb,National,wholesale,,,,,,189874.0,lb,,2453,National Daily Boxed Beef Cutout & Boxed Beef Cuts - Negotiated Sales - PM (PDF) (LM_XB403),2026-09-26T13:48:36+00:00
788c3447da2c7018,2021-06-02,Beef,"Round, outside round (171B  3)",Select Cuts,,,,Select,,,,,319.33,343.07,,,330.47,$/cwt,3.3047,per lb,National,wholesale,,,,,,61223.0,lb,,2453,National Daily Boxed Beef Cutout & Boxed Beef Cuts - Negotiated Sales - PM (PDF) (LM_XB403),2026-09-26T13:48:36+00:00
5cca7083f38029a9,2021-06-02,Beef,"Round, top inside round (168  1)",Choice Cuts,,,,Choice,,,,,339.87,372.5,,,351.31,$/cwt,3.5131,per lb,National,wholesale,,,,,,51963.0,lb,,2453,National Daily Boxed Beef Cutout & Boxed Beef Cuts - Negotiated Sales - PM (PDF) (LM_XB403),2026-09-26T13:48:36+00:00
4fbb0b2bc4072b59,2021-06-02,Beef,"Round, top inside round (168  3)",Choice Cuts,,,,Choice,,,,,344.0,390.0,,,348.97,$/cwt,3.4897,per lb,National,wholesale,,,,,,201853.0,lb,,2453,National Daily Boxed Beef Cutout & Boxed Beef Cuts - Negotiated Sales - PM (PDF) (LM_XB403),2026-09-26T13:48:36+00:00
814f123e4ac1cc8c,2021-06-02,Beef,"Round, top inside round (168  3)",Select Cuts,,,,Select,,,,,332.25,365.0,,,341.03,$/cwt,3.4103,per lb,National,wholesale,,,,,,107555.0,lb,,2453,National Daily Boxed Beef Cutout & Boxed Beef Cuts - Negotiated Sales - PM (PDF) (LM_XB403),2026-09-26T13:48:36+00:00
9ae28a21b8f3a9ba,2021-06-02,Beef,"Round, top inside, cap off (169A  5)",Choice Cuts,,,,Choice,,,,,476.42,539.5,,,511.64,$/cwt,5.1164,per lb,National,wholesale,,,,,,53072.0,lb,,2453,National Daily Boxed Beef Cutout & Boxed Beef Cuts - Negotiated Sales - PM (PDF) (LM_XB403),2026-09-26T13:48:36+00:00
24b08acba9972ddd,2021-06-02,Beef,"Round, top inside, denuded (169  5)",Choice Cuts,,,,Choice,,,,,422.0,450.0,,,448.66,$/cwt,4.4866,per lb,National,wholesale,,,,,,6607.0,lb,,2453,National Daily Boxed Beef Cutout & Boxed Beef Cuts - Negotiated Sales - PM (PDF) (LM_XB403),2026-09-26T13:48:36+00:00
0fe742a3cbcac3ea,2021-06-02,Beef,"Round, top inside, denuded (169  5)",Select Cuts,,,,Select,,,,,448.0,450.0,,,449.38,$/cwt,4.4938,per lb,National,wholesale,,,,,,4870.0,lb,,2453,National Daily Boxed Beef Cutout & Boxed Beef Cuts - Negotiated Sales - PM (PDF) (LM_XB403),2026-09-26T13:48:36+00:00
ec4d57bb85e65b4f,2021-06-02,Beef,"Short Plate, short rib (123A  3)",Choice Cuts,,,,Choice,,,,,524.8,605.0,,,570.01,$/cwt,5.7001,per lb,National,wholesale,,,,,,83261.0,lb,,2453,National Daily Boxed Beef Cutout & Boxed Beef Cuts - Negotiated Sales - PM (PDF) (LM_XB403),2026-09-26T13:48:36+00:00
dc01bb10a487d9cb,2021-06-02,Beef,"Short Plate, short rib (123A  3)",Select Cuts,,,,Select,,,,,498.4,600.25,,,542.99,$/cwt,5.4299,per lb,National,wholesale,,,,,,11852.0,lb,,2453,National Daily Boxed Beef Cutout & Boxed Beef Cuts - Negotiated Sales - PM (PDF) (LM_XB403),2026-09-26T13:48:36+00:00
cace3bb90675c4cc,2021-06-03,Beef,"Brisket, deckle-off, bnls (120  1)",Choice Cuts,,,,Choice,,,,,430.0,464.79,,,442.72,$/cwt,4.4272,per lb,National,wholesale,,,,,,72570.0,lb,,2453,National Daily Boxed Beef Cutout & Boxed Beef Cuts - Negotiated Sales - PM (PDF) (LM_XB403),2026-09-26T13:48:36+00:00
67298f81428285fd,2021-06-03,Beef,"Brisket, deckle-off, bnls (120  1)",Select Cuts,,,,Select,,,,,425.0,450.0,,,429.51,$/cwt,4.2951,per lb,National,wholesale,,,,,,24783.0,lb,,2453,National Daily Boxed Beef Cutout & Boxed Beef Cuts - Negotiated Sales - PM (PDF) (LM_XB403),2026-09-26T13:48:36+00:00
264386d2a69d1423,2021-06-03,Beef,"Brisket, point/off, bnls (120A  3)",Choice Cuts,,,,Choice,,,,,704.0,775.0,,,750.32,$/cwt,7.5032,per lb,National,wholesale,,,,,,6816.0,lb,,2453,National Daily Boxed Beef Cutout & Boxed Beef Cuts - Negotiated Sales - PM (PDF) (LM_XB403),2026-09-26T13:48:36+00:00
10a037d95652f2b3,2021-06-03,Beef,"Chuck, chuck tender (116B  1)",Choice Cuts,,,,Choice,,,,,315.0,359.1,,,329.41,$/cwt,3.2941,per lb,National,wholesale,,,,,,133228.0,lb,,2453,National Daily Boxed Beef Cutout & Boxed Beef Cuts - Negotiated Sales - PM (PDF) (LM_XB403),2026-09-26T13:48:36+00:00
2c541b4f6e2d274c,2021-06-03,Beef,"Chuck, chuck tender (116B  1)",Select Cuts,,,,Select,,,,,325.62,327.5,,,326.57,$/cwt,3.2657,per lb,National,wholesale,,,,,,17984.0,lb,,2453,National Daily Boxed Beef Cutout & Boxed Beef Cuts - Negotiated Sales - PM (PDF) (LM_XB403),2026-09-26T13:48:36+00:00
fd3c5bdd6044fb89,2021-06-03,Beef,"Chuck, clod tender (114F  5)",Choice Cuts,,,,Choice,,,,,741.0,803.06,,,767.84,$/cwt,7.6784,per lb,National,wholesale,,,,,,13911.0,lb,,2453,National Daily Boxed Beef Cutout & Boxed Beef Cuts - Negotiated Sales - PM (PDF) (LM_XB403),2026-09-26T13:48:36+00:00
cb17c7f69956c552,2021-06-03,Beef,"Chuck, clod tender (114F  5)",Select Cuts,,,,Select,,,,,750.0,759.0,,,755.24,$/cwt,7.5524,per lb,National,wholesale,,,,,,1008.0,lb,,2453,National Daily Boxed Beef Cutout & Boxed Beef Cuts - Negotiated Sales - PM (PDF) (LM_XB403),2026-09-26T13:48:36+00:00
362ed5aef2b7c3be,2021-06-03,Beef,"Chuck, clod, arm roast (114E  3)",Choice Cuts,,,,Choice,,,,,429.0,432.0,,,430.73,$/cwt,4.3073,per lb,National,wholesale,,,,,,22634.0,lb,,2453,National Daily Boxed Beef Cutout & Boxed Beef Cuts - Negotiated Sales - PM (PDF) (LM_XB403),2026-09-26T13:48:36+00:00
1e7f9c31c20d2976,2021-06-03,Beef,"Chuck, clod, top blade (114D  3)",Choice Cuts,,,,Choice,,,,,560.0,600.0,,,570.62,$/cwt,5.7062,per lb,National,wholesale,,,,,,22279.0,lb,,2453,National Daily Boxed Beef Cutout & Boxed Beef Cuts - Negotiated Sales - PM (PDF) (LM_XB403),2026-09-26T13:48:36+00:00
88bb2d80f55b63a0,2021-06-03,Beef,"Chuck, flap (116G  4)",Choice Cuts,,,,Choice,,,,,763.0,792.95,,,782.24,$/cwt,7.8224,per lb,National,wholesale,,,,,,3392.0,lb,,2453,National Daily Boxed Beef Cutout & Boxed Beef Cuts - Negotiated Sales - PM (PDF) (LM_XB403),2026-09-26T13:48:36+00:00
de3051ad143cb95a,2021-06-03,Beef,"Chuck, flap (116G  4)",Select Cuts,,,,Select,,,,,655.0,803.23,,,758.05,$/cwt,7.5805,per lb,National,wholesale,,,,,,17842.0,lb,,2453,National Daily Boxed Beef Cutout & Boxed Beef Cuts - Negotiated Sales - PM (PDF) (LM_XB403),2026-09-26T13:48:36+00:00
799c24b2dedab7a2,2021-06-03,Beef,"Chuck, roll, lxl, neck/off (116A  3)",Choice Cuts,,,,Choice,,,,,365.38,394.1,,,377.52,$/cwt,3.7752,per lb,National,wholesale,,,,,,52644.0,lb,,2453,National Daily Boxed Beef Cutout & Boxed Beef Cuts - Negotiated Sales - PM (PDF) (LM_XB403),2026-09-26T13:48:36+00:00
3ecc4dd984c73d05,2021-06-03,Beef,"Chuck, roll, lxl, neck/off (116A  3)",Select Cuts,,,,Select,,,,,361.14,374.0,,,363.89,$/cwt,3.6389,per lb,National,wholesale,,,,,,38182.0,lb,,2453,National Daily Boxed Beef Cutout & Boxed Beef Cuts - Negotiated Sales - PM (PDF) (LM_XB403),2026-09-26T13:48:36+00:00
47a261ceaa289530,2021-06-03,Beef,"Chuck, roll, retail ready (916A  3)",Choice Cuts,,,,Choice,,,,,404.0,407.0,,,405.92,$/cwt,4.0592,per lb,National,wholesale,,,,,,44176.0,lb,,2453,National Daily Boxed Beef Cutout & Boxed Beef Cuts - Negotiated Sales - PM (PDF) (LM_XB403),2026-09-26T13:48:36+00:00
0dead063b11d05ff,2021-06-03,Beef,"Chuck, short rib (130  4)",Choice Cuts,,,,Choice,,,,,485.0,506.0,,,499.0,$/cwt,4.99,per lb,National,wholesale,,,,,,23052.0,lb,,2453,National Daily Boxed Beef Cutout & Boxed Beef Cuts - Negotiated Sales - PM (PDF) (LM_XB403),2026-09-26T13:48:36+00:00
3fd056e54948da3c,2021-06-03,Beef,"Chuck, short rib (130  4)",Select Cuts,,,,Select,,,,,443.0,497.5,,,450.74,$/cwt,4.5074,per lb,National,wholesale,,,,,,101330.0,lb,,2453,National Daily Boxed Beef Cutout & Boxed Beef Cuts - Negotiated Sales - PM (PDF) (LM_XB403),2026-09-26T13:48:36+00:00
85b2db5f417d1a7f,2021-06-03,Beef,"Chuck, shoulder clod (114  1)",Choice Cuts,,,,Choice,,,,,307.0,318.0,,,309.46,$/cwt,3.0946,per lb,National,wholesale,,,,,,7126.0,lb,,2453,National Daily Boxed Beef Cutout & Boxed Beef Cuts - Negotiated Sales - PM (PDF) (LM_XB403),2026-09-26T13:48:36+00:00
2426fd533bf866b8,2021-06-03,Beef,"Chuck, shoulder clod, trmd (114A  3)",Choice Cuts,,,,Choice,,,,,320.38,340.0,,,328.99,$/cwt,3.2899,per lb,National,wholesale,,,,,,44121.0,lb,,2453,National Daily Boxed Beef Cutout & Boxed Beef Cuts - Negotiated Sales - PM (PDF) (LM_XB403),2026-09-26T13:48:36+00:00
d782b907d4a70d43,2021-06-03,Beef,"Chuck, shoulder clod, trmd (114A  3)",Select Cuts,,,,Select,,,,,315.0,330.0,,,323.89,$/cwt,3.2389,per lb,National,wholesale,,,,,,26819.0,lb,,2453,National Daily Boxed Beef Cutout & Boxed Beef Cuts - Negotiated Sales - PM (PDF) (LM_XB403),2026-09-26T13:48:36+00:00
050cd9bf0ee2e848,2021-06-03,Beef,Cutout 600-900 lb,,,,,Select,,,,,,,,,313.16,$/cwt,3.1316,per lb,National,wholesale,,,,,,,,,2453,National Daily Boxed Beef Cutout & Boxed Beef Cuts - Negotiated Sales - PM (PDF) (LM_XB403),2026-09-26T13:48:36+00:00
6b7d0078be54caf4,2021-06-03,Beef,Cutout 600-900 lb,,,,,Choice,,,,,,,,,340.55,$/cwt,3.4055,per lb,National,wholesale,,,,,,,,,2453,National Daily Boxed Beef Cutout & Boxed Beef Cuts - Negotiated Sales - PM (PDF) (LM_XB403),2026-09-26T13:48:36+00:00
6991a4f8c8bef86c,2021-06-03,Beef,"Flank, flank steak (193  4)",Choice Cuts,,,,Choice,,,,,806.0,833.5,,,818.87,$/cwt,8.1887,per lb,National,wholesale,,,,,,11055.0,lb,,2453,National Daily Boxed Beef Cutout & Boxed Beef Cuts - Negotiated Sales - PM (PDF) (LM_XB403),2026-09-26T13:48:36+00:00
224a13ed61c4ef9a,2021-06-03,Beef,Ground Beef 73%,Ground Beef,,,,,,,,,235.0,307.0,,,257.45,$/cwt,2.5745,per lb,National,wholesale,,,,,,32274.0,lb,,2453,National Daily Boxed Beef Cutout & Boxed Beef Cuts - Negotiated Sales - PM (PDF) (LM_XB403),2026-09-26T13:48:36+00:00
7de6048e03cdf99d,2021-06-03,Beef,Ground Beef 81%,Ground Beef,,,,,,,,,289.0,366.24,,,303.15,$/cwt,3.0315,per lb,National,wholesale,,,,,,77028.0,lb,,2453,National Daily Boxed Beef Cutout & Boxed Beef Cuts - Negotiated Sales - PM (PDF) (LM_XB403),2026-09-26T13:48:36+00:00
f682aa3a1f800288,2021-06-03,Beef,Ground Beef 90%,Ground Beef,,,,,,,,,361.75,385.0,,,376.38,$/cwt,3.7638,per lb,National,wholesale,,,,,,38136.0,lb,,2453,National Daily Boxed Beef Cutout & Boxed Beef Cuts - Negotiated Sales - PM (PDF) (LM_XB403),2026-09-26T13:48:36+00:00
83081aaa8ba92e95,2021-06-03,Beef,Ground Beef 93%,Ground Beef,,,,,,,,,371.0,387.0,,,380.1,$/cwt,3.801,per lb,National,wholesale,,,,,,24956.0,lb,,2453,National Daily Boxed Beef Cutout & Boxed Beef Cuts - Negotiated Sales - PM (PDF) (LM_XB403),2026-09-26T13:48:36+00:00
766c3da1181cd0ef,2021-06-03,Beef,Ground Beef Chuck,Ground Beef,,,,,,,,,312.0,338.9,,,328.45,$/cwt,3.2845,per lb,National,wholesale,,,,,,43831.0,lb,,2453,National Daily Boxed Beef Cutout & Boxed Beef Cuts - Negotiated Sales - PM (PDF) (LM_XB403),2026-09-26T13:48:36+00:00
593b404d878a4c69,2021-06-03,Beef,Ground Beef Round,Ground Beef,,,,,,,,,320.0,352.9,,,328.41,$/cwt,3.2841,per lb,National,wholesale,,,,,,30192.0,lb,,2453,National Daily Boxed Beef Cutout & Boxed Beef Cuts - Negotiated Sales - PM (PDF) (LM_XB403),2026-09-26T13:48:36+00:00
2d8f68f0e6ce0a5a,2021-06-03,Beef,"Loin, ball-tip, bnls, heavy (185B  1)",Choice Cuts,,,,Choice,,,,,485.0,575.0,,,524.74,$/cwt,5.2474,per lb,National,wholesale,,,,,,33141.0,lb,,2453,National Daily Boxed Beef Cutout & Boxed Beef Cuts - Negotiated Sales - PM (PDF) (LM_XB403),2026-09-26T13:48:36+00:00
8b7a60ba88b15885,2021-06-03,Beef,"Loin, bottom sirloin, flap (185A  4)",Choice Cuts,,,,Choice,,,,,1019.75,1141.0,,,1054.53,$/cwt,10.5453,per lb,National,wholesale,,,,,,56317.0,lb,,2453,National Daily Boxed Beef Cutout & Boxed Beef Cuts - Negotiated Sales - PM (PDF) (LM_XB403),2026-09-26T13:48:36+00:00
ae9a2adaec14d58f,2021-06-03,Beef,"Loin, bottom sirloin, flap (185A  4)",Select Cuts,,,,Select,,,,,970.57,1124.7,,,1010.85,$/cwt,10.1085,per lb,National,wholesale,,,,,,37803.0,lb,,2453,National Daily Boxed Beef Cutout & Boxed Beef Cuts - Negotiated Sales - PM (PDF) (LM_XB403),2026-09-26T13:48:36+00:00
7e98fe62fe0e77ec,2021-06-03,Beef,"Loin, butt tender, trimmed (191A  4)",Choice Cuts,,,,Choice,,,,,1708.0,1742.0,,,1718.42,$/cwt,17.1842,per lb,National,wholesale,,,,,,32280.0,lb,,2453,National Daily Boxed Beef Cutout & Boxed Beef Cuts - Negotiated Sales - PM (PDF) (LM_XB403),2026-09-26T13:48:36+00:00
3c12e887e198cf9e,2021-06-03,Beef,"Loin, short loin, 0x1 (174  3)",Choice Cuts,,,,Choice,,,,,986.0,1025.4,,,991.67,$/cwt,9.9167,per lb,National,wholesale,,,,,,221660.0,lb,,2453,National Daily Boxed Beef Cutout & Boxed Beef Cuts - Negotiated Sales - PM (PDF) (LM_XB403),2026-09-26T13:48:36+00:00
d3b54209366b1bbc,2021-06-03,Beef,"Loin, short loin, 0x1 (174  3)",Select Cuts,,,,Select,,,,,765.24,825.56,,,775.3,$/cwt,7.753,per lb,National,wholesale,,,,,,36070.0,lb,,2453,National Daily Boxed Beef Cutout & Boxed Beef Cuts - Negotiated Sales - PM (PDF) (LM_XB403),2026-09-26T13:48:36+00:00
bb9b6ad3b67c7bae,2021-06-03,Beef,"Loin, sirloin, tri-tip (185C  1)",Choice Cuts,,,,Choice,,,,,584.0,655.42,,,604.55,$/cwt,6.0455,per lb,National,wholesale,,,,,,28767.0,lb,,2453,National Daily Boxed Beef Cutout & Boxed Beef Cuts - Negotiated Sales - PM (PDF) (LM_XB403),2026-09-26T13:48:36+00:00
79f91c77ddf1db79,2021-06-03,Beef,"Loin, sirloin, tri-tip (185C  1)",Select Cuts,,,,Select,,,,,425.0,515.7,,,433.97,$/cwt,4.3397,per lb,National,wholesale,,,,,,8605.0,lb,,2453,National Daily Boxed Beef Cutout & Boxed Beef Cuts - Negotiated Sales - PM (PDF) (LM_XB403),2026-09-26T13:48:36+00:00
c8f453f4ab7b2fd2,2021-06-03,Beef,"Loin, sirloin, tri-tip, pld (185D  4)",Choice Cuts,,,,Choice,,,,,840.38,939.0,,,902.56,$/cwt,9.0256,per lb,National,wholesale,,,,,,4022.0,lb,,2453,National Daily Boxed Beef Cutout & Boxed Beef Cuts - Negotiated Sales - PM (PDF) (LM_XB403),2026-09-26T13:48:36+00:00
4f242dc3d93ac44f,2021-06-03,Beef,"Loin, strip, bnls, 0x1 (180  3)",Choice Cuts,,,,Choice,,,,,1000.0,1055.42,,,1020.17,$/cwt,10.2017,per lb,National,wholesale,,,,,,236589.0,lb,,2453,National Daily Boxed Beef Cutout & Boxed Beef Cuts - Negotiated Sales - PM (PDF) (LM_XB403),2026-09-26T13:48:36+00:00
22d4d53712a43c3c,2021-06-03,Beef,"Loin, strip, bnls, 0x1 (180  3)",Select Cuts,,,,Select,,,,,761.55,800.0,,,772.07,$/cwt,7.7207,per lb,National,wholesale,,,,,,33498.0,lb,,2453,National Daily Boxed Beef Cutout & Boxed Beef Cuts - Negotiated Sales - PM (PDF) (LM_XB403),2026-09-26T13:48:36+00:00
307556610e805374,2021-06-03,Beef,"Loin, tndrloin, trmd, heavy (189A  4)",Choice Cuts,,,,Choice,,,,,1725.0,1895.5,,,1791.9,$/cwt,17.919,per lb,National,wholesale,,,,,,102658.0,lb,,2453,National Daily Boxed Beef Cutout & Boxed Beef Cuts - Negotiated Sales - PM (PDF) (LM_XB403),2026-09-26T13:48:36+00:00
870e156f7f1306b0,2021-06-03,Beef,"Loin, tndrloin, trmd, heavy (189A  4)",Select Cuts,,,,Select,,,,,1701.0,1819.0,,,1718.13,$/cwt,17.1813,per lb,National,wholesale,,,,,,27399.0,lb,,2453,National Daily Boxed Beef Cutout & Boxed Beef Cuts - Negotiated Sales - PM (PDF) (LM_XB403),2026-09-26T13:48:36+00:00
e096f5dcdf2619fe,2021-06-03,Beef,"Loin, top butt, CC (184B  3)",Choice Cuts,,,,Choice,,,,,667.13,720.38,,,681.52,$/cwt,6.8152,per lb,National,wholesale,,,,,,218150.0,lb,,2453,National Daily Boxed Beef Cutout & Boxed Beef Cuts - Negotiated Sales - PM (PDF) (LM_XB403),2026-09-26T13:48:36+00:00
890347480c49e01a,2021-06-03,Beef,"Loin, top butt, boneless (184  3)",Choice Cuts,,,,Choice,,,,,488.0,547.5,,,500.16,$/cwt,5.0016,per lb,National,wholesale,,,,,,620046.0,lb,,2453,National Daily Boxed Beef Cutout & Boxed Beef Cuts - Negotiated Sales - PM (PDF) (LM_XB403),2026-09-26T13:48:36+00:00
3af06b4dfa29de9f,2021-06-03,Beef,"Loin, top butt, boneless (184  3)",Select Cuts,,,,Select,,,,,414.0,493.56,,,468.49,$/cwt,4.6849,per lb,National,wholesale,,,,,,53890.0,lb,,2453,National Daily Boxed Beef Cutout & Boxed Beef Cuts - Negotiated Sales - PM (PDF) (LM_XB403),2026-09-26T13:48:36+00:00
2468c433b670214d,2021-06-03,Beef,"Rib, ribeye, bnls, heavy (112A  3)",Choice Cuts,,,,Choice,,,,,1270.38,1334.0,,,1304.42,$/cwt,13.0442,per lb,National,wholesale,,,,,,42460.0,lb,,2453,National Daily Boxed Beef Cutout & Boxed Beef Cuts - Negotiated Sales - PM (PDF) (LM_XB403),2026-09-26T13:48:36+00:00
0419614ee7678167,2021-06-03,Beef,"Rib, ribeye, bnls, heavy (112A  3)",Select Cuts,,,,Select,,,,,965.0,1059.79,,,1023.72,$/cwt,10.2372,per lb,National,wholesale,,,,,,36262.0,lb,,2453,National Daily Boxed Beef Cutout & Boxed Beef Cuts - Negotiated Sales - PM (PDF) (LM_XB403),2026-09-26T13:48:36+00:00
2442a642342659a0,2021-06-03,Beef,"Rib, ribeye, bnls, light (112A  3)",Choice Cuts,,,,Choice,,,,,1300.76,1330.5,,,1305.25,$/cwt,13.0525,per lb,National,wholesale,,,,,,218429.0,lb,,2453,National Daily Boxed Beef Cutout & Boxed Beef Cuts - Negotiated Sales - PM (PDF) (LM_XB403),2026-09-26T13:48:36+00:00
e4da90402789d4ad,2021-06-03,Beef,"Rib, ribeye, bnls, light (112A  3)",Select Cuts,,,,Select,,,,,950.02,1072.0,,,971.78,$/cwt,9.7178,per lb,National,wholesale,,,,,,158332.0,lb,,2453,National Daily Boxed Beef Cutout & Boxed Beef Cuts - Negotiated Sales - PM (PDF) (LM_XB403),2026-09-26T13:48:36+00:00
5107b6fd9f7def90,2021-06-03,Beef,"Rib, ribeye, lip-on, bn-in (109E  1)",Choice Cuts,,,,Choice,,,,,1100.0,1200.0,,,1118.57,$/cwt,11.1857,per lb,National,wholesale,,,,,,374659.0,lb,,2453,National Daily Boxed Beef Cutout & Boxed Beef Cuts - Negotiated Sales - PM (PDF) (LM_XB403),2026-09-26T13:48:36+00:00
6423dca8e6706459,2021-06-03,Beef,"Rib, ribeye, lip-on, bn-in (109E  1)",Select Cuts,,,,Select,,,,,849.9,954.0,,,896.41,$/cwt,8.9641,per lb,National,wholesale,,,,,,25179.0,lb,,2453,National Daily Boxed Beef Cutout & Boxed Beef Cuts - Negotiated Sales - PM (PDF) (LM_XB403),2026-09-26T13:48:36+00:00
03d4cc79d227143d,2021-06-03,Beef,"Round, bottom gooseneck (170  1)",Choice Cuts,,,,Choice,,,,,310.25,314.5,,,312.39,$/cwt,3.1239,per lb,National,wholesale,,,,,,1437.0,lb,,2453,National Daily Boxed Beef Cutout & Boxed Beef Cuts - Negotiated Sales - PM (PDF) (LM_XB403),2026-09-26T13:48:36+00:00
f1596ba46fda037f,2021-06-03,Beef,"Round, bottom gooseneck (170  1)",Select Cuts,,,,Select,,,,,251.0,290.0,,,271.76,$/cwt,2.7176,per lb,National,wholesale,,,,,,18821.0,lb,,2453,National Daily Boxed Beef Cutout & Boxed Beef Cuts - Negotiated Sales - PM (PDF) (LM_XB403),2026-09-26T13:48:36+00:00
16b41a3ecd8a6009,2021-06-03,Beef,"Round, eye of round (171C  3)",Choice Cuts,,,,Choice,,,,,321.0,349.1,,,327.38,$/cwt,3.2738,per lb,National,wholesale,,,,,,106655.0,lb,,2453,National Daily Boxed Beef Cutout & Boxed Beef Cuts - Negotiated Sales - PM (PDF) (LM_XB403),2026-09-26T13:48:36+00:00
4dd9a85c5de96e2e,2021-06-03,Beef,"Round, eye of round (171C  3)",Select Cuts,,,,Select,,,,,325.0,335.0,,,327.09,$/cwt,3.2709,per lb,National,wholesale,,,,,,28794.0,lb,,2453,National Daily Boxed Beef Cutout & Boxed Beef Cuts - Negotiated Sales - PM (PDF) (LM_XB403),2026-09-26T13:48:36+00:00
91335ca8a616e62d,2021-06-03,Beef,"Round, knuckle, peeled (167A  4)",Choice Cuts,,,,Choice,,,,,364.0,399.1,,,373.34,$/cwt,3.7334,per lb,National,wholesale,,,,,,68553.0,lb,,2453,National Daily Boxed Beef Cutout & Boxed Beef Cuts - Negotiated Sales - PM (PDF) (LM_XB403),2026-09-26T13:48:36+00:00
8c52a273efa60213,2021-06-03,Beef,"Round, knuckle, peeled (167A  4)",Select Cuts,,,,Select,,,,,365.0,395.0,,,377.91,$/cwt,3.7791,per lb,National,wholesale,,,,,,12208.0,lb,,2453,National Daily Boxed Beef Cutout & Boxed Beef Cuts - Negotiated Sales - PM (PDF) (LM_XB403),2026-09-26T13:48:36+00:00
90d55e26b97cfad6,2021-06-03,Beef,"Round, outside round (171B  3)",Choice Cuts,,,,Choice,,,,,319.0,349.1,,,329.52,$/cwt,3.2952,per lb,National,wholesale,,,,,,120173.0,lb,,2453,National Daily Boxed Beef Cutout & Boxed Beef Cuts - Negotiated Sales - PM (PDF) (LM_XB403),2026-09-26T13:48:36+00:00
4b765917b9ac3c3e,2021-06-03,Beef,"Round, outside round (171B  3)",Select Cuts,,,,Select,,,,,314.0,341.8,,,333.55,$/cwt,3.3355,per lb,National,wholesale,,,,,,132430.0,lb,,2453,National Daily Boxed Beef Cutout & Boxed Beef Cuts - Negotiated Sales - PM (PDF) (LM_XB403),2026-09-26T13:48:36+00:00
b83cb612ab06c2e9,2021-06-03,Beef,"Round, top inside round (168  1)",Choice Cuts,,,,Choice,,,,,350.0,361.04,,,358.25,$/cwt,3.5825,per lb,National,wholesale,,,,,,9528.0,lb,,2453,National Daily Boxed Beef Cutout & Boxed Beef Cuts - Negotiated Sales - PM (PDF) (LM_XB403),2026-09-26T13:48:36+00:00
83c2c15622d52922,2021-06-03,Beef,"Round, top inside round (168  3)",Choice Cuts,,,,Choice,,,,,341.45,372.0,,,350.98,$/cwt,3.5098,per lb,National,wholesale,,,,,,536678.0,lb,,2453,National Daily Boxed Beef Cutout & Boxed Beef Cuts - Negotiated Sales - PM (PDF) (LM_XB403),2026-09-26T13:48:36+00:00
1f9165a641d380d5,2021-06-03,Beef,"Round, top inside round (168  3)",Select Cuts,,,,Select,,,,,345.31,362.0,,,359.2,$/cwt,3.592,per lb,National,wholesale,,,,,,18439.0,lb,,2453,National Daily Boxed Beef Cutout & Boxed Beef Cuts - Negotiated Sales - PM (PDF) (LM_XB403),2026-09-26T13:48:36+00:00
7d04820dffcc09db,2021-06-03,Beef,"Round, top inside, denuded (169  5)",Choice Cuts,,,,Choice,,,,,391.0,451.0,,,396.88,$/cwt,3.9688,per lb,National,wholesale,,,,,,126138.0,lb,,2453,National Daily Boxed Beef Cutout & Boxed Beef Cuts - Negotiated Sales - PM (PDF) (LM_XB403),2026-09-26T13:48:36+00:00
7cbfc6037412c8c7,2021-06-03,Beef,"Short Plate, short rib (123A  3)",Choice Cuts,,,,Choice,,,,,572.43,602.0,,,580.31,$/cwt,5.8031,per lb,National,wholesale,,,,,,31569.0,lb,,2453,National Daily Boxed Beef Cutout & Boxed Beef Cuts - Negotiated Sales - PM (PDF) (LM_XB403),2026-09-26T13:48:36+00:00
df459885fb038674,2021-06-03,Beef,"Short Plate, short rib (123A  3)",Select Cuts,,,,Select,,,,,523.0,597.5,,,545.03,$/cwt,5.4503,per lb,National,wholesale,,,,,,4493.0,lb,,2453,National Daily Boxed Beef Cutout & Boxed Beef Cuts - Negotiated Sales - PM (PDF) (LM_XB403),2026-09-26T13:48:36+00:00
335fa72ead5b8b0d,2021-06-04,Beef,"Brisket, deckle-off, bnls (120  1)",Choice Cuts,,,,Choice,,,,,440.0,463.07,,,447.92,$/cwt,4.4792,per lb,National,wholesale,,,,,,79852.0,lb,,2453,National Daily Boxed Beef Cutout & Boxed Beef Cuts - Negotiated Sales - PM (PDF) (LM_XB403),2026-09-26T13:48:36+00:00
f1ebd728552166e3,2021-06-04,Beef,"Brisket, deckle-off, bnls (120  1)",Select Cuts,,,,Select,,,,,422.51,450.88,,,441.12,$/cwt,4.4112,per lb,National,wholesale,,,,,,11674.0,lb,,2453,National Daily Boxed Beef Cutout & Boxed Beef Cuts - Negotiated Sales - PM (PDF) (LM_XB403),2026-09-26T13:48:36+00:00
fe79cd8a700ebbbb,2021-06-04,Beef,"Brisket, point/off, bnls (120A  3)",Choice Cuts,,,,Choice,,,,,705.0,765.0,,,724.28,$/cwt,7.2428,per lb,National,wholesale,,,,,,7267.0,lb,,2453,National Daily Boxed Beef Cutout & Boxed Beef Cuts - Negotiated Sales - PM (PDF) (LM_XB403),2026-09-26T13:48:36+00:00
819968324e12fcaf,2021-06-04,Beef,"Chuck, chuck tender (116B  1)",Choice Cuts,,,,Choice,,,,,314.0,339.89,,,326.55,$/cwt,3.2655,per lb,National,wholesale,,,,,,126453.0,lb,,2453,National Daily Boxed Beef Cutout & Boxed Beef Cuts - Negotiated Sales - PM (PDF) (LM_XB403),2026-09-26T13:48:36+00:00
c38f99b036386e6e,2021-06-04,Beef,"Chuck, chuck tender (116B  1)",Select Cuts,,,,Select,,,,,315.0,330.0,,,323.96,$/cwt,3.2396,per lb,National,wholesale,,,,,,24579.0,lb,,2453,National Daily Boxed Beef Cutout & Boxed Beef Cuts - Negotiated Sales - PM (PDF) (LM_XB403),2026-09-26T13:48:36+00:00
57012f3fbcbd2cf8,2021-06-04,Beef,"Chuck, clod tender (114F  5)",Choice Cuts,,,,Choice,,,,,749.7,780.27,,,756.63,$/cwt,7.5663,per lb,National,wholesale,,,,,,12606.0,lb,,2453,National Daily Boxed Beef Cutout & Boxed Beef Cuts - Negotiated Sales - PM (PDF) (LM_XB403),2026-09-26T13:48:36+00:00
a000c61441563135,2021-06-04,Beef,"Chuck, clod, arm roast (114E  3)",Choice Cuts,,,,Choice,,,,,410.0,450.0,,,425.91,$/cwt,4.2591,per lb,National,wholesale,,,,,,9833.0,lb,,2453,National Daily Boxed Beef Cutout & Boxed Beef Cuts - Negotiated Sales - PM (PDF) (LM_XB403),2026-09-26T13:48:36+00:00
eed4be765cf8fd69,2021-06-04,Beef,"Chuck, clod, top blade (114D  3)",Choice Cuts,,,,Choice,,,,,575.0,594.0,,,587.15,$/cwt,5.8715,per lb,National,wholesale,,,,,,22616.0,lb,,2453,National Daily Boxed Beef Cutout & Boxed Beef Cuts - Negotiated Sales - PM (PDF) (LM_XB403),2026-09-26T13:48:36+00:00
7ab9ef41b509aaf6,2021-06-04,Beef,"Chuck, flap (116G  4)",Choice Cuts,,,,Choice,,,,,775.0,850.0,,,798.4,$/cwt,7.984,per lb,National,wholesale,,,,,,26953.0,lb,,2453,National Daily Boxed Beef Cutout & Boxed Beef Cuts - Negotiated Sales - PM (PDF) (LM_XB403),2026-09-26T13:48:36+00:00
ad054ceb5a04bf8e,2021-06-04,Beef,"Chuck, flap (116G  4)",Select Cuts,,,,Select,,,,,655.0,719.67,,,703.33,$/cwt,7.0333,per lb,National,wholesale,,,,,,9052.0,lb,,2453,National Daily Boxed Beef Cutout & Boxed Beef Cuts - Negotiated Sales - PM (PDF) (LM_XB403),2026-09-26T13:48:36+00:00
5df870b27c09eac5,2021-06-04,Beef,"Chuck, roll, lxl, neck/off (116A  3)",Choice Cuts,,,,Choice,,,,,362.0,395.0,,,379.07,$/cwt,3.7907,per lb,National,wholesale,,,,,,52129.0,lb,,2453,National Daily Boxed Beef Cutout & Boxed Beef Cuts - Negotiated Sales - PM (PDF) (LM_XB403),2026-09-26T13:48:36+00:00
7c4d31b709180798,2021-06-04,Beef,"Chuck, roll, lxl, neck/off (116A  3)",Select Cuts,,,,Select,,,,,360.0,370.0,,,367.28,$/cwt,3.6728,per lb,National,wholesale,,,,,,50920.0,lb,,2453,National Daily Boxed Beef Cutout & Boxed Beef Cuts - Negotiated Sales - PM (PDF) (LM_XB403),2026-09-26T13:48:36+00:00
5204422728de4105,2021-06-04,Beef,"Chuck, roll, retail ready (916A  3)",Choice Cuts,,,,Choice,,,,,411.0,413.0,,,411.15,$/cwt,4.1115,per lb,National,wholesale,,,,,,40300.0,lb,,2453,National Daily Boxed Beef Cutout & Boxed Beef Cuts - Negotiated Sales - PM (PDF) (LM_XB403),2026-09-26T13:48:36+00:00
30bba4953b8c363c,2021-06-04,Beef,"Chuck, semi-bnls, neck/off (113C  1)",Choice Cuts,,,,Choice,,,,,316.29,328.39,,,321.44,$/cwt,3.2144,per lb,National,wholesale,,,,,,5520.0,lb,,2453,National Daily Boxed Beef Cutout & Boxed Beef Cuts - Negotiated Sales - PM (PDF) (LM_XB403),2026-09-26T13:48:36+00:00
4134dabef6b706d1,2021-06-04,Beef,"Chuck, short rib (130  4)",Choice Cuts,,,,Choice,,,,,460.0,510.0,,,462.42,$/cwt,4.6242,per lb,National,wholesale,,,,,,502494.0,lb,,2453,National Daily Boxed Beef Cutout & Boxed Beef Cuts - Negotiated Sales - PM (PDF) (LM_XB403),2026-09-26T13:48:36+00:00
0c98a84adc3a5f4b,2021-06-04,Beef,"Chuck, short rib (130  4)",Select Cuts,,,,Select,,,,,450.0,502.3,,,458.83,$/cwt,4.5883,per lb,National,wholesale,,,,,,31454.0,lb,,2453,National Daily Boxed Beef Cutout & Boxed Beef Cuts - Negotiated Sales - PM (PDF) (LM_XB403),2026-09-26T13:48:36+00:00
03f3503e6322aacd,2021-06-04,Beef,"Chuck, shoulder clod (114  1)",Choice Cuts,,,,Choice,,,,,300.0,338.39,,,311.71,$/cwt,3.1171,per lb,National,wholesale,,,,,,40710.0,lb,,2453,National Daily Boxed Beef Cutout & Boxed Beef Cuts - Negotiated Sales - PM (PDF) (LM_XB403),2026-09-26T13:48:36+00:00
81797a252679a7ab,2021-06-04,Beef,"Chuck, shoulder clod, trmd (114A  3)",Choice Cuts,,,,Choice,,,,,307.0,345.0,,,324.44,$/cwt,3.2444,per lb,National,wholesale,,,,,,48377.0,lb,,2453,National Daily Boxed Beef Cutout & Boxed Beef Cuts - Negotiated Sales - PM (PDF) (LM_XB403),2026-09-26T13:48:36+00:00
b8f9ac0085e8ead3,2021-06-04,Beef,Cutout 600-900 lb,,,,,Select,,,,,,,,,311.73,$/cwt,3.1173,per lb,National,wholesale,,,,,,,,,2453,National Daily Boxed Beef Cutout & Boxed Beef Cuts - Negotiated Sales - PM (PDF) (LM_XB403),2026-09-26T13:48:36+00:00
f614974a439b4193,2021-06-04,Beef,Cutout 600-900 lb,,,,,Choice,,,,,,,,,338.98,$/cwt,3.3898,per lb,National,wholesale,,,,,,,,,2453,National Daily Boxed Beef Cutout & Boxed Beef Cuts - Negotiated Sales - PM (PDF) (LM_XB403),2026-09-26T13:48:36+00:00
e8876fdf934836e3,2021-06-04,Beef,"Flank, flank steak (193  4)",Choice Cuts,,,,Choice,,,,,815.0,833.0,,,818.25,$/cwt,8.1825,per lb,National,wholesale,,,,,,16633.0,lb,,2453,National Daily Boxed Beef Cutout & Boxed Beef Cuts - Negotiated Sales - PM (PDF) (LM_XB403),2026-09-26T13:48:36+00:00
437350de893bd93b,2021-06-04,Beef,"Flank, flank steak (193  4)",Select Cuts,,,,Select,,,,,785.0,829.89,,,799.21,$/cwt,7.9921,per lb,National,wholesale,,,,,,8071.0,lb,,2453,National Daily Boxed Beef Cutout & Boxed Beef Cuts - Negotiated Sales - PM (PDF) (LM_XB403),2026-09-26T13:48:36+00:00
ceee54716653bcfa,2021-06-04,Beef,Ground Beef 73%,Ground Beef,,,,,,,,,232.75,257.0,,,247.98,$/cwt,2.4798,per lb,National,wholesale,,,,,,36974.0,lb,,2453,National Daily Boxed Beef Cutout & Boxed Beef Cuts - Negotiated Sales - PM (PDF) (LM_XB403),2026-09-26T13:48:36+00:00
7405915305241f60,2021-06-04,Beef,Ground Beef 81%,Ground Beef,,,,,,,,,290.0,334.46,,,308.29,$/cwt,3.0829,per lb,National,wholesale,,,,,,52959.0,lb,,2453,National Daily Boxed Beef Cutout & Boxed Beef Cuts - Negotiated Sales - PM (PDF) (LM_XB403),2026-09-26T13:48:36+00:00
f0febd6f3b3cd3c6,2021-06-04,Beef,Ground Beef 93%,Ground Beef,,,,,,,,,360.0,378.0,,,373.05,$/cwt,3.7305,per lb,National,wholesale,,,,,,11399.0,lb,,2453,National Daily Boxed Beef Cutout & Boxed Beef Cuts - Negotiated Sales - PM (PDF) (LM_XB403),2026-09-26T13:48:36+00:00
ac1b5cc8d0c5d247,2021-06-04,Beef,Ground Beef Chuck,Ground Beef,,,,,,,,,304.0,334.5,,,315.99,$/cwt,3.1599,per lb,National,wholesale,,,,,,201589.0,lb,,2453,National Daily Boxed Beef Cutout & Boxed Beef Cuts - Negotiated Sales - PM (PDF) (LM_XB403),2026-09-26T13:48:36+00:00
56aa216f048d8a13,2021-06-04,Beef,Ground Beef Sirloin,Ground Beef,,,,,,,,,376.0,380.5,,,377.54,$/cwt,3.7754,per lb,National,wholesale,,,,,,2301.0,lb,,2453,National Daily Boxed Beef Cutout & Boxed Beef Cuts - Negotiated Sales - PM (PDF) (LM_XB403),2026-09-26T13:48:36+00:00
9940ca48452ffd80,2021-06-04,Beef,"Loin, ball-tip, bnls, heavy (185B  1)",Choice Cuts,,,,Choice,,,,,472.5,580.55,,,503.28,$/cwt,5.0328,per lb,National,wholesale,,,,,,39276.0,lb,,2453,National Daily Boxed Beef Cutout & Boxed Beef Cuts - Negotiated Sales - PM (PDF) (LM_XB403),2026-09-26T13:48:36+00:00
9ac99dd6d1057abf,2021-06-04,Beef,"Loin, ball-tip, bnls, heavy (185B  1)",Select Cuts,,,,Select,,,,,425.0,529.7,,,457.04,$/cwt,4.5704,per lb,National,wholesale,,,,,,4644.0,lb,,2453,National Daily Boxed Beef Cutout & Boxed Beef Cuts - Negotiated Sales - PM (PDF) (LM_XB403),2026-09-26T13:48:36+00:00
6297637a92a589ed,2021-06-04,Beef,"Loin, bottom sirloin, flap (185A  4)",Choice Cuts,,,,Choice,,,,,994.95,1134.7,,,1011.22,$/cwt,10.1122,per lb,National,wholesale,,,,,,213544.0,lb,,2453,National Daily Boxed Beef Cutout & Boxed Beef Cuts - Negotiated Sales - PM (PDF) (LM_XB403),2026-09-26T13:48:36+00:00
249193dd1e7ebeec,2021-06-04,Beef,"Loin, bottom sirloin, flap (185A  4)",Select Cuts,,,,Select,,,,,1000.0,1090.0,,,1025.87,$/cwt,10.2587,per lb,National,wholesale,,,,,,1917.0,lb,,2453,National Daily Boxed Beef Cutout & Boxed Beef Cuts - Negotiated Sales - PM (PDF) (LM_XB403),2026-09-26T13:48:36+00:00
d83bf716c88ea08e,2021-06-04,Beef,"Loin, butt tender, trimmed (191A  4)",Choice Cuts,,,,Choice,,,,,1711.55,1725.0,,,1723.04,$/cwt,17.2304,per lb,National,wholesale,,,,,,2209.0,lb,,2453,National Daily Boxed Beef Cutout & Boxed Beef Cuts - Negotiated Sales - PM (PDF) (LM_XB403),2026-09-26T13:48:36+00:00
3a3d46910112545d,2021-06-04,Beef,"Loin, butt tender, trimmed (191A  4)",Select Cuts,,,,Select,,,,,1579.0,1624.74,,,1586.12,$/cwt,15.8612,per lb,National,wholesale,,,,,,3729.0,lb,,2453,National Daily Boxed Beef Cutout & Boxed Beef Cuts - Negotiated Sales - PM (PDF) (LM_XB403),2026-09-26T13:48:36+00:00
c5505735a48f2ca6,2021-06-04,Beef,"Loin, short loin, 0x1 (174  3)",Choice Cuts,,,,Choice,,,,,985.42,1006.69,,,994.37,$/cwt,9.9437,per lb,National,wholesale,,,,,,43326.0,lb,,2453,National Daily Boxed Beef Cutout & Boxed Beef Cuts - Negotiated Sales - PM (PDF) (LM_XB403),2026-09-26T13:48:36+00:00
687e2d4f094fc8fa,2021-06-04,Beef,"Loin, short loin, 0x1 (174  3)",Select Cuts,,,,Select,,,,,708.02,795.0,,,754.29,$/cwt,7.5429,per lb,National,wholesale,,,,,,45776.0,lb,,2453,National Daily Boxed Beef Cutout & Boxed Beef Cuts - Negotiated Sales - PM (PDF) (LM_XB403),2026-09-26T13:48:36+00:00
e37b063a169c3348,2021-06-04,Beef,"Loin, strip loin, 1x1 (175  3)",Choice Cuts,,,,Choice,,,,,870.0,886.0,,,870.79,$/cwt,8.7079,per lb,National,wholesale,,,,,,32746.0,lb,,2453,National Daily Boxed Beef Cutout & Boxed Beef Cuts - Negotiated Sales - PM (PDF) (LM_XB403),2026-09-26T13:48:36+00:00
ce276993d28eb229,2021-06-04,Beef,"Loin, strip, bnls, 0x1 (180  3)",Choice Cuts,,,,Choice,,,,,1010.9,1045.0,,,1024.26,$/cwt,10.2426,per lb,National,wholesale,,,,,,53364.0,lb,,2453,National Daily Boxed Beef Cutout & Boxed Beef Cuts - Negotiated Sales - PM (PDF) (LM_XB403),2026-09-26T13:48:36+00:00
d1ea5014817caf31,2021-06-04,Beef,"Loin, strip, bnls, 0x1 (180  3)",Select Cuts,,,,Select,,,,,780.0,789.7,,,786.77,$/cwt,7.8677,per lb,National,wholesale,,,,,,10434.0,lb,,2453,National Daily Boxed Beef Cutout & Boxed Beef Cuts - Negotiated Sales - PM (PDF) (LM_XB403),2026-09-26T13:48:36+00:00
f9f0a4d420803bcb,2021-06-04,Beef,"Loin, tndrloin, trmd, heavy (189A  4)",Choice Cuts,,,,Choice,,,,,1725.0,1828.0,,,1779.83,$/cwt,17.7983,per lb,National,wholesale,,,,,,33693.0,lb,,2453,National Daily Boxed Beef Cutout & Boxed Beef Cuts - Negotiated Sales - PM (PDF) (LM_XB403),2026-09-26T13:48:36+00:00
a5d6092e084d73ef,2021-06-04,Beef,"Loin, tndrloin, trmd, heavy (189A  4)",Select Cuts,,,,Select,,,,,1660.0,1812.0,,,1667.51,$/cwt,16.6751,per lb,National,wholesale,,,,,,22045.0,lb,,2453,National Daily Boxed Beef Cutout & Boxed Beef Cuts - Negotiated Sales - PM (PDF) (LM_XB403),2026-09-26T13:48:36+00:00
f614d48c9cdbc7d7,2021-06-04,Beef,"Loin, top butt, CC (184B  3)",Choice Cuts,,,,Choice,,,,,751.73,766.33,,,758.4,$/cwt,7.584,per lb,National,wholesale,,,,,,7942.0,lb,,2453,National Daily Boxed Beef Cutout & Boxed Beef Cuts - Negotiated Sales - PM (PDF) (LM_XB403),2026-09-26T13:48:36+00:00
25728e659540c667,2021-06-04,Beef,"Loin, top butt, bnls, heavy (184  1)",Select Cuts,,,,Select,,,,,381.0,480.0,,,452.14,$/cwt,4.5214,per lb,National,wholesale,,,,,,3230.0,lb,,2453,National Daily Boxed Beef Cutout & Boxed Beef Cuts - Negotiated Sales - PM (PDF) (LM_XB403),2026-09-26T13:48:36+00:00
464355b7b1b23660,2021-06-04,Beef,"Loin, top butt, boneless (184  3)",Choice Cuts,,,,Choice,,,,,496.25,550.9,,,503.98,$/cwt,5.0398,per lb,National,wholesale,,,,,,123381.0,lb,,2453,National Daily Boxed Beef Cutout & Boxed Beef Cuts - Negotiated Sales - PM (PDF) (LM_XB403),2026-09-26T13:48:36+00:00
5625e3726a904d42,2021-06-04,Beef,"Loin, top butt, boneless (184  3)",Select Cuts,,,,Select,,,,,400.0,484.7,,,435.69,$/cwt,4.3569,per lb,National,wholesale,,,,,,57398.0,lb,,2453,National Daily Boxed Beef Cutout & Boxed Beef Cuts - Negotiated Sales - PM (PDF) (LM_XB403),2026-09-26T13:48:36+00:00
617b8caa921fc382,2021-06-04,Beef,"Rib, ribeye, bnls, heavy (112A  3)",Choice Cuts,,,,Choice,,,,,1285.9,1309.86,,,1297.73,$/cwt,12.9773,per lb,National,wholesale,,,,,,3496.0,lb,,2453,National Daily Boxed Beef Cutout & Boxed Beef Cuts - Negotiated Sales - PM (PDF) (LM_XB403),2026-09-26T13:48:36+00:00
a19e9462103a5da6,2021-06-04,Beef,"Rib, ribeye, bnls, heavy (112A  3)",Select Cuts,,,,Select,,,,,988.33,1040.0,,,1011.13,$/cwt,10.1113,per lb,National,wholesale,,,,,,6486.0,lb,,2453,National Daily Boxed Beef Cutout & Boxed Beef Cuts - Negotiated Sales - PM (PDF) (LM_XB403),2026-09-26T13:48:36+00:00
6b1c365708cc8094,2021-06-04,Beef,"Rib, ribeye, bnls, light (112A  3)",Choice Cuts,,,,Choice,,,,,1300.91,1351.02,,,1313.3,$/cwt,13.133,per lb,National,wholesale,,,,,,15351.0,lb,,2453,National Daily Boxed Beef Cutout & Boxed Beef Cuts - Negotiated Sales - PM (PDF) (LM_XB403),2026-09-26T13:48:36+00:00
2d684e58bd744804,2021-06-04,Beef,"Rib, ribeye, bnls, light (112A  3)",Select Cuts,,,,Select,,,,,965.0,1062.0,,,1008.32,$/cwt,10.0832,per lb,National,wholesale,,,,,,28730.0,lb,,2453,National Daily Boxed Beef Cutout & Boxed Beef Cuts - Negotiated Sales - PM (PDF) (LM_XB403),2026-09-26T13:48:36+00:00
7a6b4045218b0d78,2021-06-04,Beef,"Rib, ribeye, lip-on, bn-in (109E  1)",Choice Cuts,,,,Choice,,,,,1099.5,1160.9,,,1119.52,$/cwt,11.1952,per lb,National,wholesale,,,,,,57164.0,lb,,2453,National Daily Boxed Beef Cutout & Boxed Beef Cuts - Negotiated Sales - PM (PDF) (LM_XB403),2026-09-26T13:48:36+00:00
0002a59dd408eb24,2021-06-04,Beef,"Rib, ribeye, lip-on, bn-in (109E  1)",Select Cuts,,,,Select,,,,,921.0,927.0,,,922.11,$/cwt,9.2211,per lb,National,wholesale,,,,,,1166.0,lb,,2453,National Daily Boxed Beef Cutout & Boxed Beef Cuts - Negotiated Sales - PM (PDF) (LM_XB403),2026-09-26T13:48:36+00:00
596b698a1c71ee6e,2021-06-04,Beef,"Round, eye of round (171C  3)",Choice Cuts,,,,Choice,,,,,324.33,344.89,,,328.98,$/cwt,3.2898,per lb,National,wholesale,,,,,,49507.0,lb,,2453,National Daily Boxed Beef Cutout & Boxed Beef Cuts - Negotiated Sales - PM (PDF) (LM_XB403),2026-09-26T13:48:36+00:00
43fc2b155a03947b,2021-06-04,Beef,"Round, eye of round (171C  3)",Select Cuts,,,,Select,,,,,325.0,330.63,,,326.9,$/cwt,3.269,per lb,National,wholesale,,,,,,27385.0,lb,,2453,National Daily Boxed Beef Cutout & Boxed Beef Cuts - Negotiated Sales - PM (PDF) (LM_XB403),2026-09-26T13:48:36+00:00
1528d58cb425fc1d,2021-06-04,Beef,"Round, knuckle, peeled (167A  4)",Choice Cuts,,,,Choice,,,,,350.5,400.0,,,381.67,$/cwt,3.8167,per lb,National,wholesale,,,,,,72162.0,lb,,2453,National Daily Boxed Beef Cutout & Boxed Beef Cuts - Negotiated Sales - PM (PDF) (LM_XB403),2026-09-26T13:48:36+00:00
83eac10d5f0c69b3,2021-06-04,Beef,"Round, knuckle, peeled (167A  4)",Select Cuts,,,,Select,,,,,375.0,390.11,,,383.28,$/cwt,3.8328,per lb,National,wholesale,,,,,,14159.0,lb,,2453,National Daily Boxed Beef Cutout & Boxed Beef Cuts - Negotiated Sales - PM (PDF) (LM_XB403),2026-09-26T13:48:36+00:00
df55529362b79d81,2021-06-04,Beef,"Round, outside round (171B  3)",Choice Cuts,,,,Choice,,,,,314.0,341.14,,,331.51,$/cwt,3.3151,per lb,National,wholesale,,,,,,76196.0,lb,,2453,National Daily Boxed Beef Cutout & Boxed Beef Cuts - Negotiated Sales - PM (PDF) (LM_XB403),2026-09-26T13:48:36+00:00
bbff7ce7b1d9e037,2021-06-04,Beef,"Round, outside round (171B  3)",Select Cuts,,,,Select,,,,,318.25,340.75,,,331.04,$/cwt,3.3104,per lb,National,wholesale,,,,,,80469.0,lb,,2453,National Daily Boxed Beef Cutout & Boxed Beef Cuts - Negotiated Sales - PM (PDF) (LM_XB403),2026-09-26T13:48:36+00:00
10af5f4121a2ac78,2021-06-04,Beef,"Round, top inside round (168  3)",Choice Cuts,,,,Choice,,,,,342.28,375.0,,,354.29,$/cwt,3.5429,per lb,National,wholesale,,,,,,90269.0,lb,,2453,National Daily Boxed Beef Cutout & Boxed Beef Cuts - Negotiated Sales - PM (PDF) (LM_XB403),2026-09-26T13:48:36+00:00
3f35b8339c4ff3e4,2021-06-04,Beef,"Round, top inside round (168  3)",Select Cuts,,,,Select,,,,,340.18,375.0,,,355.79,$/cwt,3.5579,per lb,National,wholesale,,,,,,24833.0,lb,,2453,National Daily Boxed Beef Cutout & Boxed Beef Cuts - Negotiated Sales - PM (PDF) (LM_XB403),2026-09-26T13:48:36+00:00
47a928ab903e8d61,2021-06-04,Beef,"Round, top inside, cap off (169A  5)",Choice Cuts,,,,Choice,,,,,500.59,510.0,,,501.34,$/cwt,5.0134,per lb,National,wholesale,,,,,,129132.0,lb,,2453,National Daily Boxed Beef Cutout & Boxed Beef Cuts - Negotiated Sales - PM (PDF) (LM_XB403),2026-09-26T13:48:36+00:00
59620228694926f4,2021-06-04,Beef,"Round, top inside, denuded (169  5)",Choice Cuts,,,,Choice,,,,,389.0,419.66,,,397.17,$/cwt,3.9717,per lb,National,wholesale,,,,,,44921.0,lb,,2453,National Daily Boxed Beef Cutout & Boxed Beef Cuts - Negotiated Sales - PM (PDF) (LM_XB403),2026-09-26T13:48:36+00:00
efec5873ccde4d4a,2021-06-04,Beef,"Short Plate, short rib (123A  3)",Choice Cuts,,,,Choice,,,,,519.67,600.9,,,554.6,$/cwt,5.546,per lb,National,wholesale,,,,,,113221.0,lb,,2453,National Daily Boxed Beef Cutout & Boxed Beef Cuts - Negotiated Sales - PM (PDF) (LM_XB403),2026-09-26T13:48:36+00:00
c8bac9c8df18848c,2021-06-04,Beef,"Short Plate, short rib (123A  3)",Select Cuts,,,,Select,,,,,524.5,550.0,,,542.78,$/cwt,5.4278,per lb,National,wholesale,,,,,,5886.0,lb,,2453,National Daily Boxed Beef Cutout & Boxed Beef Cuts - Negotiated Sales - PM (PDF) (LM_XB403),2026-09-26T13:48:36+00:00
2bcb99f75c6a4a5b,2021-06-07,Beef,"Brisket, deckle-off, bnls (120  1)",Choice Cuts,,,,Choice,,,,,395.0,458.59,,,405.63,$/cwt,4.0563,per lb,National,wholesale,,,,,,187541.0,lb,,2453,National Daily Boxed Beef Cutout & Boxed Beef Cuts - Negotiated Sales - PM (PDF) (LM_XB403),2026-09-26T13:48:36+00:00
4e948874a5cf3206,2021-06-07,Beef,"Brisket, deckle-off, bnls (120  1)",Select Cuts,,,,Select,,,,,395.0,450.0,,,413.74,$/cwt,4.1374,per lb,National,wholesale,,,,,,334951.0,lb,,2453,National Daily Boxed Beef Cutout & Boxed Beef Cuts - Negotiated Sales - PM (PDF) (LM_XB403),2026-09-26T13:48:36+00:00
a1c864ac01fba376,2021-06-07,Beef,"Brisket, point/off, bnls (120A  3)",Choice Cuts,,,,Choice,,,,,712.0,815.0,,,740.44,$/cwt,7.4044,per lb,National,wholesale,,,,,,3309.0,lb,,2453,National Daily Boxed Beef Cutout & Boxed Beef Cuts - Negotiated Sales - PM (PDF) (LM_XB403),2026-09-26T13:48:36+00:00
ee01a8840339641f,2021-06-07,Beef,"Chuck, chuck tender (116B  1)",Choice Cuts,,,,Choice,,,,,319.0,351.45,,,332.25,$/cwt,3.3225,per lb,National,wholesale,,,,,,131059.0,lb,,2453,National Daily Boxed Beef Cutout & Boxed Beef Cuts - Negotiated Sales - PM (PDF) (LM_XB403),2026-09-26T13:48:36+00:00
37faa7a2165a4434,2021-06-07,Beef,"Chuck, chuck tender (116B  1)",Select Cuts,,,,Select,,,,,320.0,351.45,,,330.79,$/cwt,3.3079,per lb,National,wholesale,,,,,,36428.0,lb,,2453,National Daily Boxed Beef Cutout & Boxed Beef Cuts - Negotiated Sales - PM (PDF) (LM_XB403),2026-09-26T13:48:36+00:00
0066de8047c12e31,2021-06-07,Beef,"Chuck, clod tender (114F  5)",Choice Cuts,,,,Choice,,,,,744.0,778.0,,,767.81,$/cwt,7.6781,per lb,National,wholesale,,,,,,4873.0,lb,,2453,National Daily Boxed Beef Cutout & Boxed Beef Cuts - Negotiated Sales - PM (PDF) (LM_XB403),2026-09-26T13:48:36+00:00
cae38d6a9fe97156,2021-06-07,Beef,"Chuck, clod tender (114F  5)",Select Cuts,,,,Select,,,,,744.0,750.0,,,748.94,$/cwt,7.4894,per lb,National,wholesale,,,,,,2732.0,lb,,2453,National Daily Boxed Beef Cutout & Boxed Beef Cuts - Negotiated Sales - PM (PDF) (LM_XB403),2026-09-26T13:48:36+00:00
73495a02520b5c89,2021-06-07,Beef,"Chuck, clod, arm roast (114E  3)",Choice Cuts,,,,Choice,,,,,410.0,431.33,,,426.94,$/cwt,4.2694,per lb,National,wholesale,,,,,,15492.0,lb,,2453,National Daily Boxed Beef Cutout & Boxed Beef Cuts - Negotiated Sales - PM (PDF) (LM_XB403),2026-09-26T13:48:36+00:00
fc5ec1633dcbdd0b,2021-06-07,Beef,"Chuck, clod, top blade (114D  3)",Choice Cuts,,,,Choice,,,,,560.0,602.0,,,578.54,$/cwt,5.7854,per lb,National,wholesale,,,,,,19251.0,lb,,2453,National Daily Boxed Beef Cutout & Boxed Beef Cuts - Negotiated Sales - PM (PDF) (LM_XB403),2026-09-26T13:48:36+00:00
f744ef4b75f7b8b8,2021-06-07,Beef,"Chuck, flap (116G  4)",Choice Cuts,,,,Choice,,,,,777.5,809.89,,,796.54,$/cwt,7.9654,per lb,National,wholesale,,,,,,11437.0,lb,,2453,National Daily Boxed Beef Cutout & Boxed Beef Cuts - Negotiated Sales - PM (PDF) (LM_XB403),2026-09-26T13:48:36+00:00
0a3318c4f485f135,2021-06-07,Beef,"Chuck, roll, lxl, neck/off (116A  3)",Choice Cuts,,,,Choice,,,,,364.0,400.0,,,374.99,$/cwt,3.7499,per lb,National,wholesale,,,,,,136010.0,lb,,2453,National Daily Boxed Beef Cutout & Boxed Beef Cuts - Negotiated Sales - PM (PDF) (LM_XB403),2026-09-26T13:48:36+00:00
de0a50effc4a5522,2021-06-07,Beef,"Chuck, roll, lxl, neck/off (116A  3)",Select Cuts,,,,Select,,,,,325.0,385.0,,,353.82,$/cwt,3.5382,per lb,National,wholesale,,,,,,129921.0,lb,,2453,National Daily Boxed Beef Cutout & Boxed Beef Cuts - Negotiated Sales - PM (PDF) (LM_XB403),2026-09-26T13:48:36+00:00
3b3639dd9f7b0150,2021-06-07,Beef,"Chuck, semi-bnls, neck/off (113C  1)",Choice Cuts,,,,Choice,,,,,322.0,337.3,,,324.25,$/cwt,3.2425,per lb,National,wholesale,,,,,,74804.0,lb,,2453,National Daily Boxed Beef Cutout & Boxed Beef Cuts - Negotiated Sales - PM (PDF) (LM_XB403),2026-09-26T13:48:36+00:00
9a17fc044d67d6ff,2021-06-07,Beef,"Chuck, short rib (130  4)",Choice Cuts,,,,Choice,,,,,469.1,536.0,,,484.24,$/cwt,4.8424,per lb,National,wholesale,,,,,,42878.0,lb,,2453,National Daily Boxed Beef Cutout & Boxed Beef Cuts - Negotiated Sales - PM (PDF) (LM_XB403),2026-09-26T13:48:36+00:00
c466d2d4f3318154,2021-06-07,Beef,"Chuck, shoulder clod (114  1)",Select Cuts,,,,Select,,,,,296.0,313.0,,,305.48,$/cwt,3.0548,per lb,National,wholesale,,,,,,11608.0,lb,,2453,National Daily Boxed Beef Cutout & Boxed Beef Cuts - Negotiated Sales - PM (PDF) (LM_XB403),2026-09-26T13:48:36+00:00
20ceb2d519e7d5b8,2021-06-07,Beef,"Chuck, shoulder clod, trmd (114A  3)",Choice Cuts,,,,Choice,,,,,315.0,350.92,,,324.63,$/cwt,3.2463,per lb,National,wholesale,,,,,,39049.0,lb,,2453,National Daily Boxed Beef Cutout & Boxed Beef Cuts - Negotiated Sales - PM (PDF) (LM_XB403),2026-09-26T13:48:36+00:00
dca948bc47177317,2021-06-07,Beef,"Chuck, shoulder clod, trmd (114A  3)",Select Cuts,,,,Select,,,,,318.5,343.3,,,322.66,$/cwt,3.2266,per lb,National,wholesale,,,,,,63184.0,lb,,2453,National Daily Boxed Beef Cutout & Boxed Beef Cuts - Negotiated Sales - PM (PDF) (LM_XB403),2026-09-26T13:48:36+00:00
1a3c7090bd404224,2021-06-07,Beef,Cutout 600-900 lb,,,,,Select,,,,,,,,,309.17,$/cwt,3.0917,per lb,National,wholesale,,,,,,,,,2453,National Daily Boxed Beef Cutout & Boxed Beef Cuts - Negotiated Sales - PM (PDF) (LM_XB403),2026-09-26T13:48:36+00:00
8c6f8648ec6ef60f,2021-06-07,Beef,Cutout 600-900 lb,,,,,Choice,,,,,,,,,338.6,$/cwt,3.386,per lb,National,wholesale,,,,,,,,,2453,National Daily Boxed Beef Cutout & Boxed Beef Cuts - Negotiated Sales - PM (PDF) (LM_XB403),2026-09-26T13:48:36+00:00
9ac975ac1e6dc128,2021-06-07,Beef,"Flank, flank steak (193  4)",Choice Cuts,,,,Choice,,,,,781.0,835.0,,,816.28,$/cwt,8.1628,per lb,National,wholesale,,,,,,22832.0,lb,,2453,National Daily Boxed Beef Cutout & Boxed Beef Cuts - Negotiated Sales - PM (PDF) (LM_XB403),2026-09-26T13:48:36+00:00
edd0180deefd6cd3,2021-06-07,Beef,Ground Beef 73%,Ground Beef,,,,,,,,,239.82,260.0,,,242.55,$/cwt,2.4255,per lb,National,wholesale,,,,,,54886.0,lb,,2453,National Daily Boxed Beef Cutout & Boxed Beef Cuts - Negotiated Sales - PM (PDF) (LM_XB403),2026-09-26T13:48:36+00:00
327aaa0653222685,2021-06-07,Beef,Ground Beef 81%,Ground Beef,,,,,,,,,281.0,332.25,,,314.15,$/cwt,3.1415,per lb,National,wholesale,,,,,,36721.0,lb,,2453,National Daily Boxed Beef Cutout & Boxed Beef Cuts - Negotiated Sales - PM (PDF) (LM_XB403),2026-09-26T13:48:36+00:00
4c92cab8249188af,2021-06-07,Beef,Ground Beef 93%,Ground Beef,,,,,,,,,367.46,379.47,,,372.53,$/cwt,3.7253,per lb,National,wholesale,,,,,,1455.0,lb,,2453,National Daily Boxed Beef Cutout & Boxed Beef Cuts - Negotiated Sales - PM (PDF) (LM_XB403),2026-09-26T13:48:36+00:00
1a62b7c6408cb46a,2021-06-07,Beef,Ground Beef Chuck,Ground Beef,,,,,,,,,310.74,341.0,,,312.66,$/cwt,3.1266,per lb,National,wholesale,,,,,,61044.0,lb,,2453,National Daily Boxed Beef Cutout & Boxed Beef Cuts - Negotiated Sales - PM (PDF) (LM_XB403),2026-09-26T13:48:36+00:00
63b74d6328ae9424,2021-06-07,Beef,Ground Beef Round,Ground Beef,,,,,,,,,318.0,340.5,,,338.84,$/cwt,3.3884,per lb,National,wholesale,,,,,,11583.0,lb,,2453,National Daily Boxed Beef Cutout & Boxed Beef Cuts - Negotiated Sales - PM (PDF) (LM_XB403),2026-09-26T13:48:36+00:00
e423fc9d40a1007b,2021-06-07,Beef,"Loin, bottom sirloin, flap (185A  4)",Choice Cuts,,,,Choice,,,,,1035.0,1154.89,,,1089.8,$/cwt,10.898,per lb,National,wholesale,,,,,,19614.0,lb,,2453,National Daily Boxed Beef Cutout & Boxed Beef Cuts - Negotiated Sales - PM (PDF) (LM_XB403),2026-09-26T13:48:36+00:00
a29f539852723263,2021-06-07,Beef,"Loin, short loin, 0x1 (174  3)",Choice Cuts,,,,Choice,,,,,960.0,1023.55,,,980.66,$/cwt,9.8066,per lb,National,wholesale,,,,,,231786.0,lb,,2453,National Daily Boxed Beef Cutout & Boxed Beef Cuts - Negotiated Sales - PM (PDF) (LM_XB403),2026-09-26T13:48:36+00:00
1f37800d60c93403,2021-06-07,Beef,"Loin, short loin, 0x1 (174  3)",Select Cuts,,,,Select,,,,,743.39,815.0,,,783.13,$/cwt,7.8313,per lb,National,wholesale,,,,,,11701.0,lb,,2453,National Daily Boxed Beef Cutout & Boxed Beef Cuts - Negotiated Sales - PM (PDF) (LM_XB403),2026-09-26T13:48:36+00:00
1c7f1e04a50b0181,2021-06-07,Beef,"Loin, sirloin, tri-tip (185C  1)",Choice Cuts,,,,Choice,,,,,570.0,604.5,,,589.85,$/cwt,5.8985,per lb,National,wholesale,,,,,,40917.0,lb,,2453,National Daily Boxed Beef Cutout & Boxed Beef Cuts - Negotiated Sales - PM (PDF) (LM_XB403),2026-09-26T13:48:36+00:00
83336ac49bbe5cbf,2021-06-07,Beef,"Loin, strip, bnls, 0x1 (180  3)",Choice Cuts,,,,Choice,,,,,1006.0,1067.55,,,1023.35,$/cwt,10.2335,per lb,National,wholesale,,,,,,51852.0,lb,,2453,National Daily Boxed Beef Cutout & Boxed Beef Cuts - Negotiated Sales - PM (PDF) (LM_XB403),2026-09-26T13:48:36+00:00
c00374b4b0bfa143,2021-06-07,Beef,"Loin, strip, bnls, 0x1 (180  3)",Select Cuts,,,,Select,,,,,732.0,775.3,,,751.17,$/cwt,7.5117,per lb,National,wholesale,,,,,,232098.0,lb,,2453,National Daily Boxed Beef Cutout & Boxed Beef Cuts - Negotiated Sales - PM (PDF) (LM_XB403),2026-09-26T13:48:36+00:00
36c860435545ea6e,2021-06-07,Beef,"Loin, tndrloin, trmd, heavy (189A  4)",Choice Cuts,,,,Choice,,,,,1791.0,1897.5,,,1860.5,$/cwt,18.605,per lb,National,wholesale,,,,,,20245.0,lb,,2453,National Daily Boxed Beef Cutout & Boxed Beef Cuts - Negotiated Sales - PM (PDF) (LM_XB403),2026-09-26T13:48:36+00:00
fd91fe0c9fca5f61,2021-06-07,Beef,"Loin, tndrloin, trmd, heavy (189A  4)",Select Cuts,,,,Select,,,,,1652.3,1839.25,,,1694.53,$/cwt,16.9453,per lb,National,wholesale,,,,,,40985.0,lb,,2453,National Daily Boxed Beef Cutout & Boxed Beef Cuts - Negotiated Sales - PM (PDF) (LM_XB403),2026-09-26T13:48:36+00:00
745188a96b9f2bd6,2021-06-07,Beef,"Loin, top butt, CC (184B  3)",Choice Cuts,,,,Choice,,,,,756.33,768.88,,,763.78,$/cwt,7.6378,per lb,National,wholesale,,,,,,6899.0,lb,,2453,National Daily Boxed Beef Cutout & Boxed Beef Cuts - Negotiated Sales - PM (PDF) (LM_XB403),2026-09-26T13:48:36+00:00
91fd2e320fad4d74,2021-06-07,Beef,"Loin, top butt, boneless (184  3)",Choice Cuts,,,,Choice,,,,,490.0,540.0,,,505.58,$/cwt,5.0558,per lb,National,wholesale,,,,,,90491.0,lb,,2453,National Daily Boxed Beef Cutout & Boxed Beef Cuts - Negotiated Sales - PM (PDF) (LM_XB403),2026-09-26T13:48:36+00:00
c5cc82ee9643f0a7,2021-06-07,Beef,"Loin, top butt, boneless (184  3)",Select Cuts,,,,Select,,,,,441.65,485.0,,,461.95,$/cwt,4.6195,per lb,National,wholesale,,,,,,19114.0,lb,,2453,National Daily Boxed Beef Cutout & Boxed Beef Cuts - Negotiated Sales - PM (PDF) (LM_XB403),2026-09-26T13:48:36+00:00
a4c30355b6dcab69,2021-06-07,Beef,"Rib, ribeye, bnls, heavy (112A  3)",Choice Cuts,,,,Choice,,,,,1289.1,1338.3,,,1310.26,$/cwt,13.1026,per lb,National,wholesale,,,,,,20097.0,lb,,2453,National Daily Boxed Beef Cutout & Boxed Beef Cuts - Negotiated Sales - PM (PDF) (LM_XB403),2026-09-26T13:48:36+00:00
e88ba654807c000f,2021-06-07,Beef,"Rib, ribeye, bnls, heavy (112A  3)",Select Cuts,,,,Select,,,,,1020.0,1072.0,,,1029.16,$/cwt,10.2916,per lb,National,wholesale,,,,,,2643.0,lb,,2453,National Daily Boxed Beef Cutout & Boxed Beef Cuts - Negotiated Sales - PM (PDF) (LM_XB403),2026-09-26T13:48:36+00:00
82e1d1521fe4030a,2021-06-07,Beef,"Rib, ribeye, bnls, light (112A  3)",Choice Cuts,,,,Choice,,,,,1314.18,1335.7,,,1325.69,$/cwt,13.2569,per lb,National,wholesale,,,,,,6663.0,lb,,2453,National Daily Boxed Beef Cutout & Boxed Beef Cuts - Negotiated Sales - PM (PDF) (LM_XB403),2026-09-26T13:48:36+00:00
377512b65ac2618f,2021-06-07,Beef,"Rib, ribeye, lip-on, bn-in (109E  1)",Choice Cuts,,,,Choice,,,,,1098.39,1184.45,,,1126.42,$/cwt,11.2642,per lb,National,wholesale,,,,,,30743.0,lb,,2453,National Daily Boxed Beef Cutout & Boxed Beef Cuts - Negotiated Sales - PM (PDF) (LM_XB403),2026-09-26T13:48:36+00:00
dd2f5af46553273a,2021-06-07,Beef,"Round, boneless (161  1)",Select Cuts,,,,Select,,,,,325.0,330.0,,,326.97,$/cwt,3.2697,per lb,National,wholesale,,,,,,2342.0,lb,,2453,National Daily Boxed Beef Cutout & Boxed Beef Cuts - Negotiated Sales - PM (PDF) (LM_XB403),2026-09-26T13:48:36+00:00
91b6a63f9bb10ccc,2021-06-07,Beef,"Round, bottom gooseneck (170  1)",Choice Cuts,,,,Choice,,,,,270.39,301.0,,,271.77,$/cwt,2.7177,per lb,National,wholesale,,,,,,36340.0,lb,,2453,National Daily Boxed Beef Cutout & Boxed Beef Cuts - Negotiated Sales - PM (PDF) (LM_XB403),2026-09-26T13:48:36+00:00
efeb54cf6dd221aa,2021-06-07,Beef,"Round, eye of round (171C  3)",Choice Cuts,,,,Choice,,,,,323.39,341.0,,,331.35,$/cwt,3.3135,per lb,National,wholesale,,,,,,67931.0,lb,,2453,National Daily Boxed Beef Cutout & Boxed Beef Cuts - Negotiated Sales - PM (PDF) (LM_XB403),2026-09-26T13:48:36+00:00
1871530ac6945392,2021-06-07,Beef,"Round, eye of round (171C  3)",Select Cuts,,,,Select,,,,,328.0,336.0,,,330.02,$/cwt,3.3002,per lb,National,wholesale,,,,,,16146.0,lb,,2453,National Daily Boxed Beef Cutout & Boxed Beef Cuts - Negotiated Sales - PM (PDF) (LM_XB403),2026-09-26T13:48:36+00:00
f270595fe13446f5,2021-06-07,Beef,"Round, knuckle, peeled (167A  4)",Choice Cuts,,,,Choice,,,,,350.0,410.38,,,381.78,$/cwt,3.8178,per lb,National,wholesale,,,,,,124557.0,lb,,2453,National Daily Boxed Beef Cutout & Boxed Beef Cuts - Negotiated Sales - PM (PDF) (LM_XB403),2026-09-26T13:48:36+00:00
9b323687991cc933,2021-06-07,Beef,"Round, knuckle, peeled (167A  4)",Select Cuts,,,,Select,,,,,350.0,384.5,,,371.84,$/cwt,3.7184,per lb,National,wholesale,,,,,,22077.0,lb,,2453,National Daily Boxed Beef Cutout & Boxed Beef Cuts - Negotiated Sales - PM (PDF) (LM_XB403),2026-09-26T13:48:36+00:00
5b536e194d2a9750,2021-06-07,Beef,"Round, outside round (171B  3)",Choice Cuts,,,,Choice,,,,,316.07,351.0,,,328.87,$/cwt,3.2887,per lb,National,wholesale,,,,,,150158.0,lb,,2453,National Daily Boxed Beef Cutout & Boxed Beef Cuts - Negotiated Sales - PM (PDF) (LM_XB403),2026-09-26T13:48:36+00:00
b3c0ea117ebad24c,2021-06-07,Beef,"Round, outside round (171B  3)",Select Cuts,,,,Select,,,,,318.0,325.71,,,318.8,$/cwt,3.188,per lb,National,wholesale,,,,,,17491.0,lb,,2453,National Daily Boxed Beef Cutout & Boxed Beef Cuts - Negotiated Sales - PM (PDF) (LM_XB403),2026-09-26T13:48:36+00:00
d07d70eeb3de1fb4,2021-06-07,Beef,"Round, top inside round (168  1)",Choice Cuts,,,,Choice,,,,,326.12,365.0,,,339.6,$/cwt,3.396,per lb,National,wholesale,,,,,,19578.0,lb,,2453,National Daily Boxed Beef Cutout & Boxed Beef Cuts - Negotiated Sales - PM (PDF) (LM_XB403),2026-09-26T13:48:36+00:00
63ee8bb282e9d633,2021-06-07,Beef,"Round, top inside round (168  3)",Choice Cuts,,,,Choice,,,,,348.0,384.89,,,358.32,$/cwt,3.5832,per lb,National,wholesale,,,,,,138710.0,lb,,2453,National Daily Boxed Beef Cutout & Boxed Beef Cuts - Negotiated Sales - PM (PDF) (LM_XB403),2026-09-26T13:48:36+00:00
ebfc3182a11c2d67,2021-06-07,Beef,"Round, top inside round (168  3)",Select Cuts,,,,Select,,,,,341.0,368.0,,,344.85,$/cwt,3.4485,per lb,National,wholesale,,,,,,27803.0,lb,,2453,National Daily Boxed Beef Cutout & Boxed Beef Cuts - Negotiated Sales - PM (PDF) (LM_XB403),2026-09-26T13:48:36+00:00
797027f78bf3cdbc,2021-06-07,Beef,"Round, top inside, cap off (169A  5)",Choice Cuts,,,,Choice,,,,,497.0,535.0,,,526.16,$/cwt,5.2616,per lb,National,wholesale,,,,,,102200.0,lb,,2453,National Daily Boxed Beef Cutout & Boxed Beef Cuts - Negotiated Sales - PM (PDF) (LM_XB403),2026-09-26T13:48:36+00:00
c43f93226a797295,2021-06-07,Beef,"Round, top inside, denuded (169  5)",Choice Cuts,,,,Choice,,,,,418.65,451.5,,,428.71,$/cwt,4.2871,per lb,National,wholesale,,,,,,6386.0,lb,,2453,National Daily Boxed Beef Cutout & Boxed Beef Cuts - Negotiated Sales - PM (PDF) (LM_XB403),2026-09-26T13:48:36+00:00
877053f2a924cdd6,2021-06-07,Beef,"Short Plate, short rib (123A  3)",Choice Cuts,,,,Choice,,,,,550.0,609.89,,,566.51,$/cwt,5.6651,per lb,National,wholesale,,,,,,85933.0,lb,,2453,National Daily Boxed Beef Cutout & Boxed Beef Cuts - Negotiated Sales - PM (PDF) (LM_XB403),2026-09-26T13:48:36+00:00
06a845806c3c1ac1,2021-06-07,Beef,"Short Plate, short rib (123A  3)",Select Cuts,,,,Select,,,,,550.05,597.5,,,562.23,$/cwt,5.6223,per lb,National,wholesale,,,,,,28583.0,lb,,2453,National Daily Boxed Beef Cutout & Boxed Beef Cuts - Negotiated Sales - PM (PDF) (LM_XB403),2026-09-26T13:48:36+00:00
e496f5b59a885fec,2021-06-08,Beef,"Brisket, deckle-off, bnls (120  1)",Choice Cuts,,,,Choice,,,,,395.0,465.0,,,436.01,$/cwt,4.3601,per lb,National,wholesale,,,,,,108638.0,lb,,2453,National Daily Boxed Beef Cutout & Boxed Beef Cuts - Negotiated Sales - PM (PDF) (LM_XB403),2026-09-26T13:48:36+00:00
e971b71fc47df55c,2021-06-08,Beef,"Brisket, deckle-off, bnls (120  1)",Select Cuts,,,,Select,,,,,395.0,448.0,,,426.45,$/cwt,4.2645,per lb,National,wholesale,,,,,,120208.0,lb,,2453,National Daily Boxed Beef Cutout & Boxed Beef Cuts - Negotiated Sales - PM (PDF) (LM_XB403),2026-09-26T13:48:36+00:00
9074e19063134325,2021-06-08,Beef,"Brisket, point/off, bnls (120A  3)",Choice Cuts,,,,Choice,,,,,711.0,836.72,,,726.62,$/cwt,7.2662,per lb,National,wholesale,,,,,,5894.0,lb,,2453,National Daily Boxed Beef Cutout & Boxed Beef Cuts - Negotiated Sales - PM (PDF) (LM_XB403),2026-09-26T13:48:36+00:00
d14cee1e9f135807,2021-06-08,Beef,"Chuck, chuck tender (116B  1)",Choice Cuts,,,,Choice,,,,,310.05,336.5,,,324.84,$/cwt,3.2484,per lb,National,wholesale,,,,,,55923.0,lb,,2453,National Daily Boxed Beef Cutout & Boxed Beef Cuts - Negotiated Sales - PM (PDF) (LM_XB403),2026-09-26T13:48:36+00:00
920f9e7dfb86caff,2021-06-08,Beef,"Chuck, chuck tender (116B  1)",Select Cuts,,,,Select,,,,,328.0,350.58,,,333.09,$/cwt,3.3309,per lb,National,wholesale,,,,,,4664.0,lb,,2453,National Daily Boxed Beef Cutout & Boxed Beef Cuts - Negotiated Sales - PM (PDF) (LM_XB403),2026-09-26T13:48:36+00:00
0f8d18045d7c19ab,2021-06-08,Beef,"Chuck, clod tender (114F  5)",Choice Cuts,,,,Choice,,,,,754.25,790.0,,,763.22,$/cwt,7.6322,per lb,National,wholesale,,,,,,2736.0,lb,,2453,National Daily Boxed Beef Cutout & Boxed Beef Cuts - Negotiated Sales - PM (PDF) (LM_XB403),2026-09-26T13:48:36+00:00
f16e8fec674d932d,2021-06-08,Beef,"Chuck, clod, arm roast (114E  3)",Choice Cuts,,,,Choice,,,,,371.42,610.0,,,467.34,$/cwt,4.6734,per lb,National,wholesale,,,,,,15217.0,lb,,2453,National Daily Boxed Beef Cutout & Boxed Beef Cuts - Negotiated Sales - PM (PDF) (LM_XB403),2026-09-26T13:48:36+00:00
c0cf7d148208acb1,2021-06-08,Beef,"Chuck, clod, top blade (114D  3)",Choice Cuts,,,,Choice,,,,,571.0,602.23,,,577.24,$/cwt,5.7724,per lb,National,wholesale,,,,,,7323.0,lb,,2453,National Daily Boxed Beef Cutout & Boxed Beef Cuts - Negotiated Sales - PM (PDF) (LM_XB403),2026-09-26T13:48:36+00:00
9ac18c5997d9dbb9,2021-06-08,Beef,"Chuck, flap (116G  4)",Choice Cuts,,,,Choice,,,,,790.7,820.91,,,805.77,$/cwt,8.0577,per lb,National,wholesale,,,,,,28187.0,lb,,2453,National Daily Boxed Beef Cutout & Boxed Beef Cuts - Negotiated Sales - PM (PDF) (LM_XB403),2026-09-26T13:48:36+00:00
99264a35660f0cb5,2021-06-08,Beef,"Chuck, flap (116G  4)",Select Cuts,,,,Select,,,,,700.0,799.16,,,729.82,$/cwt,7.2982,per lb,National,wholesale,,,,,,16570.0,lb,,2453,National Daily Boxed Beef Cutout & Boxed Beef Cuts - Negotiated Sales - PM (PDF) (LM_XB403),2026-09-26T13:48:36+00:00
3500768d2216ed5d,2021-06-08,Beef,"Chuck, roll, lxl, neck/off (116A  3)",Choice Cuts,,,,Choice,,,,,344.0,394.72,,,371.36,$/cwt,3.7136,per lb,National,wholesale,,,,,,189170.0,lb,,2453,National Daily Boxed Beef Cutout & Boxed Beef Cuts - Negotiated Sales - PM (PDF) (LM_XB403),2026-09-26T13:48:36+00:00
7a7cdc5a487d94b1,2021-06-08,Beef,"Chuck, roll, lxl, neck/off (116A  3)",Select Cuts,,,,Select,,,,,340.29,387.8,,,362.14,$/cwt,3.6214,per lb,National,wholesale,,,,,,95866.0,lb,,2453,National Daily Boxed Beef Cutout & Boxed Beef Cuts - Negotiated Sales - PM (PDF) (LM_XB403),2026-09-26T13:48:36+00:00
69213cb97da79a56,2021-06-08,Beef,"Chuck, roll, retail ready (916A  3)",Choice Cuts,,,,Choice,,,,,425.26,440.0,,,432.43,$/cwt,4.3243,per lb,National,wholesale,,,,,,126237.0,lb,,2453,National Daily Boxed Beef Cutout & Boxed Beef Cuts - Negotiated Sales - PM (PDF) (LM_XB403),2026-09-26T13:48:36+00:00
4d34f20fb668a02b,2021-06-08,Beef,"Chuck, semi-bnls, neck/off (113C  1)",Choice Cuts,,,,Choice,,,,,299.81,330.0,,,311.39,$/cwt,3.1139,per lb,National,wholesale,,,,,,65287.0,lb,,2453,National Daily Boxed Beef Cutout & Boxed Beef Cuts - Negotiated Sales - PM (PDF) (LM_XB403),2026-09-26T13:48:36+00:00
5fd999d7b7d1e471,2021-06-08,Beef,"Chuck, short rib (130  4)",Choice Cuts,,,,Choice,,,,,469.96,545.0,,,524.89,$/cwt,5.2489,per lb,National,wholesale,,,,,,21099.0,lb,,2453,National Daily Boxed Beef Cutout & Boxed Beef Cuts - Negotiated Sales - PM (PDF) (LM_XB403),2026-09-26T13:48:36+00:00
fa8ec9fc71f8e762,2021-06-08,Beef,"Chuck, shoulder clod (114  1)",Choice Cuts,,,,Choice,,,,,307.0,335.0,,,326.43,$/cwt,3.2643,per lb,National,wholesale,,,,,,4215.0,lb,,2453,National Daily Boxed Beef Cutout & Boxed Beef Cuts - Negotiated Sales - PM (PDF) (LM_XB403),2026-09-26T13:48:36+00:00
28b6adbd47587fa8,2021-06-08,Beef,"Chuck, shoulder clod (114  1)",Select Cuts,,,,Select,,,,,295.0,324.03,,,308.84,$/cwt,3.0884,per lb,National,wholesale,,,,,,53951.0,lb,,2453,National Daily Boxed Beef Cutout & Boxed Beef Cuts - Negotiated Sales - PM (PDF) (LM_XB403),2026-09-26T13:48:36+00:00
002bf2dd3d1bb72d,2021-06-08,Beef,"Chuck, shoulder clod, trmd (114A  3)",Choice Cuts,,,,Choice,,,,,315.0,344.89,,,324.39,$/cwt,3.2439,per lb,National,wholesale,,,,,,90837.0,lb,,2453,National Daily Boxed Beef Cutout & Boxed Beef Cuts - Negotiated Sales - PM (PDF) (LM_XB403),2026-09-26T13:48:36+00:00
025c8b5d61433fcd,2021-06-08,Beef,"Chuck, shoulder clod, trmd (114A  3)",Select Cuts,,,,Select,,,,,309.0,333.97,,,320.95,$/cwt,3.2095,per lb,National,wholesale,,,,,,52095.0,lb,,2453,National Daily Boxed Beef Cutout & Boxed Beef Cuts - Negotiated Sales - PM (PDF) (LM_XB403),2026-09-26T13:48:36+00:00
24ccf020d8e2e24c,2021-06-08,Beef,Cutout 600-900 lb,,,,,Select,,,,,,,,,306.18,$/cwt,3.0618,per lb,National,wholesale,,,,,,,,,2453,National Daily Boxed Beef Cutout & Boxed Beef Cuts - Negotiated Sales - PM (PDF) (LM_XB403),2026-09-26T13:48:36+00:00
e194ebef943acac5,2021-06-08,Beef,Cutout 600-900 lb,,,,,Choice,,,,,,,,,338.61,$/cwt,3.3861,per lb,National,wholesale,,,,,,,,,2453,National Daily Boxed Beef Cutout & Boxed Beef Cuts - Negotiated Sales - PM (PDF) (LM_XB403),2026-09-26T13:48:36+00:00
0384b7a9e97d25de,2021-06-08,Beef,"Flank, flank steak (193  4)",Choice Cuts,,,,Choice,,,,,820.0,829.15,,,821.68,$/cwt,8.2168,per lb,National,wholesale,,,,,,20649.0,lb,,2453,National Daily Boxed Beef Cutout & Boxed Beef Cuts - Negotiated Sales - PM (PDF) (LM_XB403),2026-09-26T13:48:36+00:00
ec7b4b6065bc311b,2021-06-08,Beef,Ground Beef 73%,Ground Beef,,,,,,,,,245.33,255.0,,,251.16,$/cwt,2.5116,per lb,National,wholesale,,,,,,27300.0,lb,,2453,National Daily Boxed Beef Cutout & Boxed Beef Cuts - Negotiated Sales - PM (PDF) (LM_XB403),2026-09-26T13:48:36+00:00
a74cbff1a5906f64,2021-06-08,Beef,Ground Beef 81%,Ground Beef,,,,,,,,,310.0,327.0,,,316.43,$/cwt,3.1643,per lb,National,wholesale,,,,,,43879.0,lb,,2453,National Daily Boxed Beef Cutout & Boxed Beef Cuts - Negotiated Sales - PM (PDF) (LM_XB403),2026-09-26T13:48:36+00:00
75f6db3b9c66314b,2021-06-08,Beef,Ground Beef Round,Ground Beef,,,,,,,,,330.0,349.41,,,347.81,$/cwt,3.4781,per lb,National,wholesale,,,,,,117494.0,lb,,2453,National Daily Boxed Beef Cutout & Boxed Beef Cuts - Negotiated Sales - PM (PDF) (LM_XB403),2026-09-26T13:48:36+00:00
16f97ec5d5d42b92,2021-06-08,Beef,"Loin, ball-tip, bnls, heavy (185B  1)",Choice Cuts,,,,Choice,,,,,350.0,540.0,,,432.39,$/cwt,4.3239,per lb,National,wholesale,,,,,,200576.0,lb,,2453,National Daily Boxed Beef Cutout & Boxed Beef Cuts - Negotiated Sales - PM (PDF) (LM_XB403),2026-09-26T13:48:36+00:00
2cc4f8d822c58ce4,2021-06-08,Beef,"Loin, bottom sirloin, flap (185A  4)",Choice Cuts,,,,Choice,,,,,975.0,1140.7,,,1088.22,$/cwt,10.8822,per lb,National,wholesale,,,,,,43271.0,lb,,2453,National Daily Boxed Beef Cutout & Boxed Beef Cuts - Negotiated Sales - PM (PDF) (LM_XB403),2026-09-26T13:48:36+00:00
3b38a00a20b3f8d2,2021-06-08,Beef,"Loin, bottom sirloin, flap (185A  4)",Select Cuts,,,,Select,,,,,1000.0,1135.7,,,1041.1,$/cwt,10.411,per lb,National,wholesale,,,,,,2455.0,lb,,2453,National Daily Boxed Beef Cutout & Boxed Beef Cuts - Negotiated Sales - PM (PDF) (LM_XB403),2026-09-26T13:48:36+00:00
084a743af96a47c7,2021-06-08,Beef,"Loin, butt tender, trimmed (191A  4)",Choice Cuts,,,,Choice,,,,,1700.0,1742.0,,,1735.99,$/cwt,17.3599,per lb,National,wholesale,,,,,,1000.0,lb,,2453,National Daily Boxed Beef Cutout & Boxed Beef Cuts - Negotiated Sales - PM (PDF) (LM_XB403),2026-09-26T13:48:36+00:00
fbf396b0727691ab,2021-06-08,Beef,"Loin, short loin, 0x1 (174  3)",Choice Cuts,,,,Choice,,,,,979.5,1006.0,,,993.3,$/cwt,9.933,per lb,National,wholesale,,,,,,30003.0,lb,,2453,National Daily Boxed Beef Cutout & Boxed Beef Cuts - Negotiated Sales - PM (PDF) (LM_XB403),2026-09-26T13:48:36+00:00
8085e7a784b8b132,2021-06-08,Beef,"Loin, short loin, 0x1 (174  3)",Select Cuts,,,,Select,,,,,741.0,787.97,,,757.01,$/cwt,7.5701,per lb,National,wholesale,,,,,,15724.0,lb,,2453,National Daily Boxed Beef Cutout & Boxed Beef Cuts - Negotiated Sales - PM (PDF) (LM_XB403),2026-09-26T13:48:36+00:00
ed7936236d46ef10,2021-06-08,Beef,"Loin, sirloin, tri-tip (185C  1)",Choice Cuts,,,,Choice,,,,,580.0,605.7,,,595.17,$/cwt,5.9517,per lb,National,wholesale,,,,,,27189.0,lb,,2453,National Daily Boxed Beef Cutout & Boxed Beef Cuts - Negotiated Sales - PM (PDF) (LM_XB403),2026-09-26T13:48:36+00:00
8f93ef4a9ce01546,2021-06-08,Beef,"Loin, sirloin, tri-tip, pld (185D  4)",Choice Cuts,,,,Choice,,,,,886.15,915.0,,,904.12,$/cwt,9.0412,per lb,National,wholesale,,,,,,2818.0,lb,,2453,National Daily Boxed Beef Cutout & Boxed Beef Cuts - Negotiated Sales - PM (PDF) (LM_XB403),2026-09-26T13:48:36+00:00
cdf2426a5ea87507,2021-06-08,Beef,"Loin, strip loin, 1x1 (175  3)",Select Cuts,,,,Select,,,,,610.0,665.0,,,621.18,$/cwt,6.2118,per lb,National,wholesale,,,,,,96442.0,lb,,2453,National Daily Boxed Beef Cutout & Boxed Beef Cuts - Negotiated Sales - PM (PDF) (LM_XB403),2026-09-26T13:48:36+00:00
12f2a7391fdd5e20,2021-06-08,Beef,"Loin, strip, bnls, 0x1 (180  3)",Choice Cuts,,,,Choice,,,,,1000.0,1032.8,,,1018.2,$/cwt,10.182,per lb,National,wholesale,,,,,,43027.0,lb,,2453,National Daily Boxed Beef Cutout & Boxed Beef Cuts - Negotiated Sales - PM (PDF) (LM_XB403),2026-09-26T13:48:36+00:00
8d86a1b2bea16cbf,2021-06-08,Beef,"Loin, strip, bnls, 0x1 (180  3)",Select Cuts,,,,Select,,,,,734.6,799.15,,,743.43,$/cwt,7.4343,per lb,National,wholesale,,,,,,31656.0,lb,,2453,National Daily Boxed Beef Cutout & Boxed Beef Cuts - Negotiated Sales - PM (PDF) (LM_XB403),2026-09-26T13:48:36+00:00
350171cca5930367,2021-06-08,Beef,"Loin, tndrloin, trmd, heavy (189A  4)",Choice Cuts,,,,Choice,,,,,1773.0,1897.8,,,1861.19,$/cwt,18.6119,per lb,National,wholesale,,,,,,25902.0,lb,,2453,National Daily Boxed Beef Cutout & Boxed Beef Cuts - Negotiated Sales - PM (PDF) (LM_XB403),2026-09-26T13:48:36+00:00
6211641214381f0a,2021-06-08,Beef,"Loin, tndrloin, trmd, heavy (189A  4)",Select Cuts,,,,Select,,,,,1700.0,1820.7,,,1702.57,$/cwt,17.0257,per lb,National,wholesale,,,,,,27747.0,lb,,2453,National Daily Boxed Beef Cutout & Boxed Beef Cuts - Negotiated Sales - PM (PDF) (LM_XB403),2026-09-26T13:48:36+00:00
9016b4696b36e4ec,2021-06-08,Beef,"Loin, top butt, CC (184B  3)",Choice Cuts,,,,Choice,,,,,758.0,766.0,,,758.97,$/cwt,7.5897,per lb,National,wholesale,,,,,,4918.0,lb,,2453,National Daily Boxed Beef Cutout & Boxed Beef Cuts - Negotiated Sales - PM (PDF) (LM_XB403),2026-09-26T13:48:36+00:00
17a181ee47abf5f2,2021-06-08,Beef,"Loin, top butt, boneless (184  3)",Choice Cuts,,,,Choice,,,,,490.0,531.0,,,497.94,$/cwt,4.9794,per lb,National,wholesale,,,,,,226779.0,lb,,2453,National Daily Boxed Beef Cutout & Boxed Beef Cuts - Negotiated Sales - PM (PDF) (LM_XB403),2026-09-26T13:48:36+00:00
67da6b99042f737e,2021-06-08,Beef,"Loin, top butt, boneless (184  3)",Select Cuts,,,,Select,,,,,440.12,480.0,,,454.69,$/cwt,4.5469,per lb,National,wholesale,,,,,,17520.0,lb,,2453,National Daily Boxed Beef Cutout & Boxed Beef Cuts - Negotiated Sales - PM (PDF) (LM_XB403),2026-09-26T13:48:36+00:00
6ae07ef453a624f5,2021-06-08,Beef,"Rib, ribeye, bnls, heavy (112A  3)",Choice Cuts,,,,Choice,,,,,1281.42,1330.0,,,1292.4,$/cwt,12.924,per lb,National,wholesale,,,,,,32303.0,lb,,2453,National Daily Boxed Beef Cutout & Boxed Beef Cuts - Negotiated Sales - PM (PDF) (LM_XB403),2026-09-26T13:48:36+00:00
ed02bf24010faa79,2021-06-08,Beef,"Rib, ribeye, bnls, heavy (112A  3)",Select Cuts,,,,Select,,,,,1013.0,1040.0,,,1020.28,$/cwt,10.2028,per lb,National,wholesale,,,,,,7905.0,lb,,2453,National Daily Boxed Beef Cutout & Boxed Beef Cuts - Negotiated Sales - PM (PDF) (LM_XB403),2026-09-26T13:48:36+00:00
ac7dd2e246e51fb0,2021-06-08,Beef,"Rib, ribeye, bnls, light (112A  3)",Choice Cuts,,,,Choice,,,,,1310.0,1359.62,,,1321.35,$/cwt,13.2135,per lb,National,wholesale,,,,,,39343.0,lb,,2453,National Daily Boxed Beef Cutout & Boxed Beef Cuts - Negotiated Sales - PM (PDF) (LM_XB403),2026-09-26T13:48:36+00:00
a50cc4a3c381ff12,2021-06-08,Beef,"Rib, ribeye, bnls, light (112A  3)",Select Cuts,,,,Select,,,,,865.0,1053.45,,,884.15,$/cwt,8.8415,per lb,National,wholesale,,,,,,222676.0,lb,,2453,National Daily Boxed Beef Cutout & Boxed Beef Cuts - Negotiated Sales - PM (PDF) (LM_XB403),2026-09-26T13:48:36+00:00
2208bb80d949f54d,2021-06-08,Beef,"Rib, ribeye, lip-on, bn-in (109E  1)",Choice Cuts,,,,Choice,,,,,1117.0,1151.0,,,1125.06,$/cwt,11.2506,per lb,National,wholesale,,,,,,63151.0,lb,,2453,National Daily Boxed Beef Cutout & Boxed Beef Cuts - Negotiated Sales - PM (PDF) (LM_XB403),2026-09-26T13:48:36+00:00
424dace5cd32afe7,2021-06-08,Beef,"Rib, ribeye, lip-on, bn-in (109E  1)",Select Cuts,,,,Select,,,,,775.0,876.97,,,822.14,$/cwt,8.2214,per lb,National,wholesale,,,,,,4669.0,lb,,2453,National Daily Boxed Beef Cutout & Boxed Beef Cuts - Negotiated Sales - PM (PDF) (LM_XB403),2026-09-26T13:48:36+00:00
a8b3601bde0bc2f2,2021-06-08,Beef,"Round, bottom gooseneck (170  1)",Choice Cuts,,,,Choice,,,,,310.0,326.89,,,322.7,$/cwt,3.227,per lb,National,wholesale,,,,,,13954.0,lb,,2453,National Daily Boxed Beef Cutout & Boxed Beef Cuts - Negotiated Sales - PM (PDF) (LM_XB403),2026-09-26T13:48:36+00:00
93b9d2fd2b4b1b4d,2021-06-08,Beef,"Round, eye of round (171C  3)",Choice Cuts,,,,Choice,,,,,314.77,352.76,,,327.87,$/cwt,3.2787,per lb,National,wholesale,,,,,,92521.0,lb,,2453,National Daily Boxed Beef Cutout & Boxed Beef Cuts - Negotiated Sales - PM (PDF) (LM_XB403),2026-09-26T13:48:36+00:00
54164c0017694f96,2021-06-08,Beef,"Round, eye of round (171C  3)",Select Cuts,,,,Select,,,,,335.0,350.0,,,338.08,$/cwt,3.3808,per lb,National,wholesale,,,,,,13979.0,lb,,2453,National Daily Boxed Beef Cutout & Boxed Beef Cuts - Negotiated Sales - PM (PDF) (LM_XB403),2026-09-26T13:48:36+00:00
5d3ec7201de8223e,2021-06-08,Beef,"Round, knuckle, peeled (167A  4)",Choice Cuts,,,,Choice,,,,,359.5,401.71,,,384.8,$/cwt,3.848,per lb,National,wholesale,,,,,,34698.0,lb,,2453,National Daily Boxed Beef Cutout & Boxed Beef Cuts - Negotiated Sales - PM (PDF) (LM_XB403),2026-09-26T13:48:36+00:00
283dde7ce1e8880f,2021-06-08,Beef,"Round, knuckle, peeled (167A  4)",Select Cuts,,,,Select,,,,,353.39,390.0,,,375.79,$/cwt,3.7579,per lb,National,wholesale,,,,,,17692.0,lb,,2453,National Daily Boxed Beef Cutout & Boxed Beef Cuts - Negotiated Sales - PM (PDF) (LM_XB403),2026-09-26T13:48:36+00:00
5014db720dfeeebf,2021-06-08,Beef,"Round, outside round (171B  3)",Choice Cuts,,,,Choice,,,,,314.0,352.0,,,331.93,$/cwt,3.3193,per lb,National,wholesale,,,,,,83130.0,lb,,2453,National Daily Boxed Beef Cutout & Boxed Beef Cuts - Negotiated Sales - PM (PDF) (LM_XB403),2026-09-26T13:48:36+00:00
8d8a5f5ec7c1b6bc,2021-06-08,Beef,"Round, outside round (171B  3)",Select Cuts,,,,Select,,,,,320.33,351.67,,,341.98,$/cwt,3.4198,per lb,National,wholesale,,,,,,13235.0,lb,,2453,National Daily Boxed Beef Cutout & Boxed Beef Cuts - Negotiated Sales - PM (PDF) (LM_XB403),2026-09-26T13:48:36+00:00
1acaf4df3fa10110,2021-06-08,Beef,"Round, top inside round (168  1)",Choice Cuts,,,,Choice,,,,,345.56,360.0,,,349.2,$/cwt,3.492,per lb,National,wholesale,,,,,,51190.0,lb,,2453,National Daily Boxed Beef Cutout & Boxed Beef Cuts - Negotiated Sales - PM (PDF) (LM_XB403),2026-09-26T13:48:36+00:00
932c4a95f7ed4a10,2021-06-08,Beef,"Round, top inside round (168  3)",Choice Cuts,,,,Choice,,,,,340.0,379.3,,,349.14,$/cwt,3.4914,per lb,National,wholesale,,,,,,487246.0,lb,,2453,National Daily Boxed Beef Cutout & Boxed Beef Cuts - Negotiated Sales - PM (PDF) (LM_XB403),2026-09-26T13:48:36+00:00
57d3c79a94c17c64,2021-06-08,Beef,"Round, top inside round (168  3)",Select Cuts,,,,Select,,,,,341.0,378.75,,,345.19,$/cwt,3.4519,per lb,National,wholesale,,,,,,146453.0,lb,,2453,National Daily Boxed Beef Cutout & Boxed Beef Cuts - Negotiated Sales - PM (PDF) (LM_XB403),2026-09-26T13:48:36+00:00
0197bfaea5c74388,2021-06-08,Beef,"Round, top inside, cap off (169A  5)",Choice Cuts,,,,Choice,,,,,525.0,525.5,,,525.35,$/cwt,5.2535,per lb,National,wholesale,,,,,,8938.0,lb,,2453,National Daily Boxed Beef Cutout & Boxed Beef Cuts - Negotiated Sales - PM (PDF) (LM_XB403),2026-09-26T13:48:36+00:00
40a8027ebb91df5b,2021-06-08,Beef,"Round, top inside, denuded (169  5)",Choice Cuts,,,,Choice,,,,,393.0,451.0,,,405.3,$/cwt,4.053,per lb,National,wholesale,,,,,,8311.0,lb,,2453,National Daily Boxed Beef Cutout & Boxed Beef Cuts - Negotiated Sales - PM (PDF) (LM_XB403),2026-09-26T13:48:36+00:00
66c4eff1b08c9283,2021-06-08,Beef,"Short Plate, short rib (123A  3)",Choice Cuts,,,,Choice,,,,,527.26,610.7,,,582.21,$/cwt,5.8221,per lb,National,wholesale,,,,,,59405.0,lb,,2453,National Daily Boxed Beef Cutout & Boxed Beef Cuts - Negotiated Sales - PM (PDF) (LM_XB403),2026-09-26T13:48:36+00:00
875e6a6ad4b548a3,2021-06-08,Beef,"Short Plate, short rib (123A  3)",Select Cuts,,,,Select,,,,,501.0,600.25,,,559.36,$/cwt,5.5936,per lb,National,wholesale,,,,,,43858.0,lb,,2453,National Daily Boxed Beef Cutout & Boxed Beef Cuts - Negotiated Sales - PM (PDF) (LM_XB403),2026-09-26T13:48:36+00:00
e0e6d4ab4272f4f0,2021-06-09,Beef,"Brisket, deckle-off, bnls (120  1)",Choice Cuts,,,,Choice,,,,,419.0,464.55,,,438.81,$/cwt,4.3881,per lb,National,wholesale,,,,,,185020.0,lb,,2453,National Daily Boxed Beef Cutout & Boxed Beef Cuts - Negotiated Sales - PM (PDF) (LM_XB403),2026-09-26T13:48:36+00:00
a9e6a26e96613f24,2021-06-09,Beef,"Brisket, deckle-off, bnls (120  1)",Select Cuts,,,,Select,,,,,395.0,458.5,,,436.36,$/cwt,4.3636,per lb,National,wholesale,,,,,,26258.0,lb,,2453,National Daily Boxed Beef Cutout & Boxed Beef Cuts - Negotiated Sales - PM (PDF) (LM_XB403),2026-09-26T13:48:36+00:00
14ab6aea9a65aa91,2021-06-09,Beef,"Brisket, point/off, bnls (120A  3)",Choice Cuts,,,,Choice,,,,,760.0,815.0,,,768.67,$/cwt,7.6867,per lb,National,wholesale,,,,,,5181.0,lb,,2453,National Daily Boxed Beef Cutout & Boxed Beef Cuts - Negotiated Sales - PM (PDF) (LM_XB403),2026-09-26T13:48:36+00:00
47aee01b13407615,2021-06-09,Beef,"Chuck, chuck tender (116B  1)",Choice Cuts,,,,Choice,,,,,325.0,360.47,,,339.02,$/cwt,3.3902,per lb,National,wholesale,,,,,,83491.0,lb,,2453,National Daily Boxed Beef Cutout & Boxed Beef Cuts - Negotiated Sales - PM (PDF) (LM_XB403),2026-09-26T13:48:36+00:00
8d7bcfe3275ba2cd,2021-06-09,Beef,"Chuck, chuck tender (116B  1)",Select Cuts,,,,Select,,,,,330.0,337.0,,,335.75,$/cwt,3.3575,per lb,National,wholesale,,,,,,10665.0,lb,,2453,National Daily Boxed Beef Cutout & Boxed Beef Cuts - Negotiated Sales - PM (PDF) (LM_XB403),2026-09-26T13:48:36+00:00
c78e7833b51ec41c,2021-06-09,Beef,"Chuck, clod tender (114F  5)",Choice Cuts,,,,Choice,,,,,759.2,785.0,,,775.79,$/cwt,7.7579,per lb,National,wholesale,,,,,,33826.0,lb,,2453,National Daily Boxed Beef Cutout & Boxed Beef Cuts - Negotiated Sales - PM (PDF) (LM_XB403),2026-09-26T13:48:36+00:00
404450729cab0fb8,2021-06-09,Beef,"Chuck, clod tender (114F  5)",Select Cuts,,,,Select,,,,,749.0,770.0,,,767.92,$/cwt,7.6792,per lb,National,wholesale,,,,,,7241.0,lb,,2453,National Daily Boxed Beef Cutout & Boxed Beef Cuts - Negotiated Sales - PM (PDF) (LM_XB403),2026-09-26T13:48:36+00:00
72f25ac4e421fa97,2021-06-09,Beef,"Chuck, clod, arm roast (114E  3)",Choice Cuts,,,,Choice,,,,,410.0,420.0,,,412.16,$/cwt,4.1216,per lb,National,wholesale,,,,,,6307.0,lb,,2453,National Daily Boxed Beef Cutout & Boxed Beef Cuts - Negotiated Sales - PM (PDF) (LM_XB403),2026-09-26T13:48:36+00:00
e7a074fae55fbd9b,2021-06-09,Beef,"Chuck, clod, top blade (114D  3)",Choice Cuts,,,,Choice,,,,,580.0,602.0,,,589.44,$/cwt,5.8944,per lb,National,wholesale,,,,,,17864.0,lb,,2453,National Daily Boxed Beef Cutout & Boxed Beef Cuts - Negotiated Sales - PM (PDF) (LM_XB403),2026-09-26T13:48:36+00:00
3e58cbbcea22f525,2021-06-09,Beef,"Chuck, flap (116G  4)",Choice Cuts,,,,Choice,,,,,790.5,810.0,,,799.57,$/cwt,7.9957,per lb,National,wholesale,,,,,,5651.0,lb,,2453,National Daily Boxed Beef Cutout & Boxed Beef Cuts - Negotiated Sales - PM (PDF) (LM_XB403),2026-09-26T13:48:36+00:00
85df04760d7c1633,2021-06-09,Beef,"Chuck, roll, lxl, neck/off (116A  3)",Choice Cuts,,,,Choice,,,,,347.48,393.0,,,369.4,$/cwt,3.694,per lb,National,wholesale,,,,,,128137.0,lb,,2453,National Daily Boxed Beef Cutout & Boxed Beef Cuts - Negotiated Sales - PM (PDF) (LM_XB403),2026-09-26T13:48:36+00:00
51abf95544c59e56,2021-06-09,Beef,"Chuck, roll, lxl, neck/off (116A  3)",Select Cuts,,,,Select,,,,,346.0,385.0,,,364.19,$/cwt,3.6419,per lb,National,wholesale,,,,,,29920.0,lb,,2453,National Daily Boxed Beef Cutout & Boxed Beef Cuts - Negotiated Sales - PM (PDF) (LM_XB403),2026-09-26T13:48:36+00:00
08c7b2e934bed7dc,2021-06-09,Beef,"Chuck, roll, retail ready (916A  3)",Choice Cuts,,,,Choice,,,,,400.0,403.63,,,401.3,$/cwt,4.013,per lb,National,wholesale,,,,,,136003.0,lb,,2453,National Daily Boxed Beef Cutout & Boxed Beef Cuts - Negotiated Sales - PM (PDF) (LM_XB403),2026-09-26T13:48:36+00:00
094ad457f148de8c,2021-06-09,Beef,"Chuck, semi-bnls, neck/off (113C  1)",Choice Cuts,,,,Choice,,,,,299.21,325.0,,,307.08,$/cwt,3.0708,per lb,National,wholesale,,,,,,59118.0,lb,,2453,National Daily Boxed Beef Cutout & Boxed Beef Cuts - Negotiated Sales - PM (PDF) (LM_XB403),2026-09-26T13:48:36+00:00
016f59e75fe3a2a1,2021-06-09,Beef,"Chuck, short rib (130  4)",Choice Cuts,,,,Choice,,,,,475.0,559.98,,,504.18,$/cwt,5.0418,per lb,National,wholesale,,,,,,33085.0,lb,,2453,National Daily Boxed Beef Cutout & Boxed Beef Cuts - Negotiated Sales - PM (PDF) (LM_XB403),2026-09-26T13:48:36+00:00
cda5c4d572f60a9f,2021-06-09,Beef,"Chuck, short rib (130  4)",Select Cuts,,,,Select,,,,,458.0,516.5,,,496.52,$/cwt,4.9652,per lb,National,wholesale,,,,,,6791.0,lb,,2453,National Daily Boxed Beef Cutout & Boxed Beef Cuts - Negotiated Sales - PM (PDF) (LM_XB403),2026-09-26T13:48:36+00:00
f8dcbaea37e043a8,2021-06-09,Beef,"Chuck, shoulder clod (114  1)",Choice Cuts,,,,Choice,,,,,303.0,329.78,,,312.27,$/cwt,3.1227,per lb,National,wholesale,,,,,,22403.0,lb,,2453,National Daily Boxed Beef Cutout & Boxed Beef Cuts - Negotiated Sales - PM (PDF) (LM_XB403),2026-09-26T13:48:36+00:00
78c7fed8e70b9116,2021-06-09,Beef,"Chuck, shoulder clod, trmd (114A  3)",Choice Cuts,,,,Choice,,,,,311.0,342.0,,,318.34,$/cwt,3.1834,per lb,National,wholesale,,,,,,187240.0,lb,,2453,National Daily Boxed Beef Cutout & Boxed Beef Cuts - Negotiated Sales - PM (PDF) (LM_XB403),2026-09-26T13:48:36+00:00
aba54dcb524d9bfe,2021-06-09,Beef,"Chuck, shoulder clod, trmd (114A  3)",Select Cuts,,,,Select,,,,,317.3,340.13,,,326.37,$/cwt,3.2637,per lb,National,wholesale,,,,,,47237.0,lb,,2453,National Daily Boxed Beef Cutout & Boxed Beef Cuts - Negotiated Sales - PM (PDF) (LM_XB403),2026-09-26T13:48:36+00:00
77643c3c9559fbb2,2021-06-09,Beef,Cutout 600-900 lb,,,,,Choice,,,,,,,,,338.65,$/cwt,3.3865,per lb,National,wholesale,,,,,,,,,2453,National Daily Boxed Beef Cutout & Boxed Beef Cuts - Negotiated Sales - PM (PDF) (LM_XB403),2026-09-26T13:48:36+00:00
927c20b13a523353,2021-06-09,Beef,Cutout 600-900 lb,,,,,Select,,,,,,,,,307.87,$/cwt,3.0787,per lb,National,wholesale,,,,,,,,,2453,National Daily Boxed Beef Cutout & Boxed Beef Cuts - Negotiated Sales - PM (PDF) (LM_XB403),2026-09-26T13:48:36+00:00
1dcd804180ef50bc,2021-06-09,Beef,"Flank, flank steak (193  4)",Choice Cuts,,,,Choice,,,,,811.0,837.5,,,829.06,$/cwt,8.2906,per lb,National,wholesale,,,,,,16109.0,lb,,2453,National Daily Boxed Beef Cutout & Boxed Beef Cuts - Negotiated Sales - PM (PDF) (LM_XB403),2026-09-26T13:48:36+00:00
0e0d0f0402f39506,2021-06-09,Beef,"Flank, flank steak (193  4)",Select Cuts,,,,Select,,,,,779.0,820.0,,,803.35,$/cwt,8.0335,per lb,National,wholesale,,,,,,4506.0,lb,,2453,National Daily Boxed Beef Cutout & Boxed Beef Cuts - Negotiated Sales - PM (PDF) (LM_XB403),2026-09-26T13:48:36+00:00
2e00a80a87db57b5,2021-06-09,Beef,Ground Beef 73%,Ground Beef,,,,,,,,,245.75,273.0,,,255.32,$/cwt,2.5532,per lb,National,wholesale,,,,,,33988.0,lb,,2453,National Daily Boxed Beef Cutout & Boxed Beef Cuts - Negotiated Sales - PM (PDF) (LM_XB403),2026-09-26T13:48:36+00:00
dcdbd4ac2df67951,2021-06-09,Beef,Ground Beef 81%,Ground Beef,,,,,,,,,310.0,330.02,,,319.57,$/cwt,3.1957,per lb,National,wholesale,,,,,,196130.0,lb,,2453,National Daily Boxed Beef Cutout & Boxed Beef Cuts - Negotiated Sales - PM (PDF) (LM_XB403),2026-09-26T13:48:36+00:00
70a1e8b8155d2956,2021-06-09,Beef,Ground Beef 93%,Ground Beef,,,,,,,,,376.0,380.0,,,376.05,$/cwt,3.7605,per lb,National,wholesale,,,,,,14617.0,lb,,2453,National Daily Boxed Beef Cutout & Boxed Beef Cuts - Negotiated Sales - PM (PDF) (LM_XB403),2026-09-26T13:48:36+00:00
77c24fc4031217de,2021-06-09,Beef,Ground Beef Chuck,Ground Beef,,,,,,,,,321.0,334.0,,,331.29,$/cwt,3.3129,per lb,National,wholesale,,,,,,66646.0,lb,,2453,National Daily Boxed Beef Cutout & Boxed Beef Cuts - Negotiated Sales - PM (PDF) (LM_XB403),2026-09-26T13:48:36+00:00
527505050127afd3,2021-06-09,Beef,Ground Beef Round,Ground Beef,,,,,,,,,327.0,360.04,,,351.06,$/cwt,3.5106,per lb,National,wholesale,,,,,,30674.0,lb,,2453,National Daily Boxed Beef Cutout & Boxed Beef Cuts - Negotiated Sales - PM (PDF) (LM_XB403),2026-09-26T13:48:36+00:00
066a5fd5122fc7d3,2021-06-09,Beef,"Loin, ball-tip, bnls, heavy (185B  1)",Choice Cuts,,,,Choice,,,,,451.64,520.0,,,489.3,$/cwt,4.893,per lb,National,wholesale,,,,,,56339.0,lb,,2453,National Daily Boxed Beef Cutout & Boxed Beef Cuts - Negotiated Sales - PM (PDF) (LM_XB403),2026-09-26T13:48:36+00:00
2ca572f4659f64dc,2021-06-09,Beef,"Loin, bottom sirloin, flap (185A  4)",Choice Cuts,,,,Choice,,,,,865.0,1145.0,,,930.24,$/cwt,9.3024,per lb,National,wholesale,,,,,,127622.0,lb,,2453,National Daily Boxed Beef Cutout & Boxed Beef Cuts - Negotiated Sales - PM (PDF) (LM_XB403),2026-09-26T13:48:36+00:00
3aec7be8ae5aea3d,2021-06-09,Beef,"Loin, bottom sirloin, flap (185A  4)",Select Cuts,,,,Select,,,,,999.65,1088.92,,,1017.78,$/cwt,10.1778,per lb,National,wholesale,,,,,,7052.0,lb,,2453,National Daily Boxed Beef Cutout & Boxed Beef Cuts - Negotiated Sales - PM (PDF) (LM_XB403),2026-09-26T13:48:36+00:00
d180ab2c0cd86563,2021-06-09,Beef,"Loin, butt tender, trimmed (191A  4)",Choice Cuts,,,,Choice,,,,,1754.0,1800.0,,,1779.42,$/cwt,17.7942,per lb,National,wholesale,,,,,,4373.0,lb,,2453,National Daily Boxed Beef Cutout & Boxed Beef Cuts - Negotiated Sales - PM (PDF) (LM_XB403),2026-09-26T13:48:36+00:00
1df2e916d57aa3dd,2021-06-09,Beef,"Loin, short loin, 0x1 (174  3)",Choice Cuts,,,,Choice,,,,,989.83,1007.5,,,1000.27,$/cwt,10.0027,per lb,National,wholesale,,,,,,48781.0,lb,,2453,National Daily Boxed Beef Cutout & Boxed Beef Cuts - Negotiated Sales - PM (PDF) (LM_XB403),2026-09-26T13:48:36+00:00
2c79da0750ac2655,2021-06-09,Beef,"Loin, short loin, 0x1 (174  3)",Select Cuts,,,,Select,,,,,750.0,800.0,,,767.19,$/cwt,7.6719,per lb,National,wholesale,,,,,,14543.0,lb,,2453,National Daily Boxed Beef Cutout & Boxed Beef Cuts - Negotiated Sales - PM (PDF) (LM_XB403),2026-09-26T13:48:36+00:00
114ecee08d62007d,2021-06-09,Beef,"Loin, sirloin, tri-tip (185C  1)",Choice Cuts,,,,Choice,,,,,593.0,615.0,,,598.58,$/cwt,5.9858,per lb,National,wholesale,,,,,,17299.0,lb,,2453,National Daily Boxed Beef Cutout & Boxed Beef Cuts - Negotiated Sales - PM (PDF) (LM_XB403),2026-09-26T13:48:36+00:00
518febfc38913ab4,2021-06-09,Beef,"Loin, sirloin, tri-tip (185C  1)",Select Cuts,,,,Select,,,,,400.0,434.0,,,411.3,$/cwt,4.113,per lb,National,wholesale,,,,,,34333.0,lb,,2453,National Daily Boxed Beef Cutout & Boxed Beef Cuts - Negotiated Sales - PM (PDF) (LM_XB403),2026-09-26T13:48:36+00:00
7373602a5f32e8e7,2021-06-09,Beef,"Loin, sirloin, tri-tip, pld (185D  4)",Choice Cuts,,,,Choice,,,,,810.0,935.0,,,827.41,$/cwt,8.2741,per lb,National,wholesale,,,,,,46326.0,lb,,2453,National Daily Boxed Beef Cutout & Boxed Beef Cuts - Negotiated Sales - PM (PDF) (LM_XB403),2026-09-26T13:48:36+00:00
31a2c264c01c2822,2021-06-09,Beef,"Loin, strip loin bnls. 1x1 (  1)",Choice Cuts,,,,Choice,,,,,933.0,934.0,,,933.73,$/cwt,9.3373,per lb,National,wholesale,,,,,,2645.0,lb,,2453,National Daily Boxed Beef Cutout & Boxed Beef Cuts - Negotiated Sales - PM (PDF) (LM_XB403),2026-09-26T13:48:36+00:00
33acb488feb1e19e,2021-06-09,Beef,"Loin, strip, bnls, 0x1 (180  3)",Choice Cuts,,,,Choice,,,,,1009.0,1059.78,,,1025.45,$/cwt,10.2545,per lb,National,wholesale,,,,,,110304.0,lb,,2453,National Daily Boxed Beef Cutout & Boxed Beef Cuts - Negotiated Sales - PM (PDF) (LM_XB403),2026-09-26T13:48:36+00:00
b8731ac4b7344064,2021-06-09,Beef,"Loin, strip, bnls, 0x1 (180  3)",Select Cuts,,,,Select,,,,,742.3,785.0,,,761.99,$/cwt,7.6199,per lb,National,wholesale,,,,,,7018.0,lb,,2453,National Daily Boxed Beef Cutout & Boxed Beef Cuts - Negotiated Sales - PM (PDF) (LM_XB403),2026-09-26T13:48:36+00:00
fc98db3991b0addc,2021-06-09,Beef,"Loin, tndrloin, trmd, heavy (189A  4)",Choice Cuts,,,,Choice,,,,,1780.0,1900.7,,,1815.88,$/cwt,18.1588,per lb,National,wholesale,,,,,,62257.0,lb,,2453,National Daily Boxed Beef Cutout & Boxed Beef Cuts - Negotiated Sales - PM (PDF) (LM_XB403),2026-09-26T13:48:36+00:00
0ce3e2b140151f3e,2021-06-09,Beef,"Loin, tndrloin, trmd, heavy (189A  4)",Select Cuts,,,,Select,,,,,1652.0,1815.0,,,1689.14,$/cwt,16.8914,per lb,National,wholesale,,,,,,22238.0,lb,,2453,National Daily Boxed Beef Cutout & Boxed Beef Cuts - Negotiated Sales - PM (PDF) (LM_XB403),2026-09-26T13:48:36+00:00
6188320599bcf814,2021-06-09,Beef,"Loin, top butt, CC (184B  3)",Choice Cuts,,,,Choice,,,,,765.0,786.33,,,777.6,$/cwt,7.776,per lb,National,wholesale,,,,,,5222.0,lb,,2453,National Daily Boxed Beef Cutout & Boxed Beef Cuts - Negotiated Sales - PM (PDF) (LM_XB403),2026-09-26T13:48:36+00:00
4bcb770bdd2d0edb,2021-06-09,Beef,"Loin, top butt, bnls, heavy (184  1)",Choice Cuts,,,,Choice,,,,,509.55,515.0,,,513.35,$/cwt,5.1335,per lb,National,wholesale,,,,,,3609.0,lb,,2453,National Daily Boxed Beef Cutout & Boxed Beef Cuts - Negotiated Sales - PM (PDF) (LM_XB403),2026-09-26T13:48:36+00:00
6e24a720d9f0406d,2021-06-09,Beef,"Loin, top butt, boneless (184  3)",Choice Cuts,,,,Choice,,,,,480.0,543.0,,,496.57,$/cwt,4.9657,per lb,National,wholesale,,,,,,131513.0,lb,,2453,National Daily Boxed Beef Cutout & Boxed Beef Cuts - Negotiated Sales - PM (PDF) (LM_XB403),2026-09-26T13:48:36+00:00
04ca7316e34909d8,2021-06-09,Beef,"Loin, top butt, boneless (184  3)",Select Cuts,,,,Select,,,,,442.3,500.0,,,456.99,$/cwt,4.5699,per lb,National,wholesale,,,,,,13526.0,lb,,2453,National Daily Boxed Beef Cutout & Boxed Beef Cuts - Negotiated Sales - PM (PDF) (LM_XB403),2026-09-26T13:48:36+00:00
086e7823782aa285,2021-06-09,Beef,"Rib, ribeye, bnls, heavy (112A  3)",Choice Cuts,,,,Choice,,,,,1281.0,1345.0,,,1311.55,$/cwt,13.1155,per lb,National,wholesale,,,,,,164704.0,lb,,2453,National Daily Boxed Beef Cutout & Boxed Beef Cuts - Negotiated Sales - PM (PDF) (LM_XB403),2026-09-26T13:48:36+00:00
99185848c65e5a06,2021-06-09,Beef,"Rib, ribeye, bnls, heavy (112A  3)",Select Cuts,,,,Select,,,,,973.0,1050.1,,,1018.5,$/cwt,10.185,per lb,National,wholesale,,,,,,19834.0,lb,,2453,National Daily Boxed Beef Cutout & Boxed Beef Cuts - Negotiated Sales - PM (PDF) (LM_XB403),2026-09-26T13:48:36+00:00
65cd4c590cb5e64d,2021-06-09,Beef,"Rib, ribeye, bnls, light (112A  3)",Choice Cuts,,,,Choice,,,,,1275.0,1340.0,,,1296.48,$/cwt,12.9648,per lb,National,wholesale,,,,,,26913.0,lb,,2453,National Daily Boxed Beef Cutout & Boxed Beef Cuts - Negotiated Sales - PM (PDF) (LM_XB403),2026-09-26T13:48:36+00:00
1a915cf52e427368,2021-06-09,Beef,"Rib, ribeye, bnls, light (112A  3)",Select Cuts,,,,Select,,,,,865.0,1050.0,,,959.69,$/cwt,9.5969,per lb,National,wholesale,,,,,,9250.0,lb,,2453,National Daily Boxed Beef Cutout & Boxed Beef Cuts - Negotiated Sales - PM (PDF) (LM_XB403),2026-09-26T13:48:36+00:00
b5eda2a50ded852a,2021-06-09,Beef,"Rib, ribeye, lip-on, bn-in (109E  1)",Choice Cuts,,,,Choice,,,,,1095.0,1188.0,,,1126.14,$/cwt,11.2614,per lb,National,wholesale,,,,,,16088.0,lb,,2453,National Daily Boxed Beef Cutout & Boxed Beef Cuts - Negotiated Sales - PM (PDF) (LM_XB403),2026-09-26T13:48:36+00:00
a8bf376db9dd7892,2021-06-09,Beef,"Rib, ribeye, lip-on, bn-in (109E  1)",Select Cuts,,,,Select,,,,,875.0,910.0,,,881.74,$/cwt,8.8174,per lb,National,wholesale,,,,,,9854.0,lb,,2453,National Daily Boxed Beef Cutout & Boxed Beef Cuts - Negotiated Sales - PM (PDF) (LM_XB403),2026-09-26T13:48:36+00:00
06942b38ed1ac781,2021-06-09,Beef,"Round, bottom gooseneck (170  1)",Choice Cuts,,,,Choice,,,,,267.39,330.0,,,272.36,$/cwt,2.7236,per lb,National,wholesale,,,,,,36423.0,lb,,2453,National Daily Boxed Beef Cutout & Boxed Beef Cuts - Negotiated Sales - PM (PDF) (LM_XB403),2026-09-26T13:48:36+00:00
2c6154e1bdc1f9a3,2021-06-09,Beef,"Round, eye of round (171C  3)",Choice Cuts,,,,Choice,,,,,314.37,350.0,,,331.4,$/cwt,3.314,per lb,National,wholesale,,,,,,135787.0,lb,,2453,National Daily Boxed Beef Cutout & Boxed Beef Cuts - Negotiated Sales - PM (PDF) (LM_XB403),2026-09-26T13:48:36+00:00
2f86bb40ffe5483b,2021-06-09,Beef,"Round, eye of round (171C  3)",Select Cuts,,,,Select,,,,,322.68,342.0,,,332.14,$/cwt,3.3214,per lb,National,wholesale,,,,,,78741.0,lb,,2453,National Daily Boxed Beef Cutout & Boxed Beef Cuts - Negotiated Sales - PM (PDF) (LM_XB403),2026-09-26T13:48:36+00:00
782728cc142fb9b6,2021-06-09,Beef,"Round, knuckle, peeled (167A  4)",Choice Cuts,,,,Choice,,,,,372.3,403.0,,,385.89,$/cwt,3.8589,per lb,National,wholesale,,,,,,86882.0,lb,,2453,National Daily Boxed Beef Cutout & Boxed Beef Cuts - Negotiated Sales - PM (PDF) (LM_XB403),2026-09-26T13:48:36+00:00
15a7da06d4f30b76,2021-06-09,Beef,"Round, knuckle, peeled (167A  4)",Select Cuts,,,,Select,,,,,374.0,402.0,,,384.45,$/cwt,3.8445,per lb,National,wholesale,,,,,,4666.0,lb,,2453,National Daily Boxed Beef Cutout & Boxed Beef Cuts - Negotiated Sales - PM (PDF) (LM_XB403),2026-09-26T13:48:36+00:00
387a2e86cd97193f,2021-06-09,Beef,"Round, outside round (171B  3)",Choice Cuts,,,,Choice,,,,,319.0,355.08,,,328.79,$/cwt,3.2879,per lb,National,wholesale,,,,,,133033.0,lb,,2453,National Daily Boxed Beef Cutout & Boxed Beef Cuts - Negotiated Sales - PM (PDF) (LM_XB403),2026-09-26T13:48:36+00:00
506743694eedf082,2021-06-09,Beef,"Round, outside round (171B  3)",Select Cuts,,,,Select,,,,,314.0,337.0,,,325.76,$/cwt,3.2576,per lb,National,wholesale,,,,,,87408.0,lb,,2453,National Daily Boxed Beef Cutout & Boxed Beef Cuts - Negotiated Sales - PM (PDF) (LM_XB403),2026-09-26T13:48:36+00:00
900227e53e151310,2021-06-09,Beef,"Round, top inside round (168  1)",Choice Cuts,,,,Choice,,,,,340.77,385.0,,,356.55,$/cwt,3.5655,per lb,National,wholesale,,,,,,31763.0,lb,,2453,National Daily Boxed Beef Cutout & Boxed Beef Cuts - Negotiated Sales - PM (PDF) (LM_XB403),2026-09-26T13:48:36+00:00
b6bd3103c714bbcb,2021-06-09,Beef,"Round, top inside round (168  3)",Choice Cuts,,,,Choice,,,,,338.48,375.7,,,358.36,$/cwt,3.5836,per lb,National,wholesale,,,,,,122549.0,lb,,2453,National Daily Boxed Beef Cutout & Boxed Beef Cuts - Negotiated Sales - PM (PDF) (LM_XB403),2026-09-26T13:48:36+00:00
27f1267c4f6d73f6,2021-06-09,Beef,"Round, top inside round (168  3)",Select Cuts,,,,Select,,,,,341.0,365.0,,,346.55,$/cwt,3.4655,per lb,National,wholesale,,,,,,17018.0,lb,,2453,National Daily Boxed Beef Cutout & Boxed Beef Cuts - Negotiated Sales - PM (PDF) (LM_XB403),2026-09-26T13:48:36+00:00
a20577d72865006d,2021-06-09,Beef,"Round, top inside, denuded (169  5)",Choice Cuts,,,,Choice,,,,,389.92,450.0,,,399.06,$/cwt,3.9906,per lb,National,wholesale,,,,,,74940.0,lb,,2453,National Daily Boxed Beef Cutout & Boxed Beef Cuts - Negotiated Sales - PM (PDF) (LM_XB403),2026-09-26T13:48:36+00:00
f5951ca10117f49d,2021-06-09,Beef,"Round, top inside, denuded (169  5)",Select Cuts,,,,Select,,,,,388.97,396.0,,,389.26,$/cwt,3.8926,per lb,National,wholesale,,,,,,36871.0,lb,,2453,National Daily Boxed Beef Cutout & Boxed Beef Cuts - Negotiated Sales - PM (PDF) (LM_XB403),2026-09-26T13:48:36+00:00
aea18b5a0ce9af16,2021-06-09,Beef,"Short Plate, short rib (123A  3)",Choice Cuts,,,,Choice,,,,,525.38,612.5,,,565.81,$/cwt,5.6581,per lb,National,wholesale,,,,,,41747.0,lb,,2453,National Daily Boxed Beef Cutout & Boxed Beef Cuts - Negotiated Sales - PM (PDF) (LM_XB403),2026-09-26T13:48:36+00:00
be3db70d71e5f368,2021-06-09,Beef,"Short Plate, short rib (123A  3)",Select Cuts,,,,Select,,,,,533.0,612.5,,,566.09,$/cwt,5.6609,per lb,National,wholesale,,,,,,11657.0,lb,,2453,National Daily Boxed Beef Cutout & Boxed Beef Cuts - Negotiated Sales - PM (PDF) (LM_XB403),2026-09-26T13:48:36+00:00
970d72b7e6208cde,2021-06-10,Beef,"Brisket, deckle-off, bnls (120  1)",Choice Cuts,,,,Choice,,,,,430.0,457.14,,,441.88,$/cwt,4.4188,per lb,National,wholesale,,,,,,45486.0,lb,,2453,National Daily Boxed Beef Cutout & Boxed Beef Cuts - Negotiated Sales - PM (PDF) (LM_XB403),2026-09-26T13:48:36+00:00
cbcd378f51732a64,2021-06-10,Beef,"Brisket, deckle-off, bnls (120  1)",Select Cuts,,,,Select,,,,,433.2,454.0,,,439.46,$/cwt,4.3946,per lb,National,wholesale,,,,,,11866.0,lb,,2453,National Daily Boxed Beef Cutout & Boxed Beef Cuts - Negotiated Sales - PM (PDF) (LM_XB403),2026-09-26T13:48:36+00:00
78b906a5de8c72e7,2021-06-10,Beef,"Chuck, chuck tender (116B  1)",Choice Cuts,,,,Choice,,,,,330.0,359.1,,,337.7,$/cwt,3.377,per lb,National,wholesale,,,,,,112297.0,lb,,2453,National Daily Boxed Beef Cutout & Boxed Beef Cuts - Negotiated Sales - PM (PDF) (LM_XB403),2026-09-26T13:48:36+00:00
0b3951711231a1b8,2021-06-10,Beef,"Chuck, chuck tender (116B  1)",Select Cuts,,,,Select,,,,,325.0,353.0,,,333.18,$/cwt,3.3318,per lb,National,wholesale,,,,,,11125.0,lb,,2453,National Daily Boxed Beef Cutout & Boxed Beef Cuts - Negotiated Sales - PM (PDF) (LM_XB403),2026-09-26T13:48:36+00:00
5cf33f935bb4e284,2021-06-10,Beef,"Chuck, clod tender (114F  5)",Choice Cuts,,,,Choice,,,,,751.0,785.0,,,766.43,$/cwt,7.6643,per lb,National,wholesale,,,,,,3034.0,lb,,2453,National Daily Boxed Beef Cutout & Boxed Beef Cuts - Negotiated Sales - PM (PDF) (LM_XB403),2026-09-26T13:48:36+00:00
533ab5677f91d3ed,2021-06-10,Beef,"Chuck, clod tender (114F  5)",Select Cuts,,,,Select,,,,,750.0,770.0,,,759.62,$/cwt,7.5962,per lb,National,wholesale,,,,,,2389.0,lb,,2453,National Daily Boxed Beef Cutout & Boxed Beef Cuts - Negotiated Sales - PM (PDF) (LM_XB403),2026-09-26T13:48:36+00:00
da843291bd105d44,2021-06-10,Beef,"Chuck, clod, arm roast (114E  3)",Choice Cuts,,,,Choice,,,,,408.0,420.0,,,410.23,$/cwt,4.1023,per lb,National,wholesale,,,,,,33059.0,lb,,2453,National Daily Boxed Beef Cutout & Boxed Beef Cuts - Negotiated Sales - PM (PDF) (LM_XB403),2026-09-26T13:48:36+00:00
7e09a68fcb00972f,2021-06-10,Beef,"Chuck, clod, top blade (114D  3)",Choice Cuts,,,,Choice,,,,,579.66,606.04,,,592.1,$/cwt,5.921,per lb,National,wholesale,,,,,,6975.0,lb,,2453,National Daily Boxed Beef Cutout & Boxed Beef Cuts - Negotiated Sales - PM (PDF) (LM_XB403),2026-09-26T13:48:36+00:00
36eb398816cdc460,2021-06-10,Beef,"Chuck, flap (116G  4)",Choice Cuts,,,,Choice,,,,,800.16,811.0,,,804.99,$/cwt,8.0499,per lb,National,wholesale,,,,,,5208.0,lb,,2453,National Daily Boxed Beef Cutout & Boxed Beef Cuts - Negotiated Sales - PM (PDF) (LM_XB403),2026-09-26T13:48:36+00:00
0023c41467737f3d,2021-06-10,Beef,"Chuck, flap (116G  4)",Select Cuts,,,,Select,,,,,700.0,799.0,,,715.97,$/cwt,7.1597,per lb,National,wholesale,,,,,,20235.0,lb,,2453,National Daily Boxed Beef Cutout & Boxed Beef Cuts - Negotiated Sales - PM (PDF) (LM_XB403),2026-09-26T13:48:36+00:00
c9f10e5ee6ccde57,2021-06-10,Beef,"Chuck, roll, lxl, neck/off (116A  3)",Choice Cuts,,,,Choice,,,,,351.0,399.0,,,368.4,$/cwt,3.684,per lb,National,wholesale,,,,,,76365.0,lb,,2453,National Daily Boxed Beef Cutout & Boxed Beef Cuts - Negotiated Sales - PM (PDF) (LM_XB403),2026-09-26T13:48:36+00:00
2bbac148f85f0ab0,2021-06-10,Beef,"Chuck, roll, lxl, neck/off (116A  3)",Select Cuts,,,,Select,,,,,370.0,377.25,,,373.82,$/cwt,3.7382,per lb,National,wholesale,,,,,,8596.0,lb,,2453,National Daily Boxed Beef Cutout & Boxed Beef Cuts - Negotiated Sales - PM (PDF) (LM_XB403),2026-09-26T13:48:36+00:00
f57bdb866b85e633,2021-06-10,Beef,"Chuck, roll, retail ready (916A  3)",Choice Cuts,,,,Choice,,,,,393.0,441.0,,,408.35,$/cwt,4.0835,per lb,National,wholesale,,,,,,97072.0,lb,,2453,National Daily Boxed Beef Cutout & Boxed Beef Cuts - Negotiated Sales - PM (PDF) (LM_XB403),2026-09-26T13:48:36+00:00
cf041bb289067736,2021-06-10,Beef,"Chuck, semi-bnls, neck/off (113C  1)",Choice Cuts,,,,Choice,,,,,276.0,342.0,,,298.1,$/cwt,2.981,per lb,National,wholesale,,,,,,77015.0,lb,,2453,National Daily Boxed Beef Cutout & Boxed Beef Cuts - Negotiated Sales - PM (PDF) (LM_XB403),2026-09-26T13:48:36+00:00
8a6ab4210c0a7782,2021-06-10,Beef,"Chuck, semi-bnls, neck/off (113C  1)",Select Cuts,,,,Select,,,,,299.21,325.0,,,306.03,$/cwt,3.0603,per lb,National,wholesale,,,,,,11769.0,lb,,2453,National Daily Boxed Beef Cutout & Boxed Beef Cuts - Negotiated Sales - PM (PDF) (LM_XB403),2026-09-26T13:48:36+00:00
00416efb5ec3de93,2021-06-10,Beef,"Chuck, short rib (130  4)",Choice Cuts,,,,Choice,,,,,477.0,545.0,,,496.79,$/cwt,4.9679,per lb,National,wholesale,,,,,,44351.0,lb,,2453,National Daily Boxed Beef Cutout & Boxed Beef Cuts - Negotiated Sales - PM (PDF) (LM_XB403),2026-09-26T13:48:36+00:00
d2a76b0f75ba9077,2021-06-10,Beef,"Chuck, shoulder clod (114  1)",Choice Cuts,,,,Choice,,,,,306.0,323.5,,,317.23,$/cwt,3.1723,per lb,National,wholesale,,,,,,12711.0,lb,,2453,National Daily Boxed Beef Cutout & Boxed Beef Cuts - Negotiated Sales - PM (PDF) (LM_XB403),2026-09-26T13:48:36+00:00
c47bdb44d77aaff5,2021-06-10,Beef,"Chuck, shoulder clod, trmd (114A  3)",Choice Cuts,,,,Choice,,,,,315.0,349.1,,,324.01,$/cwt,3.2401,per lb,National,wholesale,,,,,,36904.0,lb,,2453,National Daily Boxed Beef Cutout & Boxed Beef Cuts - Negotiated Sales - PM (PDF) (LM_XB403),2026-09-26T13:48:36+00:00
a2a4694de4bf80a5,2021-06-10,Beef,"Chuck, shoulder clod, trmd (114A  3)",Select Cuts,,,,Select,,,,,313.0,339.7,,,323.74,$/cwt,3.2374,per lb,National,wholesale,,,,,,32711.0,lb,,2453,National Daily Boxed Beef Cutout & Boxed Beef Cuts - Negotiated Sales - PM (PDF) (LM_XB403),2026-09-26T13:48:36+00:00
b7420d8bea37e588,2021-06-10,Beef,Cutout 600-900 lb,,,,,Choice,,,,,,,,,338.25,$/cwt,3.3825,per lb,National,wholesale,,,,,,,,,2453,National Daily Boxed Beef Cutout & Boxed Beef Cuts - Negotiated Sales - PM (PDF) (LM_XB403),2026-09-26T13:48:36+00:00
bce712aa29079dc7,2021-06-10,Beef,Cutout 600-900 lb,,,,,Select,,,,,,,,,310.4,$/cwt,3.104,per lb,National,wholesale,,,,,,,,,2453,National Daily Boxed Beef Cutout & Boxed Beef Cuts - Negotiated Sales - PM (PDF) (LM_XB403),2026-09-26T13:48:36+00:00
f9a176ddaf150c75,2021-06-10,Beef,"Flank, flank steak (193  4)",Choice Cuts,,,,Choice,,,,,808.5,834.1,,,825.4,$/cwt,8.254,per lb,National,wholesale,,,,,,12932.0,lb,,2453,National Daily Boxed Beef Cutout & Boxed Beef Cuts - Negotiated Sales - PM (PDF) (LM_XB403),2026-09-26T13:48:36+00:00
f353b7f8c4853430,2021-06-10,Beef,"Flank, flank steak (193  4)",Select Cuts,,,,Select,,,,,780.0,821.0,,,789.84,$/cwt,7.8984,per lb,National,wholesale,,,,,,8594.0,lb,,2453,National Daily Boxed Beef Cutout & Boxed Beef Cuts - Negotiated Sales - PM (PDF) (LM_XB403),2026-09-26T13:48:36+00:00
f36f59939952c142,2021-06-10,Beef,Ground Beef 73%,Ground Beef,,,,,,,,,245.0,269.25,,,255.72,$/cwt,2.5572,per lb,National,wholesale,,,,,,42643.0,lb,,2453,National Daily Boxed Beef Cutout & Boxed Beef Cuts - Negotiated Sales - PM (PDF) (LM_XB403),2026-09-26T13:48:36+00:00
67641582f37ac690,2021-06-10,Beef,Ground Beef 81%,Ground Beef,,,,,,,,,300.5,356.28,,,330.24,$/cwt,3.3024,per lb,National,wholesale,,,,,,349683.0,lb,,2453,National Daily Boxed Beef Cutout & Boxed Beef Cuts - Negotiated Sales - PM (PDF) (LM_XB403),2026-09-26T13:48:36+00:00
46de0254615f2eef,2021-06-10,Beef,Ground Beef 93%,Ground Beef,,,,,,,,,376.0,392.2,,,384.61,$/cwt,3.8461,per lb,National,wholesale,,,,,,10298.0,lb,,2453,National Daily Boxed Beef Cutout & Boxed Beef Cuts - Negotiated Sales - PM (PDF) (LM_XB403),2026-09-26T13:48:36+00:00
e6d0b36682a448e3,2021-06-10,Beef,Ground Beef Round,Ground Beef,,,,,,,,,342.0,351.0,,,348.3,$/cwt,3.483,per lb,National,wholesale,,,,,,9127.0,lb,,2453,National Daily Boxed Beef Cutout & Boxed Beef Cuts - Negotiated Sales - PM (PDF) (LM_XB403),2026-09-26T13:48:36+00:00
2f3803f54e7de666,2021-06-10,Beef,"Loin, ball-tip, bnls, heavy (185B  1)",Select Cuts,,,,Select,,,,,374.0,425.0,,,394.97,$/cwt,3.9497,per lb,National,wholesale,,,,,,2749.0,lb,,2453,National Daily Boxed Beef Cutout & Boxed Beef Cuts - Negotiated Sales - PM (PDF) (LM_XB403),2026-09-26T13:48:36+00:00
5696f76737a1b791,2021-06-10,Beef,"Loin, bottom sirloin, flap (185A  4)",Choice Cuts,,,,Choice,,,,,860.0,1143.75,,,879.53,$/cwt,8.7953,per lb,National,wholesale,,,,,,179141.0,lb,,2453,National Daily Boxed Beef Cutout & Boxed Beef Cuts - Negotiated Sales - PM (PDF) (LM_XB403),2026-09-26T13:48:36+00:00
313fdec163a12123,2021-06-10,Beef,"Loin, butt tender, trimmed (191A  4)",Choice Cuts,,,,Choice,,,,,1749.0,1799.6,,,1753.38,$/cwt,17.5338,per lb,National,wholesale,,,,,,20173.0,lb,,2453,National Daily Boxed Beef Cutout & Boxed Beef Cuts - Negotiated Sales - PM (PDF) (LM_XB403),2026-09-26T13:48:36+00:00
1e3e2ed843fbcca7,2021-06-10,Beef,"Loin, short loin, 0x1 (174  3)",Choice Cuts,,,,Choice,,,,,990.91,1007.25,,,997.2,$/cwt,9.972,per lb,National,wholesale,,,,,,35912.0,lb,,2453,National Daily Boxed Beef Cutout & Boxed Beef Cuts - Negotiated Sales - PM (PDF) (LM_XB403),2026-09-26T13:48:36+00:00
cf626a9287038765,2021-06-10,Beef,"Loin, short loin, 0x1 (174  3)",Select Cuts,,,,Select,,,,,746.14,824.7,,,758.12,$/cwt,7.5812,per lb,National,wholesale,,,,,,13189.0,lb,,2453,National Daily Boxed Beef Cutout & Boxed Beef Cuts - Negotiated Sales - PM (PDF) (LM_XB403),2026-09-26T13:48:36+00:00
b5d94b62be6adf13,2021-06-10,Beef,"Loin, sirloin, tri-tip (185C  1)",Choice Cuts,,,,Choice,,,,,585.33,659.1,,,623.47,$/cwt,6.2347,per lb,National,wholesale,,,,,,6089.0,lb,,2453,National Daily Boxed Beef Cutout & Boxed Beef Cuts - Negotiated Sales - PM (PDF) (LM_XB403),2026-09-26T13:48:36+00:00
867f463487aefeae,2021-06-10,Beef,"Loin, sirloin, tri-tip, pld (185D  4)",Choice Cuts,,,,Choice,,,,,935.0,943.5,,,938.19,$/cwt,9.3819,per lb,National,wholesale,,,,,,6602.0,lb,,2453,National Daily Boxed Beef Cutout & Boxed Beef Cuts - Negotiated Sales - PM (PDF) (LM_XB403),2026-09-26T13:48:36+00:00
d98b7d0977eeb46c,2021-06-10,Beef,"Loin, strip, bnls, 0x1 (180  3)",Choice Cuts,,,,Choice,,,,,1001.0,1055.42,,,1021.48,$/cwt,10.2148,per lb,National,wholesale,,,,,,189468.0,lb,,2453,National Daily Boxed Beef Cutout & Boxed Beef Cuts - Negotiated Sales - PM (PDF) (LM_XB403),2026-09-26T13:48:36+00:00
42030fdcfdf14eb9,2021-06-10,Beef,"Loin, strip, bnls, 0x1 (180  3)",Select Cuts,,,,Select,,,,,712.08,781.25,,,741.69,$/cwt,7.4169,per lb,National,wholesale,,,,,,24580.0,lb,,2453,National Daily Boxed Beef Cutout & Boxed Beef Cuts - Negotiated Sales - PM (PDF) (LM_XB403),2026-09-26T13:48:36+00:00
6d074bb22640d607,2021-06-10,Beef,"Loin, tndrloin, trmd, heavy (189A  4)",Choice Cuts,,,,Choice,,,,,1800.0,1898.5,,,1821.34,$/cwt,18.2134,per lb,National,wholesale,,,,,,58119.0,lb,,2453,National Daily Boxed Beef Cutout & Boxed Beef Cuts - Negotiated Sales - PM (PDF) (LM_XB403),2026-09-26T13:48:36+00:00
73ed0b193d32f6b1,2021-06-10,Beef,"Loin, tndrloin, trmd, heavy (189A  4)",Select Cuts,,,,Select,,,,,1702.0,1821.0,,,1770.92,$/cwt,17.7092,per lb,National,wholesale,,,,,,6915.0,lb,,2453,National Daily Boxed Beef Cutout & Boxed Beef Cuts - Negotiated Sales - PM (PDF) (LM_XB403),2026-09-26T13:48:36+00:00
538b986728fef307,2021-06-10,Beef,"Loin, top butt, CC (184B  3)",Choice Cuts,,,,Choice,,,,,715.0,745.0,,,730.64,$/cwt,7.3064,per lb,National,wholesale,,,,,,2487.0,lb,,2453,National Daily Boxed Beef Cutout & Boxed Beef Cuts - Negotiated Sales - PM (PDF) (LM_XB403),2026-09-26T13:48:36+00:00
34a8344c458e69a3,2021-06-10,Beef,"Loin, top butt, boneless (184  3)",Choice Cuts,,,,Choice,,,,,495.0,549.0,,,497.23,$/cwt,4.9723,per lb,National,wholesale,,,,,,204370.0,lb,,2453,National Daily Boxed Beef Cutout & Boxed Beef Cuts - Negotiated Sales - PM (PDF) (LM_XB403),2026-09-26T13:48:36+00:00
f34531d80313680c,2021-06-10,Beef,"Loin, top butt, boneless (184  3)",Select Cuts,,,,Select,,,,,434.55,500.0,,,445.49,$/cwt,4.4549,per lb,National,wholesale,,,,,,55289.0,lb,,2453,National Daily Boxed Beef Cutout & Boxed Beef Cuts - Negotiated Sales - PM (PDF) (LM_XB403),2026-09-26T13:48:36+00:00
04891a07418b75e9,2021-06-10,Beef,"Rib, ribeye, bnls, heavy (112A  3)",Choice Cuts,,,,Choice,,,,,1295.5,1335.0,,,1315.43,$/cwt,13.1543,per lb,National,wholesale,,,,,,67148.0,lb,,2453,National Daily Boxed Beef Cutout & Boxed Beef Cuts - Negotiated Sales - PM (PDF) (LM_XB403),2026-09-26T13:48:36+00:00
e58c158eb2e87a63,2021-06-10,Beef,"Rib, ribeye, bnls, heavy (112A  3)",Select Cuts,,,,Select,,,,,900.0,1055.42,,,996.58,$/cwt,9.9658,per lb,National,wholesale,,,,,,3522.0,lb,,2453,National Daily Boxed Beef Cutout & Boxed Beef Cuts - Negotiated Sales - PM (PDF) (LM_XB403),2026-09-26T13:48:36+00:00
43537a5a616c2cf5,2021-06-10,Beef,"Rib, ribeye, bnls, light (112A  3)",Choice Cuts,,,,Choice,,,,,1311.0,1344.0,,,1327.89,$/cwt,13.2789,per lb,National,wholesale,,,,,,31864.0,lb,,2453,National Daily Boxed Beef Cutout & Boxed Beef Cuts - Negotiated Sales - PM (PDF) (LM_XB403),2026-09-26T13:48:36+00:00
c6678115e9de1cdf,2021-06-10,Beef,"Rib, ribeye, bnls, light (112A  3)",Select Cuts,,,,Select,,,,,1000.0,1057.14,,,1047.44,$/cwt,10.4744,per lb,National,wholesale,,,,,,5176.0,lb,,2453,National Daily Boxed Beef Cutout & Boxed Beef Cuts - Negotiated Sales - PM (PDF) (LM_XB403),2026-09-26T13:48:36+00:00
404769cf5218ee23,2021-06-10,Beef,"Rib, ribeye, lip-on, bn-in (109E  1)",Choice Cuts,,,,Choice,,,,,1111.0,1188.0,,,1124.4,$/cwt,11.244,per lb,National,wholesale,,,,,,343709.0,lb,,2453,National Daily Boxed Beef Cutout & Boxed Beef Cuts - Negotiated Sales - PM (PDF) (LM_XB403),2026-09-26T13:48:36+00:00
e0e1e0e4f653ddfe,2021-06-10,Beef,"Round, bone-in (160  1)",Choice Cuts,,,,Choice,,,,,301.0,320.0,,,310.65,$/cwt,3.1065,per lb,National,wholesale,,,,,,2623.0,lb,,2453,National Daily Boxed Beef Cutout & Boxed Beef Cuts - Negotiated Sales - PM (PDF) (LM_XB403),2026-09-26T13:48:36+00:00
b500eee77dd80d01,2021-06-10,Beef,"Round, bottom gooseneck (170  1)",Choice Cuts,,,,Choice,,,,,284.0,324.0,,,297.11,$/cwt,2.9711,per lb,National,wholesale,,,,,,4919.0,lb,,2453,National Daily Boxed Beef Cutout & Boxed Beef Cuts - Negotiated Sales - PM (PDF) (LM_XB403),2026-09-26T13:48:36+00:00
757d0ecafb59aad2,2021-06-10,Beef,"Round, eye of round (171C  3)",Choice Cuts,,,,Choice,,,,,325.0,359.0,,,332.72,$/cwt,3.3272,per lb,National,wholesale,,,,,,79776.0,lb,,2453,National Daily Boxed Beef Cutout & Boxed Beef Cuts - Negotiated Sales - PM (PDF) (LM_XB403),2026-09-26T13:48:36+00:00
f913fbd640d091c7,2021-06-10,Beef,"Round, eye of round (171C  3)",Select Cuts,,,,Select,,,,,315.12,335.0,,,325.95,$/cwt,3.2595,per lb,National,wholesale,,,,,,33115.0,lb,,2453,National Daily Boxed Beef Cutout & Boxed Beef Cuts - Negotiated Sales - PM (PDF) (LM_XB403),2026-09-26T13:48:36+00:00
2c7be847b3275a2b,2021-06-10,Beef,"Round, knuckle, peeled (167A  4)",Choice Cuts,,,,Choice,,,,,371.25,414.0,,,383.89,$/cwt,3.8389,per lb,National,wholesale,,,,,,64788.0,lb,,2453,National Daily Boxed Beef Cutout & Boxed Beef Cuts - Negotiated Sales - PM (PDF) (LM_XB403),2026-09-26T13:48:36+00:00
001b65533a717e80,2021-06-10,Beef,"Round, knuckle, peeled (167A  4)",Select Cuts,,,,Select,,,,,375.0,400.58,,,388.28,$/cwt,3.8828,per lb,National,wholesale,,,,,,12032.0,lb,,2453,National Daily Boxed Beef Cutout & Boxed Beef Cuts - Negotiated Sales - PM (PDF) (LM_XB403),2026-09-26T13:48:36+00:00
668706737c7cdff4,2021-06-10,Beef,"Round, outside round (171B  3)",Choice Cuts,,,,Choice,,,,,320.0,359.1,,,322.83,$/cwt,3.2283,per lb,National,wholesale,,,,,,175957.0,lb,,2453,National Daily Boxed Beef Cutout & Boxed Beef Cuts - Negotiated Sales - PM (PDF) (LM_XB403),2026-09-26T13:48:36+00:00
ce6b1b24f917947c,2021-06-10,Beef,"Round, outside round (171B  3)",Select Cuts,,,,Select,,,,,320.0,350.0,,,323.63,$/cwt,3.2363,per lb,National,wholesale,,,,,,131656.0,lb,,2453,National Daily Boxed Beef Cutout & Boxed Beef Cuts - Negotiated Sales - PM (PDF) (LM_XB403),2026-09-26T13:48:36+00:00
d64349790ccc9b78,2021-06-10,Beef,"Round, top inside round (168  1)",Choice Cuts,,,,Choice,,,,,335.91,369.1,,,348.31,$/cwt,3.4831,per lb,National,wholesale,,,,,,24437.0,lb,,2453,National Daily Boxed Beef Cutout & Boxed Beef Cuts - Negotiated Sales - PM (PDF) (LM_XB403),2026-09-26T13:48:36+00:00
94b58c877590f2d9,2021-06-10,Beef,"Round, top inside round (168  3)",Choice Cuts,,,,Choice,,,,,341.0,374.0,,,353.75,$/cwt,3.5375,per lb,National,wholesale,,,,,,51479.0,lb,,2453,National Daily Boxed Beef Cutout & Boxed Beef Cuts - Negotiated Sales - PM (PDF) (LM_XB403),2026-09-26T13:48:36+00:00
05ecde4e2ea6be07,2021-06-10,Beef,"Round, top inside, cap off (169A  5)",Choice Cuts,,,,Choice,,,,,491.91,526.4,,,507.49,$/cwt,5.0749,per lb,National,wholesale,,,,,,126362.0,lb,,2453,National Daily Boxed Beef Cutout & Boxed Beef Cuts - Negotiated Sales - PM (PDF) (LM_XB403),2026-09-26T13:48:36+00:00
0839ac6a6b6b4770,2021-06-10,Beef,"Round, top inside, denuded (169  5)",Choice Cuts,,,,Choice,,,,,396.0,451.0,,,401.25,$/cwt,4.0125,per lb,National,wholesale,,,,,,80265.0,lb,,2453,National Daily Boxed Beef Cutout & Boxed Beef Cuts - Negotiated Sales - PM (PDF) (LM_XB403),2026-09-26T13:48:36+00:00
89e91ffa63ae0fd7,2021-06-10,Beef,"Short Plate, short rib (123A  3)",Choice Cuts,,,,Choice,,,,,550.0,622.7,,,585.36,$/cwt,5.8536,per lb,National,wholesale,,,,,,47265.0,lb,,2453,National Daily Boxed Beef Cutout & Boxed Beef Cuts - Negotiated Sales - PM (PDF) (LM_XB403),2026-09-26T13:48:36+00:00
67447bacf6fbb553,2021-06-10,Beef,"Short Plate, short rib (123A  3)",Select Cuts,,,,Select,,,,,534.0,603.0,,,574.71,$/cwt,5.7471,per lb,National,wholesale,,,,,,11424.0,lb,,2453,National Daily Boxed Beef Cutout & Boxed Beef Cuts - Negotiated Sales - PM (PDF) (LM_XB403),2026-09-26T13:48:36+00:00
5f668d024d66c24d,2021-06-11,Beef,"Brisket, deckle-off, bnls (120  1)",Choice Cuts,,,,Choice,,,,,421.25,463.0,,,427.28,$/cwt,4.2728,per lb,National,wholesale,,,,,,64484.0,lb,,2453,National Daily Boxed Beef Cutout & Boxed Beef Cuts - Negotiated Sales - PM (PDF) (LM_XB403),2026-09-26T13:48:36+00:00
82d19aebd4fbf871,2021-06-11,Beef,"Brisket, deckle-off, bnls (120  1)",Select Cuts,,,,Select,,,,,424.78,430.88,,,429.69,$/cwt,4.2969,per lb,National,wholesale,,,,,,25852.0,lb,,2453,National Daily Boxed Beef Cutout & Boxed Beef Cuts - Negotiated Sales - PM (PDF) (LM_XB403),2026-09-26T13:48:36+00:00
ec3201a4680184fa,2021-06-11,Beef,"Brisket, point/off, bnls (120A  3)",Choice Cuts,,,,Choice,,,,,754.0,756.0,,,754.7,$/cwt,7.547,per lb,National,wholesale,,,,,,3200.0,lb,,2453,National Daily Boxed Beef Cutout & Boxed Beef Cuts - Negotiated Sales - PM (PDF) (LM_XB403),2026-09-26T13:48:36+00:00
9a025955784ead03,2021-06-11,Beef,"Chuck, chuck tender (116B  1)",Choice Cuts,,,,Choice,,,,,320.0,354.89,,,335.0,$/cwt,3.35,per lb,National,wholesale,,,,,,71911.0,lb,,2453,National Daily Boxed Beef Cutout & Boxed Beef Cuts - Negotiated Sales - PM (PDF) (LM_XB403),2026-09-26T13:48:36+00:00
7bf985b6ada8c0e2,2021-06-11,Beef,"Chuck, chuck tender (116B  1)",Select Cuts,,,,Select,,,,,330.0,345.0,,,335.42,$/cwt,3.3542,per lb,National,wholesale,,,,,,31137.0,lb,,2453,National Daily Boxed Beef Cutout & Boxed Beef Cuts - Negotiated Sales - PM (PDF) (LM_XB403),2026-09-26T13:48:36+00:00
822a52d4af6107d2,2021-06-11,Beef,"Chuck, clod tender (114F  5)",Choice Cuts,,,,Choice,,,,,749.0,784.58,,,772.75,$/cwt,7.7275,per lb,National,wholesale,,,,,,10608.0,lb,,2453,National Daily Boxed Beef Cutout & Boxed Beef Cuts - Negotiated Sales - PM (PDF) (LM_XB403),2026-09-26T13:48:36+00:00
e67ff4e3d1591a30,2021-06-11,Beef,"Chuck, clod tender (114F  5)",Select Cuts,,,,Select,,,,,750.0,780.0,,,770.85,$/cwt,7.7085,per lb,National,wholesale,,,,,,2425.0,lb,,2453,National Daily Boxed Beef Cutout & Boxed Beef Cuts - Negotiated Sales - PM (PDF) (LM_XB403),2026-09-26T13:48:36+00:00
b708eeff416c3a71,2021-06-11,Beef,"Chuck, clod, arm roast (114E  3)",Choice Cuts,,,,Choice,,,,,370.6,431.33,,,374.58,$/cwt,3.7458,per lb,National,wholesale,,,,,,153580.0,lb,,2453,National Daily Boxed Beef Cutout & Boxed Beef Cuts - Negotiated Sales - PM (PDF) (LM_XB403),2026-09-26T13:48:36+00:00
e1e3e02b3e82408a,2021-06-11,Beef,"Chuck, clod, top blade (114D  3)",Choice Cuts,,,,Choice,,,,,589.0,591.0,,,589.67,$/cwt,5.8967,per lb,National,wholesale,,,,,,11544.0,lb,,2453,National Daily Boxed Beef Cutout & Boxed Beef Cuts - Negotiated Sales - PM (PDF) (LM_XB403),2026-09-26T13:48:36+00:00
adb25f1aa4fe6b09,2021-06-11,Beef,"Chuck, flap (116G  4)",Choice Cuts,,,,Choice,,,,,793.0,836.5,,,806.59,$/cwt,8.0659,per lb,National,wholesale,,,,,,8201.0,lb,,2453,National Daily Boxed Beef Cutout & Boxed Beef Cuts - Negotiated Sales - PM (PDF) (LM_XB403),2026-09-26T13:48:36+00:00
071f81c053756a1b,2021-06-11,Beef,"Chuck, flap (116G  4)",Select Cuts,,,,Select,,,,,657.08,700.0,,,665.35,$/cwt,6.6535,per lb,National,wholesale,,,,,,16229.0,lb,,2453,National Daily Boxed Beef Cutout & Boxed Beef Cuts - Negotiated Sales - PM (PDF) (LM_XB403),2026-09-26T13:48:36+00:00
df5d1b68127ecd70,2021-06-11,Beef,"Chuck, roll, lxl, neck/off (116A  3)",Choice Cuts,,,,Choice,,,,,340.0,385.0,,,364.73,$/cwt,3.6473,per lb,National,wholesale,,,,,,34402.0,lb,,2453,National Daily Boxed Beef Cutout & Boxed Beef Cuts - Negotiated Sales - PM (PDF) (LM_XB403),2026-09-26T13:48:36+00:00
bfc8daa7eb0abd8f,2021-06-11,Beef,"Chuck, roll, lxl, neck/off (116A  3)",Select Cuts,,,,Select,,,,,344.63,370.0,,,355.68,$/cwt,3.5568,per lb,National,wholesale,,,,,,21001.0,lb,,2453,National Daily Boxed Beef Cutout & Boxed Beef Cuts - Negotiated Sales - PM (PDF) (LM_XB403),2026-09-26T13:48:36+00:00
41afeaa1b330a97a,2021-06-11,Beef,"Chuck, roll, retail ready (916A  3)",Choice Cuts,,,,Choice,,,,,405.0,407.0,,,405.15,$/cwt,4.0515,per lb,National,wholesale,,,,,,40300.0,lb,,2453,National Daily Boxed Beef Cutout & Boxed Beef Cuts - Negotiated Sales - PM (PDF) (LM_XB403),2026-09-26T13:48:36+00:00
1ade09aafe311a15,2021-06-11,Beef,"Chuck, short rib (130  4)",Choice Cuts,,,,Choice,,,,,483.0,515.9,,,500.67,$/cwt,5.0067,per lb,National,wholesale,,,,,,21267.0,lb,,2453,National Daily Boxed Beef Cutout & Boxed Beef Cuts - Negotiated Sales - PM (PDF) (LM_XB403),2026-09-26T13:48:36+00:00
8ef03321e41e6550,2021-06-11,Beef,"Chuck, shoulder clod (114  1)",Choice Cuts,,,,Choice,,,,,281.33,323.0,,,300.18,$/cwt,3.0018,per lb,National,wholesale,,,,,,83611.0,lb,,2453,National Daily Boxed Beef Cutout & Boxed Beef Cuts - Negotiated Sales - PM (PDF) (LM_XB403),2026-09-26T13:48:36+00:00
44266c7d6f5901b9,2021-06-11,Beef,"Chuck, shoulder clod (114  1)",Select Cuts,,,,Select,,,,,278.0,308.5,,,287.65,$/cwt,2.8765,per lb,National,wholesale,,,,,,58790.0,lb,,2453,National Daily Boxed Beef Cutout & Boxed Beef Cuts - Negotiated Sales - PM (PDF) (LM_XB403),2026-09-26T13:48:36+00:00
5495bb86d94981e1,2021-06-11,Beef,"Chuck, shoulder clod, trmd (114A  3)",Choice Cuts,,,,Choice,,,,,305.54,340.0,,,319.44,$/cwt,3.1944,per lb,National,wholesale,,,,,,91984.0,lb,,2453,National Daily Boxed Beef Cutout & Boxed Beef Cuts - Negotiated Sales - PM (PDF) (LM_XB403),2026-09-26T13:48:36+00:00
9750e82c9092a76f,2021-06-11,Beef,"Chuck, shoulder clod, trmd (114A  3)",Select Cuts,,,,Select,,,,,320.0,323.0,,,322.11,$/cwt,3.2211,per lb,National,wholesale,,,,,,9933.0,lb,,2453,National Daily Boxed Beef Cutout & Boxed Beef Cuts - Negotiated Sales - PM (PDF) (LM_XB403),2026-09-26T13:48:36+00:00
4be882c6fef92983,2021-06-11,Beef,Cutout 600-900 lb,,,,,Select,,,,,,,,,305.21,$/cwt,3.0521,per lb,National,wholesale,,,,,,,,,2453,National Daily Boxed Beef Cutout & Boxed Beef Cuts - Negotiated Sales - PM (PDF) (LM_XB403),2026-09-26T13:48:36+00:00
56cbffa96ad26b95,2021-06-11,Beef,Cutout 600-900 lb,,,,,Choice,,,,,,,,,337.56,$/cwt,3.3756,per lb,National,wholesale,,,,,,,,,2453,National Daily Boxed Beef Cutout & Boxed Beef Cuts - Negotiated Sales - PM (PDF) (LM_XB403),2026-09-26T13:48:36+00:00
f8ff83876f0a4ecb,2021-06-11,Beef,"Flank, flank steak (193  4)",Choice Cuts,,,,Choice,,,,,818.0,834.0,,,826.17,$/cwt,8.2617,per lb,National,wholesale,,,,,,12487.0,lb,,2453,National Daily Boxed Beef Cutout & Boxed Beef Cuts - Negotiated Sales - PM (PDF) (LM_XB403),2026-09-26T13:48:36+00:00
06ba5612a7714286,2021-06-11,Beef,"Flank, flank steak (193  4)",Select Cuts,,,,Select,,,,,775.0,785.0,,,783.01,$/cwt,7.8301,per lb,National,wholesale,,,,,,3951.0,lb,,2453,National Daily Boxed Beef Cutout & Boxed Beef Cuts - Negotiated Sales - PM (PDF) (LM_XB403),2026-09-26T13:48:36+00:00
97ded04271eea3c2,2021-06-11,Beef,Ground Beef 73%,Ground Beef,,,,,,,,,232.0,266.0,,,250.74,$/cwt,2.5074,per lb,National,wholesale,,,,,,56085.0,lb,,2453,National Daily Boxed Beef Cutout & Boxed Beef Cuts - Negotiated Sales - PM (PDF) (LM_XB403),2026-09-26T13:48:36+00:00
5175a81c54c0ab8f,2021-06-11,Beef,Ground Beef 81%,Ground Beef,,,,,,,,,290.0,350.35,,,317.81,$/cwt,3.1781,per lb,National,wholesale,,,,,,59674.0,lb,,2453,National Daily Boxed Beef Cutout & Boxed Beef Cuts - Negotiated Sales - PM (PDF) (LM_XB403),2026-09-26T13:48:36+00:00
3da71e436b7655fa,2021-06-11,Beef,Ground Beef 90%,Ground Beef,,,,,,,,,377.0,405.0,,,404.36,$/cwt,4.0436,per lb,National,wholesale,,,,,,24565.0,lb,,2453,National Daily Boxed Beef Cutout & Boxed Beef Cuts - Negotiated Sales - PM (PDF) (LM_XB403),2026-09-26T13:48:36+00:00
21e4796d71a60f99,2021-06-11,Beef,Ground Beef 93%,Ground Beef,,,,,,,,,374.0,412.87,,,401.49,$/cwt,4.0149,per lb,National,wholesale,,,,,,23968.0,lb,,2453,National Daily Boxed Beef Cutout & Boxed Beef Cuts - Negotiated Sales - PM (PDF) (LM_XB403),2026-09-26T13:48:36+00:00
88d9a28ee3b02cc2,2021-06-11,Beef,Ground Beef Chuck,Ground Beef,,,,,,,,,314.0,353.86,,,334.56,$/cwt,3.3456,per lb,National,wholesale,,,,,,110148.0,lb,,2453,National Daily Boxed Beef Cutout & Boxed Beef Cuts - Negotiated Sales - PM (PDF) (LM_XB403),2026-09-26T13:48:36+00:00
0c6874ac0a520bcf,2021-06-11,Beef,Ground Beef Round,Ground Beef,,,,,,,,,340.0,368.84,,,365.81,$/cwt,3.6581,per lb,National,wholesale,,,,,,11919.0,lb,,2453,National Daily Boxed Beef Cutout & Boxed Beef Cuts - Negotiated Sales - PM (PDF) (LM_XB403),2026-09-26T13:48:36+00:00
5711a5672dd89532,2021-06-11,Beef,Ground Beef Sirloin,Ground Beef,,,,,,,,,359.0,381.0,,,367.68,$/cwt,3.6768,per lb,National,wholesale,,,,,,2513.0,lb,,2453,National Daily Boxed Beef Cutout & Boxed Beef Cuts - Negotiated Sales - PM (PDF) (LM_XB403),2026-09-26T13:48:36+00:00
76e3e55bb2e6505b,2021-06-11,Beef,"Loin, ball-tip, bnls, heavy (185B  1)",Select Cuts,,,,Select,,,,,340.7,400.0,,,353.24,$/cwt,3.5324,per lb,National,wholesale,,,,,,4263.0,lb,,2453,National Daily Boxed Beef Cutout & Boxed Beef Cuts - Negotiated Sales - PM (PDF) (LM_XB403),2026-09-26T13:48:36+00:00
16d60a4c822f9357,2021-06-11,Beef,"Loin, bottom sirloin, flap (185A  4)",Choice Cuts,,,,Choice,,,,,849.7,1075.0,,,874.12,$/cwt,8.7412,per lb,National,wholesale,,,,,,157153.0,lb,,2453,National Daily Boxed Beef Cutout & Boxed Beef Cuts - Negotiated Sales - PM (PDF) (LM_XB403),2026-09-26T13:48:36+00:00
115af1d9e42b46bb,2021-06-11,Beef,"Loin, butt tender, trimmed (191A  4)",Choice Cuts,,,,Choice,,,,,1750.95,1767.0,,,1759.17,$/cwt,17.5917,per lb,National,wholesale,,,,,,4698.0,lb,,2453,National Daily Boxed Beef Cutout & Boxed Beef Cuts - Negotiated Sales - PM (PDF) (LM_XB403),2026-09-26T13:48:36+00:00
b10d97daa8394bb9,2021-06-11,Beef,"Loin, short loin, 0x1 (174  3)",Choice Cuts,,,,Choice,,,,,986.08,1010.9,,,996.8,$/cwt,9.968,per lb,National,wholesale,,,,,,38983.0,lb,,2453,National Daily Boxed Beef Cutout & Boxed Beef Cuts - Negotiated Sales - PM (PDF) (LM_XB403),2026-09-26T13:48:36+00:00
001dd1bbd2465925,2021-06-11,Beef,"Loin, short loin, 0x1 (174  3)",Select Cuts,,,,Select,,,,,700.0,792.85,,,731.32,$/cwt,7.3132,per lb,National,wholesale,,,,,,37184.0,lb,,2453,National Daily Boxed Beef Cutout & Boxed Beef Cuts - Negotiated Sales - PM (PDF) (LM_XB403),2026-09-26T13:48:36+00:00
98c6bc5ae85b036f,2021-06-11,Beef,"Loin, sirloin, tri-tip (185C  1)",Choice Cuts,,,,Choice,,,,,570.0,606.75,,,586.54,$/cwt,5.8654,per lb,National,wholesale,,,,,,3566.0,lb,,2453,National Daily Boxed Beef Cutout & Boxed Beef Cuts - Negotiated Sales - PM (PDF) (LM_XB403),2026-09-26T13:48:36+00:00
f5a8cd3600a7916d,2021-06-11,Beef,"Loin, sirloin, tri-tip, pld (185D  4)",Choice Cuts,,,,Choice,,,,,842.0,940.9,,,848.04,$/cwt,8.4804,per lb,National,wholesale,,,,,,13188.0,lb,,2453,National Daily Boxed Beef Cutout & Boxed Beef Cuts - Negotiated Sales - PM (PDF) (LM_XB403),2026-09-26T13:48:36+00:00
afba5652623a2e12,2021-06-11,Beef,"Loin, strip loin, 1x1 (175  3)",Choice Cuts,,,,Choice,,,,,845.0,850.0,,,847.57,$/cwt,8.4757,per lb,National,wholesale,,,,,,27982.0,lb,,2453,National Daily Boxed Beef Cutout & Boxed Beef Cuts - Negotiated Sales - PM (PDF) (LM_XB403),2026-09-26T13:48:36+00:00
ba75ff601a6e0e3c,2021-06-11,Beef,"Loin, strip, bnls, 0x1 (180  3)",Choice Cuts,,,,Choice,,,,,975.0,1043.59,,,1018.2,$/cwt,10.182,per lb,National,wholesale,,,,,,71779.0,lb,,2453,National Daily Boxed Beef Cutout & Boxed Beef Cuts - Negotiated Sales - PM (PDF) (LM_XB403),2026-09-26T13:48:36+00:00
bfffcc8da0da60ed,2021-06-11,Beef,"Loin, strip, bnls, 0x1 (180  3)",Select Cuts,,,,Select,,,,,739.73,795.0,,,748.76,$/cwt,7.4876,per lb,National,wholesale,,,,,,14522.0,lb,,2453,National Daily Boxed Beef Cutout & Boxed Beef Cuts - Negotiated Sales - PM (PDF) (LM_XB403),2026-09-26T13:48:36+00:00
f79b9f4783daee4a,2021-06-11,Beef,"Loin, tndrloin, trmd, heavy (189A  4)",Choice Cuts,,,,Choice,,,,,1800.0,1902.0,,,1830.04,$/cwt,18.3004,per lb,National,wholesale,,,,,,45928.0,lb,,2453,National Daily Boxed Beef Cutout & Boxed Beef Cuts - Negotiated Sales - PM (PDF) (LM_XB403),2026-09-26T13:48:36+00:00
de53e07626704d91,2021-06-11,Beef,"Loin, tndrloin, trmd, heavy (189A  4)",Select Cuts,,,,Select,,,,,1700.0,1813.5,,,1735.31,$/cwt,17.3531,per lb,National,wholesale,,,,,,3769.0,lb,,2453,National Daily Boxed Beef Cutout & Boxed Beef Cuts - Negotiated Sales - PM (PDF) (LM_XB403),2026-09-26T13:48:36+00:00
c24cc3607ace2f83,2021-06-11,Beef,"Loin, top butt, bnls, heavy (184  1)",Choice Cuts,,,,Choice,,,,,523.59,525.0,,,524.69,$/cwt,5.2469,per lb,National,wholesale,,,,,,3471.0,lb,,2453,National Daily Boxed Beef Cutout & Boxed Beef Cuts - Negotiated Sales - PM (PDF) (LM_XB403),2026-09-26T13:48:36+00:00
bc96fbff33d094fb,2021-06-11,Beef,"Loin, top butt, boneless (184  3)",Choice Cuts,,,,Choice,,,,,450.0,545.75,,,490.7,$/cwt,4.907,per lb,National,wholesale,,,,,,105190.0,lb,,2453,National Daily Boxed Beef Cutout & Boxed Beef Cuts - Negotiated Sales - PM (PDF) (LM_XB403),2026-09-26T13:48:36+00:00
3969111939e5d291,2021-06-11,Beef,"Loin, top butt, boneless (184  3)",Select Cuts,,,,Select,,,,,422.08,485.0,,,438.86,$/cwt,4.3886,per lb,National,wholesale,,,,,,17813.0,lb,,2453,National Daily Boxed Beef Cutout & Boxed Beef Cuts - Negotiated Sales - PM (PDF) (LM_XB403),2026-09-26T13:48:36+00:00
d190c164f42699cb,2021-06-11,Beef,"Rib, ribeye, bnls, heavy (112A  3)",Choice Cuts,,,,Choice,,,,,1267.7,1325.0,,,1313.84,$/cwt,13.1384,per lb,National,wholesale,,,,,,30276.0,lb,,2453,National Daily Boxed Beef Cutout & Boxed Beef Cuts - Negotiated Sales - PM (PDF) (LM_XB403),2026-09-26T13:48:36+00:00
d942d4be7c4a4707,2021-06-11,Beef,"Rib, ribeye, bnls, heavy (112A  3)",Select Cuts,,,,Select,,,,,889.0,1018.15,,,914.58,$/cwt,9.1458,per lb,National,wholesale,,,,,,5453.0,lb,,2453,National Daily Boxed Beef Cutout & Boxed Beef Cuts - Negotiated Sales - PM (PDF) (LM_XB403),2026-09-26T13:48:36+00:00
6a807a3b1b49488e,2021-06-11,Beef,"Rib, ribeye, bnls, light (112A  3)",Choice Cuts,,,,Choice,,,,,1320.0,1350.0,,,1324.46,$/cwt,13.2446,per lb,National,wholesale,,,,,,5451.0,lb,,2453,National Daily Boxed Beef Cutout & Boxed Beef Cuts - Negotiated Sales - PM (PDF) (LM_XB403),2026-09-26T13:48:36+00:00
79504a53dd04e37a,2021-06-11,Beef,"Rib, ribeye, bnls, light (112A  3)",Select Cuts,,,,Select,,,,,855.0,997.0,,,861.21,$/cwt,8.6121,per lb,National,wholesale,,,,,,288690.0,lb,,2453,National Daily Boxed Beef Cutout & Boxed Beef Cuts - Negotiated Sales - PM (PDF) (LM_XB403),2026-09-26T13:48:36+00:00
cf2b724b65996b7e,2021-06-11,Beef,"Rib, ribeye, lip-on, bn-in (109E  1)",Choice Cuts,,,,Choice,,,,,1077.59,1144.0,,,1124.27,$/cwt,11.2427,per lb,National,wholesale,,,,,,60732.0,lb,,2453,National Daily Boxed Beef Cutout & Boxed Beef Cuts - Negotiated Sales - PM (PDF) (LM_XB403),2026-09-26T13:48:36+00:00
efb449e894de6583,2021-06-11,Beef,"Round, bone-in (160  1)",Choice Cuts,,,,Choice,,,,,301.0,320.0,,,311.93,$/cwt,3.1193,per lb,National,wholesale,,,,,,1222.0,lb,,2453,National Daily Boxed Beef Cutout & Boxed Beef Cuts - Negotiated Sales - PM (PDF) (LM_XB403),2026-09-26T13:48:36+00:00
41a88a4987361e82,2021-06-11,Beef,"Round, eye of round (171C  3)",Choice Cuts,,,,Choice,,,,,315.54,349.89,,,332.49,$/cwt,3.3249,per lb,National,wholesale,,,,,,52927.0,lb,,2453,National Daily Boxed Beef Cutout & Boxed Beef Cuts - Negotiated Sales - PM (PDF) (LM_XB403),2026-09-26T13:48:36+00:00
1a8345525e7767fd,2021-06-11,Beef,"Round, eye of round (171C  3)",Select Cuts,,,,Select,,,,,330.0,340.0,,,332.77,$/cwt,3.3277,per lb,National,wholesale,,,,,,10507.0,lb,,2453,National Daily Boxed Beef Cutout & Boxed Beef Cuts - Negotiated Sales - PM (PDF) (LM_XB403),2026-09-26T13:48:36+00:00
7e4b3fc7970bb036,2021-06-11,Beef,"Round, knuckle, peeled (167A  4)",Choice Cuts,,,,Choice,,,,,375.0,401.0,,,385.05,$/cwt,3.8505,per lb,National,wholesale,,,,,,44617.0,lb,,2453,National Daily Boxed Beef Cutout & Boxed Beef Cuts - Negotiated Sales - PM (PDF) (LM_XB403),2026-09-26T13:48:36+00:00
a2df0168adf867fc,2021-06-11,Beef,"Round, outside round (171B  3)",Choice Cuts,,,,Choice,,,,,320.0,365.0,,,331.29,$/cwt,3.3129,per lb,National,wholesale,,,,,,55402.0,lb,,2453,National Daily Boxed Beef Cutout & Boxed Beef Cuts - Negotiated Sales - PM (PDF) (LM_XB403),2026-09-26T13:48:36+00:00
beecf53a61b0368b,2021-06-11,Beef,"Round, outside round (171B  3)",Select Cuts,,,,Select,,,,,320.0,326.0,,,322.75,$/cwt,3.2275,per lb,National,wholesale,,,,,,12409.0,lb,,2453,National Daily Boxed Beef Cutout & Boxed Beef Cuts - Negotiated Sales - PM (PDF) (LM_XB403),2026-09-26T13:48:36+00:00
c10cd91d2054cc18,2021-06-11,Beef,"Round, top inside round (168  3)",Choice Cuts,,,,Choice,,,,,339.54,368.75,,,352.46,$/cwt,3.5246,per lb,National,wholesale,,,,,,54948.0,lb,,2453,National Daily Boxed Beef Cutout & Boxed Beef Cuts - Negotiated Sales - PM (PDF) (LM_XB403),2026-09-26T13:48:36+00:00
51bc30eda058d4b8,2021-06-11,Beef,"Round, top inside round (168  3)",Select Cuts,,,,Select,,,,,350.0,363.0,,,359.14,$/cwt,3.5914,per lb,National,wholesale,,,,,,3356.0,lb,,2453,National Daily Boxed Beef Cutout & Boxed Beef Cuts - Negotiated Sales - PM (PDF) (LM_XB403),2026-09-26T13:48:36+00:00
238a0531cbe17137,2021-06-11,Beef,"Round, top inside, denuded (169  5)",Choice Cuts,,,,Choice,,,,,394.0,450.9,,,404.81,$/cwt,4.0481,per lb,National,wholesale,,,,,,53343.0,lb,,2453,National Daily Boxed Beef Cutout & Boxed Beef Cuts - Negotiated Sales - PM (PDF) (LM_XB403),2026-09-26T13:48:36+00:00
0548b3e3fef646d3,2021-06-11,Beef,"Short Plate, short rib (123A  3)",Choice Cuts,,,,Choice,,,,,526.0,611.0,,,573.09,$/cwt,5.7309,per lb,National,wholesale,,,,,,29009.0,lb,,2453,National Daily Boxed Beef Cutout & Boxed Beef Cuts - Negotiated Sales - PM (PDF) (LM_XB403),2026-09-26T13:48:36+00:00
3778e2777b71bcc8,2021-06-11,Beef,"Short Plate, short rib (123A  3)",Select Cuts,,,,Select,,,,,524.5,560.0,,,541.51,$/cwt,5.4151,per lb,National,wholesale,,,,,,13937.0,lb,,2453,National Daily Boxed Beef Cutout & Boxed Beef Cuts - Negotiated Sales - PM (PDF) (LM_XB403),2026-09-26T13:48:36+00:00
1cf767a8fad2f391,2021-06-14,Beef,"Brisket, deckle-off, bnls (120  1)",Choice Cuts,,,,Choice,,,,,400.0,460.87,,,424.71,$/cwt,4.2471,per lb,National,wholesale,,,,,,163697.0,lb,,2453,National Daily Boxed Beef Cutout & Boxed Beef Cuts - Negotiated Sales - PM (PDF) (LM_XB403),2026-09-26T13:48:36+00:00
646f879dac1950c2,2021-06-14,Beef,"Brisket, deckle-off, bnls (120  1)",Select Cuts,,,,Select,,,,,419.86,435.0,,,423.48,$/cwt,4.2348,per lb,National,wholesale,,,,,,3813.0,lb,,2453,National Daily Boxed Beef Cutout & Boxed Beef Cuts - Negotiated Sales - PM (PDF) (LM_XB403),2026-09-26T13:48:36+00:00
2c9d959fdb231a0a,2021-06-14,Beef,"Brisket, point/off, bnls (120A  3)",Choice Cuts,,,,Choice,,,,,705.0,749.0,,,714.18,$/cwt,7.1418,per lb,National,wholesale,,,,,,8511.0,lb,,2453,National Daily Boxed Beef Cutout & Boxed Beef Cuts - Negotiated Sales - PM (PDF) (LM_XB403),2026-09-26T13:48:36+00:00
865d2a6168fe6ae2,2021-06-14,Beef,"Chuck, chuck tender (116B  1)",Choice Cuts,,,,Choice,,,,,326.0,351.0,,,345.02,$/cwt,3.4502,per lb,National,wholesale,,,,,,21107.0,lb,,2453,National Daily Boxed Beef Cutout & Boxed Beef Cuts - Negotiated Sales - PM (PDF) (LM_XB403),2026-09-26T13:48:36+00:00
32d4da3e28dc7bc1,2021-06-14,Beef,"Chuck, chuck tender (116B  1)",Select Cuts,,,,Select,,,,,333.0,340.0,,,335.91,$/cwt,3.3591,per lb,National,wholesale,,,,,,6585.0,lb,,2453,National Daily Boxed Beef Cutout & Boxed Beef Cuts - Negotiated Sales - PM (PDF) (LM_XB403),2026-09-26T13:48:36+00:00
ef5309348f49132e,2021-06-14,Beef,"Chuck, clod tender (114F  5)",Choice Cuts,,,,Choice,,,,,750.0,789.78,,,782.07,$/cwt,7.8207,per lb,National,wholesale,,,,,,11122.0,lb,,2453,National Daily Boxed Beef Cutout & Boxed Beef Cuts - Negotiated Sales - PM (PDF) (LM_XB403),2026-09-26T13:48:36+00:00
4a78d68c83243c11,2021-06-14,Beef,"Chuck, clod tender (114F  5)",Select Cuts,,,,Select,,,,,750.0,780.0,,,757.36,$/cwt,7.5736,per lb,National,wholesale,,,,,,2500.0,lb,,2453,National Daily Boxed Beef Cutout & Boxed Beef Cuts - Negotiated Sales - PM (PDF) (LM_XB403),2026-09-26T13:48:36+00:00
207738d2fbf6fad5,2021-06-14,Beef,"Chuck, clod, arm roast (114E  3)",Choice Cuts,,,,Choice,,,,,420.0,429.05,,,427.14,$/cwt,4.2714,per lb,National,wholesale,,,,,,12337.0,lb,,2453,National Daily Boxed Beef Cutout & Boxed Beef Cuts - Negotiated Sales - PM (PDF) (LM_XB403),2026-09-26T13:48:36+00:00
f936216ce05d16cc,2021-06-14,Beef,"Chuck, clod, top blade (114D  3)",Choice Cuts,,,,Choice,,,,,578.0,590.0,,,582.69,$/cwt,5.8269,per lb,National,wholesale,,,,,,1625.0,lb,,2453,National Daily Boxed Beef Cutout & Boxed Beef Cuts - Negotiated Sales - PM (PDF) (LM_XB403),2026-09-26T13:48:36+00:00
9bdc6012c49a844c,2021-06-14,Beef,"Chuck, flap (116G  4)",Choice Cuts,,,,Choice,,,,,735.77,845.1,,,782.75,$/cwt,7.8275,per lb,National,wholesale,,,,,,12427.0,lb,,2453,National Daily Boxed Beef Cutout & Boxed Beef Cuts - Negotiated Sales - PM (PDF) (LM_XB403),2026-09-26T13:48:36+00:00
dfee2c4cbf90dc81,2021-06-14,Beef,"Chuck, flap (116G  4)",Select Cuts,,,,Select,,,,,698.0,750.95,,,711.8,$/cwt,7.118,per lb,National,wholesale,,,,,,19586.0,lb,,2453,National Daily Boxed Beef Cutout & Boxed Beef Cuts - Negotiated Sales - PM (PDF) (LM_XB403),2026-09-26T13:48:36+00:00
8e673ef660723235,2021-06-14,Beef,"Chuck, roll, lxl, neck/off (116A  3)",Choice Cuts,,,,Choice,,,,,320.0,393.6,,,360.76,$/cwt,3.6076,per lb,National,wholesale,,,,,,123234.0,lb,,2453,National Daily Boxed Beef Cutout & Boxed Beef Cuts - Negotiated Sales - PM (PDF) (LM_XB403),2026-09-26T13:48:36+00:00
4bf5cfbac35dfc93,2021-06-14,Beef,"Chuck, roll, lxl, neck/off (116A  3)",Select Cuts,,,,Select,,,,,340.0,395.0,,,361.86,$/cwt,3.6186,per lb,National,wholesale,,,,,,73668.0,lb,,2453,National Daily Boxed Beef Cutout & Boxed Beef Cuts - Negotiated Sales - PM (PDF) (LM_XB403),2026-09-26T13:48:36+00:00
e97c1c998778df8f,2021-06-14,Beef,"Chuck, semi-bnls, neck/off (113C  1)",Choice Cuts,,,,Choice,,,,,314.1,353.6,,,318.07,$/cwt,3.1807,per lb,National,wholesale,,,,,,25704.0,lb,,2453,National Daily Boxed Beef Cutout & Boxed Beef Cuts - Negotiated Sales - PM (PDF) (LM_XB403),2026-09-26T13:48:36+00:00
656545140788e343,2021-06-14,Beef,"Chuck, short rib (130  4)",Choice Cuts,,,,Choice,,,,,477.5,536.0,,,494.23,$/cwt,4.9423,per lb,National,wholesale,,,,,,53389.0,lb,,2453,National Daily Boxed Beef Cutout & Boxed Beef Cuts - Negotiated Sales - PM (PDF) (LM_XB403),2026-09-26T13:48:36+00:00
11db73bda68177e3,2021-06-14,Beef,"Chuck, shoulder clod (114  1)",Choice Cuts,,,,Choice,,,,,308.0,315.02,,,313.28,$/cwt,3.1328,per lb,National,wholesale,,,,,,18726.0,lb,,2453,National Daily Boxed Beef Cutout & Boxed Beef Cuts - Negotiated Sales - PM (PDF) (LM_XB403),2026-09-26T13:48:36+00:00
d91578b72fa8c3e0,2021-06-14,Beef,"Chuck, shoulder clod (114  1)",Select Cuts,,,,Select,,,,,300.0,310.0,,,308.27,$/cwt,3.0827,per lb,National,wholesale,,,,,,8757.0,lb,,2453,National Daily Boxed Beef Cutout & Boxed Beef Cuts - Negotiated Sales - PM (PDF) (LM_XB403),2026-09-26T13:48:36+00:00
93d1e35dd36349ff,2021-06-14,Beef,"Chuck, shoulder clod, trmd (114A  3)",Choice Cuts,,,,Choice,,,,,293.53,355.0,,,313.5,$/cwt,3.135,per lb,National,wholesale,,,,,,47207.0,lb,,2453,National Daily Boxed Beef Cutout & Boxed Beef Cuts - Negotiated Sales - PM (PDF) (LM_XB403),2026-09-26T13:48:36+00:00
52a99e02dcfed007,2021-06-14,Beef,"Chuck, shoulder clod, trmd (114A  3)",Select Cuts,,,,Select,,,,,293.53,345.0,,,308.2,$/cwt,3.082,per lb,National,wholesale,,,,,,24406.0,lb,,2453,National Daily Boxed Beef Cutout & Boxed Beef Cuts - Negotiated Sales - PM (PDF) (LM_XB403),2026-09-26T13:48:36+00:00
0649ac0ad8de83e0,2021-06-14,Beef,Cutout 600-900 lb,,,,,Choice,,,,,,,,,335.47,$/cwt,3.3547,per lb,National,wholesale,,,,,,,,,2453,National Daily Boxed Beef Cutout & Boxed Beef Cuts - Negotiated Sales - PM (PDF) (LM_XB403),2026-09-26T13:48:36+00:00
e3e8327422bf824b,2021-06-14,Beef,Cutout 600-900 lb,,,,,Select,,,,,,,,,303.41,$/cwt,3.0341,per lb,National,wholesale,,,,,,,,,2453,National Daily Boxed Beef Cutout & Boxed Beef Cuts - Negotiated Sales - PM (PDF) (LM_XB403),2026-09-26T13:48:36+00:00
f55a91ccc472a470,2021-06-14,Beef,"Flank, flank steak (193  4)",Choice Cuts,,,,Choice,,,,,790.0,840.0,,,821.41,$/cwt,8.2141,per lb,National,wholesale,,,,,,13073.0,lb,,2453,National Daily Boxed Beef Cutout & Boxed Beef Cuts - Negotiated Sales - PM (PDF) (LM_XB403),2026-09-26T13:48:36+00:00
e32f23aa01eb9a2f,2021-06-14,Beef,Ground Beef 73%,Ground Beef,,,,,,,,,245.0,265.0,,,250.43,$/cwt,2.5043,per lb,National,wholesale,,,,,,57174.0,lb,,2453,National Daily Boxed Beef Cutout & Boxed Beef Cuts - Negotiated Sales - PM (PDF) (LM_XB403),2026-09-26T13:48:36+00:00
73caf1df65a51221,2021-06-14,Beef,Ground Beef 81%,Ground Beef,,,,,,,,,310.0,341.5,,,323.75,$/cwt,3.2375,per lb,National,wholesale,,,,,,101856.0,lb,,2453,National Daily Boxed Beef Cutout & Boxed Beef Cuts - Negotiated Sales - PM (PDF) (LM_XB403),2026-09-26T13:48:36+00:00
6e4316e786bd90f6,2021-06-14,Beef,Ground Beef Chuck,Ground Beef,,,,,,,,,339.94,370.87,,,345.08,$/cwt,3.4508,per lb,National,wholesale,,,,,,24406.0,lb,,2453,National Daily Boxed Beef Cutout & Boxed Beef Cuts - Negotiated Sales - PM (PDF) (LM_XB403),2026-09-26T13:48:36+00:00
47f5a4976f92183a,2021-06-14,Beef,Ground Beef Round,Ground Beef,,,,,,,,,350.0,355.0,,,352.58,$/cwt,3.5258,per lb,National,wholesale,,,,,,34758.0,lb,,2453,National Daily Boxed Beef Cutout & Boxed Beef Cuts - Negotiated Sales - PM (PDF) (LM_XB403),2026-09-26T13:48:36+00:00
3ded847db59f57f5,2021-06-14,Beef,"Loin, ball-tip, bnls, heavy (185B  1)",Choice Cuts,,,,Choice,,,,,335.0,451.0,,,364.28,$/cwt,3.6428,per lb,National,wholesale,,,,,,109065.0,lb,,2453,National Daily Boxed Beef Cutout & Boxed Beef Cuts - Negotiated Sales - PM (PDF) (LM_XB403),2026-09-26T13:48:36+00:00
6674315bf4612bb0,2021-06-14,Beef,"Loin, ball-tip, bnls, heavy (185B  1)",Select Cuts,,,,Select,,,,,349.0,429.78,,,364.08,$/cwt,3.6408,per lb,National,wholesale,,,,,,23476.0,lb,,2453,National Daily Boxed Beef Cutout & Boxed Beef Cuts - Negotiated Sales - PM (PDF) (LM_XB403),2026-09-26T13:48:36+00:00
11aae0dc77bf419e,2021-06-14,Beef,"Loin, bottom sirloin, flap (185A  4)",Choice Cuts,,,,Choice,,,,,783.12,1053.47,,,828.56,$/cwt,8.2856,per lb,National,wholesale,,,,,,57273.0,lb,,2453,National Daily Boxed Beef Cutout & Boxed Beef Cuts - Negotiated Sales - PM (PDF) (LM_XB403),2026-09-26T13:48:36+00:00
b3f1b9f371a39378,2021-06-14,Beef,"Loin, bottom sirloin, flap (185A  4)",Select Cuts,,,,Select,,,,,845.66,879.78,,,847.37,$/cwt,8.4737,per lb,National,wholesale,,,,,,17457.0,lb,,2453,National Daily Boxed Beef Cutout & Boxed Beef Cuts - Negotiated Sales - PM (PDF) (LM_XB403),2026-09-26T13:48:36+00:00
95c51eeac117470c,2021-06-14,Beef,"Loin, butt tender, trimmed (191A  4)",Select Cuts,,,,Select,,,,,1491.33,1554.5,,,1504.45,$/cwt,15.0445,per lb,National,wholesale,,,,,,14625.0,lb,,2453,National Daily Boxed Beef Cutout & Boxed Beef Cuts - Negotiated Sales - PM (PDF) (LM_XB403),2026-09-26T13:48:36+00:00
1ea7d031254d8636,2021-06-14,Beef,"Loin, short loin, 0x1 (174  3)",Choice Cuts,,,,Choice,,,,,956.42,1018.6,,,970.73,$/cwt,9.7073,per lb,National,wholesale,,,,,,67231.0,lb,,2453,National Daily Boxed Beef Cutout & Boxed Beef Cuts - Negotiated Sales - PM (PDF) (LM_XB403),2026-09-26T13:48:36+00:00
a22809c7a63fc8fa,2021-06-14,Beef,"Loin, short loin, 0x1 (174  3)",Select Cuts,,,,Select,,,,,650.87,825.93,,,685.92,$/cwt,6.8592,per lb,National,wholesale,,,,,,23710.0,lb,,2453,National Daily Boxed Beef Cutout & Boxed Beef Cuts - Negotiated Sales - PM (PDF) (LM_XB403),2026-09-26T13:48:36+00:00
a9335b079dfaf2b2,2021-06-14,Beef,"Loin, sirloin, tri-tip (185C  1)",Choice Cuts,,,,Choice,,,,,555.0,665.0,,,560.22,$/cwt,5.6022,per lb,National,wholesale,,,,,,45488.0,lb,,2453,National Daily Boxed Beef Cutout & Boxed Beef Cuts - Negotiated Sales - PM (PDF) (LM_XB403),2026-09-26T13:48:36+00:00
1448bcb20022aa29,2021-06-14,Beef,"Loin, sirloin, tri-tip (185C  1)",Select Cuts,,,,Select,,,,,400.0,474.0,,,420.34,$/cwt,4.2034,per lb,National,wholesale,,,,,,12872.0,lb,,2453,National Daily Boxed Beef Cutout & Boxed Beef Cuts - Negotiated Sales - PM (PDF) (LM_XB403),2026-09-26T13:48:36+00:00
6ad2cc6e0b464218,2021-06-14,Beef,"Loin, sirloin, tri-tip, pld (185D  4)",Choice Cuts,,,,Choice,,,,,809.0,935.0,,,848.73,$/cwt,8.4873,per lb,National,wholesale,,,,,,4143.0,lb,,2453,National Daily Boxed Beef Cutout & Boxed Beef Cuts - Negotiated Sales - PM (PDF) (LM_XB403),2026-09-26T13:48:36+00:00
c43218e230beb300,2021-06-14,Beef,"Loin, strip, bnls, 0x1 (180  3)",Choice Cuts,,,,Choice,,,,,975.0,1058.05,,,1004.25,$/cwt,10.0425,per lb,National,wholesale,,,,,,48727.0,lb,,2453,National Daily Boxed Beef Cutout & Boxed Beef Cuts - Negotiated Sales - PM (PDF) (LM_XB403),2026-09-26T13:48:36+00:00
a9f6629eb1710fc1,2021-06-14,Beef,"Loin, strip, bnls, 0x1 (180  3)",Select Cuts,,,,Select,,,,,690.0,755.0,,,701.23,$/cwt,7.0123,per lb,National,wholesale,,,,,,15517.0,lb,,2453,National Daily Boxed Beef Cutout & Boxed Beef Cuts - Negotiated Sales - PM (PDF) (LM_XB403),2026-09-26T13:48:36+00:00
a08d7092dd13582e,2021-06-14,Beef,"Loin, tndrloin, trmd, heavy (189A  4)",Choice Cuts,,,,Choice,,,,,1796.04,1900.0,,,1832.67,$/cwt,18.3267,per lb,National,wholesale,,,,,,27274.0,lb,,2453,National Daily Boxed Beef Cutout & Boxed Beef Cuts - Negotiated Sales - PM (PDF) (LM_XB403),2026-09-26T13:48:36+00:00
24354496a3122e0a,2021-06-14,Beef,"Loin, tndrloin, trmd, heavy (189A  4)",Select Cuts,,,,Select,,,,,1679.0,1757.45,,,1706.78,$/cwt,17.0678,per lb,National,wholesale,,,,,,4533.0,lb,,2453,National Daily Boxed Beef Cutout & Boxed Beef Cuts - Negotiated Sales - PM (PDF) (LM_XB403),2026-09-26T13:48:36+00:00
9a420d94b02ae9d7,2021-06-14,Beef,"Loin, top butt, bnls, heavy (184  1)",Choice Cuts,,,,Choice,,,,,450.0,480.77,,,451.82,$/cwt,4.5182,per lb,National,wholesale,,,,,,7528.0,lb,,2453,National Daily Boxed Beef Cutout & Boxed Beef Cuts - Negotiated Sales - PM (PDF) (LM_XB403),2026-09-26T13:48:36+00:00
a1be8865df5d1102,2021-06-14,Beef,"Loin, top butt, boneless (184  3)",Choice Cuts,,,,Choice,,,,,455.87,534.0,,,505.2,$/cwt,5.052,per lb,National,wholesale,,,,,,29234.0,lb,,2453,National Daily Boxed Beef Cutout & Boxed Beef Cuts - Negotiated Sales - PM (PDF) (LM_XB403),2026-09-26T13:48:36+00:00
a25573466143c496,2021-06-14,Beef,"Loin, top butt, boneless (184  3)",Select Cuts,,,,Select,,,,,423.68,454.78,,,439.95,$/cwt,4.3995,per lb,National,wholesale,,,,,,1462.0,lb,,2453,National Daily Boxed Beef Cutout & Boxed Beef Cuts - Negotiated Sales - PM (PDF) (LM_XB403),2026-09-26T13:48:36+00:00
8ff63da9d13c3328,2021-06-14,Beef,"Rib, ribeye, bnls, heavy (112A  3)",Choice Cuts,,,,Choice,,,,,1250.0,1325.77,,,1292.5,$/cwt,12.925,per lb,National,wholesale,,,,,,20789.0,lb,,2453,National Daily Boxed Beef Cutout & Boxed Beef Cuts - Negotiated Sales - PM (PDF) (LM_XB403),2026-09-26T13:48:36+00:00
f9b71f6b1174428c,2021-06-14,Beef,"Rib, ribeye, bnls, heavy (112A  3)",Select Cuts,,,,Select,,,,,864.31,994.78,,,896.28,$/cwt,8.9628,per lb,National,wholesale,,,,,,5165.0,lb,,2453,National Daily Boxed Beef Cutout & Boxed Beef Cuts - Negotiated Sales - PM (PDF) (LM_XB403),2026-09-26T13:48:36+00:00
23cfc8359c0c3dcd,2021-06-14,Beef,"Rib, ribeye, bnls, light (112A  3)",Choice Cuts,,,,Choice,,,,,1249.5,1330.78,,,1257.34,$/cwt,12.5734,per lb,National,wholesale,,,,,,26390.0,lb,,2453,National Daily Boxed Beef Cutout & Boxed Beef Cuts - Negotiated Sales - PM (PDF) (LM_XB403),2026-09-26T13:48:36+00:00
780f3a93600fb06c,2021-06-14,Beef,"Rib, ribeye, bnls, light (112A  3)",Select Cuts,,,,Select,,,,,870.0,1005.87,,,895.02,$/cwt,8.9502,per lb,National,wholesale,,,,,,11341.0,lb,,2453,National Daily Boxed Beef Cutout & Boxed Beef Cuts - Negotiated Sales - PM (PDF) (LM_XB403),2026-09-26T13:48:36+00:00
b6b05b1f2ada027f,2021-06-14,Beef,"Rib, ribeye, lip-on, bn-in (109E  1)",Choice Cuts,,,,Choice,,,,,1087.0,1195.0,,,1121.61,$/cwt,11.2161,per lb,National,wholesale,,,,,,11352.0,lb,,2453,National Daily Boxed Beef Cutout & Boxed Beef Cuts - Negotiated Sales - PM (PDF) (LM_XB403),2026-09-26T13:48:36+00:00
c7dbc0f2f7bf34d4,2021-06-14,Beef,"Rib, ribeye, lip-on, bn-in (109E  1)",Select Cuts,,,,Select,,,,,765.0,900.0,,,814.63,$/cwt,8.1463,per lb,National,wholesale,,,,,,2656.0,lb,,2453,National Daily Boxed Beef Cutout & Boxed Beef Cuts - Negotiated Sales - PM (PDF) (LM_XB403),2026-09-26T13:48:36+00:00
3bc78da6ddb265ac,2021-06-14,Beef,"Round, boneless (161  1)",Select Cuts,,,,Select,,,,,325.0,330.0,,,327.08,$/cwt,3.2708,per lb,National,wholesale,,,,,,2538.0,lb,,2453,National Daily Boxed Beef Cutout & Boxed Beef Cuts - Negotiated Sales - PM (PDF) (LM_XB403),2026-09-26T13:48:36+00:00
f8953b450f171e73,2021-06-14,Beef,"Round, eye of round (171C  3)",Choice Cuts,,,,Choice,,,,,324.83,366.02,,,336.21,$/cwt,3.3621,per lb,National,wholesale,,,,,,82250.0,lb,,2453,National Daily Boxed Beef Cutout & Boxed Beef Cuts - Negotiated Sales - PM (PDF) (LM_XB403),2026-09-26T13:48:36+00:00
33e38480492ce7d1,2021-06-14,Beef,"Round, eye of round (171C  3)",Select Cuts,,,,Select,,,,,339.29,340.0,,,339.74,$/cwt,3.3974,per lb,National,wholesale,,,,,,3408.0,lb,,2453,National Daily Boxed Beef Cutout & Boxed Beef Cuts - Negotiated Sales - PM (PDF) (LM_XB403),2026-09-26T13:48:36+00:00
6cc06206a425a1de,2021-06-14,Beef,"Round, knuckle, peeled (167A  4)",Choice Cuts,,,,Choice,,,,,374.72,413.6,,,393.56,$/cwt,3.9356,per lb,National,wholesale,,,,,,79462.0,lb,,2453,National Daily Boxed Beef Cutout & Boxed Beef Cuts - Negotiated Sales - PM (PDF) (LM_XB403),2026-09-26T13:48:36+00:00
d7cf162aa2c1befe,2021-06-14,Beef,"Round, knuckle, peeled (167A  4)",Select Cuts,,,,Select,,,,,368.4,394.78,,,381.12,$/cwt,3.8112,per lb,National,wholesale,,,,,,14795.0,lb,,2453,National Daily Boxed Beef Cutout & Boxed Beef Cuts - Negotiated Sales - PM (PDF) (LM_XB403),2026-09-26T13:48:36+00:00
f6c3e3e492573c78,2021-06-14,Beef,"Round, outside round (171B  3)",Choice Cuts,,,,Choice,,,,,290.0,365.0,,,320.03,$/cwt,3.2003,per lb,National,wholesale,,,,,,126980.0,lb,,2453,National Daily Boxed Beef Cutout & Boxed Beef Cuts - Negotiated Sales - PM (PDF) (LM_XB403),2026-09-26T13:48:36+00:00
4f821c39b7756ec2,2021-06-14,Beef,"Round, outside round (171B  3)",Select Cuts,,,,Select,,,,,290.0,353.0,,,311.18,$/cwt,3.1118,per lb,National,wholesale,,,,,,55674.0,lb,,2453,National Daily Boxed Beef Cutout & Boxed Beef Cuts - Negotiated Sales - PM (PDF) (LM_XB403),2026-09-26T13:48:36+00:00
3a6796a982519517,2021-06-14,Beef,"Round, top inside round (168  1)",Choice Cuts,,,,Choice,,,,,334.31,363.0,,,358.16,$/cwt,3.5816,per lb,National,wholesale,,,,,,13641.0,lb,,2453,National Daily Boxed Beef Cutout & Boxed Beef Cuts - Negotiated Sales - PM (PDF) (LM_XB403),2026-09-26T13:48:36+00:00
d946147f93807372,2021-06-14,Beef,"Round, top inside round (168  3)",Choice Cuts,,,,Choice,,,,,323.68,365.0,,,343.0,$/cwt,3.43,per lb,National,wholesale,,,,,,224806.0,lb,,2453,National Daily Boxed Beef Cutout & Boxed Beef Cuts - Negotiated Sales - PM (PDF) (LM_XB403),2026-09-26T13:48:36+00:00
ec8be1febbf091b7,2021-06-14,Beef,"Round, top inside round (168  3)",Select Cuts,,,,Select,,,,,334.5,350.0,,,348.2,$/cwt,3.482,per lb,National,wholesale,,,,,,6657.0,lb,,2453,National Daily Boxed Beef Cutout & Boxed Beef Cuts - Negotiated Sales - PM (PDF) (LM_XB403),2026-09-26T13:48:36+00:00
4a6422b327140ffc,2021-06-14,Beef,"Round, top inside, cap off (169A  5)",Choice Cuts,,,,Choice,,,,,482.12,525.0,,,494.73,$/cwt,4.9473,per lb,National,wholesale,,,,,,60619.0,lb,,2453,National Daily Boxed Beef Cutout & Boxed Beef Cuts - Negotiated Sales - PM (PDF) (LM_XB403),2026-09-26T13:48:36+00:00
469c91829c4e6c65,2021-06-14,Beef,"Round, top inside, denuded (169  5)",Choice Cuts,,,,Choice,,,,,399.0,427.0,,,418.7,$/cwt,4.187,per lb,National,wholesale,,,,,,15286.0,lb,,2453,National Daily Boxed Beef Cutout & Boxed Beef Cuts - Negotiated Sales - PM (PDF) (LM_XB403),2026-09-26T13:48:36+00:00
23348a9d4f77d3bb,2021-06-14,Beef,"Short Plate, short rib (123A  3)",Choice Cuts,,,,Choice,,,,,550.0,625.25,,,598.63,$/cwt,5.9863,per lb,National,wholesale,,,,,,50704.0,lb,,2453,National Daily Boxed Beef Cutout & Boxed Beef Cuts - Negotiated Sales - PM (PDF) (LM_XB403),2026-09-26T13:48:36+00:00
c56d684976795326,2021-06-14,Beef,"Short Plate, short rib (123A  3)",Select Cuts,,,,Select,,,,,570.02,625.25,,,601.37,$/cwt,6.0137,per lb,National,wholesale,,,,,,8676.0,lb,,2453,National Daily Boxed Beef Cutout & Boxed Beef Cuts - Negotiated Sales - PM (PDF) (LM_XB403),2026-09-26T13:48:36+00:00
0eaa0e41f4540d0c,2021-06-15,Beef,"Brisket, deckle-off, bnls (120  1)",Choice Cuts,,,,Choice,,,,,405.25,465.0,,,430.1,$/cwt,4.301,per lb,National,wholesale,,,,,,85506.0,lb,,2453,National Daily Boxed Beef Cutout & Boxed Beef Cuts - Negotiated Sales - PM (PDF) (LM_XB403),2026-09-26T13:48:36+00:00
4b297887cbe51a17,2021-06-15,Beef,"Brisket, deckle-off, bnls (120  1)",Select Cuts,,,,Select,,,,,417.3,450.58,,,422.68,$/cwt,4.2268,per lb,National,wholesale,,,,,,27224.0,lb,,2453,National Daily Boxed Beef Cutout & Boxed Beef Cuts - Negotiated Sales - PM (PDF) (LM_XB403),2026-09-26T13:48:36+00:00
216e1df3ce4a2b14,2021-06-15,Beef,"Brisket, point/off, bnls (120A  3)",Choice Cuts,,,,Choice,,,,,700.27,789.0,,,715.62,$/cwt,7.1562,per lb,National,wholesale,,,,,,4238.0,lb,,2453,National Daily Boxed Beef Cutout & Boxed Beef Cuts - Negotiated Sales - PM (PDF) (LM_XB403),2026-09-26T13:48:36+00:00
32aa26b33fa983ed,2021-06-15,Beef,"Chuck, chuck tender (116B  1)",Choice Cuts,,,,Choice,,,,,311.0,350.0,,,339.29,$/cwt,3.3929,per lb,National,wholesale,,,,,,81187.0,lb,,2453,National Daily Boxed Beef Cutout & Boxed Beef Cuts - Negotiated Sales - PM (PDF) (LM_XB403),2026-09-26T13:48:36+00:00
f84148b3f8aac9aa,2021-06-15,Beef,"Chuck, chuck tender (116B  1)",Select Cuts,,,,Select,,,,,322.0,350.72,,,341.38,$/cwt,3.4138,per lb,National,wholesale,,,,,,20280.0,lb,,2453,National Daily Boxed Beef Cutout & Boxed Beef Cuts - Negotiated Sales - PM (PDF) (LM_XB403),2026-09-26T13:48:36+00:00
3b4524e3c8c53c2d,2021-06-15,Beef,"Chuck, clod tender (114F  5)",Choice Cuts,,,,Choice,,,,,765.0,790.0,,,778.85,$/cwt,7.7885,per lb,National,wholesale,,,,,,5737.0,lb,,2453,National Daily Boxed Beef Cutout & Boxed Beef Cuts - Negotiated Sales - PM (PDF) (LM_XB403),2026-09-26T13:48:36+00:00
d9587c95cf10d055,2021-06-15,Beef,"Chuck, clod, top blade (114D  3)",Choice Cuts,,,,Choice,,,,,586.54,626.0,,,597.58,$/cwt,5.9758,per lb,National,wholesale,,,,,,12335.0,lb,,2453,National Daily Boxed Beef Cutout & Boxed Beef Cuts - Negotiated Sales - PM (PDF) (LM_XB403),2026-09-26T13:48:36+00:00
5f7e66939138c4be,2021-06-15,Beef,"Chuck, flap (116G  4)",Choice Cuts,,,,Choice,,,,,759.66,839.89,,,785.31,$/cwt,7.8531,per lb,National,wholesale,,,,,,35742.0,lb,,2453,National Daily Boxed Beef Cutout & Boxed Beef Cuts - Negotiated Sales - PM (PDF) (LM_XB403),2026-09-26T13:48:36+00:00
06ce17e001e5e641,2021-06-15,Beef,"Chuck, flap (116G  4)",Select Cuts,,,,Select,,,,,700.0,801.2,,,748.12,$/cwt,7.4812,per lb,National,wholesale,,,,,,3242.0,lb,,2453,National Daily Boxed Beef Cutout & Boxed Beef Cuts - Negotiated Sales - PM (PDF) (LM_XB403),2026-09-26T13:48:36+00:00
6bdde78cccf74eb0,2021-06-15,Beef,"Chuck, roll, lxl, neck/off (116A  3)",Choice Cuts,,,,Choice,,,,,340.0,387.14,,,367.86,$/cwt,3.6786,per lb,National,wholesale,,,,,,114364.0,lb,,2453,National Daily Boxed Beef Cutout & Boxed Beef Cuts - Negotiated Sales - PM (PDF) (LM_XB403),2026-09-26T13:48:36+00:00
11f6956fe2365e7e,2021-06-15,Beef,"Chuck, roll, lxl, neck/off (116A  3)",Select Cuts,,,,Select,,,,,310.0,375.0,,,350.51,$/cwt,3.5051,per lb,National,wholesale,,,,,,47397.0,lb,,2453,National Daily Boxed Beef Cutout & Boxed Beef Cuts - Negotiated Sales - PM (PDF) (LM_XB403),2026-09-26T13:48:36+00:00
7cccfe6c5254898c,2021-06-15,Beef,"Chuck, roll, retail ready (916A  3)",Choice Cuts,,,,Choice,,,,,417.0,455.87,,,427.09,$/cwt,4.2709,per lb,National,wholesale,,,,,,14870.0,lb,,2453,National Daily Boxed Beef Cutout & Boxed Beef Cuts - Negotiated Sales - PM (PDF) (LM_XB403),2026-09-26T13:48:36+00:00
6ea58270d0608ec7,2021-06-15,Beef,"Chuck, semi-bnls, neck/off (113C  1)",Select Cuts,,,,Select,,,,,315.96,324.68,,,317.17,$/cwt,3.1717,per lb,National,wholesale,,,,,,12070.0,lb,,2453,National Daily Boxed Beef Cutout & Boxed Beef Cuts - Negotiated Sales - PM (PDF) (LM_XB403),2026-09-26T13:48:36+00:00
f823701462311cb6,2021-06-15,Beef,"Chuck, short rib (130  4)",Choice Cuts,,,,Choice,,,,,462.0,535.0,,,511.04,$/cwt,5.1104,per lb,National,wholesale,,,,,,52495.0,lb,,2453,National Daily Boxed Beef Cutout & Boxed Beef Cuts - Negotiated Sales - PM (PDF) (LM_XB403),2026-09-26T13:48:36+00:00
c36dadd17691b4e5,2021-06-15,Beef,"Chuck, short rib (130  4)",Select Cuts,,,,Select,,,,,442.0,521.5,,,488.76,$/cwt,4.8876,per lb,National,wholesale,,,,,,7092.0,lb,,2453,National Daily Boxed Beef Cutout & Boxed Beef Cuts - Negotiated Sales - PM (PDF) (LM_XB403),2026-09-26T13:48:36+00:00
75e25f7ec4a055ef,2021-06-15,Beef,"Chuck, shoulder clod (114  1)",Choice Cuts,,,,Choice,,,,,296.53,320.0,,,300.65,$/cwt,3.0065,per lb,National,wholesale,,,,,,39154.0,lb,,2453,National Daily Boxed Beef Cutout & Boxed Beef Cuts - Negotiated Sales - PM (PDF) (LM_XB403),2026-09-26T13:48:36+00:00
668b59a088abf8b6,2021-06-15,Beef,"Chuck, shoulder clod (114  1)",Select Cuts,,,,Select,,,,,293.0,304.01,,,298.38,$/cwt,2.9838,per lb,National,wholesale,,,,,,10456.0,lb,,2453,National Daily Boxed Beef Cutout & Boxed Beef Cuts - Negotiated Sales - PM (PDF) (LM_XB403),2026-09-26T13:48:36+00:00
ea63085f655a679b,2021-06-15,Beef,"Chuck, shoulder clod, trmd (114A  3)",Choice Cuts,,,,Choice,,,,,312.09,333.73,,,319.27,$/cwt,3.1927,per lb,National,wholesale,,,,,,32054.0,lb,,2453,National Daily Boxed Beef Cutout & Boxed Beef Cuts - Negotiated Sales - PM (PDF) (LM_XB403),2026-09-26T13:48:36+00:00
01884149cb22dff8,2021-06-15,Beef,"Chuck, shoulder clod, trmd (114A  3)",Select Cuts,,,,Select,,,,,297.0,324.0,,,302.7,$/cwt,3.027,per lb,National,wholesale,,,,,,111552.0,lb,,2453,National Daily Boxed Beef Cutout & Boxed Beef Cuts - Negotiated Sales - PM (PDF) (LM_XB403),2026-09-26T13:48:36+00:00
59c95972a9a4b03d,2021-06-15,Beef,Cutout 600-900 lb,,,,,Choice,,,,,,,,,334.43,$/cwt,3.3443,per lb,National,wholesale,,,,,,,,,2453,National Daily Boxed Beef Cutout & Boxed Beef Cuts - Negotiated Sales - PM (PDF) (LM_XB403),2026-09-26T13:48:36+00:00
f3aa66225b6c2a44,2021-06-15,Beef,Cutout 600-900 lb,,,,,Select,,,,,,,,,298.28,$/cwt,2.9828,per lb,National,wholesale,,,,,,,,,2453,National Daily Boxed Beef Cutout & Boxed Beef Cuts - Negotiated Sales - PM (PDF) (LM_XB403),2026-09-26T13:48:36+00:00
99688584f8331e16,2021-06-15,Beef,"Flank, flank steak (193  4)",Choice Cuts,,,,Choice,,,,,790.0,831.0,,,822.59,$/cwt,8.2259,per lb,National,wholesale,,,,,,28517.0,lb,,2453,National Daily Boxed Beef Cutout & Boxed Beef Cuts - Negotiated Sales - PM (PDF) (LM_XB403),2026-09-26T13:48:36+00:00
cbed4ec93fb80716,2021-06-15,Beef,"Flank, flank steak (193  4)",Select Cuts,,,,Select,,,,,756.78,800.25,,,768.5,$/cwt,7.685,per lb,National,wholesale,,,,,,23930.0,lb,,2453,National Daily Boxed Beef Cutout & Boxed Beef Cuts - Negotiated Sales - PM (PDF) (LM_XB403),2026-09-26T13:48:36+00:00
480f3c22d35b71be,2021-06-15,Beef,Ground Beef 73%,Ground Beef,,,,,,,,,251.41,277.0,,,257.31,$/cwt,2.5731,per lb,National,wholesale,,,,,,20130.0,lb,,2453,National Daily Boxed Beef Cutout & Boxed Beef Cuts - Negotiated Sales - PM (PDF) (LM_XB403),2026-09-26T13:48:36+00:00
c46a8d082333fb41,2021-06-15,Beef,Ground Beef 81%,Ground Beef,,,,,,,,,301.0,341.0,,,327.72,$/cwt,3.2772,per lb,National,wholesale,,,,,,77228.0,lb,,2453,National Daily Boxed Beef Cutout & Boxed Beef Cuts - Negotiated Sales - PM (PDF) (LM_XB403),2026-09-26T13:48:36+00:00
114b91371ee57ec7,2021-06-15,Beef,Ground Beef 93%,Ground Beef,,,,,,,,,312.0,391.82,,,350.12,$/cwt,3.5012,per lb,National,wholesale,,,,,,10319.0,lb,,2453,National Daily Boxed Beef Cutout & Boxed Beef Cuts - Negotiated Sales - PM (PDF) (LM_XB403),2026-09-26T13:48:36+00:00
463f9e98fc72ef7c,2021-06-15,Beef,Ground Beef Chuck,Ground Beef,,,,,,,,,342.0,350.7,,,345.18,$/cwt,3.4518,per lb,National,wholesale,,,,,,4994.0,lb,,2453,National Daily Boxed Beef Cutout & Boxed Beef Cuts - Negotiated Sales - PM (PDF) (LM_XB403),2026-09-26T13:48:36+00:00
d582c71001b538d3,2021-06-15,Beef,Ground Beef Round,Ground Beef,,,,,,,,,348.0,360.4,,,351.35,$/cwt,3.5135,per lb,National,wholesale,,,,,,22195.0,lb,,2453,National Daily Boxed Beef Cutout & Boxed Beef Cuts - Negotiated Sales - PM (PDF) (LM_XB403),2026-09-26T13:48:36+00:00
fe3f07cc33a44354,2021-06-15,Beef,"Loin, ball-tip, bnls, heavy (185B  1)",Choice Cuts,,,,Choice,,,,,325.0,394.2,,,349.65,$/cwt,3.4965,per lb,National,wholesale,,,,,,439219.0,lb,,2453,National Daily Boxed Beef Cutout & Boxed Beef Cuts - Negotiated Sales - PM (PDF) (LM_XB403),2026-09-26T13:48:36+00:00
c688bb0b2fc23ee0,2021-06-15,Beef,"Loin, ball-tip, bnls, heavy (185B  1)",Select Cuts,,,,Select,,,,,327.39,337.0,,,332.92,$/cwt,3.3292,per lb,National,wholesale,,,,,,216350.0,lb,,2453,National Daily Boxed Beef Cutout & Boxed Beef Cuts - Negotiated Sales - PM (PDF) (LM_XB403),2026-09-26T13:48:36+00:00
0b2ed0869f8f7ffe,2021-06-15,Beef,"Loin, bottom sirloin, flap (185A  4)",Choice Cuts,,,,Choice,,,,,849.23,1004.25,,,899.11,$/cwt,8.9911,per lb,National,wholesale,,,,,,25947.0,lb,,2453,National Daily Boxed Beef Cutout & Boxed Beef Cuts - Negotiated Sales - PM (PDF) (LM_XB403),2026-09-26T13:48:36+00:00
ea713087d8c2e0c8,2021-06-15,Beef,"Loin, bottom sirloin, flap (185A  4)",Select Cuts,,,,Select,,,,,850.0,914.7,,,882.37,$/cwt,8.8237,per lb,National,wholesale,,,,,,5760.0,lb,,2453,National Daily Boxed Beef Cutout & Boxed Beef Cuts - Negotiated Sales - PM (PDF) (LM_XB403),2026-09-26T13:48:36+00:00
db0c92fff949ad9f,2021-06-15,Beef,"Loin, butt tender, trimmed (191A  4)",Select Cuts,,,,Select,,,,,1450.35,1550.0,,,1456.63,$/cwt,14.5663,per lb,National,wholesale,,,,,,21517.0,lb,,2453,National Daily Boxed Beef Cutout & Boxed Beef Cuts - Negotiated Sales - PM (PDF) (LM_XB403),2026-09-26T13:48:36+00:00
737ba30ce50480fd,2021-06-15,Beef,"Loin, short loin, 0x1 (174  3)",Choice Cuts,,,,Choice,,,,,942.86,1019.0,,,973.62,$/cwt,9.7362,per lb,National,wholesale,,,,,,104827.0,lb,,2453,National Daily Boxed Beef Cutout & Boxed Beef Cuts - Negotiated Sales - PM (PDF) (LM_XB403),2026-09-26T13:48:36+00:00
1e801fdf45495f4f,2021-06-15,Beef,"Loin, short loin, 0x1 (174  3)",Select Cuts,,,,Select,,,,,640.19,775.0,,,661.42,$/cwt,6.6142,per lb,National,wholesale,,,,,,11688.0,lb,,2453,National Daily Boxed Beef Cutout & Boxed Beef Cuts - Negotiated Sales - PM (PDF) (LM_XB403),2026-09-26T13:48:36+00:00
05a7b71449696a61,2021-06-15,Beef,"Loin, sirloin, tri-tip (185C  1)",Choice Cuts,,,,Choice,,,,,596.0,607.5,,,600.05,$/cwt,6.0005,per lb,National,wholesale,,,,,,1258.0,lb,,2453,National Daily Boxed Beef Cutout & Boxed Beef Cuts - Negotiated Sales - PM (PDF) (LM_XB403),2026-09-26T13:48:36+00:00
8f61807da057dc8d,2021-06-15,Beef,"Loin, sirloin, tri-tip (185C  1)",Select Cuts,,,,Select,,,,,319.96,437.0,,,342.22,$/cwt,3.4222,per lb,National,wholesale,,,,,,122303.0,lb,,2453,National Daily Boxed Beef Cutout & Boxed Beef Cuts - Negotiated Sales - PM (PDF) (LM_XB403),2026-09-26T13:48:36+00:00
20023299725ff5a9,2021-06-15,Beef,"Loin, strip loin, 1x1 (175  3)",Select Cuts,,,,Select,,,,,439.96,654.76,,,451.93,$/cwt,4.5193,per lb,National,wholesale,,,,,,242337.0,lb,,2453,National Daily Boxed Beef Cutout & Boxed Beef Cuts - Negotiated Sales - PM (PDF) (LM_XB403),2026-09-26T13:48:36+00:00
b12e096fc77421f8,2021-06-15,Beef,"Loin, strip, bnls, 0x1 (180  3)",Choice Cuts,,,,Choice,,,,,973.0,1034.25,,,1018.19,$/cwt,10.1819,per lb,National,wholesale,,,,,,27050.0,lb,,2453,National Daily Boxed Beef Cutout & Boxed Beef Cuts - Negotiated Sales - PM (PDF) (LM_XB403),2026-09-26T13:48:36+00:00
17f1b4f05801b987,2021-06-15,Beef,"Loin, strip, bnls, 0x1 (180  3)",Select Cuts,,,,Select,,,,,640.19,760.0,,,693.43,$/cwt,6.9343,per lb,National,wholesale,,,,,,19097.0,lb,,2453,National Daily Boxed Beef Cutout & Boxed Beef Cuts - Negotiated Sales - PM (PDF) (LM_XB403),2026-09-26T13:48:36+00:00
71ec6a25662624a3,2021-06-15,Beef,"Loin, tndrloin, trmd, heavy (189A  4)",Choice Cuts,,,,Choice,,,,,1824.07,1919.5,,,1880.4,$/cwt,18.804,per lb,National,wholesale,,,,,,27419.0,lb,,2453,National Daily Boxed Beef Cutout & Boxed Beef Cuts - Negotiated Sales - PM (PDF) (LM_XB403),2026-09-26T13:48:36+00:00
27958a6943dc94f6,2021-06-15,Beef,"Loin, tndrloin, trmd, heavy (189A  4)",Select Cuts,,,,Select,,,,,1650.27,1839.25,,,1760.14,$/cwt,17.6014,per lb,National,wholesale,,,,,,22292.0,lb,,2453,National Daily Boxed Beef Cutout & Boxed Beef Cuts - Negotiated Sales - PM (PDF) (LM_XB403),2026-09-26T13:48:36+00:00
1f14fa1f77b30c69,2021-06-15,Beef,"Loin, top butt, CC (184B  3)",Choice Cuts,,,,Choice,,,,,715.02,770.0,,,728.21,$/cwt,7.2821,per lb,National,wholesale,,,,,,3738.0,lb,,2453,National Daily Boxed Beef Cutout & Boxed Beef Cuts - Negotiated Sales - PM (PDF) (LM_XB403),2026-09-26T13:48:36+00:00
d7e78abe6fc293de,2021-06-15,Beef,"Loin, top butt, boneless (184  3)",Choice Cuts,,,,Choice,,,,,460.12,536.0,,,484.95,$/cwt,4.8495,per lb,National,wholesale,,,,,,204206.0,lb,,2453,National Daily Boxed Beef Cutout & Boxed Beef Cuts - Negotiated Sales - PM (PDF) (LM_XB403),2026-09-26T13:48:36+00:00
d97c4ac786c8e11f,2021-06-15,Beef,"Loin, top butt, boneless (184  3)",Select Cuts,,,,Select,,,,,374.0,475.0,,,407.94,$/cwt,4.0794,per lb,National,wholesale,,,,,,24246.0,lb,,2453,National Daily Boxed Beef Cutout & Boxed Beef Cuts - Negotiated Sales - PM (PDF) (LM_XB403),2026-09-26T13:48:36+00:00
7c457c3af10f2b26,2021-06-15,Beef,"Rib, ribeye, bnls, heavy (112A  3)",Choice Cuts,,,,Choice,,,,,1290.0,1339.0,,,1314.77,$/cwt,13.1477,per lb,National,wholesale,,,,,,20007.0,lb,,2453,National Daily Boxed Beef Cutout & Boxed Beef Cuts - Negotiated Sales - PM (PDF) (LM_XB403),2026-09-26T13:48:36+00:00
175f859f90cb98ed,2021-06-15,Beef,"Rib, ribeye, bnls, heavy (112A  3)",Select Cuts,,,,Select,,,,,850.0,1000.0,,,889.44,$/cwt,8.8944,per lb,National,wholesale,,,,,,20045.0,lb,,2453,National Daily Boxed Beef Cutout & Boxed Beef Cuts - Negotiated Sales - PM (PDF) (LM_XB403),2026-09-26T13:48:36+00:00
60597f28f6df2e20,2021-06-15,Beef,"Rib, ribeye, bnls, light (112A  3)",Choice Cuts,,,,Choice,,,,,1250.0,1346.5,,,1286.4,$/cwt,12.864,per lb,National,wholesale,,,,,,24282.0,lb,,2453,National Daily Boxed Beef Cutout & Boxed Beef Cuts - Negotiated Sales - PM (PDF) (LM_XB403),2026-09-26T13:48:36+00:00
0840dc1b7404da58,2021-06-15,Beef,"Rib, ribeye, bnls, light (112A  3)",Select Cuts,,,,Select,,,,,860.0,1001.0,,,879.61,$/cwt,8.7961,per lb,National,wholesale,,,,,,11061.0,lb,,2453,National Daily Boxed Beef Cutout & Boxed Beef Cuts - Negotiated Sales - PM (PDF) (LM_XB403),2026-09-26T13:48:36+00:00
b00c1435079e1cec,2021-06-15,Beef,"Rib, ribeye, lip-on, bn-in (109E  1)",Choice Cuts,,,,Choice,,,,,1070.0,1190.0,,,1096.8,$/cwt,10.968,per lb,National,wholesale,,,,,,4844.0,lb,,2453,National Daily Boxed Beef Cutout & Boxed Beef Cuts - Negotiated Sales - PM (PDF) (LM_XB403),2026-09-26T13:48:36+00:00
7cccaae359210233,2021-06-15,Beef,"Rib, ribeye, lip-on, bn-in (109E  1)",Select Cuts,,,,Select,,,,,750.0,900.0,,,791.99,$/cwt,7.9199,per lb,National,wholesale,,,,,,2616.0,lb,,2453,National Daily Boxed Beef Cutout & Boxed Beef Cuts - Negotiated Sales - PM (PDF) (LM_XB403),2026-09-26T13:48:36+00:00
a4349e7961f997a9,2021-06-15,Beef,"Round, bottom gooseneck (170  1)",Choice Cuts,,,,Choice,,,,,270.91,314.0,,,273.35,$/cwt,2.7335,per lb,National,wholesale,,,,,,33898.0,lb,,2453,National Daily Boxed Beef Cutout & Boxed Beef Cuts - Negotiated Sales - PM (PDF) (LM_XB403),2026-09-26T13:48:36+00:00
fdd0a7afecb613cd,2021-06-15,Beef,"Round, eye of round (171C  3)",Choice Cuts,,,,Choice,,,,,326.0,364.56,,,331.71,$/cwt,3.3171,per lb,National,wholesale,,,,,,89746.0,lb,,2453,National Daily Boxed Beef Cutout & Boxed Beef Cuts - Negotiated Sales - PM (PDF) (LM_XB403),2026-09-26T13:48:36+00:00
3d2bda7a7f41366c,2021-06-15,Beef,"Round, eye of round (171C  3)",Select Cuts,,,,Select,,,,,327.0,341.01,,,333.48,$/cwt,3.3348,per lb,National,wholesale,,,,,,5897.0,lb,,2453,National Daily Boxed Beef Cutout & Boxed Beef Cuts - Negotiated Sales - PM (PDF) (LM_XB403),2026-09-26T13:48:36+00:00
c7d0ecb4f37b108b,2021-06-15,Beef,"Round, knuckle, peeled (167A  4)",Choice Cuts,,,,Choice,,,,,384.0,406.5,,,393.68,$/cwt,3.9368,per lb,National,wholesale,,,,,,54950.0,lb,,2453,National Daily Boxed Beef Cutout & Boxed Beef Cuts - Negotiated Sales - PM (PDF) (LM_XB403),2026-09-26T13:48:36+00:00
4bc560883d2b34dd,2021-06-15,Beef,"Round, knuckle, peeled (167A  4)",Select Cuts,,,,Select,,,,,378.0,400.0,,,393.44,$/cwt,3.9344,per lb,National,wholesale,,,,,,48441.0,lb,,2453,National Daily Boxed Beef Cutout & Boxed Beef Cuts - Negotiated Sales - PM (PDF) (LM_XB403),2026-09-26T13:48:36+00:00
0b76617554e4cedf,2021-06-15,Beef,"Round, outside round (171B  3)",Choice Cuts,,,,Choice,,,,,286.0,380.41,,,325.06,$/cwt,3.2506,per lb,National,wholesale,,,,,,126377.0,lb,,2453,National Daily Boxed Beef Cutout & Boxed Beef Cuts - Negotiated Sales - PM (PDF) (LM_XB403),2026-09-26T13:48:36+00:00
18c6f3683cab3eb1,2021-06-15,Beef,"Round, outside round (171B  3)",Select Cuts,,,,Select,,,,,304.0,350.0,,,317.2,$/cwt,3.172,per lb,National,wholesale,,,,,,94849.0,lb,,2453,National Daily Boxed Beef Cutout & Boxed Beef Cuts - Negotiated Sales - PM (PDF) (LM_XB403),2026-09-26T13:48:36+00:00
69d5d7e4fe5c9c6b,2021-06-15,Beef,"Round, top inside round (168  1)",Choice Cuts,,,,Choice,,,,,315.5,364.0,,,319.09,$/cwt,3.1909,per lb,National,wholesale,,,,,,433346.0,lb,,2453,National Daily Boxed Beef Cutout & Boxed Beef Cuts - Negotiated Sales - PM (PDF) (LM_XB403),2026-09-26T13:48:36+00:00
34a7e4efee208613,2021-06-15,Beef,"Round, top inside round (168  3)",Choice Cuts,,,,Choice,,,,,321.11,365.0,,,342.11,$/cwt,3.4211,per lb,National,wholesale,,,,,,95111.0,lb,,2453,National Daily Boxed Beef Cutout & Boxed Beef Cuts - Negotiated Sales - PM (PDF) (LM_XB403),2026-09-26T13:48:36+00:00
a143683404e3626d,2021-06-15,Beef,"Round, top inside round (168  3)",Select Cuts,,,,Select,,,,,314.0,360.0,,,332.15,$/cwt,3.3215,per lb,National,wholesale,,,,,,260299.0,lb,,2453,National Daily Boxed Beef Cutout & Boxed Beef Cuts - Negotiated Sales - PM (PDF) (LM_XB403),2026-09-26T13:48:36+00:00
cff12daf0ba67bef,2021-06-15,Beef,"Round, top inside, cap off (169A  5)",Choice Cuts,,,,Choice,,,,,440.0,525.5,,,443.47,$/cwt,4.4347,per lb,National,wholesale,,,,,,196412.0,lb,,2453,National Daily Boxed Beef Cutout & Boxed Beef Cuts - Negotiated Sales - PM (PDF) (LM_XB403),2026-09-26T13:48:36+00:00
10bb9087b330f40f,2021-06-15,Beef,"Round, top inside, cap off (169A  5)",Select Cuts,,,,Select,,,,,440.0,440.51,,,440.29,$/cwt,4.4029,per lb,National,wholesale,,,,,,136461.0,lb,,2453,National Daily Boxed Beef Cutout & Boxed Beef Cuts - Negotiated Sales - PM (PDF) (LM_XB403),2026-09-26T13:48:36+00:00
9aa0600f0fae0dba,2021-06-15,Beef,"Round, top inside, denuded (169  5)",Choice Cuts,,,,Choice,,,,,378.5,428.0,,,384.06,$/cwt,3.8406,per lb,National,wholesale,,,,,,15710.0,lb,,2453,National Daily Boxed Beef Cutout & Boxed Beef Cuts - Negotiated Sales - PM (PDF) (LM_XB403),2026-09-26T13:48:36+00:00
55f5266942af9901,2021-06-15,Beef,"Short Plate, short rib (123A  3)",Choice Cuts,,,,Choice,,,,,550.0,634.89,,,590.18,$/cwt,5.9018,per lb,National,wholesale,,,,,,18275.0,lb,,2453,National Daily Boxed Beef Cutout & Boxed Beef Cuts - Negotiated Sales - PM (PDF) (LM_XB403),2026-09-26T13:48:36+00:00
94ff81900fc2f703,2021-06-15,Beef,"Short Plate, short rib (123A  3)",Select Cuts,,,,Select,,,,,509.64,625.75,,,541.09,$/cwt,5.4109,per lb,National,wholesale,,,,,,7611.0,lb,,2453,National Daily Boxed Beef Cutout & Boxed Beef Cuts - Negotiated Sales - PM (PDF) (LM_XB403),2026-09-26T13:48:36+00:00
72cefe3a59fa0e4e,2021-06-16,Beef,"Brisket, deckle-off, bnls (120  1)",Choice Cuts,,,,Choice,,,,,375.0,445.5,,,395.24,$/cwt,3.9524,per lb,National,wholesale,,,,,,898966.0,lb,,2453,National Daily Boxed Beef Cutout & Boxed Beef Cuts - Negotiated Sales - PM (PDF) (LM_XB403),2026-09-26T13:48:36+00:00
03898c01266e35c9,2021-06-16,Beef,"Brisket, deckle-off, bnls (120  1)",Select Cuts,,,,Select,,,,,392.0,440.0,,,402.81,$/cwt,4.0281,per lb,National,wholesale,,,,,,138390.0,lb,,2453,National Daily Boxed Beef Cutout & Boxed Beef Cuts - Negotiated Sales - PM (PDF) (LM_XB403),2026-09-26T13:48:36+00:00
4e850d83fd166fa5,2021-06-16,Beef,"Brisket, point/off, bnls (120A  3)",Choice Cuts,,,,Choice,,,,,682.0,791.0,,,744.91,$/cwt,7.4491,per lb,National,wholesale,,,,,,20391.0,lb,,2453,National Daily Boxed Beef Cutout & Boxed Beef Cuts - Negotiated Sales - PM (PDF) (LM_XB403),2026-09-26T13:48:36+00:00
3f268baf140e9e0b,2021-06-16,Beef,"Chuck, chuck tender (116B  1)",Choice Cuts,,,,Choice,,,,,329.9,369.0,,,344.19,$/cwt,3.4419,per lb,National,wholesale,,,,,,42562.0,lb,,2453,National Daily Boxed Beef Cutout & Boxed Beef Cuts - Negotiated Sales - PM (PDF) (LM_XB403),2026-09-26T13:48:36+00:00
22439c463298eebc,2021-06-16,Beef,"Chuck, chuck tender (116B  1)",Select Cuts,,,,Select,,,,,325.0,335.0,,,332.2,$/cwt,3.322,per lb,National,wholesale,,,,,,1753.0,lb,,2453,National Daily Boxed Beef Cutout & Boxed Beef Cuts - Negotiated Sales - PM (PDF) (LM_XB403),2026-09-26T13:48:36+00:00
7bf8a08e4f8e9369,2021-06-16,Beef,"Chuck, clod tender (114F  5)",Choice Cuts,,,,Choice,,,,,750.75,781.19,,,775.31,$/cwt,7.7531,per lb,National,wholesale,,,,,,10285.0,lb,,2453,National Daily Boxed Beef Cutout & Boxed Beef Cuts - Negotiated Sales - PM (PDF) (LM_XB403),2026-09-26T13:48:36+00:00
67fad2c6255f1405,2021-06-16,Beef,"Chuck, clod tender (114F  5)",Select Cuts,,,,Select,,,,,750.0,780.0,,,777.69,$/cwt,7.7769,per lb,National,wholesale,,,,,,1586.0,lb,,2453,National Daily Boxed Beef Cutout & Boxed Beef Cuts - Negotiated Sales - PM (PDF) (LM_XB403),2026-09-26T13:48:36+00:00
e2928ef4a797a694,2021-06-16,Beef,"Chuck, clod, arm roast (114E  3)",Choice Cuts,,,,Choice,,,,,410.0,420.0,,,411.42,$/cwt,4.1142,per lb,National,wholesale,,,,,,4615.0,lb,,2453,National Daily Boxed Beef Cutout & Boxed Beef Cuts - Negotiated Sales - PM (PDF) (LM_XB403),2026-09-26T13:48:36+00:00
badda94603f7a62c,2021-06-16,Beef,"Chuck, clod, top blade (114D  3)",Choice Cuts,,,,Choice,,,,,570.0,630.88,,,577.94,$/cwt,5.7794,per lb,National,wholesale,,,,,,8697.0,lb,,2453,National Daily Boxed Beef Cutout & Boxed Beef Cuts - Negotiated Sales - PM (PDF) (LM_XB403),2026-09-26T13:48:36+00:00
1a3efb5add88a1a2,2021-06-16,Beef,"Chuck, flap (116G  4)",Choice Cuts,,,,Choice,,,,,785.0,835.0,,,793.05,$/cwt,7.9305,per lb,National,wholesale,,,,,,9108.0,lb,,2453,National Daily Boxed Beef Cutout & Boxed Beef Cuts - Negotiated Sales - PM (PDF) (LM_XB403),2026-09-26T13:48:36+00:00
1004a6337eb042e2,2021-06-16,Beef,"Chuck, flap (116G  4)",Select Cuts,,,,Select,,,,,542.82,760.0,,,630.5,$/cwt,6.305,per lb,National,wholesale,,,,,,22646.0,lb,,2453,National Daily Boxed Beef Cutout & Boxed Beef Cuts - Negotiated Sales - PM (PDF) (LM_XB403),2026-09-26T13:48:36+00:00
9b7bbd992bcd0063,2021-06-16,Beef,"Chuck, roll, lxl, neck/off (116A  3)",Choice Cuts,,,,Choice,,,,,360.0,385.0,,,372.31,$/cwt,3.7231,per lb,National,wholesale,,,,,,85971.0,lb,,2453,National Daily Boxed Beef Cutout & Boxed Beef Cuts - Negotiated Sales - PM (PDF) (LM_XB403),2026-09-26T13:48:36+00:00
ba2693b9274e0400,2021-06-16,Beef,"Chuck, roll, lxl, neck/off (116A  3)",Select Cuts,,,,Select,,,,,324.0,370.0,,,338.37,$/cwt,3.3837,per lb,National,wholesale,,,,,,95009.0,lb,,2453,National Daily Boxed Beef Cutout & Boxed Beef Cuts - Negotiated Sales - PM (PDF) (LM_XB403),2026-09-26T13:48:36+00:00
37a4e20725362ccd,2021-06-16,Beef,"Chuck, roll, retail ready (916A  3)",Choice Cuts,,,,Choice,,,,,371.75,421.0,,,397.37,$/cwt,3.9737,per lb,National,wholesale,,,,,,17293.0,lb,,2453,National Daily Boxed Beef Cutout & Boxed Beef Cuts - Negotiated Sales - PM (PDF) (LM_XB403),2026-09-26T13:48:36+00:00
a88f3b6cd2055daf,2021-06-16,Beef,"Chuck, semi-bnls, neck/off (113C  1)",Choice Cuts,,,,Choice,,,,,314.0,325.0,,,320.61,$/cwt,3.2061,per lb,National,wholesale,,,,,,37894.0,lb,,2453,National Daily Boxed Beef Cutout & Boxed Beef Cuts - Negotiated Sales - PM (PDF) (LM_XB403),2026-09-26T13:48:36+00:00
ce439865e35d8215,2021-06-16,Beef,"Chuck, short rib (130  4)",Choice Cuts,,,,Choice,,,,,475.0,535.0,,,519.79,$/cwt,5.1979,per lb,National,wholesale,,,,,,84188.0,lb,,2453,National Daily Boxed Beef Cutout & Boxed Beef Cuts - Negotiated Sales - PM (PDF) (LM_XB403),2026-09-26T13:48:36+00:00
f8f40edee9541488,2021-06-16,Beef,"Chuck, short rib (130  4)",Select Cuts,,,,Select,,,,,448.0,528.2,,,489.04,$/cwt,4.8904,per lb,National,wholesale,,,,,,16455.0,lb,,2453,National Daily Boxed Beef Cutout & Boxed Beef Cuts - Negotiated Sales - PM (PDF) (LM_XB403),2026-09-26T13:48:36+00:00
f88dbbeea154e8e3,2021-06-16,Beef,"Chuck, shoulder clod (114  1)",Choice Cuts,,,,Choice,,,,,295.71,319.0,,,306.53,$/cwt,3.0653,per lb,National,wholesale,,,,,,16346.0,lb,,2453,National Daily Boxed Beef Cutout & Boxed Beef Cuts - Negotiated Sales - PM (PDF) (LM_XB403),2026-09-26T13:48:36+00:00
5650b574a6ce7e02,2021-06-16,Beef,"Chuck, shoulder clod (114  1)",Select Cuts,,,,Select,,,,,295.71,310.0,,,298.6,$/cwt,2.986,per lb,National,wholesale,,,,,,17857.0,lb,,2453,National Daily Boxed Beef Cutout & Boxed Beef Cuts - Negotiated Sales - PM (PDF) (LM_XB403),2026-09-26T13:48:36+00:00
20cac20e020572b1,2021-06-16,Beef,"Chuck, shoulder clod, trmd (114A  3)",Choice Cuts,,,,Choice,,,,,307.5,334.89,,,312.33,$/cwt,3.1233,per lb,National,wholesale,,,,,,140538.0,lb,,2453,National Daily Boxed Beef Cutout & Boxed Beef Cuts - Negotiated Sales - PM (PDF) (LM_XB403),2026-09-26T13:48:36+00:00
5b57bf14ce3f7d62,2021-06-16,Beef,"Chuck, shoulder clod, trmd (114A  3)",Select Cuts,,,,Select,,,,,305.0,325.0,,,307.85,$/cwt,3.0785,per lb,National,wholesale,,,,,,70438.0,lb,,2453,National Daily Boxed Beef Cutout & Boxed Beef Cuts - Negotiated Sales - PM (PDF) (LM_XB403),2026-09-26T13:48:36+00:00
1138c2f5de10b22b,2021-06-16,Beef,Cutout 600-900 lb,,,,,Choice,,,,,,,,,329.17,$/cwt,3.2917,per lb,National,wholesale,,,,,,,,,2453,National Daily Boxed Beef Cutout & Boxed Beef Cuts - Negotiated Sales - PM (PDF) (LM_XB403),2026-09-26T13:48:36+00:00
830adb11a8b535ae,2021-06-16,Beef,Cutout 600-900 lb,,,,,Select,,,,,,,,,289.96,$/cwt,2.8996,per lb,National,wholesale,,,,,,,,,2453,National Daily Boxed Beef Cutout & Boxed Beef Cuts - Negotiated Sales - PM (PDF) (LM_XB403),2026-09-26T13:48:36+00:00
31a3665554d64c66,2021-06-16,Beef,"Flank, flank steak (193  4)",Choice Cuts,,,,Choice,,,,,751.0,844.0,,,787.77,$/cwt,7.8777,per lb,National,wholesale,,,,,,36304.0,lb,,2453,National Daily Boxed Beef Cutout & Boxed Beef Cuts - Negotiated Sales - PM (PDF) (LM_XB403),2026-09-26T13:48:36+00:00
f380d208eacd3126,2021-06-16,Beef,"Flank, flank steak (193  4)",Select Cuts,,,,Select,,,,,768.0,830.0,,,797.18,$/cwt,7.9718,per lb,National,wholesale,,,,,,5078.0,lb,,2453,National Daily Boxed Beef Cutout & Boxed Beef Cuts - Negotiated Sales - PM (PDF) (LM_XB403),2026-09-26T13:48:36+00:00
3b9acadf5004e0b5,2021-06-16,Beef,Ground Beef 73%,Ground Beef,,,,,,,,,238.5,278.0,,,254.88,$/cwt,2.5488,per lb,National,wholesale,,,,,,98770.0,lb,,2453,National Daily Boxed Beef Cutout & Boxed Beef Cuts - Negotiated Sales - PM (PDF) (LM_XB403),2026-09-26T13:48:36+00:00
815a1977bcebd52f,2021-06-16,Beef,Ground Beef 75%,Ground Beef,,,,,,,,,238.7,278.0,,,256.66,$/cwt,2.5666,per lb,National,wholesale,,,,,,12109.0,lb,,2453,National Daily Boxed Beef Cutout & Boxed Beef Cuts - Negotiated Sales - PM (PDF) (LM_XB403),2026-09-26T13:48:36+00:00
55c423205741c915,2021-06-16,Beef,Ground Beef 81%,Ground Beef,,,,,,,,,303.0,354.25,,,326.18,$/cwt,3.2618,per lb,National,wholesale,,,,,,97094.0,lb,,2453,National Daily Boxed Beef Cutout & Boxed Beef Cuts - Negotiated Sales - PM (PDF) (LM_XB403),2026-09-26T13:48:36+00:00
c0db7374f2a8d6da,2021-06-16,Beef,Ground Beef 85%,Ground Beef,,,,,,,,,337.88,350.0,,,340.46,$/cwt,3.4046,per lb,National,wholesale,,,,,,11819.0,lb,,2453,National Daily Boxed Beef Cutout & Boxed Beef Cuts - Negotiated Sales - PM (PDF) (LM_XB403),2026-09-26T13:48:36+00:00
35f592418cc9c66f,2021-06-16,Beef,Ground Beef 93%,Ground Beef,,,,,,,,,361.26,403.0,,,392.71,$/cwt,3.9271,per lb,National,wholesale,,,,,,30932.0,lb,,2453,National Daily Boxed Beef Cutout & Boxed Beef Cuts - Negotiated Sales - PM (PDF) (LM_XB403),2026-09-26T13:48:36+00:00
1432f6d5dfe65aae,2021-06-16,Beef,Ground Beef Chuck,Ground Beef,,,,,,,,,335.0,353.0,,,340.22,$/cwt,3.4022,per lb,National,wholesale,,,,,,34662.0,lb,,2453,National Daily Boxed Beef Cutout & Boxed Beef Cuts - Negotiated Sales - PM (PDF) (LM_XB403),2026-09-26T13:48:36+00:00
66ba69bf99735800,2021-06-16,Beef,Ground Beef Round,Ground Beef,,,,,,,,,326.26,355.0,,,344.78,$/cwt,3.4478,per lb,National,wholesale,,,,,,5956.0,lb,,2453,National Daily Boxed Beef Cutout & Boxed Beef Cuts - Negotiated Sales - PM (PDF) (LM_XB403),2026-09-26T13:48:36+00:00
9b0193140c07365b,2021-06-16,Beef,"Loin, ball-tip, bnls, heavy (185B  1)",Choice Cuts,,,,Choice,,,,,337.0,470.0,,,364.86,$/cwt,3.6486,per lb,National,wholesale,,,,,,93369.0,lb,,2453,National Daily Boxed Beef Cutout & Boxed Beef Cuts - Negotiated Sales - PM (PDF) (LM_XB403),2026-09-26T13:48:36+00:00
0ecb40c66e4b17a0,2021-06-16,Beef,"Loin, ball-tip, bnls, heavy (185B  1)",Select Cuts,,,,Select,,,,,337.0,470.0,,,344.87,$/cwt,3.4487,per lb,National,wholesale,,,,,,21896.0,lb,,2453,National Daily Boxed Beef Cutout & Boxed Beef Cuts - Negotiated Sales - PM (PDF) (LM_XB403),2026-09-26T13:48:36+00:00
4daec03cecf63a89,2021-06-16,Beef,"Loin, bottom sirloin, flap (185A  4)",Choice Cuts,,,,Choice,,,,,781.0,1005.0,,,807.84,$/cwt,8.0784,per lb,National,wholesale,,,,,,147187.0,lb,,2453,National Daily Boxed Beef Cutout & Boxed Beef Cuts - Negotiated Sales - PM (PDF) (LM_XB403),2026-09-26T13:48:36+00:00
97a564f41722c9d6,2021-06-16,Beef,"Loin, bottom sirloin, flap (185A  4)",Select Cuts,,,,Select,,,,,791.79,949.7,,,815.67,$/cwt,8.1567,per lb,National,wholesale,,,,,,17024.0,lb,,2453,National Daily Boxed Beef Cutout & Boxed Beef Cuts - Negotiated Sales - PM (PDF) (LM_XB403),2026-09-26T13:48:36+00:00
72308584f44d69d2,2021-06-16,Beef,"Loin, butt tender, trimmed (191A  4)",Select Cuts,,,,Select,,,,,1449.9,1781.0,,,1653.02,$/cwt,16.5302,per lb,National,wholesale,,,,,,4308.0,lb,,2453,National Daily Boxed Beef Cutout & Boxed Beef Cuts - Negotiated Sales - PM (PDF) (LM_XB403),2026-09-26T13:48:36+00:00
0372ff19635f9a28,2021-06-16,Beef,"Loin, short loin, 0x1 (174  3)",Choice Cuts,,,,Choice,,,,,878.0,1006.0,,,912.59,$/cwt,9.1259,per lb,National,wholesale,,,,,,94781.0,lb,,2453,National Daily Boxed Beef Cutout & Boxed Beef Cuts - Negotiated Sales - PM (PDF) (LM_XB403),2026-09-26T13:48:36+00:00
3425236514ba8449,2021-06-16,Beef,"Loin, short loin, 0x1 (174  3)",Select Cuts,,,,Select,,,,,632.0,710.0,,,683.29,$/cwt,6.8329,per lb,National,wholesale,,,,,,41357.0,lb,,2453,National Daily Boxed Beef Cutout & Boxed Beef Cuts - Negotiated Sales - PM (PDF) (LM_XB403),2026-09-26T13:48:36+00:00
28972f4d14815dd7,2021-06-16,Beef,"Loin, sirloin, tri-tip (185C  1)",Choice Cuts,,,,Choice,,,,,553.0,615.7,,,578.35,$/cwt,5.7835,per lb,National,wholesale,,,,,,7616.0,lb,,2453,National Daily Boxed Beef Cutout & Boxed Beef Cuts - Negotiated Sales - PM (PDF) (LM_XB403),2026-09-26T13:48:36+00:00
6dff12083a606301,2021-06-16,Beef,"Loin, sirloin, tri-tip (185C  1)",Select Cuts,,,,Select,,,,,319.98,433.0,,,325.46,$/cwt,3.2546,per lb,National,wholesale,,,,,,11975.0,lb,,2453,National Daily Boxed Beef Cutout & Boxed Beef Cuts - Negotiated Sales - PM (PDF) (LM_XB403),2026-09-26T13:48:36+00:00
328d216a33e69a66,2021-06-16,Beef,"Loin, sirloin, tri-tip, pld (185D  4)",Choice Cuts,,,,Choice,,,,,753.0,890.0,,,819.94,$/cwt,8.1994,per lb,National,wholesale,,,,,,2488.0,lb,,2453,National Daily Boxed Beef Cutout & Boxed Beef Cuts - Negotiated Sales - PM (PDF) (LM_XB403),2026-09-26T13:48:36+00:00
7135ed99cd98cd0c,2021-06-16,Beef,"Loin, strip loin, 1x1 (175  3)",Choice Cuts,,,,Choice,,,,,725.0,877.0,,,757.33,$/cwt,7.5733,per lb,National,wholesale,,,,,,23615.0,lb,,2453,National Daily Boxed Beef Cutout & Boxed Beef Cuts - Negotiated Sales - PM (PDF) (LM_XB403),2026-09-26T13:48:36+00:00
ec2dc4eacedd444b,2021-06-16,Beef,"Loin, strip loin, 1x1 (175  3)",Select Cuts,,,,Select,,,,,437.98,587.5,,,488.85,$/cwt,4.8885,per lb,National,wholesale,,,,,,68299.0,lb,,2453,National Daily Boxed Beef Cutout & Boxed Beef Cuts - Negotiated Sales - PM (PDF) (LM_XB403),2026-09-26T13:48:36+00:00
b1bd0a12ccc479a4,2021-06-16,Beef,"Loin, strip, bnls, 0x1 (180  3)",Choice Cuts,,,,Choice,,,,,925.0,1060.0,,,980.3,$/cwt,9.803,per lb,National,wholesale,,,,,,222670.0,lb,,2453,National Daily Boxed Beef Cutout & Boxed Beef Cuts - Negotiated Sales - PM (PDF) (LM_XB403),2026-09-26T13:48:36+00:00
aec18fabdb103cc9,2021-06-16,Beef,"Loin, strip, bnls, 0x1 (180  3)",Select Cuts,,,,Select,,,,,624.15,755.0,,,630.63,$/cwt,6.3063,per lb,National,wholesale,,,,,,115199.0,lb,,2453,National Daily Boxed Beef Cutout & Boxed Beef Cuts - Negotiated Sales - PM (PDF) (LM_XB403),2026-09-26T13:48:36+00:00
9a67e9c646a9542a,2021-06-16,Beef,"Loin, tndrloin, trmd, heavy (189A  4)",Choice Cuts,,,,Choice,,,,,1803.0,1920.7,,,1830.14,$/cwt,18.3014,per lb,National,wholesale,,,,,,65802.0,lb,,2453,National Daily Boxed Beef Cutout & Boxed Beef Cuts - Negotiated Sales - PM (PDF) (LM_XB403),2026-09-26T13:48:36+00:00
192b84c62dfa6254,2021-06-16,Beef,"Loin, tndrloin, trmd, heavy (189A  4)",Select Cuts,,,,Select,,,,,1581.0,1817.5,,,1638.89,$/cwt,16.3889,per lb,National,wholesale,,,,,,43890.0,lb,,2453,National Daily Boxed Beef Cutout & Boxed Beef Cuts - Negotiated Sales - PM (PDF) (LM_XB403),2026-09-26T13:48:36+00:00
747891df11b81be6,2021-06-16,Beef,"Loin, top butt, CC (184B  3)",Choice Cuts,,,,Choice,,,,,698.0,774.0,,,704.25,$/cwt,7.0425,per lb,National,wholesale,,,,,,6154.0,lb,,2453,National Daily Boxed Beef Cutout & Boxed Beef Cuts - Negotiated Sales - PM (PDF) (LM_XB403),2026-09-26T13:48:36+00:00
d5891425a7a992db,2021-06-16,Beef,"Loin, top butt, boneless (184  3)",Choice Cuts,,,,Choice,,,,,480.87,535.0,,,496.4,$/cwt,4.964,per lb,National,wholesale,,,,,,43379.0,lb,,2453,National Daily Boxed Beef Cutout & Boxed Beef Cuts - Negotiated Sales - PM (PDF) (LM_XB403),2026-09-26T13:48:36+00:00
931ad6d79b59b74c,2021-06-16,Beef,"Loin, top butt, boneless (184  3)",Select Cuts,,,,Select,,,,,385.13,450.0,,,429.46,$/cwt,4.2946,per lb,National,wholesale,,,,,,13440.0,lb,,2453,National Daily Boxed Beef Cutout & Boxed Beef Cuts - Negotiated Sales - PM (PDF) (LM_XB403),2026-09-26T13:48:36+00:00
b157577fd577d08e,2021-06-16,Beef,"Rib, ribeye, bnls, heavy (112A  3)",Choice Cuts,,,,Choice,,,,,1194.15,1344.0,,,1287.75,$/cwt,12.8775,per lb,National,wholesale,,,,,,52265.0,lb,,2453,National Daily Boxed Beef Cutout & Boxed Beef Cuts - Negotiated Sales - PM (PDF) (LM_XB403),2026-09-26T13:48:36+00:00
7e5e1646cfc5e118,2021-06-16,Beef,"Rib, ribeye, bnls, heavy (112A  3)",Select Cuts,,,,Select,,,,,748.0,1009.0,,,828.0,$/cwt,8.28,per lb,National,wholesale,,,,,,26520.0,lb,,2453,National Daily Boxed Beef Cutout & Boxed Beef Cuts - Negotiated Sales - PM (PDF) (LM_XB403),2026-09-26T13:48:36+00:00
1329446990d15c19,2021-06-16,Beef,"Rib, ribeye, bnls, light (112A  3)",Choice Cuts,,,,Choice,,,,,1174.0,1330.0,,,1201.22,$/cwt,12.0122,per lb,National,wholesale,,,,,,50267.0,lb,,2453,National Daily Boxed Beef Cutout & Boxed Beef Cuts - Negotiated Sales - PM (PDF) (LM_XB403),2026-09-26T13:48:36+00:00
d2f1b71114cefb2c,2021-06-16,Beef,"Rib, ribeye, bnls, light (112A  3)",Select Cuts,,,,Select,,,,,700.0,1005.88,,,718.79,$/cwt,7.1879,per lb,National,wholesale,,,,,,208144.0,lb,,2453,National Daily Boxed Beef Cutout & Boxed Beef Cuts - Negotiated Sales - PM (PDF) (LM_XB403),2026-09-26T13:48:36+00:00
4123f3180099c762,2021-06-16,Beef,"Rib, ribeye, lip-on, bn-in (109E  1)",Choice Cuts,,,,Choice,,,,,979.96,1180.0,,,1008.35,$/cwt,10.0835,per lb,National,wholesale,,,,,,208865.0,lb,,2453,National Daily Boxed Beef Cutout & Boxed Beef Cuts - Negotiated Sales - PM (PDF) (LM_XB403),2026-09-26T13:48:36+00:00
8b0208798753ab50,2021-06-16,Beef,"Rib, ribeye, lip-on, bn-in (109E  1)",Select Cuts,,,,Select,,,,,618.0,805.0,,,702.47,$/cwt,7.0247,per lb,National,wholesale,,,,,,19229.0,lb,,2453,National Daily Boxed Beef Cutout & Boxed Beef Cuts - Negotiated Sales - PM (PDF) (LM_XB403),2026-09-26T13:48:36+00:00
a872cc83eb768270,2021-06-16,Beef,"Round, bottom gooseneck (170  1)",Choice Cuts,,,,Choice,,,,,275.0,319.0,,,294.21,$/cwt,2.9421,per lb,National,wholesale,,,,,,1685.0,lb,,2453,National Daily Boxed Beef Cutout & Boxed Beef Cuts - Negotiated Sales - PM (PDF) (LM_XB403),2026-09-26T13:48:36+00:00
a91a851c62d6d773,2021-06-16,Beef,"Round, eye of round (171C  3)",Choice Cuts,,,,Choice,,,,,325.0,347.25,,,332.23,$/cwt,3.3223,per lb,National,wholesale,,,,,,70235.0,lb,,2453,National Daily Boxed Beef Cutout & Boxed Beef Cuts - Negotiated Sales - PM (PDF) (LM_XB403),2026-09-26T13:48:36+00:00
7d7a71fcb666f78c,2021-06-16,Beef,"Round, eye of round (171C  3)",Select Cuts,,,,Select,,,,,327.25,351.0,,,337.37,$/cwt,3.3737,per lb,National,wholesale,,,,,,12123.0,lb,,2453,National Daily Boxed Beef Cutout & Boxed Beef Cuts - Negotiated Sales - PM (PDF) (LM_XB403),2026-09-26T13:48:36+00:00
4b72e870d4a12d2d,2021-06-16,Beef,"Round, knuckle, peeled (167A  4)",Choice Cuts,,,,Choice,,,,,385.0,408.0,,,391.06,$/cwt,3.9106,per lb,National,wholesale,,,,,,48211.0,lb,,2453,National Daily Boxed Beef Cutout & Boxed Beef Cuts - Negotiated Sales - PM (PDF) (LM_XB403),2026-09-26T13:48:36+00:00
9931861366bbaa62,2021-06-16,Beef,"Round, knuckle, peeled (167A  4)",Select Cuts,,,,Select,,,,,375.0,399.0,,,383.59,$/cwt,3.8359,per lb,National,wholesale,,,,,,21639.0,lb,,2453,National Daily Boxed Beef Cutout & Boxed Beef Cuts - Negotiated Sales - PM (PDF) (LM_XB403),2026-09-26T13:48:36+00:00
288a2379025596a8,2021-06-16,Beef,"Round, outside round (171B  3)",Choice Cuts,,,,Choice,,,,,317.0,337.0,,,325.03,$/cwt,3.2503,per lb,National,wholesale,,,,,,55577.0,lb,,2453,National Daily Boxed Beef Cutout & Boxed Beef Cuts - Negotiated Sales - PM (PDF) (LM_XB403),2026-09-26T13:48:36+00:00
b4f08d5deb03a2ac,2021-06-16,Beef,"Round, outside round (171B  3)",Select Cuts,,,,Select,,,,,294.0,337.0,,,331.67,$/cwt,3.3167,per lb,National,wholesale,,,,,,48477.0,lb,,2453,National Daily Boxed Beef Cutout & Boxed Beef Cuts - Negotiated Sales - PM (PDF) (LM_XB403),2026-09-26T13:48:36+00:00
af6b872197c99ff6,2021-06-16,Beef,"Round, top inside round (168  1)",Choice Cuts,,,,Choice,,,,,320.06,379.0,,,344.68,$/cwt,3.4468,per lb,National,wholesale,,,,,,38466.0,lb,,2453,National Daily Boxed Beef Cutout & Boxed Beef Cuts - Negotiated Sales - PM (PDF) (LM_XB403),2026-09-26T13:48:36+00:00
f8d8749639021efd,2021-06-16,Beef,"Round, top inside round (168  3)",Choice Cuts,,,,Choice,,,,,330.6,372.25,,,335.29,$/cwt,3.3529,per lb,National,wholesale,,,,,,183901.0,lb,,2453,National Daily Boxed Beef Cutout & Boxed Beef Cuts - Negotiated Sales - PM (PDF) (LM_XB403),2026-09-26T13:48:36+00:00
10dc37886fe89bb5,2021-06-16,Beef,"Round, top inside round (168  3)",Select Cuts,,,,Select,,,,,316.0,357.0,,,323.44,$/cwt,3.2344,per lb,National,wholesale,,,,,,181675.0,lb,,2453,National Daily Boxed Beef Cutout & Boxed Beef Cuts - Negotiated Sales - PM (PDF) (LM_XB403),2026-09-26T13:48:36+00:00
e1a7fbadf5c6b274,2021-06-16,Beef,"Round, top inside, cap off (169A  5)",Choice Cuts,,,,Choice,,,,,491.35,551.0,,,536.01,$/cwt,5.3601,per lb,National,wholesale,,,,,,18921.0,lb,,2453,National Daily Boxed Beef Cutout & Boxed Beef Cuts - Negotiated Sales - PM (PDF) (LM_XB403),2026-09-26T13:48:36+00:00
7d7a9106b93743a7,2021-06-16,Beef,"Round, top inside, denuded (169  5)",Choice Cuts,,,,Choice,,,,,369.0,442.0,,,377.24,$/cwt,3.7724,per lb,National,wholesale,,,,,,63864.0,lb,,2453,National Daily Boxed Beef Cutout & Boxed Beef Cuts - Negotiated Sales - PM (PDF) (LM_XB403),2026-09-26T13:48:36+00:00
69d027e848eadb8d,2021-06-16,Beef,"Round, top inside, denuded (169  5)",Select Cuts,,,,Select,,,,,369.0,379.37,,,371.53,$/cwt,3.7153,per lb,National,wholesale,,,,,,56661.0,lb,,2453,National Daily Boxed Beef Cutout & Boxed Beef Cuts - Negotiated Sales - PM (PDF) (LM_XB403),2026-09-26T13:48:36+00:00
3903b2a262a2393a,2021-06-16,Beef,"Short Plate, short rib (123A  3)",Choice Cuts,,,,Choice,,,,,526.0,622.5,,,554.95,$/cwt,5.5495,per lb,National,wholesale,,,,,,44515.0,lb,,2453,National Daily Boxed Beef Cutout & Boxed Beef Cuts - Negotiated Sales - PM (PDF) (LM_XB403),2026-09-26T13:48:36+00:00
a1748e3574ddf26b,2021-06-16,Beef,"Short Plate, short rib (123A  3)",Select Cuts,,,,Select,,,,,510.29,622.5,,,560.43,$/cwt,5.6043,per lb,National,wholesale,,,,,,10670.0,lb,,2453,National Daily Boxed Beef Cutout & Boxed Beef Cuts - Negotiated Sales - PM (PDF) (LM_XB403),2026-09-26T13:48:36+00:00
163a416bd9c27c5a,2021-06-17,Beef,"Brisket, deckle-off, bnls (120  1)",Choice Cuts,,,,Choice,,,,,375.0,443.33,,,411.49,$/cwt,4.1149,per lb,National,wholesale,,,,,,66116.0,lb,,2453,National Daily Boxed Beef Cutout & Boxed Beef Cuts - Negotiated Sales - PM (PDF) (LM_XB403),2026-09-26T13:48:36+00:00
97647393dbf93ee4,2021-06-17,Beef,"Brisket, deckle-off, bnls (120  1)",Select Cuts,,,,Select,,,,,396.0,414.25,,,406.1,$/cwt,4.061,per lb,National,wholesale,,,,,,6307.0,lb,,2453,National Daily Boxed Beef Cutout & Boxed Beef Cuts - Negotiated Sales - PM (PDF) (LM_XB403),2026-09-26T13:48:36+00:00
5d91c03c6151d24a,2021-06-17,Beef,"Brisket, point/off, bnls (120A  3)",Choice Cuts,,,,Choice,,,,,675.0,792.3,,,714.26,$/cwt,7.1426,per lb,National,wholesale,,,,,,4666.0,lb,,2453,National Daily Boxed Beef Cutout & Boxed Beef Cuts - Negotiated Sales - PM (PDF) (LM_XB403),2026-09-26T13:48:36+00:00
e215293a060e9e9c,2021-06-17,Beef,"Chuck, chuck tender (116B  1)",Choice Cuts,,,,Choice,,,,,320.0,360.0,,,343.33,$/cwt,3.4333,per lb,National,wholesale,,,,,,35759.0,lb,,2453,National Daily Boxed Beef Cutout & Boxed Beef Cuts - Negotiated Sales - PM (PDF) (LM_XB403),2026-09-26T13:48:36+00:00
b8ffeb1dc5eff691,2021-06-17,Beef,"Chuck, chuck tender (116B  1)",Select Cuts,,,,Select,,,,,311.76,349.0,,,330.13,$/cwt,3.3013,per lb,National,wholesale,,,,,,7964.0,lb,,2453,National Daily Boxed Beef Cutout & Boxed Beef Cuts - Negotiated Sales - PM (PDF) (LM_XB403),2026-09-26T13:48:36+00:00
806f95dad1881776,2021-06-17,Beef,"Chuck, clod tender (114F  5)",Choice Cuts,,,,Choice,,,,,751.0,785.0,,,777.1,$/cwt,7.771,per lb,National,wholesale,,,,,,3371.0,lb,,2453,National Daily Boxed Beef Cutout & Boxed Beef Cuts - Negotiated Sales - PM (PDF) (LM_XB403),2026-09-26T13:48:36+00:00
58dc4be8d18a67a0,2021-06-17,Beef,"Chuck, clod, arm roast (114E  3)",Choice Cuts,,,,Choice,,,,,409.0,412.0,,,410.73,$/cwt,4.1073,per lb,National,wholesale,,,,,,21908.0,lb,,2453,National Daily Boxed Beef Cutout & Boxed Beef Cuts - Negotiated Sales - PM (PDF) (LM_XB403),2026-09-26T13:48:36+00:00
9dd9eda9c2340a8c,2021-06-17,Beef,"Chuck, clod, top blade (114D  3)",Choice Cuts,,,,Choice,,,,,583.0,590.0,,,589.63,$/cwt,5.8963,per lb,National,wholesale,,,,,,3155.0,lb,,2453,National Daily Boxed Beef Cutout & Boxed Beef Cuts - Negotiated Sales - PM (PDF) (LM_XB403),2026-09-26T13:48:36+00:00
617f7b45f70d24c9,2021-06-17,Beef,"Chuck, flap (116G  4)",Choice Cuts,,,,Choice,,,,,785.0,816.0,,,793.08,$/cwt,7.9308,per lb,National,wholesale,,,,,,6016.0,lb,,2453,National Daily Boxed Beef Cutout & Boxed Beef Cuts - Negotiated Sales - PM (PDF) (LM_XB403),2026-09-26T13:48:36+00:00
1c5379ecd7f508f2,2021-06-17,Beef,"Chuck, roll, lxl, neck/off (116A  3)",Choice Cuts,,,,Choice,,,,,350.0,375.0,,,367.56,$/cwt,3.6756,per lb,National,wholesale,,,,,,28353.0,lb,,2453,National Daily Boxed Beef Cutout & Boxed Beef Cuts - Negotiated Sales - PM (PDF) (LM_XB403),2026-09-26T13:48:36+00:00
b16d869c5aeb47a0,2021-06-17,Beef,"Chuck, roll, lxl, neck/off (116A  3)",Select Cuts,,,,Select,,,,,324.0,366.0,,,332.21,$/cwt,3.3221,per lb,National,wholesale,,,,,,192061.0,lb,,2453,National Daily Boxed Beef Cutout & Boxed Beef Cuts - Negotiated Sales - PM (PDF) (LM_XB403),2026-09-26T13:48:36+00:00
7b9cee046552eece,2021-06-17,Beef,"Chuck, roll, retail ready (916A  3)",Choice Cuts,,,,Choice,,,,,396.0,425.1,,,414.74,$/cwt,4.1474,per lb,National,wholesale,,,,,,139035.0,lb,,2453,National Daily Boxed Beef Cutout & Boxed Beef Cuts - Negotiated Sales - PM (PDF) (LM_XB403),2026-09-26T13:48:36+00:00
3f1ea73018e82951,2021-06-17,Beef,"Chuck, semi-bnls, neck/off (113C  1)",Choice Cuts,,,,Choice,,,,,276.0,330.0,,,299.52,$/cwt,2.9952,per lb,National,wholesale,,,,,,11674.0,lb,,2453,National Daily Boxed Beef Cutout & Boxed Beef Cuts - Negotiated Sales - PM (PDF) (LM_XB403),2026-09-26T13:48:36+00:00
2b57cc561f7dabeb,2021-06-17,Beef,"Chuck, short rib (130  4)",Choice Cuts,,,,Choice,,,,,479.0,535.0,,,511.25,$/cwt,5.1125,per lb,National,wholesale,,,,,,38028.0,lb,,2453,National Daily Boxed Beef Cutout & Boxed Beef Cuts - Negotiated Sales - PM (PDF) (LM_XB403),2026-09-26T13:48:36+00:00
fb2be5445a6e4383,2021-06-17,Beef,"Chuck, short rib (130  4)",Select Cuts,,,,Select,,,,,466.0,524.7,,,512.02,$/cwt,5.1202,per lb,National,wholesale,,,,,,7613.0,lb,,2453,National Daily Boxed Beef Cutout & Boxed Beef Cuts - Negotiated Sales - PM (PDF) (LM_XB403),2026-09-26T13:48:36+00:00
e219949a1cf737dc,2021-06-17,Beef,"Chuck, shoulder clod (114  1)",Choice Cuts,,,,Choice,,,,,301.0,313.0,,,307.25,$/cwt,3.0725,per lb,National,wholesale,,,,,,15846.0,lb,,2453,National Daily Boxed Beef Cutout & Boxed Beef Cuts - Negotiated Sales - PM (PDF) (LM_XB403),2026-09-26T13:48:36+00:00
44275b2292429e12,2021-06-17,Beef,"Chuck, shoulder clod (114  1)",Select Cuts,,,,Select,,,,,278.0,310.25,,,301.12,$/cwt,3.0112,per lb,National,wholesale,,,,,,15503.0,lb,,2453,National Daily Boxed Beef Cutout & Boxed Beef Cuts - Negotiated Sales - PM (PDF) (LM_XB403),2026-09-26T13:48:36+00:00
b54e094bf3ff6479,2021-06-17,Beef,"Chuck, shoulder clod, trmd (114A  3)",Choice Cuts,,,,Choice,,,,,306.0,334.1,,,314.08,$/cwt,3.1408,per lb,National,wholesale,,,,,,40014.0,lb,,2453,National Daily Boxed Beef Cutout & Boxed Beef Cuts - Negotiated Sales - PM (PDF) (LM_XB403),2026-09-26T13:48:36+00:00
9c1d8a0c8efdc873,2021-06-17,Beef,"Chuck, shoulder clod, trmd (114A  3)",Select Cuts,,,,Select,,,,,305.0,328.0,,,313.0,$/cwt,3.13,per lb,National,wholesale,,,,,,2571.0,lb,,2453,National Daily Boxed Beef Cutout & Boxed Beef Cuts - Negotiated Sales - PM (PDF) (LM_XB403),2026-09-26T13:48:36+00:00
4ce160efadbb0e90,2021-06-17,Beef,Cutout 600-900 lb,,,,,Choice,,,,,,,,,326.25,$/cwt,3.2625,per lb,National,wholesale,,,,,,,,,2453,National Daily Boxed Beef Cutout & Boxed Beef Cuts - Negotiated Sales - PM (PDF) (LM_XB403),2026-09-26T13:48:36+00:00
f226006208cdf9f4,2021-06-17,Beef,Cutout 600-900 lb,,,,,Select,,,,,,,,,287.24,$/cwt,2.8724,per lb,National,wholesale,,,,,,,,,2453,National Daily Boxed Beef Cutout & Boxed Beef Cuts - Negotiated Sales - PM (PDF) (LM_XB403),2026-09-26T13:48:36+00:00
e7017d2c7f3932c1,2021-06-17,Beef,"Flank, flank steak (193  4)",Choice Cuts,,,,Choice,,,,,788.0,834.1,,,814.01,$/cwt,8.1401,per lb,National,wholesale,,,,,,4749.0,lb,,2453,National Daily Boxed Beef Cutout & Boxed Beef Cuts - Negotiated Sales - PM (PDF) (LM_XB403),2026-09-26T13:48:36+00:00
8aa89ca1c9b81651,2021-06-17,Beef,"Flank, flank steak (193  4)",Select Cuts,,,,Select,,,,,750.0,830.0,,,768.93,$/cwt,7.6893,per lb,National,wholesale,,,,,,5656.0,lb,,2453,National Daily Boxed Beef Cutout & Boxed Beef Cuts - Negotiated Sales - PM (PDF) (LM_XB403),2026-09-26T13:48:36+00:00
00d81fd83afa1392,2021-06-17,Beef,Ground Beef 73%,Ground Beef,,,,,,,,,247.09,266.0,,,255.24,$/cwt,2.5524,per lb,National,wholesale,,,,,,34044.0,lb,,2453,National Daily Boxed Beef Cutout & Boxed Beef Cuts - Negotiated Sales - PM (PDF) (LM_XB403),2026-09-26T13:48:36+00:00
9c9d022466a60e91,2021-06-17,Beef,Ground Beef 81%,Ground Beef,,,,,,,,,316.75,351.0,,,323.98,$/cwt,3.2398,per lb,National,wholesale,,,,,,69062.0,lb,,2453,National Daily Boxed Beef Cutout & Boxed Beef Cuts - Negotiated Sales - PM (PDF) (LM_XB403),2026-09-26T13:48:36+00:00
5bb15fc2412505b6,2021-06-17,Beef,Ground Beef 85%,Ground Beef,,,,,,,,,346.25,359.7,,,355.22,$/cwt,3.5522,per lb,National,wholesale,,,,,,2742.0,lb,,2453,National Daily Boxed Beef Cutout & Boxed Beef Cuts - Negotiated Sales - PM (PDF) (LM_XB403),2026-09-26T13:48:36+00:00
2301ef206e9b66f9,2021-06-17,Beef,Ground Beef 90%,Ground Beef,,,,,,,,,376.75,409.0,,,397.0,$/cwt,3.97,per lb,National,wholesale,,,,,,38308.0,lb,,2453,National Daily Boxed Beef Cutout & Boxed Beef Cuts - Negotiated Sales - PM (PDF) (LM_XB403),2026-09-26T13:48:36+00:00
b0a9458f76a4ecd3,2021-06-17,Beef,Ground Beef 93%,Ground Beef,,,,,,,,,386.44,391.0,,,387.96,$/cwt,3.8796,per lb,National,wholesale,,,,,,6896.0,lb,,2453,National Daily Boxed Beef Cutout & Boxed Beef Cuts - Negotiated Sales - PM (PDF) (LM_XB403),2026-09-26T13:48:36+00:00
0b9d0bbfbea6528d,2021-06-17,Beef,Ground Beef Chuck,Ground Beef,,,,,,,,,324.0,346.26,,,328.63,$/cwt,3.2863,per lb,National,wholesale,,,,,,76033.0,lb,,2453,National Daily Boxed Beef Cutout & Boxed Beef Cuts - Negotiated Sales - PM (PDF) (LM_XB403),2026-09-26T13:48:36+00:00
45f05533703ed8b9,2021-06-17,Beef,Ground Beef Round,Ground Beef,,,,,,,,,346.75,364.0,,,349.86,$/cwt,3.4986,per lb,National,wholesale,,,,,,6419.0,lb,,2453,National Daily Boxed Beef Cutout & Boxed Beef Cuts - Negotiated Sales - PM (PDF) (LM_XB403),2026-09-26T13:48:36+00:00
a41f3e8318faa2d9,2021-06-17,Beef,"Loin, ball-tip, bnls, heavy (185B  1)",Choice Cuts,,,,Choice,,,,,309.25,406.1,,,355.38,$/cwt,3.5538,per lb,National,wholesale,,,,,,19028.0,lb,,2453,National Daily Boxed Beef Cutout & Boxed Beef Cuts - Negotiated Sales - PM (PDF) (LM_XB403),2026-09-26T13:48:36+00:00
380343a2cca71411,2021-06-17,Beef,"Loin, ball-tip, bnls, heavy (185B  1)",Select Cuts,,,,Select,,,,,327.0,349.7,,,347.61,$/cwt,3.4761,per lb,National,wholesale,,,,,,4322.0,lb,,2453,National Daily Boxed Beef Cutout & Boxed Beef Cuts - Negotiated Sales - PM (PDF) (LM_XB403),2026-09-26T13:48:36+00:00
4732e51e1f32e002,2021-06-17,Beef,"Loin, bottom sirloin, flap (185A  4)",Choice Cuts,,,,Choice,,,,,730.02,1006.04,,,750.52,$/cwt,7.5052,per lb,National,wholesale,,,,,,274308.0,lb,,2453,National Daily Boxed Beef Cutout & Boxed Beef Cuts - Negotiated Sales - PM (PDF) (LM_XB403),2026-09-26T13:48:36+00:00
d9a7ae53638f1107,2021-06-17,Beef,"Loin, bottom sirloin, flap (185A  4)",Select Cuts,,,,Select,,,,,800.0,916.0,,,822.54,$/cwt,8.2254,per lb,National,wholesale,,,,,,15323.0,lb,,2453,National Daily Boxed Beef Cutout & Boxed Beef Cuts - Negotiated Sales - PM (PDF) (LM_XB403),2026-09-26T13:48:36+00:00
68d8cdebef03631b,2021-06-17,Beef,"Loin, butt tender, trimmed (191A  4)",Choice Cuts,,,,Choice,,,,,1700.0,1754.24,,,1741.41,$/cwt,17.4141,per lb,National,wholesale,,,,,,16369.0,lb,,2453,National Daily Boxed Beef Cutout & Boxed Beef Cuts - Negotiated Sales - PM (PDF) (LM_XB403),2026-09-26T13:48:36+00:00
6144dd928417d0be,2021-06-17,Beef,"Loin, short loin, 0x1 (174  3)",Choice Cuts,,,,Choice,,,,,875.98,1005.4,,,892.02,$/cwt,8.9202,per lb,National,wholesale,,,,,,119476.0,lb,,2453,National Daily Boxed Beef Cutout & Boxed Beef Cuts - Negotiated Sales - PM (PDF) (LM_XB403),2026-09-26T13:48:36+00:00
c12fec658a803b38,2021-06-17,Beef,"Loin, short loin, 0x1 (174  3)",Select Cuts,,,,Select,,,,,605.0,713.0,,,612.17,$/cwt,6.1217,per lb,National,wholesale,,,,,,43859.0,lb,,2453,National Daily Boxed Beef Cutout & Boxed Beef Cuts - Negotiated Sales - PM (PDF) (LM_XB403),2026-09-26T13:48:36+00:00
5eb024f57cec52d9,2021-06-17,Beef,"Loin, sirloin, tri-tip (185C  1)",Choice Cuts,,,,Choice,,,,,481.5,575.25,,,484.82,$/cwt,4.8482,per lb,National,wholesale,,,,,,128203.0,lb,,2453,National Daily Boxed Beef Cutout & Boxed Beef Cuts - Negotiated Sales - PM (PDF) (LM_XB403),2026-09-26T13:48:36+00:00
790faff5b53029b4,2021-06-17,Beef,"Loin, sirloin, tri-tip (185C  1)",Select Cuts,,,,Select,,,,,367.0,410.7,,,370.22,$/cwt,3.7022,per lb,National,wholesale,,,,,,19038.0,lb,,2453,National Daily Boxed Beef Cutout & Boxed Beef Cuts - Negotiated Sales - PM (PDF) (LM_XB403),2026-09-26T13:48:36+00:00
b670dd69341b8231,2021-06-17,Beef,"Loin, strip, bnls, 0x1 (180  3)",Choice Cuts,,,,Choice,,,,,890.0,1030.42,,,944.31,$/cwt,9.4431,per lb,National,wholesale,,,,,,456885.0,lb,,2453,National Daily Boxed Beef Cutout & Boxed Beef Cuts - Negotiated Sales - PM (PDF) (LM_XB403),2026-09-26T13:48:36+00:00
fe67f88ebe5aa827,2021-06-17,Beef,"Loin, strip, bnls, 0x1 (180  3)",Select Cuts,,,,Select,,,,,610.39,730.0,,,629.1,$/cwt,6.291,per lb,National,wholesale,,,,,,212339.0,lb,,2453,National Daily Boxed Beef Cutout & Boxed Beef Cuts - Negotiated Sales - PM (PDF) (LM_XB403),2026-09-26T13:48:36+00:00
467006ff384c7332,2021-06-17,Beef,"Loin, tndrloin, trmd, heavy (189A  4)",Choice Cuts,,,,Choice,,,,,1824.0,1905.5,,,1830.48,$/cwt,18.3048,per lb,National,wholesale,,,,,,84067.0,lb,,2453,National Daily Boxed Beef Cutout & Boxed Beef Cuts - Negotiated Sales - PM (PDF) (LM_XB403),2026-09-26T13:48:36+00:00
4588bb4e64ff67cc,2021-06-17,Beef,"Loin, tndrloin, trmd, heavy (189A  4)",Select Cuts,,,,Select,,,,,1643.0,1824.0,,,1715.14,$/cwt,17.1514,per lb,National,wholesale,,,,,,10265.0,lb,,2453,National Daily Boxed Beef Cutout & Boxed Beef Cuts - Negotiated Sales - PM (PDF) (LM_XB403),2026-09-26T13:48:36+00:00
026afab2fb54dfab,2021-06-17,Beef,"Loin, top butt, CC (184B  3)",Choice Cuts,,,,Choice,,,,,542.96,771.0,,,553.82,$/cwt,5.5382,per lb,National,wholesale,,,,,,42589.0,lb,,2453,National Daily Boxed Beef Cutout & Boxed Beef Cuts - Negotiated Sales - PM (PDF) (LM_XB403),2026-09-26T13:48:36+00:00
53901a049d2ce8a5,2021-06-17,Beef,"Loin, top butt, boneless (184  3)",Choice Cuts,,,,Choice,,,,,475.0,530.25,,,493.6,$/cwt,4.936,per lb,National,wholesale,,,,,,242892.0,lb,,2453,National Daily Boxed Beef Cutout & Boxed Beef Cuts - Negotiated Sales - PM (PDF) (LM_XB403),2026-09-26T13:48:36+00:00
9841221c2852fb93,2021-06-17,Beef,"Loin, top butt, boneless (184  3)",Select Cuts,,,,Select,,,,,340.0,465.0,,,399.89,$/cwt,3.9989,per lb,National,wholesale,,,,,,42998.0,lb,,2453,National Daily Boxed Beef Cutout & Boxed Beef Cuts - Negotiated Sales - PM (PDF) (LM_XB403),2026-09-26T13:48:36+00:00
288f3efefae30ff7,2021-06-17,Beef,"Rib, ribeye, bnls, heavy (112A  3)",Choice Cuts,,,,Choice,,,,,1215.0,1311.25,,,1253.96,$/cwt,12.5396,per lb,National,wholesale,,,,,,17793.0,lb,,2453,National Daily Boxed Beef Cutout & Boxed Beef Cuts - Negotiated Sales - PM (PDF) (LM_XB403),2026-09-26T13:48:36+00:00
5471d0bb96b140b8,2021-06-17,Beef,"Rib, ribeye, bnls, heavy (112A  3)",Select Cuts,,,,Select,,,,,730.0,820.0,,,753.14,$/cwt,7.5314,per lb,National,wholesale,,,,,,30949.0,lb,,2453,National Daily Boxed Beef Cutout & Boxed Beef Cuts - Negotiated Sales - PM (PDF) (LM_XB403),2026-09-26T13:48:36+00:00
24b9b9a01a4c0d7c,2021-06-17,Beef,"Rib, ribeye, bnls, light (112A  3)",Choice Cuts,,,,Choice,,,,,1125.0,1320.25,,,1143.81,$/cwt,11.4381,per lb,National,wholesale,,,,,,294602.0,lb,,2453,National Daily Boxed Beef Cutout & Boxed Beef Cuts - Negotiated Sales - PM (PDF) (LM_XB403),2026-09-26T13:48:36+00:00
d4e38ad9267b76a9,2021-06-17,Beef,"Rib, ribeye, bnls, light (112A  3)",Select Cuts,,,,Select,,,,,700.0,815.75,,,714.04,$/cwt,7.1404,per lb,National,wholesale,,,,,,25821.0,lb,,2453,National Daily Boxed Beef Cutout & Boxed Beef Cuts - Negotiated Sales - PM (PDF) (LM_XB403),2026-09-26T13:48:36+00:00
68db2d341d73d801,2021-06-17,Beef,"Rib, ribeye, lip-on, bn-in (109E  1)",Choice Cuts,,,,Choice,,,,,994.4,1190.0,,,1014.43,$/cwt,10.1443,per lb,National,wholesale,,,,,,347451.0,lb,,2453,National Daily Boxed Beef Cutout & Boxed Beef Cuts - Negotiated Sales - PM (PDF) (LM_XB403),2026-09-26T13:48:36+00:00
e291a1539529de8d,2021-06-17,Beef,"Rib, ribeye, lip-on, bn-in (109E  1)",Select Cuts,,,,Select,,,,,615.0,740.0,,,621.64,$/cwt,6.2164,per lb,National,wholesale,,,,,,80023.0,lb,,2453,National Daily Boxed Beef Cutout & Boxed Beef Cuts - Negotiated Sales - PM (PDF) (LM_XB403),2026-09-26T13:48:36+00:00
4e14ee801b582073,2021-06-17,Beef,"Round, bottom gooseneck (170  1)",Select Cuts,,,,Select,,,,,290.0,325.0,,,307.18,$/cwt,3.0718,per lb,National,wholesale,,,,,,3079.0,lb,,2453,National Daily Boxed Beef Cutout & Boxed Beef Cuts - Negotiated Sales - PM (PDF) (LM_XB403),2026-09-26T13:48:36+00:00
db3b048330dffa6b,2021-06-17,Beef,"Round, eye of round (171C  3)",Choice Cuts,,,,Choice,,,,,315.1,382.76,,,328.77,$/cwt,3.2877,per lb,National,wholesale,,,,,,90237.0,lb,,2453,National Daily Boxed Beef Cutout & Boxed Beef Cuts - Negotiated Sales - PM (PDF) (LM_XB403),2026-09-26T13:48:36+00:00
65ebda0894fec6af,2021-06-17,Beef,"Round, eye of round (171C  3)",Select Cuts,,,,Select,,,,,316.27,339.5,,,326.6,$/cwt,3.266,per lb,National,wholesale,,,,,,6724.0,lb,,2453,National Daily Boxed Beef Cutout & Boxed Beef Cuts - Negotiated Sales - PM (PDF) (LM_XB403),2026-09-26T13:48:36+00:00
6a80ca981842ecc4,2021-06-17,Beef,"Round, knuckle, peeled (167A  4)",Choice Cuts,,,,Choice,,,,,384.0,414.0,,,392.39,$/cwt,3.9239,per lb,National,wholesale,,,,,,53380.0,lb,,2453,National Daily Boxed Beef Cutout & Boxed Beef Cuts - Negotiated Sales - PM (PDF) (LM_XB403),2026-09-26T13:48:36+00:00
75ee69e31b41cf6b,2021-06-17,Beef,"Round, knuckle, peeled (167A  4)",Select Cuts,,,,Select,,,,,368.4,408.2,,,394.8,$/cwt,3.948,per lb,National,wholesale,,,,,,21056.0,lb,,2453,National Daily Boxed Beef Cutout & Boxed Beef Cuts - Negotiated Sales - PM (PDF) (LM_XB403),2026-09-26T13:48:36+00:00
1eaafdb178b2fec7,2021-06-17,Beef,"Round, outside round (171B  3)",Choice Cuts,,,,Choice,,,,,290.0,345.0,,,321.78,$/cwt,3.2178,per lb,National,wholesale,,,,,,33056.0,lb,,2453,National Daily Boxed Beef Cutout & Boxed Beef Cuts - Negotiated Sales - PM (PDF) (LM_XB403),2026-09-26T13:48:36+00:00
9e917dda2cd86d18,2021-06-17,Beef,"Round, outside round (171B  3)",Select Cuts,,,,Select,,,,,302.0,352.0,,,315.19,$/cwt,3.1519,per lb,National,wholesale,,,,,,34147.0,lb,,2453,National Daily Boxed Beef Cutout & Boxed Beef Cuts - Negotiated Sales - PM (PDF) (LM_XB403),2026-09-26T13:48:36+00:00
bce14490e4ecd806,2021-06-17,Beef,"Round, top inside round (168  1)",Choice Cuts,,,,Choice,,,,,350.0,354.1,,,352.07,$/cwt,3.5207,per lb,National,wholesale,,,,,,10446.0,lb,,2453,National Daily Boxed Beef Cutout & Boxed Beef Cuts - Negotiated Sales - PM (PDF) (LM_XB403),2026-09-26T13:48:36+00:00
93026bc792038ba4,2021-06-17,Beef,"Round, top inside round (168  3)",Choice Cuts,,,,Choice,,,,,324.46,360.0,,,340.34,$/cwt,3.4034,per lb,National,wholesale,,,,,,162192.0,lb,,2453,National Daily Boxed Beef Cutout & Boxed Beef Cuts - Negotiated Sales - PM (PDF) (LM_XB403),2026-09-26T13:48:36+00:00
66c5ab27039f07ff,2021-06-17,Beef,"Round, top inside round (168  3)",Select Cuts,,,,Select,,,,,315.0,363.6,,,325.12,$/cwt,3.2512,per lb,National,wholesale,,,,,,43233.0,lb,,2453,National Daily Boxed Beef Cutout & Boxed Beef Cuts - Negotiated Sales - PM (PDF) (LM_XB403),2026-09-26T13:48:36+00:00
730a2f8342030b66,2021-06-17,Beef,"Round, top inside, cap off (169A  5)",Choice Cuts,,,,Choice,,,,,470.0,505.0,,,483.72,$/cwt,4.8372,per lb,National,wholesale,,,,,,44031.0,lb,,2453,National Daily Boxed Beef Cutout & Boxed Beef Cuts - Negotiated Sales - PM (PDF) (LM_XB403),2026-09-26T13:48:36+00:00
7d25a7f669cf9eb5,2021-06-17,Beef,"Round, top inside, denuded (169  5)",Choice Cuts,,,,Choice,,,,,379.0,436.0,,,384.74,$/cwt,3.8474,per lb,National,wholesale,,,,,,50289.0,lb,,2453,National Daily Boxed Beef Cutout & Boxed Beef Cuts - Negotiated Sales - PM (PDF) (LM_XB403),2026-09-26T13:48:36+00:00
9128a3476ef1cf8a,2021-06-17,Beef,"Round, top inside, denuded (169  5)",Select Cuts,,,,Select,,,,,369.0,409.1,,,371.49,$/cwt,3.7149,per lb,National,wholesale,,,,,,13340.0,lb,,2453,National Daily Boxed Beef Cutout & Boxed Beef Cuts - Negotiated Sales - PM (PDF) (LM_XB403),2026-09-26T13:48:36+00:00
6ff1ab043df6255e,2021-06-17,Beef,"Short Plate, short rib (123A  3)",Choice Cuts,,,,Choice,,,,,525.29,630.0,,,556.37,$/cwt,5.5637,per lb,National,wholesale,,,,,,35210.0,lb,,2453,National Daily Boxed Beef Cutout & Boxed Beef Cuts - Negotiated Sales - PM (PDF) (LM_XB403),2026-09-26T13:48:36+00:00
a2e51b1dee27e0a6,2021-06-17,Beef,"Short Plate, short rib (123A  3)",Select Cuts,,,,Select,,,,,534.0,630.0,,,583.38,$/cwt,5.8338,per lb,National,wholesale,,,,,,8348.0,lb,,2453,National Daily Boxed Beef Cutout & Boxed Beef Cuts - Negotiated Sales - PM (PDF) (LM_XB403),2026-09-26T13:48:36+00:00
fa177ca987c023c8,2021-06-18,Beef,"Brisket, deckle-off, bnls (120  1)",Choice Cuts,,,,Choice,,,,,380.0,465.0,,,387.03,$/cwt,3.8703,per lb,National,wholesale,,,,,,142410.0,lb,,2453,National Daily Boxed Beef Cutout & Boxed Beef Cuts - Negotiated Sales - PM (PDF) (LM_XB403),2026-09-26T13:48:36+00:00
8fd58adec82044b6,2021-06-18,Beef,"Brisket, point/off, bnls (120A  3)",Choice Cuts,,,,Choice,,,,,728.0,774.0,,,743.16,$/cwt,7.4316,per lb,National,wholesale,,,,,,3645.0,lb,,2453,National Daily Boxed Beef Cutout & Boxed Beef Cuts - Negotiated Sales - PM (PDF) (LM_XB403),2026-09-26T13:48:36+00:00
3f4318dee5fe1b9d,2021-06-18,Beef,"Chuck, chuck tender (116B  1)",Choice Cuts,,,,Choice,,,,,334.35,350.0,,,346.37,$/cwt,3.4637,per lb,National,wholesale,,,,,,39075.0,lb,,2453,National Daily Boxed Beef Cutout & Boxed Beef Cuts - Negotiated Sales - PM (PDF) (LM_XB403),2026-09-26T13:48:36+00:00
31ed2b1ea9a67dda,2021-06-18,Beef,"Chuck, chuck tender (116B  1)",Select Cuts,,,,Select,,,,,330.0,353.0,,,336.8,$/cwt,3.368,per lb,National,wholesale,,,,,,8082.0,lb,,2453,National Daily Boxed Beef Cutout & Boxed Beef Cuts - Negotiated Sales - PM (PDF) (LM_XB403),2026-09-26T13:48:36+00:00
4da9af3443ab3674,2021-06-18,Beef,"Chuck, clod tender (114F  5)",Choice Cuts,,,,Choice,,,,,750.75,785.0,,,775.41,$/cwt,7.7541,per lb,National,wholesale,,,,,,9667.0,lb,,2453,National Daily Boxed Beef Cutout & Boxed Beef Cuts - Negotiated Sales - PM (PDF) (LM_XB403),2026-09-26T13:48:36+00:00
5ad04de5ec02ed26,2021-06-18,Beef,"Chuck, clod tender (114F  5)",Select Cuts,,,,Select,,,,,745.0,780.0,,,772.02,$/cwt,7.7202,per lb,National,wholesale,,,,,,8689.0,lb,,2453,National Daily Boxed Beef Cutout & Boxed Beef Cuts - Negotiated Sales - PM (PDF) (LM_XB403),2026-09-26T13:48:36+00:00
86a5bd49468141ec,2021-06-18,Beef,"Chuck, clod, arm roast (114E  3)",Choice Cuts,,,,Choice,,,,,410.0,420.0,,,416.35,$/cwt,4.1635,per lb,National,wholesale,,,,,,7645.0,lb,,2453,National Daily Boxed Beef Cutout & Boxed Beef Cuts - Negotiated Sales - PM (PDF) (LM_XB403),2026-09-26T13:48:36+00:00
83e355eb29364027,2021-06-18,Beef,"Chuck, clod, top blade (114D  3)",Choice Cuts,,,,Choice,,,,,581.0,596.0,,,589.61,$/cwt,5.8961,per lb,National,wholesale,,,,,,16410.0,lb,,2453,National Daily Boxed Beef Cutout & Boxed Beef Cuts - Negotiated Sales - PM (PDF) (LM_XB403),2026-09-26T13:48:36+00:00
a3c93b3cfd5c118c,2021-06-18,Beef,"Chuck, flap (116G  4)",Choice Cuts,,,,Choice,,,,,761.0,816.0,,,788.95,$/cwt,7.8895,per lb,National,wholesale,,,,,,14152.0,lb,,2453,National Daily Boxed Beef Cutout & Boxed Beef Cuts - Negotiated Sales - PM (PDF) (LM_XB403),2026-09-26T13:48:36+00:00
368933e2740ce48d,2021-06-18,Beef,"Chuck, flap (116G  4)",Select Cuts,,,,Select,,,,,695.0,811.25,,,724.56,$/cwt,7.2456,per lb,National,wholesale,,,,,,4900.0,lb,,2453,National Daily Boxed Beef Cutout & Boxed Beef Cuts - Negotiated Sales - PM (PDF) (LM_XB403),2026-09-26T13:48:36+00:00
2fb058366ca83516,2021-06-18,Beef,"Chuck, roll, lxl, neck/off (116A  3)",Choice Cuts,,,,Choice,,,,,340.0,370.0,,,357.84,$/cwt,3.5784,per lb,National,wholesale,,,,,,70485.0,lb,,2453,National Daily Boxed Beef Cutout & Boxed Beef Cuts - Negotiated Sales - PM (PDF) (LM_XB403),2026-09-26T13:48:36+00:00
0946d9b1e583f9fe,2021-06-18,Beef,"Chuck, roll, lxl, neck/off (116A  3)",Select Cuts,,,,Select,,,,,327.44,362.0,,,336.4,$/cwt,3.364,per lb,National,wholesale,,,,,,67358.0,lb,,2453,National Daily Boxed Beef Cutout & Boxed Beef Cuts - Negotiated Sales - PM (PDF) (LM_XB403),2026-09-26T13:48:36+00:00
d019cab8a66c45b7,2021-06-18,Beef,"Chuck, short rib (130  4)",Choice Cuts,,,,Choice,,,,,483.93,533.5,,,519.64,$/cwt,5.1964,per lb,National,wholesale,,,,,,25768.0,lb,,2453,National Daily Boxed Beef Cutout & Boxed Beef Cuts - Negotiated Sales - PM (PDF) (LM_XB403),2026-09-26T13:48:36+00:00
5d6980280553d4a8,2021-06-18,Beef,"Chuck, shoulder clod (114  1)",Select Cuts,,,,Select,,,,,282.0,309.62,,,285.16,$/cwt,2.8516,per lb,National,wholesale,,,,,,48009.0,lb,,2453,National Daily Boxed Beef Cutout & Boxed Beef Cuts - Negotiated Sales - PM (PDF) (LM_XB403),2026-09-26T13:48:36+00:00
432bd65f95b1f4d6,2021-06-18,Beef,"Chuck, shoulder clod, trmd (114A  3)",Choice Cuts,,,,Choice,,,,,312.0,320.0,,,314.08,$/cwt,3.1408,per lb,National,wholesale,,,,,,7626.0,lb,,2453,National Daily Boxed Beef Cutout & Boxed Beef Cuts - Negotiated Sales - PM (PDF) (LM_XB403),2026-09-26T13:48:36+00:00
17fa38f993b14802,2021-06-18,Beef,Cutout 600-900 lb,,,,,Choice,,,,,,,,,323.28,$/cwt,3.2328,per lb,National,wholesale,,,,,,,,,2453,National Daily Boxed Beef Cutout & Boxed Beef Cuts - Negotiated Sales - PM (PDF) (LM_XB403),2026-09-26T13:48:36+00:00
67436232df01ca15,2021-06-18,Beef,Cutout 600-900 lb,,,,,Select,,,,,,,,,283.61,$/cwt,2.8361,per lb,National,wholesale,,,,,,,,,2453,National Daily Boxed Beef Cutout & Boxed Beef Cuts - Negotiated Sales - PM (PDF) (LM_XB403),2026-09-26T13:48:36+00:00
2fe3c399587de67b,2021-06-18,Beef,"Flank, flank steak (193  4)",Choice Cuts,,,,Choice,,,,,786.0,834.0,,,791.5,$/cwt,7.915,per lb,National,wholesale,,,,,,8028.0,lb,,2453,National Daily Boxed Beef Cutout & Boxed Beef Cuts - Negotiated Sales - PM (PDF) (LM_XB403),2026-09-26T13:48:36+00:00
c5fecfe22f4b9f52,2021-06-18,Beef,"Flank, flank steak (193  4)",Select Cuts,,,,Select,,,,,750.0,799.25,,,762.9,$/cwt,7.629,per lb,National,wholesale,,,,,,6403.0,lb,,2453,National Daily Boxed Beef Cutout & Boxed Beef Cuts - Negotiated Sales - PM (PDF) (LM_XB403),2026-09-26T13:48:36+00:00
88fe3423e86d7859,2021-06-18,Beef,Ground Beef 73%,Ground Beef,,,,,,,,,235.0,260.0,,,245.71,$/cwt,2.4571,per lb,National,wholesale,,,,,,25962.0,lb,,2453,National Daily Boxed Beef Cutout & Boxed Beef Cuts - Negotiated Sales - PM (PDF) (LM_XB403),2026-09-26T13:48:36+00:00
665c434fcf3f6c45,2021-06-18,Beef,Ground Beef 81%,Ground Beef,,,,,,,,,306.45,336.0,,,311.97,$/cwt,3.1197,per lb,National,wholesale,,,,,,114243.0,lb,,2453,National Daily Boxed Beef Cutout & Boxed Beef Cuts - Negotiated Sales - PM (PDF) (LM_XB403),2026-09-26T13:48:36+00:00
f6a8c96bd646aace,2021-06-18,Beef,Ground Beef 93%,Ground Beef,,,,,,,,,317.5,399.69,,,322.25,$/cwt,3.2225,per lb,National,wholesale,,,,,,17577.0,lb,,2453,National Daily Boxed Beef Cutout & Boxed Beef Cuts - Negotiated Sales - PM (PDF) (LM_XB403),2026-09-26T13:48:36+00:00
ed4b3f81bac3aa56,2021-06-18,Beef,Ground Beef Chuck,Ground Beef,,,,,,,,,325.91,342.0,,,333.44,$/cwt,3.3344,per lb,National,wholesale,,,,,,96755.0,lb,,2453,National Daily Boxed Beef Cutout & Boxed Beef Cuts - Negotiated Sales - PM (PDF) (LM_XB403),2026-09-26T13:48:36+00:00
e0a34bcda0217ebb,2021-06-18,Beef,Ground Beef Sirloin,Ground Beef,,,,,,,,,380.5,401.0,,,392.92,$/cwt,3.9292,per lb,National,wholesale,,,,,,1499.0,lb,,2453,National Daily Boxed Beef Cutout & Boxed Beef Cuts - Negotiated Sales - PM (PDF) (LM_XB403),2026-09-26T13:48:36+00:00
57467f486add58ab,2021-06-18,Beef,"Loin, ball-tip, bnls, heavy (185B  1)",Choice Cuts,,,,Choice,,,,,345.0,375.0,,,352.57,$/cwt,3.5257,per lb,National,wholesale,,,,,,69838.0,lb,,2453,National Daily Boxed Beef Cutout & Boxed Beef Cuts - Negotiated Sales - PM (PDF) (LM_XB403),2026-09-26T13:48:36+00:00
869797f38cd9e13f,2021-06-18,Beef,"Loin, bottom sirloin, flap (185A  4)",Choice Cuts,,,,Choice,,,,,699.55,1070.0,,,716.76,$/cwt,7.1676,per lb,National,wholesale,,,,,,267852.0,lb,,2453,National Daily Boxed Beef Cutout & Boxed Beef Cuts - Negotiated Sales - PM (PDF) (LM_XB403),2026-09-26T13:48:36+00:00
7d593e220de4349b,2021-06-18,Beef,"Loin, bottom sirloin, flap (185A  4)",Select Cuts,,,,Select,,,,,700.0,866.0,,,729.86,$/cwt,7.2986,per lb,National,wholesale,,,,,,14534.0,lb,,2453,National Daily Boxed Beef Cutout & Boxed Beef Cuts - Negotiated Sales - PM (PDF) (LM_XB403),2026-09-26T13:48:36+00:00
22af7df47d45a136,2021-06-18,Beef,"Loin, butt tender, trimmed (191A  4)",Choice Cuts,,,,Choice,,,,,1700.5,1750.0,,,1731.47,$/cwt,17.3147,per lb,National,wholesale,,,,,,6881.0,lb,,2453,National Daily Boxed Beef Cutout & Boxed Beef Cuts - Negotiated Sales - PM (PDF) (LM_XB403),2026-09-26T13:48:36+00:00
3124e593510bdda8,2021-06-18,Beef,"Loin, butt tender, trimmed (191A  4)",Select Cuts,,,,Select,,,,,1500.0,1586.35,,,1550.12,$/cwt,15.5012,per lb,National,wholesale,,,,,,1817.0,lb,,2453,National Daily Boxed Beef Cutout & Boxed Beef Cuts - Negotiated Sales - PM (PDF) (LM_XB403),2026-09-26T13:48:36+00:00
428869252cb4fa39,2021-06-18,Beef,"Loin, short loin, 0x1 (174  3)",Choice Cuts,,,,Choice,,,,,751.43,1005.75,,,844.07,$/cwt,8.4407,per lb,National,wholesale,,,,,,85603.0,lb,,2453,National Daily Boxed Beef Cutout & Boxed Beef Cuts - Negotiated Sales - PM (PDF) (LM_XB403),2026-09-26T13:48:36+00:00
45f0c71f7966f68a,2021-06-18,Beef,"Loin, short loin, 0x1 (174  3)",Select Cuts,,,,Select,,,,,602.5,725.0,,,626.65,$/cwt,6.2665,per lb,National,wholesale,,,,,,144054.0,lb,,2453,National Daily Boxed Beef Cutout & Boxed Beef Cuts - Negotiated Sales - PM (PDF) (LM_XB403),2026-09-26T13:48:36+00:00
0ff727a9b1ab5715,2021-06-18,Beef,"Loin, sirloin, tri-tip (185C  1)",Choice Cuts,,,,Choice,,,,,445.0,605.0,,,484.77,$/cwt,4.8477,per lb,National,wholesale,,,,,,73581.0,lb,,2453,National Daily Boxed Beef Cutout & Boxed Beef Cuts - Negotiated Sales - PM (PDF) (LM_XB403),2026-09-26T13:48:36+00:00
0de26517dc8a6bd0,2021-06-18,Beef,"Loin, sirloin, tri-tip (185C  1)",Select Cuts,,,,Select,,,,,323.36,403.5,,,393.84,$/cwt,3.9384,per lb,National,wholesale,,,,,,18387.0,lb,,2453,National Daily Boxed Beef Cutout & Boxed Beef Cuts - Negotiated Sales - PM (PDF) (LM_XB403),2026-09-26T13:48:36+00:00
26c677441971fdde,2021-06-18,Beef,"Loin, strip, bnls, 0x1 (180  3)",Choice Cuts,,,,Choice,,,,,941.0,1025.0,,,978.88,$/cwt,9.7888,per lb,National,wholesale,,,,,,82109.0,lb,,2453,National Daily Boxed Beef Cutout & Boxed Beef Cuts - Negotiated Sales - PM (PDF) (LM_XB403),2026-09-26T13:48:36+00:00
0abf5bac0c299dcb,2021-06-18,Beef,"Loin, strip, bnls, 0x1 (180  3)",Select Cuts,,,,Select,,,,,614.75,675.0,,,618.89,$/cwt,6.1889,per lb,National,wholesale,,,,,,20400.0,lb,,2453,National Daily Boxed Beef Cutout & Boxed Beef Cuts - Negotiated Sales - PM (PDF) (LM_XB403),2026-09-26T13:48:36+00:00
55e22207883dfa39,2021-06-18,Beef,"Loin, tndrloin, trmd, heavy (189A  4)",Choice Cuts,,,,Choice,,,,,1739.66,1903.5,,,1822.34,$/cwt,18.2234,per lb,National,wholesale,,,,,,85848.0,lb,,2453,National Daily Boxed Beef Cutout & Boxed Beef Cuts - Negotiated Sales - PM (PDF) (LM_XB403),2026-09-26T13:48:36+00:00
36bfae5297911d82,2021-06-18,Beef,"Loin, top butt, CC (184B  3)",Choice Cuts,,,,Choice,,,,,625.0,778.5,,,654.97,$/cwt,6.5497,per lb,National,wholesale,,,,,,16176.0,lb,,2453,National Daily Boxed Beef Cutout & Boxed Beef Cuts - Negotiated Sales - PM (PDF) (LM_XB403),2026-09-26T13:48:36+00:00
665a761cb980be31,2021-06-18,Beef,"Loin, top butt, bnls, heavy (184  1)",Choice Cuts,,,,Choice,,,,,505.0,515.0,,,509.9,$/cwt,5.099,per lb,National,wholesale,,,,,,2283.0,lb,,2453,National Daily Boxed Beef Cutout & Boxed Beef Cuts - Negotiated Sales - PM (PDF) (LM_XB403),2026-09-26T13:48:36+00:00
e1a8e7b4fd8d16f7,2021-06-18,Beef,"Loin, top butt, boneless (184  3)",Choice Cuts,,,,Choice,,,,,480.0,535.75,,,492.11,$/cwt,4.9211,per lb,National,wholesale,,,,,,72156.0,lb,,2453,National Daily Boxed Beef Cutout & Boxed Beef Cuts - Negotiated Sales - PM (PDF) (LM_XB403),2026-09-26T13:48:36+00:00
3ef66ebc97238fd7,2021-06-18,Beef,"Loin, top butt, boneless (184  3)",Select Cuts,,,,Select,,,,,339.44,415.0,,,353.78,$/cwt,3.5378,per lb,National,wholesale,,,,,,69755.0,lb,,2453,National Daily Boxed Beef Cutout & Boxed Beef Cuts - Negotiated Sales - PM (PDF) (LM_XB403),2026-09-26T13:48:36+00:00
e6658c5d4baf9668,2021-06-18,Beef,"Rib, ribeye, bnls, heavy (112A  3)",Choice Cuts,,,,Choice,,,,,1154.8,1300.68,,,1221.4,$/cwt,12.214,per lb,National,wholesale,,,,,,51197.0,lb,,2453,National Daily Boxed Beef Cutout & Boxed Beef Cuts - Negotiated Sales - PM (PDF) (LM_XB403),2026-09-26T13:48:36+00:00
c08dceaddafbd228,2021-06-18,Beef,"Rib, ribeye, bnls, heavy (112A  3)",Select Cuts,,,,Select,,,,,701.89,840.0,,,743.13,$/cwt,7.4313,per lb,National,wholesale,,,,,,7489.0,lb,,2453,National Daily Boxed Beef Cutout & Boxed Beef Cuts - Negotiated Sales - PM (PDF) (LM_XB403),2026-09-26T13:48:36+00:00
72429e71b4fe6c48,2021-06-18,Beef,"Rib, ribeye, bnls, light (112A  3)",Choice Cuts,,,,Choice,,,,,1188.0,1298.5,,,1258.63,$/cwt,12.5863,per lb,National,wholesale,,,,,,11873.0,lb,,2453,National Daily Boxed Beef Cutout & Boxed Beef Cuts - Negotiated Sales - PM (PDF) (LM_XB403),2026-09-26T13:48:36+00:00
8d299cb7eca4fc24,2021-06-18,Beef,"Rib, ribeye, bnls, light (112A  3)",Select Cuts,,,,Select,,,,,692.7,850.0,,,718.56,$/cwt,7.1856,per lb,National,wholesale,,,,,,121134.0,lb,,2453,National Daily Boxed Beef Cutout & Boxed Beef Cuts - Negotiated Sales - PM (PDF) (LM_XB403),2026-09-26T13:48:36+00:00
44992b9d0c073976,2021-06-18,Beef,"Rib, ribeye, lip-on, bn-in (109E  1)",Choice Cuts,,,,Choice,,,,,1009.96,1077.68,,,1020.58,$/cwt,10.2058,per lb,National,wholesale,,,,,,142623.0,lb,,2453,National Daily Boxed Beef Cutout & Boxed Beef Cuts - Negotiated Sales - PM (PDF) (LM_XB403),2026-09-26T13:48:36+00:00
d2779ac16a2cd97a,2021-06-18,Beef,"Rib, ribeye, lip-on, bn-in (109E  1)",Select Cuts,,,,Select,,,,,564.96,753.35,,,584.14,$/cwt,5.8414,per lb,National,wholesale,,,,,,195011.0,lb,,2453,National Daily Boxed Beef Cutout & Boxed Beef Cuts - Negotiated Sales - PM (PDF) (LM_XB403),2026-09-26T13:48:36+00:00
929401175c49bdec,2021-06-18,Beef,"Round, eye of round (171C  3)",Choice Cuts,,,,Choice,,,,,316.46,377.76,,,334.55,$/cwt,3.3455,per lb,National,wholesale,,,,,,86198.0,lb,,2453,National Daily Boxed Beef Cutout & Boxed Beef Cuts - Negotiated Sales - PM (PDF) (LM_XB403),2026-09-26T13:48:36+00:00
8788cd62bfdb71a9,2021-06-18,Beef,"Round, knuckle, peeled (167A  4)",Choice Cuts,,,,Choice,,,,,375.0,399.41,,,389.31,$/cwt,3.8931,per lb,National,wholesale,,,,,,36844.0,lb,,2453,National Daily Boxed Beef Cutout & Boxed Beef Cuts - Negotiated Sales - PM (PDF) (LM_XB403),2026-09-26T13:48:36+00:00
b9aac3e53b4e0402,2021-06-18,Beef,"Round, knuckle, peeled (167A  4)",Select Cuts,,,,Select,,,,,385.0,405.0,,,392.24,$/cwt,3.9224,per lb,National,wholesale,,,,,,19044.0,lb,,2453,National Daily Boxed Beef Cutout & Boxed Beef Cuts - Negotiated Sales - PM (PDF) (LM_XB403),2026-09-26T13:48:36+00:00
b9db0c2c10818938,2021-06-18,Beef,"Round, outside round (171B  3)",Choice Cuts,,,,Choice,,,,,290.0,360.0,,,319.68,$/cwt,3.1968,per lb,National,wholesale,,,,,,123687.0,lb,,2453,National Daily Boxed Beef Cutout & Boxed Beef Cuts - Negotiated Sales - PM (PDF) (LM_XB403),2026-09-26T13:48:36+00:00
1e88b5b7dc09e420,2021-06-18,Beef,"Round, outside round (171B  3)",Select Cuts,,,,Select,,,,,290.0,329.35,,,295.57,$/cwt,2.9557,per lb,National,wholesale,,,,,,46446.0,lb,,2453,National Daily Boxed Beef Cutout & Boxed Beef Cuts - Negotiated Sales - PM (PDF) (LM_XB403),2026-09-26T13:48:36+00:00
eb9658a704201999,2021-06-18,Beef,"Round, top inside round (168  1)",Choice Cuts,,,,Choice,,,,,314.35,370.0,,,347.19,$/cwt,3.4719,per lb,National,wholesale,,,,,,10366.0,lb,,2453,National Daily Boxed Beef Cutout & Boxed Beef Cuts - Negotiated Sales - PM (PDF) (LM_XB403),2026-09-26T13:48:36+00:00
c2fc764da2a53190,2021-06-18,Beef,"Round, top inside round (168  3)",Choice Cuts,,,,Choice,,,,,316.0,352.91,,,334.51,$/cwt,3.3451,per lb,National,wholesale,,,,,,28058.0,lb,,2453,National Daily Boxed Beef Cutout & Boxed Beef Cuts - Negotiated Sales - PM (PDF) (LM_XB403),2026-09-26T13:48:36+00:00
ee3978eb64d81553,2021-06-18,Beef,"Round, top inside round (168  3)",Select Cuts,,,,Select,,,,,316.0,351.66,,,329.08,$/cwt,3.2908,per lb,National,wholesale,,,,,,19154.0,lb,,2453,National Daily Boxed Beef Cutout & Boxed Beef Cuts - Negotiated Sales - PM (PDF) (LM_XB403),2026-09-26T13:48:36+00:00
1de4de5f020d817d,2021-06-18,Beef,"Round, top inside, cap off (169A  5)",Select Cuts,,,,Select,,,,,441.51,515.0,,,446.28,$/cwt,4.4628,per lb,National,wholesale,,,,,,16314.0,lb,,2453,National Daily Boxed Beef Cutout & Boxed Beef Cuts - Negotiated Sales - PM (PDF) (LM_XB403),2026-09-26T13:48:36+00:00
06ec0198028fae5d,2021-06-18,Beef,"Round, top inside, denuded (169  5)",Choice Cuts,,,,Choice,,,,,380.95,390.0,,,385.24,$/cwt,3.8524,per lb,National,wholesale,,,,,,59472.0,lb,,2453,National Daily Boxed Beef Cutout & Boxed Beef Cuts - Negotiated Sales - PM (PDF) (LM_XB403),2026-09-26T13:48:36+00:00
f596e9fd0bc31860,2021-06-18,Beef,"Short Plate, short rib (123A  3)",Choice Cuts,,,,Choice,,,,,522.56,600.0,,,540.02,$/cwt,5.4002,per lb,National,wholesale,,,,,,40292.0,lb,,2453,National Daily Boxed Beef Cutout & Boxed Beef Cuts - Negotiated Sales - PM (PDF) (LM_XB403),2026-09-26T13:48:36+00:00
dc491b1dce1047f1,2021-06-18,Beef,"Short Plate, short rib (123A  3)",Select Cuts,,,,Select,,,,,463.31,545.0,,,496.66,$/cwt,4.9666,per lb,National,wholesale,,,,,,8318.0,lb,,2453,National Daily Boxed Beef Cutout & Boxed Beef Cuts - Negotiated Sales - PM (PDF) (LM_XB403),2026-09-26T13:48:36+00:00
8aa935f07906c348,2021-06-21,Beef,"Brisket, deckle-off, bnls (120  1)",Choice Cuts,,,,Choice,,,,,386.3,430.25,,,413.0,$/cwt,4.13,per lb,National,wholesale,,,,,,71041.0,lb,,2453,National Daily Boxed Beef Cutout & Boxed Beef Cuts - Negotiated Sales - PM (PDF) (LM_XB403),2026-09-26T13:48:36+00:00
8ca9987f57611f6d,2021-06-21,Beef,"Brisket, deckle-off, bnls (120  1)",Select Cuts,,,,Select,,,,,387.5,420.0,,,391.26,$/cwt,3.9126,per lb,National,wholesale,,,,,,79441.0,lb,,2453,National Daily Boxed Beef Cutout & Boxed Beef Cuts - Negotiated Sales - PM (PDF) (LM_XB403),2026-09-26T13:48:36+00:00
3d86317d8f59cd81,2021-06-21,Beef,"Brisket, point/off, bnls (120A  3)",Choice Cuts,,,,Choice,,,,,715.0,765.0,,,732.87,$/cwt,7.3287,per lb,National,wholesale,,,,,,5873.0,lb,,2453,National Daily Boxed Beef Cutout & Boxed Beef Cuts - Negotiated Sales - PM (PDF) (LM_XB403),2026-09-26T13:48:36+00:00
5131c7158b1e9324,2021-06-21,Beef,"Chuck, chuck tender (116B  1)",Choice Cuts,,,,Choice,,,,,330.0,351.5,,,338.58,$/cwt,3.3858,per lb,National,wholesale,,,,,,76531.0,lb,,2453,National Daily Boxed Beef Cutout & Boxed Beef Cuts - Negotiated Sales - PM (PDF) (LM_XB403),2026-09-26T13:48:36+00:00
3074dc6d0288d4c0,2021-06-21,Beef,"Chuck, chuck tender (116B  1)",Select Cuts,,,,Select,,,,,325.0,342.0,,,331.51,$/cwt,3.3151,per lb,National,wholesale,,,,,,19147.0,lb,,2453,National Daily Boxed Beef Cutout & Boxed Beef Cuts - Negotiated Sales - PM (PDF) (LM_XB403),2026-09-26T13:48:36+00:00
ae67c6964e57895b,2021-06-21,Beef,"Chuck, clod tender (114F  5)",Choice Cuts,,,,Choice,,,,,751.5,803.45,,,777.32,$/cwt,7.7732,per lb,National,wholesale,,,,,,9684.0,lb,,2453,National Daily Boxed Beef Cutout & Boxed Beef Cuts - Negotiated Sales - PM (PDF) (LM_XB403),2026-09-26T13:48:36+00:00
9f78b4747db270d6,2021-06-21,Beef,"Chuck, clod, arm roast (114E  3)",Choice Cuts,,,,Choice,,,,,416.33,431.83,,,417.47,$/cwt,4.1747,per lb,National,wholesale,,,,,,18897.0,lb,,2453,National Daily Boxed Beef Cutout & Boxed Beef Cuts - Negotiated Sales - PM (PDF) (LM_XB403),2026-09-26T13:48:36+00:00
3613c0c7ae33d5b9,2021-06-21,Beef,"Chuck, clod, top blade (114D  3)",Choice Cuts,,,,Choice,,,,,589.0,625.0,,,600.57,$/cwt,6.0057,per lb,National,wholesale,,,,,,2203.0,lb,,2453,National Daily Boxed Beef Cutout & Boxed Beef Cuts - Negotiated Sales - PM (PDF) (LM_XB403),2026-09-26T13:48:36+00:00
b3f1c6a8432d4714,2021-06-21,Beef,"Chuck, flap (116G  4)",Choice Cuts,,,,Choice,,,,,764.85,825.0,,,792.86,$/cwt,7.9286,per lb,National,wholesale,,,,,,6762.0,lb,,2453,National Daily Boxed Beef Cutout & Boxed Beef Cuts - Negotiated Sales - PM (PDF) (LM_XB403),2026-09-26T13:48:36+00:00
0006ddf1449d7247,2021-06-21,Beef,"Chuck, flap (116G  4)",Select Cuts,,,,Select,,,,,635.0,735.0,,,665.31,$/cwt,6.6531,per lb,National,wholesale,,,,,,15426.0,lb,,2453,National Daily Boxed Beef Cutout & Boxed Beef Cuts - Negotiated Sales - PM (PDF) (LM_XB403),2026-09-26T13:48:36+00:00
ac113e66108e7e72,2021-06-21,Beef,"Chuck, roll, lxl, neck/off (116A  3)",Choice Cuts,,,,Choice,,,,,351.0,379.5,,,364.71,$/cwt,3.6471,per lb,National,wholesale,,,,,,49633.0,lb,,2453,National Daily Boxed Beef Cutout & Boxed Beef Cuts - Negotiated Sales - PM (PDF) (LM_XB403),2026-09-26T13:48:36+00:00
c547883e27d73011,2021-06-21,Beef,"Chuck, roll, lxl, neck/off (116A  3)",Select Cuts,,,,Select,,,,,327.76,366.0,,,339.15,$/cwt,3.3915,per lb,National,wholesale,,,,,,31681.0,lb,,2453,National Daily Boxed Beef Cutout & Boxed Beef Cuts - Negotiated Sales - PM (PDF) (LM_XB403),2026-09-26T13:48:36+00:00
b22fea056fb95f96,2021-06-21,Beef,"Chuck, roll, retail ready (916A  3)",Choice Cuts,,,,Choice,,,,,410.0,451.08,,,423.58,$/cwt,4.2358,per lb,National,wholesale,,,,,,23688.0,lb,,2453,National Daily Boxed Beef Cutout & Boxed Beef Cuts - Negotiated Sales - PM (PDF) (LM_XB403),2026-09-26T13:48:36+00:00
13b79243dd131e49,2021-06-21,Beef,"Chuck, short rib (130  4)",Choice Cuts,,,,Choice,,,,,481.69,545.0,,,513.7,$/cwt,5.137,per lb,National,wholesale,,,,,,32874.0,lb,,2453,National Daily Boxed Beef Cutout & Boxed Beef Cuts - Negotiated Sales - PM (PDF) (LM_XB403),2026-09-26T13:48:36+00:00
b52a336b37cd1895,2021-06-21,Beef,"Chuck, shoulder clod, trmd (114A  3)",Choice Cuts,,,,Choice,,,,,281.58,330.0,,,301.61,$/cwt,3.0161,per lb,National,wholesale,,,,,,238933.0,lb,,2453,National Daily Boxed Beef Cutout & Boxed Beef Cuts - Negotiated Sales - PM (PDF) (LM_XB403),2026-09-26T13:48:36+00:00
063f04d2a7bf455f,2021-06-21,Beef,Cutout 600-900 lb,,,,,Choice,,,,,,,,,321.2,$/cwt,3.212,per lb,National,wholesale,,,,,,,,,2453,National Daily Boxed Beef Cutout & Boxed Beef Cuts - Negotiated Sales - PM (PDF) (LM_XB403),2026-09-26T13:48:36+00:00
683eb249ef40825b,2021-06-21,Beef,Cutout 600-900 lb,,,,,Select,,,,,,,,,281.46,$/cwt,2.8146,per lb,National,wholesale,,,,,,,,,2453,National Daily Boxed Beef Cutout & Boxed Beef Cuts - Negotiated Sales - PM (PDF) (LM_XB403),2026-09-26T13:48:36+00:00
388ea6fcc5459d55,2021-06-21,Beef,"Flank, flank steak (193  4)",Choice Cuts,,,,Choice,,,,,785.0,837.5,,,801.15,$/cwt,8.0115,per lb,National,wholesale,,,,,,13644.0,lb,,2453,National Daily Boxed Beef Cutout & Boxed Beef Cuts - Negotiated Sales - PM (PDF) (LM_XB403),2026-09-26T13:48:36+00:00
ee24ffe98f706f62,2021-06-21,Beef,Ground Beef 73%,Ground Beef,,,,,,,,,226.5,260.0,,,239.78,$/cwt,2.3978,per lb,National,wholesale,,,,,,71903.0,lb,,2453,National Daily Boxed Beef Cutout & Boxed Beef Cuts - Negotiated Sales - PM (PDF) (LM_XB403),2026-09-26T13:48:36+00:00
f0955f0e7c2380f5,2021-06-21,Beef,Ground Beef 81%,Ground Beef,,,,,,,,,300.0,331.0,,,314.17,$/cwt,3.1417,per lb,National,wholesale,,,,,,26669.0,lb,,2453,National Daily Boxed Beef Cutout & Boxed Beef Cuts - Negotiated Sales - PM (PDF) (LM_XB403),2026-09-26T13:48:36+00:00
4fd70df57e985fdd,2021-06-21,Beef,Ground Beef 85%,Ground Beef,,,,,,,,,319.0,337.76,,,330.1,$/cwt,3.301,per lb,National,wholesale,,,,,,6115.0,lb,,2453,National Daily Boxed Beef Cutout & Boxed Beef Cuts - Negotiated Sales - PM (PDF) (LM_XB403),2026-09-26T13:48:36+00:00
738be781002c1e04,2021-06-21,Beef,Ground Beef Chuck,Ground Beef,,,,,,,,,301.76,349.0,,,324.0,$/cwt,3.24,per lb,National,wholesale,,,,,,259743.0,lb,,2453,National Daily Boxed Beef Cutout & Boxed Beef Cuts - Negotiated Sales - PM (PDF) (LM_XB403),2026-09-26T13:48:36+00:00
70aacc2d0a56269a,2021-06-21,Beef,"Loin, ball-tip, bnls, heavy (185B  1)",Choice Cuts,,,,Choice,,,,,301.0,342.5,,,318.74,$/cwt,3.1874,per lb,National,wholesale,,,,,,50711.0,lb,,2453,National Daily Boxed Beef Cutout & Boxed Beef Cuts - Negotiated Sales - PM (PDF) (LM_XB403),2026-09-26T13:48:36+00:00
6dc67f9bf96082f8,2021-06-21,Beef,"Loin, ball-tip, bnls, heavy (185B  1)",Select Cuts,,,,Select,,,,,301.0,400.0,,,339.83,$/cwt,3.3983,per lb,National,wholesale,,,,,,9348.0,lb,,2453,National Daily Boxed Beef Cutout & Boxed Beef Cuts - Negotiated Sales - PM (PDF) (LM_XB403),2026-09-26T13:48:36+00:00
69be5a8247f67788,2021-06-21,Beef,"Loin, bottom sirloin, flap (185A  4)",Choice Cuts,,,,Choice,,,,,674.41,795.27,,,701.91,$/cwt,7.0191,per lb,National,wholesale,,,,,,92962.0,lb,,2453,National Daily Boxed Beef Cutout & Boxed Beef Cuts - Negotiated Sales - PM (PDF) (LM_XB403),2026-09-26T13:48:36+00:00
f521163fb08ea40a,2021-06-21,Beef,"Loin, bottom sirloin, flap (185A  4)",Select Cuts,,,,Select,,,,,711.0,730.25,,,720.41,$/cwt,7.2041,per lb,National,wholesale,,,,,,55510.0,lb,,2453,National Daily Boxed Beef Cutout & Boxed Beef Cuts - Negotiated Sales - PM (PDF) (LM_XB403),2026-09-26T13:48:36+00:00
d2322991bf8730e3,2021-06-21,Beef,"Loin, butt tender, trimmed (191A  4)",Choice Cuts,,,,Choice,,,,,1690.0,1705.0,,,1697.14,$/cwt,16.9714,per lb,National,wholesale,,,,,,1368.0,lb,,2453,National Daily Boxed Beef Cutout & Boxed Beef Cuts - Negotiated Sales - PM (PDF) (LM_XB403),2026-09-26T13:48:36+00:00
00a22dfee9e62476,2021-06-21,Beef,"Loin, butt tender, trimmed (191A  4)",Select Cuts,,,,Select,,,,,1500.0,1600.0,,,1524.85,$/cwt,15.2485,per lb,National,wholesale,,,,,,3133.0,lb,,2453,National Daily Boxed Beef Cutout & Boxed Beef Cuts - Negotiated Sales - PM (PDF) (LM_XB403),2026-09-26T13:48:36+00:00
04bbf6226e79affa,2021-06-21,Beef,"Loin, short loin, 0x1 (174  3)",Choice Cuts,,,,Choice,,,,,835.0,996.0,,,859.97,$/cwt,8.5997,per lb,National,wholesale,,,,,,61361.0,lb,,2453,National Daily Boxed Beef Cutout & Boxed Beef Cuts - Negotiated Sales - PM (PDF) (LM_XB403),2026-09-26T13:48:36+00:00
26af81c3dcfeb41b,2021-06-21,Beef,"Loin, short loin, 0x1 (174  3)",Select Cuts,,,,Select,,,,,625.0,726.0,,,671.52,$/cwt,6.7152,per lb,National,wholesale,,,,,,3659.0,lb,,2453,National Daily Boxed Beef Cutout & Boxed Beef Cuts - Negotiated Sales - PM (PDF) (LM_XB403),2026-09-26T13:48:36+00:00
2f86410f3fbecf57,2021-06-21,Beef,"Loin, sirloin, tri-tip (185C  1)",Choice Cuts,,,,Choice,,,,,552.0,574.0,,,556.06,$/cwt,5.5606,per lb,National,wholesale,,,,,,3275.0,lb,,2453,National Daily Boxed Beef Cutout & Boxed Beef Cuts - Negotiated Sales - PM (PDF) (LM_XB403),2026-09-26T13:48:36+00:00
91474a627bb64290,2021-06-21,Beef,"Loin, sirloin, tri-tip (185C  1)",Select Cuts,,,,Select,,,,,325.0,409.0,,,352.14,$/cwt,3.5214,per lb,National,wholesale,,,,,,46818.0,lb,,2453,National Daily Boxed Beef Cutout & Boxed Beef Cuts - Negotiated Sales - PM (PDF) (LM_XB403),2026-09-26T13:48:36+00:00
5ae1c210b2d8276e,2021-06-21,Beef,"Loin, strip loin, 1x1 (175  3)",Select Cuts,,,,Select,,,,,498.0,572.5,,,500.28,$/cwt,5.0028,per lb,National,wholesale,,,,,,13107.0,lb,,2453,National Daily Boxed Beef Cutout & Boxed Beef Cuts - Negotiated Sales - PM (PDF) (LM_XB403),2026-09-26T13:48:36+00:00
60cdda0479d1b9ed,2021-06-21,Beef,"Loin, strip, bnls, 0x1 (180  3)",Choice Cuts,,,,Choice,,,,,890.0,991.0,,,931.92,$/cwt,9.3192,per lb,National,wholesale,,,,,,142304.0,lb,,2453,National Daily Boxed Beef Cutout & Boxed Beef Cuts - Negotiated Sales - PM (PDF) (LM_XB403),2026-09-26T13:48:36+00:00
cf411806b6cacca7,2021-06-21,Beef,"Loin, strip, bnls, 0x1 (180  3)",Select Cuts,,,,Select,,,,,641.0,651.0,,,649.63,$/cwt,6.4963,per lb,National,wholesale,,,,,,2540.0,lb,,2453,National Daily Boxed Beef Cutout & Boxed Beef Cuts - Negotiated Sales - PM (PDF) (LM_XB403),2026-09-26T13:48:36+00:00
2a18b976dd6caca5,2021-06-21,Beef,"Loin, tndrloin, trmd, heavy (189A  4)",Choice Cuts,,,,Choice,,,,,1785.3,1906.25,,,1828.43,$/cwt,18.2843,per lb,National,wholesale,,,,,,41858.0,lb,,2453,National Daily Boxed Beef Cutout & Boxed Beef Cuts - Negotiated Sales - PM (PDF) (LM_XB403),2026-09-26T13:48:36+00:00
d89d843232559200,2021-06-21,Beef,"Loin, tndrloin, trmd, heavy (189A  4)",Select Cuts,,,,Select,,,,,1685.0,1800.0,,,1707.46,$/cwt,17.0746,per lb,National,wholesale,,,,,,4464.0,lb,,2453,National Daily Boxed Beef Cutout & Boxed Beef Cuts - Negotiated Sales - PM (PDF) (LM_XB403),2026-09-26T13:48:36+00:00
65c52e64e88a098e,2021-06-21,Beef,"Loin, top butt, CC (184B  3)",Choice Cuts,,,,Choice,,,,,680.25,825.82,,,692.06,$/cwt,6.9206,per lb,National,wholesale,,,,,,11550.0,lb,,2453,National Daily Boxed Beef Cutout & Boxed Beef Cuts - Negotiated Sales - PM (PDF) (LM_XB403),2026-09-26T13:48:36+00:00
11923cadfebf644e,2021-06-21,Beef,"Loin, top butt, bnls, heavy (184  1)",Select Cuts,,,,Select,,,,,332.68,405.0,,,371.22,$/cwt,3.7122,per lb,National,wholesale,,,,,,17324.0,lb,,2453,National Daily Boxed Beef Cutout & Boxed Beef Cuts - Negotiated Sales - PM (PDF) (LM_XB403),2026-09-26T13:48:36+00:00
62b7c03d91262e6d,2021-06-21,Beef,"Loin, top butt, boneless (184  3)",Choice Cuts,,,,Choice,,,,,462.0,533.0,,,474.42,$/cwt,4.7442,per lb,National,wholesale,,,,,,115379.0,lb,,2453,National Daily Boxed Beef Cutout & Boxed Beef Cuts - Negotiated Sales - PM (PDF) (LM_XB403),2026-09-26T13:48:36+00:00
3688523a4d704c9a,2021-06-21,Beef,"Loin, top butt, boneless (184  3)",Select Cuts,,,,Select,,,,,364.0,425.0,,,388.82,$/cwt,3.8882,per lb,National,wholesale,,,,,,26165.0,lb,,2453,National Daily Boxed Beef Cutout & Boxed Beef Cuts - Negotiated Sales - PM (PDF) (LM_XB403),2026-09-26T13:48:36+00:00
ccac097c6994fa7e,2021-06-21,Beef,"Rib, ribeye, bnls, heavy (112A  3)",Choice Cuts,,,,Choice,,,,,1150.5,1300.0,,,1209.46,$/cwt,12.0946,per lb,National,wholesale,,,,,,23797.0,lb,,2453,National Daily Boxed Beef Cutout & Boxed Beef Cuts - Negotiated Sales - PM (PDF) (LM_XB403),2026-09-26T13:48:36+00:00
d5cf0e69958bf03e,2021-06-21,Beef,"Rib, ribeye, bnls, heavy (112A  3)",Select Cuts,,,,Select,,,,,730.0,800.0,,,764.67,$/cwt,7.6467,per lb,National,wholesale,,,,,,9908.0,lb,,2453,National Daily Boxed Beef Cutout & Boxed Beef Cuts - Negotiated Sales - PM (PDF) (LM_XB403),2026-09-26T13:48:36+00:00
b298b37d47141995,2021-06-21,Beef,"Rib, ribeye, bnls, light (112A  3)",Choice Cuts,,,,Choice,,,,,1126.28,1264.0,,,1147.57,$/cwt,11.4757,per lb,National,wholesale,,,,,,74569.0,lb,,2453,National Daily Boxed Beef Cutout & Boxed Beef Cuts - Negotiated Sales - PM (PDF) (LM_XB403),2026-09-26T13:48:36+00:00
a115803a5705c7f8,2021-06-21,Beef,"Rib, ribeye, bnls, light (112A  3)",Select Cuts,,,,Select,,,,,649.23,715.0,,,654.94,$/cwt,6.5494,per lb,National,wholesale,,,,,,176620.0,lb,,2453,National Daily Boxed Beef Cutout & Boxed Beef Cuts - Negotiated Sales - PM (PDF) (LM_XB403),2026-09-26T13:48:36+00:00
6685a4a6d948249a,2021-06-21,Beef,"Rib, ribeye, lip-on, bn-in (109E  1)",Choice Cuts,,,,Choice,,,,,1005.0,1070.0,,,1020.91,$/cwt,10.2091,per lb,National,wholesale,,,,,,17406.0,lb,,2453,National Daily Boxed Beef Cutout & Boxed Beef Cuts - Negotiated Sales - PM (PDF) (LM_XB403),2026-09-26T13:48:36+00:00
09ce673488e106e1,2021-06-21,Beef,"Rib, ribeye, lip-on, bn-in (109E  1)",Select Cuts,,,,Select,,,,,600.0,700.0,,,612.51,$/cwt,6.1251,per lb,National,wholesale,,,,,,9932.0,lb,,2453,National Daily Boxed Beef Cutout & Boxed Beef Cuts - Negotiated Sales - PM (PDF) (LM_XB403),2026-09-26T13:48:36+00:00
ddc7c2e255780151,2021-06-21,Beef,"Round, bone-in (160  1)",Select Cuts,,,,Select,,,,,280.9,320.0,,,305.86,$/cwt,3.0586,per lb,National,wholesale,,,,,,6937.0,lb,,2453,National Daily Boxed Beef Cutout & Boxed Beef Cuts - Negotiated Sales - PM (PDF) (LM_XB403),2026-09-26T13:48:36+00:00
b99647b58a5b3f5f,2021-06-21,Beef,"Round, boneless (161  1)",Select Cuts,,,,Select,,,,,323.75,332.25,,,325.68,$/cwt,3.2568,per lb,National,wholesale,,,,,,6710.0,lb,,2453,National Daily Boxed Beef Cutout & Boxed Beef Cuts - Negotiated Sales - PM (PDF) (LM_XB403),2026-09-26T13:48:36+00:00
95bb25d5892641ab,2021-06-21,Beef,"Round, bottom gooseneck (170  1)",Choice Cuts,,,,Choice,,,,,301.0,336.0,,,311.74,$/cwt,3.1174,per lb,National,wholesale,,,,,,4038.0,lb,,2453,National Daily Boxed Beef Cutout & Boxed Beef Cuts - Negotiated Sales - PM (PDF) (LM_XB403),2026-09-26T13:48:36+00:00
42f84f6574de50e5,2021-06-21,Beef,"Round, eye of round (171C  3)",Choice Cuts,,,,Choice,,,,,320.0,367.26,,,333.59,$/cwt,3.3359,per lb,National,wholesale,,,,,,66625.0,lb,,2453,National Daily Boxed Beef Cutout & Boxed Beef Cuts - Negotiated Sales - PM (PDF) (LM_XB403),2026-09-26T13:48:36+00:00
38048112abe30a25,2021-06-21,Beef,"Round, eye of round (171C  3)",Select Cuts,,,,Select,,,,,320.0,346.0,,,325.59,$/cwt,3.2559,per lb,National,wholesale,,,,,,9651.0,lb,,2453,National Daily Boxed Beef Cutout & Boxed Beef Cuts - Negotiated Sales - PM (PDF) (LM_XB403),2026-09-26T13:48:36+00:00
dfd1e576bd806fe1,2021-06-21,Beef,"Round, knuckle, peeled (167A  4)",Choice Cuts,,,,Choice,,,,,385.0,411.5,,,394.25,$/cwt,3.9425,per lb,National,wholesale,,,,,,44356.0,lb,,2453,National Daily Boxed Beef Cutout & Boxed Beef Cuts - Negotiated Sales - PM (PDF) (LM_XB403),2026-09-26T13:48:36+00:00
cba1419585e31dbf,2021-06-21,Beef,"Round, knuckle, peeled (167A  4)",Select Cuts,,,,Select,,,,,390.0,403.75,,,397.26,$/cwt,3.9726,per lb,National,wholesale,,,,,,8580.0,lb,,2453,National Daily Boxed Beef Cutout & Boxed Beef Cuts - Negotiated Sales - PM (PDF) (LM_XB403),2026-09-26T13:48:36+00:00
226b5539df992b28,2021-06-21,Beef,"Round, outside round (171B  3)",Choice Cuts,,,,Choice,,,,,307.0,337.19,,,318.81,$/cwt,3.1881,per lb,National,wholesale,,,,,,153632.0,lb,,2453,National Daily Boxed Beef Cutout & Boxed Beef Cuts - Negotiated Sales - PM (PDF) (LM_XB403),2026-09-26T13:48:36+00:00
c87e7f3c7e12dda1,2021-06-21,Beef,"Round, outside round (171B  3)",Select Cuts,,,,Select,,,,,310.0,325.0,,,316.24,$/cwt,3.1624,per lb,National,wholesale,,,,,,20588.0,lb,,2453,National Daily Boxed Beef Cutout & Boxed Beef Cuts - Negotiated Sales - PM (PDF) (LM_XB403),2026-09-26T13:48:36+00:00
38608ef25b1d3958,2021-06-21,Beef,"Round, top inside round (168  1)",Choice Cuts,,,,Choice,,,,,314.83,360.0,,,318.41,$/cwt,3.1841,per lb,National,wholesale,,,,,,201831.0,lb,,2453,National Daily Boxed Beef Cutout & Boxed Beef Cuts - Negotiated Sales - PM (PDF) (LM_XB403),2026-09-26T13:48:36+00:00
7e19a1548d34496f,2021-06-21,Beef,"Round, top inside round (168  3)",Choice Cuts,,,,Choice,,,,,320.5,362.25,,,328.88,$/cwt,3.2888,per lb,National,wholesale,,,,,,133367.0,lb,,2453,National Daily Boxed Beef Cutout & Boxed Beef Cuts - Negotiated Sales - PM (PDF) (LM_XB403),2026-09-26T13:48:36+00:00
590c700cd9a2d1f3,2021-06-21,Beef,"Round, top inside round (168  3)",Select Cuts,,,,Select,,,,,330.0,350.0,,,332.79,$/cwt,3.3279,per lb,National,wholesale,,,,,,14743.0,lb,,2453,National Daily Boxed Beef Cutout & Boxed Beef Cuts - Negotiated Sales - PM (PDF) (LM_XB403),2026-09-26T13:48:36+00:00
e15381a4e8a0bbd1,2021-06-21,Beef,"Round, top inside, cap off (169A  5)",Choice Cuts,,,,Choice,,,,,445.5,525.0,,,474.58,$/cwt,4.7458,per lb,National,wholesale,,,,,,26996.0,lb,,2453,National Daily Boxed Beef Cutout & Boxed Beef Cuts - Negotiated Sales - PM (PDF) (LM_XB403),2026-09-26T13:48:36+00:00
5c41e301e85db472,2021-06-21,Beef,"Round, top inside, denuded (169  5)",Choice Cuts,,,,Choice,,,,,380.5,404.0,,,387.6,$/cwt,3.876,per lb,National,wholesale,,,,,,26338.0,lb,,2453,National Daily Boxed Beef Cutout & Boxed Beef Cuts - Negotiated Sales - PM (PDF) (LM_XB403),2026-09-26T13:48:36+00:00
870cd2d9589eac03,2021-06-21,Beef,"Short Plate, short rib (123A  3)",Choice Cuts,,,,Choice,,,,,518.0,635.7,,,582.6,$/cwt,5.826,per lb,National,wholesale,,,,,,50931.0,lb,,2453,National Daily Boxed Beef Cutout & Boxed Beef Cuts - Negotiated Sales - PM (PDF) (LM_XB403),2026-09-26T13:48:36+00:00
8f259a9712c42347,2021-06-21,Beef,"Short Plate, short rib (123A  3)",Select Cuts,,,,Select,,,,,560.0,635.25,,,611.82,$/cwt,6.1182,per lb,National,wholesale,,,,,,11092.0,lb,,2453,National Daily Boxed Beef Cutout & Boxed Beef Cuts - Negotiated Sales - PM (PDF) (LM_XB403),2026-09-26T13:48:36+00:00
1933917f4db60347,2021-06-22,Beef,"Brisket, deckle-off, bnls (120  1)",Choice Cuts,,,,Choice,,,,,374.0,431.0,,,395.48,$/cwt,3.9548,per lb,National,wholesale,,,,,,237497.0,lb,,2453,National Daily Boxed Beef Cutout & Boxed Beef Cuts - Negotiated Sales - PM (PDF) (LM_XB403),2026-09-26T13:48:36+00:00
c5c2bf3f8114526f,2021-06-22,Beef,"Brisket, deckle-off, bnls (120  1)",Select Cuts,,,,Select,,,,,373.0,423.21,,,397.71,$/cwt,3.9771,per lb,National,wholesale,,,,,,15034.0,lb,,2453,National Daily Boxed Beef Cutout & Boxed Beef Cuts - Negotiated Sales - PM (PDF) (LM_XB403),2026-09-26T13:48:36+00:00
821fdf3e2067afc5,2021-06-22,Beef,"Chuck, chuck tender (116B  1)",Choice Cuts,,,,Choice,,,,,331.0,364.59,,,346.3,$/cwt,3.463,per lb,National,wholesale,,,,,,24757.0,lb,,2453,National Daily Boxed Beef Cutout & Boxed Beef Cuts - Negotiated Sales - PM (PDF) (LM_XB403),2026-09-26T13:48:36+00:00
9bc31a40eba20b85,2021-06-22,Beef,"Chuck, chuck tender (116B  1)",Select Cuts,,,,Select,,,,,330.0,345.0,,,339.85,$/cwt,3.3985,per lb,National,wholesale,,,,,,18577.0,lb,,2453,National Daily Boxed Beef Cutout & Boxed Beef Cuts - Negotiated Sales - PM (PDF) (LM_XB403),2026-09-26T13:48:36+00:00
1885051a604a3281,2021-06-22,Beef,"Chuck, clod tender (114F  5)",Choice Cuts,,,,Choice,,,,,748.0,789.77,,,768.04,$/cwt,7.6804,per lb,National,wholesale,,,,,,6529.0,lb,,2453,National Daily Boxed Beef Cutout & Boxed Beef Cuts - Negotiated Sales - PM (PDF) (LM_XB403),2026-09-26T13:48:36+00:00
0852263a1c623521,2021-06-22,Beef,"Chuck, clod, top blade (114D  3)",Choice Cuts,,,,Choice,,,,,590.78,630.83,,,595.47,$/cwt,5.9547,per lb,National,wholesale,,,,,,10371.0,lb,,2453,National Daily Boxed Beef Cutout & Boxed Beef Cuts - Negotiated Sales - PM (PDF) (LM_XB403),2026-09-26T13:48:36+00:00
28f71c0356a28f86,2021-06-22,Beef,"Chuck, flap (116G  4)",Choice Cuts,,,,Choice,,,,,785.29,827.0,,,794.58,$/cwt,7.9458,per lb,National,wholesale,,,,,,5748.0,lb,,2453,National Daily Boxed Beef Cutout & Boxed Beef Cuts - Negotiated Sales - PM (PDF) (LM_XB403),2026-09-26T13:48:36+00:00
bce2e6bd4dffbc4b,2021-06-22,Beef,"Chuck, flap (116G  4)",Select Cuts,,,,Select,,,,,659.42,735.0,,,680.57,$/cwt,6.8057,per lb,National,wholesale,,,,,,13656.0,lb,,2453,National Daily Boxed Beef Cutout & Boxed Beef Cuts - Negotiated Sales - PM (PDF) (LM_XB403),2026-09-26T13:48:36+00:00
5730460df5f3e094,2021-06-22,Beef,"Chuck, roll, lxl, neck/off (116A  3)",Choice Cuts,,,,Choice,,,,,348.04,370.75,,,353.3,$/cwt,3.533,per lb,National,wholesale,,,,,,160897.0,lb,,2453,National Daily Boxed Beef Cutout & Boxed Beef Cuts - Negotiated Sales - PM (PDF) (LM_XB403),2026-09-26T13:48:36+00:00
347ca6b69e840ef8,2021-06-22,Beef,"Chuck, roll, lxl, neck/off (116A  3)",Select Cuts,,,,Select,,,,,329.99,369.0,,,336.68,$/cwt,3.3668,per lb,National,wholesale,,,,,,130794.0,lb,,2453,National Daily Boxed Beef Cutout & Boxed Beef Cuts - Negotiated Sales - PM (PDF) (LM_XB403),2026-09-26T13:48:36+00:00
ab730e0962b9145c,2021-06-22,Beef,"Chuck, semi-bnls, neck/off (113C  1)",Choice Cuts,,,,Choice,,,,,276.0,314.1,,,310.76,$/cwt,3.1076,per lb,National,wholesale,,,,,,49807.0,lb,,2453,National Daily Boxed Beef Cutout & Boxed Beef Cuts - Negotiated Sales - PM (PDF) (LM_XB403),2026-09-26T13:48:36+00:00
a8c2cb0dddab2c84,2021-06-22,Beef,"Chuck, short rib (130  4)",Choice Cuts,,,,Choice,,,,,485.0,541.0,,,504.93,$/cwt,5.0493,per lb,National,wholesale,,,,,,24604.0,lb,,2453,National Daily Boxed Beef Cutout & Boxed Beef Cuts - Negotiated Sales - PM (PDF) (LM_XB403),2026-09-26T13:48:36+00:00
f5340a4270f8c042,2021-06-22,Beef,"Chuck, short rib (130  4)",Select Cuts,,,,Select,,,,,449.0,499.0,,,467.36,$/cwt,4.6736,per lb,National,wholesale,,,,,,2613.0,lb,,2453,National Daily Boxed Beef Cutout & Boxed Beef Cuts - Negotiated Sales - PM (PDF) (LM_XB403),2026-09-26T13:48:36+00:00
e7d989596d197423,2021-06-22,Beef,"Chuck, shoulder clod (114  1)",Choice Cuts,,,,Choice,,,,,298.69,309.97,,,300.61,$/cwt,3.0061,per lb,National,wholesale,,,,,,21495.0,lb,,2453,National Daily Boxed Beef Cutout & Boxed Beef Cuts - Negotiated Sales - PM (PDF) (LM_XB403),2026-09-26T13:48:36+00:00
3ca80dfb33225bcb,2021-06-22,Beef,"Chuck, shoulder clod (114  1)",Select Cuts,,,,Select,,,,,270.0,287.0,,,270.31,$/cwt,2.7031,per lb,National,wholesale,,,,,,81934.0,lb,,2453,National Daily Boxed Beef Cutout & Boxed Beef Cuts - Negotiated Sales - PM (PDF) (LM_XB403),2026-09-26T13:48:36+00:00
ae0c06d52666d400,2021-06-22,Beef,"Chuck, shoulder clod, trmd (114A  3)",Choice Cuts,,,,Choice,,,,,298.0,331.0,,,307.02,$/cwt,3.0702,per lb,National,wholesale,,,,,,83806.0,lb,,2453,National Daily Boxed Beef Cutout & Boxed Beef Cuts - Negotiated Sales - PM (PDF) (LM_XB403),2026-09-26T13:48:36+00:00
527a40083beeb702,2021-06-22,Beef,"Chuck, shoulder clod, trmd (114A  3)",Select Cuts,,,,Select,,,,,290.27,320.0,,,309.91,$/cwt,3.0991,per lb,National,wholesale,,,,,,42934.0,lb,,2453,National Daily Boxed Beef Cutout & Boxed Beef Cuts - Negotiated Sales - PM (PDF) (LM_XB403),2026-09-26T13:48:36+00:00
88c5975e2c2e2613,2021-06-22,Beef,Cutout 600-900 lb,,,,,Select,,,,,,,,,279.75,$/cwt,2.7975,per lb,National,wholesale,,,,,,,,,2453,National Daily Boxed Beef Cutout & Boxed Beef Cuts - Negotiated Sales - PM (PDF) (LM_XB403),2026-09-26T13:48:36+00:00
91b38c32088e1910,2021-06-22,Beef,Cutout 600-900 lb,,,,,Choice,,,,,,,,,315.75,$/cwt,3.1575,per lb,National,wholesale,,,,,,,,,2453,National Daily Boxed Beef Cutout & Boxed Beef Cuts - Negotiated Sales - PM (PDF) (LM_XB403),2026-09-26T13:48:36+00:00
8b5c9d0c70b82f2d,2021-06-22,Beef,"Flank, flank steak (193  4)",Choice Cuts,,,,Choice,,,,,744.0,806.78,,,795.56,$/cwt,7.9556,per lb,National,wholesale,,,,,,17528.0,lb,,2453,National Daily Boxed Beef Cutout & Boxed Beef Cuts - Negotiated Sales - PM (PDF) (LM_XB403),2026-09-26T13:48:36+00:00
0309fc573ab864be,2021-06-22,Beef,"Flank, flank steak (193  4)",Select Cuts,,,,Select,,,,,700.0,767.0,,,741.46,$/cwt,7.4146,per lb,National,wholesale,,,,,,28071.0,lb,,2453,National Daily Boxed Beef Cutout & Boxed Beef Cuts - Negotiated Sales - PM (PDF) (LM_XB403),2026-09-26T13:48:36+00:00
ffd0d55ce250b358,2021-06-22,Beef,Ground Beef 73%,Ground Beef,,,,,,,,,227.39,277.0,,,238.41,$/cwt,2.3841,per lb,National,wholesale,,,,,,78454.0,lb,,2453,National Daily Boxed Beef Cutout & Boxed Beef Cuts - Negotiated Sales - PM (PDF) (LM_XB403),2026-09-26T13:48:36+00:00
45f791bef9f6d708,2021-06-22,Beef,Ground Beef 81%,Ground Beef,,,,,,,,,303.0,337.0,,,325.77,$/cwt,3.2577,per lb,National,wholesale,,,,,,58827.0,lb,,2453,National Daily Boxed Beef Cutout & Boxed Beef Cuts - Negotiated Sales - PM (PDF) (LM_XB403),2026-09-26T13:48:36+00:00
d37523a3b5dc930b,2021-06-22,Beef,Ground Beef 93%,Ground Beef,,,,,,,,,317.5,380.82,,,332.78,$/cwt,3.3278,per lb,National,wholesale,,,,,,9829.0,lb,,2453,National Daily Boxed Beef Cutout & Boxed Beef Cuts - Negotiated Sales - PM (PDF) (LM_XB403),2026-09-26T13:48:36+00:00
bd983222b0160094,2021-06-22,Beef,Ground Beef Chuck,Ground Beef,,,,,,,,,321.87,344.8,,,326.21,$/cwt,3.2621,per lb,National,wholesale,,,,,,29166.0,lb,,2453,National Daily Boxed Beef Cutout & Boxed Beef Cuts - Negotiated Sales - PM (PDF) (LM_XB403),2026-09-26T13:48:36+00:00
7d87d2c1ba32818a,2021-06-22,Beef,Ground Beef Round,Ground Beef,,,,,,,,,348.0,352.3,,,350.97,$/cwt,3.5097,per lb,National,wholesale,,,,,,23194.0,lb,,2453,National Daily Boxed Beef Cutout & Boxed Beef Cuts - Negotiated Sales - PM (PDF) (LM_XB403),2026-09-26T13:48:36+00:00
0708ebeca055e2f9,2021-06-22,Beef,"Loin, ball-tip, bnls, heavy (185B  1)",Choice Cuts,,,,Choice,,,,,320.7,385.0,,,325.45,$/cwt,3.2545,per lb,National,wholesale,,,,,,151731.0,lb,,2453,National Daily Boxed Beef Cutout & Boxed Beef Cuts - Negotiated Sales - PM (PDF) (LM_XB403),2026-09-26T13:48:36+00:00
d3920e666a765590,2021-06-22,Beef,"Loin, ball-tip, bnls, heavy (185B  1)",Select Cuts,,,,Select,,,,,320.7,355.0,,,321.07,$/cwt,3.2107,per lb,National,wholesale,,,,,,67792.0,lb,,2453,National Daily Boxed Beef Cutout & Boxed Beef Cuts - Negotiated Sales - PM (PDF) (LM_XB403),2026-09-26T13:48:36+00:00
0cf56b59d902d1b9,2021-06-22,Beef,"Loin, bottom sirloin, flap (185A  4)",Choice Cuts,,,,Choice,,,,,675.0,870.7,,,718.74,$/cwt,7.1874,per lb,National,wholesale,,,,,,61613.0,lb,,2453,National Daily Boxed Beef Cutout & Boxed Beef Cuts - Negotiated Sales - PM (PDF) (LM_XB403),2026-09-26T13:48:36+00:00
2a97ca0c1b10f7e8,2021-06-22,Beef,"Loin, bottom sirloin, flap (185A  4)",Select Cuts,,,,Select,,,,,768.0,789.77,,,783.49,$/cwt,7.8349,per lb,National,wholesale,,,,,,2915.0,lb,,2453,National Daily Boxed Beef Cutout & Boxed Beef Cuts - Negotiated Sales - PM (PDF) (LM_XB403),2026-09-26T13:48:36+00:00
e227795a5c376cac,2021-06-22,Beef,"Loin, short loin, 0x1 (174  3)",Choice Cuts,,,,Choice,,,,,751.06,986.3,,,797.14,$/cwt,7.9714,per lb,National,wholesale,,,,,,146003.0,lb,,2453,National Daily Boxed Beef Cutout & Boxed Beef Cuts - Negotiated Sales - PM (PDF) (LM_XB403),2026-09-26T13:48:36+00:00
f8301ae95b8ab6d3,2021-06-22,Beef,"Loin, short loin, 0x1 (174  3)",Select Cuts,,,,Select,,,,,586.0,740.0,,,615.17,$/cwt,6.1517,per lb,National,wholesale,,,,,,41586.0,lb,,2453,National Daily Boxed Beef Cutout & Boxed Beef Cuts - Negotiated Sales - PM (PDF) (LM_XB403),2026-09-26T13:48:36+00:00
83c9178c0dbc0e27,2021-06-22,Beef,"Loin, sirloin, tri-tip (185C  1)",Choice Cuts,,,,Choice,,,,,427.0,503.0,,,441.29,$/cwt,4.4129,per lb,National,wholesale,,,,,,32290.0,lb,,2453,National Daily Boxed Beef Cutout & Boxed Beef Cuts - Negotiated Sales - PM (PDF) (LM_XB403),2026-09-26T13:48:36+00:00
6cd7d9e98e54cdeb,2021-06-22,Beef,"Loin, sirloin, tri-tip, pld (185D  4)",Choice Cuts,,,,Choice,,,,,620.0,714.0,,,657.68,$/cwt,6.5768,per lb,National,wholesale,,,,,,6102.0,lb,,2453,National Daily Boxed Beef Cutout & Boxed Beef Cuts - Negotiated Sales - PM (PDF) (LM_XB403),2026-09-26T13:48:36+00:00
39983e3559073bae,2021-06-22,Beef,"Loin, strip loin, 1x1 (175  3)",Select Cuts,,,,Select,,,,,507.0,550.0,,,511.81,$/cwt,5.1181,per lb,National,wholesale,,,,,,6767.0,lb,,2453,National Daily Boxed Beef Cutout & Boxed Beef Cuts - Negotiated Sales - PM (PDF) (LM_XB403),2026-09-26T13:48:36+00:00
2675bc741d008e73,2021-06-22,Beef,"Loin, strip, bnls, 0x1 (180  3)",Choice Cuts,,,,Choice,,,,,879.42,998.0,,,939.25,$/cwt,9.3925,per lb,National,wholesale,,,,,,73831.0,lb,,2453,National Daily Boxed Beef Cutout & Boxed Beef Cuts - Negotiated Sales - PM (PDF) (LM_XB403),2026-09-26T13:48:36+00:00
d2ac99980b07aaeb,2021-06-22,Beef,"Loin, strip, bnls, 0x1 (180  3)",Select Cuts,,,,Select,,,,,615.0,671.87,,,638.67,$/cwt,6.3867,per lb,National,wholesale,,,,,,24274.0,lb,,2453,National Daily Boxed Beef Cutout & Boxed Beef Cuts - Negotiated Sales - PM (PDF) (LM_XB403),2026-09-26T13:48:36+00:00
8f258eb6ae575276,2021-06-22,Beef,"Loin, tndrloin, trmd, heavy (189A  4)",Choice Cuts,,,,Choice,,,,,1784.63,1899.0,,,1824.22,$/cwt,18.2422,per lb,National,wholesale,,,,,,61547.0,lb,,2453,National Daily Boxed Beef Cutout & Boxed Beef Cuts - Negotiated Sales - PM (PDF) (LM_XB403),2026-09-26T13:48:36+00:00
7131e9ad16a77ce0,2021-06-22,Beef,"Loin, tndrloin, trmd, heavy (189A  4)",Select Cuts,,,,Select,,,,,1651.23,1806.5,,,1702.41,$/cwt,17.0241,per lb,National,wholesale,,,,,,16896.0,lb,,2453,National Daily Boxed Beef Cutout & Boxed Beef Cuts - Negotiated Sales - PM (PDF) (LM_XB403),2026-09-26T13:48:36+00:00
0b8a21ae72e6f8c1,2021-06-22,Beef,"Loin, top butt, boneless (184  3)",Choice Cuts,,,,Choice,,,,,448.0,535.75,,,466.66,$/cwt,4.6666,per lb,National,wholesale,,,,,,168854.0,lb,,2453,National Daily Boxed Beef Cutout & Boxed Beef Cuts - Negotiated Sales - PM (PDF) (LM_XB403),2026-09-26T13:48:36+00:00
9d1abfabf87f2400,2021-06-22,Beef,"Loin, top butt, boneless (184  3)",Select Cuts,,,,Select,,,,,351.02,423.0,,,373.25,$/cwt,3.7325,per lb,National,wholesale,,,,,,106994.0,lb,,2453,National Daily Boxed Beef Cutout & Boxed Beef Cuts - Negotiated Sales - PM (PDF) (LM_XB403),2026-09-26T13:48:36+00:00
8228ebffe441b268,2021-06-22,Beef,"Rib, ribeye, bnls, heavy (112A  3)",Choice Cuts,,,,Choice,,,,,1090.27,1311.0,,,1188.31,$/cwt,11.8831,per lb,National,wholesale,,,,,,41897.0,lb,,2453,National Daily Boxed Beef Cutout & Boxed Beef Cuts - Negotiated Sales - PM (PDF) (LM_XB403),2026-09-26T13:48:36+00:00
dc06d8cfc8d3430d,2021-06-22,Beef,"Rib, ribeye, bnls, heavy (112A  3)",Select Cuts,,,,Select,,,,,660.0,818.0,,,724.75,$/cwt,7.2475,per lb,National,wholesale,,,,,,15625.0,lb,,2453,National Daily Boxed Beef Cutout & Boxed Beef Cuts - Negotiated Sales - PM (PDF) (LM_XB403),2026-09-26T13:48:36+00:00
58f4dacec83fa025,2021-06-22,Beef,"Rib, ribeye, bnls, light (112A  3)",Choice Cuts,,,,Choice,,,,,951.06,1315.5,,,1036.27,$/cwt,10.3627,per lb,National,wholesale,,,,,,124164.0,lb,,2453,National Daily Boxed Beef Cutout & Boxed Beef Cuts - Negotiated Sales - PM (PDF) (LM_XB403),2026-09-26T13:48:36+00:00
bfb89f2da392040d,2021-06-22,Beef,"Rib, ribeye, bnls, light (112A  3)",Select Cuts,,,,Select,,,,,625.0,795.83,,,637.09,$/cwt,6.3709,per lb,National,wholesale,,,,,,170662.0,lb,,2453,National Daily Boxed Beef Cutout & Boxed Beef Cuts - Negotiated Sales - PM (PDF) (LM_XB403),2026-09-26T13:48:36+00:00
eacce9e2b742dc03,2021-06-22,Beef,"Rib, ribeye, lip-on, bn-in (109E  1)",Choice Cuts,,,,Choice,,,,,883.04,1100.0,,,939.57,$/cwt,9.3957,per lb,National,wholesale,,,,,,311294.0,lb,,2453,National Daily Boxed Beef Cutout & Boxed Beef Cuts - Negotiated Sales - PM (PDF) (LM_XB403),2026-09-26T13:48:36+00:00
c67c0073c67a510f,2021-06-22,Beef,"Rib, ribeye, lip-on, bn-in (109E  1)",Select Cuts,,,,Select,,,,,526.0,650.93,,,529.54,$/cwt,5.2954,per lb,National,wholesale,,,,,,153529.0,lb,,2453,National Daily Boxed Beef Cutout & Boxed Beef Cuts - Negotiated Sales - PM (PDF) (LM_XB403),2026-09-26T13:48:36+00:00
553645a5c1d47da4,2021-06-22,Beef,"Round, eye of round (171C  3)",Choice Cuts,,,,Choice,,,,,320.41,378.11,,,337.26,$/cwt,3.3726,per lb,National,wholesale,,,,,,24001.0,lb,,2453,National Daily Boxed Beef Cutout & Boxed Beef Cuts - Negotiated Sales - PM (PDF) (LM_XB403),2026-09-26T13:48:36+00:00
dc416b6866a9dbc9,2021-06-22,Beef,"Round, eye of round (171C  3)",Select Cuts,,,,Select,,,,,326.0,340.0,,,330.87,$/cwt,3.3087,per lb,National,wholesale,,,,,,16664.0,lb,,2453,National Daily Boxed Beef Cutout & Boxed Beef Cuts - Negotiated Sales - PM (PDF) (LM_XB403),2026-09-26T13:48:36+00:00
486ba56609e5eabd,2021-06-22,Beef,"Round, knuckle, peeled (167A  4)",Choice Cuts,,,,Choice,,,,,380.0,411.3,,,392.84,$/cwt,3.9284,per lb,National,wholesale,,,,,,42856.0,lb,,2453,National Daily Boxed Beef Cutout & Boxed Beef Cuts - Negotiated Sales - PM (PDF) (LM_XB403),2026-09-26T13:48:36+00:00
93a2d8c17a8bfe04,2021-06-22,Beef,"Round, knuckle, peeled (167A  4)",Select Cuts,,,,Select,,,,,380.0,399.77,,,387.43,$/cwt,3.8743,per lb,National,wholesale,,,,,,10183.0,lb,,2453,National Daily Boxed Beef Cutout & Boxed Beef Cuts - Negotiated Sales - PM (PDF) (LM_XB403),2026-09-26T13:48:36+00:00
6758fe844033a06e,2021-06-22,Beef,"Round, outside round (171B  3)",Choice Cuts,,,,Choice,,,,,306.0,340.0,,,317.96,$/cwt,3.1796,per lb,National,wholesale,,,,,,88563.0,lb,,2453,National Daily Boxed Beef Cutout & Boxed Beef Cuts - Negotiated Sales - PM (PDF) (LM_XB403),2026-09-26T13:48:36+00:00
ac1b934c8621f100,2021-06-22,Beef,"Round, outside round (171B  3)",Select Cuts,,,,Select,,,,,300.0,330.0,,,306.64,$/cwt,3.0664,per lb,National,wholesale,,,,,,71192.0,lb,,2453,National Daily Boxed Beef Cutout & Boxed Beef Cuts - Negotiated Sales - PM (PDF) (LM_XB403),2026-09-26T13:48:36+00:00
589f04b57fa6eade,2021-06-22,Beef,"Round, top inside round (168  3)",Choice Cuts,,,,Choice,,,,,320.0,355.0,,,324.6,$/cwt,3.246,per lb,National,wholesale,,,,,,99335.0,lb,,2453,National Daily Boxed Beef Cutout & Boxed Beef Cuts - Negotiated Sales - PM (PDF) (LM_XB403),2026-09-26T13:48:36+00:00
d0ca38986308be94,2021-06-22,Beef,"Round, top inside round (168  3)",Select Cuts,,,,Select,,,,,281.0,337.37,,,303.96,$/cwt,3.0396,per lb,National,wholesale,,,,,,177556.0,lb,,2453,National Daily Boxed Beef Cutout & Boxed Beef Cuts - Negotiated Sales - PM (PDF) (LM_XB403),2026-09-26T13:48:36+00:00
8615fef86aa9ddec,2021-06-22,Beef,"Round, top inside, cap off (169A  5)",Choice Cuts,,,,Choice,,,,,476.0,490.5,,,486.1,$/cwt,4.861,per lb,National,wholesale,,,,,,9534.0,lb,,2453,National Daily Boxed Beef Cutout & Boxed Beef Cuts - Negotiated Sales - PM (PDF) (LM_XB403),2026-09-26T13:48:36+00:00
f8a684125afd244c,2021-06-22,Beef,"Round, top inside, denuded (169  5)",Choice Cuts,,,,Choice,,,,,369.94,428.0,,,380.89,$/cwt,3.8089,per lb,National,wholesale,,,,,,31536.0,lb,,2453,National Daily Boxed Beef Cutout & Boxed Beef Cuts - Negotiated Sales - PM (PDF) (LM_XB403),2026-09-26T13:48:36+00:00
7c60616caa02f8f3,2021-06-22,Beef,"Short Plate, short rib (123A  3)",Choice Cuts,,,,Choice,,,,,539.0,628.0,,,563.46,$/cwt,5.6346,per lb,National,wholesale,,,,,,55707.0,lb,,2453,National Daily Boxed Beef Cutout & Boxed Beef Cuts - Negotiated Sales - PM (PDF) (LM_XB403),2026-09-26T13:48:36+00:00
8cdf016bd37fd97a,2021-06-22,Beef,"Short Plate, short rib (123A  3)",Select Cuts,,,,Select,,,,,549.28,560.0,,,551.27,$/cwt,5.5127,per lb,National,wholesale,,,,,,10926.0,lb,,2453,National Daily Boxed Beef Cutout & Boxed Beef Cuts - Negotiated Sales - PM (PDF) (LM_XB403),2026-09-26T13:48:36+00:00
a83056ddc53e8a8b,2021-06-23,Beef,"Brisket, deckle-off, bnls (120  1)",Choice Cuts,,,,Choice,,,,,370.0,434.55,,,386.67,$/cwt,3.8667,per lb,National,wholesale,,,,,,229866.0,lb,,2453,National Daily Boxed Beef Cutout & Boxed Beef Cuts - Negotiated Sales - PM (PDF) (LM_XB403),2026-09-26T13:48:36+00:00
50f5e8ecd8701e4f,2021-06-23,Beef,"Brisket, deckle-off, bnls (120  1)",Select Cuts,,,,Select,,,,,336.0,410.88,,,348.72,$/cwt,3.4872,per lb,National,wholesale,,,,,,248909.0,lb,,2453,National Daily Boxed Beef Cutout & Boxed Beef Cuts - Negotiated Sales - PM (PDF) (LM_XB403),2026-09-26T13:48:36+00:00
c23da7cb35650d9f,2021-06-23,Beef,"Brisket, point/off, bnls (120A  3)",Choice Cuts,,,,Choice,,,,,675.0,735.0,,,707.92,$/cwt,7.0792,per lb,National,wholesale,,,,,,9057.0,lb,,2453,National Daily Boxed Beef Cutout & Boxed Beef Cuts - Negotiated Sales - PM (PDF) (LM_XB403),2026-09-26T13:48:36+00:00
3d5eac8f2e7d301c,2021-06-23,Beef,"Chuck, chuck tender (116B  1)",Choice Cuts,,,,Choice,,,,,329.0,350.25,,,344.57,$/cwt,3.4457,per lb,National,wholesale,,,,,,43043.0,lb,,2453,National Daily Boxed Beef Cutout & Boxed Beef Cuts - Negotiated Sales - PM (PDF) (LM_XB403),2026-09-26T13:48:36+00:00
7f23413f98d3d035,2021-06-23,Beef,"Chuck, chuck tender (116B  1)",Select Cuts,,,,Select,,,,,317.0,359.68,,,330.4,$/cwt,3.304,per lb,National,wholesale,,,,,,22896.0,lb,,2453,National Daily Boxed Beef Cutout & Boxed Beef Cuts - Negotiated Sales - PM (PDF) (LM_XB403),2026-09-26T13:48:36+00:00
9edbbd04e837c44a,2021-06-23,Beef,"Chuck, clod tender (114F  5)",Choice Cuts,,,,Choice,,,,,748.0,800.0,,,780.32,$/cwt,7.8032,per lb,National,wholesale,,,,,,12919.0,lb,,2453,National Daily Boxed Beef Cutout & Boxed Beef Cuts - Negotiated Sales - PM (PDF) (LM_XB403),2026-09-26T13:48:36+00:00
3d587b007fd5fc10,2021-06-23,Beef,"Chuck, clod tender (114F  5)",Select Cuts,,,,Select,,,,,759.7,800.0,,,787.45,$/cwt,7.8745,per lb,National,wholesale,,,,,,1098.0,lb,,2453,National Daily Boxed Beef Cutout & Boxed Beef Cuts - Negotiated Sales - PM (PDF) (LM_XB403),2026-09-26T13:48:36+00:00
6c357feb14b933f1,2021-06-23,Beef,"Chuck, clod, arm roast (114E  3)",Choice Cuts,,,,Choice,,,,,410.0,450.0,,,414.52,$/cwt,4.1452,per lb,National,wholesale,,,,,,7242.0,lb,,2453,National Daily Boxed Beef Cutout & Boxed Beef Cuts - Negotiated Sales - PM (PDF) (LM_XB403),2026-09-26T13:48:36+00:00
24d6eff07ea5a975,2021-06-23,Beef,"Chuck, clod, top blade (114D  3)",Choice Cuts,,,,Choice,,,,,590.0,601.0,,,596.18,$/cwt,5.9618,per lb,National,wholesale,,,,,,10530.0,lb,,2453,National Daily Boxed Beef Cutout & Boxed Beef Cuts - Negotiated Sales - PM (PDF) (LM_XB403),2026-09-26T13:48:36+00:00
f99afb2714c1bc86,2021-06-23,Beef,"Chuck, flap (116G  4)",Choice Cuts,,,,Choice,,,,,785.0,847.63,,,817.87,$/cwt,8.1787,per lb,National,wholesale,,,,,,8814.0,lb,,2453,National Daily Boxed Beef Cutout & Boxed Beef Cuts - Negotiated Sales - PM (PDF) (LM_XB403),2026-09-26T13:48:36+00:00
508097747eff111a,2021-06-23,Beef,"Chuck, flap (116G  4)",Select Cuts,,,,Select,,,,,676.19,733.0,,,726.3,$/cwt,7.263,per lb,National,wholesale,,,,,,3716.0,lb,,2453,National Daily Boxed Beef Cutout & Boxed Beef Cuts - Negotiated Sales - PM (PDF) (LM_XB403),2026-09-26T13:48:36+00:00
3b2ad29639788843,2021-06-23,Beef,"Chuck, roll, lxl, neck/off (116A  3)",Choice Cuts,,,,Choice,,,,,350.0,381.25,,,362.14,$/cwt,3.6214,per lb,National,wholesale,,,,,,94678.0,lb,,2453,National Daily Boxed Beef Cutout & Boxed Beef Cuts - Negotiated Sales - PM (PDF) (LM_XB403),2026-09-26T13:48:36+00:00
e6491e8a5b3eeebf,2021-06-23,Beef,"Chuck, roll, lxl, neck/off (116A  3)",Select Cuts,,,,Select,,,,,330.0,365.0,,,342.83,$/cwt,3.4283,per lb,National,wholesale,,,,,,89578.0,lb,,2453,National Daily Boxed Beef Cutout & Boxed Beef Cuts - Negotiated Sales - PM (PDF) (LM_XB403),2026-09-26T13:48:36+00:00
a6e41c60e396a1ce,2021-06-23,Beef,"Chuck, semi-bnls, neck/off (113C  1)",Choice Cuts,,,,Choice,,,,,317.39,337.0,,,319.29,$/cwt,3.1929,per lb,National,wholesale,,,,,,12923.0,lb,,2453,National Daily Boxed Beef Cutout & Boxed Beef Cuts - Negotiated Sales - PM (PDF) (LM_XB403),2026-09-26T13:48:36+00:00
6036c227afe1c4d5,2021-06-23,Beef,"Chuck, semi-bnls, neck/off (113C  1)",Select Cuts,,,,Select,,,,,313.0,325.36,,,316.75,$/cwt,3.1675,per lb,National,wholesale,,,,,,28921.0,lb,,2453,National Daily Boxed Beef Cutout & Boxed Beef Cuts - Negotiated Sales - PM (PDF) (LM_XB403),2026-09-26T13:48:36+00:00
4555f9d036b03b45,2021-06-23,Beef,"Chuck, short rib (130  4)",Choice Cuts,,,,Choice,,,,,472.0,535.25,,,499.06,$/cwt,4.9906,per lb,National,wholesale,,,,,,18788.0,lb,,2453,National Daily Boxed Beef Cutout & Boxed Beef Cuts - Negotiated Sales - PM (PDF) (LM_XB403),2026-09-26T13:48:36+00:00
48765fc936d0a4f6,2021-06-23,Beef,"Chuck, short rib (130  4)",Select Cuts,,,,Select,,,,,462.0,521.5,,,487.01,$/cwt,4.8701,per lb,National,wholesale,,,,,,13023.0,lb,,2453,National Daily Boxed Beef Cutout & Boxed Beef Cuts - Negotiated Sales - PM (PDF) (LM_XB403),2026-09-26T13:48:36+00:00
ff14875f79bd37aa,2021-06-23,Beef,"Chuck, shoulder clod (114  1)",Choice Cuts,,,,Choice,,,,,286.0,315.0,,,295.36,$/cwt,2.9536,per lb,National,wholesale,,,,,,15641.0,lb,,2453,National Daily Boxed Beef Cutout & Boxed Beef Cuts - Negotiated Sales - PM (PDF) (LM_XB403),2026-09-26T13:48:36+00:00
fa2fa66d228fffde,2021-06-23,Beef,"Chuck, shoulder clod (114  1)",Select Cuts,,,,Select,,,,,285.0,304.0,,,300.29,$/cwt,3.0029,per lb,National,wholesale,,,,,,9375.0,lb,,2453,National Daily Boxed Beef Cutout & Boxed Beef Cuts - Negotiated Sales - PM (PDF) (LM_XB403),2026-09-26T13:48:36+00:00
8ae49e7ef046b25f,2021-06-23,Beef,"Chuck, shoulder clod, trmd (114A  3)",Choice Cuts,,,,Choice,,,,,282.0,325.0,,,299.43,$/cwt,2.9943,per lb,National,wholesale,,,,,,122128.0,lb,,2453,National Daily Boxed Beef Cutout & Boxed Beef Cuts - Negotiated Sales - PM (PDF) (LM_XB403),2026-09-26T13:48:36+00:00
d82d0a504bf4128e,2021-06-23,Beef,"Chuck, shoulder clod, trmd (114A  3)",Select Cuts,,,,Select,,,,,287.0,309.7,,,300.67,$/cwt,3.0067,per lb,National,wholesale,,,,,,14644.0,lb,,2453,National Daily Boxed Beef Cutout & Boxed Beef Cuts - Negotiated Sales - PM (PDF) (LM_XB403),2026-09-26T13:48:36+00:00
d27b1e96b0a6acef,2021-06-23,Beef,Cutout 600-900 lb,,,,,Select,,,,,,,,,275.41,$/cwt,2.7541,per lb,National,wholesale,,,,,,,,,2453,National Daily Boxed Beef Cutout & Boxed Beef Cuts - Negotiated Sales - PM (PDF) (LM_XB403),2026-09-26T13:48:36+00:00
ee4c9e4964afa1bb,2021-06-23,Beef,Cutout 600-900 lb,,,,,Choice,,,,,,,,,312.05,$/cwt,3.1205,per lb,National,wholesale,,,,,,,,,2453,National Daily Boxed Beef Cutout & Boxed Beef Cuts - Negotiated Sales - PM (PDF) (LM_XB403),2026-09-26T13:48:36+00:00
8c4596d9d31766aa,2021-06-23,Beef,"Flank, flank steak (193  4)",Choice Cuts,,,,Choice,,,,,770.0,819.5,,,799.95,$/cwt,7.9995,per lb,National,wholesale,,,,,,29300.0,lb,,2453,National Daily Boxed Beef Cutout & Boxed Beef Cuts - Negotiated Sales - PM (PDF) (LM_XB403),2026-09-26T13:48:36+00:00
ea81148e50248d3a,2021-06-23,Beef,"Flank, flank steak (193  4)",Select Cuts,,,,Select,,,,,750.0,800.0,,,770.29,$/cwt,7.7029,per lb,National,wholesale,,,,,,15187.0,lb,,2453,National Daily Boxed Beef Cutout & Boxed Beef Cuts - Negotiated Sales - PM (PDF) (LM_XB403),2026-09-26T13:48:36+00:00
29c0eede97a0099b,2021-06-23,Beef,Ground Beef 73%,Ground Beef,,,,,,,,,229.64,269.25,,,246.57,$/cwt,2.4657,per lb,National,wholesale,,,,,,70864.0,lb,,2453,National Daily Boxed Beef Cutout & Boxed Beef Cuts - Negotiated Sales - PM (PDF) (LM_XB403),2026-09-26T13:48:36+00:00
12f60b15d06a6c8a,2021-06-23,Beef,Ground Beef 81%,Ground Beef,,,,,,,,,311.0,348.0,,,326.79,$/cwt,3.2679,per lb,National,wholesale,,,,,,60339.0,lb,,2453,National Daily Boxed Beef Cutout & Boxed Beef Cuts - Negotiated Sales - PM (PDF) (LM_XB403),2026-09-26T13:48:36+00:00
528ddf53898e80c1,2021-06-23,Beef,Ground Beef 93%,Ground Beef,,,,,,,,,366.26,402.0,,,385.22,$/cwt,3.8522,per lb,National,wholesale,,,,,,20559.0,lb,,2453,National Daily Boxed Beef Cutout & Boxed Beef Cuts - Negotiated Sales - PM (PDF) (LM_XB403),2026-09-26T13:48:36+00:00
1c95d426e13dcf1d,2021-06-23,Beef,Ground Beef Chuck,Ground Beef,,,,,,,,,250.04,364.82,,,267.1,$/cwt,2.671,per lb,National,wholesale,,,,,,153100.0,lb,,2453,National Daily Boxed Beef Cutout & Boxed Beef Cuts - Negotiated Sales - PM (PDF) (LM_XB403),2026-09-26T13:48:36+00:00
7817f41c4eb6e95d,2021-06-23,Beef,Ground Beef Round,Ground Beef,,,,,,,,,331.26,367.0,,,354.46,$/cwt,3.5446,per lb,National,wholesale,,,,,,9559.0,lb,,2453,National Daily Boxed Beef Cutout & Boxed Beef Cuts - Negotiated Sales - PM (PDF) (LM_XB403),2026-09-26T13:48:36+00:00
ade65466a403c1df,2021-06-23,Beef,"Loin, ball-tip, bnls, heavy (185B  1)",Choice Cuts,,,,Choice,,,,,320.0,366.0,,,324.78,$/cwt,3.2478,per lb,National,wholesale,,,,,,97964.0,lb,,2453,National Daily Boxed Beef Cutout & Boxed Beef Cuts - Negotiated Sales - PM (PDF) (LM_XB403),2026-09-26T13:48:36+00:00
c6ddd8efd907fe02,2021-06-23,Beef,"Loin, ball-tip, bnls, heavy (185B  1)",Select Cuts,,,,Select,,,,,319.0,350.0,,,326.62,$/cwt,3.2662,per lb,National,wholesale,,,,,,50355.0,lb,,2453,National Daily Boxed Beef Cutout & Boxed Beef Cuts - Negotiated Sales - PM (PDF) (LM_XB403),2026-09-26T13:48:36+00:00
83ed136c81fcafc1,2021-06-23,Beef,"Loin, bottom sirloin, flap (185A  4)",Choice Cuts,,,,Choice,,,,,675.0,884.89,,,712.66,$/cwt,7.1266,per lb,National,wholesale,,,,,,149299.0,lb,,2453,National Daily Boxed Beef Cutout & Boxed Beef Cuts - Negotiated Sales - PM (PDF) (LM_XB403),2026-09-26T13:48:36+00:00
34451aa400aca13f,2021-06-23,Beef,"Loin, bottom sirloin, flap (185A  4)",Select Cuts,,,,Select,,,,,685.0,772.0,,,711.03,$/cwt,7.1103,per lb,National,wholesale,,,,,,27749.0,lb,,2453,National Daily Boxed Beef Cutout & Boxed Beef Cuts - Negotiated Sales - PM (PDF) (LM_XB403),2026-09-26T13:48:36+00:00
72fac8d4abf8740f,2021-06-23,Beef,"Loin, butt tender, trimmed (191A  4)",Choice Cuts,,,,Choice,,,,,1690.0,1825.0,,,1768.33,$/cwt,17.6833,per lb,National,wholesale,,,,,,1324.0,lb,,2453,National Daily Boxed Beef Cutout & Boxed Beef Cuts - Negotiated Sales - PM (PDF) (LM_XB403),2026-09-26T13:48:36+00:00
0afa98b56dce783c,2021-06-23,Beef,"Loin, butt tender, trimmed (191A  4)",Select Cuts,,,,Select,,,,,1470.0,1540.0,,,1488.34,$/cwt,14.8834,per lb,National,wholesale,,,,,,5017.0,lb,,2453,National Daily Boxed Beef Cutout & Boxed Beef Cuts - Negotiated Sales - PM (PDF) (LM_XB403),2026-09-26T13:48:36+00:00
71f67c37e3d8b6c3,2021-06-23,Beef,"Loin, short loin, 0x1 (174  3)",Choice Cuts,,,,Choice,,,,,790.04,972.5,,,841.85,$/cwt,8.4185,per lb,National,wholesale,,,,,,64367.0,lb,,2453,National Daily Boxed Beef Cutout & Boxed Beef Cuts - Negotiated Sales - PM (PDF) (LM_XB403),2026-09-26T13:48:36+00:00
8d92c301e0cfd690,2021-06-23,Beef,"Loin, short loin, 0x1 (174  3)",Select Cuts,,,,Select,,,,,577.0,699.15,,,596.82,$/cwt,5.9682,per lb,National,wholesale,,,,,,28409.0,lb,,2453,National Daily Boxed Beef Cutout & Boxed Beef Cuts - Negotiated Sales - PM (PDF) (LM_XB403),2026-09-26T13:48:36+00:00
3463ae86953864bf,2021-06-23,Beef,"Loin, sirloin, tri-tip (185C  1)",Choice Cuts,,,,Choice,,,,,412.0,500.0,,,427.67,$/cwt,4.2767,per lb,National,wholesale,,,,,,113232.0,lb,,2453,National Daily Boxed Beef Cutout & Boxed Beef Cuts - Negotiated Sales - PM (PDF) (LM_XB403),2026-09-26T13:48:36+00:00
0292bd5652ab0f75,2021-06-23,Beef,"Loin, sirloin, tri-tip (185C  1)",Select Cuts,,,,Select,,,,,370.7,435.21,,,402.71,$/cwt,4.0271,per lb,National,wholesale,,,,,,1977.0,lb,,2453,National Daily Boxed Beef Cutout & Boxed Beef Cuts - Negotiated Sales - PM (PDF) (LM_XB403),2026-09-26T13:48:36+00:00
db87d1abc722cdfa,2021-06-23,Beef,"Loin, sirloin, tri-tip, pld (185D  4)",Choice Cuts,,,,Choice,,,,,638.0,776.25,,,672.53,$/cwt,6.7253,per lb,National,wholesale,,,,,,47297.0,lb,,2453,National Daily Boxed Beef Cutout & Boxed Beef Cuts - Negotiated Sales - PM (PDF) (LM_XB403),2026-09-26T13:48:36+00:00
66a61e8b84f1f8d9,2021-06-23,Beef,"Loin, strip, bnls, 0x1 (180  3)",Choice Cuts,,,,Choice,,,,,874.0,1001.0,,,918.41,$/cwt,9.1841,per lb,National,wholesale,,,,,,121738.0,lb,,2453,National Daily Boxed Beef Cutout & Boxed Beef Cuts - Negotiated Sales - PM (PDF) (LM_XB403),2026-09-26T13:48:36+00:00
27a693a09078606d,2021-06-23,Beef,"Loin, strip, bnls, 0x1 (180  3)",Select Cuts,,,,Select,,,,,540.0,650.0,,,625.11,$/cwt,6.2511,per lb,National,wholesale,,,,,,36475.0,lb,,2453,National Daily Boxed Beef Cutout & Boxed Beef Cuts - Negotiated Sales - PM (PDF) (LM_XB403),2026-09-26T13:48:36+00:00
1b4932769488a469,2021-06-23,Beef,"Loin, tndrloin, trmd, heavy (189A  4)",Choice Cuts,,,,Choice,,,,,1685.0,1880.5,,,1744.01,$/cwt,17.4401,per lb,National,wholesale,,,,,,111170.0,lb,,2453,National Daily Boxed Beef Cutout & Boxed Beef Cuts - Negotiated Sales - PM (PDF) (LM_XB403),2026-09-26T13:48:36+00:00
fea99b8c7fd41ebd,2021-06-23,Beef,"Loin, tndrloin, trmd, heavy (189A  4)",Select Cuts,,,,Select,,,,,1450.0,1809.89,,,1478.24,$/cwt,14.7824,per lb,National,wholesale,,,,,,179153.0,lb,,2453,National Daily Boxed Beef Cutout & Boxed Beef Cuts - Negotiated Sales - PM (PDF) (LM_XB403),2026-09-26T13:48:36+00:00
459b6136893b1c85,2021-06-23,Beef,"Loin, top butt, CC (184B  3)",Choice Cuts,,,,Choice,,,,,639.38,765.0,,,654.77,$/cwt,6.5477,per lb,National,wholesale,,,,,,11149.0,lb,,2453,National Daily Boxed Beef Cutout & Boxed Beef Cuts - Negotiated Sales - PM (PDF) (LM_XB403),2026-09-26T13:48:36+00:00
c6ec723ed2cde782,2021-06-23,Beef,"Loin, top butt, boneless (184  3)",Choice Cuts,,,,Choice,,,,,390.04,535.0,,,436.9,$/cwt,4.369,per lb,National,wholesale,,,,,,61162.0,lb,,2453,National Daily Boxed Beef Cutout & Boxed Beef Cuts - Negotiated Sales - PM (PDF) (LM_XB403),2026-09-26T13:48:36+00:00
d2f9ee8dfb4e2453,2021-06-23,Beef,"Loin, top butt, boneless (184  3)",Select Cuts,,,,Select,,,,,370.0,390.0,,,374.2,$/cwt,3.742,per lb,National,wholesale,,,,,,22236.0,lb,,2453,National Daily Boxed Beef Cutout & Boxed Beef Cuts - Negotiated Sales - PM (PDF) (LM_XB403),2026-09-26T13:48:36+00:00
5001746c7dcd8f3e,2021-06-23,Beef,"Rib, ribeye, bnls, heavy (112A  3)",Choice Cuts,,,,Choice,,,,,1100.81,1300.0,,,1168.9,$/cwt,11.689,per lb,National,wholesale,,,,,,59659.0,lb,,2453,National Daily Boxed Beef Cutout & Boxed Beef Cuts - Negotiated Sales - PM (PDF) (LM_XB403),2026-09-26T13:48:36+00:00
20d086bd75188cf4,2021-06-23,Beef,"Rib, ribeye, bnls, heavy (112A  3)",Select Cuts,,,,Select,,,,,689.0,819.0,,,733.18,$/cwt,7.3318,per lb,National,wholesale,,,,,,15863.0,lb,,2453,National Daily Boxed Beef Cutout & Boxed Beef Cuts - Negotiated Sales - PM (PDF) (LM_XB403),2026-09-26T13:48:36+00:00
29b3a318ab4af92c,2021-06-23,Beef,"Rib, ribeye, bnls, light (112A  3)",Choice Cuts,,,,Choice,,,,,1000.0,1209.25,,,1013.62,$/cwt,10.1362,per lb,National,wholesale,,,,,,198110.0,lb,,2453,National Daily Boxed Beef Cutout & Boxed Beef Cuts - Negotiated Sales - PM (PDF) (LM_XB403),2026-09-26T13:48:36+00:00
e65509094bb8d780,2021-06-23,Beef,"Rib, ribeye, bnls, light (112A  3)",Select Cuts,,,,Select,,,,,627.3,750.0,,,662.0,$/cwt,6.62,per lb,National,wholesale,,,,,,59832.0,lb,,2453,National Daily Boxed Beef Cutout & Boxed Beef Cuts - Negotiated Sales - PM (PDF) (LM_XB403),2026-09-26T13:48:36+00:00
a44b7384a93d041a,2021-06-23,Beef,"Rib, ribeye, lip-on, bn-in (109E  1)",Choice Cuts,,,,Choice,,,,,975.0,1042.5,,,1007.75,$/cwt,10.0775,per lb,National,wholesale,,,,,,32016.0,lb,,2453,National Daily Boxed Beef Cutout & Boxed Beef Cuts - Negotiated Sales - PM (PDF) (LM_XB403),2026-09-26T13:48:36+00:00
e62aaecd8c28b374,2021-06-23,Beef,"Rib, ribeye, lip-on, bn-in (109E  1)",Select Cuts,,,,Select,,,,,569.55,652.0,,,578.48,$/cwt,5.7848,per lb,National,wholesale,,,,,,71391.0,lb,,2453,National Daily Boxed Beef Cutout & Boxed Beef Cuts - Negotiated Sales - PM (PDF) (LM_XB403),2026-09-26T13:48:36+00:00
bdcccd9bd7433d34,2021-06-23,Beef,"Round, bottom gooseneck (170  1)",Choice Cuts,,,,Choice,,,,,311.25,334.5,,,316.79,$/cwt,3.1679,per lb,National,wholesale,,,,,,5698.0,lb,,2453,National Daily Boxed Beef Cutout & Boxed Beef Cuts - Negotiated Sales - PM (PDF) (LM_XB403),2026-09-26T13:48:36+00:00
e4af0715621d9940,2021-06-23,Beef,"Round, eye of round (171C  3)",Choice Cuts,,,,Choice,,,,,313.3,377.26,,,328.48,$/cwt,3.2848,per lb,National,wholesale,,,,,,115155.0,lb,,2453,National Daily Boxed Beef Cutout & Boxed Beef Cuts - Negotiated Sales - PM (PDF) (LM_XB403),2026-09-26T13:48:36+00:00
60398fa8ea537f43,2021-06-23,Beef,"Round, eye of round (171C  3)",Select Cuts,,,,Select,,,,,314.3,340.0,,,323.66,$/cwt,3.2366,per lb,National,wholesale,,,,,,74533.0,lb,,2453,National Daily Boxed Beef Cutout & Boxed Beef Cuts - Negotiated Sales - PM (PDF) (LM_XB403),2026-09-26T13:48:36+00:00
95b93862ed71e2a5,2021-06-23,Beef,"Round, knuckle, peeled (167A  4)",Choice Cuts,,,,Choice,,,,,380.0,410.0,,,397.59,$/cwt,3.9759,per lb,National,wholesale,,,,,,36240.0,lb,,2453,National Daily Boxed Beef Cutout & Boxed Beef Cuts - Negotiated Sales - PM (PDF) (LM_XB403),2026-09-26T13:48:36+00:00
1810275c8e05ad08,2021-06-23,Beef,"Round, knuckle, peeled (167A  4)",Select Cuts,,,,Select,,,,,385.0,397.0,,,385.88,$/cwt,3.8588,per lb,National,wholesale,,,,,,10329.0,lb,,2453,National Daily Boxed Beef Cutout & Boxed Beef Cuts - Negotiated Sales - PM (PDF) (LM_XB403),2026-09-26T13:48:36+00:00
5cf4cb45b08e7854,2021-06-23,Beef,"Round, outside round (171B  3)",Choice Cuts,,,,Choice,,,,,290.0,340.0,,,314.57,$/cwt,3.1457,per lb,National,wholesale,,,,,,150871.0,lb,,2453,National Daily Boxed Beef Cutout & Boxed Beef Cuts - Negotiated Sales - PM (PDF) (LM_XB403),2026-09-26T13:48:36+00:00
f57a8799d84da732,2021-06-23,Beef,"Round, outside round (171B  3)",Select Cuts,,,,Select,,,,,300.0,325.25,,,309.68,$/cwt,3.0968,per lb,National,wholesale,,,,,,41393.0,lb,,2453,National Daily Boxed Beef Cutout & Boxed Beef Cuts - Negotiated Sales - PM (PDF) (LM_XB403),2026-09-26T13:48:36+00:00
27bf19dfb3add221,2021-06-23,Beef,"Round, top inside round (168  1)",Choice Cuts,,,,Choice,,,,,328.0,345.0,,,337.0,$/cwt,3.37,per lb,National,wholesale,,,,,,37444.0,lb,,2453,National Daily Boxed Beef Cutout & Boxed Beef Cuts - Negotiated Sales - PM (PDF) (LM_XB403),2026-09-26T13:48:36+00:00
a3f0b77a2f9cfea1,2021-06-23,Beef,"Round, top inside round (168  3)",Choice Cuts,,,,Choice,,,,,301.06,335.0,,,314.53,$/cwt,3.1453,per lb,National,wholesale,,,,,,167797.0,lb,,2453,National Daily Boxed Beef Cutout & Boxed Beef Cuts - Negotiated Sales - PM (PDF) (LM_XB403),2026-09-26T13:48:36+00:00
30275ab95dc92bfe,2021-06-23,Beef,"Round, top inside round (168  3)",Select Cuts,,,,Select,,,,,310.0,341.0,,,313.18,$/cwt,3.1318,per lb,National,wholesale,,,,,,220908.0,lb,,2453,National Daily Boxed Beef Cutout & Boxed Beef Cuts - Negotiated Sales - PM (PDF) (LM_XB403),2026-09-26T13:48:36+00:00
d27400c049afb4eb,2021-06-23,Beef,"Round, top inside, cap off (169A  5)",Choice Cuts,,,,Choice,,,,,463.35,485.0,,,473.77,$/cwt,4.7377,per lb,National,wholesale,,,,,,8833.0,lb,,2453,National Daily Boxed Beef Cutout & Boxed Beef Cuts - Negotiated Sales - PM (PDF) (LM_XB403),2026-09-26T13:48:36+00:00
b89f0dc44be43a17,2021-06-23,Beef,"Round, top inside, denuded (169  5)",Choice Cuts,,,,Choice,,,,,396.74,421.0,,,408.37,$/cwt,4.0837,per lb,National,wholesale,,,,,,5003.0,lb,,2453,National Daily Boxed Beef Cutout & Boxed Beef Cuts - Negotiated Sales - PM (PDF) (LM_XB403),2026-09-26T13:48:36+00:00
2d5559542e43adbc,2021-06-23,Beef,"Short Plate, short rib (123A  3)",Choice Cuts,,,,Choice,,,,,570.0,631.7,,,599.98,$/cwt,5.9998,per lb,National,wholesale,,,,,,26277.0,lb,,2453,National Daily Boxed Beef Cutout & Boxed Beef Cuts - Negotiated Sales - PM (PDF) (LM_XB403),2026-09-26T13:48:36+00:00
cc394c28a7481cee,2021-06-23,Beef,"Short Plate, short rib (123A  3)",Select Cuts,,,,Select,,,,,475.0,540.0,,,510.81,$/cwt,5.1081,per lb,National,wholesale,,,,,,25048.0,lb,,2453,National Daily Boxed Beef Cutout & Boxed Beef Cuts - Negotiated Sales - PM (PDF) (LM_XB403),2026-09-26T13:48:36+00:00
161cc08413015b7f,2021-06-24,Beef,"Brisket, deckle-off, bnls (120  1)",Choice Cuts,,,,Choice,,,,,368.0,426.04,,,389.82,$/cwt,3.8982,per lb,National,wholesale,,,,,,104685.0,lb,,2453,National Daily Boxed Beef Cutout & Boxed Beef Cuts - Negotiated Sales - PM (PDF) (LM_XB403),2026-09-26T13:48:36+00:00
af304fe42022fd85,2021-06-24,Beef,"Brisket, deckle-off, bnls (120  1)",Select Cuts,,,,Select,,,,,320.0,409.55,,,341.74,$/cwt,3.4174,per lb,National,wholesale,,,,,,211887.0,lb,,2453,National Daily Boxed Beef Cutout & Boxed Beef Cuts - Negotiated Sales - PM (PDF) (LM_XB403),2026-09-26T13:48:36+00:00
baa2bf74695bcd90,2021-06-24,Beef,"Chuck, chuck tender (116B  1)",Choice Cuts,,,,Choice,,,,,330.0,359.0,,,337.52,$/cwt,3.3752,per lb,National,wholesale,,,,,,70557.0,lb,,2453,National Daily Boxed Beef Cutout & Boxed Beef Cuts - Negotiated Sales - PM (PDF) (LM_XB403),2026-09-26T13:48:36+00:00
4cab70fe00807553,2021-06-24,Beef,"Chuck, chuck tender (116B  1)",Select Cuts,,,,Select,,,,,310.0,349.0,,,333.05,$/cwt,3.3305,per lb,National,wholesale,,,,,,12290.0,lb,,2453,National Daily Boxed Beef Cutout & Boxed Beef Cuts - Negotiated Sales - PM (PDF) (LM_XB403),2026-09-26T13:48:36+00:00
9372f6e9a94702c3,2021-06-24,Beef,"Chuck, clod tender (114F  5)",Choice Cuts,,,,Choice,,,,,751.0,800.0,,,781.5,$/cwt,7.815,per lb,National,wholesale,,,,,,4432.0,lb,,2453,National Daily Boxed Beef Cutout & Boxed Beef Cuts - Negotiated Sales - PM (PDF) (LM_XB403),2026-09-26T13:48:36+00:00
6932d242a183b14f,2021-06-24,Beef,"Chuck, clod tender (114F  5)",Select Cuts,,,,Select,,,,,744.0,780.0,,,762.12,$/cwt,7.6212,per lb,National,wholesale,,,,,,1284.0,lb,,2453,National Daily Boxed Beef Cutout & Boxed Beef Cuts - Negotiated Sales - PM (PDF) (LM_XB403),2026-09-26T13:48:36+00:00
9d3b5adb978b587d,2021-06-24,Beef,"Chuck, clod, arm roast (114E  3)",Choice Cuts,,,,Choice,,,,,400.25,416.0,,,414.49,$/cwt,4.1449,per lb,National,wholesale,,,,,,23703.0,lb,,2453,National Daily Boxed Beef Cutout & Boxed Beef Cuts - Negotiated Sales - PM (PDF) (LM_XB403),2026-09-26T13:48:36+00:00
b9d9bd7111efbcc9,2021-06-24,Beef,"Chuck, flap (116G  4)",Select Cuts,,,,Select,,,,,675.44,815.0,,,731.01,$/cwt,7.3101,per lb,National,wholesale,,,,,,4579.0,lb,,2453,National Daily Boxed Beef Cutout & Boxed Beef Cuts - Negotiated Sales - PM (PDF) (LM_XB403),2026-09-26T13:48:36+00:00
289c24795f8358d8,2021-06-24,Beef,"Chuck, roll, lxl, neck/off (116A  3)",Choice Cuts,,,,Choice,,,,,340.5,379.0,,,352.84,$/cwt,3.5284,per lb,National,wholesale,,,,,,79094.0,lb,,2453,National Daily Boxed Beef Cutout & Boxed Beef Cuts - Negotiated Sales - PM (PDF) (LM_XB403),2026-09-26T13:48:36+00:00
a5e2e441d8d0ed75,2021-06-24,Beef,"Chuck, roll, lxl, neck/off (116A  3)",Select Cuts,,,,Select,,,,,330.0,365.0,,,350.61,$/cwt,3.5061,per lb,National,wholesale,,,,,,17090.0,lb,,2453,National Daily Boxed Beef Cutout & Boxed Beef Cuts - Negotiated Sales - PM (PDF) (LM_XB403),2026-09-26T13:48:36+00:00
eefc513432d402ab,2021-06-24,Beef,"Chuck, roll, retail ready (916A  3)",Choice Cuts,,,,Choice,,,,,387.0,400.89,,,392.54,$/cwt,3.9254,per lb,National,wholesale,,,,,,62670.0,lb,,2453,National Daily Boxed Beef Cutout & Boxed Beef Cuts - Negotiated Sales - PM (PDF) (LM_XB403),2026-09-26T13:48:36+00:00
b326aaaae050e34a,2021-06-24,Beef,"Chuck, semi-bnls, neck/off (113C  1)",Choice Cuts,,,,Choice,,,,,276.0,311.0,,,294.86,$/cwt,2.9486,per lb,National,wholesale,,,,,,20728.0,lb,,2453,National Daily Boxed Beef Cutout & Boxed Beef Cuts - Negotiated Sales - PM (PDF) (LM_XB403),2026-09-26T13:48:36+00:00
20361d46312db9e9,2021-06-24,Beef,"Chuck, semi-bnls, neck/off (113C  1)",Select Cuts,,,,Select,,,,,305.92,311.19,,,309.9,$/cwt,3.099,per lb,National,wholesale,,,,,,14715.0,lb,,2453,National Daily Boxed Beef Cutout & Boxed Beef Cuts - Negotiated Sales - PM (PDF) (LM_XB403),2026-09-26T13:48:36+00:00
3078f535513f2b6e,2021-06-24,Beef,"Chuck, short rib (130  4)",Choice Cuts,,,,Choice,,,,,496.0,537.0,,,509.48,$/cwt,5.0948,per lb,National,wholesale,,,,,,37009.0,lb,,2453,National Daily Boxed Beef Cutout & Boxed Beef Cuts - Negotiated Sales - PM (PDF) (LM_XB403),2026-09-26T13:48:36+00:00
5edf402499f87f91,2021-06-24,Beef,"Chuck, short rib (130  4)",Select Cuts,,,,Select,,,,,502.0,520.9,,,513.65,$/cwt,5.1365,per lb,National,wholesale,,,,,,3730.0,lb,,2453,National Daily Boxed Beef Cutout & Boxed Beef Cuts - Negotiated Sales - PM (PDF) (LM_XB403),2026-09-26T13:48:36+00:00
6f1d3e1b6d5ee803,2021-06-24,Beef,"Chuck, shoulder clod (114  1)",Choice Cuts,,,,Choice,,,,,274.27,310.0,,,278.04,$/cwt,2.7804,per lb,National,wholesale,,,,,,32774.0,lb,,2453,National Daily Boxed Beef Cutout & Boxed Beef Cuts - Negotiated Sales - PM (PDF) (LM_XB403),2026-09-26T13:48:36+00:00
da27c40d4c3e390a,2021-06-24,Beef,"Chuck, shoulder clod (114  1)",Select Cuts,,,,Select,,,,,275.0,300.0,,,288.17,$/cwt,2.8817,per lb,National,wholesale,,,,,,29218.0,lb,,2453,National Daily Boxed Beef Cutout & Boxed Beef Cuts - Negotiated Sales - PM (PDF) (LM_XB403),2026-09-26T13:48:36+00:00
68657a00c32d542a,2021-06-24,Beef,"Chuck, shoulder clod, trmd (114A  3)",Choice Cuts,,,,Choice,,,,,280.0,334.1,,,289.15,$/cwt,2.8915,per lb,National,wholesale,,,,,,93702.0,lb,,2453,National Daily Boxed Beef Cutout & Boxed Beef Cuts - Negotiated Sales - PM (PDF) (LM_XB403),2026-09-26T13:48:36+00:00
6304e0efa34d8781,2021-06-24,Beef,"Chuck, shoulder clod, trmd (114A  3)",Select Cuts,,,,Select,,,,,276.8,320.0,,,295.05,$/cwt,2.9505,per lb,National,wholesale,,,,,,41489.0,lb,,2453,National Daily Boxed Beef Cutout & Boxed Beef Cuts - Negotiated Sales - PM (PDF) (LM_XB403),2026-09-26T13:48:36+00:00
0831dcc7c17e5786,2021-06-24,Beef,Cutout 600-900 lb,,,,,Select,,,,,,,,,276.14,$/cwt,2.7614,per lb,National,wholesale,,,,,,,,,2453,National Daily Boxed Beef Cutout & Boxed Beef Cuts - Negotiated Sales - PM (PDF) (LM_XB403),2026-09-26T13:48:36+00:00
6823095d76850ad4,2021-06-24,Beef,Cutout 600-900 lb,,,,,Choice,,,,,,,,,307.42,$/cwt,3.0742,per lb,National,wholesale,,,,,,,,,2453,National Daily Boxed Beef Cutout & Boxed Beef Cuts - Negotiated Sales - PM (PDF) (LM_XB403),2026-09-26T13:48:36+00:00
16e0d0961c1a85cf,2021-06-24,Beef,"Flank, flank steak (193  4)",Choice Cuts,,,,Choice,,,,,770.0,817.5,,,781.4,$/cwt,7.814,per lb,National,wholesale,,,,,,34407.0,lb,,2453,National Daily Boxed Beef Cutout & Boxed Beef Cuts - Negotiated Sales - PM (PDF) (LM_XB403),2026-09-26T13:48:36+00:00
28b462c5e5b20916,2021-06-24,Beef,"Flank, flank steak (193  4)",Select Cuts,,,,Select,,,,,672.92,801.0,,,678.16,$/cwt,6.7816,per lb,National,wholesale,,,,,,41722.0,lb,,2453,National Daily Boxed Beef Cutout & Boxed Beef Cuts - Negotiated Sales - PM (PDF) (LM_XB403),2026-09-26T13:48:36+00:00
bdd84a22dc65890f,2021-06-24,Beef,Ground Beef 73%,Ground Beef,,,,,,,,,231.0,260.0,,,243.92,$/cwt,2.4392,per lb,National,wholesale,,,,,,41639.0,lb,,2453,National Daily Boxed Beef Cutout & Boxed Beef Cuts - Negotiated Sales - PM (PDF) (LM_XB403),2026-09-26T13:48:36+00:00
6c29657b13f51072,2021-06-24,Beef,Ground Beef 81%,Ground Beef,,,,,,,,,316.75,338.0,,,320.65,$/cwt,3.2065,per lb,National,wholesale,,,,,,47398.0,lb,,2453,National Daily Boxed Beef Cutout & Boxed Beef Cuts - Negotiated Sales - PM (PDF) (LM_XB403),2026-09-26T13:48:36+00:00
64a8451f1186ac28,2021-06-24,Beef,Ground Beef 93%,Ground Beef,,,,,,,,,381.44,402.0,,,387.14,$/cwt,3.8714,per lb,National,wholesale,,,,,,15181.0,lb,,2453,National Daily Boxed Beef Cutout & Boxed Beef Cuts - Negotiated Sales - PM (PDF) (LM_XB403),2026-09-26T13:48:36+00:00
76d30a4e2a0890e1,2021-06-24,Beef,Ground Beef Chuck,Ground Beef,,,,,,,,,312.13,347.0,,,322.42,$/cwt,3.2242,per lb,National,wholesale,,,,,,32245.0,lb,,2453,National Daily Boxed Beef Cutout & Boxed Beef Cuts - Negotiated Sales - PM (PDF) (LM_XB403),2026-09-26T13:48:36+00:00
a75ee3117928f74f,2021-06-24,Beef,Ground Beef Round,Ground Beef,,,,,,,,,342.0,367.0,,,354.08,$/cwt,3.5408,per lb,National,wholesale,,,,,,7930.0,lb,,2453,National Daily Boxed Beef Cutout & Boxed Beef Cuts - Negotiated Sales - PM (PDF) (LM_XB403),2026-09-26T13:48:36+00:00
3127f4c875a1242d,2021-06-24,Beef,"Loin, ball-tip, bnls, heavy (185B  1)",Choice Cuts,,,,Choice,,,,,307.0,360.0,,,325.19,$/cwt,3.2519,per lb,National,wholesale,,,,,,179506.0,lb,,2453,National Daily Boxed Beef Cutout & Boxed Beef Cuts - Negotiated Sales - PM (PDF) (LM_XB403),2026-09-26T13:48:36+00:00
51e2d4dfddd02936,2021-06-24,Beef,"Loin, ball-tip, bnls, heavy (185B  1)",Select Cuts,,,,Select,,,,,300.0,330.0,,,318.15,$/cwt,3.1815,per lb,National,wholesale,,,,,,9599.0,lb,,2453,National Daily Boxed Beef Cutout & Boxed Beef Cuts - Negotiated Sales - PM (PDF) (LM_XB403),2026-09-26T13:48:36+00:00
5d5d960f8605d59c,2021-06-24,Beef,"Loin, bottom sirloin, flap (185A  4)",Choice Cuts,,,,Choice,,,,,665.0,857.3,,,691.03,$/cwt,6.9103,per lb,National,wholesale,,,,,,239083.0,lb,,2453,National Daily Boxed Beef Cutout & Boxed Beef Cuts - Negotiated Sales - PM (PDF) (LM_XB403),2026-09-26T13:48:36+00:00
8c54fa13e681d508,2021-06-24,Beef,"Loin, bottom sirloin, flap (185A  4)",Select Cuts,,,,Select,,,,,665.0,715.0,,,686.72,$/cwt,6.8672,per lb,National,wholesale,,,,,,20492.0,lb,,2453,National Daily Boxed Beef Cutout & Boxed Beef Cuts - Negotiated Sales - PM (PDF) (LM_XB403),2026-09-26T13:48:36+00:00
5c52b1fcbe64e752,2021-06-24,Beef,"Loin, butt tender, trimmed (191A  4)",Choice Cuts,,,,Choice,,,,,1679.0,1733.95,,,1725.59,$/cwt,17.2559,per lb,National,wholesale,,,,,,16912.0,lb,,2453,National Daily Boxed Beef Cutout & Boxed Beef Cuts - Negotiated Sales - PM (PDF) (LM_XB403),2026-09-26T13:48:36+00:00
2fb74e4c493be831,2021-06-24,Beef,"Loin, short loin, 0x1 (174  3)",Choice Cuts,,,,Choice,,,,,739.62,940.25,,,788.93,$/cwt,7.8893,per lb,National,wholesale,,,,,,105920.0,lb,,2453,National Daily Boxed Beef Cutout & Boxed Beef Cuts - Negotiated Sales - PM (PDF) (LM_XB403),2026-09-26T13:48:36+00:00
602d609e98900085,2021-06-24,Beef,"Loin, short loin, 0x1 (174  3)",Select Cuts,,,,Select,,,,,540.0,620.0,,,597.63,$/cwt,5.9763,per lb,National,wholesale,,,,,,47869.0,lb,,2453,National Daily Boxed Beef Cutout & Boxed Beef Cuts - Negotiated Sales - PM (PDF) (LM_XB403),2026-09-26T13:48:36+00:00
808aaff092223122,2021-06-24,Beef,"Loin, sirloin, tri-tip (185C  1)",Choice Cuts,,,,Choice,,,,,444.0,505.5,,,462.73,$/cwt,4.6273,per lb,National,wholesale,,,,,,12695.0,lb,,2453,National Daily Boxed Beef Cutout & Boxed Beef Cuts - Negotiated Sales - PM (PDF) (LM_XB403),2026-09-26T13:48:36+00:00
9ab8caa290afbe47,2021-06-24,Beef,"Loin, sirloin, tri-tip (185C  1)",Select Cuts,,,,Select,,,,,307.13,424.63,,,344.14,$/cwt,3.4414,per lb,National,wholesale,,,,,,4541.0,lb,,2453,National Daily Boxed Beef Cutout & Boxed Beef Cuts - Negotiated Sales - PM (PDF) (LM_XB403),2026-09-26T13:48:36+00:00
25d261dcbcfa3b22,2021-06-24,Beef,"Loin, sirloin, tri-tip, pld (185D  4)",Choice Cuts,,,,Choice,,,,,603.5,700.0,,,625.88,$/cwt,6.2588,per lb,National,wholesale,,,,,,14789.0,lb,,2453,National Daily Boxed Beef Cutout & Boxed Beef Cuts - Negotiated Sales - PM (PDF) (LM_XB403),2026-09-26T13:48:36+00:00
2bd6c43cfd4f36ed,2021-06-24,Beef,"Loin, strip loin bnls. 1x1 (  1)",Choice Cuts,,,,Choice,,,,,842.0,892.0,,,887.02,$/cwt,8.8702,per lb,National,wholesale,,,,,,1757.0,lb,,2453,National Daily Boxed Beef Cutout & Boxed Beef Cuts - Negotiated Sales - PM (PDF) (LM_XB403),2026-09-26T13:48:36+00:00
78eaf4fd3ba96ae2,2021-06-24,Beef,"Loin, strip loin, 1x1 (175  3)",Choice Cuts,,,,Choice,,,,,620.0,750.0,,,657.09,$/cwt,6.5709,per lb,National,wholesale,,,,,,72761.0,lb,,2453,National Daily Boxed Beef Cutout & Boxed Beef Cuts - Negotiated Sales - PM (PDF) (LM_XB403),2026-09-26T13:48:36+00:00
f1c354e0a1e3c8c4,2021-06-24,Beef,"Loin, strip, bnls, 0x1 (180  3)",Choice Cuts,,,,Choice,,,,,811.0,981.0,,,910.26,$/cwt,9.1026,per lb,National,wholesale,,,,,,385078.0,lb,,2453,National Daily Boxed Beef Cutout & Boxed Beef Cuts - Negotiated Sales - PM (PDF) (LM_XB403),2026-09-26T13:48:36+00:00
53ef23f40c657adf,2021-06-24,Beef,"Loin, strip, bnls, 0x1 (180  3)",Select Cuts,,,,Select,,,,,556.75,639.5,,,604.93,$/cwt,6.0493,per lb,National,wholesale,,,,,,21478.0,lb,,2453,National Daily Boxed Beef Cutout & Boxed Beef Cuts - Negotiated Sales - PM (PDF) (LM_XB403),2026-09-26T13:48:36+00:00
ecc5b4c284fcd188,2021-06-24,Beef,"Loin, tndrloin, trmd, heavy (189A  4)",Choice Cuts,,,,Choice,,,,,1685.0,1880.5,,,1749.41,$/cwt,17.4941,per lb,National,wholesale,,,,,,96009.0,lb,,2453,National Daily Boxed Beef Cutout & Boxed Beef Cuts - Negotiated Sales - PM (PDF) (LM_XB403),2026-09-26T13:48:36+00:00
7889da149fcdf168,2021-06-24,Beef,"Loin, tndrloin, trmd, heavy (189A  4)",Select Cuts,,,,Select,,,,,1450.0,1799.25,,,1504.65,$/cwt,15.0465,per lb,National,wholesale,,,,,,31661.0,lb,,2453,National Daily Boxed Beef Cutout & Boxed Beef Cuts - Negotiated Sales - PM (PDF) (LM_XB403),2026-09-26T13:48:36+00:00
a6c15164d6611c12,2021-06-24,Beef,"Loin, top butt, CC (184B  3)",Choice Cuts,,,,Choice,,,,,500.65,518.79,,,505.57,$/cwt,5.0557,per lb,National,wholesale,,,,,,326465.0,lb,,2453,National Daily Boxed Beef Cutout & Boxed Beef Cuts - Negotiated Sales - PM (PDF) (LM_XB403),2026-09-26T13:48:36+00:00
b9966fed6e278da4,2021-06-24,Beef,"Loin, top butt, boneless (184  3)",Choice Cuts,,,,Choice,,,,,379.63,500.9,,,426.6,$/cwt,4.266,per lb,National,wholesale,,,,,,240012.0,lb,,2453,National Daily Boxed Beef Cutout & Boxed Beef Cuts - Negotiated Sales - PM (PDF) (LM_XB403),2026-09-26T13:48:36+00:00
a12c0bbc91c8ce64,2021-06-24,Beef,"Loin, top butt, boneless (184  3)",Select Cuts,,,,Select,,,,,369.5,395.0,,,372.74,$/cwt,3.7274,per lb,National,wholesale,,,,,,17307.0,lb,,2453,National Daily Boxed Beef Cutout & Boxed Beef Cuts - Negotiated Sales - PM (PDF) (LM_XB403),2026-09-26T13:48:36+00:00
416d2ec8dab48f5a,2021-06-24,Beef,"Rib, ribeye, bnls, heavy (112A  3)",Choice Cuts,,,,Choice,,,,,1100.0,1195.5,,,1127.12,$/cwt,11.2712,per lb,National,wholesale,,,,,,49771.0,lb,,2453,National Daily Boxed Beef Cutout & Boxed Beef Cuts - Negotiated Sales - PM (PDF) (LM_XB403),2026-09-26T13:48:36+00:00
16bfc2960813ee3e,2021-06-24,Beef,"Rib, ribeye, bnls, heavy (112A  3)",Select Cuts,,,,Select,,,,,651.0,755.0,,,674.23,$/cwt,6.7423,per lb,National,wholesale,,,,,,61349.0,lb,,2453,National Daily Boxed Beef Cutout & Boxed Beef Cuts - Negotiated Sales - PM (PDF) (LM_XB403),2026-09-26T13:48:36+00:00
97de29883e40ecf6,2021-06-24,Beef,"Rib, ribeye, bnls, light (112A  3)",Choice Cuts,,,,Choice,,,,,950.0,1205.0,,,1005.99,$/cwt,10.0599,per lb,National,wholesale,,,,,,145305.0,lb,,2453,National Daily Boxed Beef Cutout & Boxed Beef Cuts - Negotiated Sales - PM (PDF) (LM_XB403),2026-09-26T13:48:36+00:00
105b67125fcc5b31,2021-06-24,Beef,"Rib, ribeye, bnls, light (112A  3)",Select Cuts,,,,Select,,,,,645.0,749.71,,,647.46,$/cwt,6.4746,per lb,National,wholesale,,,,,,106308.0,lb,,2453,National Daily Boxed Beef Cutout & Boxed Beef Cuts - Negotiated Sales - PM (PDF) (LM_XB403),2026-09-26T13:48:36+00:00
226a96a2a3c6c68f,2021-06-24,Beef,"Rib, ribeye, lip-on, bn-in (109E  1)",Choice Cuts,,,,Choice,,,,,950.0,1019.0,,,972.72,$/cwt,9.7272,per lb,National,wholesale,,,,,,21695.0,lb,,2453,National Daily Boxed Beef Cutout & Boxed Beef Cuts - Negotiated Sales - PM (PDF) (LM_XB403),2026-09-26T13:48:36+00:00
bf30b5d5edc1c2b7,2021-06-24,Beef,"Rib, ribeye, lip-on, bn-in (109E  1)",Select Cuts,,,,Select,,,,,554.15,600.0,,,575.06,$/cwt,5.7506,per lb,National,wholesale,,,,,,14763.0,lb,,2453,National Daily Boxed Beef Cutout & Boxed Beef Cuts - Negotiated Sales - PM (PDF) (LM_XB403),2026-09-26T13:48:36+00:00
ba33632648937672,2021-06-24,Beef,"Round, bone-in (160  1)",Choice Cuts,,,,Choice,,,,,306.0,320.0,,,313.86,$/cwt,3.1386,per lb,National,wholesale,,,,,,1803.0,lb,,2453,National Daily Boxed Beef Cutout & Boxed Beef Cuts - Negotiated Sales - PM (PDF) (LM_XB403),2026-09-26T13:48:36+00:00
a4e9061f8f4f69fc,2021-06-24,Beef,"Round, bottom gooseneck (170  1)",Choice Cuts,,,,Choice,,,,,246.09,325.25,,,251.96,$/cwt,2.5196,per lb,National,wholesale,,,,,,19687.0,lb,,2453,National Daily Boxed Beef Cutout & Boxed Beef Cuts - Negotiated Sales - PM (PDF) (LM_XB403),2026-09-26T13:48:36+00:00
11a49ea380b6ff68,2021-06-24,Beef,"Round, eye of round (171C  3)",Choice Cuts,,,,Choice,,,,,313.0,349.0,,,327.28,$/cwt,3.2728,per lb,National,wholesale,,,,,,65331.0,lb,,2453,National Daily Boxed Beef Cutout & Boxed Beef Cuts - Negotiated Sales - PM (PDF) (LM_XB403),2026-09-26T13:48:36+00:00
6049f27a13bf9012,2021-06-24,Beef,"Round, eye of round (171C  3)",Select Cuts,,,,Select,,,,,315.0,340.5,,,320.5,$/cwt,3.205,per lb,National,wholesale,,,,,,82003.0,lb,,2453,National Daily Boxed Beef Cutout & Boxed Beef Cuts - Negotiated Sales - PM (PDF) (LM_XB403),2026-09-26T13:48:36+00:00
c0033e381c9ece73,2021-06-24,Beef,"Round, knuckle, peeled (167A  4)",Choice Cuts,,,,Choice,,,,,390.0,419.0,,,396.82,$/cwt,3.9682,per lb,National,wholesale,,,,,,53548.0,lb,,2453,National Daily Boxed Beef Cutout & Boxed Beef Cuts - Negotiated Sales - PM (PDF) (LM_XB403),2026-09-26T13:48:36+00:00
42e58e006c45ae03,2021-06-24,Beef,"Round, knuckle, peeled (167A  4)",Select Cuts,,,,Select,,,,,385.0,408.0,,,396.73,$/cwt,3.9673,per lb,National,wholesale,,,,,,12821.0,lb,,2453,National Daily Boxed Beef Cutout & Boxed Beef Cuts - Negotiated Sales - PM (PDF) (LM_XB403),2026-09-26T13:48:36+00:00
01cb4f21bc372dfe,2021-06-24,Beef,"Round, outside round (171B  3)",Choice Cuts,,,,Choice,,,,,290.0,335.0,,,311.04,$/cwt,3.1104,per lb,National,wholesale,,,,,,97333.0,lb,,2453,National Daily Boxed Beef Cutout & Boxed Beef Cuts - Negotiated Sales - PM (PDF) (LM_XB403),2026-09-26T13:48:36+00:00
7fd3032050fd5d95,2021-06-24,Beef,"Round, outside round (171B  3)",Select Cuts,,,,Select,,,,,309.63,335.0,,,314.27,$/cwt,3.1427,per lb,National,wholesale,,,,,,32271.0,lb,,2453,National Daily Boxed Beef Cutout & Boxed Beef Cuts - Negotiated Sales - PM (PDF) (LM_XB403),2026-09-26T13:48:36+00:00
62adec531e543d5b,2021-06-24,Beef,"Round, top inside round (168  1)",Choice Cuts,,,,Choice,,,,,314.37,345.0,,,324.35,$/cwt,3.2435,per lb,National,wholesale,,,,,,16429.0,lb,,2453,National Daily Boxed Beef Cutout & Boxed Beef Cuts - Negotiated Sales - PM (PDF) (LM_XB403),2026-09-26T13:48:36+00:00
ca996a5a1b4dfcac,2021-06-24,Beef,"Round, top inside round (168  1)",Select Cuts,,,,Select,,,,,314.63,325.06,,,316.3,$/cwt,3.163,per lb,National,wholesale,,,,,,6050.0,lb,,2453,National Daily Boxed Beef Cutout & Boxed Beef Cuts - Negotiated Sales - PM (PDF) (LM_XB403),2026-09-26T13:48:36+00:00
d45105d9dfa77f2c,2021-06-24,Beef,"Round, top inside round (168  3)",Choice Cuts,,,,Choice,,,,,302.0,344.0,,,317.76,$/cwt,3.1776,per lb,National,wholesale,,,,,,135954.0,lb,,2453,National Daily Boxed Beef Cutout & Boxed Beef Cuts - Negotiated Sales - PM (PDF) (LM_XB403),2026-09-26T13:48:36+00:00
821566045023c644,2021-06-24,Beef,"Round, top inside round (168  3)",Select Cuts,,,,Select,,,,,281.0,335.26,,,319.29,$/cwt,3.1929,per lb,National,wholesale,,,,,,40366.0,lb,,2453,National Daily Boxed Beef Cutout & Boxed Beef Cuts - Negotiated Sales - PM (PDF) (LM_XB403),2026-09-26T13:48:36+00:00
8abcdcd1e27862bd,2021-06-24,Beef,"Round, top inside, cap off (169A  5)",Choice Cuts,,,,Choice,,,,,437.42,480.0,,,461.59,$/cwt,4.6159,per lb,National,wholesale,,,,,,10439.0,lb,,2453,National Daily Boxed Beef Cutout & Boxed Beef Cuts - Negotiated Sales - PM (PDF) (LM_XB403),2026-09-26T13:48:36+00:00
c7be63c76ba73b1f,2021-06-24,Beef,"Round, top inside, denuded (169  5)",Choice Cuts,,,,Choice,,,,,350.0,420.9,,,354.83,$/cwt,3.5483,per lb,National,wholesale,,,,,,184953.0,lb,,2453,National Daily Boxed Beef Cutout & Boxed Beef Cuts - Negotiated Sales - PM (PDF) (LM_XB403),2026-09-26T13:48:36+00:00
f08b5f3b4fcb4a7a,2021-06-24,Beef,"Round, top inside, denuded (169  5)",Select Cuts,,,,Select,,,,,380.1,383.0,,,381.91,$/cwt,3.8191,per lb,National,wholesale,,,,,,2670.0,lb,,2453,National Daily Boxed Beef Cutout & Boxed Beef Cuts - Negotiated Sales - PM (PDF) (LM_XB403),2026-09-26T13:48:36+00:00
4bb3c981d58b161a,2021-06-24,Beef,"Short Plate, short rib (123A  3)",Choice Cuts,,,,Choice,,,,,525.93,635.9,,,581.48,$/cwt,5.8148,per lb,National,wholesale,,,,,,29421.0,lb,,2453,National Daily Boxed Beef Cutout & Boxed Beef Cuts - Negotiated Sales - PM (PDF) (LM_XB403),2026-09-26T13:48:36+00:00
0f142dbffebbe448,2021-06-24,Beef,"Short Plate, short rib (123A  3)",Select Cuts,,,,Select,,,,,531.0,553.0,,,543.49,$/cwt,5.4349,per lb,National,wholesale,,,,,,6317.0,lb,,2453,National Daily Boxed Beef Cutout & Boxed Beef Cuts - Negotiated Sales - PM (PDF) (LM_XB403),2026-09-26T13:48:36+00:00
e55c4951c7e9abe8,2021-06-25,Beef,"Brisket, deckle-off, bnls (120  1)",Choice Cuts,,,,Choice,,,,,379.0,452.76,,,389.47,$/cwt,3.8947,per lb,National,wholesale,,,,,,139358.0,lb,,2453,National Daily Boxed Beef Cutout & Boxed Beef Cuts - Negotiated Sales - PM (PDF) (LM_XB403),2026-09-26T13:48:36+00:00
22af393d4135e2c6,2021-06-25,Beef,"Brisket, deckle-off, bnls (120  1)",Select Cuts,,,,Select,,,,,336.0,388.0,,,360.77,$/cwt,3.6077,per lb,National,wholesale,,,,,,60873.0,lb,,2453,National Daily Boxed Beef Cutout & Boxed Beef Cuts - Negotiated Sales - PM (PDF) (LM_XB403),2026-09-26T13:48:36+00:00
36cc1370705a4a76,2021-06-25,Beef,"Brisket, point/off, bnls (120A  3)",Choice Cuts,,,,Choice,,,,,689.68,786.0,,,749.64,$/cwt,7.4964,per lb,National,wholesale,,,,,,9332.0,lb,,2453,National Daily Boxed Beef Cutout & Boxed Beef Cuts - Negotiated Sales - PM (PDF) (LM_XB403),2026-09-26T13:48:36+00:00
c8802444c33a0e07,2021-06-25,Beef,"Chuck, chuck tender (116B  1)",Choice Cuts,,,,Choice,,,,,330.0,350.0,,,344.25,$/cwt,3.4425,per lb,National,wholesale,,,,,,50585.0,lb,,2453,National Daily Boxed Beef Cutout & Boxed Beef Cuts - Negotiated Sales - PM (PDF) (LM_XB403),2026-09-26T13:48:36+00:00
173bc528a282bb44,2021-06-25,Beef,"Chuck, chuck tender (116B  1)",Select Cuts,,,,Select,,,,,324.0,345.25,,,334.55,$/cwt,3.3455,per lb,National,wholesale,,,,,,20867.0,lb,,2453,National Daily Boxed Beef Cutout & Boxed Beef Cuts - Negotiated Sales - PM (PDF) (LM_XB403),2026-09-26T13:48:36+00:00
e29765850a619803,2021-06-25,Beef,"Chuck, clod tender (114F  5)",Choice Cuts,,,,Choice,,,,,763.67,782.0,,,773.71,$/cwt,7.7371,per lb,National,wholesale,,,,,,14815.0,lb,,2453,National Daily Boxed Beef Cutout & Boxed Beef Cuts - Negotiated Sales - PM (PDF) (LM_XB403),2026-09-26T13:48:36+00:00
e63942915533c68d,2021-06-25,Beef,"Chuck, clod, top blade (114D  3)",Choice Cuts,,,,Choice,,,,,597.0,603.0,,,600.31,$/cwt,6.0031,per lb,National,wholesale,,,,,,6626.0,lb,,2453,National Daily Boxed Beef Cutout & Boxed Beef Cuts - Negotiated Sales - PM (PDF) (LM_XB403),2026-09-26T13:48:36+00:00
9566e633d561038f,2021-06-25,Beef,"Chuck, flap (116G  4)",Choice Cuts,,,,Choice,,,,,703.67,850.0,,,779.9,$/cwt,7.799,per lb,National,wholesale,,,,,,30709.0,lb,,2453,National Daily Boxed Beef Cutout & Boxed Beef Cuts - Negotiated Sales - PM (PDF) (LM_XB403),2026-09-26T13:48:36+00:00
2aa869876d04b82d,2021-06-25,Beef,"Chuck, flap (116G  4)",Select Cuts,,,,Select,,,,,540.25,725.0,,,623.93,$/cwt,6.2393,per lb,National,wholesale,,,,,,22654.0,lb,,2453,National Daily Boxed Beef Cutout & Boxed Beef Cuts - Negotiated Sales - PM (PDF) (LM_XB403),2026-09-26T13:48:36+00:00
5cf4598c5b9a128e,2021-06-25,Beef,"Chuck, roll, lxl, neck/off (116A  3)",Choice Cuts,,,,Choice,,,,,346.0,375.0,,,357.67,$/cwt,3.5767,per lb,National,wholesale,,,,,,20505.0,lb,,2453,National Daily Boxed Beef Cutout & Boxed Beef Cuts - Negotiated Sales - PM (PDF) (LM_XB403),2026-09-26T13:48:36+00:00
a90ee0c826eb017e,2021-06-25,Beef,"Chuck, roll, lxl, neck/off (116A  3)",Select Cuts,,,,Select,,,,,320.5,346.0,,,332.96,$/cwt,3.3296,per lb,National,wholesale,,,,,,19068.0,lb,,2453,National Daily Boxed Beef Cutout & Boxed Beef Cuts - Negotiated Sales - PM (PDF) (LM_XB403),2026-09-26T13:48:36+00:00
3838f2e3787ab05b,2021-06-25,Beef,"Chuck, roll, retail ready (916A  3)",Choice Cuts,,,,Choice,,,,,395.0,427.4,,,413.01,$/cwt,4.1301,per lb,National,wholesale,,,,,,101438.0,lb,,2453,National Daily Boxed Beef Cutout & Boxed Beef Cuts - Negotiated Sales - PM (PDF) (LM_XB403),2026-09-26T13:48:36+00:00
e703836622ba4c85,2021-06-25,Beef,"Chuck, short rib (130  4)",Choice Cuts,,,,Choice,,,,,485.0,545.0,,,513.71,$/cwt,5.1371,per lb,National,wholesale,,,,,,42657.0,lb,,2453,National Daily Boxed Beef Cutout & Boxed Beef Cuts - Negotiated Sales - PM (PDF) (LM_XB403),2026-09-26T13:48:36+00:00
76a7b02026f051fd,2021-06-25,Beef,"Chuck, shoulder clod (114  1)",Choice Cuts,,,,Choice,,,,,264.98,309.0,,,280.76,$/cwt,2.8076,per lb,National,wholesale,,,,,,105607.0,lb,,2453,National Daily Boxed Beef Cutout & Boxed Beef Cuts - Negotiated Sales - PM (PDF) (LM_XB403),2026-09-26T13:48:36+00:00
85c42d6c9dd015bb,2021-06-25,Beef,"Chuck, shoulder clod, trmd (114A  3)",Choice Cuts,,,,Choice,,,,,271.64,312.0,,,287.96,$/cwt,2.8796,per lb,National,wholesale,,,,,,187748.0,lb,,2453,National Daily Boxed Beef Cutout & Boxed Beef Cuts - Negotiated Sales - PM (PDF) (LM_XB403),2026-09-26T13:48:36+00:00
f7bc2dfe65cfa306,2021-06-25,Beef,"Chuck, shoulder clod, trmd (114A  3)",Select Cuts,,,,Select,,,,,271.0,289.0,,,277.93,$/cwt,2.7793,per lb,National,wholesale,,,,,,43243.0,lb,,2453,National Daily Boxed Beef Cutout & Boxed Beef Cuts - Negotiated Sales - PM (PDF) (LM_XB403),2026-09-26T13:48:36+00:00
09336d1cecdf6527,2021-06-25,Beef,Cutout 600-900 lb,,,,,Choice,,,,,,,,,304.56,$/cwt,3.0456,per lb,National,wholesale,,,,,,,,,2453,National Daily Boxed Beef Cutout & Boxed Beef Cuts - Negotiated Sales - PM (PDF) (LM_XB403),2026-09-26T13:48:36+00:00
be530490db3ba652,2021-06-25,Beef,Cutout 600-900 lb,,,,,Select,,,,,,,,,276.18,$/cwt,2.7618,per lb,National,wholesale,,,,,,,,,2453,National Daily Boxed Beef Cutout & Boxed Beef Cuts - Negotiated Sales - PM (PDF) (LM_XB403),2026-09-26T13:48:36+00:00
82c114b2fb083179,2021-06-25,Beef,"Flank, flank steak (193  4)",Choice Cuts,,,,Choice,,,,,739.68,815.76,,,773.82,$/cwt,7.7382,per lb,National,wholesale,,,,,,32307.0,lb,,2453,National Daily Boxed Beef Cutout & Boxed Beef Cuts - Negotiated Sales - PM (PDF) (LM_XB403),2026-09-26T13:48:36+00:00
afab27bf15ca0bfa,2021-06-25,Beef,Ground Beef 73%,Ground Beef,,,,,,,,,220.0,266.0,,,238.33,$/cwt,2.3833,per lb,National,wholesale,,,,,,24449.0,lb,,2453,National Daily Boxed Beef Cutout & Boxed Beef Cuts - Negotiated Sales - PM (PDF) (LM_XB403),2026-09-26T13:48:36+00:00
c8073376d5004d97,2021-06-25,Beef,Ground Beef 75%,Ground Beef,,,,,,,,,257.0,290.0,,,261.75,$/cwt,2.6175,per lb,National,wholesale,,,,,,4290.0,lb,,2453,National Daily Boxed Beef Cutout & Boxed Beef Cuts - Negotiated Sales - PM (PDF) (LM_XB403),2026-09-26T13:48:36+00:00
15fa5b3faffcf55e,2021-06-25,Beef,Ground Beef 81%,Ground Beef,,,,,,,,,315.31,336.0,,,326.52,$/cwt,3.2652,per lb,National,wholesale,,,,,,71781.0,lb,,2453,National Daily Boxed Beef Cutout & Boxed Beef Cuts - Negotiated Sales - PM (PDF) (LM_XB403),2026-09-26T13:48:36+00:00
cc8ec9f66f40c58f,2021-06-25,Beef,Ground Beef 93%,Ground Beef,,,,,,,,,383.18,408.0,,,403.71,$/cwt,4.0371,per lb,National,wholesale,,,,,,4870.0,lb,,2453,National Daily Boxed Beef Cutout & Boxed Beef Cuts - Negotiated Sales - PM (PDF) (LM_XB403),2026-09-26T13:48:36+00:00
a9b5f074ff47de2d,2021-06-25,Beef,Ground Beef Chuck,Ground Beef,,,,,,,,,306.0,332.32,,,319.21,$/cwt,3.1921,per lb,National,wholesale,,,,,,38757.0,lb,,2453,National Daily Boxed Beef Cutout & Boxed Beef Cuts - Negotiated Sales - PM (PDF) (LM_XB403),2026-09-26T13:48:36+00:00
db4ee4073b2fc05c,2021-06-25,Beef,"Loin, ball-tip, bnls, heavy (185B  1)",Choice Cuts,,,,Choice,,,,,338.5,340.0,,,339.89,$/cwt,3.3989,per lb,National,wholesale,,,,,,4753.0,lb,,2453,National Daily Boxed Beef Cutout & Boxed Beef Cuts - Negotiated Sales - PM (PDF) (LM_XB403),2026-09-26T13:48:36+00:00
e2d4fc12011507de,2021-06-25,Beef,"Loin, ball-tip, bnls, heavy (185B  1)",Select Cuts,,,,Select,,,,,307.0,350.0,,,319.66,$/cwt,3.1966,per lb,National,wholesale,,,,,,22708.0,lb,,2453,National Daily Boxed Beef Cutout & Boxed Beef Cuts - Negotiated Sales - PM (PDF) (LM_XB403),2026-09-26T13:48:36+00:00
81bda98adb9297b6,2021-06-25,Beef,"Loin, bottom sirloin, flap (185A  4)",Choice Cuts,,,,Choice,,,,,673.0,763.76,,,700.21,$/cwt,7.0021,per lb,National,wholesale,,,,,,65058.0,lb,,2453,National Daily Boxed Beef Cutout & Boxed Beef Cuts - Negotiated Sales - PM (PDF) (LM_XB403),2026-09-26T13:48:36+00:00
025e9b7abb6595e9,2021-06-25,Beef,"Loin, bottom sirloin, flap (185A  4)",Select Cuts,,,,Select,,,,,675.0,766.0,,,691.86,$/cwt,6.9186,per lb,National,wholesale,,,,,,13268.0,lb,,2453,National Daily Boxed Beef Cutout & Boxed Beef Cuts - Negotiated Sales - PM (PDF) (LM_XB403),2026-09-26T13:48:36+00:00
48ac54d65e22ef4d,2021-06-25,Beef,"Loin, butt tender, trimmed (191A  4)",Choice Cuts,,,,Choice,,,,,1550.0,1775.0,,,1653.1,$/cwt,16.531,per lb,National,wholesale,,,,,,18537.0,lb,,2453,National Daily Boxed Beef Cutout & Boxed Beef Cuts - Negotiated Sales - PM (PDF) (LM_XB403),2026-09-26T13:48:36+00:00
cbbb4a271f8b85ac,2021-06-25,Beef,"Loin, butt tender, trimmed (191A  4)",Select Cuts,,,,Select,,,,,1499.44,1756.0,,,1613.8,$/cwt,16.138,per lb,National,wholesale,,,,,,5568.0,lb,,2453,National Daily Boxed Beef Cutout & Boxed Beef Cuts - Negotiated Sales - PM (PDF) (LM_XB403),2026-09-26T13:48:36+00:00
6e7926ad43f9fa7c,2021-06-25,Beef,"Loin, short loin, 0x1 (174  3)",Choice Cuts,,,,Choice,,,,,700.0,936.0,,,747.47,$/cwt,7.4747,per lb,National,wholesale,,,,,,203527.0,lb,,2453,National Daily Boxed Beef Cutout & Boxed Beef Cuts - Negotiated Sales - PM (PDF) (LM_XB403),2026-09-26T13:48:36+00:00
38b422317be3e7b4,2021-06-25,Beef,"Loin, short loin, 0x1 (174  3)",Select Cuts,,,,Select,,,,,575.0,590.0,,,587.61,$/cwt,5.8761,per lb,National,wholesale,,,,,,1226.0,lb,,2453,National Daily Boxed Beef Cutout & Boxed Beef Cuts - Negotiated Sales - PM (PDF) (LM_XB403),2026-09-26T13:48:36+00:00
ddc014b22657e7d2,2021-06-25,Beef,"Loin, sirloin, tri-tip (185C  1)",Choice Cuts,,,,Choice,,,,,415.0,451.67,,,442.42,$/cwt,4.4242,per lb,National,wholesale,,,,,,40076.0,lb,,2453,National Daily Boxed Beef Cutout & Boxed Beef Cuts - Negotiated Sales - PM (PDF) (LM_XB403),2026-09-26T13:48:36+00:00
7cb14e68ff813e3a,2021-06-25,Beef,"Loin, strip, bnls, 0x1 (180  3)",Choice Cuts,,,,Choice,,,,,853.15,1003.76,,,907.5,$/cwt,9.075,per lb,National,wholesale,,,,,,110636.0,lb,,2453,National Daily Boxed Beef Cutout & Boxed Beef Cuts - Negotiated Sales - PM (PDF) (LM_XB403),2026-09-26T13:48:36+00:00
603e129878b79192,2021-06-25,Beef,"Loin, strip, bnls, 0x1 (180  3)",Select Cuts,,,,Select,,,,,540.0,641.0,,,576.43,$/cwt,5.7643,per lb,National,wholesale,,,,,,38350.0,lb,,2453,National Daily Boxed Beef Cutout & Boxed Beef Cuts - Negotiated Sales - PM (PDF) (LM_XB403),2026-09-26T13:48:36+00:00
45e02597798703a2,2021-06-25,Beef,"Loin, tndrloin, trmd, heavy (189A  4)",Choice Cuts,,,,Choice,,,,,1685.0,1872.7,,,1759.55,$/cwt,17.5955,per lb,National,wholesale,,,,,,55407.0,lb,,2453,National Daily Boxed Beef Cutout & Boxed Beef Cuts - Negotiated Sales - PM (PDF) (LM_XB403),2026-09-26T13:48:36+00:00
c9fd0b9bba02cb9f,2021-06-25,Beef,"Loin, tndrloin, trmd, heavy (189A  4)",Select Cuts,,,,Select,,,,,1399.23,1756.0,,,1473.4,$/cwt,14.734,per lb,National,wholesale,,,,,,55578.0,lb,,2453,National Daily Boxed Beef Cutout & Boxed Beef Cuts - Negotiated Sales - PM (PDF) (LM_XB403),2026-09-26T13:48:36+00:00
e2100cc4972d2ec6,2021-06-25,Beef,"Loin, top butt, CC (184B  3)",Choice Cuts,,,,Choice,,,,,549.0,644.0,,,562.63,$/cwt,5.6263,per lb,National,wholesale,,,,,,7656.0,lb,,2453,National Daily Boxed Beef Cutout & Boxed Beef Cuts - Negotiated Sales - PM (PDF) (LM_XB403),2026-09-26T13:48:36+00:00
0f6c6966731a2be7,2021-06-25,Beef,"Loin, top butt, bnls, heavy (184  1)",Choice Cuts,,,,Choice,,,,,468.76,490.0,,,480.07,$/cwt,4.8007,per lb,National,wholesale,,,,,,1625.0,lb,,2453,National Daily Boxed Beef Cutout & Boxed Beef Cuts - Negotiated Sales - PM (PDF) (LM_XB403),2026-09-26T13:48:36+00:00
9968cefc6c1ca442,2021-06-25,Beef,"Loin, top butt, bnls, heavy (184  1)",Select Cuts,,,,Select,,,,,361.0,370.0,,,365.82,$/cwt,3.6582,per lb,National,wholesale,,,,,,1116.0,lb,,2453,National Daily Boxed Beef Cutout & Boxed Beef Cuts - Negotiated Sales - PM (PDF) (LM_XB403),2026-09-26T13:48:36+00:00
1e3e2f90dcb4bb9d,2021-06-25,Beef,"Loin, top butt, boneless (184  3)",Choice Cuts,,,,Choice,,,,,370.0,491.25,,,436.96,$/cwt,4.3696,per lb,National,wholesale,,,,,,125164.0,lb,,2453,National Daily Boxed Beef Cutout & Boxed Beef Cuts - Negotiated Sales - PM (PDF) (LM_XB403),2026-09-26T13:48:36+00:00
767f58b7de73bdc6,2021-06-25,Beef,"Loin, top butt, boneless (184  3)",Select Cuts,,,,Select,,,,,338.0,375.0,,,360.56,$/cwt,3.6056,per lb,National,wholesale,,,,,,149770.0,lb,,2453,National Daily Boxed Beef Cutout & Boxed Beef Cuts - Negotiated Sales - PM (PDF) (LM_XB403),2026-09-26T13:48:36+00:00
16887f250b58334d,2021-06-25,Beef,"Rib, ribeye, bnls, heavy (112A  3)",Choice Cuts,,,,Choice,,,,,1045.0,1175.0,,,1087.48,$/cwt,10.8748,per lb,National,wholesale,,,,,,15249.0,lb,,2453,National Daily Boxed Beef Cutout & Boxed Beef Cuts - Negotiated Sales - PM (PDF) (LM_XB403),2026-09-26T13:48:36+00:00
a0b4dd015f446ebc,2021-06-25,Beef,"Rib, ribeye, bnls, heavy (112A  3)",Select Cuts,,,,Select,,,,,648.0,700.0,,,664.93,$/cwt,6.6493,per lb,National,wholesale,,,,,,18990.0,lb,,2453,National Daily Boxed Beef Cutout & Boxed Beef Cuts - Negotiated Sales - PM (PDF) (LM_XB403),2026-09-26T13:48:36+00:00
b5817b51db58a706,2021-06-25,Beef,"Rib, ribeye, bnls, light (112A  3)",Choice Cuts,,,,Choice,,,,,1015.0,1100.7,,,1065.46,$/cwt,10.6546,per lb,National,wholesale,,,,,,10612.0,lb,,2453,National Daily Boxed Beef Cutout & Boxed Beef Cuts - Negotiated Sales - PM (PDF) (LM_XB403),2026-09-26T13:48:36+00:00
077eb3466b63ea00,2021-06-25,Beef,"Rib, ribeye, bnls, light (112A  3)",Select Cuts,,,,Select,,,,,660.0,730.0,,,686.07,$/cwt,6.8607,per lb,National,wholesale,,,,,,30374.0,lb,,2453,National Daily Boxed Beef Cutout & Boxed Beef Cuts - Negotiated Sales - PM (PDF) (LM_XB403),2026-09-26T13:48:36+00:00
4b938eb68af42d90,2021-06-25,Beef,"Rib, ribeye, lip-on, bn-in (109E  1)",Choice Cuts,,,,Choice,,,,,751.7,991.0,,,825.85,$/cwt,8.2585,per lb,National,wholesale,,,,,,155472.0,lb,,2453,National Daily Boxed Beef Cutout & Boxed Beef Cuts - Negotiated Sales - PM (PDF) (LM_XB403),2026-09-26T13:48:36+00:00
784e6bcdb2e99e8f,2021-06-25,Beef,"Rib, ribeye, lip-on, bn-in (109E  1)",Select Cuts,,,,Select,,,,,580.0,616.0,,,588.32,$/cwt,5.8832,per lb,National,wholesale,,,,,,1726.0,lb,,2453,National Daily Boxed Beef Cutout & Boxed Beef Cuts - Negotiated Sales - PM (PDF) (LM_XB403),2026-09-26T13:48:36+00:00
6cbc9f769b159f38,2021-06-25,Beef,"Round, bottom gooseneck (170  1)",Choice Cuts,,,,Choice,,,,,308.0,325.0,,,311.86,$/cwt,3.1186,per lb,National,wholesale,,,,,,5453.0,lb,,2453,National Daily Boxed Beef Cutout & Boxed Beef Cuts - Negotiated Sales - PM (PDF) (LM_XB403),2026-09-26T13:48:36+00:00
9ed95600f6c079fe,2021-06-25,Beef,"Round, eye of round (171C  3)",Choice Cuts,,,,Choice,,,,,324.5,340.0,,,331.0,$/cwt,3.31,per lb,National,wholesale,,,,,,26591.0,lb,,2453,National Daily Boxed Beef Cutout & Boxed Beef Cuts - Negotiated Sales - PM (PDF) (LM_XB403),2026-09-26T13:48:36+00:00
97ae90b063952bee,2021-06-25,Beef,"Round, eye of round (171C  3)",Select Cuts,,,,Select,,,,,329.25,349.25,,,343.12,$/cwt,3.4312,per lb,National,wholesale,,,,,,4639.0,lb,,2453,National Daily Boxed Beef Cutout & Boxed Beef Cuts - Negotiated Sales - PM (PDF) (LM_XB403),2026-09-26T13:48:36+00:00
cd87b17c38168fdc,2021-06-25,Beef,"Round, knuckle, peeled (167A  4)",Choice Cuts,,,,Choice,,,,,386.0,398.0,,,392.74,$/cwt,3.9274,per lb,National,wholesale,,,,,,35424.0,lb,,2453,National Daily Boxed Beef Cutout & Boxed Beef Cuts - Negotiated Sales - PM (PDF) (LM_XB403),2026-09-26T13:48:36+00:00
94298889ffc0d947,2021-06-25,Beef,"Round, outside round (171B  3)",Choice Cuts,,,,Choice,,,,,290.0,335.5,,,311.47,$/cwt,3.1147,per lb,National,wholesale,,,,,,68438.0,lb,,2453,National Daily Boxed Beef Cutout & Boxed Beef Cuts - Negotiated Sales - PM (PDF) (LM_XB403),2026-09-26T13:48:36+00:00
cc557b8390bf12c9,2021-06-25,Beef,"Round, outside round (171B  3)",Select Cuts,,,,Select,,,,,289.0,324.0,,,299.89,$/cwt,2.9989,per lb,National,wholesale,,,,,,28823.0,lb,,2453,National Daily Boxed Beef Cutout & Boxed Beef Cuts - Negotiated Sales - PM (PDF) (LM_XB403),2026-09-26T13:48:36+00:00
a91043f8edca7a6e,2021-06-25,Beef,"Round, top inside round (168  1)",Choice Cuts,,,,Choice,,,,,280.0,345.0,,,281.78,$/cwt,2.8178,per lb,National,wholesale,,,,,,209990.0,lb,,2453,National Daily Boxed Beef Cutout & Boxed Beef Cuts - Negotiated Sales - PM (PDF) (LM_XB403),2026-09-26T13:48:36+00:00
f8ab999e2006d28b,2021-06-25,Beef,"Round, top inside round (168  3)",Choice Cuts,,,,Choice,,,,,282.22,348.76,,,296.46,$/cwt,2.9646,per lb,National,wholesale,,,,,,307441.0,lb,,2453,National Daily Boxed Beef Cutout & Boxed Beef Cuts - Negotiated Sales - PM (PDF) (LM_XB403),2026-09-26T13:48:36+00:00
da4c7be46f77f483,2021-06-25,Beef,"Round, top inside round (168  3)",Select Cuts,,,,Select,,,,,282.22,315.0,,,296.98,$/cwt,2.9698,per lb,National,wholesale,,,,,,45586.0,lb,,2453,National Daily Boxed Beef Cutout & Boxed Beef Cuts - Negotiated Sales - PM (PDF) (LM_XB403),2026-09-26T13:48:36+00:00
1f7f54f9a9ef49b2,2021-06-25,Beef,"Round, top inside, cap off (169A  5)",Choice Cuts,,,,Choice,,,,,385.0,526.0,,,414.28,$/cwt,4.1428,per lb,National,wholesale,,,,,,114436.0,lb,,2453,National Daily Boxed Beef Cutout & Boxed Beef Cuts - Negotiated Sales - PM (PDF) (LM_XB403),2026-09-26T13:48:36+00:00
889abe70ada0409b,2021-06-25,Beef,"Round, top inside, denuded (169  5)",Choice Cuts,,,,Choice,,,,,334.0,388.0,,,354.31,$/cwt,3.5431,per lb,National,wholesale,,,,,,31326.0,lb,,2453,National Daily Boxed Beef Cutout & Boxed Beef Cuts - Negotiated Sales - PM (PDF) (LM_XB403),2026-09-26T13:48:36+00:00
bf0deb54e2844098,2021-06-25,Beef,"Short Plate, short rib (123A  3)",Choice Cuts,,,,Choice,,,,,525.27,600.0,,,545.08,$/cwt,5.4508,per lb,National,wholesale,,,,,,32696.0,lb,,2453,National Daily Boxed Beef Cutout & Boxed Beef Cuts - Negotiated Sales - PM (PDF) (LM_XB403),2026-09-26T13:48:36+00:00
4ea43b528a9048cb,2021-06-25,Beef,"Short Plate, short rib (123A  3)",Select Cuts,,,,Select,,,,,524.5,560.0,,,549.43,$/cwt,5.4943,per lb,National,wholesale,,,,,,13312.0,lb,,2453,National Daily Boxed Beef Cutout & Boxed Beef Cuts - Negotiated Sales - PM (PDF) (LM_XB403),2026-09-26T13:48:36+00:00
5e15aa344a53a1d0,2021-06-28,Beef,"Brisket, deckle-off, bnls (120  1)",Choice Cuts,,,,Choice,,,,,368.03,450.0,,,383.56,$/cwt,3.8356,per lb,National,wholesale,,,,,,194950.0,lb,,2453,National Daily Boxed Beef Cutout & Boxed Beef Cuts - Negotiated Sales - PM (PDF) (LM_XB403),2026-09-26T13:48:36+00:00
25058fc885730ae9,2021-06-28,Beef,"Brisket, deckle-off, bnls (120  1)",Select Cuts,,,,Select,,,,,350.0,392.25,,,364.55,$/cwt,3.6455,per lb,National,wholesale,,,,,,53193.0,lb,,2453,National Daily Boxed Beef Cutout & Boxed Beef Cuts - Negotiated Sales - PM (PDF) (LM_XB403),2026-09-26T13:48:36+00:00
c68b48c7613207c6,2021-06-28,Beef,"Brisket, point/off, bnls (120A  3)",Choice Cuts,,,,Choice,,,,,680.0,765.0,,,757.54,$/cwt,7.5754,per lb,National,wholesale,,,,,,8328.0,lb,,2453,National Daily Boxed Beef Cutout & Boxed Beef Cuts - Negotiated Sales - PM (PDF) (LM_XB403),2026-09-26T13:48:36+00:00
4c88e42e1923c21e,2021-06-28,Beef,"Chuck, chuck tender (116B  1)",Choice Cuts,,,,Choice,,,,,320.0,351.0,,,340.35,$/cwt,3.4035,per lb,National,wholesale,,,,,,21922.0,lb,,2453,National Daily Boxed Beef Cutout & Boxed Beef Cuts - Negotiated Sales - PM (PDF) (LM_XB403),2026-09-26T13:48:36+00:00
f100e54b6cbb8dc6,2021-06-28,Beef,"Chuck, chuck tender (116B  1)",Select Cuts,,,,Select,,,,,327.0,350.0,,,341.25,$/cwt,3.4125,per lb,National,wholesale,,,,,,12070.0,lb,,2453,National Daily Boxed Beef Cutout & Boxed Beef Cuts - Negotiated Sales - PM (PDF) (LM_XB403),2026-09-26T13:48:36+00:00
e7de00673ed10c8b,2021-06-28,Beef,"Chuck, clod tender (114F  5)",Choice Cuts,,,,Choice,,,,,775.0,800.0,,,783.25,$/cwt,7.8325,per lb,National,wholesale,,,,,,11190.0,lb,,2453,National Daily Boxed Beef Cutout & Boxed Beef Cuts - Negotiated Sales - PM (PDF) (LM_XB403),2026-09-26T13:48:36+00:00
3c2f66a84e8a938d,2021-06-28,Beef,"Chuck, clod, arm roast (114E  3)",Choice Cuts,,,,Choice,,,,,400.0,420.0,,,411.6,$/cwt,4.116,per lb,National,wholesale,,,,,,6508.0,lb,,2453,National Daily Boxed Beef Cutout & Boxed Beef Cuts - Negotiated Sales - PM (PDF) (LM_XB403),2026-09-26T13:48:36+00:00
52fc159c4e5c1b4f,2021-06-28,Beef,"Chuck, clod, top blade (114D  3)",Choice Cuts,,,,Choice,,,,,590.0,625.0,,,601.26,$/cwt,6.0126,per lb,National,wholesale,,,,,,15273.0,lb,,2453,National Daily Boxed Beef Cutout & Boxed Beef Cuts - Negotiated Sales - PM (PDF) (LM_XB403),2026-09-26T13:48:36+00:00
c7d0ed9135b8e48c,2021-06-28,Beef,"Chuck, flap (116G  4)",Choice Cuts,,,,Choice,,,,,733.0,823.0,,,791.37,$/cwt,7.9137,per lb,National,wholesale,,,,,,22961.0,lb,,2453,National Daily Boxed Beef Cutout & Boxed Beef Cuts - Negotiated Sales - PM (PDF) (LM_XB403),2026-09-26T13:48:36+00:00
24d078d1547ae6bf,2021-06-28,Beef,"Chuck, flap (116G  4)",Select Cuts,,,,Select,,,,,610.0,730.0,,,682.93,$/cwt,6.8293,per lb,National,wholesale,,,,,,30729.0,lb,,2453,National Daily Boxed Beef Cutout & Boxed Beef Cuts - Negotiated Sales - PM (PDF) (LM_XB403),2026-09-26T13:48:36+00:00
3057ca61a082ee6d,2021-06-28,Beef,"Chuck, roll, lxl, neck/off (116A  3)",Choice Cuts,,,,Choice,,,,,342.45,375.0,,,354.36,$/cwt,3.5436,per lb,National,wholesale,,,,,,82259.0,lb,,2453,National Daily Boxed Beef Cutout & Boxed Beef Cuts - Negotiated Sales - PM (PDF) (LM_XB403),2026-09-26T13:48:36+00:00
0d6d22fee8e98e21,2021-06-28,Beef,"Chuck, roll, lxl, neck/off (116A  3)",Select Cuts,,,,Select,,,,,321.0,360.0,,,336.68,$/cwt,3.3668,per lb,National,wholesale,,,,,,47354.0,lb,,2453,National Daily Boxed Beef Cutout & Boxed Beef Cuts - Negotiated Sales - PM (PDF) (LM_XB403),2026-09-26T13:48:36+00:00
2013a6ac542bb5d0,2021-06-28,Beef,"Chuck, roll, retail ready (916A  3)",Choice Cuts,,,,Choice,,,,,395.0,415.0,,,407.51,$/cwt,4.0751,per lb,National,wholesale,,,,,,23177.0,lb,,2453,National Daily Boxed Beef Cutout & Boxed Beef Cuts - Negotiated Sales - PM (PDF) (LM_XB403),2026-09-26T13:48:36+00:00
9c40b8fdf4c2c12a,2021-06-28,Beef,"Chuck, semi-bnls, neck/off (113C  1)",Choice Cuts,,,,Choice,,,,,276.0,311.0,,,303.37,$/cwt,3.0337,per lb,National,wholesale,,,,,,62316.0,lb,,2453,National Daily Boxed Beef Cutout & Boxed Beef Cuts - Negotiated Sales - PM (PDF) (LM_XB403),2026-09-26T13:48:36+00:00
261616d23b45420e,2021-06-28,Beef,"Chuck, short rib (130  4)",Choice Cuts,,,,Choice,,,,,484.0,537.0,,,510.04,$/cwt,5.1004,per lb,National,wholesale,,,,,,34860.0,lb,,2453,National Daily Boxed Beef Cutout & Boxed Beef Cuts - Negotiated Sales - PM (PDF) (LM_XB403),2026-09-26T13:48:36+00:00
1da77e4dc33c6bbf,2021-06-28,Beef,"Chuck, short rib (130  4)",Select Cuts,,,,Select,,,,,465.0,500.0,,,493.15,$/cwt,4.9315,per lb,National,wholesale,,,,,,6687.0,lb,,2453,National Daily Boxed Beef Cutout & Boxed Beef Cuts - Negotiated Sales - PM (PDF) (LM_XB403),2026-09-26T13:48:36+00:00
f8807206925adaf7,2021-06-28,Beef,"Chuck, shoulder clod (114  1)",Choice Cuts,,,,Choice,,,,,258.63,289.0,,,267.82,$/cwt,2.6782,per lb,National,wholesale,,,,,,26544.0,lb,,2453,National Daily Boxed Beef Cutout & Boxed Beef Cuts - Negotiated Sales - PM (PDF) (LM_XB403),2026-09-26T13:48:36+00:00
550f617ed15a963e,2021-06-28,Beef,"Chuck, shoulder clod, trmd (114A  3)",Choice Cuts,,,,Choice,,,,,260.45,325.0,,,269.77,$/cwt,2.6977,per lb,National,wholesale,,,,,,362131.0,lb,,2453,National Daily Boxed Beef Cutout & Boxed Beef Cuts - Negotiated Sales - PM (PDF) (LM_XB403),2026-09-26T13:48:36+00:00
4946aefefcc54839,2021-06-28,Beef,"Chuck, shoulder clod, trmd (114A  3)",Select Cuts,,,,Select,,,,,280.63,295.3,,,290.63,$/cwt,2.9063,per lb,National,wholesale,,,,,,20386.0,lb,,2453,National Daily Boxed Beef Cutout & Boxed Beef Cuts - Negotiated Sales - PM (PDF) (LM_XB403),2026-09-26T13:48:36+00:00
afa31a36ebd8e2a9,2021-06-28,Beef,Cutout 600-900 lb,,,,,Choice,,,,,,,,,297.43,$/cwt,2.9743,per lb,National,wholesale,,,,,,,,,2453,National Daily Boxed Beef Cutout & Boxed Beef Cuts - Negotiated Sales - PM (PDF) (LM_XB403),2026-09-26T13:48:36+00:00
eedfecad649a6794,2021-06-28,Beef,Cutout 600-900 lb,,,,,Select,,,,,,,,,273.96,$/cwt,2.7396,per lb,National,wholesale,,,,,,,,,2453,National Daily Boxed Beef Cutout & Boxed Beef Cuts - Negotiated Sales - PM (PDF) (LM_XB403),2026-09-26T13:48:36+00:00
331c3e298c98616d,2021-06-28,Beef,"Flank, flank steak (193  4)",Choice Cuts,,,,Choice,,,,,730.0,800.0,,,754.5,$/cwt,7.545,per lb,National,wholesale,,,,,,20241.0,lb,,2453,National Daily Boxed Beef Cutout & Boxed Beef Cuts - Negotiated Sales - PM (PDF) (LM_XB403),2026-09-26T13:48:36+00:00
f45f0fce24b1235e,2021-06-28,Beef,"Flank, flank steak (193  4)",Select Cuts,,,,Select,,,,,700.0,821.0,,,763.54,$/cwt,7.6354,per lb,National,wholesale,,,,,,9636.0,lb,,2453,National Daily Boxed Beef Cutout & Boxed Beef Cuts - Negotiated Sales - PM (PDF) (LM_XB403),2026-09-26T13:48:36+00:00
83a4b8b53b7144c5,2021-06-28,Beef,Ground Beef 73%,Ground Beef,,,,,,,,,227.0,242.3,,,229.74,$/cwt,2.2974,per lb,National,wholesale,,,,,,7431.0,lb,,2453,National Daily Boxed Beef Cutout & Boxed Beef Cuts - Negotiated Sales - PM (PDF) (LM_XB403),2026-09-26T13:48:36+00:00
7fd6a02c5275731b,2021-06-28,Beef,Ground Beef 81%,Ground Beef,,,,,,,,,303.55,336.0,,,313.59,$/cwt,3.1359,per lb,National,wholesale,,,,,,55733.0,lb,,2453,National Daily Boxed Beef Cutout & Boxed Beef Cuts - Negotiated Sales - PM (PDF) (LM_XB403),2026-09-26T13:48:36+00:00
f1790713bbaadd15,2021-06-28,Beef,Ground Beef Chuck,Ground Beef,,,,,,,,,310.39,331.0,,,311.8,$/cwt,3.118,per lb,National,wholesale,,,,,,33385.0,lb,,2453,National Daily Boxed Beef Cutout & Boxed Beef Cuts - Negotiated Sales - PM (PDF) (LM_XB403),2026-09-26T13:48:36+00:00
fbe50f7bd74b749b,2021-06-28,Beef,"Loin, ball-tip, bnls, heavy (185B  1)",Choice Cuts,,,,Choice,,,,,315.0,336.0,,,320.42,$/cwt,3.2042,per lb,National,wholesale,,,,,,47972.0,lb,,2453,National Daily Boxed Beef Cutout & Boxed Beef Cuts - Negotiated Sales - PM (PDF) (LM_XB403),2026-09-26T13:48:36+00:00
896ac5b4d6e03a79,2021-06-28,Beef,"Loin, ball-tip, bnls, heavy (185B  1)",Select Cuts,,,,Select,,,,,324.3,351.5,,,336.63,$/cwt,3.3663,per lb,National,wholesale,,,,,,1244.0,lb,,2453,National Daily Boxed Beef Cutout & Boxed Beef Cuts - Negotiated Sales - PM (PDF) (LM_XB403),2026-09-26T13:48:36+00:00
3e2e2e7007b7500a,2021-06-28,Beef,"Loin, bottom sirloin, flap (185A  4)",Choice Cuts,,,,Choice,,,,,585.0,760.0,,,607.98,$/cwt,6.0798,per lb,National,wholesale,,,,,,481859.0,lb,,2453,National Daily Boxed Beef Cutout & Boxed Beef Cuts - Negotiated Sales - PM (PDF) (LM_XB403),2026-09-26T13:48:36+00:00
18586a5eaeedeed4,2021-06-28,Beef,"Loin, bottom sirloin, flap (185A  4)",Select Cuts,,,,Select,,,,,630.0,767.0,,,657.49,$/cwt,6.5749,per lb,National,wholesale,,,,,,59795.0,lb,,2453,National Daily Boxed Beef Cutout & Boxed Beef Cuts - Negotiated Sales - PM (PDF) (LM_XB403),2026-09-26T13:48:36+00:00
20b6604a99a06046,2021-06-28,Beef,"Loin, butt tender, trimmed (191A  4)",Choice Cuts,,,,Choice,,,,,1700.0,1775.0,,,1768.89,$/cwt,17.6889,per lb,National,wholesale,,,,,,11718.0,lb,,2453,National Daily Boxed Beef Cutout & Boxed Beef Cuts - Negotiated Sales - PM (PDF) (LM_XB403),2026-09-26T13:48:36+00:00
3d309c2ecc1594b1,2021-06-28,Beef,"Loin, short loin, 0x1 (174  3)",Choice Cuts,,,,Choice,,,,,703.29,896.4,,,794.94,$/cwt,7.9494,per lb,National,wholesale,,,,,,32554.0,lb,,2453,National Daily Boxed Beef Cutout & Boxed Beef Cuts - Negotiated Sales - PM (PDF) (LM_XB403),2026-09-26T13:48:36+00:00
08b4760a930c821c,2021-06-28,Beef,"Loin, short loin, 0x1 (174  3)",Select Cuts,,,,Select,,,,,570.0,590.29,,,571.09,$/cwt,5.7109,per lb,National,wholesale,,,,,,114370.0,lb,,2453,National Daily Boxed Beef Cutout & Boxed Beef Cuts - Negotiated Sales - PM (PDF) (LM_XB403),2026-09-26T13:48:36+00:00
35d00399e6f6a548,2021-06-28,Beef,"Loin, sirloin, tri-tip (185C  1)",Choice Cuts,,,,Choice,,,,,395.0,464.5,,,410.75,$/cwt,4.1075,per lb,National,wholesale,,,,,,109160.0,lb,,2453,National Daily Boxed Beef Cutout & Boxed Beef Cuts - Negotiated Sales - PM (PDF) (LM_XB403),2026-09-26T13:48:36+00:00
dd8da88ee9ff20e2,2021-06-28,Beef,"Loin, sirloin, tri-tip (185C  1)",Select Cuts,,,,Select,,,,,323.58,379.1,,,369.7,$/cwt,3.697,per lb,National,wholesale,,,,,,6335.0,lb,,2453,National Daily Boxed Beef Cutout & Boxed Beef Cuts - Negotiated Sales - PM (PDF) (LM_XB403),2026-09-26T13:48:36+00:00
9a4d342e2f912e7b,2021-06-28,Beef,"Loin, strip loin, 1x1 (175  3)",Choice Cuts,,,,Choice,,,,,684.0,774.5,,,721.03,$/cwt,7.2103,per lb,National,wholesale,,,,,,39904.0,lb,,2453,National Daily Boxed Beef Cutout & Boxed Beef Cuts - Negotiated Sales - PM (PDF) (LM_XB403),2026-09-26T13:48:36+00:00
d9a8ce81306ad23a,2021-06-28,Beef,"Loin, strip, bnls, 0x1 (180  3)",Choice Cuts,,,,Choice,,,,,842.81,957.4,,,910.99,$/cwt,9.1099,per lb,National,wholesale,,,,,,31137.0,lb,,2453,National Daily Boxed Beef Cutout & Boxed Beef Cuts - Negotiated Sales - PM (PDF) (LM_XB403),2026-09-26T13:48:36+00:00
bb77d3e2cdb44781,2021-06-28,Beef,"Loin, strip, bnls, 0x1 (180  3)",Select Cuts,,,,Select,,,,,547.0,630.2,,,562.75,$/cwt,5.6275,per lb,National,wholesale,,,,,,18761.0,lb,,2453,National Daily Boxed Beef Cutout & Boxed Beef Cuts - Negotiated Sales - PM (PDF) (LM_XB403),2026-09-26T13:48:36+00:00
8ae2c9767b035bb1,2021-06-28,Beef,"Loin, tndrloin, trmd, heavy (189A  4)",Choice Cuts,,,,Choice,,,,,1635.0,1871.0,,,1681.26,$/cwt,16.8126,per lb,National,wholesale,,,,,,39154.0,lb,,2453,National Daily Boxed Beef Cutout & Boxed Beef Cuts - Negotiated Sales - PM (PDF) (LM_XB403),2026-09-26T13:48:36+00:00
8e8ae4d06a521087,2021-06-28,Beef,"Loin, tndrloin, trmd, heavy (189A  4)",Select Cuts,,,,Select,,,,,1336.0,1553.0,,,1362.82,$/cwt,13.6282,per lb,National,wholesale,,,,,,30116.0,lb,,2453,National Daily Boxed Beef Cutout & Boxed Beef Cuts - Negotiated Sales - PM (PDF) (LM_XB403),2026-09-26T13:48:36+00:00
3be8a47ba851fd15,2021-06-28,Beef,"Loin, top butt, boneless (184  3)",Choice Cuts,,,,Choice,,,,,394.5,450.0,,,416.61,$/cwt,4.1661,per lb,National,wholesale,,,,,,130587.0,lb,,2453,National Daily Boxed Beef Cutout & Boxed Beef Cuts - Negotiated Sales - PM (PDF) (LM_XB403),2026-09-26T13:48:36+00:00
e2640ce131b00818,2021-06-28,Beef,"Loin, top butt, boneless (184  3)",Select Cuts,,,,Select,,,,,355.5,383.75,,,371.38,$/cwt,3.7138,per lb,National,wholesale,,,,,,43856.0,lb,,2453,National Daily Boxed Beef Cutout & Boxed Beef Cuts - Negotiated Sales - PM (PDF) (LM_XB403),2026-09-26T13:48:36+00:00
3ca0fabe92fb130f,2021-06-28,Beef,"Rib, ribeye, bnls, heavy (112A  3)",Choice Cuts,,,,Choice,,,,,949.96,1175.0,,,1050.48,$/cwt,10.5048,per lb,National,wholesale,,,,,,41087.0,lb,,2453,National Daily Boxed Beef Cutout & Boxed Beef Cuts - Negotiated Sales - PM (PDF) (LM_XB403),2026-09-26T13:48:36+00:00
53007e4eac9a8680,2021-06-28,Beef,"Rib, ribeye, bnls, heavy (112A  3)",Select Cuts,,,,Select,,,,,647.0,694.3,,,662.77,$/cwt,6.6277,per lb,National,wholesale,,,,,,24045.0,lb,,2453,National Daily Boxed Beef Cutout & Boxed Beef Cuts - Negotiated Sales - PM (PDF) (LM_XB403),2026-09-26T13:48:36+00:00
2c9c268dccf1df87,2021-06-28,Beef,"Rib, ribeye, bnls, light (112A  3)",Choice Cuts,,,,Choice,,,,,770.0,1111.5,,,821.78,$/cwt,8.2178,per lb,National,wholesale,,,,,,443844.0,lb,,2453,National Daily Boxed Beef Cutout & Boxed Beef Cuts - Negotiated Sales - PM (PDF) (LM_XB403),2026-09-26T13:48:36+00:00
6d5dd5d9da9440c4,2021-06-28,Beef,"Rib, ribeye, bnls, light (112A  3)",Select Cuts,,,,Select,,,,,610.0,695.0,,,656.51,$/cwt,6.5651,per lb,National,wholesale,,,,,,51806.0,lb,,2453,National Daily Boxed Beef Cutout & Boxed Beef Cuts - Negotiated Sales - PM (PDF) (LM_XB403),2026-09-26T13:48:36+00:00
ebc5a366a549ed01,2021-06-28,Beef,"Rib, ribeye, lip-on, bn-in (109E  1)",Choice Cuts,,,,Choice,,,,,725.07,990.0,,,751.75,$/cwt,7.5175,per lb,National,wholesale,,,,,,184658.0,lb,,2453,National Daily Boxed Beef Cutout & Boxed Beef Cuts - Negotiated Sales - PM (PDF) (LM_XB403),2026-09-26T13:48:36+00:00
9e6e8f85a0fb6885,2021-06-28,Beef,"Rib, ribeye, lip-on, bn-in (109E  1)",Select Cuts,,,,Select,,,,,547.0,600.0,,,571.5,$/cwt,5.715,per lb,National,wholesale,,,,,,4772.0,lb,,2453,National Daily Boxed Beef Cutout & Boxed Beef Cuts - Negotiated Sales - PM (PDF) (LM_XB403),2026-09-26T13:48:36+00:00
f693744233310414,2021-06-28,Beef,"Round, boneless (161  1)",Select Cuts,,,,Select,,,,,325.0,330.0,,,327.07,$/cwt,3.2707,per lb,National,wholesale,,,,,,2263.0,lb,,2453,National Daily Boxed Beef Cutout & Boxed Beef Cuts - Negotiated Sales - PM (PDF) (LM_XB403),2026-09-26T13:48:36+00:00
b455d31c78ea7d5f,2021-06-28,Beef,"Round, eye of round (171C  3)",Choice Cuts,,,,Choice,,,,,310.45,345.0,,,332.55,$/cwt,3.3255,per lb,National,wholesale,,,,,,48043.0,lb,,2453,National Daily Boxed Beef Cutout & Boxed Beef Cuts - Negotiated Sales - PM (PDF) (LM_XB403),2026-09-26T13:48:36+00:00
1f6a010bd82bfd79,2021-06-28,Beef,"Round, eye of round (171C  3)",Select Cuts,,,,Select,,,,,309.8,341.0,,,315.54,$/cwt,3.1554,per lb,National,wholesale,,,,,,20399.0,lb,,2453,National Daily Boxed Beef Cutout & Boxed Beef Cuts - Negotiated Sales - PM (PDF) (LM_XB403),2026-09-26T13:48:36+00:00
0c903aa9ddc7142b,2021-06-28,Beef,"Round, knuckle, peeled (167A  4)",Choice Cuts,,,,Choice,,,,,385.58,411.5,,,395.76,$/cwt,3.9576,per lb,National,wholesale,,,,,,46908.0,lb,,2453,National Daily Boxed Beef Cutout & Boxed Beef Cuts - Negotiated Sales - PM (PDF) (LM_XB403),2026-09-26T13:48:36+00:00
56efd47658a7cf65,2021-06-28,Beef,"Round, knuckle, peeled (167A  4)",Select Cuts,,,,Select,,,,,380.0,403.75,,,389.57,$/cwt,3.8957,per lb,National,wholesale,,,,,,12386.0,lb,,2453,National Daily Boxed Beef Cutout & Boxed Beef Cuts - Negotiated Sales - PM (PDF) (LM_XB403),2026-09-26T13:48:36+00:00
421d89cb7f221f95,2021-06-28,Beef,"Round, outside round (171B  3)",Choice Cuts,,,,Choice,,,,,290.0,327.25,,,314.76,$/cwt,3.1476,per lb,National,wholesale,,,,,,58273.0,lb,,2453,National Daily Boxed Beef Cutout & Boxed Beef Cuts - Negotiated Sales - PM (PDF) (LM_XB403),2026-09-26T13:48:36+00:00
cc61c82bab3932ad,2021-06-28,Beef,"Round, outside round (171B  3)",Select Cuts,,,,Select,,,,,291.94,321.81,,,306.75,$/cwt,3.0675,per lb,National,wholesale,,,,,,15057.0,lb,,2453,National Daily Boxed Beef Cutout & Boxed Beef Cuts - Negotiated Sales - PM (PDF) (LM_XB403),2026-09-26T13:48:36+00:00
6cc9cb9c0518baaa,2021-06-28,Beef,"Round, top inside round (168  1)",Choice Cuts,,,,Choice,,,,,287.87,345.0,,,289.57,$/cwt,2.8957,per lb,National,wholesale,,,,,,265982.0,lb,,2453,National Daily Boxed Beef Cutout & Boxed Beef Cuts - Negotiated Sales - PM (PDF) (LM_XB403),2026-09-26T13:48:36+00:00
10cb7c35fc349b25,2021-06-28,Beef,"Round, top inside round (168  3)",Choice Cuts,,,,Choice,,,,,289.94,344.39,,,301.84,$/cwt,3.0184,per lb,National,wholesale,,,,,,268170.0,lb,,2453,National Daily Boxed Beef Cutout & Boxed Beef Cuts - Negotiated Sales - PM (PDF) (LM_XB403),2026-09-26T13:48:36+00:00
f5600a12c39acb75,2021-06-28,Beef,"Round, top inside round (168  3)",Select Cuts,,,,Select,,,,,303.0,330.0,,,310.24,$/cwt,3.1024,per lb,National,wholesale,,,,,,19092.0,lb,,2453,National Daily Boxed Beef Cutout & Boxed Beef Cuts - Negotiated Sales - PM (PDF) (LM_XB403),2026-09-26T13:48:36+00:00
f4bf5d488ebf976a,2021-06-28,Beef,"Round, top inside, cap off (169A  5)",Choice Cuts,,,,Choice,,,,,400.84,505.0,,,418.8,$/cwt,4.188,per lb,National,wholesale,,,,,,47919.0,lb,,2453,National Daily Boxed Beef Cutout & Boxed Beef Cuts - Negotiated Sales - PM (PDF) (LM_XB403),2026-09-26T13:48:36+00:00
ed6849ccdfa287a7,2021-06-28,Beef,"Round, top inside, denuded (169  5)",Choice Cuts,,,,Choice,,,,,345.85,365.0,,,359.15,$/cwt,3.5915,per lb,National,wholesale,,,,,,20774.0,lb,,2453,National Daily Boxed Beef Cutout & Boxed Beef Cuts - Negotiated Sales - PM (PDF) (LM_XB403),2026-09-26T13:48:36+00:00
e1912dd85a1d3664,2021-06-28,Beef,"Round, top inside, denuded (169  5)",Select Cuts,,,,Select,,,,,350.0,418.0,,,355.36,$/cwt,3.5536,per lb,National,wholesale,,,,,,5638.0,lb,,2453,National Daily Boxed Beef Cutout & Boxed Beef Cuts - Negotiated Sales - PM (PDF) (LM_XB403),2026-09-26T13:48:36+00:00
c71fd04df77e77d0,2021-06-28,Beef,"Short Plate, short rib (123A  3)",Choice Cuts,,,,Choice,,,,,550.0,645.0,,,594.51,$/cwt,5.9451,per lb,National,wholesale,,,,,,72611.0,lb,,2453,National Daily Boxed Beef Cutout & Boxed Beef Cuts - Negotiated Sales - PM (PDF) (LM_XB403),2026-09-26T13:48:36+00:00
0c0b7c0a5c5a45e6,2021-06-28,Beef,"Short Plate, short rib (123A  3)",Select Cuts,,,,Select,,,,,560.0,645.0,,,620.3,$/cwt,6.203,per lb,National,wholesale,,,,,,8613.0,lb,,2453,National Daily Boxed Beef Cutout & Boxed Beef Cuts - Negotiated Sales - PM (PDF) (LM_XB403),2026-09-26T13:48:36+00:00
aea9cd33abc3f3c7,2021-06-29,Beef,"Brisket, deckle-off, bnls (120  1)",Choice Cuts,,,,Choice,,,,,342.0,411.0,,,374.87,$/cwt,3.7487,per lb,National,wholesale,,,,,,211280.0,lb,,2453,National Daily Boxed Beef Cutout & Boxed Beef Cuts - Negotiated Sales - PM (PDF) (LM_XB403),2026-09-26T13:48:36+00:00
64236fc07a60d2a3,2021-06-29,Beef,"Brisket, deckle-off, bnls (120  1)",Select Cuts,,,,Select,,,,,341.0,411.0,,,352.76,$/cwt,3.5276,per lb,National,wholesale,,,,,,136497.0,lb,,2453,National Daily Boxed Beef Cutout & Boxed Beef Cuts - Negotiated Sales - PM (PDF) (LM_XB403),2026-09-26T13:48:36+00:00
b66877ef24150f38,2021-06-29,Beef,"Chuck, chuck tender (116B  1)",Choice Cuts,,,,Choice,,,,,325.0,360.46,,,341.7,$/cwt,3.417,per lb,National,wholesale,,,,,,23094.0,lb,,2453,National Daily Boxed Beef Cutout & Boxed Beef Cuts - Negotiated Sales - PM (PDF) (LM_XB403),2026-09-26T13:48:36+00:00
b3e55dbee0a92495,2021-06-29,Beef,"Chuck, chuck tender (116B  1)",Select Cuts,,,,Select,,,,,329.0,345.0,,,332.85,$/cwt,3.3285,per lb,National,wholesale,,,,,,21845.0,lb,,2453,National Daily Boxed Beef Cutout & Boxed Beef Cuts - Negotiated Sales - PM (PDF) (LM_XB403),2026-09-26T13:48:36+00:00
5f64fff3b2551e9b,2021-06-29,Beef,"Chuck, clod tender (114F  5)",Choice Cuts,,,,Choice,,,,,739.0,815.0,,,766.34,$/cwt,7.6634,per lb,National,wholesale,,,,,,2158.0,lb,,2453,National Daily Boxed Beef Cutout & Boxed Beef Cuts - Negotiated Sales - PM (PDF) (LM_XB403),2026-09-26T13:48:36+00:00
65bc34373fd6d083,2021-06-29,Beef,"Chuck, clod, arm roast (114E  3)",Choice Cuts,,,,Choice,,,,,355.0,400.0,,,376.11,$/cwt,3.7611,per lb,National,wholesale,,,,,,32196.0,lb,,2453,National Daily Boxed Beef Cutout & Boxed Beef Cuts - Negotiated Sales - PM (PDF) (LM_XB403),2026-09-26T13:48:36+00:00
c992507c8fb60310,2021-06-29,Beef,"Chuck, clod, top blade (114D  3)",Choice Cuts,,,,Choice,,,,,600.0,630.84,,,603.17,$/cwt,6.0317,per lb,National,wholesale,,,,,,11848.0,lb,,2453,National Daily Boxed Beef Cutout & Boxed Beef Cuts - Negotiated Sales - PM (PDF) (LM_XB403),2026-09-26T13:48:36+00:00
bcbbcfcfd1f0d5b6,2021-06-29,Beef,"Chuck, flap (116G  4)",Choice Cuts,,,,Choice,,,,,775.0,874.68,,,831.33,$/cwt,8.3133,per lb,National,wholesale,,,,,,4251.0,lb,,2453,National Daily Boxed Beef Cutout & Boxed Beef Cuts - Negotiated Sales - PM (PDF) (LM_XB403),2026-09-26T13:48:36+00:00
f334abd6f48a9dce,2021-06-29,Beef,"Chuck, flap (116G  4)",Select Cuts,,,,Select,,,,,730.0,780.0,,,740.86,$/cwt,7.4086,per lb,National,wholesale,,,,,,3086.0,lb,,2453,National Daily Boxed Beef Cutout & Boxed Beef Cuts - Negotiated Sales - PM (PDF) (LM_XB403),2026-09-26T13:48:36+00:00
69a0d79ff63cc4d0,2021-06-29,Beef,"Chuck, roll, lxl, neck/off (116A  3)",Choice Cuts,,,,Choice,,,,,344.0,375.0,,,352.71,$/cwt,3.5271,per lb,National,wholesale,,,,,,315715.0,lb,,2453,National Daily Boxed Beef Cutout & Boxed Beef Cuts - Negotiated Sales - PM (PDF) (LM_XB403),2026-09-26T13:48:36+00:00
5870a373ef7baf72,2021-06-29,Beef,"Chuck, roll, lxl, neck/off (116A  3)",Select Cuts,,,,Select,,,,,310.0,360.93,,,332.21,$/cwt,3.3221,per lb,National,wholesale,,,,,,124767.0,lb,,2453,National Daily Boxed Beef Cutout & Boxed Beef Cuts - Negotiated Sales - PM (PDF) (LM_XB403),2026-09-26T13:48:36+00:00
05e5f774a43d75de,2021-06-29,Beef,"Chuck, semi-bnls, neck/off (113C  1)",Choice Cuts,,,,Choice,,,,,276.0,315.0,,,292.23,$/cwt,2.9223,per lb,National,wholesale,,,,,,10434.0,lb,,2453,National Daily Boxed Beef Cutout & Boxed Beef Cuts - Negotiated Sales - PM (PDF) (LM_XB403),2026-09-26T13:48:36+00:00
8fb185080487352e,2021-06-29,Beef,"Chuck, semi-bnls, neck/off (113C  1)",Select Cuts,,,,Select,,,,,303.39,324.59,,,316.72,$/cwt,3.1672,per lb,National,wholesale,,,,,,15147.0,lb,,2453,National Daily Boxed Beef Cutout & Boxed Beef Cuts - Negotiated Sales - PM (PDF) (LM_XB403),2026-09-26T13:48:36+00:00
00efeb548381775d,2021-06-29,Beef,"Chuck, short rib (130  4)",Choice Cuts,,,,Choice,,,,,484.0,536.0,,,508.31,$/cwt,5.0831,per lb,National,wholesale,,,,,,23908.0,lb,,2453,National Daily Boxed Beef Cutout & Boxed Beef Cuts - Negotiated Sales - PM (PDF) (LM_XB403),2026-09-26T13:48:36+00:00
075e231f61526163,2021-06-29,Beef,"Chuck, short rib (130  4)",Select Cuts,,,,Select,,,,,470.0,528.2,,,497.88,$/cwt,4.9788,per lb,National,wholesale,,,,,,2484.0,lb,,2453,National Daily Boxed Beef Cutout & Boxed Beef Cuts - Negotiated Sales - PM (PDF) (LM_XB403),2026-09-26T13:48:36+00:00
c9aa3555d7eae5cd,2021-06-29,Beef,"Chuck, shoulder clod (114  1)",Choice Cuts,,,,Choice,,,,,253.77,315.0,,,271.13,$/cwt,2.7113,per lb,National,wholesale,,,,,,48281.0,lb,,2453,National Daily Boxed Beef Cutout & Boxed Beef Cuts - Negotiated Sales - PM (PDF) (LM_XB403),2026-09-26T13:48:36+00:00
50920e64dda7e730,2021-06-29,Beef,"Chuck, shoulder clod (114  1)",Select Cuts,,,,Select,,,,,262.96,294.0,,,270.05,$/cwt,2.7005,per lb,National,wholesale,,,,,,34964.0,lb,,2453,National Daily Boxed Beef Cutout & Boxed Beef Cuts - Negotiated Sales - PM (PDF) (LM_XB403),2026-09-26T13:48:36+00:00
8ce7ef20b36bd411,2021-06-29,Beef,"Chuck, shoulder clod, trmd (114A  3)",Choice Cuts,,,,Choice,,,,,267.0,325.84,,,282.21,$/cwt,2.8221,per lb,National,wholesale,,,,,,93164.0,lb,,2453,National Daily Boxed Beef Cutout & Boxed Beef Cuts - Negotiated Sales - PM (PDF) (LM_XB403),2026-09-26T13:48:36+00:00
92aaec713c6c6dc5,2021-06-29,Beef,"Chuck, shoulder clod, trmd (114A  3)",Select Cuts,,,,Select,,,,,269.41,305.0,,,278.45,$/cwt,2.7845,per lb,National,wholesale,,,,,,3192.0,lb,,2453,National Daily Boxed Beef Cutout & Boxed Beef Cuts - Negotiated Sales - PM (PDF) (LM_XB403),2026-09-26T13:48:36+00:00
279ce4f33f74e6bd,2021-06-29,Beef,Cutout 600-900 lb,,,,,Choice,,,,,,,,,292.34,$/cwt,2.9234,per lb,National,wholesale,,,,,,,,,2453,National Daily Boxed Beef Cutout & Boxed Beef Cuts - Negotiated Sales - PM (PDF) (LM_XB403),2026-09-26T13:48:36+00:00
6c5351289c9d8a85,2021-06-29,Beef,Cutout 600-900 lb,,,,,Select,,,,,,,,,270.4,$/cwt,2.704,per lb,National,wholesale,,,,,,,,,2453,National Daily Boxed Beef Cutout & Boxed Beef Cuts - Negotiated Sales - PM (PDF) (LM_XB403),2026-09-26T13:48:36+00:00
02e5a0efe9667af7,2021-06-29,Beef,"Flank, flank steak (193  4)",Choice Cuts,,,,Choice,,,,,654.0,805.7,,,730.05,$/cwt,7.3005,per lb,National,wholesale,,,,,,24413.0,lb,,2453,National Daily Boxed Beef Cutout & Boxed Beef Cuts - Negotiated Sales - PM (PDF) (LM_XB403),2026-09-26T13:48:36+00:00
66b39a0b9cf803de,2021-06-29,Beef,Ground Beef 73%,Ground Beef,,,,,,,,,222.0,262.0,,,230.69,$/cwt,2.3069,per lb,National,wholesale,,,,,,51496.0,lb,,2453,National Daily Boxed Beef Cutout & Boxed Beef Cuts - Negotiated Sales - PM (PDF) (LM_XB403),2026-09-26T13:48:36+00:00
30ea86cd1e6a28bd,2021-06-29,Beef,Ground Beef 81%,Ground Beef,,,,,,,,,289.71,330.0,,,305.93,$/cwt,3.0593,per lb,National,wholesale,,,,,,127692.0,lb,,2453,National Daily Boxed Beef Cutout & Boxed Beef Cuts - Negotiated Sales - PM (PDF) (LM_XB403),2026-09-26T13:48:36+00:00
16b4609b366fec7d,2021-06-29,Beef,Ground Beef 93%,Ground Beef,,,,,,,,,327.2,395.0,,,345.06,$/cwt,3.4506,per lb,National,wholesale,,,,,,26974.0,lb,,2453,National Daily Boxed Beef Cutout & Boxed Beef Cuts - Negotiated Sales - PM (PDF) (LM_XB403),2026-09-26T13:48:36+00:00
f45984416135f4db,2021-06-29,Beef,Ground Beef Chuck,Ground Beef,,,,,,,,,307.0,315.0,,,307.94,$/cwt,3.0794,per lb,National,wholesale,,,,,,10119.0,lb,,2453,National Daily Boxed Beef Cutout & Boxed Beef Cuts - Negotiated Sales - PM (PDF) (LM_XB403),2026-09-26T13:48:36+00:00
461cd6ff8b0099e0,2021-06-29,Beef,Ground Beef Round,Ground Beef,,,,,,,,,345.0,349.82,,,348.45,$/cwt,3.4845,per lb,National,wholesale,,,,,,3562.0,lb,,2453,National Daily Boxed Beef Cutout & Boxed Beef Cuts - Negotiated Sales - PM (PDF) (LM_XB403),2026-09-26T13:48:36+00:00
ffdb7d5208f5f578,2021-06-29,Beef,"Loin, ball-tip, bnls, heavy (185B  1)",Choice Cuts,,,,Choice,,,,,302.0,350.0,,,316.26,$/cwt,3.1626,per lb,National,wholesale,,,,,,134368.0,lb,,2453,National Daily Boxed Beef Cutout & Boxed Beef Cuts - Negotiated Sales - PM (PDF) (LM_XB403),2026-09-26T13:48:36+00:00
e81166aa110c394c,2021-06-29,Beef,"Loin, ball-tip, bnls, heavy (185B  1)",Select Cuts,,,,Select,,,,,302.0,329.78,,,308.58,$/cwt,3.0858,per lb,National,wholesale,,,,,,30277.0,lb,,2453,National Daily Boxed Beef Cutout & Boxed Beef Cuts - Negotiated Sales - PM (PDF) (LM_XB403),2026-09-26T13:48:36+00:00
f9f0e281aec0add4,2021-06-29,Beef,"Loin, bottom sirloin, flap (185A  4)",Choice Cuts,,,,Choice,,,,,632.0,850.7,,,678.23,$/cwt,6.7823,per lb,National,wholesale,,,,,,165299.0,lb,,2453,National Daily Boxed Beef Cutout & Boxed Beef Cuts - Negotiated Sales - PM (PDF) (LM_XB403),2026-09-26T13:48:36+00:00
94a1982eb2dc3acc,2021-06-29,Beef,"Loin, bottom sirloin, flap (185A  4)",Select Cuts,,,,Select,,,,,630.0,716.0,,,633.3,$/cwt,6.333,per lb,National,wholesale,,,,,,139052.0,lb,,2453,National Daily Boxed Beef Cutout & Boxed Beef Cuts - Negotiated Sales - PM (PDF) (LM_XB403),2026-09-26T13:48:36+00:00
31f4bfa85d9e563c,2021-06-29,Beef,"Loin, butt tender, trimmed (191A  4)",Select Cuts,,,,Select,,,,,1249.33,1503.39,,,1454.91,$/cwt,14.5491,per lb,National,wholesale,,,,,,18628.0,lb,,2453,National Daily Boxed Beef Cutout & Boxed Beef Cuts - Negotiated Sales - PM (PDF) (LM_XB403),2026-09-26T13:48:36+00:00
d4e4467c6849847f,2021-06-29,Beef,"Loin, short loin, 0x1 (174  3)",Choice Cuts,,,,Choice,,,,,688.0,879.0,,,710.87,$/cwt,7.1087,per lb,National,wholesale,,,,,,403925.0,lb,,2453,National Daily Boxed Beef Cutout & Boxed Beef Cuts - Negotiated Sales - PM (PDF) (LM_XB403),2026-09-26T13:48:36+00:00
2409f75be8c86f1e,2021-06-29,Beef,"Loin, short loin, 0x1 (174  3)",Select Cuts,,,,Select,,,,,565.0,624.41,,,572.24,$/cwt,5.7224,per lb,National,wholesale,,,,,,82223.0,lb,,2453,National Daily Boxed Beef Cutout & Boxed Beef Cuts - Negotiated Sales - PM (PDF) (LM_XB403),2026-09-26T13:48:36+00:00
40e3547d7ec1132b,2021-06-29,Beef,"Loin, sirloin, tri-tip (185C  1)",Choice Cuts,,,,Choice,,,,,420.0,451.0,,,421.86,$/cwt,4.2186,per lb,National,wholesale,,,,,,23905.0,lb,,2453,National Daily Boxed Beef Cutout & Boxed Beef Cuts - Negotiated Sales - PM (PDF) (LM_XB403),2026-09-26T13:48:36+00:00
0e3de3c2b3825d64,2021-06-29,Beef,"Loin, sirloin, tri-tip (185C  1)",Select Cuts,,,,Select,,,,,315.0,435.27,,,373.12,$/cwt,3.7312,per lb,National,wholesale,,,,,,55604.0,lb,,2453,National Daily Boxed Beef Cutout & Boxed Beef Cuts - Negotiated Sales - PM (PDF) (LM_XB403),2026-09-26T13:48:36+00:00
aaf58af5a92ca132,2021-06-29,Beef,"Loin, sirloin, tri-tip, pld (185D  4)",Choice Cuts,,,,Choice,,,,,590.29,642.78,,,616.99,$/cwt,6.1699,per lb,National,wholesale,,,,,,11861.0,lb,,2453,National Daily Boxed Beef Cutout & Boxed Beef Cuts - Negotiated Sales - PM (PDF) (LM_XB403),2026-09-26T13:48:36+00:00
2b8b0f865f8a952d,2021-06-29,Beef,"Loin, strip loin, 1x1 (175  3)",Choice Cuts,,,,Choice,,,,,635.0,789.89,,,637.39,$/cwt,6.3739,per lb,National,wholesale,,,,,,112681.0,lb,,2453,National Daily Boxed Beef Cutout & Boxed Beef Cuts - Negotiated Sales - PM (PDF) (LM_XB403),2026-09-26T13:48:36+00:00
08fcc82d3481ebea,2021-06-29,Beef,"Loin, strip, bnls, 0x1 (180  3)",Choice Cuts,,,,Choice,,,,,845.0,950.0,,,890.62,$/cwt,8.9062,per lb,National,wholesale,,,,,,163165.0,lb,,2453,National Daily Boxed Beef Cutout & Boxed Beef Cuts - Negotiated Sales - PM (PDF) (LM_XB403),2026-09-26T13:48:36+00:00
a26a9dc53548c81a,2021-06-29,Beef,"Loin, strip, bnls, 0x1 (180  3)",Select Cuts,,,,Select,,,,,528.0,634.78,,,561.47,$/cwt,5.6147,per lb,National,wholesale,,,,,,65630.0,lb,,2453,National Daily Boxed Beef Cutout & Boxed Beef Cuts - Negotiated Sales - PM (PDF) (LM_XB403),2026-09-26T13:48:36+00:00
da43c948cda3369d,2021-06-29,Beef,"Loin, tndrloin, trmd, heavy (189A  4)",Choice Cuts,,,,Choice,,,,,1580.0,1865.7,,,1648.06,$/cwt,16.4806,per lb,National,wholesale,,,,,,152611.0,lb,,2453,National Daily Boxed Beef Cutout & Boxed Beef Cuts - Negotiated Sales - PM (PDF) (LM_XB403),2026-09-26T13:48:36+00:00
cb451bf4de14efc0,2021-06-29,Beef,"Loin, tndrloin, trmd, heavy (189A  4)",Select Cuts,,,,Select,,,,,1298.57,1704.0,,,1380.16,$/cwt,13.8016,per lb,National,wholesale,,,,,,81583.0,lb,,2453,National Daily Boxed Beef Cutout & Boxed Beef Cuts - Negotiated Sales - PM (PDF) (LM_XB403),2026-09-26T13:48:36+00:00
b2dbbb008e15e2a1,2021-06-29,Beef,"Loin, top butt, boneless (184  3)",Choice Cuts,,,,Choice,,,,,369.54,450.0,,,396.64,$/cwt,3.9664,per lb,National,wholesale,,,,,,496591.0,lb,,2453,National Daily Boxed Beef Cutout & Boxed Beef Cuts - Negotiated Sales - PM (PDF) (LM_XB403),2026-09-26T13:48:36+00:00
7f65dbc739409870,2021-06-29,Beef,"Loin, top butt, boneless (184  3)",Select Cuts,,,,Select,,,,,361.39,382.75,,,370.1,$/cwt,3.701,per lb,National,wholesale,,,,,,20679.0,lb,,2453,National Daily Boxed Beef Cutout & Boxed Beef Cuts - Negotiated Sales - PM (PDF) (LM_XB403),2026-09-26T13:48:36+00:00
4ebb05491d8749ea,2021-06-29,Beef,"Rib, ribeye, bnls, heavy (112A  3)",Choice Cuts,,,,Choice,,,,,876.0,1090.7,,,971.24,$/cwt,9.7124,per lb,National,wholesale,,,,,,57515.0,lb,,2453,National Daily Boxed Beef Cutout & Boxed Beef Cuts - Negotiated Sales - PM (PDF) (LM_XB403),2026-09-26T13:48:36+00:00
6dd5f500fb1759c1,2021-06-29,Beef,"Rib, ribeye, bnls, heavy (112A  3)",Select Cuts,,,,Select,,,,,654.0,708.0,,,676.92,$/cwt,6.7692,per lb,National,wholesale,,,,,,38784.0,lb,,2453,National Daily Boxed Beef Cutout & Boxed Beef Cuts - Negotiated Sales - PM (PDF) (LM_XB403),2026-09-26T13:48:36+00:00
787e620a650a1530,2021-06-29,Beef,"Rib, ribeye, bnls, light (112A  3)",Choice Cuts,,,,Choice,,,,,820.0,1105.7,,,915.56,$/cwt,9.1556,per lb,National,wholesale,,,,,,95065.0,lb,,2453,National Daily Boxed Beef Cutout & Boxed Beef Cuts - Negotiated Sales - PM (PDF) (LM_XB403),2026-09-26T13:48:36+00:00
eec1ce8b04328224,2021-06-29,Beef,"Rib, ribeye, bnls, light (112A  3)",Select Cuts,,,,Select,,,,,578.41,701.0,,,668.72,$/cwt,6.6872,per lb,National,wholesale,,,,,,19618.0,lb,,2453,National Daily Boxed Beef Cutout & Boxed Beef Cuts - Negotiated Sales - PM (PDF) (LM_XB403),2026-09-26T13:48:36+00:00
1443788383290db1,2021-06-29,Beef,"Rib, ribeye, lip-on, bn-in (109E  1)",Choice Cuts,,,,Choice,,,,,725.73,970.25,,,776.36,$/cwt,7.7636,per lb,National,wholesale,,,,,,224348.0,lb,,2453,National Daily Boxed Beef Cutout & Boxed Beef Cuts - Negotiated Sales - PM (PDF) (LM_XB403),2026-09-26T13:48:36+00:00
9055da10fe6710fc,2021-06-29,Beef,"Rib, ribeye, lip-on, bn-in (109E  1)",Select Cuts,,,,Select,,,,,575.0,600.0,,,587.97,$/cwt,5.8797,per lb,National,wholesale,,,,,,12689.0,lb,,2453,National Daily Boxed Beef Cutout & Boxed Beef Cuts - Negotiated Sales - PM (PDF) (LM_XB403),2026-09-26T13:48:36+00:00
ed40ba5478d6a9a1,2021-06-29,Beef,"Round, bone-in (160  1)",Choice Cuts,,,,Choice,,,,,301.0,320.0,,,315.19,$/cwt,3.1519,per lb,National,wholesale,,,,,,1034.0,lb,,2453,National Daily Boxed Beef Cutout & Boxed Beef Cuts - Negotiated Sales - PM (PDF) (LM_XB403),2026-09-26T13:48:36+00:00
95ae017c689300eb,2021-06-29,Beef,"Round, eye of round (171C  3)",Choice Cuts,,,,Choice,,,,,310.75,367.76,,,330.68,$/cwt,3.3068,per lb,National,wholesale,,,,,,60144.0,lb,,2453,National Daily Boxed Beef Cutout & Boxed Beef Cuts - Negotiated Sales - PM (PDF) (LM_XB403),2026-09-26T13:48:36+00:00
4b1c99995dc6f963,2021-06-29,Beef,"Round, eye of round (171C  3)",Select Cuts,,,,Select,,,,,317.0,339.78,,,326.53,$/cwt,3.2653,per lb,National,wholesale,,,,,,11197.0,lb,,2453,National Daily Boxed Beef Cutout & Boxed Beef Cuts - Negotiated Sales - PM (PDF) (LM_XB403),2026-09-26T13:48:36+00:00
e2f07b7fa472e3d4,2021-06-29,Beef,"Round, knuckle, peeled (167A  4)",Choice Cuts,,,,Choice,,,,,384.0,415.46,,,392.87,$/cwt,3.9287,per lb,National,wholesale,,,,,,54929.0,lb,,2453,National Daily Boxed Beef Cutout & Boxed Beef Cuts - Negotiated Sales - PM (PDF) (LM_XB403),2026-09-26T13:48:36+00:00
52dbb8dd4b8663d4,2021-06-29,Beef,"Round, knuckle, peeled (167A  4)",Select Cuts,,,,Select,,,,,386.0,407.4,,,396.32,$/cwt,3.9632,per lb,National,wholesale,,,,,,21373.0,lb,,2453,National Daily Boxed Beef Cutout & Boxed Beef Cuts - Negotiated Sales - PM (PDF) (LM_XB403),2026-09-26T13:48:36+00:00
b31e8c01c863af02,2021-06-29,Beef,"Round, outside round (171B  3)",Choice Cuts,,,,Choice,,,,,286.5,345.46,,,301.13,$/cwt,3.0113,per lb,National,wholesale,,,,,,219403.0,lb,,2453,National Daily Boxed Beef Cutout & Boxed Beef Cuts - Negotiated Sales - PM (PDF) (LM_XB403),2026-09-26T13:48:36+00:00
c7e3b7e79a7a0081,2021-06-29,Beef,"Round, outside round (171B  3)",Select Cuts,,,,Select,,,,,292.0,327.25,,,306.73,$/cwt,3.0673,per lb,National,wholesale,,,,,,65606.0,lb,,2453,National Daily Boxed Beef Cutout & Boxed Beef Cuts - Negotiated Sales - PM (PDF) (LM_XB403),2026-09-26T13:48:36+00:00
8f26901b95e9aa5c,2021-06-29,Beef,"Round, top inside round (168  1)",Choice Cuts,,,,Choice,,,,,292.02,314.0,,,292.72,$/cwt,2.9272,per lb,National,wholesale,,,,,,58766.0,lb,,2453,National Daily Boxed Beef Cutout & Boxed Beef Cuts - Negotiated Sales - PM (PDF) (LM_XB403),2026-09-26T13:48:36+00:00
409706c4077ebb01,2021-06-29,Beef,"Round, top inside round (168  3)",Choice Cuts,,,,Choice,,,,,288.0,316.0,,,298.21,$/cwt,2.9821,per lb,National,wholesale,,,,,,165577.0,lb,,2453,National Daily Boxed Beef Cutout & Boxed Beef Cuts - Negotiated Sales - PM (PDF) (LM_XB403),2026-09-26T13:48:36+00:00
61908a8382437cfb,2021-06-29,Beef,"Round, top inside round (168  3)",Select Cuts,,,,Select,,,,,287.0,311.0,,,297.1,$/cwt,2.971,per lb,National,wholesale,,,,,,36559.0,lb,,2453,National Daily Boxed Beef Cutout & Boxed Beef Cuts - Negotiated Sales - PM (PDF) (LM_XB403),2026-09-26T13:48:36+00:00
3ac80130d2d7b536,2021-06-29,Beef,"Round, top inside, cap off (169A  5)",Choice Cuts,,,,Choice,,,,,411.0,450.5,,,438.45,$/cwt,4.3845,per lb,National,wholesale,,,,,,14698.0,lb,,2453,National Daily Boxed Beef Cutout & Boxed Beef Cuts - Negotiated Sales - PM (PDF) (LM_XB403),2026-09-26T13:48:36+00:00
e1385a3dae5469bd,2021-06-29,Beef,"Round, top inside, denuded (169  5)",Choice Cuts,,,,Choice,,,,,324.16,409.0,,,336.17,$/cwt,3.3617,per lb,National,wholesale,,,,,,51845.0,lb,,2453,National Daily Boxed Beef Cutout & Boxed Beef Cuts - Negotiated Sales - PM (PDF) (LM_XB403),2026-09-26T13:48:36+00:00
8228001ff77fb811,2021-06-29,Beef,"Short Plate, short rib (123A  3)",Choice Cuts,,,,Choice,,,,,550.0,649.89,,,590.43,$/cwt,5.9043,per lb,National,wholesale,,,,,,18170.0,lb,,2453,National Daily Boxed Beef Cutout & Boxed Beef Cuts - Negotiated Sales - PM (PDF) (LM_XB403),2026-09-26T13:48:36+00:00
afed88a6e67b5a4c,2021-06-29,Beef,"Short Plate, short rib (123A  3)",Select Cuts,,,,Select,,,,,540.0,635.25,,,574.94,$/cwt,5.7494,per lb,National,wholesale,,,,,,9913.0,lb,,2453,National Daily Boxed Beef Cutout & Boxed Beef Cuts - Negotiated Sales - PM (PDF) (LM_XB403),2026-09-26T13:48:36+00:00
f996b8e9092498a2,2021-06-30,Beef,"Brisket, deckle-off, bnls (120  1)",Choice Cuts,,,,Choice,,,,,342.0,410.3,,,364.97,$/cwt,3.6497,per lb,National,wholesale,,,,,,191285.0,lb,,2453,National Daily Boxed Beef Cutout & Boxed Beef Cuts - Negotiated Sales - PM (PDF) (LM_XB403),2026-09-26T13:48:36+00:00
030b62d14c1bc996,2021-06-30,Beef,"Brisket, deckle-off, bnls (120  1)",Select Cuts,,,,Select,,,,,348.7,360.0,,,349.56,$/cwt,3.4956,per lb,National,wholesale,,,,,,46303.0,lb,,2453,National Daily Boxed Beef Cutout & Boxed Beef Cuts - Negotiated Sales - PM (PDF) (LM_XB403),2026-09-26T13:48:36+00:00
2232066142e702f9,2021-06-30,Beef,"Brisket, point/off, bnls (120A  3)",Choice Cuts,,,,Choice,,,,,680.26,700.0,,,696.02,$/cwt,6.9602,per lb,National,wholesale,,,,,,5390.0,lb,,2453,National Daily Boxed Beef Cutout & Boxed Beef Cuts - Negotiated Sales - PM (PDF) (LM_XB403),2026-09-26T13:48:36+00:00
0ad9d0c0368ad569,2021-06-30,Beef,"Chuck, chuck tender (116B  1)",Choice Cuts,,,,Choice,,,,,311.0,354.5,,,335.25,$/cwt,3.3525,per lb,National,wholesale,,,,,,56644.0,lb,,2453,National Daily Boxed Beef Cutout & Boxed Beef Cuts - Negotiated Sales - PM (PDF) (LM_XB403),2026-09-26T13:48:36+00:00
ddca67fd53841b27,2021-06-30,Beef,"Chuck, chuck tender (116B  1)",Select Cuts,,,,Select,,,,,335.0,350.0,,,337.79,$/cwt,3.3779,per lb,National,wholesale,,,,,,21483.0,lb,,2453,National Daily Boxed Beef Cutout & Boxed Beef Cuts - Negotiated Sales - PM (PDF) (LM_XB403),2026-09-26T13:48:36+00:00
780569a190fd92f1,2021-06-30,Beef,"Chuck, clod tender (114F  5)",Choice Cuts,,,,Choice,,,,,744.0,800.0,,,793.95,$/cwt,7.9395,per lb,National,wholesale,,,,,,15724.0,lb,,2453,National Daily Boxed Beef Cutout & Boxed Beef Cuts - Negotiated Sales - PM (PDF) (LM_XB403),2026-09-26T13:48:36+00:00
f74a7123dcbbf58e,2021-06-30,Beef,"Chuck, clod, top blade (114D  3)",Choice Cuts,,,,Choice,,,,,590.0,624.77,,,601.68,$/cwt,6.0168,per lb,National,wholesale,,,,,,4761.0,lb,,2453,National Daily Boxed Beef Cutout & Boxed Beef Cuts - Negotiated Sales - PM (PDF) (LM_XB403),2026-09-26T13:48:36+00:00
5df86809a030b48f,2021-06-30,Beef,"Chuck, flap (116G  4)",Choice Cuts,,,,Choice,,,,,759.72,834.25,,,775.25,$/cwt,7.7525,per lb,National,wholesale,,,,,,27671.0,lb,,2453,National Daily Boxed Beef Cutout & Boxed Beef Cuts - Negotiated Sales - PM (PDF) (LM_XB403),2026-09-26T13:48:36+00:00
6a37c1a7e4e03996,2021-06-30,Beef,"Chuck, flap (116G  4)",Select Cuts,,,,Select,,,,,721.0,733.0,,,725.33,$/cwt,7.2533,per lb,National,wholesale,,,,,,4688.0,lb,,2453,National Daily Boxed Beef Cutout & Boxed Beef Cuts - Negotiated Sales - PM (PDF) (LM_XB403),2026-09-26T13:48:36+00:00
fb177e673cbe145d,2021-06-30,Beef,"Chuck, roll, lxl, neck/off (116A  3)",Choice Cuts,,,,Choice,,,,,337.0,375.0,,,352.12,$/cwt,3.5212,per lb,National,wholesale,,,,,,141367.0,lb,,2453,National Daily Boxed Beef Cutout & Boxed Beef Cuts - Negotiated Sales - PM (PDF) (LM_XB403),2026-09-26T13:48:36+00:00
bf643c38a7c894df,2021-06-30,Beef,"Chuck, roll, lxl, neck/off (116A  3)",Select Cuts,,,,Select,,,,,320.57,365.0,,,340.68,$/cwt,3.4068,per lb,National,wholesale,,,,,,79613.0,lb,,2453,National Daily Boxed Beef Cutout & Boxed Beef Cuts - Negotiated Sales - PM (PDF) (LM_XB403),2026-09-26T13:48:36+00:00
b2a8fca5876ece60,2021-06-30,Beef,"Chuck, roll, retail ready (916A  3)",Choice Cuts,,,,Choice,,,,,399.0,408.8,,,399.91,$/cwt,3.9991,per lb,National,wholesale,,,,,,14591.0,lb,,2453,National Daily Boxed Beef Cutout & Boxed Beef Cuts - Negotiated Sales - PM (PDF) (LM_XB403),2026-09-26T13:48:36+00:00
571eb088f0cca20a,2021-06-30,Beef,"Chuck, semi-bnls, neck/off (113C  1)",Choice Cuts,,,,Choice,,,,,313.3,315.0,,,313.41,$/cwt,3.1341,per lb,National,wholesale,,,,,,12832.0,lb,,2453,National Daily Boxed Beef Cutout & Boxed Beef Cuts - Negotiated Sales - PM (PDF) (LM_XB403),2026-09-26T13:48:36+00:00
c581863be39eef2f,2021-06-30,Beef,"Chuck, short rib (130  4)",Choice Cuts,,,,Choice,,,,,484.0,537.0,,,521.34,$/cwt,5.2134,per lb,National,wholesale,,,,,,41810.0,lb,,2453,National Daily Boxed Beef Cutout & Boxed Beef Cuts - Negotiated Sales - PM (PDF) (LM_XB403),2026-09-26T13:48:36+00:00
4433005880f0ceaf,2021-06-30,Beef,"Chuck, short rib (130  4)",Select Cuts,,,,Select,,,,,473.0,524.5,,,507.2,$/cwt,5.072,per lb,National,wholesale,,,,,,24480.0,lb,,2453,National Daily Boxed Beef Cutout & Boxed Beef Cuts - Negotiated Sales - PM (PDF) (LM_XB403),2026-09-26T13:48:36+00:00
cf3cbc5ed64a33ec,2021-06-30,Beef,"Chuck, shoulder clod (114  1)",Choice Cuts,,,,Choice,,,,,264.87,299.5,,,279.24,$/cwt,2.7924,per lb,National,wholesale,,,,,,21887.0,lb,,2453,National Daily Boxed Beef Cutout & Boxed Beef Cuts - Negotiated Sales - PM (PDF) (LM_XB403),2026-09-26T13:48:36+00:00
0e859c1f451de95e,2021-06-30,Beef,"Chuck, shoulder clod (114  1)",Select Cuts,,,,Select,,,,,249.56,276.0,,,260.11,$/cwt,2.6011,per lb,National,wholesale,,,,,,30569.0,lb,,2453,National Daily Boxed Beef Cutout & Boxed Beef Cuts - Negotiated Sales - PM (PDF) (LM_XB403),2026-09-26T13:48:36+00:00
2e3abf71a44932e1,2021-06-30,Beef,"Chuck, shoulder clod, trmd (114A  3)",Choice Cuts,,,,Choice,,,,,254.68,310.0,,,271.38,$/cwt,2.7138,per lb,National,wholesale,,,,,,165313.0,lb,,2453,National Daily Boxed Beef Cutout & Boxed Beef Cuts - Negotiated Sales - PM (PDF) (LM_XB403),2026-09-26T13:48:36+00:00
43278ea9c3e88b67,2021-06-30,Beef,"Chuck, shoulder clod, trmd (114A  3)",Select Cuts,,,,Select,,,,,263.89,302.3,,,284.45,$/cwt,2.8445,per lb,National,wholesale,,,,,,39399.0,lb,,2453,National Daily Boxed Beef Cutout & Boxed Beef Cuts - Negotiated Sales - PM (PDF) (LM_XB403),2026-09-26T13:48:36+00:00
5d76a85257eb2b32,2021-06-30,Beef,Cutout 600-900 lb,,,,,Select,,,,,,,,,269.27,$/cwt,2.6927,per lb,National,wholesale,,,,,,,,,2453,National Daily Boxed Beef Cutout & Boxed Beef Cuts - Negotiated Sales - PM (PDF) (LM_XB403),2026-09-26T13:48:36+00:00
b05133b193db2d80,2021-06-30,Beef,Cutout 600-900 lb,,,,,Choice,,,,,,,,,291.29,$/cwt,2.9129,per lb,National,wholesale,,,,,,,,,2453,National Daily Boxed Beef Cutout & Boxed Beef Cuts - Negotiated Sales - PM (PDF) (LM_XB403),2026-09-26T13:48:36+00:00
18e1e8eeedfec703,2021-06-30,Beef,"Flank, flank steak (193  4)",Choice Cuts,,,,Choice,,,,,605.0,764.0,,,663.44,$/cwt,6.6344,per lb,National,wholesale,,,,,,75251.0,lb,,2453,National Daily Boxed Beef Cutout & Boxed Beef Cuts - Negotiated Sales - PM (PDF) (LM_XB403),2026-09-26T13:48:36+00:00
5eb6e2566454f731,2021-06-30,Beef,"Flank, flank steak (193  4)",Select Cuts,,,,Select,,,,,710.26,723.0,,,716.86,$/cwt,7.1686,per lb,National,wholesale,,,,,,3842.0,lb,,2453,National Daily Boxed Beef Cutout & Boxed Beef Cuts - Negotiated Sales - PM (PDF) (LM_XB403),2026-09-26T13:48:36+00:00
4abf35bd8b40e4da,2021-06-30,Beef,Ground Beef 73%,Ground Beef,,,,,,,,,205.0,231.58,,,218.53,$/cwt,2.1853,per lb,National,wholesale,,,,,,80469.0,lb,,2453,National Daily Boxed Beef Cutout & Boxed Beef Cuts - Negotiated Sales - PM (PDF) (LM_XB403),2026-09-26T13:48:36+00:00
02ccddfe451afce7,2021-06-30,Beef,Ground Beef 81%,Ground Beef,,,,,,,,,284.05,332.8,,,305.23,$/cwt,3.0523,per lb,National,wholesale,,,,,,137895.0,lb,,2453,National Daily Boxed Beef Cutout & Boxed Beef Cuts - Negotiated Sales - PM (PDF) (LM_XB403),2026-09-26T13:48:36+00:00
f37f796d4a9bd3e6,2021-06-30,Beef,Ground Beef 93%,Ground Beef,,,,,,,,,361.26,413.0,,,390.98,$/cwt,3.9098,per lb,National,wholesale,,,,,,23837.0,lb,,2453,National Daily Boxed Beef Cutout & Boxed Beef Cuts - Negotiated Sales - PM (PDF) (LM_XB403),2026-09-26T13:48:36+00:00
e33464f61450e601,2021-06-30,Beef,Ground Beef Chuck,Ground Beef,,,,,,,,,302.0,354.33,,,316.96,$/cwt,3.1696,per lb,National,wholesale,,,,,,14310.0,lb,,2453,National Daily Boxed Beef Cutout & Boxed Beef Cuts - Negotiated Sales - PM (PDF) (LM_XB403),2026-09-26T13:48:36+00:00
c9dbfeb789dd6cd9,2021-06-30,Beef,Ground Beef Round,Ground Beef,,,,,,,,,336.26,352.3,,,346.25,$/cwt,3.4625,per lb,National,wholesale,,,,,,18048.0,lb,,2453,National Daily Boxed Beef Cutout & Boxed Beef Cuts - Negotiated Sales - PM (PDF) (LM_XB403),2026-09-26T13:48:36+00:00
65c1ffee2b75ee95,2021-06-30,Beef,"Loin, ball-tip, bnls, heavy (185B  1)",Choice Cuts,,,,Choice,,,,,315.0,350.0,,,333.09,$/cwt,3.3309,per lb,National,wholesale,,,,,,27004.0,lb,,2453,National Daily Boxed Beef Cutout & Boxed Beef Cuts - Negotiated Sales - PM (PDF) (LM_XB403),2026-09-26T13:48:36+00:00
c485388bafe52140,2021-06-30,Beef,"Loin, bottom sirloin, flap (185A  4)",Choice Cuts,,,,Choice,,,,,637.0,810.0,,,673.66,$/cwt,6.7366,per lb,National,wholesale,,,,,,45706.0,lb,,2453,National Daily Boxed Beef Cutout & Boxed Beef Cuts - Negotiated Sales - PM (PDF) (LM_XB403),2026-09-26T13:48:36+00:00
0aef96acf83f6773,2021-06-30,Beef,"Loin, bottom sirloin, flap (185A  4)",Select Cuts,,,,Select,,,,,630.0,717.7,,,663.11,$/cwt,6.6311,per lb,National,wholesale,,,,,,14803.0,lb,,2453,National Daily Boxed Beef Cutout & Boxed Beef Cuts - Negotiated Sales - PM (PDF) (LM_XB403),2026-09-26T13:48:36+00:00
a1035205b0c30068,2021-06-30,Beef,"Loin, butt tender, trimmed (191A  4)",Choice Cuts,,,,Choice,,,,,1765.0,1825.0,,,1813.79,$/cwt,18.1379,per lb,National,wholesale,,,,,,5782.0,lb,,2453,National Daily Boxed Beef Cutout & Boxed Beef Cuts - Negotiated Sales - PM (PDF) (LM_XB403),2026-09-26T13:48:36+00:00
eb97979b95ce0b2e,2021-06-30,Beef,"Loin, butt tender, trimmed (191A  4)",Select Cuts,,,,Select,,,,,1502.0,1681.0,,,1623.54,$/cwt,16.2354,per lb,National,wholesale,,,,,,3413.0,lb,,2453,National Daily Boxed Beef Cutout & Boxed Beef Cuts - Negotiated Sales - PM (PDF) (LM_XB403),2026-09-26T13:48:36+00:00
d33973108a09b120,2021-06-30,Beef,"Loin, short loin, 0x1 (174  3)",Choice Cuts,,,,Choice,,,,,680.0,879.5,,,712.57,$/cwt,7.1257,per lb,National,wholesale,,,,,,264249.0,lb,,2453,National Daily Boxed Beef Cutout & Boxed Beef Cuts - Negotiated Sales - PM (PDF) (LM_XB403),2026-09-26T13:48:36+00:00
64e9d69b6fb55d09,2021-06-30,Beef,"Loin, short loin, 0x1 (174  3)",Select Cuts,,,,Select,,,,,565.0,650.0,,,577.11,$/cwt,5.7711,per lb,National,wholesale,,,,,,23755.0,lb,,2453,National Daily Boxed Beef Cutout & Boxed Beef Cuts - Negotiated Sales - PM (PDF) (LM_XB403),2026-09-26T13:48:36+00:00
56d903857333ae29,2021-06-30,Beef,"Loin, sirloin, tri-tip (185C  1)",Choice Cuts,,,,Choice,,,,,420.0,450.87,,,426.7,$/cwt,4.267,per lb,National,wholesale,,,,,,15065.0,lb,,2453,National Daily Boxed Beef Cutout & Boxed Beef Cuts - Negotiated Sales - PM (PDF) (LM_XB403),2026-09-26T13:48:36+00:00
7b0cd0c690eeafef,2021-06-30,Beef,"Loin, sirloin, tri-tip, pld (185D  4)",Choice Cuts,,,,Choice,,,,,580.0,675.0,,,587.09,$/cwt,5.8709,per lb,National,wholesale,,,,,,15343.0,lb,,2453,National Daily Boxed Beef Cutout & Boxed Beef Cuts - Negotiated Sales - PM (PDF) (LM_XB403),2026-09-26T13:48:36+00:00
170c6bdf706c7d25,2021-06-30,Beef,"Loin, strip loin bnls. 1x1 (  1)",Choice Cuts,,,,Choice,,,,,796.0,847.0,,,805.48,$/cwt,8.0548,per lb,National,wholesale,,,,,,1900.0,lb,,2453,National Daily Boxed Beef Cutout & Boxed Beef Cuts - Negotiated Sales - PM (PDF) (LM_XB403),2026-09-26T13:48:36+00:00
2a19d7b805c893cf,2021-06-30,Beef,"Loin, strip loin, 1x1 (175  3)",Select Cuts,,,,Select,,,,,465.0,552.0,,,517.47,$/cwt,5.1747,per lb,National,wholesale,,,,,,2957.0,lb,,2453,National Daily Boxed Beef Cutout & Boxed Beef Cuts - Negotiated Sales - PM (PDF) (LM_XB403),2026-09-26T13:48:36+00:00
2e887acf4fd40bc0,2021-06-30,Beef,"Loin, strip, bnls, 0x1 (180  3)",Choice Cuts,,,,Choice,,,,,741.0,925.0,,,821.49,$/cwt,8.2149,per lb,National,wholesale,,,,,,330909.0,lb,,2453,National Daily Boxed Beef Cutout & Boxed Beef Cuts - Negotiated Sales - PM (PDF) (LM_XB403),2026-09-26T13:48:36+00:00
bb0c1d669ff42713,2021-06-30,Beef,"Loin, strip, bnls, 0x1 (180  3)",Select Cuts,,,,Select,,,,,500.0,619.0,,,556.56,$/cwt,5.5656,per lb,National,wholesale,,,,,,80208.0,lb,,2453,National Daily Boxed Beef Cutout & Boxed Beef Cuts - Negotiated Sales - PM (PDF) (LM_XB403),2026-09-26T13:48:36+00:00
2e220502b74f0b00,2021-06-30,Beef,"Loin, tndrloin, trmd, heavy (189A  4)",Choice Cuts,,,,Choice,,,,,1640.0,1854.25,,,1723.95,$/cwt,17.2395,per lb,National,wholesale,,,,,,47199.0,lb,,2453,National Daily Boxed Beef Cutout & Boxed Beef Cuts - Negotiated Sales - PM (PDF) (LM_XB403),2026-09-26T13:48:36+00:00
a63f098dbdc9e14a,2021-06-30,Beef,"Loin, tndrloin, trmd, heavy (189A  4)",Select Cuts,,,,Select,,,,,1241.22,1739.25,,,1343.14,$/cwt,13.4314,per lb,National,wholesale,,,,,,67354.0,lb,,2453,National Daily Boxed Beef Cutout & Boxed Beef Cuts - Negotiated Sales - PM (PDF) (LM_XB403),2026-09-26T13:48:36+00:00
e9acb6b1cfb83d06,2021-06-30,Beef,"Loin, top butt, CC (184B  3)",Choice Cuts,,,,Choice,,,,,525.0,645.0,,,536.95,$/cwt,5.3695,per lb,National,wholesale,,,,,,11422.0,lb,,2453,National Daily Boxed Beef Cutout & Boxed Beef Cuts - Negotiated Sales - PM (PDF) (LM_XB403),2026-09-26T13:48:36+00:00
5406ad0d48fbe9a5,2021-06-30,Beef,"Loin, top butt, bnls, heavy (184  1)",Choice Cuts,,,,Choice,,,,,381.0,430.0,,,420.54,$/cwt,4.2054,per lb,National,wholesale,,,,,,2996.0,lb,,2453,National Daily Boxed Beef Cutout & Boxed Beef Cuts - Negotiated Sales - PM (PDF) (LM_XB403),2026-09-26T13:48:36+00:00
a07c2d48f38c6d69,2021-06-30,Beef,"Loin, top butt, bnls, heavy (184  1)",Select Cuts,,,,Select,,,,,328.0,370.3,,,359.25,$/cwt,3.5925,per lb,National,wholesale,,,,,,7586.0,lb,,2453,National Daily Boxed Beef Cutout & Boxed Beef Cuts - Negotiated Sales - PM (PDF) (LM_XB403),2026-09-26T13:48:36+00:00
f7c7fccbef3cb717,2021-06-30,Beef,"Loin, top butt, boneless (184  3)",Choice Cuts,,,,Choice,,,,,391.0,463.0,,,401.83,$/cwt,4.0183,per lb,National,wholesale,,,,,,251165.0,lb,,2453,National Daily Boxed Beef Cutout & Boxed Beef Cuts - Negotiated Sales - PM (PDF) (LM_XB403),2026-09-26T13:48:36+00:00
87f0003065ab2eaa,2021-06-30,Beef,"Loin, top butt, boneless (184  3)",Select Cuts,,,,Select,,,,,352.5,399.64,,,373.4,$/cwt,3.734,per lb,National,wholesale,,,,,,17421.0,lb,,2453,National Daily Boxed Beef Cutout & Boxed Beef Cuts - Negotiated Sales - PM (PDF) (LM_XB403),2026-09-26T13:48:36+00:00
8234eb9041e98667,2021-06-30,Beef,"Rib, ribeye, bnls, heavy (112A  3)",Choice Cuts,,,,Choice,,,,,830.0,1090.7,,,902.95,$/cwt,9.0295,per lb,National,wholesale,,,,,,281646.0,lb,,2453,National Daily Boxed Beef Cutout & Boxed Beef Cuts - Negotiated Sales - PM (PDF) (LM_XB403),2026-09-26T13:48:36+00:00
e5ebc0d2f637a25d,2021-06-30,Beef,"Rib, ribeye, bnls, heavy (112A  3)",Select Cuts,,,,Select,,,,,660.0,706.5,,,688.35,$/cwt,6.8835,per lb,National,wholesale,,,,,,21997.0,lb,,2453,National Daily Boxed Beef Cutout & Boxed Beef Cuts - Negotiated Sales - PM (PDF) (LM_XB403),2026-09-26T13:48:36+00:00
363a31d6529636bf,2021-06-30,Beef,"Rib, ribeye, bnls, light (112A  3)",Choice Cuts,,,,Choice,,,,,775.0,997.0,,,822.79,$/cwt,8.2279,per lb,National,wholesale,,,,,,324626.0,lb,,2453,National Daily Boxed Beef Cutout & Boxed Beef Cuts - Negotiated Sales - PM (PDF) (LM_XB403),2026-09-26T13:48:36+00:00
aaf231ae17b8f74c,2021-06-30,Beef,"Rib, ribeye, bnls, light (112A  3)",Select Cuts,,,,Select,,,,,644.0,705.0,,,677.26,$/cwt,6.7726,per lb,National,wholesale,,,,,,76288.0,lb,,2453,National Daily Boxed Beef Cutout & Boxed Beef Cuts - Negotiated Sales - PM (PDF) (LM_XB403),2026-09-26T13:48:36+00:00
0787251b579e8d9d,2021-06-30,Beef,"Rib, ribeye, lip-on, bn-in (109E  1)",Choice Cuts,,,,Choice,,,,,716.0,1011.0,,,756.57,$/cwt,7.5657,per lb,National,wholesale,,,,,,149321.0,lb,,2453,National Daily Boxed Beef Cutout & Boxed Beef Cuts - Negotiated Sales - PM (PDF) (LM_XB403),2026-09-26T13:48:36+00:00
8520671e0aa67150,2021-06-30,Beef,"Rib, ribeye, lip-on, bn-in (109E  1)",Select Cuts,,,,Select,,,,,550.26,630.0,,,576.82,$/cwt,5.7682,per lb,National,wholesale,,,,,,12116.0,lb,,2453,National Daily Boxed Beef Cutout & Boxed Beef Cuts - Negotiated Sales - PM (PDF) (LM_XB403),2026-09-26T13:48:36+00:00
1e354d2a639b73ad,2021-06-30,Beef,"Round, eye of round (171C  3)",Choice Cuts,,,,Choice,,,,,311.0,362.76,,,325.27,$/cwt,3.2527,per lb,National,wholesale,,,,,,90143.0,lb,,2453,National Daily Boxed Beef Cutout & Boxed Beef Cuts - Negotiated Sales - PM (PDF) (LM_XB403),2026-09-26T13:48:36+00:00
382502690d91059b,2021-06-30,Beef,"Round, eye of round (171C  3)",Select Cuts,,,,Select,,,,,320.0,332.0,,,324.06,$/cwt,3.2406,per lb,National,wholesale,,,,,,14704.0,lb,,2453,National Daily Boxed Beef Cutout & Boxed Beef Cuts - Negotiated Sales - PM (PDF) (LM_XB403),2026-09-26T13:48:36+00:00
e71b644e6faf7b6a,2021-06-30,Beef,"Round, knuckle, peeled (167A  4)",Choice Cuts,,,,Choice,,,,,380.0,405.0,,,388.85,$/cwt,3.8885,per lb,National,wholesale,,,,,,97843.0,lb,,2453,National Daily Boxed Beef Cutout & Boxed Beef Cuts - Negotiated Sales - PM (PDF) (LM_XB403),2026-09-26T13:48:36+00:00
72d82d7b63790243,2021-06-30,Beef,"Round, knuckle, peeled (167A  4)",Select Cuts,,,,Select,,,,,383.0,399.0,,,392.32,$/cwt,3.9232,per lb,National,wholesale,,,,,,21024.0,lb,,2453,National Daily Boxed Beef Cutout & Boxed Beef Cuts - Negotiated Sales - PM (PDF) (LM_XB403),2026-09-26T13:48:36+00:00
d30339068052fa71,2021-06-30,Beef,"Round, outside round (171B  3)",Choice Cuts,,,,Choice,,,,,289.66,330.0,,,310.25,$/cwt,3.1025,per lb,National,wholesale,,,,,,236442.0,lb,,2453,National Daily Boxed Beef Cutout & Boxed Beef Cuts - Negotiated Sales - PM (PDF) (LM_XB403),2026-09-26T13:48:36+00:00
b2bb40af21d0d73f,2021-06-30,Beef,"Round, outside round (171B  3)",Select Cuts,,,,Select,,,,,280.61,320.0,,,290.47,$/cwt,2.9047,per lb,National,wholesale,,,,,,104221.0,lb,,2453,National Daily Boxed Beef Cutout & Boxed Beef Cuts - Negotiated Sales - PM (PDF) (LM_XB403),2026-09-26T13:48:36+00:00
b02c1377f36652cc,2021-06-30,Beef,"Round, top inside round (168  1)",Choice Cuts,,,,Choice,,,,,290.75,319.87,,,304.56,$/cwt,3.0456,per lb,National,wholesale,,,,,,22864.0,lb,,2453,National Daily Boxed Beef Cutout & Boxed Beef Cuts - Negotiated Sales - PM (PDF) (LM_XB403),2026-09-26T13:48:36+00:00
285cde50e23e81db,2021-06-30,Beef,"Round, top inside round (168  3)",Choice Cuts,,,,Choice,,,,,285.0,330.3,,,299.24,$/cwt,2.9924,per lb,National,wholesale,,,,,,69674.0,lb,,2453,National Daily Boxed Beef Cutout & Boxed Beef Cuts - Negotiated Sales - PM (PDF) (LM_XB403),2026-09-26T13:48:36+00:00
4c07baf8ffc9a584,2021-06-30,Beef,"Round, top inside round (168  3)",Select Cuts,,,,Select,,,,,284.67,307.0,,,293.18,$/cwt,2.9318,per lb,National,wholesale,,,,,,35923.0,lb,,2453,National Daily Boxed Beef Cutout & Boxed Beef Cuts - Negotiated Sales - PM (PDF) (LM_XB403),2026-09-26T13:48:36+00:00
e33991952e65f0ec,2021-06-30,Beef,"Round, top inside, cap off (169A  5)",Choice Cuts,,,,Choice,,,,,395.0,485.0,,,405.67,$/cwt,4.0567,per lb,National,wholesale,,,,,,165825.0,lb,,2453,National Daily Boxed Beef Cutout & Boxed Beef Cuts - Negotiated Sales - PM (PDF) (LM_XB403),2026-09-26T13:48:36+00:00
bb088013679958b1,2021-06-30,Beef,"Round, top inside, denuded (169  5)",Choice Cuts,,,,Choice,,,,,335.79,404.5,,,345.27,$/cwt,3.4527,per lb,National,wholesale,,,,,,66720.0,lb,,2453,National Daily Boxed Beef Cutout & Boxed Beef Cuts - Negotiated Sales - PM (PDF) (LM_XB403),2026-09-26T13:48:36+00:00
85b10887e00cac3b,2021-06-30,Beef,"Short Plate, short rib (123A  3)",Choice Cuts,,,,Choice,,,,,530.0,632.5,,,567.28,$/cwt,5.6728,per lb,National,wholesale,,,,,,71712.0,lb,,2453,National Daily Boxed Beef Cutout & Boxed Beef Cuts - Negotiated Sales - PM (PDF) (LM_XB403),2026-09-26T13:48:36+00:00
6b31c7a910e7f469,2021-06-30,Beef,"Short Plate, short rib (123A  3)",Select Cuts,,,,Select,,,,,553.0,632.5,,,597.74,$/cwt,5.9774,per lb,National,wholesale,,,,,,2416.0,lb,,2453,National Daily Boxed Beef Cutout & Boxed Beef Cuts - Negotiated Sales - PM (PDF) (LM_XB403),2026-09-26T13:48:36+00:00
