row_id,report_date,commodity,variety,pack_size,count_size,item_size,properties,grade,organic,appearance,condition,quality,low_price,high_price,mostly_low_price,mostly_high_price,unit_price,price_unit,normalized_price,normalized_unit,market,market_type,origin,origin_detail,other_attributes,reporter_comment,market_tone,volume,volume_unit,store_count,report_id,report_title,fetched_at
23ae5bb67da3384e,2022-09-02,Avocados,HASS,each,,,,,No,,,,,,,,2.45,$/each,2.45,per each,Alaska,retail,,,,,,,,47.0,3324,Weekly Grocery Store Specialty Crops Feature Activity,2026-09-26T13:56:27+00:00
9ef312723d18f670,2022-09-02,Blueberries,,18 oz package,,,,,No,,,,,,,,5.03,$/18 oz package,4.4711,per lb,Alaska,retail,,,,,,,,12.0,3324,Weekly Grocery Store Specialty Crops Feature Activity,2026-09-26T13:56:27+00:00
9fb18c929f3a71be,2022-09-02,Blueberries,,18 oz package,,,,,Yes,,,,,,,,4.99,$/18 oz package,4.4356,per lb,Alaska,retail,,,,,,,,11.0,3324,Weekly Grocery Store Specialty Crops Feature Activity,2026-09-26T13:56:27+00:00
d37e677560834bf7,2022-09-02,Broccoli,,per lb,,,,,Yes,,,,,,,,3.49,$/per lb,3.49,per lb,Alaska,retail,,,,,,,,1.0,3324,Weekly Grocery Store Specialty Crops Feature Activity,2026-09-26T13:56:27+00:00
22a7cbb8911a94cf,2022-09-02,Broccoli,CROWN CUT,per lb,,,,,No,,,,,,,,1.99,$/per lb,1.99,per lb,Alaska,retail,,,,,,,,1.0,3324,Weekly Grocery Store Specialty Crops Feature Activity,2026-09-26T13:56:27+00:00
9a512145310920fe,2022-09-02,Carrots,,1 lb bag,,,,,Yes,,,,,,,,4.49,$/1 lb bag,4.49,per lb,Alaska,retail,,,,,,,,33.0,3324,Weekly Grocery Store Specialty Crops Feature Activity,2026-09-26T13:56:27+00:00
7931e94f9b00f65a,2022-09-02,Carrots,BABY PEELED,1 lb bag,,,,,No,,,,,,,,1.79,$/1 lb bag,1.79,per lb,Alaska,retail,,,,,,,,1.0,3324,Weekly Grocery Store Specialty Crops Feature Activity,2026-09-26T13:56:27+00:00
910a70695c15e7dc,2022-09-02,Celery,,each,,,,,Yes,,,,,,,,2.49,$/each,2.49,per each,Alaska,retail,,,,,,,,1.0,3324,Weekly Grocery Store Specialty Crops Feature Activity,2026-09-26T13:56:27+00:00
7cf00ae294f68ea0,2022-09-02,Cucumbers,,each,,,,,Yes,,,,,,,,1.69,$/each,1.69,per each,Alaska,retail,,,,,,,,1.0,3324,Weekly Grocery Store Specialty Crops Feature Activity,2026-09-26T13:56:27+00:00
c91707bfadd5564a,2022-09-02,Cucumbers,,each,,,,,No,,,,,,,,1.19,$/each,1.19,per each,Alaska,retail,,,,,,,,1.0,3324,Weekly Grocery Store Specialty Crops Feature Activity,2026-09-26T13:56:27+00:00
27c8e3391e2db2a8,2022-09-02,Grapes,BLACK SEEDLESS,per lb,,,,,No,,,,,,,,2.99,$/per lb,2.99,per lb,Alaska,retail,,,,,,,,11.0,3324,Weekly Grocery Store Specialty Crops Feature Activity,2026-09-26T13:56:27+00:00
cdd01589b8aa858e,2022-09-02,Grapes,RED SEEDLESS,per lb,,,,,No,,,,,,,,3.14,$/per lb,3.14,per lb,Alaska,retail,,,,,,,,21.0,3324,Weekly Grocery Store Specialty Crops Feature Activity,2026-09-26T13:56:27+00:00
9122ede05f593b13,2022-09-02,Grapes,WHITE SEEDLESS TYPE,per lb,,,,,No,,,,,,,,3.14,$/per lb,3.14,per lb,Alaska,retail,,,,,,,,21.0,3324,Weekly Grocery Store Specialty Crops Feature Activity,2026-09-26T13:56:27+00:00
08e0e0d611258b24,2022-09-02,Lettuce,Iceberg,each,,,,,No,,,,,,,,3.99,$/each,3.99,per each,Alaska,retail,,,,,,,,33.0,3324,Weekly Grocery Store Specialty Crops Feature Activity,2026-09-26T13:56:27+00:00
35a4c0d4d6603bb8,2022-09-02,Limes,,each,,,,,No,,,,,,,,0.5,$/each,0.5,per each,Alaska,retail,,,,,,,,1.0,3324,Weekly Grocery Store Specialty Crops Feature Activity,2026-09-26T13:56:27+00:00
b2d4a837fa27ca72,2022-09-02,"Onions, Dry",RED,per lb,,,,,Yes,,,,,,,,1.99,$/per lb,1.99,per lb,Alaska,retail,,,,,,,,26.0,3324,Weekly Grocery Store Specialty Crops Feature Activity,2026-09-26T13:56:27+00:00
68e5adf87a9694ef,2022-09-02,"Onions, Dry",WHITE,per lb,,,,,Yes,,,,,,,,1.99,$/per lb,1.99,per lb,Alaska,retail,,,,,,,,26.0,3324,Weekly Grocery Store Specialty Crops Feature Activity,2026-09-26T13:56:27+00:00
bafd3694bc1820c8,2022-09-02,"Onions, Dry",YELLOW,2 lb bag,,,,,No,,,,,,,,2.49,$/2 lb bag,1.245,per lb,Alaska,retail,,,,,,,,1.0,3324,Weekly Grocery Store Specialty Crops Feature Activity,2026-09-26T13:56:27+00:00
151b9956d4ac4f49,2022-09-02,"Onions, Dry",YELLOW,per lb,,,,,Yes,,,,,,,,1.99,$/per lb,1.99,per lb,Alaska,retail,,,,,,,,26.0,3324,Weekly Grocery Store Specialty Crops Feature Activity,2026-09-26T13:56:27+00:00
4cd8da51619d4157,2022-09-02,"Onions, Dry",YELLOW MARKED SWEET,per lb,,,,,No,,,,,,,,2.06,$/per lb,2.06,per lb,Alaska,retail,,,,,,,,57.0,3324,Weekly Grocery Store Specialty Crops Feature Activity,2026-09-26T13:56:27+00:00
264d918dd898e0bb,2022-09-02,"Peppers, Bell Type",GREEN,each,,,,,No,,,,,,,,1.25,$/each,1.25,per each,Alaska,retail,,,,,,,,7.0,3324,Weekly Grocery Store Specialty Crops Feature Activity,2026-09-26T13:56:27+00:00
db3c0a74f20e6006,2022-09-02,"Peppers, Bell Type",ORANGE,each,,,,,No,,,,,,,,1.5,$/each,1.5,per each,Alaska,retail,,,environment=Greenhouse,,,,,2.0,3324,Weekly Grocery Store Specialty Crops Feature Activity,2026-09-26T13:56:27+00:00
de0b1289618b90fc,2022-09-02,"Peppers, Bell Type",ORANGE,each,,,,,No,,,,,,,,1.65,$/each,1.65,per each,Alaska,retail,,,,,,,,48.0,3324,Weekly Grocery Store Specialty Crops Feature Activity,2026-09-26T13:56:27+00:00
a938b48e2cc548cb,2022-09-02,"Peppers, Bell Type",ORANGE,per lb,,,,,No,,,,,,,,3.99,$/per lb,3.99,per lb,Alaska,retail,,,,,,,,1.0,3324,Weekly Grocery Store Specialty Crops Feature Activity,2026-09-26T13:56:27+00:00
e121356eaaea56ab,2022-09-02,"Peppers, Bell Type",RED,each,,,,,No,,,,,,,,1.65,$/each,1.65,per each,Alaska,retail,,,,,,,,48.0,3324,Weekly Grocery Store Specialty Crops Feature Activity,2026-09-26T13:56:27+00:00
ff4f8e6a311cbff2,2022-09-02,"Peppers, Bell Type",RED,each,,,,,No,,,,,,,,1.5,$/each,1.5,per each,Alaska,retail,,,environment=Greenhouse,,,,,2.0,3324,Weekly Grocery Store Specialty Crops Feature Activity,2026-09-26T13:56:27+00:00
167aecb611004712,2022-09-02,"Peppers, Bell Type",RED,per lb,,,,,No,,,,,,,,3.99,$/per lb,3.99,per lb,Alaska,retail,,,,,,,,1.0,3324,Weekly Grocery Store Specialty Crops Feature Activity,2026-09-26T13:56:27+00:00
cb208a67324bed67,2022-09-02,"Peppers, Bell Type",YELLOW,each,,,,,No,,,,,,,,1.5,$/each,1.5,per each,Alaska,retail,,,environment=Greenhouse,,,,,2.0,3324,Weekly Grocery Store Specialty Crops Feature Activity,2026-09-26T13:56:27+00:00
fe9730fb725bd967,2022-09-02,"Peppers, Bell Type",YELLOW,each,,,,,No,,,,,,,,1.65,$/each,1.65,per each,Alaska,retail,,,,,,,,48.0,3324,Weekly Grocery Store Specialty Crops Feature Activity,2026-09-26T13:56:27+00:00
c4be85b38fc23b98,2022-09-02,"Peppers, Bell Type",YELLOW,per lb,,,,,No,,,,,,,,3.99,$/per lb,3.99,per lb,Alaska,retail,,,,,,,,1.0,3324,Weekly Grocery Store Specialty Crops Feature Activity,2026-09-26T13:56:27+00:00
0ac002e9b9e300ee,2022-09-02,Potatoes,ROUND RED,5 lb bag,,,,,No,,,,,,,,6.03,$/5 lb bag,1.206,per lb,Alaska,retail,,,,,,,,12.0,3324,Weekly Grocery Store Specialty Crops Feature Activity,2026-09-26T13:56:27+00:00
4a73ac7890364448,2022-09-02,Potatoes,YELLOW TYPE,5 lb bag,,,,,No,,,,,,,,6.49,$/5 lb bag,1.298,per lb,Alaska,retail,,,,,,,,1.0,3324,Weekly Grocery Store Specialty Crops Feature Activity,2026-09-26T13:56:27+00:00
aa03eee05f05cc35,2022-09-02,Strawberries,,1 lb package,,,,,No,,,,,,,,3.94,$/1 lb package,3.94,per lb,Alaska,retail,,,,,,,,4.0,3324,Weekly Grocery Store Specialty Crops Feature Activity,2026-09-26T13:56:27+00:00
6ed5f39a55581dba,2022-09-02,Tomatoes,,per lb,,,,,No,,,,,,,,2.49,$/per lb,2.49,per lb,Alaska,retail,,,,,,,,7.0,3324,Weekly Grocery Store Specialty Crops Feature Activity,2026-09-26T13:56:27+00:00
1437ece017173245,2022-09-02,Tomatoes,GRAPE TYPE,1 pint package,,,,,No,,,,,,,,3.69,$/1 pint package,,,Alaska,retail,,,,,,,,1.0,3324,Weekly Grocery Store Specialty Crops Feature Activity,2026-09-26T13:56:27+00:00
206da19ab2da8057,2022-09-02,Tomatoes,GRAPE TYPE,10 oz package,,,,,No,,,,,,,,2.49,$/10 oz package,3.984,per lb,Alaska,retail,,,,,,,,3.0,3324,Weekly Grocery Store Specialty Crops Feature Activity,2026-09-26T13:56:27+00:00
d42f0e03f889dbf7,2022-09-02,Tomatoes,VINE RIPES - ON THE VINE,per lb,,,,,No,,,,,,,,3.46,$/per lb,3.46,per lb,Alaska,retail,,,environment=Greenhouse,,,,,62.0,3324,Weekly Grocery Store Specialty Crops Feature Activity,2026-09-26T13:56:27+00:00
0fe0642dd74d5287,2022-09-02,Avocados,HASS,each,,,,,No,,,,,,,,1.25,$/each,1.25,per each,Hawaii,retail,,,,,,,,21.0,3324,Weekly Grocery Store Specialty Crops Feature Activity,2026-09-26T13:56:27+00:00
397eb75697b98c8a,2022-09-02,Bananas,,per lb,,,,,No,,,,,,,,1.29,$/per lb,1.29,per lb,Hawaii,retail,,,,,,,,4.0,3324,Weekly Grocery Store Specialty Crops Feature Activity,2026-09-26T13:56:27+00:00
443f13432ae9317a,2022-09-02,Bananas,,per lb,,,,,Yes,,,,,,,,1.99,$/per lb,1.99,per lb,Hawaii,retail,,,,,,,,21.0,3324,Weekly Grocery Store Specialty Crops Feature Activity,2026-09-26T13:56:27+00:00
0361b56c5afd4c6d,2022-09-02,Blueberries,,6 oz package,,,,,No,,,,,,,,3.19,$/6 oz package,8.5067,per lb,Hawaii,retail,,,,,,,,4.0,3324,Weekly Grocery Store Specialty Crops Feature Activity,2026-09-26T13:56:27+00:00
6cd6bec2dec7f21d,2022-09-02,Broccoli,,per lb,,,,,Yes,,,,,,,,3.99,$/per lb,3.99,per lb,Hawaii,retail,,,,,,,,21.0,3324,Weekly Grocery Store Specialty Crops Feature Activity,2026-09-26T13:56:27+00:00
3704776e9a36c0a3,2022-09-02,Broccoli,BABY HYBRID TYPE,per bunch,,,,,No,,,,,,,,3.5,$/per bunch,,,Hawaii,retail,,,,,,,,23.0,3324,Weekly Grocery Store Specialty Crops Feature Activity,2026-09-26T13:56:27+00:00
1436ab7935ee4669,2022-09-02,Broccoli,CROWN CUT,per lb,,,,,No,,,,,,,,2.59,$/per lb,2.59,per lb,Hawaii,retail,,,,,,,,3.0,3324,Weekly Grocery Store Specialty Crops Feature Activity,2026-09-26T13:56:27+00:00
2f384548adebaf1c,2022-09-02,Carrots,,per lb,,,,,No,,,,,,,,1.39,$/per lb,1.39,per lb,Hawaii,retail,,,,,,,,6.0,3324,Weekly Grocery Store Specialty Crops Feature Activity,2026-09-26T13:56:27+00:00
9d6a6ef365e168b2,2022-09-02,Carrots,BABY PEELED,1 lb bag,,,,,No,,,,,,,,1.49,$/1 lb bag,1.49,per lb,Hawaii,retail,,,,,,,,4.0,3324,Weekly Grocery Store Specialty Crops Feature Activity,2026-09-26T13:56:27+00:00
7ee79fbfb05a069d,2022-09-02,Carrots,BABY PEELED,2 lb bag,,,,,No,,,,,,,,4.59,$/2 lb bag,2.295,per lb,Hawaii,retail,,,,,,,,35.0,3324,Weekly Grocery Store Specialty Crops Feature Activity,2026-09-26T13:56:27+00:00
9c42e33eb9356d66,2022-09-02,Celery,,per lb,,,,,No,,,,,,,,1.51,$/per lb,1.51,per lb,Hawaii,retail,,,,,,,,10.0,3324,Weekly Grocery Store Specialty Crops Feature Activity,2026-09-26T13:56:27+00:00
084cbb5c81e0fee5,2022-09-02,Grapes,BLACK SEEDLESS,per lb,,,,,Yes,,,,,,,,2.99,$/per lb,2.99,per lb,Hawaii,retail,,,,,,,,3.0,3324,Weekly Grocery Store Specialty Crops Feature Activity,2026-09-26T13:56:27+00:00
50d2518b6084adb0,2022-09-02,Grapes,RED SEEDLESS,per lb,,,,,No,,,,,,,,3.3,$/per lb,3.3,per lb,Hawaii,retail,,,,,,,,57.0,3324,Weekly Grocery Store Specialty Crops Feature Activity,2026-09-26T13:56:27+00:00
b56a5b1498b7e3c4,2022-09-02,Grapes,RED SEEDLESS,per lb,,,,,Yes,,,,,,,,2.99,$/per lb,2.99,per lb,Hawaii,retail,,,,,,,,3.0,3324,Weekly Grocery Store Specialty Crops Feature Activity,2026-09-26T13:56:27+00:00
3558bdf727b29c1c,2022-09-02,Grapes,WHITE SEEDLESS TYPE,per lb,,,,,Yes,,,,,,,,2.99,$/per lb,2.99,per lb,Hawaii,retail,,,,,,,,3.0,3324,Weekly Grocery Store Specialty Crops Feature Activity,2026-09-26T13:56:27+00:00
fca056cfaf53c637,2022-09-02,Grapes,WHITE SEEDLESS TYPE,per lb,,,,,No,,,,,,,,3.33,$/per lb,3.33,per lb,Hawaii,retail,,,,,,,,47.0,3324,Weekly Grocery Store Specialty Crops Feature Activity,2026-09-26T13:56:27+00:00
56d78667665790ca,2022-09-02,Lettuce,Romaine (Hearts),3 count,,,,,No,,,,,,,,3.69,$/3 count,,,Hawaii,retail,,,,,,,,4.0,3324,Weekly Grocery Store Specialty Crops Feature Activity,2026-09-26T13:56:27+00:00
b3f0e08223da0927,2022-09-02,"Onions, Dry",YELLOW,3 lb bag,,,,,No,,,,,,,,4.29,$/3 lb bag,1.43,per lb,Hawaii,retail,,,,,,,,4.0,3324,Weekly Grocery Store Specialty Crops Feature Activity,2026-09-26T13:56:27+00:00
c7a9c0491dd0c9a4,2022-09-02,"Onions, Dry",YELLOW MARKED SWEET,per lb,,,,,No,,,,,,,,1.79,$/per lb,1.79,per lb,Hawaii,retail,,,,,,,,6.0,3324,Weekly Grocery Store Specialty Crops Feature Activity,2026-09-26T13:56:27+00:00
e76fde8a5977752f,2022-09-02,"Peppers, Bell Type",GREEN,per lb,,,,,No,,,,,,,,3.19,$/per lb,3.19,per lb,Hawaii,retail,,,,,,,,21.0,3324,Weekly Grocery Store Specialty Crops Feature Activity,2026-09-26T13:56:27+00:00
533f55320b2758a4,2022-09-02,"Peppers, Bell Type",RED,per lb,,,,,No,,,,,,,,4.89,$/per lb,4.89,per lb,Hawaii,retail,,,,,,,,6.0,3324,Weekly Grocery Store Specialty Crops Feature Activity,2026-09-26T13:56:27+00:00
89e72ff81b8425d6,2022-09-02,Potatoes,RUSSET,5 lb bag,,,,,No,,,,,,,,3.19,$/5 lb bag,0.638,per lb,Hawaii,retail,,,,,,,,4.0,3324,Weekly Grocery Store Specialty Crops Feature Activity,2026-09-26T13:56:27+00:00
f6657d523d42814e,2022-09-02,Strawberries,,1 lb package,,,,,No,,,,,,,,4.39,$/1 lb package,4.39,per lb,Hawaii,retail,,,,,,,,10.0,3324,Weekly Grocery Store Specialty Crops Feature Activity,2026-09-26T13:56:27+00:00
7c4555e0f6126057,2022-09-02,Tomatoes,,per lb,,,,,No,,,,,,,,2.53,$/per lb,2.53,per lb,Hawaii,retail,,,,,,,,30.0,3324,Weekly Grocery Store Specialty Crops Feature Activity,2026-09-26T13:56:27+00:00
a641c3dd59bc1f8d,2022-09-02,Tomatoes,GRAPE TYPE,10 oz package,,,,,No,,,,,,,,2.49,$/10 oz package,3.984,per lb,Hawaii,retail,,,,,,,,6.0,3324,Weekly Grocery Store Specialty Crops Feature Activity,2026-09-26T13:56:27+00:00
cf9be7dd9e52c1fb,2022-09-02,Tomatoes,Vine Ripes - Heirloom Varieties,per lb,,,,,Yes,,,,,,,,4.79,$/per lb,4.79,per lb,Hawaii,retail,,,environment=Greenhouse,,,,,3.0,3324,Weekly Grocery Store Specialty Crops Feature Activity,2026-09-26T13:56:27+00:00
7ee0d778b531daf2,2022-09-02,Avocados,HASS,each,,,,,Yes,,,,,,,,2.5,$/each,2.5,per each,Midwest,retail,,,,,,,,8.0,3324,Weekly Grocery Store Specialty Crops Feature Activity,2026-09-26T13:56:27+00:00
99a5dd42d1b59ad9,2022-09-02,Avocados,HASS,each,,,,,No,,,,,,,,1.32,$/each,1.32,per each,Midwest,retail,,,,,,,,1258.0,3324,Weekly Grocery Store Specialty Crops Feature Activity,2026-09-26T13:56:27+00:00
0f212c5271ce4556,2022-09-02,Bananas,,per lb,,,,,Yes,,,,,,,,0.89,$/per lb,0.89,per lb,Midwest,retail,,,,,,,,11.0,3324,Weekly Grocery Store Specialty Crops Feature Activity,2026-09-26T13:56:27+00:00
379fc7f8a5c8c657,2022-09-02,Blueberries,,1 pint package,,,,,Yes,,,,,,,,3.99,$/1 pint package,,,Midwest,retail,,,,,,,,21.0,3324,Weekly Grocery Store Specialty Crops Feature Activity,2026-09-26T13:56:27+00:00
a44de2583a92a26b,2022-09-02,Blueberries,,1 pint package,,,,,No,,,,,,,,2.57,$/1 pint package,,,Midwest,retail,,,,,,,,1346.0,3324,Weekly Grocery Store Specialty Crops Feature Activity,2026-09-26T13:56:27+00:00
07ecb1904ed4a000,2022-09-02,Blueberries,,18 oz package,,,,,Yes,,,,,,,,2.97,$/18 oz package,2.64,per lb,Midwest,retail,,,,,,,,152.0,3324,Weekly Grocery Store Specialty Crops Feature Activity,2026-09-26T13:56:27+00:00
47b898c0ea6c0469,2022-09-02,Blueberries,,18 oz package,,,,,No,,,,,,,,3.88,$/18 oz package,3.4489,per lb,Midwest,retail,,,,,,,,246.0,3324,Weekly Grocery Store Specialty Crops Feature Activity,2026-09-26T13:56:27+00:00
6e408363f5536a15,2022-09-02,Blueberries,,6 oz package,,,,,No,,,,,,,,3.49,$/6 oz package,9.3067,per lb,Midwest,retail,,,,,,,,8.0,3324,Weekly Grocery Store Specialty Crops Feature Activity,2026-09-26T13:56:27+00:00
7ab06f806f21d99b,2022-09-02,Blueberries,,6 oz package,,,,,Yes,,,,,,,,3.5,$/6 oz package,9.3333,per lb,Midwest,retail,,,,,,,,13.0,3324,Weekly Grocery Store Specialty Crops Feature Activity,2026-09-26T13:56:27+00:00
77b9b9685038de93,2022-09-02,Broccoli,,per bunch,,,,,No,,,,,,,,2.83,$/per bunch,,,Midwest,retail,,,,,,,,122.0,3324,Weekly Grocery Store Specialty Crops Feature Activity,2026-09-26T13:56:27+00:00
69d7f6593f79b9b3,2022-09-02,Broccoli,,per lb,,,,,No,,,,,,,,1.49,$/per lb,1.49,per lb,Midwest,retail,,,,,,,,18.0,3324,Weekly Grocery Store Specialty Crops Feature Activity,2026-09-26T13:56:27+00:00
f556bf26834bc5c4,2022-09-02,Broccoli,CROWN CUT,per lb,,,,,No,,,,,,,,1.75,$/per lb,1.75,per lb,Midwest,retail,,,,,,,,200.0,3324,Weekly Grocery Store Specialty Crops Feature Activity,2026-09-26T13:56:27+00:00
c5774b8053a9bece,2022-09-02,Carrots,,1 lb bag,,,,,No,,,,,,,,1.31,$/1 lb bag,1.31,per lb,Midwest,retail,,,,,,,,45.0,3324,Weekly Grocery Store Specialty Crops Feature Activity,2026-09-26T13:56:27+00:00
689282e5440d589d,2022-09-02,Carrots,BABY PEELED,1 lb bag,,,,,Yes,,,,,,,,1.99,$/1 lb bag,1.99,per lb,Midwest,retail,,,,,,,,96.0,3324,Weekly Grocery Store Specialty Crops Feature Activity,2026-09-26T13:56:27+00:00
6ae739c70dbe33be,2022-09-02,Carrots,BABY PEELED,1 lb bag,,,,,No,,,,,,,,1.46,$/1 lb bag,1.46,per lb,Midwest,retail,,,,,,,,442.0,3324,Weekly Grocery Store Specialty Crops Feature Activity,2026-09-26T13:56:27+00:00
9d33f172958a743b,2022-09-02,Carrots,BABY PEELED,2 lb bag,,,,,No,,,,,,,,2.49,$/2 lb bag,1.245,per lb,Midwest,retail,,,,,,,,150.0,3324,Weekly Grocery Store Specialty Crops Feature Activity,2026-09-26T13:56:27+00:00
ca8e4696c9d19ebf,2022-09-02,Celery,,each,,,,,No,,,,,,,,1.29,$/each,1.29,per each,Midwest,retail,,,,,,,,144.0,3324,Weekly Grocery Store Specialty Crops Feature Activity,2026-09-26T13:56:27+00:00
fe0563552e8a577f,2022-09-02,Celery,,each,,,,,Yes,,,,,,,,2.54,$/each,2.54,per each,Midwest,retail,,,,,,,,240.0,3324,Weekly Grocery Store Specialty Crops Feature Activity,2026-09-26T13:56:27+00:00
5dbb7683c7022e8f,2022-09-02,Celery,HEARTS,each,,,,,Yes,,,,,,,,2.59,$/each,2.59,per each,Midwest,retail,,,,,,,,57.0,3324,Weekly Grocery Store Specialty Crops Feature Activity,2026-09-26T13:56:27+00:00
6f607f341fb854c9,2022-09-02,Celery,HEARTS,each,,,,,No,,,,,,,,1.5,$/each,1.5,per each,Midwest,retail,,,,,,,,12.0,3324,Weekly Grocery Store Specialty Crops Feature Activity,2026-09-26T13:56:27+00:00
2e2f36e9644ec9ba,2022-09-02,Cucumbers,,each,,,,,No,,,,,,,,0.74,$/each,0.74,per each,Midwest,retail,,,,,,,,701.0,3324,Weekly Grocery Store Specialty Crops Feature Activity,2026-09-26T13:56:27+00:00
5b8a28e84157ee9f,2022-09-02,Cucumbers,,per lb,,,,,No,,,,,,,,0.79,$/per lb,0.79,per lb,Midwest,retail,,,,,,,,11.0,3324,Weekly Grocery Store Specialty Crops Feature Activity,2026-09-26T13:56:27+00:00
e31c51a0e2f80f89,2022-09-02,Cucumbers,LONG SEEDLESS,each,,,,,No,,,,,,,,1.08,$/each,1.08,per each,Midwest,retail,,,environment=Greenhouse,,,,,405.0,3324,Weekly Grocery Store Specialty Crops Feature Activity,2026-09-26T13:56:27+00:00
5a08aff8e36dd7a3,2022-09-02,Grapes,BLACK SEEDLESS,per lb,,,,,No,,,,,,,,1.88,$/per lb,1.88,per lb,Midwest,retail,,,,,,,,807.0,3324,Weekly Grocery Store Specialty Crops Feature Activity,2026-09-26T13:56:27+00:00
feb349634bab10fb,2022-09-02,Grapes,BLACK SEEDLESS,per lb,,,,,Yes,,,,,,,,2.81,$/per lb,2.81,per lb,Midwest,retail,,,,,,,,55.0,3324,Weekly Grocery Store Specialty Crops Feature Activity,2026-09-26T13:56:27+00:00
1de3c462d6008828,2022-09-02,Grapes,RED SEEDLESS,per lb,,,,,No,,,,,,,,1.78,$/per lb,1.78,per lb,Midwest,retail,,,,,,,,1989.0,3324,Weekly Grocery Store Specialty Crops Feature Activity,2026-09-26T13:56:27+00:00
d6541fbc0112f745,2022-09-02,Grapes,RED SEEDLESS,per lb,,,,,Yes,,,,,,,,2.29,$/per lb,2.29,per lb,Midwest,retail,,,,,,,,914.0,3324,Weekly Grocery Store Specialty Crops Feature Activity,2026-09-26T13:56:27+00:00
2d8285bf49e66e3c,2022-09-02,Grapes,WHITE SEEDLESS TYPE,per lb,,,,,Yes,,,,,,,,3.03,$/per lb,3.03,per lb,Midwest,retail,,,,,,,,217.0,3324,Weekly Grocery Store Specialty Crops Feature Activity,2026-09-26T13:56:27+00:00
92333e828fbb408a,2022-09-02,Grapes,WHITE SEEDLESS TYPE,per lb,,,,,No,,,,,,,,1.81,$/per lb,1.81,per lb,Midwest,retail,,,,,,,,1508.0,3324,Weekly Grocery Store Specialty Crops Feature Activity,2026-09-26T13:56:27+00:00
29700faecaaa86ec,2022-09-02,Lemons,,2 lb bag,,,,,No,,,,,,,,2.79,$/2 lb bag,1.395,per lb,Midwest,retail,,,,,,,,1096.0,3324,Weekly Grocery Store Specialty Crops Feature Activity,2026-09-26T13:56:27+00:00
bdfabda107d68d96,2022-09-02,Lemons,,each,,,,,No,,,,,,,,0.76,$/each,0.76,per each,Midwest,retail,,,,,,,,209.0,3324,Weekly Grocery Store Specialty Crops Feature Activity,2026-09-26T13:56:27+00:00
f7689d6d91bc8560,2022-09-02,Lemons,,per lb,,,,,No,,,,,,,,0.99,$/per lb,0.99,per lb,Midwest,retail,,,,,,,,6.0,3324,Weekly Grocery Store Specialty Crops Feature Activity,2026-09-26T13:56:27+00:00
cbe25a9b678f5c60,2022-09-02,Lettuce,Green Leaf,per lb,,,,,No,,,,,,,,1.99,$/per lb,1.99,per lb,Midwest,retail,,,,,,,,219.0,3324,Weekly Grocery Store Specialty Crops Feature Activity,2026-09-26T13:56:27+00:00
5072c9dc16e8adf2,2022-09-02,Lettuce,Iceberg,each,,,,,No,,,,,,,,1.71,$/each,1.71,per each,Midwest,retail,,,,,,,,525.0,3324,Weekly Grocery Store Specialty Crops Feature Activity,2026-09-26T13:56:27+00:00
1d83ca5d02e4282c,2022-09-02,Lettuce,Red Leaf,per lb,,,,,No,,,,,,,,1.99,$/per lb,1.99,per lb,Midwest,retail,,,,,,,,219.0,3324,Weekly Grocery Store Specialty Crops Feature Activity,2026-09-26T13:56:27+00:00
71be2e61ba554890,2022-09-02,Lettuce,Romaine (Hearts),3 count,,,,,Yes,,,,,,,,3.59,$/3 count,,,Midwest,retail,,,,,,,,61.0,3324,Weekly Grocery Store Specialty Crops Feature Activity,2026-09-26T13:56:27+00:00
ed62c6c6ec654298,2022-09-02,Lettuce,Romaine (Hearts),3 count,,,,,No,,,,,,,,2.88,$/3 count,,,Midwest,retail,,,,,,,,5.0,3324,Weekly Grocery Store Specialty Crops Feature Activity,2026-09-26T13:56:27+00:00
9973ebae3a6c32b2,2022-09-02,Limes,,each,,,,,No,,,,,,,,0.49,$/each,0.49,per each,Midwest,retail,,,,,,,,428.0,3324,Weekly Grocery Store Specialty Crops Feature Activity,2026-09-26T13:56:27+00:00
977670bcc69487cc,2022-09-02,Limes,,per lb,,,,,No,,,,,,,,0.99,$/per lb,0.99,per lb,Midwest,retail,,,,,,,,7.0,3324,Weekly Grocery Store Specialty Crops Feature Activity,2026-09-26T13:56:27+00:00
dd079c52dcec6cbd,2022-09-02,"Onions, Dry",RED,per lb,,,,,No,,,,,,,,0.92,$/per lb,0.92,per lb,Midwest,retail,,,,,,,,32.0,3324,Weekly Grocery Store Specialty Crops Feature Activity,2026-09-26T13:56:27+00:00
4ee0d7d7928ba528,2022-09-02,"Onions, Dry",WHITE,per lb,,,,,No,,,,,,,,1.04,$/per lb,1.04,per lb,Midwest,retail,,,,,,,,164.0,3324,Weekly Grocery Store Specialty Crops Feature Activity,2026-09-26T13:56:27+00:00
c2f575ccead1a372,2022-09-02,"Onions, Dry",YELLOW,per lb,,,,,No,,,,,,,,1.18,$/per lb,1.18,per lb,Midwest,retail,,,,,,,,37.0,3324,Weekly Grocery Store Specialty Crops Feature Activity,2026-09-26T13:56:27+00:00
29332d83cc8ae157,2022-09-02,"Onions, Dry",YELLOW MARKED SWEET,2 lb bag,,,,,No,,,,,,,,2.5,$/2 lb bag,1.25,per lb,Midwest,retail,,,,,,,,5.0,3324,Weekly Grocery Store Specialty Crops Feature Activity,2026-09-26T13:56:27+00:00
ba82bd3d2b457a06,2022-09-02,"Onions, Dry",YELLOW MARKED SWEET,3 lb bag,,,,,No,,,,,,,,3.06,$/3 lb bag,1.02,per lb,Midwest,retail,,,,,,,,71.0,3324,Weekly Grocery Store Specialty Crops Feature Activity,2026-09-26T13:56:27+00:00
8e271cc8eafb48e7,2022-09-02,"Onions, Dry",YELLOW MARKED SWEET,5 lb bag,,,,,No,,,,,,,,4.79,$/5 lb bag,0.958,per lb,Midwest,retail,,,,,,,,233.0,3324,Weekly Grocery Store Specialty Crops Feature Activity,2026-09-26T13:56:27+00:00
cc4ddf12f301103b,2022-09-02,"Onions, Dry",YELLOW MARKED SWEET,per lb,,,,,No,,,,,,,,1.32,$/per lb,1.32,per lb,Midwest,retail,,,,,,,,791.0,3324,Weekly Grocery Store Specialty Crops Feature Activity,2026-09-26T13:56:27+00:00
2e1336ceb1376dcf,2022-09-02,"Peppers, Bell Type",GREEN,each,,,,,No,,,,,,,,0.87,$/each,0.87,per each,Midwest,retail,,,,,,,,636.0,3324,Weekly Grocery Store Specialty Crops Feature Activity,2026-09-26T13:56:27+00:00
ba4283562d2c449d,2022-09-02,"Peppers, Bell Type",GREEN,each,,,,,Yes,,,,,,,,0.89,$/each,0.89,per each,Midwest,retail,,,,,,,,19.0,3324,Weekly Grocery Store Specialty Crops Feature Activity,2026-09-26T13:56:27+00:00
723e86b5e2eb3776,2022-09-02,"Peppers, Bell Type",GREEN,per lb,,,,,No,,,,,,,,1.41,$/per lb,1.41,per lb,Midwest,retail,,,,,,,,158.0,3324,Weekly Grocery Store Specialty Crops Feature Activity,2026-09-26T13:56:27+00:00
78329d3408ac1567,2022-09-02,"Peppers, Bell Type",ORANGE,each,,,,,No,,,,,,,,1.13,$/each,1.13,per each,Midwest,retail,,,,,,,,687.0,3324,Weekly Grocery Store Specialty Crops Feature Activity,2026-09-26T13:56:27+00:00
4025aab400621b37,2022-09-02,"Peppers, Bell Type",ORANGE,per lb,,,,,No,,,,,,,,2.53,$/per lb,2.53,per lb,Midwest,retail,,,,,,,,243.0,3324,Weekly Grocery Store Specialty Crops Feature Activity,2026-09-26T13:56:27+00:00
c6723b91b4e4ac8d,2022-09-02,"Peppers, Bell Type",RED,each,,,,,No,,,,,,,,1.14,$/each,1.14,per each,Midwest,retail,,,,,,,,671.0,3324,Weekly Grocery Store Specialty Crops Feature Activity,2026-09-26T13:56:27+00:00
dacdb2b0f4cd7921,2022-09-02,"Peppers, Bell Type",RED,per lb,,,,,No,,,,,,,,2.56,$/per lb,2.56,per lb,Midwest,retail,,,,,,,,236.0,3324,Weekly Grocery Store Specialty Crops Feature Activity,2026-09-26T13:56:27+00:00
665a308172733d80,2022-09-02,"Peppers, Bell Type",YELLOW,each,,,,,No,,,,,,,,1.18,$/each,1.18,per each,Midwest,retail,,,,,,,,501.0,3324,Weekly Grocery Store Specialty Crops Feature Activity,2026-09-26T13:56:27+00:00
1a0188cc1488860f,2022-09-02,"Peppers, Bell Type",YELLOW,per lb,,,,,No,,,,,,,,2.53,$/per lb,2.53,per lb,Midwest,retail,,,,,,,,243.0,3324,Weekly Grocery Store Specialty Crops Feature Activity,2026-09-26T13:56:27+00:00
cb6a01c7aa7783cb,2022-09-02,Potatoes,ROUND RED,3 lb bag,,,,,No,,,,,,,,3.24,$/3 lb bag,1.08,per lb,Midwest,retail,,,,,,,,33.0,3324,Weekly Grocery Store Specialty Crops Feature Activity,2026-09-26T13:56:27+00:00
727f9f590189d109,2022-09-02,Potatoes,ROUND RED,5 lb bag,,,,,No,,,,,,,,3.66,$/5 lb bag,0.732,per lb,Midwest,retail,,,,,,,,242.0,3324,Weekly Grocery Store Specialty Crops Feature Activity,2026-09-26T13:56:27+00:00
01ff591246d2c43e,2022-09-02,Potatoes,ROUND RED,per lb,,,,,No,,,,,,,,0.99,$/per lb,0.99,per lb,Midwest,retail,,,,,,,,6.0,3324,Weekly Grocery Store Specialty Crops Feature Activity,2026-09-26T13:56:27+00:00
77e78a8eb1511fff,2022-09-02,Potatoes,ROUND WHITE,5 lb bag,,,,,No,,,,,,,,2.76,$/5 lb bag,0.552,per lb,Midwest,retail,,,,,,,,70.0,3324,Weekly Grocery Store Specialty Crops Feature Activity,2026-09-26T13:56:27+00:00
2db592588f427d38,2022-09-02,Potatoes,RUSSET,3 lb bag,,,,,Yes,,,,,,,,2.99,$/3 lb bag,0.9967,per lb,Midwest,retail,,,,,,,,6.0,3324,Weekly Grocery Store Specialty Crops Feature Activity,2026-09-26T13:56:27+00:00
c9f145d2739dd6b6,2022-09-02,Potatoes,RUSSET,5 lb bag,,,,,No,,,,,,,,2.5,$/5 lb bag,0.5,per lb,Midwest,retail,,,,,,,,46.0,3324,Weekly Grocery Store Specialty Crops Feature Activity,2026-09-26T13:56:27+00:00
11cb6e830202d096,2022-09-02,Potatoes,RUSSET,per lb,,,,,No,,,,,,,,0.98,$/per lb,0.98,per lb,Midwest,retail,,,,,,,,15.0,3324,Weekly Grocery Store Specialty Crops Feature Activity,2026-09-26T13:56:27+00:00
6feb8c125d1a46d9,2022-09-02,Potatoes,YELLOW TYPE,3 lb bag,,,,,No,,,,,,,,2.4,$/3 lb bag,0.8,per lb,Midwest,retail,,,,,,,,47.0,3324,Weekly Grocery Store Specialty Crops Feature Activity,2026-09-26T13:56:27+00:00
936d7df2c5ed45f4,2022-09-02,Potatoes,YELLOW TYPE,5 lb bag,,,,,No,,,,,,,,4.01,$/5 lb bag,0.802,per lb,Midwest,retail,,,,,,,,160.0,3324,Weekly Grocery Store Specialty Crops Feature Activity,2026-09-26T13:56:27+00:00
97127b9b1f28fd9f,2022-09-02,Potatoes,YELLOW TYPE,8 lb bag,,,,,No,,,,,,,,3.99,$/8 lb bag,0.4988,per lb,Midwest,retail,,,,,,,,8.0,3324,Weekly Grocery Store Specialty Crops Feature Activity,2026-09-26T13:56:27+00:00
c14f3bb0aec8126f,2022-09-02,Strawberries,,1 lb package,,,,,No,,,,,,,,2.7,$/1 lb package,2.7,per lb,Midwest,retail,,,,,,,,997.0,3324,Weekly Grocery Store Specialty Crops Feature Activity,2026-09-26T13:56:27+00:00
fca637c12fc641fd,2022-09-02,Strawberries,,1 lb package,,,,,Yes,,,,,,,,4.4,$/1 lb package,4.4,per lb,Midwest,retail,,,,,,,,37.0,3324,Weekly Grocery Store Specialty Crops Feature Activity,2026-09-26T13:56:27+00:00
3f2b82da20ead327,2022-09-02,Tomatoes,,per lb,,,,,No,,,,,,,,1.91,$/per lb,1.91,per lb,Midwest,retail,,,,,,,,310.0,3324,Weekly Grocery Store Specialty Crops Feature Activity,2026-09-26T13:56:27+00:00
8bf2217314d0eb35,2022-09-02,Tomatoes,Cherry Type,1 pint package,,,,,No,,,,,,,,1.99,$/1 pint package,,,Midwest,retail,,,,,,,,12.0,3324,Weekly Grocery Store Specialty Crops Feature Activity,2026-09-26T13:56:27+00:00
15b77d47ae54b746,2022-09-02,Tomatoes,GRAPE TYPE,1 pint package,,,,,Yes,,,,,,,,3.49,$/1 pint package,,,Midwest,retail,,,,,,,,8.0,3324,Weekly Grocery Store Specialty Crops Feature Activity,2026-09-26T13:56:27+00:00
f9ceb8347653f894,2022-09-02,Tomatoes,GRAPE TYPE,1 pint package,,,,,No,,,,,,,,2.2,$/1 pint package,,,Midwest,retail,,,,,,,,218.0,3324,Weekly Grocery Store Specialty Crops Feature Activity,2026-09-26T13:56:27+00:00
018f9f2e621a8c34,2022-09-02,Tomatoes,GRAPE TYPE,10 oz package,,,,,No,,,,,,,,2.43,$/10 oz package,3.888,per lb,Midwest,retail,,,,,,,,491.0,3324,Weekly Grocery Store Specialty Crops Feature Activity,2026-09-26T13:56:27+00:00
88061386de3984e7,2022-09-02,Tomatoes,GRAPE TYPE,10 oz package,,,,,Yes,,,,,,,,2.24,$/10 oz package,3.584,per lb,Midwest,retail,,,,,,,,37.0,3324,Weekly Grocery Store Specialty Crops Feature Activity,2026-09-26T13:56:27+00:00
7e87e79ea8ef624f,2022-09-02,Tomatoes,Plum Type (Roma),per lb,,,,,No,,,,,,,,1.06,$/per lb,1.06,per lb,Midwest,retail,,,,,,,,325.0,3324,Weekly Grocery Store Specialty Crops Feature Activity,2026-09-26T13:56:27+00:00
525fd90991574b60,2022-09-02,Tomatoes,VINE RIPES,per lb,,,,,No,,,,,,,,1.89,$/per lb,1.89,per lb,Midwest,retail,,,,,,,,406.0,3324,Weekly Grocery Store Specialty Crops Feature Activity,2026-09-26T13:56:27+00:00
a5abca22c0e9f52f,2022-09-02,Tomatoes,VINE RIPES,per lb,,,,,No,,,,,,,,2.49,$/per lb,2.49,per lb,Midwest,retail,,,environment=Greenhouse,,,,,35.0,3324,Weekly Grocery Store Specialty Crops Feature Activity,2026-09-26T13:56:27+00:00
e52d7cb7f8bae5b4,2022-09-02,Tomatoes,VINE RIPES,per lb,,,,,Yes,,,,,,,,1.69,$/per lb,1.69,per lb,Midwest,retail,,,,,,,,17.0,3324,Weekly Grocery Store Specialty Crops Feature Activity,2026-09-26T13:56:27+00:00
e16e523d917a1bb8,2022-09-02,Tomatoes,VINE RIPES - ON THE VINE,per lb,,,,,No,,,,,,,,1.72,$/per lb,1.72,per lb,Midwest,retail,,,environment=Greenhouse,,,,,284.0,3324,Weekly Grocery Store Specialty Crops Feature Activity,2026-09-26T13:56:27+00:00
6d5b9b2642e06d5f,2022-09-02,Tomatoes,Vine Ripes - Heirloom Varieties,per lb,,,,,Yes,,,,,,,,3.99,$/per lb,3.99,per lb,Midwest,retail,,,environment=Greenhouse,,,,,50.0,3324,Weekly Grocery Store Specialty Crops Feature Activity,2026-09-26T13:56:27+00:00
bb5b34addbd14c03,2022-09-02,Tomatoes,Vine Ripes - Heirloom Varieties,per lb,,,,,No,,,,,,,,2.49,$/per lb,2.49,per lb,Midwest,retail,,,environment=Greenhouse,,,,,36.0,3324,Weekly Grocery Store Specialty Crops Feature Activity,2026-09-26T13:56:27+00:00
00282895b649f9f8,2022-09-02,Avocados,HASS,each,,,,,Yes,,,,,,,,1.83,$/each,1.83,per each,National,retail,,,,,,,,449.0,3324,Weekly Grocery Store Specialty Crops Feature Activity,2026-09-26T13:56:27+00:00
2203c9ef7c3074e5,2022-09-02,Avocados,HASS,each,,,,,No,,,,,,,,1.3,$/each,1.3,per each,National,retail,,,,,,,,8089.0,3324,Weekly Grocery Store Specialty Crops Feature Activity,2026-09-26T13:56:27+00:00
48b4417423239bb8,2022-09-02,Avocados,HASS,per lb,,,,,No,,,,,,,,0.89,$/per lb,0.89,per lb,National,retail,,,,,,,,34.0,3324,Weekly Grocery Store Specialty Crops Feature Activity,2026-09-26T13:56:27+00:00
e96dd5ea68b841d9,2022-09-02,Avocados,VARIOUS GREENSKIN VARIETIES,each,,,,,No,,,,,,,,2.0,$/each,2.0,per each,National,retail,,,,,,,,57.0,3324,Weekly Grocery Store Specialty Crops Feature Activity,2026-09-26T13:56:27+00:00
328b3f82bb933c39,2022-09-02,Avocados,VARIOUS GREENSKIN VARIETIES,per lb,,,,,No,,,,,,,,0.6,$/per lb,0.6,per lb,National,retail,,,,,,,,52.0,3324,Weekly Grocery Store Specialty Crops Feature Activity,2026-09-26T13:56:27+00:00
4d54a56b2efb04d6,2022-09-02,Bananas,,per lb,,,,,Yes,,,,,,,,0.89,$/per lb,0.89,per lb,National,retail,,,,,,,,32.0,3324,Weekly Grocery Store Specialty Crops Feature Activity,2026-09-26T13:56:27+00:00
f974879529ce7231,2022-09-02,Bananas,,per lb,,,,,No,,,,,,,,0.53,$/per lb,0.53,per lb,National,retail,,,,,,,,569.0,3324,Weekly Grocery Store Specialty Crops Feature Activity,2026-09-26T13:56:27+00:00
0ff818b72eef41a1,2022-09-02,Blueberries,,1 pint package,,,,,No,,,,,,,,2.83,$/1 pint package,,,National,retail,,,,,,,,5050.0,3324,Weekly Grocery Store Specialty Crops Feature Activity,2026-09-26T13:56:27+00:00
e8d1e2fc2f6d4da5,2022-09-02,Blueberries,,1 pint package,,,,,Yes,,,,,,,,5.28,$/1 pint package,,,National,retail,,,,,,,,590.0,3324,Weekly Grocery Store Specialty Crops Feature Activity,2026-09-26T13:56:27+00:00
af7b8d74ab8049a2,2022-09-02,Blueberries,,18 oz package,,,,,No,,,,,,,,4.18,$/18 oz package,3.7156,per lb,National,retail,,,,,,,,1986.0,3324,Weekly Grocery Store Specialty Crops Feature Activity,2026-09-26T13:56:27+00:00
f9d23e6ab95c24b4,2022-09-02,Blueberries,,18 oz package,,,,,Yes,,,,,,,,4.43,$/18 oz package,3.9378,per lb,National,retail,,,,,,,,523.0,3324,Weekly Grocery Store Specialty Crops Feature Activity,2026-09-26T13:56:27+00:00
b78cb25936d81b8a,2022-09-02,Blueberries,,6 oz package,,,,,Yes,,,,,,,,3.48,$/6 oz package,9.28,per lb,National,retail,,,,,,,,1853.0,3324,Weekly Grocery Store Specialty Crops Feature Activity,2026-09-26T13:56:27+00:00
dd676e84d81e3942,2022-09-02,Blueberries,,6 oz package,,,,,No,,,,,,,,3.37,$/6 oz package,8.9867,per lb,National,retail,,,,,,,,1613.0,3324,Weekly Grocery Store Specialty Crops Feature Activity,2026-09-26T13:56:27+00:00
2d1113ac332b1d34,2022-09-02,Broccoli,,per bunch,,,,,Yes,,,,,,,,3.5,$/per bunch,,,National,retail,,,,,,,,22.0,3324,Weekly Grocery Store Specialty Crops Feature Activity,2026-09-26T13:56:27+00:00
be45094ea2c0274f,2022-09-02,Broccoli,,per bunch,,,,,No,,,,,,,,2.69,$/per bunch,,,National,retail,,,,,,,,1684.0,3324,Weekly Grocery Store Specialty Crops Feature Activity,2026-09-26T13:56:27+00:00
1f1c2b2810738d4c,2022-09-02,Broccoli,,per lb,,,,,Yes,,,,,,,,3.97,$/per lb,3.97,per lb,National,retail,,,,,,,,22.0,3324,Weekly Grocery Store Specialty Crops Feature Activity,2026-09-26T13:56:27+00:00
28d256faf1bab592,2022-09-02,Broccoli,,per lb,,,,,No,,,,,,,,0.89,$/per lb,0.89,per lb,National,retail,,,,,,,,164.0,3324,Weekly Grocery Store Specialty Crops Feature Activity,2026-09-26T13:56:27+00:00
d4503578efd1fc6f,2022-09-02,Broccoli,BABY HYBRID TYPE,per bunch,,,,,No,,,,,,,,3.5,$/per bunch,,,National,retail,,,,,,,,23.0,3324,Weekly Grocery Store Specialty Crops Feature Activity,2026-09-26T13:56:27+00:00
0cef99d1ff5da4d3,2022-09-02,Broccoli,CROWN CUT,per lb,,,,,No,,,,,,,,1.79,$/per lb,1.79,per lb,National,retail,,,,,,,,1280.0,3324,Weekly Grocery Store Specialty Crops Feature Activity,2026-09-26T13:56:27+00:00
7f9b99a42eefd208,2022-09-02,Carrots,,1 lb bag,,,,,Yes,,,,,,,,1.55,$/1 lb bag,1.55,per lb,National,retail,,,,,,,,306.0,3324,Weekly Grocery Store Specialty Crops Feature Activity,2026-09-26T13:56:27+00:00
c789d9395eba1d70,2022-09-02,Carrots,,1 lb bag,,,,,No,,,,,,,,1.15,$/1 lb bag,1.15,per lb,National,retail,,,,,,,,122.0,3324,Weekly Grocery Store Specialty Crops Feature Activity,2026-09-26T13:56:27+00:00
31a9e2532ffd1296,2022-09-02,Carrots,,2 lb bag,,,,,No,,,,,,,,1.79,$/2 lb bag,0.895,per lb,National,retail,,,,,,,,103.0,3324,Weekly Grocery Store Specialty Crops Feature Activity,2026-09-26T13:56:27+00:00
917ec89b937349f0,2022-09-02,Carrots,,2 lb bag,,,,,Yes,,,,,,,,2.98,$/2 lb bag,1.49,per lb,National,retail,,,,,,,,11.0,3324,Weekly Grocery Store Specialty Crops Feature Activity,2026-09-26T13:56:27+00:00
60a86f85afbb5fd2,2022-09-02,Carrots,,per bunch,,,,,Yes,,,,,,,,2.99,$/per bunch,,,National,retail,,,,,,,,21.0,3324,Weekly Grocery Store Specialty Crops Feature Activity,2026-09-26T13:56:27+00:00
01e322f3cf142f17,2022-09-02,Carrots,,per lb,,,,,No,,,,,,,,0.69,$/per lb,0.69,per lb,National,retail,,,,,,,,144.0,3324,Weekly Grocery Store Specialty Crops Feature Activity,2026-09-26T13:56:27+00:00
0c0fe5b1e8160a49,2022-09-02,Carrots,BABY PEELED,1 lb bag,,,,,No,,,,,,,,1.47,$/1 lb bag,1.47,per lb,National,retail,,,,,,,,1757.0,3324,Weekly Grocery Store Specialty Crops Feature Activity,2026-09-26T13:56:27+00:00
fa6c04cc590b3bc6,2022-09-02,Carrots,BABY PEELED,1 lb bag,,,,,Yes,,,,,,,,1.72,$/1 lb bag,1.72,per lb,National,retail,,,,,,,,1800.0,3324,Weekly Grocery Store Specialty Crops Feature Activity,2026-09-26T13:56:27+00:00
14392684f13988a6,2022-09-02,Carrots,BABY PEELED,2 lb bag,,,,,No,,,,,,,,2.33,$/2 lb bag,1.165,per lb,National,retail,,,,,,,,547.0,3324,Weekly Grocery Store Specialty Crops Feature Activity,2026-09-26T13:56:27+00:00
1bdefdc98ec17b87,2022-09-02,Celery,,each,,,,,Yes,,,,,,,,2.51,$/each,2.51,per each,National,retail,,,,,,,,333.0,3324,Weekly Grocery Store Specialty Crops Feature Activity,2026-09-26T13:56:27+00:00
1f9f3c01568814f2,2022-09-02,Celery,,each,,,,,No,,,,,,,,1.46,$/each,1.46,per each,National,retail,,,,,,,,1774.0,3324,Weekly Grocery Store Specialty Crops Feature Activity,2026-09-26T13:56:27+00:00
130cb32b230f68fc,2022-09-02,Celery,,per lb,,,,,Yes,,,,,,,,2.33,$/per lb,2.33,per lb,National,retail,,,,,,,,58.0,3324,Weekly Grocery Store Specialty Crops Feature Activity,2026-09-26T13:56:27+00:00
ed5e312c7d805184,2022-09-02,Celery,,per lb,,,,,No,,,,,,,,1.16,$/per lb,1.16,per lb,National,retail,,,,,,,,68.0,3324,Weekly Grocery Store Specialty Crops Feature Activity,2026-09-26T13:56:27+00:00
60b90a6a65c8e3c5,2022-09-02,Celery,HEARTS,each,,,,,Yes,,,,,,,,2.8,$/each,2.8,per each,National,retail,,,,,,,,160.0,3324,Weekly Grocery Store Specialty Crops Feature Activity,2026-09-26T13:56:27+00:00
682b8fd6acfb41a2,2022-09-02,Celery,HEARTS,each,,,,,No,,,,,,,,2.63,$/each,2.63,per each,National,retail,,,,,,,,408.0,3324,Weekly Grocery Store Specialty Crops Feature Activity,2026-09-26T13:56:27+00:00
a1c6c68fdda37013,2022-09-02,Cucumbers,,each,,,,,No,,,,,,,,0.64,$/each,0.64,per each,National,retail,,,,,,,,2637.0,3324,Weekly Grocery Store Specialty Crops Feature Activity,2026-09-26T13:56:27+00:00
f8afbd3e2256c659,2022-09-02,Cucumbers,,each,,,,,Yes,,,,,,,,1.99,$/each,1.99,per each,National,retail,,,,,,,,17.0,3324,Weekly Grocery Store Specialty Crops Feature Activity,2026-09-26T13:56:27+00:00
d9ac5ffb0cda26c4,2022-09-02,Cucumbers,,per lb,,,,,No,,,,,,,,0.77,$/per lb,0.77,per lb,National,retail,,,,,,,,26.0,3324,Weekly Grocery Store Specialty Crops Feature Activity,2026-09-26T13:56:27+00:00
4ad456c73c3ea059,2022-09-02,Cucumbers,LONG SEEDLESS,each,,,,,Yes,,,,,,,,2.05,$/each,2.05,per each,National,retail,,,environment=Greenhouse,,,,,543.0,3324,Weekly Grocery Store Specialty Crops Feature Activity,2026-09-26T13:56:27+00:00
69f5e170bfb8218f,2022-09-02,Cucumbers,LONG SEEDLESS,each,,,,,No,,,,,,,,1.29,$/each,1.29,per each,National,retail,,,environment=Greenhouse,,,,,1797.0,3324,Weekly Grocery Store Specialty Crops Feature Activity,2026-09-26T13:56:27+00:00
58ec02414fb06897,2022-09-02,Grapes,BLACK SEEDLESS,per lb,,,,,No,,,,,,,,2.29,$/per lb,2.29,per lb,National,retail,,,,,,,,3678.0,3324,Weekly Grocery Store Specialty Crops Feature Activity,2026-09-26T13:56:27+00:00
e064cb4d294744dc,2022-09-02,Grapes,BLACK SEEDLESS,per lb,,,,,Yes,,,,,,,,2.93,$/per lb,2.93,per lb,National,retail,,,,,,,,364.0,3324,Weekly Grocery Store Specialty Crops Feature Activity,2026-09-26T13:56:27+00:00
6067faa0ce6f9299,2022-09-02,Grapes,RED SEEDLESS,per lb,,,,,No,,,,,,,,2.11,$/per lb,2.11,per lb,National,retail,,,,,,,,8651.0,3324,Weekly Grocery Store Specialty Crops Feature Activity,2026-09-26T13:56:27+00:00
616f3ce608bacc02,2022-09-02,Grapes,RED SEEDLESS,per lb,,,,,Yes,,,,,,,,2.58,$/per lb,2.58,per lb,National,retail,,,,,,,,3913.0,3324,Weekly Grocery Store Specialty Crops Feature Activity,2026-09-26T13:56:27+00:00
688749797a80f0af,2022-09-02,Grapes,Red Globe Seeded Type,per lb,,,,,No,,,,,,,,2.49,$/per lb,2.49,per lb,National,retail,,,,,,,,205.0,3324,Weekly Grocery Store Specialty Crops Feature Activity,2026-09-26T13:56:27+00:00
ba17d94de99a0303,2022-09-02,Grapes,WHITE SEEDLESS TYPE,per lb,,,,,Yes,,,,,,,,2.9,$/per lb,2.9,per lb,National,retail,,,,,,,,2487.0,3324,Weekly Grocery Store Specialty Crops Feature Activity,2026-09-26T13:56:27+00:00
cb83b8477b8f0849,2022-09-02,Grapes,WHITE SEEDLESS TYPE,per lb,,,,,No,,,,,,,,2.05,$/per lb,2.05,per lb,National,retail,,,,,,,,10208.0,3324,Weekly Grocery Store Specialty Crops Feature Activity,2026-09-26T13:56:27+00:00
176f60e1e999c88b,2022-09-02,Lemons,,2 lb bag,,,,,Yes,,,,,,,,3.99,$/2 lb bag,1.995,per lb,National,retail,,,,,,,,9.0,3324,Weekly Grocery Store Specialty Crops Feature Activity,2026-09-26T13:56:27+00:00
b7deeae0e836c1b7,2022-09-02,Lemons,,2 lb bag,,,,,No,,,,,,,,2.98,$/2 lb bag,1.49,per lb,National,retail,,,,,,,,2273.0,3324,Weekly Grocery Store Specialty Crops Feature Activity,2026-09-26T13:56:27+00:00
abfc1307e7e94373,2022-09-02,Lemons,,each,,,,,No,,,,,,,,0.66,$/each,0.66,per each,National,retail,,,,,,,,1989.0,3324,Weekly Grocery Store Specialty Crops Feature Activity,2026-09-26T13:56:27+00:00
946aed931a9b5ec0,2022-09-02,Lemons,,per lb,,,,,No,,,,,,,,0.99,$/per lb,0.99,per lb,National,retail,,,,,,,,53.0,3324,Weekly Grocery Store Specialty Crops Feature Activity,2026-09-26T13:56:27+00:00
785db4866ee0503e,2022-09-02,Lettuce,Green Leaf,each,,,,,No,,,,,,,,1.62,$/each,1.62,per each,National,retail,,,,,,,,198.0,3324,Weekly Grocery Store Specialty Crops Feature Activity,2026-09-26T13:56:27+00:00
fffa428625c26e69,2022-09-02,Lettuce,Green Leaf,per lb,,,,,No,,,,,,,,1.99,$/per lb,1.99,per lb,National,retail,,,,,,,,429.0,3324,Weekly Grocery Store Specialty Crops Feature Activity,2026-09-26T13:56:27+00:00
9ab38e47fa77cec1,2022-09-02,Lettuce,Iceberg,each,,,,,No,,,,,,,,1.61,$/each,1.61,per each,National,retail,,,,,,,,1186.0,3324,Weekly Grocery Store Specialty Crops Feature Activity,2026-09-26T13:56:27+00:00
a26944cc576e9313,2022-09-02,Lettuce,Iceberg,each,,,,,Yes,,,,,,,,2.5,$/each,2.5,per each,National,retail,,,,,,,,1135.0,3324,Weekly Grocery Store Specialty Crops Feature Activity,2026-09-26T13:56:27+00:00
13712d8913282a18,2022-09-02,Lettuce,Red Leaf,each,,,,,No,,,,,,,,1.62,$/each,1.62,per each,National,retail,,,,,,,,198.0,3324,Weekly Grocery Store Specialty Crops Feature Activity,2026-09-26T13:56:27+00:00
d4c3fe71c2ffd057,2022-09-02,Lettuce,Red Leaf,per lb,,,,,No,,,,,,,,1.99,$/per lb,1.99,per lb,National,retail,,,,,,,,429.0,3324,Weekly Grocery Store Specialty Crops Feature Activity,2026-09-26T13:56:27+00:00
1f776a914b0c499b,2022-09-02,Lettuce,Romaine,each,,,,,No,,,,,,,,1.64,$/each,1.64,per each,National,retail,,,,,,,,170.0,3324,Weekly Grocery Store Specialty Crops Feature Activity,2026-09-26T13:56:27+00:00
3cd941fb4160bf1d,2022-09-02,Lettuce,Romaine,per lb,,,,,No,,,,,,,,1.86,$/per lb,1.86,per lb,National,retail,,,,,,,,97.0,3324,Weekly Grocery Store Specialty Crops Feature Activity,2026-09-26T13:56:27+00:00
0715f94d1f5104c4,2022-09-02,Lettuce,Romaine (Hearts),3 count,,,,,Yes,,,,,,,,3.86,$/3 count,,,National,retail,,,,,,,,879.0,3324,Weekly Grocery Store Specialty Crops Feature Activity,2026-09-26T13:56:27+00:00
69faec85de7f37af,2022-09-02,Lettuce,Romaine (Hearts),3 count,,,,,No,,,,,,,,3.3,$/3 count,,,National,retail,,,,,,,,874.0,3324,Weekly Grocery Store Specialty Crops Feature Activity,2026-09-26T13:56:27+00:00
52ac24c3419f307f,2022-09-02,Limes,,each,,,,,No,,,,,,,,0.38,$/each,0.38,per each,National,retail,,,,,,,,1559.0,3324,Weekly Grocery Store Specialty Crops Feature Activity,2026-09-26T13:56:27+00:00
a1c0b45b2a7d404b,2022-09-02,Limes,,per lb,,,,,No,,,,,,,,0.9,$/per lb,0.9,per lb,National,retail,,,,,,,,164.0,3324,Weekly Grocery Store Specialty Crops Feature Activity,2026-09-26T13:56:27+00:00
73313c2abdecdeb8,2022-09-02,"Onions, Dry",RED,2 lb bag,,,,,Yes,,,,,,,,3.99,$/2 lb bag,1.995,per lb,National,retail,,,,,,,,22.0,3324,Weekly Grocery Store Specialty Crops Feature Activity,2026-09-26T13:56:27+00:00
9acc602e93f55413,2022-09-02,"Onions, Dry",RED,2 lb bag,,,,,No,,,,,,,,2.5,$/2 lb bag,1.25,per lb,National,retail,,,,,,,,34.0,3324,Weekly Grocery Store Specialty Crops Feature Activity,2026-09-26T13:56:27+00:00
1fa238f29de790d4,2022-09-02,"Onions, Dry",RED,per lb,,,,,No,,,,,,,,1.49,$/per lb,1.49,per lb,National,retail,,,,,,,,2508.0,3324,Weekly Grocery Store Specialty Crops Feature Activity,2026-09-26T13:56:27+00:00
f24c85fc81636409,2022-09-02,"Onions, Dry",RED,per lb,,,,,Yes,,,,,,,,1.79,$/per lb,1.79,per lb,National,retail,,,,,,,,232.0,3324,Weekly Grocery Store Specialty Crops Feature Activity,2026-09-26T13:56:27+00:00
a70a3bfb375ed76e,2022-09-02,"Onions, Dry",WHITE,2 lb bag,,,,,No,,,,,,,,2.51,$/2 lb bag,1.255,per lb,National,retail,,,,,,,,164.0,3324,Weekly Grocery Store Specialty Crops Feature Activity,2026-09-26T13:56:27+00:00
80c9f7b5da5f7e58,2022-09-02,"Onions, Dry",WHITE,per lb,,,,,Yes,,,,,,,,1.79,$/per lb,1.79,per lb,National,retail,,,,,,,,232.0,3324,Weekly Grocery Store Specialty Crops Feature Activity,2026-09-26T13:56:27+00:00
eaf82f929516b9cf,2022-09-02,"Onions, Dry",WHITE,per lb,,,,,No,,,,,,,,1.04,$/per lb,1.04,per lb,National,retail,,,,,,,,624.0,3324,Weekly Grocery Store Specialty Crops Feature Activity,2026-09-26T13:56:27+00:00
ada1669848cb4732,2022-09-02,"Onions, Dry",YELLOW,2 lb bag,,,,,No,,,,,,,,2.02,$/2 lb bag,1.01,per lb,National,retail,,,,,,,,68.0,3324,Weekly Grocery Store Specialty Crops Feature Activity,2026-09-26T13:56:27+00:00
cfdf9d6f2783f106,2022-09-02,"Onions, Dry",YELLOW,2 lb bag,,,,,Yes,,,,,,,,3.99,$/2 lb bag,1.995,per lb,National,retail,,,,,,,,22.0,3324,Weekly Grocery Store Specialty Crops Feature Activity,2026-09-26T13:56:27+00:00
15dd091c9a7522c7,2022-09-02,"Onions, Dry",YELLOW,3 lb bag,,,,,Yes,,,,,,,,5.96,$/3 lb bag,1.9867,per lb,National,retail,,,,,,,,263.0,3324,Weekly Grocery Store Specialty Crops Feature Activity,2026-09-26T13:56:27+00:00
df6f6eb30cdacf28,2022-09-02,"Onions, Dry",YELLOW,3 lb bag,,,,,No,,,,,,,,2.73,$/3 lb bag,0.91,per lb,National,retail,,,,,,,,202.0,3324,Weekly Grocery Store Specialty Crops Feature Activity,2026-09-26T13:56:27+00:00
575b128b30b4aa00,2022-09-02,"Onions, Dry",YELLOW,per lb,,,,,Yes,,,,,,,,1.79,$/per lb,1.79,per lb,National,retail,,,,,,,,232.0,3324,Weekly Grocery Store Specialty Crops Feature Activity,2026-09-26T13:56:27+00:00
ed01516f633bf5ed,2022-09-02,"Onions, Dry",YELLOW,per lb,,,,,No,,,,,,,,1.09,$/per lb,1.09,per lb,National,retail,,,,,,,,1077.0,3324,Weekly Grocery Store Specialty Crops Feature Activity,2026-09-26T13:56:27+00:00
42e42330f3e453c4,2022-09-02,"Onions, Dry",YELLOW MARKED SWEET,2 lb bag,,,,,No,,,,,,,,2.0,$/2 lb bag,1.0,per lb,National,retail,,,,,,,,270.0,3324,Weekly Grocery Store Specialty Crops Feature Activity,2026-09-26T13:56:27+00:00
15312049a3af59b2,2022-09-02,"Onions, Dry",YELLOW MARKED SWEET,3 lb bag,,,,,No,,,,,,,,3.69,$/3 lb bag,1.23,per lb,National,retail,,,,,,,,438.0,3324,Weekly Grocery Store Specialty Crops Feature Activity,2026-09-26T13:56:27+00:00
6ea27fc23ff1177e,2022-09-02,"Onions, Dry",YELLOW MARKED SWEET,5 lb bag,,,,,No,,,,,,,,4.79,$/5 lb bag,0.958,per lb,National,retail,,,,,,,,233.0,3324,Weekly Grocery Store Specialty Crops Feature Activity,2026-09-26T13:56:27+00:00
a75b978954c71e73,2022-09-02,"Onions, Dry",YELLOW MARKED SWEET,per lb,,,,,No,,,,,,,,1.31,$/per lb,1.31,per lb,National,retail,,,,,,,,2854.0,3324,Weekly Grocery Store Specialty Crops Feature Activity,2026-09-26T13:56:27+00:00
e8c83ce00bb45495,2022-09-02,"Onions, Dry",YELLOW MARKED SWEET,per lb,,,,,Yes,,,,,,,,1.49,$/per lb,1.49,per lb,National,retail,,,,,,,,11.0,3324,Weekly Grocery Store Specialty Crops Feature Activity,2026-09-26T13:56:27+00:00
ea8b680628a6541a,2022-09-02,"Peppers, Bell Type",GREEN,each,,,,,Yes,,,,,,,,0.89,$/each,0.89,per each,National,retail,,,,,,,,19.0,3324,Weekly Grocery Store Specialty Crops Feature Activity,2026-09-26T13:56:27+00:00
f808f157f533173b,2022-09-02,"Peppers, Bell Type",GREEN,each,,,,,No,,,,,,,,0.79,$/each,0.79,per each,National,retail,,,,,,,,1772.0,3324,Weekly Grocery Store Specialty Crops Feature Activity,2026-09-26T13:56:27+00:00
3b4f36e9b774ffb5,2022-09-02,"Peppers, Bell Type",GREEN,per lb,,,,,No,,,,,,,,1.57,$/per lb,1.57,per lb,National,retail,,,,,,,,804.0,3324,Weekly Grocery Store Specialty Crops Feature Activity,2026-09-26T13:56:27+00:00
6ecb1fcc71e0e61d,2022-09-02,"Peppers, Bell Type",GREEN,per lb,,,,,Yes,,,,,,,,2.99,$/per lb,2.99,per lb,National,retail,,,,,,,,16.0,3324,Weekly Grocery Store Specialty Crops Feature Activity,2026-09-26T13:56:27+00:00
1fc1067b19f6c287,2022-09-02,"Peppers, Bell Type",ORANGE,each,,,,,No,,,,,,,,1.26,$/each,1.26,per each,National,retail,,,,,,,,3128.0,3324,Weekly Grocery Store Specialty Crops Feature Activity,2026-09-26T13:56:27+00:00
a1a9870caf45962d,2022-09-02,"Peppers, Bell Type",ORANGE,each,,,,,No,,,,,,,,1.26,$/each,1.26,per each,National,retail,,,environment=Greenhouse,,,,,85.0,3324,Weekly Grocery Store Specialty Crops Feature Activity,2026-09-26T13:56:27+00:00
d6c35aa5f5891f56,2022-09-02,"Peppers, Bell Type",ORANGE,each,,,,,Yes,,,,,,,,2.03,$/each,2.03,per each,National,retail,,,,,,,,123.0,3324,Weekly Grocery Store Specialty Crops Feature Activity,2026-09-26T13:56:27+00:00
16fa9b5a3e293ed6,2022-09-02,"Peppers, Bell Type",ORANGE,per lb,,,,,No,,,,,,,,2.92,$/per lb,2.92,per lb,National,retail,,,environment=Greenhouse,,,,,16.0,3324,Weekly Grocery Store Specialty Crops Feature Activity,2026-09-26T13:56:27+00:00
30cda991bc607249,2022-09-02,"Peppers, Bell Type",ORANGE,per lb,,,,,Yes,,,,,,,,5.38,$/per lb,5.38,per lb,National,retail,,,,,,,,23.0,3324,Weekly Grocery Store Specialty Crops Feature Activity,2026-09-26T13:56:27+00:00
592b3457c4f3ca5b,2022-09-02,"Peppers, Bell Type",ORANGE,per lb,,,,,No,,,,,,,,2.92,$/per lb,2.92,per lb,National,retail,,,,,,,,535.0,3324,Weekly Grocery Store Specialty Crops Feature Activity,2026-09-26T13:56:27+00:00
4e3bbea4d1a0e935,2022-09-02,"Peppers, Bell Type",RED,each,,,,,No,,,,,,,,1.26,$/each,1.26,per each,National,retail,,,,,,,,3682.0,3324,Weekly Grocery Store Specialty Crops Feature Activity,2026-09-26T13:56:27+00:00
e704da22e483717d,2022-09-02,"Peppers, Bell Type",RED,each,,,,,No,,,,,,,,1.26,$/each,1.26,per each,National,retail,,,environment=Greenhouse,,,,,85.0,3324,Weekly Grocery Store Specialty Crops Feature Activity,2026-09-26T13:56:27+00:00
f69f84d682baf0a1,2022-09-02,"Peppers, Bell Type",RED,each,,,,,Yes,,,,,,,,2.03,$/each,2.03,per each,National,retail,,,,,,,,123.0,3324,Weekly Grocery Store Specialty Crops Feature Activity,2026-09-26T13:56:27+00:00
286b5663a269dc96,2022-09-02,"Peppers, Bell Type",RED,per lb,,,,,Yes,,,,,,,,5.25,$/per lb,5.25,per lb,National,retail,,,,,,,,34.0,3324,Weekly Grocery Store Specialty Crops Feature Activity,2026-09-26T13:56:27+00:00
2c0d32557b2018ab,2022-09-02,"Peppers, Bell Type",RED,per lb,,,,,No,,,,,,,,2.92,$/per lb,2.92,per lb,National,retail,,,,,,,,534.0,3324,Weekly Grocery Store Specialty Crops Feature Activity,2026-09-26T13:56:27+00:00
a2157670cfebeeca,2022-09-02,"Peppers, Bell Type",RED,per lb,,,,,No,,,,,,,,2.92,$/per lb,2.92,per lb,National,retail,,,environment=Greenhouse,,,,,8.0,3324,Weekly Grocery Store Specialty Crops Feature Activity,2026-09-26T13:56:27+00:00
b6dae31d478a1ba5,2022-09-02,"Peppers, Bell Type",YELLOW,each,,,,,No,,,,,,,,1.29,$/each,1.29,per each,National,retail,,,environment=Greenhouse,,,,,85.0,3324,Weekly Grocery Store Specialty Crops Feature Activity,2026-09-26T13:56:27+00:00
ce95b2b4dcfb4507,2022-09-02,"Peppers, Bell Type",YELLOW,each,,,,,No,,,,,,,,1.29,$/each,1.29,per each,National,retail,,,,,,,,3202.0,3324,Weekly Grocery Store Specialty Crops Feature Activity,2026-09-26T13:56:27+00:00
f54b133decf66185,2022-09-02,"Peppers, Bell Type",YELLOW,each,,,,,Yes,,,,,,,,2.03,$/each,2.03,per each,National,retail,,,,,,,,123.0,3324,Weekly Grocery Store Specialty Crops Feature Activity,2026-09-26T13:56:27+00:00
687ba9e090df293c,2022-09-02,"Peppers, Bell Type",YELLOW,per lb,,,,,Yes,,,,,,,,5.38,$/per lb,5.38,per lb,National,retail,,,,,,,,23.0,3324,Weekly Grocery Store Specialty Crops Feature Activity,2026-09-26T13:56:27+00:00
6bb0c1767e5c5f04,2022-09-02,"Peppers, Bell Type",YELLOW,per lb,,,,,No,,,,,,,,2.92,$/per lb,2.92,per lb,National,retail,,,environment=Greenhouse,,,,,16.0,3324,Weekly Grocery Store Specialty Crops Feature Activity,2026-09-26T13:56:27+00:00
afe80b46882752cd,2022-09-02,"Peppers, Bell Type",YELLOW,per lb,,,,,No,,,,,,,,2.92,$/per lb,2.92,per lb,National,retail,,,,,,,,535.0,3324,Weekly Grocery Store Specialty Crops Feature Activity,2026-09-26T13:56:27+00:00
df3b76afa18727a8,2022-09-02,Potatoes,ROUND RED,3 lb bag,,,,,No,,,,,,,,3.77,$/3 lb bag,1.2567,per lb,National,retail,,,,,,,,255.0,3324,Weekly Grocery Store Specialty Crops Feature Activity,2026-09-26T13:56:27+00:00
f71caff75ce755be,2022-09-02,Potatoes,ROUND RED,3 lb bag,,,,,Yes,,,,,,,,4.04,$/3 lb bag,1.3467,per lb,National,retail,,,,,,,,668.0,3324,Weekly Grocery Store Specialty Crops Feature Activity,2026-09-26T13:56:27+00:00
c3affa66c26ae568,2022-09-02,Potatoes,ROUND RED,5 lb bag,,,,,No,,,,,,,,4.83,$/5 lb bag,0.966,per lb,National,retail,,,,,,,,1633.0,3324,Weekly Grocery Store Specialty Crops Feature Activity,2026-09-26T13:56:27+00:00
6e17135b47179960,2022-09-02,Potatoes,ROUND RED,per lb,,,,,No,,,,,,,,1.16,$/per lb,1.16,per lb,National,retail,,,,,,,,344.0,3324,Weekly Grocery Store Specialty Crops Feature Activity,2026-09-26T13:56:27+00:00
a71a53bba24d140d,2022-09-02,Potatoes,ROUND WHITE,5 lb bag,,,,,No,,,,,,,,3.46,$/5 lb bag,0.692,per lb,National,retail,,,,,,,,482.0,3324,Weekly Grocery Store Specialty Crops Feature Activity,2026-09-26T13:56:27+00:00
eec4724b30ab1055,2022-09-02,Potatoes,ROUND WHITE,per lb,,,,,No,,,,,,,,1.29,$/per lb,1.29,per lb,National,retail,,,,,,,,56.0,3324,Weekly Grocery Store Specialty Crops Feature Activity,2026-09-26T13:56:27+00:00
dd99b6018f33ccb9,2022-09-02,Potatoes,RUSSET,10 lb bag,,,,,No,,,,,,,,4.99,$/10 lb bag,0.499,per lb,National,retail,,,,,,,,26.0,3324,Weekly Grocery Store Specialty Crops Feature Activity,2026-09-26T13:56:27+00:00
6a7e4c9f139bbb7e,2022-09-02,Potatoes,RUSSET,3 lb bag,,,,,Yes,,,,,,,,4.09,$/3 lb bag,1.3633,per lb,National,retail,,,,,,,,164.0,3324,Weekly Grocery Store Specialty Crops Feature Activity,2026-09-26T13:56:27+00:00
39cf61f7e9a2dbc7,2022-09-02,Potatoes,RUSSET,5 lb bag,,,,,No,,,,,,,,3.65,$/5 lb bag,0.73,per lb,National,retail,,,,,,,,560.0,3324,Weekly Grocery Store Specialty Crops Feature Activity,2026-09-26T13:56:27+00:00
e347fcacb9279eb5,2022-09-02,Potatoes,RUSSET,8 lb bag,,,,,No,,,,,,,,3.99,$/8 lb bag,0.4988,per lb,National,retail,,,,,,,,9.0,3324,Weekly Grocery Store Specialty Crops Feature Activity,2026-09-26T13:56:27+00:00
856abcc291bb2a1c,2022-09-02,Potatoes,RUSSET,per lb,,,,,No,,,,,,,,1.0,$/per lb,1.0,per lb,National,retail,,,,,,,,225.0,3324,Weekly Grocery Store Specialty Crops Feature Activity,2026-09-26T13:56:27+00:00
23d50b69b36edb88,2022-09-02,Potatoes,YELLOW TYPE,10 lb bag,,,,,Yes,,,,,,,,4.0,$/10 lb bag,0.4,per lb,National,retail,,,,,,,,453.0,3324,Weekly Grocery Store Specialty Crops Feature Activity,2026-09-26T13:56:27+00:00
6c5e2f8fd70c635a,2022-09-02,Potatoes,YELLOW TYPE,3 lb bag,,,,,Yes,,,,,,,,4.38,$/3 lb bag,1.46,per lb,National,retail,,,,,,,,79.0,3324,Weekly Grocery Store Specialty Crops Feature Activity,2026-09-26T13:56:27+00:00
ecd22508c41c5735,2022-09-02,Potatoes,YELLOW TYPE,3 lb bag,,,,,No,,,,,,,,3.0,$/3 lb bag,1.0,per lb,National,retail,,,,,,,,384.0,3324,Weekly Grocery Store Specialty Crops Feature Activity,2026-09-26T13:56:27+00:00
734c05eafb30e7c7,2022-09-02,Potatoes,YELLOW TYPE,5 lb bag,,,,,No,,,,,,,,4.07,$/5 lb bag,0.814,per lb,National,retail,,,,,,,,301.0,3324,Weekly Grocery Store Specialty Crops Feature Activity,2026-09-26T13:56:27+00:00
48f93f94bb31e8f3,2022-09-02,Potatoes,YELLOW TYPE,8 lb bag,,,,,No,,,,,,,,3.99,$/8 lb bag,0.4988,per lb,National,retail,,,,,,,,8.0,3324,Weekly Grocery Store Specialty Crops Feature Activity,2026-09-26T13:56:27+00:00
27651b44a54073be,2022-09-02,Potatoes,YELLOW TYPE,per lb,,,,,No,,,,,,,,1.01,$/per lb,1.01,per lb,National,retail,,,,,,,,213.0,3324,Weekly Grocery Store Specialty Crops Feature Activity,2026-09-26T13:56:27+00:00
168009762fe6b571,2022-09-02,Strawberries,,1 lb package,,,,,No,,,,,,,,2.84,$/1 lb package,2.84,per lb,National,retail,,,,,,,,4730.0,3324,Weekly Grocery Store Specialty Crops Feature Activity,2026-09-26T13:56:27+00:00
7c4e772f6850270e,2022-09-02,Strawberries,,1 lb package,,,,,Yes,,,,,,,,4.3,$/1 lb package,4.3,per lb,National,retail,,,,,,,,441.0,3324,Weekly Grocery Store Specialty Crops Feature Activity,2026-09-26T13:56:27+00:00
35f79f4021376ce7,2022-09-02,Strawberries,,2 lb package,,,,,No,,,,,,,,4.48,$/2 lb package,2.24,per lb,National,retail,,,,,,,,522.0,3324,Weekly Grocery Store Specialty Crops Feature Activity,2026-09-26T13:56:27+00:00
e51f2638837d3583,2022-09-02,Strawberries,,2 lb package,,,,,Yes,,,,,,,,5.99,$/2 lb package,2.995,per lb,National,retail,,,,,,,,1.0,3324,Weekly Grocery Store Specialty Crops Feature Activity,2026-09-26T13:56:27+00:00
53e2c11b5b042622,2022-09-02,Tomatoes,,per lb,,,,,No,,,,,,,,1.84,$/per lb,1.84,per lb,National,retail,,,,,,,,2013.0,3324,Weekly Grocery Store Specialty Crops Feature Activity,2026-09-26T13:56:27+00:00
e1fd80341a52b98d,2022-09-02,Tomatoes,,per lb,,,,,Yes,,,,,,,,3.99,$/per lb,3.99,per lb,National,retail,,,,,,,,117.0,3324,Weekly Grocery Store Specialty Crops Feature Activity,2026-09-26T13:56:27+00:00
c0288e2cbcb82efe,2022-09-02,Tomatoes,Cherry Type,1 pint package,,,,,No,,,,,,,,1.99,$/1 pint package,,,National,retail,,,,,,,,12.0,3324,Weekly Grocery Store Specialty Crops Feature Activity,2026-09-26T13:56:27+00:00
c6af92a35bb19b76,2022-09-02,Tomatoes,Cherry Type,1 pint package,,,,,Yes,,,,,,,,4.99,$/1 pint package,,,National,retail,,,,,,,,17.0,3324,Weekly Grocery Store Specialty Crops Feature Activity,2026-09-26T13:56:27+00:00
27fb04b089e3872c,2022-09-02,Tomatoes,GRAPE TYPE,1 pint package,,,,,Yes,,,,,,,,2.99,$/1 pint package,,,National,retail,,,,,,,,243.0,3324,Weekly Grocery Store Specialty Crops Feature Activity,2026-09-26T13:56:27+00:00
b72d81d91a333c84,2022-09-02,Tomatoes,GRAPE TYPE,1 pint package,,,,,No,,,,,,,,2.33,$/1 pint package,,,National,retail,,,,,,,,606.0,3324,Weekly Grocery Store Specialty Crops Feature Activity,2026-09-26T13:56:27+00:00
927b182c3f074c6f,2022-09-02,Tomatoes,GRAPE TYPE,10 oz package,,,,,Yes,,,,,,,,3.29,$/10 oz package,5.264,per lb,National,retail,,,,,,,,231.0,3324,Weekly Grocery Store Specialty Crops Feature Activity,2026-09-26T13:56:27+00:00
be58cbf7b9474de2,2022-09-02,Tomatoes,GRAPE TYPE,10 oz package,,,,,No,,,,,,,,2.49,$/10 oz package,3.984,per lb,National,retail,,,,,,,,2464.0,3324,Weekly Grocery Store Specialty Crops Feature Activity,2026-09-26T13:56:27+00:00
16be241f20f8da5a,2022-09-02,Tomatoes,Plum Type (Roma),per lb,,,,,No,,,,,,,,1.05,$/per lb,1.05,per lb,National,retail,,,,,,,,1791.0,3324,Weekly Grocery Store Specialty Crops Feature Activity,2026-09-26T13:56:27+00:00
1f878583c361bb8d,2022-09-02,Tomatoes,Plum Type (Roma),per lb,,,,,Yes,,,,,,,,1.98,$/per lb,1.98,per lb,National,retail,,,,,,,,17.0,3324,Weekly Grocery Store Specialty Crops Feature Activity,2026-09-26T13:56:27+00:00
4eeb88efd834c8dc,2022-09-02,Tomatoes,VINE RIPES,per lb,,,,,No,,,,,,,,1.72,$/per lb,1.72,per lb,National,retail,,,environment=Greenhouse,,,,,358.0,3324,Weekly Grocery Store Specialty Crops Feature Activity,2026-09-26T13:56:27+00:00
6a33601db743cbcd,2022-09-02,Tomatoes,VINE RIPES,per lb,,,,,No,,,,,,,,1.72,$/per lb,1.72,per lb,National,retail,,,,,,,,831.0,3324,Weekly Grocery Store Specialty Crops Feature Activity,2026-09-26T13:56:27+00:00
7a022dd5f554c1db,2022-09-02,Tomatoes,VINE RIPES,per lb,,,,,Yes,,,,,,,,2.43,$/per lb,2.43,per lb,National,retail,,,environment=Greenhouse,,,,,8.0,3324,Weekly Grocery Store Specialty Crops Feature Activity,2026-09-26T13:56:27+00:00
8ea2e6447ad6eaf3,2022-09-02,Tomatoes,VINE RIPES,per lb,,,,,Yes,,,,,,,,2.43,$/per lb,2.43,per lb,National,retail,,,,,,,,17.0,3324,Weekly Grocery Store Specialty Crops Feature Activity,2026-09-26T13:56:27+00:00
92a01154e234ac95,2022-09-02,Tomatoes,VINE RIPES - ON THE VINE,per lb,,,,,No,,,,,,,,1.61,$/per lb,1.61,per lb,National,retail,,,environment=Greenhouse,,,,,2599.0,3324,Weekly Grocery Store Specialty Crops Feature Activity,2026-09-26T13:56:27+00:00
fc4e6f6a5f737f35,2022-09-02,Tomatoes,VINE RIPES - ON THE VINE,per lb,,,,,Yes,,,,,,,,3.85,$/per lb,3.85,per lb,National,retail,,,environment=Greenhouse,,,,,284.0,3324,Weekly Grocery Store Specialty Crops Feature Activity,2026-09-26T13:56:27+00:00
305be7f517b6ab18,2022-09-02,Tomatoes,Vine Ripes - Heirloom Varieties,per lb,,,,,Yes,,,,,,,,4.13,$/per lb,4.13,per lb,National,retail,,,environment=Greenhouse,,,,,300.0,3324,Weekly Grocery Store Specialty Crops Feature Activity,2026-09-26T13:56:27+00:00
f4d906ff953a0be1,2022-09-02,Tomatoes,Vine Ripes - Heirloom Varieties,per lb,,,,,No,,,,,,,,2.49,$/per lb,2.49,per lb,National,retail,,,environment=Greenhouse,,,,,36.0,3324,Weekly Grocery Store Specialty Crops Feature Activity,2026-09-26T13:56:27+00:00
80fc99288b4656e7,2022-09-02,Avocados,HASS,each,,,,,Yes,,,,,,,,1.73,$/each,1.73,per each,Northeast,retail,,,,,,,,312.0,3324,Weekly Grocery Store Specialty Crops Feature Activity,2026-09-26T13:56:27+00:00
a1520cf404c3eb08,2022-09-02,Avocados,HASS,each,,,,,No,,,,,,,,1.31,$/each,1.31,per each,Northeast,retail,,,,,,,,1217.0,3324,Weekly Grocery Store Specialty Crops Feature Activity,2026-09-26T13:56:27+00:00
32d6fb02e3d5a495,2022-09-02,Avocados,VARIOUS GREENSKIN VARIETIES,each,,,,,No,,,,,,,,2.0,$/each,2.0,per each,Northeast,retail,,,,,,,,8.0,3324,Weekly Grocery Store Specialty Crops Feature Activity,2026-09-26T13:56:27+00:00
75d797c7259ca5c7,2022-09-02,Bananas,,per lb,,,,,No,,,,,,,,0.58,$/per lb,0.58,per lb,Northeast,retail,,,,,,,,235.0,3324,Weekly Grocery Store Specialty Crops Feature Activity,2026-09-26T13:56:27+00:00
bbbb7f67c26ce52a,2022-09-02,Blueberries,,1 pint package,,,,,Yes,,,,,,,,5.73,$/1 pint package,,,Northeast,retail,,,,,,,,331.0,3324,Weekly Grocery Store Specialty Crops Feature Activity,2026-09-26T13:56:27+00:00
f662558d6582b49b,2022-09-02,Blueberries,,1 pint package,,,,,No,,,,,,,,3.19,$/1 pint package,,,Northeast,retail,,,,,,,,1453.0,3324,Weekly Grocery Store Specialty Crops Feature Activity,2026-09-26T13:56:27+00:00
4aeac33ed79b0b4b,2022-09-02,Blueberries,,18 oz package,,,,,Yes,,,,,,,,6.99,$/18 oz package,6.2133,per lb,Northeast,retail,,,,,,,,22.0,3324,Weekly Grocery Store Specialty Crops Feature Activity,2026-09-26T13:56:27+00:00
d642b2392bd357a8,2022-09-02,Blueberries,,18 oz package,,,,,No,,,,,,,,5.99,$/18 oz package,5.3244,per lb,Northeast,retail,,,,,,,,57.0,3324,Weekly Grocery Store Specialty Crops Feature Activity,2026-09-26T13:56:27+00:00
4e2e3b1d97ef50a1,2022-09-02,Blueberries,,6 oz package,,,,,No,,,,,,,,2.99,$/6 oz package,7.9733,per lb,Northeast,retail,,,,,,,,267.0,3324,Weekly Grocery Store Specialty Crops Feature Activity,2026-09-26T13:56:27+00:00
99423d8f1d2bd973,2022-09-02,Blueberries,,6 oz package,,,,,Yes,,,,,,,,2.33,$/6 oz package,6.2133,per lb,Northeast,retail,,,,,,,,90.0,3324,Weekly Grocery Store Specialty Crops Feature Activity,2026-09-26T13:56:27+00:00
bdaacb98addcd018,2022-09-02,Broccoli,,per bunch,,,,,No,,,,,,,,1.5,$/per bunch,,,Northeast,retail,,,,,,,,119.0,3324,Weekly Grocery Store Specialty Crops Feature Activity,2026-09-26T13:56:27+00:00
e801f56c45402bb5,2022-09-02,Broccoli,,per bunch,,,,,Yes,,,,,,,,3.5,$/per bunch,,,Northeast,retail,,,,,,,,22.0,3324,Weekly Grocery Store Specialty Crops Feature Activity,2026-09-26T13:56:27+00:00
cd5d6d469a6c271a,2022-09-02,Broccoli,CROWN CUT,per lb,,,,,No,,,,,,,,1.76,$/per lb,1.76,per lb,Northeast,retail,,,,,,,,660.0,3324,Weekly Grocery Store Specialty Crops Feature Activity,2026-09-26T13:56:27+00:00
69349a4edaea2197,2022-09-02,Carrots,,1 lb bag,,,,,No,,,,,,,,1.13,$/1 lb bag,1.13,per lb,Northeast,retail,,,,,,,,70.0,3324,Weekly Grocery Store Specialty Crops Feature Activity,2026-09-26T13:56:27+00:00
8cddb46364a035c0,2022-09-02,Carrots,,1 lb bag,,,,,Yes,,,,,,,,1.56,$/1 lb bag,1.56,per lb,Northeast,retail,,,,,,,,227.0,3324,Weekly Grocery Store Specialty Crops Feature Activity,2026-09-26T13:56:27+00:00
8c9ae6cf871ae2d8,2022-09-02,Carrots,,per bunch,,,,,Yes,,,,,,,,2.99,$/per bunch,,,Northeast,retail,,,,,,,,21.0,3324,Weekly Grocery Store Specialty Crops Feature Activity,2026-09-26T13:56:27+00:00
0519e243d8e9e010,2022-09-02,Carrots,BABY PEELED,1 lb bag,,,,,No,,,,,,,,1.48,$/1 lb bag,1.48,per lb,Northeast,retail,,,,,,,,975.0,3324,Weekly Grocery Store Specialty Crops Feature Activity,2026-09-26T13:56:27+00:00
c864b1cda20d30c7,2022-09-02,Carrots,BABY PEELED,1 lb bag,,,,,Yes,,,,,,,,2.24,$/1 lb bag,2.24,per lb,Northeast,retail,,,,,,,,572.0,3324,Weekly Grocery Store Specialty Crops Feature Activity,2026-09-26T13:56:27+00:00
009417f2c0927298,2022-09-02,Celery,,each,,,,,No,,,,,,,,1.65,$/each,1.65,per each,Northeast,retail,,,,,,,,290.0,3324,Weekly Grocery Store Specialty Crops Feature Activity,2026-09-26T13:56:27+00:00
932254fcbbb83f44,2022-09-02,Celery,,each,,,,,Yes,,,,,,,,2.5,$/each,2.5,per each,Northeast,retail,,,,,,,,80.0,3324,Weekly Grocery Store Specialty Crops Feature Activity,2026-09-26T13:56:27+00:00
16c09b5b179dad86,2022-09-02,Celery,,per lb,,,,,Yes,,,,,,,,2.5,$/per lb,2.5,per lb,Northeast,retail,,,,,,,,52.0,3324,Weekly Grocery Store Specialty Crops Feature Activity,2026-09-26T13:56:27+00:00
09b87634cc92293c,2022-09-02,Celery,HEARTS,each,,,,,Yes,,,,,,,,3.08,$/each,3.08,per each,Northeast,retail,,,,,,,,74.0,3324,Weekly Grocery Store Specialty Crops Feature Activity,2026-09-26T13:56:27+00:00
55401cf004437f51,2022-09-02,Celery,HEARTS,each,,,,,No,,,,,,,,2.99,$/each,2.99,per each,Northeast,retail,,,,,,,,263.0,3324,Weekly Grocery Store Specialty Crops Feature Activity,2026-09-26T13:56:27+00:00
7b98a7b6fba338a9,2022-09-02,Cucumbers,,each,,,,,Yes,,,,,,,,1.99,$/each,1.99,per each,Northeast,retail,,,,,,,,16.0,3324,Weekly Grocery Store Specialty Crops Feature Activity,2026-09-26T13:56:27+00:00
979278f0a56fb2ec,2022-09-02,Cucumbers,,each,,,,,No,,,,,,,,0.76,$/each,0.76,per each,Northeast,retail,,,,,,,,340.0,3324,Weekly Grocery Store Specialty Crops Feature Activity,2026-09-26T13:56:27+00:00
4d2796a539e40b18,2022-09-02,Cucumbers,LONG SEEDLESS,each,,,,,Yes,,,,,,,,2.5,$/each,2.5,per each,Northeast,retail,,,environment=Greenhouse,,,,,267.0,3324,Weekly Grocery Store Specialty Crops Feature Activity,2026-09-26T13:56:27+00:00
e3e1dbfb1c18068d,2022-09-02,Cucumbers,LONG SEEDLESS,each,,,,,No,,,,,,,,1.26,$/each,1.26,per each,Northeast,retail,,,environment=Greenhouse,,,,,843.0,3324,Weekly Grocery Store Specialty Crops Feature Activity,2026-09-26T13:56:27+00:00
30c425a9ab50a38e,2022-09-02,Grapes,BLACK SEEDLESS,per lb,,,,,Yes,,,,,,,,2.79,$/per lb,2.79,per lb,Northeast,retail,,,,,,,,40.0,3324,Weekly Grocery Store Specialty Crops Feature Activity,2026-09-26T13:56:27+00:00
8aa8bb017a03a447,2022-09-02,Grapes,BLACK SEEDLESS,per lb,,,,,No,,,,,,,,2.25,$/per lb,2.25,per lb,Northeast,retail,,,,,,,,852.0,3324,Weekly Grocery Store Specialty Crops Feature Activity,2026-09-26T13:56:27+00:00
21d38f662913912f,2022-09-02,Grapes,RED SEEDLESS,per lb,,,,,Yes,,,,,,,,2.62,$/per lb,2.62,per lb,Northeast,retail,,,,,,,,1010.0,3324,Weekly Grocery Store Specialty Crops Feature Activity,2026-09-26T13:56:27+00:00
fb43701c36ae329c,2022-09-02,Grapes,RED SEEDLESS,per lb,,,,,No,,,,,,,,2.34,$/per lb,2.34,per lb,Northeast,retail,,,,,,,,1506.0,3324,Weekly Grocery Store Specialty Crops Feature Activity,2026-09-26T13:56:27+00:00
afa6a9cd7bac8a0e,2022-09-02,Grapes,Red Globe Seeded Type,per lb,,,,,No,,,,,,,,2.49,$/per lb,2.49,per lb,Northeast,retail,,,,,,,,190.0,3324,Weekly Grocery Store Specialty Crops Feature Activity,2026-09-26T13:56:27+00:00
44bb7672859abee1,2022-09-02,Grapes,WHITE SEEDLESS TYPE,per lb,,,,,Yes,,,,,,,,2.95,$/per lb,2.95,per lb,Northeast,retail,,,,,,,,669.0,3324,Weekly Grocery Store Specialty Crops Feature Activity,2026-09-26T13:56:27+00:00
f532594c31046de4,2022-09-02,Grapes,WHITE SEEDLESS TYPE,per lb,,,,,No,,,,,,,,2.28,$/per lb,2.28,per lb,Northeast,retail,,,,,,,,1642.0,3324,Weekly Grocery Store Specialty Crops Feature Activity,2026-09-26T13:56:27+00:00
8c3263e81b4af9b2,2022-09-02,Lemons,,2 lb bag,,,,,No,,,,,,,,3.18,$/2 lb bag,1.59,per lb,Northeast,retail,,,,,,,,418.0,3324,Weekly Grocery Store Specialty Crops Feature Activity,2026-09-26T13:56:27+00:00
8ddc181a42ea8c7b,2022-09-02,Lemons,,each,,,,,No,,,,,,,,0.58,$/each,0.58,per each,Northeast,retail,,,,,,,,371.0,3324,Weekly Grocery Store Specialty Crops Feature Activity,2026-09-26T13:56:27+00:00
57023b5d4fca1208,2022-09-02,Lettuce,Green Leaf,per lb,,,,,No,,,,,,,,1.99,$/per lb,1.99,per lb,Northeast,retail,,,,,,,,210.0,3324,Weekly Grocery Store Specialty Crops Feature Activity,2026-09-26T13:56:27+00:00
ca5649966c08ebf5,2022-09-02,Lettuce,Iceberg,each,,,,,No,,,,,,,,1.77,$/each,1.77,per each,Northeast,retail,,,,,,,,266.0,3324,Weekly Grocery Store Specialty Crops Feature Activity,2026-09-26T13:56:27+00:00
ba74f541e4f860af,2022-09-02,Lettuce,Red Leaf,per lb,,,,,No,,,,,,,,1.99,$/per lb,1.99,per lb,Northeast,retail,,,,,,,,210.0,3324,Weekly Grocery Store Specialty Crops Feature Activity,2026-09-26T13:56:27+00:00
9668a343b822577b,2022-09-02,Lettuce,Romaine,each,,,,,No,,,,,,,,1.23,$/each,1.23,per each,Northeast,retail,,,,,,,,17.0,3324,Weekly Grocery Store Specialty Crops Feature Activity,2026-09-26T13:56:27+00:00
a26ba61b7360c6e5,2022-09-02,Lettuce,Romaine,per lb,,,,,No,,,,,,,,1.86,$/per lb,1.86,per lb,Northeast,retail,,,,,,,,97.0,3324,Weekly Grocery Store Specialty Crops Feature Activity,2026-09-26T13:56:27+00:00
221d8612f81827b4,2022-09-02,Lettuce,Romaine (Hearts),3 count,,,,,No,,,,,,,,3.42,$/3 count,,,Northeast,retail,,,,,,,,605.0,3324,Weekly Grocery Store Specialty Crops Feature Activity,2026-09-26T13:56:27+00:00
8f49d0dea6d140a6,2022-09-02,Lettuce,Romaine (Hearts),3 count,,,,,Yes,,,,,,,,3.7,$/3 count,,,Northeast,retail,,,,,,,,186.0,3324,Weekly Grocery Store Specialty Crops Feature Activity,2026-09-26T13:56:27+00:00
6bb550f073d949f8,2022-09-02,Limes,,each,,,,,No,,,,,,,,0.47,$/each,0.47,per each,Northeast,retail,,,,,,,,407.0,3324,Weekly Grocery Store Specialty Crops Feature Activity,2026-09-26T13:56:27+00:00
4f541a92512cca74,2022-09-02,"Onions, Dry",RED,2 lb bag,,,,,Yes,,,,,,,,3.99,$/2 lb bag,1.995,per lb,Northeast,retail,,,,,,,,22.0,3324,Weekly Grocery Store Specialty Crops Feature Activity,2026-09-26T13:56:27+00:00
d254677238a7ed4e,2022-09-02,"Onions, Dry",RED,per lb,,,,,No,,,,,,,,1.29,$/per lb,1.29,per lb,Northeast,retail,,,,,,,,57.0,3324,Weekly Grocery Store Specialty Crops Feature Activity,2026-09-26T13:56:27+00:00
c573f46094851852,2022-09-02,"Onions, Dry",WHITE,per lb,,,,,No,,,,,,,,1.29,$/per lb,1.29,per lb,Northeast,retail,,,,,,,,57.0,3324,Weekly Grocery Store Specialty Crops Feature Activity,2026-09-26T13:56:27+00:00
14a11cf51b4343cf,2022-09-02,"Onions, Dry",YELLOW,2 lb bag,,,,,No,,,,,,,,2.19,$/2 lb bag,1.095,per lb,Northeast,retail,,,,,,,,51.0,3324,Weekly Grocery Store Specialty Crops Feature Activity,2026-09-26T13:56:27+00:00
7ffff7a9c06af775,2022-09-02,"Onions, Dry",YELLOW,2 lb bag,,,,,Yes,,,,,,,,3.99,$/2 lb bag,1.995,per lb,Northeast,retail,,,,,,,,22.0,3324,Weekly Grocery Store Specialty Crops Feature Activity,2026-09-26T13:56:27+00:00
6dfed3c2a4e959b5,2022-09-02,"Onions, Dry",YELLOW,3 lb bag,,,,,No,,,,,,,,3.08,$/3 lb bag,1.0267,per lb,Northeast,retail,,,,,,,,72.0,3324,Weekly Grocery Store Specialty Crops Feature Activity,2026-09-26T13:56:27+00:00
c76b924ebfb3f08c,2022-09-02,"Onions, Dry",YELLOW,3 lb bag,,,,,Yes,,,,,,,,5.96,$/3 lb bag,1.9867,per lb,Northeast,retail,,,,,,,,263.0,3324,Weekly Grocery Store Specialty Crops Feature Activity,2026-09-26T13:56:27+00:00
d854a39a1f1b39e7,2022-09-02,"Onions, Dry",YELLOW,per lb,,,,,No,,,,,,,,0.99,$/per lb,0.99,per lb,Northeast,retail,,,,,,,,9.0,3324,Weekly Grocery Store Specialty Crops Feature Activity,2026-09-26T13:56:27+00:00
1a2ca5977dd82303,2022-09-02,"Onions, Dry",YELLOW MARKED SWEET,2 lb bag,,,,,No,,,,,,,,1.99,$/2 lb bag,0.995,per lb,Northeast,retail,,,,,,,,63.0,3324,Weekly Grocery Store Specialty Crops Feature Activity,2026-09-26T13:56:27+00:00
9ec331bd2453af37,2022-09-02,"Onions, Dry",YELLOW MARKED SWEET,3 lb bag,,,,,No,,,,,,,,3.99,$/3 lb bag,1.33,per lb,Northeast,retail,,,,,,,,161.0,3324,Weekly Grocery Store Specialty Crops Feature Activity,2026-09-26T13:56:27+00:00
876f7afce8cda857,2022-09-02,"Onions, Dry",YELLOW MARKED SWEET,per lb,,,,,No,,,,,,,,1.29,$/per lb,1.29,per lb,Northeast,retail,,,,,,,,569.0,3324,Weekly Grocery Store Specialty Crops Feature Activity,2026-09-26T13:56:27+00:00
749aa81eb5066899,2022-09-02,"Peppers, Bell Type",GREEN,each,,,,,No,,,,,,,,1.0,$/each,1.0,per each,Northeast,retail,,,,,,,,136.0,3324,Weekly Grocery Store Specialty Crops Feature Activity,2026-09-26T13:56:27+00:00
da3d966d64eb6075,2022-09-02,"Peppers, Bell Type",GREEN,per lb,,,,,Yes,,,,,,,,2.99,$/per lb,2.99,per lb,Northeast,retail,,,,,,,,16.0,3324,Weekly Grocery Store Specialty Crops Feature Activity,2026-09-26T13:56:27+00:00
e1fe115454a5b8e6,2022-09-02,"Peppers, Bell Type",GREEN,per lb,,,,,No,,,,,,,,1.63,$/per lb,1.63,per lb,Northeast,retail,,,,,,,,611.0,3324,Weekly Grocery Store Specialty Crops Feature Activity,2026-09-26T13:56:27+00:00
c20ceddabff7b928,2022-09-02,"Peppers, Bell Type",ORANGE,each,,,,,No,,,,,,,,1.35,$/each,1.35,per each,Northeast,retail,,,,,,,,376.0,3324,Weekly Grocery Store Specialty Crops Feature Activity,2026-09-26T13:56:27+00:00
0174f3f04a7f9f83,2022-09-02,"Peppers, Bell Type",ORANGE,per lb,,,,,Yes,,,,,,,,5.38,$/per lb,5.38,per lb,Northeast,retail,,,,,,,,23.0,3324,Weekly Grocery Store Specialty Crops Feature Activity,2026-09-26T13:56:27+00:00
27271fa62742eb01,2022-09-02,"Peppers, Bell Type",ORANGE,per lb,,,,,No,,,,,,,,2.99,$/per lb,2.99,per lb,Northeast,retail,,,environment=Greenhouse,,,,,8.0,3324,Weekly Grocery Store Specialty Crops Feature Activity,2026-09-26T13:56:27+00:00
64d61106d01680f4,2022-09-02,"Peppers, Bell Type",ORANGE,per lb,,,,,No,,,,,,,,3.22,$/per lb,3.22,per lb,Northeast,retail,,,,,,,,289.0,3324,Weekly Grocery Store Specialty Crops Feature Activity,2026-09-26T13:56:27+00:00
d4bafcba1ef0a037,2022-09-02,"Peppers, Bell Type",RED,each,,,,,No,,,,,,,,1.34,$/each,1.34,per each,Northeast,retail,,,,,,,,457.0,3324,Weekly Grocery Store Specialty Crops Feature Activity,2026-09-26T13:56:27+00:00
2d6681a33de864e5,2022-09-02,"Peppers, Bell Type",RED,per lb,,,,,Yes,,,,,,,,5.38,$/per lb,5.38,per lb,Northeast,retail,,,,,,,,23.0,3324,Weekly Grocery Store Specialty Crops Feature Activity,2026-09-26T13:56:27+00:00
67659e36c14c9e64,2022-09-02,"Peppers, Bell Type",RED,per lb,,,,,No,,,,,,,,2.99,$/per lb,2.99,per lb,Northeast,retail,,,environment=Greenhouse,,,,,8.0,3324,Weekly Grocery Store Specialty Crops Feature Activity,2026-09-26T13:56:27+00:00
a438de264b3489f8,2022-09-02,"Peppers, Bell Type",RED,per lb,,,,,No,,,,,,,,3.22,$/per lb,3.22,per lb,Northeast,retail,,,,,,,,289.0,3324,Weekly Grocery Store Specialty Crops Feature Activity,2026-09-26T13:56:27+00:00
37c1d4003fd6d888,2022-09-02,"Peppers, Bell Type",YELLOW,each,,,,,No,,,,,,,,1.35,$/each,1.35,per each,Northeast,retail,,,,,,,,376.0,3324,Weekly Grocery Store Specialty Crops Feature Activity,2026-09-26T13:56:27+00:00
1b524187c521d1fa,2022-09-02,"Peppers, Bell Type",YELLOW,per lb,,,,,No,,,,,,,,3.22,$/per lb,3.22,per lb,Northeast,retail,,,,,,,,289.0,3324,Weekly Grocery Store Specialty Crops Feature Activity,2026-09-26T13:56:27+00:00
63bbcb59d9f53058,2022-09-02,"Peppers, Bell Type",YELLOW,per lb,,,,,Yes,,,,,,,,5.38,$/per lb,5.38,per lb,Northeast,retail,,,,,,,,23.0,3324,Weekly Grocery Store Specialty Crops Feature Activity,2026-09-26T13:56:27+00:00
c55d8656d13ffd3e,2022-09-02,"Peppers, Bell Type",YELLOW,per lb,,,,,No,,,,,,,,2.99,$/per lb,2.99,per lb,Northeast,retail,,,environment=Greenhouse,,,,,8.0,3324,Weekly Grocery Store Specialty Crops Feature Activity,2026-09-26T13:56:27+00:00
0cb676e57f45d88b,2022-09-02,Potatoes,ROUND RED,3 lb bag,,,,,Yes,,,,,,,,4.17,$/3 lb bag,1.39,per lb,Northeast,retail,,,,,,,,166.0,3324,Weekly Grocery Store Specialty Crops Feature Activity,2026-09-26T13:56:27+00:00
a59642f2d34bc450,2022-09-02,Potatoes,ROUND RED,3 lb bag,,,,,No,,,,,,,,3.99,$/3 lb bag,1.33,per lb,Northeast,retail,,,,,,,,48.0,3324,Weekly Grocery Store Specialty Crops Feature Activity,2026-09-26T13:56:27+00:00
ce058cbe52b07f7d,2022-09-02,Potatoes,ROUND RED,5 lb bag,,,,,No,,,,,,,,4.74,$/5 lb bag,0.948,per lb,Northeast,retail,,,,,,,,222.0,3324,Weekly Grocery Store Specialty Crops Feature Activity,2026-09-26T13:56:27+00:00
b9f32479dcbf1eb9,2022-09-02,Potatoes,ROUND RED,per lb,,,,,No,,,,,,,,1.49,$/per lb,1.49,per lb,Northeast,retail,,,,,,,,72.0,3324,Weekly Grocery Store Specialty Crops Feature Activity,2026-09-26T13:56:27+00:00
54e4d5070a50bba4,2022-09-02,Potatoes,ROUND WHITE,5 lb bag,,,,,No,,,,,,,,3.61,$/5 lb bag,0.722,per lb,Northeast,retail,,,,,,,,342.0,3324,Weekly Grocery Store Specialty Crops Feature Activity,2026-09-26T13:56:27+00:00
9c60341bd5b18ad9,2022-09-02,Potatoes,RUSSET,3 lb bag,,,,,Yes,,,,,,,,4.13,$/3 lb bag,1.3767,per lb,Northeast,retail,,,,,,,,158.0,3324,Weekly Grocery Store Specialty Crops Feature Activity,2026-09-26T13:56:27+00:00
1b5153e281db614e,2022-09-02,Potatoes,RUSSET,5 lb bag,,,,,No,,,,,,,,4.03,$/5 lb bag,0.806,per lb,Northeast,retail,,,,,,,,204.0,3324,Weekly Grocery Store Specialty Crops Feature Activity,2026-09-26T13:56:27+00:00
efbac68d95a1d90a,2022-09-02,Potatoes,RUSSET,8 lb bag,,,,,No,,,,,,,,3.99,$/8 lb bag,0.4988,per lb,Northeast,retail,,,,,,,,9.0,3324,Weekly Grocery Store Specialty Crops Feature Activity,2026-09-26T13:56:27+00:00
ba05524d0c12624a,2022-09-02,Potatoes,YELLOW TYPE,3 lb bag,,,,,Yes,,,,,,,,4.99,$/3 lb bag,1.6633,per lb,Northeast,retail,,,,,,,,30.0,3324,Weekly Grocery Store Specialty Crops Feature Activity,2026-09-26T13:56:27+00:00
ec8f10e39f48c02a,2022-09-02,Potatoes,YELLOW TYPE,3 lb bag,,,,,No,,,,,,,,3.15,$/3 lb bag,1.05,per lb,Northeast,retail,,,,,,,,303.0,3324,Weekly Grocery Store Specialty Crops Feature Activity,2026-09-26T13:56:27+00:00
5bb5019d7bea6a0e,2022-09-02,Potatoes,YELLOW TYPE,5 lb bag,,,,,No,,,,,,,,4.26,$/5 lb bag,0.852,per lb,Northeast,retail,,,,,,,,111.0,3324,Weekly Grocery Store Specialty Crops Feature Activity,2026-09-26T13:56:27+00:00
35d0bcd3c53ccba3,2022-09-02,Strawberries,,1 lb package,,,,,Yes,,,,,,,,4.99,$/1 lb package,4.99,per lb,Northeast,retail,,,,,,,,113.0,3324,Weekly Grocery Store Specialty Crops Feature Activity,2026-09-26T13:56:27+00:00
5bc193ec00e2b8af,2022-09-02,Strawberries,,1 lb package,,,,,No,,,,,,,,3.22,$/1 lb package,3.22,per lb,Northeast,retail,,,,,,,,1108.0,3324,Weekly Grocery Store Specialty Crops Feature Activity,2026-09-26T13:56:27+00:00
bcd4ae34f35cec04,2022-09-02,Tomatoes,,per lb,,,,,No,,,,,,,,1.98,$/per lb,1.98,per lb,Northeast,retail,,,,,,,,590.0,3324,Weekly Grocery Store Specialty Crops Feature Activity,2026-09-26T13:56:27+00:00
198ae24171308df9,2022-09-02,Tomatoes,GRAPE TYPE,1 pint package,,,,,No,,,,,,,,2.45,$/1 pint package,,,Northeast,retail,,,,,,,,173.0,3324,Weekly Grocery Store Specialty Crops Feature Activity,2026-09-26T13:56:27+00:00
3f6655bf4cf98449,2022-09-02,Tomatoes,GRAPE TYPE,1 pint package,,,,,Yes,,,,,,,,2.97,$/1 pint package,,,Northeast,retail,,,,,,,,235.0,3324,Weekly Grocery Store Specialty Crops Feature Activity,2026-09-26T13:56:27+00:00
ddc5a2857c83ed65,2022-09-02,Tomatoes,GRAPE TYPE,10 oz package,,,,,No,,,,,,,,2.44,$/10 oz package,3.904,per lb,Northeast,retail,,,,,,,,415.0,3324,Weekly Grocery Store Specialty Crops Feature Activity,2026-09-26T13:56:27+00:00
6de9d3fb3791f544,2022-09-02,Tomatoes,Plum Type (Roma),per lb,,,,,No,,,,,,,,1.54,$/per lb,1.54,per lb,Northeast,retail,,,,,,,,165.0,3324,Weekly Grocery Store Specialty Crops Feature Activity,2026-09-26T13:56:27+00:00
374a54ca0aab7ae9,2022-09-02,Tomatoes,VINE RIPES,per lb,,,,,No,,,,,,,,1.74,$/per lb,1.74,per lb,Northeast,retail,,,,,,,,87.0,3324,Weekly Grocery Store Specialty Crops Feature Activity,2026-09-26T13:56:27+00:00
4bc97b5f483ad812,2022-09-02,Tomatoes,VINE RIPES,per lb,,,,,Yes,,,,,,,,3.99,$/per lb,3.99,per lb,Northeast,retail,,,environment=Greenhouse,,,,,8.0,3324,Weekly Grocery Store Specialty Crops Feature Activity,2026-09-26T13:56:27+00:00
663ff83e19c2b2f5,2022-09-02,Tomatoes,VINE RIPES,per lb,,,,,No,,,,,,,,2.24,$/per lb,2.24,per lb,Northeast,retail,,,environment=Greenhouse,,,,,100.0,3324,Weekly Grocery Store Specialty Crops Feature Activity,2026-09-26T13:56:27+00:00
84e05873389719e5,2022-09-02,Tomatoes,VINE RIPES - ON THE VINE,per lb,,,,,No,,,,,,,,1.68,$/per lb,1.68,per lb,Northeast,retail,,,environment=Greenhouse,,,,,496.0,3324,Weekly Grocery Store Specialty Crops Feature Activity,2026-09-26T13:56:27+00:00
8e7c1626576e7b3d,2022-09-02,Tomatoes,VINE RIPES - ON THE VINE,per lb,,,,,Yes,,,,,,,,3.99,$/per lb,3.99,per lb,Northeast,retail,,,environment=Greenhouse,,,,,263.0,3324,Weekly Grocery Store Specialty Crops Feature Activity,2026-09-26T13:56:27+00:00
600cc2d063c0d8a3,2022-09-02,Tomatoes,Vine Ripes - Heirloom Varieties,per lb,,,,,Yes,,,,,,,,3.99,$/per lb,3.99,per lb,Northeast,retail,,,environment=Greenhouse,,,,,45.0,3324,Weekly Grocery Store Specialty Crops Feature Activity,2026-09-26T13:56:27+00:00
ecd2ca4caab3e800,2022-09-02,Avocados,HASS,each,,,,,No,,,,,,,,1.7,$/each,1.7,per each,Northwest,retail,,,,,,,,456.0,3324,Weekly Grocery Store Specialty Crops Feature Activity,2026-09-26T13:56:27+00:00
ab9311e5021f6239,2022-09-02,Blueberries,,1 pint package,,,,,No,,,,,,,,2.83,$/1 pint package,,,Northwest,retail,,,,,,,,59.0,3324,Weekly Grocery Store Specialty Crops Feature Activity,2026-09-26T13:56:27+00:00
1b03b72ae96ac451,2022-09-02,Blueberries,,18 oz package,,,,,No,,,,,,,,4.36,$/18 oz package,3.8756,per lb,Northwest,retail,,,,,,,,371.0,3324,Weekly Grocery Store Specialty Crops Feature Activity,2026-09-26T13:56:27+00:00
1b1de1d29a0bb3b9,2022-09-02,Blueberries,,18 oz package,,,,,Yes,,,,,,,,5.64,$/18 oz package,5.0133,per lb,Northwest,retail,,,,,,,,190.0,3324,Weekly Grocery Store Specialty Crops Feature Activity,2026-09-26T13:56:27+00:00
d207d62b20211cca,2022-09-02,Blueberries,,6 oz package,,,,,Yes,,,,,,,,3.49,$/6 oz package,9.3067,per lb,Northwest,retail,,,,,,,,15.0,3324,Weekly Grocery Store Specialty Crops Feature Activity,2026-09-26T13:56:27+00:00
965824209ab72e97,2022-09-02,Carrots,,2 lb bag,,,,,No,,,,,,,,2.46,$/2 lb bag,1.23,per lb,Northwest,retail,,,,,,,,20.0,3324,Weekly Grocery Store Specialty Crops Feature Activity,2026-09-26T13:56:27+00:00
24aa5b804267e12c,2022-09-02,Carrots,BABY PEELED,1 lb bag,,,,,No,,,,,,,,1.4,$/1 lb bag,1.4,per lb,Northwest,retail,,,,,,,,86.0,3324,Weekly Grocery Store Specialty Crops Feature Activity,2026-09-26T13:56:27+00:00
e28b9a437aed973e,2022-09-02,Carrots,BABY PEELED,1 lb bag,,,,,Yes,,,,,,,,2.0,$/1 lb bag,2.0,per lb,Northwest,retail,,,,,,,,15.0,3324,Weekly Grocery Store Specialty Crops Feature Activity,2026-09-26T13:56:27+00:00
8bdde82854cefa0b,2022-09-02,Carrots,BABY PEELED,2 lb bag,,,,,No,,,,,,,,2.69,$/2 lb bag,1.345,per lb,Northwest,retail,,,,,,,,6.0,3324,Weekly Grocery Store Specialty Crops Feature Activity,2026-09-26T13:56:27+00:00
10f973844de3db97,2022-09-02,Celery,,per lb,,,,,Yes,,,,,,,,0.89,$/per lb,0.89,per lb,Northwest,retail,,,,,,,,6.0,3324,Weekly Grocery Store Specialty Crops Feature Activity,2026-09-26T13:56:27+00:00
445ea388d7f393b2,2022-09-02,Celery,,per lb,,,,,No,,,,,,,,0.58,$/per lb,0.58,per lb,Northwest,retail,,,,,,,,11.0,3324,Weekly Grocery Store Specialty Crops Feature Activity,2026-09-26T13:56:27+00:00
8e8076c83e0457e5,2022-09-02,Celery,HEARTS,each,,,,,Yes,,,,,,,,2.5,$/each,2.5,per each,Northwest,retail,,,,,,,,18.0,3324,Weekly Grocery Store Specialty Crops Feature Activity,2026-09-26T13:56:27+00:00
e3a04ef8034d5564,2022-09-02,Cucumbers,,each,,,,,No,,,,,,,,0.83,$/each,0.83,per each,Northwest,retail,,,,,,,,40.0,3324,Weekly Grocery Store Specialty Crops Feature Activity,2026-09-26T13:56:27+00:00
ce8accc789650a71,2022-09-02,Cucumbers,,per lb,,,,,No,,,,,,,,0.69,$/per lb,0.69,per lb,Northwest,retail,,,,,,,,5.0,3324,Weekly Grocery Store Specialty Crops Feature Activity,2026-09-26T13:56:27+00:00
6f6d925874e7fd30,2022-09-02,Cucumbers,LONG SEEDLESS,each,,,,,No,,,,,,,,1.39,$/each,1.39,per each,Northwest,retail,,,environment=Greenhouse,,,,,3.0,3324,Weekly Grocery Store Specialty Crops Feature Activity,2026-09-26T13:56:27+00:00
5d12bdd541ff5648,2022-09-02,Grapes,BLACK SEEDLESS,per lb,,,,,Yes,,,,,,,,3.19,$/per lb,3.19,per lb,Northwest,retail,,,,,,,,115.0,3324,Weekly Grocery Store Specialty Crops Feature Activity,2026-09-26T13:56:27+00:00
caffbb9fb3f60bfb,2022-09-02,Grapes,BLACK SEEDLESS,per lb,,,,,No,,,,,,,,2.1,$/per lb,2.1,per lb,Northwest,retail,,,,,,,,141.0,3324,Weekly Grocery Store Specialty Crops Feature Activity,2026-09-26T13:56:27+00:00
30666f400631a7be,2022-09-02,Grapes,RED SEEDLESS,per lb,,,,,Yes,,,,,,,,3.22,$/per lb,3.22,per lb,Northwest,retail,,,,,,,,153.0,3324,Weekly Grocery Store Specialty Crops Feature Activity,2026-09-26T13:56:27+00:00
4c0d47700bc79a8d,2022-09-02,Grapes,RED SEEDLESS,per lb,,,,,No,,,,,,,,1.83,$/per lb,1.83,per lb,Northwest,retail,,,,,,,,368.0,3324,Weekly Grocery Store Specialty Crops Feature Activity,2026-09-26T13:56:27+00:00
04c53e6d9db72363,2022-09-02,Grapes,WHITE SEEDLESS TYPE,per lb,,,,,Yes,,,,,,,,3.22,$/per lb,3.22,per lb,Northwest,retail,,,,,,,,153.0,3324,Weekly Grocery Store Specialty Crops Feature Activity,2026-09-26T13:56:27+00:00
78a11cbaa5a0dca2,2022-09-02,Grapes,WHITE SEEDLESS TYPE,per lb,,,,,No,,,,,,,,1.84,$/per lb,1.84,per lb,Northwest,retail,,,,,,,,331.0,3324,Weekly Grocery Store Specialty Crops Feature Activity,2026-09-26T13:56:27+00:00
b19579e24db6a1ca,2022-09-02,Lettuce,Green Leaf,each,,,,,No,,,,,,,,1.64,$/each,1.64,per each,Northwest,retail,,,,,,,,182.0,3324,Weekly Grocery Store Specialty Crops Feature Activity,2026-09-26T13:56:27+00:00
59891b4958afff71,2022-09-02,Lettuce,Red Leaf,each,,,,,No,,,,,,,,1.64,$/each,1.64,per each,Northwest,retail,,,,,,,,182.0,3324,Weekly Grocery Store Specialty Crops Feature Activity,2026-09-26T13:56:27+00:00
a76818f62aebe728,2022-09-02,Lettuce,Romaine,each,,,,,No,,,,,,,,1.67,$/each,1.67,per each,Northwest,retail,,,,,,,,146.0,3324,Weekly Grocery Store Specialty Crops Feature Activity,2026-09-26T13:56:27+00:00
aba3d46871800c85,2022-09-02,Limes,,each,,,,,No,,,,,,,,0.5,$/each,0.5,per each,Northwest,retail,,,,,,,,17.0,3324,Weekly Grocery Store Specialty Crops Feature Activity,2026-09-26T13:56:27+00:00
7b27c0d89a3105a8,2022-09-02,"Onions, Dry",RED,per lb,,,,,Yes,,,,,,,,1.79,$/per lb,1.79,per lb,Northwest,retail,,,,,,,,206.0,3324,Weekly Grocery Store Specialty Crops Feature Activity,2026-09-26T13:56:27+00:00
92704e28a55d2640,2022-09-02,"Onions, Dry",RED,per lb,,,,,No,,,,,,,,0.92,$/per lb,0.92,per lb,Northwest,retail,,,,,,,,25.0,3324,Weekly Grocery Store Specialty Crops Feature Activity,2026-09-26T13:56:27+00:00
11de77e683b5002d,2022-09-02,"Onions, Dry",WHITE,per lb,,,,,Yes,,,,,,,,1.79,$/per lb,1.79,per lb,Northwest,retail,,,,,,,,206.0,3324,Weekly Grocery Store Specialty Crops Feature Activity,2026-09-26T13:56:27+00:00
434c1df506d309df,2022-09-02,"Onions, Dry",WHITE,per lb,,,,,No,,,,,,,,0.92,$/per lb,0.92,per lb,Northwest,retail,,,,,,,,23.0,3324,Weekly Grocery Store Specialty Crops Feature Activity,2026-09-26T13:56:27+00:00
369724cb3e04a046,2022-09-02,"Onions, Dry",YELLOW,per lb,,,,,No,,,,,,,,0.9,$/per lb,0.9,per lb,Northwest,retail,,,,,,,,57.0,3324,Weekly Grocery Store Specialty Crops Feature Activity,2026-09-26T13:56:27+00:00
4f59e5797691d18b,2022-09-02,"Onions, Dry",YELLOW,per lb,,,,,Yes,,,,,,,,1.79,$/per lb,1.79,per lb,Northwest,retail,,,,,,,,206.0,3324,Weekly Grocery Store Specialty Crops Feature Activity,2026-09-26T13:56:27+00:00
917a488067c8401e,2022-09-02,"Onions, Dry",YELLOW MARKED SWEET,per lb,,,,,No,,,,,,,,1.29,$/per lb,1.29,per lb,Northwest,retail,,,,,,,,211.0,3324,Weekly Grocery Store Specialty Crops Feature Activity,2026-09-26T13:56:27+00:00
c04fe3a10116e59c,2022-09-02,"Onions, Dry",YELLOW MARKED SWEET,per lb,,,,,Yes,,,,,,,,1.49,$/per lb,1.49,per lb,Northwest,retail,,,,,,,,11.0,3324,Weekly Grocery Store Specialty Crops Feature Activity,2026-09-26T13:56:27+00:00
dc6e3239ee890ce9,2022-09-02,"Peppers, Bell Type",GREEN,each,,,,,No,,,,,,,,1.0,$/each,1.0,per each,Northwest,retail,,,,,,,,51.0,3324,Weekly Grocery Store Specialty Crops Feature Activity,2026-09-26T13:56:27+00:00
2ef8b6a753a4d88f,2022-09-02,"Peppers, Bell Type",ORANGE,each,,,,,No,,,,,,,,1.28,$/each,1.28,per each,Northwest,retail,,,,,,,,372.0,3324,Weekly Grocery Store Specialty Crops Feature Activity,2026-09-26T13:56:27+00:00
c45e430895975e5b,2022-09-02,"Peppers, Bell Type",ORANGE,each,,,,,Yes,,,,,,,,2.5,$/each,2.5,per each,Northwest,retail,,,,,,,,10.0,3324,Weekly Grocery Store Specialty Crops Feature Activity,2026-09-26T13:56:27+00:00
13daa07d36c11802,2022-09-02,"Peppers, Bell Type",RED,each,,,,,Yes,,,,,,,,2.5,$/each,2.5,per each,Northwest,retail,,,,,,,,10.0,3324,Weekly Grocery Store Specialty Crops Feature Activity,2026-09-26T13:56:27+00:00
f0bffb940ec48fe3,2022-09-02,"Peppers, Bell Type",RED,each,,,,,No,,,,,,,,1.27,$/each,1.27,per each,Northwest,retail,,,,,,,,400.0,3324,Weekly Grocery Store Specialty Crops Feature Activity,2026-09-26T13:56:27+00:00
f58156e70c95acd9,2022-09-02,"Peppers, Bell Type",RED,per lb,,,,,Yes,,,,,,,,4.99,$/per lb,4.99,per lb,Northwest,retail,,,,,,,,11.0,3324,Weekly Grocery Store Specialty Crops Feature Activity,2026-09-26T13:56:27+00:00
7ccbbc10894ea0d9,2022-09-02,"Peppers, Bell Type",YELLOW,each,,,,,No,,,,,,,,1.28,$/each,1.28,per each,Northwest,retail,,,,,,,,372.0,3324,Weekly Grocery Store Specialty Crops Feature Activity,2026-09-26T13:56:27+00:00
fd2a5cd83a9094e0,2022-09-02,"Peppers, Bell Type",YELLOW,each,,,,,Yes,,,,,,,,2.5,$/each,2.5,per each,Northwest,retail,,,,,,,,10.0,3324,Weekly Grocery Store Specialty Crops Feature Activity,2026-09-26T13:56:27+00:00
8378cef4fa01f781,2022-09-02,Potatoes,ROUND RED,3 lb bag,,,,,No,,,,,,,,3.99,$/3 lb bag,1.33,per lb,Northwest,retail,,,,,,,,23.0,3324,Weekly Grocery Store Specialty Crops Feature Activity,2026-09-26T13:56:27+00:00
55c172303b6e3428,2022-09-02,Potatoes,ROUND RED,per lb,,,,,No,,,,,,,,0.78,$/per lb,0.78,per lb,Northwest,retail,,,,,,,,8.0,3324,Weekly Grocery Store Specialty Crops Feature Activity,2026-09-26T13:56:27+00:00
7238382c8774f562,2022-09-02,Potatoes,RUSSET,5 lb bag,,,,,No,,,,,,,,2.99,$/5 lb bag,0.598,per lb,Northwest,retail,,,,,,,,9.0,3324,Weekly Grocery Store Specialty Crops Feature Activity,2026-09-26T13:56:27+00:00
a88368521b0df677,2022-09-02,Potatoes,YELLOW TYPE,per lb,,,,,No,,,,,,,,1.02,$/per lb,1.02,per lb,Northwest,retail,,,,,,,,15.0,3324,Weekly Grocery Store Specialty Crops Feature Activity,2026-09-26T13:56:27+00:00
d8defca6af996292,2022-09-02,Strawberries,,1 lb package,,,,,No,,,,,,,,2.63,$/1 lb package,2.63,per lb,Northwest,retail,,,,,,,,92.0,3324,Weekly Grocery Store Specialty Crops Feature Activity,2026-09-26T13:56:27+00:00
238b3c086b38e593,2022-09-02,Strawberries,,2 lb package,,,,,No,,,,,,,,2.97,$/2 lb package,1.485,per lb,Northwest,retail,,,,,,,,146.0,3324,Weekly Grocery Store Specialty Crops Feature Activity,2026-09-26T13:56:27+00:00
1d7aab43405838d3,2022-09-02,Tomatoes,,per lb,,,,,No,,,,,,,,1.49,$/per lb,1.49,per lb,Northwest,retail,,,,,,,,10.0,3324,Weekly Grocery Store Specialty Crops Feature Activity,2026-09-26T13:56:27+00:00
2832e6f6cbea08a2,2022-09-02,Tomatoes,GRAPE TYPE,10 oz package,,,,,No,,,,,,,,2.83,$/10 oz package,4.528,per lb,Northwest,retail,,,,,,,,217.0,3324,Weekly Grocery Store Specialty Crops Feature Activity,2026-09-26T13:56:27+00:00
7878dd4c6997f9fd,2022-09-02,Tomatoes,Plum Type (Roma),per lb,,,,,No,,,,,,,,1.62,$/per lb,1.62,per lb,Northwest,retail,,,,,,,,80.0,3324,Weekly Grocery Store Specialty Crops Feature Activity,2026-09-26T13:56:27+00:00
cd2e4f86bdc6cc77,2022-09-02,Tomatoes,Plum Type (Roma),per lb,,,,,Yes,,,,,,,,1.98,$/per lb,1.98,per lb,Northwest,retail,,,,,,,,17.0,3324,Weekly Grocery Store Specialty Crops Feature Activity,2026-09-26T13:56:27+00:00
c69f0223d87aaec9,2022-09-02,Tomatoes,VINE RIPES,per lb,,,,,No,,,,,,,,1.08,$/per lb,1.08,per lb,Northwest,retail,,,,,,,,16.0,3324,Weekly Grocery Store Specialty Crops Feature Activity,2026-09-26T13:56:27+00:00
1ec4e19a5e608efd,2022-09-02,Tomatoes,VINE RIPES - ON THE VINE,per lb,,,,,No,,,,,,,,1.82,$/per lb,1.82,per lb,Northwest,retail,,,environment=Greenhouse,,,,,295.0,3324,Weekly Grocery Store Specialty Crops Feature Activity,2026-09-26T13:56:27+00:00
68cd403843db37ef,2022-09-02,Tomatoes,Vine Ripes - Heirloom Varieties,per lb,,,,,Yes,,,,,,,,4.6,$/per lb,4.6,per lb,Northwest,retail,,,environment=Greenhouse,,,,,49.0,3324,Weekly Grocery Store Specialty Crops Feature Activity,2026-09-26T13:56:27+00:00
826b4bf1d69daccf,2022-09-02,Avocados,HASS,each,,,,,Yes,,,,,,,,2.29,$/each,2.29,per each,Southcentral,retail,,,,,,,,43.0,3324,Weekly Grocery Store Specialty Crops Feature Activity,2026-09-26T13:56:27+00:00
dfc4d880c9dfb77d,2022-09-02,Avocados,HASS,each,,,,,No,,,,,,,,1.36,$/each,1.36,per each,Southcentral,retail,,,,,,,,1259.0,3324,Weekly Grocery Store Specialty Crops Feature Activity,2026-09-26T13:56:27+00:00
8a2b89c4d8c966d1,2022-09-02,Avocados,VARIOUS GREENSKIN VARIETIES,each,,,,,No,,,,,,,,2.0,$/each,2.0,per each,Southcentral,retail,,,,,,,,49.0,3324,Weekly Grocery Store Specialty Crops Feature Activity,2026-09-26T13:56:27+00:00
41c39d67e80ab44c,2022-09-02,Bananas,,per lb,,,,,No,,,,,,,,0.5,$/per lb,0.5,per lb,Southcentral,retail,,,,,,,,229.0,3324,Weekly Grocery Store Specialty Crops Feature Activity,2026-09-26T13:56:27+00:00
9373205748782b4e,2022-09-02,Blueberries,,1 pint package,,,,,No,,,,,,,,2.58,$/1 pint package,,,Southcentral,retail,,,,,,,,554.0,3324,Weekly Grocery Store Specialty Crops Feature Activity,2026-09-26T13:56:27+00:00
35bae3393dd940d2,2022-09-02,Blueberries,,18 oz package,,,,,Yes,,,,,,,,3.99,$/18 oz package,3.5467,per lb,Southcentral,retail,,,,,,,,148.0,3324,Weekly Grocery Store Specialty Crops Feature Activity,2026-09-26T13:56:27+00:00
537b1d1b14cde16d,2022-09-02,Blueberries,,18 oz package,,,,,No,,,,,,,,4.5,$/18 oz package,4.0,per lb,Southcentral,retail,,,,,,,,159.0,3324,Weekly Grocery Store Specialty Crops Feature Activity,2026-09-26T13:56:27+00:00
1e492129f45a0d1f,2022-09-02,Blueberries,,6 oz package,,,,,Yes,,,,,,,,4.1,$/6 oz package,10.9333,per lb,Southcentral,retail,,,,,,,,407.0,3324,Weekly Grocery Store Specialty Crops Feature Activity,2026-09-26T13:56:27+00:00
2f2ce49670aa9edc,2022-09-02,Blueberries,,6 oz package,,,,,No,,,,,,,,3.44,$/6 oz package,9.1733,per lb,Southcentral,retail,,,,,,,,56.0,3324,Weekly Grocery Store Specialty Crops Feature Activity,2026-09-26T13:56:27+00:00
4567fcfd802575f6,2022-09-02,Broccoli,,per bunch,,,,,No,,,,,,,,2.05,$/per bunch,,,Southcentral,retail,,,,,,,,165.0,3324,Weekly Grocery Store Specialty Crops Feature Activity,2026-09-26T13:56:27+00:00
5cbdafec03f0bd6b,2022-09-02,Broccoli,CROWN CUT,per lb,,,,,No,,,,,,,,1.74,$/per lb,1.74,per lb,Southcentral,retail,,,,,,,,229.0,3324,Weekly Grocery Store Specialty Crops Feature Activity,2026-09-26T13:56:27+00:00
2e0efa3285d1f41f,2022-09-02,Carrots,,2 lb bag,,,,,No,,,,,,,,2.5,$/2 lb bag,1.25,per lb,Southcentral,retail,,,,,,,,16.0,3324,Weekly Grocery Store Specialty Crops Feature Activity,2026-09-26T13:56:27+00:00
dabdfa1d1cef4d7f,2022-09-02,Carrots,,2 lb bag,,,,,Yes,,,,,,,,2.98,$/2 lb bag,1.49,per lb,Southcentral,retail,,,,,,,,11.0,3324,Weekly Grocery Store Specialty Crops Feature Activity,2026-09-26T13:56:27+00:00
281213f9f389e08e,2022-09-02,Carrots,,per lb,,,,,No,,,,,,,,0.5,$/per lb,0.5,per lb,Southcentral,retail,,,,,,,,68.0,3324,Weekly Grocery Store Specialty Crops Feature Activity,2026-09-26T13:56:27+00:00
55941ded46bc659c,2022-09-02,Carrots,BABY PEELED,1 lb bag,,,,,Yes,,,,,,,,1.79,$/1 lb bag,1.79,per lb,Southcentral,retail,,,,,,,,80.0,3324,Weekly Grocery Store Specialty Crops Feature Activity,2026-09-26T13:56:27+00:00
d6a5deed1d32ef4b,2022-09-02,Carrots,BABY PEELED,1 lb bag,,,,,No,,,,,,,,1.52,$/1 lb bag,1.52,per lb,Southcentral,retail,,,,,,,,67.0,3324,Weekly Grocery Store Specialty Crops Feature Activity,2026-09-26T13:56:27+00:00
a8c2af0e85025ea0,2022-09-02,Carrots,BABY PEELED,2 lb bag,,,,,No,,,,,,,,2.26,$/2 lb bag,1.13,per lb,Southcentral,retail,,,,,,,,356.0,3324,Weekly Grocery Store Specialty Crops Feature Activity,2026-09-26T13:56:27+00:00
67e0c612d85983f0,2022-09-02,Celery,,each,,,,,No,,,,,,,,1.14,$/each,1.14,per each,Southcentral,retail,,,,,,,,184.0,3324,Weekly Grocery Store Specialty Crops Feature Activity,2026-09-26T13:56:27+00:00
ede3eb7975e85f4f,2022-09-02,Celery,,each,,,,,Yes,,,,,,,,1.69,$/each,1.69,per each,Southcentral,retail,,,,,,,,10.0,3324,Weekly Grocery Store Specialty Crops Feature Activity,2026-09-26T13:56:27+00:00
949ba8bfeba10558,2022-09-02,Celery,,per lb,,,,,No,,,,,,,,1.29,$/per lb,1.29,per lb,Southcentral,retail,,,,,,,,32.0,3324,Weekly Grocery Store Specialty Crops Feature Activity,2026-09-26T13:56:27+00:00
065208fe5f14f280,2022-09-02,Cucumbers,,each,,,,,No,,,,,,,,0.7,$/each,0.7,per each,Southcentral,retail,,,,,,,,365.0,3324,Weekly Grocery Store Specialty Crops Feature Activity,2026-09-26T13:56:27+00:00
650f8c43fee5258f,2022-09-02,Cucumbers,LONG SEEDLESS,each,,,,,Yes,,,,,,,,1.5,$/each,1.5,per each,Southcentral,retail,,,environment=Greenhouse,,,,,99.0,3324,Weekly Grocery Store Specialty Crops Feature Activity,2026-09-26T13:56:27+00:00
0e437356583c5891,2022-09-02,Grapes,BLACK SEEDLESS,per lb,,,,,No,,,,,,,,1.83,$/per lb,1.83,per lb,Southcentral,retail,,,,,,,,451.0,3324,Weekly Grocery Store Specialty Crops Feature Activity,2026-09-26T13:56:27+00:00
95e5764779437452,2022-09-02,Grapes,BLACK SEEDLESS,per lb,,,,,Yes,,,,,,,,2.79,$/per lb,2.79,per lb,Southcentral,retail,,,,,,,,45.0,3324,Weekly Grocery Store Specialty Crops Feature Activity,2026-09-26T13:56:27+00:00
99d44cc94cec4a05,2022-09-02,Grapes,RED SEEDLESS,per lb,,,,,No,,,,,,,,1.81,$/per lb,1.81,per lb,Southcentral,retail,,,,,,,,1335.0,3324,Weekly Grocery Store Specialty Crops Feature Activity,2026-09-26T13:56:27+00:00
b57b728ddfd00605,2022-09-02,Grapes,RED SEEDLESS,per lb,,,,,Yes,,,,,,,,2.84,$/per lb,2.84,per lb,Southcentral,retail,,,,,,,,90.0,3324,Weekly Grocery Store Specialty Crops Feature Activity,2026-09-26T13:56:27+00:00
5669ecfa5f69e5b9,2022-09-02,Grapes,WHITE SEEDLESS TYPE,per lb,,,,,No,,,,,,,,1.76,$/per lb,1.76,per lb,Southcentral,retail,,,,,,,,1500.0,3324,Weekly Grocery Store Specialty Crops Feature Activity,2026-09-26T13:56:27+00:00
5b04df0a097ac4c8,2022-09-02,Grapes,WHITE SEEDLESS TYPE,per lb,,,,,Yes,,,,,,,,2.84,$/per lb,2.84,per lb,Southcentral,retail,,,,,,,,90.0,3324,Weekly Grocery Store Specialty Crops Feature Activity,2026-09-26T13:56:27+00:00
5c7c0b4c982e04dc,2022-09-02,Lemons,,2 lb bag,,,,,No,,,,,,,,3.07,$/2 lb bag,1.535,per lb,Southcentral,retail,,,,,,,,248.0,3324,Weekly Grocery Store Specialty Crops Feature Activity,2026-09-26T13:56:27+00:00
348563ad71eb7983,2022-09-02,Lemons,,each,,,,,No,,,,,,,,0.49,$/each,0.49,per each,Southcentral,retail,,,,,,,,251.0,3324,Weekly Grocery Store Specialty Crops Feature Activity,2026-09-26T13:56:27+00:00
921257c8b6a1515d,2022-09-02,Lettuce,Iceberg,each,,,,,No,,,,,,,,1.34,$/each,1.34,per each,Southcentral,retail,,,,,,,,352.0,3324,Weekly Grocery Store Specialty Crops Feature Activity,2026-09-26T13:56:27+00:00
ddf3c8881c0ae9f5,2022-09-02,Lettuce,Romaine (Hearts),3 count,,,,,Yes,,,,,,,,3.78,$/3 count,,,Southcentral,retail,,,,,,,,179.0,3324,Weekly Grocery Store Specialty Crops Feature Activity,2026-09-26T13:56:27+00:00
e872994b2cad9886,2022-09-02,Lettuce,Romaine (Hearts),3 count,,,,,No,,,,,,,,3.29,$/3 count,,,Southcentral,retail,,,,,,,,38.0,3324,Weekly Grocery Store Specialty Crops Feature Activity,2026-09-26T13:56:27+00:00
9e240854bf79f587,2022-09-02,Limes,,each,,,,,No,,,,,,,,0.27,$/each,0.27,per each,Southcentral,retail,,,,,,,,398.0,3324,Weekly Grocery Store Specialty Crops Feature Activity,2026-09-26T13:56:27+00:00
a0a394b918681beb,2022-09-02,"Onions, Dry",RED,per lb,,,,,No,,,,,,,,1.18,$/per lb,1.18,per lb,Southcentral,retail,,,,,,,,359.0,3324,Weekly Grocery Store Specialty Crops Feature Activity,2026-09-26T13:56:27+00:00
2c88e293338ed88b,2022-09-02,"Onions, Dry",WHITE,2 lb bag,,,,,No,,,,,,,,2.58,$/2 lb bag,1.29,per lb,Southcentral,retail,,,,,,,,118.0,3324,Weekly Grocery Store Specialty Crops Feature Activity,2026-09-26T13:56:27+00:00
63ff9932e25d5691,2022-09-02,"Onions, Dry",WHITE,per lb,,,,,No,,,,,,,,1.21,$/per lb,1.21,per lb,Southcentral,retail,,,,,,,,105.0,3324,Weekly Grocery Store Specialty Crops Feature Activity,2026-09-26T13:56:27+00:00
5d7aefc8d445422b,2022-09-02,"Onions, Dry",YELLOW,3 lb bag,,,,,No,,,,,,,,1.97,$/3 lb bag,0.6567,per lb,Southcentral,retail,,,,,,,,53.0,3324,Weekly Grocery Store Specialty Crops Feature Activity,2026-09-26T13:56:27+00:00
1e04acaabacba1b0,2022-09-02,"Onions, Dry",YELLOW,per lb,,,,,No,,,,,,,,0.98,$/per lb,0.98,per lb,Southcentral,retail,,,,,,,,258.0,3324,Weekly Grocery Store Specialty Crops Feature Activity,2026-09-26T13:56:27+00:00
bcf3ea4611c7238d,2022-09-02,"Onions, Dry",YELLOW MARKED SWEET,3 lb bag,,,,,No,,,,,,,,3.98,$/3 lb bag,1.3267,per lb,Southcentral,retail,,,,,,,,112.0,3324,Weekly Grocery Store Specialty Crops Feature Activity,2026-09-26T13:56:27+00:00
a3a725b5d5732301,2022-09-02,"Onions, Dry",YELLOW MARKED SWEET,per lb,,,,,No,,,,,,,,1.28,$/per lb,1.28,per lb,Southcentral,retail,,,,,,,,439.0,3324,Weekly Grocery Store Specialty Crops Feature Activity,2026-09-26T13:56:27+00:00
84788444b8c73ba4,2022-09-02,"Peppers, Bell Type",GREEN,each,,,,,No,,,,,,,,0.57,$/each,0.57,per each,Southcentral,retail,,,,,,,,247.0,3324,Weekly Grocery Store Specialty Crops Feature Activity,2026-09-26T13:56:27+00:00
3388d5d5167b8619,2022-09-02,"Peppers, Bell Type",ORANGE,each,,,,,No,,,,,,,,1.16,$/each,1.16,per each,Southcentral,retail,,,,,,,,228.0,3324,Weekly Grocery Store Specialty Crops Feature Activity,2026-09-26T13:56:27+00:00
f20ab33307a78f93,2022-09-02,"Peppers, Bell Type",ORANGE,each,,,,,No,,,,,,,,1.5,$/each,1.5,per each,Southcentral,retail,,,environment=Greenhouse,,,,,27.0,3324,Weekly Grocery Store Specialty Crops Feature Activity,2026-09-26T13:56:27+00:00
995869c5b7578d43,2022-09-02,"Peppers, Bell Type",RED,each,,,,,No,,,,,,,,1.5,$/each,1.5,per each,Southcentral,retail,,,environment=Greenhouse,,,,,27.0,3324,Weekly Grocery Store Specialty Crops Feature Activity,2026-09-26T13:56:27+00:00
a38196d2b63f94d9,2022-09-02,"Peppers, Bell Type",RED,each,,,,,No,,,,,,,,1.18,$/each,1.18,per each,Southcentral,retail,,,,,,,,297.0,3324,Weekly Grocery Store Specialty Crops Feature Activity,2026-09-26T13:56:27+00:00
a9582174df67d472,2022-09-02,"Peppers, Bell Type",YELLOW,each,,,,,No,,,,,,,,1.18,$/each,1.18,per each,Southcentral,retail,,,,,,,,297.0,3324,Weekly Grocery Store Specialty Crops Feature Activity,2026-09-26T13:56:27+00:00
e200c4fc76c31d0a,2022-09-02,"Peppers, Bell Type",YELLOW,each,,,,,No,,,,,,,,1.5,$/each,1.5,per each,Southcentral,retail,,,environment=Greenhouse,,,,,27.0,3324,Weekly Grocery Store Specialty Crops Feature Activity,2026-09-26T13:56:27+00:00
b88fd8f323626596,2022-09-02,Potatoes,ROUND RED,3 lb bag,,,,,Yes,,,,,,,,4.0,$/3 lb bag,1.3333,per lb,Southcentral,retail,,,,,,,,49.0,3324,Weekly Grocery Store Specialty Crops Feature Activity,2026-09-26T13:56:27+00:00
d39eac9e69d789a8,2022-09-02,Potatoes,ROUND RED,5 lb bag,,,,,No,,,,,,,,3.98,$/5 lb bag,0.796,per lb,Southcentral,retail,,,,,,,,68.0,3324,Weekly Grocery Store Specialty Crops Feature Activity,2026-09-26T13:56:27+00:00
086ad2fdb2795d64,2022-09-02,Potatoes,RUSSET,5 lb bag,,,,,No,,,,,,,,3.79,$/5 lb bag,0.758,per lb,Southcentral,retail,,,,,,,,172.0,3324,Weekly Grocery Store Specialty Crops Feature Activity,2026-09-26T13:56:27+00:00
7c374eb73f81be73,2022-09-02,Potatoes,RUSSET,per lb,,,,,No,,,,,,,,1.28,$/per lb,1.28,per lb,Southcentral,retail,,,,,,,,11.0,3324,Weekly Grocery Store Specialty Crops Feature Activity,2026-09-26T13:56:27+00:00
21d5f9733cf61b58,2022-09-02,Potatoes,YELLOW TYPE,3 lb bag,,,,,Yes,,,,,,,,4.0,$/3 lb bag,1.3333,per lb,Southcentral,retail,,,,,,,,49.0,3324,Weekly Grocery Store Specialty Crops Feature Activity,2026-09-26T13:56:27+00:00
9a1dec02cb561b74,2022-09-02,Potatoes,YELLOW TYPE,5 lb bag,,,,,No,,,,,,,,3.0,$/5 lb bag,0.6,per lb,Southcentral,retail,,,,,,,,8.0,3324,Weekly Grocery Store Specialty Crops Feature Activity,2026-09-26T13:56:27+00:00
828cf0ae1f61ee9b,2022-09-02,Strawberries,,1 lb package,,,,,Yes,,,,,,,,3.98,$/1 lb package,3.98,per lb,Southcentral,retail,,,,,,,,99.0,3324,Weekly Grocery Store Specialty Crops Feature Activity,2026-09-26T13:56:27+00:00
90eca4e6cd6d30cb,2022-09-02,Strawberries,,1 lb package,,,,,No,,,,,,,,2.51,$/1 lb package,2.51,per lb,Southcentral,retail,,,,,,,,561.0,3324,Weekly Grocery Store Specialty Crops Feature Activity,2026-09-26T13:56:27+00:00
613aed319c9b3baf,2022-09-02,Strawberries,,2 lb package,,,,,No,,,,,,,,2.99,$/2 lb package,1.495,per lb,Southcentral,retail,,,,,,,,116.0,3324,Weekly Grocery Store Specialty Crops Feature Activity,2026-09-26T13:56:27+00:00
9545d49fb45a2d99,2022-09-02,Tomatoes,,per lb,,,,,No,,,,,,,,1.59,$/per lb,1.59,per lb,Southcentral,retail,,,,,,,,357.0,3324,Weekly Grocery Store Specialty Crops Feature Activity,2026-09-26T13:56:27+00:00
0f2d7db3517ad5b0,2022-09-02,Tomatoes,GRAPE TYPE,10 oz package,,,,,Yes,,,,,,,,3.49,$/10 oz package,5.584,per lb,Southcentral,retail,,,,,,,,194.0,3324,Weekly Grocery Store Specialty Crops Feature Activity,2026-09-26T13:56:27+00:00
1ee01ae622262873,2022-09-02,Tomatoes,GRAPE TYPE,10 oz package,,,,,No,,,,,,,,2.44,$/10 oz package,3.904,per lb,Southcentral,retail,,,,,,,,532.0,3324,Weekly Grocery Store Specialty Crops Feature Activity,2026-09-26T13:56:27+00:00
800d331fcbd4cfef,2022-09-02,Tomatoes,Plum Type (Roma),per lb,,,,,No,,,,,,,,0.95,$/per lb,0.95,per lb,Southcentral,retail,,,,,,,,570.0,3324,Weekly Grocery Store Specialty Crops Feature Activity,2026-09-26T13:56:27+00:00
cdfba374bd708c34,2022-09-02,Tomatoes,VINE RIPES,per lb,,,,,No,,,,,,,,1.78,$/per lb,1.78,per lb,Southcentral,retail,,,,,,,,112.0,3324,Weekly Grocery Store Specialty Crops Feature Activity,2026-09-26T13:56:27+00:00
d91bdbde997ca1ac,2022-09-02,Tomatoes,VINE RIPES,per lb,,,,,No,,,,,,,,1.49,$/per lb,1.49,per lb,Southcentral,retail,,,environment=Greenhouse,,,,,70.0,3324,Weekly Grocery Store Specialty Crops Feature Activity,2026-09-26T13:56:27+00:00
c7fee34a0a5a47b8,2022-09-02,Tomatoes,VINE RIPES - ON THE VINE,per lb,,,,,No,,,,,,,,1.77,$/per lb,1.77,per lb,Southcentral,retail,,,environment=Greenhouse,,,,,327.0,3324,Weekly Grocery Store Specialty Crops Feature Activity,2026-09-26T13:56:27+00:00
5975f6f95bd74177,2022-09-02,Tomatoes,Vine Ripes - Heirloom Varieties,per lb,,,,,Yes,,,,,,,,3.99,$/per lb,3.99,per lb,Southcentral,retail,,,environment=Greenhouse,,,,,45.0,3324,Weekly Grocery Store Specialty Crops Feature Activity,2026-09-26T13:56:27+00:00
d8b20da1e652ca54,2022-09-02,Avocados,HASS,each,,,,,No,,,,,,,,1.12,$/each,1.12,per each,Southeast,retail,,,,,,,,2018.0,3324,Weekly Grocery Store Specialty Crops Feature Activity,2026-09-26T13:56:27+00:00
2eb9c6eeba2a8037,2022-09-02,Avocados,HASS,per lb,,,,,No,,,,,,,,0.89,$/per lb,0.89,per lb,Southeast,retail,,,,,,,,34.0,3324,Weekly Grocery Store Specialty Crops Feature Activity,2026-09-26T13:56:27+00:00
d342b6e537d7fd2d,2022-09-02,Avocados,VARIOUS GREENSKIN VARIETIES,per lb,,,,,No,,,,,,,,0.6,$/per lb,0.6,per lb,Southeast,retail,,,,,,,,52.0,3324,Weekly Grocery Store Specialty Crops Feature Activity,2026-09-26T13:56:27+00:00
7c006a06411f780d,2022-09-02,Blueberries,,1 pint package,,,,,No,,,,,,,,2.79,$/1 pint package,,,Southeast,retail,,,,,,,,1490.0,3324,Weekly Grocery Store Specialty Crops Feature Activity,2026-09-26T13:56:27+00:00
b18a1294e702d850,2022-09-02,Blueberries,,18 oz package,,,,,No,,,,,,,,4.03,$/18 oz package,3.5822,per lb,Southeast,retail,,,,,,,,204.0,3324,Weekly Grocery Store Specialty Crops Feature Activity,2026-09-26T13:56:27+00:00
560b69a19d63f4b3,2022-09-02,Blueberries,,6 oz package,,,,,No,,,,,,,,3.48,$/6 oz package,9.28,per lb,Southeast,retail,,,,,,,,512.0,3324,Weekly Grocery Store Specialty Crops Feature Activity,2026-09-26T13:56:27+00:00
a13604d05994822e,2022-09-02,Blueberries,,6 oz package,,,,,Yes,,,,,,,,3.34,$/6 oz package,8.9067,per lb,Southeast,retail,,,,,,,,453.0,3324,Weekly Grocery Store Specialty Crops Feature Activity,2026-09-26T13:56:27+00:00
31093c6fd05d7f30,2022-09-02,Broccoli,,per bunch,,,,,No,,,,,,,,2.88,$/per bunch,,,Southeast,retail,,,,,,,,1273.0,3324,Weekly Grocery Store Specialty Crops Feature Activity,2026-09-26T13:56:27+00:00
8eed49aa0999a2c4,2022-09-02,Broccoli,CROWN CUT,per lb,,,,,No,,,,,,,,1.96,$/per lb,1.96,per lb,Southeast,retail,,,,,,,,170.0,3324,Weekly Grocery Store Specialty Crops Feature Activity,2026-09-26T13:56:27+00:00
deb855ba7fe8a2d8,2022-09-02,Carrots,,1 lb bag,,,,,Yes,,,,,,,,1.5,$/1 lb bag,1.5,per lb,Southeast,retail,,,,,,,,46.0,3324,Weekly Grocery Store Specialty Crops Feature Activity,2026-09-26T13:56:27+00:00
8ab60e106a9171f0,2022-09-02,Carrots,,2 lb bag,,,,,No,,,,,,,,2.0,$/2 lb bag,1.0,per lb,Southeast,retail,,,,,,,,2.0,3324,Weekly Grocery Store Specialty Crops Feature Activity,2026-09-26T13:56:27+00:00
60a8663098446697,2022-09-02,Carrots,BABY PEELED,1 lb bag,,,,,No,,,,,,,,1.49,$/1 lb bag,1.49,per lb,Southeast,retail,,,,,,,,141.0,3324,Weekly Grocery Store Specialty Crops Feature Activity,2026-09-26T13:56:27+00:00
617a0cfbe4eb1eb0,2022-09-02,Carrots,BABY PEELED,1 lb bag,,,,,Yes,,,,,,,,1.4,$/1 lb bag,1.4,per lb,Southeast,retail,,,,,,,,1037.0,3324,Weekly Grocery Store Specialty Crops Feature Activity,2026-09-26T13:56:27+00:00
b0ad184f081d0872,2022-09-02,Celery,,each,,,,,Yes,,,,,,,,2.5,$/each,2.5,per each,Southeast,retail,,,,,,,,2.0,3324,Weekly Grocery Store Specialty Crops Feature Activity,2026-09-26T13:56:27+00:00
c551c52eaacd48fc,2022-09-02,Celery,,each,,,,,No,,,,,,,,1.57,$/each,1.57,per each,Southeast,retail,,,,,,,,1025.0,3324,Weekly Grocery Store Specialty Crops Feature Activity,2026-09-26T13:56:27+00:00
a7b0682b76e78ac5,2022-09-02,Celery,HEARTS,each,,,,,No,,,,,,,,2.5,$/each,2.5,per each,Southeast,retail,,,,,,,,78.0,3324,Weekly Grocery Store Specialty Crops Feature Activity,2026-09-26T13:56:27+00:00
ea606e0d3f91cf1a,2022-09-02,Cucumbers,,each,,,,,No,,,,,,,,0.68,$/each,0.68,per each,Southeast,retail,,,,,,,,551.0,3324,Weekly Grocery Store Specialty Crops Feature Activity,2026-09-26T13:56:27+00:00
47a37caaf7654b6d,2022-09-02,Cucumbers,LONG SEEDLESS,each,,,,,No,,,,,,,,1.55,$/each,1.55,per each,Southeast,retail,,,environment=Greenhouse,,,,,369.0,3324,Weekly Grocery Store Specialty Crops Feature Activity,2026-09-26T13:56:27+00:00
49c86ca788ca75f2,2022-09-02,Cucumbers,LONG SEEDLESS,each,,,,,Yes,,,,,,,,1.67,$/each,1.67,per each,Southeast,retail,,,environment=Greenhouse,,,,,31.0,3324,Weekly Grocery Store Specialty Crops Feature Activity,2026-09-26T13:56:27+00:00
b6798733393b287b,2022-09-02,Grapes,BLACK SEEDLESS,per lb,,,,,No,,,,,,,,2.74,$/per lb,2.74,per lb,Southeast,retail,,,,,,,,509.0,3324,Weekly Grocery Store Specialty Crops Feature Activity,2026-09-26T13:56:27+00:00
dc79cb271db37b38,2022-09-02,Grapes,BLACK SEEDLESS,per lb,,,,,Yes,,,,,,,,2.85,$/per lb,2.85,per lb,Southeast,retail,,,,,,,,53.0,3324,Weekly Grocery Store Specialty Crops Feature Activity,2026-09-26T13:56:27+00:00
936ad5ae6aa22981,2022-09-02,Grapes,RED SEEDLESS,per lb,,,,,No,,,,,,,,2.26,$/per lb,2.26,per lb,Southeast,retail,,,,,,,,1106.0,3324,Weekly Grocery Store Specialty Crops Feature Activity,2026-09-26T13:56:27+00:00
aa709a9f259e7cf8,2022-09-02,Grapes,RED SEEDLESS,per lb,,,,,Yes,,,,,,,,2.37,$/per lb,2.37,per lb,Southeast,retail,,,,,,,,1369.0,3324,Weekly Grocery Store Specialty Crops Feature Activity,2026-09-26T13:56:27+00:00
7cbe5746e3216afd,2022-09-02,Grapes,Red Globe Seeded Type,per lb,,,,,No,,,,,,,,2.49,$/per lb,2.49,per lb,Southeast,retail,,,,,,,,15.0,3324,Weekly Grocery Store Specialty Crops Feature Activity,2026-09-26T13:56:27+00:00
f8606180e77fd49f,2022-09-02,Grapes,WHITE SEEDLESS TYPE,per lb,,,,,No,,,,,,,,1.95,$/per lb,1.95,per lb,Southeast,retail,,,,,,,,3193.0,3324,Weekly Grocery Store Specialty Crops Feature Activity,2026-09-26T13:56:27+00:00
fc3aca6c58c8b234,2022-09-02,Grapes,WHITE SEEDLESS TYPE,per lb,,,,,Yes,,,,,,,,2.51,$/per lb,2.51,per lb,Southeast,retail,,,,,,,,1010.0,3324,Weekly Grocery Store Specialty Crops Feature Activity,2026-09-26T13:56:27+00:00
17afd81979fe1dd0,2022-09-02,Lemons,,2 lb bag,,,,,No,,,,,,,,3.19,$/2 lb bag,1.595,per lb,Southeast,retail,,,,,,,,511.0,3324,Weekly Grocery Store Specialty Crops Feature Activity,2026-09-26T13:56:27+00:00
5d051e8f7f9e8644,2022-09-02,Lemons,,each,,,,,No,,,,,,,,0.78,$/each,0.78,per each,Southeast,retail,,,,,,,,998.0,3324,Weekly Grocery Store Specialty Crops Feature Activity,2026-09-26T13:56:27+00:00
86128da9da9e0b63,2022-09-02,Lettuce,Green Leaf,each,,,,,No,,,,,,,,1.99,$/each,1.99,per each,Southeast,retail,,,,,,,,7.0,3324,Weekly Grocery Store Specialty Crops Feature Activity,2026-09-26T13:56:27+00:00
3d5667ca301493d9,2022-09-02,Lettuce,Iceberg,each,,,,,Yes,,,,,,,,2.5,$/each,2.5,per each,Southeast,retail,,,,,,,,1135.0,3324,Weekly Grocery Store Specialty Crops Feature Activity,2026-09-26T13:56:27+00:00
f0e920c06cc2cdf7,2022-09-02,Lettuce,Red Leaf,each,,,,,No,,,,,,,,1.99,$/each,1.99,per each,Southeast,retail,,,,,,,,7.0,3324,Weekly Grocery Store Specialty Crops Feature Activity,2026-09-26T13:56:27+00:00
0ed8c61e4174070a,2022-09-02,Lettuce,Romaine,each,,,,,No,,,,,,,,1.99,$/each,1.99,per each,Southeast,retail,,,,,,,,7.0,3324,Weekly Grocery Store Specialty Crops Feature Activity,2026-09-26T13:56:27+00:00
e904a3dfd7682d2b,2022-09-02,Lettuce,Romaine (Hearts),3 count,,,,,No,,,,,,,,3.0,$/3 count,,,Southeast,retail,,,,,,,,222.0,3324,Weekly Grocery Store Specialty Crops Feature Activity,2026-09-26T13:56:27+00:00
ebab368430699097,2022-09-02,Lettuce,Romaine (Hearts),3 count,,,,,Yes,,,,,,,,4.0,$/3 count,,,Southeast,retail,,,,,,,,453.0,3324,Weekly Grocery Store Specialty Crops Feature Activity,2026-09-26T13:56:27+00:00
1b6802591ad754a0,2022-09-02,Limes,,each,,,,,No,,,,,,,,0.17,$/each,0.17,per each,Southeast,retail,,,,,,,,44.0,3324,Weekly Grocery Store Specialty Crops Feature Activity,2026-09-26T13:56:27+00:00
4483433e773e7424,2022-09-02,"Onions, Dry",RED,2 lb bag,,,,,No,,,,,,,,2.5,$/2 lb bag,1.25,per lb,Southeast,retail,,,,,,,,34.0,3324,Weekly Grocery Store Specialty Crops Feature Activity,2026-09-26T13:56:27+00:00
57bc6349404456f0,2022-09-02,"Onions, Dry",RED,per lb,,,,,No,,,,,,,,1.61,$/per lb,1.61,per lb,Southeast,retail,,,,,,,,1271.0,3324,Weekly Grocery Store Specialty Crops Feature Activity,2026-09-26T13:56:27+00:00
597ed6fbbf6280a4,2022-09-02,"Onions, Dry",WHITE,2 lb bag,,,,,No,,,,,,,,2.31,$/2 lb bag,1.155,per lb,Southeast,retail,,,,,,,,46.0,3324,Weekly Grocery Store Specialty Crops Feature Activity,2026-09-26T13:56:27+00:00
b642d412029d95c0,2022-09-02,"Onions, Dry",WHITE,per lb,,,,,No,,,,,,,,0.95,$/per lb,0.95,per lb,Southeast,retail,,,,,,,,136.0,3324,Weekly Grocery Store Specialty Crops Feature Activity,2026-09-26T13:56:27+00:00
457424abfcfa1e9b,2022-09-02,"Onions, Dry",YELLOW,2 lb bag,,,,,No,,,,,,,,1.49,$/2 lb bag,0.745,per lb,Southeast,retail,,,,,,,,16.0,3324,Weekly Grocery Store Specialty Crops Feature Activity,2026-09-26T13:56:27+00:00
da51d651a3d18c8e,2022-09-02,"Onions, Dry",YELLOW,3 lb bag,,,,,No,,,,,,,,2.93,$/3 lb bag,0.9767,per lb,Southeast,retail,,,,,,,,73.0,3324,Weekly Grocery Store Specialty Crops Feature Activity,2026-09-26T13:56:27+00:00
0426da4064aa719c,2022-09-02,"Onions, Dry",YELLOW,per lb,,,,,No,,,,,,,,1.0,$/per lb,1.0,per lb,Southeast,retail,,,,,,,,193.0,3324,Weekly Grocery Store Specialty Crops Feature Activity,2026-09-26T13:56:27+00:00
6df2f5cf069605fa,2022-09-02,"Onions, Dry",YELLOW MARKED SWEET,2 lb bag,,,,,No,,,,,,,,1.99,$/2 lb bag,0.995,per lb,Southeast,retail,,,,,,,,202.0,3324,Weekly Grocery Store Specialty Crops Feature Activity,2026-09-26T13:56:27+00:00
65cd13ecdc910414,2022-09-02,"Onions, Dry",YELLOW MARKED SWEET,3 lb bag,,,,,No,,,,,,,,3.3,$/3 lb bag,1.1,per lb,Southeast,retail,,,,,,,,94.0,3324,Weekly Grocery Store Specialty Crops Feature Activity,2026-09-26T13:56:27+00:00
b8fe177243e38ceb,2022-09-02,"Onions, Dry",YELLOW MARKED SWEET,per lb,,,,,No,,,,,,,,1.15,$/per lb,1.15,per lb,Southeast,retail,,,,,,,,393.0,3324,Weekly Grocery Store Specialty Crops Feature Activity,2026-09-26T13:56:27+00:00
e29cb74704329ef1,2022-09-02,"Peppers, Bell Type",GREEN,each,,,,,No,,,,,,,,0.75,$/each,0.75,per each,Southeast,retail,,,,,,,,624.0,3324,Weekly Grocery Store Specialty Crops Feature Activity,2026-09-26T13:56:27+00:00
a4e522c5cd046ab4,2022-09-02,"Peppers, Bell Type",GREEN,per lb,,,,,No,,,,,,,,1.49,$/per lb,1.49,per lb,Southeast,retail,,,,,,,,2.0,3324,Weekly Grocery Store Specialty Crops Feature Activity,2026-09-26T13:56:27+00:00
6f1939ae37bdca33,2022-09-02,"Peppers, Bell Type",ORANGE,each,,,,,No,,,,,,,,1.33,$/each,1.33,per each,Southeast,retail,,,,,,,,1417.0,3324,Weekly Grocery Store Specialty Crops Feature Activity,2026-09-26T13:56:27+00:00
7b0fa7f9ac32f5de,2022-09-02,"Peppers, Bell Type",ORANGE,per lb,,,,,No,,,,,,,,2.48,$/per lb,2.48,per lb,Southeast,retail,,,,,,,,2.0,3324,Weekly Grocery Store Specialty Crops Feature Activity,2026-09-26T13:56:27+00:00
4cf191fe87106f28,2022-09-02,"Peppers, Bell Type",RED,each,,,,,No,,,,,,,,1.35,$/each,1.35,per each,Southeast,retail,,,,,,,,1608.0,3324,Weekly Grocery Store Specialty Crops Feature Activity,2026-09-26T13:56:27+00:00
48422dbc3ee0c50e,2022-09-02,"Peppers, Bell Type",RED,per lb,,,,,No,,,,,,,,1.88,$/per lb,1.88,per lb,Southeast,retail,,,,,,,,2.0,3324,Weekly Grocery Store Specialty Crops Feature Activity,2026-09-26T13:56:27+00:00
c064a83ecccbb9b8,2022-09-02,"Peppers, Bell Type",YELLOW,each,,,,,No,,,,,,,,1.35,$/each,1.35,per each,Southeast,retail,,,,,,,,1608.0,3324,Weekly Grocery Store Specialty Crops Feature Activity,2026-09-26T13:56:27+00:00
ef06b3c92d246271,2022-09-02,"Peppers, Bell Type",YELLOW,per lb,,,,,No,,,,,,,,2.48,$/per lb,2.48,per lb,Southeast,retail,,,,,,,,2.0,3324,Weekly Grocery Store Specialty Crops Feature Activity,2026-09-26T13:56:27+00:00
0884b864fbdbe81e,2022-09-02,Potatoes,ROUND RED,3 lb bag,,,,,Yes,,,,,,,,4.0,$/3 lb bag,1.3333,per lb,Southeast,retail,,,,,,,,453.0,3324,Weekly Grocery Store Specialty Crops Feature Activity,2026-09-26T13:56:27+00:00
4f40a00542fdfd31,2022-09-02,Potatoes,ROUND RED,3 lb bag,,,,,No,,,,,,,,3.78,$/3 lb bag,1.26,per lb,Southeast,retail,,,,,,,,151.0,3324,Weekly Grocery Store Specialty Crops Feature Activity,2026-09-26T13:56:27+00:00
3eb4d6589a55d9e2,2022-09-02,Potatoes,ROUND RED,5 lb bag,,,,,No,,,,,,,,5.15,$/5 lb bag,1.03,per lb,Southeast,retail,,,,,,,,1089.0,3324,Weekly Grocery Store Specialty Crops Feature Activity,2026-09-26T13:56:27+00:00
3dadb38e27779977,2022-09-02,Potatoes,ROUND WHITE,5 lb bag,,,,,No,,,,,,,,3.61,$/5 lb bag,0.722,per lb,Southeast,retail,,,,,,,,60.0,3324,Weekly Grocery Store Specialty Crops Feature Activity,2026-09-26T13:56:27+00:00
a748f1c2f66d26e2,2022-09-02,Potatoes,RUSSET,10 lb bag,,,,,No,,,,,,,,4.99,$/10 lb bag,0.499,per lb,Southeast,retail,,,,,,,,26.0,3324,Weekly Grocery Store Specialty Crops Feature Activity,2026-09-26T13:56:27+00:00
a776864abb1b3db7,2022-09-02,Potatoes,RUSSET,5 lb bag,,,,,No,,,,,,,,3.4,$/5 lb bag,0.68,per lb,Southeast,retail,,,,,,,,114.0,3324,Weekly Grocery Store Specialty Crops Feature Activity,2026-09-26T13:56:27+00:00
f5ee9ebb440d677a,2022-09-02,Potatoes,RUSSET,per lb,,,,,No,,,,,,,,0.98,$/per lb,0.98,per lb,Southeast,retail,,,,,,,,9.0,3324,Weekly Grocery Store Specialty Crops Feature Activity,2026-09-26T13:56:27+00:00
cdfa9f2e17890f59,2022-09-02,Potatoes,YELLOW TYPE,10 lb bag,,,,,Yes,,,,,,,,4.0,$/10 lb bag,0.4,per lb,Southeast,retail,,,,,,,,453.0,3324,Weekly Grocery Store Specialty Crops Feature Activity,2026-09-26T13:56:27+00:00
391cdd45dcfcae45,2022-09-02,Potatoes,YELLOW TYPE,3 lb bag,,,,,No,,,,,,,,2.5,$/3 lb bag,0.8333,per lb,Southeast,retail,,,,,,,,34.0,3324,Weekly Grocery Store Specialty Crops Feature Activity,2026-09-26T13:56:27+00:00
4ced4d1f06043ff4,2022-09-02,Potatoes,YELLOW TYPE,5 lb bag,,,,,No,,,,,,,,3.99,$/5 lb bag,0.798,per lb,Southeast,retail,,,,,,,,21.0,3324,Weekly Grocery Store Specialty Crops Feature Activity,2026-09-26T13:56:27+00:00
6977ece2c87d2c33,2022-09-02,Strawberries,,1 lb package,,,,,No,,,,,,,,2.21,$/1 lb package,2.21,per lb,Southeast,retail,,,,,,,,590.0,3324,Weekly Grocery Store Specialty Crops Feature Activity,2026-09-26T13:56:27+00:00
ed7a9e776501792b,2022-09-02,Strawberries,,1 lb package,,,,,Yes,,,,,,,,4.24,$/1 lb package,4.24,per lb,Southeast,retail,,,,,,,,46.0,3324,Weekly Grocery Store Specialty Crops Feature Activity,2026-09-26T13:56:27+00:00
9861ab0039d0547f,2022-09-02,Tomatoes,,per lb,,,,,No,,,,,,,,1.43,$/per lb,1.43,per lb,Southeast,retail,,,,,,,,186.0,3324,Weekly Grocery Store Specialty Crops Feature Activity,2026-09-26T13:56:27+00:00
e6fa6d3f2cf2dc44,2022-09-02,Tomatoes,GRAPE TYPE,1 pint package,,,,,No,,,,,,,,2.58,$/1 pint package,,,Southeast,retail,,,,,,,,172.0,3324,Weekly Grocery Store Specialty Crops Feature Activity,2026-09-26T13:56:27+00:00
0e265ffb31a4d79a,2022-09-02,Tomatoes,GRAPE TYPE,10 oz package,,,,,No,,,,,,,,2.51,$/10 oz package,4.016,per lb,Southeast,retail,,,,,,,,381.0,3324,Weekly Grocery Store Specialty Crops Feature Activity,2026-09-26T13:56:27+00:00
cddceda2b30d070d,2022-09-02,Tomatoes,Plum Type (Roma),per lb,,,,,No,,,,,,,,0.98,$/per lb,0.98,per lb,Southeast,retail,,,,,,,,66.0,3324,Weekly Grocery Store Specialty Crops Feature Activity,2026-09-26T13:56:27+00:00
cdb8b61f38ad9116,2022-09-02,Tomatoes,VINE RIPES,per lb,,,,,No,,,,,,,,1.24,$/per lb,1.24,per lb,Southeast,retail,,,,,,,,197.0,3324,Weekly Grocery Store Specialty Crops Feature Activity,2026-09-26T13:56:27+00:00
f38c7a3373db39cf,2022-09-02,Tomatoes,VINE RIPES,per lb,,,,,No,,,,,,,,1.56,$/per lb,1.56,per lb,Southeast,retail,,,environment=Greenhouse,,,,,153.0,3324,Weekly Grocery Store Specialty Crops Feature Activity,2026-09-26T13:56:27+00:00
47915062add8c780,2022-09-02,Tomatoes,VINE RIPES - ON THE VINE,per lb,,,,,No,,,,,,,,1.4,$/per lb,1.4,per lb,Southeast,retail,,,environment=Greenhouse,,,,,690.0,3324,Weekly Grocery Store Specialty Crops Feature Activity,2026-09-26T13:56:27+00:00
320c6139c654d5eb,2022-09-02,Tomatoes,Vine Ripes - Heirloom Varieties,per lb,,,,,Yes,,,,,,,,3.99,$/per lb,3.99,per lb,Southeast,retail,,,environment=Greenhouse,,,,,38.0,3324,Weekly Grocery Store Specialty Crops Feature Activity,2026-09-26T13:56:27+00:00
42dd145e50503b30,2022-09-02,Avocados,HASS,each,,,,,Yes,,,,,,,,1.88,$/each,1.88,per each,Southwest,retail,,,,,,,,86.0,3324,Weekly Grocery Store Specialty Crops Feature Activity,2026-09-26T13:56:27+00:00
67be1fd35ff3b967,2022-09-02,Avocados,HASS,each,,,,,No,,,,,,,,1.33,$/each,1.33,per each,Southwest,retail,,,,,,,,1813.0,3324,Weekly Grocery Store Specialty Crops Feature Activity,2026-09-26T13:56:27+00:00
2e0a00c309f9b363,2022-09-02,Bananas,,per lb,,,,,No,,,,,,,,0.47,$/per lb,0.47,per lb,Southwest,retail,,,,,,,,101.0,3324,Weekly Grocery Store Specialty Crops Feature Activity,2026-09-26T13:56:27+00:00
5cc5d93ede4232c5,2022-09-02,Blueberries,,1 pint package,,,,,Yes,,,,,,,,4.76,$/1 pint package,,,Southwest,retail,,,,,,,,238.0,3324,Weekly Grocery Store Specialty Crops Feature Activity,2026-09-26T13:56:27+00:00
b208687d7a22e3f6,2022-09-02,Blueberries,,1 pint package,,,,,No,,,,,,,,3.05,$/1 pint package,,,Southwest,retail,,,,,,,,148.0,3324,Weekly Grocery Store Specialty Crops Feature Activity,2026-09-26T13:56:27+00:00
e1e8af646f16afe2,2022-09-02,Blueberries,,18 oz package,,,,,No,,,,,,,,4.06,$/18 oz package,3.6089,per lb,Southwest,retail,,,,,,,,937.0,3324,Weekly Grocery Store Specialty Crops Feature Activity,2026-09-26T13:56:27+00:00
2272b5ae43f35fae,2022-09-02,Blueberries,,6 oz package,,,,,No,,,,,,,,3.42,$/6 oz package,9.12,per lb,Southwest,retail,,,,,,,,766.0,3324,Weekly Grocery Store Specialty Crops Feature Activity,2026-09-26T13:56:27+00:00
b5b587125ba588f4,2022-09-02,Blueberries,,6 oz package,,,,,Yes,,,,,,,,3.38,$/6 oz package,9.0133,per lb,Southwest,retail,,,,,,,,875.0,3324,Weekly Grocery Store Specialty Crops Feature Activity,2026-09-26T13:56:27+00:00
2546cba3b418341a,2022-09-02,Broccoli,,per bunch,,,,,No,,,,,,,,1.29,$/per bunch,,,Southwest,retail,,,,,,,,5.0,3324,Weekly Grocery Store Specialty Crops Feature Activity,2026-09-26T13:56:27+00:00
a3e191464e4f216b,2022-09-02,Broccoli,,per lb,,,,,No,,,,,,,,0.82,$/per lb,0.82,per lb,Southwest,retail,,,,,,,,146.0,3324,Weekly Grocery Store Specialty Crops Feature Activity,2026-09-26T13:56:27+00:00
cf23ec817de6fdad,2022-09-02,Broccoli,CROWN CUT,per lb,,,,,No,,,,,,,,1.99,$/per lb,1.99,per lb,Southwest,retail,,,,,,,,17.0,3324,Weekly Grocery Store Specialty Crops Feature Activity,2026-09-26T13:56:27+00:00
a4d19a9167098e9e,2022-09-02,Carrots,,1 lb bag,,,,,No,,,,,,,,0.4,$/1 lb bag,0.4,per lb,Southwest,retail,,,,,,,,7.0,3324,Weekly Grocery Store Specialty Crops Feature Activity,2026-09-26T13:56:27+00:00
9105eaf0b363d8af,2022-09-02,Carrots,,2 lb bag,,,,,No,,,,,,,,1.4,$/2 lb bag,0.7,per lb,Southwest,retail,,,,,,,,65.0,3324,Weekly Grocery Store Specialty Crops Feature Activity,2026-09-26T13:56:27+00:00
e7bc838741dfd402,2022-09-02,Carrots,,per lb,,,,,No,,,,,,,,0.88,$/per lb,0.88,per lb,Southwest,retail,,,,,,,,70.0,3324,Weekly Grocery Store Specialty Crops Feature Activity,2026-09-26T13:56:27+00:00
a65156e7e914857f,2022-09-02,Carrots,BABY PEELED,1 lb bag,,,,,No,,,,,,,,1.17,$/1 lb bag,1.17,per lb,Southwest,retail,,,,,,,,41.0,3324,Weekly Grocery Store Specialty Crops Feature Activity,2026-09-26T13:56:27+00:00
2274c2cf56a82c92,2022-09-02,Celery,,each,,,,,No,,,,,,,,0.75,$/each,0.75,per each,Southwest,retail,,,,,,,,131.0,3324,Weekly Grocery Store Specialty Crops Feature Activity,2026-09-26T13:56:27+00:00
8633fdd9aadb7f1d,2022-09-02,Celery,,per lb,,,,,No,,,,,,,,1.29,$/per lb,1.29,per lb,Southwest,retail,,,,,,,,15.0,3324,Weekly Grocery Store Specialty Crops Feature Activity,2026-09-26T13:56:27+00:00
4a806a3f7fc5cfec,2022-09-02,Celery,HEARTS,each,,,,,Yes,,,,,,,,2.5,$/each,2.5,per each,Southwest,retail,,,,,,,,11.0,3324,Weekly Grocery Store Specialty Crops Feature Activity,2026-09-26T13:56:27+00:00
f17a358a81601291,2022-09-02,Celery,HEARTS,each,,,,,No,,,,,,,,1.31,$/each,1.31,per each,Southwest,retail,,,,,,,,55.0,3324,Weekly Grocery Store Specialty Crops Feature Activity,2026-09-26T13:56:27+00:00
ea445d9bf1a2f871,2022-09-02,Cucumbers,,each,,,,,No,,,,,,,,0.41,$/each,0.41,per each,Southwest,retail,,,,,,,,639.0,3324,Weekly Grocery Store Specialty Crops Feature Activity,2026-09-26T13:56:27+00:00
f40cc0775b4d28e2,2022-09-02,Cucumbers,,per lb,,,,,No,,,,,,,,0.79,$/per lb,0.79,per lb,Southwest,retail,,,,,,,,10.0,3324,Weekly Grocery Store Specialty Crops Feature Activity,2026-09-26T13:56:27+00:00
0a6109c9bfb9278c,2022-09-02,Cucumbers,LONG SEEDLESS,each,,,,,No,,,,,,,,1.36,$/each,1.36,per each,Southwest,retail,,,environment=Greenhouse,,,,,177.0,3324,Weekly Grocery Store Specialty Crops Feature Activity,2026-09-26T13:56:27+00:00
6d93cecc3044cb85,2022-09-02,Cucumbers,LONG SEEDLESS,each,,,,,Yes,,,,,,,,1.67,$/each,1.67,per each,Southwest,retail,,,environment=Greenhouse,,,,,146.0,3324,Weekly Grocery Store Specialty Crops Feature Activity,2026-09-26T13:56:27+00:00
46d1ea83e5cd9ffb,2022-09-02,Grapes,BLACK SEEDLESS,per lb,,,,,No,,,,,,,,2.71,$/per lb,2.71,per lb,Southwest,retail,,,,,,,,907.0,3324,Weekly Grocery Store Specialty Crops Feature Activity,2026-09-26T13:56:27+00:00
92e65a3c77981622,2022-09-02,Grapes,BLACK SEEDLESS,per lb,,,,,Yes,,,,,,,,2.79,$/per lb,2.79,per lb,Southwest,retail,,,,,,,,53.0,3324,Weekly Grocery Store Specialty Crops Feature Activity,2026-09-26T13:56:27+00:00
2a32cab83d50d300,2022-09-02,Grapes,RED SEEDLESS,per lb,,,,,Yes,,,,,,,,3.66,$/per lb,3.66,per lb,Southwest,retail,,,,,,,,374.0,3324,Weekly Grocery Store Specialty Crops Feature Activity,2026-09-26T13:56:27+00:00
e7a68f7f66ffec7a,2022-09-02,Grapes,RED SEEDLESS,per lb,,,,,No,,,,,,,,2.37,$/per lb,2.37,per lb,Southwest,retail,,,,,,,,2269.0,3324,Weekly Grocery Store Specialty Crops Feature Activity,2026-09-26T13:56:27+00:00
3d940472bade9939,2022-09-02,Grapes,WHITE SEEDLESS TYPE,per lb,,,,,Yes,,,,,,,,3.74,$/per lb,3.74,per lb,Southwest,retail,,,,,,,,345.0,3324,Weekly Grocery Store Specialty Crops Feature Activity,2026-09-26T13:56:27+00:00
b1b595c2260a2fc1,2022-09-02,Grapes,WHITE SEEDLESS TYPE,per lb,,,,,No,,,,,,,,2.46,$/per lb,2.46,per lb,Southwest,retail,,,,,,,,1966.0,3324,Weekly Grocery Store Specialty Crops Feature Activity,2026-09-26T13:56:27+00:00
cb6530e6c32e1225,2022-09-02,Lemons,,2 lb bag,,,,,Yes,,,,,,,,3.99,$/2 lb bag,1.995,per lb,Southwest,retail,,,,,,,,9.0,3324,Weekly Grocery Store Specialty Crops Feature Activity,2026-09-26T13:56:27+00:00
e7c52e1d2c942847,2022-09-02,Lemons,,each,,,,,No,,,,,,,,0.26,$/each,0.26,per each,Southwest,retail,,,,,,,,160.0,3324,Weekly Grocery Store Specialty Crops Feature Activity,2026-09-26T13:56:27+00:00
87932318b038b6e0,2022-09-02,Lemons,,per lb,,,,,No,,,,,,,,0.99,$/per lb,0.99,per lb,Southwest,retail,,,,,,,,47.0,3324,Weekly Grocery Store Specialty Crops Feature Activity,2026-09-26T13:56:27+00:00
c815bcfa61757505,2022-09-02,Lettuce,Green Leaf,each,,,,,No,,,,,,,,0.99,$/each,0.99,per each,Southwest,retail,,,,,,,,9.0,3324,Weekly Grocery Store Specialty Crops Feature Activity,2026-09-26T13:56:27+00:00
c5feb3de5f4619ea,2022-09-02,Lettuce,Iceberg,each,,,,,No,,,,,,,,1.19,$/each,1.19,per each,Southwest,retail,,,,,,,,10.0,3324,Weekly Grocery Store Specialty Crops Feature Activity,2026-09-26T13:56:27+00:00
67b3351e156e2cdd,2022-09-02,Lettuce,Red Leaf,each,,,,,No,,,,,,,,0.99,$/each,0.99,per each,Southwest,retail,,,,,,,,9.0,3324,Weekly Grocery Store Specialty Crops Feature Activity,2026-09-26T13:56:27+00:00
fff6901cf194ad58,2022-09-02,Limes,,each,,,,,No,,,,,,,,0.26,$/each,0.26,per each,Southwest,retail,,,,,,,,264.0,3324,Weekly Grocery Store Specialty Crops Feature Activity,2026-09-26T13:56:27+00:00
0a1ecfe6c0ca532d,2022-09-02,Limes,,per lb,,,,,No,,,,,,,,0.89,$/per lb,0.89,per lb,Southwest,retail,,,,,,,,157.0,3324,Weekly Grocery Store Specialty Crops Feature Activity,2026-09-26T13:56:27+00:00
617401b9197f86ec,2022-09-02,"Onions, Dry",RED,per lb,,,,,No,,,,,,,,1.5,$/per lb,1.5,per lb,Southwest,retail,,,,,,,,764.0,3324,Weekly Grocery Store Specialty Crops Feature Activity,2026-09-26T13:56:27+00:00
7e6cb40982e83908,2022-09-02,"Onions, Dry",WHITE,per lb,,,,,No,,,,,,,,0.91,$/per lb,0.91,per lb,Southwest,retail,,,,,,,,139.0,3324,Weekly Grocery Store Specialty Crops Feature Activity,2026-09-26T13:56:27+00:00
8e28f699feff7dc5,2022-09-02,"Onions, Dry",YELLOW,per lb,,,,,No,,,,,,,,1.2,$/per lb,1.2,per lb,Southwest,retail,,,,,,,,523.0,3324,Weekly Grocery Store Specialty Crops Feature Activity,2026-09-26T13:56:27+00:00
0fd21cfd9036bf3f,2022-09-02,"Onions, Dry",YELLOW MARKED SWEET,per lb,,,,,No,,,,,,,,1.49,$/per lb,1.49,per lb,Southwest,retail,,,,,,,,388.0,3324,Weekly Grocery Store Specialty Crops Feature Activity,2026-09-26T13:56:27+00:00
cea524d32b40a19d,2022-09-02,"Peppers, Bell Type",GREEN,each,,,,,No,,,,,,,,0.61,$/each,0.61,per each,Southwest,retail,,,,,,,,71.0,3324,Weekly Grocery Store Specialty Crops Feature Activity,2026-09-26T13:56:27+00:00
8aea29c1c3d03b93,2022-09-02,"Peppers, Bell Type",GREEN,per lb,,,,,No,,,,,,,,0.87,$/per lb,0.87,per lb,Southwest,retail,,,,,,,,12.0,3324,Weekly Grocery Store Specialty Crops Feature Activity,2026-09-26T13:56:27+00:00
85baf4544239d073,2022-09-02,"Peppers, Bell Type",ORANGE,each,,,,,Yes,,,,,,,,1.99,$/each,1.99,per each,Southwest,retail,,,,,,,,113.0,3324,Weekly Grocery Store Specialty Crops Feature Activity,2026-09-26T13:56:27+00:00
b03dd14eb42fedcc,2022-09-02,"Peppers, Bell Type",ORANGE,each,,,,,No,,,,,,,,0.99,$/each,0.99,per each,Southwest,retail,,,environment=Greenhouse,,,,,56.0,3324,Weekly Grocery Store Specialty Crops Feature Activity,2026-09-26T13:56:27+00:00
5708d06a83a63767,2022-09-02,"Peppers, Bell Type",ORANGE,per lb,,,,,No,,,,,,,,3.99,$/per lb,3.99,per lb,Southwest,retail,,,environment=Greenhouse,,,,,8.0,3324,Weekly Grocery Store Specialty Crops Feature Activity,2026-09-26T13:56:27+00:00
1f4a9a12db16fc96,2022-09-02,"Peppers, Bell Type",RED,each,,,,,Yes,,,,,,,,1.99,$/each,1.99,per each,Southwest,retail,,,,,,,,113.0,3324,Weekly Grocery Store Specialty Crops Feature Activity,2026-09-26T13:56:27+00:00
5a6982dd6ab79386,2022-09-02,"Peppers, Bell Type",RED,each,,,,,No,,,,,,,,0.99,$/each,0.99,per each,Southwest,retail,,,,,,,,201.0,3324,Weekly Grocery Store Specialty Crops Feature Activity,2026-09-26T13:56:27+00:00
b4e0c5dccf020bbd,2022-09-02,"Peppers, Bell Type",RED,each,,,,,No,,,,,,,,0.99,$/each,0.99,per each,Southwest,retail,,,environment=Greenhouse,,,,,56.0,3324,Weekly Grocery Store Specialty Crops Feature Activity,2026-09-26T13:56:27+00:00
52252b143f7bac15,2022-09-02,"Peppers, Bell Type",YELLOW,each,,,,,No,,,,,,,,0.99,$/each,0.99,per each,Southwest,retail,,,environment=Greenhouse,,,,,56.0,3324,Weekly Grocery Store Specialty Crops Feature Activity,2026-09-26T13:56:27+00:00
b3a3b4cb409a1739,2022-09-02,"Peppers, Bell Type",YELLOW,each,,,,,Yes,,,,,,,,1.99,$/each,1.99,per each,Southwest,retail,,,,,,,,113.0,3324,Weekly Grocery Store Specialty Crops Feature Activity,2026-09-26T13:56:27+00:00
3be2f0df05bbe11c,2022-09-02,"Peppers, Bell Type",YELLOW,per lb,,,,,No,,,,,,,,3.99,$/per lb,3.99,per lb,Southwest,retail,,,environment=Greenhouse,,,,,8.0,3324,Weekly Grocery Store Specialty Crops Feature Activity,2026-09-26T13:56:27+00:00
e872db173a0c9cf9,2022-09-02,Potatoes,ROUND RED,per lb,,,,,No,,,,,,,,1.08,$/per lb,1.08,per lb,Southwest,retail,,,,,,,,258.0,3324,Weekly Grocery Store Specialty Crops Feature Activity,2026-09-26T13:56:27+00:00
1340533c2d9c0ddc,2022-09-02,Potatoes,ROUND WHITE,5 lb bag,,,,,No,,,,,,,,2.44,$/5 lb bag,0.488,per lb,Southwest,retail,,,,,,,,10.0,3324,Weekly Grocery Store Specialty Crops Feature Activity,2026-09-26T13:56:27+00:00
5ffd4cd40174365f,2022-09-02,Potatoes,ROUND WHITE,per lb,,,,,No,,,,,,,,1.29,$/per lb,1.29,per lb,Southwest,retail,,,,,,,,56.0,3324,Weekly Grocery Store Specialty Crops Feature Activity,2026-09-26T13:56:27+00:00
adf6b318566b22ad,2022-09-02,Potatoes,RUSSET,5 lb bag,,,,,No,,,,,,,,2.5,$/5 lb bag,0.5,per lb,Southwest,retail,,,,,,,,11.0,3324,Weekly Grocery Store Specialty Crops Feature Activity,2026-09-26T13:56:27+00:00
a871b687055ea25b,2022-09-02,Potatoes,RUSSET,per lb,,,,,No,,,,,,,,0.99,$/per lb,0.99,per lb,Southwest,retail,,,,,,,,190.0,3324,Weekly Grocery Store Specialty Crops Feature Activity,2026-09-26T13:56:27+00:00
c6f13cda0602124c,2022-09-02,Potatoes,YELLOW TYPE,per lb,,,,,No,,,,,,,,1.01,$/per lb,1.01,per lb,Southwest,retail,,,,,,,,198.0,3324,Weekly Grocery Store Specialty Crops Feature Activity,2026-09-26T13:56:27+00:00
45b447ae49e55e9e,2022-09-02,Strawberries,,1 lb package,,,,,No,,,,,,,,3.07,$/1 lb package,3.07,per lb,Southwest,retail,,,,,,,,1368.0,3324,Weekly Grocery Store Specialty Crops Feature Activity,2026-09-26T13:56:27+00:00
5baba1307f08a2d4,2022-09-02,Strawberries,,1 lb package,,,,,Yes,,,,,,,,3.98,$/1 lb package,3.98,per lb,Southwest,retail,,,,,,,,146.0,3324,Weekly Grocery Store Specialty Crops Feature Activity,2026-09-26T13:56:27+00:00
a6a4d6ab4622f00a,2022-09-02,Strawberries,,2 lb package,,,,,Yes,,,,,,,,5.99,$/2 lb package,2.995,per lb,Southwest,retail,,,,,,,,1.0,3324,Weekly Grocery Store Specialty Crops Feature Activity,2026-09-26T13:56:27+00:00
da17596011b1422b,2022-09-02,Strawberries,,2 lb package,,,,,No,,,,,,,,5.99,$/2 lb package,2.995,per lb,Southwest,retail,,,,,,,,260.0,3324,Weekly Grocery Store Specialty Crops Feature Activity,2026-09-26T13:56:27+00:00
6d44b5522088a88c,2022-09-02,Tomatoes,,per lb,,,,,Yes,,,,,,,,3.99,$/per lb,3.99,per lb,Southwest,retail,,,,,,,,117.0,3324,Weekly Grocery Store Specialty Crops Feature Activity,2026-09-26T13:56:27+00:00
8b6acd46404c22cd,2022-09-02,Tomatoes,,per lb,,,,,No,,,,,,,,1.97,$/per lb,1.97,per lb,Southwest,retail,,,,,,,,523.0,3324,Weekly Grocery Store Specialty Crops Feature Activity,2026-09-26T13:56:27+00:00
c0798f1db1aaedf5,2022-09-02,Tomatoes,Cherry Type,1 pint package,,,,,Yes,,,,,,,,4.99,$/1 pint package,,,Southwest,retail,,,,,,,,17.0,3324,Weekly Grocery Store Specialty Crops Feature Activity,2026-09-26T13:56:27+00:00
d3bfb27879f266ba,2022-09-02,Tomatoes,GRAPE TYPE,1 pint package,,,,,No,,,,,,,,1.5,$/1 pint package,,,Southwest,retail,,,,,,,,42.0,3324,Weekly Grocery Store Specialty Crops Feature Activity,2026-09-26T13:56:27+00:00
75498d2f5d29ab39,2022-09-02,Tomatoes,GRAPE TYPE,10 oz package,,,,,No,,,,,,,,2.49,$/10 oz package,3.984,per lb,Southwest,retail,,,,,,,,419.0,3324,Weekly Grocery Store Specialty Crops Feature Activity,2026-09-26T13:56:27+00:00
1b822dffbc79defc,2022-09-02,Tomatoes,Plum Type (Roma),per lb,,,,,No,,,,,,,,0.94,$/per lb,0.94,per lb,Southwest,retail,,,,,,,,585.0,3324,Weekly Grocery Store Specialty Crops Feature Activity,2026-09-26T13:56:27+00:00
e6332a8a97b08aa9,2022-09-02,Tomatoes,VINE RIPES,per lb,,,,,No,,,,,,,,0.99,$/per lb,0.99,per lb,Southwest,retail,,,,,,,,13.0,3324,Weekly Grocery Store Specialty Crops Feature Activity,2026-09-26T13:56:27+00:00
053c9bf3b6202cf8,2022-09-02,Tomatoes,VINE RIPES - ON THE VINE,per lb,,,,,Yes,,,,,,,,2.1,$/per lb,2.1,per lb,Southwest,retail,,,environment=Greenhouse,,,,,21.0,3324,Weekly Grocery Store Specialty Crops Feature Activity,2026-09-26T13:56:27+00:00
c6144919edfc4b78,2022-09-02,Tomatoes,VINE RIPES - ON THE VINE,per lb,,,,,No,,,,,,,,1.53,$/per lb,1.53,per lb,Southwest,retail,,,environment=Greenhouse,,,,,445.0,3324,Weekly Grocery Store Specialty Crops Feature Activity,2026-09-26T13:56:27+00:00
8bdd50330bc1860f,2022-09-02,Tomatoes,Vine Ripes - Heirloom Varieties,per lb,,,,,Yes,,,,,,,,4.18,$/per lb,4.18,per lb,Southwest,retail,,,environment=Greenhouse,,,,,70.0,3324,Weekly Grocery Store Specialty Crops Feature Activity,2026-09-26T13:56:27+00:00
6ae4d04fc38d8294,2022-09-09,Avocados,HASS,each,,,,,No,,,,,,,,2.37,$/each,2.37,per each,Alaska,retail,,,,,,,,58.0,3324,Weekly Grocery Store Specialty Crops Feature Activity,2026-09-26T13:56:27+00:00
b0e7eafaf051cae5,2022-09-09,Bananas,,per lb,,,,,No,,,,,,,,1.19,$/per lb,1.19,per lb,Alaska,retail,,,,,,,,11.0,3324,Weekly Grocery Store Specialty Crops Feature Activity,2026-09-26T13:56:27+00:00
73fb7df81f6c2d6c,2022-09-09,Blueberries,,18 oz package,,,,,No,,,,,,,,6.14,$/18 oz package,5.4578,per lb,Alaska,retail,,,,,,,,13.0,3324,Weekly Grocery Store Specialty Crops Feature Activity,2026-09-26T13:56:27+00:00
f0e0d6a4fdd7bd8e,2022-09-09,Blueberries,,6 oz package,,,,,No,,,,,,,,4.91,$/6 oz package,13.0933,per lb,Alaska,retail,,,,,,,,27.0,3324,Weekly Grocery Store Specialty Crops Feature Activity,2026-09-26T13:56:27+00:00
2a74edf3b10be590,2022-09-09,Broccoli,,per lb,,,,,No,,,,,,,,1.99,$/per lb,1.99,per lb,Alaska,retail,,,,,,,,26.0,3324,Weekly Grocery Store Specialty Crops Feature Activity,2026-09-26T13:56:27+00:00
f6a013256467041d,2022-09-09,Broccoli,CROWN CUT,per lb,,,,,No,,,,,,,,2.38,$/per lb,2.38,per lb,Alaska,retail,,,,,,,,18.0,3324,Weekly Grocery Store Specialty Crops Feature Activity,2026-09-26T13:56:27+00:00
a038f3656f91e208,2022-09-09,Carrots,,2 lb bag,,,,,No,,,,,,,,3.99,$/2 lb bag,1.995,per lb,Alaska,retail,,,,,,,,33.0,3324,Weekly Grocery Store Specialty Crops Feature Activity,2026-09-26T13:56:27+00:00
71a8911e05682b56,2022-09-09,Carrots,BABY PEELED,1 lb bag,,,,,No,,,,,,,,1.5,$/1 lb bag,1.5,per lb,Alaska,retail,,,,,,,,11.0,3324,Weekly Grocery Store Specialty Crops Feature Activity,2026-09-26T13:56:27+00:00
ca5aca5e51aae975,2022-09-09,Celery,,each,,,,,No,,,,,,,,2.29,$/each,2.29,per each,Alaska,retail,,,,,,,,1.0,3324,Weekly Grocery Store Specialty Crops Feature Activity,2026-09-26T13:56:27+00:00
223a8a3855ad1ff3,2022-09-09,Grapes,BLACK SEEDLESS,per lb,,,,,Yes,,,,,,,,3.79,$/per lb,3.79,per lb,Alaska,retail,,,,,,,,11.0,3324,Weekly Grocery Store Specialty Crops Feature Activity,2026-09-26T13:56:27+00:00
b6c32de13958b23c,2022-09-09,Grapes,RED SEEDLESS,per lb,,,,,Yes,,,,,,,,3.93,$/per lb,3.93,per lb,Alaska,retail,,,,,,,,37.0,3324,Weekly Grocery Store Specialty Crops Feature Activity,2026-09-26T13:56:27+00:00
b79213f1760dc321,2022-09-09,Grapes,RED SEEDLESS,per lb,,,,,No,,,,,,,,3.92,$/per lb,3.92,per lb,Alaska,retail,,,,,,,,47.0,3324,Weekly Grocery Store Specialty Crops Feature Activity,2026-09-26T13:56:27+00:00
388c06c20b794109,2022-09-09,Grapes,WHITE SEEDLESS TYPE,per lb,,,,,Yes,,,,,,,,3.93,$/per lb,3.93,per lb,Alaska,retail,,,,,,,,37.0,3324,Weekly Grocery Store Specialty Crops Feature Activity,2026-09-26T13:56:27+00:00
d0e9eff3789d441f,2022-09-09,Grapes,WHITE SEEDLESS TYPE,per lb,,,,,No,,,,,,,,3.92,$/per lb,3.92,per lb,Alaska,retail,,,,,,,,47.0,3324,Weekly Grocery Store Specialty Crops Feature Activity,2026-09-26T13:56:27+00:00
871ac94f900ecd7a,2022-09-09,Lemons,,each,,,,,No,,,,,,,,0.98,$/each,0.98,per each,Alaska,retail,,,,,,,,34.0,3324,Weekly Grocery Store Specialty Crops Feature Activity,2026-09-26T13:56:27+00:00
b5d197b6079e556b,2022-09-09,Lettuce,Iceberg,each,,,,,No,,,,,,,,2.79,$/each,2.79,per each,Alaska,retail,,,,,,,,11.0,3324,Weekly Grocery Store Specialty Crops Feature Activity,2026-09-26T13:56:27+00:00
aac0ffb18388830d,2022-09-09,Lettuce,Romaine,each,,,,,Yes,,,,,,,,2.59,$/each,2.59,per each,Alaska,retail,,,,,,,,1.0,3324,Weekly Grocery Store Specialty Crops Feature Activity,2026-09-26T13:56:27+00:00
9b64870b9a96edb5,2022-09-09,Limes,,each,,,,,No,,,,,,,,0.99,$/each,0.99,per each,Alaska,retail,,,,,,,,33.0,3324,Weekly Grocery Store Specialty Crops Feature Activity,2026-09-26T13:56:27+00:00
1ee51da3f82606e3,2022-09-09,"Onions, Dry",YELLOW,per lb,,,,,No,,,,,,,,0.99,$/per lb,0.99,per lb,Alaska,retail,,,,,,,,27.0,3324,Weekly Grocery Store Specialty Crops Feature Activity,2026-09-26T13:56:27+00:00
b21b43bb53f173ea,2022-09-09,"Onions, Dry",YELLOW MARKED SWEET,per lb,,,,,No,,,,,,,,1.49,$/per lb,1.49,per lb,Alaska,retail,,,,,,,,2.0,3324,Weekly Grocery Store Specialty Crops Feature Activity,2026-09-26T13:56:27+00:00
637ab055caab6e61,2022-09-09,"Peppers, Bell Type",ORANGE,each,,,,,No,,,,,,,,1.66,$/each,1.66,per each,Alaska,retail,,,,,,,,59.0,3324,Weekly Grocery Store Specialty Crops Feature Activity,2026-09-26T13:56:27+00:00
dfe9224119702895,2022-09-09,"Peppers, Bell Type",RED,each,,,,,No,,,,,,,,1.66,$/each,1.66,per each,Alaska,retail,,,,,,,,59.0,3324,Weekly Grocery Store Specialty Crops Feature Activity,2026-09-26T13:56:27+00:00
23b96a5c065fea02,2022-09-09,"Peppers, Bell Type",YELLOW,each,,,,,No,,,,,,,,1.66,$/each,1.66,per each,Alaska,retail,,,,,,,,59.0,3324,Weekly Grocery Store Specialty Crops Feature Activity,2026-09-26T13:56:27+00:00
17f416c30a9f7c15,2022-09-09,Potatoes,ROUND RED,3 lb bag,,,,,No,,,,,,,,4.79,$/3 lb bag,1.5967,per lb,Alaska,retail,,,,,,,,1.0,3324,Weekly Grocery Store Specialty Crops Feature Activity,2026-09-26T13:56:27+00:00
250644f4a17c0f64,2022-09-09,Potatoes,ROUND RED,5 lb bag,,,,,No,,,,,,,,4.99,$/5 lb bag,0.998,per lb,Alaska,retail,,,,,,,,2.0,3324,Weekly Grocery Store Specialty Crops Feature Activity,2026-09-26T13:56:27+00:00
9929f8290957e171,2022-09-09,Potatoes,RUSSET,per lb,,,,,No,,,,,,,,0.99,$/per lb,0.99,per lb,Alaska,retail,,,,,,,,26.0,3324,Weekly Grocery Store Specialty Crops Feature Activity,2026-09-26T13:56:27+00:00
bb296913c2f116b4,2022-09-09,Potatoes,YELLOW TYPE,3 lb bag,,,,,No,,,,,,,,4.79,$/3 lb bag,1.5967,per lb,Alaska,retail,,,,,,,,1.0,3324,Weekly Grocery Store Specialty Crops Feature Activity,2026-09-26T13:56:27+00:00
b803a1ffdfc7e12e,2022-09-09,Strawberries,,1 lb package,,,,,No,,,,,,,,4.7,$/1 lb package,4.7,per lb,Alaska,retail,,,,,,,,37.0,3324,Weekly Grocery Store Specialty Crops Feature Activity,2026-09-26T13:56:27+00:00
a3a58b04dff3be80,2022-09-09,Tomatoes,Plum Type (Roma),per lb,,,,,No,,,,,,,,2.4,$/per lb,2.4,per lb,Alaska,retail,,,,,,,,67.0,3324,Weekly Grocery Store Specialty Crops Feature Activity,2026-09-26T13:56:27+00:00
e96e8ee68d7374f3,2022-09-09,Tomatoes,VINE RIPES - ON THE VINE,per lb,,,,,No,,,,,,,,1.69,$/per lb,1.69,per lb,Alaska,retail,,,environment=Greenhouse,,,,,2.0,3324,Weekly Grocery Store Specialty Crops Feature Activity,2026-09-26T13:56:27+00:00
adaf8cf4adfd49e8,2022-09-09,Bananas,,per lb,,,,,No,,,,,,,,1.29,$/per lb,1.29,per lb,Hawaii,retail,,,,,,,,4.0,3324,Weekly Grocery Store Specialty Crops Feature Activity,2026-09-26T13:56:27+00:00
699b91a5b78a0a03,2022-09-09,Blueberries,,6 oz package,,,,,No,,,,,,,,3.99,$/6 oz package,10.64,per lb,Hawaii,retail,,,,,,,,23.0,3324,Weekly Grocery Store Specialty Crops Feature Activity,2026-09-26T13:56:27+00:00
65f42044aeafcf02,2022-09-09,Broccoli,,per lb,,,,,Yes,,,,,,,,3.99,$/per lb,3.99,per lb,Hawaii,retail,,,,,,,,21.0,3324,Weekly Grocery Store Specialty Crops Feature Activity,2026-09-26T13:56:27+00:00
e18bd296fc0a966b,2022-09-09,Broccoli,BABY HYBRID TYPE,per bunch,,,,,Yes,,,,,,,,3.5,$/per bunch,,,Hawaii,retail,,,,,,,,3.0,3324,Weekly Grocery Store Specialty Crops Feature Activity,2026-09-26T13:56:27+00:00
66fa5fc354d70bae,2022-09-09,Broccoli,CROWN CUT,per lb,,,,,No,,,,,,,,2.69,$/per lb,2.69,per lb,Hawaii,retail,,,,,,,,23.0,3324,Weekly Grocery Store Specialty Crops Feature Activity,2026-09-26T13:56:27+00:00
ee26057a3fcf211c,2022-09-09,Carrots,,2 lb bag,,,,,No,,,,,,,,3.99,$/2 lb bag,1.995,per lb,Hawaii,retail,,,,,,,,6.0,3324,Weekly Grocery Store Specialty Crops Feature Activity,2026-09-26T13:56:27+00:00
5bce716db15d63f3,2022-09-09,Carrots,BABY PEELED,1 lb bag,,,,,No,,,,,,,,2.17,$/1 lb bag,2.17,per lb,Hawaii,retail,,,,,,,,26.0,3324,Weekly Grocery Store Specialty Crops Feature Activity,2026-09-26T13:56:27+00:00
ec3baa6404d96250,2022-09-09,Cucumbers,LONG SEEDLESS,per lb,,,,,No,,,,,,,,3.99,$/per lb,3.99,per lb,Hawaii,retail,,,environment=Greenhouse,,,,,4.0,3324,Weekly Grocery Store Specialty Crops Feature Activity,2026-09-26T13:56:27+00:00
995783ae4dd3c16c,2022-09-09,Grapes,BLACK SEEDLESS,per lb,,,,,Yes,,,,,,,,3.49,$/per lb,3.49,per lb,Hawaii,retail,,,,,,,,3.0,3324,Weekly Grocery Store Specialty Crops Feature Activity,2026-09-26T13:56:27+00:00
bb324e67ac46be1a,2022-09-09,Grapes,BLACK SEEDLESS,per lb,,,,,No,,,,,,,,3.69,$/per lb,3.69,per lb,Hawaii,retail,,,,,,,,6.0,3324,Weekly Grocery Store Specialty Crops Feature Activity,2026-09-26T13:56:27+00:00
af7b8d64ee557070,2022-09-09,Grapes,RED SEEDLESS,per lb,,,,,No,,,,,,,,3.17,$/per lb,3.17,per lb,Hawaii,retail,,,,,,,,26.0,3324,Weekly Grocery Store Specialty Crops Feature Activity,2026-09-26T13:56:27+00:00
e88d90869a9f0b79,2022-09-09,Grapes,RED SEEDLESS,per lb,,,,,Yes,,,,,,,,3.49,$/per lb,3.49,per lb,Hawaii,retail,,,,,,,,3.0,3324,Weekly Grocery Store Specialty Crops Feature Activity,2026-09-26T13:56:27+00:00
5ab7d52c515222e6,2022-09-09,Grapes,WHITE SEEDLESS TYPE,per lb,,,,,No,,,,,,,,3.1,$/per lb,3.1,per lb,Hawaii,retail,,,,,,,,30.0,3324,Weekly Grocery Store Specialty Crops Feature Activity,2026-09-26T13:56:27+00:00
884f8851aa9a06f7,2022-09-09,Grapes,WHITE SEEDLESS TYPE,per lb,,,,,Yes,,,,,,,,3.49,$/per lb,3.49,per lb,Hawaii,retail,,,,,,,,3.0,3324,Weekly Grocery Store Specialty Crops Feature Activity,2026-09-26T13:56:27+00:00
463b5d13424703f8,2022-09-09,Lettuce,Iceberg,each,,,,,No,,,,,,,,2.59,$/each,2.59,per each,Hawaii,retail,,,,,,,,3.0,3324,Weekly Grocery Store Specialty Crops Feature Activity,2026-09-26T13:56:27+00:00
0be17538a98af1f2,2022-09-09,Lettuce,Iceberg,per lb,,,,,No,,,,,,,,2.51,$/per lb,2.51,per lb,Hawaii,retail,,,,,,,,27.0,3324,Weekly Grocery Store Specialty Crops Feature Activity,2026-09-26T13:56:27+00:00
93ec283c0ed5b655,2022-09-09,"Onions, Dry",YELLOW,3 lb bag,,,,,No,,,,,,,,3.69,$/3 lb bag,1.23,per lb,Hawaii,retail,,,,,,,,6.0,3324,Weekly Grocery Store Specialty Crops Feature Activity,2026-09-26T13:56:27+00:00
583c9ded60b4cd32,2022-09-09,"Onions, Dry",YELLOW MARKED SWEET,2 lb bag,,,,,No,,,,,,,,3.79,$/2 lb bag,1.895,per lb,Hawaii,retail,,,,,,,,4.0,3324,Weekly Grocery Store Specialty Crops Feature Activity,2026-09-26T13:56:27+00:00
217582a7fd92b870,2022-09-09,"Peppers, Bell Type",GREEN,per lb,,,,,No,,,,,,,,2.79,$/per lb,2.79,per lb,Hawaii,retail,,,,,,,,35.0,3324,Weekly Grocery Store Specialty Crops Feature Activity,2026-09-26T13:56:27+00:00
eff167aaf0744afd,2022-09-09,Strawberries,,1 lb package,,,,,No,,,,,,,,5.15,$/1 lb package,5.15,per lb,Hawaii,retail,,,,,,,,25.0,3324,Weekly Grocery Store Specialty Crops Feature Activity,2026-09-26T13:56:27+00:00
2410a1ba314cd017,2022-09-09,Tomatoes,,per lb,,,,,No,,,,,,,,2.58,$/per lb,2.58,per lb,Hawaii,retail,,,,,,,,45.0,3324,Weekly Grocery Store Specialty Crops Feature Activity,2026-09-26T13:56:27+00:00
1f01bcd6cfe81dbf,2022-09-09,Tomatoes,VINE RIPES - ON THE VINE,per lb,,,,,No,,,,,,,,2.69,$/per lb,2.69,per lb,Hawaii,retail,,,environment=Greenhouse,,,,,23.0,3324,Weekly Grocery Store Specialty Crops Feature Activity,2026-09-26T13:56:27+00:00
0257a8b8c09e2322,2022-09-09,Tomatoes,Vine Ripes - Heirloom Varieties,per lb,,,,,Yes,,,,,,,,4.79,$/per lb,4.79,per lb,Hawaii,retail,,,environment=Greenhouse,,,,,3.0,3324,Weekly Grocery Store Specialty Crops Feature Activity,2026-09-26T13:56:27+00:00
495052037dd5f502,2022-09-09,Avocados,HASS,each,,,,,Yes,,,,,,,,1.25,$/each,1.25,per each,Midwest,retail,,,,,,,,61.0,3324,Weekly Grocery Store Specialty Crops Feature Activity,2026-09-26T13:56:27+00:00
b2d9a6915367fab2,2022-09-09,Avocados,HASS,each,,,,,No,,,,,,,,1.21,$/each,1.21,per each,Midwest,retail,,,,,,,,1319.0,3324,Weekly Grocery Store Specialty Crops Feature Activity,2026-09-26T13:56:27+00:00
4ffb8949b5362d65,2022-09-09,Bananas,,per lb,,,,,No,,,,,,,,0.51,$/per lb,0.51,per lb,Midwest,retail,,,,,,,,58.0,3324,Weekly Grocery Store Specialty Crops Feature Activity,2026-09-26T13:56:27+00:00
589877d75f8991dd,2022-09-09,Bananas,,per lb,,,,,Yes,,,,,,,,0.75,$/per lb,0.75,per lb,Midwest,retail,,,,,,,,468.0,3324,Weekly Grocery Store Specialty Crops Feature Activity,2026-09-26T13:56:27+00:00
729411e4e3d7e505,2022-09-09,Blueberries,,1 pint package,,,,,Yes,,,,,,,,2.5,$/1 pint package,,,Midwest,retail,,,,,,,,88.0,3324,Weekly Grocery Store Specialty Crops Feature Activity,2026-09-26T13:56:27+00:00
a7254cf072caeb38,2022-09-09,Blueberries,,1 pint package,,,,,No,,,,,,,,2.92,$/1 pint package,,,Midwest,retail,,,,,,,,602.0,3324,Weekly Grocery Store Specialty Crops Feature Activity,2026-09-26T13:56:27+00:00
9cec075f6f7d3058,2022-09-09,Blueberries,,18 oz package,,,,,Yes,,,,,,,,4.61,$/18 oz package,4.0978,per lb,Midwest,retail,,,,,,,,188.0,3324,Weekly Grocery Store Specialty Crops Feature Activity,2026-09-26T13:56:27+00:00
464333ffcbbb2f67,2022-09-09,Blueberries,,6 oz package,,,,,No,,,,,,,,2.98,$/6 oz package,7.9467,per lb,Midwest,retail,,,,,,,,9.0,3324,Weekly Grocery Store Specialty Crops Feature Activity,2026-09-26T13:56:27+00:00
f5d126390ed47d70,2022-09-09,Blueberries,,6 oz package,,,,,Yes,,,,,,,,3.26,$/6 oz package,8.6933,per lb,Midwest,retail,,,,,,,,62.0,3324,Weekly Grocery Store Specialty Crops Feature Activity,2026-09-26T13:56:27+00:00
071ff3baae4935a8,2022-09-09,Broccoli,,per bunch,,,,,Yes,,,,,,,,3.25,$/per bunch,,,Midwest,retail,,,,,,,,16.0,3324,Weekly Grocery Store Specialty Crops Feature Activity,2026-09-26T13:56:27+00:00
ccb333f5cd111f31,2022-09-09,Broccoli,,per bunch,,,,,No,,,,,,,,2.47,$/per bunch,,,Midwest,retail,,,,,,,,324.0,3324,Weekly Grocery Store Specialty Crops Feature Activity,2026-09-26T13:56:27+00:00
a68f5072ea89a171,2022-09-09,Broccoli,,per lb,,,,,No,,,,,,,,1.49,$/per lb,1.49,per lb,Midwest,retail,,,,,,,,6.0,3324,Weekly Grocery Store Specialty Crops Feature Activity,2026-09-26T13:56:27+00:00
3c0e2bb21666dcb2,2022-09-09,Broccoli,BABY HYBRID TYPE,per bunch,,,,,Yes,,,,,,,,3.0,$/per bunch,,,Midwest,retail,,,,,,,,50.0,3324,Weekly Grocery Store Specialty Crops Feature Activity,2026-09-26T13:56:27+00:00
d803f01f9be30fc9,2022-09-09,Broccoli,CROWN CUT,per lb,,,,,No,,,,,,,,1.62,$/per lb,1.62,per lb,Midwest,retail,,,,,,,,181.0,3324,Weekly Grocery Store Specialty Crops Feature Activity,2026-09-26T13:56:27+00:00
be0a98627eb537cb,2022-09-09,Carrots,,1 lb bag,,,,,No,,,,,,,,0.79,$/1 lb bag,0.79,per lb,Midwest,retail,,,,,,,,15.0,3324,Weekly Grocery Store Specialty Crops Feature Activity,2026-09-26T13:56:27+00:00
0741fb5efb7377d0,2022-09-09,Carrots,,2 lb bag,,,,,No,,,,,,,,1.63,$/2 lb bag,0.815,per lb,Midwest,retail,,,,,,,,225.0,3324,Weekly Grocery Store Specialty Crops Feature Activity,2026-09-26T13:56:27+00:00
135d32ea541cf35f,2022-09-09,Carrots,,2 lb bag,,,,,Yes,,,,,,,,2.29,$/2 lb bag,1.145,per lb,Midwest,retail,,,,,,,,6.0,3324,Weekly Grocery Store Specialty Crops Feature Activity,2026-09-26T13:56:27+00:00
9733fef63aa7ad77,2022-09-09,Carrots,BABY PEELED,1 lb bag,,,,,Yes,,,,,,,,1.5,$/1 lb bag,1.5,per lb,Midwest,retail,,,,,,,,12.0,3324,Weekly Grocery Store Specialty Crops Feature Activity,2026-09-26T13:56:27+00:00
ba9104cd16fe3001,2022-09-09,Carrots,BABY PEELED,1 lb bag,,,,,No,,,,,,,,1.13,$/1 lb bag,1.13,per lb,Midwest,retail,,,,,,,,186.0,3324,Weekly Grocery Store Specialty Crops Feature Activity,2026-09-26T13:56:27+00:00
09324760d2427443,2022-09-09,Carrots,BABY PEELED,2 lb bag,,,,,No,,,,,,,,1.54,$/2 lb bag,0.77,per lb,Midwest,retail,,,,,,,,32.0,3324,Weekly Grocery Store Specialty Crops Feature Activity,2026-09-26T13:56:27+00:00
4f032b12c34eede5,2022-09-09,Celery,,each,,,,,Yes,,,,,,,,1.93,$/each,1.93,per each,Midwest,retail,,,,,,,,112.0,3324,Weekly Grocery Store Specialty Crops Feature Activity,2026-09-26T13:56:27+00:00
a22e695c15fa7daf,2022-09-09,Celery,,each,,,,,No,,,,,,,,1.5,$/each,1.5,per each,Midwest,retail,,,,,,,,267.0,3324,Weekly Grocery Store Specialty Crops Feature Activity,2026-09-26T13:56:27+00:00
adf2c28dc5fdfca6,2022-09-09,Celery,,per lb,,,,,No,,,,,,,,0.99,$/per lb,0.99,per lb,Midwest,retail,,,,,,,,9.0,3324,Weekly Grocery Store Specialty Crops Feature Activity,2026-09-26T13:56:27+00:00
5e14d19b89604579,2022-09-09,Celery,HEARTS,each,,,,,No,,,,,,,,2.04,$/each,2.04,per each,Midwest,retail,,,,,,,,59.0,3324,Weekly Grocery Store Specialty Crops Feature Activity,2026-09-26T13:56:27+00:00
66502310b881d6c8,2022-09-09,Celery,HEARTS,each,,,,,Yes,,,,,,,,2.52,$/each,2.52,per each,Midwest,retail,,,,,,,,51.0,3324,Weekly Grocery Store Specialty Crops Feature Activity,2026-09-26T13:56:27+00:00
21d1fd8e4bd96daf,2022-09-09,Cucumbers,,each,,,,,No,,,,,,,,0.65,$/each,0.65,per each,Midwest,retail,,,,,,,,516.0,3324,Weekly Grocery Store Specialty Crops Feature Activity,2026-09-26T13:56:27+00:00
9cf6c80d4051354e,2022-09-09,Cucumbers,LONG SEEDLESS,each,,,,,No,,,,,,,,1.46,$/each,1.46,per each,Midwest,retail,,,environment=Greenhouse,,,,,116.0,3324,Weekly Grocery Store Specialty Crops Feature Activity,2026-09-26T13:56:27+00:00
280a13a283acf123,2022-09-09,Grapes,BLACK SEEDLESS,per lb,,,,,No,,,,,,,,1.85,$/per lb,1.85,per lb,Midwest,retail,,,,,,,,780.0,3324,Weekly Grocery Store Specialty Crops Feature Activity,2026-09-26T13:56:27+00:00
a2073cb377181318,2022-09-09,Grapes,BLACK SEEDLESS,per lb,,,,,Yes,,,,,,,,2.73,$/per lb,2.73,per lb,Midwest,retail,,,,,,,,62.0,3324,Weekly Grocery Store Specialty Crops Feature Activity,2026-09-26T13:56:27+00:00
096dec92758706da,2022-09-09,Grapes,RED SEEDLESS,per lb,,,,,No,,,,,,,,1.53,$/per lb,1.53,per lb,Midwest,retail,,,,,,,,1740.0,3324,Weekly Grocery Store Specialty Crops Feature Activity,2026-09-26T13:56:27+00:00
68b228d650953ca8,2022-09-09,Grapes,RED SEEDLESS,per lb,,,,,Yes,,,,,,,,2.7,$/per lb,2.7,per lb,Midwest,retail,,,,,,,,441.0,3324,Weekly Grocery Store Specialty Crops Feature Activity,2026-09-26T13:56:27+00:00
0ca028e3dfe984dd,2022-09-09,Grapes,WHITE SEEDLESS TYPE,per lb,,,,,No,,,,,,,,1.84,$/per lb,1.84,per lb,Midwest,retail,,,,,,,,1339.0,3324,Weekly Grocery Store Specialty Crops Feature Activity,2026-09-26T13:56:27+00:00
48a8b175becf45d5,2022-09-09,Grapes,WHITE SEEDLESS TYPE,per lb,,,,,Yes,,,,,,,,2.7,$/per lb,2.7,per lb,Midwest,retail,,,,,,,,416.0,3324,Weekly Grocery Store Specialty Crops Feature Activity,2026-09-26T13:56:27+00:00
543123461841adb8,2022-09-09,Lemons,,2 lb bag,,,,,Yes,,,,,,,,4.59,$/2 lb bag,2.295,per lb,Midwest,retail,,,,,,,,233.0,3324,Weekly Grocery Store Specialty Crops Feature Activity,2026-09-26T13:56:27+00:00
f14f0b53ee362a49,2022-09-09,Lemons,,2 lb bag,,,,,No,,,,,,,,3.5,$/2 lb bag,1.75,per lb,Midwest,retail,,,,,,,,176.0,3324,Weekly Grocery Store Specialty Crops Feature Activity,2026-09-26T13:56:27+00:00
26e8d0bdffc7c2fc,2022-09-09,Lemons,,each,,,,,No,,,,,,,,0.52,$/each,0.52,per each,Midwest,retail,,,,,,,,71.0,3324,Weekly Grocery Store Specialty Crops Feature Activity,2026-09-26T13:56:27+00:00
169ee23aac2ac035,2022-09-09,Lettuce,Green Leaf,each,,,,,No,,,,,,,,1.29,$/each,1.29,per each,Midwest,retail,,,,,,,,24.0,3324,Weekly Grocery Store Specialty Crops Feature Activity,2026-09-26T13:56:27+00:00
7163de1d6a405ee0,2022-09-09,Lettuce,Green Leaf,each,,,,,Yes,,,,,,,,1.79,$/each,1.79,per each,Midwest,retail,,,,,,,,11.0,3324,Weekly Grocery Store Specialty Crops Feature Activity,2026-09-26T13:56:27+00:00
c216b5410ace9397,2022-09-09,Lettuce,Green Leaf,per lb,,,,,No,,,,,,,,1.59,$/per lb,1.59,per lb,Midwest,retail,,,,,,,,15.0,3324,Weekly Grocery Store Specialty Crops Feature Activity,2026-09-26T13:56:27+00:00
0a6f320e051cead2,2022-09-09,Lettuce,Iceberg,each,,,,,No,,,,,,,,1.66,$/each,1.66,per each,Midwest,retail,,,,,,,,357.0,3324,Weekly Grocery Store Specialty Crops Feature Activity,2026-09-26T13:56:27+00:00
3edfa764106a7d54,2022-09-09,Lettuce,Red Leaf,each,,,,,Yes,,,,,,,,1.79,$/each,1.79,per each,Midwest,retail,,,,,,,,11.0,3324,Weekly Grocery Store Specialty Crops Feature Activity,2026-09-26T13:56:27+00:00
7f85d6f4735395f9,2022-09-09,Lettuce,Red Leaf,each,,,,,No,,,,,,,,1.29,$/each,1.29,per each,Midwest,retail,,,,,,,,24.0,3324,Weekly Grocery Store Specialty Crops Feature Activity,2026-09-26T13:56:27+00:00
6a658a98d972c70f,2022-09-09,Lettuce,Red Leaf,per lb,,,,,No,,,,,,,,1.59,$/per lb,1.59,per lb,Midwest,retail,,,,,,,,15.0,3324,Weekly Grocery Store Specialty Crops Feature Activity,2026-09-26T13:56:27+00:00
05f7a43283d5f70b,2022-09-09,Lettuce,Romaine,each,,,,,No,,,,,,,,1.29,$/each,1.29,per each,Midwest,retail,,,,,,,,24.0,3324,Weekly Grocery Store Specialty Crops Feature Activity,2026-09-26T13:56:27+00:00
603efa473bd4f275,2022-09-09,Lettuce,Romaine,per lb,,,,,No,,,,,,,,1.42,$/per lb,1.42,per lb,Midwest,retail,,,,,,,,21.0,3324,Weekly Grocery Store Specialty Crops Feature Activity,2026-09-26T13:56:27+00:00
6d6d622f3dd29c44,2022-09-09,Lettuce,Romaine (Hearts),3 count,,,,,No,,,,,,,,3.99,$/3 count,,,Midwest,retail,,,,,,,,19.0,3324,Weekly Grocery Store Specialty Crops Feature Activity,2026-09-26T13:56:27+00:00
b60b582b238087c7,2022-09-09,Lettuce,Romaine (Hearts),3 count,,,,,Yes,,,,,,,,3.57,$/3 count,,,Midwest,retail,,,,,,,,310.0,3324,Weekly Grocery Store Specialty Crops Feature Activity,2026-09-26T13:56:27+00:00
d68154232339e8b6,2022-09-09,Limes,,each,,,,,No,,,,,,,,0.44,$/each,0.44,per each,Midwest,retail,,,,,,,,124.0,3324,Weekly Grocery Store Specialty Crops Feature Activity,2026-09-26T13:56:27+00:00
1c9cc54df9b8cf21,2022-09-09,Limes,,per lb,,,,,No,,,,,,,,0.98,$/per lb,0.98,per lb,Midwest,retail,,,,,,,,8.0,3324,Weekly Grocery Store Specialty Crops Feature Activity,2026-09-26T13:56:27+00:00
1d5282431d526cc6,2022-09-09,"Onions, Dry",RED,per lb,,,,,No,,,,,,,,0.99,$/per lb,0.99,per lb,Midwest,retail,,,,,,,,75.0,3324,Weekly Grocery Store Specialty Crops Feature Activity,2026-09-26T13:56:27+00:00
24a0f4b310913a20,2022-09-09,"Onions, Dry",YELLOW,2 lb bag,,,,,No,,,,,,,,2.99,$/2 lb bag,1.495,per lb,Midwest,retail,,,,,,,,8.0,3324,Weekly Grocery Store Specialty Crops Feature Activity,2026-09-26T13:56:27+00:00
3973fc11a8c4117f,2022-09-09,"Onions, Dry",YELLOW,3 lb bag,,,,,No,,,,,,,,2.42,$/3 lb bag,0.8067,per lb,Midwest,retail,,,,,,,,72.0,3324,Weekly Grocery Store Specialty Crops Feature Activity,2026-09-26T13:56:27+00:00
5a8682cc506dba71,2022-09-09,"Onions, Dry",YELLOW,per lb,,,,,Yes,,,,,,,,1.19,$/per lb,1.19,per lb,Midwest,retail,,,,,,,,11.0,3324,Weekly Grocery Store Specialty Crops Feature Activity,2026-09-26T13:56:27+00:00
aa085547e8679408,2022-09-09,"Onions, Dry",YELLOW,per lb,,,,,No,,,,,,,,0.88,$/per lb,0.88,per lb,Midwest,retail,,,,,,,,122.0,3324,Weekly Grocery Store Specialty Crops Feature Activity,2026-09-26T13:56:27+00:00
e692fe826bacae7d,2022-09-09,"Onions, Dry",YELLOW MARKED SWEET,3 lb bag,,,,,No,,,,,,,,3.07,$/3 lb bag,1.0233,per lb,Midwest,retail,,,,,,,,62.0,3324,Weekly Grocery Store Specialty Crops Feature Activity,2026-09-26T13:56:27+00:00
b29f70f4eddee173,2022-09-09,"Onions, Dry",YELLOW MARKED SWEET,per lb,,,,,No,,,,,,,,1.45,$/per lb,1.45,per lb,Midwest,retail,,,,,,,,770.0,3324,Weekly Grocery Store Specialty Crops Feature Activity,2026-09-26T13:56:27+00:00
9ac82eecd4fa5883,2022-09-09,"Peppers, Bell Type",GREEN,each,,,,,No,,,,,,,,0.73,$/each,0.73,per each,Midwest,retail,,,,,,,,642.0,3324,Weekly Grocery Store Specialty Crops Feature Activity,2026-09-26T13:56:27+00:00
3f064f6f972f5d01,2022-09-09,"Peppers, Bell Type",GREEN,per lb,,,,,No,,,,,,,,1.36,$/per lb,1.36,per lb,Midwest,retail,,,,,,,,41.0,3324,Weekly Grocery Store Specialty Crops Feature Activity,2026-09-26T13:56:27+00:00
6d48f814c4b42ae0,2022-09-09,"Peppers, Bell Type",GREEN,per lb,,,,,Yes,,,,,,,,1.99,$/per lb,1.99,per lb,Midwest,retail,,,,,,,,19.0,3324,Weekly Grocery Store Specialty Crops Feature Activity,2026-09-26T13:56:27+00:00
1f4ae49d6cd6b14e,2022-09-09,"Peppers, Bell Type",ORANGE,each,,,,,No,,,,,,,,1.33,$/each,1.33,per each,Midwest,retail,,,environment=Greenhouse,,,,,7.0,3324,Weekly Grocery Store Specialty Crops Feature Activity,2026-09-26T13:56:27+00:00
ae3f9d505932f032,2022-09-09,"Peppers, Bell Type",ORANGE,each,,,,,No,,,,,,,,1.41,$/each,1.41,per each,Midwest,retail,,,,,,,,223.0,3324,Weekly Grocery Store Specialty Crops Feature Activity,2026-09-26T13:56:27+00:00
75b8d06f8cf05f28,2022-09-09,"Peppers, Bell Type",RED,each,,,,,No,,,,,,,,1.46,$/each,1.46,per each,Midwest,retail,,,,,,,,422.0,3324,Weekly Grocery Store Specialty Crops Feature Activity,2026-09-26T13:56:27+00:00
b4197e3e626675de,2022-09-09,"Peppers, Bell Type",RED,each,,,,,No,,,,,,,,1.33,$/each,1.33,per each,Midwest,retail,,,environment=Greenhouse,,,,,7.0,3324,Weekly Grocery Store Specialty Crops Feature Activity,2026-09-26T13:56:27+00:00
0af58e3117eab3be,2022-09-09,"Peppers, Bell Type",RED,per lb,,,,,No,,,,,,,,1.69,$/per lb,1.69,per lb,Midwest,retail,,,,,,,,58.0,3324,Weekly Grocery Store Specialty Crops Feature Activity,2026-09-26T13:56:27+00:00
6e2b4c7755a91f13,2022-09-09,"Peppers, Bell Type",YELLOW,each,,,,,No,,,,,,,,1.45,$/each,1.45,per each,Midwest,retail,,,,,,,,415.0,3324,Weekly Grocery Store Specialty Crops Feature Activity,2026-09-26T13:56:27+00:00
f7702417808175f0,2022-09-09,"Peppers, Bell Type",YELLOW,each,,,,,No,,,,,,,,1.33,$/each,1.33,per each,Midwest,retail,,,environment=Greenhouse,,,,,7.0,3324,Weekly Grocery Store Specialty Crops Feature Activity,2026-09-26T13:56:27+00:00
3f2129e3d463be77,2022-09-09,"Peppers, Bell Type",YELLOW,per lb,,,,,No,,,,,,,,1.69,$/per lb,1.69,per lb,Midwest,retail,,,,,,,,58.0,3324,Weekly Grocery Store Specialty Crops Feature Activity,2026-09-26T13:56:27+00:00
26d6cbcb7cae24a2,2022-09-09,Potatoes,ROUND RED,3 lb bag,,,,,No,,,,,,,,1.99,$/3 lb bag,0.6633,per lb,Midwest,retail,,,,,,,,9.0,3324,Weekly Grocery Store Specialty Crops Feature Activity,2026-09-26T13:56:27+00:00
ffe6a2765951a474,2022-09-09,Potatoes,ROUND RED,3 lb bag,,,,,Yes,,,,,,,,3.99,$/3 lb bag,1.33,per lb,Midwest,retail,,,,,,,,24.0,3324,Weekly Grocery Store Specialty Crops Feature Activity,2026-09-26T13:56:27+00:00
bac0fa63e8fea1a3,2022-09-09,Potatoes,ROUND RED,5 lb bag,,,,,No,,,,,,,,3.06,$/5 lb bag,0.612,per lb,Midwest,retail,,,,,,,,409.0,3324,Weekly Grocery Store Specialty Crops Feature Activity,2026-09-26T13:56:27+00:00
2c1d6f342667ab44,2022-09-09,Potatoes,ROUND RED,per lb,,,,,No,,,,,,,,0.77,$/per lb,0.77,per lb,Midwest,retail,,,,,,,,38.0,3324,Weekly Grocery Store Specialty Crops Feature Activity,2026-09-26T13:56:27+00:00
9bf1cbcda26e5c73,2022-09-09,Potatoes,ROUND WHITE,5 lb bag,,,,,No,,,,,,,,2.92,$/5 lb bag,0.584,per lb,Midwest,retail,,,,,,,,51.0,3324,Weekly Grocery Store Specialty Crops Feature Activity,2026-09-26T13:56:27+00:00
a1ab7747594b0f84,2022-09-09,Potatoes,ROUND WHITE,per lb,,,,,No,,,,,,,,0.69,$/per lb,0.69,per lb,Midwest,retail,,,,,,,,8.0,3324,Weekly Grocery Store Specialty Crops Feature Activity,2026-09-26T13:56:27+00:00
e10322613e6d7f0e,2022-09-09,Potatoes,RUSSET,10 lb bag,,,,,No,,,,,,,,4.99,$/10 lb bag,0.499,per lb,Midwest,retail,,,,,,,,22.0,3324,Weekly Grocery Store Specialty Crops Feature Activity,2026-09-26T13:56:27+00:00
cc3706f978540d24,2022-09-09,Potatoes,RUSSET,3 lb bag,,,,,No,,,,,,,,1.99,$/3 lb bag,0.6633,per lb,Midwest,retail,,,,,,,,35.0,3324,Weekly Grocery Store Specialty Crops Feature Activity,2026-09-26T13:56:27+00:00
6eb632fba92913bf,2022-09-09,Potatoes,RUSSET,5 lb bag,,,,,No,,,,,,,,2.72,$/5 lb bag,0.544,per lb,Midwest,retail,,,,,,,,566.0,3324,Weekly Grocery Store Specialty Crops Feature Activity,2026-09-26T13:56:27+00:00
aedd373915d55019,2022-09-09,Potatoes,RUSSET,8 lb bag,,,,,No,,,,,,,,1.99,$/8 lb bag,0.2487,per lb,Midwest,retail,,,,,,,,6.0,3324,Weekly Grocery Store Specialty Crops Feature Activity,2026-09-26T13:56:27+00:00
79b9b3ba4b5be14c,2022-09-09,Potatoes,RUSSET,per lb,,,,,Yes,,,,,,,,1.79,$/per lb,1.79,per lb,Midwest,retail,,,,,,,,11.0,3324,Weekly Grocery Store Specialty Crops Feature Activity,2026-09-26T13:56:27+00:00
97db24ec50454789,2022-09-09,Potatoes,YELLOW TYPE,10 lb bag,,,,,No,,,,,,,,4.99,$/10 lb bag,0.499,per lb,Midwest,retail,,,,,,,,8.0,3324,Weekly Grocery Store Specialty Crops Feature Activity,2026-09-26T13:56:27+00:00
1a4e1f5e8e1ea504,2022-09-09,Potatoes,YELLOW TYPE,3 lb bag,,,,,Yes,,,,,,,,3.99,$/3 lb bag,1.33,per lb,Midwest,retail,,,,,,,,24.0,3324,Weekly Grocery Store Specialty Crops Feature Activity,2026-09-26T13:56:27+00:00
4ef6220f7418ab01,2022-09-09,Potatoes,YELLOW TYPE,3 lb bag,,,,,No,,,,,,,,1.49,$/3 lb bag,0.4967,per lb,Midwest,retail,,,,,,,,16.0,3324,Weekly Grocery Store Specialty Crops Feature Activity,2026-09-26T13:56:27+00:00
8e6dee7fda2aa706,2022-09-09,Potatoes,YELLOW TYPE,5 lb bag,,,,,No,,,,,,,,3.2,$/5 lb bag,0.64,per lb,Midwest,retail,,,,,,,,306.0,3324,Weekly Grocery Store Specialty Crops Feature Activity,2026-09-26T13:56:27+00:00
186cf9061933164f,2022-09-09,Potatoes,YELLOW TYPE,per lb,,,,,No,,,,,,,,2.33,$/per lb,2.33,per lb,Midwest,retail,,,,,,,,21.0,3324,Weekly Grocery Store Specialty Crops Feature Activity,2026-09-26T13:56:27+00:00
a2f890015530d7eb,2022-09-09,Potatoes,YELLOW TYPE,per lb,,,,,Yes,,,,,,,,3.99,$/per lb,3.99,per lb,Midwest,retail,,,,,,,,50.0,3324,Weekly Grocery Store Specialty Crops Feature Activity,2026-09-26T13:56:27+00:00
5dd154e0f852fbf6,2022-09-09,Strawberries,,1 lb package,,,,,Yes,,,,,,,,3.91,$/1 lb package,3.91,per lb,Midwest,retail,,,,,,,,61.0,3324,Weekly Grocery Store Specialty Crops Feature Activity,2026-09-26T13:56:27+00:00
7f514c26c8b321c2,2022-09-09,Strawberries,,1 lb package,,,,,No,,,,,,,,2.94,$/1 lb package,2.94,per lb,Midwest,retail,,,,,,,,287.0,3324,Weekly Grocery Store Specialty Crops Feature Activity,2026-09-26T13:56:27+00:00
42e4f83339a7cbe1,2022-09-09,Tomatoes,,per lb,,,,,Yes,,,,,,,,2.59,$/per lb,2.59,per lb,Midwest,retail,,,,,,,,11.0,3324,Weekly Grocery Store Specialty Crops Feature Activity,2026-09-26T13:56:27+00:00
942366a13ee9e478,2022-09-09,Tomatoes,,per lb,,,,,No,,,,,,,,2.09,$/per lb,2.09,per lb,Midwest,retail,,,,,,,,43.0,3324,Weekly Grocery Store Specialty Crops Feature Activity,2026-09-26T13:56:27+00:00
282692ad37a93dfe,2022-09-09,Tomatoes,Cherry Type,1 pint package,,,,,Yes,,,,,,,,1.99,$/1 pint package,,,Midwest,retail,,,,,,,,6.0,3324,Weekly Grocery Store Specialty Crops Feature Activity,2026-09-26T13:56:27+00:00
5ffcded564516ac6,2022-09-09,Tomatoes,Cherry Type,1 pint package,,,,,No,,,,,,,,1.99,$/1 pint package,,,Midwest,retail,,,,,,,,21.0,3324,Weekly Grocery Store Specialty Crops Feature Activity,2026-09-26T13:56:27+00:00
6f8676efdf3e0cf7,2022-09-09,Tomatoes,GRAPE TYPE,1 pint package,,,,,Yes,,,,,,,,2.5,$/1 pint package,,,Midwest,retail,,,,,,,,51.0,3324,Weekly Grocery Store Specialty Crops Feature Activity,2026-09-26T13:56:27+00:00
785de62b0bb69f21,2022-09-09,Tomatoes,GRAPE TYPE,1 pint package,,,,,No,,,,,,,,1.85,$/1 pint package,,,Midwest,retail,,,,,,,,76.0,3324,Weekly Grocery Store Specialty Crops Feature Activity,2026-09-26T13:56:27+00:00
a37dafe7792ecadc,2022-09-09,Tomatoes,GRAPE TYPE,10 oz package,,,,,Yes,,,,,,,,2.25,$/10 oz package,3.6,per lb,Midwest,retail,,,,,,,,38.0,3324,Weekly Grocery Store Specialty Crops Feature Activity,2026-09-26T13:56:27+00:00
aae331916d337a69,2022-09-09,Tomatoes,GRAPE TYPE,10 oz package,,,,,No,,,,,,,,2.56,$/10 oz package,4.096,per lb,Midwest,retail,,,,,,,,703.0,3324,Weekly Grocery Store Specialty Crops Feature Activity,2026-09-26T13:56:27+00:00
a9c08f389bca340e,2022-09-09,Tomatoes,Plum Type (Roma),per lb,,,,,No,,,,,,,,1.16,$/per lb,1.16,per lb,Midwest,retail,,,,,,,,575.0,3324,Weekly Grocery Store Specialty Crops Feature Activity,2026-09-26T13:56:27+00:00
668cc2c601608a2e,2022-09-09,Tomatoes,VINE RIPES,per lb,,,,,No,,,,,,,,1.89,$/per lb,1.89,per lb,Midwest,retail,,,,,,,,76.0,3324,Weekly Grocery Store Specialty Crops Feature Activity,2026-09-26T13:56:27+00:00
cc7dffb0ae7e6b6f,2022-09-09,Tomatoes,VINE RIPES,per lb,,,,,No,,,,,,,,1.86,$/per lb,1.86,per lb,Midwest,retail,,,environment=Greenhouse,,,,,80.0,3324,Weekly Grocery Store Specialty Crops Feature Activity,2026-09-26T13:56:27+00:00
26aae33845d6bdaa,2022-09-09,Tomatoes,VINE RIPES - ON THE VINE,per lb,,,,,No,,,,,,,,1.24,$/per lb,1.24,per lb,Midwest,retail,,,environment=Greenhouse,,,,,450.0,3324,Weekly Grocery Store Specialty Crops Feature Activity,2026-09-26T13:56:27+00:00
5d7c9d7b58eed20b,2022-09-09,Tomatoes,Vine Ripes - Heirloom Varieties,per lb,,,,,Yes,,,,,,,,3.99,$/per lb,3.99,per lb,Midwest,retail,,,environment=Greenhouse,,,,,50.0,3324,Weekly Grocery Store Specialty Crops Feature Activity,2026-09-26T13:56:27+00:00
23ff2e9230064237,2022-09-09,Avocados,HASS,each,,,,,Yes,,,,,,,,1.58,$/each,1.58,per each,National,retail,,,,,,,,498.0,3324,Weekly Grocery Store Specialty Crops Feature Activity,2026-09-26T13:56:27+00:00
5a707288fa992d4a,2022-09-09,Avocados,HASS,each,,,,,No,,,,,,,,1.35,$/each,1.35,per each,National,retail,,,,,,,,7853.0,3324,Weekly Grocery Store Specialty Crops Feature Activity,2026-09-26T13:56:27+00:00
195827bf09dc259d,2022-09-09,Avocados,VARIOUS GREENSKIN VARIETIES,each,,,,,Yes,,,,,,,,2.0,$/each,2.0,per each,National,retail,,,,,,,,70.0,3324,Weekly Grocery Store Specialty Crops Feature Activity,2026-09-26T13:56:27+00:00
9cec39ae5e1529e0,2022-09-09,Avocados,VARIOUS GREENSKIN VARIETIES,each,,,,,No,,,,,,,,2.0,$/each,2.0,per each,National,retail,,,,,,,,49.0,3324,Weekly Grocery Store Specialty Crops Feature Activity,2026-09-26T13:56:27+00:00
00705cd86ad7f7b0,2022-09-09,Bananas,,per lb,,,,,Yes,,,,,,,,0.8,$/per lb,0.8,per lb,National,retail,,,,,,,,1237.0,3324,Weekly Grocery Store Specialty Crops Feature Activity,2026-09-26T13:56:27+00:00
06ab0d9a271afdb8,2022-09-09,Bananas,,per lb,,,,,No,,,,,,,,0.57,$/per lb,0.57,per lb,National,retail,,,,,,,,896.0,3324,Weekly Grocery Store Specialty Crops Feature Activity,2026-09-26T13:56:27+00:00
26ae6bd8cb5c0466,2022-09-09,Blueberries,,1 pint package,,,,,Yes,,,,,,,,4.71,$/1 pint package,,,National,retail,,,,,,,,517.0,3324,Weekly Grocery Store Specialty Crops Feature Activity,2026-09-26T13:56:27+00:00
d53ab643062ca520,2022-09-09,Blueberries,,1 pint package,,,,,No,,,,,,,,3.23,$/1 pint package,,,National,retail,,,,,,,,2196.0,3324,Weekly Grocery Store Specialty Crops Feature Activity,2026-09-26T13:56:27+00:00
e9595bafd8edab2f,2022-09-09,Blueberries,,18 oz package,,,,,Yes,,,,,,,,4.45,$/18 oz package,3.9556,per lb,National,retail,,,,,,,,252.0,3324,Weekly Grocery Store Specialty Crops Feature Activity,2026-09-26T13:56:27+00:00
ef3eee2012e15b5d,2022-09-09,Blueberries,,18 oz package,,,,,No,,,,,,,,4.71,$/18 oz package,4.1867,per lb,National,retail,,,,,,,,721.0,3324,Weekly Grocery Store Specialty Crops Feature Activity,2026-09-26T13:56:27+00:00
189a018331fa1d98,2022-09-09,Blueberries,,6 oz package,,,,,No,,,,,,,,3.29,$/6 oz package,8.7733,per lb,National,retail,,,,,,,,2825.0,3324,Weekly Grocery Store Specialty Crops Feature Activity,2026-09-26T13:56:27+00:00
c07fc1f36586e310,2022-09-09,Blueberries,,6 oz package,,,,,Yes,,,,,,,,3.9,$/6 oz package,10.4,per lb,National,retail,,,,,,,,1603.0,3324,Weekly Grocery Store Specialty Crops Feature Activity,2026-09-26T13:56:27+00:00
22b7c05f7b09cb60,2022-09-09,Broccoli,,per bunch,,,,,No,,,,,,,,2.42,$/per bunch,,,National,retail,,,,,,,,445.0,3324,Weekly Grocery Store Specialty Crops Feature Activity,2026-09-26T13:56:27+00:00
4fc0b95fe1f92464,2022-09-09,Broccoli,,per bunch,,,,,Yes,,,,,,,,3.91,$/per bunch,,,National,retail,,,,,,,,1127.0,3324,Weekly Grocery Store Specialty Crops Feature Activity,2026-09-26T13:56:27+00:00
2c3fdc5a89de8c92,2022-09-09,Broccoli,,per lb,,,,,Yes,,,,,,,,2.99,$/per lb,2.99,per lb,National,retail,,,,,,,,47.0,3324,Weekly Grocery Store Specialty Crops Feature Activity,2026-09-26T13:56:27+00:00
fa494081afea03ae,2022-09-09,Broccoli,,per lb,,,,,No,,,,,,,,1.56,$/per lb,1.56,per lb,National,retail,,,,,,,,764.0,3324,Weekly Grocery Store Specialty Crops Feature Activity,2026-09-26T13:56:27+00:00
fe7162213b9fe787,2022-09-09,Broccoli,BABY HYBRID TYPE,per bunch,,,,,Yes,,,,,,,,3.0,$/per bunch,,,National,retail,,,,,,,,170.0,3324,Weekly Grocery Store Specialty Crops Feature Activity,2026-09-26T13:56:27+00:00
0a92c06a94afdf5a,2022-09-09,Broccoli,CROWN CUT,per lb,,,,,No,,,,,,,,1.65,$/per lb,1.65,per lb,National,retail,,,,,,,,2203.0,3324,Weekly Grocery Store Specialty Crops Feature Activity,2026-09-26T13:56:27+00:00
3933c6f5dfd7eafb,2022-09-09,Carrots,,1 lb bag,,,,,Yes,,,,,,,,1.5,$/1 lb bag,1.5,per lb,National,retail,,,,,,,,46.0,3324,Weekly Grocery Store Specialty Crops Feature Activity,2026-09-26T13:56:27+00:00
8b869f15d9cdccb8,2022-09-09,Carrots,,1 lb bag,,,,,No,,,,,,,,1.06,$/1 lb bag,1.06,per lb,National,retail,,,,,,,,116.0,3324,Weekly Grocery Store Specialty Crops Feature Activity,2026-09-26T13:56:27+00:00
b93d931ad6782d96,2022-09-09,Carrots,,2 lb bag,,,,,Yes,,,,,,,,2.18,$/2 lb bag,1.09,per lb,National,retail,,,,,,,,101.0,3324,Weekly Grocery Store Specialty Crops Feature Activity,2026-09-26T13:56:27+00:00
ca14bc486503897f,2022-09-09,Carrots,,2 lb bag,,,,,No,,,,,,,,1.4,$/2 lb bag,0.7,per lb,National,retail,,,,,,,,443.0,3324,Weekly Grocery Store Specialty Crops Feature Activity,2026-09-26T13:56:27+00:00
3dceb06a140a6b33,2022-09-09,Carrots,,per bunch,,,,,Yes,,,,,,,,2.6,$/per bunch,,,National,retail,,,,,,,,210.0,3324,Weekly Grocery Store Specialty Crops Feature Activity,2026-09-26T13:56:27+00:00
fb66ab6ca4de1295,2022-09-09,Carrots,,per lb,,,,,No,,,,,,,,0.52,$/per lb,0.52,per lb,National,retail,,,,,,,,145.0,3324,Weekly Grocery Store Specialty Crops Feature Activity,2026-09-26T13:56:27+00:00
3bb44b69f0f35fc1,2022-09-09,Carrots,BABY PEELED,1 lb bag,,,,,No,,,,,,,,1.3,$/1 lb bag,1.3,per lb,National,retail,,,,,,,,999.0,3324,Weekly Grocery Store Specialty Crops Feature Activity,2026-09-26T13:56:27+00:00
4773914292b9f8b7,2022-09-09,Carrots,BABY PEELED,1 lb bag,,,,,Yes,,,,,,,,1.99,$/1 lb bag,1.99,per lb,National,retail,,,,,,,,2244.0,3324,Weekly Grocery Store Specialty Crops Feature Activity,2026-09-26T13:56:27+00:00
34495eab647589b8,2022-09-09,Carrots,BABY PEELED,2 lb bag,,,,,No,,,,,,,,2.05,$/2 lb bag,1.025,per lb,National,retail,,,,,,,,1479.0,3324,Weekly Grocery Store Specialty Crops Feature Activity,2026-09-26T13:56:27+00:00
37c47a3c3cc7fdf7,2022-09-09,Celery,,each,,,,,Yes,,,,,,,,2.26,$/each,2.26,per each,National,retail,,,,,,,,387.0,3324,Weekly Grocery Store Specialty Crops Feature Activity,2026-09-26T13:56:27+00:00
fa7b9646fc198b65,2022-09-09,Celery,,each,,,,,No,,,,,,,,1.6,$/each,1.6,per each,National,retail,,,,,,,,2462.0,3324,Weekly Grocery Store Specialty Crops Feature Activity,2026-09-26T13:56:27+00:00
eb77edcf7350398b,2022-09-09,Celery,,per lb,,,,,No,,,,,,,,0.99,$/per lb,0.99,per lb,National,retail,,,,,,,,83.0,3324,Weekly Grocery Store Specialty Crops Feature Activity,2026-09-26T13:56:27+00:00
14a9dfda8063c925,2022-09-09,Celery,HEARTS,each,,,,,No,,,,,,,,2.79,$/each,2.79,per each,National,retail,,,,,,,,243.0,3324,Weekly Grocery Store Specialty Crops Feature Activity,2026-09-26T13:56:27+00:00
43408c1bc3513f25,2022-09-09,Celery,HEARTS,each,,,,,Yes,,,,,,,,3.05,$/each,3.05,per each,National,retail,,,,,,,,558.0,3324,Weekly Grocery Store Specialty Crops Feature Activity,2026-09-26T13:56:27+00:00
d80f5d49eb6543d8,2022-09-09,Cucumbers,,each,,,,,No,,,,,,,,0.8,$/each,0.8,per each,National,retail,,,,,,,,2440.0,3324,Weekly Grocery Store Specialty Crops Feature Activity,2026-09-26T13:56:27+00:00
e90c41597b0cb776,2022-09-09,Cucumbers,,each,,,,,Yes,,,,,,,,1.15,$/each,1.15,per each,National,retail,,,,,,,,339.0,3324,Weekly Grocery Store Specialty Crops Feature Activity,2026-09-26T13:56:27+00:00
76e6035335f119c6,2022-09-09,Cucumbers,LONG SEEDLESS,each,,,,,Yes,,,,,,,,2.34,$/each,2.34,per each,National,retail,,,environment=Greenhouse,,,,,42.0,3324,Weekly Grocery Store Specialty Crops Feature Activity,2026-09-26T13:56:27+00:00
9569a7e057cad467,2022-09-09,Cucumbers,LONG SEEDLESS,each,,,,,No,,,,,,,,1.1,$/each,1.1,per each,National,retail,,,environment=Greenhouse,,,,,573.0,3324,Weekly Grocery Store Specialty Crops Feature Activity,2026-09-26T13:56:27+00:00
2cb733cb9e4e359f,2022-09-09,Cucumbers,LONG SEEDLESS,per lb,,,,,No,,,,,,,,3.99,$/per lb,3.99,per lb,National,retail,,,environment=Greenhouse,,,,,4.0,3324,Weekly Grocery Store Specialty Crops Feature Activity,2026-09-26T13:56:27+00:00
164ec341308de2c9,2022-09-09,Grapes,BLACK SEEDLESS,per lb,,,,,No,,,,,,,,2.05,$/per lb,2.05,per lb,National,retail,,,,,,,,3841.0,3324,Weekly Grocery Store Specialty Crops Feature Activity,2026-09-26T13:56:27+00:00
760ad5832f8f0a17,2022-09-09,Grapes,BLACK SEEDLESS,per lb,,,,,Yes,,,,,,,,2.77,$/per lb,2.77,per lb,National,retail,,,,,,,,1102.0,3324,Weekly Grocery Store Specialty Crops Feature Activity,2026-09-26T13:56:27+00:00
186f51b6543ca461,2022-09-09,Grapes,RED SEEDLESS,per lb,,,,,No,,,,,,,,1.82,$/per lb,1.82,per lb,National,retail,,,,,,,,8307.0,3324,Weekly Grocery Store Specialty Crops Feature Activity,2026-09-26T13:56:27+00:00
98d3ebbf6a4df171,2022-09-09,Grapes,RED SEEDLESS,per lb,,,,,Yes,,,,,,,,2.98,$/per lb,2.98,per lb,National,retail,,,,,,,,4705.0,3324,Weekly Grocery Store Specialty Crops Feature Activity,2026-09-26T13:56:27+00:00
a31c4878334cadce,2022-09-09,Grapes,Red Globe Seeded Type,per lb,,,,,No,,,,,,,,2.39,$/per lb,2.39,per lb,National,retail,,,,,,,,338.0,3324,Weekly Grocery Store Specialty Crops Feature Activity,2026-09-26T13:56:27+00:00
38c1a52396060d30,2022-09-09,Grapes,WHITE SEEDLESS TYPE,per lb,,,,,No,,,,,,,,1.98,$/per lb,1.98,per lb,National,retail,,,,,,,,7425.0,3324,Weekly Grocery Store Specialty Crops Feature Activity,2026-09-26T13:56:27+00:00
469f21963e3ad8d8,2022-09-09,Grapes,WHITE SEEDLESS TYPE,per lb,,,,,Yes,,,,,,,,3.0,$/per lb,3.0,per lb,National,retail,,,,,,,,4638.0,3324,Weekly Grocery Store Specialty Crops Feature Activity,2026-09-26T13:56:27+00:00
be66721d7eaf32bc,2022-09-09,Lemons,,2 lb bag,,,,,No,,,,,,,,3.65,$/2 lb bag,1.825,per lb,National,retail,,,,,,,,519.0,3324,Weekly Grocery Store Specialty Crops Feature Activity,2026-09-26T13:56:27+00:00
c83c94d67d6b8895,2022-09-09,Lemons,,2 lb bag,,,,,Yes,,,,,,,,4.59,$/2 lb bag,2.295,per lb,National,retail,,,,,,,,234.0,3324,Weekly Grocery Store Specialty Crops Feature Activity,2026-09-26T13:56:27+00:00
0e30cbb79b4f652f,2022-09-09,Lemons,,each,,,,,No,,,,,,,,0.47,$/each,0.47,per each,National,retail,,,,,,,,734.0,3324,Weekly Grocery Store Specialty Crops Feature Activity,2026-09-26T13:56:27+00:00
e70bbd49f419827e,2022-09-09,Lemons,,per lb,,,,,No,,,,,,,,0.9,$/per lb,0.9,per lb,National,retail,,,,,,,,57.0,3324,Weekly Grocery Store Specialty Crops Feature Activity,2026-09-26T13:56:27+00:00
a1c1aa8a500a4e42,2022-09-09,Lettuce,Green Leaf,each,,,,,No,,,,,,,,1.8,$/each,1.8,per each,National,retail,,,,,,,,467.0,3324,Weekly Grocery Store Specialty Crops Feature Activity,2026-09-26T13:56:27+00:00
e934d72088d70211,2022-09-09,Lettuce,Green Leaf,each,,,,,Yes,,,,,,,,2.16,$/each,2.16,per each,National,retail,,,,,,,,308.0,3324,Weekly Grocery Store Specialty Crops Feature Activity,2026-09-26T13:56:27+00:00
7a4f24658fe64035,2022-09-09,Lettuce,Green Leaf,per lb,,,,,No,,,,,,,,1.84,$/per lb,1.84,per lb,National,retail,,,,,,,,40.0,3324,Weekly Grocery Store Specialty Crops Feature Activity,2026-09-26T13:56:27+00:00
5768464b9533f9b5,2022-09-09,Lettuce,Iceberg,each,,,,,Yes,,,,,,,,3.79,$/each,3.79,per each,National,retail,,,,,,,,55.0,3324,Weekly Grocery Store Specialty Crops Feature Activity,2026-09-26T13:56:27+00:00
74a4e2562eacaa74,2022-09-09,Lettuce,Iceberg,each,,,,,No,,,,,,,,1.43,$/each,1.43,per each,National,retail,,,,,,,,1785.0,3324,Weekly Grocery Store Specialty Crops Feature Activity,2026-09-26T13:56:27+00:00
38a39707f39af2c4,2022-09-09,Lettuce,Iceberg,per lb,,,,,No,,,,,,,,1.49,$/per lb,1.49,per lb,National,retail,,,,,,,,63.0,3324,Weekly Grocery Store Specialty Crops Feature Activity,2026-09-26T13:56:27+00:00
6bf84c3343786442,2022-09-09,Lettuce,Red Leaf,each,,,,,No,,,,,,,,1.71,$/each,1.71,per each,National,retail,,,,,,,,306.0,3324,Weekly Grocery Store Specialty Crops Feature Activity,2026-09-26T13:56:27+00:00
ef2728868ee56b4d,2022-09-09,Lettuce,Red Leaf,each,,,,,Yes,,,,,,,,2.16,$/each,2.16,per each,National,retail,,,,,,,,308.0,3324,Weekly Grocery Store Specialty Crops Feature Activity,2026-09-26T13:56:27+00:00
68367a4e3e1fe321,2022-09-09,Lettuce,Red Leaf,per lb,,,,,No,,,,,,,,1.84,$/per lb,1.84,per lb,National,retail,,,,,,,,40.0,3324,Weekly Grocery Store Specialty Crops Feature Activity,2026-09-26T13:56:27+00:00
0b292dd1cf448bd3,2022-09-09,Lettuce,Romaine,each,,,,,No,,,,,,,,1.71,$/each,1.71,per each,National,retail,,,,,,,,304.0,3324,Weekly Grocery Store Specialty Crops Feature Activity,2026-09-26T13:56:27+00:00
2a3db423128bf19d,2022-09-09,Lettuce,Romaine,each,,,,,Yes,,,,,,,,2.49,$/each,2.49,per each,National,retail,,,,,,,,7.0,3324,Weekly Grocery Store Specialty Crops Feature Activity,2026-09-26T13:56:27+00:00
826b161dbd2b9db5,2022-09-09,Lettuce,Romaine,per lb,,,,,No,,,,,,,,1.42,$/per lb,1.42,per lb,National,retail,,,,,,,,21.0,3324,Weekly Grocery Store Specialty Crops Feature Activity,2026-09-26T13:56:27+00:00
41ae2203a8aeec0f,2022-09-09,Lettuce,Romaine (Hearts),3 count,,,,,No,,,,,,,,3.56,$/3 count,,,National,retail,,,,,,,,766.0,3324,Weekly Grocery Store Specialty Crops Feature Activity,2026-09-26T13:56:27+00:00
4777d1fbd6270896,2022-09-09,Lettuce,Romaine (Hearts),3 count,,,,,Yes,,,,,,,,3.51,$/3 count,,,National,retail,,,,,,,,852.0,3324,Weekly Grocery Store Specialty Crops Feature Activity,2026-09-26T13:56:27+00:00
23f0ea0140482ac4,2022-09-09,Limes,,each,,,,,No,,,,,,,,0.34,$/each,0.34,per each,National,retail,,,,,,,,844.0,3324,Weekly Grocery Store Specialty Crops Feature Activity,2026-09-26T13:56:27+00:00
465864034d96182a,2022-09-09,Limes,,per lb,,,,,No,,,,,,,,0.88,$/per lb,0.88,per lb,National,retail,,,,,,,,120.0,3324,Weekly Grocery Store Specialty Crops Feature Activity,2026-09-26T13:56:27+00:00
ab537068a086c5f0,2022-09-09,"Onions, Dry",RED,2 lb bag,,,,,Yes,,,,,,,,4.49,$/2 lb bag,2.245,per lb,National,retail,,,,,,,,13.0,3324,Weekly Grocery Store Specialty Crops Feature Activity,2026-09-26T13:56:27+00:00
bb0b5da3e9b87159,2022-09-09,"Onions, Dry",RED,2 lb bag,,,,,No,,,,,,,,2.85,$/2 lb bag,1.425,per lb,National,retail,,,,,,,,56.0,3324,Weekly Grocery Store Specialty Crops Feature Activity,2026-09-26T13:56:27+00:00
678f096e7dd9459d,2022-09-09,"Onions, Dry",RED,per lb,,,,,No,,,,,,,,1.58,$/per lb,1.58,per lb,National,retail,,,,,,,,1540.0,3324,Weekly Grocery Store Specialty Crops Feature Activity,2026-09-26T13:56:27+00:00
610169a9f4113809,2022-09-09,"Onions, Dry",WHITE,2 lb bag,,,,,Yes,,,,,,,,4.49,$/2 lb bag,2.245,per lb,National,retail,,,,,,,,13.0,3324,Weekly Grocery Store Specialty Crops Feature Activity,2026-09-26T13:56:27+00:00
cafebfb64d7a56cf,2022-09-09,"Onions, Dry",WHITE,2 lb bag,,,,,No,,,,,,,,2.58,$/2 lb bag,1.29,per lb,National,retail,,,,,,,,118.0,3324,Weekly Grocery Store Specialty Crops Feature Activity,2026-09-26T13:56:27+00:00
22643ba3dea80ff2,2022-09-09,"Onions, Dry",WHITE,per lb,,,,,No,,,,,,,,1.29,$/per lb,1.29,per lb,National,retail,,,,,,,,721.0,3324,Weekly Grocery Store Specialty Crops Feature Activity,2026-09-26T13:56:27+00:00
fc01dd3554283824,2022-09-09,"Onions, Dry",YELLOW,2 lb bag,,,,,No,,,,,,,,2.0,$/2 lb bag,1.0,per lb,National,retail,,,,,,,,253.0,3324,Weekly Grocery Store Specialty Crops Feature Activity,2026-09-26T13:56:27+00:00
9b754b756a5fb20c,2022-09-09,"Onions, Dry",YELLOW,3 lb bag,,,,,Yes,,,,,,,,5.56,$/3 lb bag,1.8533,per lb,National,retail,,,,,,,,325.0,3324,Weekly Grocery Store Specialty Crops Feature Activity,2026-09-26T13:56:27+00:00
bb1f99655ab679b8,2022-09-09,"Onions, Dry",YELLOW,3 lb bag,,,,,No,,,,,,,,2.71,$/3 lb bag,0.9033,per lb,National,retail,,,,,,,,1742.0,3324,Weekly Grocery Store Specialty Crops Feature Activity,2026-09-26T13:56:27+00:00
341350d5c087ab04,2022-09-09,"Onions, Dry",YELLOW,per lb,,,,,No,,,,,,,,0.99,$/per lb,0.99,per lb,National,retail,,,,,,,,1164.0,3324,Weekly Grocery Store Specialty Crops Feature Activity,2026-09-26T13:56:27+00:00
a4dbfde31628c710,2022-09-09,"Onions, Dry",YELLOW,per lb,,,,,Yes,,,,,,,,1.19,$/per lb,1.19,per lb,National,retail,,,,,,,,130.0,3324,Weekly Grocery Store Specialty Crops Feature Activity,2026-09-26T13:56:27+00:00
c711fc0f2812dc0d,2022-09-09,"Onions, Dry",YELLOW MARKED SWEET,2 lb bag,,,,,No,,,,,,,,2.29,$/2 lb bag,1.145,per lb,National,retail,,,,,,,,110.0,3324,Weekly Grocery Store Specialty Crops Feature Activity,2026-09-26T13:56:27+00:00
a5d85966cd5c8df5,2022-09-09,"Onions, Dry",YELLOW MARKED SWEET,3 lb bag,,,,,No,,,,,,,,3.7,$/3 lb bag,1.2333,per lb,National,retail,,,,,,,,206.0,3324,Weekly Grocery Store Specialty Crops Feature Activity,2026-09-26T13:56:27+00:00
2c0602f037eee8ea,2022-09-09,"Onions, Dry",YELLOW MARKED SWEET,per lb,,,,,Yes,,,,,,,,1.49,$/per lb,1.49,per lb,National,retail,,,,,,,,11.0,3324,Weekly Grocery Store Specialty Crops Feature Activity,2026-09-26T13:56:27+00:00
a33fe80a9ccb71e3,2022-09-09,"Onions, Dry",YELLOW MARKED SWEET,per lb,,,,,No,,,,,,,,1.39,$/per lb,1.39,per lb,National,retail,,,,,,,,1259.0,3324,Weekly Grocery Store Specialty Crops Feature Activity,2026-09-26T13:56:27+00:00
d2071744620234f6,2022-09-09,"Peppers, Bell Type",GREEN,each,,,,,No,,,,,,,,0.83,$/each,0.83,per each,National,retail,,,,,,,,2771.0,3324,Weekly Grocery Store Specialty Crops Feature Activity,2026-09-26T13:56:27+00:00
256c2cf92f0e04fa,2022-09-09,"Peppers, Bell Type",GREEN,per lb,,,,,No,,,,,,,,1.49,$/per lb,1.49,per lb,National,retail,,,,,,,,671.0,3324,Weekly Grocery Store Specialty Crops Feature Activity,2026-09-26T13:56:27+00:00
3e561d0c83a11bb0,2022-09-09,"Peppers, Bell Type",GREEN,per lb,,,,,Yes,,,,,,,,2.45,$/per lb,2.45,per lb,National,retail,,,,,,,,35.0,3324,Weekly Grocery Store Specialty Crops Feature Activity,2026-09-26T13:56:27+00:00
1c5eae188e77f2b0,2022-09-09,"Peppers, Bell Type",ORANGE,each,,,,,No,,,,,,,,1.29,$/each,1.29,per each,National,retail,,,environment=Greenhouse,,,,,81.0,3324,Weekly Grocery Store Specialty Crops Feature Activity,2026-09-26T13:56:27+00:00
b0c1e374c16277a2,2022-09-09,"Peppers, Bell Type",ORANGE,each,,,,,No,,,,,,,,1.29,$/each,1.29,per each,National,retail,,,,,,,,1856.0,3324,Weekly Grocery Store Specialty Crops Feature Activity,2026-09-26T13:56:27+00:00
151c069ca7337d0d,2022-09-09,"Peppers, Bell Type",ORANGE,per lb,,,,,No,,,,,,,,3.42,$/per lb,3.42,per lb,National,retail,,,environment=Greenhouse,,,,,8.0,3324,Weekly Grocery Store Specialty Crops Feature Activity,2026-09-26T13:56:27+00:00
53519ce413916e21,2022-09-09,"Peppers, Bell Type",ORANGE,per lb,,,,,No,,,,,,,,3.42,$/per lb,3.42,per lb,National,retail,,,,,,,,1283.0,3324,Weekly Grocery Store Specialty Crops Feature Activity,2026-09-26T13:56:27+00:00
b80469df458f88e9,2022-09-09,"Peppers, Bell Type",ORANGE,per lb,,,,,Yes,,,,,,,,5.99,$/per lb,5.99,per lb,National,retail,,,,,,,,16.0,3324,Weekly Grocery Store Specialty Crops Feature Activity,2026-09-26T13:56:27+00:00
3bce84a0472f977f,2022-09-09,"Peppers, Bell Type",RED,each,,,,,No,,,,,,,,1.31,$/each,1.31,per each,National,retail,,,,,,,,2198.0,3324,Weekly Grocery Store Specialty Crops Feature Activity,2026-09-26T13:56:27+00:00
825286823853eb0c,2022-09-09,"Peppers, Bell Type",RED,each,,,,,No,,,,,,,,1.31,$/each,1.31,per each,National,retail,,,environment=Greenhouse,,,,,95.0,3324,Weekly Grocery Store Specialty Crops Feature Activity,2026-09-26T13:56:27+00:00
2cb9bf1466eda4bd,2022-09-09,"Peppers, Bell Type",RED,per lb,,,,,No,,,,,,,,3.27,$/per lb,3.27,per lb,National,retail,,,,,,,,1661.0,3324,Weekly Grocery Store Specialty Crops Feature Activity,2026-09-26T13:56:27+00:00
c752995f16c7d0b5,2022-09-09,"Peppers, Bell Type",RED,per lb,,,,,No,,,,,,,,3.27,$/per lb,3.27,per lb,National,retail,,,environment=Greenhouse,,,,,8.0,3324,Weekly Grocery Store Specialty Crops Feature Activity,2026-09-26T13:56:27+00:00
fdd513b173a1be36,2022-09-09,"Peppers, Bell Type",RED,per lb,,,,,Yes,,,,,,,,3.0,$/per lb,3.0,per lb,National,retail,,,,,,,,223.0,3324,Weekly Grocery Store Specialty Crops Feature Activity,2026-09-26T13:56:27+00:00
949d6a743684481f,2022-09-09,"Peppers, Bell Type",YELLOW,each,,,,,No,,,,,,,,1.31,$/each,1.31,per each,National,retail,,,,,,,,2134.0,3324,Weekly Grocery Store Specialty Crops Feature Activity,2026-09-26T13:56:27+00:00
aafbba58e2cf29b1,2022-09-09,"Peppers, Bell Type",YELLOW,each,,,,,No,,,,,,,,1.31,$/each,1.31,per each,National,retail,,,environment=Greenhouse,,,,,95.0,3324,Weekly Grocery Store Specialty Crops Feature Activity,2026-09-26T13:56:27+00:00
255a464fa03a50b4,2022-09-09,"Peppers, Bell Type",YELLOW,per lb,,,,,No,,,,,,,,3.34,$/per lb,3.34,per lb,National,retail,,,environment=Greenhouse,,,,,8.0,3324,Weekly Grocery Store Specialty Crops Feature Activity,2026-09-26T13:56:27+00:00
4d7178f4479b5da8,2022-09-09,"Peppers, Bell Type",YELLOW,per lb,,,,,No,,,,,,,,3.34,$/per lb,3.34,per lb,National,retail,,,,,,,,1341.0,3324,Weekly Grocery Store Specialty Crops Feature Activity,2026-09-26T13:56:27+00:00
5b15e492930a67a5,2022-09-09,Potatoes,ROUND RED,3 lb bag,,,,,No,,,,,,,,3.31,$/3 lb bag,1.1033,per lb,National,retail,,,,,,,,17.0,3324,Weekly Grocery Store Specialty Crops Feature Activity,2026-09-26T13:56:27+00:00
7960eff4891c4c22,2022-09-09,Potatoes,ROUND RED,3 lb bag,,,,,Yes,,,,,,,,4.25,$/3 lb bag,1.4167,per lb,National,retail,,,,,,,,111.0,3324,Weekly Grocery Store Specialty Crops Feature Activity,2026-09-26T13:56:27+00:00
7af03ffba6f650e2,2022-09-09,Potatoes,ROUND RED,5 lb bag,,,,,No,,,,,,,,3.66,$/5 lb bag,0.732,per lb,National,retail,,,,,,,,1702.0,3324,Weekly Grocery Store Specialty Crops Feature Activity,2026-09-26T13:56:27+00:00
be640c7254b32c02,2022-09-09,Potatoes,ROUND RED,per lb,,,,,No,,,,,,,,1.32,$/per lb,1.32,per lb,National,retail,,,,,,,,332.0,3324,Weekly Grocery Store Specialty Crops Feature Activity,2026-09-26T13:56:27+00:00
4ae923f62b009ef1,2022-09-09,Potatoes,ROUND WHITE,5 lb bag,,,,,No,,,,,,,,2.89,$/5 lb bag,0.578,per lb,National,retail,,,,,,,,609.0,3324,Weekly Grocery Store Specialty Crops Feature Activity,2026-09-26T13:56:27+00:00
473d6eeaf571638f,2022-09-09,Potatoes,ROUND WHITE,per lb,,,,,No,,,,,,,,0.69,$/per lb,0.69,per lb,National,retail,,,,,,,,8.0,3324,Weekly Grocery Store Specialty Crops Feature Activity,2026-09-26T13:56:27+00:00
824845552dabaa66,2022-09-09,Potatoes,RUSSET,10 lb bag,,,,,No,,,,,,,,5.87,$/10 lb bag,0.587,per lb,National,retail,,,,,,,,78.0,3324,Weekly Grocery Store Specialty Crops Feature Activity,2026-09-26T13:56:27+00:00
c6b4715d8204b3e4,2022-09-09,Potatoes,RUSSET,3 lb bag,,,,,No,,,,,,,,1.99,$/3 lb bag,0.6633,per lb,National,retail,,,,,,,,35.0,3324,Weekly Grocery Store Specialty Crops Feature Activity,2026-09-26T13:56:27+00:00
e7ff083fee925752,2022-09-09,Potatoes,RUSSET,5 lb bag,,,,,No,,,,,,,,3.43,$/5 lb bag,0.686,per lb,National,retail,,,,,,,,2019.0,3324,Weekly Grocery Store Specialty Crops Feature Activity,2026-09-26T13:56:27+00:00
18daa9d45cb5d55a,2022-09-09,Potatoes,RUSSET,8 lb bag,,,,,No,,,,,,,,1.99,$/8 lb bag,0.2487,per lb,National,retail,,,,,,,,6.0,3324,Weekly Grocery Store Specialty Crops Feature Activity,2026-09-26T13:56:27+00:00
44a8c4aa6f1f826d,2022-09-09,Potatoes,RUSSET,per lb,,,,,Yes,,,,,,,,1.79,$/per lb,1.79,per lb,National,retail,,,,,,,,130.0,3324,Weekly Grocery Store Specialty Crops Feature Activity,2026-09-26T13:56:27+00:00
bf6f0899a1ff3a58,2022-09-09,Potatoes,RUSSET,per lb,,,,,No,,,,,,,,1.14,$/per lb,1.14,per lb,National,retail,,,,,,,,392.0,3324,Weekly Grocery Store Specialty Crops Feature Activity,2026-09-26T13:56:27+00:00
2b0c27932d01a971,2022-09-09,Potatoes,YELLOW TYPE,10 lb bag,,,,,No,,,,,,,,4.99,$/10 lb bag,0.499,per lb,National,retail,,,,,,,,8.0,3324,Weekly Grocery Store Specialty Crops Feature Activity,2026-09-26T13:56:27+00:00
c552c20acd3655b8,2022-09-09,Potatoes,YELLOW TYPE,3 lb bag,,,,,Yes,,,,,,,,4.09,$/3 lb bag,1.3633,per lb,National,retail,,,,,,,,128.0,3324,Weekly Grocery Store Specialty Crops Feature Activity,2026-09-26T13:56:27+00:00
d28cec7c885b96d1,2022-09-09,Potatoes,YELLOW TYPE,3 lb bag,,,,,No,,,,,,,,2.56,$/3 lb bag,0.8533,per lb,National,retail,,,,,,,,24.0,3324,Weekly Grocery Store Specialty Crops Feature Activity,2026-09-26T13:56:27+00:00
ba3940ab572bac62,2022-09-09,Potatoes,YELLOW TYPE,5 lb bag,,,,,No,,,,,,,,3.66,$/5 lb bag,0.732,per lb,National,retail,,,,,,,,1076.0,3324,Weekly Grocery Store Specialty Crops Feature Activity,2026-09-26T13:56:27+00:00
4e6be9c6aba42eb2,2022-09-09,Potatoes,YELLOW TYPE,per lb,,,,,No,,,,,,,,1.45,$/per lb,1.45,per lb,National,retail,,,,,,,,308.0,3324,Weekly Grocery Store Specialty Crops Feature Activity,2026-09-26T13:56:27+00:00
8e8ef0818f2a64d0,2022-09-09,Potatoes,YELLOW TYPE,per lb,,,,,Yes,,,,,,,,3.99,$/per lb,3.99,per lb,National,retail,,,,,,,,50.0,3324,Weekly Grocery Store Specialty Crops Feature Activity,2026-09-26T13:56:27+00:00
39690e74c1d6ebd7,2022-09-09,Strawberries,,1 lb package,,,,,No,,,,,,,,3.03,$/1 lb package,3.03,per lb,National,retail,,,,,,,,3491.0,3324,Weekly Grocery Store Specialty Crops Feature Activity,2026-09-26T13:56:27+00:00
7071edd7d61f1ac0,2022-09-09,Strawberries,,1 lb package,,,,,Yes,,,,,,,,4.0,$/1 lb package,4.0,per lb,National,retail,,,,,,,,1821.0,3324,Weekly Grocery Store Specialty Crops Feature Activity,2026-09-26T13:56:27+00:00
39b27c5809845319,2022-09-09,Tomatoes,,per lb,,,,,No,,,,,,,,1.64,$/per lb,1.64,per lb,National,retail,,,,,,,,758.0,3324,Weekly Grocery Store Specialty Crops Feature Activity,2026-09-26T13:56:27+00:00
60b06f7286087b1e,2022-09-09,Tomatoes,,per lb,,,,,Yes,,,,,,,,2.65,$/per lb,2.65,per lb,National,retail,,,,,,,,152.0,3324,Weekly Grocery Store Specialty Crops Feature Activity,2026-09-26T13:56:27+00:00
b2612eea52f52bc1,2022-09-09,Tomatoes,Cherry Type,1 pint package,,,,,Yes,,,,,,,,3.92,$/1 pint package,,,National,retail,,,,,,,,30.0,3324,Weekly Grocery Store Specialty Crops Feature Activity,2026-09-26T13:56:27+00:00
ebdcfdfadc2d529a,2022-09-09,Tomatoes,Cherry Type,1 pint package,,,,,No,,,,,,,,2.98,$/1 pint package,,,National,retail,,,,,,,,179.0,3324,Weekly Grocery Store Specialty Crops Feature Activity,2026-09-26T13:56:27+00:00
01db5307ff89f52e,2022-09-09,Tomatoes,GRAPE TYPE,1 pint package,,,,,No,,,,,,,,2.54,$/1 pint package,,,National,retail,,,,,,,,1613.0,3324,Weekly Grocery Store Specialty Crops Feature Activity,2026-09-26T13:56:27+00:00
5819a8189821c755,2022-09-09,Tomatoes,GRAPE TYPE,1 pint package,,,,,Yes,,,,,,,,2.78,$/1 pint package,,,National,retail,,,,,,,,340.0,3324,Weekly Grocery Store Specialty Crops Feature Activity,2026-09-26T13:56:27+00:00
0518a216956fb77a,2022-09-09,Tomatoes,GRAPE TYPE,10 oz package,,,,,Yes,,,,,,,,2.77,$/10 oz package,4.432,per lb,National,retail,,,,,,,,141.0,3324,Weekly Grocery Store Specialty Crops Feature Activity,2026-09-26T13:56:27+00:00
4443c536d20fd9fd,2022-09-09,Tomatoes,GRAPE TYPE,10 oz package,,,,,No,,,,,,,,2.75,$/10 oz package,4.4,per lb,National,retail,,,,,,,,2422.0,3324,Weekly Grocery Store Specialty Crops Feature Activity,2026-09-26T13:56:27+00:00
3229dbc076f04026,2022-09-09,Tomatoes,Plum Type (Roma),per lb,,,,,Yes,,,,,,,,1.99,$/per lb,1.99,per lb,National,retail,,,,,,,,22.0,3324,Weekly Grocery Store Specialty Crops Feature Activity,2026-09-26T13:56:27+00:00
f378f66c4d3e8342,2022-09-09,Tomatoes,Plum Type (Roma),per lb,,,,,No,,,,,,,,1.27,$/per lb,1.27,per lb,National,retail,,,,,,,,2222.0,3324,Weekly Grocery Store Specialty Crops Feature Activity,2026-09-26T13:56:27+00:00
2c8f0d1efa59c386,2022-09-09,Tomatoes,VINE RIPES,per lb,,,,,No,,,,,,,,1.81,$/per lb,1.81,per lb,National,retail,,,,,,,,277.0,3324,Weekly Grocery Store Specialty Crops Feature Activity,2026-09-26T13:56:27+00:00
45ad4ccc491c0590,2022-09-09,Tomatoes,VINE RIPES,per lb,,,,,Yes,,,,,,,,3.99,$/per lb,3.99,per lb,National,retail,,,,,,,,25.0,3324,Weekly Grocery Store Specialty Crops Feature Activity,2026-09-26T13:56:27+00:00
d04c29510d50ca37,2022-09-09,Tomatoes,VINE RIPES,per lb,,,,,Yes,,,,,,,,3.99,$/per lb,3.99,per lb,National,retail,,,environment=Greenhouse,,,,,8.0,3324,Weekly Grocery Store Specialty Crops Feature Activity,2026-09-26T13:56:27+00:00
dcea35fc5dbea1bf,2022-09-09,Tomatoes,VINE RIPES,per lb,,,,,No,,,,,,,,1.81,$/per lb,1.81,per lb,National,retail,,,environment=Greenhouse,,,,,230.0,3324,Weekly Grocery Store Specialty Crops Feature Activity,2026-09-26T13:56:27+00:00
ef6e338bfae03a51,2022-09-09,Tomatoes,VINE RIPES - ON THE VINE,per lb,,,,,Yes,,,,,,,,3.32,$/per lb,3.32,per lb,National,retail,,,environment=Greenhouse,,,,,906.0,3324,Weekly Grocery Store Specialty Crops Feature Activity,2026-09-26T13:56:27+00:00
f845fa88d15691e2,2022-09-09,Tomatoes,VINE RIPES - ON THE VINE,per lb,,,,,No,,,,,,,,1.51,$/per lb,1.51,per lb,National,retail,,,environment=Greenhouse,,,,,2910.0,3324,Weekly Grocery Store Specialty Crops Feature Activity,2026-09-26T13:56:27+00:00
29c6cd18b691864f,2022-09-09,Tomatoes,Vine Ripes - Heirloom Varieties,per lb,,,,,Yes,,,,,,,,3.97,$/per lb,3.97,per lb,National,retail,,,environment=Greenhouse,,,,,392.0,3324,Weekly Grocery Store Specialty Crops Feature Activity,2026-09-26T13:56:27+00:00
31c2cf2d62bf0c93,2022-09-09,Tomatoes,Vine Ripes - Heirloom Varieties,per lb,,,,,No,,,,,,,,2.76,$/per lb,2.76,per lb,National,retail,,,environment=Greenhouse,,,,,44.0,3324,Weekly Grocery Store Specialty Crops Feature Activity,2026-09-26T13:56:27+00:00
2514c6e793b20db0,2022-09-09,Avocados,HASS,each,,,,,No,,,,,,,,1.32,$/each,1.32,per each,Northeast,retail,,,,,,,,1226.0,3324,Weekly Grocery Store Specialty Crops Feature Activity,2026-09-26T13:56:27+00:00
da36c538b67b86ad,2022-09-09,Avocados,HASS,each,,,,,Yes,,,,,,,,2.5,$/each,2.5,per each,Northeast,retail,,,,,,,,22.0,3324,Weekly Grocery Store Specialty Crops Feature Activity,2026-09-26T13:56:27+00:00
88dd6f35c124b6d2,2022-09-09,Avocados,VARIOUS GREENSKIN VARIETIES,each,,,,,Yes,,,,,,,,2.0,$/each,2.0,per each,Northeast,retail,,,,,,,,70.0,3324,Weekly Grocery Store Specialty Crops Feature Activity,2026-09-26T13:56:27+00:00
dade611d0246f36f,2022-09-09,Bananas,,per lb,,,,,No,,,,,,,,0.71,$/per lb,0.71,per lb,Northeast,retail,,,,,,,,271.0,3324,Weekly Grocery Store Specialty Crops Feature Activity,2026-09-26T13:56:27+00:00
e7ddbb93399bb0aa,2022-09-09,Bananas,,per lb,,,,,Yes,,,,,,,,0.72,$/per lb,0.72,per lb,Northeast,retail,,,,,,,,253.0,3324,Weekly Grocery Store Specialty Crops Feature Activity,2026-09-26T13:56:27+00:00
66a4f93b81793cf9,2022-09-09,Blueberries,,1 pint package,,,,,No,,,,,,,,3.98,$/1 pint package,,,Northeast,retail,,,,,,,,572.0,3324,Weekly Grocery Store Specialty Crops Feature Activity,2026-09-26T13:56:27+00:00
94e205a3f492e078,2022-09-09,Blueberries,,1 pint package,,,,,Yes,,,,,,,,5.93,$/1 pint package,,,Northeast,retail,,,,,,,,261.0,3324,Weekly Grocery Store Specialty Crops Feature Activity,2026-09-26T13:56:27+00:00
39d426db7db2fe2f,2022-09-09,Blueberries,,18 oz package,,,,,No,,,,,,,,5.99,$/18 oz package,5.3244,per lb,Northeast,retail,,,,,,,,57.0,3324,Weekly Grocery Store Specialty Crops Feature Activity,2026-09-26T13:56:27+00:00
be383c0276437d44,2022-09-09,Blueberries,,6 oz package,,,,,No,,,,,,,,3.99,$/6 oz package,10.64,per lb,Northeast,retail,,,,,,,,43.0,3324,Weekly Grocery Store Specialty Crops Feature Activity,2026-09-26T13:56:27+00:00
d84551a9a7fad223,2022-09-09,Blueberries,,6 oz package,,,,,Yes,,,,,,,,3.9,$/6 oz package,10.4,per lb,Northeast,retail,,,,,,,,953.0,3324,Weekly Grocery Store Specialty Crops Feature Activity,2026-09-26T13:56:27+00:00
142186a7e3145e51,2022-09-09,Broccoli,,per bunch,,,,,Yes,,,,,,,,3.73,$/per bunch,,,Northeast,retail,,,,,,,,135.0,3324,Weekly Grocery Store Specialty Crops Feature Activity,2026-09-26T13:56:27+00:00
1ab5ad050309f4e9,2022-09-09,Broccoli,,per bunch,,,,,No,,,,,,,,2.18,$/per bunch,,,Northeast,retail,,,,,,,,81.0,3324,Weekly Grocery Store Specialty Crops Feature Activity,2026-09-26T13:56:27+00:00
01992007f1eb252a,2022-09-09,Broccoli,CROWN CUT,per lb,,,,,No,,,,,,,,1.63,$/per lb,1.63,per lb,Northeast,retail,,,,,,,,1036.0,3324,Weekly Grocery Store Specialty Crops Feature Activity,2026-09-26T13:56:27+00:00
aaa49685e8705df5,2022-09-09,Carrots,,1 lb bag,,,,,No,,,,,,,,1.67,$/1 lb bag,1.67,per lb,Northeast,retail,,,,,,,,52.0,3324,Weekly Grocery Store Specialty Crops Feature Activity,2026-09-26T13:56:27+00:00
047b240de2769ea0,2022-09-09,Carrots,,2 lb bag,,,,,Yes,,,,,,,,2.17,$/2 lb bag,1.085,per lb,Northeast,retail,,,,,,,,95.0,3324,Weekly Grocery Store Specialty Crops Feature Activity,2026-09-26T13:56:27+00:00
1ac9e7f11203f65c,2022-09-09,Carrots,BABY PEELED,1 lb bag,,,,,No,,,,,,,,1.46,$/1 lb bag,1.46,per lb,Northeast,retail,,,,,,,,349.0,3324,Weekly Grocery Store Specialty Crops Feature Activity,2026-09-26T13:56:27+00:00
7159210aadab1034,2022-09-09,Carrots,BABY PEELED,1 lb bag,,,,,Yes,,,,,,,,2.3,$/1 lb bag,2.3,per lb,Northeast,retail,,,,,,,,437.0,3324,Weekly Grocery Store Specialty Crops Feature Activity,2026-09-26T13:56:27+00:00
9c72c059a330dd90,2022-09-09,Carrots,BABY PEELED,2 lb bag,,,,,No,,,,,,,,2.45,$/2 lb bag,1.225,per lb,Northeast,retail,,,,,,,,297.0,3324,Weekly Grocery Store Specialty Crops Feature Activity,2026-09-26T13:56:27+00:00
51d9be1c60091dbd,2022-09-09,Celery,,each,,,,,Yes,,,,,,,,2.99,$/each,2.99,per each,Northeast,retail,,,,,,,,6.0,3324,Weekly Grocery Store Specialty Crops Feature Activity,2026-09-26T13:56:27+00:00
9458d8a6e549f360,2022-09-09,Celery,,each,,,,,No,,,,,,,,1.68,$/each,1.68,per each,Northeast,retail,,,,,,,,421.0,3324,Weekly Grocery Store Specialty Crops Feature Activity,2026-09-26T13:56:27+00:00
c37effd4fabc89bf,2022-09-09,Celery,HEARTS,each,,,,,No,,,,,,,,3.43,$/each,3.43,per each,Northeast,retail,,,,,,,,106.0,3324,Weekly Grocery Store Specialty Crops Feature Activity,2026-09-26T13:56:27+00:00
e9c543ae2b33ec58,2022-09-09,Celery,HEARTS,each,,,,,Yes,,,,,,,,3.22,$/each,3.22,per each,Northeast,retail,,,,,,,,318.0,3324,Weekly Grocery Store Specialty Crops Feature Activity,2026-09-26T13:56:27+00:00
115a459a5df8ff03,2022-09-09,Cucumbers,,each,,,,,No,,,,,,,,0.81,$/each,0.81,per each,Northeast,retail,,,,,,,,424.0,3324,Weekly Grocery Store Specialty Crops Feature Activity,2026-09-26T13:56:27+00:00
dfdc844a875e39d1,2022-09-09,Cucumbers,,each,,,,,Yes,,,,,,,,1.99,$/each,1.99,per each,Northeast,retail,,,,,,,,16.0,3324,Weekly Grocery Store Specialty Crops Feature Activity,2026-09-26T13:56:27+00:00
1ded6c689bb05b27,2022-09-09,Cucumbers,LONG SEEDLESS,each,,,,,Yes,,,,,,,,2.0,$/each,2.0,per each,Northeast,retail,,,environment=Greenhouse,,,,,22.0,3324,Weekly Grocery Store Specialty Crops Feature Activity,2026-09-26T13:56:27+00:00
b76fcd91e0bf12cc,2022-09-09,Cucumbers,LONG SEEDLESS,each,,,,,No,,,,,,,,0.75,$/each,0.75,per each,Northeast,retail,,,environment=Greenhouse,,,,,144.0,3324,Weekly Grocery Store Specialty Crops Feature Activity,2026-09-26T13:56:27+00:00
8c8bb87323aa44d8,2022-09-09,Grapes,BLACK SEEDLESS,per lb,,,,,Yes,,,,,,,,2.96,$/per lb,2.96,per lb,Northeast,retail,,,,,,,,230.0,3324,Weekly Grocery Store Specialty Crops Feature Activity,2026-09-26T13:56:27+00:00
b789d91df2d1c247,2022-09-09,Grapes,BLACK SEEDLESS,per lb,,,,,No,,,,,,,,2.31,$/per lb,2.31,per lb,Northeast,retail,,,,,,,,1095.0,3324,Weekly Grocery Store Specialty Crops Feature Activity,2026-09-26T13:56:27+00:00
392d8c9725f76aaf,2022-09-09,Grapes,RED SEEDLESS,per lb,,,,,Yes,,,,,,,,3.04,$/per lb,3.04,per lb,Northeast,retail,,,,,,,,948.0,3324,Weekly Grocery Store Specialty Crops Feature Activity,2026-09-26T13:56:27+00:00
52b24276e26fcc83,2022-09-09,Grapes,RED SEEDLESS,per lb,,,,,No,,,,,,,,2.01,$/per lb,2.01,per lb,Northeast,retail,,,,,,,,2093.0,3324,Weekly Grocery Store Specialty Crops Feature Activity,2026-09-26T13:56:27+00:00
207cbda722165521,2022-09-09,Grapes,Red Globe Seeded Type,per lb,,,,,No,,,,,,,,2.49,$/per lb,2.49,per lb,Northeast,retail,,,,,,,,242.0,3324,Weekly Grocery Store Specialty Crops Feature Activity,2026-09-26T13:56:27+00:00
028fbab6da27e5da,2022-09-09,Grapes,WHITE SEEDLESS TYPE,per lb,,,,,Yes,,,,,,,,3.05,$/per lb,3.05,per lb,Northeast,retail,,,,,,,,892.0,3324,Weekly Grocery Store Specialty Crops Feature Activity,2026-09-26T13:56:27+00:00
cd23bbc65ab182e6,2022-09-09,Grapes,WHITE SEEDLESS TYPE,per lb,,,,,No,,,,,,,,2.21,$/per lb,2.21,per lb,Northeast,retail,,,,,,,,1707.0,3324,Weekly Grocery Store Specialty Crops Feature Activity,2026-09-26T13:56:27+00:00
c7b6cbe9dff6da96,2022-09-09,Lemons,,2 lb bag,,,,,No,,,,,,,,3.73,$/2 lb bag,1.865,per lb,Northeast,retail,,,,,,,,333.0,3324,Weekly Grocery Store Specialty Crops Feature Activity,2026-09-26T13:56:27+00:00
9b8611f3fffb7e25,2022-09-09,Lemons,,each,,,,,No,,,,,,,,0.52,$/each,0.52,per each,Northeast,retail,,,,,,,,285.0,3324,Weekly Grocery Store Specialty Crops Feature Activity,2026-09-26T13:56:27+00:00
7a96ca4999f14477,2022-09-09,Lettuce,Green Leaf,each,,,,,No,,,,,,,,1.5,$/each,1.5,per each,Northeast,retail,,,,,,,,6.0,3324,Weekly Grocery Store Specialty Crops Feature Activity,2026-09-26T13:56:27+00:00
5bf398bc527b9709,2022-09-09,Lettuce,Green Leaf,per lb,,,,,No,,,,,,,,1.99,$/per lb,1.99,per lb,Northeast,retail,,,,,,,,25.0,3324,Weekly Grocery Store Specialty Crops Feature Activity,2026-09-26T13:56:27+00:00
1d45fc12a8d31614,2022-09-09,Lettuce,Iceberg,each,,,,,No,,,,,,,,1.29,$/each,1.29,per each,Northeast,retail,,,,,,,,180.0,3324,Weekly Grocery Store Specialty Crops Feature Activity,2026-09-26T13:56:27+00:00
b25421a150b1009f,2022-09-09,Lettuce,Iceberg,each,,,,,Yes,,,,,,,,3.79,$/each,3.79,per each,Northeast,retail,,,,,,,,55.0,3324,Weekly Grocery Store Specialty Crops Feature Activity,2026-09-26T13:56:27+00:00
23549d29891defdf,2022-09-09,Lettuce,Red Leaf,each,,,,,No,,,,,,,,1.5,$/each,1.5,per each,Northeast,retail,,,,,,,,6.0,3324,Weekly Grocery Store Specialty Crops Feature Activity,2026-09-26T13:56:27+00:00
6eeff006726f6400,2022-09-09,Lettuce,Red Leaf,per lb,,,,,No,,,,,,,,1.99,$/per lb,1.99,per lb,Northeast,retail,,,,,,,,25.0,3324,Weekly Grocery Store Specialty Crops Feature Activity,2026-09-26T13:56:27+00:00
1df77983694da314,2022-09-09,Lettuce,Romaine,each,,,,,No,,,,,,,,1.19,$/each,1.19,per each,Northeast,retail,,,,,,,,15.0,3324,Weekly Grocery Store Specialty Crops Feature Activity,2026-09-26T13:56:27+00:00
2604c67870800712,2022-09-09,Lettuce,Romaine (Hearts),3 count,,,,,No,,,,,,,,3.49,$/3 count,,,Northeast,retail,,,,,,,,463.0,3324,Weekly Grocery Store Specialty Crops Feature Activity,2026-09-26T13:56:27+00:00
cec8dea1edfd1b45,2022-09-09,Lettuce,Romaine (Hearts),3 count,,,,,Yes,,,,,,,,3.99,$/3 count,,,Northeast,retail,,,,,,,,241.0,3324,Weekly Grocery Store Specialty Crops Feature Activity,2026-09-26T13:56:27+00:00
186e66799e64d006,2022-09-09,Limes,,each,,,,,No,,,,,,,,0.42,$/each,0.42,per each,Northeast,retail,,,,,,,,107.0,3324,Weekly Grocery Store Specialty Crops Feature Activity,2026-09-26T13:56:27+00:00
4d86c7f3763ac8f5,2022-09-09,"Onions, Dry",RED,2 lb bag,,,,,No,,,,,,,,2.85,$/2 lb bag,1.425,per lb,Northeast,retail,,,,,,,,56.0,3324,Weekly Grocery Store Specialty Crops Feature Activity,2026-09-26T13:56:27+00:00
c533c08de1203630,2022-09-09,"Onions, Dry",RED,per lb,,,,,No,,,,,,,,1.25,$/per lb,1.25,per lb,Northeast,retail,,,,,,,,19.0,3324,Weekly Grocery Store Specialty Crops Feature Activity,2026-09-26T13:56:27+00:00
471c422df8df8c91,2022-09-09,"Onions, Dry",WHITE,per lb,,,,,No,,,,,,,,1.29,$/per lb,1.29,per lb,Northeast,retail,,,,,,,,43.0,3324,Weekly Grocery Store Specialty Crops Feature Activity,2026-09-26T13:56:27+00:00
dfc0e4d6165dc94a,2022-09-09,"Onions, Dry",YELLOW,2 lb bag,,,,,No,,,,,,,,2.13,$/2 lb bag,1.065,per lb,Northeast,retail,,,,,,,,211.0,3324,Weekly Grocery Store Specialty Crops Feature Activity,2026-09-26T13:56:27+00:00
0aeb45c63bbae3a4,2022-09-09,"Onions, Dry",YELLOW,3 lb bag,,,,,Yes,,,,,,,,5.56,$/3 lb bag,1.8533,per lb,Northeast,retail,,,,,,,,325.0,3324,Weekly Grocery Store Specialty Crops Feature Activity,2026-09-26T13:56:27+00:00
1691bb42e690c7e9,2022-09-09,"Onions, Dry",YELLOW,3 lb bag,,,,,No,,,,,,,,2.67,$/3 lb bag,0.89,per lb,Northeast,retail,,,,,,,,1162.0,3324,Weekly Grocery Store Specialty Crops Feature Activity,2026-09-26T13:56:27+00:00
4487f7fab0a59b86,2022-09-09,"Onions, Dry",YELLOW,per lb,,,,,No,,,,,,,,1.29,$/per lb,1.29,per lb,Northeast,retail,,,,,,,,179.0,3324,Weekly Grocery Store Specialty Crops Feature Activity,2026-09-26T13:56:27+00:00
0932be666ff7452f,2022-09-09,"Onions, Dry",YELLOW MARKED SWEET,2 lb bag,,,,,No,,,,,,,,2.29,$/2 lb bag,1.145,per lb,Northeast,retail,,,,,,,,106.0,3324,Weekly Grocery Store Specialty Crops Feature Activity,2026-09-26T13:56:27+00:00
cb4af93d6e0e9804,2022-09-09,"Onions, Dry",YELLOW MARKED SWEET,per lb,,,,,No,,,,,,,,1.34,$/per lb,1.34,per lb,Northeast,retail,,,,,,,,313.0,3324,Weekly Grocery Store Specialty Crops Feature Activity,2026-09-26T13:56:27+00:00
1248cb72f8fe6af8,2022-09-09,"Peppers, Bell Type",GREEN,each,,,,,No,,,,,,,,0.93,$/each,0.93,per each,Northeast,retail,,,,,,,,210.0,3324,Weekly Grocery Store Specialty Crops Feature Activity,2026-09-26T13:56:27+00:00
5f565af020f90465,2022-09-09,"Peppers, Bell Type",GREEN,per lb,,,,,No,,,,,,,,1.6,$/per lb,1.6,per lb,Northeast,retail,,,,,,,,488.0,3324,Weekly Grocery Store Specialty Crops Feature Activity,2026-09-26T13:56:27+00:00
b082f68020165681,2022-09-09,"Peppers, Bell Type",GREEN,per lb,,,,,Yes,,,,,,,,2.99,$/per lb,2.99,per lb,Northeast,retail,,,,,,,,16.0,3324,Weekly Grocery Store Specialty Crops Feature Activity,2026-09-26T13:56:27+00:00
e88276e0cc6fcef0,2022-09-09,"Peppers, Bell Type",ORANGE,each,,,,,No,,,,,,,,1.67,$/each,1.67,per each,Northeast,retail,,,,,,,,166.0,3324,Weekly Grocery Store Specialty Crops Feature Activity,2026-09-26T13:56:27+00:00
0619b433a99765b8,2022-09-09,"Peppers, Bell Type",ORANGE,per lb,,,,,No,,,,,,,,2.64,$/per lb,2.64,per lb,Northeast,retail,,,,,,,,68.0,3324,Weekly Grocery Store Specialty Crops Feature Activity,2026-09-26T13:56:27+00:00
1a16103bfffbfc3a,2022-09-09,"Peppers, Bell Type",ORANGE,per lb,,,,,No,,,,,,,,2.99,$/per lb,2.99,per lb,Northeast,retail,,,environment=Greenhouse,,,,,8.0,3324,Weekly Grocery Store Specialty Crops Feature Activity,2026-09-26T13:56:27+00:00
34cb329788fcc2f7,2022-09-09,"Peppers, Bell Type",ORANGE,per lb,,,,,Yes,,,,,,,,5.99,$/per lb,5.99,per lb,Northeast,retail,,,,,,,,16.0,3324,Weekly Grocery Store Specialty Crops Feature Activity,2026-09-26T13:56:27+00:00
dc8efecdaf4b4ba3,2022-09-09,"Peppers, Bell Type",RED,each,,,,,No,,,,,,,,1.67,$/each,1.67,per each,Northeast,retail,,,,,,,,166.0,3324,Weekly Grocery Store Specialty Crops Feature Activity,2026-09-26T13:56:27+00:00
55270abd327888e1,2022-09-09,"Peppers, Bell Type",RED,per lb,,,,,Yes,,,,,,,,2.77,$/per lb,2.77,per lb,Northeast,retail,,,,,,,,191.0,3324,Weekly Grocery Store Specialty Crops Feature Activity,2026-09-26T13:56:27+00:00
6710c4c7288b52aa,2022-09-09,"Peppers, Bell Type",RED,per lb,,,,,No,,,,,,,,2.99,$/per lb,2.99,per lb,Northeast,retail,,,environment=Greenhouse,,,,,8.0,3324,Weekly Grocery Store Specialty Crops Feature Activity,2026-09-26T13:56:27+00:00
f5d5cd9981c32498,2022-09-09,"Peppers, Bell Type",RED,per lb,,,,,No,,,,,,,,2.74,$/per lb,2.74,per lb,Northeast,retail,,,,,,,,107.0,3324,Weekly Grocery Store Specialty Crops Feature Activity,2026-09-26T13:56:27+00:00
cd770c73ee06f0e1,2022-09-09,"Peppers, Bell Type",YELLOW,each,,,,,No,,,,,,,,1.67,$/each,1.67,per each,Northeast,retail,,,,,,,,166.0,3324,Weekly Grocery Store Specialty Crops Feature Activity,2026-09-26T13:56:27+00:00
80fd16a907b74dc2,2022-09-09,"Peppers, Bell Type",YELLOW,per lb,,,,,No,,,,,,,,2.64,$/per lb,2.64,per lb,Northeast,retail,,,,,,,,68.0,3324,Weekly Grocery Store Specialty Crops Feature Activity,2026-09-26T13:56:27+00:00
8c77c9383bb3c5f0,2022-09-09,"Peppers, Bell Type",YELLOW,per lb,,,,,No,,,,,,,,2.99,$/per lb,2.99,per lb,Northeast,retail,,,environment=Greenhouse,,,,,8.0,3324,Weekly Grocery Store Specialty Crops Feature Activity,2026-09-26T13:56:27+00:00
19d30aa20f21d01d,2022-09-09,Potatoes,ROUND RED,3 lb bag,,,,,Yes,,,,,,,,4.32,$/3 lb bag,1.44,per lb,Northeast,retail,,,,,,,,87.0,3324,Weekly Grocery Store Specialty Crops Feature Activity,2026-09-26T13:56:27+00:00
7d22acafba0ea1d4,2022-09-09,Potatoes,ROUND RED,5 lb bag,,,,,No,,,,,,,,4.01,$/5 lb bag,0.802,per lb,Northeast,retail,,,,,,,,431.0,3324,Weekly Grocery Store Specialty Crops Feature Activity,2026-09-26T13:56:27+00:00
0212d9333f65203b,2022-09-09,Potatoes,ROUND WHITE,5 lb bag,,,,,No,,,,,,,,2.98,$/5 lb bag,0.596,per lb,Northeast,retail,,,,,,,,353.0,3324,Weekly Grocery Store Specialty Crops Feature Activity,2026-09-26T13:56:27+00:00
7af2a4a96d7cb497,2022-09-09,Potatoes,RUSSET,5 lb bag,,,,,No,,,,,,,,3.86,$/5 lb bag,0.772,per lb,Northeast,retail,,,,,,,,268.0,3324,Weekly Grocery Store Specialty Crops Feature Activity,2026-09-26T13:56:27+00:00
c73cfac71388a83c,2022-09-09,Potatoes,YELLOW TYPE,3 lb bag,,,,,Yes,,,,,,,,4.08,$/3 lb bag,1.36,per lb,Northeast,retail,,,,,,,,87.0,3324,Weekly Grocery Store Specialty Crops Feature Activity,2026-09-26T13:56:27+00:00
6b8f96c73667b5e8,2022-09-09,Potatoes,YELLOW TYPE,5 lb bag,,,,,No,,,,,,,,3.84,$/5 lb bag,0.768,per lb,Northeast,retail,,,,,,,,567.0,3324,Weekly Grocery Store Specialty Crops Feature Activity,2026-09-26T13:56:27+00:00
23a3235591333cab,2022-09-09,Strawberries,,1 lb package,,,,,No,,,,,,,,3.46,$/1 lb package,3.46,per lb,Northeast,retail,,,,,,,,881.0,3324,Weekly Grocery Store Specialty Crops Feature Activity,2026-09-26T13:56:27+00:00
ac63dba5d4408335,2022-09-09,Strawberries,,1 lb package,,,,,Yes,,,,,,,,4.68,$/1 lb package,4.68,per lb,Northeast,retail,,,,,,,,334.0,3324,Weekly Grocery Store Specialty Crops Feature Activity,2026-09-26T13:56:27+00:00
1b6f7c59a75e19b9,2022-09-09,Tomatoes,,per lb,,,,,Yes,,,,,,,,2.99,$/per lb,2.99,per lb,Northeast,retail,,,,,,,,22.0,3324,Weekly Grocery Store Specialty Crops Feature Activity,2026-09-26T13:56:27+00:00
74c55f330d624241,2022-09-09,Tomatoes,,per lb,,,,,No,,,,,,,,1.89,$/per lb,1.89,per lb,Northeast,retail,,,,,,,,63.0,3324,Weekly Grocery Store Specialty Crops Feature Activity,2026-09-26T13:56:27+00:00
323fd5a2fbb71d95,2022-09-09,Tomatoes,Cherry Type,1 pint package,,,,,Yes,,,,,,,,2.99,$/1 pint package,,,Northeast,retail,,,,,,,,7.0,3324,Weekly Grocery Store Specialty Crops Feature Activity,2026-09-26T13:56:27+00:00
ad470ce5d93a079c,2022-09-09,Tomatoes,Cherry Type,1 pint package,,,,,No,,,,,,,,3.99,$/1 pint package,,,Northeast,retail,,,,,,,,24.0,3324,Weekly Grocery Store Specialty Crops Feature Activity,2026-09-26T13:56:27+00:00
b5b19b7935d88ec2,2022-09-09,Tomatoes,GRAPE TYPE,1 pint package,,,,,No,,,,,,,,2.55,$/1 pint package,,,Northeast,retail,,,,,,,,1379.0,3324,Weekly Grocery Store Specialty Crops Feature Activity,2026-09-26T13:56:27+00:00
fe99b2363f5570ad,2022-09-09,Tomatoes,GRAPE TYPE,1 pint package,,,,,Yes,,,,,,,,2.97,$/1 pint package,,,Northeast,retail,,,,,,,,151.0,3324,Weekly Grocery Store Specialty Crops Feature Activity,2026-09-26T13:56:27+00:00
ebe851f86139e982,2022-09-09,Tomatoes,GRAPE TYPE,10 oz package,,,,,No,,,,,,,,2.95,$/10 oz package,4.72,per lb,Northeast,retail,,,,,,,,553.0,3324,Weekly Grocery Store Specialty Crops Feature Activity,2026-09-26T13:56:27+00:00
313d2b35232923b3,2022-09-09,Tomatoes,Plum Type (Roma),per lb,,,,,Yes,,,,,,,,1.99,$/per lb,1.99,per lb,Northeast,retail,,,,,,,,22.0,3324,Weekly Grocery Store Specialty Crops Feature Activity,2026-09-26T13:56:27+00:00
a2aaf868beda9136,2022-09-09,Tomatoes,Plum Type (Roma),per lb,,,,,No,,,,,,,,1.41,$/per lb,1.41,per lb,Northeast,retail,,,,,,,,313.0,3324,Weekly Grocery Store Specialty Crops Feature Activity,2026-09-26T13:56:27+00:00
96cc4aa41ed3182b,2022-09-09,Tomatoes,VINE RIPES,per lb,,,,,No,,,,,,,,2.49,$/per lb,2.49,per lb,Northeast,retail,,,environment=Greenhouse,,,,,32.0,3324,Weekly Grocery Store Specialty Crops Feature Activity,2026-09-26T13:56:27+00:00
9ac66eebe88c05de,2022-09-09,Tomatoes,VINE RIPES,per lb,,,,,No,,,,,,,,1.59,$/per lb,1.59,per lb,Northeast,retail,,,,,,,,14.0,3324,Weekly Grocery Store Specialty Crops Feature Activity,2026-09-26T13:56:27+00:00
a021b2c42e9e2e4b,2022-09-09,Tomatoes,VINE RIPES,per lb,,,,,Yes,,,,,,,,3.99,$/per lb,3.99,per lb,Northeast,retail,,,environment=Greenhouse,,,,,8.0,3324,Weekly Grocery Store Specialty Crops Feature Activity,2026-09-26T13:56:27+00:00
44be845af3b82eb1,2022-09-09,Tomatoes,VINE RIPES - ON THE VINE,per lb,,,,,Yes,,,,,,,,3.36,$/per lb,3.36,per lb,Northeast,retail,,,environment=Greenhouse,,,,,453.0,3324,Weekly Grocery Store Specialty Crops Feature Activity,2026-09-26T13:56:27+00:00
c28846a17286b126,2022-09-09,Tomatoes,VINE RIPES - ON THE VINE,per lb,,,,,No,,,,,,,,1.7,$/per lb,1.7,per lb,Northeast,retail,,,environment=Greenhouse,,,,,887.0,3324,Weekly Grocery Store Specialty Crops Feature Activity,2026-09-26T13:56:27+00:00
31dd3a40db32fe05,2022-09-09,Tomatoes,Vine Ripes - Heirloom Varieties,per lb,,,,,Yes,,,,,,,,3.99,$/per lb,3.99,per lb,Northeast,retail,,,environment=Greenhouse,,,,,52.0,3324,Weekly Grocery Store Specialty Crops Feature Activity,2026-09-26T13:56:27+00:00
207a47e5347bcbff,2022-09-09,Avocados,HASS,each,,,,,No,,,,,,,,1.63,$/each,1.63,per each,Northwest,retail,,,,,,,,707.0,3324,Weekly Grocery Store Specialty Crops Feature Activity,2026-09-26T13:56:27+00:00
8a83b60dcffd3558,2022-09-09,Avocados,HASS,each,,,,,Yes,,,,,,,,1.84,$/each,1.84,per each,Northwest,retail,,,,,,,,37.0,3324,Weekly Grocery Store Specialty Crops Feature Activity,2026-09-26T13:56:27+00:00
3175025102046f93,2022-09-09,Bananas,,per lb,,,,,No,,,,,,,,0.62,$/per lb,0.62,per lb,Northwest,retail,,,,,,,,52.0,3324,Weekly Grocery Store Specialty Crops Feature Activity,2026-09-26T13:56:27+00:00
80e602de9f1aa196,2022-09-09,Blueberries,,18 oz package,,,,,Yes,,,,,,,,3.99,$/18 oz package,3.5467,per lb,Northwest,retail,,,,,,,,64.0,3324,Weekly Grocery Store Specialty Crops Feature Activity,2026-09-26T13:56:27+00:00
88b10d612ba9646d,2022-09-09,Blueberries,,18 oz package,,,,,No,,,,,,,,5.1,$/18 oz package,4.5333,per lb,Northwest,retail,,,,,,,,272.0,3324,Weekly Grocery Store Specialty Crops Feature Activity,2026-09-26T13:56:27+00:00
59dc576338856587,2022-09-09,Blueberries,,6 oz package,,,,,Yes,,,,,,,,3.99,$/6 oz package,10.64,per lb,Northwest,retail,,,,,,,,20.0,3324,Weekly Grocery Store Specialty Crops Feature Activity,2026-09-26T13:56:27+00:00
7a429b47a7312e58,2022-09-09,Blueberries,,6 oz package,,,,,No,,,,,,,,3.53,$/6 oz package,9.4133,per lb,Northwest,retail,,,,,,,,273.0,3324,Weekly Grocery Store Specialty Crops Feature Activity,2026-09-26T13:56:27+00:00
3b0875e29d518716,2022-09-09,Broccoli,,per bunch,,,,,Yes,,,,,,,,1.58,$/per bunch,,,Northwest,retail,,,,,,,,19.0,3324,Weekly Grocery Store Specialty Crops Feature Activity,2026-09-26T13:56:27+00:00
fd07bdc9c88a0e65,2022-09-09,Broccoli,,per lb,,,,,No,,,,,,,,1.83,$/per lb,1.83,per lb,Northwest,retail,,,,,,,,352.0,3324,Weekly Grocery Store Specialty Crops Feature Activity,2026-09-26T13:56:27+00:00
c0079bd50545cc06,2022-09-09,Broccoli,BABY HYBRID TYPE,per bunch,,,,,Yes,,,,,,,,3.0,$/per bunch,,,Northwest,retail,,,,,,,,19.0,3324,Weekly Grocery Store Specialty Crops Feature Activity,2026-09-26T13:56:27+00:00
4c37d4e2c0a375a7,2022-09-09,Broccoli,CROWN CUT,per lb,,,,,No,,,,,,,,1.9,$/per lb,1.9,per lb,Northwest,retail,,,,,,,,134.0,3324,Weekly Grocery Store Specialty Crops Feature Activity,2026-09-26T13:56:27+00:00
6a3c4c63c53e31f6,2022-09-09,Carrots,,2 lb bag,,,,,No,,,,,,,,1.49,$/2 lb bag,0.745,per lb,Northwest,retail,,,,,,,,28.0,3324,Weekly Grocery Store Specialty Crops Feature Activity,2026-09-26T13:56:27+00:00
c215a10292ff62b1,2022-09-09,Carrots,,per bunch,,,,,Yes,,,,,,,,2.57,$/per bunch,,,Northwest,retail,,,,,,,,195.0,3324,Weekly Grocery Store Specialty Crops Feature Activity,2026-09-26T13:56:27+00:00
196f57824e8cd9bf,2022-09-09,Carrots,BABY PEELED,1 lb bag,,,,,Yes,,,,,,,,1.5,$/1 lb bag,1.5,per lb,Northwest,retail,,,,,,,,7.0,3324,Weekly Grocery Store Specialty Crops Feature Activity,2026-09-26T13:56:27+00:00
be43327cabd8f11f,2022-09-09,Carrots,BABY PEELED,1 lb bag,,,,,No,,,,,,,,1.44,$/1 lb bag,1.44,per lb,Northwest,retail,,,,,,,,55.0,3324,Weekly Grocery Store Specialty Crops Feature Activity,2026-09-26T13:56:27+00:00
30b6230bbbff8ae6,2022-09-09,Celery,,each,,,,,No,,,,,,,,1.25,$/each,1.25,per each,Northwest,retail,,,,,,,,62.0,3324,Weekly Grocery Store Specialty Crops Feature Activity,2026-09-26T13:56:27+00:00
d474497ff56b50c8,2022-09-09,Celery,,per lb,,,,,No,,,,,,,,0.82,$/per lb,0.82,per lb,Northwest,retail,,,,,,,,51.0,3324,Weekly Grocery Store Specialty Crops Feature Activity,2026-09-26T13:56:27+00:00
24d03ec747c3e35c,2022-09-09,Celery,HEARTS,each,,,,,Yes,,,,,,,,2.5,$/each,2.5,per each,Northwest,retail,,,,,,,,28.0,3324,Weekly Grocery Store Specialty Crops Feature Activity,2026-09-26T13:56:27+00:00
301f7299ce6ec203,2022-09-09,Cucumbers,,each,,,,,No,,,,,,,,0.88,$/each,0.88,per each,Northwest,retail,,,,,,,,297.0,3324,Weekly Grocery Store Specialty Crops Feature Activity,2026-09-26T13:56:27+00:00
e85212bbf0006273,2022-09-09,Cucumbers,LONG SEEDLESS,each,,,,,No,,,,,,,,1.08,$/each,1.08,per each,Northwest,retail,,,environment=Greenhouse,,,,,240.0,3324,Weekly Grocery Store Specialty Crops Feature Activity,2026-09-26T13:56:27+00:00
45b1d758d4ff43a3,2022-09-09,Grapes,BLACK SEEDLESS,per lb,,,,,Yes,,,,,,,,2.85,$/per lb,2.85,per lb,Northwest,retail,,,,,,,,217.0,3324,Weekly Grocery Store Specialty Crops Feature Activity,2026-09-26T13:56:27+00:00
c728d6e87914f3e3,2022-09-09,Grapes,BLACK SEEDLESS,per lb,,,,,No,,,,,,,,1.99,$/per lb,1.99,per lb,Northwest,retail,,,,,,,,30.0,3324,Weekly Grocery Store Specialty Crops Feature Activity,2026-09-26T13:56:27+00:00
2f809a300d911593,2022-09-09,Grapes,RED SEEDLESS,per lb,,,,,Yes,,,,,,,,2.93,$/per lb,2.93,per lb,Northwest,retail,,,,,,,,480.0,3324,Weekly Grocery Store Specialty Crops Feature Activity,2026-09-26T13:56:27+00:00
a49475e318e92cd6,2022-09-09,Grapes,RED SEEDLESS,per lb,,,,,No,,,,,,,,2.24,$/per lb,2.24,per lb,Northwest,retail,,,,,,,,238.0,3324,Weekly Grocery Store Specialty Crops Feature Activity,2026-09-26T13:56:27+00:00
22abade267255696,2022-09-09,Grapes,WHITE SEEDLESS TYPE,per lb,,,,,Yes,,,,,,,,2.93,$/per lb,2.93,per lb,Northwest,retail,,,,,,,,480.0,3324,Weekly Grocery Store Specialty Crops Feature Activity,2026-09-26T13:56:27+00:00
e787f15a53dd7142,2022-09-09,Grapes,WHITE SEEDLESS TYPE,per lb,,,,,No,,,,,,,,2.25,$/per lb,2.25,per lb,Northwest,retail,,,,,,,,230.0,3324,Weekly Grocery Store Specialty Crops Feature Activity,2026-09-26T13:56:27+00:00
b1134671e543ad20,2022-09-09,Lemons,,each,,,,,No,,,,,,,,0.76,$/each,0.76,per each,Northwest,retail,,,,,,,,65.0,3324,Weekly Grocery Store Specialty Crops Feature Activity,2026-09-26T13:56:27+00:00
4a794aa6fc7da255,2022-09-09,Lettuce,Green Leaf,each,,,,,No,,,,,,,,1.74,$/each,1.74,per each,Northwest,retail,,,,,,,,221.0,3324,Weekly Grocery Store Specialty Crops Feature Activity,2026-09-26T13:56:27+00:00
9ba8a9c3eea7daa8,2022-09-09,Lettuce,Green Leaf,each,,,,,Yes,,,,,,,,1.79,$/each,1.79,per each,Northwest,retail,,,,,,,,19.0,3324,Weekly Grocery Store Specialty Crops Feature Activity,2026-09-26T13:56:27+00:00
6db5499f0bee21a0,2022-09-09,Lettuce,Iceberg,per lb,,,,,No,,,,,,,,1.49,$/per lb,1.49,per lb,Northwest,retail,,,,,,,,36.0,3324,Weekly Grocery Store Specialty Crops Feature Activity,2026-09-26T13:56:27+00:00
7d6d876626430718,2022-09-09,Lettuce,Red Leaf,each,,,,,Yes,,,,,,,,1.79,$/each,1.79,per each,Northwest,retail,,,,,,,,19.0,3324,Weekly Grocery Store Specialty Crops Feature Activity,2026-09-26T13:56:27+00:00
e9d20d2bf44fa905,2022-09-09,Lettuce,Red Leaf,each,,,,,No,,,,,,,,1.74,$/each,1.74,per each,Northwest,retail,,,,,,,,221.0,3324,Weekly Grocery Store Specialty Crops Feature Activity,2026-09-26T13:56:27+00:00
464092338a6b2cd0,2022-09-09,Lettuce,Romaine,each,,,,,No,,,,,,,,1.77,$/each,1.77,per each,Northwest,retail,,,,,,,,210.0,3324,Weekly Grocery Store Specialty Crops Feature Activity,2026-09-26T13:56:27+00:00
a2abd7c3a9fd74bf,2022-09-09,Lettuce,Romaine,each,,,,,Yes,,,,,,,,2.49,$/each,2.49,per each,Northwest,retail,,,,,,,,6.0,3324,Weekly Grocery Store Specialty Crops Feature Activity,2026-09-26T13:56:27+00:00
941e976be67d4cb2,2022-09-09,Lettuce,Romaine (Hearts),3 count,,,,,No,,,,,,,,3.94,$/3 count,,,Northwest,retail,,,,,,,,163.0,3324,Weekly Grocery Store Specialty Crops Feature Activity,2026-09-26T13:56:27+00:00
15cc30d55415fe02,2022-09-09,Limes,,each,,,,,No,,,,,,,,0.5,$/each,0.5,per each,Northwest,retail,,,,,,,,28.0,3324,Weekly Grocery Store Specialty Crops Feature Activity,2026-09-26T13:56:27+00:00
548e82819c6acf0e,2022-09-09,"Onions, Dry",WHITE,per lb,,,,,No,,,,,,,,0.99,$/per lb,0.99,per lb,Northwest,retail,,,,,,,,15.0,3324,Weekly Grocery Store Specialty Crops Feature Activity,2026-09-26T13:56:27+00:00
1571bdfbdc982ed1,2022-09-09,"Onions, Dry",YELLOW,per lb,,,,,No,,,,,,,,0.85,$/per lb,0.85,per lb,Northwest,retail,,,,,,,,254.0,3324,Weekly Grocery Store Specialty Crops Feature Activity,2026-09-26T13:56:27+00:00
858271d5b64b06c4,2022-09-09,"Onions, Dry",YELLOW,per lb,,,,,Yes,,,,,,,,1.19,$/per lb,1.19,per lb,Northwest,retail,,,,,,,,19.0,3324,Weekly Grocery Store Specialty Crops Feature Activity,2026-09-26T13:56:27+00:00
4b6a677995ef7d48,2022-09-09,"Onions, Dry",YELLOW MARKED SWEET,per lb,,,,,No,,,,,,,,1.22,$/per lb,1.22,per lb,Northwest,retail,,,,,,,,22.0,3324,Weekly Grocery Store Specialty Crops Feature Activity,2026-09-26T13:56:27+00:00
f0168a7e73aa20e5,2022-09-09,"Onions, Dry",YELLOW MARKED SWEET,per lb,,,,,Yes,,,,,,,,1.49,$/per lb,1.49,per lb,Northwest,retail,,,,,,,,11.0,3324,Weekly Grocery Store Specialty Crops Feature Activity,2026-09-26T13:56:27+00:00
4832bc4c3d5bb7a9,2022-09-09,"Peppers, Bell Type",GREEN,each,,,,,No,,,,,,,,1.08,$/each,1.08,per each,Northwest,retail,,,,,,,,137.0,3324,Weekly Grocery Store Specialty Crops Feature Activity,2026-09-26T13:56:27+00:00
8edf59d3b5306132,2022-09-09,"Peppers, Bell Type",GREEN,per lb,,,,,No,,,,,,,,1.29,$/per lb,1.29,per lb,Northwest,retail,,,,,,,,3.0,3324,Weekly Grocery Store Specialty Crops Feature Activity,2026-09-26T13:56:27+00:00
33ba7e2707fba8b7,2022-09-09,"Peppers, Bell Type",ORANGE,each,,,,,No,,,,,,,,1.5,$/each,1.5,per each,Northwest,retail,,,environment=Greenhouse,,,,,11.0,3324,Weekly Grocery Store Specialty Crops Feature Activity,2026-09-26T13:56:27+00:00
4009352501fc9110,2022-09-09,"Peppers, Bell Type",ORANGE,each,,,,,No,,,,,,,,1.0,$/each,1.0,per each,Northwest,retail,,,,,,,,400.0,3324,Weekly Grocery Store Specialty Crops Feature Activity,2026-09-26T13:56:27+00:00
08ca55fd5ab0ae5d,2022-09-09,"Peppers, Bell Type",RED,each,,,,,No,,,,,,,,1.5,$/each,1.5,per each,Northwest,retail,,,environment=Greenhouse,,,,,11.0,3324,Weekly Grocery Store Specialty Crops Feature Activity,2026-09-26T13:56:27+00:00
318a9e3a66575aa7,2022-09-09,"Peppers, Bell Type",RED,each,,,,,No,,,,,,,,1.02,$/each,1.02,per each,Northwest,retail,,,,,,,,476.0,3324,Weekly Grocery Store Specialty Crops Feature Activity,2026-09-26T13:56:27+00:00
0d0f25166ef8e32a,2022-09-09,"Peppers, Bell Type",RED,per lb,,,,,Yes,,,,,,,,4.33,$/per lb,4.33,per lb,Northwest,retail,,,,,,,,32.0,3324,Weekly Grocery Store Specialty Crops Feature Activity,2026-09-26T13:56:27+00:00
4443009c0b7f765a,2022-09-09,"Peppers, Bell Type",YELLOW,each,,,,,No,,,,,,,,1.5,$/each,1.5,per each,Northwest,retail,,,environment=Greenhouse,,,,,11.0,3324,Weekly Grocery Store Specialty Crops Feature Activity,2026-09-26T13:56:27+00:00
461b985b13de1df8,2022-09-09,"Peppers, Bell Type",YELLOW,each,,,,,No,,,,,,,,1.0,$/each,1.0,per each,Northwest,retail,,,,,,,,440.0,3324,Weekly Grocery Store Specialty Crops Feature Activity,2026-09-26T13:56:27+00:00
ebcd3bce91c31c3d,2022-09-09,Potatoes,ROUND RED,5 lb bag,,,,,No,,,,,,,,4.49,$/5 lb bag,0.898,per lb,Northwest,retail,,,,,,,,5.0,3324,Weekly Grocery Store Specialty Crops Feature Activity,2026-09-26T13:56:27+00:00
d3ec39c07aa4023d,2022-09-09,Potatoes,ROUND RED,per lb,,,,,No,,,,,,,,1.61,$/per lb,1.61,per lb,Northwest,retail,,,,,,,,35.0,3324,Weekly Grocery Store Specialty Crops Feature Activity,2026-09-26T13:56:27+00:00
28beb343ab619547,2022-09-09,Potatoes,RUSSET,5 lb bag,,,,,No,,,,,,,,2.69,$/5 lb bag,0.538,per lb,Northwest,retail,,,,,,,,40.0,3324,Weekly Grocery Store Specialty Crops Feature Activity,2026-09-26T13:56:27+00:00
412da871f73f4fd4,2022-09-09,Potatoes,RUSSET,per lb,,,,,Yes,,,,,,,,1.79,$/per lb,1.79,per lb,Northwest,retail,,,,,,,,19.0,3324,Weekly Grocery Store Specialty Crops Feature Activity,2026-09-26T13:56:27+00:00
d0b741c8e79fc8ea,2022-09-09,Potatoes,RUSSET,per lb,,,,,No,,,,,,,,0.89,$/per lb,0.89,per lb,Northwest,retail,,,,,,,,214.0,3324,Weekly Grocery Store Specialty Crops Feature Activity,2026-09-26T13:56:27+00:00
064536c3020f40b6,2022-09-09,Potatoes,YELLOW TYPE,3 lb bag,,,,,Yes,,,,,,,,4.28,$/3 lb bag,1.4267,per lb,Northwest,retail,,,,,,,,17.0,3324,Weekly Grocery Store Specialty Crops Feature Activity,2026-09-26T13:56:27+00:00
1ce57558b5c155dc,2022-09-09,Potatoes,YELLOW TYPE,per lb,,,,,No,,,,,,,,1.69,$/per lb,1.69,per lb,Northwest,retail,,,,,,,,28.0,3324,Weekly Grocery Store Specialty Crops Feature Activity,2026-09-26T13:56:27+00:00
20d0c563a8e88db5,2022-09-09,Strawberries,,1 lb package,,,,,No,,,,,,,,3.85,$/1 lb package,3.85,per lb,Northwest,retail,,,,,,,,240.0,3324,Weekly Grocery Store Specialty Crops Feature Activity,2026-09-26T13:56:27+00:00
1075ef38ac703726,2022-09-09,Tomatoes,,per lb,,,,,Yes,,,,,,,,2.59,$/per lb,2.59,per lb,Northwest,retail,,,,,,,,19.0,3324,Weekly Grocery Store Specialty Crops Feature Activity,2026-09-26T13:56:27+00:00
de2d64a543f02fca,2022-09-09,Tomatoes,,per lb,,,,,No,,,,,,,,2.34,$/per lb,2.34,per lb,Northwest,retail,,,,,,,,36.0,3324,Weekly Grocery Store Specialty Crops Feature Activity,2026-09-26T13:56:27+00:00
7d28c9235a34fbb4,2022-09-09,Tomatoes,Cherry Type,1 pint package,,,,,No,,,,,,,,3.98,$/1 pint package,,,Northwest,retail,,,,,,,,3.0,3324,Weekly Grocery Store Specialty Crops Feature Activity,2026-09-26T13:56:27+00:00
405f93e9f4315f2d,2022-09-09,Tomatoes,GRAPE TYPE,10 oz package,,,,,No,,,,,,,,2.5,$/10 oz package,4.0,per lb,Northwest,retail,,,,,,,,20.0,3324,Weekly Grocery Store Specialty Crops Feature Activity,2026-09-26T13:56:27+00:00
6c7f3e362f343236,2022-09-09,Tomatoes,Plum Type (Roma),per lb,,,,,No,,,,,,,,1.43,$/per lb,1.43,per lb,Northwest,retail,,,,,,,,232.0,3324,Weekly Grocery Store Specialty Crops Feature Activity,2026-09-26T13:56:27+00:00
4289e8871653acd1,2022-09-09,Tomatoes,VINE RIPES,per lb,,,,,No,,,,,,,,1.49,$/per lb,1.49,per lb,Northwest,retail,,,,,,,,17.0,3324,Weekly Grocery Store Specialty Crops Feature Activity,2026-09-26T13:56:27+00:00
b87f311a5b9a0e99,2022-09-09,Tomatoes,VINE RIPES,per lb,,,,,No,,,,,,,,1.79,$/per lb,1.79,per lb,Northwest,retail,,,environment=Greenhouse,,,,,6.0,3324,Weekly Grocery Store Specialty Crops Feature Activity,2026-09-26T13:56:27+00:00
fe709ef9c7984d86,2022-09-09,Tomatoes,VINE RIPES,per lb,,,,,Yes,,,,,,,,3.99,$/per lb,3.99,per lb,Northwest,retail,,,,,,,,21.0,3324,Weekly Grocery Store Specialty Crops Feature Activity,2026-09-26T13:56:27+00:00
905b8cf4215c0830,2022-09-09,Tomatoes,VINE RIPES - ON THE VINE,per lb,,,,,No,,,,,,,,1.44,$/per lb,1.44,per lb,Northwest,retail,,,environment=Greenhouse,,,,,29.0,3324,Weekly Grocery Store Specialty Crops Feature Activity,2026-09-26T13:56:27+00:00
799acb414086b1a6,2022-09-09,Tomatoes,Vine Ripes - Heirloom Varieties,per lb,,,,,Yes,,,,,,,,4.36,$/per lb,4.36,per lb,Northwest,retail,,,environment=Greenhouse,,,,,30.0,3324,Weekly Grocery Store Specialty Crops Feature Activity,2026-09-26T13:56:27+00:00
85cefd0cb5648e82,2022-09-09,Avocados,HASS,each,,,,,Yes,,,,,,,,1.1,$/each,1.1,per each,Southcentral,retail,,,,,,,,198.0,3324,Weekly Grocery Store Specialty Crops Feature Activity,2026-09-26T13:56:27+00:00
d676ee2f92292125,2022-09-09,Avocados,HASS,each,,,,,No,,,,,,,,1.16,$/each,1.16,per each,Southcentral,retail,,,,,,,,1325.0,3324,Weekly Grocery Store Specialty Crops Feature Activity,2026-09-26T13:56:27+00:00
b05b6495a3231e2f,2022-09-09,Avocados,VARIOUS GREENSKIN VARIETIES,each,,,,,No,,,,,,,,2.0,$/each,2.0,per each,Southcentral,retail,,,,,,,,49.0,3324,Weekly Grocery Store Specialty Crops Feature Activity,2026-09-26T13:56:27+00:00
ce909a8d0dd4aca8,2022-09-09,Bananas,,per lb,,,,,No,,,,,,,,0.5,$/per lb,0.5,per lb,Southcentral,retail,,,,,,,,108.0,3324,Weekly Grocery Store Specialty Crops Feature Activity,2026-09-26T13:56:27+00:00
8db895d1c74ebf0d,2022-09-09,Blueberries,,1 pint package,,,,,No,,,,,,,,2.53,$/1 pint package,,,Southcentral,retail,,,,,,,,241.0,3324,Weekly Grocery Store Specialty Crops Feature Activity,2026-09-26T13:56:27+00:00
ee4714bed09b1d4d,2022-09-09,Blueberries,,1 pint package,,,,,Yes,,,,,,,,3.99,$/1 pint package,,,Southcentral,retail,,,,,,,,5.0,3324,Weekly Grocery Store Specialty Crops Feature Activity,2026-09-26T13:56:27+00:00
8331339b98d20667,2022-09-09,Blueberries,,18 oz package,,,,,No,,,,,,,,3.98,$/18 oz package,3.5378,per lb,Southcentral,retail,,,,,,,,99.0,3324,Weekly Grocery Store Specialty Crops Feature Activity,2026-09-26T13:56:27+00:00
2f71d97a3031a4a1,2022-09-09,Blueberries,,6 oz package,,,,,No,,,,,,,,3.42,$/6 oz package,9.12,per lb,Southcentral,retail,,,,,,,,586.0,3324,Weekly Grocery Store Specialty Crops Feature Activity,2026-09-26T13:56:27+00:00
d9d0a6fec2314c88,2022-09-09,Blueberries,,6 oz package,,,,,Yes,,,,,,,,4.0,$/6 oz package,10.6667,per lb,Southcentral,retail,,,,,,,,32.0,3324,Weekly Grocery Store Specialty Crops Feature Activity,2026-09-26T13:56:27+00:00
856b81d6a5773169,2022-09-09,Broccoli,,per bunch,,,,,No,,,,,,,,2.5,$/per bunch,,,Southcentral,retail,,,,,,,,40.0,3324,Weekly Grocery Store Specialty Crops Feature Activity,2026-09-26T13:56:27+00:00
ee16b7475e459985,2022-09-09,Broccoli,BABY HYBRID TYPE,per bunch,,,,,Yes,,,,,,,,3.0,$/per bunch,,,Southcentral,retail,,,,,,,,45.0,3324,Weekly Grocery Store Specialty Crops Feature Activity,2026-09-26T13:56:27+00:00
330f9a6d3cee0b42,2022-09-09,Broccoli,CROWN CUT,per lb,,,,,No,,,,,,,,1.3,$/per lb,1.3,per lb,Southcentral,retail,,,,,,,,300.0,3324,Weekly Grocery Store Specialty Crops Feature Activity,2026-09-26T13:56:27+00:00
1a96727688f7e96b,2022-09-09,Carrots,,per lb,,,,,No,,,,,,,,0.53,$/per lb,0.53,per lb,Southcentral,retail,,,,,,,,91.0,3324,Weekly Grocery Store Specialty Crops Feature Activity,2026-09-26T13:56:27+00:00
0287c71964adea1b,2022-09-09,Carrots,BABY PEELED,1 lb bag,,,,,No,,,,,,,,1.16,$/1 lb bag,1.16,per lb,Southcentral,retail,,,,,,,,71.0,3324,Weekly Grocery Store Specialty Crops Feature Activity,2026-09-26T13:56:27+00:00
e6f710fbb0a964fe,2022-09-09,Carrots,BABY PEELED,1 lb bag,,,,,Yes,,,,,,,,1.78,$/1 lb bag,1.78,per lb,Southcentral,retail,,,,,,,,98.0,3324,Weekly Grocery Store Specialty Crops Feature Activity,2026-09-26T13:56:27+00:00
50d83cc026f9ffa9,2022-09-09,Carrots,BABY PEELED,2 lb bag,,,,,No,,,,,,,,2.2,$/2 lb bag,1.1,per lb,Southcentral,retail,,,,,,,,107.0,3324,Weekly Grocery Store Specialty Crops Feature Activity,2026-09-26T13:56:27+00:00
267765e9b5ca73f0,2022-09-09,Celery,,each,,,,,No,,,,,,,,0.99,$/each,0.99,per each,Southcentral,retail,,,,,,,,68.0,3324,Weekly Grocery Store Specialty Crops Feature Activity,2026-09-26T13:56:27+00:00
3636ec29bbed9000,2022-09-09,Celery,,each,,,,,Yes,,,,,,,,2.49,$/each,2.49,per each,Southcentral,retail,,,,,,,,60.0,3324,Weekly Grocery Store Specialty Crops Feature Activity,2026-09-26T13:56:27+00:00
a8aa9712d7083d7a,2022-09-09,Cucumbers,,each,,,,,No,,,,,,,,0.46,$/each,0.46,per each,Southcentral,retail,,,,,,,,434.0,3324,Weekly Grocery Store Specialty Crops Feature Activity,2026-09-26T13:56:27+00:00
4697256ba9d73ee1,2022-09-09,Cucumbers,LONG SEEDLESS,each,,,,,No,,,,,,,,1.18,$/each,1.18,per each,Southcentral,retail,,,environment=Greenhouse,,,,,29.0,3324,Weekly Grocery Store Specialty Crops Feature Activity,2026-09-26T13:56:27+00:00
fa99038894454d81,2022-09-09,Cucumbers,LONG SEEDLESS,each,,,,,Yes,,,,,,,,2.5,$/each,2.5,per each,Southcentral,retail,,,environment=Greenhouse,,,,,11.0,3324,Weekly Grocery Store Specialty Crops Feature Activity,2026-09-26T13:56:27+00:00
136b6a12c8bba7c6,2022-09-09,Grapes,BLACK SEEDLESS,per lb,,,,,No,,,,,,,,1.45,$/per lb,1.45,per lb,Southcentral,retail,,,,,,,,387.0,3324,Weekly Grocery Store Specialty Crops Feature Activity,2026-09-26T13:56:27+00:00
d817c0d8ae933ae6,2022-09-09,Grapes,BLACK SEEDLESS,per lb,,,,,Yes,,,,,,,,2.62,$/per lb,2.62,per lb,Southcentral,retail,,,,,,,,296.0,3324,Weekly Grocery Store Specialty Crops Feature Activity,2026-09-26T13:56:27+00:00
d0abc34d304360e0,2022-09-09,Grapes,RED SEEDLESS,per lb,,,,,Yes,,,,,,,,3.03,$/per lb,3.03,per lb,Southcentral,retail,,,,,,,,677.0,3324,Weekly Grocery Store Specialty Crops Feature Activity,2026-09-26T13:56:27+00:00
e01cab4f13d06744,2022-09-09,Grapes,RED SEEDLESS,per lb,,,,,No,,,,,,,,1.43,$/per lb,1.43,per lb,Southcentral,retail,,,,,,,,778.0,3324,Weekly Grocery Store Specialty Crops Feature Activity,2026-09-26T13:56:27+00:00
59658721131c43c3,2022-09-09,Grapes,Red Globe Seeded Type,per lb,,,,,No,,,,,,,,1.99,$/per lb,1.99,per lb,Southcentral,retail,,,,,,,,8.0,3324,Weekly Grocery Store Specialty Crops Feature Activity,2026-09-26T13:56:27+00:00
863ab4f1d71cfb1f,2022-09-09,Grapes,WHITE SEEDLESS TYPE,per lb,,,,,Yes,,,,,,,,3.06,$/per lb,3.06,per lb,Southcentral,retail,,,,,,,,621.0,3324,Weekly Grocery Store Specialty Crops Feature Activity,2026-09-26T13:56:27+00:00
c02072cdc0a6bb34,2022-09-09,Grapes,WHITE SEEDLESS TYPE,per lb,,,,,No,,,,,,,,1.48,$/per lb,1.48,per lb,Southcentral,retail,,,,,,,,730.0,3324,Weekly Grocery Store Specialty Crops Feature Activity,2026-09-26T13:56:27+00:00
f46db96039c610bb,2022-09-09,Lemons,,each,,,,,No,,,,,,,,0.31,$/each,0.31,per each,Southcentral,retail,,,,,,,,244.0,3324,Weekly Grocery Store Specialty Crops Feature Activity,2026-09-26T13:56:27+00:00
09599be71cab3b1c,2022-09-09,Lettuce,Green Leaf,each,,,,,No,,,,,,,,1.86,$/each,1.86,per each,Southcentral,retail,,,,,,,,72.0,3324,Weekly Grocery Store Specialty Crops Feature Activity,2026-09-26T13:56:27+00:00
c67d828b730d8d86,2022-09-09,Lettuce,Green Leaf,each,,,,,Yes,,,,,,,,1.79,$/each,1.79,per each,Southcentral,retail,,,,,,,,82.0,3324,Weekly Grocery Store Specialty Crops Feature Activity,2026-09-26T13:56:27+00:00
1d885bae90a56b03,2022-09-09,Lettuce,Iceberg,each,,,,,No,,,,,,,,1.41,$/each,1.41,per each,Southcentral,retail,,,,,,,,79.0,3324,Weekly Grocery Store Specialty Crops Feature Activity,2026-09-26T13:56:27+00:00
9d3dabce048bb272,2022-09-09,Lettuce,Red Leaf,each,,,,,No,,,,,,,,1.79,$/each,1.79,per each,Southcentral,retail,,,,,,,,47.0,3324,Weekly Grocery Store Specialty Crops Feature Activity,2026-09-26T13:56:27+00:00
ef53ac6e32442066,2022-09-09,Lettuce,Red Leaf,each,,,,,Yes,,,,,,,,1.79,$/each,1.79,per each,Southcentral,retail,,,,,,,,82.0,3324,Weekly Grocery Store Specialty Crops Feature Activity,2026-09-26T13:56:27+00:00
40564aeda90ebfb5,2022-09-09,Lettuce,Romaine,each,,,,,No,,,,,,,,1.79,$/each,1.79,per each,Southcentral,retail,,,,,,,,47.0,3324,Weekly Grocery Store Specialty Crops Feature Activity,2026-09-26T13:56:27+00:00
0d067faf57eed08f,2022-09-09,Lettuce,Romaine (Hearts),3 count,,,,,No,,,,,,,,3.24,$/3 count,,,Southcentral,retail,,,,,,,,42.0,3324,Weekly Grocery Store Specialty Crops Feature Activity,2026-09-26T13:56:27+00:00
6cd6771f42e113b2,2022-09-09,Lettuce,Romaine (Hearts),3 count,,,,,Yes,,,,,,,,3.17,$/3 count,,,Southcentral,retail,,,,,,,,122.0,3324,Weekly Grocery Store Specialty Crops Feature Activity,2026-09-26T13:56:27+00:00
1975f90c79186f8d,2022-09-09,Limes,,each,,,,,No,,,,,,,,0.19,$/each,0.19,per each,Southcentral,retail,,,,,,,,139.0,3324,Weekly Grocery Store Specialty Crops Feature Activity,2026-09-26T13:56:27+00:00
54bdc19699c1b3b1,2022-09-09,"Onions, Dry",RED,per lb,,,,,No,,,,,,,,1.27,$/per lb,1.27,per lb,Southcentral,retail,,,,,,,,78.0,3324,Weekly Grocery Store Specialty Crops Feature Activity,2026-09-26T13:56:27+00:00
b3ee3798b95d558f,2022-09-09,"Onions, Dry",WHITE,2 lb bag,,,,,No,,,,,,,,2.58,$/2 lb bag,1.29,per lb,Southcentral,retail,,,,,,,,118.0,3324,Weekly Grocery Store Specialty Crops Feature Activity,2026-09-26T13:56:27+00:00
e0bad78272d81e3b,2022-09-09,"Onions, Dry",WHITE,per lb,,,,,No,,,,,,,,1.14,$/per lb,1.14,per lb,Southcentral,retail,,,,,,,,399.0,3324,Weekly Grocery Store Specialty Crops Feature Activity,2026-09-26T13:56:27+00:00
6a6373006cd3145b,2022-09-09,"Onions, Dry",YELLOW,3 lb bag,,,,,No,,,,,,,,2.52,$/3 lb bag,0.84,per lb,Southcentral,retail,,,,,,,,120.0,3324,Weekly Grocery Store Specialty Crops Feature Activity,2026-09-26T13:56:27+00:00
51467278b96a785c,2022-09-09,"Onions, Dry",YELLOW,per lb,,,,,No,,,,,,,,1.16,$/per lb,1.16,per lb,Southcentral,retail,,,,,,,,327.0,3324,Weekly Grocery Store Specialty Crops Feature Activity,2026-09-26T13:56:27+00:00
e873204999b97fa3,2022-09-09,"Onions, Dry",YELLOW,per lb,,,,,Yes,,,,,,,,1.19,$/per lb,1.19,per lb,Southcentral,retail,,,,,,,,82.0,3324,Weekly Grocery Store Specialty Crops Feature Activity,2026-09-26T13:56:27+00:00
aaddcb96069f246d,2022-09-09,"Onions, Dry",YELLOW MARKED SWEET,3 lb bag,,,,,No,,,,,,,,4.48,$/3 lb bag,1.4933,per lb,Southcentral,retail,,,,,,,,52.0,3324,Weekly Grocery Store Specialty Crops Feature Activity,2026-09-26T13:56:27+00:00
1f10d5629a1e6fbb,2022-09-09,"Onions, Dry",YELLOW MARKED SWEET,per lb,,,,,No,,,,,,,,1.27,$/per lb,1.27,per lb,Southcentral,retail,,,,,,,,140.0,3324,Weekly Grocery Store Specialty Crops Feature Activity,2026-09-26T13:56:27+00:00
53f2f7333a6d98f0,2022-09-09,"Peppers, Bell Type",GREEN,each,,,,,No,,,,,,,,0.67,$/each,0.67,per each,Southcentral,retail,,,,,,,,223.0,3324,Weekly Grocery Store Specialty Crops Feature Activity,2026-09-26T13:56:27+00:00
090b4a2e46576102,2022-09-09,"Peppers, Bell Type",ORANGE,each,,,,,No,,,,,,,,1.31,$/each,1.31,per each,Southcentral,retail,,,,,,,,801.0,3324,Weekly Grocery Store Specialty Crops Feature Activity,2026-09-26T13:56:27+00:00
50ac139aae97eb02,2022-09-09,"Peppers, Bell Type",ORANGE,each,,,,,No,,,,,,,,1.04,$/each,1.04,per each,Southcentral,retail,,,environment=Greenhouse,,,,,42.0,3324,Weekly Grocery Store Specialty Crops Feature Activity,2026-09-26T13:56:27+00:00
0220226b5e87a920,2022-09-09,"Peppers, Bell Type",RED,each,,,,,No,,,,,,,,1.31,$/each,1.31,per each,Southcentral,retail,,,,,,,,868.0,3324,Weekly Grocery Store Specialty Crops Feature Activity,2026-09-26T13:56:27+00:00
89ef2e4480d03144,2022-09-09,"Peppers, Bell Type",RED,each,,,,,No,,,,,,,,1.04,$/each,1.04,per each,Southcentral,retail,,,environment=Greenhouse,,,,,42.0,3324,Weekly Grocery Store Specialty Crops Feature Activity,2026-09-26T13:56:27+00:00
204f8a2b0c7454ae,2022-09-09,"Peppers, Bell Type",YELLOW,each,,,,,No,,,,,,,,1.32,$/each,1.32,per each,Southcentral,retail,,,,,,,,841.0,3324,Weekly Grocery Store Specialty Crops Feature Activity,2026-09-26T13:56:27+00:00
d9472d1a943354c8,2022-09-09,"Peppers, Bell Type",YELLOW,each,,,,,No,,,,,,,,1.04,$/each,1.04,per each,Southcentral,retail,,,environment=Greenhouse,,,,,42.0,3324,Weekly Grocery Store Specialty Crops Feature Activity,2026-09-26T13:56:27+00:00
6282d0e5ae7d9e19,2022-09-09,Potatoes,ROUND RED,5 lb bag,,,,,No,,,,,,,,4.19,$/5 lb bag,0.838,per lb,Southcentral,retail,,,,,,,,61.0,3324,Weekly Grocery Store Specialty Crops Feature Activity,2026-09-26T13:56:27+00:00
c5c872998c5a67f7,2022-09-09,Potatoes,ROUND WHITE,5 lb bag,,,,,No,,,,,,,,3.49,$/5 lb bag,0.698,per lb,Southcentral,retail,,,,,,,,17.0,3324,Weekly Grocery Store Specialty Crops Feature Activity,2026-09-26T13:56:27+00:00
f2ba0aad99e0d735,2022-09-09,Potatoes,RUSSET,5 lb bag,,,,,No,,,,,,,,3.93,$/5 lb bag,0.786,per lb,Southcentral,retail,,,,,,,,247.0,3324,Weekly Grocery Store Specialty Crops Feature Activity,2026-09-26T13:56:27+00:00
b6ac5ddafde4ca56,2022-09-09,Potatoes,RUSSET,per lb,,,,,Yes,,,,,,,,1.79,$/per lb,1.79,per lb,Southcentral,retail,,,,,,,,82.0,3324,Weekly Grocery Store Specialty Crops Feature Activity,2026-09-26T13:56:27+00:00
8d9c60045f593257,2022-09-09,Potatoes,YELLOW TYPE,5 lb bag,,,,,No,,,,,,,,3.98,$/5 lb bag,0.796,per lb,Southcentral,retail,,,,,,,,146.0,3324,Weekly Grocery Store Specialty Crops Feature Activity,2026-09-26T13:56:27+00:00
5bcc63e028a22478,2022-09-09,Strawberries,,1 lb package,,,,,Yes,,,,,,,,3.93,$/1 lb package,3.93,per lb,Southcentral,retail,,,,,,,,191.0,3324,Weekly Grocery Store Specialty Crops Feature Activity,2026-09-26T13:56:27+00:00
6b7af433818f5b44,2022-09-09,Strawberries,,1 lb package,,,,,No,,,,,,,,3.99,$/1 lb package,3.99,per lb,Southcentral,retail,,,,,,,,68.0,3324,Weekly Grocery Store Specialty Crops Feature Activity,2026-09-26T13:56:27+00:00
0c2ac2753626654c,2022-09-09,Tomatoes,,per lb,,,,,No,,,,,,,,1.68,$/per lb,1.68,per lb,Southcentral,retail,,,,,,,,23.0,3324,Weekly Grocery Store Specialty Crops Feature Activity,2026-09-26T13:56:27+00:00
a2923c9a0fb679dc,2022-09-09,Tomatoes,,per lb,,,,,Yes,,,,,,,,2.59,$/per lb,2.59,per lb,Southcentral,retail,,,,,,,,82.0,3324,Weekly Grocery Store Specialty Crops Feature Activity,2026-09-26T13:56:27+00:00
7e4396a54d88c09f,2022-09-09,Tomatoes,Cherry Type,1 pint package,,,,,No,,,,,,,,2.95,$/1 pint package,,,Southcentral,retail,,,,,,,,126.0,3324,Weekly Grocery Store Specialty Crops Feature Activity,2026-09-26T13:56:27+00:00
6b39643e652f0f4d,2022-09-09,Tomatoes,GRAPE TYPE,10 oz package,,,,,Yes,,,,,,,,2.79,$/10 oz package,4.464,per lb,Southcentral,retail,,,,,,,,45.0,3324,Weekly Grocery Store Specialty Crops Feature Activity,2026-09-26T13:56:27+00:00
f58f115da50256e0,2022-09-09,Tomatoes,GRAPE TYPE,10 oz package,,,,,No,,,,,,,,2.82,$/10 oz package,4.512,per lb,Southcentral,retail,,,,,,,,677.0,3324,Weekly Grocery Store Specialty Crops Feature Activity,2026-09-26T13:56:27+00:00
97f7f9cc8927024e,2022-09-09,Tomatoes,Plum Type (Roma),per lb,,,,,No,,,,,,,,1.01,$/per lb,1.01,per lb,Southcentral,retail,,,,,,,,294.0,3324,Weekly Grocery Store Specialty Crops Feature Activity,2026-09-26T13:56:27+00:00
50ab6fe8dbca9b9e,2022-09-09,Tomatoes,VINE RIPES,per lb,,,,,No,,,,,,,,1.39,$/per lb,1.39,per lb,Southcentral,retail,,,environment=Greenhouse,,,,,23.0,3324,Weekly Grocery Store Specialty Crops Feature Activity,2026-09-26T13:56:27+00:00
a137b61186fd134d,2022-09-09,Tomatoes,VINE RIPES,per lb,,,,,No,,,,,,,,1.79,$/per lb,1.79,per lb,Southcentral,retail,,,,,,,,7.0,3324,Weekly Grocery Store Specialty Crops Feature Activity,2026-09-26T13:56:27+00:00
21f9d9af621a9f1c,2022-09-09,Tomatoes,VINE RIPES - ON THE VINE,per lb,,,,,No,,,,,,,,1.71,$/per lb,1.71,per lb,Southcentral,retail,,,environment=Greenhouse,,,,,414.0,3324,Weekly Grocery Store Specialty Crops Feature Activity,2026-09-26T13:56:27+00:00
068de39897059b08,2022-09-09,Tomatoes,Vine Ripes - Heirloom Varieties,per lb,,,,,Yes,,,,,,,,3.99,$/per lb,3.99,per lb,Southcentral,retail,,,environment=Greenhouse,,,,,45.0,3324,Weekly Grocery Store Specialty Crops Feature Activity,2026-09-26T13:56:27+00:00
1d8de78e982aba43,2022-09-09,Avocados,HASS,each,,,,,No,,,,,,,,1.27,$/each,1.27,per each,Southeast,retail,,,,,,,,1168.0,3324,Weekly Grocery Store Specialty Crops Feature Activity,2026-09-26T13:56:27+00:00
aefb2427d6a16628,2022-09-09,Bananas,,per lb,,,,,No,,,,,,,,0.59,$/per lb,0.59,per lb,Southeast,retail,,,,,,,,14.0,3324,Weekly Grocery Store Specialty Crops Feature Activity,2026-09-26T13:56:27+00:00
b1767271a9d533cb,2022-09-09,Blueberries,,1 pint package,,,,,No,,,,,,,,3.01,$/1 pint package,,,Southeast,retail,,,,,,,,522.0,3324,Weekly Grocery Store Specialty Crops Feature Activity,2026-09-26T13:56:27+00:00
cf086dcea3397d12,2022-09-09,Blueberries,,18 oz package,,,,,No,,,,,,,,3.7,$/18 oz package,3.2889,per lb,Southeast,retail,,,,,,,,71.0,3324,Weekly Grocery Store Specialty Crops Feature Activity,2026-09-26T13:56:27+00:00
bbc6ec157fc4bec3,2022-09-09,Blueberries,,6 oz package,,,,,No,,,,,,,,3.34,$/6 oz package,8.9067,per lb,Southeast,retail,,,,,,,,487.0,3324,Weekly Grocery Store Specialty Crops Feature Activity,2026-09-26T13:56:27+00:00
29c418c6638fb529,2022-09-09,Broccoli,,per bunch,,,,,Yes,,,,,,,,3.99,$/per bunch,,,Southeast,retail,,,,,,,,957.0,3324,Weekly Grocery Store Specialty Crops Feature Activity,2026-09-26T13:56:27+00:00
8a6a9676448fcc2e,2022-09-09,Broccoli,CROWN CUT,per lb,,,,,No,,,,,,,,1.9,$/per lb,1.9,per lb,Southeast,retail,,,,,,,,470.0,3324,Weekly Grocery Store Specialty Crops Feature Activity,2026-09-26T13:56:27+00:00
4bf0e1bd3d2aa809,2022-09-09,Carrots,,1 lb bag,,,,,Yes,,,,,,,,1.5,$/1 lb bag,1.5,per lb,Southeast,retail,,,,,,,,46.0,3324,Weekly Grocery Store Specialty Crops Feature Activity,2026-09-26T13:56:27+00:00
a7e475400790ae59,2022-09-09,Carrots,,2 lb bag,,,,,No,,,,,,,,1.0,$/2 lb bag,0.5,per lb,Southeast,retail,,,,,,,,136.0,3324,Weekly Grocery Store Specialty Crops Feature Activity,2026-09-26T13:56:27+00:00
22a57df5c4e01e17,2022-09-09,Carrots,BABY PEELED,1 lb bag,,,,,Yes,,,,,,,,2.0,$/1 lb bag,2.0,per lb,Southeast,retail,,,,,,,,1135.0,3324,Weekly Grocery Store Specialty Crops Feature Activity,2026-09-26T13:56:27+00:00
fe726307fa29f82f,2022-09-09,Carrots,BABY PEELED,1 lb bag,,,,,No,,,,,,,,1.24,$/1 lb bag,1.24,per lb,Southeast,retail,,,,,,,,292.0,3324,Weekly Grocery Store Specialty Crops Feature Activity,2026-09-26T13:56:27+00:00
366cb061c93d6dd4,2022-09-09,Carrots,BABY PEELED,2 lb bag,,,,,No,,,,,,,,1.94,$/2 lb bag,0.97,per lb,Southeast,retail,,,,,,,,1043.0,3324,Weekly Grocery Store Specialty Crops Feature Activity,2026-09-26T13:56:27+00:00
9d0e93f3ec05a82f,2022-09-09,Celery,,each,,,,,No,,,,,,,,1.71,$/each,1.71,per each,Southeast,retail,,,,,,,,1328.0,3324,Weekly Grocery Store Specialty Crops Feature Activity,2026-09-26T13:56:27+00:00
5ff0b718c98853ad,2022-09-09,Celery,HEARTS,each,,,,,No,,,,,,,,2.49,$/each,2.49,per each,Southeast,retail,,,,,,,,78.0,3324,Weekly Grocery Store Specialty Crops Feature Activity,2026-09-26T13:56:27+00:00
b311866e3a260b27,2022-09-09,Celery,HEARTS,each,,,,,Yes,,,,,,,,3.49,$/each,3.49,per each,Southeast,retail,,,,,,,,78.0,3324,Weekly Grocery Store Specialty Crops Feature Activity,2026-09-26T13:56:27+00:00
fb65c470a3a50dc7,2022-09-09,Cucumbers,,each,,,,,No,,,,,,,,0.64,$/each,0.64,per each,Southeast,retail,,,,,,,,148.0,3324,Weekly Grocery Store Specialty Crops Feature Activity,2026-09-26T13:56:27+00:00
78cc4f53e64a3319,2022-09-09,Cucumbers,LONG SEEDLESS,each,,,,,No,,,,,,,,1.27,$/each,1.27,per each,Southeast,retail,,,environment=Greenhouse,,,,,44.0,3324,Weekly Grocery Store Specialty Crops Feature Activity,2026-09-26T13:56:27+00:00
8df7624eb40072f0,2022-09-09,Grapes,BLACK SEEDLESS,per lb,,,,,No,,,,,,,,2.0,$/per lb,2.0,per lb,Southeast,retail,,,,,,,,789.0,3324,Weekly Grocery Store Specialty Crops Feature Activity,2026-09-26T13:56:27+00:00
9008eaab183ffa23,2022-09-09,Grapes,BLACK SEEDLESS,per lb,,,,,Yes,,,,,,,,2.71,$/per lb,2.71,per lb,Southeast,retail,,,,,,,,84.0,3324,Weekly Grocery Store Specialty Crops Feature Activity,2026-09-26T13:56:27+00:00
6ae717d48c6c6e1e,2022-09-09,Grapes,RED SEEDLESS,per lb,,,,,No,,,,,,,,1.9,$/per lb,1.9,per lb,Southeast,retail,,,,,,,,1610.0,3324,Weekly Grocery Store Specialty Crops Feature Activity,2026-09-26T13:56:27+00:00
a3f6bfed7dacf234,2022-09-09,Grapes,RED SEEDLESS,per lb,,,,,Yes,,,,,,,,2.86,$/per lb,2.86,per lb,Southeast,retail,,,,,,,,1453.0,3324,Weekly Grocery Store Specialty Crops Feature Activity,2026-09-26T13:56:27+00:00
d60c75882cbdf26e,2022-09-09,Grapes,Red Globe Seeded Type,per lb,,,,,No,,,,,,,,2.16,$/per lb,2.16,per lb,Southeast,retail,,,,,,,,88.0,3324,Weekly Grocery Store Specialty Crops Feature Activity,2026-09-26T13:56:27+00:00
2e9f594af312a1ff,2022-09-09,Grapes,WHITE SEEDLESS TYPE,per lb,,,,,No,,,,,,,,1.86,$/per lb,1.86,per lb,Southeast,retail,,,,,,,,1690.0,3324,Weekly Grocery Store Specialty Crops Feature Activity,2026-09-26T13:56:27+00:00
b8311414cbbc5c6f,2022-09-09,Grapes,WHITE SEEDLESS TYPE,per lb,,,,,Yes,,,,,,,,2.9,$/per lb,2.9,per lb,Southeast,retail,,,,,,,,1535.0,3324,Weekly Grocery Store Specialty Crops Feature Activity,2026-09-26T13:56:27+00:00
a8304ba75efe6d07,2022-09-09,Lemons,,2 lb bag,,,,,No,,,,,,,,3.75,$/2 lb bag,1.875,per lb,Southeast,retail,,,,,,,,10.0,3324,Weekly Grocery Store Specialty Crops Feature Activity,2026-09-26T13:56:27+00:00
e39d22d4b7230c66,2022-09-09,Lemons,,each,,,,,No,,,,,,,,0.28,$/each,0.28,per each,Southeast,retail,,,,,,,,20.0,3324,Weekly Grocery Store Specialty Crops Feature Activity,2026-09-26T13:56:27+00:00
a189066ddd505f97,2022-09-09,Lettuce,Green Leaf,each,,,,,No,,,,,,,,1.94,$/each,1.94,per each,Southeast,retail,,,,,,,,144.0,3324,Weekly Grocery Store Specialty Crops Feature Activity,2026-09-26T13:56:27+00:00
601d73d8cb28d8e8,2022-09-09,Lettuce,Iceberg,each,,,,,No,,,,,,,,1.3,$/each,1.3,per each,Southeast,retail,,,,,,,,992.0,3324,Weekly Grocery Store Specialty Crops Feature Activity,2026-09-26T13:56:27+00:00
c1a75f8c8b635eec,2022-09-09,Lettuce,Red Leaf,each,,,,,No,,,,,,,,1.79,$/each,1.79,per each,Southeast,retail,,,,,,,,8.0,3324,Weekly Grocery Store Specialty Crops Feature Activity,2026-09-26T13:56:27+00:00
0e3d1cab0562c94f,2022-09-09,Lettuce,Romaine,each,,,,,No,,,,,,,,1.79,$/each,1.79,per each,Southeast,retail,,,,,,,,8.0,3324,Weekly Grocery Store Specialty Crops Feature Activity,2026-09-26T13:56:27+00:00
7be4d0b06d5a2725,2022-09-09,Lettuce,Romaine (Hearts),3 count,,,,,Yes,,,,,,,,3.04,$/3 count,,,Southeast,retail,,,,,,,,33.0,3324,Weekly Grocery Store Specialty Crops Feature Activity,2026-09-26T13:56:27+00:00
e4554b253f4a99e1,2022-09-09,Lettuce,Romaine (Hearts),3 count,,,,,No,,,,,,,,3.3,$/3 count,,,Southeast,retail,,,,,,,,79.0,3324,Weekly Grocery Store Specialty Crops Feature Activity,2026-09-26T13:56:27+00:00
76169e2dfbce3bf3,2022-09-09,Limes,,each,,,,,No,,,,,,,,0.34,$/each,0.34,per each,Southeast,retail,,,,,,,,82.0,3324,Weekly Grocery Store Specialty Crops Feature Activity,2026-09-26T13:56:27+00:00
e3ee976aa7f33fc0,2022-09-09,"Onions, Dry",RED,per lb,,,,,No,,,,,,,,1.67,$/per lb,1.67,per lb,Southeast,retail,,,,,,,,1169.0,3324,Weekly Grocery Store Specialty Crops Feature Activity,2026-09-26T13:56:27+00:00
d35450c1ddadeb06,2022-09-09,"Onions, Dry",YELLOW,2 lb bag,,,,,No,,,,,,,,0.98,$/2 lb bag,0.49,per lb,Southeast,retail,,,,,,,,34.0,3324,Weekly Grocery Store Specialty Crops Feature Activity,2026-09-26T13:56:27+00:00
3397381d61db3dae,2022-09-09,"Onions, Dry",YELLOW,3 lb bag,,,,,No,,,,,,,,3.0,$/3 lb bag,1.0,per lb,Southeast,retail,,,,,,,,347.0,3324,Weekly Grocery Store Specialty Crops Feature Activity,2026-09-26T13:56:27+00:00
3edb93ecd9207ef0,2022-09-09,"Onions, Dry",YELLOW,per lb,,,,,No,,,,,,,,1.29,$/per lb,1.29,per lb,Southeast,retail,,,,,,,,66.0,3324,Weekly Grocery Store Specialty Crops Feature Activity,2026-09-26T13:56:27+00:00
88b30c0be7ec1b4c,2022-09-09,"Onions, Dry",YELLOW MARKED SWEET,3 lb bag,,,,,No,,,,,,,,3.68,$/3 lb bag,1.2267,per lb,Southeast,retail,,,,,,,,92.0,3324,Weekly Grocery Store Specialty Crops Feature Activity,2026-09-26T13:56:27+00:00
3e2eb6d8bc308bcb,2022-09-09,"Onions, Dry",YELLOW MARKED SWEET,per lb,,,,,No,,,,,,,,1.19,$/per lb,1.19,per lb,Southeast,retail,,,,,,,,12.0,3324,Weekly Grocery Store Specialty Crops Feature Activity,2026-09-26T13:56:27+00:00
d20fd5209549f58c,2022-09-09,"Peppers, Bell Type",GREEN,each,,,,,No,,,,,,,,0.77,$/each,0.77,per each,Southeast,retail,,,,,,,,1168.0,3324,Weekly Grocery Store Specialty Crops Feature Activity,2026-09-26T13:56:27+00:00
6f0ddd853784b3e5,2022-09-09,"Peppers, Bell Type",GREEN,per lb,,,,,No,,,,,,,,0.84,$/per lb,0.84,per lb,Southeast,retail,,,,,,,,70.0,3324,Weekly Grocery Store Specialty Crops Feature Activity,2026-09-26T13:56:27+00:00
062a40244641f9a8,2022-09-09,"Peppers, Bell Type",ORANGE,each,,,,,No,,,,,,,,1.5,$/each,1.5,per each,Southeast,retail,,,environment=Greenhouse,,,,,21.0,3324,Weekly Grocery Store Specialty Crops Feature Activity,2026-09-26T13:56:27+00:00
8077da88806111c1,2022-09-09,"Peppers, Bell Type",ORANGE,each,,,,,No,,,,,,,,1.63,$/each,1.63,per each,Southeast,retail,,,,,,,,109.0,3324,Weekly Grocery Store Specialty Crops Feature Activity,2026-09-26T13:56:27+00:00
860401f79e3e0cbe,2022-09-09,"Peppers, Bell Type",ORANGE,per lb,,,,,No,,,,,,,,3.46,$/per lb,3.46,per lb,Southeast,retail,,,,,,,,1215.0,3324,Weekly Grocery Store Specialty Crops Feature Activity,2026-09-26T13:56:27+00:00
57ca3ed26156239b,2022-09-09,"Peppers, Bell Type",RED,each,,,,,No,,,,,,,,1.57,$/each,1.57,per each,Southeast,retail,,,environment=Greenhouse,,,,,35.0,3324,Weekly Grocery Store Specialty Crops Feature Activity,2026-09-26T13:56:27+00:00
a2ada1891d93c51d,2022-09-09,"Peppers, Bell Type",RED,each,,,,,No,,,,,,,,1.63,$/each,1.63,per each,Southeast,retail,,,,,,,,109.0,3324,Weekly Grocery Store Specialty Crops Feature Activity,2026-09-26T13:56:27+00:00
bad0c1ddf3256360,2022-09-09,"Peppers, Bell Type",RED,per lb,,,,,No,,,,,,,,3.46,$/per lb,3.46,per lb,Southeast,retail,,,,,,,,1215.0,3324,Weekly Grocery Store Specialty Crops Feature Activity,2026-09-26T13:56:27+00:00
4784170feb035b3b,2022-09-09,"Peppers, Bell Type",YELLOW,each,,,,,No,,,,,,,,1.57,$/each,1.57,per each,Southeast,retail,,,environment=Greenhouse,,,,,35.0,3324,Weekly Grocery Store Specialty Crops Feature Activity,2026-09-26T13:56:27+00:00
c6d5682e71fab34c,2022-09-09,"Peppers, Bell Type",YELLOW,each,,,,,No,,,,,,,,1.63,$/each,1.63,per each,Southeast,retail,,,,,,,,109.0,3324,Weekly Grocery Store Specialty Crops Feature Activity,2026-09-26T13:56:27+00:00
0bcdae6e017b61ae,2022-09-09,"Peppers, Bell Type",YELLOW,per lb,,,,,No,,,,,,,,3.46,$/per lb,3.46,per lb,Southeast,retail,,,,,,,,1215.0,3324,Weekly Grocery Store Specialty Crops Feature Activity,2026-09-26T13:56:27+00:00
136c73f69ab8fce1,2022-09-09,Potatoes,ROUND RED,5 lb bag,,,,,No,,,,,,,,3.73,$/5 lb bag,0.746,per lb,Southeast,retail,,,,,,,,794.0,3324,Weekly Grocery Store Specialty Crops Feature Activity,2026-09-26T13:56:27+00:00
80f2c3133b004d40,2022-09-09,Potatoes,ROUND WHITE,5 lb bag,,,,,No,,,,,,,,2.66,$/5 lb bag,0.532,per lb,Southeast,retail,,,,,,,,188.0,3324,Weekly Grocery Store Specialty Crops Feature Activity,2026-09-26T13:56:27+00:00
ae5948dd7eaf321a,2022-09-09,Potatoes,RUSSET,10 lb bag,,,,,No,,,,,,,,6.22,$/10 lb bag,0.622,per lb,Southeast,retail,,,,,,,,56.0,3324,Weekly Grocery Store Specialty Crops Feature Activity,2026-09-26T13:56:27+00:00
b7c5d0d69d07351f,2022-09-09,Potatoes,RUSSET,5 lb bag,,,,,No,,,,,,,,3.75,$/5 lb bag,0.75,per lb,Southeast,retail,,,,,,,,774.0,3324,Weekly Grocery Store Specialty Crops Feature Activity,2026-09-26T13:56:27+00:00
f91f94d62910abe8,2022-09-09,Potatoes,YELLOW TYPE,5 lb bag,,,,,No,,,,,,,,3.47,$/5 lb bag,0.694,per lb,Southeast,retail,,,,,,,,57.0,3324,Weekly Grocery Store Specialty Crops Feature Activity,2026-09-26T13:56:27+00:00
c549a68f8b722760,2022-09-09,Strawberries,,1 lb package,,,,,No,,,,,,,,2.19,$/1 lb package,2.19,per lb,Southeast,retail,,,,,,,,1248.0,3324,Weekly Grocery Store Specialty Crops Feature Activity,2026-09-26T13:56:27+00:00
f204f0389cd30bdc,2022-09-09,Strawberries,,1 lb package,,,,,Yes,,,,,,,,3.79,$/1 lb package,3.79,per lb,Southeast,retail,,,,,,,,1081.0,3324,Weekly Grocery Store Specialty Crops Feature Activity,2026-09-26T13:56:27+00:00
1a8ce2c9a12c7963,2022-09-09,Tomatoes,,per lb,,,,,No,,,,,,,,1.5,$/per lb,1.5,per lb,Southeast,retail,,,,,,,,520.0,3324,Weekly Grocery Store Specialty Crops Feature Activity,2026-09-26T13:56:27+00:00
2530bc5899af09b9,2022-09-09,Tomatoes,Cherry Type,1 pint package,,,,,No,,,,,,,,2.49,$/1 pint package,,,Southeast,retail,,,,,,,,5.0,3324,Weekly Grocery Store Specialty Crops Feature Activity,2026-09-26T13:56:27+00:00
00327969f02517f0,2022-09-09,Tomatoes,GRAPE TYPE,1 pint package,,,,,No,,,,,,,,2.89,$/1 pint package,,,Southeast,retail,,,,,,,,151.0,3324,Weekly Grocery Store Specialty Crops Feature Activity,2026-09-26T13:56:27+00:00
396cad5d89a6fa01,2022-09-09,Tomatoes,GRAPE TYPE,1 pint package,,,,,Yes,,,,,,,,3.49,$/1 pint package,,,Southeast,retail,,,,,,,,82.0,3324,Weekly Grocery Store Specialty Crops Feature Activity,2026-09-26T13:56:27+00:00
86cac477d7bd7c96,2022-09-09,Tomatoes,GRAPE TYPE,10 oz package,,,,,No,,,,,,,,2.71,$/10 oz package,4.336,per lb,Southeast,retail,,,,,,,,469.0,3324,Weekly Grocery Store Specialty Crops Feature Activity,2026-09-26T13:56:27+00:00
814a252b669a0f75,2022-09-09,Tomatoes,Plum Type (Roma),per lb,,,,,No,,,,,,,,1.28,$/per lb,1.28,per lb,Southeast,retail,,,,,,,,91.0,3324,Weekly Grocery Store Specialty Crops Feature Activity,2026-09-26T13:56:27+00:00
27ae2d9da518ba77,2022-09-09,Tomatoes,VINE RIPES,per lb,,,,,No,,,,,,,,1.55,$/per lb,1.55,per lb,Southeast,retail,,,environment=Greenhouse,,,,,89.0,3324,Weekly Grocery Store Specialty Crops Feature Activity,2026-09-26T13:56:27+00:00
8ea3baaf6958a485,2022-09-09,Tomatoes,VINE RIPES,per lb,,,,,No,,,,,,,,1.87,$/per lb,1.87,per lb,Southeast,retail,,,,,,,,163.0,3324,Weekly Grocery Store Specialty Crops Feature Activity,2026-09-26T13:56:27+00:00
790ca36587024399,2022-09-09,Tomatoes,VINE RIPES - ON THE VINE,per lb,,,,,No,,,,,,,,1.39,$/per lb,1.39,per lb,Southeast,retail,,,environment=Greenhouse,,,,,774.0,3324,Weekly Grocery Store Specialty Crops Feature Activity,2026-09-26T13:56:27+00:00
e4437d5d8ce3ef4b,2022-09-09,Tomatoes,Vine Ripes - Heirloom Varieties,per lb,,,,,Yes,,,,,,,,3.39,$/per lb,3.39,per lb,Southeast,retail,,,environment=Greenhouse,,,,,38.0,3324,Weekly Grocery Store Specialty Crops Feature Activity,2026-09-26T13:56:27+00:00
0ad297bc958f6db1,2022-09-09,Avocados,HASS,each,,,,,Yes,,,,,,,,2.07,$/each,2.07,per each,Southwest,retail,,,,,,,,180.0,3324,Weekly Grocery Store Specialty Crops Feature Activity,2026-09-26T13:56:27+00:00
c2adae8c80eaca1e,2022-09-09,Avocados,HASS,each,,,,,No,,,,,,,,1.55,$/each,1.55,per each,Southwest,retail,,,,,,,,2050.0,3324,Weekly Grocery Store Specialty Crops Feature Activity,2026-09-26T13:56:27+00:00
75ff81d73d23c82d,2022-09-09,Bananas,,per lb,,,,,No,,,,,,,,0.49,$/per lb,0.49,per lb,Southwest,retail,,,,,,,,378.0,3324,Weekly Grocery Store Specialty Crops Feature Activity,2026-09-26T13:56:27+00:00
b9f30cd00ff0221e,2022-09-09,Bananas,,per lb,,,,,Yes,,,,,,,,0.89,$/per lb,0.89,per lb,Southwest,retail,,,,,,,,516.0,3324,Weekly Grocery Store Specialty Crops Feature Activity,2026-09-26T13:56:27+00:00
1b7d243304ef6e75,2022-09-09,Blueberries,,1 pint package,,,,,No,,,,,,,,3.42,$/1 pint package,,,Southwest,retail,,,,,,,,259.0,3324,Weekly Grocery Store Specialty Crops Feature Activity,2026-09-26T13:56:27+00:00
a199e22d2257dd16,2022-09-09,Blueberries,,1 pint package,,,,,Yes,,,,,,,,3.98,$/1 pint package,,,Southwest,retail,,,,,,,,163.0,3324,Weekly Grocery Store Specialty Crops Feature Activity,2026-09-26T13:56:27+00:00
5049350853fb73d9,2022-09-09,Blueberries,,18 oz package,,,,,No,,,,,,,,4.53,$/18 oz package,4.0267,per lb,Southwest,retail,,,,,,,,209.0,3324,Weekly Grocery Store Specialty Crops Feature Activity,2026-09-26T13:56:27+00:00
0dc9ffbcb18ad52f,2022-09-09,Blueberries,,6 oz package,,,,,Yes,,,,,,,,3.97,$/6 oz package,10.5867,per lb,Southwest,retail,,,,,,,,536.0,3324,Weekly Grocery Store Specialty Crops Feature Activity,2026-09-26T13:56:27+00:00
88c97612e47961b5,2022-09-09,Blueberries,,6 oz package,,,,,No,,,,,,,,3.15,$/6 oz package,8.4,per lb,Southwest,retail,,,,,,,,1377.0,3324,Weekly Grocery Store Specialty Crops Feature Activity,2026-09-26T13:56:27+00:00
0cd84f32b556a80f,2022-09-09,Broccoli,,per lb,,,,,No,,,,,,,,1.31,$/per lb,1.31,per lb,Southwest,retail,,,,,,,,380.0,3324,Weekly Grocery Store Specialty Crops Feature Activity,2026-09-26T13:56:27+00:00
68d8153c8c8f9397,2022-09-09,Broccoli,,per lb,,,,,Yes,,,,,,,,2.99,$/per lb,2.99,per lb,Southwest,retail,,,,,,,,26.0,3324,Weekly Grocery Store Specialty Crops Feature Activity,2026-09-26T13:56:27+00:00
d2e2fdee374ac734,2022-09-09,Broccoli,BABY HYBRID TYPE,per bunch,,,,,Yes,,,,,,,,3.0,$/per bunch,,,Southwest,retail,,,,,,,,53.0,3324,Weekly Grocery Store Specialty Crops Feature Activity,2026-09-26T13:56:27+00:00
80877d2623cfc44b,2022-09-09,Broccoli,CROWN CUT,per lb,,,,,No,,,,,,,,1.0,$/per lb,1.0,per lb,Southwest,retail,,,,,,,,41.0,3324,Weekly Grocery Store Specialty Crops Feature Activity,2026-09-26T13:56:27+00:00
9099d083944f3cfc,2022-09-09,Carrots,,1 lb bag,,,,,No,,,,,,,,0.5,$/1 lb bag,0.5,per lb,Southwest,retail,,,,,,,,49.0,3324,Weekly Grocery Store Specialty Crops Feature Activity,2026-09-26T13:56:27+00:00
498ad1d688e256e2,2022-09-09,Carrots,,2 lb bag,,,,,No,,,,,,,,1.49,$/2 lb bag,0.745,per lb,Southwest,retail,,,,,,,,15.0,3324,Weekly Grocery Store Specialty Crops Feature Activity,2026-09-26T13:56:27+00:00
643a51680b736203,2022-09-09,Carrots,,per bunch,,,,,Yes,,,,,,,,2.99,$/per bunch,,,Southwest,retail,,,,,,,,15.0,3324,Weekly Grocery Store Specialty Crops Feature Activity,2026-09-26T13:56:27+00:00
61aaf76359863792,2022-09-09,Carrots,,per lb,,,,,No,,,,,,,,0.5,$/per lb,0.5,per lb,Southwest,retail,,,,,,,,54.0,3324,Weekly Grocery Store Specialty Crops Feature Activity,2026-09-26T13:56:27+00:00
44c86ab4de0723ae,2022-09-09,Carrots,BABY PEELED,1 lb bag,,,,,No,,,,,,,,0.99,$/1 lb bag,0.99,per lb,Southwest,retail,,,,,,,,9.0,3324,Weekly Grocery Store Specialty Crops Feature Activity,2026-09-26T13:56:27+00:00
712721a6ac102e82,2022-09-09,Carrots,BABY PEELED,1 lb bag,,,,,Yes,,,,,,,,1.79,$/1 lb bag,1.79,per lb,Southwest,retail,,,,,,,,555.0,3324,Weekly Grocery Store Specialty Crops Feature Activity,2026-09-26T13:56:27+00:00
3586ec80ea06e23f,2022-09-09,Celery,,each,,,,,No,,,,,,,,1.3,$/each,1.3,per each,Southwest,retail,,,,,,,,315.0,3324,Weekly Grocery Store Specialty Crops Feature Activity,2026-09-26T13:56:27+00:00
705f3fe0fd1b60c8,2022-09-09,Celery,,each,,,,,Yes,,,,,,,,2.34,$/each,2.34,per each,Southwest,retail,,,,,,,,209.0,3324,Weekly Grocery Store Specialty Crops Feature Activity,2026-09-26T13:56:27+00:00
6c74d4dbdc4859ba,2022-09-09,Celery,,per lb,,,,,No,,,,,,,,1.36,$/per lb,1.36,per lb,Southwest,retail,,,,,,,,23.0,3324,Weekly Grocery Store Specialty Crops Feature Activity,2026-09-26T13:56:27+00:00
6b7213a559ded423,2022-09-09,Celery,HEARTS,each,,,,,Yes,,,,,,,,2.5,$/each,2.5,per each,Southwest,retail,,,,,,,,83.0,3324,Weekly Grocery Store Specialty Crops Feature Activity,2026-09-26T13:56:27+00:00
7a5f5d6666da9c19,2022-09-09,Cucumbers,,each,,,,,No,,,,,,,,1.17,$/each,1.17,per each,Southwest,retail,,,,,,,,621.0,3324,Weekly Grocery Store Specialty Crops Feature Activity,2026-09-26T13:56:27+00:00
fda92970ec1f382c,2022-09-09,Cucumbers,,each,,,,,Yes,,,,,,,,1.11,$/each,1.11,per each,Southwest,retail,,,,,,,,323.0,3324,Weekly Grocery Store Specialty Crops Feature Activity,2026-09-26T13:56:27+00:00
b86a1aa4dec686d9,2022-09-09,Cucumbers,LONG SEEDLESS,each,,,,,Yes,,,,,,,,2.99,$/each,2.99,per each,Southwest,retail,,,environment=Greenhouse,,,,,9.0,3324,Weekly Grocery Store Specialty Crops Feature Activity,2026-09-26T13:56:27+00:00
18871d1e0de08b18,2022-09-09,Grapes,BLACK SEEDLESS,per lb,,,,,No,,,,,,,,2.25,$/per lb,2.25,per lb,Southwest,retail,,,,,,,,754.0,3324,Weekly Grocery Store Specialty Crops Feature Activity,2026-09-26T13:56:27+00:00
2d7afc8cd75fceed,2022-09-09,Grapes,BLACK SEEDLESS,per lb,,,,,Yes,,,,,,,,2.71,$/per lb,2.71,per lb,Southwest,retail,,,,,,,,199.0,3324,Weekly Grocery Store Specialty Crops Feature Activity,2026-09-26T13:56:27+00:00
135a3a46e81b4a52,2022-09-09,Grapes,RED SEEDLESS,per lb,,,,,No,,,,,,,,1.91,$/per lb,1.91,per lb,Southwest,retail,,,,,,,,1775.0,3324,Weekly Grocery Store Specialty Crops Feature Activity,2026-09-26T13:56:27+00:00
bd39c187f7e1295c,2022-09-09,Grapes,RED SEEDLESS,per lb,,,,,Yes,,,,,,,,3.35,$/per lb,3.35,per lb,Southwest,retail,,,,,,,,666.0,3324,Weekly Grocery Store Specialty Crops Feature Activity,2026-09-26T13:56:27+00:00
605d5757b92fc101,2022-09-09,Grapes,WHITE SEEDLESS TYPE,per lb,,,,,No,,,,,,,,2.18,$/per lb,2.18,per lb,Southwest,retail,,,,,,,,1652.0,3324,Weekly Grocery Store Specialty Crops Feature Activity,2026-09-26T13:56:27+00:00
947f9798387aa65f,2022-09-09,Grapes,WHITE SEEDLESS TYPE,per lb,,,,,Yes,,,,,,,,3.36,$/per lb,3.36,per lb,Southwest,retail,,,,,,,,654.0,3324,Weekly Grocery Store Specialty Crops Feature Activity,2026-09-26T13:56:27+00:00
0db11b7d095d622f,2022-09-09,Lemons,,2 lb bag,,,,,Yes,,,,,,,,4.99,$/2 lb bag,2.495,per lb,Southwest,retail,,,,,,,,1.0,3324,Weekly Grocery Store Specialty Crops Feature Activity,2026-09-26T13:56:27+00:00
689f7aacdcceb6b2,2022-09-09,Lemons,,each,,,,,No,,,,,,,,0.79,$/each,0.79,per each,Southwest,retail,,,,,,,,15.0,3324,Weekly Grocery Store Specialty Crops Feature Activity,2026-09-26T13:56:27+00:00
8254cb9a02f20c47,2022-09-09,Lemons,,per lb,,,,,No,,,,,,,,0.9,$/per lb,0.9,per lb,Southwest,retail,,,,,,,,57.0,3324,Weekly Grocery Store Specialty Crops Feature Activity,2026-09-26T13:56:27+00:00
4b1de612bc9600bf,2022-09-09,Lettuce,Green Leaf,each,,,,,Yes,,,,,,,,2.37,$/each,2.37,per each,Southwest,retail,,,,,,,,196.0,3324,Weekly Grocery Store Specialty Crops Feature Activity,2026-09-26T13:56:27+00:00
d52f610d3f61d016,2022-09-09,Lettuce,Iceberg,each,,,,,No,,,,,,,,1.86,$/each,1.86,per each,Southwest,retail,,,,,,,,163.0,3324,Weekly Grocery Store Specialty Crops Feature Activity,2026-09-26T13:56:27+00:00
7ef3cacd5d79a76b,2022-09-09,Lettuce,Red Leaf,each,,,,,Yes,,,,,,,,2.37,$/each,2.37,per each,Southwest,retail,,,,,,,,196.0,3324,Weekly Grocery Store Specialty Crops Feature Activity,2026-09-26T13:56:27+00:00
5a9ecabceec42296,2022-09-09,Lettuce,Romaine (Hearts),3 count,,,,,Yes,,,,,,,,2.98,$/3 count,,,Southwest,retail,,,,,,,,146.0,3324,Weekly Grocery Store Specialty Crops Feature Activity,2026-09-26T13:56:27+00:00
3d189ea2e11f41fd,2022-09-09,Limes,,each,,,,,No,,,,,,,,0.33,$/each,0.33,per each,Southwest,retail,,,,,,,,331.0,3324,Weekly Grocery Store Specialty Crops Feature Activity,2026-09-26T13:56:27+00:00
9bf75ce62d9a37ed,2022-09-09,Limes,,per lb,,,,,No,,,,,,,,0.88,$/per lb,0.88,per lb,Southwest,retail,,,,,,,,112.0,3324,Weekly Grocery Store Specialty Crops Feature Activity,2026-09-26T13:56:27+00:00
ea3795e865a4c835,2022-09-09,"Onions, Dry",RED,2 lb bag,,,,,Yes,,,,,,,,4.49,$/2 lb bag,2.245,per lb,Southwest,retail,,,,,,,,13.0,3324,Weekly Grocery Store Specialty Crops Feature Activity,2026-09-26T13:56:27+00:00
5272f9d08011d268,2022-09-09,"Onions, Dry",RED,per lb,,,,,No,,,,,,,,1.39,$/per lb,1.39,per lb,Southwest,retail,,,,,,,,199.0,3324,Weekly Grocery Store Specialty Crops Feature Activity,2026-09-26T13:56:27+00:00
c760ddb4a6c5e89d,2022-09-09,"Onions, Dry",WHITE,2 lb bag,,,,,Yes,,,,,,,,4.49,$/2 lb bag,2.245,per lb,Southwest,retail,,,,,,,,13.0,3324,Weekly Grocery Store Specialty Crops Feature Activity,2026-09-26T13:56:27+00:00
11ebd96c3a6ecd72,2022-09-09,"Onions, Dry",WHITE,per lb,,,,,No,,,,,,,,1.52,$/per lb,1.52,per lb,Southwest,retail,,,,,,,,264.0,3324,Weekly Grocery Store Specialty Crops Feature Activity,2026-09-26T13:56:27+00:00
e44f6ca10e9b8b58,2022-09-09,"Onions, Dry",YELLOW,3 lb bag,,,,,No,,,,,,,,2.49,$/3 lb bag,0.83,per lb,Southwest,retail,,,,,,,,35.0,3324,Weekly Grocery Store Specialty Crops Feature Activity,2026-09-26T13:56:27+00:00
edcdeccfbe8355ed,2022-09-09,"Onions, Dry",YELLOW,per lb,,,,,No,,,,,,,,0.54,$/per lb,0.54,per lb,Southwest,retail,,,,,,,,189.0,3324,Weekly Grocery Store Specialty Crops Feature Activity,2026-09-26T13:56:27+00:00
f9364ea360511920,2022-09-09,"Onions, Dry",YELLOW,per lb,,,,,Yes,,,,,,,,1.19,$/per lb,1.19,per lb,Southwest,retail,,,,,,,,18.0,3324,Weekly Grocery Store Specialty Crops Feature Activity,2026-09-26T13:56:27+00:00
58cc1537530fc9c1,2022-09-09,"Peppers, Bell Type",GREEN,each,,,,,No,,,,,,,,1.11,$/each,1.11,per each,Southwest,retail,,,,,,,,391.0,3324,Weekly Grocery Store Specialty Crops Feature Activity,2026-09-26T13:56:27+00:00
7fae009a704895cd,2022-09-09,"Peppers, Bell Type",GREEN,per lb,,,,,No,,,,,,,,1.43,$/per lb,1.43,per lb,Southwest,retail,,,,,,,,34.0,3324,Weekly Grocery Store Specialty Crops Feature Activity,2026-09-26T13:56:27+00:00
2646b889696bef00,2022-09-09,"Peppers, Bell Type",ORANGE,each,,,,,No,,,,,,,,1.1,$/each,1.1,per each,Southwest,retail,,,,,,,,98.0,3324,Weekly Grocery Store Specialty Crops Feature Activity,2026-09-26T13:56:27+00:00
981bbe0744ae2fc9,2022-09-09,"Peppers, Bell Type",RED,each,,,,,No,,,,,,,,1.1,$/each,1.1,per each,Southwest,retail,,,,,,,,98.0,3324,Weekly Grocery Store Specialty Crops Feature Activity,2026-09-26T13:56:27+00:00
ac26fe2726a0b7a7,2022-09-09,"Peppers, Bell Type",RED,per lb,,,,,No,,,,,,,,2.96,$/per lb,2.96,per lb,Southwest,retail,,,,,,,,281.0,3324,Weekly Grocery Store Specialty Crops Feature Activity,2026-09-26T13:56:27+00:00
d75c613cf60af0ac,2022-09-09,"Peppers, Bell Type",YELLOW,each,,,,,No,,,,,,,,1.06,$/each,1.06,per each,Southwest,retail,,,,,,,,104.0,3324,Weekly Grocery Store Specialty Crops Feature Activity,2026-09-26T13:56:27+00:00
ffa274a8e81e310a,2022-09-09,Potatoes,ROUND RED,3 lb bag,,,,,No,,,,,,,,5.0,$/3 lb bag,1.6667,per lb,Southwest,retail,,,,,,,,7.0,3324,Weekly Grocery Store Specialty Crops Feature Activity,2026-09-26T13:56:27+00:00
972d1eae12c1ccd3,2022-09-09,Potatoes,ROUND RED,per lb,,,,,No,,,,,,,,1.36,$/per lb,1.36,per lb,Southwest,retail,,,,,,,,259.0,3324,Weekly Grocery Store Specialty Crops Feature Activity,2026-09-26T13:56:27+00:00
c50f8ce2c9ba3ac6,2022-09-09,Potatoes,RUSSET,5 lb bag,,,,,No,,,,,,,,3.03,$/5 lb bag,0.606,per lb,Southwest,retail,,,,,,,,124.0,3324,Weekly Grocery Store Specialty Crops Feature Activity,2026-09-26T13:56:27+00:00
728ee5cdd1ec1e5f,2022-09-09,Potatoes,RUSSET,per lb,,,,,No,,,,,,,,1.49,$/per lb,1.49,per lb,Southwest,retail,,,,,,,,152.0,3324,Weekly Grocery Store Specialty Crops Feature Activity,2026-09-26T13:56:27+00:00
9313c5e9965e66c1,2022-09-09,Potatoes,RUSSET,per lb,,,,,Yes,,,,,,,,1.79,$/per lb,1.79,per lb,Southwest,retail,,,,,,,,18.0,3324,Weekly Grocery Store Specialty Crops Feature Activity,2026-09-26T13:56:27+00:00
554e3f5c47054f3b,2022-09-09,Potatoes,YELLOW TYPE,3 lb bag,,,,,No,,,,,,,,5.0,$/3 lb bag,1.6667,per lb,Southwest,retail,,,,,,,,7.0,3324,Weekly Grocery Store Specialty Crops Feature Activity,2026-09-26T13:56:27+00:00
886f7bfe66a8dd2f,2022-09-09,Potatoes,YELLOW TYPE,per lb,,,,,No,,,,,,,,1.36,$/per lb,1.36,per lb,Southwest,retail,,,,,,,,259.0,3324,Weekly Grocery Store Specialty Crops Feature Activity,2026-09-26T13:56:27+00:00
00df6746f60a5188,2022-09-09,Strawberries,,1 lb package,,,,,Yes,,,,,,,,4.11,$/1 lb package,4.11,per lb,Southwest,retail,,,,,,,,154.0,3324,Weekly Grocery Store Specialty Crops Feature Activity,2026-09-26T13:56:27+00:00
c14fa907f67d9c77,2022-09-09,Strawberries,,1 lb package,,,,,No,,,,,,,,3.62,$/1 lb package,3.62,per lb,Southwest,retail,,,,,,,,705.0,3324,Weekly Grocery Store Specialty Crops Feature Activity,2026-09-26T13:56:27+00:00
35f436fb1601a3fe,2022-09-09,Tomatoes,,per lb,,,,,No,,,,,,,,2.0,$/per lb,2.0,per lb,Southwest,retail,,,,,,,,28.0,3324,Weekly Grocery Store Specialty Crops Feature Activity,2026-09-26T13:56:27+00:00
db1757caf1836147,2022-09-09,Tomatoes,,per lb,,,,,Yes,,,,,,,,2.59,$/per lb,2.59,per lb,Southwest,retail,,,,,,,,18.0,3324,Weekly Grocery Store Specialty Crops Feature Activity,2026-09-26T13:56:27+00:00
a102f307e90e9bff,2022-09-09,Tomatoes,Cherry Type,1 pint package,,,,,Yes,,,,,,,,4.99,$/1 pint package,,,Southwest,retail,,,,,,,,17.0,3324,Weekly Grocery Store Specialty Crops Feature Activity,2026-09-26T13:56:27+00:00
8294d99d3fef7487,2022-09-09,Tomatoes,GRAPE TYPE,1 pint package,,,,,Yes,,,,,,,,1.5,$/1 pint package,,,Southwest,retail,,,,,,,,56.0,3324,Weekly Grocery Store Specialty Crops Feature Activity,2026-09-26T13:56:27+00:00
961842c486d7a63e,2022-09-09,Tomatoes,GRAPE TYPE,1 pint package,,,,,No,,,,,,,,0.99,$/1 pint package,,,Southwest,retail,,,,,,,,7.0,3324,Weekly Grocery Store Specialty Crops Feature Activity,2026-09-26T13:56:27+00:00
c84c6a2268281639,2022-09-09,Tomatoes,GRAPE TYPE,10 oz package,,,,,Yes,,,,,,,,3.09,$/10 oz package,4.944,per lb,Southwest,retail,,,,,,,,58.0,3324,Weekly Grocery Store Specialty Crops Feature Activity,2026-09-26T13:56:27+00:00
61faa82e4b2694c5,2022-09-09,Tomatoes,Plum Type (Roma),per lb,,,,,No,,,,,,,,1.35,$/per lb,1.35,per lb,Southwest,retail,,,,,,,,650.0,3324,Weekly Grocery Store Specialty Crops Feature Activity,2026-09-26T13:56:27+00:00
4f2af1619120f3c2,2022-09-09,Tomatoes,VINE RIPES,per lb,,,,,Yes,,,,,,,,3.99,$/per lb,3.99,per lb,Southwest,retail,,,,,,,,4.0,3324,Weekly Grocery Store Specialty Crops Feature Activity,2026-09-26T13:56:27+00:00
326527e78c00623c,2022-09-09,Tomatoes,VINE RIPES - ON THE VINE,per lb,,,,,Yes,,,,,,,,3.27,$/per lb,3.27,per lb,Southwest,retail,,,environment=Greenhouse,,,,,453.0,3324,Weekly Grocery Store Specialty Crops Feature Activity,2026-09-26T13:56:27+00:00
4ad76b6e9a73c493,2022-09-09,Tomatoes,VINE RIPES - ON THE VINE,per lb,,,,,No,,,,,,,,1.4,$/per lb,1.4,per lb,Southwest,retail,,,environment=Greenhouse,,,,,331.0,3324,Weekly Grocery Store Specialty Crops Feature Activity,2026-09-26T13:56:27+00:00
7ba0ce8669b18e72,2022-09-09,Tomatoes,Vine Ripes - Heirloom Varieties,per lb,,,,,Yes,,,,,,,,4.01,$/per lb,4.01,per lb,Southwest,retail,,,environment=Greenhouse,,,,,174.0,3324,Weekly Grocery Store Specialty Crops Feature Activity,2026-09-26T13:56:27+00:00
f66734603debed11,2022-09-09,Tomatoes,Vine Ripes - Heirloom Varieties,per lb,,,,,No,,,,,,,,2.76,$/per lb,2.76,per lb,Southwest,retail,,,environment=Greenhouse,,,,,44.0,3324,Weekly Grocery Store Specialty Crops Feature Activity,2026-09-26T13:56:27+00:00
d81e4f67554d4929,2022-09-16,Avocados,HASS,each,,,,,Yes,,,,,,,,1.79,$/each,1.79,per each,Alaska,retail,,,,,,,,1.0,3324,Weekly Grocery Store Specialty Crops Feature Activity,2026-09-26T13:56:27+00:00
1e1b279423113e84,2022-09-16,Blueberries,,18 oz package,,,,,Yes,,,,,,,,8.99,$/18 oz package,7.9911,per lb,Alaska,retail,,,,,,,,11.0,3324,Weekly Grocery Store Specialty Crops Feature Activity,2026-09-26T13:56:27+00:00
adca22d5e2fb9bba,2022-09-16,Blueberries,,18 oz package,,,,,No,,,,,,,,6.29,$/18 oz package,5.5911,per lb,Alaska,retail,,,,,,,,1.0,3324,Weekly Grocery Store Specialty Crops Feature Activity,2026-09-26T13:56:27+00:00
cde3f8809f2d3d31,2022-09-16,Blueberries,,6 oz package,,,,,No,,,,,,,,3.33,$/6 oz package,8.88,per lb,Alaska,retail,,,,,,,,26.0,3324,Weekly Grocery Store Specialty Crops Feature Activity,2026-09-26T13:56:27+00:00
b18ae66d15fcdbd9,2022-09-16,Broccoli,,per lb,,,,,Yes,,,,,,,,2.79,$/per lb,2.79,per lb,Alaska,retail,,,,,,,,26.0,3324,Weekly Grocery Store Specialty Crops Feature Activity,2026-09-26T13:56:27+00:00
c9e7618763dba4b3,2022-09-16,Broccoli,CROWN CUT,per lb,,,,,No,,,,,,,,2.29,$/per lb,2.29,per lb,Alaska,retail,,,,,,,,11.0,3324,Weekly Grocery Store Specialty Crops Feature Activity,2026-09-26T13:56:27+00:00
c0957ea931ad1f6e,2022-09-16,Carrots,BABY PEELED,1 lb bag,,,,,Yes,,,,,,,,2.39,$/1 lb bag,2.39,per lb,Alaska,retail,,,,,,,,1.0,3324,Weekly Grocery Store Specialty Crops Feature Activity,2026-09-26T13:56:27+00:00
c12244f9cfdbaf92,2022-09-16,Celery,,each,,,,,No,,,,,,,,3.99,$/each,3.99,per each,Alaska,retail,,,,,,,,33.0,3324,Weekly Grocery Store Specialty Crops Feature Activity,2026-09-26T13:56:27+00:00
58b05c30423ec74b,2022-09-16,Celery,,per lb,,,,,No,,,,,,,,1.29,$/per lb,1.29,per lb,Alaska,retail,,,,,,,,11.0,3324,Weekly Grocery Store Specialty Crops Feature Activity,2026-09-26T13:56:27+00:00
490274e12ec6c590,2022-09-16,Cucumbers,,each,,,,,No,,,,,,,,1.25,$/each,1.25,per each,Alaska,retail,,,,,,,,11.0,3324,Weekly Grocery Store Specialty Crops Feature Activity,2026-09-26T13:56:27+00:00
bef3ced28c7a816e,2022-09-16,Grapes,BLACK SEEDLESS,per lb,,,,,No,,,,,,,,2.34,$/per lb,2.34,per lb,Alaska,retail,,,,,,,,37.0,3324,Weekly Grocery Store Specialty Crops Feature Activity,2026-09-26T13:56:27+00:00
e016f9a541015b3e,2022-09-16,Grapes,BLACK SEEDLESS,per lb,,,,,Yes,,,,,,,,3.99,$/per lb,3.99,per lb,Alaska,retail,,,,,,,,11.0,3324,Weekly Grocery Store Specialty Crops Feature Activity,2026-09-26T13:56:27+00:00
a51146bf802aab84,2022-09-16,Grapes,RED SEEDLESS,per lb,,,,,No,,,,,,,,2.54,$/per lb,2.54,per lb,Alaska,retail,,,,,,,,45.0,3324,Weekly Grocery Store Specialty Crops Feature Activity,2026-09-26T13:56:27+00:00
e61dcaa4fb242a7c,2022-09-16,Grapes,RED SEEDLESS,per lb,,,,,Yes,,,,,,,,3.99,$/per lb,3.99,per lb,Alaska,retail,,,,,,,,11.0,3324,Weekly Grocery Store Specialty Crops Feature Activity,2026-09-26T13:56:27+00:00
1d6d16f890d44b87,2022-09-16,Grapes,WHITE SEEDLESS TYPE,per lb,,,,,Yes,,,,,,,,3.99,$/per lb,3.99,per lb,Alaska,retail,,,,,,,,11.0,3324,Weekly Grocery Store Specialty Crops Feature Activity,2026-09-26T13:56:27+00:00
993bfed0af00b374,2022-09-16,Grapes,WHITE SEEDLESS TYPE,per lb,,,,,No,,,,,,,,2.54,$/per lb,2.54,per lb,Alaska,retail,,,,,,,,45.0,3324,Weekly Grocery Store Specialty Crops Feature Activity,2026-09-26T13:56:27+00:00
31828b7e52604b13,2022-09-16,"Onions, Dry",RED,per lb,,,,,Yes,,,,,,,,1.99,$/per lb,1.99,per lb,Alaska,retail,,,,,,,,26.0,3324,Weekly Grocery Store Specialty Crops Feature Activity,2026-09-26T13:56:27+00:00
88fcbad1a1baf793,2022-09-16,"Onions, Dry",RED,per lb,,,,,No,,,,,,,,1.19,$/per lb,1.19,per lb,Alaska,retail,,,,,,,,1.0,3324,Weekly Grocery Store Specialty Crops Feature Activity,2026-09-26T13:56:27+00:00
ae326730a5c33e9d,2022-09-16,"Onions, Dry",WHITE,per lb,,,,,Yes,,,,,,,,1.99,$/per lb,1.99,per lb,Alaska,retail,,,,,,,,26.0,3324,Weekly Grocery Store Specialty Crops Feature Activity,2026-09-26T13:56:27+00:00
9a33079b341598b4,2022-09-16,"Onions, Dry",YELLOW,2 lb bag,,,,,Yes,,,,,,,,3.39,$/2 lb bag,1.695,per lb,Alaska,retail,,,,,,,,1.0,3324,Weekly Grocery Store Specialty Crops Feature Activity,2026-09-26T13:56:27+00:00
6791faae6f4b89b5,2022-09-16,"Onions, Dry",YELLOW,per lb,,,,,Yes,,,,,,,,1.99,$/per lb,1.99,per lb,Alaska,retail,,,,,,,,26.0,3324,Weekly Grocery Store Specialty Crops Feature Activity,2026-09-26T13:56:27+00:00
aea2f6e098455f2a,2022-09-16,"Peppers, Bell Type",GREEN,each,,,,,No,,,,,,,,0.94,$/each,0.94,per each,Alaska,retail,,,,,,,,37.0,3324,Weekly Grocery Store Specialty Crops Feature Activity,2026-09-26T13:56:27+00:00
3f00e54b4cfd836e,2022-09-16,"Peppers, Bell Type",ORANGE,each,,,,,No,,,,,,,,1.6,$/each,1.6,per each,Alaska,retail,,,,,,,,18.0,3324,Weekly Grocery Store Specialty Crops Feature Activity,2026-09-26T13:56:27+00:00
3169c6568ec3f8b7,2022-09-16,"Peppers, Bell Type",RED,each,,,,,No,,,,,,,,1.6,$/each,1.6,per each,Alaska,retail,,,,,,,,18.0,3324,Weekly Grocery Store Specialty Crops Feature Activity,2026-09-26T13:56:27+00:00
b1fec835b0b2a3a2,2022-09-16,"Peppers, Bell Type",YELLOW,each,,,,,No,,,,,,,,1.6,$/each,1.6,per each,Alaska,retail,,,,,,,,18.0,3324,Weekly Grocery Store Specialty Crops Feature Activity,2026-09-26T13:56:27+00:00
8cc1e29885fcdb79,2022-09-16,Potatoes,RUSSET,per lb,,,,,No,,,,,,,,1.49,$/per lb,1.49,per lb,Alaska,retail,,,,,,,,1.0,3324,Weekly Grocery Store Specialty Crops Feature Activity,2026-09-26T13:56:27+00:00
531c8627561a904c,2022-09-16,Strawberries,,1 lb package,,,,,No,,,,,,,,3.33,$/1 lb package,3.33,per lb,Alaska,retail,,,,,,,,26.0,3324,Weekly Grocery Store Specialty Crops Feature Activity,2026-09-26T13:56:27+00:00
352e3d0bbcb5ec30,2022-09-16,Tomatoes,GRAPE TYPE,1 pint package,,,,,No,,,,,,,,1.99,$/1 pint package,,,Alaska,retail,,,,,,,,11.0,3324,Weekly Grocery Store Specialty Crops Feature Activity,2026-09-26T13:56:27+00:00
066c8bccb1a81479,2022-09-16,Tomatoes,VINE RIPES,per lb,,,,,No,,,,,,,,2.29,$/per lb,2.29,per lb,Alaska,retail,,,environment=Greenhouse,,,,,1.0,3324,Weekly Grocery Store Specialty Crops Feature Activity,2026-09-26T13:56:27+00:00
5793bc95bb81a042,2022-09-16,Tomatoes,VINE RIPES - ON THE VINE,per lb,,,,,No,,,,,,,,2.49,$/per lb,2.49,per lb,Alaska,retail,,,environment=Greenhouse,,,,,26.0,3324,Weekly Grocery Store Specialty Crops Feature Activity,2026-09-26T13:56:27+00:00
7135c453337da479,2022-09-16,Avocados,HASS,each,,,,,No,,,,,,,,1.86,$/each,1.86,per each,Hawaii,retail,,,,,,,,47.0,3324,Weekly Grocery Store Specialty Crops Feature Activity,2026-09-26T13:56:27+00:00
39e520b33861c8db,2022-09-16,Bananas,,per lb,,,,,No,,,,,,,,1.29,$/per lb,1.29,per lb,Hawaii,retail,,,,,,,,4.0,3324,Weekly Grocery Store Specialty Crops Feature Activity,2026-09-26T13:56:27+00:00
2a50baa9a011f132,2022-09-16,Blueberries,,18 oz package,,,,,No,,,,,,,,6.99,$/18 oz package,6.2133,per lb,Hawaii,retail,,,,,,,,3.0,3324,Weekly Grocery Store Specialty Crops Feature Activity,2026-09-26T13:56:27+00:00
4d853a667c0b3b20,2022-09-16,Broccoli,BABY HYBRID TYPE,per bunch,,,,,Yes,,,,,,,,4.79,$/per bunch,,,Hawaii,retail,,,,,,,,3.0,3324,Weekly Grocery Store Specialty Crops Feature Activity,2026-09-26T13:56:27+00:00
53e88ab2302d0039,2022-09-16,Carrots,BABY PEELED,1 lb bag,,,,,No,,,,,,,,2.59,$/1 lb bag,2.59,per lb,Hawaii,retail,,,,,,,,6.0,3324,Weekly Grocery Store Specialty Crops Feature Activity,2026-09-26T13:56:27+00:00
5167bfded9d2cf97,2022-09-16,Celery,,per lb,,,,,No,,,,,,,,2.69,$/per lb,2.69,per lb,Hawaii,retail,,,,,,,,35.0,3324,Weekly Grocery Store Specialty Crops Feature Activity,2026-09-26T13:56:27+00:00
cf4951cc4abf0f41,2022-09-16,Cucumbers,LONG SEEDLESS,each,,,,,No,,,,,,,,3.99,$/each,3.99,per each,Hawaii,retail,,,environment=Greenhouse,,,,,4.0,3324,Weekly Grocery Store Specialty Crops Feature Activity,2026-09-26T13:56:27+00:00
cd68459dd2c615f9,2022-09-16,Grapes,BLACK SEEDLESS,per lb,,,,,Yes,,,,,,,,4.79,$/per lb,4.79,per lb,Hawaii,retail,,,,,,,,3.0,3324,Weekly Grocery Store Specialty Crops Feature Activity,2026-09-26T13:56:27+00:00
3a102e9477dc8fed,2022-09-16,Grapes,RED SEEDLESS,per lb,,,,,Yes,,,,,,,,4.79,$/per lb,4.79,per lb,Hawaii,retail,,,,,,,,3.0,3324,Weekly Grocery Store Specialty Crops Feature Activity,2026-09-26T13:56:27+00:00
f52d8fe4205e59f3,2022-09-16,Grapes,RED SEEDLESS,per lb,,,,,No,,,,,,,,3.48,$/per lb,3.48,per lb,Hawaii,retail,,,,,,,,47.0,3324,Weekly Grocery Store Specialty Crops Feature Activity,2026-09-26T13:56:27+00:00
776f3ccc82e98b13,2022-09-16,Grapes,WHITE SEEDLESS TYPE,per lb,,,,,Yes,,,,,,,,4.79,$/per lb,4.79,per lb,Hawaii,retail,,,,,,,,3.0,3324,Weekly Grocery Store Specialty Crops Feature Activity,2026-09-26T13:56:27+00:00
929a582f1122c551,2022-09-16,Grapes,WHITE SEEDLESS TYPE,per lb,,,,,No,,,,,,,,3.41,$/per lb,3.41,per lb,Hawaii,retail,,,,,,,,57.0,3324,Weekly Grocery Store Specialty Crops Feature Activity,2026-09-26T13:56:27+00:00
6a8fefe51771eb7b,2022-09-16,Lettuce,Iceberg,per lb,,,,,No,,,,,,,,1.49,$/per lb,1.49,per lb,Hawaii,retail,,,,,,,,4.0,3324,Weekly Grocery Store Specialty Crops Feature Activity,2026-09-26T13:56:27+00:00
23d6c7234450803c,2022-09-16,"Onions, Dry",WHITE,per lb,,,,,No,,,,,,,,1.49,$/per lb,1.49,per lb,Hawaii,retail,,,,,,,,6.0,3324,Weekly Grocery Store Specialty Crops Feature Activity,2026-09-26T13:56:27+00:00
8cdea783de386ff2,2022-09-16,"Onions, Dry",YELLOW MARKED SWEET,2 lb bag,,,,,No,,,,,,,,3.79,$/2 lb bag,1.895,per lb,Hawaii,retail,,,,,,,,4.0,3324,Weekly Grocery Store Specialty Crops Feature Activity,2026-09-26T13:56:27+00:00
ffb018f0c97a5fc7,2022-09-16,"Onions, Dry",YELLOW MARKED SWEET,per lb,,,,,No,,,,,,,,2.19,$/per lb,2.19,per lb,Hawaii,retail,,,,,,,,23.0,3324,Weekly Grocery Store Specialty Crops Feature Activity,2026-09-26T13:56:27+00:00
727d06999320eafd,2022-09-16,Strawberries,,1 lb package,,,,,No,,,,,,,,5.99,$/1 lb package,5.99,per lb,Hawaii,retail,,,,,,,,4.0,3324,Weekly Grocery Store Specialty Crops Feature Activity,2026-09-26T13:56:27+00:00
2a397177253373c1,2022-09-16,Tomatoes,,per lb,,,,,No,,,,,,,,2.43,$/per lb,2.43,per lb,Hawaii,retail,,,,,,,,33.0,3324,Weekly Grocery Store Specialty Crops Feature Activity,2026-09-26T13:56:27+00:00
42124c5a0eaf7152,2022-09-16,Tomatoes,Vine Ripes - Heirloom Varieties,per lb,,,,,Yes,,,,,,,,6.99,$/per lb,6.99,per lb,Hawaii,retail,,,environment=Greenhouse,,,,,3.0,3324,Weekly Grocery Store Specialty Crops Feature Activity,2026-09-26T13:56:27+00:00
118e726ade8afdec,2022-09-16,Avocados,HASS,each,,,,,Yes,,,,,,,,1.25,$/each,1.25,per each,Midwest,retail,,,,,,,,11.0,3324,Weekly Grocery Store Specialty Crops Feature Activity,2026-09-26T13:56:27+00:00
71addd46c7f7bd50,2022-09-16,Avocados,HASS,each,,,,,No,,,,,,,,0.87,$/each,0.87,per each,Midwest,retail,,,,,,,,2017.0,3324,Weekly Grocery Store Specialty Crops Feature Activity,2026-09-26T13:56:27+00:00
fbadc893fb688c2b,2022-09-16,Bananas,,per lb,,,,,No,,,,,,,,0.51,$/per lb,0.51,per lb,Midwest,retail,,,,,,,,269.0,3324,Weekly Grocery Store Specialty Crops Feature Activity,2026-09-26T13:56:27+00:00
1f3511b0af3c9a11,2022-09-16,Blueberries,,1 pint package,,,,,No,,,,,,,,2.73,$/1 pint package,,,Midwest,retail,,,,,,,,801.0,3324,Weekly Grocery Store Specialty Crops Feature Activity,2026-09-26T13:56:27+00:00
f53be77c955322e4,2022-09-16,Blueberries,,1 pint package,,,,,Yes,,,,,,,,3.3,$/1 pint package,,,Midwest,retail,,,,,,,,47.0,3324,Weekly Grocery Store Specialty Crops Feature Activity,2026-09-26T13:56:27+00:00
746c176ee44f14d2,2022-09-16,Blueberries,,18 oz package,,,,,No,,,,,,,,5.57,$/18 oz package,4.9511,per lb,Midwest,retail,,,,,,,,159.0,3324,Weekly Grocery Store Specialty Crops Feature Activity,2026-09-26T13:56:27+00:00
49cdfd7d99931d6b,2022-09-16,Blueberries,,6 oz package,,,,,No,,,,,,,,2.25,$/6 oz package,6.0,per lb,Midwest,retail,,,,,,,,14.0,3324,Weekly Grocery Store Specialty Crops Feature Activity,2026-09-26T13:56:27+00:00
b2dbf0ecdad84c5f,2022-09-16,Blueberries,,6 oz package,,,,,Yes,,,,,,,,3.99,$/6 oz package,10.64,per lb,Midwest,retail,,,,,,,,19.0,3324,Weekly Grocery Store Specialty Crops Feature Activity,2026-09-26T13:56:27+00:00
83e27041019b984a,2022-09-16,Broccoli,,per bunch,,,,,Yes,,,,,,,,3.14,$/per bunch,,,Midwest,retail,,,,,,,,24.0,3324,Weekly Grocery Store Specialty Crops Feature Activity,2026-09-26T13:56:27+00:00
a27b243301f9e06a,2022-09-16,Broccoli,,per lb,,,,,No,,,,,,,,1.49,$/per lb,1.49,per lb,Midwest,retail,,,,,,,,18.0,3324,Weekly Grocery Store Specialty Crops Feature Activity,2026-09-26T13:56:27+00:00
997f0a8ed141e0a1,2022-09-16,Broccoli,BABY HYBRID TYPE,per bunch,,,,,Yes,,,,,,,,3.99,$/per bunch,,,Midwest,retail,,,,,,,,50.0,3324,Weekly Grocery Store Specialty Crops Feature Activity,2026-09-26T13:56:27+00:00
4a084f3dc43dddda,2022-09-16,Broccoli,CROWN CUT,per lb,,,,,No,,,,,,,,1.48,$/per lb,1.48,per lb,Midwest,retail,,,,,,,,410.0,3324,Weekly Grocery Store Specialty Crops Feature Activity,2026-09-26T13:56:27+00:00
4898ea36bac1bcf5,2022-09-16,Carrots,,1 lb bag,,,,,Yes,,,,,,,,0.88,$/1 lb bag,0.88,per lb,Midwest,retail,,,,,,,,13.0,3324,Weekly Grocery Store Specialty Crops Feature Activity,2026-09-26T13:56:27+00:00
683f313c7bdcc5a0,2022-09-16,Carrots,,1 lb bag,,,,,No,,,,,,,,0.99,$/1 lb bag,0.99,per lb,Midwest,retail,,,,,,,,17.0,3324,Weekly Grocery Store Specialty Crops Feature Activity,2026-09-26T13:56:27+00:00
1a4ee44da8792928,2022-09-16,Carrots,,2 lb bag,,,,,No,,,,,,,,1.09,$/2 lb bag,0.545,per lb,Midwest,retail,,,,,,,,243.0,3324,Weekly Grocery Store Specialty Crops Feature Activity,2026-09-26T13:56:27+00:00
61f87e85ca97642c,2022-09-16,Carrots,BABY PEELED,1 lb bag,,,,,No,,,,,,,,1.31,$/1 lb bag,1.31,per lb,Midwest,retail,,,,,,,,539.0,3324,Weekly Grocery Store Specialty Crops Feature Activity,2026-09-26T13:56:27+00:00
f3692c8869fc03b7,2022-09-16,Carrots,BABY PEELED,1 lb bag,,,,,Yes,,,,,,,,1.68,$/1 lb bag,1.68,per lb,Midwest,retail,,,,,,,,13.0,3324,Weekly Grocery Store Specialty Crops Feature Activity,2026-09-26T13:56:27+00:00
e5d55697e10f12b7,2022-09-16,Carrots,BABY PEELED,2 lb bag,,,,,No,,,,,,,,2.18,$/2 lb bag,1.09,per lb,Midwest,retail,,,,,,,,43.0,3324,Weekly Grocery Store Specialty Crops Feature Activity,2026-09-26T13:56:27+00:00
28c482669bbaa344,2022-09-16,Celery,,each,,,,,No,,,,,,,,1.79,$/each,1.79,per each,Midwest,retail,,,,,,,,697.0,3324,Weekly Grocery Store Specialty Crops Feature Activity,2026-09-26T13:56:27+00:00
6542862906794ffb,2022-09-16,Celery,,each,,,,,Yes,,,,,,,,1.99,$/each,1.99,per each,Midwest,retail,,,,,,,,17.0,3324,Weekly Grocery Store Specialty Crops Feature Activity,2026-09-26T13:56:27+00:00
2a8ab88be7f494ef,2022-09-16,Celery,,per lb,,,,,No,,,,,,,,1.99,$/per lb,1.99,per lb,Midwest,retail,,,,,,,,186.0,3324,Weekly Grocery Store Specialty Crops Feature Activity,2026-09-26T13:56:27+00:00
72ece8c386d2bf97,2022-09-16,Celery,HEARTS,each,,,,,No,,,,,,,,2.26,$/each,2.26,per each,Midwest,retail,,,,,,,,60.0,3324,Weekly Grocery Store Specialty Crops Feature Activity,2026-09-26T13:56:27+00:00
7e2de196d15097c5,2022-09-16,Celery,HEARTS,each,,,,,Yes,,,,,,,,2.83,$/each,2.83,per each,Midwest,retail,,,,,,,,31.0,3324,Weekly Grocery Store Specialty Crops Feature Activity,2026-09-26T13:56:27+00:00
b3631bd04f158192,2022-09-16,Cucumbers,,each,,,,,No,,,,,,,,0.71,$/each,0.71,per each,Midwest,retail,,,,,,,,720.0,3324,Weekly Grocery Store Specialty Crops Feature Activity,2026-09-26T13:56:27+00:00
b072a40f1d1e80fc,2022-09-16,Cucumbers,LONG SEEDLESS,each,,,,,No,,,,,,,,1.21,$/each,1.21,per each,Midwest,retail,,,environment=Greenhouse,,,,,582.0,3324,Weekly Grocery Store Specialty Crops Feature Activity,2026-09-26T13:56:27+00:00
5f5b0b292226977e,2022-09-16,Grapes,BLACK SEEDLESS,per lb,,,,,No,,,,,,,,1.57,$/per lb,1.57,per lb,Midwest,retail,,,,,,,,708.0,3324,Weekly Grocery Store Specialty Crops Feature Activity,2026-09-26T13:56:27+00:00
bc5373b7c339da9b,2022-09-16,Grapes,BLACK SEEDLESS,per lb,,,,,Yes,,,,,,,,3.33,$/per lb,3.33,per lb,Midwest,retail,,,,,,,,149.0,3324,Weekly Grocery Store Specialty Crops Feature Activity,2026-09-26T13:56:27+00:00
4f5fedc7b53f9410,2022-09-16,Grapes,RED SEEDLESS,per lb,,,,,Yes,,,,,,,,2.95,$/per lb,2.95,per lb,Midwest,retail,,,,,,,,326.0,3324,Weekly Grocery Store Specialty Crops Feature Activity,2026-09-26T13:56:27+00:00
b917c2dcca454f5e,2022-09-16,Grapes,RED SEEDLESS,per lb,,,,,No,,,,,,,,1.86,$/per lb,1.86,per lb,Midwest,retail,,,,,,,,1518.0,3324,Weekly Grocery Store Specialty Crops Feature Activity,2026-09-26T13:56:27+00:00
689fd3da703b75ea,2022-09-16,Grapes,Red Globe Seeded Type,per lb,,,,,No,,,,,,,,1.93,$/per lb,1.93,per lb,Midwest,retail,,,,,,,,22.0,3324,Weekly Grocery Store Specialty Crops Feature Activity,2026-09-26T13:56:27+00:00
45d2b1afae320b5c,2022-09-16,Grapes,WHITE SEEDLESS TYPE,per lb,,,,,Yes,,,,,,,,3.03,$/per lb,3.03,per lb,Midwest,retail,,,,,,,,301.0,3324,Weekly Grocery Store Specialty Crops Feature Activity,2026-09-26T13:56:27+00:00
cd1d5e46b7e428da,2022-09-16,Grapes,WHITE SEEDLESS TYPE,per lb,,,,,No,,,,,,,,1.53,$/per lb,1.53,per lb,Midwest,retail,,,,,,,,1817.0,3324,Weekly Grocery Store Specialty Crops Feature Activity,2026-09-26T13:56:27+00:00
656c8ecc8bd3b809,2022-09-16,Lemons,,2 lb bag,,,,,No,,,,,,,,3.07,$/2 lb bag,1.535,per lb,Midwest,retail,,,,,,,,53.0,3324,Weekly Grocery Store Specialty Crops Feature Activity,2026-09-26T13:56:27+00:00
b7f5d67b927c5148,2022-09-16,Lemons,,2 lb bag,,,,,Yes,,,,,,,,3.99,$/2 lb bag,1.995,per lb,Midwest,retail,,,,,,,,21.0,3324,Weekly Grocery Store Specialty Crops Feature Activity,2026-09-26T13:56:27+00:00
5af363da9bf489ae,2022-09-16,Lemons,,each,,,,,No,,,,,,,,0.67,$/each,0.67,per each,Midwest,retail,,,,,,,,321.0,3324,Weekly Grocery Store Specialty Crops Feature Activity,2026-09-26T13:56:27+00:00
a2f1fa2dc9ef2331,2022-09-16,Lettuce,Green Leaf,each,,,,,No,,,,,,,,0.99,$/each,0.99,per each,Midwest,retail,,,,,,,,24.0,3324,Weekly Grocery Store Specialty Crops Feature Activity,2026-09-26T13:56:27+00:00
be8ca25841ff9785,2022-09-16,Lettuce,Green Leaf,each,,,,,Yes,,,,,,,,1.79,$/each,1.79,per each,Midwest,retail,,,,,,,,11.0,3324,Weekly Grocery Store Specialty Crops Feature Activity,2026-09-26T13:56:27+00:00
03002d9350a36707,2022-09-16,Lettuce,Green Leaf,per lb,,,,,No,,,,,,,,1.79,$/per lb,1.79,per lb,Midwest,retail,,,,,,,,15.0,3324,Weekly Grocery Store Specialty Crops Feature Activity,2026-09-26T13:56:27+00:00
89b6f125bdbd5154,2022-09-16,Lettuce,Iceberg,each,,,,,No,,,,,,,,1.23,$/each,1.23,per each,Midwest,retail,,,,,,,,40.0,3324,Weekly Grocery Store Specialty Crops Feature Activity,2026-09-26T13:56:27+00:00
d179727fc52980a1,2022-09-16,Lettuce,Iceberg,each,,,,,Yes,,,,,,,,3.48,$/each,3.48,per each,Midwest,retail,,,,,,,,46.0,3324,Weekly Grocery Store Specialty Crops Feature Activity,2026-09-26T13:56:27+00:00
2a90f3545b3704cc,2022-09-16,Lettuce,Red Leaf,each,,,,,Yes,,,,,,,,1.79,$/each,1.79,per each,Midwest,retail,,,,,,,,11.0,3324,Weekly Grocery Store Specialty Crops Feature Activity,2026-09-26T13:56:27+00:00
d261e5af5cb467c4,2022-09-16,Lettuce,Red Leaf,each,,,,,No,,,,,,,,0.99,$/each,0.99,per each,Midwest,retail,,,,,,,,24.0,3324,Weekly Grocery Store Specialty Crops Feature Activity,2026-09-26T13:56:27+00:00
6ba565313637656b,2022-09-16,Lettuce,Red Leaf,per lb,,,,,No,,,,,,,,1.79,$/per lb,1.79,per lb,Midwest,retail,,,,,,,,15.0,3324,Weekly Grocery Store Specialty Crops Feature Activity,2026-09-26T13:56:27+00:00
e06938010fbe1d14,2022-09-16,Lettuce,Romaine,each,,,,,No,,,,,,,,0.99,$/each,0.99,per each,Midwest,retail,,,,,,,,24.0,3324,Weekly Grocery Store Specialty Crops Feature Activity,2026-09-26T13:56:27+00:00
04f1a023b8af5385,2022-09-16,Lettuce,Romaine,per lb,,,,,No,,,,,,,,1.68,$/per lb,1.68,per lb,Midwest,retail,,,,,,,,33.0,3324,Weekly Grocery Store Specialty Crops Feature Activity,2026-09-26T13:56:27+00:00
22416fefb7db50d9,2022-09-16,Lettuce,Romaine (Hearts),3 count,,,,,No,,,,,,,,3.99,$/3 count,,,Midwest,retail,,,,,,,,17.0,3324,Weekly Grocery Store Specialty Crops Feature Activity,2026-09-26T13:56:27+00:00
b21c5028f082193f,2022-09-16,Lettuce,Romaine (Hearts),3 count,,,,,Yes,,,,,,,,3.48,$/3 count,,,Midwest,retail,,,,,,,,10.0,3324,Weekly Grocery Store Specialty Crops Feature Activity,2026-09-26T13:56:27+00:00
e566969d89ff4dc5,2022-09-16,Limes,,each,,,,,No,,,,,,,,0.5,$/each,0.5,per each,Midwest,retail,,,,,,,,528.0,3324,Weekly Grocery Store Specialty Crops Feature Activity,2026-09-26T13:56:27+00:00
99f2e03f52bcefc1,2022-09-16,Limes,,per lb,,,,,No,,,,,,,,0.98,$/per lb,0.98,per lb,Midwest,retail,,,,,,,,8.0,3324,Weekly Grocery Store Specialty Crops Feature Activity,2026-09-26T13:56:27+00:00
6ff15e676c95d6be,2022-09-16,"Onions, Dry",RED,per lb,,,,,No,,,,,,,,0.99,$/per lb,0.99,per lb,Midwest,retail,,,,,,,,12.0,3324,Weekly Grocery Store Specialty Crops Feature Activity,2026-09-26T13:56:27+00:00
ce580d274843b83a,2022-09-16,"Onions, Dry",WHITE,per lb,,,,,No,,,,,,,,1.02,$/per lb,1.02,per lb,Midwest,retail,,,,,,,,25.0,3324,Weekly Grocery Store Specialty Crops Feature Activity,2026-09-26T13:56:27+00:00
b91a53492f6639ed,2022-09-16,"Onions, Dry",YELLOW,2 lb bag,,,,,No,,,,,,,,2.07,$/2 lb bag,1.035,per lb,Midwest,retail,,,,,,,,21.0,3324,Weekly Grocery Store Specialty Crops Feature Activity,2026-09-26T13:56:27+00:00
748ce81deb541fb0,2022-09-16,"Onions, Dry",YELLOW,3 lb bag,,,,,No,,,,,,,,2.15,$/3 lb bag,0.7167,per lb,Midwest,retail,,,,,,,,337.0,3324,Weekly Grocery Store Specialty Crops Feature Activity,2026-09-26T13:56:27+00:00
c12e7bdd6d37f9ab,2022-09-16,"Onions, Dry",YELLOW,per lb,,,,,Yes,,,,,,,,1.19,$/per lb,1.19,per lb,Midwest,retail,,,,,,,,11.0,3324,Weekly Grocery Store Specialty Crops Feature Activity,2026-09-26T13:56:27+00:00
fb8b2da4aec0de70,2022-09-16,"Onions, Dry",YELLOW,per lb,,,,,No,,,,,,,,0.89,$/per lb,0.89,per lb,Midwest,retail,,,,,,,,12.0,3324,Weekly Grocery Store Specialty Crops Feature Activity,2026-09-26T13:56:27+00:00
b04c0ca17f33c15d,2022-09-16,"Onions, Dry",YELLOW MARKED SWEET,3 lb bag,,,,,No,,,,,,,,3.37,$/3 lb bag,1.1233,per lb,Midwest,retail,,,,,,,,21.0,3324,Weekly Grocery Store Specialty Crops Feature Activity,2026-09-26T13:56:27+00:00
de9121c3b4d2e29c,2022-09-16,"Onions, Dry",YELLOW MARKED SWEET,per lb,,,,,No,,,,,,,,1.18,$/per lb,1.18,per lb,Midwest,retail,,,,,,,,515.0,3324,Weekly Grocery Store Specialty Crops Feature Activity,2026-09-26T13:56:27+00:00
ab4bfee6d9788d00,2022-09-16,"Peppers, Bell Type",GREEN,each,,,,,Yes,,,,,,,,0.89,$/each,0.89,per each,Midwest,retail,,,,,,,,19.0,3324,Weekly Grocery Store Specialty Crops Feature Activity,2026-09-26T13:56:27+00:00
ab7a75f8ce81d33f,2022-09-16,"Peppers, Bell Type",GREEN,each,,,,,No,,,,,,,,0.83,$/each,0.83,per each,Midwest,retail,,,,,,,,455.0,3324,Weekly Grocery Store Specialty Crops Feature Activity,2026-09-26T13:56:27+00:00
0711c0b77072c481,2022-09-16,"Peppers, Bell Type",GREEN,per lb,,,,,No,,,,,,,,1.58,$/per lb,1.58,per lb,Midwest,retail,,,,,,,,58.0,3324,Weekly Grocery Store Specialty Crops Feature Activity,2026-09-26T13:56:27+00:00
961bff23b0d8d297,2022-09-16,"Peppers, Bell Type",GREEN,per lb,,,,,Yes,,,,,,,,1.49,$/per lb,1.49,per lb,Midwest,retail,,,,,,,,6.0,3324,Weekly Grocery Store Specialty Crops Feature Activity,2026-09-26T13:56:27+00:00
3f67bbc07377bf16,2022-09-16,"Peppers, Bell Type",ORANGE,each,,,,,No,,,,,,,,0.99,$/each,0.99,per each,Midwest,retail,,,environment=Greenhouse,,,,,171.0,3324,Weekly Grocery Store Specialty Crops Feature Activity,2026-09-26T13:56:27+00:00
b005eb8e6a781014,2022-09-16,"Peppers, Bell Type",ORANGE,each,,,,,No,,,,,,,,1.25,$/each,1.25,per each,Midwest,retail,,,,,,,,595.0,3324,Weekly Grocery Store Specialty Crops Feature Activity,2026-09-26T13:56:27+00:00
46cfc8cfa1a99eb2,2022-09-16,"Peppers, Bell Type",ORANGE,per lb,,,,,No,,,,,,,,2.58,$/per lb,2.58,per lb,Midwest,retail,,,,,,,,252.0,3324,Weekly Grocery Store Specialty Crops Feature Activity,2026-09-26T13:56:27+00:00
78ad3cff89a92989,2022-09-16,"Peppers, Bell Type",ORANGE,per lb,,,,,No,,,,,,,,2.99,$/per lb,2.99,per lb,Midwest,retail,,,environment=Greenhouse,,,,,5.0,3324,Weekly Grocery Store Specialty Crops Feature Activity,2026-09-26T13:56:27+00:00
512c7bea2b8bc9a0,2022-09-16,"Peppers, Bell Type",RED,each,,,,,No,,,,,,,,0.99,$/each,0.99,per each,Midwest,retail,,,environment=Greenhouse,,,,,171.0,3324,Weekly Grocery Store Specialty Crops Feature Activity,2026-09-26T13:56:27+00:00
b3712be418f14357,2022-09-16,"Peppers, Bell Type",RED,each,,,,,No,,,,,,,,1.25,$/each,1.25,per each,Midwest,retail,,,,,,,,583.0,3324,Weekly Grocery Store Specialty Crops Feature Activity,2026-09-26T13:56:27+00:00
0f7a5a5b1eb328d7,2022-09-16,"Peppers, Bell Type",RED,per lb,,,,,No,,,,,,,,2.99,$/per lb,2.99,per lb,Midwest,retail,,,environment=Greenhouse,,,,,5.0,3324,Weekly Grocery Store Specialty Crops Feature Activity,2026-09-26T13:56:27+00:00
ef36cb4beaae3d44,2022-09-16,"Peppers, Bell Type",RED,per lb,,,,,No,,,,,,,,2.55,$/per lb,2.55,per lb,Midwest,retail,,,,,,,,266.0,3324,Weekly Grocery Store Specialty Crops Feature Activity,2026-09-26T13:56:27+00:00
8a1b2f17b090e719,2022-09-16,"Peppers, Bell Type",YELLOW,each,,,,,No,,,,,,,,1.25,$/each,1.25,per each,Midwest,retail,,,,,,,,595.0,3324,Weekly Grocery Store Specialty Crops Feature Activity,2026-09-26T13:56:27+00:00
fdeca10e30015e8b,2022-09-16,"Peppers, Bell Type",YELLOW,each,,,,,No,,,,,,,,0.99,$/each,0.99,per each,Midwest,retail,,,environment=Greenhouse,,,,,171.0,3324,Weekly Grocery Store Specialty Crops Feature Activity,2026-09-26T13:56:27+00:00
13faefe3cc2ec6ce,2022-09-16,"Peppers, Bell Type",YELLOW,per lb,,,,,No,,,,,,,,2.58,$/per lb,2.58,per lb,Midwest,retail,,,,,,,,252.0,3324,Weekly Grocery Store Specialty Crops Feature Activity,2026-09-26T13:56:27+00:00
ce3ee4efc6e20be0,2022-09-16,"Peppers, Bell Type",YELLOW,per lb,,,,,No,,,,,,,,2.99,$/per lb,2.99,per lb,Midwest,retail,,,environment=Greenhouse,,,,,5.0,3324,Weekly Grocery Store Specialty Crops Feature Activity,2026-09-26T13:56:27+00:00
909f79bc0a30b821,2022-09-16,Potatoes,ROUND RED,3 lb bag,,,,,No,,,,,,,,4.59,$/3 lb bag,1.53,per lb,Midwest,retail,,,,,,,,422.0,3324,Weekly Grocery Store Specialty Crops Feature Activity,2026-09-26T13:56:27+00:00
9df30cbc8aad7518,2022-09-16,Potatoes,ROUND RED,5 lb bag,,,,,No,,,,,,,,2.72,$/5 lb bag,0.544,per lb,Midwest,retail,,,,,,,,226.0,3324,Weekly Grocery Store Specialty Crops Feature Activity,2026-09-26T13:56:27+00:00
e255952535661160,2022-09-16,Potatoes,RUSSET,10 lb bag,,,,,No,,,,,,,,3.99,$/10 lb bag,0.399,per lb,Midwest,retail,,,,,,,,34.0,3324,Weekly Grocery Store Specialty Crops Feature Activity,2026-09-26T13:56:27+00:00
e535eb7c3ad0b49b,2022-09-16,Potatoes,RUSSET,3 lb bag,,,,,No,,,,,,,,1.99,$/3 lb bag,0.6633,per lb,Midwest,retail,,,,,,,,10.0,3324,Weekly Grocery Store Specialty Crops Feature Activity,2026-09-26T13:56:27+00:00
a89d3847ce7ae8dc,2022-09-16,Potatoes,RUSSET,5 lb bag,,,,,No,,,,,,,,2.49,$/5 lb bag,0.498,per lb,Midwest,retail,,,,,,,,637.0,3324,Weekly Grocery Store Specialty Crops Feature Activity,2026-09-26T13:56:27+00:00
0b83ef3235a9a4a7,2022-09-16,Potatoes,RUSSET,8 lb bag,,,,,No,,,,,,,,4.99,$/8 lb bag,0.6238,per lb,Midwest,retail,,,,,,,,19.0,3324,Weekly Grocery Store Specialty Crops Feature Activity,2026-09-26T13:56:27+00:00
e08cbbb3c1cba871,2022-09-16,Potatoes,RUSSET,per lb,,,,,Yes,,,,,,,,1.79,$/per lb,1.79,per lb,Midwest,retail,,,,,,,,11.0,3324,Weekly Grocery Store Specialty Crops Feature Activity,2026-09-26T13:56:27+00:00
30565ce15b9a4d28,2022-09-16,Potatoes,YELLOW TYPE,3 lb bag,,,,,No,,,,,,,,4.98,$/3 lb bag,1.66,per lb,Midwest,retail,,,,,,,,308.0,3324,Weekly Grocery Store Specialty Crops Feature Activity,2026-09-26T13:56:27+00:00
3920b7401c97e828,2022-09-16,Potatoes,YELLOW TYPE,5 lb bag,,,,,No,,,,,,,,2.45,$/5 lb bag,0.49,per lb,Midwest,retail,,,,,,,,164.0,3324,Weekly Grocery Store Specialty Crops Feature Activity,2026-09-26T13:56:27+00:00
038b62a7560bb706,2022-09-16,Potatoes,YELLOW TYPE,per lb,,,,,Yes,,,,,,,,4.99,$/per lb,4.99,per lb,Midwest,retail,,,,,,,,50.0,3324,Weekly Grocery Store Specialty Crops Feature Activity,2026-09-26T13:56:27+00:00
35314963076e8a58,2022-09-16,Potatoes,YELLOW TYPE,per lb,,,,,No,,,,,,,,1.29,$/per lb,1.29,per lb,Midwest,retail,,,,,,,,35.0,3324,Weekly Grocery Store Specialty Crops Feature Activity,2026-09-26T13:56:27+00:00
a3fbfc490f55c01c,2022-09-16,Strawberries,,1 lb package,,,,,Yes,,,,,,,,4.89,$/1 lb package,4.89,per lb,Midwest,retail,,,,,,,,78.0,3324,Weekly Grocery Store Specialty Crops Feature Activity,2026-09-26T13:56:27+00:00
e5a0ac5b5a0196b7,2022-09-16,Strawberries,,1 lb package,,,,,No,,,,,,,,2.97,$/1 lb package,2.97,per lb,Midwest,retail,,,,,,,,341.0,3324,Weekly Grocery Store Specialty Crops Feature Activity,2026-09-26T13:56:27+00:00
3246ccbace1ca4ec,2022-09-16,Strawberries,,2 lb package,,,,,No,,,,,,,,2.5,$/2 lb package,1.25,per lb,Midwest,retail,,,,,,,,12.0,3324,Weekly Grocery Store Specialty Crops Feature Activity,2026-09-26T13:56:27+00:00
cfa6642d0630209f,2022-09-16,Strawberries,,2 lb package,,,,,Yes,,,,,,,,8.49,$/2 lb package,4.245,per lb,Midwest,retail,,,,,,,,50.0,3324,Weekly Grocery Store Specialty Crops Feature Activity,2026-09-26T13:56:27+00:00
1aeafcb1815fd8da,2022-09-16,Tomatoes,,per lb,,,,,Yes,,,,,,,,2.59,$/per lb,2.59,per lb,Midwest,retail,,,,,,,,11.0,3324,Weekly Grocery Store Specialty Crops Feature Activity,2026-09-26T13:56:27+00:00
8d4e45b683caa455,2022-09-16,Tomatoes,,per lb,,,,,No,,,,,,,,1.84,$/per lb,1.84,per lb,Midwest,retail,,,,,,,,317.0,3324,Weekly Grocery Store Specialty Crops Feature Activity,2026-09-26T13:56:27+00:00
57671c3d5256b734,2022-09-16,Tomatoes,Cherry Type,1 pint package,,,,,No,,,,,,,,2.5,$/1 pint package,,,Midwest,retail,,,,,,,,15.0,3324,Weekly Grocery Store Specialty Crops Feature Activity,2026-09-26T13:56:27+00:00
1364c363f1a8aa4a,2022-09-16,Tomatoes,GRAPE TYPE,1 pint package,,,,,No,,,,,,,,2.39,$/1 pint package,,,Midwest,retail,,,,,,,,176.0,3324,Weekly Grocery Store Specialty Crops Feature Activity,2026-09-26T13:56:27+00:00
c1832434cdfd6cf8,2022-09-16,Tomatoes,GRAPE TYPE,1 pint package,,,,,Yes,,,,,,,,3.02,$/1 pint package,,,Midwest,retail,,,,,,,,18.0,3324,Weekly Grocery Store Specialty Crops Feature Activity,2026-09-26T13:56:27+00:00
f1e36fabbb282ee9,2022-09-16,Tomatoes,GRAPE TYPE,10 oz package,,,,,No,,,,,,,,2.78,$/10 oz package,4.448,per lb,Midwest,retail,,,,,,,,23.0,3324,Weekly Grocery Store Specialty Crops Feature Activity,2026-09-26T13:56:27+00:00
a961bddcf31e28fe,2022-09-16,Tomatoes,Plum Type (Roma),per lb,,,,,No,,,,,,,,0.99,$/per lb,0.99,per lb,Midwest,retail,,,,,,,,1048.0,3324,Weekly Grocery Store Specialty Crops Feature Activity,2026-09-26T13:56:27+00:00
0f1e5673c6d3863d,2022-09-16,Tomatoes,VINE RIPES,per lb,,,,,No,,,,,,,,1.92,$/per lb,1.92,per lb,Midwest,retail,,,,,,,,180.0,3324,Weekly Grocery Store Specialty Crops Feature Activity,2026-09-26T13:56:27+00:00
9d23b90952fb4a2e,2022-09-16,Tomatoes,VINE RIPES,per lb,,,,,No,,,,,,,,2.0,$/per lb,2.0,per lb,Midwest,retail,,,environment=Greenhouse,,,,,276.0,3324,Weekly Grocery Store Specialty Crops Feature Activity,2026-09-26T13:56:27+00:00
09a28458ba0118b0,2022-09-16,Tomatoes,VINE RIPES - ON THE VINE,per lb,,,,,No,,,,,,,,1.58,$/per lb,1.58,per lb,Midwest,retail,,,environment=Greenhouse,,,,,437.0,3324,Weekly Grocery Store Specialty Crops Feature Activity,2026-09-26T13:56:27+00:00
3ae9235469384ee5,2022-09-16,Tomatoes,VINE RIPES - ON THE VINE,per lb,,,,,Yes,,,,,,,,3.49,$/per lb,3.49,per lb,Midwest,retail,,,environment=Greenhouse,,,,,8.0,3324,Weekly Grocery Store Specialty Crops Feature Activity,2026-09-26T13:56:27+00:00
2cb7e2888a233682,2022-09-16,Tomatoes,Vine Ripes - Heirloom Varieties,per lb,,,,,Yes,,,,,,,,5.99,$/per lb,5.99,per lb,Midwest,retail,,,environment=Greenhouse,,,,,50.0,3324,Weekly Grocery Store Specialty Crops Feature Activity,2026-09-26T13:56:27+00:00
a7b894d3e206634e,2022-09-16,Tomatoes,Vine Ripes - Heirloom Varieties,per lb,,,,,No,,,,,,,,1.79,$/per lb,1.79,per lb,Midwest,retail,,,environment=Greenhouse,,,,,12.0,3324,Weekly Grocery Store Specialty Crops Feature Activity,2026-09-26T13:56:27+00:00
b202a3030ec899db,2022-09-16,Avocados,HASS,each,,,,,No,,,,,,,,1.04,$/each,1.04,per each,National,retail,,,,,,,,10426.0,3324,Weekly Grocery Store Specialty Crops Feature Activity,2026-09-26T13:56:27+00:00
bc3b3db42f1a3057,2022-09-16,Avocados,HASS,each,,,,,Yes,,,,,,,,2.36,$/each,2.36,per each,National,retail,,,,,,,,1154.0,3324,Weekly Grocery Store Specialty Crops Feature Activity,2026-09-26T13:56:27+00:00
cd36166cc567013a,2022-09-16,Avocados,VARIOUS GREENSKIN VARIETIES,each,,,,,No,,,,,,,,1.98,$/each,1.98,per each,National,retail,,,,,,,,51.0,3324,Weekly Grocery Store Specialty Crops Feature Activity,2026-09-26T13:56:27+00:00
cbeea556aca28db2,2022-09-16,Avocados,VARIOUS GREENSKIN VARIETIES,per lb,,,,,No,,,,,,,,0.89,$/per lb,0.89,per lb,National,retail,,,,,,,,34.0,3324,Weekly Grocery Store Specialty Crops Feature Activity,2026-09-26T13:56:27+00:00
0bc411b013cc75cb,2022-09-16,Bananas,,per lb,,,,,Yes,,,,,,,,0.85,$/per lb,0.85,per lb,National,retail,,,,,,,,738.0,3324,Weekly Grocery Store Specialty Crops Feature Activity,2026-09-26T13:56:27+00:00
8074514fddf7f37c,2022-09-16,Bananas,,per lb,,,,,No,,,,,,,,0.58,$/per lb,0.58,per lb,National,retail,,,,,,,,575.0,3324,Weekly Grocery Store Specialty Crops Feature Activity,2026-09-26T13:56:27+00:00
0b2725310e9f2828,2022-09-16,Blueberries,,1 pint package,,,,,Yes,,,,,,,,5.05,$/1 pint package,,,National,retail,,,,,,,,448.0,3324,Weekly Grocery Store Specialty Crops Feature Activity,2026-09-26T13:56:27+00:00
2b023a9dcf068d3f,2022-09-16,Blueberries,,1 pint package,,,,,No,,,,,,,,3.01,$/1 pint package,,,National,retail,,,,,,,,2147.0,3324,Weekly Grocery Store Specialty Crops Feature Activity,2026-09-26T13:56:27+00:00
4c7a13b49eda6557,2022-09-16,Blueberries,,18 oz package,,,,,No,,,,,,,,5.53,$/18 oz package,4.9156,per lb,National,retail,,,,,,,,1833.0,3324,Weekly Grocery Store Specialty Crops Feature Activity,2026-09-26T13:56:27+00:00
5d8066ae574c5cbe,2022-09-16,Blueberries,,18 oz package,,,,,Yes,,,,,,,,8.99,$/18 oz package,7.9911,per lb,National,retail,,,,,,,,11.0,3324,Weekly Grocery Store Specialty Crops Feature Activity,2026-09-26T13:56:27+00:00
2a07c10f51114b1e,2022-09-16,Blueberries,,6 oz package,,,,,Yes,,,,,,,,3.15,$/6 oz package,8.4,per lb,National,retail,,,,,,,,1169.0,3324,Weekly Grocery Store Specialty Crops Feature Activity,2026-09-26T13:56:27+00:00
c80a01d40ba60b53,2022-09-16,Blueberries,,6 oz package,,,,,No,,,,,,,,3.21,$/6 oz package,8.56,per lb,National,retail,,,,,,,,1659.0,3324,Weekly Grocery Store Specialty Crops Feature Activity,2026-09-26T13:56:27+00:00
0e1dc856ba56a96e,2022-09-16,Broccoli,,per bunch,,,,,Yes,,,,,,,,3.15,$/per bunch,,,National,retail,,,,,,,,73.0,3324,Weekly Grocery Store Specialty Crops Feature Activity,2026-09-26T13:56:27+00:00
dd298aa88915b594,2022-09-16,Broccoli,,per bunch,,,,,No,,,,,,,,2.87,$/per bunch,,,National,retail,,,,,,,,1294.0,3324,Weekly Grocery Store Specialty Crops Feature Activity,2026-09-26T13:56:27+00:00
0f6cfc20b279cca7,2022-09-16,Broccoli,,per lb,,,,,No,,,,,,,,0.98,$/per lb,0.98,per lb,National,retail,,,,,,,,172.0,3324,Weekly Grocery Store Specialty Crops Feature Activity,2026-09-26T13:56:27+00:00
3993989abf35f006,2022-09-16,Broccoli,,per lb,,,,,Yes,,,,,,,,2.08,$/per lb,2.08,per lb,National,retail,,,,,,,,848.0,3324,Weekly Grocery Store Specialty Crops Feature Activity,2026-09-26T13:56:27+00:00
5214d153657c227d,2022-09-16,Broccoli,BABY HYBRID TYPE,per bunch,,,,,Yes,,,,,,,,3.72,$/per bunch,,,National,retail,,,,,,,,170.0,3324,Weekly Grocery Store Specialty Crops Feature Activity,2026-09-26T13:56:27+00:00
49de4b54cf1f762f,2022-09-16,Broccoli,CROWN CUT,per lb,,,,,Yes,,,,,,,,1.99,$/per lb,1.99,per lb,National,retail,,,,,,,,22.0,3324,Weekly Grocery Store Specialty Crops Feature Activity,2026-09-26T13:56:27+00:00
c6ae5a9ce3f1774b,2022-09-16,Broccoli,CROWN CUT,per lb,,,,,No,,,,,,,,1.58,$/per lb,1.58,per lb,National,retail,,,,,,,,2364.0,3324,Weekly Grocery Store Specialty Crops Feature Activity,2026-09-26T13:56:27+00:00
327b1b98c84b1d89,2022-09-16,Carrots,,1 lb bag,,,,,Yes,,,,,,,,1.2,$/1 lb bag,1.2,per lb,National,retail,,,,,,,,56.0,3324,Weekly Grocery Store Specialty Crops Feature Activity,2026-09-26T13:56:27+00:00
956e99c3bcf0f7d6,2022-09-16,Carrots,,1 lb bag,,,,,No,,,,,,,,0.91,$/1 lb bag,0.91,per lb,National,retail,,,,,,,,158.0,3324,Weekly Grocery Store Specialty Crops Feature Activity,2026-09-26T13:56:27+00:00
1ddd8a779c6ebabe,2022-09-16,Carrots,,2 lb bag,,,,,No,,,,,,,,1.59,$/2 lb bag,0.795,per lb,National,retail,,,,,,,,1295.0,3324,Weekly Grocery Store Specialty Crops Feature Activity,2026-09-26T13:56:27+00:00
e579b65a97b3385e,2022-09-16,Carrots,,2 lb bag,,,,,Yes,,,,,,,,2.98,$/2 lb bag,1.49,per lb,National,retail,,,,,,,,258.0,3324,Weekly Grocery Store Specialty Crops Feature Activity,2026-09-26T13:56:27+00:00
46c745f025b06f96,2022-09-16,Carrots,,per bunch,,,,,No,,,,,,,,1.69,$/per bunch,,,National,retail,,,,,,,,73.0,3324,Weekly Grocery Store Specialty Crops Feature Activity,2026-09-26T13:56:27+00:00
5989ee0bf6bb27e3,2022-09-16,Carrots,,per bunch,,,,,Yes,,,,,,,,3.19,$/per bunch,,,National,retail,,,,,,,,85.0,3324,Weekly Grocery Store Specialty Crops Feature Activity,2026-09-26T13:56:27+00:00
0398db14c964cc99,2022-09-16,Carrots,,per lb,,,,,No,,,,,,,,0.57,$/per lb,0.57,per lb,National,retail,,,,,,,,220.0,3324,Weekly Grocery Store Specialty Crops Feature Activity,2026-09-26T13:56:27+00:00
4333f9e7fcb086ea,2022-09-16,Carrots,BABY PEELED,1 lb bag,,,,,Yes,,,,,,,,2.11,$/1 lb bag,2.11,per lb,National,retail,,,,,,,,856.0,3324,Weekly Grocery Store Specialty Crops Feature Activity,2026-09-26T13:56:27+00:00
99b990be60857a82,2022-09-16,Carrots,BABY PEELED,1 lb bag,,,,,No,,,,,,,,1.26,$/1 lb bag,1.26,per lb,National,retail,,,,,,,,2757.0,3324,Weekly Grocery Store Specialty Crops Feature Activity,2026-09-26T13:56:27+00:00
1713883dba2a7265,2022-09-16,Carrots,BABY PEELED,2 lb bag,,,,,No,,,,,,,,2.31,$/2 lb bag,1.155,per lb,National,retail,,,,,,,,1671.0,3324,Weekly Grocery Store Specialty Crops Feature Activity,2026-09-26T13:56:27+00:00
1e8a4980929a98a3,2022-09-16,Celery,,each,,,,,Yes,,,,,,,,1.48,$/each,1.48,per each,National,retail,,,,,,,,25.0,3324,Weekly Grocery Store Specialty Crops Feature Activity,2026-09-26T13:56:27+00:00
fddb0c2ad915e63e,2022-09-16,Celery,,each,,,,,No,,,,,,,,1.63,$/each,1.63,per each,National,retail,,,,,,,,2887.0,3324,Weekly Grocery Store Specialty Crops Feature Activity,2026-09-26T13:56:27+00:00
804390f2b3384fb8,2022-09-16,Celery,,per lb,,,,,Yes,,,,,,,,0.69,$/per lb,0.69,per lb,National,retail,,,,,,,,9.0,3324,Weekly Grocery Store Specialty Crops Feature Activity,2026-09-26T13:56:27+00:00
c9147dbf9a389c41,2022-09-16,Celery,,per lb,,,,,No,,,,,,,,1.81,$/per lb,1.81,per lb,National,retail,,,,,,,,273.0,3324,Weekly Grocery Store Specialty Crops Feature Activity,2026-09-26T13:56:27+00:00
4962202940a3caa5,2022-09-16,Celery,HEARTS,each,,,,,Yes,,,,,,,,3.15,$/each,3.15,per each,National,retail,,,,,,,,704.0,3324,Weekly Grocery Store Specialty Crops Feature Activity,2026-09-26T13:56:27+00:00
6e782fca3659155d,2022-09-16,Celery,HEARTS,each,,,,,No,,,,,,,,2.38,$/each,2.38,per each,National,retail,,,,,,,,788.0,3324,Weekly Grocery Store Specialty Crops Feature Activity,2026-09-26T13:56:27+00:00
a5d8106f4e67cc94,2022-09-16,Celery,HEARTS,per lb,,,,,Yes,,,,,,,,2.99,$/per lb,2.99,per lb,National,retail,,,,,,,,15.0,3324,Weekly Grocery Store Specialty Crops Feature Activity,2026-09-26T13:56:27+00:00
48355ecbed508310,2022-09-16,Cucumbers,,each,,,,,Yes,,,,,,,,1.56,$/each,1.56,per each,National,retail,,,,,,,,28.0,3324,Weekly Grocery Store Specialty Crops Feature Activity,2026-09-26T13:56:27+00:00
c30988b473b6600b,2022-09-16,Cucumbers,,each,,,,,No,,,,,,,,0.62,$/each,0.62,per each,National,retail,,,,,,,,3403.0,3324,Weekly Grocery Store Specialty Crops Feature Activity,2026-09-26T13:56:27+00:00
51621bbd36743a63,2022-09-16,Cucumbers,,per lb,,,,,No,,,,,,,,1.29,$/per lb,1.29,per lb,National,retail,,,,,,,,10.0,3324,Weekly Grocery Store Specialty Crops Feature Activity,2026-09-26T13:56:27+00:00
249bf65e132d491a,2022-09-16,Cucumbers,LONG SEEDLESS,each,,,,,Yes,,,,,,,,2.26,$/each,2.26,per each,National,retail,,,environment=Greenhouse,,,,,914.0,3324,Weekly Grocery Store Specialty Crops Feature Activity,2026-09-26T13:56:27+00:00
d95fc8e31cf8ba4e,2022-09-16,Cucumbers,LONG SEEDLESS,each,,,,,No,,,,,,,,1.36,$/each,1.36,per each,National,retail,,,environment=Greenhouse,,,,,1159.0,3324,Weekly Grocery Store Specialty Crops Feature Activity,2026-09-26T13:56:27+00:00
4215f520823652d1,2022-09-16,Grapes,BLACK SEEDLESS,per lb,,,,,No,,,,,,,,1.73,$/per lb,1.73,per lb,National,retail,,,,,,,,2873.0,3324,Weekly Grocery Store Specialty Crops Feature Activity,2026-09-26T13:56:27+00:00
a86bff8cec45bed2,2022-09-16,Grapes,BLACK SEEDLESS,per lb,,,,,Yes,,,,,,,,3.11,$/per lb,3.11,per lb,National,retail,,,,,,,,1263.0,3324,Weekly Grocery Store Specialty Crops Feature Activity,2026-09-26T13:56:27+00:00
71e108e58674a4a9,2022-09-16,Grapes,RED SEEDLESS,per lb,,,,,Yes,,,,,,,,2.88,$/per lb,2.88,per lb,National,retail,,,,,,,,5135.0,3324,Weekly Grocery Store Specialty Crops Feature Activity,2026-09-26T13:56:27+00:00
88a96568c6c94b32,2022-09-16,Grapes,RED SEEDLESS,per lb,,,,,No,,,,,,,,2.12,$/per lb,2.12,per lb,National,retail,,,,,,,,7203.0,3324,Weekly Grocery Store Specialty Crops Feature Activity,2026-09-26T13:56:27+00:00
d357a98b00a087b9,2022-09-16,Grapes,Red Globe Seeded Type,per lb,,,,,No,,,,,,,,2.44,$/per lb,2.44,per lb,National,retail,,,,,,,,386.0,3324,Weekly Grocery Store Specialty Crops Feature Activity,2026-09-26T13:56:27+00:00
589a263fdfd512d1,2022-09-16,Grapes,WHITE SEEDLESS TYPE,per lb,,,,,Yes,,,,,,,,2.88,$/per lb,2.88,per lb,National,retail,,,,,,,,5035.0,3324,Weekly Grocery Store Specialty Crops Feature Activity,2026-09-26T13:56:27+00:00
6662cbf9b8be67b1,2022-09-16,Grapes,WHITE SEEDLESS TYPE,per lb,,,,,No,,,,,,,,1.97,$/per lb,1.97,per lb,National,retail,,,,,,,,9902.0,3324,Weekly Grocery Store Specialty Crops Feature Activity,2026-09-26T13:56:27+00:00
1b13cad0f8cc0718,2022-09-16,Lemons,,2 lb bag,,,,,Yes,,,,,,,,3.99,$/2 lb bag,1.995,per lb,National,retail,,,,,,,,21.0,3324,Weekly Grocery Store Specialty Crops Feature Activity,2026-09-26T13:56:27+00:00
e640a12065348203,2022-09-16,Lemons,,2 lb bag,,,,,No,,,,,,,,3.38,$/2 lb bag,1.69,per lb,National,retail,,,,,,,,568.0,3324,Weekly Grocery Store Specialty Crops Feature Activity,2026-09-26T13:56:27+00:00
98feb2202f065cd8,2022-09-16,Lemons,,each,,,,,Yes,,,,,,,,1.25,$/each,1.25,per each,National,retail,,,,,,,,22.0,3324,Weekly Grocery Store Specialty Crops Feature Activity,2026-09-26T13:56:27+00:00
9f14007968834906,2022-09-16,Lemons,,each,,,,,No,,,,,,,,0.65,$/each,0.65,per each,National,retail,,,,,,,,2238.0,3324,Weekly Grocery Store Specialty Crops Feature Activity,2026-09-26T13:56:27+00:00
ba2084a73b1df603,2022-09-16,Lemons,,per lb,,,,,No,,,,,,,,0.82,$/per lb,0.82,per lb,National,retail,,,,,,,,60.0,3324,Weekly Grocery Store Specialty Crops Feature Activity,2026-09-26T13:56:27+00:00
7cec06b8ccae3fa2,2022-09-16,Lettuce,Green Leaf,each,,,,,Yes,,,,,,,,1.89,$/each,1.89,per each,National,retail,,,,,,,,151.0,3324,Weekly Grocery Store Specialty Crops Feature Activity,2026-09-26T13:56:27+00:00
fc072d446f65d734,2022-09-16,Lettuce,Green Leaf,each,,,,,No,,,,,,,,1.42,$/each,1.42,per each,National,retail,,,,,,,,433.0,3324,Weekly Grocery Store Specialty Crops Feature Activity,2026-09-26T13:56:27+00:00
db50ffef52bf5068,2022-09-16,Lettuce,Green Leaf,per lb,,,,,No,,,,,,,,1.96,$/per lb,1.96,per lb,National,retail,,,,,,,,87.0,3324,Weekly Grocery Store Specialty Crops Feature Activity,2026-09-26T13:56:27+00:00
51cf038dc2ebc691,2022-09-16,Lettuce,Iceberg,each,,,,,Yes,,,,,,,,3.48,$/each,3.48,per each,National,retail,,,,,,,,46.0,3324,Weekly Grocery Store Specialty Crops Feature Activity,2026-09-26T13:56:27+00:00
edd927fdbb5aa679,2022-09-16,Lettuce,Iceberg,each,,,,,No,,,,,,,,1.6,$/each,1.6,per each,National,retail,,,,,,,,215.0,3324,Weekly Grocery Store Specialty Crops Feature Activity,2026-09-26T13:56:27+00:00
d169ef8deaf0f1ea,2022-09-16,Lettuce,Iceberg,per lb,,,,,No,,,,,,,,1.49,$/per lb,1.49,per lb,National,retail,,,,,,,,4.0,3324,Weekly Grocery Store Specialty Crops Feature Activity,2026-09-26T13:56:27+00:00
24d50d80bbcca68e,2022-09-16,Lettuce,Red Leaf,each,,,,,Yes,,,,,,,,1.89,$/each,1.89,per each,National,retail,,,,,,,,151.0,3324,Weekly Grocery Store Specialty Crops Feature Activity,2026-09-26T13:56:27+00:00
f825c7cf5816cea9,2022-09-16,Lettuce,Red Leaf,each,,,,,No,,,,,,,,1.38,$/each,1.38,per each,National,retail,,,,,,,,408.0,3324,Weekly Grocery Store Specialty Crops Feature Activity,2026-09-26T13:56:27+00:00
18092a3836bb8064,2022-09-16,Lettuce,Red Leaf,per lb,,,,,No,,,,,,,,1.96,$/per lb,1.96,per lb,National,retail,,,,,,,,87.0,3324,Weekly Grocery Store Specialty Crops Feature Activity,2026-09-26T13:56:27+00:00
1ae03439827dc54c,2022-09-16,Lettuce,Romaine,each,,,,,Yes,,,,,,,,2.5,$/each,2.5,per each,National,retail,,,,,,,,27.0,3324,Weekly Grocery Store Specialty Crops Feature Activity,2026-09-26T13:56:27+00:00
d653516196b6be2b,2022-09-16,Lettuce,Romaine,each,,,,,No,,,,,,,,1.46,$/each,1.46,per each,National,retail,,,,,,,,349.0,3324,Weekly Grocery Store Specialty Crops Feature Activity,2026-09-26T13:56:27+00:00
1e6e669a28f67d1e,2022-09-16,Lettuce,Romaine,per lb,,,,,No,,,,,,,,1.85,$/per lb,1.85,per lb,National,retail,,,,,,,,146.0,3324,Weekly Grocery Store Specialty Crops Feature Activity,2026-09-26T13:56:27+00:00
afc5b9fe0b6b59ef,2022-09-16,Lettuce,Romaine (Hearts),3 count,,,,,No,,,,,,,,3.25,$/3 count,,,National,retail,,,,,,,,297.0,3324,Weekly Grocery Store Specialty Crops Feature Activity,2026-09-26T13:56:27+00:00
c6c15cbc88205e88,2022-09-16,Lettuce,Romaine (Hearts),3 count,,,,,Yes,,,,,,,,3.9,$/3 count,,,National,retail,,,,,,,,55.0,3324,Weekly Grocery Store Specialty Crops Feature Activity,2026-09-26T13:56:27+00:00
251407f5d3663608,2022-09-16,Limes,,each,,,,,Yes,,,,,,,,1.25,$/each,1.25,per each,National,retail,,,,,,,,22.0,3324,Weekly Grocery Store Specialty Crops Feature Activity,2026-09-26T13:56:27+00:00
d8480a269f474d84,2022-09-16,Limes,,each,,,,,No,,,,,,,,0.37,$/each,0.37,per each,National,retail,,,,,,,,1573.0,3324,Weekly Grocery Store Specialty Crops Feature Activity,2026-09-26T13:56:27+00:00
5290518768d0894c,2022-09-16,Limes,,per lb,,,,,No,,,,,,,,0.86,$/per lb,0.86,per lb,National,retail,,,,,,,,179.0,3324,Weekly Grocery Store Specialty Crops Feature Activity,2026-09-26T13:56:27+00:00
a8ad5455eb318cd0,2022-09-16,"Onions, Dry",RED,2 lb bag,,,,,No,,,,,,,,2.0,$/2 lb bag,1.0,per lb,National,retail,,,,,,,,8.0,3324,Weekly Grocery Store Specialty Crops Feature Activity,2026-09-26T13:56:27+00:00
23cc003ed183814a,2022-09-16,"Onions, Dry",RED,per lb,,,,,No,,,,,,,,1.4,$/per lb,1.4,per lb,National,retail,,,,,,,,842.0,3324,Weekly Grocery Store Specialty Crops Feature Activity,2026-09-26T13:56:27+00:00
cd02d1a42d3fed57,2022-09-16,"Onions, Dry",RED,per lb,,,,,Yes,,,,,,,,1.79,$/per lb,1.79,per lb,National,retail,,,,,,,,232.0,3324,Weekly Grocery Store Specialty Crops Feature Activity,2026-09-26T13:56:27+00:00
6d7658dd2434f4ab,2022-09-16,"Onions, Dry",WHITE,per lb,,,,,Yes,,,,,,,,1.79,$/per lb,1.79,per lb,National,retail,,,,,,,,236.0,3324,Weekly Grocery Store Specialty Crops Feature Activity,2026-09-26T13:56:27+00:00
7c64cd91000cad43,2022-09-16,"Onions, Dry",WHITE,per lb,,,,,No,,,,,,,,1.2,$/per lb,1.2,per lb,National,retail,,,,,,,,367.0,3324,Weekly Grocery Store Specialty Crops Feature Activity,2026-09-26T13:56:27+00:00
df00dc3455b973d0,2022-09-16,"Onions, Dry",YELLOW,2 lb bag,,,,,No,,,,,,,,1.52,$/2 lb bag,0.76,per lb,National,retail,,,,,,,,373.0,3324,Weekly Grocery Store Specialty Crops Feature Activity,2026-09-26T13:56:27+00:00
edf26ba5fb4ec5d8,2022-09-16,"Onions, Dry",YELLOW,2 lb bag,,,,,Yes,,,,,,,,2.99,$/2 lb bag,1.495,per lb,National,retail,,,,,,,,172.0,3324,Weekly Grocery Store Specialty Crops Feature Activity,2026-09-26T13:56:27+00:00
5edeefa96b1169db,2022-09-16,"Onions, Dry",YELLOW,3 lb bag,,,,,Yes,,,,,,,,5.99,$/3 lb bag,1.9967,per lb,National,retail,,,,,,,,255.0,3324,Weekly Grocery Store Specialty Crops Feature Activity,2026-09-26T13:56:27+00:00
d966f216862b5157,2022-09-16,"Onions, Dry",YELLOW,3 lb bag,,,,,No,,,,,,,,2.54,$/3 lb bag,0.8467,per lb,National,retail,,,,,,,,900.0,3324,Weekly Grocery Store Specialty Crops Feature Activity,2026-09-26T13:56:27+00:00
0f0a9165a2c84d2c,2022-09-16,"Onions, Dry",YELLOW,per lb,,,,,No,,,,,,,,0.77,$/per lb,0.77,per lb,National,retail,,,,,,,,316.0,3324,Weekly Grocery Store Specialty Crops Feature Activity,2026-09-26T13:56:27+00:00
4adbd234b4897851,2022-09-16,"Onions, Dry",YELLOW,per lb,,,,,Yes,,,,,,,,1.56,$/per lb,1.56,per lb,National,retail,,,,,,,,362.0,3324,Weekly Grocery Store Specialty Crops Feature Activity,2026-09-26T13:56:27+00:00
7cf3e7996fe6489d,2022-09-16,"Onions, Dry",YELLOW MARKED SWEET,2 lb bag,,,,,No,,,,,,,,2.5,$/2 lb bag,1.25,per lb,National,retail,,,,,,,,15.0,3324,Weekly Grocery Store Specialty Crops Feature Activity,2026-09-26T13:56:27+00:00
132374ff250ea9d2,2022-09-16,"Onions, Dry",YELLOW MARKED SWEET,3 lb bag,,,,,No,,,,,,,,3.83,$/3 lb bag,1.2767,per lb,National,retail,,,,,,,,105.0,3324,Weekly Grocery Store Specialty Crops Feature Activity,2026-09-26T13:56:27+00:00
4bcd269f77916307,2022-09-16,"Onions, Dry",YELLOW MARKED SWEET,per lb,,,,,Yes,,,,,,,,1.49,$/per lb,1.49,per lb,National,retail,,,,,,,,11.0,3324,Weekly Grocery Store Specialty Crops Feature Activity,2026-09-26T13:56:27+00:00
b38cde5ddf834e67,2022-09-16,"Onions, Dry",YELLOW MARKED SWEET,per lb,,,,,No,,,,,,,,1.24,$/per lb,1.24,per lb,National,retail,,,,,,,,2319.0,3324,Weekly Grocery Store Specialty Crops Feature Activity,2026-09-26T13:56:27+00:00
d35229daed5168e5,2022-09-16,"Peppers, Bell Type",GREEN,each,,,,,No,,,,,,,,0.78,$/each,0.78,per each,National,retail,,,,,,,,2937.0,3324,Weekly Grocery Store Specialty Crops Feature Activity,2026-09-26T13:56:27+00:00
f0a046ff7a71ba2c,2022-09-16,"Peppers, Bell Type",GREEN,each,,,,,Yes,,,,,,,,0.89,$/each,0.89,per each,National,retail,,,,,,,,19.0,3324,Weekly Grocery Store Specialty Crops Feature Activity,2026-09-26T13:56:27+00:00
42cd6c6a73a2ea61,2022-09-16,"Peppers, Bell Type",GREEN,per lb,,,,,Yes,,,,,,,,2.58,$/per lb,2.58,per lb,National,retail,,,,,,,,22.0,3324,Weekly Grocery Store Specialty Crops Feature Activity,2026-09-26T13:56:27+00:00
4ab351d6bcacf39a,2022-09-16,"Peppers, Bell Type",GREEN,per lb,,,,,No,,,,,,,,1.39,$/per lb,1.39,per lb,National,retail,,,,,,,,624.0,3324,Weekly Grocery Store Specialty Crops Feature Activity,2026-09-26T13:56:27+00:00
7b5026e6a14c0906,2022-09-16,"Peppers, Bell Type",ORANGE,each,,,,,No,,,,,,,,1.32,$/each,1.32,per each,National,retail,,,,,,,,2950.0,3324,Weekly Grocery Store Specialty Crops Feature Activity,2026-09-26T13:56:27+00:00
b424d99678b1bd72,2022-09-16,"Peppers, Bell Type",ORANGE,each,,,,,No,,,,,,,,1.32,$/each,1.32,per each,National,retail,,,environment=Greenhouse,,,,,287.0,3324,Weekly Grocery Store Specialty Crops Feature Activity,2026-09-26T13:56:27+00:00
cdb566ea1666a67a,2022-09-16,"Peppers, Bell Type",ORANGE,each,,,,,Yes,,,,,,,,1.99,$/each,1.99,per each,National,retail,,,,,,,,1031.0,3324,Weekly Grocery Store Specialty Crops Feature Activity,2026-09-26T13:56:27+00:00
ae90a3783c497a88,2022-09-16,"Peppers, Bell Type",ORANGE,per lb,,,,,Yes,,,,,,,,3.5,$/per lb,3.5,per lb,National,retail,,,,,,,,95.0,3324,Weekly Grocery Store Specialty Crops Feature Activity,2026-09-26T13:56:27+00:00
b09583a3a7bde435,2022-09-16,"Peppers, Bell Type",ORANGE,per lb,,,,,No,,,,,,,,2.81,$/per lb,2.81,per lb,National,retail,,,,,,,,592.0,3324,Weekly Grocery Store Specialty Crops Feature Activity,2026-09-26T13:56:27+00:00
e4c8a4017c458c46,2022-09-16,"Peppers, Bell Type",ORANGE,per lb,,,,,No,,,,,,,,2.81,$/per lb,2.81,per lb,National,retail,,,environment=Greenhouse,,,,,13.0,3324,Weekly Grocery Store Specialty Crops Feature Activity,2026-09-26T13:56:27+00:00
2e590bea13221c9b,2022-09-16,"Peppers, Bell Type",RED,each,,,,,No,,,,,,,,1.29,$/each,1.29,per each,National,retail,,,environment=Greenhouse,,,,,287.0,3324,Weekly Grocery Store Specialty Crops Feature Activity,2026-09-26T13:56:27+00:00
5165b640253219ae,2022-09-16,"Peppers, Bell Type",RED,each,,,,,Yes,,,,,,,,1.99,$/each,1.99,per each,National,retail,,,,,,,,1031.0,3324,Weekly Grocery Store Specialty Crops Feature Activity,2026-09-26T13:56:27+00:00
776d460789815aa6,2022-09-16,"Peppers, Bell Type",RED,each,,,,,No,,,,,,,,1.29,$/each,1.29,per each,National,retail,,,,,,,,3249.0,3324,Weekly Grocery Store Specialty Crops Feature Activity,2026-09-26T13:56:27+00:00
2f2212a90c9d565b,2022-09-16,"Peppers, Bell Type",RED,per lb,,,,,No,,,,,,,,2.79,$/per lb,2.79,per lb,National,retail,,,environment=Greenhouse,,,,,13.0,3324,Weekly Grocery Store Specialty Crops Feature Activity,2026-09-26T13:56:27+00:00
e99d650c551a4564,2022-09-16,"Peppers, Bell Type",RED,per lb,,,,,Yes,,,,,,,,3.65,$/per lb,3.65,per lb,National,retail,,,,,,,,106.0,3324,Weekly Grocery Store Specialty Crops Feature Activity,2026-09-26T13:56:27+00:00
ea70605d3139cba0,2022-09-16,"Peppers, Bell Type",RED,per lb,,,,,No,,,,,,,,2.79,$/per lb,2.79,per lb,National,retail,,,,,,,,705.0,3324,Weekly Grocery Store Specialty Crops Feature Activity,2026-09-26T13:56:27+00:00
414ca66b5fbf34b0,2022-09-16,"Peppers, Bell Type",YELLOW,each,,,,,No,,,,,,,,1.32,$/each,1.32,per each,National,retail,,,environment=Greenhouse,,,,,287.0,3324,Weekly Grocery Store Specialty Crops Feature Activity,2026-09-26T13:56:27+00:00
6a555b935e6721e3,2022-09-16,"Peppers, Bell Type",YELLOW,each,,,,,No,,,,,,,,1.32,$/each,1.32,per each,National,retail,,,,,,,,2950.0,3324,Weekly Grocery Store Specialty Crops Feature Activity,2026-09-26T13:56:27+00:00
898d11e2f2948ba3,2022-09-16,"Peppers, Bell Type",YELLOW,each,,,,,Yes,,,,,,,,1.99,$/each,1.99,per each,National,retail,,,,,,,,1031.0,3324,Weekly Grocery Store Specialty Crops Feature Activity,2026-09-26T13:56:27+00:00
1ad7529e31bb3990,2022-09-16,"Peppers, Bell Type",YELLOW,per lb,,,,,No,,,,,,,,2.79,$/per lb,2.79,per lb,National,retail,,,environment=Greenhouse,,,,,13.0,3324,Weekly Grocery Store Specialty Crops Feature Activity,2026-09-26T13:56:27+00:00
5eab95bbab0a52f6,2022-09-16,"Peppers, Bell Type",YELLOW,per lb,,,,,No,,,,,,,,2.79,$/per lb,2.79,per lb,National,retail,,,,,,,,655.0,3324,Weekly Grocery Store Specialty Crops Feature Activity,2026-09-26T13:56:27+00:00
624ba211c3ce08e6,2022-09-16,"Peppers, Bell Type",YELLOW,per lb,,,,,Yes,,,,,,,,3.5,$/per lb,3.5,per lb,National,retail,,,,,,,,95.0,3324,Weekly Grocery Store Specialty Crops Feature Activity,2026-09-26T13:56:27+00:00
660c6b40ef003875,2022-09-16,Potatoes,ROUND RED,3 lb bag,,,,,Yes,,,,,,,,4.26,$/3 lb bag,1.42,per lb,National,retail,,,,,,,,138.0,3324,Weekly Grocery Store Specialty Crops Feature Activity,2026-09-26T13:56:27+00:00
b2fa9c1ec06b675c,2022-09-16,Potatoes,ROUND RED,3 lb bag,,,,,No,,,,,,,,5.0,$/3 lb bag,1.6667,per lb,National,retail,,,,,,,,661.0,3324,Weekly Grocery Store Specialty Crops Feature Activity,2026-09-26T13:56:27+00:00
bed880c6215c03f3,2022-09-16,Potatoes,ROUND RED,5 lb bag,,,,,No,,,,,,,,3.53,$/5 lb bag,0.706,per lb,National,retail,,,,,,,,758.0,3324,Weekly Grocery Store Specialty Crops Feature Activity,2026-09-26T13:56:27+00:00
f59dbc5178b53955,2022-09-16,Potatoes,ROUND RED,per lb,,,,,No,,,,,,,,1.16,$/per lb,1.16,per lb,National,retail,,,,,,,,576.0,3324,Weekly Grocery Store Specialty Crops Feature Activity,2026-09-26T13:56:27+00:00
00e776c043c89e9a,2022-09-16,Potatoes,ROUND WHITE,10 lb bag,,,,,No,,,,,,,,5.99,$/10 lb bag,0.599,per lb,National,retail,,,,,,,,11.0,3324,Weekly Grocery Store Specialty Crops Feature Activity,2026-09-26T13:56:27+00:00
756bdc674b5a592b,2022-09-16,Potatoes,ROUND WHITE,5 lb bag,,,,,No,,,,,,,,3.6,$/5 lb bag,0.72,per lb,National,retail,,,,,,,,298.0,3324,Weekly Grocery Store Specialty Crops Feature Activity,2026-09-26T13:56:27+00:00
1634a1d992f97653,2022-09-16,Potatoes,ROUND WHITE,per lb,,,,,No,,,,,,,,1.03,$/per lb,1.03,per lb,National,retail,,,,,,,,50.0,3324,Weekly Grocery Store Specialty Crops Feature Activity,2026-09-26T13:56:27+00:00
46db953bd599b4c8,2022-09-16,Potatoes,RUSSET,10 lb bag,,,,,No,,,,,,,,3.88,$/10 lb bag,0.388,per lb,National,retail,,,,,,,,127.0,3324,Weekly Grocery Store Specialty Crops Feature Activity,2026-09-26T13:56:27+00:00
6918ae1c8492664a,2022-09-16,Potatoes,RUSSET,3 lb bag,,,,,Yes,,,,,,,,4.73,$/3 lb bag,1.5767,per lb,National,retail,,,,,,,,53.0,3324,Weekly Grocery Store Specialty Crops Feature Activity,2026-09-26T13:56:27+00:00
d5b7860cda8e9052,2022-09-16,Potatoes,RUSSET,3 lb bag,,,,,No,,,,,,,,3.69,$/3 lb bag,1.23,per lb,National,retail,,,,,,,,23.0,3324,Weekly Grocery Store Specialty Crops Feature Activity,2026-09-26T13:56:27+00:00
0956a1beca3953f7,2022-09-16,Potatoes,RUSSET,5 lb bag,,,,,No,,,,,,,,2.95,$/5 lb bag,0.59,per lb,National,retail,,,,,,,,1182.0,3324,Weekly Grocery Store Specialty Crops Feature Activity,2026-09-26T13:56:27+00:00
c50c1fc98e7e0028,2022-09-16,Potatoes,RUSSET,5 lb bag,,,,,Yes,,,,,,,,3.99,$/5 lb bag,0.798,per lb,National,retail,,,,,,,,171.0,3324,Weekly Grocery Store Specialty Crops Feature Activity,2026-09-26T13:56:27+00:00
c38ec1151f6382c7,2022-09-16,Potatoes,RUSSET,8 lb bag,,,,,No,,,,,,,,4.97,$/8 lb bag,0.6212,per lb,National,retail,,,,,,,,476.0,3324,Weekly Grocery Store Specialty Crops Feature Activity,2026-09-26T13:56:27+00:00
118ecbe3b001f58a,2022-09-16,Potatoes,RUSSET,per lb,,,,,No,,,,,,,,1.29,$/per lb,1.29,per lb,National,retail,,,,,,,,7.0,3324,Weekly Grocery Store Specialty Crops Feature Activity,2026-09-26T13:56:27+00:00
88726b7084952c6c,2022-09-16,Potatoes,RUSSET,per lb,,,,,Yes,,,,,,,,1.79,$/per lb,1.79,per lb,National,retail,,,,,,,,134.0,3324,Weekly Grocery Store Specialty Crops Feature Activity,2026-09-26T13:56:27+00:00
066de5cbd72d2ca7,2022-09-16,Potatoes,YELLOW TYPE,3 lb bag,,,,,Yes,,,,,,,,2.96,$/3 lb bag,0.9867,per lb,National,retail,,,,,,,,1064.0,3324,Weekly Grocery Store Specialty Crops Feature Activity,2026-09-26T13:56:27+00:00
32d7c749e7f0ff79,2022-09-16,Potatoes,YELLOW TYPE,3 lb bag,,,,,No,,,,,,,,5.39,$/3 lb bag,1.7967,per lb,National,retail,,,,,,,,518.0,3324,Weekly Grocery Store Specialty Crops Feature Activity,2026-09-26T13:56:27+00:00
a80d58d4e4097072,2022-09-16,Potatoes,YELLOW TYPE,5 lb bag,,,,,No,,,,,,,,3.25,$/5 lb bag,0.65,per lb,National,retail,,,,,,,,449.0,3324,Weekly Grocery Store Specialty Crops Feature Activity,2026-09-26T13:56:27+00:00
8a005cdbe3c55893,2022-09-16,Potatoes,YELLOW TYPE,per lb,,,,,Yes,,,,,,,,4.99,$/per lb,4.99,per lb,National,retail,,,,,,,,50.0,3324,Weekly Grocery Store Specialty Crops Feature Activity,2026-09-26T13:56:27+00:00
d5591615982561fd,2022-09-16,Potatoes,YELLOW TYPE,per lb,,,,,No,,,,,,,,1.21,$/per lb,1.21,per lb,National,retail,,,,,,,,432.0,3324,Weekly Grocery Store Specialty Crops Feature Activity,2026-09-26T13:56:27+00:00
09f659bfe632ed6c,2022-09-16,Strawberries,,1 lb package,,,,,Yes,,,,,,,,4.99,$/1 lb package,4.99,per lb,National,retail,,,,,,,,636.0,3324,Weekly Grocery Store Specialty Crops Feature Activity,2026-09-26T13:56:27+00:00
17a4b0dcc1b6b712,2022-09-16,Strawberries,,1 lb package,,,,,No,,,,,,,,3.33,$/1 lb package,3.33,per lb,National,retail,,,,,,,,2251.0,3324,Weekly Grocery Store Specialty Crops Feature Activity,2026-09-26T13:56:27+00:00
2f1cc239991aa6f2,2022-09-16,Strawberries,,2 lb package,,,,,No,,,,,,,,6.42,$/2 lb package,3.21,per lb,National,retail,,,,,,,,94.0,3324,Weekly Grocery Store Specialty Crops Feature Activity,2026-09-26T13:56:27+00:00
c2102014a142036e,2022-09-16,Strawberries,,2 lb package,,,,,Yes,,,,,,,,8.49,$/2 lb package,4.245,per lb,National,retail,,,,,,,,50.0,3324,Weekly Grocery Store Specialty Crops Feature Activity,2026-09-26T13:56:27+00:00
55e45d7bb6482440,2022-09-16,Tomatoes,,per lb,,,,,No,,,,,,,,1.8,$/per lb,1.8,per lb,National,retail,,,,,,,,1520.0,3324,Weekly Grocery Store Specialty Crops Feature Activity,2026-09-26T13:56:27+00:00
9cd987467e020e60,2022-09-16,Tomatoes,,per lb,,,,,Yes,,,,,,,,2.77,$/per lb,2.77,per lb,National,retail,,,,,,,,320.0,3324,Weekly Grocery Store Specialty Crops Feature Activity,2026-09-26T13:56:27+00:00
0004ec5d36a108e2,2022-09-16,Tomatoes,Cherry Type,1 pint package,,,,,No,,,,,,,,2.98,$/1 pint package,,,National,retail,,,,,,,,473.0,3324,Weekly Grocery Store Specialty Crops Feature Activity,2026-09-26T13:56:27+00:00
1249eb1113d13750,2022-09-16,Tomatoes,Cherry Type,1 pint package,,,,,Yes,,,,,,,,2.95,$/1 pint package,,,National,retail,,,,,,,,190.0,3324,Weekly Grocery Store Specialty Crops Feature Activity,2026-09-26T13:56:27+00:00
0424a6dbb26ebd0e,2022-09-16,Tomatoes,GRAPE TYPE,1 pint package,,,,,Yes,,,,,,,,2.77,$/1 pint package,,,National,retail,,,,,,,,620.0,3324,Weekly Grocery Store Specialty Crops Feature Activity,2026-09-26T13:56:27+00:00
6753089582224176,2022-09-16,Tomatoes,GRAPE TYPE,1 pint package,,,,,No,,,,,,,,2.55,$/1 pint package,,,National,retail,,,,,,,,1887.0,3324,Weekly Grocery Store Specialty Crops Feature Activity,2026-09-26T13:56:27+00:00
10fd2c4b70bee979,2022-09-16,Tomatoes,GRAPE TYPE,10 oz package,,,,,No,,,,,,,,2.76,$/10 oz package,4.416,per lb,National,retail,,,,,,,,670.0,3324,Weekly Grocery Store Specialty Crops Feature Activity,2026-09-26T13:56:27+00:00
3c2b8efcc4647726,2022-09-16,Tomatoes,GRAPE TYPE,10 oz package,,,,,Yes,,,,,,,,2.99,$/10 oz package,4.784,per lb,National,retail,,,,,,,,46.0,3324,Weekly Grocery Store Specialty Crops Feature Activity,2026-09-26T13:56:27+00:00
4c1a3c4b7b2383dc,2022-09-16,Tomatoes,Plum Type (Roma),per lb,,,,,No,,,,,,,,1.08,$/per lb,1.08,per lb,National,retail,,,,,,,,3746.0,3324,Weekly Grocery Store Specialty Crops Feature Activity,2026-09-26T13:56:27+00:00
77a8c31ccb98e719,2022-09-16,Tomatoes,VINE RIPES,per lb,,,,,No,,,,,,,,1.88,$/per lb,1.88,per lb,National,retail,,,environment=Greenhouse,,,,,883.0,3324,Weekly Grocery Store Specialty Crops Feature Activity,2026-09-26T13:56:27+00:00
a3367cb486a14134,2022-09-16,Tomatoes,VINE RIPES,per lb,,,,,No,,,,,,,,1.88,$/per lb,1.88,per lb,National,retail,,,,,,,,1383.0,3324,Weekly Grocery Store Specialty Crops Feature Activity,2026-09-26T13:56:27+00:00
f17fadcb4f209b1f,2022-09-16,Tomatoes,VINE RIPES,per lb,,,,,Yes,,,,,,,,2.49,$/per lb,2.49,per lb,National,retail,,,,,,,,14.0,3324,Weekly Grocery Store Specialty Crops Feature Activity,2026-09-26T13:56:27+00:00
753362a366c5262d,2022-09-16,Tomatoes,VINE RIPES - ON THE VINE,per lb,,,,,Yes,,,,,,,,3.44,$/per lb,3.44,per lb,National,retail,,,environment=Greenhouse,,,,,409.0,3324,Weekly Grocery Store Specialty Crops Feature Activity,2026-09-26T13:56:27+00:00
dd6de9aedd9f8498,2022-09-16,Tomatoes,VINE RIPES - ON THE VINE,per lb,,,,,No,,,,,,,,1.62,$/per lb,1.62,per lb,National,retail,,,environment=Greenhouse,,,,,4251.0,3324,Weekly Grocery Store Specialty Crops Feature Activity,2026-09-26T13:56:27+00:00
2273ccfadfdf696e,2022-09-16,Tomatoes,Vine Ripes - Heirloom Varieties,per lb,,,,,Yes,,,,,,,,5.67,$/per lb,5.67,per lb,National,retail,,,environment=Greenhouse,,,,,205.0,3324,Weekly Grocery Store Specialty Crops Feature Activity,2026-09-26T13:56:27+00:00
896d5fa0f2a47bea,2022-09-16,Tomatoes,Vine Ripes - Heirloom Varieties,per lb,,,,,No,,,,,,,,2.43,$/per lb,2.43,per lb,National,retail,,,environment=Greenhouse,,,,,15.0,3324,Weekly Grocery Store Specialty Crops Feature Activity,2026-09-26T13:56:27+00:00
6f1098476dc71988,2022-09-16,Avocados,HASS,each,,,,,No,,,,,,,,1.15,$/each,1.15,per each,Northeast,retail,,,,,,,,1761.0,3324,Weekly Grocery Store Specialty Crops Feature Activity,2026-09-26T13:56:27+00:00
abd612b9477d3624,2022-09-16,Avocados,HASS,each,,,,,Yes,,,,,,,,2.5,$/each,2.5,per each,Northeast,retail,,,,,,,,28.0,3324,Weekly Grocery Store Specialty Crops Feature Activity,2026-09-26T13:56:27+00:00
27c0d2f7309d3129,2022-09-16,Bananas,,per lb,,,,,Yes,,,,,,,,0.96,$/per lb,0.96,per lb,Northeast,retail,,,,,,,,398.0,3324,Weekly Grocery Store Specialty Crops Feature Activity,2026-09-26T13:56:27+00:00
6a0d95dba9997cc5,2022-09-16,Bananas,,per lb,,,,,No,,,,,,,,0.64,$/per lb,0.64,per lb,Northeast,retail,,,,,,,,80.0,3324,Weekly Grocery Store Specialty Crops Feature Activity,2026-09-26T13:56:27+00:00
4499bcb3b7362b21,2022-09-16,Blueberries,,1 pint package,,,,,No,,,,,,,,3.38,$/1 pint package,,,Northeast,retail,,,,,,,,564.0,3324,Weekly Grocery Store Specialty Crops Feature Activity,2026-09-26T13:56:27+00:00
9be61417d89c886f,2022-09-16,Blueberries,,1 pint package,,,,,Yes,,,,,,,,5.99,$/1 pint package,,,Northeast,retail,,,,,,,,255.0,3324,Weekly Grocery Store Specialty Crops Feature Activity,2026-09-26T13:56:27+00:00
24cd9a312b1881f1,2022-09-16,Blueberries,,18 oz package,,,,,No,,,,,,,,5.1,$/18 oz package,4.5333,per lb,Northeast,retail,,,,,,,,759.0,3324,Weekly Grocery Store Specialty Crops Feature Activity,2026-09-26T13:56:27+00:00
26118630be6d4c24,2022-09-16,Blueberries,,6 oz package,,,,,Yes,,,,,,,,3.97,$/6 oz package,10.5867,per lb,Northeast,retail,,,,,,,,170.0,3324,Weekly Grocery Store Specialty Crops Feature Activity,2026-09-26T13:56:27+00:00
d9d712f7df437268,2022-09-16,Blueberries,,6 oz package,,,,,No,,,,,,,,3.0,$/6 oz package,8.0,per lb,Northeast,retail,,,,,,,,16.0,3324,Weekly Grocery Store Specialty Crops Feature Activity,2026-09-26T13:56:27+00:00
3bfefd8147af2917,2022-09-16,Broccoli,,per bunch,,,,,Yes,,,,,,,,3.17,$/per bunch,,,Northeast,retail,,,,,,,,48.0,3324,Weekly Grocery Store Specialty Crops Feature Activity,2026-09-26T13:56:27+00:00
592f949d33617ded,2022-09-16,Broccoli,,per bunch,,,,,No,,,,,,,,2.27,$/per bunch,,,Northeast,retail,,,,,,,,13.0,3324,Weekly Grocery Store Specialty Crops Feature Activity,2026-09-26T13:56:27+00:00
d57b8f7fcd5b8cc6,2022-09-16,Broccoli,,per lb,,,,,Yes,,,,,,,,2.99,$/per lb,2.99,per lb,Northeast,retail,,,,,,,,70.0,3324,Weekly Grocery Store Specialty Crops Feature Activity,2026-09-26T13:56:27+00:00
cabc9a045bc3bbc9,2022-09-16,Broccoli,CROWN CUT,per lb,,,,,No,,,,,,,,1.74,$/per lb,1.74,per lb,Northeast,retail,,,,,,,,619.0,3324,Weekly Grocery Store Specialty Crops Feature Activity,2026-09-26T13:56:27+00:00
e7355aeca326c780,2022-09-16,Broccoli,CROWN CUT,per lb,,,,,Yes,,,,,,,,1.99,$/per lb,1.99,per lb,Northeast,retail,,,,,,,,10.0,3324,Weekly Grocery Store Specialty Crops Feature Activity,2026-09-26T13:56:27+00:00
9781729e44a5cc4a,2022-09-16,Carrots,,1 lb bag,,,,,No,,,,,,,,1.0,$/1 lb bag,1.0,per lb,Northeast,retail,,,,,,,,59.0,3324,Weekly Grocery Store Specialty Crops Feature Activity,2026-09-26T13:56:27+00:00
aea8619fd575a6d3,2022-09-16,Carrots,,1 lb bag,,,,,Yes,,,,,,,,1.29,$/1 lb bag,1.29,per lb,Northeast,retail,,,,,,,,43.0,3324,Weekly Grocery Store Specialty Crops Feature Activity,2026-09-26T13:56:27+00:00
7799f331cf901d24,2022-09-16,Carrots,,2 lb bag,,,,,No,,,,,,,,1.78,$/2 lb bag,0.89,per lb,Northeast,retail,,,,,,,,698.0,3324,Weekly Grocery Store Specialty Crops Feature Activity,2026-09-26T13:56:27+00:00
f78f1bb3ccca814a,2022-09-16,Carrots,,2 lb bag,,,,,Yes,,,,,,,,2.99,$/2 lb bag,1.495,per lb,Northeast,retail,,,,,,,,255.0,3324,Weekly Grocery Store Specialty Crops Feature Activity,2026-09-26T13:56:27+00:00
5560b6114c991863,2022-09-16,Carrots,,per bunch,,,,,Yes,,,,,,,,3.47,$/per bunch,,,Northeast,retail,,,,,,,,53.0,3324,Weekly Grocery Store Specialty Crops Feature Activity,2026-09-26T13:56:27+00:00
c55fa829d1a3eda7,2022-09-16,Carrots,,per bunch,,,,,No,,,,,,,,1.69,$/per bunch,,,Northeast,retail,,,,,,,,73.0,3324,Weekly Grocery Store Specialty Crops Feature Activity,2026-09-26T13:56:27+00:00
36cb8a4327190366,2022-09-16,Carrots,,per lb,,,,,No,,,,,,,,0.99,$/per lb,0.99,per lb,Northeast,retail,,,,,,,,28.0,3324,Weekly Grocery Store Specialty Crops Feature Activity,2026-09-26T13:56:27+00:00
a215e0f8b7f55419,2022-09-16,Carrots,BABY PEELED,1 lb bag,,,,,Yes,,,,,,,,1.68,$/1 lb bag,1.68,per lb,Northeast,retail,,,,,,,,299.0,3324,Weekly Grocery Store Specialty Crops Feature Activity,2026-09-26T13:56:27+00:00
fdabd31ba2736b04,2022-09-16,Carrots,BABY PEELED,1 lb bag,,,,,No,,,,,,,,1.8,$/1 lb bag,1.8,per lb,Northeast,retail,,,,,,,,393.0,3324,Weekly Grocery Store Specialty Crops Feature Activity,2026-09-26T13:56:27+00:00
c15603af4ae5c9ae,2022-09-16,Carrots,BABY PEELED,2 lb bag,,,,,No,,,,,,,,2.13,$/2 lb bag,1.065,per lb,Northeast,retail,,,,,,,,842.0,3324,Weekly Grocery Store Specialty Crops Feature Activity,2026-09-26T13:56:27+00:00
96a8f7c8b0021a04,2022-09-16,Celery,,each,,,,,Yes,,,,,,,,1.88,$/each,1.88,per each,Northeast,retail,,,,,,,,8.0,3324,Weekly Grocery Store Specialty Crops Feature Activity,2026-09-26T13:56:27+00:00
fbd04adc4991559f,2022-09-16,Celery,,each,,,,,No,,,,,,,,1.69,$/each,1.69,per each,Northeast,retail,,,,,,,,639.0,3324,Weekly Grocery Store Specialty Crops Feature Activity,2026-09-26T13:56:27+00:00
c75bc4959a07725e,2022-09-16,Celery,HEARTS,each,,,,,Yes,,,,,,,,3.11,$/each,3.11,per each,Northeast,retail,,,,,,,,420.0,3324,Weekly Grocery Store Specialty Crops Feature Activity,2026-09-26T13:56:27+00:00
fe930c8b645e4f1e,2022-09-16,Celery,HEARTS,each,,,,,No,,,,,,,,2.39,$/each,2.39,per each,Northeast,retail,,,,,,,,722.0,3324,Weekly Grocery Store Specialty Crops Feature Activity,2026-09-26T13:56:27+00:00
3362ec943b42ca36,2022-09-16,Cucumbers,,each,,,,,Yes,,,,,,,,1.99,$/each,1.99,per each,Northeast,retail,,,,,,,,16.0,3324,Weekly Grocery Store Specialty Crops Feature Activity,2026-09-26T13:56:27+00:00
8323e18e26cc3b15,2022-09-16,Cucumbers,,each,,,,,No,,,,,,,,0.69,$/each,0.69,per each,Northeast,retail,,,,,,,,555.0,3324,Weekly Grocery Store Specialty Crops Feature Activity,2026-09-26T13:56:27+00:00
9f2c8a8cd59c45ad,2022-09-16,Cucumbers,LONG SEEDLESS,each,,,,,No,,,,,,,,1.54,$/each,1.54,per each,Northeast,retail,,,environment=Greenhouse,,,,,521.0,3324,Weekly Grocery Store Specialty Crops Feature Activity,2026-09-26T13:56:27+00:00
f0a0de5724b93e30,2022-09-16,Cucumbers,LONG SEEDLESS,each,,,,,Yes,,,,,,,,2.48,$/each,2.48,per each,Northeast,retail,,,environment=Greenhouse,,,,,704.0,3324,Weekly Grocery Store Specialty Crops Feature Activity,2026-09-26T13:56:27+00:00
9de138e901535228,2022-09-16,Grapes,BLACK SEEDLESS,per lb,,,,,Yes,,,,,,,,2.96,$/per lb,2.96,per lb,Northeast,retail,,,,,,,,230.0,3324,Weekly Grocery Store Specialty Crops Feature Activity,2026-09-26T13:56:27+00:00
a59b4f690ccb1b13,2022-09-16,Grapes,BLACK SEEDLESS,per lb,,,,,No,,,,,,,,1.93,$/per lb,1.93,per lb,Northeast,retail,,,,,,,,587.0,3324,Weekly Grocery Store Specialty Crops Feature Activity,2026-09-26T13:56:27+00:00
00559ef322254b9b,2022-09-16,Grapes,RED SEEDLESS,per lb,,,,,No,,,,,,,,2.13,$/per lb,2.13,per lb,Northeast,retail,,,,,,,,1193.0,3324,Weekly Grocery Store Specialty Crops Feature Activity,2026-09-26T13:56:27+00:00
44398720340f3000,2022-09-16,Grapes,RED SEEDLESS,per lb,,,,,Yes,,,,,,,,2.85,$/per lb,2.85,per lb,Northeast,retail,,,,,,,,814.0,3324,Weekly Grocery Store Specialty Crops Feature Activity,2026-09-26T13:56:27+00:00
63b50a9418ed3ee3,2022-09-16,Grapes,Red Globe Seeded Type,per lb,,,,,No,,,,,,,,2.57,$/per lb,2.57,per lb,Northeast,retail,,,,,,,,290.0,3324,Weekly Grocery Store Specialty Crops Feature Activity,2026-09-26T13:56:27+00:00
56f05dfa1097598d,2022-09-16,Grapes,WHITE SEEDLESS TYPE,per lb,,,,,No,,,,,,,,1.98,$/per lb,1.98,per lb,Northeast,retail,,,,,,,,1467.0,3324,Weekly Grocery Store Specialty Crops Feature Activity,2026-09-26T13:56:27+00:00
97d5f5f42156b79f,2022-09-16,Grapes,WHITE SEEDLESS TYPE,per lb,,,,,Yes,,,,,,,,2.84,$/per lb,2.84,per lb,Northeast,retail,,,,,,,,808.0,3324,Weekly Grocery Store Specialty Crops Feature Activity,2026-09-26T13:56:27+00:00
288d0bf09f70228c,2022-09-16,Lemons,,2 lb bag,,,,,No,,,,,,,,3.99,$/2 lb bag,1.995,per lb,Northeast,retail,,,,,,,,86.0,3324,Weekly Grocery Store Specialty Crops Feature Activity,2026-09-26T13:56:27+00:00
584ca94a7af89348,2022-09-16,Lemons,,each,,,,,No,,,,,,,,0.66,$/each,0.66,per each,Northeast,retail,,,,,,,,360.0,3324,Weekly Grocery Store Specialty Crops Feature Activity,2026-09-26T13:56:27+00:00
6bb577478f2c7333,2022-09-16,Lemons,,each,,,,,Yes,,,,,,,,1.25,$/each,1.25,per each,Northeast,retail,,,,,,,,22.0,3324,Weekly Grocery Store Specialty Crops Feature Activity,2026-09-26T13:56:27+00:00
40dc6d3823b8fe15,2022-09-16,Lettuce,Green Leaf,each,,,,,No,,,,,,,,0.99,$/each,0.99,per each,Northeast,retail,,,,,,,,63.0,3324,Weekly Grocery Store Specialty Crops Feature Activity,2026-09-26T13:56:27+00:00
a7bba6b7ac5a9305,2022-09-16,Lettuce,Green Leaf,per lb,,,,,No,,,,,,,,1.99,$/per lb,1.99,per lb,Northeast,retail,,,,,,,,72.0,3324,Weekly Grocery Store Specialty Crops Feature Activity,2026-09-26T13:56:27+00:00
79f8e52b02d25fa3,2022-09-16,Lettuce,Iceberg,each,,,,,No,,,,,,,,1.71,$/each,1.71,per each,Northeast,retail,,,,,,,,162.0,3324,Weekly Grocery Store Specialty Crops Feature Activity,2026-09-26T13:56:27+00:00
b747154b5a8e51e2,2022-09-16,Lettuce,Red Leaf,each,,,,,No,,,,,,,,0.99,$/each,0.99,per each,Northeast,retail,,,,,,,,63.0,3324,Weekly Grocery Store Specialty Crops Feature Activity,2026-09-26T13:56:27+00:00
ad38ae6fc31d0579,2022-09-16,Lettuce,Red Leaf,per lb,,,,,No,,,,,,,,1.99,$/per lb,1.99,per lb,Northeast,retail,,,,,,,,72.0,3324,Weekly Grocery Store Specialty Crops Feature Activity,2026-09-26T13:56:27+00:00
f387479caab28a88,2022-09-16,Lettuce,Romaine,each,,,,,No,,,,,,,,1.59,$/each,1.59,per each,Northeast,retail,,,,,,,,4.0,3324,Weekly Grocery Store Specialty Crops Feature Activity,2026-09-26T13:56:27+00:00
2e0f4d9ce5515259,2022-09-16,Lettuce,Romaine,per lb,,,,,No,,,,,,,,1.9,$/per lb,1.9,per lb,Northeast,retail,,,,,,,,113.0,3324,Weekly Grocery Store Specialty Crops Feature Activity,2026-09-26T13:56:27+00:00
f8dd16912de97b81,2022-09-16,Lettuce,Romaine (Hearts),3 count,,,,,No,,,,,,,,3.99,$/3 count,,,Northeast,retail,,,,,,,,45.0,3324,Weekly Grocery Store Specialty Crops Feature Activity,2026-09-26T13:56:27+00:00
3299c6a708db8d41,2022-09-16,Limes,,each,,,,,Yes,,,,,,,,1.25,$/each,1.25,per each,Northeast,retail,,,,,,,,22.0,3324,Weekly Grocery Store Specialty Crops Feature Activity,2026-09-26T13:56:27+00:00
8b67238841594962,2022-09-16,Limes,,each,,,,,No,,,,,,,,0.51,$/each,0.51,per each,Northeast,retail,,,,,,,,231.0,3324,Weekly Grocery Store Specialty Crops Feature Activity,2026-09-26T13:56:27+00:00
44da731f0f1b7f65,2022-09-16,"Onions, Dry",RED,2 lb bag,,,,,No,,,,,,,,2.0,$/2 lb bag,1.0,per lb,Northeast,retail,,,,,,,,8.0,3324,Weekly Grocery Store Specialty Crops Feature Activity,2026-09-26T13:56:27+00:00
aca08330e97649c4,2022-09-16,"Onions, Dry",RED,per lb,,,,,No,,,,,,,,1.32,$/per lb,1.32,per lb,Northeast,retail,,,,,,,,73.0,3324,Weekly Grocery Store Specialty Crops Feature Activity,2026-09-26T13:56:27+00:00
8e2ae72744b144fa,2022-09-16,"Onions, Dry",WHITE,per lb,,,,,No,,,,,,,,1.12,$/per lb,1.12,per lb,Northeast,retail,,,,,,,,144.0,3324,Weekly Grocery Store Specialty Crops Feature Activity,2026-09-26T13:56:27+00:00
72106da043bf2220,2022-09-16,"Onions, Dry",YELLOW,2 lb bag,,,,,No,,,,,,,,1.48,$/2 lb bag,0.74,per lb,Northeast,retail,,,,,,,,216.0,3324,Weekly Grocery Store Specialty Crops Feature Activity,2026-09-26T13:56:27+00:00
9cb1baeccf5e78ec,2022-09-16,"Onions, Dry",YELLOW,3 lb bag,,,,,Yes,,,,,,,,5.99,$/3 lb bag,1.9967,per lb,Northeast,retail,,,,,,,,255.0,3324,Weekly Grocery Store Specialty Crops Feature Activity,2026-09-26T13:56:27+00:00
fa90a344e46c5030,2022-09-16,"Onions, Dry",YELLOW,3 lb bag,,,,,No,,,,,,,,2.81,$/3 lb bag,0.9367,per lb,Northeast,retail,,,,,,,,286.0,3324,Weekly Grocery Store Specialty Crops Feature Activity,2026-09-26T13:56:27+00:00
cedff254b1901721,2022-09-16,"Onions, Dry",YELLOW MARKED SWEET,3 lb bag,,,,,No,,,,,,,,3.5,$/3 lb bag,1.1667,per lb,Northeast,retail,,,,,,,,43.0,3324,Weekly Grocery Store Specialty Crops Feature Activity,2026-09-26T13:56:27+00:00
56950b320ef0d152,2022-09-16,"Onions, Dry",YELLOW MARKED SWEET,per lb,,,,,No,,,,,,,,1.27,$/per lb,1.27,per lb,Northeast,retail,,,,,,,,335.0,3324,Weekly Grocery Store Specialty Crops Feature Activity,2026-09-26T13:56:27+00:00
3e7b8444c74a43d2,2022-09-16,"Peppers, Bell Type",GREEN,each,,,,,No,,,,,,,,1.0,$/each,1.0,per each,Northeast,retail,,,,,,,,57.0,3324,Weekly Grocery Store Specialty Crops Feature Activity,2026-09-26T13:56:27+00:00
dba6c51d68cbf792,2022-09-16,"Peppers, Bell Type",GREEN,per lb,,,,,No,,,,,,,,1.37,$/per lb,1.37,per lb,Northeast,retail,,,,,,,,538.0,3324,Weekly Grocery Store Specialty Crops Feature Activity,2026-09-26T13:56:27+00:00
f253e57912adad3e,2022-09-16,"Peppers, Bell Type",GREEN,per lb,,,,,Yes,,,,,,,,2.99,$/per lb,2.99,per lb,Northeast,retail,,,,,,,,16.0,3324,Weekly Grocery Store Specialty Crops Feature Activity,2026-09-26T13:56:27+00:00
4a6e6e74d9822799,2022-09-16,"Peppers, Bell Type",ORANGE,each,,,,,No,,,,,,,,1.67,$/each,1.67,per each,Northeast,retail,,,,,,,,323.0,3324,Weekly Grocery Store Specialty Crops Feature Activity,2026-09-26T13:56:27+00:00
5a340094f650ae77,2022-09-16,"Peppers, Bell Type",ORANGE,each,,,,,Yes,,,,,,,,1.99,$/each,1.99,per each,Northeast,retail,,,,,,,,74.0,3324,Weekly Grocery Store Specialty Crops Feature Activity,2026-09-26T13:56:27+00:00
aa383a29c2ceb70e,2022-09-16,"Peppers, Bell Type",ORANGE,per lb,,,,,No,,,,,,,,2.99,$/per lb,2.99,per lb,Northeast,retail,,,environment=Greenhouse,,,,,8.0,3324,Weekly Grocery Store Specialty Crops Feature Activity,2026-09-26T13:56:27+00:00
cd1b4437c931fd62,2022-09-16,"Peppers, Bell Type",ORANGE,per lb,,,,,Yes,,,,,,,,3.5,$/per lb,3.5,per lb,Northeast,retail,,,,,,,,95.0,3324,Weekly Grocery Store Specialty Crops Feature Activity,2026-09-26T13:56:27+00:00
f81f44186387e3d8,2022-09-16,"Peppers, Bell Type",ORANGE,per lb,,,,,No,,,,,,,,2.97,$/per lb,2.97,per lb,Northeast,retail,,,,,,,,340.0,3324,Weekly Grocery Store Specialty Crops Feature Activity,2026-09-26T13:56:27+00:00
3dc453e568d9855d,2022-09-16,"Peppers, Bell Type",RED,each,,,,,Yes,,,,,,,,1.99,$/each,1.99,per each,Northeast,retail,,,,,,,,74.0,3324,Weekly Grocery Store Specialty Crops Feature Activity,2026-09-26T13:56:27+00:00
665d7440d007e12f,2022-09-16,"Peppers, Bell Type",RED,each,,,,,No,,,,,,,,1.67,$/each,1.67,per each,Northeast,retail,,,,,,,,323.0,3324,Weekly Grocery Store Specialty Crops Feature Activity,2026-09-26T13:56:27+00:00
066aed588a2fbbba,2022-09-16,"Peppers, Bell Type",RED,per lb,,,,,Yes,,,,,,,,3.5,$/per lb,3.5,per lb,Northeast,retail,,,,,,,,95.0,3324,Weekly Grocery Store Specialty Crops Feature Activity,2026-09-26T13:56:27+00:00
50e27fa2357cc4ca,2022-09-16,"Peppers, Bell Type",RED,per lb,,,,,No,,,,,,,,2.99,$/per lb,2.99,per lb,Northeast,retail,,,environment=Greenhouse,,,,,8.0,3324,Weekly Grocery Store Specialty Crops Feature Activity,2026-09-26T13:56:27+00:00
fb6fe1ee7ccb0fb2,2022-09-16,"Peppers, Bell Type",RED,per lb,,,,,No,,,,,,,,2.93,$/per lb,2.93,per lb,Northeast,retail,,,,,,,,429.0,3324,Weekly Grocery Store Specialty Crops Feature Activity,2026-09-26T13:56:27+00:00
0950a3182f86acdb,2022-09-16,"Peppers, Bell Type",YELLOW,each,,,,,No,,,,,,,,1.67,$/each,1.67,per each,Northeast,retail,,,,,,,,323.0,3324,Weekly Grocery Store Specialty Crops Feature Activity,2026-09-26T13:56:27+00:00
9bd4c5cb96e2ec76,2022-09-16,"Peppers, Bell Type",YELLOW,each,,,,,Yes,,,,,,,,1.99,$/each,1.99,per each,Northeast,retail,,,,,,,,74.0,3324,Weekly Grocery Store Specialty Crops Feature Activity,2026-09-26T13:56:27+00:00
8cc0eb872e504c42,2022-09-16,"Peppers, Bell Type",YELLOW,per lb,,,,,No,,,,,,,,2.91,$/per lb,2.91,per lb,Northeast,retail,,,,,,,,403.0,3324,Weekly Grocery Store Specialty Crops Feature Activity,2026-09-26T13:56:27+00:00
d5a3f5c392b52839,2022-09-16,"Peppers, Bell Type",YELLOW,per lb,,,,,No,,,,,,,,2.99,$/per lb,2.99,per lb,Northeast,retail,,,environment=Greenhouse,,,,,8.0,3324,Weekly Grocery Store Specialty Crops Feature Activity,2026-09-26T13:56:27+00:00
e6c91c1bd83d9558,2022-09-16,"Peppers, Bell Type",YELLOW,per lb,,,,,Yes,,,,,,,,3.5,$/per lb,3.5,per lb,Northeast,retail,,,,,,,,95.0,3324,Weekly Grocery Store Specialty Crops Feature Activity,2026-09-26T13:56:27+00:00
3a0c0ec366ab83f1,2022-09-16,Potatoes,ROUND RED,3 lb bag,,,,,No,,,,,,,,5.93,$/3 lb bag,1.9767,per lb,Northeast,retail,,,,,,,,223.0,3324,Weekly Grocery Store Specialty Crops Feature Activity,2026-09-26T13:56:27+00:00
bdb4a0b720f9ea07,2022-09-16,Potatoes,ROUND RED,3 lb bag,,,,,Yes,,,,,,,,4.26,$/3 lb bag,1.42,per lb,Northeast,retail,,,,,,,,121.0,3324,Weekly Grocery Store Specialty Crops Feature Activity,2026-09-26T13:56:27+00:00
f4aa790d039bc999,2022-09-16,Potatoes,ROUND RED,5 lb bag,,,,,No,,,,,,,,3.92,$/5 lb bag,0.784,per lb,Northeast,retail,,,,,,,,332.0,3324,Weekly Grocery Store Specialty Crops Feature Activity,2026-09-26T13:56:27+00:00
1e37971f2e71da4c,2022-09-16,Potatoes,ROUND RED,per lb,,,,,No,,,,,,,,1.29,$/per lb,1.29,per lb,Northeast,retail,,,,,,,,72.0,3324,Weekly Grocery Store Specialty Crops Feature Activity,2026-09-26T13:56:27+00:00
897ecafb1b15b15c,2022-09-16,Potatoes,ROUND WHITE,5 lb bag,,,,,No,,,,,,,,3.57,$/5 lb bag,0.714,per lb,Northeast,retail,,,,,,,,270.0,3324,Weekly Grocery Store Specialty Crops Feature Activity,2026-09-26T13:56:27+00:00
60b420d2e425e6f8,2022-09-16,Potatoes,RUSSET,3 lb bag,,,,,No,,,,,,,,5.0,$/3 lb bag,1.6667,per lb,Northeast,retail,,,,,,,,13.0,3324,Weekly Grocery Store Specialty Crops Feature Activity,2026-09-26T13:56:27+00:00
b34c956dcaeb0ddf,2022-09-16,Potatoes,RUSSET,3 lb bag,,,,,Yes,,,,,,,,4.79,$/3 lb bag,1.5967,per lb,Northeast,retail,,,,,,,,41.0,3324,Weekly Grocery Store Specialty Crops Feature Activity,2026-09-26T13:56:27+00:00
843d277a6771bb28,2022-09-16,Potatoes,RUSSET,5 lb bag,,,,,No,,,,,,,,3.95,$/5 lb bag,0.79,per lb,Northeast,retail,,,,,,,,234.0,3324,Weekly Grocery Store Specialty Crops Feature Activity,2026-09-26T13:56:27+00:00
6e598007f7c7d8df,2022-09-16,Potatoes,RUSSET,8 lb bag,,,,,No,,,,,,,,4.99,$/8 lb bag,0.6238,per lb,Northeast,retail,,,,,,,,415.0,3324,Weekly Grocery Store Specialty Crops Feature Activity,2026-09-26T13:56:27+00:00
ea524cc6bea04f14,2022-09-16,Potatoes,YELLOW TYPE,3 lb bag,,,,,No,,,,,,,,5.99,$/3 lb bag,1.9967,per lb,Northeast,retail,,,,,,,,210.0,3324,Weekly Grocery Store Specialty Crops Feature Activity,2026-09-26T13:56:27+00:00
f5f6956d94c36d21,2022-09-16,Potatoes,YELLOW TYPE,3 lb bag,,,,,Yes,,,,,,,,3.54,$/3 lb bag,1.18,per lb,Northeast,retail,,,,,,,,107.0,3324,Weekly Grocery Store Specialty Crops Feature Activity,2026-09-26T13:56:27+00:00
d2ec0575abe61ca0,2022-09-16,Potatoes,YELLOW TYPE,5 lb bag,,,,,No,,,,,,,,3.71,$/5 lb bag,0.742,per lb,Northeast,retail,,,,,,,,281.0,3324,Weekly Grocery Store Specialty Crops Feature Activity,2026-09-26T13:56:27+00:00
a997d5fa4df8a2ad,2022-09-16,Strawberries,,1 lb package,,,,,Yes,,,,,,,,4.99,$/1 lb package,4.99,per lb,Northeast,retail,,,,,,,,270.0,3324,Weekly Grocery Store Specialty Crops Feature Activity,2026-09-26T13:56:27+00:00
b9c61644437c34b4,2022-09-16,Strawberries,,1 lb package,,,,,No,,,,,,,,3.5,$/1 lb package,3.5,per lb,Northeast,retail,,,,,,,,683.0,3324,Weekly Grocery Store Specialty Crops Feature Activity,2026-09-26T13:56:27+00:00
8948f02975ee8f72,2022-09-16,Tomatoes,,per lb,,,,,No,,,,,,,,1.94,$/per lb,1.94,per lb,Northeast,retail,,,,,,,,121.0,3324,Weekly Grocery Store Specialty Crops Feature Activity,2026-09-26T13:56:27+00:00
ec6e015eda682a6a,2022-09-16,Tomatoes,,per lb,,,,,Yes,,,,,,,,2.49,$/per lb,2.49,per lb,Northeast,retail,,,,,,,,38.0,3324,Weekly Grocery Store Specialty Crops Feature Activity,2026-09-26T13:56:27+00:00
2fff4345256ab463,2022-09-16,Tomatoes,GRAPE TYPE,1 pint package,,,,,No,,,,,,,,2.6,$/1 pint package,,,Northeast,retail,,,,,,,,1262.0,3324,Weekly Grocery Store Specialty Crops Feature Activity,2026-09-26T13:56:27+00:00
838fcdcd6b6d52e5,2022-09-16,Tomatoes,GRAPE TYPE,1 pint package,,,,,Yes,,,,,,,,2.94,$/1 pint package,,,Northeast,retail,,,,,,,,290.0,3324,Weekly Grocery Store Specialty Crops Feature Activity,2026-09-26T13:56:27+00:00
041727f56aad927b,2022-09-16,Tomatoes,GRAPE TYPE,10 oz package,,,,,Yes,,,,,,,,3.0,$/10 oz package,4.8,per lb,Northeast,retail,,,,,,,,22.0,3324,Weekly Grocery Store Specialty Crops Feature Activity,2026-09-26T13:56:27+00:00
ab09964dd089b95d,2022-09-16,Tomatoes,GRAPE TYPE,10 oz package,,,,,No,,,,,,,,2.99,$/10 oz package,4.784,per lb,Northeast,retail,,,,,,,,190.0,3324,Weekly Grocery Store Specialty Crops Feature Activity,2026-09-26T13:56:27+00:00
45718716ee8df5bb,2022-09-16,Tomatoes,Plum Type (Roma),per lb,,,,,No,,,,,,,,1.29,$/per lb,1.29,per lb,Northeast,retail,,,,,,,,354.0,3324,Weekly Grocery Store Specialty Crops Feature Activity,2026-09-26T13:56:27+00:00
7fbfd185856087f6,2022-09-16,Tomatoes,VINE RIPES,per lb,,,,,No,,,,,,,,2.26,$/per lb,2.26,per lb,Northeast,retail,,,environment=Greenhouse,,,,,78.0,3324,Weekly Grocery Store Specialty Crops Feature Activity,2026-09-26T13:56:27+00:00
f6ca855b86aaca15,2022-09-16,Tomatoes,VINE RIPES,per lb,,,,,No,,,,,,,,2.11,$/per lb,2.11,per lb,Northeast,retail,,,,,,,,99.0,3324,Weekly Grocery Store Specialty Crops Feature Activity,2026-09-26T13:56:27+00:00
775e97de09c879a3,2022-09-16,Tomatoes,VINE RIPES - ON THE VINE,per lb,,,,,No,,,,,,,,1.66,$/per lb,1.66,per lb,Northeast,retail,,,environment=Greenhouse,,,,,490.0,3324,Weekly Grocery Store Specialty Crops Feature Activity,2026-09-26T13:56:27+00:00
90b646a38297c0cb,2022-09-16,Tomatoes,VINE RIPES - ON THE VINE,per lb,,,,,Yes,,,,,,,,3.99,$/per lb,3.99,per lb,Northeast,retail,,,environment=Greenhouse,,,,,255.0,3324,Weekly Grocery Store Specialty Crops Feature Activity,2026-09-26T13:56:27+00:00
0e3ea6ae4cd2aa1c,2022-09-16,Tomatoes,Vine Ripes - Heirloom Varieties,per lb,,,,,Yes,,,,,,,,3.99,$/per lb,3.99,per lb,Northeast,retail,,,environment=Greenhouse,,,,,5.0,3324,Weekly Grocery Store Specialty Crops Feature Activity,2026-09-26T13:56:27+00:00
1b7e15c2153c0fe5,2022-09-16,Avocados,HASS,each,,,,,No,,,,,,,,1.68,$/each,1.68,per each,Northwest,retail,,,,,,,,117.0,3324,Weekly Grocery Store Specialty Crops Feature Activity,2026-09-26T13:56:27+00:00
7eb6d5c8763d3667,2022-09-16,Avocados,HASS,each,,,,,Yes,,,,,,,,1.58,$/each,1.58,per each,Northwest,retail,,,,,,,,34.0,3324,Weekly Grocery Store Specialty Crops Feature Activity,2026-09-26T13:56:27+00:00
dca1d271b598b2b0,2022-09-16,Blueberries,,18 oz package,,,,,No,,,,,,,,3.9,$/18 oz package,3.4667,per lb,Northwest,retail,,,,,,,,136.0,3324,Weekly Grocery Store Specialty Crops Feature Activity,2026-09-26T13:56:27+00:00
3f392d1848b9c5e1,2022-09-16,Blueberries,,6 oz package,,,,,No,,,,,,,,3.11,$/6 oz package,8.2933,per lb,Northwest,retail,,,,,,,,239.0,3324,Weekly Grocery Store Specialty Crops Feature Activity,2026-09-26T13:56:27+00:00
001a691930c1ac61,2022-09-16,Broccoli,,per lb,,,,,Yes,,,,,,,,1.99,$/per lb,1.99,per lb,Northwest,retail,,,,,,,,206.0,3324,Weekly Grocery Store Specialty Crops Feature Activity,2026-09-26T13:56:27+00:00
e7178cff42a42383,2022-09-16,Broccoli,BABY HYBRID TYPE,per bunch,,,,,Yes,,,,,,,,3.99,$/per bunch,,,Northwest,retail,,,,,,,,19.0,3324,Weekly Grocery Store Specialty Crops Feature Activity,2026-09-26T13:56:27+00:00
f1488db38e132936,2022-09-16,Broccoli,CROWN CUT,per lb,,,,,No,,,,,,,,1.43,$/per lb,1.43,per lb,Northwest,retail,,,,,,,,164.0,3324,Weekly Grocery Store Specialty Crops Feature Activity,2026-09-26T13:56:27+00:00
b6509cf373aff4b2,2022-09-16,Carrots,,2 lb bag,,,,,No,,,,,,,,1.79,$/2 lb bag,0.895,per lb,Northwest,retail,,,,,,,,40.0,3324,Weekly Grocery Store Specialty Crops Feature Activity,2026-09-26T13:56:27+00:00
dff819857eded71b,2022-09-16,Carrots,,2 lb bag,,,,,Yes,,,,,,,,1.98,$/2 lb bag,0.99,per lb,Northwest,retail,,,,,,,,3.0,3324,Weekly Grocery Store Specialty Crops Feature Activity,2026-09-26T13:56:27+00:00
d0ee6740cfe0a0e4,2022-09-16,Carrots,,per bunch,,,,,Yes,,,,,,,,2.73,$/per bunch,,,Northwest,retail,,,,,,,,32.0,3324,Weekly Grocery Store Specialty Crops Feature Activity,2026-09-26T13:56:27+00:00
9a6f799c5c0e25d7,2022-09-16,Carrots,BABY PEELED,1 lb bag,,,,,Yes,,,,,,,,1.5,$/1 lb bag,1.5,per lb,Northwest,retail,,,,,,,,15.0,3324,Weekly Grocery Store Specialty Crops Feature Activity,2026-09-26T13:56:27+00:00
bf39ef9466b32df9,2022-09-16,Carrots,BABY PEELED,1 lb bag,,,,,No,,,,,,,,1.79,$/1 lb bag,1.79,per lb,Northwest,retail,,,,,,,,28.0,3324,Weekly Grocery Store Specialty Crops Feature Activity,2026-09-26T13:56:27+00:00
8e7f3ee619b1e0df,2022-09-16,Carrots,BABY PEELED,2 lb bag,,,,,No,,,,,,,,3.0,$/2 lb bag,1.5,per lb,Northwest,retail,,,,,,,,11.0,3324,Weekly Grocery Store Specialty Crops Feature Activity,2026-09-26T13:56:27+00:00
c51ddac94a97ea1a,2022-09-16,Celery,,each,,,,,No,,,,,,,,1.76,$/each,1.76,per each,Northwest,retail,,,,,,,,26.0,3324,Weekly Grocery Store Specialty Crops Feature Activity,2026-09-26T13:56:27+00:00
106e44de641a7073,2022-09-16,Celery,,per lb,,,,,No,,,,,,,,1.0,$/per lb,1.0,per lb,Northwest,retail,,,,,,,,36.0,3324,Weekly Grocery Store Specialty Crops Feature Activity,2026-09-26T13:56:27+00:00
5baf1f26e8fb3586,2022-09-16,Celery,,per lb,,,,,Yes,,,,,,,,0.69,$/per lb,0.69,per lb,Northwest,retail,,,,,,,,9.0,3324,Weekly Grocery Store Specialty Crops Feature Activity,2026-09-26T13:56:27+00:00
bd75b8a8a7750916,2022-09-16,Celery,HEARTS,each,,,,,Yes,,,,,,,,3.2,$/each,3.2,per each,Northwest,retail,,,,,,,,164.0,3324,Weekly Grocery Store Specialty Crops Feature Activity,2026-09-26T13:56:27+00:00
9ea9d52054a3cd16,2022-09-16,Cucumbers,,each,,,,,No,,,,,,,,0.9,$/each,0.9,per each,Northwest,retail,,,,,,,,235.0,3324,Weekly Grocery Store Specialty Crops Feature Activity,2026-09-26T13:56:27+00:00
337b1846823e090d,2022-09-16,Grapes,BLACK SEEDLESS,per lb,,,,,No,,,,,,,,1.42,$/per lb,1.42,per lb,Northwest,retail,,,,,,,,475.0,3324,Weekly Grocery Store Specialty Crops Feature Activity,2026-09-26T13:56:27+00:00
37c80e4d1f9b14de,2022-09-16,Grapes,BLACK SEEDLESS,per lb,,,,,Yes,,,,,,,,3.12,$/per lb,3.12,per lb,Northwest,retail,,,,,,,,217.0,3324,Weekly Grocery Store Specialty Crops Feature Activity,2026-09-26T13:56:27+00:00
1cec233bf9b227eb,2022-09-16,Grapes,RED SEEDLESS,per lb,,,,,Yes,,,,,,,,2.85,$/per lb,2.85,per lb,Northwest,retail,,,,,,,,382.0,3324,Weekly Grocery Store Specialty Crops Feature Activity,2026-09-26T13:56:27+00:00
229ebfae6505941d,2022-09-16,Grapes,RED SEEDLESS,per lb,,,,,No,,,,,,,,1.51,$/per lb,1.51,per lb,Northwest,retail,,,,,,,,562.0,3324,Weekly Grocery Store Specialty Crops Feature Activity,2026-09-26T13:56:27+00:00
84f674ffd6dd1f0d,2022-09-16,Grapes,WHITE SEEDLESS TYPE,per lb,,,,,Yes,,,,,,,,2.82,$/per lb,2.82,per lb,Northwest,retail,,,,,,,,371.0,3324,Weekly Grocery Store Specialty Crops Feature Activity,2026-09-26T13:56:27+00:00
bc2f2c1d19610b0c,2022-09-16,Grapes,WHITE SEEDLESS TYPE,per lb,,,,,No,,,,,,,,1.51,$/per lb,1.51,per lb,Northwest,retail,,,,,,,,565.0,3324,Weekly Grocery Store Specialty Crops Feature Activity,2026-09-26T13:56:27+00:00
5077f22f4947878d,2022-09-16,Lemons,,each,,,,,No,,,,,,,,0.5,$/each,0.5,per each,Northwest,retail,,,,,,,,8.0,3324,Weekly Grocery Store Specialty Crops Feature Activity,2026-09-26T13:56:27+00:00
7c44f25075ae8729,2022-09-16,Lettuce,Green Leaf,each,,,,,Yes,,,,,,,,2.16,$/each,2.16,per each,Northwest,retail,,,,,,,,40.0,3324,Weekly Grocery Store Specialty Crops Feature Activity,2026-09-26T13:56:27+00:00
fcc20fbe1fae409a,2022-09-16,Lettuce,Green Leaf,each,,,,,No,,,,,,,,1.25,$/each,1.25,per each,Northwest,retail,,,,,,,,11.0,3324,Weekly Grocery Store Specialty Crops Feature Activity,2026-09-26T13:56:27+00:00
1d073eba5fa1c4df,2022-09-16,Lettuce,Red Leaf,each,,,,,Yes,,,,,,,,2.16,$/each,2.16,per each,Northwest,retail,,,,,,,,40.0,3324,Weekly Grocery Store Specialty Crops Feature Activity,2026-09-26T13:56:27+00:00
eb633cb4c289291c,2022-09-16,Lettuce,Red Leaf,each,,,,,No,,,,,,,,1.25,$/each,1.25,per each,Northwest,retail,,,,,,,,11.0,3324,Weekly Grocery Store Specialty Crops Feature Activity,2026-09-26T13:56:27+00:00
86fe28b15d1dc1b8,2022-09-16,Lettuce,Romaine,each,,,,,Yes,,,,,,,,2.5,$/each,2.5,per each,Northwest,retail,,,,,,,,27.0,3324,Weekly Grocery Store Specialty Crops Feature Activity,2026-09-26T13:56:27+00:00
d8d33b50bf19dee9,2022-09-16,Lettuce,Romaine,each,,,,,No,,,,,,,,1.25,$/each,1.25,per each,Northwest,retail,,,,,,,,11.0,3324,Weekly Grocery Store Specialty Crops Feature Activity,2026-09-26T13:56:27+00:00
561419155f3322d2,2022-09-16,"Onions, Dry",RED,per lb,,,,,No,,,,,,,,1.49,$/per lb,1.49,per lb,Northwest,retail,,,,,,,,20.0,3324,Weekly Grocery Store Specialty Crops Feature Activity,2026-09-26T13:56:27+00:00
9d16f0a6518ce551,2022-09-16,"Onions, Dry",RED,per lb,,,,,Yes,,,,,,,,1.79,$/per lb,1.79,per lb,Northwest,retail,,,,,,,,206.0,3324,Weekly Grocery Store Specialty Crops Feature Activity,2026-09-26T13:56:27+00:00
1316eb5f9a362acd,2022-09-16,"Onions, Dry",WHITE,per lb,,,,,Yes,,,,,,,,1.79,$/per lb,1.79,per lb,Northwest,retail,,,,,,,,206.0,3324,Weekly Grocery Store Specialty Crops Feature Activity,2026-09-26T13:56:27+00:00
28f896c0140e84bd,2022-09-16,"Onions, Dry",WHITE,per lb,,,,,No,,,,,,,,1.0,$/per lb,1.0,per lb,Northwest,retail,,,,,,,,36.0,3324,Weekly Grocery Store Specialty Crops Feature Activity,2026-09-26T13:56:27+00:00
a061a19a67fadf98,2022-09-16,"Onions, Dry",YELLOW,3 lb bag,,,,,No,,,,,,,,1.78,$/3 lb bag,0.5933,per lb,Northwest,retail,,,,,,,,8.0,3324,Weekly Grocery Store Specialty Crops Feature Activity,2026-09-26T13:56:27+00:00
099425fd69809ba3,2022-09-16,"Onions, Dry",YELLOW,per lb,,,,,No,,,,,,,,0.99,$/per lb,0.99,per lb,Northwest,retail,,,,,,,,15.0,3324,Weekly Grocery Store Specialty Crops Feature Activity,2026-09-26T13:56:27+00:00
8fa2fbd5ea2b111f,2022-09-16,"Onions, Dry",YELLOW,per lb,,,,,Yes,,,,,,,,1.74,$/per lb,1.74,per lb,Northwest,retail,,,,,,,,225.0,3324,Weekly Grocery Store Specialty Crops Feature Activity,2026-09-26T13:56:27+00:00
109730686d980015,2022-09-16,"Onions, Dry",YELLOW MARKED SWEET,per lb,,,,,Yes,,,,,,,,1.49,$/per lb,1.49,per lb,Northwest,retail,,,,,,,,11.0,3324,Weekly Grocery Store Specialty Crops Feature Activity,2026-09-26T13:56:27+00:00
8961ea773f1e3141,2022-09-16,"Onions, Dry",YELLOW MARKED SWEET,per lb,,,,,No,,,,,,,,1.75,$/per lb,1.75,per lb,Northwest,retail,,,,,,,,37.0,3324,Weekly Grocery Store Specialty Crops Feature Activity,2026-09-26T13:56:27+00:00
ce35786bca000c47,2022-09-16,"Peppers, Bell Type",GREEN,each,,,,,No,,,,,,,,0.85,$/each,0.85,per each,Northwest,retail,,,,,,,,296.0,3324,Weekly Grocery Store Specialty Crops Feature Activity,2026-09-26T13:56:27+00:00
136c16f15085c9a6,2022-09-16,"Peppers, Bell Type",ORANGE,each,,,,,No,,,,,,,,0.98,$/each,0.98,per each,Northwest,retail,,,environment=Greenhouse,,,,,11.0,3324,Weekly Grocery Store Specialty Crops Feature Activity,2026-09-26T13:56:27+00:00
abaf2b56ce3ac442,2022-09-16,"Peppers, Bell Type",ORANGE,each,,,,,No,,,,,,,,1.22,$/each,1.22,per each,Northwest,retail,,,,,,,,177.0,3324,Weekly Grocery Store Specialty Crops Feature Activity,2026-09-26T13:56:27+00:00
436eb45135b387ef,2022-09-16,"Peppers, Bell Type",RED,each,,,,,No,,,,,,,,0.98,$/each,0.98,per each,Northwest,retail,,,environment=Greenhouse,,,,,11.0,3324,Weekly Grocery Store Specialty Crops Feature Activity,2026-09-26T13:56:27+00:00
d7c8c6a8de5a7be3,2022-09-16,"Peppers, Bell Type",RED,each,,,,,No,,,,,,,,1.21,$/each,1.21,per each,Northwest,retail,,,,,,,,192.0,3324,Weekly Grocery Store Specialty Crops Feature Activity,2026-09-26T13:56:27+00:00
a2c7f497aab62584,2022-09-16,"Peppers, Bell Type",RED,per lb,,,,,Yes,,,,,,,,4.99,$/per lb,4.99,per lb,Northwest,retail,,,,,,,,11.0,3324,Weekly Grocery Store Specialty Crops Feature Activity,2026-09-26T13:56:27+00:00
10a787076e745c0c,2022-09-16,"Peppers, Bell Type",YELLOW,each,,,,,No,,,,,,,,1.22,$/each,1.22,per each,Northwest,retail,,,,,,,,177.0,3324,Weekly Grocery Store Specialty Crops Feature Activity,2026-09-26T13:56:27+00:00
77b43f4ae980fd41,2022-09-16,"Peppers, Bell Type",YELLOW,each,,,,,No,,,,,,,,0.98,$/each,0.98,per each,Northwest,retail,,,environment=Greenhouse,,,,,11.0,3324,Weekly Grocery Store Specialty Crops Feature Activity,2026-09-26T13:56:27+00:00
6e5f7329dd01c37c,2022-09-16,Potatoes,ROUND RED,3 lb bag,,,,,Yes,,,,,,,,4.28,$/3 lb bag,1.4267,per lb,Northwest,retail,,,,,,,,17.0,3324,Weekly Grocery Store Specialty Crops Feature Activity,2026-09-26T13:56:27+00:00
c09b279c56571e5e,2022-09-16,Potatoes,ROUND WHITE,per lb,,,,,No,,,,,,,,0.89,$/per lb,0.89,per lb,Northwest,retail,,,,,,,,40.0,3324,Weekly Grocery Store Specialty Crops Feature Activity,2026-09-26T13:56:27+00:00
ea8e56bb20df0f34,2022-09-16,Potatoes,RUSSET,10 lb bag,,,,,No,,,,,,,,3.98,$/10 lb bag,0.398,per lb,Northwest,retail,,,,,,,,8.0,3324,Weekly Grocery Store Specialty Crops Feature Activity,2026-09-26T13:56:27+00:00
0d0b10cf65132344,2022-09-16,Potatoes,RUSSET,5 lb bag,,,,,No,,,,,,,,2.99,$/5 lb bag,0.598,per lb,Northwest,retail,,,,,,,,9.0,3324,Weekly Grocery Store Specialty Crops Feature Activity,2026-09-26T13:56:27+00:00
30431d74e6c73dae,2022-09-16,Potatoes,RUSSET,per lb,,,,,Yes,,,,,,,,1.79,$/per lb,1.79,per lb,Northwest,retail,,,,,,,,19.0,3324,Weekly Grocery Store Specialty Crops Feature Activity,2026-09-26T13:56:27+00:00
f9715bfde7888190,2022-09-16,Potatoes,YELLOW TYPE,per lb,,,,,No,,,,,,,,0.89,$/per lb,0.89,per lb,Northwest,retail,,,,,,,,40.0,3324,Weekly Grocery Store Specialty Crops Feature Activity,2026-09-26T13:56:27+00:00
357e9d2b6e5240d3,2022-09-16,Strawberries,,1 lb package,,,,,No,,,,,,,,3.33,$/1 lb package,3.33,per lb,Northwest,retail,,,,,,,,209.0,3324,Weekly Grocery Store Specialty Crops Feature Activity,2026-09-26T13:56:27+00:00
7ea29f82dbe1d6d2,2022-09-16,Tomatoes,,per lb,,,,,Yes,,,,,,,,2.59,$/per lb,2.59,per lb,Northwest,retail,,,,,,,,19.0,3324,Weekly Grocery Store Specialty Crops Feature Activity,2026-09-26T13:56:27+00:00
c94b07de7215cb8e,2022-09-16,Tomatoes,Cherry Type,1 pint package,,,,,Yes,,,,,,,,2.58,$/1 pint package,,,Northwest,retail,,,,,,,,19.0,3324,Weekly Grocery Store Specialty Crops Feature Activity,2026-09-26T13:56:27+00:00
4ee94388b7347b48,2022-09-16,Tomatoes,GRAPE TYPE,1 pint package,,,,,No,,,,,,,,2.29,$/1 pint package,,,Northwest,retail,,,,,,,,23.0,3324,Weekly Grocery Store Specialty Crops Feature Activity,2026-09-26T13:56:27+00:00
8775f308b320815a,2022-09-16,Tomatoes,GRAPE TYPE,1 pint package,,,,,Yes,,,,,,,,2.51,$/1 pint package,,,Northwest,retail,,,,,,,,76.0,3324,Weekly Grocery Store Specialty Crops Feature Activity,2026-09-26T13:56:27+00:00
ba0bea39c9a1b611,2022-09-16,Tomatoes,GRAPE TYPE,10 oz package,,,,,No,,,,,,,,3.04,$/10 oz package,4.864,per lb,Northwest,retail,,,,,,,,157.0,3324,Weekly Grocery Store Specialty Crops Feature Activity,2026-09-26T13:56:27+00:00
698ee38cd0ede041,2022-09-16,Tomatoes,Plum Type (Roma),per lb,,,,,No,,,,,,,,2.23,$/per lb,2.23,per lb,Northwest,retail,,,,,,,,45.0,3324,Weekly Grocery Store Specialty Crops Feature Activity,2026-09-26T13:56:27+00:00
88136539be60dd23,2022-09-16,Tomatoes,VINE RIPES,per lb,,,,,No,,,,,,,,1.79,$/per lb,1.79,per lb,Northwest,retail,,,environment=Greenhouse,,,,,6.0,3324,Weekly Grocery Store Specialty Crops Feature Activity,2026-09-26T13:56:27+00:00
60e23b040d735f2b,2022-09-16,Tomatoes,VINE RIPES - ON THE VINE,per lb,,,,,No,,,,,,,,1.92,$/per lb,1.92,per lb,Northwest,retail,,,environment=Greenhouse,,,,,422.0,3324,Weekly Grocery Store Specialty Crops Feature Activity,2026-09-26T13:56:27+00:00
26eb91868054ab42,2022-09-16,Tomatoes,Vine Ripes - Heirloom Varieties,per lb,,,,,No,,,,,,,,4.98,$/per lb,4.98,per lb,Northwest,retail,,,environment=Greenhouse,,,,,3.0,3324,Weekly Grocery Store Specialty Crops Feature Activity,2026-09-26T13:56:27+00:00
a72eb0a277ed71c1,2022-09-16,Tomatoes,Vine Ripes - Heirloom Varieties,per lb,,,,,Yes,,,,,,,,5.6,$/per lb,5.6,per lb,Northwest,retail,,,environment=Greenhouse,,,,,31.0,3324,Weekly Grocery Store Specialty Crops Feature Activity,2026-09-26T13:56:27+00:00
3421dfd457badd2f,2022-09-16,Avocados,HASS,each,,,,,Yes,,,,,,,,1.47,$/each,1.47,per each,Southcentral,retail,,,,,,,,117.0,3324,Weekly Grocery Store Specialty Crops Feature Activity,2026-09-26T13:56:27+00:00
cb7a43ca81717dd4,2022-09-16,Avocados,HASS,each,,,,,No,,,,,,,,1.05,$/each,1.05,per each,Southcentral,retail,,,,,,,,1335.0,3324,Weekly Grocery Store Specialty Crops Feature Activity,2026-09-26T13:56:27+00:00
46aa35b7e8e86faf,2022-09-16,Avocados,VARIOUS GREENSKIN VARIETIES,each,,,,,No,,,,,,,,2.0,$/each,2.0,per each,Southcentral,retail,,,,,,,,49.0,3324,Weekly Grocery Store Specialty Crops Feature Activity,2026-09-26T13:56:27+00:00
5ef6080ea2adaff1,2022-09-16,Bananas,,per lb,,,,,Yes,,,,,,,,0.69,$/per lb,0.69,per lb,Southcentral,retail,,,,,,,,310.0,3324,Weekly Grocery Store Specialty Crops Feature Activity,2026-09-26T13:56:27+00:00
8479539fe6b81086,2022-09-16,Bananas,,per lb,,,,,No,,,,,,,,0.87,$/per lb,0.87,per lb,Southcentral,retail,,,,,,,,85.0,3324,Weekly Grocery Store Specialty Crops Feature Activity,2026-09-26T13:56:27+00:00
49d49eab293c0c2f,2022-09-16,Blueberries,,1 pint package,,,,,No,,,,,,,,2.81,$/1 pint package,,,Southcentral,retail,,,,,,,,385.0,3324,Weekly Grocery Store Specialty Crops Feature Activity,2026-09-26T13:56:27+00:00
c43603f76c33319a,2022-09-16,Blueberries,,18 oz package,,,,,No,,,,,,,,4.49,$/18 oz package,3.9911,per lb,Southcentral,retail,,,,,,,,32.0,3324,Weekly Grocery Store Specialty Crops Feature Activity,2026-09-26T13:56:27+00:00
1cd098dccb866d44,2022-09-16,Blueberries,,6 oz package,,,,,Yes,,,,,,,,3.34,$/6 oz package,8.9067,per lb,Southcentral,retail,,,,,,,,11.0,3324,Weekly Grocery Store Specialty Crops Feature Activity,2026-09-26T13:56:27+00:00
947f70fa67dd4bf5,2022-09-16,Blueberries,,6 oz package,,,,,No,,,,,,,,2.83,$/6 oz package,7.5467,per lb,Southcentral,retail,,,,,,,,218.0,3324,Weekly Grocery Store Specialty Crops Feature Activity,2026-09-26T13:56:27+00:00
67518bf38889eb31,2022-09-16,Broccoli,BABY HYBRID TYPE,per bunch,,,,,Yes,,,,,,,,3.0,$/per bunch,,,Southcentral,retail,,,,,,,,45.0,3324,Weekly Grocery Store Specialty Crops Feature Activity,2026-09-26T13:56:27+00:00
9bb2e4e3aadf3cf2,2022-09-16,Broccoli,CROWN CUT,per lb,,,,,No,,,,,,,,1.29,$/per lb,1.29,per lb,Southcentral,retail,,,,,,,,661.0,3324,Weekly Grocery Store Specialty Crops Feature Activity,2026-09-26T13:56:27+00:00
0ee94b78a5b6d962,2022-09-16,Carrots,,1 lb bag,,,,,No,,,,,,,,1.5,$/1 lb bag,1.5,per lb,Southcentral,retail,,,,,,,,16.0,3324,Weekly Grocery Store Specialty Crops Feature Activity,2026-09-26T13:56:27+00:00
551fdd1da232774c,2022-09-16,Carrots,,per lb,,,,,No,,,,,,,,0.47,$/per lb,0.47,per lb,Southcentral,retail,,,,,,,,79.0,3324,Weekly Grocery Store Specialty Crops Feature Activity,2026-09-26T13:56:27+00:00
7dd2f1ad871ee3c6,2022-09-16,Carrots,BABY PEELED,1 lb bag,,,,,Yes,,,,,,,,1.64,$/1 lb bag,1.64,per lb,Southcentral,retail,,,,,,,,60.0,3324,Weekly Grocery Store Specialty Crops Feature Activity,2026-09-26T13:56:27+00:00
ae87ee5a931a4762,2022-09-16,Carrots,BABY PEELED,1 lb bag,,,,,No,,,,,,,,1.35,$/1 lb bag,1.35,per lb,Southcentral,retail,,,,,,,,423.0,3324,Weekly Grocery Store Specialty Crops Feature Activity,2026-09-26T13:56:27+00:00
898d62a929f94ea4,2022-09-16,Carrots,BABY PEELED,2 lb bag,,,,,No,,,,,,,,2.5,$/2 lb bag,1.25,per lb,Southcentral,retail,,,,,,,,49.0,3324,Weekly Grocery Store Specialty Crops Feature Activity,2026-09-26T13:56:27+00:00
ba83c885332010f9,2022-09-16,Celery,,each,,,,,No,,,,,,,,1.68,$/each,1.68,per each,Southcentral,retail,,,,,,,,40.0,3324,Weekly Grocery Store Specialty Crops Feature Activity,2026-09-26T13:56:27+00:00
96a16ffc74e67606,2022-09-16,Celery,,per lb,,,,,No,,,,,,,,0.99,$/per lb,0.99,per lb,Southcentral,retail,,,,,,,,5.0,3324,Weekly Grocery Store Specialty Crops Feature Activity,2026-09-26T13:56:27+00:00
5baf28cf325747f8,2022-09-16,Celery,HEARTS,each,,,,,No,,,,,,,,2.49,$/each,2.49,per each,Southcentral,retail,,,,,,,,6.0,3324,Weekly Grocery Store Specialty Crops Feature Activity,2026-09-26T13:56:27+00:00
057e7c804f81fee2,2022-09-16,Cucumbers,,each,,,,,No,,,,,,,,0.47,$/each,0.47,per each,Southcentral,retail,,,,,,,,334.0,3324,Weekly Grocery Store Specialty Crops Feature Activity,2026-09-26T13:56:27+00:00
3008a40bb7372343,2022-09-16,Grapes,BLACK SEEDLESS,per lb,,,,,No,,,,,,,,1.24,$/per lb,1.24,per lb,Southcentral,retail,,,,,,,,432.0,3324,Weekly Grocery Store Specialty Crops Feature Activity,2026-09-26T13:56:27+00:00
62adafe1323900d0,2022-09-16,Grapes,BLACK SEEDLESS,per lb,,,,,Yes,,,,,,,,2.89,$/per lb,2.89,per lb,Southcentral,retail,,,,,,,,94.0,3324,Weekly Grocery Store Specialty Crops Feature Activity,2026-09-26T13:56:27+00:00
2d72ee6012b50973,2022-09-16,Grapes,RED SEEDLESS,per lb,,,,,No,,,,,,,,1.47,$/per lb,1.47,per lb,Southcentral,retail,,,,,,,,688.0,3324,Weekly Grocery Store Specialty Crops Feature Activity,2026-09-26T13:56:27+00:00
76143bc33bac5c36,2022-09-16,Grapes,RED SEEDLESS,per lb,,,,,Yes,,,,,,,,2.79,$/per lb,2.79,per lb,Southcentral,retail,,,,,,,,168.0,3324,Weekly Grocery Store Specialty Crops Feature Activity,2026-09-26T13:56:27+00:00
4f737a0cec7fbf51,2022-09-16,Grapes,WHITE SEEDLESS TYPE,per lb,,,,,Yes,,,,,,,,2.83,$/per lb,2.83,per lb,Southcentral,retail,,,,,,,,139.0,3324,Weekly Grocery Store Specialty Crops Feature Activity,2026-09-26T13:56:27+00:00
afd06da35c13b586,2022-09-16,Grapes,WHITE SEEDLESS TYPE,per lb,,,,,No,,,,,,,,1.32,$/per lb,1.32,per lb,Southcentral,retail,,,,,,,,894.0,3324,Weekly Grocery Store Specialty Crops Feature Activity,2026-09-26T13:56:27+00:00
67a9498ca22a093f,2022-09-16,Lemons,,2 lb bag,,,,,No,,,,,,,,3.34,$/2 lb bag,1.67,per lb,Southcentral,retail,,,,,,,,155.0,3324,Weekly Grocery Store Specialty Crops Feature Activity,2026-09-26T13:56:27+00:00
84752a7f901da083,2022-09-16,Lemons,,each,,,,,No,,,,,,,,0.49,$/each,0.49,per each,Southcentral,retail,,,,,,,,231.0,3324,Weekly Grocery Store Specialty Crops Feature Activity,2026-09-26T13:56:27+00:00
235dab34ddb46d76,2022-09-16,Lettuce,Green Leaf,each,,,,,No,,,,,,,,1.54,$/each,1.54,per each,Southcentral,retail,,,,,,,,335.0,3324,Weekly Grocery Store Specialty Crops Feature Activity,2026-09-26T13:56:27+00:00
5b4fd9341e0ca3bc,2022-09-16,Lettuce,Green Leaf,each,,,,,Yes,,,,,,,,1.79,$/each,1.79,per each,Southcentral,retail,,,,,,,,82.0,3324,Weekly Grocery Store Specialty Crops Feature Activity,2026-09-26T13:56:27+00:00
ae8a9a02d8bd3fa6,2022-09-16,Lettuce,Red Leaf,each,,,,,No,,,,,,,,1.5,$/each,1.5,per each,Southcentral,retail,,,,,,,,310.0,3324,Weekly Grocery Store Specialty Crops Feature Activity,2026-09-26T13:56:27+00:00
d9ba0149292ca442,2022-09-16,Lettuce,Red Leaf,each,,,,,Yes,,,,,,,,1.79,$/each,1.79,per each,Southcentral,retail,,,,,,,,82.0,3324,Weekly Grocery Store Specialty Crops Feature Activity,2026-09-26T13:56:27+00:00
fa3be0e13fdf0ba9,2022-09-16,Lettuce,Romaine,each,,,,,No,,,,,,,,1.5,$/each,1.5,per each,Southcentral,retail,,,,,,,,310.0,3324,Weekly Grocery Store Specialty Crops Feature Activity,2026-09-26T13:56:27+00:00
91c60de56515bb4b,2022-09-16,Lettuce,Romaine (Hearts),3 count,,,,,Yes,,,,,,,,3.99,$/3 count,,,Southcentral,retail,,,,,,,,45.0,3324,Weekly Grocery Store Specialty Crops Feature Activity,2026-09-26T13:56:27+00:00
93c0d02be1baf8b9,2022-09-16,Lettuce,Romaine (Hearts),3 count,,,,,No,,,,,,,,3.99,$/3 count,,,Southcentral,retail,,,,,,,,6.0,3324,Weekly Grocery Store Specialty Crops Feature Activity,2026-09-26T13:56:27+00:00
e6a0fcba15431c22,2022-09-16,Limes,,each,,,,,No,,,,,,,,0.19,$/each,0.19,per each,Southcentral,retail,,,,,,,,507.0,3324,Weekly Grocery Store Specialty Crops Feature Activity,2026-09-26T13:56:27+00:00
287527889f2faa94,2022-09-16,"Onions, Dry",RED,per lb,,,,,No,,,,,,,,1.41,$/per lb,1.41,per lb,Southcentral,retail,,,,,,,,434.0,3324,Weekly Grocery Store Specialty Crops Feature Activity,2026-09-26T13:56:27+00:00
47d298a5338be5be,2022-09-16,"Onions, Dry",WHITE,per lb,,,,,No,,,,,,,,1.31,$/per lb,1.31,per lb,Southcentral,retail,,,,,,,,116.0,3324,Weekly Grocery Store Specialty Crops Feature Activity,2026-09-26T13:56:27+00:00
b4c0e5fceea10e12,2022-09-16,"Onions, Dry",YELLOW,3 lb bag,,,,,No,,,,,,,,2.55,$/3 lb bag,0.85,per lb,Southcentral,retail,,,,,,,,48.0,3324,Weekly Grocery Store Specialty Crops Feature Activity,2026-09-26T13:56:27+00:00
30f504342dff3061,2022-09-16,"Onions, Dry",YELLOW,per lb,,,,,Yes,,,,,,,,1.19,$/per lb,1.19,per lb,Southcentral,retail,,,,,,,,82.0,3324,Weekly Grocery Store Specialty Crops Feature Activity,2026-09-26T13:56:27+00:00
b3b6dde49a54c885,2022-09-16,"Onions, Dry",YELLOW,per lb,,,,,No,,,,,,,,0.79,$/per lb,0.79,per lb,Southcentral,retail,,,,,,,,187.0,3324,Weekly Grocery Store Specialty Crops Feature Activity,2026-09-26T13:56:27+00:00
ea3ab04556e7e68f,2022-09-16,"Onions, Dry",YELLOW MARKED SWEET,3 lb bag,,,,,No,,,,,,,,4.56,$/3 lb bag,1.52,per lb,Southcentral,retail,,,,,,,,32.0,3324,Weekly Grocery Store Specialty Crops Feature Activity,2026-09-26T13:56:27+00:00
b4dfeb6e35e61618,2022-09-16,"Onions, Dry",YELLOW MARKED SWEET,per lb,,,,,No,,,,,,,,1.18,$/per lb,1.18,per lb,Southcentral,retail,,,,,,,,227.0,3324,Weekly Grocery Store Specialty Crops Feature Activity,2026-09-26T13:56:27+00:00
df14499d4fb90c48,2022-09-16,"Peppers, Bell Type",GREEN,each,,,,,No,,,,,,,,0.58,$/each,0.58,per each,Southcentral,retail,,,,,,,,503.0,3324,Weekly Grocery Store Specialty Crops Feature Activity,2026-09-26T13:56:27+00:00
5f34bf2cf79c389a,2022-09-16,"Peppers, Bell Type",ORANGE,each,,,,,No,,,,,,,,1.25,$/each,1.25,per each,Southcentral,retail,,,environment=Greenhouse,,,,,27.0,3324,Weekly Grocery Store Specialty Crops Feature Activity,2026-09-26T13:56:27+00:00
e9fb83eecd46c2ca,2022-09-16,"Peppers, Bell Type",ORANGE,each,,,,,No,,,,,,,,1.28,$/each,1.28,per each,Southcentral,retail,,,,,,,,628.0,3324,Weekly Grocery Store Specialty Crops Feature Activity,2026-09-26T13:56:27+00:00
d4425a83a3a05d1b,2022-09-16,"Peppers, Bell Type",RED,each,,,,,No,,,,,,,,1.27,$/each,1.27,per each,Southcentral,retail,,,,,,,,652.0,3324,Weekly Grocery Store Specialty Crops Feature Activity,2026-09-26T13:56:27+00:00
fe56796e63769cbd,2022-09-16,"Peppers, Bell Type",RED,each,,,,,No,,,,,,,,1.25,$/each,1.25,per each,Southcentral,retail,,,environment=Greenhouse,,,,,27.0,3324,Weekly Grocery Store Specialty Crops Feature Activity,2026-09-26T13:56:27+00:00
b6187ce33a3a0220,2022-09-16,"Peppers, Bell Type",YELLOW,each,,,,,No,,,,,,,,1.28,$/each,1.28,per each,Southcentral,retail,,,,,,,,628.0,3324,Weekly Grocery Store Specialty Crops Feature Activity,2026-09-26T13:56:27+00:00
eba2a4185c217f6c,2022-09-16,"Peppers, Bell Type",YELLOW,each,,,,,No,,,,,,,,1.25,$/each,1.25,per each,Southcentral,retail,,,environment=Greenhouse,,,,,27.0,3324,Weekly Grocery Store Specialty Crops Feature Activity,2026-09-26T13:56:27+00:00
95f30aa8c1242616,2022-09-16,Potatoes,ROUND RED,5 lb bag,,,,,No,,,,,,,,4.15,$/5 lb bag,0.83,per lb,Southcentral,retail,,,,,,,,79.0,3324,Weekly Grocery Store Specialty Crops Feature Activity,2026-09-26T13:56:27+00:00
ed925961b79cccd4,2022-09-16,Potatoes,ROUND RED,per lb,,,,,No,,,,,,,,1.29,$/per lb,1.29,per lb,Southcentral,retail,,,,,,,,310.0,3324,Weekly Grocery Store Specialty Crops Feature Activity,2026-09-26T13:56:27+00:00
a2b8e2ee6ab32197,2022-09-16,Potatoes,ROUND WHITE,5 lb bag,,,,,No,,,,,,,,3.49,$/5 lb bag,0.698,per lb,Southcentral,retail,,,,,,,,17.0,3324,Weekly Grocery Store Specialty Crops Feature Activity,2026-09-26T13:56:27+00:00
e1d2f4047fe32d09,2022-09-16,Potatoes,RUSSET,10 lb bag,,,,,No,,,,,,,,3.99,$/10 lb bag,0.399,per lb,Southcentral,retail,,,,,,,,78.0,3324,Weekly Grocery Store Specialty Crops Feature Activity,2026-09-26T13:56:27+00:00
6c015f9b8487cebd,2022-09-16,Potatoes,RUSSET,5 lb bag,,,,,No,,,,,,,,2.99,$/5 lb bag,0.598,per lb,Southcentral,retail,,,,,,,,76.0,3324,Weekly Grocery Store Specialty Crops Feature Activity,2026-09-26T13:56:27+00:00
396b9dceec610393,2022-09-16,Potatoes,RUSSET,per lb,,,,,Yes,,,,,,,,1.79,$/per lb,1.79,per lb,Southcentral,retail,,,,,,,,82.0,3324,Weekly Grocery Store Specialty Crops Feature Activity,2026-09-26T13:56:27+00:00
b8fdbfb2e1d4e0b4,2022-09-16,Potatoes,RUSSET,per lb,,,,,No,,,,,,,,1.29,$/per lb,1.29,per lb,Southcentral,retail,,,,,,,,6.0,3324,Weekly Grocery Store Specialty Crops Feature Activity,2026-09-26T13:56:27+00:00
714e3b94345d8db4,2022-09-16,Potatoes,YELLOW TYPE,per lb,,,,,No,,,,,,,,1.29,$/per lb,1.29,per lb,Southcentral,retail,,,,,,,,310.0,3324,Weekly Grocery Store Specialty Crops Feature Activity,2026-09-26T13:56:27+00:00
9725663c28ca380f,2022-09-16,Strawberries,,1 lb package,,,,,No,,,,,,,,3.78,$/1 lb package,3.78,per lb,Southcentral,retail,,,,,,,,117.0,3324,Weekly Grocery Store Specialty Crops Feature Activity,2026-09-26T13:56:27+00:00
e5aff7d4c11f9b40,2022-09-16,Strawberries,,1 lb package,,,,,Yes,,,,,,,,5.34,$/1 lb package,5.34,per lb,Southcentral,retail,,,,,,,,17.0,3324,Weekly Grocery Store Specialty Crops Feature Activity,2026-09-26T13:56:27+00:00
97b35ae3a031696d,2022-09-16,Tomatoes,,per lb,,,,,No,,,,,,,,1.82,$/per lb,1.82,per lb,Southcentral,retail,,,,,,,,168.0,3324,Weekly Grocery Store Specialty Crops Feature Activity,2026-09-26T13:56:27+00:00
c52affb2d8d7781c,2022-09-16,Tomatoes,,per lb,,,,,Yes,,,,,,,,2.59,$/per lb,2.59,per lb,Southcentral,retail,,,,,,,,82.0,3324,Weekly Grocery Store Specialty Crops Feature Activity,2026-09-26T13:56:27+00:00
5e2183be2c42a66a,2022-09-16,Tomatoes,GRAPE TYPE,10 oz package,,,,,No,,,,,,,,2.47,$/10 oz package,3.952,per lb,Southcentral,retail,,,,,,,,262.0,3324,Weekly Grocery Store Specialty Crops Feature Activity,2026-09-26T13:56:27+00:00
9c16f4257f5a485b,2022-09-16,Tomatoes,GRAPE TYPE,10 oz package,,,,,Yes,,,,,,,,2.99,$/10 oz package,4.784,per lb,Southcentral,retail,,,,,,,,10.0,3324,Weekly Grocery Store Specialty Crops Feature Activity,2026-09-26T13:56:27+00:00
058c5f94c4ee1eb1,2022-09-16,Tomatoes,Plum Type (Roma),per lb,,,,,No,,,,,,,,0.9,$/per lb,0.9,per lb,Southcentral,retail,,,,,,,,569.0,3324,Weekly Grocery Store Specialty Crops Feature Activity,2026-09-26T13:56:27+00:00
666c204c4086d6cc,2022-09-16,Tomatoes,VINE RIPES,per lb,,,,,No,,,,,,,,1.99,$/per lb,1.99,per lb,Southcentral,retail,,,environment=Greenhouse,,,,,27.0,3324,Weekly Grocery Store Specialty Crops Feature Activity,2026-09-26T13:56:27+00:00
ef3a25e8e9d17bc8,2022-09-16,Tomatoes,VINE RIPES,per lb,,,,,No,,,,,,,,1.99,$/per lb,1.99,per lb,Southcentral,retail,,,,,,,,40.0,3324,Weekly Grocery Store Specialty Crops Feature Activity,2026-09-26T13:56:27+00:00
1ec5497b74e2b21b,2022-09-16,Tomatoes,VINE RIPES - ON THE VINE,per lb,,,,,No,,,,,,,,1.12,$/per lb,1.12,per lb,Southcentral,retail,,,environment=Greenhouse,,,,,433.0,3324,Weekly Grocery Store Specialty Crops Feature Activity,2026-09-26T13:56:27+00:00
f3a2debf82c4b470,2022-09-16,Avocados,HASS,each,,,,,Yes,,,,,,,,2.5,$/each,2.5,per each,Southeast,retail,,,,,,,,220.0,3324,Weekly Grocery Store Specialty Crops Feature Activity,2026-09-26T13:56:27+00:00
fafc772dfaad5187,2022-09-16,Avocados,HASS,each,,,,,No,,,,,,,,1.0,$/each,1.0,per each,Southeast,retail,,,,,,,,3131.0,3324,Weekly Grocery Store Specialty Crops Feature Activity,2026-09-26T13:56:27+00:00
7b08509b89102a63,2022-09-16,Avocados,VARIOUS GREENSKIN VARIETIES,each,,,,,No,,,,,,,,1.5,$/each,1.5,per each,Southeast,retail,,,,,,,,2.0,3324,Weekly Grocery Store Specialty Crops Feature Activity,2026-09-26T13:56:27+00:00
7d4f28ea30d25a42,2022-09-16,Avocados,VARIOUS GREENSKIN VARIETIES,per lb,,,,,No,,,,,,,,0.89,$/per lb,0.89,per lb,Southeast,retail,,,,,,,,34.0,3324,Weekly Grocery Store Specialty Crops Feature Activity,2026-09-26T13:56:27+00:00
82cc426a015889c1,2022-09-16,Bananas,,per lb,,,,,No,,,,,,,,0.5,$/per lb,0.5,per lb,Southeast,retail,,,,,,,,36.0,3324,Weekly Grocery Store Specialty Crops Feature Activity,2026-09-26T13:56:27+00:00
f1b8568d25d3f3ab,2022-09-16,Blueberries,,1 pint package,,,,,No,,,,,,,,3.2,$/1 pint package,,,Southeast,retail,,,,,,,,397.0,3324,Weekly Grocery Store Specialty Crops Feature Activity,2026-09-26T13:56:27+00:00
65eaedc0672cc9df,2022-09-16,Blueberries,,18 oz package,,,,,No,,,,,,,,5.58,$/18 oz package,4.96,per lb,Southeast,retail,,,,,,,,201.0,3324,Weekly Grocery Store Specialty Crops Feature Activity,2026-09-26T13:56:27+00:00
1b7537aa49e183ab,2022-09-16,Blueberries,,6 oz package,,,,,Yes,,,,,,,,2.99,$/6 oz package,7.9733,per lb,Southeast,retail,,,,,,,,957.0,3324,Weekly Grocery Store Specialty Crops Feature Activity,2026-09-26T13:56:27+00:00
59125333c5fe71de,2022-09-16,Blueberries,,6 oz package,,,,,No,,,,,,,,3.39,$/6 oz package,9.04,per lb,Southeast,retail,,,,,,,,522.0,3324,Weekly Grocery Store Specialty Crops Feature Activity,2026-09-26T13:56:27+00:00
bc5c1f811ad25f8a,2022-09-16,Broccoli,,per bunch,,,,,No,,,,,,,,2.88,$/per bunch,,,Southeast,retail,,,,,,,,1281.0,3324,Weekly Grocery Store Specialty Crops Feature Activity,2026-09-26T13:56:27+00:00
4822947c2976c401,2022-09-16,Broccoli,CROWN CUT,per lb,,,,,No,,,,,,,,1.7,$/per lb,1.7,per lb,Southeast,retail,,,,,,,,163.0,3324,Weekly Grocery Store Specialty Crops Feature Activity,2026-09-26T13:56:27+00:00
eb27db34b3512fb5,2022-09-16,Carrots,,1 lb bag,,,,,No,,,,,,,,0.85,$/1 lb bag,0.85,per lb,Southeast,retail,,,,,,,,19.0,3324,Weekly Grocery Store Specialty Crops Feature Activity,2026-09-26T13:56:27+00:00
e2261c0eab6a0365,2022-09-16,Carrots,,2 lb bag,,,,,No,,,,,,,,1.53,$/2 lb bag,0.765,per lb,Southeast,retail,,,,,,,,314.0,3324,Weekly Grocery Store Specialty Crops Feature Activity,2026-09-26T13:56:27+00:00
1e9ed68eea78c79a,2022-09-16,Carrots,BABY PEELED,1 lb bag,,,,,Yes,,,,,,,,2.47,$/1 lb bag,2.47,per lb,Southeast,retail,,,,,,,,468.0,3324,Weekly Grocery Store Specialty Crops Feature Activity,2026-09-26T13:56:27+00:00
52e917bd7dad5e7e,2022-09-16,Carrots,BABY PEELED,1 lb bag,,,,,No,,,,,,,,1.0,$/1 lb bag,1.0,per lb,Southeast,retail,,,,,,,,1157.0,3324,Weekly Grocery Store Specialty Crops Feature Activity,2026-09-26T13:56:27+00:00
d22b1eafe06fa3df,2022-09-16,Carrots,BABY PEELED,2 lb bag,,,,,No,,,,,,,,2.51,$/2 lb bag,1.255,per lb,Southeast,retail,,,,,,,,462.0,3324,Weekly Grocery Store Specialty Crops Feature Activity,2026-09-26T13:56:27+00:00
52445e9559869080,2022-09-16,Celery,,each,,,,,No,,,,,,,,1.67,$/each,1.67,per each,Southeast,retail,,,,,,,,1205.0,3324,Weekly Grocery Store Specialty Crops Feature Activity,2026-09-26T13:56:27+00:00
e5e8e73ccb071dfa,2022-09-16,Celery,HEARTS,each,,,,,Yes,,,,,,,,3.49,$/each,3.49,per each,Southeast,retail,,,,,,,,78.0,3324,Weekly Grocery Store Specialty Crops Feature Activity,2026-09-26T13:56:27+00:00
e32b98ff3490d5d1,2022-09-16,Celery,HEARTS,per lb,,,,,Yes,,,,,,,,2.99,$/per lb,2.99,per lb,Southeast,retail,,,,,,,,15.0,3324,Weekly Grocery Store Specialty Crops Feature Activity,2026-09-26T13:56:27+00:00
2f309eda25a0ead4,2022-09-16,Cucumbers,,each,,,,,No,,,,,,,,0.53,$/each,0.53,per each,Southeast,retail,,,,,,,,1154.0,3324,Weekly Grocery Store Specialty Crops Feature Activity,2026-09-26T13:56:27+00:00
24f6fabbabac7f8c,2022-09-16,Cucumbers,LONG SEEDLESS,each,,,,,Yes,,,,,,,,1.51,$/each,1.51,per each,Southeast,retail,,,environment=Greenhouse,,,,,210.0,3324,Weekly Grocery Store Specialty Crops Feature Activity,2026-09-26T13:56:27+00:00
74c3031cf2fb0882,2022-09-16,Cucumbers,LONG SEEDLESS,each,,,,,No,,,,,,,,1.07,$/each,1.07,per each,Southeast,retail,,,environment=Greenhouse,,,,,52.0,3324,Weekly Grocery Store Specialty Crops Feature Activity,2026-09-26T13:56:27+00:00
dfd678a6b1d98488,2022-09-16,Grapes,BLACK SEEDLESS,per lb,,,,,No,,,,,,,,2.14,$/per lb,2.14,per lb,Southeast,retail,,,,,,,,109.0,3324,Weekly Grocery Store Specialty Crops Feature Activity,2026-09-26T13:56:27+00:00
ff88d4c9a161c6e8,2022-09-16,Grapes,BLACK SEEDLESS,per lb,,,,,Yes,,,,,,,,3.07,$/per lb,3.07,per lb,Southeast,retail,,,,,,,,506.0,3324,Weekly Grocery Store Specialty Crops Feature Activity,2026-09-26T13:56:27+00:00
70eeeb553ec2dfcb,2022-09-16,Grapes,RED SEEDLESS,per lb,,,,,Yes,,,,,,,,2.82,$/per lb,2.82,per lb,Southeast,retail,,,,,,,,2684.0,3324,Weekly Grocery Store Specialty Crops Feature Activity,2026-09-26T13:56:27+00:00
77e8d9d4fb7eb44b,2022-09-16,Grapes,RED SEEDLESS,per lb,,,,,No,,,,,,,,2.43,$/per lb,2.43,per lb,Southeast,retail,,,,,,,,1575.0,3324,Weekly Grocery Store Specialty Crops Feature Activity,2026-09-26T13:56:27+00:00
fa09cb09d127629b,2022-09-16,Grapes,Red Globe Seeded Type,per lb,,,,,No,,,,,,,,2.08,$/per lb,2.08,per lb,Southeast,retail,,,,,,,,74.0,3324,Weekly Grocery Store Specialty Crops Feature Activity,2026-09-26T13:56:27+00:00
0e97d61ad835406a,2022-09-16,Grapes,WHITE SEEDLESS TYPE,per lb,,,,,No,,,,,,,,2.24,$/per lb,2.24,per lb,Southeast,retail,,,,,,,,3239.0,3324,Weekly Grocery Store Specialty Crops Feature Activity,2026-09-26T13:56:27+00:00
bd05f263ea8c285f,2022-09-16,Grapes,WHITE SEEDLESS TYPE,per lb,,,,,Yes,,,,,,,,2.82,$/per lb,2.82,per lb,Southeast,retail,,,,,,,,2668.0,3324,Weekly Grocery Store Specialty Crops Feature Activity,2026-09-26T13:56:27+00:00
51801d69737d454e,2022-09-16,Lemons,,2 lb bag,,,,,No,,,,,,,,3.62,$/2 lb bag,1.81,per lb,Southeast,retail,,,,,,,,128.0,3324,Weekly Grocery Store Specialty Crops Feature Activity,2026-09-26T13:56:27+00:00
fcb232df2ed2261e,2022-09-16,Lemons,,each,,,,,No,,,,,,,,0.64,$/each,0.64,per each,Southeast,retail,,,,,,,,897.0,3324,Weekly Grocery Store Specialty Crops Feature Activity,2026-09-26T13:56:27+00:00
f4f0956e73c30fbd,2022-09-16,Lettuce,Iceberg,each,,,,,No,,,,,,,,1.4,$/each,1.4,per each,Southeast,retail,,,,,,,,8.0,3324,Weekly Grocery Store Specialty Crops Feature Activity,2026-09-26T13:56:27+00:00
ef5a1c756b0c3ccb,2022-09-16,Lettuce,Romaine (Hearts),3 count,,,,,No,,,,,,,,2.99,$/3 count,,,Southeast,retail,,,,,,,,220.0,3324,Weekly Grocery Store Specialty Crops Feature Activity,2026-09-26T13:56:27+00:00
904ee461d4536e86,2022-09-16,Limes,,each,,,,,No,,,,,,,,0.35,$/each,0.35,per each,Southeast,retail,,,,,,,,90.0,3324,Weekly Grocery Store Specialty Crops Feature Activity,2026-09-26T13:56:27+00:00
8ad7a780f82812e4,2022-09-16,"Onions, Dry",RED,per lb,,,,,No,,,,,,,,1.49,$/per lb,1.49,per lb,Southeast,retail,,,,,,,,22.0,3324,Weekly Grocery Store Specialty Crops Feature Activity,2026-09-26T13:56:27+00:00
03caa8c837e6f69b,2022-09-16,"Onions, Dry",WHITE,per lb,,,,,No,,,,,,,,1.49,$/per lb,1.49,per lb,Southeast,retail,,,,,,,,36.0,3324,Weekly Grocery Store Specialty Crops Feature Activity,2026-09-26T13:56:27+00:00
5e8222c2df9d87ef,2022-09-16,"Onions, Dry",YELLOW,2 lb bag,,,,,No,,,,,,,,1.5,$/2 lb bag,0.75,per lb,Southeast,retail,,,,,,,,136.0,3324,Weekly Grocery Store Specialty Crops Feature Activity,2026-09-26T13:56:27+00:00
7434586dcde68a0a,2022-09-16,"Onions, Dry",YELLOW,3 lb bag,,,,,No,,,,,,,,2.8,$/3 lb bag,0.9333,per lb,Southeast,retail,,,,,,,,221.0,3324,Weekly Grocery Store Specialty Crops Feature Activity,2026-09-26T13:56:27+00:00
3455ea834ea1af55,2022-09-16,"Onions, Dry",YELLOW,per lb,,,,,No,,,,,,,,1.49,$/per lb,1.49,per lb,Southeast,retail,,,,,,,,14.0,3324,Weekly Grocery Store Specialty Crops Feature Activity,2026-09-26T13:56:27+00:00
d59a1089a9e448e5,2022-09-16,"Onions, Dry",YELLOW MARKED SWEET,2 lb bag,,,,,No,,,,,,,,2.5,$/2 lb bag,1.25,per lb,Southeast,retail,,,,,,,,11.0,3324,Weekly Grocery Store Specialty Crops Feature Activity,2026-09-26T13:56:27+00:00
17a2e8b557f25124,2022-09-16,"Onions, Dry",YELLOW MARKED SWEET,3 lb bag,,,,,No,,,,,,,,3.88,$/3 lb bag,1.2933,per lb,Southeast,retail,,,,,,,,9.0,3324,Weekly Grocery Store Specialty Crops Feature Activity,2026-09-26T13:56:27+00:00
b829e668835b161f,2022-09-16,"Onions, Dry",YELLOW MARKED SWEET,per lb,,,,,No,,,,,,,,1.26,$/per lb,1.26,per lb,Southeast,retail,,,,,,,,1151.0,3324,Weekly Grocery Store Specialty Crops Feature Activity,2026-09-26T13:56:27+00:00
330b45fe7b57b78f,2022-09-16,"Peppers, Bell Type",GREEN,each,,,,,No,,,,,,,,0.81,$/each,0.81,per each,Southeast,retail,,,,,,,,1535.0,3324,Weekly Grocery Store Specialty Crops Feature Activity,2026-09-26T13:56:27+00:00
ac091e4225ca7046,2022-09-16,"Peppers, Bell Type",GREEN,per lb,,,,,No,,,,,,,,1.01,$/per lb,1.01,per lb,Southeast,retail,,,,,,,,20.0,3324,Weekly Grocery Store Specialty Crops Feature Activity,2026-09-26T13:56:27+00:00
1d0bd73b49fc67d5,2022-09-16,"Peppers, Bell Type",ORANGE,each,,,,,No,,,,,,,,1.4,$/each,1.4,per each,Southeast,retail,,,,,,,,715.0,3324,Weekly Grocery Store Specialty Crops Feature Activity,2026-09-26T13:56:27+00:00
624cd19e394f1404,2022-09-16,"Peppers, Bell Type",ORANGE,each,,,,,Yes,,,,,,,,1.99,$/each,1.99,per each,Southeast,retail,,,,,,,,957.0,3324,Weekly Grocery Store Specialty Crops Feature Activity,2026-09-26T13:56:27+00:00
a3e16602164c04b7,2022-09-16,"Peppers, Bell Type",ORANGE,each,,,,,No,,,,,,,,1.99,$/each,1.99,per each,Southeast,retail,,,environment=Greenhouse,,,,,78.0,3324,Weekly Grocery Store Specialty Crops Feature Activity,2026-09-26T13:56:27+00:00
81b54cd522aecae8,2022-09-16,"Peppers, Bell Type",RED,each,,,,,No,,,,,,,,1.4,$/each,1.4,per each,Southeast,retail,,,,,,,,715.0,3324,Weekly Grocery Store Specialty Crops Feature Activity,2026-09-26T13:56:27+00:00
dd08629b376cea35,2022-09-16,"Peppers, Bell Type",RED,each,,,,,No,,,,,,,,1.99,$/each,1.99,per each,Southeast,retail,,,environment=Greenhouse,,,,,78.0,3324,Weekly Grocery Store Specialty Crops Feature Activity,2026-09-26T13:56:27+00:00
ef688329fe48671d,2022-09-16,"Peppers, Bell Type",RED,each,,,,,Yes,,,,,,,,1.99,$/each,1.99,per each,Southeast,retail,,,,,,,,957.0,3324,Weekly Grocery Store Specialty Crops Feature Activity,2026-09-26T13:56:27+00:00
1a02b65cb4f3df7d,2022-09-16,"Peppers, Bell Type",RED,per lb,,,,,No,,,,,,,,1.98,$/per lb,1.98,per lb,Southeast,retail,,,,,,,,2.0,3324,Weekly Grocery Store Specialty Crops Feature Activity,2026-09-26T13:56:27+00:00
5cbd72769a1f0bc9,2022-09-16,"Peppers, Bell Type",YELLOW,each,,,,,No,,,,,,,,1.4,$/each,1.4,per each,Southeast,retail,,,,,,,,715.0,3324,Weekly Grocery Store Specialty Crops Feature Activity,2026-09-26T13:56:27+00:00
6a3c00ca982b992a,2022-09-16,"Peppers, Bell Type",YELLOW,each,,,,,Yes,,,,,,,,1.99,$/each,1.99,per each,Southeast,retail,,,,,,,,957.0,3324,Weekly Grocery Store Specialty Crops Feature Activity,2026-09-26T13:56:27+00:00
d11c8f30ff0e3fcd,2022-09-16,"Peppers, Bell Type",YELLOW,each,,,,,No,,,,,,,,1.99,$/each,1.99,per each,Southeast,retail,,,environment=Greenhouse,,,,,78.0,3324,Weekly Grocery Store Specialty Crops Feature Activity,2026-09-26T13:56:27+00:00
5224b2e99f6b13ec,2022-09-16,Potatoes,ROUND RED,3 lb bag,,,,,No,,,,,,,,2.99,$/3 lb bag,0.9967,per lb,Southeast,retail,,,,,,,,16.0,3324,Weekly Grocery Store Specialty Crops Feature Activity,2026-09-26T13:56:27+00:00
5fbd824b80a64b46,2022-09-16,Potatoes,ROUND RED,5 lb bag,,,,,No,,,,,,,,3.57,$/5 lb bag,0.714,per lb,Southeast,retail,,,,,,,,121.0,3324,Weekly Grocery Store Specialty Crops Feature Activity,2026-09-26T13:56:27+00:00
c68987c0a0cbc8f7,2022-09-16,Potatoes,ROUND RED,per lb,,,,,No,,,,,,,,0.99,$/per lb,0.99,per lb,Southeast,retail,,,,,,,,49.0,3324,Weekly Grocery Store Specialty Crops Feature Activity,2026-09-26T13:56:27+00:00
d0d60fc803a7c95d,2022-09-16,Potatoes,ROUND WHITE,5 lb bag,,,,,No,,,,,,,,4.5,$/5 lb bag,0.9,per lb,Southeast,retail,,,,,,,,11.0,3324,Weekly Grocery Store Specialty Crops Feature Activity,2026-09-26T13:56:27+00:00
e948a2364936482f,2022-09-16,Potatoes,RUSSET,5 lb bag,,,,,No,,,,,,,,3.47,$/5 lb bag,0.694,per lb,Southeast,retail,,,,,,,,186.0,3324,Weekly Grocery Store Specialty Crops Feature Activity,2026-09-26T13:56:27+00:00
17d97bfb11e1fb4d,2022-09-16,Potatoes,RUSSET,8 lb bag,,,,,No,,,,,,,,5.99,$/8 lb bag,0.7488,per lb,Southeast,retail,,,,,,,,32.0,3324,Weekly Grocery Store Specialty Crops Feature Activity,2026-09-26T13:56:27+00:00
7f94c435164b902c,2022-09-16,Potatoes,YELLOW TYPE,3 lb bag,,,,,Yes,,,,,,,,2.89,$/3 lb bag,0.9633,per lb,Southeast,retail,,,,,,,,957.0,3324,Weekly Grocery Store Specialty Crops Feature Activity,2026-09-26T13:56:27+00:00
929cfeadcaddf4ca,2022-09-16,Potatoes,YELLOW TYPE,5 lb bag,,,,,No,,,,,,,,3.99,$/5 lb bag,0.798,per lb,Southeast,retail,,,,,,,,4.0,3324,Weekly Grocery Store Specialty Crops Feature Activity,2026-09-26T13:56:27+00:00
9fd266bbc3a0b0b9,2022-09-16,Strawberries,,1 lb package,,,,,No,,,,,,,,3.27,$/1 lb package,3.27,per lb,Southeast,retail,,,,,,,,838.0,3324,Weekly Grocery Store Specialty Crops Feature Activity,2026-09-26T13:56:27+00:00
d4c600d949109b41,2022-09-16,Strawberries,,1 lb package,,,,,Yes,,,,,,,,4.99,$/1 lb package,4.99,per lb,Southeast,retail,,,,,,,,15.0,3324,Weekly Grocery Store Specialty Crops Feature Activity,2026-09-26T13:56:27+00:00
f73d5d9e0433f1e0,2022-09-16,Strawberries,,2 lb package,,,,,No,,,,,,,,6.99,$/2 lb package,3.495,per lb,Southeast,retail,,,,,,,,82.0,3324,Weekly Grocery Store Specialty Crops Feature Activity,2026-09-26T13:56:27+00:00
710a530b9728c123,2022-09-16,Tomatoes,,per lb,,,,,No,,,,,,,,1.25,$/per lb,1.25,per lb,Southeast,retail,,,,,,,,72.0,3324,Weekly Grocery Store Specialty Crops Feature Activity,2026-09-26T13:56:27+00:00
9aac64df21316a1e,2022-09-16,Tomatoes,Cherry Type,1 pint package,,,,,No,,,,,,,,3.0,$/1 pint package,,,Southeast,retail,,,,,,,,458.0,3324,Weekly Grocery Store Specialty Crops Feature Activity,2026-09-26T13:56:27+00:00
6fce5150121c7199,2022-09-16,Tomatoes,GRAPE TYPE,1 pint package,,,,,No,,,,,,,,2.47,$/1 pint package,,,Southeast,retail,,,,,,,,415.0,3324,Weekly Grocery Store Specialty Crops Feature Activity,2026-09-26T13:56:27+00:00
094833047be5a762,2022-09-16,Tomatoes,GRAPE TYPE,10 oz package,,,,,No,,,,,,,,2.48,$/10 oz package,3.968,per lb,Southeast,retail,,,,,,,,38.0,3324,Weekly Grocery Store Specialty Crops Feature Activity,2026-09-26T13:56:27+00:00
e2c762343e014a65,2022-09-16,Tomatoes,Plum Type (Roma),per lb,,,,,No,,,,,,,,1.17,$/per lb,1.17,per lb,Southeast,retail,,,,,,,,1172.0,3324,Weekly Grocery Store Specialty Crops Feature Activity,2026-09-26T13:56:27+00:00
5206eb8b5104db87,2022-09-16,Tomatoes,VINE RIPES,per lb,,,,,Yes,,,,,,,,2.49,$/per lb,2.49,per lb,Southeast,retail,,,,,,,,14.0,3324,Weekly Grocery Store Specialty Crops Feature Activity,2026-09-26T13:56:27+00:00
becd302ec8d30f6b,2022-09-16,Tomatoes,VINE RIPES,per lb,,,,,No,,,,,,,,1.75,$/per lb,1.75,per lb,Southeast,retail,,,,,,,,1064.0,3324,Weekly Grocery Store Specialty Crops Feature Activity,2026-09-26T13:56:27+00:00
fa54fa358d14204b,2022-09-16,Tomatoes,VINE RIPES,per lb,,,,,No,,,,,,,,1.96,$/per lb,1.96,per lb,Southeast,retail,,,environment=Greenhouse,,,,,495.0,3324,Weekly Grocery Store Specialty Crops Feature Activity,2026-09-26T13:56:27+00:00
48adf636ef910c5a,2022-09-16,Tomatoes,VINE RIPES - ON THE VINE,per lb,,,,,No,,,,,,,,1.58,$/per lb,1.58,per lb,Southeast,retail,,,environment=Greenhouse,,,,,1745.0,3324,Weekly Grocery Store Specialty Crops Feature Activity,2026-09-26T13:56:27+00:00
cf797877945619da,2022-09-16,Tomatoes,Vine Ripes - Heirloom Varieties,per lb,,,,,Yes,,,,,,,,5.99,$/per lb,5.99,per lb,Southeast,retail,,,environment=Greenhouse,,,,,38.0,3324,Weekly Grocery Store Specialty Crops Feature Activity,2026-09-26T13:56:27+00:00
1fa9ebdf921bd6fc,2022-09-16,Avocados,HASS,each,,,,,No,,,,,,,,1.11,$/each,1.11,per each,Southwest,retail,,,,,,,,2018.0,3324,Weekly Grocery Store Specialty Crops Feature Activity,2026-09-26T13:56:27+00:00
b229e3002c40f3f6,2022-09-16,Avocados,HASS,each,,,,,Yes,,,,,,,,2.51,$/each,2.51,per each,Southwest,retail,,,,,,,,743.0,3324,Weekly Grocery Store Specialty Crops Feature Activity,2026-09-26T13:56:27+00:00
33964273cace6431,2022-09-16,Bananas,,per lb,,,,,Yes,,,,,,,,0.92,$/per lb,0.92,per lb,Southwest,retail,,,,,,,,30.0,3324,Weekly Grocery Store Specialty Crops Feature Activity,2026-09-26T13:56:27+00:00
6b4a399d35b95d50,2022-09-16,Bananas,,per lb,,,,,No,,,,,,,,0.52,$/per lb,0.52,per lb,Southwest,retail,,,,,,,,101.0,3324,Weekly Grocery Store Specialty Crops Feature Activity,2026-09-26T13:56:27+00:00
c47e45d893cc3e95,2022-09-16,Blueberries,,1 pint package,,,,,Yes,,,,,,,,3.98,$/1 pint package,,,Southwest,retail,,,,,,,,146.0,3324,Weekly Grocery Store Specialty Crops Feature Activity,2026-09-26T13:56:27+00:00
c8c6b71ef95cc9ac,2022-09-16,Blueberries,,18 oz package,,,,,No,,,,,,,,6.56,$/18 oz package,5.8311,per lb,Southwest,retail,,,,,,,,542.0,3324,Weekly Grocery Store Specialty Crops Feature Activity,2026-09-26T13:56:27+00:00
0864bb096f5469ba,2022-09-16,Blueberries,,6 oz package,,,,,No,,,,,,,,3.26,$/6 oz package,8.6933,per lb,Southwest,retail,,,,,,,,624.0,3324,Weekly Grocery Store Specialty Crops Feature Activity,2026-09-26T13:56:27+00:00
142df77070d32db0,2022-09-16,Blueberries,,6 oz package,,,,,Yes,,,,,,,,3.0,$/6 oz package,8.0,per lb,Southwest,retail,,,,,,,,12.0,3324,Weekly Grocery Store Specialty Crops Feature Activity,2026-09-26T13:56:27+00:00
cce2b17851ada9fc,2022-09-16,Broccoli,,per bunch,,,,,Yes,,,,,,,,2.99,$/per bunch,,,Southwest,retail,,,,,,,,1.0,3324,Weekly Grocery Store Specialty Crops Feature Activity,2026-09-26T13:56:27+00:00
5ff371c883ea6cf2,2022-09-16,Broccoli,,per lb,,,,,Yes,,,,,,,,1.99,$/per lb,1.99,per lb,Southwest,retail,,,,,,,,546.0,3324,Weekly Grocery Store Specialty Crops Feature Activity,2026-09-26T13:56:27+00:00
6218df3d7ede4ef0,2022-09-16,Broccoli,,per lb,,,,,No,,,,,,,,0.92,$/per lb,0.92,per lb,Southwest,retail,,,,,,,,154.0,3324,Weekly Grocery Store Specialty Crops Feature Activity,2026-09-26T13:56:27+00:00
42ac1125dc53f4af,2022-09-16,Broccoli,BABY HYBRID TYPE,per bunch,,,,,Yes,,,,,,,,3.99,$/per bunch,,,Southwest,retail,,,,,,,,53.0,3324,Weekly Grocery Store Specialty Crops Feature Activity,2026-09-26T13:56:27+00:00
120ce54ede78811f,2022-09-16,Broccoli,CROWN CUT,per lb,,,,,Yes,,,,,,,,1.99,$/per lb,1.99,per lb,Southwest,retail,,,,,,,,12.0,3324,Weekly Grocery Store Specialty Crops Feature Activity,2026-09-26T13:56:27+00:00
9faa868454a98cd0,2022-09-16,Broccoli,CROWN CUT,per lb,,,,,No,,,,,,,,1.96,$/per lb,1.96,per lb,Southwest,retail,,,,,,,,336.0,3324,Weekly Grocery Store Specialty Crops Feature Activity,2026-09-26T13:56:27+00:00
d9c57eeb925fefc9,2022-09-16,Carrots,,1 lb bag,,,,,No,,,,,,,,0.59,$/1 lb bag,0.59,per lb,Southwest,retail,,,,,,,,47.0,3324,Weekly Grocery Store Specialty Crops Feature Activity,2026-09-26T13:56:27+00:00
718507b0a7c068a9,2022-09-16,Carrots,,per lb,,,,,No,,,,,,,,0.54,$/per lb,0.54,per lb,Southwest,retail,,,,,,,,113.0,3324,Weekly Grocery Store Specialty Crops Feature Activity,2026-09-26T13:56:27+00:00
34dfe1dfb93adedc,2022-09-16,Carrots,BABY PEELED,1 lb bag,,,,,No,,,,,,,,1.36,$/1 lb bag,1.36,per lb,Southwest,retail,,,,,,,,211.0,3324,Weekly Grocery Store Specialty Crops Feature Activity,2026-09-26T13:56:27+00:00
c77e30ea72a9cb8e,2022-09-16,Carrots,BABY PEELED,2 lb bag,,,,,No,,,,,,,,2.5,$/2 lb bag,1.25,per lb,Southwest,retail,,,,,,,,264.0,3324,Weekly Grocery Store Specialty Crops Feature Activity,2026-09-26T13:56:27+00:00
2410c44e303da9f7,2022-09-16,Celery,,each,,,,,No,,,,,,,,0.83,$/each,0.83,per each,Southwest,retail,,,,,,,,247.0,3324,Weekly Grocery Store Specialty Crops Feature Activity,2026-09-26T13:56:27+00:00
1bec5b0a05abea08,2022-09-16,Celery,HEARTS,each,,,,,Yes,,,,,,,,2.5,$/each,2.5,per each,Southwest,retail,,,,,,,,11.0,3324,Weekly Grocery Store Specialty Crops Feature Activity,2026-09-26T13:56:27+00:00
2281218ab4e9742a,2022-09-16,Cucumbers,,each,,,,,No,,,,,,,,0.59,$/each,0.59,per each,Southwest,retail,,,,,,,,394.0,3324,Weekly Grocery Store Specialty Crops Feature Activity,2026-09-26T13:56:27+00:00
b8977d8a5dca200f,2022-09-16,Cucumbers,,each,,,,,Yes,,,,,,,,0.99,$/each,0.99,per each,Southwest,retail,,,,,,,,12.0,3324,Weekly Grocery Store Specialty Crops Feature Activity,2026-09-26T13:56:27+00:00
b4847ed5368ae3bb,2022-09-16,Cucumbers,,per lb,,,,,No,,,,,,,,1.29,$/per lb,1.29,per lb,Southwest,retail,,,,,,,,10.0,3324,Weekly Grocery Store Specialty Crops Feature Activity,2026-09-26T13:56:27+00:00
59641f1d57a345a3,2022-09-16,Grapes,BLACK SEEDLESS,per lb,,,,,No,,,,,,,,2.33,$/per lb,2.33,per lb,Southwest,retail,,,,,,,,525.0,3324,Weekly Grocery Store Specialty Crops Feature Activity,2026-09-26T13:56:27+00:00
83b725a94ca13737,2022-09-16,Grapes,BLACK SEEDLESS,per lb,,,,,Yes,,,,,,,,3.99,$/per lb,3.99,per lb,Southwest,retail,,,,,,,,53.0,3324,Weekly Grocery Store Specialty Crops Feature Activity,2026-09-26T13:56:27+00:00
142c6e259f4e0017,2022-09-16,Grapes,RED SEEDLESS,per lb,,,,,Yes,,,,,,,,3.15,$/per lb,3.15,per lb,Southwest,retail,,,,,,,,747.0,3324,Weekly Grocery Store Specialty Crops Feature Activity,2026-09-26T13:56:27+00:00
dc6073fad9f068fb,2022-09-16,Grapes,RED SEEDLESS,per lb,,,,,No,,,,,,,,2.55,$/per lb,2.55,per lb,Southwest,retail,,,,,,,,1575.0,3324,Weekly Grocery Store Specialty Crops Feature Activity,2026-09-26T13:56:27+00:00
1d5c851e74a3bd37,2022-09-16,Grapes,WHITE SEEDLESS TYPE,per lb,,,,,Yes,,,,,,,,3.15,$/per lb,3.15,per lb,Southwest,retail,,,,,,,,734.0,3324,Weekly Grocery Store Specialty Crops Feature Activity,2026-09-26T13:56:27+00:00
23ece97e488e4d8a,2022-09-16,Grapes,WHITE SEEDLESS TYPE,per lb,,,,,No,,,,,,,,2.4,$/per lb,2.4,per lb,Southwest,retail,,,,,,,,1818.0,3324,Weekly Grocery Store Specialty Crops Feature Activity,2026-09-26T13:56:27+00:00
6966d6ed253e335f,2022-09-16,Lemons,,2 lb bag,,,,,No,,,,,,,,2.98,$/2 lb bag,1.49,per lb,Southwest,retail,,,,,,,,146.0,3324,Weekly Grocery Store Specialty Crops Feature Activity,2026-09-26T13:56:27+00:00
86d1e962c8258528,2022-09-16,Lemons,,each,,,,,No,,,,,,,,0.75,$/each,0.75,per each,Southwest,retail,,,,,,,,421.0,3324,Weekly Grocery Store Specialty Crops Feature Activity,2026-09-26T13:56:27+00:00
0f126ce708dcf003,2022-09-16,Lemons,,per lb,,,,,No,,,,,,,,0.82,$/per lb,0.82,per lb,Southwest,retail,,,,,,,,60.0,3324,Weekly Grocery Store Specialty Crops Feature Activity,2026-09-26T13:56:27+00:00
4aed082688fca065,2022-09-16,Lettuce,Green Leaf,each,,,,,Yes,,,,,,,,1.79,$/each,1.79,per each,Southwest,retail,,,,,,,,18.0,3324,Weekly Grocery Store Specialty Crops Feature Activity,2026-09-26T13:56:27+00:00
9c07aade85cd15c3,2022-09-16,Lettuce,Iceberg,each,,,,,No,,,,,,,,1.5,$/each,1.5,per each,Southwest,retail,,,,,,,,5.0,3324,Weekly Grocery Store Specialty Crops Feature Activity,2026-09-26T13:56:27+00:00
f7f1c71ca5eac4c6,2022-09-16,Lettuce,Red Leaf,each,,,,,Yes,,,,,,,,1.79,$/each,1.79,per each,Southwest,retail,,,,,,,,18.0,3324,Weekly Grocery Store Specialty Crops Feature Activity,2026-09-26T13:56:27+00:00
d12649c543b3ad5b,2022-09-16,Lettuce,Romaine (Hearts),3 count,,,,,No,,,,,,,,3.99,$/3 count,,,Southwest,retail,,,,,,,,9.0,3324,Weekly Grocery Store Specialty Crops Feature Activity,2026-09-26T13:56:27+00:00
f6eaba8158cee7c6,2022-09-16,Limes,,each,,,,,No,,,,,,,,0.31,$/each,0.31,per each,Southwest,retail,,,,,,,,217.0,3324,Weekly Grocery Store Specialty Crops Feature Activity,2026-09-26T13:56:27+00:00
ce16dcba33c4aeb7,2022-09-16,Limes,,per lb,,,,,No,,,,,,,,0.85,$/per lb,0.85,per lb,Southwest,retail,,,,,,,,171.0,3324,Weekly Grocery Store Specialty Crops Feature Activity,2026-09-26T13:56:27+00:00
7565af4f1d5583ee,2022-09-16,"Onions, Dry",RED,per lb,,,,,No,,,,,,,,1.4,$/per lb,1.4,per lb,Southwest,retail,,,,,,,,280.0,3324,Weekly Grocery Store Specialty Crops Feature Activity,2026-09-26T13:56:27+00:00
d940749a647340a9,2022-09-16,"Onions, Dry",WHITE,per lb,,,,,No,,,,,,,,1.25,$/per lb,1.25,per lb,Southwest,retail,,,,,,,,4.0,3324,Weekly Grocery Store Specialty Crops Feature Activity,2026-09-26T13:56:27+00:00
fb9a1ba0addec2c3,2022-09-16,"Onions, Dry",WHITE,per lb,,,,,Yes,,,,,,,,1.99,$/per lb,1.99,per lb,Southwest,retail,,,,,,,,4.0,3324,Weekly Grocery Store Specialty Crops Feature Activity,2026-09-26T13:56:27+00:00
25420bf9fb883a9c,2022-09-16,"Onions, Dry",YELLOW,2 lb bag,,,,,Yes,,,,,,,,2.99,$/2 lb bag,1.495,per lb,Southwest,retail,,,,,,,,171.0,3324,Weekly Grocery Store Specialty Crops Feature Activity,2026-09-26T13:56:27+00:00
245903afd0c23f9c,2022-09-16,"Onions, Dry",YELLOW,per lb,,,,,Yes,,,,,,,,1.19,$/per lb,1.19,per lb,Southwest,retail,,,,,,,,18.0,3324,Weekly Grocery Store Specialty Crops Feature Activity,2026-09-26T13:56:27+00:00
30ed1a8a8b52da77,2022-09-16,"Onions, Dry",YELLOW,per lb,,,,,No,,,,,,,,0.56,$/per lb,0.56,per lb,Southwest,retail,,,,,,,,88.0,3324,Weekly Grocery Store Specialty Crops Feature Activity,2026-09-26T13:56:27+00:00
4837ad9af1b73d4b,2022-09-16,"Onions, Dry",YELLOW MARKED SWEET,per lb,,,,,No,,,,,,,,0.6,$/per lb,0.6,per lb,Southwest,retail,,,,,,,,31.0,3324,Weekly Grocery Store Specialty Crops Feature Activity,2026-09-26T13:56:27+00:00
f86ece68d79819ee,2022-09-16,"Peppers, Bell Type",GREEN,each,,,,,No,,,,,,,,0.65,$/each,0.65,per each,Southwest,retail,,,,,,,,54.0,3324,Weekly Grocery Store Specialty Crops Feature Activity,2026-09-26T13:56:27+00:00
55b6018fbd8bbf56,2022-09-16,"Peppers, Bell Type",GREEN,per lb,,,,,No,,,,,,,,1.89,$/per lb,1.89,per lb,Southwest,retail,,,,,,,,8.0,3324,Weekly Grocery Store Specialty Crops Feature Activity,2026-09-26T13:56:27+00:00
60d873a2509dabe5,2022-09-16,"Peppers, Bell Type",ORANGE,each,,,,,No,,,,,,,,1.16,$/each,1.16,per each,Southwest,retail,,,,,,,,494.0,3324,Weekly Grocery Store Specialty Crops Feature Activity,2026-09-26T13:56:27+00:00
6e66ff8c872144f9,2022-09-16,"Peppers, Bell Type",RED,each,,,,,No,,,,,,,,1.08,$/each,1.08,per each,Southwest,retail,,,,,,,,766.0,3324,Weekly Grocery Store Specialty Crops Feature Activity,2026-09-26T13:56:27+00:00
a7ef838e96b503a1,2022-09-16,"Peppers, Bell Type",RED,per lb,,,,,No,,,,,,,,3.29,$/per lb,3.29,per lb,Southwest,retail,,,,,,,,8.0,3324,Weekly Grocery Store Specialty Crops Feature Activity,2026-09-26T13:56:27+00:00
289befd291ae8ab8,2022-09-16,"Peppers, Bell Type",YELLOW,each,,,,,No,,,,,,,,1.16,$/each,1.16,per each,Southwest,retail,,,,,,,,494.0,3324,Weekly Grocery Store Specialty Crops Feature Activity,2026-09-26T13:56:27+00:00
c6978ab217a84725,2022-09-16,Potatoes,ROUND RED,per lb,,,,,No,,,,,,,,0.88,$/per lb,0.88,per lb,Southwest,retail,,,,,,,,145.0,3324,Weekly Grocery Store Specialty Crops Feature Activity,2026-09-26T13:56:27+00:00
b6113482ef2d2adb,2022-09-16,Potatoes,ROUND WHITE,10 lb bag,,,,,No,,,,,,,,5.99,$/10 lb bag,0.599,per lb,Southwest,retail,,,,,,,,11.0,3324,Weekly Grocery Store Specialty Crops Feature Activity,2026-09-26T13:56:27+00:00
65a3d1cbb4c96131,2022-09-16,Potatoes,ROUND WHITE,per lb,,,,,No,,,,,,,,1.59,$/per lb,1.59,per lb,Southwest,retail,,,,,,,,10.0,3324,Weekly Grocery Store Specialty Crops Feature Activity,2026-09-26T13:56:27+00:00
080aa88c06dae76d,2022-09-16,Potatoes,RUSSET,10 lb bag,,,,,No,,,,,,,,1.99,$/10 lb bag,0.199,per lb,Southwest,retail,,,,,,,,7.0,3324,Weekly Grocery Store Specialty Crops Feature Activity,2026-09-26T13:56:27+00:00
28dc82206db4e11a,2022-09-16,Potatoes,RUSSET,3 lb bag,,,,,Yes,,,,,,,,4.49,$/3 lb bag,1.4967,per lb,Southwest,retail,,,,,,,,12.0,3324,Weekly Grocery Store Specialty Crops Feature Activity,2026-09-26T13:56:27+00:00
5067667012ea01f3,2022-09-16,Potatoes,RUSSET,5 lb bag,,,,,Yes,,,,,,,,3.99,$/5 lb bag,0.798,per lb,Southwest,retail,,,,,,,,171.0,3324,Weekly Grocery Store Specialty Crops Feature Activity,2026-09-26T13:56:27+00:00
8acf638380826f5a,2022-09-16,Potatoes,RUSSET,5 lb bag,,,,,No,,,,,,,,1.99,$/5 lb bag,0.398,per lb,Southwest,retail,,,,,,,,40.0,3324,Weekly Grocery Store Specialty Crops Feature Activity,2026-09-26T13:56:27+00:00
cb371d68cb3b1355,2022-09-16,Potatoes,RUSSET,8 lb bag,,,,,No,,,,,,,,0.99,$/8 lb bag,0.1237,per lb,Southwest,retail,,,,,,,,10.0,3324,Weekly Grocery Store Specialty Crops Feature Activity,2026-09-26T13:56:27+00:00
9e184addd012f1a2,2022-09-16,Potatoes,RUSSET,per lb,,,,,Yes,,,,,,,,1.79,$/per lb,1.79,per lb,Southwest,retail,,,,,,,,22.0,3324,Weekly Grocery Store Specialty Crops Feature Activity,2026-09-26T13:56:27+00:00
d0c2e986bf3dce0a,2022-09-16,Potatoes,YELLOW TYPE,per lb,,,,,No,,,,,,,,0.88,$/per lb,0.88,per lb,Southwest,retail,,,,,,,,47.0,3324,Weekly Grocery Store Specialty Crops Feature Activity,2026-09-26T13:56:27+00:00
b24324babdde8ac1,2022-09-16,Strawberries,,1 lb package,,,,,No,,,,,,,,3.26,$/1 lb package,3.26,per lb,Southwest,retail,,,,,,,,33.0,3324,Weekly Grocery Store Specialty Crops Feature Activity,2026-09-26T13:56:27+00:00
c647399c673c44d7,2022-09-16,Strawberries,,1 lb package,,,,,Yes,,,,,,,,4.99,$/1 lb package,4.99,per lb,Southwest,retail,,,,,,,,256.0,3324,Weekly Grocery Store Specialty Crops Feature Activity,2026-09-26T13:56:27+00:00
5412838b03f8bdaa,2022-09-16,Tomatoes,,per lb,,,,,No,,,,,,,,1.81,$/per lb,1.81,per lb,Southwest,retail,,,,,,,,809.0,3324,Weekly Grocery Store Specialty Crops Feature Activity,2026-09-26T13:56:27+00:00
d1186d45cdd00adf,2022-09-16,Tomatoes,,per lb,,,,,Yes,,,,,,,,2.96,$/per lb,2.96,per lb,Southwest,retail,,,,,,,,170.0,3324,Weekly Grocery Store Specialty Crops Feature Activity,2026-09-26T13:56:27+00:00
b31cca31e7b78d1d,2022-09-16,Tomatoes,Cherry Type,1 pint package,,,,,Yes,,,,,,,,2.99,$/1 pint package,,,Southwest,retail,,,,,,,,171.0,3324,Weekly Grocery Store Specialty Crops Feature Activity,2026-09-26T13:56:27+00:00
d618860bbe52e9d5,2022-09-16,Tomatoes,GRAPE TYPE,1 pint package,,,,,Yes,,,,,,,,2.79,$/1 pint package,,,Southwest,retail,,,,,,,,236.0,3324,Weekly Grocery Store Specialty Crops Feature Activity,2026-09-26T13:56:27+00:00
b3d3b5444c8ddc30,2022-09-16,Tomatoes,GRAPE TYPE,10 oz package,,,,,Yes,,,,,,,,2.99,$/10 oz package,4.784,per lb,Southwest,retail,,,,,,,,14.0,3324,Weekly Grocery Store Specialty Crops Feature Activity,2026-09-26T13:56:27+00:00
7a13d833d1a4b123,2022-09-16,Tomatoes,Plum Type (Roma),per lb,,,,,No,,,,,,,,0.99,$/per lb,0.99,per lb,Southwest,retail,,,,,,,,558.0,3324,Weekly Grocery Store Specialty Crops Feature Activity,2026-09-26T13:56:27+00:00
510d24b8c85b6b96,2022-09-16,Tomatoes,VINE RIPES - ON THE VINE,per lb,,,,,Yes,,,,,,,,2.48,$/per lb,2.48,per lb,Southwest,retail,,,environment=Greenhouse,,,,,146.0,3324,Weekly Grocery Store Specialty Crops Feature Activity,2026-09-26T13:56:27+00:00
91202aac501048b2,2022-09-16,Tomatoes,VINE RIPES - ON THE VINE,per lb,,,,,No,,,,,,,,1.87,$/per lb,1.87,per lb,Southwest,retail,,,environment=Greenhouse,,,,,698.0,3324,Weekly Grocery Store Specialty Crops Feature Activity,2026-09-26T13:56:27+00:00
b9d6cd19c580b293,2022-09-16,Tomatoes,Vine Ripes - Heirloom Varieties,per lb,,,,,Yes,,,,,,,,5.45,$/per lb,5.45,per lb,Southwest,retail,,,environment=Greenhouse,,,,,78.0,3324,Weekly Grocery Store Specialty Crops Feature Activity,2026-09-26T13:56:27+00:00
e01d1121a80d895c,2022-09-23,Avocados,HASS,each,,,,,No,,,,,,,,2.0,$/each,2.0,per each,Alaska,retail,,,,,,,,22.0,3324,Weekly Grocery Store Specialty Crops Feature Activity,2026-09-26T13:56:27+00:00
b64ec39d4ef7ca62,2022-09-23,Blueberries,,18 oz package,,,,,No,,,,,,,,6.99,$/18 oz package,6.2133,per lb,Alaska,retail,,,,,,,,1.0,3324,Weekly Grocery Store Specialty Crops Feature Activity,2026-09-26T13:56:27+00:00
c8ea9576628c58ab,2022-09-23,Blueberries,,6 oz package,,,,,No,,,,,,,,2.5,$/6 oz package,6.6667,per lb,Alaska,retail,,,,,,,,37.0,3324,Weekly Grocery Store Specialty Crops Feature Activity,2026-09-26T13:56:27+00:00
a9639948536746ac,2022-09-23,Broccoli,,per lb,,,,,Yes,,,,,,,,2.69,$/per lb,2.69,per lb,Alaska,retail,,,,,,,,26.0,3324,Weekly Grocery Store Specialty Crops Feature Activity,2026-09-26T13:56:27+00:00
d402a2b97106a22e,2022-09-23,Carrots,BABY PEELED,2 lb bag,,,,,No,,,,,,,,3.06,$/2 lb bag,1.53,per lb,Alaska,retail,,,,,,,,3.0,3324,Weekly Grocery Store Specialty Crops Feature Activity,2026-09-26T13:56:27+00:00
dd19fa29c28a7e25,2022-09-23,Celery,,each,,,,,No,,,,,,,,1.99,$/each,1.99,per each,Alaska,retail,,,,,,,,1.0,3324,Weekly Grocery Store Specialty Crops Feature Activity,2026-09-26T13:56:27+00:00
77f1a1e57688d67e,2022-09-23,Cucumbers,,each,,,,,Yes,,,,,,,,1.5,$/each,1.5,per each,Alaska,retail,,,,,,,,1.0,3324,Weekly Grocery Store Specialty Crops Feature Activity,2026-09-26T13:56:27+00:00
e32f723c2dd21e7b,2022-09-23,Cucumbers,LONG SEEDLESS,each,,,,,No,,,,,,,,2.19,$/each,2.19,per each,Alaska,retail,,,environment=Greenhouse,,,,,11.0,3324,Weekly Grocery Store Specialty Crops Feature Activity,2026-09-26T13:56:27+00:00
191b4b8f92e38b73,2022-09-23,Grapes,BLACK SEEDLESS,per lb,,,,,No,,,,,,,,2.49,$/per lb,2.49,per lb,Alaska,retail,,,,,,,,26.0,3324,Weekly Grocery Store Specialty Crops Feature Activity,2026-09-26T13:56:27+00:00
8f2380861c299d3b,2022-09-23,Grapes,BLACK SEEDLESS,per lb,,,,,Yes,,,,,,,,3.99,$/per lb,3.99,per lb,Alaska,retail,,,,,,,,11.0,3324,Weekly Grocery Store Specialty Crops Feature Activity,2026-09-26T13:56:27+00:00
42045915263b1d85,2022-09-23,Grapes,RED SEEDLESS,per lb,,,,,Yes,,,,,,,,3.99,$/per lb,3.99,per lb,Alaska,retail,,,,,,,,11.0,3324,Weekly Grocery Store Specialty Crops Feature Activity,2026-09-26T13:56:27+00:00
615c2182a9f589a8,2022-09-23,Grapes,RED SEEDLESS,per lb,,,,,No,,,,,,,,2.67,$/per lb,2.67,per lb,Alaska,retail,,,,,,,,40.0,3324,Weekly Grocery Store Specialty Crops Feature Activity,2026-09-26T13:56:27+00:00
4c4a25af40c53962,2022-09-23,Grapes,WHITE SEEDLESS TYPE,per lb,,,,,No,,,,,,,,2.67,$/per lb,2.67,per lb,Alaska,retail,,,,,,,,40.0,3324,Weekly Grocery Store Specialty Crops Feature Activity,2026-09-26T13:56:27+00:00
9f44e20e9e603834,2022-09-23,Grapes,WHITE SEEDLESS TYPE,per lb,,,,,Yes,,,,,,,,3.99,$/per lb,3.99,per lb,Alaska,retail,,,,,,,,11.0,3324,Weekly Grocery Store Specialty Crops Feature Activity,2026-09-26T13:56:27+00:00
790a7872cdd132fe,2022-09-23,Lemons,,each,,,,,Yes,,,,,,,,1.29,$/each,1.29,per each,Alaska,retail,,,,,,,,1.0,3324,Weekly Grocery Store Specialty Crops Feature Activity,2026-09-26T13:56:27+00:00
b423004fcd02e91f,2022-09-23,Lettuce,Green Leaf,each,,,,,No,,,,,,,,1.99,$/each,1.99,per each,Alaska,retail,,,,,,,,26.0,3324,Weekly Grocery Store Specialty Crops Feature Activity,2026-09-26T13:56:27+00:00
cd2915d18a10cac4,2022-09-23,Lettuce,Iceberg,each,,,,,No,,,,,,,,3.11,$/each,3.11,per each,Alaska,retail,,,,,,,,59.0,3324,Weekly Grocery Store Specialty Crops Feature Activity,2026-09-26T13:56:27+00:00
8224b88c0716a4a5,2022-09-23,Lettuce,Red Leaf,each,,,,,No,,,,,,,,1.99,$/each,1.99,per each,Alaska,retail,,,,,,,,26.0,3324,Weekly Grocery Store Specialty Crops Feature Activity,2026-09-26T13:56:27+00:00
8a2e61fa6f7a9f11,2022-09-23,Lettuce,Romaine,each,,,,,Yes,,,,,,,,3.49,$/each,3.49,per each,Alaska,retail,,,,,,,,1.0,3324,Weekly Grocery Store Specialty Crops Feature Activity,2026-09-26T13:56:27+00:00
8b81e44e29bc6f77,2022-09-23,Lettuce,Romaine,each,,,,,No,,,,,,,,1.99,$/each,1.99,per each,Alaska,retail,,,,,,,,26.0,3324,Weekly Grocery Store Specialty Crops Feature Activity,2026-09-26T13:56:27+00:00
2e84ed5bf698e5c1,2022-09-23,Lettuce,Romaine (Hearts),3 count,,,,,No,,,,,,,,6.99,$/3 count,,,Alaska,retail,,,,,,,,33.0,3324,Weekly Grocery Store Specialty Crops Feature Activity,2026-09-26T13:56:27+00:00
2d192151f3bb4995,2022-09-23,"Onions, Dry",YELLOW,per lb,,,,,No,,,,,,,,1.06,$/per lb,1.06,per lb,Alaska,retail,,,,,,,,3.0,3324,Weekly Grocery Store Specialty Crops Feature Activity,2026-09-26T13:56:27+00:00
7f6d10d5f76749d0,2022-09-23,"Onions, Dry",YELLOW MARKED SWEET,per lb,,,,,No,,,,,,,,1.79,$/per lb,1.79,per lb,Alaska,retail,,,,,,,,11.0,3324,Weekly Grocery Store Specialty Crops Feature Activity,2026-09-26T13:56:27+00:00
ecffdba5c748ba33,2022-09-23,"Peppers, Bell Type",ORANGE,each,,,,,No,,,,,,,,1.64,$/each,1.64,per each,Alaska,retail,,,,,,,,44.0,3324,Weekly Grocery Store Specialty Crops Feature Activity,2026-09-26T13:56:27+00:00
f019c74a9cbbdc17,2022-09-23,"Peppers, Bell Type",RED,each,,,,,No,,,,,,,,1.64,$/each,1.64,per each,Alaska,retail,,,,,,,,44.0,3324,Weekly Grocery Store Specialty Crops Feature Activity,2026-09-26T13:56:27+00:00
251f5c641d256f8a,2022-09-23,"Peppers, Bell Type",YELLOW,each,,,,,No,,,,,,,,1.64,$/each,1.64,per each,Alaska,retail,,,,,,,,44.0,3324,Weekly Grocery Store Specialty Crops Feature Activity,2026-09-26T13:56:27+00:00
c180a9d9be35fe2e,2022-09-23,Potatoes,ROUND RED,5 lb bag,,,,,No,,,,,,,,5.49,$/5 lb bag,1.098,per lb,Alaska,retail,,,,,,,,2.0,3324,Weekly Grocery Store Specialty Crops Feature Activity,2026-09-26T13:56:27+00:00
2775e7a453e5e306,2022-09-23,Potatoes,ROUND RED,per lb,,,,,No,,,,,,,,0.99,$/per lb,0.99,per lb,Alaska,retail,,,,,,,,26.0,3324,Weekly Grocery Store Specialty Crops Feature Activity,2026-09-26T13:56:27+00:00
c0e5c256d4bf1241,2022-09-23,Potatoes,RUSSET,5 lb bag,,,,,No,,,,,,,,4.0,$/5 lb bag,0.8,per lb,Alaska,retail,,,,,,,,12.0,3324,Weekly Grocery Store Specialty Crops Feature Activity,2026-09-26T13:56:27+00:00
88e16e82b7993899,2022-09-23,Potatoes,RUSSET,per lb,,,,,No,,,,,,,,0.99,$/per lb,0.99,per lb,Alaska,retail,,,,,,,,26.0,3324,Weekly Grocery Store Specialty Crops Feature Activity,2026-09-26T13:56:27+00:00
c68450ecf43628b4,2022-09-23,Potatoes,YELLOW TYPE,3 lb bag,,,,,No,,,,,,,,7.49,$/3 lb bag,2.4967,per lb,Alaska,retail,,,,,,,,33.0,3324,Weekly Grocery Store Specialty Crops Feature Activity,2026-09-26T13:56:27+00:00
bd15ce8a2318ee38,2022-09-23,Potatoes,YELLOW TYPE,5 lb bag,,,,,No,,,,,,,,5.49,$/5 lb bag,1.098,per lb,Alaska,retail,,,,,,,,2.0,3324,Weekly Grocery Store Specialty Crops Feature Activity,2026-09-26T13:56:27+00:00
a6aa4162984af391,2022-09-23,Potatoes,YELLOW TYPE,per lb,,,,,No,,,,,,,,0.99,$/per lb,0.99,per lb,Alaska,retail,,,,,,,,26.0,3324,Weekly Grocery Store Specialty Crops Feature Activity,2026-09-26T13:56:27+00:00
3f322ec522db0c39,2022-09-23,Strawberries,,1 lb package,,,,,No,,,,,,,,3.46,$/1 lb package,3.46,per lb,Alaska,retail,,,,,,,,49.0,3324,Weekly Grocery Store Specialty Crops Feature Activity,2026-09-26T13:56:27+00:00
ef1deb9eb2fd48a0,2022-09-23,Tomatoes,Cherry Type,1 pint package,,,,,Yes,,,,,,,,3.89,$/1 pint package,,,Alaska,retail,,,,,,,,1.0,3324,Weekly Grocery Store Specialty Crops Feature Activity,2026-09-26T13:56:27+00:00
24b7e0bc222212bc,2022-09-23,Tomatoes,GRAPE TYPE,1 pint package,,,,,Yes,,,,,,,,3.89,$/1 pint package,,,Alaska,retail,,,,,,,,1.0,3324,Weekly Grocery Store Specialty Crops Feature Activity,2026-09-26T13:56:27+00:00
a8dea02ef363673a,2022-09-23,Tomatoes,Plum Type (Roma),per lb,,,,,Yes,,,,,,,,2.49,$/per lb,2.49,per lb,Alaska,retail,,,,,,,,26.0,3324,Weekly Grocery Store Specialty Crops Feature Activity,2026-09-26T13:56:27+00:00
ec406cc86febe520,2022-09-23,Tomatoes,Plum Type (Roma),per lb,,,,,No,,,,,,,,1.99,$/per lb,1.99,per lb,Alaska,retail,,,,,,,,1.0,3324,Weekly Grocery Store Specialty Crops Feature Activity,2026-09-26T13:56:27+00:00
93735f4960bdb0d5,2022-09-23,Tomatoes,VINE RIPES - ON THE VINE,per lb,,,,,No,,,,,,,,2.49,$/per lb,2.49,per lb,Alaska,retail,,,environment=Greenhouse,,,,,11.0,3324,Weekly Grocery Store Specialty Crops Feature Activity,2026-09-26T13:56:27+00:00
06039bdf690a3c7a,2022-09-23,Avocados,HASS,each,,,,,No,,,,,,,,1.49,$/each,1.49,per each,Hawaii,retail,,,,,,,,4.0,3324,Weekly Grocery Store Specialty Crops Feature Activity,2026-09-26T13:56:27+00:00
af7e20faffade367,2022-09-23,Bananas,,per lb,,,,,No,,,,,,,,1.29,$/per lb,1.29,per lb,Hawaii,retail,,,,,,,,4.0,3324,Weekly Grocery Store Specialty Crops Feature Activity,2026-09-26T13:56:27+00:00
2ee4243f9408223c,2022-09-23,Blueberries,,6 oz package,,,,,No,,,,,,,,3.49,$/6 oz package,9.3067,per lb,Hawaii,retail,,,,,,,,4.0,3324,Weekly Grocery Store Specialty Crops Feature Activity,2026-09-26T13:56:27+00:00
67dd02478cb401d3,2022-09-23,Broccoli,BABY HYBRID TYPE,per bunch,,,,,Yes,,,,,,,,3.99,$/per bunch,,,Hawaii,retail,,,,,,,,4.0,3324,Weekly Grocery Store Specialty Crops Feature Activity,2026-09-26T13:56:27+00:00
a3d3cf78f5e62879,2022-09-23,Broccoli,CROWN CUT,per lb,,,,,No,,,,,,,,2.25,$/per lb,2.25,per lb,Hawaii,retail,,,,,,,,7.0,3324,Weekly Grocery Store Specialty Crops Feature Activity,2026-09-26T13:56:27+00:00
7fab3d8f09b0d5f9,2022-09-23,Carrots,BABY PEELED,1 lb bag,,,,,No,,,,,,,,1.79,$/1 lb bag,1.79,per lb,Hawaii,retail,,,,,,,,10.0,3324,Weekly Grocery Store Specialty Crops Feature Activity,2026-09-26T13:56:27+00:00
c02c02419b0c7667,2022-09-23,Celery,,per lb,,,,,No,,,,,,,,0.89,$/per lb,0.89,per lb,Hawaii,retail,,,,,,,,4.0,3324,Weekly Grocery Store Specialty Crops Feature Activity,2026-09-26T13:56:27+00:00
cf0ff2bc333fac8d,2022-09-23,Grapes,RED SEEDLESS,per lb,,,,,No,,,,,,,,3.02,$/per lb,3.02,per lb,Hawaii,retail,,,,,,,,30.0,3324,Weekly Grocery Store Specialty Crops Feature Activity,2026-09-26T13:56:27+00:00
ea2af0b48bb2b07f,2022-09-23,Grapes,RED SEEDLESS,per lb,,,,,Yes,,,,,,,,3.99,$/per lb,3.99,per lb,Hawaii,retail,,,,,,,,4.0,3324,Weekly Grocery Store Specialty Crops Feature Activity,2026-09-26T13:56:27+00:00
36628620bb05d48c,2022-09-23,Grapes,Red Globe Seeded Type,per lb,,,,,No,,,,,,,,3.49,$/per lb,3.49,per lb,Hawaii,retail,,,,,,,,6.0,3324,Weekly Grocery Store Specialty Crops Feature Activity,2026-09-26T13:56:27+00:00
5934da9e754b1991,2022-09-23,Grapes,WHITE SEEDLESS TYPE,per lb,,,,,No,,,,,,,,3.05,$/per lb,3.05,per lb,Hawaii,retail,,,,,,,,26.0,3324,Weekly Grocery Store Specialty Crops Feature Activity,2026-09-26T13:56:27+00:00
99dfb9e5fd1c9aed,2022-09-23,Grapes,WHITE SEEDLESS TYPE,per lb,,,,,Yes,,,,,,,,3.99,$/per lb,3.99,per lb,Hawaii,retail,,,,,,,,4.0,3324,Weekly Grocery Store Specialty Crops Feature Activity,2026-09-26T13:56:27+00:00
8c10784a14bf51ac,2022-09-23,Lettuce,Romaine (Hearts),3 count,,,,,No,,,,,,,,3.79,$/3 count,,,Hawaii,retail,,,,,,,,4.0,3324,Weekly Grocery Store Specialty Crops Feature Activity,2026-09-26T13:56:27+00:00
5e60168030f42cdf,2022-09-23,"Onions, Dry",RED,per lb,,,,,No,,,,,,,,1.99,$/per lb,1.99,per lb,Hawaii,retail,,,,,,,,6.0,3324,Weekly Grocery Store Specialty Crops Feature Activity,2026-09-26T13:56:27+00:00
7ee667276017644d,2022-09-23,"Peppers, Bell Type",GREEN,per lb,,,,,No,,,,,,,,2.39,$/per lb,2.39,per lb,Hawaii,retail,,,,,,,,6.0,3324,Weekly Grocery Store Specialty Crops Feature Activity,2026-09-26T13:56:27+00:00
deda526a2918028b,2022-09-23,Potatoes,ROUND RED,per lb,,,,,No,,,,,,,,1.58,$/per lb,1.58,per lb,Hawaii,retail,,,,,,,,26.0,3324,Weekly Grocery Store Specialty Crops Feature Activity,2026-09-26T13:56:27+00:00
5896d0b91ef2bb4f,2022-09-23,Potatoes,YELLOW TYPE,per lb,,,,,No,,,,,,,,1.58,$/per lb,1.58,per lb,Hawaii,retail,,,,,,,,26.0,3324,Weekly Grocery Store Specialty Crops Feature Activity,2026-09-26T13:56:27+00:00
545f3c2fbbaf83c6,2022-09-23,Tomatoes,,per lb,,,,,No,,,,,,,,3.05,$/per lb,3.05,per lb,Hawaii,retail,,,,,,,,25.0,3324,Weekly Grocery Store Specialty Crops Feature Activity,2026-09-26T13:56:27+00:00
6510ff9a8097464d,2022-09-23,Tomatoes,GRAPE TYPE,10 oz package,,,,,No,,,,,,,,2.59,$/10 oz package,4.144,per lb,Hawaii,retail,,,,,,,,4.0,3324,Weekly Grocery Store Specialty Crops Feature Activity,2026-09-26T13:56:27+00:00
f937c5ec9190d7bd,2022-09-23,Tomatoes,VINE RIPES - ON THE VINE,per lb,,,,,No,,,,,,,,2.69,$/per lb,2.69,per lb,Hawaii,retail,,,environment=Greenhouse,,,,,23.0,3324,Weekly Grocery Store Specialty Crops Feature Activity,2026-09-26T13:56:27+00:00
3e8791c94d47b62a,2022-09-23,Avocados,HASS,each,,,,,No,,,,,,,,1.24,$/each,1.24,per each,Midwest,retail,,,,,,,,1358.0,3324,Weekly Grocery Store Specialty Crops Feature Activity,2026-09-26T13:56:27+00:00
52147dc924091bb2,2022-09-23,Avocados,HASS,each,,,,,Yes,,,,,,,,1.74,$/each,1.74,per each,Midwest,retail,,,,,,,,32.0,3324,Weekly Grocery Store Specialty Crops Feature Activity,2026-09-26T13:56:27+00:00
407adbdc04642d08,2022-09-23,Bananas,,per lb,,,,,No,,,,,,,,0.55,$/per lb,0.55,per lb,Midwest,retail,,,,,,,,51.0,3324,Weekly Grocery Store Specialty Crops Feature Activity,2026-09-26T13:56:27+00:00
be8e06b8dffcbdc5,2022-09-23,Bananas,,per lb,,,,,Yes,,,,,,,,0.93,$/per lb,0.93,per lb,Midwest,retail,,,,,,,,43.0,3324,Weekly Grocery Store Specialty Crops Feature Activity,2026-09-26T13:56:27+00:00
a091e3390583b3f8,2022-09-23,Blueberries,,1 pint package,,,,,Yes,,,,,,,,4.99,$/1 pint package,,,Midwest,retail,,,,,,,,219.0,3324,Weekly Grocery Store Specialty Crops Feature Activity,2026-09-26T13:56:27+00:00
a3e60486505aa3ea,2022-09-23,Blueberries,,1 pint package,,,,,No,,,,,,,,3.59,$/1 pint package,,,Midwest,retail,,,,,,,,183.0,3324,Weekly Grocery Store Specialty Crops Feature Activity,2026-09-26T13:56:27+00:00
cc443166cefd091a,2022-09-23,Blueberries,,18 oz package,,,,,No,,,,,,,,4.24,$/18 oz package,3.7689,per lb,Midwest,retail,,,,,,,,213.0,3324,Weekly Grocery Store Specialty Crops Feature Activity,2026-09-26T13:56:27+00:00
35a9c3b331691b22,2022-09-23,Blueberries,,6 oz package,,,,,Yes,,,,,,,,3.95,$/6 oz package,10.5333,per lb,Midwest,retail,,,,,,,,122.0,3324,Weekly Grocery Store Specialty Crops Feature Activity,2026-09-26T13:56:27+00:00
35b751849610baac,2022-09-23,Blueberries,,6 oz package,,,,,No,,,,,,,,3.28,$/6 oz package,8.7467,per lb,Midwest,retail,,,,,,,,347.0,3324,Weekly Grocery Store Specialty Crops Feature Activity,2026-09-26T13:56:27+00:00
fef9258048db760b,2022-09-23,Broccoli,,per bunch,,,,,Yes,,,,,,,,2.98,$/per bunch,,,Midwest,retail,,,,,,,,10.0,3324,Weekly Grocery Store Specialty Crops Feature Activity,2026-09-26T13:56:27+00:00
eb98a581ad93a0d6,2022-09-23,Broccoli,BABY HYBRID TYPE,per bunch,,,,,Yes,,,,,,,,3.99,$/per bunch,,,Midwest,retail,,,,,,,,67.0,3324,Weekly Grocery Store Specialty Crops Feature Activity,2026-09-26T13:56:27+00:00
5296f18a66f7e6b1,2022-09-23,Broccoli,CROWN CUT,per lb,,,,,No,,,,,,,,1.83,$/per lb,1.83,per lb,Midwest,retail,,,,,,,,872.0,3324,Weekly Grocery Store Specialty Crops Feature Activity,2026-09-26T13:56:27+00:00
f49e1113e9d6bd20,2022-09-23,Carrots,,1 lb bag,,,,,No,,,,,,,,0.78,$/1 lb bag,0.78,per lb,Midwest,retail,,,,,,,,53.0,3324,Weekly Grocery Store Specialty Crops Feature Activity,2026-09-26T13:56:27+00:00
ec03c13d3cc0d10e,2022-09-23,Carrots,,2 lb bag,,,,,No,,,,,,,,2.18,$/2 lb bag,1.09,per lb,Midwest,retail,,,,,,,,300.0,3324,Weekly Grocery Store Specialty Crops Feature Activity,2026-09-26T13:56:27+00:00
a27b27c636472d8d,2022-09-23,Carrots,,per lb,,,,,No,,,,,,,,0.78,$/per lb,0.78,per lb,Midwest,retail,,,,,,,,8.0,3324,Weekly Grocery Store Specialty Crops Feature Activity,2026-09-26T13:56:27+00:00
2a9cd8139f4f1c19,2022-09-23,Carrots,BABY PEELED,1 lb bag,,,,,No,,,,,,,,1.04,$/1 lb bag,1.04,per lb,Midwest,retail,,,,,,,,556.0,3324,Weekly Grocery Store Specialty Crops Feature Activity,2026-09-26T13:56:27+00:00
f8712247bcbcc514,2022-09-23,Carrots,BABY PEELED,1 lb bag,,,,,Yes,,,,,,,,1.89,$/1 lb bag,1.89,per lb,Midwest,retail,,,,,,,,340.0,3324,Weekly Grocery Store Specialty Crops Feature Activity,2026-09-26T13:56:27+00:00
5671a498dbdbf3da,2022-09-23,Carrots,BABY PEELED,2 lb bag,,,,,No,,,,,,,,2.19,$/2 lb bag,1.095,per lb,Midwest,retail,,,,,,,,88.0,3324,Weekly Grocery Store Specialty Crops Feature Activity,2026-09-26T13:56:27+00:00
d61f275a8f3400e4,2022-09-23,Celery,,each,,,,,No,,,,,,,,1.7,$/each,1.7,per each,Midwest,retail,,,,,,,,912.0,3324,Weekly Grocery Store Specialty Crops Feature Activity,2026-09-26T13:56:27+00:00
2d6c9512e70a0a58,2022-09-23,Celery,,per lb,,,,,No,,,,,,,,0.99,$/per lb,0.99,per lb,Midwest,retail,,,,,,,,186.0,3324,Weekly Grocery Store Specialty Crops Feature Activity,2026-09-26T13:56:27+00:00
73422090a6612001,2022-09-23,Celery,HEARTS,each,,,,,No,,,,,,,,2.28,$/each,2.28,per each,Midwest,retail,,,,,,,,213.0,3324,Weekly Grocery Store Specialty Crops Feature Activity,2026-09-26T13:56:27+00:00
be2ac8ddfa6caf38,2022-09-23,Cucumbers,,each,,,,,No,,,,,,,,0.72,$/each,0.72,per each,Midwest,retail,,,,,,,,418.0,3324,Weekly Grocery Store Specialty Crops Feature Activity,2026-09-26T13:56:27+00:00
3057b252b1da2264,2022-09-23,Cucumbers,LONG SEEDLESS,each,,,,,No,,,,,,,,1.6,$/each,1.6,per each,Midwest,retail,,,environment=Greenhouse,,,,,27.0,3324,Weekly Grocery Store Specialty Crops Feature Activity,2026-09-26T13:56:27+00:00
3f88150b8d76ab09,2022-09-23,Cucumbers,LONG SEEDLESS,each,,,,,Yes,,,,,,,,1.99,$/each,1.99,per each,Midwest,retail,,,environment=Greenhouse,,,,,10.0,3324,Weekly Grocery Store Specialty Crops Feature Activity,2026-09-26T13:56:27+00:00
02b3920c377dbdd6,2022-09-23,Grapes,BLACK SEEDLESS,per lb,,,,,No,,,,,,,,2.0,$/per lb,2.0,per lb,Midwest,retail,,,,,,,,1046.0,3324,Weekly Grocery Store Specialty Crops Feature Activity,2026-09-26T13:56:27+00:00
75a2cce60bfa514e,2022-09-23,Grapes,RED SEEDLESS,per lb,,,,,Yes,,,,,,,,2.58,$/per lb,2.58,per lb,Midwest,retail,,,,,,,,605.0,3324,Weekly Grocery Store Specialty Crops Feature Activity,2026-09-26T13:56:27+00:00
b2aba976891edd98,2022-09-23,Grapes,RED SEEDLESS,per lb,,,,,No,,,,,,,,1.88,$/per lb,1.88,per lb,Midwest,retail,,,,,,,,1572.0,3324,Weekly Grocery Store Specialty Crops Feature Activity,2026-09-26T13:56:27+00:00
42f0dbd4d40c16e1,2022-09-23,Grapes,WHITE SEEDLESS TYPE,per lb,,,,,No,,,,,,,,1.92,$/per lb,1.92,per lb,Midwest,retail,,,,,,,,1777.0,3324,Weekly Grocery Store Specialty Crops Feature Activity,2026-09-26T13:56:27+00:00
fb89f65a60ff9ef8,2022-09-23,Grapes,WHITE SEEDLESS TYPE,per lb,,,,,Yes,,,,,,,,2.93,$/per lb,2.93,per lb,Midwest,retail,,,,,,,,391.0,3324,Weekly Grocery Store Specialty Crops Feature Activity,2026-09-26T13:56:27+00:00
57326fbfc95fee75,2022-09-23,Lemons,,2 lb bag,,,,,No,,,,,,,,2.37,$/2 lb bag,1.185,per lb,Midwest,retail,,,,,,,,65.0,3324,Weekly Grocery Store Specialty Crops Feature Activity,2026-09-26T13:56:27+00:00
9b3f3ee5b51caa4d,2022-09-23,Lemons,,2 lb bag,,,,,Yes,,,,,,,,4.85,$/2 lb bag,2.425,per lb,Midwest,retail,,,,,,,,242.0,3324,Weekly Grocery Store Specialty Crops Feature Activity,2026-09-26T13:56:27+00:00
ae4fc1682795c49d,2022-09-23,Lemons,,each,,,,,No,,,,,,,,0.78,$/each,0.78,per each,Midwest,retail,,,,,,,,489.0,3324,Weekly Grocery Store Specialty Crops Feature Activity,2026-09-26T13:56:27+00:00
93810a1ee39ac8b9,2022-09-23,Lettuce,Green Leaf,each,,,,,Yes,,,,,,,,1.79,$/each,1.79,per each,Midwest,retail,,,,,,,,11.0,3324,Weekly Grocery Store Specialty Crops Feature Activity,2026-09-26T13:56:27+00:00
032b840ad7aa969d,2022-09-23,Lettuce,Green Leaf,per lb,,,,,No,,,,,,,,1.88,$/per lb,1.88,per lb,Midwest,retail,,,,,,,,32.0,3324,Weekly Grocery Store Specialty Crops Feature Activity,2026-09-26T13:56:27+00:00
011c01aa83658120,2022-09-23,Lettuce,Iceberg,each,,,,,Yes,,,,,,,,2.29,$/each,2.29,per each,Midwest,retail,,,,,,,,7.0,3324,Weekly Grocery Store Specialty Crops Feature Activity,2026-09-26T13:56:27+00:00
0d5546b995d8dda5,2022-09-23,Lettuce,Iceberg,each,,,,,No,,,,,,,,1.49,$/each,1.49,per each,Midwest,retail,,,,,,,,17.0,3324,Weekly Grocery Store Specialty Crops Feature Activity,2026-09-26T13:56:27+00:00
6ec94ed1f32e7c0f,2022-09-23,Lettuce,Red Leaf,each,,,,,Yes,,,,,,,,1.79,$/each,1.79,per each,Midwest,retail,,,,,,,,11.0,3324,Weekly Grocery Store Specialty Crops Feature Activity,2026-09-26T13:56:27+00:00
d302f1a1b61e271a,2022-09-23,Lettuce,Red Leaf,per lb,,,,,No,,,,,,,,1.88,$/per lb,1.88,per lb,Midwest,retail,,,,,,,,32.0,3324,Weekly Grocery Store Specialty Crops Feature Activity,2026-09-26T13:56:27+00:00
d15638fb44af7e1f,2022-09-23,Lettuce,Romaine,each,,,,,No,,,,,,,,1.49,$/each,1.49,per each,Midwest,retail,,,,,,,,25.0,3324,Weekly Grocery Store Specialty Crops Feature Activity,2026-09-26T13:56:27+00:00
f6effd1acf8ec53e,2022-09-23,Lettuce,Romaine,per lb,,,,,No,,,,,,,,1.99,$/per lb,1.99,per lb,Midwest,retail,,,,,,,,14.0,3324,Weekly Grocery Store Specialty Crops Feature Activity,2026-09-26T13:56:27+00:00
1292e1885efea3bb,2022-09-23,Lettuce,Romaine (Hearts),3 count,,,,,No,,,,,,,,3.02,$/3 count,,,Midwest,retail,,,,,,,,321.0,3324,Weekly Grocery Store Specialty Crops Feature Activity,2026-09-26T13:56:27+00:00
29a05b1bb73685c4,2022-09-23,Lettuce,Romaine (Hearts),3 count,,,,,Yes,,,,,,,,3.69,$/3 count,,,Midwest,retail,,,,,,,,61.0,3324,Weekly Grocery Store Specialty Crops Feature Activity,2026-09-26T13:56:27+00:00
ac08714b9965d64d,2022-09-23,Limes,,each,,,,,No,,,,,,,,0.46,$/each,0.46,per each,Midwest,retail,,,,,,,,490.0,3324,Weekly Grocery Store Specialty Crops Feature Activity,2026-09-26T13:56:27+00:00
023a6d2cfd8ebd6e,2022-09-23,"Onions, Dry",RED,2 lb bag,,,,,No,,,,,,,,2.76,$/2 lb bag,1.38,per lb,Midwest,retail,,,,,,,,243.0,3324,Weekly Grocery Store Specialty Crops Feature Activity,2026-09-26T13:56:27+00:00
15477fcdee4909c2,2022-09-23,"Onions, Dry",RED,per lb,,,,,No,,,,,,,,1.18,$/per lb,1.18,per lb,Midwest,retail,,,,,,,,257.0,3324,Weekly Grocery Store Specialty Crops Feature Activity,2026-09-26T13:56:27+00:00
249b1e9de4fb0bda,2022-09-23,"Onions, Dry",WHITE,2 lb bag,,,,,No,,,,,,,,2.0,$/2 lb bag,1.0,per lb,Midwest,retail,,,,,,,,10.0,3324,Weekly Grocery Store Specialty Crops Feature Activity,2026-09-26T13:56:27+00:00
1c585e97c2c743da,2022-09-23,"Onions, Dry",WHITE,per lb,,,,,No,,,,,,,,1.52,$/per lb,1.52,per lb,Midwest,retail,,,,,,,,29.0,3324,Weekly Grocery Store Specialty Crops Feature Activity,2026-09-26T13:56:27+00:00
4a59f1979584ea8d,2022-09-23,"Onions, Dry",YELLOW,2 lb bag,,,,,No,,,,,,,,1.45,$/2 lb bag,0.725,per lb,Midwest,retail,,,,,,,,22.0,3324,Weekly Grocery Store Specialty Crops Feature Activity,2026-09-26T13:56:27+00:00
f754375205fd8edb,2022-09-23,"Onions, Dry",YELLOW,2 lb bag,,,,,Yes,,,,,,,,2.99,$/2 lb bag,1.495,per lb,Midwest,retail,,,,,,,,7.0,3324,Weekly Grocery Store Specialty Crops Feature Activity,2026-09-26T13:56:27+00:00
148478cd4649b3b9,2022-09-23,"Onions, Dry",YELLOW,3 lb bag,,,,,No,,,,,,,,2.47,$/3 lb bag,0.8233,per lb,Midwest,retail,,,,,,,,326.0,3324,Weekly Grocery Store Specialty Crops Feature Activity,2026-09-26T13:56:27+00:00
c526af16444bc8be,2022-09-23,"Onions, Dry",YELLOW,3 lb bag,,,,,Yes,,,,,,,,4.49,$/3 lb bag,1.4967,per lb,Midwest,retail,,,,,,,,6.0,3324,Weekly Grocery Store Specialty Crops Feature Activity,2026-09-26T13:56:27+00:00
40844adf74e76d99,2022-09-23,"Onions, Dry",YELLOW,per lb,,,,,No,,,,,,,,1.14,$/per lb,1.14,per lb,Midwest,retail,,,,,,,,56.0,3324,Weekly Grocery Store Specialty Crops Feature Activity,2026-09-26T13:56:27+00:00
a555d23acde6496e,2022-09-23,"Onions, Dry",YELLOW,per lb,,,,,Yes,,,,,,,,1.19,$/per lb,1.19,per lb,Midwest,retail,,,,,,,,11.0,3324,Weekly Grocery Store Specialty Crops Feature Activity,2026-09-26T13:56:27+00:00
1c785cf4f0854f59,2022-09-23,"Onions, Dry",YELLOW MARKED SWEET,3 lb bag,,,,,No,,,,,,,,2.0,$/3 lb bag,0.6667,per lb,Midwest,retail,,,,,,,,6.0,3324,Weekly Grocery Store Specialty Crops Feature Activity,2026-09-26T13:56:27+00:00
a0287c0317e8f56b,2022-09-23,"Onions, Dry",YELLOW MARKED SWEET,per lb,,,,,No,,,,,,,,1.29,$/per lb,1.29,per lb,Midwest,retail,,,,,,,,283.0,3324,Weekly Grocery Store Specialty Crops Feature Activity,2026-09-26T13:56:27+00:00
43f1ce80a7025e8f,2022-09-23,"Peppers, Bell Type",GREEN,each,,,,,Yes,,,,,,,,0.89,$/each,0.89,per each,Midwest,retail,,,,,,,,19.0,3324,Weekly Grocery Store Specialty Crops Feature Activity,2026-09-26T13:56:27+00:00
993501f17245bc8a,2022-09-23,"Peppers, Bell Type",GREEN,each,,,,,No,,,,,,,,0.91,$/each,0.91,per each,Midwest,retail,,,,,,,,333.0,3324,Weekly Grocery Store Specialty Crops Feature Activity,2026-09-26T13:56:27+00:00
9ee7688ba0e05327,2022-09-23,"Peppers, Bell Type",GREEN,per lb,,,,,No,,,,,,,,1.53,$/per lb,1.53,per lb,Midwest,retail,,,,,,,,167.0,3324,Weekly Grocery Store Specialty Crops Feature Activity,2026-09-26T13:56:27+00:00
b684538bff3d0b1e,2022-09-23,"Peppers, Bell Type",ORANGE,each,,,,,No,,,,,,,,1.29,$/each,1.29,per each,Midwest,retail,,,,,,,,431.0,3324,Weekly Grocery Store Specialty Crops Feature Activity,2026-09-26T13:56:27+00:00
f19ccfa5fce1d091,2022-09-23,"Peppers, Bell Type",ORANGE,each,,,,,No,,,,,,,,1.5,$/each,1.5,per each,Midwest,retail,,,environment=Greenhouse,,,,,7.0,3324,Weekly Grocery Store Specialty Crops Feature Activity,2026-09-26T13:56:27+00:00
f24d13a103a8a30f,2022-09-23,"Peppers, Bell Type",ORANGE,per lb,,,,,No,,,,,,,,2.57,$/per lb,2.57,per lb,Midwest,retail,,,,,,,,53.0,3324,Weekly Grocery Store Specialty Crops Feature Activity,2026-09-26T13:56:27+00:00
3c565fc35bad40a2,2022-09-23,"Peppers, Bell Type",RED,each,,,,,No,,,,,,,,1.5,$/each,1.5,per each,Midwest,retail,,,environment=Greenhouse,,,,,7.0,3324,Weekly Grocery Store Specialty Crops Feature Activity,2026-09-26T13:56:27+00:00
54ec68ac26fe117d,2022-09-23,"Peppers, Bell Type",RED,each,,,,,No,,,,,,,,1.36,$/each,1.36,per each,Midwest,retail,,,,,,,,653.0,3324,Weekly Grocery Store Specialty Crops Feature Activity,2026-09-26T13:56:27+00:00
6764ddc5bdfc526a,2022-09-23,"Peppers, Bell Type",RED,each,,,,,Yes,,,,,,,,1.99,$/each,1.99,per each,Midwest,retail,,,,,,,,69.0,3324,Weekly Grocery Store Specialty Crops Feature Activity,2026-09-26T13:56:27+00:00
8374c28b93bdef40,2022-09-23,"Peppers, Bell Type",RED,per lb,,,,,No,,,,,,,,2.43,$/per lb,2.43,per lb,Midwest,retail,,,,,,,,39.0,3324,Weekly Grocery Store Specialty Crops Feature Activity,2026-09-26T13:56:27+00:00
1decf2dd3bc8722d,2022-09-23,"Peppers, Bell Type",YELLOW,each,,,,,No,,,,,,,,1.37,$/each,1.37,per each,Midwest,retail,,,,,,,,645.0,3324,Weekly Grocery Store Specialty Crops Feature Activity,2026-09-26T13:56:27+00:00
ddc2a9bcab0d4865,2022-09-23,"Peppers, Bell Type",YELLOW,each,,,,,No,,,,,,,,1.5,$/each,1.5,per each,Midwest,retail,,,environment=Greenhouse,,,,,7.0,3324,Weekly Grocery Store Specialty Crops Feature Activity,2026-09-26T13:56:27+00:00
c4864e06c2493a3a,2022-09-23,"Peppers, Bell Type",YELLOW,per lb,,,,,No,,,,,,,,2.57,$/per lb,2.57,per lb,Midwest,retail,,,,,,,,53.0,3324,Weekly Grocery Store Specialty Crops Feature Activity,2026-09-26T13:56:27+00:00
32a45b7b062ec584,2022-09-23,Potatoes,ROUND RED,3 lb bag,,,,,Yes,,,,,,,,3.65,$/3 lb bag,1.2167,per lb,Midwest,retail,,,,,,,,99.0,3324,Weekly Grocery Store Specialty Crops Feature Activity,2026-09-26T13:56:27+00:00
4921816b7dc560b0,2022-09-23,Potatoes,ROUND RED,3 lb bag,,,,,No,,,,,,,,3.99,$/3 lb bag,1.33,per lb,Midwest,retail,,,,,,,,17.0,3324,Weekly Grocery Store Specialty Crops Feature Activity,2026-09-26T13:56:27+00:00
dd43e901c9c084ba,2022-09-23,Potatoes,ROUND RED,5 lb bag,,,,,No,,,,,,,,3.23,$/5 lb bag,0.646,per lb,Midwest,retail,,,,,,,,311.0,3324,Weekly Grocery Store Specialty Crops Feature Activity,2026-09-26T13:56:27+00:00
5c7087d7724d1e8e,2022-09-23,Potatoes,ROUND RED,per lb,,,,,No,,,,,,,,0.96,$/per lb,0.96,per lb,Midwest,retail,,,,,,,,36.0,3324,Weekly Grocery Store Specialty Crops Feature Activity,2026-09-26T13:56:27+00:00
88ff418c3b415ca0,2022-09-23,Potatoes,ROUND WHITE,5 lb bag,,,,,No,,,,,,,,3.49,$/5 lb bag,0.698,per lb,Midwest,retail,,,,,,,,233.0,3324,Weekly Grocery Store Specialty Crops Feature Activity,2026-09-26T13:56:27+00:00
606ba531225a6125,2022-09-23,Potatoes,RUSSET,10 lb bag,,,,,No,,,,,,,,4.8,$/10 lb bag,0.48,per lb,Midwest,retail,,,,,,,,152.0,3324,Weekly Grocery Store Specialty Crops Feature Activity,2026-09-26T13:56:27+00:00
5a4e1035a85936e7,2022-09-23,Potatoes,RUSSET,3 lb bag,,,,,Yes,,,,,,,,3.62,$/3 lb bag,1.2067,per lb,Midwest,retail,,,,,,,,99.0,3324,Weekly Grocery Store Specialty Crops Feature Activity,2026-09-26T13:56:27+00:00
ff8eb396856e7d59,2022-09-23,Potatoes,RUSSET,3 lb bag,,,,,No,,,,,,,,2.29,$/3 lb bag,0.7633,per lb,Midwest,retail,,,,,,,,63.0,3324,Weekly Grocery Store Specialty Crops Feature Activity,2026-09-26T13:56:27+00:00
54a0e1ee7cf23280,2022-09-23,Potatoes,RUSSET,5 lb bag,,,,,No,,,,,,,,2.93,$/5 lb bag,0.586,per lb,Midwest,retail,,,,,,,,362.0,3324,Weekly Grocery Store Specialty Crops Feature Activity,2026-09-26T13:56:27+00:00
eea7197b5abf7076,2022-09-23,Potatoes,RUSSET,8 lb bag,,,,,No,,,,,,,,4.15,$/8 lb bag,0.5188,per lb,Midwest,retail,,,,,,,,69.0,3324,Weekly Grocery Store Specialty Crops Feature Activity,2026-09-26T13:56:27+00:00
736f0d9e816d3736,2022-09-23,Potatoes,RUSSET,per lb,,,,,No,,,,,,,,0.99,$/per lb,0.99,per lb,Midwest,retail,,,,,,,,80.0,3324,Weekly Grocery Store Specialty Crops Feature Activity,2026-09-26T13:56:27+00:00
f2ffc92cba791fe5,2022-09-23,Potatoes,RUSSET,per lb,,,,,Yes,,,,,,,,1.79,$/per lb,1.79,per lb,Midwest,retail,,,,,,,,11.0,3324,Weekly Grocery Store Specialty Crops Feature Activity,2026-09-26T13:56:27+00:00
251b77afa666d3cf,2022-09-23,Potatoes,YELLOW TYPE,3 lb bag,,,,,No,,,,,,,,3.99,$/3 lb bag,1.33,per lb,Midwest,retail,,,,,,,,17.0,3324,Weekly Grocery Store Specialty Crops Feature Activity,2026-09-26T13:56:27+00:00
b71dd604e4acd1bc,2022-09-23,Potatoes,YELLOW TYPE,3 lb bag,,,,,Yes,,,,,,,,3.65,$/3 lb bag,1.2167,per lb,Midwest,retail,,,,,,,,99.0,3324,Weekly Grocery Store Specialty Crops Feature Activity,2026-09-26T13:56:27+00:00
91f1527a2265cb64,2022-09-23,Potatoes,YELLOW TYPE,5 lb bag,,,,,No,,,,,,,,3.23,$/5 lb bag,0.646,per lb,Midwest,retail,,,,,,,,376.0,3324,Weekly Grocery Store Specialty Crops Feature Activity,2026-09-26T13:56:27+00:00
e284f81020d6ecf6,2022-09-23,Potatoes,YELLOW TYPE,per lb,,,,,No,,,,,,,,0.78,$/per lb,0.78,per lb,Midwest,retail,,,,,,,,6.0,3324,Weekly Grocery Store Specialty Crops Feature Activity,2026-09-26T13:56:27+00:00
2b23d70a5c76957c,2022-09-23,Strawberries,,1 lb package,,,,,No,,,,,,,,2.65,$/1 lb package,2.65,per lb,Midwest,retail,,,,,,,,869.0,3324,Weekly Grocery Store Specialty Crops Feature Activity,2026-09-26T13:56:27+00:00
ee21f051e4648cb0,2022-09-23,Strawberries,,1 lb package,,,,,Yes,,,,,,,,3.99,$/1 lb package,3.99,per lb,Midwest,retail,,,,,,,,76.0,3324,Weekly Grocery Store Specialty Crops Feature Activity,2026-09-26T13:56:27+00:00
6cebcb2c6d33f9e3,2022-09-23,Tomatoes,,per lb,,,,,No,,,,,,,,1.38,$/per lb,1.38,per lb,Midwest,retail,,,,,,,,87.0,3324,Weekly Grocery Store Specialty Crops Feature Activity,2026-09-26T13:56:27+00:00
dd69d457631c6b72,2022-09-23,Tomatoes,,per lb,,,,,Yes,,,,,,,,2.59,$/per lb,2.59,per lb,Midwest,retail,,,,,,,,11.0,3324,Weekly Grocery Store Specialty Crops Feature Activity,2026-09-26T13:56:27+00:00
37d27fd9ce5c65ab,2022-09-23,Tomatoes,Cherry Type,1 pint package,,,,,No,,,,,,,,2.66,$/1 pint package,,,Midwest,retail,,,,,,,,33.0,3324,Weekly Grocery Store Specialty Crops Feature Activity,2026-09-26T13:56:27+00:00
398398314462f00f,2022-09-23,Tomatoes,GRAPE TYPE,1 pint package,,,,,No,,,,,,,,2.29,$/1 pint package,,,Midwest,retail,,,,,,,,548.0,3324,Weekly Grocery Store Specialty Crops Feature Activity,2026-09-26T13:56:27+00:00
d23492244e48f58a,2022-09-23,Tomatoes,GRAPE TYPE,1 pint package,,,,,Yes,,,,,,,,2.58,$/1 pint package,,,Midwest,retail,,,,,,,,283.0,3324,Weekly Grocery Store Specialty Crops Feature Activity,2026-09-26T13:56:27+00:00
5e9df6d20385535d,2022-09-23,Tomatoes,GRAPE TYPE,10 oz package,,,,,Yes,,,,,,,,3.46,$/10 oz package,5.536,per lb,Midwest,retail,,,,,,,,672.0,3324,Weekly Grocery Store Specialty Crops Feature Activity,2026-09-26T13:56:27+00:00
98a73272dabe323a,2022-09-23,Tomatoes,GRAPE TYPE,10 oz package,,,,,No,,,,,,,,2.6,$/10 oz package,4.16,per lb,Midwest,retail,,,,,,,,79.0,3324,Weekly Grocery Store Specialty Crops Feature Activity,2026-09-26T13:56:27+00:00
ab405278f9b02aae,2022-09-23,Tomatoes,Plum Type (Roma),per lb,,,,,No,,,,,,,,1.08,$/per lb,1.08,per lb,Midwest,retail,,,,,,,,571.0,3324,Weekly Grocery Store Specialty Crops Feature Activity,2026-09-26T13:56:27+00:00
0d9353fb601ba07a,2022-09-23,Tomatoes,VINE RIPES,per lb,,,,,No,,,,,,,,1.75,$/per lb,1.75,per lb,Midwest,retail,,,,,,,,39.0,3324,Weekly Grocery Store Specialty Crops Feature Activity,2026-09-26T13:56:27+00:00
9beea44593e1f0a3,2022-09-23,Tomatoes,VINE RIPES,per lb,,,,,No,,,,,,,,1.58,$/per lb,1.58,per lb,Midwest,retail,,,environment=Greenhouse,,,,,33.0,3324,Weekly Grocery Store Specialty Crops Feature Activity,2026-09-26T13:56:27+00:00
abc8a121d08e100e,2022-09-23,Tomatoes,VINE RIPES - ON THE VINE,per lb,,,,,No,,,,,,,,1.85,$/per lb,1.85,per lb,Midwest,retail,,,environment=Greenhouse,,,,,867.0,3324,Weekly Grocery Store Specialty Crops Feature Activity,2026-09-26T13:56:27+00:00
064bc8c1cd02b299,2022-09-23,Tomatoes,Vine Ripes - Heirloom Varieties,per lb,,,,,No,,,,,,,,1.99,$/per lb,1.99,per lb,Midwest,retail,,,environment=Greenhouse,,,,,58.0,3324,Weekly Grocery Store Specialty Crops Feature Activity,2026-09-26T13:56:27+00:00
1f941a33e15d9082,2022-09-23,Avocados,HASS,each,,,,,Yes,,,,,,,,1.91,$/each,1.91,per each,National,retail,,,,,,,,1377.0,3324,Weekly Grocery Store Specialty Crops Feature Activity,2026-09-26T13:56:27+00:00
e78da801f814920f,2022-09-23,Avocados,HASS,each,,,,,No,,,,,,,,1.29,$/each,1.29,per each,National,retail,,,,,,,,9086.0,3324,Weekly Grocery Store Specialty Crops Feature Activity,2026-09-26T13:56:27+00:00
2dea4ea51214f400,2022-09-23,Avocados,VARIOUS GREENSKIN VARIETIES,per lb,,,,,No,,,,,,,,0.5,$/per lb,0.5,per lb,National,retail,,,,,,,,34.0,3324,Weekly Grocery Store Specialty Crops Feature Activity,2026-09-26T13:56:27+00:00
47b2fe3c98fb5952,2022-09-23,Bananas,,per lb,,,,,Yes,,,,,,,,0.91,$/per lb,0.91,per lb,National,retail,,,,,,,,1198.0,3324,Weekly Grocery Store Specialty Crops Feature Activity,2026-09-26T13:56:27+00:00
80150911b25b2b94,2022-09-23,Bananas,,per lb,,,,,No,,,,,,,,0.49,$/per lb,0.49,per lb,National,retail,,,,,,,,385.0,3324,Weekly Grocery Store Specialty Crops Feature Activity,2026-09-26T13:56:27+00:00
428157e5f5a21ff5,2022-09-23,Blueberries,,1 pint package,,,,,No,,,,,,,,3.41,$/1 pint package,,,National,retail,,,,,,,,1472.0,3324,Weekly Grocery Store Specialty Crops Feature Activity,2026-09-26T13:56:27+00:00
6f02c09afb956d6d,2022-09-23,Blueberries,,1 pint package,,,,,Yes,,,,,,,,4.39,$/1 pint package,,,National,retail,,,,,,,,490.0,3324,Weekly Grocery Store Specialty Crops Feature Activity,2026-09-26T13:56:27+00:00
24c11e58c0afbe83,2022-09-23,Blueberries,,18 oz package,,,,,No,,,,,,,,4.22,$/18 oz package,3.7511,per lb,National,retail,,,,,,,,913.0,3324,Weekly Grocery Store Specialty Crops Feature Activity,2026-09-26T13:56:27+00:00
9ecde3483fde541f,2022-09-23,Blueberries,,6 oz package,,,,,Yes,,,,,,,,3.88,$/6 oz package,10.3467,per lb,National,retail,,,,,,,,946.0,3324,Weekly Grocery Store Specialty Crops Feature Activity,2026-09-26T13:56:27+00:00
f3aca83827f40794,2022-09-23,Blueberries,,6 oz package,,,,,No,,,,,,,,3.25,$/6 oz package,8.6667,per lb,National,retail,,,,,,,,2166.0,3324,Weekly Grocery Store Specialty Crops Feature Activity,2026-09-26T13:56:27+00:00
2a07436b74f9a88a,2022-09-23,Broccoli,,per bunch,,,,,No,,,,,,,,2.97,$/per bunch,,,National,retail,,,,,,,,1759.0,3324,Weekly Grocery Store Specialty Crops Feature Activity,2026-09-26T13:56:27+00:00
3e882e69ba6e9fb1,2022-09-23,Broccoli,,per bunch,,,,,Yes,,,,,,,,3.39,$/per bunch,,,National,retail,,,,,,,,49.0,3324,Weekly Grocery Store Specialty Crops Feature Activity,2026-09-26T13:56:27+00:00
046b89f5b3a0fb92,2022-09-23,Broccoli,,per lb,,,,,No,,,,,,,,1.79,$/per lb,1.79,per lb,National,retail,,,,,,,,11.0,3324,Weekly Grocery Store Specialty Crops Feature Activity,2026-09-26T13:56:27+00:00
30c5d3c2b3b0165d,2022-09-23,Broccoli,,per lb,,,,,Yes,,,,,,,,3.4,$/per lb,3.4,per lb,National,retail,,,,,,,,121.0,3324,Weekly Grocery Store Specialty Crops Feature Activity,2026-09-26T13:56:27+00:00
081da53c33dcece1,2022-09-23,Broccoli,BABY HYBRID TYPE,per bunch,,,,,Yes,,,,,,,,3.75,$/per bunch,,,National,retail,,,,,,,,110.0,3324,Weekly Grocery Store Specialty Crops Feature Activity,2026-09-26T13:56:27+00:00
384dc1bb0804dcdf,2022-09-23,Broccoli,CROWN CUT,per lb,,,,,Yes,,,,,,,,4.99,$/per lb,4.99,per lb,National,retail,,,,,,,,198.0,3324,Weekly Grocery Store Specialty Crops Feature Activity,2026-09-26T13:56:27+00:00
4c68ac21e4a8ddf3,2022-09-23,Broccoli,CROWN CUT,per lb,,,,,No,,,,,,,,1.68,$/per lb,1.68,per lb,National,retail,,,,,,,,5552.0,3324,Weekly Grocery Store Specialty Crops Feature Activity,2026-09-26T13:56:27+00:00
33cc45b1e7958141,2022-09-23,Carrots,,1 lb bag,,,,,Yes,,,,,,,,1.37,$/1 lb bag,1.37,per lb,National,retail,,,,,,,,93.0,3324,Weekly Grocery Store Specialty Crops Feature Activity,2026-09-26T13:56:27+00:00
359ae1d7987f8df2,2022-09-23,Carrots,,1 lb bag,,,,,No,,,,,,,,0.69,$/1 lb bag,0.69,per lb,National,retail,,,,,,,,103.0,3324,Weekly Grocery Store Specialty Crops Feature Activity,2026-09-26T13:56:27+00:00
d3b50b6b4e9331df,2022-09-23,Carrots,,2 lb bag,,,,,No,,,,,,,,2.19,$/2 lb bag,1.095,per lb,National,retail,,,,,,,,773.0,3324,Weekly Grocery Store Specialty Crops Feature Activity,2026-09-26T13:56:27+00:00
de6b81660e396dcb,2022-09-23,Carrots,,2 lb bag,,,,,Yes,,,,,,,,2.98,$/2 lb bag,1.49,per lb,National,retail,,,,,,,,274.0,3324,Weekly Grocery Store Specialty Crops Feature Activity,2026-09-26T13:56:27+00:00
105fb20c308a18e3,2022-09-23,Carrots,,per bunch,,,,,No,,,,,,,,2.35,$/per bunch,,,National,retail,,,,,,,,144.0,3324,Weekly Grocery Store Specialty Crops Feature Activity,2026-09-26T13:56:27+00:00
14d9740efbd7b055,2022-09-23,Carrots,,per bunch,,,,,Yes,,,,,,,,2.88,$/per bunch,,,National,retail,,,,,,,,41.0,3324,Weekly Grocery Store Specialty Crops Feature Activity,2026-09-26T13:56:27+00:00
168186fa300a294e,2022-09-23,Carrots,,per lb,,,,,No,,,,,,,,0.62,$/per lb,0.62,per lb,National,retail,,,,,,,,225.0,3324,Weekly Grocery Store Specialty Crops Feature Activity,2026-09-26T13:56:27+00:00
5761a68b2a046614,2022-09-23,Carrots,BABY PEELED,1 lb bag,,,,,Yes,,,,,,,,2.01,$/1 lb bag,2.01,per lb,National,retail,,,,,,,,903.0,3324,Weekly Grocery Store Specialty Crops Feature Activity,2026-09-26T13:56:27+00:00
681afc97b8236f0a,2022-09-23,Carrots,BABY PEELED,1 lb bag,,,,,No,,,,,,,,1.28,$/1 lb bag,1.28,per lb,National,retail,,,,,,,,3826.0,3324,Weekly Grocery Store Specialty Crops Feature Activity,2026-09-26T13:56:27+00:00
0af4ab06d17e907c,2022-09-23,Carrots,BABY PEELED,2 lb bag,,,,,No,,,,,,,,2.21,$/2 lb bag,1.105,per lb,National,retail,,,,,,,,102.0,3324,Weekly Grocery Store Specialty Crops Feature Activity,2026-09-26T13:56:27+00:00
698de4a1821397a7,2022-09-23,Celery,,each,,,,,Yes,,,,,,,,2.59,$/each,2.59,per each,National,retail,,,,,,,,339.0,3324,Weekly Grocery Store Specialty Crops Feature Activity,2026-09-26T13:56:27+00:00
cbf69c7728547b7d,2022-09-23,Celery,,each,,,,,No,,,,,,,,1.59,$/each,1.59,per each,National,retail,,,,,,,,2873.0,3324,Weekly Grocery Store Specialty Crops Feature Activity,2026-09-26T13:56:27+00:00
0b8dd59bb00b635c,2022-09-23,Celery,,per lb,,,,,No,,,,,,,,1.06,$/per lb,1.06,per lb,National,retail,,,,,,,,237.0,3324,Weekly Grocery Store Specialty Crops Feature Activity,2026-09-26T13:56:27+00:00
6ee0bb0a5076da14,2022-09-23,Celery,,per lb,,,,,Yes,,,,,,,,0.99,$/per lb,0.99,per lb,National,retail,,,,,,,,1.0,3324,Weekly Grocery Store Specialty Crops Feature Activity,2026-09-26T13:56:27+00:00
52ecdf3843d042fc,2022-09-23,Celery,HEARTS,each,,,,,Yes,,,,,,,,2.87,$/each,2.87,per each,National,retail,,,,,,,,334.0,3324,Weekly Grocery Store Specialty Crops Feature Activity,2026-09-26T13:56:27+00:00
98eb8d52e58f4a13,2022-09-23,Celery,HEARTS,each,,,,,No,,,,,,,,2.46,$/each,2.46,per each,National,retail,,,,,,,,329.0,3324,Weekly Grocery Store Specialty Crops Feature Activity,2026-09-26T13:56:27+00:00
a6174605f2808167,2022-09-23,Celery,HEARTS,per lb,,,,,Yes,,,,,,,,2.5,$/per lb,2.5,per lb,National,retail,,,,,,,,22.0,3324,Weekly Grocery Store Specialty Crops Feature Activity,2026-09-26T13:56:27+00:00
49858819c2a1360e,2022-09-23,Cucumbers,,each,,,,,Yes,,,,,,,,1.48,$/each,1.48,per each,National,retail,,,,,,,,191.0,3324,Weekly Grocery Store Specialty Crops Feature Activity,2026-09-26T13:56:27+00:00
6473ff6ca4a16f5c,2022-09-23,Cucumbers,,each,,,,,No,,,,,,,,0.66,$/each,0.66,per each,National,retail,,,,,,,,3408.0,3324,Weekly Grocery Store Specialty Crops Feature Activity,2026-09-26T13:56:27+00:00
0f784a0126a4f3d6,2022-09-23,Cucumbers,LONG SEEDLESS,each,,,,,No,,,,,,,,1.35,$/each,1.35,per each,National,retail,,,environment=Greenhouse,,,,,1253.0,3324,Weekly Grocery Store Specialty Crops Feature Activity,2026-09-26T13:56:27+00:00
7b3ef53c061b56cc,2022-09-23,Cucumbers,LONG SEEDLESS,each,,,,,Yes,,,,,,,,2.13,$/each,2.13,per each,National,retail,,,environment=Greenhouse,,,,,1181.0,3324,Weekly Grocery Store Specialty Crops Feature Activity,2026-09-26T13:56:27+00:00
6d6fbe25b95af2da,2022-09-23,Grapes,BLACK SEEDLESS,per lb,,,,,No,,,,,,,,2.03,$/per lb,2.03,per lb,National,retail,,,,,,,,2756.0,3324,Weekly Grocery Store Specialty Crops Feature Activity,2026-09-26T13:56:27+00:00
e11cecd210d8dabd,2022-09-23,Grapes,BLACK SEEDLESS,per lb,,,,,Yes,,,,,,,,2.71,$/per lb,2.71,per lb,National,retail,,,,,,,,834.0,3324,Weekly Grocery Store Specialty Crops Feature Activity,2026-09-26T13:56:27+00:00
6f803131de4dc0cd,2022-09-23,Grapes,RED SEEDLESS,per lb,,,,,No,,,,,,,,2.08,$/per lb,2.08,per lb,National,retail,,,,,,,,9643.0,3324,Weekly Grocery Store Specialty Crops Feature Activity,2026-09-26T13:56:27+00:00
f73831f606c94e20,2022-09-23,Grapes,RED SEEDLESS,per lb,,,,,Yes,,,,,,,,2.94,$/per lb,2.94,per lb,National,retail,,,,,,,,2962.0,3324,Weekly Grocery Store Specialty Crops Feature Activity,2026-09-26T13:56:27+00:00
3ebf5ed82bf59b16,2022-09-23,Grapes,Red Globe Seeded Type,per lb,,,,,No,,,,,,,,2.2,$/per lb,2.2,per lb,National,retail,,,,,,,,108.0,3324,Weekly Grocery Store Specialty Crops Feature Activity,2026-09-26T13:56:27+00:00
51b88ec9ec0947bf,2022-09-23,Grapes,WHITE SEEDLESS TYPE,per lb,,,,,No,,,,,,,,2.14,$/per lb,2.14,per lb,National,retail,,,,,,,,7099.0,3324,Weekly Grocery Store Specialty Crops Feature Activity,2026-09-26T13:56:27+00:00
e6587423da443418,2022-09-23,Grapes,WHITE SEEDLESS TYPE,per lb,,,,,Yes,,,,,,,,3.0,$/per lb,3.0,per lb,National,retail,,,,,,,,3893.0,3324,Weekly Grocery Store Specialty Crops Feature Activity,2026-09-26T13:56:27+00:00
52734708d7e014b8,2022-09-23,Lemons,,2 lb bag,,,,,No,,,,,,,,3.08,$/2 lb bag,1.54,per lb,National,retail,,,,,,,,465.0,3324,Weekly Grocery Store Specialty Crops Feature Activity,2026-09-26T13:56:27+00:00
b49b0dd4861586d1,2022-09-23,Lemons,,2 lb bag,,,,,Yes,,,,,,,,5.25,$/2 lb bag,2.625,per lb,National,retail,,,,,,,,1082.0,3324,Weekly Grocery Store Specialty Crops Feature Activity,2026-09-26T13:56:27+00:00
8a7aacb28895942b,2022-09-23,Lemons,,each,,,,,No,,,,,,,,0.75,$/each,0.75,per each,National,retail,,,,,,,,1515.0,3324,Weekly Grocery Store Specialty Crops Feature Activity,2026-09-26T13:56:27+00:00
99fbe703ca77007a,2022-09-23,Lemons,,each,,,,,Yes,,,,,,,,1.29,$/each,1.29,per each,National,retail,,,,,,,,1.0,3324,Weekly Grocery Store Specialty Crops Feature Activity,2026-09-26T13:56:27+00:00
91e0c8089b7b1f5a,2022-09-23,Lemons,,per lb,,,,,No,,,,,,,,0.59,$/per lb,0.59,per lb,National,retail,,,,,,,,70.0,3324,Weekly Grocery Store Specialty Crops Feature Activity,2026-09-26T13:56:27+00:00
55a3d52e023ec253,2022-09-23,Lettuce,Boston,each,,,,,Yes,,,,,,,,2.5,$/each,2.5,per each,National,retail,,,environment=Greenhouse,,,,,113.0,3324,Weekly Grocery Store Specialty Crops Feature Activity,2026-09-26T13:56:27+00:00
2e9f653d23701c85,2022-09-23,Lettuce,Green Leaf,each,,,,,No,,,,,,,,1.52,$/each,1.52,per each,National,retail,,,,,,,,441.0,3324,Weekly Grocery Store Specialty Crops Feature Activity,2026-09-26T13:56:27+00:00
566ba61ec09e7b9d,2022-09-23,Lettuce,Green Leaf,each,,,,,Yes,,,,,,,,1.79,$/each,1.79,per each,National,retail,,,,,,,,130.0,3324,Weekly Grocery Store Specialty Crops Feature Activity,2026-09-26T13:56:27+00:00
f07556687fd39ebe,2022-09-23,Lettuce,Green Leaf,per lb,,,,,No,,,,,,,,1.96,$/per lb,1.96,per lb,National,retail,,,,,,,,110.0,3324,Weekly Grocery Store Specialty Crops Feature Activity,2026-09-26T13:56:27+00:00
20640e575b44a5ff,2022-09-23,Lettuce,Iceberg,each,,,,,No,,,,,,,,1.52,$/each,1.52,per each,National,retail,,,,,,,,289.0,3324,Weekly Grocery Store Specialty Crops Feature Activity,2026-09-26T13:56:27+00:00
98f5b0c827008e8c,2022-09-23,Lettuce,Iceberg,each,,,,,Yes,,,,,,,,2.29,$/each,2.29,per each,National,retail,,,,,,,,7.0,3324,Weekly Grocery Store Specialty Crops Feature Activity,2026-09-26T13:56:27+00:00
6d2928ce56b3edb0,2022-09-23,Lettuce,Red Leaf,each,,,,,No,,,,,,,,1.53,$/each,1.53,per each,National,retail,,,,,,,,481.0,3324,Weekly Grocery Store Specialty Crops Feature Activity,2026-09-26T13:56:27+00:00
d35f0e17849d75c7,2022-09-23,Lettuce,Red Leaf,each,,,,,Yes,,,,,,,,1.79,$/each,1.79,per each,National,retail,,,,,,,,130.0,3324,Weekly Grocery Store Specialty Crops Feature Activity,2026-09-26T13:56:27+00:00
32d23a7a1324f55d,2022-09-23,Lettuce,Red Leaf,per lb,,,,,No,,,,,,,,1.96,$/per lb,1.96,per lb,National,retail,,,,,,,,110.0,3324,Weekly Grocery Store Specialty Crops Feature Activity,2026-09-26T13:56:27+00:00
1c5b4e9c2670b2e6,2022-09-23,Lettuce,Romaine,each,,,,,Yes,,,,,,,,2.0,$/each,2.0,per each,National,retail,,,,,,,,39.0,3324,Weekly Grocery Store Specialty Crops Feature Activity,2026-09-26T13:56:27+00:00
eacf94845b5527d7,2022-09-23,Lettuce,Romaine,each,,,,,No,,,,,,,,1.5,$/each,1.5,per each,National,retail,,,,,,,,472.0,3324,Weekly Grocery Store Specialty Crops Feature Activity,2026-09-26T13:56:27+00:00
b581646f0b5afe9a,2022-09-23,Lettuce,Romaine,per lb,,,,,No,,,,,,,,1.81,$/per lb,1.81,per lb,National,retail,,,,,,,,159.0,3324,Weekly Grocery Store Specialty Crops Feature Activity,2026-09-26T13:56:27+00:00
8d29f4b06fd1f0ae,2022-09-23,Lettuce,Romaine (Hearts),3 count,,,,,Yes,,,,,,,,3.91,$/3 count,,,National,retail,,,,,,,,391.0,3324,Weekly Grocery Store Specialty Crops Feature Activity,2026-09-26T13:56:27+00:00
a879c1dac061fdf6,2022-09-23,Lettuce,Romaine (Hearts),3 count,,,,,No,,,,,,,,2.94,$/3 count,,,National,retail,,,,,,,,470.0,3324,Weekly Grocery Store Specialty Crops Feature Activity,2026-09-26T13:56:27+00:00
3764c0d0846d1926,2022-09-23,Limes,,each,,,,,No,,,,,,,,0.46,$/each,0.46,per each,National,retail,,,,,,,,1780.0,3324,Weekly Grocery Store Specialty Crops Feature Activity,2026-09-26T13:56:27+00:00
5bcbb503e2d428fd,2022-09-23,Limes,,per lb,,,,,No,,,,,,,,0.75,$/per lb,0.75,per lb,National,retail,,,,,,,,138.0,3324,Weekly Grocery Store Specialty Crops Feature Activity,2026-09-26T13:56:27+00:00
6eea8f13a333ef20,2022-09-23,"Onions, Dry",RED,2 lb bag,,,,,Yes,,,,,,,,2.99,$/2 lb bag,1.495,per lb,National,retail,,,,,,,,50.0,3324,Weekly Grocery Store Specialty Crops Feature Activity,2026-09-26T13:56:27+00:00
79e8a9fc250e26ce,2022-09-23,"Onions, Dry",RED,2 lb bag,,,,,No,,,,,,,,2.79,$/2 lb bag,1.395,per lb,National,retail,,,,,,,,390.0,3324,Weekly Grocery Store Specialty Crops Feature Activity,2026-09-26T13:56:27+00:00
0a312ff2c8776e03,2022-09-23,"Onions, Dry",RED,per lb,,,,,No,,,,,,,,1.16,$/per lb,1.16,per lb,National,retail,,,,,,,,409.0,3324,Weekly Grocery Store Specialty Crops Feature Activity,2026-09-26T13:56:27+00:00
db9159431e31a287,2022-09-23,"Onions, Dry",WHITE,2 lb bag,,,,,No,,,,,,,,2.0,$/2 lb bag,1.0,per lb,National,retail,,,,,,,,10.0,3324,Weekly Grocery Store Specialty Crops Feature Activity,2026-09-26T13:56:27+00:00
ced8b0fd8917efc7,2022-09-23,"Onions, Dry",WHITE,per lb,,,,,Yes,,,,,,,,1.99,$/per lb,1.99,per lb,National,retail,,,,,,,,4.0,3324,Weekly Grocery Store Specialty Crops Feature Activity,2026-09-26T13:56:27+00:00
e3da4aa9c880e2f2,2022-09-23,"Onions, Dry",WHITE,per lb,,,,,No,,,,,,,,1.39,$/per lb,1.39,per lb,National,retail,,,,,,,,1329.0,3324,Weekly Grocery Store Specialty Crops Feature Activity,2026-09-26T13:56:27+00:00
44c23e8c08b575b0,2022-09-23,"Onions, Dry",YELLOW,2 lb bag,,,,,Yes,,,,,,,,2.99,$/2 lb bag,1.495,per lb,National,retail,,,,,,,,7.0,3324,Weekly Grocery Store Specialty Crops Feature Activity,2026-09-26T13:56:27+00:00
f66c2a0fb7dee846,2022-09-23,"Onions, Dry",YELLOW,2 lb bag,,,,,No,,,,,,,,1.64,$/2 lb bag,0.82,per lb,National,retail,,,,,,,,477.0,3324,Weekly Grocery Store Specialty Crops Feature Activity,2026-09-26T13:56:27+00:00
6c0a3a1728c5e30b,2022-09-23,"Onions, Dry",YELLOW,3 lb bag,,,,,Yes,,,,,,,,5.71,$/3 lb bag,1.9033,per lb,National,retail,,,,,,,,299.0,3324,Weekly Grocery Store Specialty Crops Feature Activity,2026-09-26T13:56:27+00:00
c714980034ac4781,2022-09-23,"Onions, Dry",YELLOW,3 lb bag,,,,,No,,,,,,,,2.77,$/3 lb bag,0.9233,per lb,National,retail,,,,,,,,1614.0,3324,Weekly Grocery Store Specialty Crops Feature Activity,2026-09-26T13:56:27+00:00
06d9fb081098299e,2022-09-23,"Onions, Dry",YELLOW,per lb,,,,,No,,,,,,,,0.93,$/per lb,0.93,per lb,National,retail,,,,,,,,607.0,3324,Weekly Grocery Store Specialty Crops Feature Activity,2026-09-26T13:56:27+00:00
f226817093f0f970,2022-09-23,"Onions, Dry",YELLOW,per lb,,,,,Yes,,,,,,,,1.19,$/per lb,1.19,per lb,National,retail,,,,,,,,130.0,3324,Weekly Grocery Store Specialty Crops Feature Activity,2026-09-26T13:56:27+00:00
6a949458d4ab0f3b,2022-09-23,"Onions, Dry",YELLOW MARKED SWEET,2 lb bag,,,,,Yes,,,,,,,,4.99,$/2 lb bag,2.495,per lb,National,retail,,,,,,,,16.0,3324,Weekly Grocery Store Specialty Crops Feature Activity,2026-09-26T13:56:27+00:00
69946d7e565e1a07,2022-09-23,"Onions, Dry",YELLOW MARKED SWEET,3 lb bag,,,,,No,,,,,,,,3.05,$/3 lb bag,1.0167,per lb,National,retail,,,,,,,,470.0,3324,Weekly Grocery Store Specialty Crops Feature Activity,2026-09-26T13:56:27+00:00
3f5456649e1b0628,2022-09-23,"Onions, Dry",YELLOW MARKED SWEET,5 lb bag,,,,,No,,,,,,,,4.95,$/5 lb bag,0.99,per lb,National,retail,,,,,,,,1031.0,3324,Weekly Grocery Store Specialty Crops Feature Activity,2026-09-26T13:56:27+00:00
7487f80d48d2566a,2022-09-23,"Onions, Dry",YELLOW MARKED SWEET,per lb,,,,,Yes,,,,,,,,1.49,$/per lb,1.49,per lb,National,retail,,,,,,,,11.0,3324,Weekly Grocery Store Specialty Crops Feature Activity,2026-09-26T13:56:27+00:00
aa71eca10381a4fa,2022-09-23,"Onions, Dry",YELLOW MARKED SWEET,per lb,,,,,No,,,,,,,,1.33,$/per lb,1.33,per lb,National,retail,,,,,,,,1781.0,3324,Weekly Grocery Store Specialty Crops Feature Activity,2026-09-26T13:56:27+00:00
854a23e34522d564,2022-09-23,"Peppers, Bell Type",GREEN,each,,,,,No,,,,,,,,0.77,$/each,0.77,per each,National,retail,,,,,,,,2220.0,3324,Weekly Grocery Store Specialty Crops Feature Activity,2026-09-26T13:56:27+00:00
b159899c824e3271,2022-09-23,"Peppers, Bell Type",GREEN,each,,,,,Yes,,,,,,,,0.89,$/each,0.89,per each,National,retail,,,,,,,,19.0,3324,Weekly Grocery Store Specialty Crops Feature Activity,2026-09-26T13:56:27+00:00
22469d7306004c78,2022-09-23,"Peppers, Bell Type",GREEN,per lb,,,,,No,,,,,,,,1.32,$/per lb,1.32,per lb,National,retail,,,,,,,,797.0,3324,Weekly Grocery Store Specialty Crops Feature Activity,2026-09-26T13:56:27+00:00
cd3e19ec3bc4fde0,2022-09-23,"Peppers, Bell Type",ORANGE,each,,,,,No,,,,,,,,1.2,$/each,1.2,per each,National,retail,,,environment=Greenhouse,,,,,526.0,3324,Weekly Grocery Store Specialty Crops Feature Activity,2026-09-26T13:56:27+00:00
ddf3baec521435e5,2022-09-23,"Peppers, Bell Type",ORANGE,each,,,,,No,,,,,,,,1.2,$/each,1.2,per each,National,retail,,,,,,,,1288.0,3324,Weekly Grocery Store Specialty Crops Feature Activity,2026-09-26T13:56:27+00:00
5a79aaa6fd75d5e2,2022-09-23,"Peppers, Bell Type",ORANGE,per lb,,,,,No,,,,,,,,2.97,$/per lb,2.97,per lb,National,retail,,,environment=Greenhouse,,,,,9.0,3324,Weekly Grocery Store Specialty Crops Feature Activity,2026-09-26T13:56:27+00:00
f9c76179f8a2cea3,2022-09-23,"Peppers, Bell Type",ORANGE,per lb,,,,,No,,,,,,,,2.97,$/per lb,2.97,per lb,National,retail,,,,,,,,108.0,3324,Weekly Grocery Store Specialty Crops Feature Activity,2026-09-26T13:56:27+00:00
209faf450082571e,2022-09-23,"Peppers, Bell Type",RED,each,,,,,No,,,,,,,,1.16,$/each,1.16,per each,National,retail,,,environment=Greenhouse,,,,,526.0,3324,Weekly Grocery Store Specialty Crops Feature Activity,2026-09-26T13:56:27+00:00
affef60b8c2d7bd2,2022-09-23,"Peppers, Bell Type",RED,each,,,,,No,,,,,,,,1.16,$/each,1.16,per each,National,retail,,,,,,,,2382.0,3324,Weekly Grocery Store Specialty Crops Feature Activity,2026-09-26T13:56:27+00:00
e4bac03c1f07e46e,2022-09-23,"Peppers, Bell Type",RED,each,,,,,Yes,,,,,,,,1.99,$/each,1.99,per each,National,retail,,,,,,,,74.0,3324,Weekly Grocery Store Specialty Crops Feature Activity,2026-09-26T13:56:27+00:00
570f1fe489506f95,2022-09-23,"Peppers, Bell Type",RED,per lb,,,,,No,,,,,,,,2.82,$/per lb,2.82,per lb,National,retail,,,,,,,,565.0,3324,Weekly Grocery Store Specialty Crops Feature Activity,2026-09-26T13:56:27+00:00
82c0d6e4e274cbe6,2022-09-23,"Peppers, Bell Type",RED,per lb,,,,,No,,,,,,,,2.82,$/per lb,2.82,per lb,National,retail,,,environment=Greenhouse,,,,,9.0,3324,Weekly Grocery Store Specialty Crops Feature Activity,2026-09-26T13:56:27+00:00
9f617a5444d13192,2022-09-23,"Peppers, Bell Type",RED,per lb,,,,,Yes,,,,,,,,4.33,$/per lb,4.33,per lb,National,retail,,,,,,,,32.0,3324,Weekly Grocery Store Specialty Crops Feature Activity,2026-09-26T13:56:27+00:00
eff5688a997dd84a,2022-09-23,"Peppers, Bell Type",YELLOW,each,,,,,No,,,,,,,,1.25,$/each,1.25,per each,National,retail,,,,,,,,1602.0,3324,Weekly Grocery Store Specialty Crops Feature Activity,2026-09-26T13:56:27+00:00
f497fb32635fdaba,2022-09-23,"Peppers, Bell Type",YELLOW,each,,,,,No,,,,,,,,1.25,$/each,1.25,per each,National,retail,,,environment=Greenhouse,,,,,526.0,3324,Weekly Grocery Store Specialty Crops Feature Activity,2026-09-26T13:56:27+00:00
a8aabb5f455fffa7,2022-09-23,"Peppers, Bell Type",YELLOW,per lb,,,,,No,,,,,,,,2.97,$/per lb,2.97,per lb,National,retail,,,,,,,,108.0,3324,Weekly Grocery Store Specialty Crops Feature Activity,2026-09-26T13:56:27+00:00
daa8aabd578c47a0,2022-09-23,"Peppers, Bell Type",YELLOW,per lb,,,,,No,,,,,,,,2.97,$/per lb,2.97,per lb,National,retail,,,environment=Greenhouse,,,,,9.0,3324,Weekly Grocery Store Specialty Crops Feature Activity,2026-09-26T13:56:27+00:00
1c037568e390a8d9,2022-09-23,Potatoes,ROUND RED,3 lb bag,,,,,Yes,,,,,,,,3.77,$/3 lb bag,1.2567,per lb,National,retail,,,,,,,,175.0,3324,Weekly Grocery Store Specialty Crops Feature Activity,2026-09-26T13:56:27+00:00
32e5750965458384,2022-09-23,Potatoes,ROUND RED,3 lb bag,,,,,No,,,,,,,,3.99,$/3 lb bag,1.33,per lb,National,retail,,,,,,,,67.0,3324,Weekly Grocery Store Specialty Crops Feature Activity,2026-09-26T13:56:27+00:00
5f639d8ac9b45183,2022-09-23,Potatoes,ROUND RED,5 lb bag,,,,,No,,,,,,,,5.13,$/5 lb bag,1.026,per lb,National,retail,,,,,,,,1975.0,3324,Weekly Grocery Store Specialty Crops Feature Activity,2026-09-26T13:56:27+00:00
b5a13f39838c6b3d,2022-09-23,Potatoes,ROUND RED,per lb,,,,,No,,,,,,,,1.12,$/per lb,1.12,per lb,National,retail,,,,,,,,359.0,3324,Weekly Grocery Store Specialty Crops Feature Activity,2026-09-26T13:56:27+00:00
dc2e38860126c2a7,2022-09-23,Potatoes,ROUND RED,per lb,,,,,Yes,,,,,,,,1.49,$/per lb,1.49,per lb,National,retail,,,,,,,,6.0,3324,Weekly Grocery Store Specialty Crops Feature Activity,2026-09-26T13:56:27+00:00
c8b88ae50926bc7e,2022-09-23,Potatoes,ROUND WHITE,10 lb bag,,,,,No,,,,,,,,3.97,$/10 lb bag,0.397,per lb,National,retail,,,,,,,,68.0,3324,Weekly Grocery Store Specialty Crops Feature Activity,2026-09-26T13:56:27+00:00
ab60fd271893eb48,2022-09-23,Potatoes,ROUND WHITE,3 lb bag,,,,,No,,,,,,,,3.0,$/3 lb bag,1.0,per lb,National,retail,,,,,,,,7.0,3324,Weekly Grocery Store Specialty Crops Feature Activity,2026-09-26T13:56:27+00:00
ad332114a46dc78b,2022-09-23,Potatoes,ROUND WHITE,5 lb bag,,,,,No,,,,,,,,3.47,$/5 lb bag,0.694,per lb,National,retail,,,,,,,,695.0,3324,Weekly Grocery Store Specialty Crops Feature Activity,2026-09-26T13:56:27+00:00
8a482ddab469e170,2022-09-23,Potatoes,ROUND WHITE,per lb,,,,,No,,,,,,,,1.29,$/per lb,1.29,per lb,National,retail,,,,,,,,17.0,3324,Weekly Grocery Store Specialty Crops Feature Activity,2026-09-26T13:56:27+00:00
c1621dd23a7427db,2022-09-23,Potatoes,RUSSET,10 lb bag,,,,,No,,,,,,,,4.77,$/10 lb bag,0.477,per lb,National,retail,,,,,,,,256.0,3324,Weekly Grocery Store Specialty Crops Feature Activity,2026-09-26T13:56:27+00:00
34531a990592e648,2022-09-23,Potatoes,RUSSET,3 lb bag,,,,,Yes,,,,,,,,3.76,$/3 lb bag,1.2533,per lb,National,retail,,,,,,,,174.0,3324,Weekly Grocery Store Specialty Crops Feature Activity,2026-09-26T13:56:27+00:00
b90beba5bc199d4c,2022-09-23,Potatoes,RUSSET,3 lb bag,,,,,No,,,,,,,,1.68,$/3 lb bag,0.56,per lb,National,retail,,,,,,,,118.0,3324,Weekly Grocery Store Specialty Crops Feature Activity,2026-09-26T13:56:27+00:00
47ef66408542ed29,2022-09-23,Potatoes,RUSSET,5 lb bag,,,,,No,,,,,,,,2.94,$/5 lb bag,0.588,per lb,National,retail,,,,,,,,1615.0,3324,Weekly Grocery Store Specialty Crops Feature Activity,2026-09-26T13:56:27+00:00
b712f1ae6350bd16,2022-09-23,Potatoes,RUSSET,8 lb bag,,,,,No,,,,,,,,4.63,$/8 lb bag,0.5787,per lb,National,retail,,,,,,,,596.0,3324,Weekly Grocery Store Specialty Crops Feature Activity,2026-09-26T13:56:27+00:00
a4ab5c28283a1d28,2022-09-23,Potatoes,RUSSET,per lb,,,,,No,,,,,,,,1.08,$/per lb,1.08,per lb,National,retail,,,,,,,,420.0,3324,Weekly Grocery Store Specialty Crops Feature Activity,2026-09-26T13:56:27+00:00
cb7418bd2ac9f85f,2022-09-23,Potatoes,RUSSET,per lb,,,,,Yes,,,,,,,,1.79,$/per lb,1.79,per lb,National,retail,,,,,,,,134.0,3324,Weekly Grocery Store Specialty Crops Feature Activity,2026-09-26T13:56:27+00:00
706804d8d08812f3,2022-09-23,Potatoes,YELLOW TYPE,3 lb bag,,,,,Yes,,,,,,,,3.8,$/3 lb bag,1.2667,per lb,National,retail,,,,,,,,190.0,3324,Weekly Grocery Store Specialty Crops Feature Activity,2026-09-26T13:56:27+00:00
aa5a6534d1844496,2022-09-23,Potatoes,YELLOW TYPE,3 lb bag,,,,,No,,,,,,,,3.78,$/3 lb bag,1.26,per lb,National,retail,,,,,,,,201.0,3324,Weekly Grocery Store Specialty Crops Feature Activity,2026-09-26T13:56:27+00:00
909695e52c2563b6,2022-09-23,Potatoes,YELLOW TYPE,5 lb bag,,,,,No,,,,,,,,4.01,$/5 lb bag,0.802,per lb,National,retail,,,,,,,,1472.0,3324,Weekly Grocery Store Specialty Crops Feature Activity,2026-09-26T13:56:27+00:00
99f9507ae0e43b28,2022-09-23,Potatoes,YELLOW TYPE,per lb,,,,,Yes,,,,,,,,1.49,$/per lb,1.49,per lb,National,retail,,,,,,,,6.0,3324,Weekly Grocery Store Specialty Crops Feature Activity,2026-09-26T13:56:27+00:00
c12e1c96dfb6c011,2022-09-23,Potatoes,YELLOW TYPE,per lb,,,,,No,,,,,,,,1.16,$/per lb,1.16,per lb,National,retail,,,,,,,,141.0,3324,Weekly Grocery Store Specialty Crops Feature Activity,2026-09-26T13:56:27+00:00
1366a781bc501122,2022-09-23,Strawberries,,1 lb package,,,,,Yes,,,,,,,,4.23,$/1 lb package,4.23,per lb,National,retail,,,,,,,,667.0,3324,Weekly Grocery Store Specialty Crops Feature Activity,2026-09-26T13:56:27+00:00
7d2f29ace1598088,2022-09-23,Strawberries,,1 lb package,,,,,No,,,,,,,,2.96,$/1 lb package,2.96,per lb,National,retail,,,,,,,,2834.0,3324,Weekly Grocery Store Specialty Crops Feature Activity,2026-09-26T13:56:27+00:00
84543da5fe9c16c5,2022-09-23,Tomatoes,,per lb,,,,,No,,,,,,,,1.85,$/per lb,1.85,per lb,National,retail,,,,,,,,1852.0,3324,Weekly Grocery Store Specialty Crops Feature Activity,2026-09-26T13:56:27+00:00
85064cef02f6537f,2022-09-23,Tomatoes,,per lb,,,,,Yes,,,,,,,,2.72,$/per lb,2.72,per lb,National,retail,,,,,,,,243.0,3324,Weekly Grocery Store Specialty Crops Feature Activity,2026-09-26T13:56:27+00:00
3a2a3acddfe22776,2022-09-23,Tomatoes,Cherry Type,1 pint package,,,,,Yes,,,,,,,,3.89,$/1 pint package,,,National,retail,,,,,,,,1.0,3324,Weekly Grocery Store Specialty Crops Feature Activity,2026-09-26T13:56:27+00:00
82d609eaf735ba30,2022-09-23,Tomatoes,Cherry Type,1 pint package,,,,,No,,,,,,,,2.53,$/1 pint package,,,National,retail,,,,,,,,160.0,3324,Weekly Grocery Store Specialty Crops Feature Activity,2026-09-26T13:56:27+00:00
1158a0b4b2e802f5,2022-09-23,Tomatoes,GRAPE TYPE,1 pint package,,,,,No,,,,,,,,2.26,$/1 pint package,,,National,retail,,,,,,,,2666.0,3324,Weekly Grocery Store Specialty Crops Feature Activity,2026-09-26T13:56:27+00:00
5b507a82c60cc5b0,2022-09-23,Tomatoes,GRAPE TYPE,1 pint package,,,,,Yes,,,,,,,,2.63,$/1 pint package,,,National,retail,,,,,,,,696.0,3324,Weekly Grocery Store Specialty Crops Feature Activity,2026-09-26T13:56:27+00:00
4c09fca686425275,2022-09-23,Tomatoes,GRAPE TYPE,10 oz package,,,,,Yes,,,,,,,,3.38,$/10 oz package,5.408,per lb,National,retail,,,,,,,,1118.0,3324,Weekly Grocery Store Specialty Crops Feature Activity,2026-09-26T13:56:27+00:00
86e6296caa1d8320,2022-09-23,Tomatoes,GRAPE TYPE,10 oz package,,,,,No,,,,,,,,2.83,$/10 oz package,4.528,per lb,National,retail,,,,,,,,940.0,3324,Weekly Grocery Store Specialty Crops Feature Activity,2026-09-26T13:56:27+00:00
1fee319cf7106182,2022-09-23,Tomatoes,Plum Type (Roma),per lb,,,,,No,,,,,,,,1.14,$/per lb,1.14,per lb,National,retail,,,,,,,,2344.0,3324,Weekly Grocery Store Specialty Crops Feature Activity,2026-09-26T13:56:27+00:00
ea285d67ce975c1c,2022-09-23,Tomatoes,Plum Type (Roma),per lb,,,,,Yes,,,,,,,,2.95,$/per lb,2.95,per lb,National,retail,,,,,,,,515.0,3324,Weekly Grocery Store Specialty Crops Feature Activity,2026-09-26T13:56:27+00:00
3ef1165b2fe122d0,2022-09-23,Tomatoes,VINE RIPES,per lb,,,,,No,,,,,,,,1.83,$/per lb,1.83,per lb,National,retail,,,environment=Greenhouse,,,,,1194.0,3324,Weekly Grocery Store Specialty Crops Feature Activity,2026-09-26T13:56:27+00:00
9d05d75091499cec,2022-09-23,Tomatoes,VINE RIPES,per lb,,,,,No,,,,,,,,1.83,$/per lb,1.83,per lb,National,retail,,,,,,,,562.0,3324,Weekly Grocery Store Specialty Crops Feature Activity,2026-09-26T13:56:27+00:00
3f1b8b2046587601,2022-09-23,Tomatoes,VINE RIPES - ON THE VINE,per lb,,,,,No,,,,,,,,1.67,$/per lb,1.67,per lb,National,retail,,,environment=Greenhouse,,,,,4312.0,3324,Weekly Grocery Store Specialty Crops Feature Activity,2026-09-26T13:56:27+00:00
a8600a268fdda56f,2022-09-23,Tomatoes,VINE RIPES - ON THE VINE,per lb,,,,,Yes,,,,,,,,3.63,$/per lb,3.63,per lb,National,retail,,,environment=Greenhouse,,,,,385.0,3324,Weekly Grocery Store Specialty Crops Feature Activity,2026-09-26T13:56:27+00:00
83fb977665af2fa7,2022-09-23,Tomatoes,Vine Ripes - Heirloom Varieties,per lb,,,,,No,,,,,,,,2.08,$/per lb,2.08,per lb,National,retail,,,environment=Greenhouse,,,,,64.0,3324,Weekly Grocery Store Specialty Crops Feature Activity,2026-09-26T13:56:27+00:00
f29d3e636fd81ec3,2022-09-23,Tomatoes,Vine Ripes - Heirloom Varieties,per lb,,,,,Yes,,,,,,,,4.15,$/per lb,4.15,per lb,National,retail,,,environment=Greenhouse,,,,,39.0,3324,Weekly Grocery Store Specialty Crops Feature Activity,2026-09-26T13:56:27+00:00
70b5a506b999fd38,2022-09-23,Avocados,HASS,each,,,,,No,,,,,,,,1.2,$/each,1.2,per each,Northeast,retail,,,,,,,,1656.0,3324,Weekly Grocery Store Specialty Crops Feature Activity,2026-09-26T13:56:27+00:00
d428efe11b557d55,2022-09-23,Avocados,HASS,each,,,,,Yes,,,,,,,,1.78,$/each,1.78,per each,Northeast,retail,,,,,,,,293.0,3324,Weekly Grocery Store Specialty Crops Feature Activity,2026-09-26T13:56:27+00:00
0e1688ff93911fd6,2022-09-23,Bananas,,per lb,,,,,No,,,,,,,,0.59,$/per lb,0.59,per lb,Northeast,retail,,,,,,,,61.0,3324,Weekly Grocery Store Specialty Crops Feature Activity,2026-09-26T13:56:27+00:00
9c74e8172eabd52a,2022-09-23,Bananas,,per lb,,,,,Yes,,,,,,,,0.92,$/per lb,0.92,per lb,Northeast,retail,,,,,,,,448.0,3324,Weekly Grocery Store Specialty Crops Feature Activity,2026-09-26T13:56:27+00:00
5ec498e7a94215d7,2022-09-23,Blueberries,,1 pint package,,,,,Yes,,,,,,,,3.82,$/1 pint package,,,Northeast,retail,,,,,,,,125.0,3324,Weekly Grocery Store Specialty Crops Feature Activity,2026-09-26T13:56:27+00:00
76008ab9647753fd,2022-09-23,Blueberries,,1 pint package,,,,,No,,,,,,,,3.53,$/1 pint package,,,Northeast,retail,,,,,,,,402.0,3324,Weekly Grocery Store Specialty Crops Feature Activity,2026-09-26T13:56:27+00:00
1907f63742166e2d,2022-09-23,Blueberries,,18 oz package,,,,,No,,,,,,,,5.99,$/18 oz package,5.3244,per lb,Northeast,retail,,,,,,,,28.0,3324,Weekly Grocery Store Specialty Crops Feature Activity,2026-09-26T13:56:27+00:00
afe82e484b2388b8,2022-09-23,Blueberries,,6 oz package,,,,,No,,,,,,,,3.0,$/6 oz package,8.0,per lb,Northeast,retail,,,,,,,,16.0,3324,Weekly Grocery Store Specialty Crops Feature Activity,2026-09-26T13:56:27+00:00
fe44ef44de020d9c,2022-09-23,Blueberries,,6 oz package,,,,,Yes,,,,,,,,3.85,$/6 oz package,10.2667,per lb,Northeast,retail,,,,,,,,623.0,3324,Weekly Grocery Store Specialty Crops Feature Activity,2026-09-26T13:56:27+00:00
bd7767c645ab7e88,2022-09-23,Broccoli,,per bunch,,,,,No,,,,,,,,2.73,$/per bunch,,,Northeast,retail,,,,,,,,122.0,3324,Weekly Grocery Store Specialty Crops Feature Activity,2026-09-26T13:56:27+00:00
e972c5df4b06b7ca,2022-09-23,Broccoli,,per bunch,,,,,Yes,,,,,,,,3.49,$/per bunch,,,Northeast,retail,,,,,,,,5.0,3324,Weekly Grocery Store Specialty Crops Feature Activity,2026-09-26T13:56:27+00:00
0c6a6237cb321977,2022-09-23,Broccoli,CROWN CUT,per lb,,,,,Yes,,,,,,,,4.99,$/per lb,4.99,per lb,Northeast,retail,,,,,,,,183.0,3324,Weekly Grocery Store Specialty Crops Feature Activity,2026-09-26T13:56:27+00:00
e41d108bd3301bc5,2022-09-23,Broccoli,CROWN CUT,per lb,,,,,No,,,,,,,,1.54,$/per lb,1.54,per lb,Northeast,retail,,,,,,,,1151.0,3324,Weekly Grocery Store Specialty Crops Feature Activity,2026-09-26T13:56:27+00:00
924f2775ddcf48b2,2022-09-23,Carrots,,1 lb bag,,,,,Yes,,,,,,,,1.29,$/1 lb bag,1.29,per lb,Northeast,retail,,,,,,,,59.0,3324,Weekly Grocery Store Specialty Crops Feature Activity,2026-09-26T13:56:27+00:00
092511a997f7adfa,2022-09-23,Carrots,,2 lb bag,,,,,No,,,,,,,,2.4,$/2 lb bag,1.2,per lb,Northeast,retail,,,,,,,,371.0,3324,Weekly Grocery Store Specialty Crops Feature Activity,2026-09-26T13:56:27+00:00
d95109f8c4df2c8e,2022-09-23,Carrots,,2 lb bag,,,,,Yes,,,,,,,,2.99,$/2 lb bag,1.495,per lb,Northeast,retail,,,,,,,,271.0,3324,Weekly Grocery Store Specialty Crops Feature Activity,2026-09-26T13:56:27+00:00
6f8f60ecb4f28ce0,2022-09-23,Carrots,,per bunch,,,,,Yes,,,,,,,,2.49,$/per bunch,,,Northeast,retail,,,,,,,,9.0,3324,Weekly Grocery Store Specialty Crops Feature Activity,2026-09-26T13:56:27+00:00
e7ea46121eafd265,2022-09-23,Carrots,,per bunch,,,,,No,,,,,,,,2.49,$/per bunch,,,Northeast,retail,,,,,,,,133.0,3324,Weekly Grocery Store Specialty Crops Feature Activity,2026-09-26T13:56:27+00:00
28feb6ec29caa1bb,2022-09-23,Carrots,,per lb,,,,,No,,,,,,,,0.97,$/per lb,0.97,per lb,Northeast,retail,,,,,,,,30.0,3324,Weekly Grocery Store Specialty Crops Feature Activity,2026-09-26T13:56:27+00:00
2f043417efc03a48,2022-09-23,Carrots,BABY PEELED,1 lb bag,,,,,Yes,,,,,,,,2.17,$/1 lb bag,2.17,per lb,Northeast,retail,,,,,,,,417.0,3324,Weekly Grocery Store Specialty Crops Feature Activity,2026-09-26T13:56:27+00:00
8d9c83902596ba55,2022-09-23,Carrots,BABY PEELED,1 lb bag,,,,,No,,,,,,,,1.51,$/1 lb bag,1.51,per lb,Northeast,retail,,,,,,,,1353.0,3324,Weekly Grocery Store Specialty Crops Feature Activity,2026-09-26T13:56:27+00:00
c3fd1f7d429fe472,2022-09-23,Celery,,each,,,,,Yes,,,,,,,,2.99,$/each,2.99,per each,Northeast,retail,,,,,,,,123.0,3324,Weekly Grocery Store Specialty Crops Feature Activity,2026-09-26T13:56:27+00:00
f7da4af7753f938c,2022-09-23,Celery,,each,,,,,No,,,,,,,,1.41,$/each,1.41,per each,Northeast,retail,,,,,,,,189.0,3324,Weekly Grocery Store Specialty Crops Feature Activity,2026-09-26T13:56:27+00:00
290b9dd10efa6b8a,2022-09-23,Celery,HEARTS,each,,,,,No,,,,,,,,3.42,$/each,3.42,per each,Northeast,retail,,,,,,,,22.0,3324,Weekly Grocery Store Specialty Crops Feature Activity,2026-09-26T13:56:27+00:00
8ea14cfee6124018,2022-09-23,Celery,HEARTS,each,,,,,Yes,,,,,,,,2.7,$/each,2.7,per each,Northeast,retail,,,,,,,,132.0,3324,Weekly Grocery Store Specialty Crops Feature Activity,2026-09-26T13:56:27+00:00
d872a5f32f2c6167,2022-09-23,Celery,HEARTS,per lb,,,,,Yes,,,,,,,,2.5,$/per lb,2.5,per lb,Northeast,retail,,,,,,,,22.0,3324,Weekly Grocery Store Specialty Crops Feature Activity,2026-09-26T13:56:27+00:00
7b3e524abdf2a597,2022-09-23,Cucumbers,,each,,,,,No,,,,,,,,0.75,$/each,0.75,per each,Northeast,retail,,,,,,,,582.0,3324,Weekly Grocery Store Specialty Crops Feature Activity,2026-09-26T13:56:27+00:00
4bbccddb76ede266,2022-09-23,Cucumbers,LONG SEEDLESS,each,,,,,No,,,,,,,,1.29,$/each,1.29,per each,Northeast,retail,,,environment=Greenhouse,,,,,783.0,3324,Weekly Grocery Store Specialty Crops Feature Activity,2026-09-26T13:56:27+00:00
a5d496c51e20e693,2022-09-23,Cucumbers,LONG SEEDLESS,each,,,,,Yes,,,,,,,,2.09,$/each,2.09,per each,Northeast,retail,,,environment=Greenhouse,,,,,101.0,3324,Weekly Grocery Store Specialty Crops Feature Activity,2026-09-26T13:56:27+00:00
2988173c9172faa5,2022-09-23,Grapes,BLACK SEEDLESS,per lb,,,,,Yes,,,,,,,,2.79,$/per lb,2.79,per lb,Northeast,retail,,,,,,,,122.0,3324,Weekly Grocery Store Specialty Crops Feature Activity,2026-09-26T13:56:27+00:00
bf0b9995b7940465,2022-09-23,Grapes,BLACK SEEDLESS,per lb,,,,,No,,,,,,,,2.16,$/per lb,2.16,per lb,Northeast,retail,,,,,,,,853.0,3324,Weekly Grocery Store Specialty Crops Feature Activity,2026-09-26T13:56:27+00:00
197bb44f542c825c,2022-09-23,Grapes,RED SEEDLESS,per lb,,,,,No,,,,,,,,2.0,$/per lb,2.0,per lb,Northeast,retail,,,,,,,,2163.0,3324,Weekly Grocery Store Specialty Crops Feature Activity,2026-09-26T13:56:27+00:00
2b775b577da35509,2022-09-23,Grapes,RED SEEDLESS,per lb,,,,,Yes,,,,,,,,3.04,$/per lb,3.04,per lb,Northeast,retail,,,,,,,,691.0,3324,Weekly Grocery Store Specialty Crops Feature Activity,2026-09-26T13:56:27+00:00
997eee2aaa53ce0d,2022-09-23,Grapes,Red Globe Seeded Type,per lb,,,,,No,,,,,,,,1.99,$/per lb,1.99,per lb,Northeast,retail,,,,,,,,37.0,3324,Weekly Grocery Store Specialty Crops Feature Activity,2026-09-26T13:56:27+00:00
c3ec7381b59ac63a,2022-09-23,Grapes,WHITE SEEDLESS TYPE,per lb,,,,,No,,,,,,,,2.18,$/per lb,2.18,per lb,Northeast,retail,,,,,,,,1789.0,3324,Weekly Grocery Store Specialty Crops Feature Activity,2026-09-26T13:56:27+00:00
ce0630fc28ea7734,2022-09-23,Grapes,WHITE SEEDLESS TYPE,per lb,,,,,Yes,,,,,,,,3.03,$/per lb,3.03,per lb,Northeast,retail,,,,,,,,678.0,3324,Weekly Grocery Store Specialty Crops Feature Activity,2026-09-26T13:56:27+00:00
d3bc12e6277d5184,2022-09-23,Lemons,,2 lb bag,,,,,No,,,,,,,,3.49,$/2 lb bag,1.745,per lb,Northeast,retail,,,,,,,,219.0,3324,Weekly Grocery Store Specialty Crops Feature Activity,2026-09-26T13:56:27+00:00
afc61e0ff44311ca,2022-09-23,Lemons,,each,,,,,No,,,,,,,,0.7,$/each,0.7,per each,Northeast,retail,,,,,,,,342.0,3324,Weekly Grocery Store Specialty Crops Feature Activity,2026-09-26T13:56:27+00:00
2f98391702890b33,2022-09-23,Lettuce,Green Leaf,each,,,,,No,,,,,,,,1.49,$/each,1.49,per each,Northeast,retail,,,,,,,,415.0,3324,Weekly Grocery Store Specialty Crops Feature Activity,2026-09-26T13:56:27+00:00
630c2dc50a2d4060,2022-09-23,Lettuce,Green Leaf,per lb,,,,,No,,,,,,,,1.99,$/per lb,1.99,per lb,Northeast,retail,,,,,,,,78.0,3324,Weekly Grocery Store Specialty Crops Feature Activity,2026-09-26T13:56:27+00:00
3c4d53cf1b0403c9,2022-09-23,Lettuce,Iceberg,each,,,,,No,,,,,,,,1.49,$/each,1.49,per each,Northeast,retail,,,,,,,,98.0,3324,Weekly Grocery Store Specialty Crops Feature Activity,2026-09-26T13:56:27+00:00
b23bd62d9c85f7cc,2022-09-23,Lettuce,Red Leaf,each,,,,,No,,,,,,,,1.49,$/each,1.49,per each,Northeast,retail,,,,,,,,415.0,3324,Weekly Grocery Store Specialty Crops Feature Activity,2026-09-26T13:56:27+00:00
185a92d42c64a8df,2022-09-23,Lettuce,Red Leaf,per lb,,,,,No,,,,,,,,1.99,$/per lb,1.99,per lb,Northeast,retail,,,,,,,,78.0,3324,Weekly Grocery Store Specialty Crops Feature Activity,2026-09-26T13:56:27+00:00
22471cddefdb2649,2022-09-23,Lettuce,Romaine,each,,,,,No,,,,,,,,1.49,$/each,1.49,per each,Northeast,retail,,,,,,,,415.0,3324,Weekly Grocery Store Specialty Crops Feature Activity,2026-09-26T13:56:27+00:00
28a0f289e9f2543e,2022-09-23,Lettuce,Romaine,per lb,,,,,No,,,,,,,,1.79,$/per lb,1.79,per lb,Northeast,retail,,,,,,,,145.0,3324,Weekly Grocery Store Specialty Crops Feature Activity,2026-09-26T13:56:27+00:00
6e763bfe2a5959c8,2022-09-23,Lettuce,Romaine (Hearts),3 count,,,,,Yes,,,,,,,,4.11,$/3 count,,,Northeast,retail,,,,,,,,145.0,3324,Weekly Grocery Store Specialty Crops Feature Activity,2026-09-26T13:56:27+00:00
a8d8bafa030159ca,2022-09-23,Lettuce,Romaine (Hearts),3 count,,,,,No,,,,,,,,2.99,$/3 count,,,Northeast,retail,,,,,,,,41.0,3324,Weekly Grocery Store Specialty Crops Feature Activity,2026-09-26T13:56:27+00:00
cce6e0d44ce068c8,2022-09-23,Limes,,each,,,,,No,,,,,,,,0.51,$/each,0.51,per each,Northeast,retail,,,,,,,,213.0,3324,Weekly Grocery Store Specialty Crops Feature Activity,2026-09-26T13:56:27+00:00
c036065e74373695,2022-09-23,"Onions, Dry",RED,2 lb bag,,,,,No,,,,,,,,2.99,$/2 lb bag,1.495,per lb,Northeast,retail,,,,,,,,123.0,3324,Weekly Grocery Store Specialty Crops Feature Activity,2026-09-26T13:56:27+00:00
6b33b554ccb97884,2022-09-23,"Onions, Dry",RED,per lb,,,,,No,,,,,,,,1.27,$/per lb,1.27,per lb,Northeast,retail,,,,,,,,43.0,3324,Weekly Grocery Store Specialty Crops Feature Activity,2026-09-26T13:56:27+00:00
25d279d1f2dc8a19,2022-09-23,"Onions, Dry",WHITE,per lb,,,,,No,,,,,,,,1.71,$/per lb,1.71,per lb,Northeast,retail,,,,,,,,96.0,3324,Weekly Grocery Store Specialty Crops Feature Activity,2026-09-26T13:56:27+00:00
f565c5a3cd0051bb,2022-09-23,"Onions, Dry",YELLOW,2 lb bag,,,,,No,,,,,,,,1.91,$/2 lb bag,0.955,per lb,Northeast,retail,,,,,,,,208.0,3324,Weekly Grocery Store Specialty Crops Feature Activity,2026-09-26T13:56:27+00:00
38fa9d0af4a51cb7,2022-09-23,"Onions, Dry",YELLOW,3 lb bag,,,,,Yes,,,,,,,,5.73,$/3 lb bag,1.91,per lb,Northeast,retail,,,,,,,,293.0,3324,Weekly Grocery Store Specialty Crops Feature Activity,2026-09-26T13:56:27+00:00
a096b2033e2f3922,2022-09-23,"Onions, Dry",YELLOW,3 lb bag,,,,,No,,,,,,,,2.81,$/3 lb bag,0.9367,per lb,Northeast,retail,,,,,,,,679.0,3324,Weekly Grocery Store Specialty Crops Feature Activity,2026-09-26T13:56:27+00:00
f81a49a8c210675d,2022-09-23,"Onions, Dry",YELLOW MARKED SWEET,2 lb bag,,,,,Yes,,,,,,,,4.99,$/2 lb bag,2.495,per lb,Northeast,retail,,,,,,,,16.0,3324,Weekly Grocery Store Specialty Crops Feature Activity,2026-09-26T13:56:27+00:00
a178732808eeb25f,2022-09-23,"Onions, Dry",YELLOW MARKED SWEET,3 lb bag,,,,,No,,,,,,,,2.99,$/3 lb bag,0.9967,per lb,Northeast,retail,,,,,,,,421.0,3324,Weekly Grocery Store Specialty Crops Feature Activity,2026-09-26T13:56:27+00:00
1f9888e5406d9820,2022-09-23,"Onions, Dry",YELLOW MARKED SWEET,5 lb bag,,,,,No,,,,,,,,4.49,$/5 lb bag,0.898,per lb,Northeast,retail,,,,,,,,74.0,3324,Weekly Grocery Store Specialty Crops Feature Activity,2026-09-26T13:56:27+00:00
f892651d45837ed3,2022-09-23,"Onions, Dry",YELLOW MARKED SWEET,per lb,,,,,No,,,,,,,,1.59,$/per lb,1.59,per lb,Northeast,retail,,,,,,,,82.0,3324,Weekly Grocery Store Specialty Crops Feature Activity,2026-09-26T13:56:27+00:00
9ac83ea810bcdf9b,2022-09-23,"Peppers, Bell Type",GREEN,each,,,,,No,,,,,,,,1.0,$/each,1.0,per each,Northeast,retail,,,,,,,,136.0,3324,Weekly Grocery Store Specialty Crops Feature Activity,2026-09-26T13:56:27+00:00
fc8d8287d08f2ff2,2022-09-23,"Peppers, Bell Type",GREEN,per lb,,,,,No,,,,,,,,1.32,$/per lb,1.32,per lb,Northeast,retail,,,,,,,,542.0,3324,Weekly Grocery Store Specialty Crops Feature Activity,2026-09-26T13:56:27+00:00
09f1fe1bfdd9e6df,2022-09-23,"Peppers, Bell Type",ORANGE,each,,,,,No,,,,,,,,1.0,$/each,1.0,per each,Northeast,retail,,,environment=Greenhouse,,,,,415.0,3324,Weekly Grocery Store Specialty Crops Feature Activity,2026-09-26T13:56:27+00:00
d5c19776c60ed7ba,2022-09-23,"Peppers, Bell Type",ORANGE,each,,,,,No,,,,,,,,1.38,$/each,1.38,per each,Northeast,retail,,,,,,,,43.0,3324,Weekly Grocery Store Specialty Crops Feature Activity,2026-09-26T13:56:27+00:00
68accafa68b52d11,2022-09-23,"Peppers, Bell Type",ORANGE,per lb,,,,,No,,,,,,,,3.81,$/per lb,3.81,per lb,Northeast,retail,,,,,,,,45.0,3324,Weekly Grocery Store Specialty Crops Feature Activity,2026-09-26T13:56:27+00:00
bca2931352328b3d,2022-09-23,"Peppers, Bell Type",ORANGE,per lb,,,,,No,,,,,,,,2.99,$/per lb,2.99,per lb,Northeast,retail,,,environment=Greenhouse,,,,,9.0,3324,Weekly Grocery Store Specialty Crops Feature Activity,2026-09-26T13:56:27+00:00
468da4a116e52181,2022-09-23,"Peppers, Bell Type",RED,each,,,,,No,,,,,,,,1.0,$/each,1.0,per each,Northeast,retail,,,environment=Greenhouse,,,,,415.0,3324,Weekly Grocery Store Specialty Crops Feature Activity,2026-09-26T13:56:27+00:00
a033d105d790d8d4,2022-09-23,"Peppers, Bell Type",RED,each,,,,,No,,,,,,,,1.09,$/each,1.09,per each,Northeast,retail,,,,,,,,179.0,3324,Weekly Grocery Store Specialty Crops Feature Activity,2026-09-26T13:56:27+00:00
193f171c7ab773ae,2022-09-23,"Peppers, Bell Type",RED,per lb,,,,,No,,,,,,,,2.99,$/per lb,2.99,per lb,Northeast,retail,,,environment=Greenhouse,,,,,9.0,3324,Weekly Grocery Store Specialty Crops Feature Activity,2026-09-26T13:56:27+00:00
c526beda58e30df6,2022-09-23,"Peppers, Bell Type",RED,per lb,,,,,No,,,,,,,,2.76,$/per lb,2.76,per lb,Northeast,retail,,,,,,,,250.0,3324,Weekly Grocery Store Specialty Crops Feature Activity,2026-09-26T13:56:27+00:00
a557d446273c9dcd,2022-09-23,"Peppers, Bell Type",YELLOW,each,,,,,No,,,,,,,,1.0,$/each,1.0,per each,Northeast,retail,,,environment=Greenhouse,,,,,415.0,3324,Weekly Grocery Store Specialty Crops Feature Activity,2026-09-26T13:56:27+00:00
cccf24d1b2aca482,2022-09-23,"Peppers, Bell Type",YELLOW,each,,,,,No,,,,,,,,1.38,$/each,1.38,per each,Northeast,retail,,,,,,,,43.0,3324,Weekly Grocery Store Specialty Crops Feature Activity,2026-09-26T13:56:27+00:00
4b3e39723d975a95,2022-09-23,"Peppers, Bell Type",YELLOW,per lb,,,,,No,,,,,,,,3.81,$/per lb,3.81,per lb,Northeast,retail,,,,,,,,45.0,3324,Weekly Grocery Store Specialty Crops Feature Activity,2026-09-26T13:56:27+00:00
cc8a599bee5cec5c,2022-09-23,"Peppers, Bell Type",YELLOW,per lb,,,,,No,,,,,,,,2.99,$/per lb,2.99,per lb,Northeast,retail,,,environment=Greenhouse,,,,,9.0,3324,Weekly Grocery Store Specialty Crops Feature Activity,2026-09-26T13:56:27+00:00
1331622895bff173,2022-09-23,Potatoes,ROUND RED,3 lb bag,,,,,Yes,,,,,,,,3.99,$/3 lb bag,1.33,per lb,Northeast,retail,,,,,,,,70.0,3324,Weekly Grocery Store Specialty Crops Feature Activity,2026-09-26T13:56:27+00:00
9118678e490268c1,2022-09-23,Potatoes,ROUND RED,5 lb bag,,,,,No,,,,,,,,5.32,$/5 lb bag,1.064,per lb,Northeast,retail,,,,,,,,78.0,3324,Weekly Grocery Store Specialty Crops Feature Activity,2026-09-26T13:56:27+00:00
cac13483ad5a52e3,2022-09-23,Potatoes,ROUND RED,per lb,,,,,No,,,,,,,,1.33,$/per lb,1.33,per lb,Northeast,retail,,,,,,,,88.0,3324,Weekly Grocery Store Specialty Crops Feature Activity,2026-09-26T13:56:27+00:00
01d18f9bf89f31d4,2022-09-23,Potatoes,ROUND WHITE,5 lb bag,,,,,No,,,,,,,,3.4,$/5 lb bag,0.68,per lb,Northeast,retail,,,,,,,,420.0,3324,Weekly Grocery Store Specialty Crops Feature Activity,2026-09-26T13:56:27+00:00
9aefb9a79b0518e5,2022-09-23,Potatoes,RUSSET,3 lb bag,,,,,Yes,,,,,,,,3.99,$/3 lb bag,1.33,per lb,Northeast,retail,,,,,,,,70.0,3324,Weekly Grocery Store Specialty Crops Feature Activity,2026-09-26T13:56:27+00:00
aca5319cda65ef7a,2022-09-23,Potatoes,RUSSET,5 lb bag,,,,,No,,,,,,,,3.71,$/5 lb bag,0.742,per lb,Northeast,retail,,,,,,,,431.0,3324,Weekly Grocery Store Specialty Crops Feature Activity,2026-09-26T13:56:27+00:00
c1ce6a56d4b91a24,2022-09-23,Potatoes,RUSSET,8 lb bag,,,,,No,,,,,,,,4.75,$/8 lb bag,0.5938,per lb,Northeast,retail,,,,,,,,482.0,3324,Weekly Grocery Store Specialty Crops Feature Activity,2026-09-26T13:56:27+00:00
61d6b1c5db64f1bf,2022-09-23,Potatoes,YELLOW TYPE,3 lb bag,,,,,Yes,,,,,,,,3.99,$/3 lb bag,1.33,per lb,Northeast,retail,,,,,,,,86.0,3324,Weekly Grocery Store Specialty Crops Feature Activity,2026-09-26T13:56:27+00:00
ad2d65147feb1b89,2022-09-23,Potatoes,YELLOW TYPE,3 lb bag,,,,,No,,,,,,,,3.6,$/3 lb bag,1.2,per lb,Northeast,retail,,,,,,,,108.0,3324,Weekly Grocery Store Specialty Crops Feature Activity,2026-09-26T13:56:27+00:00
31349aebe50393c3,2022-09-23,Potatoes,YELLOW TYPE,5 lb bag,,,,,No,,,,,,,,3.73,$/5 lb bag,0.746,per lb,Northeast,retail,,,,,,,,250.0,3324,Weekly Grocery Store Specialty Crops Feature Activity,2026-09-26T13:56:27+00:00
5913760a4ae1edb0,2022-09-23,Strawberries,,1 lb package,,,,,Yes,,,,,,,,4.98,$/1 lb package,4.98,per lb,Northeast,retail,,,,,,,,214.0,3324,Weekly Grocery Store Specialty Crops Feature Activity,2026-09-26T13:56:27+00:00
ed824c73a73f44e9,2022-09-23,Strawberries,,1 lb package,,,,,No,,,,,,,,3.45,$/1 lb package,3.45,per lb,Northeast,retail,,,,,,,,1047.0,3324,Weekly Grocery Store Specialty Crops Feature Activity,2026-09-26T13:56:27+00:00
55655a230a4cf4e2,2022-09-23,Tomatoes,,per lb,,,,,No,,,,,,,,1.96,$/per lb,1.96,per lb,Northeast,retail,,,,,,,,498.0,3324,Weekly Grocery Store Specialty Crops Feature Activity,2026-09-26T13:56:27+00:00
9f844ed93821b445,2022-09-23,Tomatoes,,per lb,,,,,Yes,,,,,,,,2.99,$/per lb,2.99,per lb,Northeast,retail,,,,,,,,22.0,3324,Weekly Grocery Store Specialty Crops Feature Activity,2026-09-26T13:56:27+00:00
0d7dfc1a3c4bf626,2022-09-23,Tomatoes,GRAPE TYPE,1 pint package,,,,,No,,,,,,,,1.99,$/1 pint package,,,Northeast,retail,,,,,,,,1325.0,3324,Weekly Grocery Store Specialty Crops Feature Activity,2026-09-26T13:56:27+00:00
78c5c40b2bfa3b79,2022-09-23,Tomatoes,GRAPE TYPE,1 pint package,,,,,Yes,,,,,,,,2.67,$/1 pint package,,,Northeast,retail,,,,,,,,412.0,3324,Weekly Grocery Store Specialty Crops Feature Activity,2026-09-26T13:56:27+00:00
7242dbdedd773164,2022-09-23,Tomatoes,GRAPE TYPE,10 oz package,,,,,Yes,,,,,,,,3.0,$/10 oz package,4.8,per lb,Northeast,retail,,,,,,,,183.0,3324,Weekly Grocery Store Specialty Crops Feature Activity,2026-09-26T13:56:27+00:00
f0496a7d95aa52b0,2022-09-23,Tomatoes,GRAPE TYPE,10 oz package,,,,,No,,,,,,,,2.71,$/10 oz package,4.336,per lb,Northeast,retail,,,,,,,,283.0,3324,Weekly Grocery Store Specialty Crops Feature Activity,2026-09-26T13:56:27+00:00
adfe641eca812515,2022-09-23,Tomatoes,Plum Type (Roma),per lb,,,,,Yes,,,,,,,,1.99,$/per lb,1.99,per lb,Northeast,retail,,,,,,,,22.0,3324,Weekly Grocery Store Specialty Crops Feature Activity,2026-09-26T13:56:27+00:00
f1b187b1e71f31e3,2022-09-23,Tomatoes,Plum Type (Roma),per lb,,,,,No,,,,,,,,1.28,$/per lb,1.28,per lb,Northeast,retail,,,,,,,,293.0,3324,Weekly Grocery Store Specialty Crops Feature Activity,2026-09-26T13:56:27+00:00
169f5893d9d25060,2022-09-23,Tomatoes,VINE RIPES,per lb,,,,,No,,,,,,,,2.03,$/per lb,2.03,per lb,Northeast,retail,,,environment=Greenhouse,,,,,153.0,3324,Weekly Grocery Store Specialty Crops Feature Activity,2026-09-26T13:56:27+00:00
4184a0f41bf25821,2022-09-23,Tomatoes,VINE RIPES - ON THE VINE,per lb,,,,,Yes,,,,,,,,3.96,$/per lb,3.96,per lb,Northeast,retail,,,environment=Greenhouse,,,,,261.0,3324,Weekly Grocery Store Specialty Crops Feature Activity,2026-09-26T13:56:27+00:00
fc43167f425b85db,2022-09-23,Tomatoes,VINE RIPES - ON THE VINE,per lb,,,,,No,,,,,,,,1.79,$/per lb,1.79,per lb,Northeast,retail,,,environment=Greenhouse,,,,,266.0,3324,Weekly Grocery Store Specialty Crops Feature Activity,2026-09-26T13:56:27+00:00
13e853d445e93674,2022-09-23,Tomatoes,Vine Ripes - Heirloom Varieties,per lb,,,,,No,,,,,,,,2.99,$/per lb,2.99,per lb,Northeast,retail,,,environment=Greenhouse,,,,,6.0,3324,Weekly Grocery Store Specialty Crops Feature Activity,2026-09-26T13:56:27+00:00
46918a841231619b,2022-09-23,Avocados,HASS,each,,,,,No,,,,,,,,1.42,$/each,1.42,per each,Northwest,retail,,,,,,,,305.0,3324,Weekly Grocery Store Specialty Crops Feature Activity,2026-09-26T13:56:27+00:00
982700528cc634be,2022-09-23,Avocados,HASS,each,,,,,Yes,,,,,,,,2.39,$/each,2.39,per each,Northwest,retail,,,,,,,,227.0,3324,Weekly Grocery Store Specialty Crops Feature Activity,2026-09-26T13:56:27+00:00
047ddd220cd97d1e,2022-09-23,Bananas,,per lb,,,,,Yes,,,,,,,,0.99,$/per lb,0.99,per lb,Northwest,retail,,,,,,,,215.0,3324,Weekly Grocery Store Specialty Crops Feature Activity,2026-09-26T13:56:27+00:00
1abc7f14fed51689,2022-09-23,Blueberries,,1 pint package,,,,,No,,,,,,,,2.79,$/1 pint package,,,Northwest,retail,,,,,,,,23.0,3324,Weekly Grocery Store Specialty Crops Feature Activity,2026-09-26T13:56:27+00:00
45b8c2d00ea4d321,2022-09-23,Blueberries,,18 oz package,,,,,No,,,,,,,,3.99,$/18 oz package,3.5467,per lb,Northwest,retail,,,,,,,,15.0,3324,Weekly Grocery Store Specialty Crops Feature Activity,2026-09-26T13:56:27+00:00
2325d53210abd664,2022-09-23,Blueberries,,6 oz package,,,,,No,,,,,,,,2.5,$/6 oz package,6.6667,per lb,Northwest,retail,,,,,,,,37.0,3324,Weekly Grocery Store Specialty Crops Feature Activity,2026-09-26T13:56:27+00:00
7a7e482dd229fcf8,2022-09-23,Broccoli,,per lb,,,,,Yes,,,,,,,,2.98,$/per lb,2.98,per lb,Northwest,retail,,,,,,,,17.0,3324,Weekly Grocery Store Specialty Crops Feature Activity,2026-09-26T13:56:27+00:00
95ac5116558326b3,2022-09-23,Broccoli,BABY HYBRID TYPE,per bunch,,,,,Yes,,,,,,,,3.99,$/per bunch,,,Northwest,retail,,,,,,,,22.0,3324,Weekly Grocery Store Specialty Crops Feature Activity,2026-09-26T13:56:27+00:00
02ad1d4d24778d72,2022-09-23,Broccoli,CROWN CUT,per lb,,,,,No,,,,,,,,1.49,$/per lb,1.49,per lb,Northwest,retail,,,,,,,,38.0,3324,Weekly Grocery Store Specialty Crops Feature Activity,2026-09-26T13:56:27+00:00
1019c50b2c64ccf0,2022-09-23,Carrots,,2 lb bag,,,,,Yes,,,,,,,,1.98,$/2 lb bag,0.99,per lb,Northwest,retail,,,,,,,,3.0,3324,Weekly Grocery Store Specialty Crops Feature Activity,2026-09-26T13:56:27+00:00
5216a8831e8c968b,2022-09-23,Carrots,,2 lb bag,,,,,No,,,,,,,,1.72,$/2 lb bag,0.86,per lb,Northwest,retail,,,,,,,,45.0,3324,Weekly Grocery Store Specialty Crops Feature Activity,2026-09-26T13:56:27+00:00
5871669dcefadef1,2022-09-23,Carrots,,per bunch,,,,,Yes,,,,,,,,2.98,$/per bunch,,,Northwest,retail,,,,,,,,32.0,3324,Weekly Grocery Store Specialty Crops Feature Activity,2026-09-26T13:56:27+00:00
e12fd0cc3280fa68,2022-09-23,Carrots,,per lb,,,,,No,,,,,,,,0.94,$/per lb,0.94,per lb,Northwest,retail,,,,,,,,12.0,3324,Weekly Grocery Store Specialty Crops Feature Activity,2026-09-26T13:56:27+00:00
61f579cd6ef090f2,2022-09-23,Carrots,BABY PEELED,1 lb bag,,,,,Yes,,,,,,,,1.5,$/1 lb bag,1.5,per lb,Northwest,retail,,,,,,,,43.0,3324,Weekly Grocery Store Specialty Crops Feature Activity,2026-09-26T13:56:27+00:00
77776ebc792c61a4,2022-09-23,Carrots,BABY PEELED,1 lb bag,,,,,No,,,,,,,,0.88,$/1 lb bag,0.88,per lb,Northwest,retail,,,,,,,,206.0,3324,Weekly Grocery Store Specialty Crops Feature Activity,2026-09-26T13:56:27+00:00
9c58eeb8898730e4,2022-09-23,Carrots,BABY PEELED,2 lb bag,,,,,No,,,,,,,,2.49,$/2 lb bag,1.245,per lb,Northwest,retail,,,,,,,,5.0,3324,Weekly Grocery Store Specialty Crops Feature Activity,2026-09-26T13:56:27+00:00
d9d6817f70a7c28c,2022-09-23,Celery,,each,,,,,Yes,,,,,,,,1.64,$/each,1.64,per each,Northwest,retail,,,,,,,,24.0,3324,Weekly Grocery Store Specialty Crops Feature Activity,2026-09-26T13:56:27+00:00
e213a55338159a44,2022-09-23,Celery,,each,,,,,No,,,,,,,,0.98,$/each,0.98,per each,Northwest,retail,,,,,,,,8.0,3324,Weekly Grocery Store Specialty Crops Feature Activity,2026-09-26T13:56:27+00:00
7a744c6b46314e62,2022-09-23,Celery,,per lb,,,,,No,,,,,,,,1.39,$/per lb,1.39,per lb,Northwest,retail,,,,,,,,28.0,3324,Weekly Grocery Store Specialty Crops Feature Activity,2026-09-26T13:56:27+00:00
847d3321d80011b0,2022-09-23,Celery,,per lb,,,,,Yes,,,,,,,,0.99,$/per lb,0.99,per lb,Northwest,retail,,,,,,,,1.0,3324,Weekly Grocery Store Specialty Crops Feature Activity,2026-09-26T13:56:27+00:00
79aa259d293e9e83,2022-09-23,Celery,HEARTS,each,,,,,Yes,,,,,,,,3.09,$/each,3.09,per each,Northwest,retail,,,,,,,,164.0,3324,Weekly Grocery Store Specialty Crops Feature Activity,2026-09-26T13:56:27+00:00
a833d58c4085a9fb,2022-09-23,Cucumbers,,each,,,,,Yes,,,,,,,,1.49,$/each,1.49,per each,Northwest,retail,,,,,,,,7.0,3324,Weekly Grocery Store Specialty Crops Feature Activity,2026-09-26T13:56:27+00:00
eb0957c8ed8f8b4a,2022-09-23,Cucumbers,,each,,,,,No,,,,,,,,0.89,$/each,0.89,per each,Northwest,retail,,,,,,,,281.0,3324,Weekly Grocery Store Specialty Crops Feature Activity,2026-09-26T13:56:27+00:00
a506eee8b23d46f6,2022-09-23,Cucumbers,LONG SEEDLESS,each,,,,,No,,,,,,,,2.03,$/each,2.03,per each,Northwest,retail,,,environment=Greenhouse,,,,,35.0,3324,Weekly Grocery Store Specialty Crops Feature Activity,2026-09-26T13:56:27+00:00
39d081d792914f3c,2022-09-23,Grapes,BLACK SEEDLESS,per lb,,,,,No,,,,,,,,2.49,$/per lb,2.49,per lb,Northwest,retail,,,,,,,,146.0,3324,Weekly Grocery Store Specialty Crops Feature Activity,2026-09-26T13:56:27+00:00
ff4d8c30e0bb65c4,2022-09-23,Grapes,BLACK SEEDLESS,per lb,,,,,Yes,,,,,,,,3.2,$/per lb,3.2,per lb,Northwest,retail,,,,,,,,153.0,3324,Weekly Grocery Store Specialty Crops Feature Activity,2026-09-26T13:56:27+00:00
855b6ecd0af572aa,2022-09-23,Grapes,RED SEEDLESS,per lb,,,,,No,,,,,,,,2.15,$/per lb,2.15,per lb,Northwest,retail,,,,,,,,244.0,3324,Weekly Grocery Store Specialty Crops Feature Activity,2026-09-26T13:56:27+00:00
926121b793aa1a8f,2022-09-23,Grapes,RED SEEDLESS,per lb,,,,,Yes,,,,,,,,2.96,$/per lb,2.96,per lb,Northwest,retail,,,,,,,,350.0,3324,Weekly Grocery Store Specialty Crops Feature Activity,2026-09-26T13:56:27+00:00
34dd2a0dde8a0e79,2022-09-23,Grapes,WHITE SEEDLESS TYPE,per lb,,,,,Yes,,,,,,,,2.96,$/per lb,2.96,per lb,Northwest,retail,,,,,,,,350.0,3324,Weekly Grocery Store Specialty Crops Feature Activity,2026-09-26T13:56:27+00:00
49f49c86202b5e99,2022-09-23,Grapes,WHITE SEEDLESS TYPE,per lb,,,,,No,,,,,,,,3.05,$/per lb,3.05,per lb,Northwest,retail,,,,,,,,427.0,3324,Weekly Grocery Store Specialty Crops Feature Activity,2026-09-26T13:56:27+00:00
789618123771d14f,2022-09-23,Lemons,,each,,,,,No,,,,,,,,0.86,$/each,0.86,per each,Northwest,retail,,,,,,,,226.0,3324,Weekly Grocery Store Specialty Crops Feature Activity,2026-09-26T13:56:27+00:00
f23c2172233da772,2022-09-23,Lettuce,Green Leaf,each,,,,,Yes,,,,,,,,1.79,$/each,1.79,per each,Northwest,retail,,,,,,,,19.0,3324,Weekly Grocery Store Specialty Crops Feature Activity,2026-09-26T13:56:27+00:00
7faa36ee5203537c,2022-09-23,Lettuce,Red Leaf,each,,,,,Yes,,,,,,,,1.79,$/each,1.79,per each,Northwest,retail,,,,,,,,19.0,3324,Weekly Grocery Store Specialty Crops Feature Activity,2026-09-26T13:56:27+00:00
ff3f34746a5a500b,2022-09-23,Lettuce,Red Leaf,each,,,,,No,,,,,,,,1.69,$/each,1.69,per each,Northwest,retail,,,,,,,,40.0,3324,Weekly Grocery Store Specialty Crops Feature Activity,2026-09-26T13:56:27+00:00
bc9ac768a14df01d,2022-09-23,Lettuce,Romaine,each,,,,,No,,,,,,,,2.49,$/each,2.49,per each,Northwest,retail,,,,,,,,6.0,3324,Weekly Grocery Store Specialty Crops Feature Activity,2026-09-26T13:56:27+00:00
ea61b4928ce775ef,2022-09-23,Lettuce,Romaine (Hearts),3 count,,,,,No,,,,,,,,3.5,$/3 count,,,Northwest,retail,,,,,,,,18.0,3324,Weekly Grocery Store Specialty Crops Feature Activity,2026-09-26T13:56:27+00:00
c26a5109f6f66988,2022-09-23,Limes,,each,,,,,No,,,,,,,,0.48,$/each,0.48,per each,Northwest,retail,,,,,,,,233.0,3324,Weekly Grocery Store Specialty Crops Feature Activity,2026-09-26T13:56:27+00:00
403ff27e2658a193,2022-09-23,"Onions, Dry",RED,per lb,,,,,No,,,,,,,,0.98,$/per lb,0.98,per lb,Northwest,retail,,,,,,,,8.0,3324,Weekly Grocery Store Specialty Crops Feature Activity,2026-09-26T13:56:27+00:00
8a2443d269f7350e,2022-09-23,"Onions, Dry",WHITE,per lb,,,,,No,,,,,,,,0.98,$/per lb,0.98,per lb,Northwest,retail,,,,,,,,8.0,3324,Weekly Grocery Store Specialty Crops Feature Activity,2026-09-26T13:56:27+00:00
e21645013a712737,2022-09-23,"Onions, Dry",YELLOW,2 lb bag,,,,,No,,,,,,,,1.5,$/2 lb bag,0.75,per lb,Northwest,retail,,,,,,,,9.0,3324,Weekly Grocery Store Specialty Crops Feature Activity,2026-09-26T13:56:27+00:00
4d1b40625d8d2ccb,2022-09-23,"Onions, Dry",YELLOW,3 lb bag,,,,,No,,,,,,,,3.88,$/3 lb bag,1.2933,per lb,Northwest,retail,,,,,,,,28.0,3324,Weekly Grocery Store Specialty Crops Feature Activity,2026-09-26T13:56:27+00:00
646f7747276440f0,2022-09-23,"Onions, Dry",YELLOW,per lb,,,,,No,,,,,,,,0.96,$/per lb,0.96,per lb,Northwest,retail,,,,,,,,46.0,3324,Weekly Grocery Store Specialty Crops Feature Activity,2026-09-26T13:56:27+00:00
8d1e4607d2c9e5d8,2022-09-23,"Onions, Dry",YELLOW,per lb,,,,,Yes,,,,,,,,1.19,$/per lb,1.19,per lb,Northwest,retail,,,,,,,,19.0,3324,Weekly Grocery Store Specialty Crops Feature Activity,2026-09-26T13:56:27+00:00
3f18ab799d7e250f,2022-09-23,"Onions, Dry",YELLOW MARKED SWEET,per lb,,,,,No,,,,,,,,1.27,$/per lb,1.27,per lb,Northwest,retail,,,,,,,,149.0,3324,Weekly Grocery Store Specialty Crops Feature Activity,2026-09-26T13:56:27+00:00
dc1991172125a0a2,2022-09-23,"Onions, Dry",YELLOW MARKED SWEET,per lb,,,,,Yes,,,,,,,,1.49,$/per lb,1.49,per lb,Northwest,retail,,,,,,,,11.0,3324,Weekly Grocery Store Specialty Crops Feature Activity,2026-09-26T13:56:27+00:00
4ea1f486bfea3f0d,2022-09-23,"Peppers, Bell Type",GREEN,each,,,,,No,,,,,,,,0.91,$/each,0.91,per each,Northwest,retail,,,,,,,,303.0,3324,Weekly Grocery Store Specialty Crops Feature Activity,2026-09-26T13:56:27+00:00
42945adb3994aeb4,2022-09-23,"Peppers, Bell Type",ORANGE,each,,,,,No,,,,,,,,1.59,$/each,1.59,per each,Northwest,retail,,,,,,,,43.0,3324,Weekly Grocery Store Specialty Crops Feature Activity,2026-09-26T13:56:27+00:00
29b405681b3a197c,2022-09-23,"Peppers, Bell Type",RED,each,,,,,No,,,,,,,,1.07,$/each,1.07,per each,Northwest,retail,,,,,,,,291.0,3324,Weekly Grocery Store Specialty Crops Feature Activity,2026-09-26T13:56:27+00:00
37fb847239330680,2022-09-23,"Peppers, Bell Type",RED,per lb,,,,,Yes,,,,,,,,4.33,$/per lb,4.33,per lb,Northwest,retail,,,,,,,,32.0,3324,Weekly Grocery Store Specialty Crops Feature Activity,2026-09-26T13:56:27+00:00
8052cd9ac697f268,2022-09-23,"Peppers, Bell Type",YELLOW,each,,,,,No,,,,,,,,1.53,$/each,1.53,per each,Northwest,retail,,,,,,,,85.0,3324,Weekly Grocery Store Specialty Crops Feature Activity,2026-09-26T13:56:27+00:00
71a34e6bfba08a00,2022-09-23,Potatoes,ROUND RED,3 lb bag,,,,,No,,,,,,,,3.99,$/3 lb bag,1.33,per lb,Northwest,retail,,,,,,,,36.0,3324,Weekly Grocery Store Specialty Crops Feature Activity,2026-09-26T13:56:27+00:00
304821fa30c4329c,2022-09-23,Potatoes,ROUND RED,5 lb bag,,,,,No,,,,,,,,4.49,$/5 lb bag,0.898,per lb,Northwest,retail,,,,,,,,5.0,3324,Weekly Grocery Store Specialty Crops Feature Activity,2026-09-26T13:56:27+00:00
5fafa9eea0d813e3,2022-09-23,Potatoes,ROUND RED,per lb,,,,,No,,,,,,,,1.39,$/per lb,1.39,per lb,Northwest,retail,,,,,,,,46.0,3324,Weekly Grocery Store Specialty Crops Feature Activity,2026-09-26T13:56:27+00:00
dabd4bcf736da864,2022-09-23,Potatoes,ROUND RED,per lb,,,,,Yes,,,,,,,,1.49,$/per lb,1.49,per lb,Northwest,retail,,,,,,,,6.0,3324,Weekly Grocery Store Specialty Crops Feature Activity,2026-09-26T13:56:27+00:00
713c64e2bfab7774,2022-09-23,Potatoes,RUSSET,10 lb bag,,,,,No,,,,,,,,4.99,$/10 lb bag,0.499,per lb,Northwest,retail,,,,,,,,9.0,3324,Weekly Grocery Store Specialty Crops Feature Activity,2026-09-26T13:56:27+00:00
6f6ab1459e282bcb,2022-09-23,Potatoes,RUSSET,5 lb bag,,,,,No,,,,,,,,2.67,$/5 lb bag,0.534,per lb,Northwest,retail,,,,,,,,51.0,3324,Weekly Grocery Store Specialty Crops Feature Activity,2026-09-26T13:56:27+00:00
778e4f7ca677db73,2022-09-23,Potatoes,RUSSET,per lb,,,,,Yes,,,,,,,,1.79,$/per lb,1.79,per lb,Northwest,retail,,,,,,,,19.0,3324,Weekly Grocery Store Specialty Crops Feature Activity,2026-09-26T13:56:27+00:00
cc8da1fb2fa54b34,2022-09-23,Potatoes,RUSSET,per lb,,,,,No,,,,,,,,1.29,$/per lb,1.29,per lb,Northwest,retail,,,,,,,,40.0,3324,Weekly Grocery Store Specialty Crops Feature Activity,2026-09-26T13:56:27+00:00
3836137c9746e63b,2022-09-23,Potatoes,YELLOW TYPE,3 lb bag,,,,,No,,,,,,,,3.99,$/3 lb bag,1.33,per lb,Northwest,retail,,,,,,,,36.0,3324,Weekly Grocery Store Specialty Crops Feature Activity,2026-09-26T13:56:27+00:00
f70f66f1e937268c,2022-09-23,Potatoes,YELLOW TYPE,5 lb bag,,,,,No,,,,,,,,4.49,$/5 lb bag,0.898,per lb,Northwest,retail,,,,,,,,5.0,3324,Weekly Grocery Store Specialty Crops Feature Activity,2026-09-26T13:56:27+00:00
2c14a76a74c87307,2022-09-23,Potatoes,YELLOW TYPE,per lb,,,,,Yes,,,,,,,,1.49,$/per lb,1.49,per lb,Northwest,retail,,,,,,,,6.0,3324,Weekly Grocery Store Specialty Crops Feature Activity,2026-09-26T13:56:27+00:00
3acfa484050c696c,2022-09-23,Potatoes,YELLOW TYPE,per lb,,,,,No,,,,,,,,1.59,$/per lb,1.59,per lb,Northwest,retail,,,,,,,,36.0,3324,Weekly Grocery Store Specialty Crops Feature Activity,2026-09-26T13:56:27+00:00
07d4e7bb39c6fc10,2022-09-23,Strawberries,,1 lb package,,,,,No,,,,,,,,2.12,$/1 lb package,2.12,per lb,Northwest,retail,,,,,,,,188.0,3324,Weekly Grocery Store Specialty Crops Feature Activity,2026-09-26T13:56:27+00:00
65abed3561263cd1,2022-09-23,Tomatoes,,per lb,,,,,Yes,,,,,,,,2.59,$/per lb,2.59,per lb,Northwest,retail,,,,,,,,19.0,3324,Weekly Grocery Store Specialty Crops Feature Activity,2026-09-26T13:56:27+00:00
288574d0282da59e,2022-09-23,Tomatoes,GRAPE TYPE,1 pint package,,,,,No,,,,,,,,1.8,$/1 pint package,,,Northwest,retail,,,,,,,,33.0,3324,Weekly Grocery Store Specialty Crops Feature Activity,2026-09-26T13:56:27+00:00
22174ab418f6485f,2022-09-23,Tomatoes,GRAPE TYPE,10 oz package,,,,,No,,,,,,,,2.5,$/10 oz package,4.0,per lb,Northwest,retail,,,,,,,,20.0,3324,Weekly Grocery Store Specialty Crops Feature Activity,2026-09-26T13:56:27+00:00
8c364e215b0730bb,2022-09-23,Tomatoes,Plum Type (Roma),per lb,,,,,No,,,,,,,,0.95,$/per lb,0.95,per lb,Northwest,retail,,,,,,,,245.0,3324,Weekly Grocery Store Specialty Crops Feature Activity,2026-09-26T13:56:27+00:00
c1f75c719e3f4a0c,2022-09-23,Tomatoes,Plum Type (Roma),per lb,,,,,Yes,,,,,,,,2.99,$/per lb,2.99,per lb,Northwest,retail,,,,,,,,206.0,3324,Weekly Grocery Store Specialty Crops Feature Activity,2026-09-26T13:56:27+00:00
600f7948e316d324,2022-09-23,Tomatoes,VINE RIPES,per lb,,,,,No,,,,,,,,1.29,$/per lb,1.29,per lb,Northwest,retail,,,environment=Greenhouse,,,,,6.0,3324,Weekly Grocery Store Specialty Crops Feature Activity,2026-09-26T13:56:27+00:00
28b388fda98ea9e0,2022-09-23,Tomatoes,VINE RIPES - ON THE VINE,per lb,,,,,No,,,,,,,,1.38,$/per lb,1.38,per lb,Northwest,retail,,,environment=Greenhouse,,,,,269.0,3324,Weekly Grocery Store Specialty Crops Feature Activity,2026-09-26T13:56:27+00:00
53d7e2407f4627e4,2022-09-23,Tomatoes,Vine Ripes - Heirloom Varieties,per lb,,,,,Yes,,,,,,,,4.06,$/per lb,4.06,per lb,Northwest,retail,,,environment=Greenhouse,,,,,31.0,3324,Weekly Grocery Store Specialty Crops Feature Activity,2026-09-26T13:56:27+00:00
1fd06dbff643e942,2022-09-23,Avocados,HASS,each,,,,,No,,,,,,,,1.07,$/each,1.07,per each,Southcentral,retail,,,,,,,,1830.0,3324,Weekly Grocery Store Specialty Crops Feature Activity,2026-09-26T13:56:27+00:00
650c697a9ef5ad9b,2022-09-23,Avocados,HASS,each,,,,,Yes,,,,,,,,1.57,$/each,1.57,per each,Southcentral,retail,,,,,,,,348.0,3324,Weekly Grocery Store Specialty Crops Feature Activity,2026-09-26T13:56:27+00:00
a655e35e8f525bd5,2022-09-23,Bananas,,per lb,,,,,Yes,,,,,,,,0.7,$/per lb,0.7,per lb,Southcentral,retail,,,,,,,,232.0,3324,Weekly Grocery Store Specialty Crops Feature Activity,2026-09-26T13:56:27+00:00
b88cb096e5ec06fa,2022-09-23,Bananas,,per lb,,,,,No,,,,,,,,0.49,$/per lb,0.49,per lb,Southcentral,retail,,,,,,,,151.0,3324,Weekly Grocery Store Specialty Crops Feature Activity,2026-09-26T13:56:27+00:00
9bdbce9ea3ad1984,2022-09-23,Blueberries,,1 pint package,,,,,No,,,,,,,,2.57,$/1 pint package,,,Southcentral,retail,,,,,,,,177.0,3324,Weekly Grocery Store Specialty Crops Feature Activity,2026-09-26T13:56:27+00:00
b9984a7017c830ca,2022-09-23,Blueberries,,18 oz package,,,,,No,,,,,,,,3.99,$/18 oz package,3.5467,per lb,Southcentral,retail,,,,,,,,282.0,3324,Weekly Grocery Store Specialty Crops Feature Activity,2026-09-26T13:56:27+00:00
26cfbb4ca729d197,2022-09-23,Blueberries,,6 oz package,,,,,Yes,,,,,,,,3.47,$/6 oz package,9.2533,per lb,Southcentral,retail,,,,,,,,62.0,3324,Weekly Grocery Store Specialty Crops Feature Activity,2026-09-26T13:56:27+00:00
997b34eba0fd4f70,2022-09-23,Blueberries,,6 oz package,,,,,No,,,,,,,,3.09,$/6 oz package,8.24,per lb,Southcentral,retail,,,,,,,,267.0,3324,Weekly Grocery Store Specialty Crops Feature Activity,2026-09-26T13:56:27+00:00
1f3665aeead4c8a6,2022-09-23,Broccoli,,per bunch,,,,,No,,,,,,,,3.0,$/per bunch,,,Southcentral,retail,,,,,,,,49.0,3324,Weekly Grocery Store Specialty Crops Feature Activity,2026-09-26T13:56:27+00:00
a054cf9cf75703ef,2022-09-23,Broccoli,CROWN CUT,per lb,,,,,No,,,,,,,,1.65,$/per lb,1.65,per lb,Southcentral,retail,,,,,,,,622.0,3324,Weekly Grocery Store Specialty Crops Feature Activity,2026-09-26T13:56:27+00:00
f1998eb689d71e5b,2022-09-23,Carrots,,2 lb bag,,,,,No,,,,,,,,1.18,$/2 lb bag,0.59,per lb,Southcentral,retail,,,,,,,,42.0,3324,Weekly Grocery Store Specialty Crops Feature Activity,2026-09-26T13:56:27+00:00
d654767513d1ad38,2022-09-23,Carrots,,per bunch,,,,,No,,,,,,,,0.6,$/per bunch,,,Southcentral,retail,,,,,,,,11.0,3324,Weekly Grocery Store Specialty Crops Feature Activity,2026-09-26T13:56:27+00:00
183079cf866dbadf,2022-09-23,Carrots,,per lb,,,,,No,,,,,,,,0.5,$/per lb,0.5,per lb,Southcentral,retail,,,,,,,,91.0,3324,Weekly Grocery Store Specialty Crops Feature Activity,2026-09-26T13:56:27+00:00
0cd3437ac1231cd9,2022-09-23,Carrots,BABY PEELED,1 lb bag,,,,,Yes,,,,,,,,1.67,$/1 lb bag,1.67,per lb,Southcentral,retail,,,,,,,,50.0,3324,Weekly Grocery Store Specialty Crops Feature Activity,2026-09-26T13:56:27+00:00
7665faf814be37d8,2022-09-23,Carrots,BABY PEELED,1 lb bag,,,,,No,,,,,,,,1.17,$/1 lb bag,1.17,per lb,Southcentral,retail,,,,,,,,130.0,3324,Weekly Grocery Store Specialty Crops Feature Activity,2026-09-26T13:56:27+00:00
ab6a4b049edbb507,2022-09-23,Carrots,BABY PEELED,2 lb bag,,,,,No,,,,,,,,2.29,$/2 lb bag,1.145,per lb,Southcentral,retail,,,,,,,,6.0,3324,Weekly Grocery Store Specialty Crops Feature Activity,2026-09-26T13:56:27+00:00
3de258ed2cd6559b,2022-09-23,Celery,,each,,,,,No,,,,,,,,1.13,$/each,1.13,per each,Southcentral,retail,,,,,,,,126.0,3324,Weekly Grocery Store Specialty Crops Feature Activity,2026-09-26T13:56:27+00:00
331dfcf73d24ba94,2022-09-23,Celery,HEARTS,each,,,,,Yes,,,,,,,,2.5,$/each,2.5,per each,Southcentral,retail,,,,,,,,11.0,3324,Weekly Grocery Store Specialty Crops Feature Activity,2026-09-26T13:56:27+00:00
adb65d6ccd67d848,2022-09-23,Celery,HEARTS,each,,,,,No,,,,,,,,2.49,$/each,2.49,per each,Southcentral,retail,,,,,,,,6.0,3324,Weekly Grocery Store Specialty Crops Feature Activity,2026-09-26T13:56:27+00:00
ee650f966716fc9b,2022-09-23,Cucumbers,,each,,,,,No,,,,,,,,0.76,$/each,0.76,per each,Southcentral,retail,,,,,,,,316.0,3324,Weekly Grocery Store Specialty Crops Feature Activity,2026-09-26T13:56:27+00:00
e69eb91f204e2e38,2022-09-23,Cucumbers,LONG SEEDLESS,each,,,,,No,,,,,,,,0.97,$/each,0.97,per each,Southcentral,retail,,,environment=Greenhouse,,,,,22.0,3324,Weekly Grocery Store Specialty Crops Feature Activity,2026-09-26T13:56:27+00:00
06f3a778d90160d0,2022-09-23,Grapes,BLACK SEEDLESS,per lb,,,,,Yes,,,,,,,,2.49,$/per lb,2.49,per lb,Southcentral,retail,,,,,,,,247.0,3324,Weekly Grocery Store Specialty Crops Feature Activity,2026-09-26T13:56:27+00:00
489ac5f1fc956e41,2022-09-23,Grapes,BLACK SEEDLESS,per lb,,,,,No,,,,,,,,1.59,$/per lb,1.59,per lb,Southcentral,retail,,,,,,,,154.0,3324,Weekly Grocery Store Specialty Crops Feature Activity,2026-09-26T13:56:27+00:00
00fe0f0db709d3cd,2022-09-23,Grapes,RED SEEDLESS,per lb,,,,,No,,,,,,,,2.0,$/per lb,2.0,per lb,Southcentral,retail,,,,,,,,1070.0,3324,Weekly Grocery Store Specialty Crops Feature Activity,2026-09-26T13:56:27+00:00
570697f68c9431c9,2022-09-23,Grapes,RED SEEDLESS,per lb,,,,,Yes,,,,,,,,2.66,$/per lb,2.66,per lb,Southcentral,retail,,,,,,,,458.0,3324,Weekly Grocery Store Specialty Crops Feature Activity,2026-09-26T13:56:27+00:00
0180881ae608e51c,2022-09-23,Grapes,WHITE SEEDLESS TYPE,per lb,,,,,Yes,,,,,,,,2.65,$/per lb,2.65,per lb,Southcentral,retail,,,,,,,,487.0,3324,Weekly Grocery Store Specialty Crops Feature Activity,2026-09-26T13:56:27+00:00
80fe22ad624aa228,2022-09-23,Grapes,WHITE SEEDLESS TYPE,per lb,,,,,No,,,,,,,,1.99,$/per lb,1.99,per lb,Southcentral,retail,,,,,,,,740.0,3324,Weekly Grocery Store Specialty Crops Feature Activity,2026-09-26T13:56:27+00:00
e3981f45aec40b5e,2022-09-23,Lemons,,2 lb bag,,,,,Yes,,,,,,,,4.99,$/2 lb bag,2.495,per lb,Southcentral,retail,,,,,,,,335.0,3324,Weekly Grocery Store Specialty Crops Feature Activity,2026-09-26T13:56:27+00:00
d024f2592e26f396,2022-09-23,Lemons,,each,,,,,No,,,,,,,,0.29,$/each,0.29,per each,Southcentral,retail,,,,,,,,141.0,3324,Weekly Grocery Store Specialty Crops Feature Activity,2026-09-26T13:56:27+00:00
cc4a6f9e191378bf,2022-09-23,Lettuce,Green Leaf,each,,,,,Yes,,,,,,,,1.79,$/each,1.79,per each,Southcentral,retail,,,,,,,,82.0,3324,Weekly Grocery Store Specialty Crops Feature Activity,2026-09-26T13:56:27+00:00
076ee57cf023213d,2022-09-23,Lettuce,Red Leaf,each,,,,,Yes,,,,,,,,1.79,$/each,1.79,per each,Southcentral,retail,,,,,,,,82.0,3324,Weekly Grocery Store Specialty Crops Feature Activity,2026-09-26T13:56:27+00:00
04d7217addea82d1,2022-09-23,Lettuce,Romaine (Hearts),3 count,,,,,Yes,,,,,,,,3.81,$/3 count,,,Southcentral,retail,,,,,,,,183.0,3324,Weekly Grocery Store Specialty Crops Feature Activity,2026-09-26T13:56:27+00:00
de1688548229bd61,2022-09-23,Limes,,each,,,,,No,,,,,,,,0.57,$/each,0.57,per each,Southcentral,retail,,,,,,,,103.0,3324,Weekly Grocery Store Specialty Crops Feature Activity,2026-09-26T13:56:27+00:00
227f18c673e3a172,2022-09-23,"Onions, Dry",RED,2 lb bag,,,,,No,,,,,,,,2.49,$/2 lb bag,1.245,per lb,Southcentral,retail,,,,,,,,18.0,3324,Weekly Grocery Store Specialty Crops Feature Activity,2026-09-26T13:56:27+00:00
e7514548817df4d1,2022-09-23,"Onions, Dry",RED,per lb,,,,,No,,,,,,,,1.08,$/per lb,1.08,per lb,Southcentral,retail,,,,,,,,85.0,3324,Weekly Grocery Store Specialty Crops Feature Activity,2026-09-26T13:56:27+00:00
2e81e2ccaca2534f,2022-09-23,"Onions, Dry",WHITE,per lb,,,,,No,,,,,,,,0.82,$/per lb,0.82,per lb,Southcentral,retail,,,,,,,,178.0,3324,Weekly Grocery Store Specialty Crops Feature Activity,2026-09-26T13:56:27+00:00
31b737808ede1485,2022-09-23,"Onions, Dry",YELLOW,2 lb bag,,,,,No,,,,,,,,2.49,$/2 lb bag,1.245,per lb,Southcentral,retail,,,,,,,,18.0,3324,Weekly Grocery Store Specialty Crops Feature Activity,2026-09-26T13:56:27+00:00
c4d7b67f3b66f684,2022-09-23,"Onions, Dry",YELLOW,3 lb bag,,,,,No,,,,,,,,2.67,$/3 lb bag,0.89,per lb,Southcentral,retail,,,,,,,,177.0,3324,Weekly Grocery Store Specialty Crops Feature Activity,2026-09-26T13:56:27+00:00
d41c51c0800892b2,2022-09-23,"Onions, Dry",YELLOW,per lb,,,,,No,,,,,,,,1.09,$/per lb,1.09,per lb,Southcentral,retail,,,,,,,,150.0,3324,Weekly Grocery Store Specialty Crops Feature Activity,2026-09-26T13:56:27+00:00
fe9300db1ece1049,2022-09-23,"Onions, Dry",YELLOW,per lb,,,,,Yes,,,,,,,,1.19,$/per lb,1.19,per lb,Southcentral,retail,,,,,,,,82.0,3324,Weekly Grocery Store Specialty Crops Feature Activity,2026-09-26T13:56:27+00:00
9fc8686a562efbbe,2022-09-23,"Onions, Dry",YELLOW MARKED SWEET,3 lb bag,,,,,No,,,,,,,,3.74,$/3 lb bag,1.2467,per lb,Southcentral,retail,,,,,,,,27.0,3324,Weekly Grocery Store Specialty Crops Feature Activity,2026-09-26T13:56:27+00:00
72e8151731bf2cdf,2022-09-23,"Onions, Dry",YELLOW MARKED SWEET,per lb,,,,,No,,,,,,,,1.32,$/per lb,1.32,per lb,Southcentral,retail,,,,,,,,498.0,3324,Weekly Grocery Store Specialty Crops Feature Activity,2026-09-26T13:56:27+00:00
588c9854ed992315,2022-09-23,"Peppers, Bell Type",GREEN,each,,,,,No,,,,,,,,0.69,$/each,0.69,per each,Southcentral,retail,,,,,,,,211.0,3324,Weekly Grocery Store Specialty Crops Feature Activity,2026-09-26T13:56:27+00:00
3c51cc1ce7b92b9d,2022-09-23,"Peppers, Bell Type",ORANGE,each,,,,,No,,,,,,,,1.28,$/each,1.28,per each,Southcentral,retail,,,,,,,,443.0,3324,Weekly Grocery Store Specialty Crops Feature Activity,2026-09-26T13:56:27+00:00
ecdafa32372b2a20,2022-09-23,"Peppers, Bell Type",ORANGE,each,,,,,No,,,,,,,,1.44,$/each,1.44,per each,Southcentral,retail,,,environment=Greenhouse,,,,,15.0,3324,Weekly Grocery Store Specialty Crops Feature Activity,2026-09-26T13:56:27+00:00
19fd4d0881058462,2022-09-23,"Peppers, Bell Type",RED,each,,,,,Yes,,,,,,,,1.99,$/each,1.99,per each,Southcentral,retail,,,,,,,,5.0,3324,Weekly Grocery Store Specialty Crops Feature Activity,2026-09-26T13:56:27+00:00
7f6b2cc5d53a390d,2022-09-23,"Peppers, Bell Type",RED,each,,,,,No,,,,,,,,1.44,$/each,1.44,per each,Southcentral,retail,,,environment=Greenhouse,,,,,15.0,3324,Weekly Grocery Store Specialty Crops Feature Activity,2026-09-26T13:56:27+00:00
f2c97e4ecf1f8930,2022-09-23,"Peppers, Bell Type",RED,each,,,,,No,,,,,,,,1.24,$/each,1.24,per each,Southcentral,retail,,,,,,,,671.0,3324,Weekly Grocery Store Specialty Crops Feature Activity,2026-09-26T13:56:27+00:00
4eb0aa26b853475d,2022-09-23,"Peppers, Bell Type",YELLOW,each,,,,,No,,,,,,,,1.44,$/each,1.44,per each,Southcentral,retail,,,environment=Greenhouse,,,,,15.0,3324,Weekly Grocery Store Specialty Crops Feature Activity,2026-09-26T13:56:27+00:00
7287804bf087c120,2022-09-23,"Peppers, Bell Type",YELLOW,each,,,,,No,,,,,,,,1.3,$/each,1.3,per each,Southcentral,retail,,,,,,,,501.0,3324,Weekly Grocery Store Specialty Crops Feature Activity,2026-09-26T13:56:27+00:00
b19715b7167a20f2,2022-09-23,Potatoes,ROUND RED,3 lb bag,,,,,Yes,,,,,,,,3.5,$/3 lb bag,1.1667,per lb,Southcentral,retail,,,,,,,,5.0,3324,Weekly Grocery Store Specialty Crops Feature Activity,2026-09-26T13:56:27+00:00
cad08da4710a9276,2022-09-23,Potatoes,ROUND RED,5 lb bag,,,,,No,,,,,,,,4.5,$/5 lb bag,0.9,per lb,Southcentral,retail,,,,,,,,65.0,3324,Weekly Grocery Store Specialty Crops Feature Activity,2026-09-26T13:56:27+00:00
353e309241d03618,2022-09-23,Potatoes,ROUND RED,per lb,,,,,No,,,,,,,,0.99,$/per lb,0.99,per lb,Southcentral,retail,,,,,,,,68.0,3324,Weekly Grocery Store Specialty Crops Feature Activity,2026-09-26T13:56:27+00:00
83dfe482cbc5b022,2022-09-23,Potatoes,ROUND WHITE,per lb,,,,,No,,,,,,,,1.29,$/per lb,1.29,per lb,Southcentral,retail,,,,,,,,17.0,3324,Weekly Grocery Store Specialty Crops Feature Activity,2026-09-26T13:56:27+00:00
4373fc97defcb25c,2022-09-23,Potatoes,RUSSET,10 lb bag,,,,,No,,,,,,,,4.77,$/10 lb bag,0.477,per lb,Southcentral,retail,,,,,,,,41.0,3324,Weekly Grocery Store Specialty Crops Feature Activity,2026-09-26T13:56:27+00:00
a73940fd218ff0e0,2022-09-23,Potatoes,RUSSET,3 lb bag,,,,,Yes,,,,,,,,3.5,$/3 lb bag,1.1667,per lb,Southcentral,retail,,,,,,,,5.0,3324,Weekly Grocery Store Specialty Crops Feature Activity,2026-09-26T13:56:27+00:00
edf146a52cd5b953,2022-09-23,Potatoes,RUSSET,3 lb bag,,,,,No,,,,,,,,0.99,$/3 lb bag,0.33,per lb,Southcentral,retail,,,,,,,,47.0,3324,Weekly Grocery Store Specialty Crops Feature Activity,2026-09-26T13:56:27+00:00
55e962a584749f61,2022-09-23,Potatoes,RUSSET,5 lb bag,,,,,No,,,,,,,,3.02,$/5 lb bag,0.604,per lb,Southcentral,retail,,,,,,,,245.0,3324,Weekly Grocery Store Specialty Crops Feature Activity,2026-09-26T13:56:27+00:00
70ae6fe1dbfde7b7,2022-09-23,Potatoes,RUSSET,per lb,,,,,Yes,,,,,,,,1.79,$/per lb,1.79,per lb,Southcentral,retail,,,,,,,,82.0,3324,Weekly Grocery Store Specialty Crops Feature Activity,2026-09-26T13:56:27+00:00
a2cd168f0c377019,2022-09-23,Potatoes,RUSSET,per lb,,,,,No,,,,,,,,1.25,$/per lb,1.25,per lb,Southcentral,retail,,,,,,,,74.0,3324,Weekly Grocery Store Specialty Crops Feature Activity,2026-09-26T13:56:27+00:00
d9b04c643eb94dc2,2022-09-23,Potatoes,YELLOW TYPE,3 lb bag,,,,,Yes,,,,,,,,3.5,$/3 lb bag,1.1667,per lb,Southcentral,retail,,,,,,,,5.0,3324,Weekly Grocery Store Specialty Crops Feature Activity,2026-09-26T13:56:27+00:00
191d335469ea71d7,2022-09-23,Potatoes,YELLOW TYPE,5 lb bag,,,,,No,,,,,,,,3.38,$/5 lb bag,0.676,per lb,Southcentral,retail,,,,,,,,98.0,3324,Weekly Grocery Store Specialty Crops Feature Activity,2026-09-26T13:56:27+00:00
1a650dea4fe46dff,2022-09-23,Strawberries,,1 lb package,,,,,Yes,,,,,,,,3.99,$/1 lb package,3.99,per lb,Southcentral,retail,,,,,,,,183.0,3324,Weekly Grocery Store Specialty Crops Feature Activity,2026-09-26T13:56:27+00:00
2cf8bc2113ad1410,2022-09-23,Strawberries,,1 lb package,,,,,No,,,,,,,,3.31,$/1 lb package,3.31,per lb,Southcentral,retail,,,,,,,,109.0,3324,Weekly Grocery Store Specialty Crops Feature Activity,2026-09-26T13:56:27+00:00
d9ce8c084c922597,2022-09-23,Tomatoes,,per lb,,,,,Yes,,,,,,,,2.59,$/per lb,2.59,per lb,Southcentral,retail,,,,,,,,82.0,3324,Weekly Grocery Store Specialty Crops Feature Activity,2026-09-26T13:56:27+00:00
e86f1586b81a26f4,2022-09-23,Tomatoes,,per lb,,,,,No,,,,,,,,0.79,$/per lb,0.79,per lb,Southcentral,retail,,,,,,,,68.0,3324,Weekly Grocery Store Specialty Crops Feature Activity,2026-09-26T13:56:27+00:00
3de6ca84353e556e,2022-09-23,Tomatoes,Cherry Type,1 pint package,,,,,No,,,,,,,,2.5,$/1 pint package,,,Southcentral,retail,,,,,,,,8.0,3324,Weekly Grocery Store Specialty Crops Feature Activity,2026-09-26T13:56:27+00:00
3700f68362927bcc,2022-09-23,Tomatoes,GRAPE TYPE,1 pint package,,,,,No,,,,,,,,2.0,$/1 pint package,,,Southcentral,retail,,,,,,,,6.0,3324,Weekly Grocery Store Specialty Crops Feature Activity,2026-09-26T13:56:27+00:00
86d5d2398c47b9b7,2022-09-23,Tomatoes,GRAPE TYPE,10 oz package,,,,,Yes,,,,,,,,3.49,$/10 oz package,5.584,per lb,Southcentral,retail,,,,,,,,229.0,3324,Weekly Grocery Store Specialty Crops Feature Activity,2026-09-26T13:56:27+00:00
ddbd506ca65b6f9c,2022-09-23,Tomatoes,GRAPE TYPE,10 oz package,,,,,No,,,,,,,,2.46,$/10 oz package,3.936,per lb,Southcentral,retail,,,,,,,,318.0,3324,Weekly Grocery Store Specialty Crops Feature Activity,2026-09-26T13:56:27+00:00
d44054bdbf4bcf2b,2022-09-23,Tomatoes,Plum Type (Roma),per lb,,,,,No,,,,,,,,1.01,$/per lb,1.01,per lb,Southcentral,retail,,,,,,,,323.0,3324,Weekly Grocery Store Specialty Crops Feature Activity,2026-09-26T13:56:27+00:00
a4b29733b17dd24c,2022-09-23,Tomatoes,VINE RIPES,per lb,,,,,No,,,,,,,,1.39,$/per lb,1.39,per lb,Southcentral,retail,,,environment=Greenhouse,,,,,45.0,3324,Weekly Grocery Store Specialty Crops Feature Activity,2026-09-26T13:56:27+00:00
fe5a8cc92d959aa9,2022-09-23,Tomatoes,VINE RIPES,per lb,,,,,No,,,,,,,,2.49,$/per lb,2.49,per lb,Southcentral,retail,,,,,,,,116.0,3324,Weekly Grocery Store Specialty Crops Feature Activity,2026-09-26T13:56:27+00:00
349a2c5030c3b95e,2022-09-23,Tomatoes,VINE RIPES - ON THE VINE,per lb,,,,,No,,,,,,,,1.41,$/per lb,1.41,per lb,Southcentral,retail,,,environment=Greenhouse,,,,,772.0,3324,Weekly Grocery Store Specialty Crops Feature Activity,2026-09-26T13:56:27+00:00
44e038d1323206e6,2022-09-23,Tomatoes,VINE RIPES - ON THE VINE,per lb,,,,,Yes,,,,,,,,2.48,$/per lb,2.48,per lb,Southcentral,retail,,,environment=Greenhouse,,,,,11.0,3324,Weekly Grocery Store Specialty Crops Feature Activity,2026-09-26T13:56:27+00:00
3515d6a28d80d649,2022-09-23,Avocados,HASS,each,,,,,No,,,,,,,,1.34,$/each,1.34,per each,Southeast,retail,,,,,,,,2377.0,3324,Weekly Grocery Store Specialty Crops Feature Activity,2026-09-26T13:56:27+00:00
cb04da811f93064f,2022-09-23,Avocados,VARIOUS GREENSKIN VARIETIES,per lb,,,,,No,,,,,,,,0.5,$/per lb,0.5,per lb,Southeast,retail,,,,,,,,34.0,3324,Weekly Grocery Store Specialty Crops Feature Activity,2026-09-26T13:56:27+00:00
48f92b3c27a9c34a,2022-09-23,Bananas,,per lb,,,,,No,,,,,,,,0.58,$/per lb,0.58,per lb,Southeast,retail,,,,,,,,2.0,3324,Weekly Grocery Store Specialty Crops Feature Activity,2026-09-26T13:56:27+00:00
8b407bab65854155,2022-09-23,Blueberries,,1 pint package,,,,,No,,,,,,,,3.54,$/1 pint package,,,Southeast,retail,,,,,,,,681.0,3324,Weekly Grocery Store Specialty Crops Feature Activity,2026-09-26T13:56:27+00:00
a1b4270dffb23055,2022-09-23,Blueberries,,18 oz package,,,,,No,,,,,,,,2.99,$/18 oz package,2.6578,per lb,Southeast,retail,,,,,,,,40.0,3324,Weekly Grocery Store Specialty Crops Feature Activity,2026-09-26T13:56:27+00:00
8f5b34216c161e35,2022-09-23,Blueberries,,6 oz package,,,,,No,,,,,,,,3.19,$/6 oz package,8.5067,per lb,Southeast,retail,,,,,,,,168.0,3324,Weekly Grocery Store Specialty Crops Feature Activity,2026-09-26T13:56:27+00:00
fb48ecc058ed28ed,2022-09-23,Blueberries,,6 oz package,,,,,Yes,,,,,,,,3.99,$/6 oz package,10.64,per lb,Southeast,retail,,,,,,,,119.0,3324,Weekly Grocery Store Specialty Crops Feature Activity,2026-09-26T13:56:27+00:00
32b0ff8733979e98,2022-09-23,Broccoli,,per bunch,,,,,Yes,,,,,,,,3.49,$/per bunch,,,Southeast,retail,,,,,,,,34.0,3324,Weekly Grocery Store Specialty Crops Feature Activity,2026-09-26T13:56:27+00:00
72920cb5e2928d5d,2022-09-23,Broccoli,,per bunch,,,,,No,,,,,,,,2.99,$/per bunch,,,Southeast,retail,,,,,,,,1588.0,3324,Weekly Grocery Store Specialty Crops Feature Activity,2026-09-26T13:56:27+00:00
5c440a727b94b5c2,2022-09-23,Broccoli,,per lb,,,,,Yes,,,,,,,,3.49,$/per lb,3.49,per lb,Southeast,retail,,,,,,,,78.0,3324,Weekly Grocery Store Specialty Crops Feature Activity,2026-09-26T13:56:27+00:00
2fad2fc7c7e47955,2022-09-23,Broccoli,CROWN CUT,per lb,,,,,No,,,,,,,,1.78,$/per lb,1.78,per lb,Southeast,retail,,,,,,,,1585.0,3324,Weekly Grocery Store Specialty Crops Feature Activity,2026-09-26T13:56:27+00:00
946a6c6b42562b24,2022-09-23,Broccoli,CROWN CUT,per lb,,,,,Yes,,,,,,,,4.99,$/per lb,4.99,per lb,Southeast,retail,,,,,,,,15.0,3324,Weekly Grocery Store Specialty Crops Feature Activity,2026-09-26T13:56:27+00:00
a27b94fd8133e686,2022-09-23,Carrots,,1 lb bag,,,,,Yes,,,,,,,,1.5,$/1 lb bag,1.5,per lb,Southeast,retail,,,,,,,,34.0,3324,Weekly Grocery Store Specialty Crops Feature Activity,2026-09-26T13:56:27+00:00
068ea6f642496475,2022-09-23,Carrots,BABY PEELED,1 lb bag,,,,,No,,,,,,,,1.44,$/1 lb bag,1.44,per lb,Southeast,retail,,,,,,,,751.0,3324,Weekly Grocery Store Specialty Crops Feature Activity,2026-09-26T13:56:27+00:00
a0246a93666fa2c5,2022-09-23,Celery,,each,,,,,No,,,,,,,,1.67,$/each,1.67,per each,Southeast,retail,,,,,,,,1316.0,3324,Weekly Grocery Store Specialty Crops Feature Activity,2026-09-26T13:56:27+00:00
99814696f6f2aa30,2022-09-23,Celery,HEARTS,each,,,,,No,,,,,,,,2.67,$/each,2.67,per each,Southeast,retail,,,,,,,,88.0,3324,Weekly Grocery Store Specialty Crops Feature Activity,2026-09-26T13:56:27+00:00
167af7b6dc722c50,2022-09-23,Cucumbers,,each,,,,,No,,,,,,,,0.55,$/each,0.55,per each,Southeast,retail,,,,,,,,660.0,3324,Weekly Grocery Store Specialty Crops Feature Activity,2026-09-26T13:56:27+00:00
1f0c4f8e1485924b,2022-09-23,Cucumbers,LONG SEEDLESS,each,,,,,Yes,,,,,,,,2.09,$/each,2.09,per each,Southeast,retail,,,environment=Greenhouse,,,,,957.0,3324,Weekly Grocery Store Specialty Crops Feature Activity,2026-09-26T13:56:27+00:00
a61ef222488804d9,2022-09-23,Cucumbers,LONG SEEDLESS,each,,,,,No,,,,,,,,1.46,$/each,1.46,per each,Southeast,retail,,,environment=Greenhouse,,,,,340.0,3324,Weekly Grocery Store Specialty Crops Feature Activity,2026-09-26T13:56:27+00:00
0078923f15c2fb17,2022-09-23,Grapes,BLACK SEEDLESS,per lb,,,,,No,,,,,,,,1.9,$/per lb,1.9,per lb,Southeast,retail,,,,,,,,481.0,3324,Weekly Grocery Store Specialty Crops Feature Activity,2026-09-26T13:56:27+00:00
a002626e1b5b03e1,2022-09-23,Grapes,BLACK SEEDLESS,per lb,,,,,Yes,,,,,,,,2.65,$/per lb,2.65,per lb,Southeast,retail,,,,,,,,46.0,3324,Weekly Grocery Store Specialty Crops Feature Activity,2026-09-26T13:56:27+00:00
285c8aefcfc1be95,2022-09-23,Grapes,RED SEEDLESS,per lb,,,,,No,,,,,,,,2.18,$/per lb,2.18,per lb,Southeast,retail,,,,,,,,3394.0,3324,Weekly Grocery Store Specialty Crops Feature Activity,2026-09-26T13:56:27+00:00
5eb25c9e5ae02abf,2022-09-23,Grapes,RED SEEDLESS,per lb,,,,,Yes,,,,,,,,3.18,$/per lb,3.18,per lb,Southeast,retail,,,,,,,,130.0,3324,Weekly Grocery Store Specialty Crops Feature Activity,2026-09-26T13:56:27+00:00
05aa7bdfe6f3aef4,2022-09-23,Grapes,Red Globe Seeded Type,per lb,,,,,No,,,,,,,,2.73,$/per lb,2.73,per lb,Southeast,retail,,,,,,,,29.0,3324,Weekly Grocery Store Specialty Crops Feature Activity,2026-09-26T13:56:27+00:00
338ce46795e71b0a,2022-09-23,Grapes,WHITE SEEDLESS TYPE,per lb,,,,,No,,,,,,,,1.96,$/per lb,1.96,per lb,Southeast,retail,,,,,,,,1493.0,3324,Weekly Grocery Store Specialty Crops Feature Activity,2026-09-26T13:56:27+00:00
90b1fe1b578b3b53,2022-09-23,Grapes,WHITE SEEDLESS TYPE,per lb,,,,,Yes,,,,,,,,3.0,$/per lb,3.0,per lb,Southeast,retail,,,,,,,,1272.0,3324,Weekly Grocery Store Specialty Crops Feature Activity,2026-09-26T13:56:27+00:00
aa965177a783c75d,2022-09-23,Lemons,,2 lb bag,,,,,No,,,,,,,,3.25,$/2 lb bag,1.625,per lb,Southeast,retail,,,,,,,,85.0,3324,Weekly Grocery Store Specialty Crops Feature Activity,2026-09-26T13:56:27+00:00
d3a8d017992ab81a,2022-09-23,Lemons,,2 lb bag,,,,,Yes,,,,,,,,4.99,$/2 lb bag,2.495,per lb,Southeast,retail,,,,,,,,188.0,3324,Weekly Grocery Store Specialty Crops Feature Activity,2026-09-26T13:56:27+00:00
9b5ef0d3ff9149eb,2022-09-23,Lemons,,each,,,,,No,,,,,,,,0.78,$/each,0.78,per each,Southeast,retail,,,,,,,,57.0,3324,Weekly Grocery Store Specialty Crops Feature Activity,2026-09-26T13:56:27+00:00
7f1b7b6d9d601ad8,2022-09-23,Lettuce,Iceberg,each,,,,,No,,,,,,,,1.58,$/each,1.58,per each,Southeast,retail,,,,,,,,86.0,3324,Weekly Grocery Store Specialty Crops Feature Activity,2026-09-26T13:56:27+00:00
8678ad6bf5f64100,2022-09-23,Lettuce,Romaine (Hearts),3 count,,,,,Yes,,,,,,,,4.49,$/3 count,,,Southeast,retail,,,,,,,,2.0,3324,Weekly Grocery Store Specialty Crops Feature Activity,2026-09-26T13:56:27+00:00
8b32403dd16b9547,2022-09-23,Limes,,each,,,,,No,,,,,,,,0.34,$/each,0.34,per each,Southeast,retail,,,,,,,,82.0,3324,Weekly Grocery Store Specialty Crops Feature Activity,2026-09-26T13:56:27+00:00
6e5f029546daf0c5,2022-09-23,"Onions, Dry",WHITE,per lb,,,,,No,,,,,,,,1.49,$/per lb,1.49,per lb,Southeast,retail,,,,,,,,973.0,3324,Weekly Grocery Store Specialty Crops Feature Activity,2026-09-26T13:56:27+00:00
fbc0317693b87ec7,2022-09-23,"Onions, Dry",YELLOW,2 lb bag,,,,,No,,,,,,,,1.34,$/2 lb bag,0.67,per lb,Southeast,retail,,,,,,,,220.0,3324,Weekly Grocery Store Specialty Crops Feature Activity,2026-09-26T13:56:27+00:00
6630ca2bc5f565d8,2022-09-23,"Onions, Dry",YELLOW,3 lb bag,,,,,No,,,,,,,,2.89,$/3 lb bag,0.9633,per lb,Southeast,retail,,,,,,,,393.0,3324,Weekly Grocery Store Specialty Crops Feature Activity,2026-09-26T13:56:27+00:00
85b64fee3a006268,2022-09-23,"Onions, Dry",YELLOW,per lb,,,,,No,,,,,,,,1.02,$/per lb,1.02,per lb,Southeast,retail,,,,,,,,42.0,3324,Weekly Grocery Store Specialty Crops Feature Activity,2026-09-26T13:56:27+00:00
78713a840debc99c,2022-09-23,"Onions, Dry",YELLOW MARKED SWEET,3 lb bag,,,,,No,,,,,,,,3.72,$/3 lb bag,1.24,per lb,Southeast,retail,,,,,,,,16.0,3324,Weekly Grocery Store Specialty Crops Feature Activity,2026-09-26T13:56:27+00:00
f2fabd460584609b,2022-09-23,"Onions, Dry",YELLOW MARKED SWEET,5 lb bag,,,,,No,,,,,,,,4.99,$/5 lb bag,0.998,per lb,Southeast,retail,,,,,,,,957.0,3324,Weekly Grocery Store Specialty Crops Feature Activity,2026-09-26T13:56:27+00:00
2ef0f0d111415f06,2022-09-23,"Onions, Dry",YELLOW MARKED SWEET,per lb,,,,,No,,,,,,,,1.15,$/per lb,1.15,per lb,Southeast,retail,,,,,,,,216.0,3324,Weekly Grocery Store Specialty Crops Feature Activity,2026-09-26T13:56:27+00:00
e517400973ed9cee,2022-09-23,"Peppers, Bell Type",GREEN,each,,,,,No,,,,,,,,0.6,$/each,0.6,per each,Southeast,retail,,,,,,,,859.0,3324,Weekly Grocery Store Specialty Crops Feature Activity,2026-09-26T13:56:27+00:00
017fb83e49150d7b,2022-09-23,"Peppers, Bell Type",GREEN,per lb,,,,,No,,,,,,,,0.81,$/per lb,0.81,per lb,Southeast,retail,,,,,,,,36.0,3324,Weekly Grocery Store Specialty Crops Feature Activity,2026-09-26T13:56:27+00:00
c19ca89f0578755f,2022-09-23,"Peppers, Bell Type",ORANGE,each,,,,,No,,,,,,,,1.06,$/each,1.06,per each,Southeast,retail,,,environment=Greenhouse,,,,,89.0,3324,Weekly Grocery Store Specialty Crops Feature Activity,2026-09-26T13:56:27+00:00
ddc7209acf44b141,2022-09-23,"Peppers, Bell Type",ORANGE,each,,,,,No,,,,,,,,1.22,$/each,1.22,per each,Southeast,retail,,,,,,,,29.0,3324,Weekly Grocery Store Specialty Crops Feature Activity,2026-09-26T13:56:27+00:00
2da072fd317eeae3,2022-09-23,"Peppers, Bell Type",RED,each,,,,,No,,,,,,,,1.06,$/each,1.06,per each,Southeast,retail,,,environment=Greenhouse,,,,,89.0,3324,Weekly Grocery Store Specialty Crops Feature Activity,2026-09-26T13:56:27+00:00
efa1f748ffe4b827,2022-09-23,"Peppers, Bell Type",RED,each,,,,,No,,,,,,,,1.22,$/each,1.22,per each,Southeast,retail,,,,,,,,29.0,3324,Weekly Grocery Store Specialty Crops Feature Activity,2026-09-26T13:56:27+00:00
7c44f15f6ca223c6,2022-09-23,"Peppers, Bell Type",RED,per lb,,,,,No,,,,,,,,1.98,$/per lb,1.98,per lb,Southeast,retail,,,,,,,,2.0,3324,Weekly Grocery Store Specialty Crops Feature Activity,2026-09-26T13:56:27+00:00
610335be8140d3f7,2022-09-23,"Peppers, Bell Type",YELLOW,each,,,,,No,,,,,,,,1.22,$/each,1.22,per each,Southeast,retail,,,,,,,,29.0,3324,Weekly Grocery Store Specialty Crops Feature Activity,2026-09-26T13:56:27+00:00
e5b8c2ac9ab3c50e,2022-09-23,"Peppers, Bell Type",YELLOW,each,,,,,No,,,,,,,,1.06,$/each,1.06,per each,Southeast,retail,,,environment=Greenhouse,,,,,89.0,3324,Weekly Grocery Store Specialty Crops Feature Activity,2026-09-26T13:56:27+00:00
a9232d0a36539656,2022-09-23,Potatoes,ROUND RED,5 lb bag,,,,,No,,,,,,,,5.54,$/5 lb bag,1.108,per lb,Southeast,retail,,,,,,,,1514.0,3324,Weekly Grocery Store Specialty Crops Feature Activity,2026-09-26T13:56:27+00:00
9d88bde25e483e0b,2022-09-23,Potatoes,ROUND RED,per lb,,,,,No,,,,,,,,0.99,$/per lb,0.99,per lb,Southeast,retail,,,,,,,,14.0,3324,Weekly Grocery Store Specialty Crops Feature Activity,2026-09-26T13:56:27+00:00
b451f22bccf5dbcc,2022-09-23,Potatoes,ROUND WHITE,10 lb bag,,,,,No,,,,,,,,3.97,$/10 lb bag,0.397,per lb,Southeast,retail,,,,,,,,68.0,3324,Weekly Grocery Store Specialty Crops Feature Activity,2026-09-26T13:56:27+00:00
03b5ca21b4357b4f,2022-09-23,Potatoes,ROUND WHITE,5 lb bag,,,,,No,,,,,,,,3.98,$/5 lb bag,0.796,per lb,Southeast,retail,,,,,,,,42.0,3324,Weekly Grocery Store Specialty Crops Feature Activity,2026-09-26T13:56:27+00:00
5e616e318cc648bf,2022-09-23,Potatoes,RUSSET,10 lb bag,,,,,No,,,,,,,,4.66,$/10 lb bag,0.466,per lb,Southeast,retail,,,,,,,,54.0,3324,Weekly Grocery Store Specialty Crops Feature Activity,2026-09-26T13:56:27+00:00
db51b8e6a86ee093,2022-09-23,Potatoes,RUSSET,3 lb bag,,,,,No,,,,,,,,0.99,$/3 lb bag,0.33,per lb,Southeast,retail,,,,,,,,8.0,3324,Weekly Grocery Store Specialty Crops Feature Activity,2026-09-26T13:56:27+00:00
74eece85c637bcdd,2022-09-23,Potatoes,RUSSET,5 lb bag,,,,,No,,,,,,,,3.23,$/5 lb bag,0.646,per lb,Southeast,retail,,,,,,,,274.0,3324,Weekly Grocery Store Specialty Crops Feature Activity,2026-09-26T13:56:27+00:00
21fdc7b42893a3d0,2022-09-23,Potatoes,RUSSET,8 lb bag,,,,,No,,,,,,,,4.99,$/8 lb bag,0.6238,per lb,Southeast,retail,,,,,,,,35.0,3324,Weekly Grocery Store Specialty Crops Feature Activity,2026-09-26T13:56:27+00:00
3a06e9511a9e517f,2022-09-23,Potatoes,YELLOW TYPE,5 lb bag,,,,,No,,,,,,,,4.58,$/5 lb bag,0.916,per lb,Southeast,retail,,,,,,,,741.0,3324,Weekly Grocery Store Specialty Crops Feature Activity,2026-09-26T13:56:27+00:00
c449aff854ae33a9,2022-09-23,Strawberries,,1 lb package,,,,,Yes,,,,,,,,4.99,$/1 lb package,4.99,per lb,Southeast,retail,,,,,,,,15.0,3324,Weekly Grocery Store Specialty Crops Feature Activity,2026-09-26T13:56:27+00:00
d47e71024720887c,2022-09-23,Strawberries,,1 lb package,,,,,No,,,,,,,,3.49,$/1 lb package,3.49,per lb,Southeast,retail,,,,,,,,167.0,3324,Weekly Grocery Store Specialty Crops Feature Activity,2026-09-26T13:56:27+00:00
736137d04a5394b8,2022-09-23,Tomatoes,,per lb,,,,,No,,,,,,,,1.27,$/per lb,1.27,per lb,Southeast,retail,,,,,,,,189.0,3324,Weekly Grocery Store Specialty Crops Feature Activity,2026-09-26T13:56:27+00:00
1327822cb28464d9,2022-09-23,Tomatoes,Cherry Type,1 pint package,,,,,No,,,,,,,,2.5,$/1 pint package,,,Southeast,retail,,,,,,,,119.0,3324,Weekly Grocery Store Specialty Crops Feature Activity,2026-09-26T13:56:27+00:00
c03dc5e02ce67795,2022-09-23,Tomatoes,GRAPE TYPE,1 pint package,,,,,No,,,,,,,,2.85,$/1 pint package,,,Southeast,retail,,,,,,,,571.0,3324,Weekly Grocery Store Specialty Crops Feature Activity,2026-09-26T13:56:27+00:00
89af1d6c72117d93,2022-09-23,Tomatoes,GRAPE TYPE,10 oz package,,,,,Yes,,,,,,,,2.99,$/10 oz package,4.784,per lb,Southeast,retail,,,,,,,,34.0,3324,Weekly Grocery Store Specialty Crops Feature Activity,2026-09-26T13:56:27+00:00
b200c9617d5b25bd,2022-09-23,Tomatoes,GRAPE TYPE,10 oz package,,,,,No,,,,,,,,2.83,$/10 oz package,4.528,per lb,Southeast,retail,,,,,,,,84.0,3324,Weekly Grocery Store Specialty Crops Feature Activity,2026-09-26T13:56:27+00:00
83c765828469a515,2022-09-23,Tomatoes,Plum Type (Roma),per lb,,,,,No,,,,,,,,1.32,$/per lb,1.32,per lb,Southeast,retail,,,,,,,,143.0,3324,Weekly Grocery Store Specialty Crops Feature Activity,2026-09-26T13:56:27+00:00
8612bb4da44d41e4,2022-09-23,Tomatoes,VINE RIPES,per lb,,,,,No,,,,,,,,1.79,$/per lb,1.79,per lb,Southeast,retail,,,environment=Greenhouse,,,,,957.0,3324,Weekly Grocery Store Specialty Crops Feature Activity,2026-09-26T13:56:27+00:00
9377a4d94d55dce4,2022-09-23,Tomatoes,VINE RIPES,per lb,,,,,No,,,,,,,,1.73,$/per lb,1.73,per lb,Southeast,retail,,,,,,,,161.0,3324,Weekly Grocery Store Specialty Crops Feature Activity,2026-09-26T13:56:27+00:00
c61b0145edf62cec,2022-09-23,Tomatoes,VINE RIPES - ON THE VINE,per lb,,,,,No,,,,,,,,1.82,$/per lb,1.82,per lb,Southeast,retail,,,environment=Greenhouse,,,,,1694.0,3324,Weekly Grocery Store Specialty Crops Feature Activity,2026-09-26T13:56:27+00:00
9d6e42bab7869b85,2022-09-23,Avocados,HASS,each,,,,,Yes,,,,,,,,2.03,$/each,2.03,per each,Southwest,retail,,,,,,,,477.0,3324,Weekly Grocery Store Specialty Crops Feature Activity,2026-09-26T13:56:27+00:00
ec77a99d6fb980f1,2022-09-23,Avocados,HASS,each,,,,,No,,,,,,,,1.58,$/each,1.58,per each,Southwest,retail,,,,,,,,1534.0,3324,Weekly Grocery Store Specialty Crops Feature Activity,2026-09-26T13:56:27+00:00
4150aaee970ca614,2022-09-23,Bananas,,per lb,,,,,Yes,,,,,,,,0.99,$/per lb,0.99,per lb,Southwest,retail,,,,,,,,260.0,3324,Weekly Grocery Store Specialty Crops Feature Activity,2026-09-26T13:56:27+00:00
6127fd4b6af01ccd,2022-09-23,Bananas,,per lb,,,,,No,,,,,,,,0.39,$/per lb,0.39,per lb,Southwest,retail,,,,,,,,116.0,3324,Weekly Grocery Store Specialty Crops Feature Activity,2026-09-26T13:56:27+00:00
726999b669c4f859,2022-09-23,Blueberries,,1 pint package,,,,,Yes,,,,,,,,3.98,$/1 pint package,,,Southwest,retail,,,,,,,,146.0,3324,Weekly Grocery Store Specialty Crops Feature Activity,2026-09-26T13:56:27+00:00
9adc541753060bab,2022-09-23,Blueberries,,1 pint package,,,,,No,,,,,,,,0.99,$/1 pint package,,,Southwest,retail,,,,,,,,6.0,3324,Weekly Grocery Store Specialty Crops Feature Activity,2026-09-26T13:56:27+00:00
e688871172c14aa5,2022-09-23,Blueberries,,18 oz package,,,,,No,,,,,,,,4.4,$/18 oz package,3.9111,per lb,Southwest,retail,,,,,,,,334.0,3324,Weekly Grocery Store Specialty Crops Feature Activity,2026-09-26T13:56:27+00:00
af44c04f13b98369,2022-09-23,Blueberries,,6 oz package,,,,,No,,,,,,,,3.32,$/6 oz package,8.8533,per lb,Southwest,retail,,,,,,,,1290.0,3324,Weekly Grocery Store Specialty Crops Feature Activity,2026-09-26T13:56:27+00:00
f8e5a5f0c9f12c68,2022-09-23,Blueberries,,6 oz package,,,,,Yes,,,,,,,,5.09,$/6 oz package,13.5733,per lb,Southwest,retail,,,,,,,,20.0,3324,Weekly Grocery Store Specialty Crops Feature Activity,2026-09-26T13:56:27+00:00
4aeaaa67cf16c395,2022-09-23,Broccoli,,per lb,,,,,No,,,,,,,,1.79,$/per lb,1.79,per lb,Southwest,retail,,,,,,,,11.0,3324,Weekly Grocery Store Specialty Crops Feature Activity,2026-09-26T13:56:27+00:00
2cb3b97893ea2524,2022-09-23,Broccoli,BABY HYBRID TYPE,per bunch,,,,,Yes,,,,,,,,2.5,$/per bunch,,,Southwest,retail,,,,,,,,17.0,3324,Weekly Grocery Store Specialty Crops Feature Activity,2026-09-26T13:56:27+00:00
da2c0ed9027fc145,2022-09-23,Broccoli,CROWN CUT,per lb,,,,,No,,,,,,,,1.6,$/per lb,1.6,per lb,Southwest,retail,,,,,,,,1277.0,3324,Weekly Grocery Store Specialty Crops Feature Activity,2026-09-26T13:56:27+00:00
7d5a8f741437c3a2,2022-09-23,Carrots,,1 lb bag,,,,,No,,,,,,,,0.59,$/1 lb bag,0.59,per lb,Southwest,retail,,,,,,,,50.0,3324,Weekly Grocery Store Specialty Crops Feature Activity,2026-09-26T13:56:27+00:00
0a293072cfe8a470,2022-09-23,Carrots,,2 lb bag,,,,,No,,,,,,,,1.49,$/2 lb bag,0.745,per lb,Southwest,retail,,,,,,,,15.0,3324,Weekly Grocery Store Specialty Crops Feature Activity,2026-09-26T13:56:27+00:00
65774ba49b2bb54a,2022-09-23,Carrots,,per lb,,,,,No,,,,,,,,0.56,$/per lb,0.56,per lb,Southwest,retail,,,,,,,,84.0,3324,Weekly Grocery Store Specialty Crops Feature Activity,2026-09-26T13:56:27+00:00
1f1d0dac8ff09ed7,2022-09-23,Carrots,BABY PEELED,1 lb bag,,,,,No,,,,,,,,1.01,$/1 lb bag,1.01,per lb,Southwest,retail,,,,,,,,820.0,3324,Weekly Grocery Store Specialty Crops Feature Activity,2026-09-26T13:56:27+00:00
7181dc2d8fc82dc5,2022-09-23,Carrots,BABY PEELED,1 lb bag,,,,,Yes,,,,,,,,2.29,$/1 lb bag,2.29,per lb,Southwest,retail,,,,,,,,53.0,3324,Weekly Grocery Store Specialty Crops Feature Activity,2026-09-26T13:56:27+00:00
68b0173628d6aa82,2022-09-23,Celery,,each,,,,,Yes,,,,,,,,2.46,$/each,2.46,per each,Southwest,retail,,,,,,,,192.0,3324,Weekly Grocery Store Specialty Crops Feature Activity,2026-09-26T13:56:27+00:00
b482424ef318f00c,2022-09-23,Celery,,each,,,,,No,,,,,,,,1.27,$/each,1.27,per each,Southwest,retail,,,,,,,,321.0,3324,Weekly Grocery Store Specialty Crops Feature Activity,2026-09-26T13:56:27+00:00
4476f2e52cd0809c,2022-09-23,Celery,,per lb,,,,,No,,,,,,,,1.31,$/per lb,1.31,per lb,Southwest,retail,,,,,,,,19.0,3324,Weekly Grocery Store Specialty Crops Feature Activity,2026-09-26T13:56:27+00:00
5fcb1b7182a49e1b,2022-09-23,Celery,HEARTS,each,,,,,Yes,,,,,,,,2.5,$/each,2.5,per each,Southwest,retail,,,,,,,,27.0,3324,Weekly Grocery Store Specialty Crops Feature Activity,2026-09-26T13:56:27+00:00
b86182022c64ea33,2022-09-23,Cucumbers,,each,,,,,No,,,,,,,,0.56,$/each,0.56,per each,Southwest,retail,,,,,,,,1151.0,3324,Weekly Grocery Store Specialty Crops Feature Activity,2026-09-26T13:56:27+00:00
f81355185a7de89b,2022-09-23,Cucumbers,,each,,,,,Yes,,,,,,,,1.48,$/each,1.48,per each,Southwest,retail,,,,,,,,183.0,3324,Weekly Grocery Store Specialty Crops Feature Activity,2026-09-26T13:56:27+00:00
9de14f4c157953f6,2022-09-23,Cucumbers,LONG SEEDLESS,each,,,,,Yes,,,,,,,,2.49,$/each,2.49,per each,Southwest,retail,,,environment=Greenhouse,,,,,113.0,3324,Weekly Grocery Store Specialty Crops Feature Activity,2026-09-26T13:56:27+00:00
fe1b6ba6c5bb5b4c,2022-09-23,Cucumbers,LONG SEEDLESS,each,,,,,No,,,,,,,,0.95,$/each,0.95,per each,Southwest,retail,,,environment=Greenhouse,,,,,35.0,3324,Weekly Grocery Store Specialty Crops Feature Activity,2026-09-26T13:56:27+00:00
38880f7e847f7464,2022-09-23,Grapes,BLACK SEEDLESS,per lb,,,,,No,,,,,,,,1.99,$/per lb,1.99,per lb,Southwest,retail,,,,,,,,50.0,3324,Weekly Grocery Store Specialty Crops Feature Activity,2026-09-26T13:56:27+00:00
8e8ae0444b4a039c,2022-09-23,Grapes,BLACK SEEDLESS,per lb,,,,,Yes,,,,,,,,2.61,$/per lb,2.61,per lb,Southwest,retail,,,,,,,,255.0,3324,Weekly Grocery Store Specialty Crops Feature Activity,2026-09-26T13:56:27+00:00
e5d0938dd5b4173c,2022-09-23,Grapes,RED SEEDLESS,per lb,,,,,Yes,,,,,,,,3.26,$/per lb,3.26,per lb,Southwest,retail,,,,,,,,713.0,3324,Weekly Grocery Store Specialty Crops Feature Activity,2026-09-26T13:56:27+00:00
fdbb573173430f61,2022-09-23,Grapes,RED SEEDLESS,per lb,,,,,No,,,,,,,,2.3,$/per lb,2.3,per lb,Southwest,retail,,,,,,,,1130.0,3324,Weekly Grocery Store Specialty Crops Feature Activity,2026-09-26T13:56:27+00:00
7f724167e079d7cd,2022-09-23,Grapes,Red Globe Seeded Type,per lb,,,,,No,,,,,,,,1.99,$/per lb,1.99,per lb,Southwest,retail,,,,,,,,36.0,3324,Weekly Grocery Store Specialty Crops Feature Activity,2026-09-26T13:56:27+00:00
136b1c5da032add4,2022-09-23,Grapes,WHITE SEEDLESS TYPE,per lb,,,,,Yes,,,,,,,,3.26,$/per lb,3.26,per lb,Southwest,retail,,,,,,,,700.0,3324,Weekly Grocery Store Specialty Crops Feature Activity,2026-09-26T13:56:27+00:00
69319dffa3cf14a3,2022-09-23,Grapes,WHITE SEEDLESS TYPE,per lb,,,,,No,,,,,,,,2.48,$/per lb,2.48,per lb,Southwest,retail,,,,,,,,807.0,3324,Weekly Grocery Store Specialty Crops Feature Activity,2026-09-26T13:56:27+00:00
49c77fee0b8fcd8a,2022-09-23,Lemons,,2 lb bag,,,,,No,,,,,,,,2.49,$/2 lb bag,1.245,per lb,Southwest,retail,,,,,,,,96.0,3324,Weekly Grocery Store Specialty Crops Feature Activity,2026-09-26T13:56:27+00:00
7431dfdb0030bbb3,2022-09-23,Lemons,,2 lb bag,,,,,Yes,,,,,,,,5.99,$/2 lb bag,2.995,per lb,Southwest,retail,,,,,,,,317.0,3324,Weekly Grocery Store Specialty Crops Feature Activity,2026-09-26T13:56:27+00:00
b2ca5f6003b6fe1f,2022-09-23,Lemons,,each,,,,,No,,,,,,,,0.88,$/each,0.88,per each,Southwest,retail,,,,,,,,260.0,3324,Weekly Grocery Store Specialty Crops Feature Activity,2026-09-26T13:56:27+00:00
80b9bfca93497d11,2022-09-23,Lemons,,per lb,,,,,No,,,,,,,,0.59,$/per lb,0.59,per lb,Southwest,retail,,,,,,,,70.0,3324,Weekly Grocery Store Specialty Crops Feature Activity,2026-09-26T13:56:27+00:00
0a9ed201501ee700,2022-09-23,Lettuce,Boston,each,,,,,Yes,,,,,,,,2.5,$/each,2.5,per each,Southwest,retail,,,environment=Greenhouse,,,,,113.0,3324,Weekly Grocery Store Specialty Crops Feature Activity,2026-09-26T13:56:27+00:00
c1dc44ab07e37f3e,2022-09-23,Lettuce,Green Leaf,each,,,,,Yes,,,,,,,,1.79,$/each,1.79,per each,Southwest,retail,,,,,,,,18.0,3324,Weekly Grocery Store Specialty Crops Feature Activity,2026-09-26T13:56:27+00:00
1b11db73683ff71b,2022-09-23,Lettuce,Iceberg,each,,,,,No,,,,,,,,1.46,$/each,1.46,per each,Southwest,retail,,,,,,,,29.0,3324,Weekly Grocery Store Specialty Crops Feature Activity,2026-09-26T13:56:27+00:00
9d296958debce2c9,2022-09-23,Lettuce,Red Leaf,each,,,,,Yes,,,,,,,,1.79,$/each,1.79,per each,Southwest,retail,,,,,,,,18.0,3324,Weekly Grocery Store Specialty Crops Feature Activity,2026-09-26T13:56:27+00:00
eaf3d24dcecb631f,2022-09-23,Lettuce,Romaine,each,,,,,Yes,,,,,,,,2.0,$/each,2.0,per each,Southwest,retail,,,,,,,,38.0,3324,Weekly Grocery Store Specialty Crops Feature Activity,2026-09-26T13:56:27+00:00
3faa31a16c803249,2022-09-23,Lettuce,Romaine (Hearts),3 count,,,,,No,,,,,,,,2.17,$/3 count,,,Southwest,retail,,,,,,,,53.0,3324,Weekly Grocery Store Specialty Crops Feature Activity,2026-09-26T13:56:27+00:00
0bc10e48260ba8c6,2022-09-23,Limes,,each,,,,,No,,,,,,,,0.42,$/each,0.42,per each,Southwest,retail,,,,,,,,659.0,3324,Weekly Grocery Store Specialty Crops Feature Activity,2026-09-26T13:56:27+00:00
e2b8492ef7f6dfb8,2022-09-23,Limes,,per lb,,,,,No,,,,,,,,0.75,$/per lb,0.75,per lb,Southwest,retail,,,,,,,,138.0,3324,Weekly Grocery Store Specialty Crops Feature Activity,2026-09-26T13:56:27+00:00
4a33d5e1beca30a2,2022-09-23,"Onions, Dry",RED,2 lb bag,,,,,Yes,,,,,,,,2.99,$/2 lb bag,1.495,per lb,Southwest,retail,,,,,,,,50.0,3324,Weekly Grocery Store Specialty Crops Feature Activity,2026-09-26T13:56:27+00:00
8a2b418013e2c726,2022-09-23,"Onions, Dry",RED,2 lb bag,,,,,No,,,,,,,,1.0,$/2 lb bag,0.5,per lb,Southwest,retail,,,,,,,,6.0,3324,Weekly Grocery Store Specialty Crops Feature Activity,2026-09-26T13:56:27+00:00
1e252c66ece0fd2e,2022-09-23,"Onions, Dry",RED,per lb,,,,,No,,,,,,,,0.99,$/per lb,0.99,per lb,Southwest,retail,,,,,,,,10.0,3324,Weekly Grocery Store Specialty Crops Feature Activity,2026-09-26T13:56:27+00:00
195336c65d13b2da,2022-09-23,"Onions, Dry",WHITE,per lb,,,,,No,,,,,,,,0.99,$/per lb,0.99,per lb,Southwest,retail,,,,,,,,45.0,3324,Weekly Grocery Store Specialty Crops Feature Activity,2026-09-26T13:56:27+00:00
5ad458fb7c332ea8,2022-09-23,"Onions, Dry",WHITE,per lb,,,,,Yes,,,,,,,,1.99,$/per lb,1.99,per lb,Southwest,retail,,,,,,,,4.0,3324,Weekly Grocery Store Specialty Crops Feature Activity,2026-09-26T13:56:27+00:00
18d2377ae7bba221,2022-09-23,"Onions, Dry",YELLOW,3 lb bag,,,,,No,,,,,,,,3.88,$/3 lb bag,1.2933,per lb,Southwest,retail,,,,,,,,11.0,3324,Weekly Grocery Store Specialty Crops Feature Activity,2026-09-26T13:56:27+00:00
9415cbf55b851cc3,2022-09-23,"Onions, Dry",YELLOW,per lb,,,,,Yes,,,,,,,,1.19,$/per lb,1.19,per lb,Southwest,retail,,,,,,,,18.0,3324,Weekly Grocery Store Specialty Crops Feature Activity,2026-09-26T13:56:27+00:00
c57bfcdc8ff4abde,2022-09-23,"Onions, Dry",YELLOW,per lb,,,,,No,,,,,,,,0.81,$/per lb,0.81,per lb,Southwest,retail,,,,,,,,310.0,3324,Weekly Grocery Store Specialty Crops Feature Activity,2026-09-26T13:56:27+00:00
3b6e2660c69e7321,2022-09-23,"Onions, Dry",YELLOW MARKED SWEET,per lb,,,,,No,,,,,,,,1.41,$/per lb,1.41,per lb,Southwest,retail,,,,,,,,542.0,3324,Weekly Grocery Store Specialty Crops Feature Activity,2026-09-26T13:56:27+00:00
1a9b054b65907cde,2022-09-23,"Peppers, Bell Type",GREEN,each,,,,,No,,,,,,,,0.86,$/each,0.86,per each,Southwest,retail,,,,,,,,378.0,3324,Weekly Grocery Store Specialty Crops Feature Activity,2026-09-26T13:56:27+00:00
bc425ade61321527,2022-09-23,"Peppers, Bell Type",GREEN,per lb,,,,,No,,,,,,,,1.06,$/per lb,1.06,per lb,Southwest,retail,,,,,,,,46.0,3324,Weekly Grocery Store Specialty Crops Feature Activity,2026-09-26T13:56:27+00:00
53368df9b722be34,2022-09-23,"Peppers, Bell Type",ORANGE,each,,,,,No,,,,,,,,1.19,$/each,1.19,per each,Southwest,retail,,,,,,,,255.0,3324,Weekly Grocery Store Specialty Crops Feature Activity,2026-09-26T13:56:27+00:00
49c40f3b40f4d0d5,2022-09-23,"Peppers, Bell Type",ORANGE,per lb,,,,,No,,,,,,,,1.29,$/per lb,1.29,per lb,Southwest,retail,,,,,,,,10.0,3324,Weekly Grocery Store Specialty Crops Feature Activity,2026-09-26T13:56:27+00:00
faf2a62f4b8d947c,2022-09-23,"Peppers, Bell Type",RED,each,,,,,No,,,,,,,,1.03,$/each,1.03,per each,Southwest,retail,,,,,,,,515.0,3324,Weekly Grocery Store Specialty Crops Feature Activity,2026-09-26T13:56:27+00:00
b85f1768ea54c5c4,2022-09-23,"Peppers, Bell Type",RED,per lb,,,,,No,,,,,,,,2.93,$/per lb,2.93,per lb,Southwest,retail,,,,,,,,274.0,3324,Weekly Grocery Store Specialty Crops Feature Activity,2026-09-26T13:56:27+00:00
4635fce7b3581d78,2022-09-23,"Peppers, Bell Type",YELLOW,each,,,,,No,,,,,,,,1.19,$/each,1.19,per each,Southwest,retail,,,,,,,,255.0,3324,Weekly Grocery Store Specialty Crops Feature Activity,2026-09-26T13:56:27+00:00
252e35edfa6b5389,2022-09-23,"Peppers, Bell Type",YELLOW,per lb,,,,,No,,,,,,,,1.29,$/per lb,1.29,per lb,Southwest,retail,,,,,,,,10.0,3324,Weekly Grocery Store Specialty Crops Feature Activity,2026-09-26T13:56:27+00:00
27b7c7fc7d115dfa,2022-09-23,Potatoes,ROUND RED,3 lb bag,,,,,No,,,,,,,,4.0,$/3 lb bag,1.3333,per lb,Southwest,retail,,,,,,,,14.0,3324,Weekly Grocery Store Specialty Crops Feature Activity,2026-09-26T13:56:27+00:00
93a4494e1d722ede,2022-09-23,Potatoes,ROUND RED,3 lb bag,,,,,Yes,,,,,,,,2.0,$/3 lb bag,0.6667,per lb,Southwest,retail,,,,,,,,1.0,3324,Weekly Grocery Store Specialty Crops Feature Activity,2026-09-26T13:56:27+00:00
2e0d8347d2a658de,2022-09-23,Potatoes,ROUND RED,per lb,,,,,No,,,,,,,,0.85,$/per lb,0.85,per lb,Southwest,retail,,,,,,,,55.0,3324,Weekly Grocery Store Specialty Crops Feature Activity,2026-09-26T13:56:27+00:00
57668bbba3e329a1,2022-09-23,Potatoes,ROUND WHITE,3 lb bag,,,,,No,,,,,,,,3.0,$/3 lb bag,1.0,per lb,Southwest,retail,,,,,,,,7.0,3324,Weekly Grocery Store Specialty Crops Feature Activity,2026-09-26T13:56:27+00:00
842ed12bf89586d7,2022-09-23,Potatoes,RUSSET,5 lb bag,,,,,No,,,,,,,,1.18,$/5 lb bag,0.236,per lb,Southwest,retail,,,,,,,,240.0,3324,Weekly Grocery Store Specialty Crops Feature Activity,2026-09-26T13:56:27+00:00
faed79c12faaad44,2022-09-23,Potatoes,RUSSET,8 lb bag,,,,,No,,,,,,,,0.99,$/8 lb bag,0.1237,per lb,Southwest,retail,,,,,,,,10.0,3324,Weekly Grocery Store Specialty Crops Feature Activity,2026-09-26T13:56:27+00:00
6d556074c14555e1,2022-09-23,Potatoes,RUSSET,per lb,,,,,Yes,,,,,,,,1.79,$/per lb,1.79,per lb,Southwest,retail,,,,,,,,22.0,3324,Weekly Grocery Store Specialty Crops Feature Activity,2026-09-26T13:56:27+00:00
9321d6e0052cfd9f,2022-09-23,Potatoes,RUSSET,per lb,,,,,No,,,,,,,,1.0,$/per lb,1.0,per lb,Southwest,retail,,,,,,,,200.0,3324,Weekly Grocery Store Specialty Crops Feature Activity,2026-09-26T13:56:27+00:00
8b96f88005b6be5c,2022-09-23,Potatoes,YELLOW TYPE,3 lb bag,,,,,No,,,,,,,,5.0,$/3 lb bag,1.6667,per lb,Southwest,retail,,,,,,,,7.0,3324,Weekly Grocery Store Specialty Crops Feature Activity,2026-09-26T13:56:27+00:00
92e46839300e5013,2022-09-23,Potatoes,YELLOW TYPE,per lb,,,,,No,,,,,,,,0.88,$/per lb,0.88,per lb,Southwest,retail,,,,,,,,47.0,3324,Weekly Grocery Store Specialty Crops Feature Activity,2026-09-26T13:56:27+00:00
c0fce7c32915ff40,2022-09-23,Strawberries,,1 lb package,,,,,No,,,,,,,,2.44,$/1 lb package,2.44,per lb,Southwest,retail,,,,,,,,405.0,3324,Weekly Grocery Store Specialty Crops Feature Activity,2026-09-26T13:56:27+00:00
f5749bb55a7b3c2f,2022-09-23,Strawberries,,1 lb package,,,,,Yes,,,,,,,,3.6,$/1 lb package,3.6,per lb,Southwest,retail,,,,,,,,179.0,3324,Weekly Grocery Store Specialty Crops Feature Activity,2026-09-26T13:56:27+00:00
0b572ea6de58577c,2022-09-23,Tomatoes,,per lb,,,,,Yes,,,,,,,,2.8,$/per lb,2.8,per lb,Southwest,retail,,,,,,,,109.0,3324,Weekly Grocery Store Specialty Crops Feature Activity,2026-09-26T13:56:27+00:00
e2cabe460dded36f,2022-09-23,Tomatoes,,per lb,,,,,No,,,,,,,,2.01,$/per lb,2.01,per lb,Southwest,retail,,,,,,,,985.0,3324,Weekly Grocery Store Specialty Crops Feature Activity,2026-09-26T13:56:27+00:00
ccc7f62c51720215,2022-09-23,Tomatoes,GRAPE TYPE,1 pint package,,,,,No,,,,,,,,2.43,$/1 pint package,,,Southwest,retail,,,,,,,,183.0,3324,Weekly Grocery Store Specialty Crops Feature Activity,2026-09-26T13:56:27+00:00
d6e844e5dc4e4960,2022-09-23,Tomatoes,GRAPE TYPE,10 oz package,,,,,No,,,,,,,,3.99,$/10 oz package,6.384,per lb,Southwest,retail,,,,,,,,152.0,3324,Weekly Grocery Store Specialty Crops Feature Activity,2026-09-26T13:56:27+00:00
6f3880d827de063e,2022-09-23,Tomatoes,Plum Type (Roma),per lb,,,,,No,,,,,,,,1.2,$/per lb,1.2,per lb,Southwest,retail,,,,,,,,768.0,3324,Weekly Grocery Store Specialty Crops Feature Activity,2026-09-26T13:56:27+00:00
c1a780ad33fdead0,2022-09-23,Tomatoes,Plum Type (Roma),per lb,,,,,Yes,,,,,,,,3.0,$/per lb,3.0,per lb,Southwest,retail,,,,,,,,261.0,3324,Weekly Grocery Store Specialty Crops Feature Activity,2026-09-26T13:56:27+00:00
a0dcac10c89bea0d,2022-09-23,Tomatoes,VINE RIPES,per lb,,,,,No,,,,,,,,1.75,$/per lb,1.75,per lb,Southwest,retail,,,,,,,,246.0,3324,Weekly Grocery Store Specialty Crops Feature Activity,2026-09-26T13:56:27+00:00
8cb47f1464365acd,2022-09-23,Tomatoes,VINE RIPES - ON THE VINE,per lb,,,,,No,,,,,,,,1.24,$/per lb,1.24,per lb,Southwest,retail,,,environment=Greenhouse,,,,,410.0,3324,Weekly Grocery Store Specialty Crops Feature Activity,2026-09-26T13:56:27+00:00
c508700c28e6c042,2022-09-23,Tomatoes,VINE RIPES - ON THE VINE,per lb,,,,,Yes,,,,,,,,2.99,$/per lb,2.99,per lb,Southwest,retail,,,environment=Greenhouse,,,,,113.0,3324,Weekly Grocery Store Specialty Crops Feature Activity,2026-09-26T13:56:27+00:00
185133797c083510,2022-09-23,Tomatoes,Vine Ripes - Heirloom Varieties,per lb,,,,,Yes,,,,,,,,4.49,$/per lb,4.49,per lb,Southwest,retail,,,environment=Greenhouse,,,,,8.0,3324,Weekly Grocery Store Specialty Crops Feature Activity,2026-09-26T13:56:27+00:00
9a9808ee31571e5a,2022-09-30,Avocados,HASS,each,,,,,Yes,,,,,,,,1.79,$/each,1.79,per each,Alaska,retail,,,,,,,,1.0,3324,Weekly Grocery Store Specialty Crops Feature Activity,2026-09-26T13:56:27+00:00
c4d895c0665f1f83,2022-09-30,Avocados,HASS,each,,,,,No,,,,,,,,3.42,$/each,3.42,per each,Alaska,retail,,,,,,,,9.0,3324,Weekly Grocery Store Specialty Crops Feature Activity,2026-09-26T13:56:27+00:00
f95d661a44c888b3,2022-09-30,Blueberries,,18 oz package,,,,,No,,,,,,,,7.99,$/18 oz package,7.1022,per lb,Alaska,retail,,,,,,,,11.0,3324,Weekly Grocery Store Specialty Crops Feature Activity,2026-09-26T13:56:27+00:00
c86b5fa3273d74bf,2022-09-30,Blueberries,,6 oz package,,,,,No,,,,,,,,2.99,$/6 oz package,7.9733,per lb,Alaska,retail,,,,,,,,1.0,3324,Weekly Grocery Store Specialty Crops Feature Activity,2026-09-26T13:56:27+00:00
53155b1620ad5bd2,2022-09-30,Broccoli,,per lb,,,,,No,,,,,,,,1.79,$/per lb,1.79,per lb,Alaska,retail,,,,,,,,26.0,3324,Weekly Grocery Store Specialty Crops Feature Activity,2026-09-26T13:56:27+00:00
5d99fb3b15938ae8,2022-09-30,Broccoli,CROWN CUT,per lb,,,,,No,,,,,,,,2.43,$/per lb,2.43,per lb,Alaska,retail,,,,,,,,19.0,3324,Weekly Grocery Store Specialty Crops Feature Activity,2026-09-26T13:56:27+00:00
e0fdd6878f1ff3f8,2022-09-30,Carrots,,per lb,,,,,No,,,,,,,,0.99,$/per lb,0.99,per lb,Alaska,retail,,,,,,,,26.0,3324,Weekly Grocery Store Specialty Crops Feature Activity,2026-09-26T13:56:27+00:00
24b91bbf579c0d77,2022-09-30,Carrots,BABY PEELED,1 lb bag,,,,,No,,,,,,,,1.79,$/1 lb bag,1.79,per lb,Alaska,retail,,,,,,,,1.0,3324,Weekly Grocery Store Specialty Crops Feature Activity,2026-09-26T13:56:27+00:00
6b00016213a334d1,2022-09-30,Carrots,BABY PEELED,2 lb bag,,,,,Yes,,,,,,,,3.79,$/2 lb bag,1.895,per lb,Alaska,retail,,,,,,,,26.0,3324,Weekly Grocery Store Specialty Crops Feature Activity,2026-09-26T13:56:27+00:00
792097598245a026,2022-09-30,Celery,,each,,,,,Yes,,,,,,,,2.49,$/each,2.49,per each,Alaska,retail,,,,,,,,1.0,3324,Weekly Grocery Store Specialty Crops Feature Activity,2026-09-26T13:56:27+00:00
980cac40493a462f,2022-09-30,Celery,,per lb,,,,,No,,,,,,,,1.49,$/per lb,1.49,per lb,Alaska,retail,,,,,,,,7.0,3324,Weekly Grocery Store Specialty Crops Feature Activity,2026-09-26T13:56:27+00:00
7b2c9ae7b95b6a8f,2022-09-30,Cucumbers,,each,,,,,No,,,,,,,,1.01,$/each,1.01,per each,Alaska,retail,,,,,,,,12.0,3324,Weekly Grocery Store Specialty Crops Feature Activity,2026-09-26T13:56:27+00:00
bcfcb4c67f60e89d,2022-09-30,Grapes,BLACK SEEDLESS,per lb,,,,,No,,,,,,,,3.09,$/per lb,3.09,per lb,Alaska,retail,,,,,,,,34.0,3324,Weekly Grocery Store Specialty Crops Feature Activity,2026-09-26T13:56:27+00:00
c49a025877753cb8,2022-09-30,Grapes,BLACK SEEDLESS,per lb,,,,,Yes,,,,,,,,3.99,$/per lb,3.99,per lb,Alaska,retail,,,,,,,,11.0,3324,Weekly Grocery Store Specialty Crops Feature Activity,2026-09-26T13:56:27+00:00
cebac07a494667e8,2022-09-30,Grapes,RED SEEDLESS,per lb,,,,,Yes,,,,,,,,3.99,$/per lb,3.99,per lb,Alaska,retail,,,,,,,,11.0,3324,Weekly Grocery Store Specialty Crops Feature Activity,2026-09-26T13:56:27+00:00
df4b7a57739240b1,2022-09-30,Grapes,RED SEEDLESS,per lb,,,,,No,,,,,,,,3.53,$/per lb,3.53,per lb,Alaska,retail,,,,,,,,68.0,3324,Weekly Grocery Store Specialty Crops Feature Activity,2026-09-26T13:56:27+00:00
e401b2b841ea0767,2022-09-30,Grapes,WHITE SEEDLESS TYPE,per lb,,,,,No,,,,,,,,3.53,$/per lb,3.53,per lb,Alaska,retail,,,,,,,,68.0,3324,Weekly Grocery Store Specialty Crops Feature Activity,2026-09-26T13:56:27+00:00
fc77d0066e677c25,2022-09-30,Grapes,WHITE SEEDLESS TYPE,per lb,,,,,Yes,,,,,,,,3.99,$/per lb,3.99,per lb,Alaska,retail,,,,,,,,11.0,3324,Weekly Grocery Store Specialty Crops Feature Activity,2026-09-26T13:56:27+00:00
511baa4fe4dfd142,2022-09-30,Lemons,,2 lb bag,,,,,No,,,,,,,,4.99,$/2 lb bag,2.495,per lb,Alaska,retail,,,,,,,,11.0,3324,Weekly Grocery Store Specialty Crops Feature Activity,2026-09-26T13:56:27+00:00
4cb79020c54e1919,2022-09-30,Lemons,,each,,,,,No,,,,,,,,1.0,$/each,1.0,per each,Alaska,retail,,,,,,,,1.0,3324,Weekly Grocery Store Specialty Crops Feature Activity,2026-09-26T13:56:27+00:00
1bf528b4e3213fab,2022-09-30,Lettuce,Romaine (Hearts),3 count,,,,,Yes,,,,,,,,3.99,$/3 count,,,Alaska,retail,,,,,,,,26.0,3324,Weekly Grocery Store Specialty Crops Feature Activity,2026-09-26T13:56:27+00:00
71e0a461323c0605,2022-09-30,Lettuce,Romaine (Hearts),3 count,,,,,No,,,,,,,,4.49,$/3 count,,,Alaska,retail,,,,,,,,3.0,3324,Weekly Grocery Store Specialty Crops Feature Activity,2026-09-26T13:56:27+00:00
c209c44692e536a1,2022-09-30,"Onions, Dry",RED,2 lb bag,,,,,No,,,,,,,,1.99,$/2 lb bag,0.995,per lb,Alaska,retail,,,,,,,,1.0,3324,Weekly Grocery Store Specialty Crops Feature Activity,2026-09-26T13:56:27+00:00
9a8dd9e2d0f91625,2022-09-30,"Onions, Dry",RED,per lb,,,,,No,,,,,,,,2.29,$/per lb,2.29,per lb,Alaska,retail,,,,,,,,33.0,3324,Weekly Grocery Store Specialty Crops Feature Activity,2026-09-26T13:56:27+00:00
e4cfdd0ff7569ba4,2022-09-30,"Onions, Dry",WHITE,per lb,,,,,No,,,,,,,,2.29,$/per lb,2.29,per lb,Alaska,retail,,,,,,,,33.0,3324,Weekly Grocery Store Specialty Crops Feature Activity,2026-09-26T13:56:27+00:00
455bdc87c49b180f,2022-09-30,"Onions, Dry",YELLOW,per lb,,,,,No,,,,,,,,0.99,$/per lb,0.99,per lb,Alaska,retail,,,,,,,,26.0,3324,Weekly Grocery Store Specialty Crops Feature Activity,2026-09-26T13:56:27+00:00
c0f4191cfdd62616,2022-09-30,"Onions, Dry",YELLOW MARKED SWEET,per lb,,,,,No,,,,,,,,2.02,$/per lb,2.02,per lb,Alaska,retail,,,,,,,,44.0,3324,Weekly Grocery Store Specialty Crops Feature Activity,2026-09-26T13:56:27+00:00
a556dfbaa663bbdb,2022-09-30,"Peppers, Bell Type",GREEN,each,,,,,No,,,,,,,,1.17,$/each,1.17,per each,Alaska,retail,,,,,,,,37.0,3324,Weekly Grocery Store Specialty Crops Feature Activity,2026-09-26T13:56:27+00:00
08bf994d9e3a5114,2022-09-30,"Peppers, Bell Type",ORANGE,each,,,,,No,,,,,,,,1.79,$/each,1.79,per each,Alaska,retail,,,environment=Greenhouse,,,,,2.0,3324,Weekly Grocery Store Specialty Crops Feature Activity,2026-09-26T13:56:27+00:00
a157ea8c00e4b721,2022-09-30,"Peppers, Bell Type",ORANGE,each,,,,,No,,,,,,,,1.25,$/each,1.25,per each,Alaska,retail,,,,,,,,26.0,3324,Weekly Grocery Store Specialty Crops Feature Activity,2026-09-26T13:56:27+00:00
03701d343f5a4238,2022-09-30,"Peppers, Bell Type",RED,each,,,,,No,,,,,,,,1.79,$/each,1.79,per each,Alaska,retail,,,environment=Greenhouse,,,,,2.0,3324,Weekly Grocery Store Specialty Crops Feature Activity,2026-09-26T13:56:27+00:00
77aa58f840056dee,2022-09-30,"Peppers, Bell Type",RED,each,,,,,No,,,,,,,,1.25,$/each,1.25,per each,Alaska,retail,,,,,,,,26.0,3324,Weekly Grocery Store Specialty Crops Feature Activity,2026-09-26T13:56:27+00:00
1186b95611d9ccae,2022-09-30,"Peppers, Bell Type",YELLOW,each,,,,,No,,,,,,,,1.25,$/each,1.25,per each,Alaska,retail,,,,,,,,26.0,3324,Weekly Grocery Store Specialty Crops Feature Activity,2026-09-26T13:56:27+00:00
8a98bf605dd5ebeb,2022-09-30,"Peppers, Bell Type",YELLOW,each,,,,,No,,,,,,,,1.79,$/each,1.79,per each,Alaska,retail,,,environment=Greenhouse,,,,,2.0,3324,Weekly Grocery Store Specialty Crops Feature Activity,2026-09-26T13:56:27+00:00
dd7623c82182321a,2022-09-30,Potatoes,ROUND RED,per lb,,,,,No,,,,,,,,1.59,$/per lb,1.59,per lb,Alaska,retail,,,,,,,,1.0,3324,Weekly Grocery Store Specialty Crops Feature Activity,2026-09-26T13:56:27+00:00
5664f368f1187c9a,2022-09-30,Potatoes,RUSSET,5 lb bag,,,,,No,,,,,,,,3.75,$/5 lb bag,0.75,per lb,Alaska,retail,,,,,,,,22.0,3324,Weekly Grocery Store Specialty Crops Feature Activity,2026-09-26T13:56:27+00:00
3e62734db1b474ce,2022-09-30,Potatoes,RUSSET,per lb,,,,,No,,,,,,,,0.99,$/per lb,0.99,per lb,Alaska,retail,,,,,,,,26.0,3324,Weekly Grocery Store Specialty Crops Feature Activity,2026-09-26T13:56:27+00:00
d76188ffb546e392,2022-09-30,Potatoes,YELLOW TYPE,per lb,,,,,No,,,,,,,,1.59,$/per lb,1.59,per lb,Alaska,retail,,,,,,,,1.0,3324,Weekly Grocery Store Specialty Crops Feature Activity,2026-09-26T13:56:27+00:00
13d93db8a6b6ae0f,2022-09-30,Tomatoes,,per lb,,,,,No,,,,,,,,1.89,$/per lb,1.89,per lb,Alaska,retail,,,,,,,,2.0,3324,Weekly Grocery Store Specialty Crops Feature Activity,2026-09-26T13:56:27+00:00
5804408540311a8e,2022-09-30,Tomatoes,VINE RIPES,per lb,,,,,No,,,,,,,,1.99,$/per lb,1.99,per lb,Alaska,retail,,,environment=Greenhouse,,,,,1.0,3324,Weekly Grocery Store Specialty Crops Feature Activity,2026-09-26T13:56:27+00:00
ff1beff8d3241ea7,2022-09-30,Tomatoes,VINE RIPES - ON THE VINE,per lb,,,,,No,,,,,,,,2.51,$/per lb,2.51,per lb,Alaska,retail,,,environment=Greenhouse,,,,,9.0,3324,Weekly Grocery Store Specialty Crops Feature Activity,2026-09-26T13:56:27+00:00
ce0d708e9cce2ce6,2022-09-30,Bananas,,per lb,,,,,No,,,,,,,,1.39,$/per lb,1.39,per lb,Hawaii,retail,,,,,,,,4.0,3324,Weekly Grocery Store Specialty Crops Feature Activity,2026-09-26T13:56:27+00:00
6a0696f5ed86c42a,2022-09-30,Blueberries,,6 oz package,,,,,No,,,,,,,,3.88,$/6 oz package,10.3467,per lb,Hawaii,retail,,,,,,,,7.0,3324,Weekly Grocery Store Specialty Crops Feature Activity,2026-09-26T13:56:27+00:00
3fce0d431311412b,2022-09-30,Broccoli,CROWN CUT,per lb,,,,,No,,,,,,,,2.09,$/per lb,2.09,per lb,Hawaii,retail,,,,,,,,8.0,3324,Weekly Grocery Store Specialty Crops Feature Activity,2026-09-26T13:56:27+00:00
f3b3a40143fca32b,2022-09-30,Carrots,BABY PEELED,1 lb bag,,,,,No,,,,,,,,2.1,$/1 lb bag,2.1,per lb,Hawaii,retail,,,,,,,,27.0,3324,Weekly Grocery Store Specialty Crops Feature Activity,2026-09-26T13:56:27+00:00
12b682ea5bfe64f9,2022-09-30,Carrots,BABY PEELED,2 lb bag,,,,,No,,,,,,,,3.99,$/2 lb bag,1.995,per lb,Hawaii,retail,,,,,,,,6.0,3324,Weekly Grocery Store Specialty Crops Feature Activity,2026-09-26T13:56:27+00:00
54d5b9bbe9352520,2022-09-30,Celery,,per lb,,,,,No,,,,,,,,0.99,$/per lb,0.99,per lb,Hawaii,retail,,,,,,,,4.0,3324,Weekly Grocery Store Specialty Crops Feature Activity,2026-09-26T13:56:27+00:00
15fb12699794fa97,2022-09-30,Grapes,BLACK SEEDLESS,per lb,,,,,Yes,,,,,,,,3.49,$/per lb,3.49,per lb,Hawaii,retail,,,,,,,,4.0,3324,Weekly Grocery Store Specialty Crops Feature Activity,2026-09-26T13:56:27+00:00
76b5fea17f32adce,2022-09-30,Grapes,RED SEEDLESS,per lb,,,,,No,,,,,,,,3.44,$/per lb,3.44,per lb,Hawaii,retail,,,,,,,,57.0,3324,Weekly Grocery Store Specialty Crops Feature Activity,2026-09-26T13:56:27+00:00
c0c43308e5e60b21,2022-09-30,Grapes,RED SEEDLESS,per lb,,,,,Yes,,,,,,,,3.49,$/per lb,3.49,per lb,Hawaii,retail,,,,,,,,4.0,3324,Weekly Grocery Store Specialty Crops Feature Activity,2026-09-26T13:56:27+00:00
21b07e7bca78a0ec,2022-09-30,Grapes,WHITE SEEDLESS TYPE,per lb,,,,,Yes,,,,,,,,3.49,$/per lb,3.49,per lb,Hawaii,retail,,,,,,,,4.0,3324,Weekly Grocery Store Specialty Crops Feature Activity,2026-09-26T13:56:27+00:00
eccfdc8aa683122f,2022-09-30,Grapes,WHITE SEEDLESS TYPE,per lb,,,,,No,,,,,,,,3.48,$/per lb,3.48,per lb,Hawaii,retail,,,,,,,,47.0,3324,Weekly Grocery Store Specialty Crops Feature Activity,2026-09-26T13:56:27+00:00
2639a9ed919095ff,2022-09-30,Lettuce,Green Leaf,per lb,,,,,No,,,,,,,,1.29,$/per lb,1.29,per lb,Hawaii,retail,,,,,,,,6.0,3324,Weekly Grocery Store Specialty Crops Feature Activity,2026-09-26T13:56:27+00:00
18a163e8b86b85f9,2022-09-30,Lettuce,Iceberg,per lb,,,,,No,,,,,,,,2.69,$/per lb,2.69,per lb,Hawaii,retail,,,,,,,,35.0,3324,Weekly Grocery Store Specialty Crops Feature Activity,2026-09-26T13:56:27+00:00
57800ad8c07a84b8,2022-09-30,Lettuce,Red Leaf,per lb,,,,,No,,,,,,,,1.29,$/per lb,1.29,per lb,Hawaii,retail,,,,,,,,6.0,3324,Weekly Grocery Store Specialty Crops Feature Activity,2026-09-26T13:56:27+00:00
60cf0c218752d2a7,2022-09-30,"Onions, Dry",YELLOW MARKED SWEET,per lb,,,,,No,,,,,,,,3.99,$/per lb,3.99,per lb,Hawaii,retail,,,,,,,,35.0,3324,Weekly Grocery Store Specialty Crops Feature Activity,2026-09-26T13:56:27+00:00
6fddb7b5071543dd,2022-09-30,Tomatoes,,per lb,,,,,No,,,,,,,,2.55,$/per lb,2.55,per lb,Hawaii,retail,,,,,,,,30.0,3324,Weekly Grocery Store Specialty Crops Feature Activity,2026-09-26T13:56:27+00:00
eb694ac9a44a463b,2022-09-30,Tomatoes,GRAPE TYPE,10 oz package,,,,,No,,,,,,,,2.89,$/10 oz package,4.624,per lb,Hawaii,retail,,,,,,,,4.0,3324,Weekly Grocery Store Specialty Crops Feature Activity,2026-09-26T13:56:27+00:00
0ff851ceb2a535dd,2022-09-30,Tomatoes,Plum Type (Roma),per lb,,,,,No,,,,,,,,2.99,$/per lb,2.99,per lb,Hawaii,retail,,,,,,,,35.0,3324,Weekly Grocery Store Specialty Crops Feature Activity,2026-09-26T13:56:27+00:00
c263a73c358b5d4e,2022-09-30,Avocados,HASS,each,,,,,No,,,,,,,,1.09,$/each,1.09,per each,Midwest,retail,,,,,,,,1225.0,3324,Weekly Grocery Store Specialty Crops Feature Activity,2026-09-26T13:56:27+00:00
1e9dba3e58911760,2022-09-30,Bananas,,per lb,,,,,Yes,,,,,,,,0.68,$/per lb,0.68,per lb,Midwest,retail,,,,,,,,11.0,3324,Weekly Grocery Store Specialty Crops Feature Activity,2026-09-26T13:56:27+00:00
25b36581679c27f8,2022-09-30,Bananas,,per lb,,,,,No,,,,,,,,0.53,$/per lb,0.53,per lb,Midwest,retail,,,,,,,,20.0,3324,Weekly Grocery Store Specialty Crops Feature Activity,2026-09-26T13:56:27+00:00
02edb9d771b73760,2022-09-30,Blueberries,,1 pint package,,,,,Yes,,,,,,,,2.99,$/1 pint package,,,Midwest,retail,,,,,,,,219.0,3324,Weekly Grocery Store Specialty Crops Feature Activity,2026-09-26T13:56:27+00:00
8146354e485fe2fd,2022-09-30,Blueberries,,1 pint package,,,,,No,,,,,,,,3.17,$/1 pint package,,,Midwest,retail,,,,,,,,230.0,3324,Weekly Grocery Store Specialty Crops Feature Activity,2026-09-26T13:56:27+00:00
69f2de5ba4eedf92,2022-09-30,Blueberries,,6 oz package,,,,,Yes,,,,,,,,1.5,$/6 oz package,4.0,per lb,Midwest,retail,,,,,,,,19.0,3324,Weekly Grocery Store Specialty Crops Feature Activity,2026-09-26T13:56:27+00:00
dc22e866e5079b32,2022-09-30,Blueberries,,6 oz package,,,,,No,,,,,,,,2.61,$/6 oz package,6.96,per lb,Midwest,retail,,,,,,,,239.0,3324,Weekly Grocery Store Specialty Crops Feature Activity,2026-09-26T13:56:27+00:00
73c08e90af77f368,2022-09-30,Broccoli,,per bunch,,,,,Yes,,,,,,,,3.49,$/per bunch,,,Midwest,retail,,,,,,,,43.0,3324,Weekly Grocery Store Specialty Crops Feature Activity,2026-09-26T13:56:27+00:00
95253286455b3e14,2022-09-30,Broccoli,,per bunch,,,,,No,,,,,,,,2.84,$/per bunch,,,Midwest,retail,,,,,,,,52.0,3324,Weekly Grocery Store Specialty Crops Feature Activity,2026-09-26T13:56:27+00:00
df37a0e9989f651c,2022-09-30,Broccoli,,per lb,,,,,No,,,,,,,,1.63,$/per lb,1.63,per lb,Midwest,retail,,,,,,,,25.0,3324,Weekly Grocery Store Specialty Crops Feature Activity,2026-09-26T13:56:27+00:00
f4ba80cdfa2adab0,2022-09-30,Broccoli,CROWN CUT,per lb,,,,,No,,,,,,,,1.83,$/per lb,1.83,per lb,Midwest,retail,,,,,,,,230.0,3324,Weekly Grocery Store Specialty Crops Feature Activity,2026-09-26T13:56:27+00:00
9f2344f700715b77,2022-09-30,Carrots,,1 lb bag,,,,,No,,,,,,,,0.83,$/1 lb bag,0.83,per lb,Midwest,retail,,,,,,,,44.0,3324,Weekly Grocery Store Specialty Crops Feature Activity,2026-09-26T13:56:27+00:00
0f43a0a1a8336448,2022-09-30,Carrots,,2 lb bag,,,,,No,,,,,,,,1.51,$/2 lb bag,0.755,per lb,Midwest,retail,,,,,,,,245.0,3324,Weekly Grocery Store Specialty Crops Feature Activity,2026-09-26T13:56:27+00:00
d4f6b024d25354df,2022-09-30,Carrots,,2 lb bag,,,,,Yes,,,,,,,,1.99,$/2 lb bag,0.995,per lb,Midwest,retail,,,,,,,,6.0,3324,Weekly Grocery Store Specialty Crops Feature Activity,2026-09-26T13:56:27+00:00
c3e1090114ffa01b,2022-09-30,Carrots,BABY PEELED,1 lb bag,,,,,Yes,,,,,,,,1.92,$/1 lb bag,1.92,per lb,Midwest,retail,,,,,,,,90.0,3324,Weekly Grocery Store Specialty Crops Feature Activity,2026-09-26T13:56:27+00:00
ca7684d4040c7543,2022-09-30,Carrots,BABY PEELED,1 lb bag,,,,,No,,,,,,,,1.22,$/1 lb bag,1.22,per lb,Midwest,retail,,,,,,,,237.0,3324,Weekly Grocery Store Specialty Crops Feature Activity,2026-09-26T13:56:27+00:00
692b984d127221b7,2022-09-30,Carrots,BABY PEELED,2 lb bag,,,,,No,,,,,,,,2.51,$/2 lb bag,1.255,per lb,Midwest,retail,,,,,,,,175.0,3324,Weekly Grocery Store Specialty Crops Feature Activity,2026-09-26T13:56:27+00:00
7c4ca8981de880f2,2022-09-30,Celery,,each,,,,,Yes,,,,,,,,1.93,$/each,1.93,per each,Midwest,retail,,,,,,,,22.0,3324,Weekly Grocery Store Specialty Crops Feature Activity,2026-09-26T13:56:27+00:00
9fe8628a857f0407,2022-09-30,Celery,,each,,,,,No,,,,,,,,1.72,$/each,1.72,per each,Midwest,retail,,,,,,,,691.0,3324,Weekly Grocery Store Specialty Crops Feature Activity,2026-09-26T13:56:27+00:00
63328bf1924b156e,2022-09-30,Celery,HEARTS,each,,,,,Yes,,,,,,,,2.08,$/each,2.08,per each,Midwest,retail,,,,,,,,50.0,3324,Weekly Grocery Store Specialty Crops Feature Activity,2026-09-26T13:56:27+00:00
877d8fa72955c332,2022-09-30,Celery,HEARTS,each,,,,,No,,,,,,,,2.32,$/each,2.32,per each,Midwest,retail,,,,,,,,26.0,3324,Weekly Grocery Store Specialty Crops Feature Activity,2026-09-26T13:56:27+00:00
25729ce7d931f34f,2022-09-30,Cucumbers,,each,,,,,No,,,,,,,,0.87,$/each,0.87,per each,Midwest,retail,,,,,,,,274.0,3324,Weekly Grocery Store Specialty Crops Feature Activity,2026-09-26T13:56:27+00:00
097a6056ce391675,2022-09-30,Grapes,BLACK SEEDLESS,per lb,,,,,Yes,,,,,,,,3.76,$/per lb,3.76,per lb,Midwest,retail,,,,,,,,79.0,3324,Weekly Grocery Store Specialty Crops Feature Activity,2026-09-26T13:56:27+00:00
a1f8620f19a01234,2022-09-30,Grapes,BLACK SEEDLESS,per lb,,,,,No,,,,,,,,1.87,$/per lb,1.87,per lb,Midwest,retail,,,,,,,,714.0,3324,Weekly Grocery Store Specialty Crops Feature Activity,2026-09-26T13:56:27+00:00
4b047d3ea1bbd683,2022-09-30,Grapes,RED SEEDLESS,per lb,,,,,Yes,,,,,,,,3.14,$/per lb,3.14,per lb,Midwest,retail,,,,,,,,368.0,3324,Weekly Grocery Store Specialty Crops Feature Activity,2026-09-26T13:56:27+00:00
8b1498234b11bb69,2022-09-30,Grapes,RED SEEDLESS,per lb,,,,,No,,,,,,,,1.99,$/per lb,1.99,per lb,Midwest,retail,,,,,,,,1310.0,3324,Weekly Grocery Store Specialty Crops Feature Activity,2026-09-26T13:56:27+00:00
08168cc115ce54e1,2022-09-30,Grapes,WHITE SEEDLESS TYPE,per lb,,,,,Yes,,,,,,,,3.13,$/per lb,3.13,per lb,Midwest,retail,,,,,,,,392.0,3324,Weekly Grocery Store Specialty Crops Feature Activity,2026-09-26T13:56:27+00:00
2e3b389f1c66ddd7,2022-09-30,Grapes,WHITE SEEDLESS TYPE,per lb,,,,,No,,,,,,,,1.94,$/per lb,1.94,per lb,Midwest,retail,,,,,,,,1392.0,3324,Weekly Grocery Store Specialty Crops Feature Activity,2026-09-26T13:56:27+00:00
0e87da8b74e2112c,2022-09-30,Lemons,,2 lb bag,,,,,Yes,,,,,,,,3.68,$/2 lb bag,1.84,per lb,Midwest,retail,,,,,,,,29.0,3324,Weekly Grocery Store Specialty Crops Feature Activity,2026-09-26T13:56:27+00:00
b7ba3056982eb40d,2022-09-30,Lemons,,2 lb bag,,,,,No,,,,,,,,3.51,$/2 lb bag,1.755,per lb,Midwest,retail,,,,,,,,328.0,3324,Weekly Grocery Store Specialty Crops Feature Activity,2026-09-26T13:56:27+00:00
63d94188651bed47,2022-09-30,Lemons,,each,,,,,No,,,,,,,,0.59,$/each,0.59,per each,Midwest,retail,,,,,,,,23.0,3324,Weekly Grocery Store Specialty Crops Feature Activity,2026-09-26T13:56:27+00:00
208df88402b98595,2022-09-30,Lettuce,Iceberg,each,,,,,No,,,,,,,,1.77,$/each,1.77,per each,Midwest,retail,,,,,,,,73.0,3324,Weekly Grocery Store Specialty Crops Feature Activity,2026-09-26T13:56:27+00:00
e7304ffba0c2c38c,2022-09-30,Lettuce,Romaine,per lb,,,,,No,,,,,,,,1.59,$/per lb,1.59,per lb,Midwest,retail,,,,,,,,18.0,3324,Weekly Grocery Store Specialty Crops Feature Activity,2026-09-26T13:56:27+00:00
9a43740febfa5ec9,2022-09-30,Lettuce,Romaine (Hearts),3 count,,,,,No,,,,,,,,3.65,$/3 count,,,Midwest,retail,,,,,,,,22.0,3324,Weekly Grocery Store Specialty Crops Feature Activity,2026-09-26T13:56:27+00:00
9fb490831e491805,2022-09-30,Lettuce,Romaine (Hearts),3 count,,,,,Yes,,,,,,,,4.99,$/3 count,,,Midwest,retail,,,,,,,,11.0,3324,Weekly Grocery Store Specialty Crops Feature Activity,2026-09-26T13:56:27+00:00
b56b6a774b27c94c,2022-09-30,Limes,,each,,,,,No,,,,,,,,0.12,$/each,0.12,per each,Midwest,retail,,,,,,,,228.0,3324,Weekly Grocery Store Specialty Crops Feature Activity,2026-09-26T13:56:27+00:00
8cf20a30c730e598,2022-09-30,Limes,,per lb,,,,,No,,,,,,,,0.89,$/per lb,0.89,per lb,Midwest,retail,,,,,,,,7.0,3324,Weekly Grocery Store Specialty Crops Feature Activity,2026-09-26T13:56:27+00:00
65f37d94b3adf0f6,2022-09-30,"Onions, Dry",RED,2 lb bag,,,,,No,,,,,,,,2.77,$/2 lb bag,1.385,per lb,Midwest,retail,,,,,,,,252.0,3324,Weekly Grocery Store Specialty Crops Feature Activity,2026-09-26T13:56:27+00:00
21e8e144c0c8772b,2022-09-30,"Onions, Dry",RED,3 lb bag,,,,,Yes,,,,,,,,3.99,$/3 lb bag,1.33,per lb,Midwest,retail,,,,,,,,19.0,3324,Weekly Grocery Store Specialty Crops Feature Activity,2026-09-26T13:56:27+00:00
793dd65846fd1279,2022-09-30,"Onions, Dry",WHITE,2 lb bag,,,,,No,,,,,,,,2.49,$/2 lb bag,1.245,per lb,Midwest,retail,,,,,,,,19.0,3324,Weekly Grocery Store Specialty Crops Feature Activity,2026-09-26T13:56:27+00:00
54cea4181db1ee70,2022-09-30,"Onions, Dry",YELLOW,2 lb bag,,,,,No,,,,,,,,1.7,$/2 lb bag,0.85,per lb,Midwest,retail,,,,,,,,20.0,3324,Weekly Grocery Store Specialty Crops Feature Activity,2026-09-26T13:56:27+00:00
77c3c90ab05bc948,2022-09-30,"Onions, Dry",YELLOW,3 lb bag,,,,,Yes,,,,,,,,4.49,$/3 lb bag,1.4967,per lb,Midwest,retail,,,,,,,,30.0,3324,Weekly Grocery Store Specialty Crops Feature Activity,2026-09-26T13:56:27+00:00
e62f6eec042ad693,2022-09-30,"Onions, Dry",YELLOW,3 lb bag,,,,,No,,,,,,,,2.3,$/3 lb bag,0.7667,per lb,Midwest,retail,,,,,,,,596.0,3324,Weekly Grocery Store Specialty Crops Feature Activity,2026-09-26T13:56:27+00:00
6e739842832b50c4,2022-09-30,"Onions, Dry",YELLOW,per lb,,,,,No,,,,,,,,1.41,$/per lb,1.41,per lb,Midwest,retail,,,,,,,,227.0,3324,Weekly Grocery Store Specialty Crops Feature Activity,2026-09-26T13:56:27+00:00
22972145a8a35bb3,2022-09-30,"Onions, Dry",YELLOW MARKED SWEET,3 lb bag,,,,,No,,,,,,,,2.97,$/3 lb bag,0.99,per lb,Midwest,retail,,,,,,,,168.0,3324,Weekly Grocery Store Specialty Crops Feature Activity,2026-09-26T13:56:27+00:00
027f8b0e3935b483,2022-09-30,"Onions, Dry",YELLOW MARKED SWEET,5 lb bag,,,,,No,,,,,,,,3.99,$/5 lb bag,0.798,per lb,Midwest,retail,,,,,,,,58.0,3324,Weekly Grocery Store Specialty Crops Feature Activity,2026-09-26T13:56:27+00:00
cb5bbda698474e0d,2022-09-30,"Onions, Dry",YELLOW MARKED SWEET,per lb,,,,,No,,,,,,,,1.36,$/per lb,1.36,per lb,Midwest,retail,,,,,,,,253.0,3324,Weekly Grocery Store Specialty Crops Feature Activity,2026-09-26T13:56:27+00:00
02e867ce6d3d491d,2022-09-30,"Peppers, Bell Type",GREEN,each,,,,,No,,,,,,,,0.82,$/each,0.82,per each,Midwest,retail,,,,,,,,269.0,3324,Weekly Grocery Store Specialty Crops Feature Activity,2026-09-26T13:56:27+00:00
406b8ff364aec5af,2022-09-30,"Peppers, Bell Type",GREEN,each,,,,,Yes,,,,,,,,0.95,$/each,0.95,per each,Midwest,retail,,,,,,,,32.0,3324,Weekly Grocery Store Specialty Crops Feature Activity,2026-09-26T13:56:27+00:00
64561393343c9100,2022-09-30,"Peppers, Bell Type",GREEN,per lb,,,,,No,,,,,,,,1.49,$/per lb,1.49,per lb,Midwest,retail,,,,,,,,7.0,3324,Weekly Grocery Store Specialty Crops Feature Activity,2026-09-26T13:56:27+00:00
db8d4d11337c2352,2022-09-30,"Peppers, Bell Type",ORANGE,each,,,,,No,,,,,,,,1.16,$/each,1.16,per each,Midwest,retail,,,,,,,,95.0,3324,Weekly Grocery Store Specialty Crops Feature Activity,2026-09-26T13:56:27+00:00
f702bda3a5c941a7,2022-09-30,"Peppers, Bell Type",ORANGE,per lb,,,,,No,,,,,,,,2.99,$/per lb,2.99,per lb,Midwest,retail,,,,,,,,116.0,3324,Weekly Grocery Store Specialty Crops Feature Activity,2026-09-26T13:56:27+00:00
20ac310afd1cc2a8,2022-09-30,"Peppers, Bell Type",RED,each,,,,,No,,,,,,,,1.25,$/each,1.25,per each,Midwest,retail,,,,,,,,80.0,3324,Weekly Grocery Store Specialty Crops Feature Activity,2026-09-26T13:56:27+00:00
9a8b1b3515139b03,2022-09-30,"Peppers, Bell Type",RED,per lb,,,,,No,,,,,,,,2.99,$/per lb,2.99,per lb,Midwest,retail,,,,,,,,116.0,3324,Weekly Grocery Store Specialty Crops Feature Activity,2026-09-26T13:56:27+00:00
289961f310a3163c,2022-09-30,"Peppers, Bell Type",YELLOW,each,,,,,No,,,,,,,,1.16,$/each,1.16,per each,Midwest,retail,,,,,,,,95.0,3324,Weekly Grocery Store Specialty Crops Feature Activity,2026-09-26T13:56:27+00:00
f7342d550874ada9,2022-09-30,"Peppers, Bell Type",YELLOW,per lb,,,,,No,,,,,,,,2.99,$/per lb,2.99,per lb,Midwest,retail,,,,,,,,116.0,3324,Weekly Grocery Store Specialty Crops Feature Activity,2026-09-26T13:56:27+00:00
274fba5875143c82,2022-09-30,Potatoes,ROUND RED,3 lb bag,,,,,No,,,,,,,,3.5,$/3 lb bag,1.1667,per lb,Midwest,retail,,,,,,,,7.0,3324,Weekly Grocery Store Specialty Crops Feature Activity,2026-09-26T13:56:27+00:00
f978b9482f48b757,2022-09-30,Potatoes,ROUND RED,3 lb bag,,,,,Yes,,,,,,,,3.75,$/3 lb bag,1.25,per lb,Midwest,retail,,,,,,,,87.0,3324,Weekly Grocery Store Specialty Crops Feature Activity,2026-09-26T13:56:27+00:00
301a703c240e5f40,2022-09-30,Potatoes,ROUND RED,5 lb bag,,,,,No,,,,,,,,3.98,$/5 lb bag,0.796,per lb,Midwest,retail,,,,,,,,356.0,3324,Weekly Grocery Store Specialty Crops Feature Activity,2026-09-26T13:56:27+00:00
52b399bf0d33ac01,2022-09-30,Potatoes,ROUND RED,per lb,,,,,No,,,,,,,,1.11,$/per lb,1.11,per lb,Midwest,retail,,,,,,,,49.0,3324,Weekly Grocery Store Specialty Crops Feature Activity,2026-09-26T13:56:27+00:00
1ede24170bb1e11a,2022-09-30,Potatoes,ROUND WHITE,5 lb bag,,,,,No,,,,,,,,2.99,$/5 lb bag,0.598,per lb,Midwest,retail,,,,,,,,13.0,3324,Weekly Grocery Store Specialty Crops Feature Activity,2026-09-26T13:56:27+00:00
ae18d11a93fd4b50,2022-09-30,Potatoes,RUSSET,10 lb bag,,,,,No,,,,,,,,5.2,$/10 lb bag,0.52,per lb,Midwest,retail,,,,,,,,57.0,3324,Weekly Grocery Store Specialty Crops Feature Activity,2026-09-26T13:56:27+00:00
020f221079857150,2022-09-30,Potatoes,RUSSET,3 lb bag,,,,,No,,,,,,,,2.59,$/3 lb bag,0.8633,per lb,Midwest,retail,,,,,,,,10.0,3324,Weekly Grocery Store Specialty Crops Feature Activity,2026-09-26T13:56:27+00:00
2df77d42c1fc32d4,2022-09-30,Potatoes,RUSSET,3 lb bag,,,,,Yes,,,,,,,,3.99,$/3 lb bag,1.33,per lb,Midwest,retail,,,,,,,,69.0,3324,Weekly Grocery Store Specialty Crops Feature Activity,2026-09-26T13:56:27+00:00
df7d344b925613a0,2022-09-30,Potatoes,RUSSET,5 lb bag,,,,,No,,,,,,,,2.64,$/5 lb bag,0.528,per lb,Midwest,retail,,,,,,,,1018.0,3324,Weekly Grocery Store Specialty Crops Feature Activity,2026-09-26T13:56:27+00:00
3f11d5872f0b7ba4,2022-09-30,Potatoes,RUSSET,8 lb bag,,,,,No,,,,,,,,4.05,$/8 lb bag,0.5062,per lb,Midwest,retail,,,,,,,,154.0,3324,Weekly Grocery Store Specialty Crops Feature Activity,2026-09-26T13:56:27+00:00
7a9f0b4e5cca85b6,2022-09-30,Potatoes,YELLOW TYPE,3 lb bag,,,,,Yes,,,,,,,,3.95,$/3 lb bag,1.3167,per lb,Midwest,retail,,,,,,,,75.0,3324,Weekly Grocery Store Specialty Crops Feature Activity,2026-09-26T13:56:27+00:00
b75827f131bd6fc9,2022-09-30,Potatoes,YELLOW TYPE,3 lb bag,,,,,No,,,,,,,,2.45,$/3 lb bag,0.8167,per lb,Midwest,retail,,,,,,,,31.0,3324,Weekly Grocery Store Specialty Crops Feature Activity,2026-09-26T13:56:27+00:00
ef2bb9ed5443846d,2022-09-30,Potatoes,YELLOW TYPE,5 lb bag,,,,,No,,,,,,,,4.04,$/5 lb bag,0.808,per lb,Midwest,retail,,,,,,,,345.0,3324,Weekly Grocery Store Specialty Crops Feature Activity,2026-09-26T13:56:27+00:00
70ae139210e5f2f7,2022-09-30,Potatoes,YELLOW TYPE,per lb,,,,,No,,,,,,,,0.49,$/per lb,0.49,per lb,Midwest,retail,,,,,,,,8.0,3324,Weekly Grocery Store Specialty Crops Feature Activity,2026-09-26T13:56:27+00:00
0737c91353c80469,2022-09-30,Strawberries,,1 lb package,,,,,No,,,,,,,,2.56,$/1 lb package,2.56,per lb,Midwest,retail,,,,,,,,1119.0,3324,Weekly Grocery Store Specialty Crops Feature Activity,2026-09-26T13:56:27+00:00
187f6b1b17084eb4,2022-09-30,Tomatoes,,per lb,,,,,No,,,,,,,,2.43,$/per lb,2.43,per lb,Midwest,retail,,,,,,,,201.0,3324,Weekly Grocery Store Specialty Crops Feature Activity,2026-09-26T13:56:27+00:00
33438cc4e04acc4c,2022-09-30,Tomatoes,Cherry Type,1 pint package,,,,,No,,,,,,,,2.27,$/1 pint package,,,Midwest,retail,,,,,,,,65.0,3324,Weekly Grocery Store Specialty Crops Feature Activity,2026-09-26T13:56:27+00:00
727a7ca359e006f9,2022-09-30,Tomatoes,GRAPE TYPE,1 pint package,,,,,No,,,,,,,,2.38,$/1 pint package,,,Midwest,retail,,,,,,,,443.0,3324,Weekly Grocery Store Specialty Crops Feature Activity,2026-09-26T13:56:27+00:00
c58753bc9223f341,2022-09-30,Tomatoes,GRAPE TYPE,1 pint package,,,,,Yes,,,,,,,,2.44,$/1 pint package,,,Midwest,retail,,,,,,,,232.0,3324,Weekly Grocery Store Specialty Crops Feature Activity,2026-09-26T13:56:27+00:00
0f0e888e05143730,2022-09-30,Tomatoes,GRAPE TYPE,10 oz package,,,,,No,,,,,,,,2.6,$/10 oz package,4.16,per lb,Midwest,retail,,,,,,,,717.0,3324,Weekly Grocery Store Specialty Crops Feature Activity,2026-09-26T13:56:27+00:00
872d5de9010aa18b,2022-09-30,Tomatoes,Plum Type (Roma),per lb,,,,,No,,,,,,,,1.02,$/per lb,1.02,per lb,Midwest,retail,,,,,,,,502.0,3324,Weekly Grocery Store Specialty Crops Feature Activity,2026-09-26T13:56:27+00:00
412047ec13cfac0b,2022-09-30,Tomatoes,VINE RIPES,per lb,,,,,No,,,,,,,,1.99,$/per lb,1.99,per lb,Midwest,retail,,,,,,,,12.0,3324,Weekly Grocery Store Specialty Crops Feature Activity,2026-09-26T13:56:27+00:00
4cc572b232019b93,2022-09-30,Tomatoes,VINE RIPES,per lb,,,,,No,,,,,,,,1.97,$/per lb,1.97,per lb,Midwest,retail,,,environment=Greenhouse,,,,,74.0,3324,Weekly Grocery Store Specialty Crops Feature Activity,2026-09-26T13:56:27+00:00
08523d8a54e853b3,2022-09-30,Tomatoes,VINE RIPES - ON THE VINE,per lb,,,,,Yes,,,,,,,,2.49,$/per lb,2.49,per lb,Midwest,retail,,,environment=Greenhouse,,,,,19.0,3324,Weekly Grocery Store Specialty Crops Feature Activity,2026-09-26T13:56:27+00:00
8d1c0adabffedee6,2022-09-30,Tomatoes,VINE RIPES - ON THE VINE,per lb,,,,,No,,,,,,,,1.63,$/per lb,1.63,per lb,Midwest,retail,,,environment=Greenhouse,,,,,528.0,3324,Weekly Grocery Store Specialty Crops Feature Activity,2026-09-26T13:56:27+00:00
da0cbccefe591585,2022-09-30,Tomatoes,Vine Ripes - Heirloom Varieties,per lb,,,,,No,,,,,,,,1.94,$/per lb,1.94,per lb,Midwest,retail,,,environment=Greenhouse,,,,,67.0,3324,Weekly Grocery Store Specialty Crops Feature Activity,2026-09-26T13:56:27+00:00
4dbf22268ca96087,2022-09-30,Avocados,HASS,each,,,,,No,,,,,,,,1.29,$/each,1.29,per each,National,retail,,,,,,,,7440.0,3324,Weekly Grocery Store Specialty Crops Feature Activity,2026-09-26T13:56:27+00:00
f88e5b7b7bb8d68b,2022-09-30,Avocados,HASS,each,,,,,Yes,,,,,,,,2.14,$/each,2.14,per each,National,retail,,,,,,,,612.0,3324,Weekly Grocery Store Specialty Crops Feature Activity,2026-09-26T13:56:27+00:00
aeeff9f4f33b3949,2022-09-30,Avocados,VARIOUS GREENSKIN VARIETIES,each,,,,,No,,,,,,,,1.49,$/each,1.49,per each,National,retail,,,,,,,,73.0,3324,Weekly Grocery Store Specialty Crops Feature Activity,2026-09-26T13:56:27+00:00
93e0f85ffad1e5eb,2022-09-30,Bananas,,per lb,,,,,No,,,,,,,,0.58,$/per lb,0.58,per lb,National,retail,,,,,,,,848.0,3324,Weekly Grocery Store Specialty Crops Feature Activity,2026-09-26T13:56:27+00:00
f4317c3b612e63ae,2022-09-30,Bananas,,per lb,,,,,Yes,,,,,,,,0.91,$/per lb,0.91,per lb,National,retail,,,,,,,,378.0,3324,Weekly Grocery Store Specialty Crops Feature Activity,2026-09-26T13:56:27+00:00
41de8859a280da44,2022-09-30,Blueberries,,1 pint package,,,,,No,,,,,,,,3.3,$/1 pint package,,,National,retail,,,,,,,,1620.0,3324,Weekly Grocery Store Specialty Crops Feature Activity,2026-09-26T13:56:27+00:00
473a392737315fdd,2022-09-30,Blueberries,,1 pint package,,,,,Yes,,,,,,,,4.24,$/1 pint package,,,National,retail,,,,,,,,561.0,3324,Weekly Grocery Store Specialty Crops Feature Activity,2026-09-26T13:56:27+00:00
2381b746af248c44,2022-09-30,Blueberries,,18 oz package,,,,,No,,,,,,,,4.92,$/18 oz package,4.3733,per lb,National,retail,,,,,,,,1093.0,3324,Weekly Grocery Store Specialty Crops Feature Activity,2026-09-26T13:56:27+00:00
7f11e72926006c6b,2022-09-30,Blueberries,,6 oz package,,,,,No,,,,,,,,3.2,$/6 oz package,8.5333,per lb,National,retail,,,,,,,,2186.0,3324,Weekly Grocery Store Specialty Crops Feature Activity,2026-09-26T13:56:27+00:00
ec11bc0463809670,2022-09-30,Blueberries,,6 oz package,,,,,Yes,,,,,,,,3.2,$/6 oz package,8.5333,per lb,National,retail,,,,,,,,1888.0,3324,Weekly Grocery Store Specialty Crops Feature Activity,2026-09-26T13:56:27+00:00
1d718f5fd1027bc4,2022-09-30,Broccoli,,per bunch,,,,,No,,,,,,,,2.98,$/per bunch,,,National,retail,,,,,,,,1213.0,3324,Weekly Grocery Store Specialty Crops Feature Activity,2026-09-26T13:56:27+00:00
cf1e54a2842027fb,2022-09-30,Broccoli,,per bunch,,,,,Yes,,,,,,,,3.14,$/per bunch,,,National,retail,,,,,,,,369.0,3324,Weekly Grocery Store Specialty Crops Feature Activity,2026-09-26T13:56:27+00:00
a36b51dd6837c942,2022-09-30,Broccoli,,per lb,,,,,Yes,,,,,,,,1.99,$/per lb,1.99,per lb,National,retail,,,,,,,,202.0,3324,Weekly Grocery Store Specialty Crops Feature Activity,2026-09-26T13:56:27+00:00
f96b5484634f47ed,2022-09-30,Broccoli,,per lb,,,,,No,,,,,,,,1.34,$/per lb,1.34,per lb,National,retail,,,,,,,,356.0,3324,Weekly Grocery Store Specialty Crops Feature Activity,2026-09-26T13:56:27+00:00
2c65690f0b718e1a,2022-09-30,Broccoli,CROWN CUT,per lb,,,,,No,,,,,,,,1.82,$/per lb,1.82,per lb,National,retail,,,,,,,,1955.0,3324,Weekly Grocery Store Specialty Crops Feature Activity,2026-09-26T13:56:27+00:00
ffde501ecbeb2cc9,2022-09-30,Broccoli,CROWN CUT,per lb,,,,,Yes,,,,,,,,1.99,$/per lb,1.99,per lb,National,retail,,,,,,,,12.0,3324,Weekly Grocery Store Specialty Crops Feature Activity,2026-09-26T13:56:27+00:00
3c1f59247ab4ab84,2022-09-30,Carrots,,1 lb bag,,,,,Yes,,,,,,,,2.4,$/1 lb bag,2.4,per lb,National,retail,,,,,,,,78.0,3324,Weekly Grocery Store Specialty Crops Feature Activity,2026-09-26T13:56:27+00:00
4cafe4dfbf96723a,2022-09-30,Carrots,,1 lb bag,,,,,No,,,,,,,,0.94,$/1 lb bag,0.94,per lb,National,retail,,,,,,,,1431.0,3324,Weekly Grocery Store Specialty Crops Feature Activity,2026-09-26T13:56:27+00:00
1f9c4299b2b75560,2022-09-30,Carrots,,2 lb bag,,,,,Yes,,,,,,,,2.35,$/2 lb bag,1.175,per lb,National,retail,,,,,,,,10.0,3324,Weekly Grocery Store Specialty Crops Feature Activity,2026-09-26T13:56:27+00:00
c2553dd1748166bd,2022-09-30,Carrots,,2 lb bag,,,,,No,,,,,,,,1.55,$/2 lb bag,0.775,per lb,National,retail,,,,,,,,496.0,3324,Weekly Grocery Store Specialty Crops Feature Activity,2026-09-26T13:56:27+00:00
a02a1be3ddb8dbbb,2022-09-30,Carrots,,per bunch,,,,,Yes,,,,,,,,2.66,$/per bunch,,,National,retail,,,,,,,,52.0,3324,Weekly Grocery Store Specialty Crops Feature Activity,2026-09-26T13:56:27+00:00
ac19d9bad9f55f78,2022-09-30,Carrots,,per bunch,,,,,No,,,,,,,,1.99,$/per bunch,,,National,retail,,,,,,,,15.0,3324,Weekly Grocery Store Specialty Crops Feature Activity,2026-09-26T13:56:27+00:00
107516944d5c9cbf,2022-09-30,Carrots,,per lb,,,,,No,,,,,,,,0.67,$/per lb,0.67,per lb,National,retail,,,,,,,,377.0,3324,Weekly Grocery Store Specialty Crops Feature Activity,2026-09-26T13:56:27+00:00
000760b8d5a54650,2022-09-30,Carrots,BABY PEELED,1 lb bag,,,,,Yes,,,,,,,,1.91,$/1 lb bag,1.91,per lb,National,retail,,,,,,,,238.0,3324,Weekly Grocery Store Specialty Crops Feature Activity,2026-09-26T13:56:27+00:00
0bea16291e7cac8b,2022-09-30,Carrots,BABY PEELED,1 lb bag,,,,,No,,,,,,,,1.23,$/1 lb bag,1.23,per lb,National,retail,,,,,,,,1775.0,3324,Weekly Grocery Store Specialty Crops Feature Activity,2026-09-26T13:56:27+00:00
136be49c3becb76b,2022-09-30,Carrots,BABY PEELED,2 lb bag,,,,,Yes,,,,,,,,3.49,$/2 lb bag,1.745,per lb,National,retail,,,,,,,,232.0,3324,Weekly Grocery Store Specialty Crops Feature Activity,2026-09-26T13:56:27+00:00
dfa8003041ed53f1,2022-09-30,Carrots,BABY PEELED,2 lb bag,,,,,No,,,,,,,,2.71,$/2 lb bag,1.355,per lb,National,retail,,,,,,,,402.0,3324,Weekly Grocery Store Specialty Crops Feature Activity,2026-09-26T13:56:27+00:00
5da6dfa0698695f5,2022-09-30,Celery,,each,,,,,Yes,,,,,,,,2.92,$/each,2.92,per each,National,retail,,,,,,,,451.0,3324,Weekly Grocery Store Specialty Crops Feature Activity,2026-09-26T13:56:27+00:00
89581622eb47c59a,2022-09-30,Celery,,each,,,,,No,,,,,,,,1.65,$/each,1.65,per each,National,retail,,,,,,,,2199.0,3324,Weekly Grocery Store Specialty Crops Feature Activity,2026-09-26T13:56:27+00:00
0138ee42bbbfe682,2022-09-30,Celery,,per lb,,,,,Yes,,,,,,,,1.99,$/per lb,1.99,per lb,National,retail,,,,,,,,7.0,3324,Weekly Grocery Store Specialty Crops Feature Activity,2026-09-26T13:56:27+00:00
30b581b1ad01d961,2022-09-30,Celery,,per lb,,,,,No,,,,,,,,0.9,$/per lb,0.9,per lb,National,retail,,,,,,,,69.0,3324,Weekly Grocery Store Specialty Crops Feature Activity,2026-09-26T13:56:27+00:00
21c116dea19cffa4,2022-09-30,Celery,HEARTS,each,,,,,Yes,,,,,,,,2.9,$/each,2.9,per each,National,retail,,,,,,,,548.0,3324,Weekly Grocery Store Specialty Crops Feature Activity,2026-09-26T13:56:27+00:00
9254397d2eb9699a,2022-09-30,Celery,HEARTS,each,,,,,No,,,,,,,,3.28,$/each,3.28,per each,National,retail,,,,,,,,131.0,3324,Weekly Grocery Store Specialty Crops Feature Activity,2026-09-26T13:56:27+00:00
11c6b649d8a268d4,2022-09-30,Cucumbers,,each,,,,,Yes,,,,,,,,1.49,$/each,1.49,per each,National,retail,,,,,,,,7.0,3324,Weekly Grocery Store Specialty Crops Feature Activity,2026-09-26T13:56:27+00:00
cc00977abfbfb824,2022-09-30,Cucumbers,,each,,,,,No,,,,,,,,0.83,$/each,0.83,per each,National,retail,,,,,,,,2259.0,3324,Weekly Grocery Store Specialty Crops Feature Activity,2026-09-26T13:56:27+00:00
c77aeead8f0eda8b,2022-09-30,Cucumbers,,per lb,,,,,No,,,,,,,,1.27,$/per lb,1.27,per lb,National,retail,,,,,,,,68.0,3324,Weekly Grocery Store Specialty Crops Feature Activity,2026-09-26T13:56:27+00:00
40243061ef5a05a3,2022-09-30,Cucumbers,LONG SEEDLESS,each,,,,,Yes,,,,,,,,2.09,$/each,2.09,per each,National,retail,,,environment=Greenhouse,,,,,598.0,3324,Weekly Grocery Store Specialty Crops Feature Activity,2026-09-26T13:56:27+00:00
f644f9dee29feb5c,2022-09-30,Cucumbers,LONG SEEDLESS,each,,,,,No,,,,,,,,1.5,$/each,1.5,per each,National,retail,,,environment=Greenhouse,,,,,353.0,3324,Weekly Grocery Store Specialty Crops Feature Activity,2026-09-26T13:56:27+00:00
3b4646b14b411ab8,2022-09-30,Grapes,BLACK SEEDLESS,per lb,,,,,No,,,,,,,,2.13,$/per lb,2.13,per lb,National,retail,,,,,,,,5311.0,3324,Weekly Grocery Store Specialty Crops Feature Activity,2026-09-26T13:56:27+00:00
eea312ae77d38ece,2022-09-30,Grapes,BLACK SEEDLESS,per lb,,,,,Yes,,,,,,,,3.2,$/per lb,3.2,per lb,National,retail,,,,,,,,857.0,3324,Weekly Grocery Store Specialty Crops Feature Activity,2026-09-26T13:56:27+00:00
96859bdd1de8a460,2022-09-30,Grapes,RED SEEDLESS,per lb,,,,,Yes,,,,,,,,3.07,$/per lb,3.07,per lb,National,retail,,,,,,,,3750.0,3324,Weekly Grocery Store Specialty Crops Feature Activity,2026-09-26T13:56:27+00:00
dfda66fc5a5bda0f,2022-09-30,Grapes,RED SEEDLESS,per lb,,,,,No,,,,,,,,2.12,$/per lb,2.12,per lb,National,retail,,,,,,,,8332.0,3324,Weekly Grocery Store Specialty Crops Feature Activity,2026-09-26T13:56:27+00:00
7b8ca0f8fcecacfe,2022-09-30,Grapes,Red Globe Seeded Type,per lb,,,,,No,,,,,,,,2.37,$/per lb,2.37,per lb,National,retail,,,,,,,,281.0,3324,Weekly Grocery Store Specialty Crops Feature Activity,2026-09-26T13:56:27+00:00
b24c6a6f8b17d603,2022-09-30,Grapes,WHITE SEEDLESS TYPE,per lb,,,,,No,,,,,,,,2.17,$/per lb,2.17,per lb,National,retail,,,,,,,,6467.0,3324,Weekly Grocery Store Specialty Crops Feature Activity,2026-09-26T13:56:27+00:00
d370988a939c61ed,2022-09-30,Grapes,WHITE SEEDLESS TYPE,per lb,,,,,Yes,,,,,,,,3.07,$/per lb,3.07,per lb,National,retail,,,,,,,,3748.0,3324,Weekly Grocery Store Specialty Crops Feature Activity,2026-09-26T13:56:27+00:00
7ef6f8a565dc6855,2022-09-30,Lemons,,2 lb bag,,,,,No,,,,,,,,3.77,$/2 lb bag,1.885,per lb,National,retail,,,,,,,,1813.0,3324,Weekly Grocery Store Specialty Crops Feature Activity,2026-09-26T13:56:27+00:00
935dce73c00eb1f3,2022-09-30,Lemons,,2 lb bag,,,,,Yes,,,,,,,,3.68,$/2 lb bag,1.84,per lb,National,retail,,,,,,,,29.0,3324,Weekly Grocery Store Specialty Crops Feature Activity,2026-09-26T13:56:27+00:00
1465c3ad5ee75a0d,2022-09-30,Lemons,,each,,,,,No,,,,,,,,0.45,$/each,0.45,per each,National,retail,,,,,,,,1319.0,3324,Weekly Grocery Store Specialty Crops Feature Activity,2026-09-26T13:56:27+00:00
730ea5b9480e54c0,2022-09-30,Lemons,,each,,,,,Yes,,,,,,,,0.77,$/each,0.77,per each,National,retail,,,,,,,,4.0,3324,Weekly Grocery Store Specialty Crops Feature Activity,2026-09-26T13:56:27+00:00
e01f7782dc21015b,2022-09-30,Lemons,,per lb,,,,,No,,,,,,,,0.61,$/per lb,0.61,per lb,National,retail,,,,,,,,60.0,3324,Weekly Grocery Store Specialty Crops Feature Activity,2026-09-26T13:56:27+00:00
1cd62dbcb6956bff,2022-09-30,Lettuce,Green Leaf,each,,,,,No,,,,,,,,2.0,$/each,2.0,per each,National,retail,,,,,,,,18.0,3324,Weekly Grocery Store Specialty Crops Feature Activity,2026-09-26T13:56:27+00:00
9af97657ca0beefd,2022-09-30,Lettuce,Green Leaf,per lb,,,,,No,,,,,,,,1.29,$/per lb,1.29,per lb,National,retail,,,,,,,,6.0,3324,Weekly Grocery Store Specialty Crops Feature Activity,2026-09-26T13:56:27+00:00
0827cad566104066,2022-09-30,Lettuce,Iceberg,each,,,,,No,,,,,,,,1.74,$/each,1.74,per each,National,retail,,,,,,,,143.0,3324,Weekly Grocery Store Specialty Crops Feature Activity,2026-09-26T13:56:27+00:00
f7c1cd3aa6ea6c5f,2022-09-30,Lettuce,Iceberg,each,,,,,Yes,,,,,,,,2.19,$/each,2.19,per each,National,retail,,,,,,,,957.0,3324,Weekly Grocery Store Specialty Crops Feature Activity,2026-09-26T13:56:27+00:00
dfbf53c731bc7285,2022-09-30,Lettuce,Iceberg,per lb,,,,,No,,,,,,,,2.69,$/per lb,2.69,per lb,National,retail,,,,,,,,35.0,3324,Weekly Grocery Store Specialty Crops Feature Activity,2026-09-26T13:56:27+00:00
dbd9fb2d01de6820,2022-09-30,Lettuce,Red Leaf,each,,,,,No,,,,,,,,2.0,$/each,2.0,per each,National,retail,,,,,,,,18.0,3324,Weekly Grocery Store Specialty Crops Feature Activity,2026-09-26T13:56:27+00:00
fe7b687c40783e5c,2022-09-30,Lettuce,Red Leaf,each,,,,,Yes,,,,,,,,2.49,$/each,2.49,per each,National,retail,,,,,,,,4.0,3324,Weekly Grocery Store Specialty Crops Feature Activity,2026-09-26T13:56:27+00:00
62206256612aae8d,2022-09-30,Lettuce,Red Leaf,per lb,,,,,No,,,,,,,,1.29,$/per lb,1.29,per lb,National,retail,,,,,,,,6.0,3324,Weekly Grocery Store Specialty Crops Feature Activity,2026-09-26T13:56:27+00:00
090eeb39130ea7af,2022-09-30,Lettuce,Romaine,each,,,,,Yes,,,,,,,,2.51,$/each,2.51,per each,National,retail,,,,,,,,141.0,3324,Weekly Grocery Store Specialty Crops Feature Activity,2026-09-26T13:56:27+00:00
90a30e336095f2d7,2022-09-30,Lettuce,Romaine,each,,,,,No,,,,,,,,1.7,$/each,1.7,per each,National,retail,,,,,,,,15.0,3324,Weekly Grocery Store Specialty Crops Feature Activity,2026-09-26T13:56:27+00:00
218b0ad30a87ee2c,2022-09-30,Lettuce,Romaine,per lb,,,,,No,,,,,,,,1.52,$/per lb,1.52,per lb,National,retail,,,,,,,,64.0,3324,Weekly Grocery Store Specialty Crops Feature Activity,2026-09-26T13:56:27+00:00
106d369963e91cc4,2022-09-30,Lettuce,Romaine (Hearts),3 count,,,,,No,,,,,,,,3.04,$/3 count,,,National,retail,,,,,,,,506.0,3324,Weekly Grocery Store Specialty Crops Feature Activity,2026-09-26T13:56:27+00:00
a64ebd3c4e98b742,2022-09-30,Lettuce,Romaine (Hearts),3 count,,,,,Yes,,,,,,,,3.62,$/3 count,,,National,retail,,,,,,,,444.0,3324,Weekly Grocery Store Specialty Crops Feature Activity,2026-09-26T13:56:27+00:00
146c22676a24e680,2022-09-30,Limes,,each,,,,,No,,,,,,,,0.27,$/each,0.27,per each,National,retail,,,,,,,,592.0,3324,Weekly Grocery Store Specialty Crops Feature Activity,2026-09-26T13:56:27+00:00
3f8768d58a6c2f2d,2022-09-30,Limes,,per lb,,,,,No,,,,,,,,0.75,$/per lb,0.75,per lb,National,retail,,,,,,,,156.0,3324,Weekly Grocery Store Specialty Crops Feature Activity,2026-09-26T13:56:27+00:00
bd2f85104fcf780a,2022-09-30,"Onions, Dry",RED,2 lb bag,,,,,No,,,,,,,,2.7,$/2 lb bag,1.35,per lb,National,retail,,,,,,,,278.0,3324,Weekly Grocery Store Specialty Crops Feature Activity,2026-09-26T13:56:27+00:00
d8bda95e0bd86c6b,2022-09-30,"Onions, Dry",RED,2 lb bag,,,,,Yes,,,,,,,,4.49,$/2 lb bag,2.245,per lb,National,retail,,,,,,,,12.0,3324,Weekly Grocery Store Specialty Crops Feature Activity,2026-09-26T13:56:27+00:00
007aca13bea990d9,2022-09-30,"Onions, Dry",RED,3 lb bag,,,,,Yes,,,,,,,,4.49,$/3 lb bag,1.4967,per lb,National,retail,,,,,,,,38.0,3324,Weekly Grocery Store Specialty Crops Feature Activity,2026-09-26T13:56:27+00:00
6da357e91662b571,2022-09-30,"Onions, Dry",RED,per lb,,,,,No,,,,,,,,1.52,$/per lb,1.52,per lb,National,retail,,,,,,,,1598.0,3324,Weekly Grocery Store Specialty Crops Feature Activity,2026-09-26T13:56:27+00:00
4bfad3ceaf6e5b0a,2022-09-30,"Onions, Dry",WHITE,2 lb bag,,,,,Yes,,,,,,,,4.49,$/2 lb bag,2.245,per lb,National,retail,,,,,,,,12.0,3324,Weekly Grocery Store Specialty Crops Feature Activity,2026-09-26T13:56:27+00:00
77eccaf9d5a895a8,2022-09-30,"Onions, Dry",WHITE,2 lb bag,,,,,No,,,,,,,,2.49,$/2 lb bag,1.245,per lb,National,retail,,,,,,,,19.0,3324,Weekly Grocery Store Specialty Crops Feature Activity,2026-09-26T13:56:27+00:00
f88cd5a9df0b2049,2022-09-30,"Onions, Dry",WHITE,per lb,,,,,No,,,,,,,,1.0,$/per lb,1.0,per lb,National,retail,,,,,,,,427.0,3324,Weekly Grocery Store Specialty Crops Feature Activity,2026-09-26T13:56:27+00:00
d683e02d0a99a577,2022-09-30,"Onions, Dry",YELLOW,2 lb bag,,,,,No,,,,,,,,1.51,$/2 lb bag,0.755,per lb,National,retail,,,,,,,,286.0,3324,Weekly Grocery Store Specialty Crops Feature Activity,2026-09-26T13:56:27+00:00
87f61546b46ec204,2022-09-30,"Onions, Dry",YELLOW,3 lb bag,,,,,No,,,,,,,,2.76,$/3 lb bag,0.92,per lb,National,retail,,,,,,,,2165.0,3324,Weekly Grocery Store Specialty Crops Feature Activity,2026-09-26T13:56:27+00:00
a4f271830cf748e7,2022-09-30,"Onions, Dry",YELLOW,3 lb bag,,,,,Yes,,,,,,,,5.79,$/3 lb bag,1.93,per lb,National,retail,,,,,,,,220.0,3324,Weekly Grocery Store Specialty Crops Feature Activity,2026-09-26T13:56:27+00:00
723f4a9bd7542b9e,2022-09-30,"Onions, Dry",YELLOW,per lb,,,,,No,,,,,,,,0.97,$/per lb,0.97,per lb,National,retail,,,,,,,,1896.0,3324,Weekly Grocery Store Specialty Crops Feature Activity,2026-09-26T13:56:27+00:00
f32162667ad07c4e,2022-09-30,"Onions, Dry",YELLOW MARKED SWEET,2 lb bag,,,,,No,,,,,,,,2.66,$/2 lb bag,1.33,per lb,National,retail,,,,,,,,165.0,3324,Weekly Grocery Store Specialty Crops Feature Activity,2026-09-26T13:56:27+00:00
0a14cabf1ad609d4,2022-09-30,"Onions, Dry",YELLOW MARKED SWEET,3 lb bag,,,,,No,,,,,,,,3.39,$/3 lb bag,1.13,per lb,National,retail,,,,,,,,1447.0,3324,Weekly Grocery Store Specialty Crops Feature Activity,2026-09-26T13:56:27+00:00
84d72687c4d1a185,2022-09-30,"Onions, Dry",YELLOW MARKED SWEET,5 lb bag,,,,,No,,,,,,,,5.35,$/5 lb bag,1.07,per lb,National,retail,,,,,,,,1172.0,3324,Weekly Grocery Store Specialty Crops Feature Activity,2026-09-26T13:56:27+00:00
524838ab027fdf5b,2022-09-30,"Onions, Dry",YELLOW MARKED SWEET,per lb,,,,,No,,,,,,,,1.28,$/per lb,1.28,per lb,National,retail,,,,,,,,751.0,3324,Weekly Grocery Store Specialty Crops Feature Activity,2026-09-26T13:56:27+00:00
adc60c24f5c12cad,2022-09-30,"Onions, Dry",YELLOW MARKED SWEET,per lb,,,,,Yes,,,,,,,,1.49,$/per lb,1.49,per lb,National,retail,,,,,,,,11.0,3324,Weekly Grocery Store Specialty Crops Feature Activity,2026-09-26T13:56:27+00:00
e5fad7541df61716,2022-09-30,"Peppers, Bell Type",GREEN,each,,,,,Yes,,,,,,,,0.95,$/each,0.95,per each,National,retail,,,,,,,,32.0,3324,Weekly Grocery Store Specialty Crops Feature Activity,2026-09-26T13:56:27+00:00
e700420a077466ce,2022-09-30,"Peppers, Bell Type",GREEN,each,,,,,No,,,,,,,,0.93,$/each,0.93,per each,National,retail,,,,,,,,1503.0,3324,Weekly Grocery Store Specialty Crops Feature Activity,2026-09-26T13:56:27+00:00
13f510c2ef6741aa,2022-09-30,"Peppers, Bell Type",GREEN,per lb,,,,,No,,,,,,,,1.24,$/per lb,1.24,per lb,National,retail,,,,,,,,266.0,3324,Weekly Grocery Store Specialty Crops Feature Activity,2026-09-26T13:56:27+00:00
5eca4a4048334e1a,2022-09-30,"Peppers, Bell Type",ORANGE,each,,,,,No,,,,,,,,1.49,$/each,1.49,per each,National,retail,,,,,,,,1392.0,3324,Weekly Grocery Store Specialty Crops Feature Activity,2026-09-26T13:56:27+00:00
ad36e6d1af547bb9,2022-09-30,"Peppers, Bell Type",ORANGE,each,,,,,No,,,,,,,,1.49,$/each,1.49,per each,National,retail,,,environment=Greenhouse,,,,,74.0,3324,Weekly Grocery Store Specialty Crops Feature Activity,2026-09-26T13:56:27+00:00
40e98cbf9c5bd2e8,2022-09-30,"Peppers, Bell Type",ORANGE,per lb,,,,,No,,,,,,,,3.09,$/per lb,3.09,per lb,National,retail,,,,,,,,674.0,3324,Weekly Grocery Store Specialty Crops Feature Activity,2026-09-26T13:56:27+00:00
517a3f7351bf96d3,2022-09-30,"Peppers, Bell Type",ORANGE,per lb,,,,,Yes,,,,,,,,3.99,$/per lb,3.99,per lb,National,retail,,,,,,,,9.0,3324,Weekly Grocery Store Specialty Crops Feature Activity,2026-09-26T13:56:27+00:00
12d4ce92704f2509,2022-09-30,"Peppers, Bell Type",RED,each,,,,,No,,,,,,,,1.44,$/each,1.44,per each,National,retail,,,,,,,,1608.0,3324,Weekly Grocery Store Specialty Crops Feature Activity,2026-09-26T13:56:27+00:00
c5def4ebd8d91b26,2022-09-30,"Peppers, Bell Type",RED,each,,,,,No,,,,,,,,1.44,$/each,1.44,per each,National,retail,,,environment=Greenhouse,,,,,74.0,3324,Weekly Grocery Store Specialty Crops Feature Activity,2026-09-26T13:56:27+00:00
76dd5775662e28a4,2022-09-30,"Peppers, Bell Type",RED,per lb,,,,,Yes,,,,,,,,3.99,$/per lb,3.99,per lb,National,retail,,,,,,,,81.0,3324,Weekly Grocery Store Specialty Crops Feature Activity,2026-09-26T13:56:27+00:00
fed3f1482b52a4ac,2022-09-30,"Peppers, Bell Type",RED,per lb,,,,,No,,,,,,,,2.97,$/per lb,2.97,per lb,National,retail,,,,,,,,880.0,3324,Weekly Grocery Store Specialty Crops Feature Activity,2026-09-26T13:56:27+00:00
6d83297439bf19a6,2022-09-30,"Peppers, Bell Type",YELLOW,each,,,,,No,,,,,,,,1.48,$/each,1.48,per each,National,retail,,,environment=Greenhouse,,,,,74.0,3324,Weekly Grocery Store Specialty Crops Feature Activity,2026-09-26T13:56:27+00:00
db056e7ef17b5de0,2022-09-30,"Peppers, Bell Type",YELLOW,each,,,,,No,,,,,,,,1.48,$/each,1.48,per each,National,retail,,,,,,,,1432.0,3324,Weekly Grocery Store Specialty Crops Feature Activity,2026-09-26T13:56:27+00:00
598c9014c95f5773,2022-09-30,"Peppers, Bell Type",YELLOW,per lb,,,,,No,,,,,,,,3.09,$/per lb,3.09,per lb,National,retail,,,,,,,,674.0,3324,Weekly Grocery Store Specialty Crops Feature Activity,2026-09-26T13:56:27+00:00
df390c8e7eb0f2de,2022-09-30,"Peppers, Bell Type",YELLOW,per lb,,,,,Yes,,,,,,,,3.99,$/per lb,3.99,per lb,National,retail,,,,,,,,9.0,3324,Weekly Grocery Store Specialty Crops Feature Activity,2026-09-26T13:56:27+00:00
46b98468b5cef408,2022-09-30,Potatoes,ROUND RED,3 lb bag,,,,,No,,,,,,,,4.8,$/3 lb bag,1.6,per lb,National,retail,,,,,,,,130.0,3324,Weekly Grocery Store Specialty Crops Feature Activity,2026-09-26T13:56:27+00:00
f134d99a3c97835e,2022-09-30,Potatoes,ROUND RED,3 lb bag,,,,,Yes,,,,,,,,3.61,$/3 lb bag,1.2033,per lb,National,retail,,,,,,,,377.0,3324,Weekly Grocery Store Specialty Crops Feature Activity,2026-09-26T13:56:27+00:00
4de9e382e1775430,2022-09-30,Potatoes,ROUND RED,5 lb bag,,,,,No,,,,,,,,4.08,$/5 lb bag,0.816,per lb,National,retail,,,,,,,,1441.0,3324,Weekly Grocery Store Specialty Crops Feature Activity,2026-09-26T13:56:27+00:00
1277d31dcdf2a144,2022-09-30,Potatoes,ROUND RED,per lb,,,,,No,,,,,,,,0.94,$/per lb,0.94,per lb,National,retail,,,,,,,,329.0,3324,Weekly Grocery Store Specialty Crops Feature Activity,2026-09-26T13:56:27+00:00
c93c33989231c1d5,2022-09-30,Potatoes,ROUND RED,per lb,,,,,Yes,,,,,,,,2.29,$/per lb,2.29,per lb,National,retail,,,,,,,,4.0,3324,Weekly Grocery Store Specialty Crops Feature Activity,2026-09-26T13:56:27+00:00
69da1a7e0af1ed85,2022-09-30,Potatoes,ROUND WHITE,3 lb bag,,,,,Yes,,,,,,,,3.48,$/3 lb bag,1.16,per lb,National,retail,,,,,,,,146.0,3324,Weekly Grocery Store Specialty Crops Feature Activity,2026-09-26T13:56:27+00:00
ca6a513b1eaccc38,2022-09-30,Potatoes,ROUND WHITE,5 lb bag,,,,,No,,,,,,,,2.97,$/5 lb bag,0.594,per lb,National,retail,,,,,,,,454.0,3324,Weekly Grocery Store Specialty Crops Feature Activity,2026-09-26T13:56:27+00:00
8ad987304b879787,2022-09-30,Potatoes,ROUND WHITE,per lb,,,,,No,,,,,,,,0.94,$/per lb,0.94,per lb,National,retail,,,,,,,,169.0,3324,Weekly Grocery Store Specialty Crops Feature Activity,2026-09-26T13:56:27+00:00
9ead6ad67468d706,2022-09-30,Potatoes,RUSSET,10 lb bag,,,,,No,,,,,,,,4.73,$/10 lb bag,0.473,per lb,National,retail,,,,,,,,366.0,3324,Weekly Grocery Store Specialty Crops Feature Activity,2026-09-26T13:56:27+00:00
065447ec143311e9,2022-09-30,Potatoes,RUSSET,3 lb bag,,,,,No,,,,,,,,2.59,$/3 lb bag,0.8633,per lb,National,retail,,,,,,,,10.0,3324,Weekly Grocery Store Specialty Crops Feature Activity,2026-09-26T13:56:27+00:00
7725f25cab1be9d0,2022-09-30,Potatoes,RUSSET,3 lb bag,,,,,Yes,,,,,,,,3.99,$/3 lb bag,1.33,per lb,National,retail,,,,,,,,146.0,3324,Weekly Grocery Store Specialty Crops Feature Activity,2026-09-26T13:56:27+00:00
56650ded7cfccc85,2022-09-30,Potatoes,RUSSET,5 lb bag,,,,,No,,,,,,,,2.88,$/5 lb bag,0.576,per lb,National,retail,,,,,,,,3715.0,3324,Weekly Grocery Store Specialty Crops Feature Activity,2026-09-26T13:56:27+00:00
91eabcf528651e33,2022-09-30,Potatoes,RUSSET,5 lb bag,,,,,Yes,,,,,,,,3.37,$/5 lb bag,0.674,per lb,National,retail,,,,,,,,52.0,3324,Weekly Grocery Store Specialty Crops Feature Activity,2026-09-26T13:56:27+00:00
1e9f2e3852f7cd06,2022-09-30,Potatoes,RUSSET,8 lb bag,,,,,No,,,,,,,,4.26,$/8 lb bag,0.5325,per lb,National,retail,,,,,,,,652.0,3324,Weekly Grocery Store Specialty Crops Feature Activity,2026-09-26T13:56:27+00:00
6ed8a0f2181b7803,2022-09-30,Potatoes,RUSSET,per lb,,,,,Yes,,,,,,,,1.77,$/per lb,1.77,per lb,National,retail,,,,,,,,12.0,3324,Weekly Grocery Store Specialty Crops Feature Activity,2026-09-26T13:56:27+00:00
f7222a7fdb57d9a1,2022-09-30,Potatoes,RUSSET,per lb,,,,,No,,,,,,,,0.85,$/per lb,0.85,per lb,National,retail,,,,,,,,251.0,3324,Weekly Grocery Store Specialty Crops Feature Activity,2026-09-26T13:56:27+00:00
76ac1a360d974df5,2022-09-30,Potatoes,YELLOW TYPE,3 lb bag,,,,,Yes,,,,,,,,3.76,$/3 lb bag,1.2533,per lb,National,retail,,,,,,,,219.0,3324,Weekly Grocery Store Specialty Crops Feature Activity,2026-09-26T13:56:27+00:00
9fe070409a395bf7,2022-09-30,Potatoes,YELLOW TYPE,3 lb bag,,,,,No,,,,,,,,5.18,$/3 lb bag,1.7267,per lb,National,retail,,,,,,,,430.0,3324,Weekly Grocery Store Specialty Crops Feature Activity,2026-09-26T13:56:27+00:00
fb37497ce2ca310b,2022-09-30,Potatoes,YELLOW TYPE,5 lb bag,,,,,No,,,,,,,,3.58,$/5 lb bag,0.716,per lb,National,retail,,,,,,,,2402.0,3324,Weekly Grocery Store Specialty Crops Feature Activity,2026-09-26T13:56:27+00:00
53e3d4d02884d954,2022-09-30,Potatoes,YELLOW TYPE,per lb,,,,,No,,,,,,,,1.01,$/per lb,1.01,per lb,National,retail,,,,,,,,36.0,3324,Weekly Grocery Store Specialty Crops Feature Activity,2026-09-26T13:56:27+00:00
3a9c1d3a5fc9b1f2,2022-09-30,Strawberries,,1 lb package,,,,,Yes,,,,,,,,4.84,$/1 lb package,4.84,per lb,National,retail,,,,,,,,1139.0,3324,Weekly Grocery Store Specialty Crops Feature Activity,2026-09-26T13:56:27+00:00
ac1c6a75814dbf19,2022-09-30,Strawberries,,1 lb package,,,,,No,,,,,,,,3.05,$/1 lb package,3.05,per lb,National,retail,,,,,,,,3895.0,3324,Weekly Grocery Store Specialty Crops Feature Activity,2026-09-26T13:56:27+00:00
f1e069992cf5eed2,2022-09-30,Strawberries,,2 lb package,,,,,No,,,,,,,,7.63,$/2 lb package,3.815,per lb,National,retail,,,,,,,,229.0,3324,Weekly Grocery Store Specialty Crops Feature Activity,2026-09-26T13:56:27+00:00
21808be7522ccbbd,2022-09-30,Tomatoes,,per lb,,,,,Yes,,,,,,,,2.96,$/per lb,2.96,per lb,National,retail,,,,,,,,259.0,3324,Weekly Grocery Store Specialty Crops Feature Activity,2026-09-26T13:56:27+00:00
3f51837493fd6196,2022-09-30,Tomatoes,,per lb,,,,,No,,,,,,,,1.57,$/per lb,1.57,per lb,National,retail,,,,,,,,970.0,3324,Weekly Grocery Store Specialty Crops Feature Activity,2026-09-26T13:56:27+00:00
b194d866c9bd8948,2022-09-30,Tomatoes,Cherry Type,1 pint package,,,,,No,,,,,,,,2.32,$/1 pint package,,,National,retail,,,,,,,,86.0,3324,Weekly Grocery Store Specialty Crops Feature Activity,2026-09-26T13:56:27+00:00
d739ce68c1fd4ab6,2022-09-30,Tomatoes,Cherry Type,1 pint package,,,,,Yes,,,,,,,,4.89,$/1 pint package,,,National,retail,,,,,,,,12.0,3324,Weekly Grocery Store Specialty Crops Feature Activity,2026-09-26T13:56:27+00:00
13de3b439d9f4fea,2022-09-30,Tomatoes,GRAPE TYPE,1 pint package,,,,,No,,,,,,,,2.27,$/1 pint package,,,National,retail,,,,,,,,1704.0,3324,Weekly Grocery Store Specialty Crops Feature Activity,2026-09-26T13:56:27+00:00
9693f341c6217536,2022-09-30,Tomatoes,GRAPE TYPE,1 pint package,,,,,Yes,,,,,,,,2.51,$/1 pint package,,,National,retail,,,,,,,,348.0,3324,Weekly Grocery Store Specialty Crops Feature Activity,2026-09-26T13:56:27+00:00
0c363bb39e85bbf3,2022-09-30,Tomatoes,GRAPE TYPE,10 oz package,,,,,Yes,,,,,,,,3.45,$/10 oz package,5.52,per lb,National,retail,,,,,,,,1159.0,3324,Weekly Grocery Store Specialty Crops Feature Activity,2026-09-26T13:56:27+00:00
d1ea8159b5f639d6,2022-09-30,Tomatoes,GRAPE TYPE,10 oz package,,,,,No,,,,,,,,2.79,$/10 oz package,4.464,per lb,National,retail,,,,,,,,2370.0,3324,Weekly Grocery Store Specialty Crops Feature Activity,2026-09-26T13:56:27+00:00
0fe9055edccfeb92,2022-09-30,Tomatoes,Plum Type (Roma),per lb,,,,,No,,,,,,,,1.09,$/per lb,1.09,per lb,National,retail,,,,,,,,2582.0,3324,Weekly Grocery Store Specialty Crops Feature Activity,2026-09-26T13:56:27+00:00
63ba4853d4728f27,2022-09-30,Tomatoes,Plum Type (Roma),per lb,,,,,Yes,,,,,,,,1.99,$/per lb,1.99,per lb,National,retail,,,,,,,,242.0,3324,Weekly Grocery Store Specialty Crops Feature Activity,2026-09-26T13:56:27+00:00
0f6ac6fa2fd0d089,2022-09-30,Tomatoes,VINE RIPES,per lb,,,,,No,,,,,,,,1.74,$/per lb,1.74,per lb,National,retail,,,,,,,,410.0,3324,Weekly Grocery Store Specialty Crops Feature Activity,2026-09-26T13:56:27+00:00
3c16c3cc001c7632,2022-09-30,Tomatoes,VINE RIPES,per lb,,,,,Yes,,,,,,,,2.49,$/per lb,2.49,per lb,National,retail,,,,,,,,14.0,3324,Weekly Grocery Store Specialty Crops Feature Activity,2026-09-26T13:56:27+00:00
5b821dda3a4a9705,2022-09-30,Tomatoes,VINE RIPES,per lb,,,,,No,,,,,,,,1.74,$/per lb,1.74,per lb,National,retail,,,environment=Greenhouse,,,,,556.0,3324,Weekly Grocery Store Specialty Crops Feature Activity,2026-09-26T13:56:27+00:00
966908a6204b92eb,2022-09-30,Tomatoes,VINE RIPES - ON THE VINE,per lb,,,,,Yes,,,,,,,,3.77,$/per lb,3.77,per lb,National,retail,,,environment=Greenhouse,,,,,726.0,3324,Weekly Grocery Store Specialty Crops Feature Activity,2026-09-26T13:56:27+00:00
f24cd1c484ff7c99,2022-09-30,Tomatoes,VINE RIPES - ON THE VINE,per lb,,,,,No,,,,,,,,1.61,$/per lb,1.61,per lb,National,retail,,,environment=Greenhouse,,,,,2511.0,3324,Weekly Grocery Store Specialty Crops Feature Activity,2026-09-26T13:56:27+00:00
351067e0e757aef7,2022-09-30,Tomatoes,Vine Ripes - Heirloom Varieties,per lb,,,,,No,,,,,,,,2.85,$/per lb,2.85,per lb,National,retail,,,environment=Greenhouse,,,,,205.0,3324,Weekly Grocery Store Specialty Crops Feature Activity,2026-09-26T13:56:27+00:00
8d2451df07cb42a0,2022-09-30,Tomatoes,Vine Ripes - Heirloom Varieties,per lb,,,,,Yes,,,,,,,,4.99,$/per lb,4.99,per lb,National,retail,,,environment=Greenhouse,,,,,8.0,3324,Weekly Grocery Store Specialty Crops Feature Activity,2026-09-26T13:56:27+00:00
0d69470922ece7b5,2022-09-30,Avocados,HASS,each,,,,,Yes,,,,,,,,2.05,$/each,2.05,per each,Northeast,retail,,,,,,,,238.0,3324,Weekly Grocery Store Specialty Crops Feature Activity,2026-09-26T13:56:27+00:00
e1ab69be9cd26f10,2022-09-30,Avocados,HASS,each,,,,,No,,,,,,,,1.31,$/each,1.31,per each,Northeast,retail,,,,,,,,938.0,3324,Weekly Grocery Store Specialty Crops Feature Activity,2026-09-26T13:56:27+00:00
b0ce41cff35b1645,2022-09-30,Avocados,VARIOUS GREENSKIN VARIETIES,each,,,,,No,,,,,,,,1.49,$/each,1.49,per each,Northeast,retail,,,,,,,,64.0,3324,Weekly Grocery Store Specialty Crops Feature Activity,2026-09-26T13:56:27+00:00
603aa6e4405db057,2022-09-30,Bananas,,per lb,,,,,Yes,,,,,,,,0.91,$/per lb,0.91,per lb,Northeast,retail,,,,,,,,367.0,3324,Weekly Grocery Store Specialty Crops Feature Activity,2026-09-26T13:56:27+00:00
6e8dea5bbb22b14e,2022-09-30,Bananas,,per lb,,,,,No,,,,,,,,0.73,$/per lb,0.73,per lb,Northeast,retail,,,,,,,,276.0,3324,Weekly Grocery Store Specialty Crops Feature Activity,2026-09-26T13:56:27+00:00
4a1463084ed1fce5,2022-09-30,Blueberries,,1 pint package,,,,,Yes,,,,,,,,5.91,$/1 pint package,,,Northeast,retail,,,,,,,,196.0,3324,Weekly Grocery Store Specialty Crops Feature Activity,2026-09-26T13:56:27+00:00
b6c27588a36ff27a,2022-09-30,Blueberries,,1 pint package,,,,,No,,,,,,,,3.61,$/1 pint package,,,Northeast,retail,,,,,,,,712.0,3324,Weekly Grocery Store Specialty Crops Feature Activity,2026-09-26T13:56:27+00:00
562c248343ea3632,2022-09-30,Blueberries,,18 oz package,,,,,No,,,,,,,,5.99,$/18 oz package,5.3244,per lb,Northeast,retail,,,,,,,,22.0,3324,Weekly Grocery Store Specialty Crops Feature Activity,2026-09-26T13:56:27+00:00
20813b84adefe14e,2022-09-30,Blueberries,,6 oz package,,,,,No,,,,,,,,3.0,$/6 oz package,8.0,per lb,Northeast,retail,,,,,,,,104.0,3324,Weekly Grocery Store Specialty Crops Feature Activity,2026-09-26T13:56:27+00:00
e05b550864d98a5b,2022-09-30,Blueberries,,6 oz package,,,,,Yes,,,,,,,,3.33,$/6 oz package,8.88,per lb,Northeast,retail,,,,,,,,113.0,3324,Weekly Grocery Store Specialty Crops Feature Activity,2026-09-26T13:56:27+00:00
835e1d1507db04f1,2022-09-30,Broccoli,,per bunch,,,,,Yes,,,,,,,,3.49,$/per bunch,,,Northeast,retail,,,,,,,,5.0,3324,Weekly Grocery Store Specialty Crops Feature Activity,2026-09-26T13:56:27+00:00
e7aee5babe126727,2022-09-30,Broccoli,,per bunch,,,,,No,,,,,,,,2.79,$/per bunch,,,Northeast,retail,,,,,,,,4.0,3324,Weekly Grocery Store Specialty Crops Feature Activity,2026-09-26T13:56:27+00:00
4be6e45be76c0d60,2022-09-30,Broccoli,CROWN CUT,per lb,,,,,No,,,,,,,,1.79,$/per lb,1.79,per lb,Northeast,retail,,,,,,,,798.0,3324,Weekly Grocery Store Specialty Crops Feature Activity,2026-09-26T13:56:27+00:00
2c0569bddf8199a6,2022-09-30,Carrots,,1 lb bag,,,,,No,,,,,,,,0.84,$/1 lb bag,0.84,per lb,Northeast,retail,,,,,,,,32.0,3324,Weekly Grocery Store Specialty Crops Feature Activity,2026-09-26T13:56:27+00:00
ea15be4a21752305,2022-09-30,Carrots,,1 lb bag,,,,,Yes,,,,,,,,2.4,$/1 lb bag,2.4,per lb,Northeast,retail,,,,,,,,78.0,3324,Weekly Grocery Store Specialty Crops Feature Activity,2026-09-26T13:56:27+00:00
51675c9d666b393f,2022-09-30,Carrots,,2 lb bag,,,,,No,,,,,,,,1.89,$/2 lb bag,0.945,per lb,Northeast,retail,,,,,,,,38.0,3324,Weekly Grocery Store Specialty Crops Feature Activity,2026-09-26T13:56:27+00:00
9e5996929a2bcdde,2022-09-30,Carrots,,per bunch,,,,,Yes,,,,,,,,2.79,$/per bunch,,,Northeast,retail,,,,,,,,22.0,3324,Weekly Grocery Store Specialty Crops Feature Activity,2026-09-26T13:56:27+00:00
f14568c112c1c3ca,2022-09-30,Carrots,BABY PEELED,1 lb bag,,,,,No,,,,,,,,1.08,$/1 lb bag,1.08,per lb,Northeast,retail,,,,,,,,731.0,3324,Weekly Grocery Store Specialty Crops Feature Activity,2026-09-26T13:56:27+00:00
fbc466070a22b656,2022-09-30,Carrots,BABY PEELED,1 lb bag,,,,,Yes,,,,,,,,2.65,$/1 lb bag,2.65,per lb,Northeast,retail,,,,,,,,54.0,3324,Weekly Grocery Store Specialty Crops Feature Activity,2026-09-26T13:56:27+00:00
7d6ded870d56b83f,2022-09-30,Carrots,BABY PEELED,2 lb bag,,,,,No,,,,,,,,2.99,$/2 lb bag,1.495,per lb,Northeast,retail,,,,,,,,190.0,3324,Weekly Grocery Store Specialty Crops Feature Activity,2026-09-26T13:56:27+00:00
3d1b3288f17ba82e,2022-09-30,Celery,,each,,,,,No,,,,,,,,1.61,$/each,1.61,per each,Northeast,retail,,,,,,,,178.0,3324,Weekly Grocery Store Specialty Crops Feature Activity,2026-09-26T13:56:27+00:00
a7d753a5e9ce40d3,2022-09-30,Celery,,each,,,,,Yes,,,,,,,,2.99,$/each,2.99,per each,Northeast,retail,,,,,,,,417.0,3324,Weekly Grocery Store Specialty Crops Feature Activity,2026-09-26T13:56:27+00:00
cea8ef00e6db7873,2022-09-30,Celery,HEARTS,each,,,,,Yes,,,,,,,,3.28,$/each,3.28,per each,Northeast,retail,,,,,,,,188.0,3324,Weekly Grocery Store Specialty Crops Feature Activity,2026-09-26T13:56:27+00:00
fddcc2ad400abff1,2022-09-30,Celery,HEARTS,each,,,,,No,,,,,,,,3.7,$/each,3.7,per each,Northeast,retail,,,,,,,,81.0,3324,Weekly Grocery Store Specialty Crops Feature Activity,2026-09-26T13:56:27+00:00
b2a2bf22ce50a771,2022-09-30,Cucumbers,,each,,,,,No,,,,,,,,0.75,$/each,0.75,per each,Northeast,retail,,,,,,,,931.0,3324,Weekly Grocery Store Specialty Crops Feature Activity,2026-09-26T13:56:27+00:00
5cfa9cc8dfc381c3,2022-09-30,Cucumbers,LONG SEEDLESS,each,,,,,Yes,,,,,,,,2.85,$/each,2.85,per each,Northeast,retail,,,environment=Greenhouse,,,,,178.0,3324,Weekly Grocery Store Specialty Crops Feature Activity,2026-09-26T13:56:27+00:00
e03ce9e37ab91123,2022-09-30,Cucumbers,LONG SEEDLESS,each,,,,,No,,,,,,,,1.35,$/each,1.35,per each,Northeast,retail,,,environment=Greenhouse,,,,,41.0,3324,Weekly Grocery Store Specialty Crops Feature Activity,2026-09-26T13:56:27+00:00
45645df4e8394507,2022-09-30,Grapes,BLACK SEEDLESS,per lb,,,,,No,,,,,,,,2.29,$/per lb,2.29,per lb,Northeast,retail,,,,,,,,902.0,3324,Weekly Grocery Store Specialty Crops Feature Activity,2026-09-26T13:56:27+00:00
63b885ece6a6b50c,2022-09-30,Grapes,BLACK SEEDLESS,per lb,,,,,Yes,,,,,,,,2.91,$/per lb,2.91,per lb,Northeast,retail,,,,,,,,324.0,3324,Weekly Grocery Store Specialty Crops Feature Activity,2026-09-26T13:56:27+00:00
7791926e7c780bff,2022-09-30,Grapes,RED SEEDLESS,per lb,,,,,No,,,,,,,,2.33,$/per lb,2.33,per lb,Northeast,retail,,,,,,,,1518.0,3324,Weekly Grocery Store Specialty Crops Feature Activity,2026-09-26T13:56:27+00:00
a9c4e394b1165afa,2022-09-30,Grapes,RED SEEDLESS,per lb,,,,,Yes,,,,,,,,3.2,$/per lb,3.2,per lb,Northeast,retail,,,,,,,,697.0,3324,Weekly Grocery Store Specialty Crops Feature Activity,2026-09-26T13:56:27+00:00
bd0d8d31fd0ef1ea,2022-09-30,Grapes,Red Globe Seeded Type,per lb,,,,,No,,,,,,,,2.49,$/per lb,2.49,per lb,Northeast,retail,,,,,,,,183.0,3324,Weekly Grocery Store Specialty Crops Feature Activity,2026-09-26T13:56:27+00:00
45cd0c7c3a38a769,2022-09-30,Grapes,WHITE SEEDLESS TYPE,per lb,,,,,No,,,,,,,,2.34,$/per lb,2.34,per lb,Northeast,retail,,,,,,,,1086.0,3324,Weekly Grocery Store Specialty Crops Feature Activity,2026-09-26T13:56:27+00:00
acc45b229bae25ea,2022-09-30,Grapes,WHITE SEEDLESS TYPE,per lb,,,,,Yes,,,,,,,,3.19,$/per lb,3.19,per lb,Northeast,retail,,,,,,,,691.0,3324,Weekly Grocery Store Specialty Crops Feature Activity,2026-09-26T13:56:27+00:00
c6257948ab437491,2022-09-30,Lemons,,2 lb bag,,,,,No,,,,,,,,3.48,$/2 lb bag,1.74,per lb,Northeast,retail,,,,,,,,37.0,3324,Weekly Grocery Store Specialty Crops Feature Activity,2026-09-26T13:56:27+00:00
bfe713957a96ff52,2022-09-30,Lemons,,each,,,,,No,,,,,,,,0.51,$/each,0.51,per each,Northeast,retail,,,,,,,,577.0,3324,Weekly Grocery Store Specialty Crops Feature Activity,2026-09-26T13:56:27+00:00
9ab54784019646c9,2022-09-30,Lettuce,Green Leaf,each,,,,,No,,,,,,,,2.49,$/each,2.49,per each,Northeast,retail,,,,,,,,9.0,3324,Weekly Grocery Store Specialty Crops Feature Activity,2026-09-26T13:56:27+00:00
4cdcc132b189ae9a,2022-09-30,Lettuce,Red Leaf,each,,,,,No,,,,,,,,2.49,$/each,2.49,per each,Northeast,retail,,,,,,,,9.0,3324,Weekly Grocery Store Specialty Crops Feature Activity,2026-09-26T13:56:27+00:00
83af934e1f70d84f,2022-09-30,Lettuce,Romaine,each,,,,,Yes,,,,,,,,2.49,$/each,2.49,per each,Northeast,retail,,,,,,,,75.0,3324,Weekly Grocery Store Specialty Crops Feature Activity,2026-09-26T13:56:27+00:00
d96462ddcb2580b7,2022-09-30,Lettuce,Romaine,each,,,,,No,,,,,,,,1.99,$/each,1.99,per each,Northeast,retail,,,,,,,,6.0,3324,Weekly Grocery Store Specialty Crops Feature Activity,2026-09-26T13:56:27+00:00
e83793f8f8fee6e8,2022-09-30,Lettuce,Romaine,per lb,,,,,No,,,,,,,,1.49,$/per lb,1.49,per lb,Northeast,retail,,,,,,,,46.0,3324,Weekly Grocery Store Specialty Crops Feature Activity,2026-09-26T13:56:27+00:00
5fd73476b4fa4dea,2022-09-30,Lettuce,Romaine (Hearts),3 count,,,,,Yes,,,,,,,,4.1,$/3 count,,,Northeast,retail,,,,,,,,167.0,3324,Weekly Grocery Store Specialty Crops Feature Activity,2026-09-26T13:56:27+00:00
ccc93b93a33dc13f,2022-09-30,Lettuce,Romaine (Hearts),3 count,,,,,No,,,,,,,,3.31,$/3 count,,,Northeast,retail,,,,,,,,56.0,3324,Weekly Grocery Store Specialty Crops Feature Activity,2026-09-26T13:56:27+00:00
beca1ecc79688d6c,2022-09-30,Limes,,each,,,,,No,,,,,,,,0.39,$/each,0.39,per each,Northeast,retail,,,,,,,,100.0,3324,Weekly Grocery Store Specialty Crops Feature Activity,2026-09-26T13:56:27+00:00
3d7b3f6fbf2568c2,2022-09-30,"Onions, Dry",RED,2 lb bag,,,,,No,,,,,,,,2.0,$/2 lb bag,1.0,per lb,Northeast,retail,,,,,,,,23.0,3324,Weekly Grocery Store Specialty Crops Feature Activity,2026-09-26T13:56:27+00:00
87324f817aa5558a,2022-09-30,"Onions, Dry",RED,3 lb bag,,,,,Yes,,,,,,,,4.99,$/3 lb bag,1.6633,per lb,Northeast,retail,,,,,,,,19.0,3324,Weekly Grocery Store Specialty Crops Feature Activity,2026-09-26T13:56:27+00:00
5f9047d71991c23a,2022-09-30,"Onions, Dry",RED,per lb,,,,,No,,,,,,,,1.52,$/per lb,1.52,per lb,Northeast,retail,,,,,,,,212.0,3324,Weekly Grocery Store Specialty Crops Feature Activity,2026-09-26T13:56:27+00:00
462870e7853b881a,2022-09-30,"Onions, Dry",WHITE,per lb,,,,,No,,,,,,,,1.49,$/per lb,1.49,per lb,Northeast,retail,,,,,,,,20.0,3324,Weekly Grocery Store Specialty Crops Feature Activity,2026-09-26T13:56:27+00:00
86e7eb6948828dbc,2022-09-30,"Onions, Dry",YELLOW,2 lb bag,,,,,No,,,,,,,,1.54,$/2 lb bag,0.77,per lb,Northeast,retail,,,,,,,,196.0,3324,Weekly Grocery Store Specialty Crops Feature Activity,2026-09-26T13:56:27+00:00
64b11495e0ecda52,2022-09-30,"Onions, Dry",YELLOW,3 lb bag,,,,,No,,,,,,,,2.76,$/3 lb bag,0.92,per lb,Northeast,retail,,,,,,,,1065.0,3324,Weekly Grocery Store Specialty Crops Feature Activity,2026-09-26T13:56:27+00:00
bc0ad365e104475a,2022-09-30,"Onions, Dry",YELLOW,3 lb bag,,,,,Yes,,,,,,,,5.99,$/3 lb bag,1.9967,per lb,Northeast,retail,,,,,,,,190.0,3324,Weekly Grocery Store Specialty Crops Feature Activity,2026-09-26T13:56:27+00:00
d091c44618292060,2022-09-30,"Onions, Dry",YELLOW,per lb,,,,,No,,,,,,,,0.99,$/per lb,0.99,per lb,Northeast,retail,,,,,,,,599.0,3324,Weekly Grocery Store Specialty Crops Feature Activity,2026-09-26T13:56:27+00:00
2d8c059e1cee5db9,2022-09-30,"Onions, Dry",YELLOW MARKED SWEET,2 lb bag,,,,,No,,,,,,,,1.49,$/2 lb bag,0.745,per lb,Northeast,retail,,,,,,,,16.0,3324,Weekly Grocery Store Specialty Crops Feature Activity,2026-09-26T13:56:27+00:00
5bc85f01690b3f80,2022-09-30,"Onions, Dry",YELLOW MARKED SWEET,3 lb bag,,,,,No,,,,,,,,4.9,$/3 lb bag,1.6333,per lb,Northeast,retail,,,,,,,,178.0,3324,Weekly Grocery Store Specialty Crops Feature Activity,2026-09-26T13:56:27+00:00
23376a1e7822a19a,2022-09-30,"Onions, Dry",YELLOW MARKED SWEET,5 lb bag,,,,,No,,,,,,,,4.99,$/5 lb bag,0.998,per lb,Northeast,retail,,,,,,,,75.0,3324,Weekly Grocery Store Specialty Crops Feature Activity,2026-09-26T13:56:27+00:00
530c06cf1f875a5a,2022-09-30,"Onions, Dry",YELLOW MARKED SWEET,per lb,,,,,No,,,,,,,,1.22,$/per lb,1.22,per lb,Northeast,retail,,,,,,,,62.0,3324,Weekly Grocery Store Specialty Crops Feature Activity,2026-09-26T13:56:27+00:00
b6423d1d55548fff,2022-09-30,"Peppers, Bell Type",GREEN,each,,,,,No,,,,,,,,1.49,$/each,1.49,per each,Northeast,retail,,,,,,,,131.0,3324,Weekly Grocery Store Specialty Crops Feature Activity,2026-09-26T13:56:27+00:00
4c3625d4e373a2e1,2022-09-30,"Peppers, Bell Type",GREEN,per lb,,,,,No,,,,,,,,1.36,$/per lb,1.36,per lb,Northeast,retail,,,,,,,,188.0,3324,Weekly Grocery Store Specialty Crops Feature Activity,2026-09-26T13:56:27+00:00
7df9f23ec78881b9,2022-09-30,"Peppers, Bell Type",ORANGE,each,,,,,No,,,,,,,,1.69,$/each,1.69,per each,Northeast,retail,,,,,,,,172.0,3324,Weekly Grocery Store Specialty Crops Feature Activity,2026-09-26T13:56:27+00:00
a4a054ec6cf6cf3e,2022-09-30,"Peppers, Bell Type",ORANGE,per lb,,,,,No,,,,,,,,3.22,$/per lb,3.22,per lb,Northeast,retail,,,,,,,,514.0,3324,Weekly Grocery Store Specialty Crops Feature Activity,2026-09-26T13:56:27+00:00
fa4955736e55b25c,2022-09-30,"Peppers, Bell Type",ORANGE,per lb,,,,,Yes,,,,,,,,3.99,$/per lb,3.99,per lb,Northeast,retail,,,,,,,,9.0,3324,Weekly Grocery Store Specialty Crops Feature Activity,2026-09-26T13:56:27+00:00
6ab893f010d3268e,2022-09-30,"Peppers, Bell Type",RED,each,,,,,No,,,,,,,,1.69,$/each,1.69,per each,Northeast,retail,,,,,,,,172.0,3324,Weekly Grocery Store Specialty Crops Feature Activity,2026-09-26T13:56:27+00:00
980dd6faa1ebb711,2022-09-30,"Peppers, Bell Type",RED,per lb,,,,,Yes,,,,,,,,3.99,$/per lb,3.99,per lb,Northeast,retail,,,,,,,,81.0,3324,Weekly Grocery Store Specialty Crops Feature Activity,2026-09-26T13:56:27+00:00
e8dc318e604dedb4,2022-09-30,"Peppers, Bell Type",RED,per lb,,,,,No,,,,,,,,3.03,$/per lb,3.03,per lb,Northeast,retail,,,,,,,,720.0,3324,Weekly Grocery Store Specialty Crops Feature Activity,2026-09-26T13:56:27+00:00
a0cb9a14dcd7447b,2022-09-30,"Peppers, Bell Type",YELLOW,each,,,,,No,,,,,,,,1.69,$/each,1.69,per each,Northeast,retail,,,,,,,,172.0,3324,Weekly Grocery Store Specialty Crops Feature Activity,2026-09-26T13:56:27+00:00
5e1a3e2a090c2f49,2022-09-30,"Peppers, Bell Type",YELLOW,per lb,,,,,Yes,,,,,,,,3.99,$/per lb,3.99,per lb,Northeast,retail,,,,,,,,9.0,3324,Weekly Grocery Store Specialty Crops Feature Activity,2026-09-26T13:56:27+00:00
a6fa7e7fd8d5cb8d,2022-09-30,"Peppers, Bell Type",YELLOW,per lb,,,,,No,,,,,,,,3.22,$/per lb,3.22,per lb,Northeast,retail,,,,,,,,514.0,3324,Weekly Grocery Store Specialty Crops Feature Activity,2026-09-26T13:56:27+00:00
01bcb60fad203285,2022-09-30,Potatoes,ROUND RED,3 lb bag,,,,,Yes,,,,,,,,5.99,$/3 lb bag,1.9967,per lb,Northeast,retail,,,,,,,,9.0,3324,Weekly Grocery Store Specialty Crops Feature Activity,2026-09-26T13:56:27+00:00
57f14f034bbc4048,2022-09-30,Potatoes,ROUND RED,5 lb bag,,,,,No,,,,,,,,3.59,$/5 lb bag,0.718,per lb,Northeast,retail,,,,,,,,340.0,3324,Weekly Grocery Store Specialty Crops Feature Activity,2026-09-26T13:56:27+00:00
e05167648133ae2d,2022-09-30,Potatoes,ROUND RED,per lb,,,,,No,,,,,,,,1.49,$/per lb,1.49,per lb,Northeast,retail,,,,,,,,10.0,3324,Weekly Grocery Store Specialty Crops Feature Activity,2026-09-26T13:56:27+00:00
a6a877cd2d3402a6,2022-09-30,Potatoes,ROUND WHITE,5 lb bag,,,,,No,,,,,,,,3.18,$/5 lb bag,0.636,per lb,Northeast,retail,,,,,,,,303.0,3324,Weekly Grocery Store Specialty Crops Feature Activity,2026-09-26T13:56:27+00:00
5f3a7f7b673574af,2022-09-30,Potatoes,RUSSET,3 lb bag,,,,,Yes,,,,,,,,3.99,$/3 lb bag,1.33,per lb,Northeast,retail,,,,,,,,72.0,3324,Weekly Grocery Store Specialty Crops Feature Activity,2026-09-26T13:56:27+00:00
3f9d19c4c37ce736,2022-09-30,Potatoes,RUSSET,5 lb bag,,,,,No,,,,,,,,3.06,$/5 lb bag,0.612,per lb,Northeast,retail,,,,,,,,830.0,3324,Weekly Grocery Store Specialty Crops Feature Activity,2026-09-26T13:56:27+00:00
9758527ed2158221,2022-09-30,Potatoes,RUSSET,8 lb bag,,,,,No,,,,,,,,3.98,$/8 lb bag,0.4975,per lb,Northeast,retail,,,,,,,,179.0,3324,Weekly Grocery Store Specialty Crops Feature Activity,2026-09-26T13:56:27+00:00
148059f04cd573f7,2022-09-30,Potatoes,RUSSET,per lb,,,,,No,,,,,,,,1.49,$/per lb,1.49,per lb,Northeast,retail,,,,,,,,10.0,3324,Weekly Grocery Store Specialty Crops Feature Activity,2026-09-26T13:56:27+00:00
493b072fcb704224,2022-09-30,Potatoes,YELLOW TYPE,3 lb bag,,,,,No,,,,,,,,5.99,$/3 lb bag,1.9967,per lb,Northeast,retail,,,,,,,,22.0,3324,Weekly Grocery Store Specialty Crops Feature Activity,2026-09-26T13:56:27+00:00
f75fe26bc31827d3,2022-09-30,Potatoes,YELLOW TYPE,3 lb bag,,,,,Yes,,,,,,,,5.99,$/3 lb bag,1.9967,per lb,Northeast,retail,,,,,,,,9.0,3324,Weekly Grocery Store Specialty Crops Feature Activity,2026-09-26T13:56:27+00:00
ee09411b89489760,2022-09-30,Potatoes,YELLOW TYPE,5 lb bag,,,,,No,,,,,,,,3.14,$/5 lb bag,0.628,per lb,Northeast,retail,,,,,,,,996.0,3324,Weekly Grocery Store Specialty Crops Feature Activity,2026-09-26T13:56:27+00:00
7fa967155bddf097,2022-09-30,Potatoes,YELLOW TYPE,per lb,,,,,No,,,,,,,,1.49,$/per lb,1.49,per lb,Northeast,retail,,,,,,,,10.0,3324,Weekly Grocery Store Specialty Crops Feature Activity,2026-09-26T13:56:27+00:00
8d1961b526bea45c,2022-09-30,Strawberries,,1 lb package,,,,,No,,,,,,,,3.63,$/1 lb package,3.63,per lb,Northeast,retail,,,,,,,,581.0,3324,Weekly Grocery Store Specialty Crops Feature Activity,2026-09-26T13:56:27+00:00
ed78120296043468,2022-09-30,Strawberries,,1 lb package,,,,,Yes,,,,,,,,4.99,$/1 lb package,4.99,per lb,Northeast,retail,,,,,,,,875.0,3324,Weekly Grocery Store Specialty Crops Feature Activity,2026-09-26T13:56:27+00:00
5881c6290c520e2c,2022-09-30,Tomatoes,,per lb,,,,,No,,,,,,,,1.98,$/per lb,1.98,per lb,Northeast,retail,,,,,,,,217.0,3324,Weekly Grocery Store Specialty Crops Feature Activity,2026-09-26T13:56:27+00:00
d666c7e89b183660,2022-09-30,Tomatoes,,per lb,,,,,Yes,,,,,,,,2.77,$/per lb,2.77,per lb,Northeast,retail,,,,,,,,39.0,3324,Weekly Grocery Store Specialty Crops Feature Activity,2026-09-26T13:56:27+00:00
68705ad98e6debf6,2022-09-30,Tomatoes,GRAPE TYPE,1 pint package,,,,,Yes,,,,,,,,2.36,$/1 pint package,,,Northeast,retail,,,,,,,,79.0,3324,Weekly Grocery Store Specialty Crops Feature Activity,2026-09-26T13:56:27+00:00
f9b1bdc42418510d,2022-09-30,Tomatoes,GRAPE TYPE,1 pint package,,,,,No,,,,,,,,1.82,$/1 pint package,,,Northeast,retail,,,,,,,,569.0,3324,Weekly Grocery Store Specialty Crops Feature Activity,2026-09-26T13:56:27+00:00
236b44e9674ff655,2022-09-30,Tomatoes,GRAPE TYPE,10 oz package,,,,,Yes,,,,,,,,3.69,$/10 oz package,5.904,per lb,Northeast,retail,,,,,,,,598.0,3324,Weekly Grocery Store Specialty Crops Feature Activity,2026-09-26T13:56:27+00:00
d0beaf7369e7e175,2022-09-30,Tomatoes,GRAPE TYPE,10 oz package,,,,,No,,,,,,,,2.87,$/10 oz package,4.592,per lb,Northeast,retail,,,,,,,,703.0,3324,Weekly Grocery Store Specialty Crops Feature Activity,2026-09-26T13:56:27+00:00
ba9aeccc130c3419,2022-09-30,Tomatoes,Plum Type (Roma),per lb,,,,,No,,,,,,,,1.36,$/per lb,1.36,per lb,Northeast,retail,,,,,,,,429.0,3324,Weekly Grocery Store Specialty Crops Feature Activity,2026-09-26T13:56:27+00:00
bbded20d39484bc5,2022-09-30,Tomatoes,Plum Type (Roma),per lb,,,,,Yes,,,,,,,,1.99,$/per lb,1.99,per lb,Northeast,retail,,,,,,,,22.0,3324,Weekly Grocery Store Specialty Crops Feature Activity,2026-09-26T13:56:27+00:00
016fb072b5cf9e96,2022-09-30,Tomatoes,VINE RIPES,per lb,,,,,No,,,,,,,,1.99,$/per lb,1.99,per lb,Northeast,retail,,,environment=Greenhouse,,,,,13.0,3324,Weekly Grocery Store Specialty Crops Feature Activity,2026-09-26T13:56:27+00:00
6ebbe0d0c4d13282,2022-09-30,Tomatoes,VINE RIPES,per lb,,,,,No,,,,,,,,1.79,$/per lb,1.79,per lb,Northeast,retail,,,,,,,,41.0,3324,Weekly Grocery Store Specialty Crops Feature Activity,2026-09-26T13:56:27+00:00
65ef9c9f2c1e499f,2022-09-30,Tomatoes,VINE RIPES - ON THE VINE,per lb,,,,,Yes,,,,,,,,3.99,$/per lb,3.99,per lb,Northeast,retail,,,environment=Greenhouse,,,,,190.0,3324,Weekly Grocery Store Specialty Crops Feature Activity,2026-09-26T13:56:27+00:00
c71e57d8cf22d33d,2022-09-30,Tomatoes,VINE RIPES - ON THE VINE,per lb,,,,,No,,,,,,,,1.78,$/per lb,1.78,per lb,Northeast,retail,,,environment=Greenhouse,,,,,207.0,3324,Weekly Grocery Store Specialty Crops Feature Activity,2026-09-26T13:56:27+00:00
51398df35b199030,2022-09-30,Tomatoes,Vine Ripes - Heirloom Varieties,per lb,,,,,No,,,,,,,,3.47,$/per lb,3.47,per lb,Northeast,retail,,,environment=Greenhouse,,,,,128.0,3324,Weekly Grocery Store Specialty Crops Feature Activity,2026-09-26T13:56:27+00:00
cb04e1844578fe03,2022-09-30,Avocados,HASS,each,,,,,Yes,,,,,,,,1.83,$/each,1.83,per each,Northwest,retail,,,,,,,,50.0,3324,Weekly Grocery Store Specialty Crops Feature Activity,2026-09-26T13:56:27+00:00
faecf2cf4dfc4b16,2022-09-30,Avocados,HASS,each,,,,,No,,,,,,,,1.27,$/each,1.27,per each,Northwest,retail,,,,,,,,86.0,3324,Weekly Grocery Store Specialty Crops Feature Activity,2026-09-26T13:56:27+00:00
b4848a1fc2a50035,2022-09-30,Avocados,VARIOUS GREENSKIN VARIETIES,each,,,,,No,,,,,,,,1.5,$/each,1.5,per each,Northwest,retail,,,,,,,,9.0,3324,Weekly Grocery Store Specialty Crops Feature Activity,2026-09-26T13:56:27+00:00
ce24a167683d3133,2022-09-30,Bananas,,per lb,,,,,No,,,,,,,,0.59,$/per lb,0.59,per lb,Northwest,retail,,,,,,,,40.0,3324,Weekly Grocery Store Specialty Crops Feature Activity,2026-09-26T13:56:27+00:00
d9244d6598f6d191,2022-09-30,Blueberries,,1 pint package,,,,,No,,,,,,,,2.68,$/1 pint package,,,Northwest,retail,,,,,,,,28.0,3324,Weekly Grocery Store Specialty Crops Feature Activity,2026-09-26T13:56:27+00:00
cd5bc6c341b5f45d,2022-09-30,Blueberries,,18 oz package,,,,,No,,,,,,,,3.11,$/18 oz package,2.7644,per lb,Northwest,retail,,,,,,,,136.0,3324,Weekly Grocery Store Specialty Crops Feature Activity,2026-09-26T13:56:27+00:00
7a36d3f555b1670f,2022-09-30,Blueberries,,6 oz package,,,,,Yes,,,,,,,,3.47,$/6 oz package,9.2533,per lb,Northwest,retail,,,,,,,,19.0,3324,Weekly Grocery Store Specialty Crops Feature Activity,2026-09-26T13:56:27+00:00
c7753356ee1818c8,2022-09-30,Broccoli,,per lb,,,,,No,,,,,,,,1.29,$/per lb,1.29,per lb,Northwest,retail,,,,,,,,206.0,3324,Weekly Grocery Store Specialty Crops Feature Activity,2026-09-26T13:56:27+00:00
bfc8011b8f3fceff,2022-09-30,Broccoli,CROWN CUT,per lb,,,,,No,,,,,,,,1.78,$/per lb,1.78,per lb,Northwest,retail,,,,,,,,85.0,3324,Weekly Grocery Store Specialty Crops Feature Activity,2026-09-26T13:56:27+00:00
32ed215478dfb87a,2022-09-30,Carrots,,2 lb bag,,,,,No,,,,,,,,1.91,$/2 lb bag,0.955,per lb,Northwest,retail,,,,,,,,68.0,3324,Weekly Grocery Store Specialty Crops Feature Activity,2026-09-26T13:56:27+00:00
c528b412baf7ae55,2022-09-30,Carrots,,2 lb bag,,,,,Yes,,,,,,,,2.88,$/2 lb bag,1.44,per lb,Northwest,retail,,,,,,,,4.0,3324,Weekly Grocery Store Specialty Crops Feature Activity,2026-09-26T13:56:27+00:00
10dd22d54eea39a7,2022-09-30,Carrots,,per bunch,,,,,Yes,,,,,,,,2.5,$/per bunch,,,Northwest,retail,,,,,,,,21.0,3324,Weekly Grocery Store Specialty Crops Feature Activity,2026-09-26T13:56:27+00:00
abdaccacd3eabd61,2022-09-30,Carrots,,per lb,,,,,No,,,,,,,,0.79,$/per lb,0.79,per lb,Northwest,retail,,,,,,,,206.0,3324,Weekly Grocery Store Specialty Crops Feature Activity,2026-09-26T13:56:27+00:00
58d75f9d240d217c,2022-09-30,Carrots,BABY PEELED,2 lb bag,,,,,Yes,,,,,,,,3.49,$/2 lb bag,1.745,per lb,Northwest,retail,,,,,,,,206.0,3324,Weekly Grocery Store Specialty Crops Feature Activity,2026-09-26T13:56:27+00:00
d44c3573e0eed30a,2022-09-30,Carrots,BABY PEELED,2 lb bag,,,,,No,,,,,,,,2.79,$/2 lb bag,1.395,per lb,Northwest,retail,,,,,,,,6.0,3324,Weekly Grocery Store Specialty Crops Feature Activity,2026-09-26T13:56:27+00:00
5162495c01a9b052,2022-09-30,Celery,,per lb,,,,,No,,,,,,,,0.89,$/per lb,0.89,per lb,Northwest,retail,,,,,,,,36.0,3324,Weekly Grocery Store Specialty Crops Feature Activity,2026-09-26T13:56:27+00:00
a6da050667e07a96,2022-09-30,Celery,,per lb,,,,,Yes,,,,,,,,1.99,$/per lb,1.99,per lb,Northwest,retail,,,,,,,,7.0,3324,Weekly Grocery Store Specialty Crops Feature Activity,2026-09-26T13:56:27+00:00
4e26f8ccfbd938a2,2022-09-30,Celery,HEARTS,each,,,,,Yes,,,,,,,,3.99,$/each,3.99,per each,Northwest,retail,,,,,,,,12.0,3324,Weekly Grocery Store Specialty Crops Feature Activity,2026-09-26T13:56:27+00:00
2837cc4e921fe182,2022-09-30,Cucumbers,,each,,,,,No,,,,,,,,0.52,$/each,0.52,per each,Northwest,retail,,,,,,,,169.0,3324,Weekly Grocery Store Specialty Crops Feature Activity,2026-09-26T13:56:27+00:00
cd1a86a74f90c93c,2022-09-30,Cucumbers,,each,,,,,Yes,,,,,,,,1.49,$/each,1.49,per each,Northwest,retail,,,,,,,,7.0,3324,Weekly Grocery Store Specialty Crops Feature Activity,2026-09-26T13:56:27+00:00
8f302ea5d35a6094,2022-09-30,Grapes,BLACK SEEDLESS,per lb,,,,,No,,,,,,,,2.69,$/per lb,2.69,per lb,Northwest,retail,,,,,,,,287.0,3324,Weekly Grocery Store Specialty Crops Feature Activity,2026-09-26T13:56:27+00:00
a7a00e86073444e3,2022-09-30,Grapes,BLACK SEEDLESS,per lb,,,,,Yes,,,,,,,,3.0,$/per lb,3.0,per lb,Northwest,retail,,,,,,,,154.0,3324,Weekly Grocery Store Specialty Crops Feature Activity,2026-09-26T13:56:27+00:00
1aa4292eade47d41,2022-09-30,Grapes,RED SEEDLESS,per lb,,,,,No,,,,,,,,2.44,$/per lb,2.44,per lb,Northwest,retail,,,,,,,,432.0,3324,Weekly Grocery Store Specialty Crops Feature Activity,2026-09-26T13:56:27+00:00
8ca6cbac2b34a102,2022-09-30,Grapes,RED SEEDLESS,per lb,,,,,Yes,,,,,,,,3.09,$/per lb,3.09,per lb,Northwest,retail,,,,,,,,169.0,3324,Weekly Grocery Store Specialty Crops Feature Activity,2026-09-26T13:56:27+00:00
005f1de65a4c9e08,2022-09-30,Grapes,WHITE SEEDLESS TYPE,per lb,,,,,No,,,,,,,,2.44,$/per lb,2.44,per lb,Northwest,retail,,,,,,,,432.0,3324,Weekly Grocery Store Specialty Crops Feature Activity,2026-09-26T13:56:27+00:00
f45679379c91e772,2022-09-30,Grapes,WHITE SEEDLESS TYPE,per lb,,,,,Yes,,,,,,,,3.09,$/per lb,3.09,per lb,Northwest,retail,,,,,,,,169.0,3324,Weekly Grocery Store Specialty Crops Feature Activity,2026-09-26T13:56:27+00:00
b28bba5258a2bc5d,2022-09-30,Lemons,,2 lb bag,,,,,No,,,,,,,,3.98,$/2 lb bag,1.99,per lb,Northwest,retail,,,,,,,,138.0,3324,Weekly Grocery Store Specialty Crops Feature Activity,2026-09-26T13:56:27+00:00
0a0031e8cbfb49ce,2022-09-30,Lemons,,each,,,,,No,,,,,,,,0.62,$/each,0.62,per each,Northwest,retail,,,,,,,,48.0,3324,Weekly Grocery Store Specialty Crops Feature Activity,2026-09-26T13:56:27+00:00
e433242ff7aa15a7,2022-09-30,Lettuce,Green Leaf,each,,,,,No,,,,,,,,1.5,$/each,1.5,per each,Northwest,retail,,,,,,,,9.0,3324,Weekly Grocery Store Specialty Crops Feature Activity,2026-09-26T13:56:27+00:00
c475cbd1f6649be2,2022-09-30,Lettuce,Red Leaf,each,,,,,No,,,,,,,,1.5,$/each,1.5,per each,Northwest,retail,,,,,,,,9.0,3324,Weekly Grocery Store Specialty Crops Feature Activity,2026-09-26T13:56:27+00:00
458ea5a9e118d52b,2022-09-30,Lettuce,Romaine,each,,,,,Yes,,,,,,,,2.89,$/each,2.89,per each,Northwest,retail,,,,,,,,40.0,3324,Weekly Grocery Store Specialty Crops Feature Activity,2026-09-26T13:56:27+00:00
781a8205ded7c2f1,2022-09-30,Lettuce,Romaine,each,,,,,No,,,,,,,,1.5,$/each,1.5,per each,Northwest,retail,,,,,,,,9.0,3324,Weekly Grocery Store Specialty Crops Feature Activity,2026-09-26T13:56:27+00:00
74069d0abf5f197a,2022-09-30,Lettuce,Romaine (Hearts),3 count,,,,,Yes,,,,,,,,2.99,$/3 count,,,Northwest,retail,,,,,,,,206.0,3324,Weekly Grocery Store Specialty Crops Feature Activity,2026-09-26T13:56:27+00:00
3f63e0e63109cc0e,2022-09-30,"Onions, Dry",RED,per lb,,,,,No,,,,,,,,0.98,$/per lb,0.98,per lb,Northwest,retail,,,,,,,,23.0,3324,Weekly Grocery Store Specialty Crops Feature Activity,2026-09-26T13:56:27+00:00
eba388a1d1e932c0,2022-09-30,"Onions, Dry",YELLOW,per lb,,,,,No,,,,,,,,0.87,$/per lb,0.87,per lb,Northwest,retail,,,,,,,,271.0,3324,Weekly Grocery Store Specialty Crops Feature Activity,2026-09-26T13:56:27+00:00
b59a2f332553ee4c,2022-09-30,"Onions, Dry",YELLOW MARKED SWEET,3 lb bag,,,,,No,,,,,,,,3.0,$/3 lb bag,1.0,per lb,Northwest,retail,,,,,,,,2.0,3324,Weekly Grocery Store Specialty Crops Feature Activity,2026-09-26T13:56:27+00:00
3b23d806feee6664,2022-09-30,"Onions, Dry",YELLOW MARKED SWEET,per lb,,,,,Yes,,,,,,,,1.49,$/per lb,1.49,per lb,Northwest,retail,,,,,,,,11.0,3324,Weekly Grocery Store Specialty Crops Feature Activity,2026-09-26T13:56:27+00:00
56be899f83fe1d28,2022-09-30,"Onions, Dry",YELLOW MARKED SWEET,per lb,,,,,No,,,,,,,,1.04,$/per lb,1.04,per lb,Northwest,retail,,,,,,,,40.0,3324,Weekly Grocery Store Specialty Crops Feature Activity,2026-09-26T13:56:27+00:00
0234139acc175684,2022-09-30,"Peppers, Bell Type",GREEN,each,,,,,No,,,,,,,,0.82,$/each,0.82,per each,Northwest,retail,,,,,,,,443.0,3324,Weekly Grocery Store Specialty Crops Feature Activity,2026-09-26T13:56:27+00:00
8125e11b7397dce3,2022-09-30,"Peppers, Bell Type",ORANGE,each,,,,,No,,,,,,,,1.5,$/each,1.5,per each,Northwest,retail,,,environment=Greenhouse,,,,,15.0,3324,Weekly Grocery Store Specialty Crops Feature Activity,2026-09-26T13:56:27+00:00
861c7f8e7b2199de,2022-09-30,"Peppers, Bell Type",ORANGE,each,,,,,No,,,,,,,,1.06,$/each,1.06,per each,Northwest,retail,,,,,,,,231.0,3324,Weekly Grocery Store Specialty Crops Feature Activity,2026-09-26T13:56:27+00:00
663e1adaa57e4c1c,2022-09-30,"Peppers, Bell Type",RED,each,,,,,No,,,,,,,,1.14,$/each,1.14,per each,Northwest,retail,,,,,,,,307.0,3324,Weekly Grocery Store Specialty Crops Feature Activity,2026-09-26T13:56:27+00:00
b207c0f103f25aec,2022-09-30,"Peppers, Bell Type",RED,each,,,,,No,,,,,,,,1.5,$/each,1.5,per each,Northwest,retail,,,environment=Greenhouse,,,,,15.0,3324,Weekly Grocery Store Specialty Crops Feature Activity,2026-09-26T13:56:27+00:00
5e47fb2a9e0f8bfa,2022-09-30,"Peppers, Bell Type",YELLOW,each,,,,,No,,,,,,,,1.5,$/each,1.5,per each,Northwest,retail,,,environment=Greenhouse,,,,,15.0,3324,Weekly Grocery Store Specialty Crops Feature Activity,2026-09-26T13:56:27+00:00
88dc68469467da40,2022-09-30,"Peppers, Bell Type",YELLOW,each,,,,,No,,,,,,,,1.09,$/each,1.09,per each,Northwest,retail,,,,,,,,271.0,3324,Weekly Grocery Store Specialty Crops Feature Activity,2026-09-26T13:56:27+00:00
878cc4fccd12cd0c,2022-09-30,Potatoes,ROUND RED,5 lb bag,,,,,No,,,,,,,,4.99,$/5 lb bag,0.998,per lb,Northwest,retail,,,,,,,,17.0,3324,Weekly Grocery Store Specialty Crops Feature Activity,2026-09-26T13:56:27+00:00
46da0b08334e6849,2022-09-30,Potatoes,ROUND RED,per lb,,,,,No,,,,,,,,0.99,$/per lb,0.99,per lb,Northwest,retail,,,,,,,,6.0,3324,Weekly Grocery Store Specialty Crops Feature Activity,2026-09-26T13:56:27+00:00
20817851241f04a9,2022-09-30,Potatoes,RUSSET,5 lb bag,,,,,No,,,,,,,,2.28,$/5 lb bag,0.456,per lb,Northwest,retail,,,,,,,,170.0,3324,Weekly Grocery Store Specialty Crops Feature Activity,2026-09-26T13:56:27+00:00
fbb6e2201b4d7747,2022-09-30,Potatoes,RUSSET,5 lb bag,,,,,Yes,,,,,,,,3.37,$/5 lb bag,0.674,per lb,Northwest,retail,,,,,,,,52.0,3324,Weekly Grocery Store Specialty Crops Feature Activity,2026-09-26T13:56:27+00:00
5cc09a7d0f49651f,2022-09-30,Potatoes,RUSSET,per lb,,,,,No,,,,,,,,0.79,$/per lb,0.79,per lb,Northwest,retail,,,,,,,,206.0,3324,Weekly Grocery Store Specialty Crops Feature Activity,2026-09-26T13:56:27+00:00
ba9a43d7e1d6b1f7,2022-09-30,Potatoes,YELLOW TYPE,5 lb bag,,,,,No,,,,,,,,3.56,$/5 lb bag,0.712,per lb,Northwest,retail,,,,,,,,53.0,3324,Weekly Grocery Store Specialty Crops Feature Activity,2026-09-26T13:56:27+00:00
94f1dfcf0cba02a1,2022-09-30,Potatoes,YELLOW TYPE,per lb,,,,,No,,,,,,,,0.98,$/per lb,0.98,per lb,Northwest,retail,,,,,,,,17.0,3324,Weekly Grocery Store Specialty Crops Feature Activity,2026-09-26T13:56:27+00:00
320f707976498901,2022-09-30,Strawberries,,1 lb package,,,,,No,,,,,,,,3.05,$/1 lb package,3.05,per lb,Northwest,retail,,,,,,,,176.0,3324,Weekly Grocery Store Specialty Crops Feature Activity,2026-09-26T13:56:27+00:00
9d8a3714d8384690,2022-09-30,Tomatoes,,per lb,,,,,No,,,,,,,,1.47,$/per lb,1.47,per lb,Northwest,retail,,,,,,,,33.0,3324,Weekly Grocery Store Specialty Crops Feature Activity,2026-09-26T13:56:27+00:00
8354ea3331e4ab22,2022-09-30,Tomatoes,GRAPE TYPE,1 pint package,,,,,Yes,,,,,,,,3.36,$/1 pint package,,,Northwest,retail,,,,,,,,26.0,3324,Weekly Grocery Store Specialty Crops Feature Activity,2026-09-26T13:56:27+00:00
6d4b4aa6ee42fbfc,2022-09-30,Tomatoes,GRAPE TYPE,10 oz package,,,,,No,,,,,,,,2.22,$/10 oz package,3.552,per lb,Northwest,retail,,,,,,,,15.0,3324,Weekly Grocery Store Specialty Crops Feature Activity,2026-09-26T13:56:27+00:00
7360586f4c4547f2,2022-09-30,Tomatoes,Plum Type (Roma),per lb,,,,,No,,,,,,,,1.53,$/per lb,1.53,per lb,Northwest,retail,,,,,,,,22.0,3324,Weekly Grocery Store Specialty Crops Feature Activity,2026-09-26T13:56:27+00:00
a33ebebc13fcee47,2022-09-30,Tomatoes,VINE RIPES,per lb,,,,,No,,,,,,,,1.99,$/per lb,1.99,per lb,Northwest,retail,,,environment=Greenhouse,,,,,20.0,3324,Weekly Grocery Store Specialty Crops Feature Activity,2026-09-26T13:56:27+00:00
a3bcfe9e61ee8afa,2022-09-30,Tomatoes,VINE RIPES,per lb,,,,,No,,,,,,,,0.99,$/per lb,0.99,per lb,Northwest,retail,,,,,,,,25.0,3324,Weekly Grocery Store Specialty Crops Feature Activity,2026-09-26T13:56:27+00:00
e54b76033a81d785,2022-09-30,Tomatoes,VINE RIPES - ON THE VINE,per lb,,,,,No,,,,,,,,1.91,$/per lb,1.91,per lb,Northwest,retail,,,environment=Greenhouse,,,,,179.0,3324,Weekly Grocery Store Specialty Crops Feature Activity,2026-09-26T13:56:27+00:00
d553ac6317aab449,2022-09-30,Avocados,HASS,each,,,,,No,,,,,,,,1.33,$/each,1.33,per each,Southcentral,retail,,,,,,,,1093.0,3324,Weekly Grocery Store Specialty Crops Feature Activity,2026-09-26T13:56:27+00:00
22f5ce9caa75ece5,2022-09-30,Bananas,,per lb,,,,,No,,,,,,,,0.49,$/per lb,0.49,per lb,Southcentral,retail,,,,,,,,79.0,3324,Weekly Grocery Store Specialty Crops Feature Activity,2026-09-26T13:56:27+00:00
5d7b65af005a5866,2022-09-30,Blueberries,,1 pint package,,,,,No,,,,,,,,2.05,$/1 pint package,,,Southcentral,retail,,,,,,,,279.0,3324,Weekly Grocery Store Specialty Crops Feature Activity,2026-09-26T13:56:27+00:00
71ce6401454238de,2022-09-30,Blueberries,,18 oz package,,,,,No,,,,,,,,4.23,$/18 oz package,3.76,per lb,Southcentral,retail,,,,,,,,196.0,3324,Weekly Grocery Store Specialty Crops Feature Activity,2026-09-26T13:56:27+00:00
495e66fb3cfcb44b,2022-09-30,Blueberries,,6 oz package,,,,,No,,,,,,,,2.66,$/6 oz package,7.0933,per lb,Southcentral,retail,,,,,,,,236.0,3324,Weekly Grocery Store Specialty Crops Feature Activity,2026-09-26T13:56:27+00:00
5449d19e0468bd9a,2022-09-30,Blueberries,,6 oz package,,,,,Yes,,,,,,,,3.34,$/6 oz package,8.9067,per lb,Southcentral,retail,,,,,,,,353.0,3324,Weekly Grocery Store Specialty Crops Feature Activity,2026-09-26T13:56:27+00:00
2ebed56afdc1613a,2022-09-30,Broccoli,,per bunch,,,,,No,,,,,,,,3.0,$/per bunch,,,Southcentral,retail,,,,,,,,12.0,3324,Weekly Grocery Store Specialty Crops Feature Activity,2026-09-26T13:56:27+00:00
7e83e2e24ccf527a,2022-09-30,Broccoli,,per bunch,,,,,Yes,,,,,,,,3.49,$/per bunch,,,Southcentral,retail,,,,,,,,60.0,3324,Weekly Grocery Store Specialty Crops Feature Activity,2026-09-26T13:56:27+00:00
b20f2c199890b01f,2022-09-30,Broccoli,,per lb,,,,,No,,,,,,,,0.99,$/per lb,0.99,per lb,Southcentral,retail,,,,,,,,17.0,3324,Weekly Grocery Store Specialty Crops Feature Activity,2026-09-26T13:56:27+00:00
e44d828a20231482,2022-09-30,Broccoli,CROWN CUT,per lb,,,,,No,,,,,,,,1.8,$/per lb,1.8,per lb,Southcentral,retail,,,,,,,,340.0,3324,Weekly Grocery Store Specialty Crops Feature Activity,2026-09-26T13:56:27+00:00
e6ac5f6b1dc93922,2022-09-30,Carrots,,1 lb bag,,,,,No,,,,,,,,0.67,$/1 lb bag,0.67,per lb,Southcentral,retail,,,,,,,,178.0,3324,Weekly Grocery Store Specialty Crops Feature Activity,2026-09-26T13:56:27+00:00
ac7042886f66ddf8,2022-09-30,Carrots,,2 lb bag,,,,,No,,,,,,,,1.39,$/2 lb bag,0.695,per lb,Southcentral,retail,,,,,,,,25.0,3324,Weekly Grocery Store Specialty Crops Feature Activity,2026-09-26T13:56:27+00:00
306b045c4ddb5248,2022-09-30,Carrots,,per lb,,,,,No,,,,,,,,0.47,$/per lb,0.47,per lb,Southcentral,retail,,,,,,,,79.0,3324,Weekly Grocery Store Specialty Crops Feature Activity,2026-09-26T13:56:27+00:00
61ffca770261a020,2022-09-30,Carrots,BABY PEELED,1 lb bag,,,,,Yes,,,,,,,,1.4,$/1 lb bag,1.4,per lb,Southcentral,retail,,,,,,,,28.0,3324,Weekly Grocery Store Specialty Crops Feature Activity,2026-09-26T13:56:27+00:00
b9466cf64613a2c2,2022-09-30,Carrots,BABY PEELED,1 lb bag,,,,,No,,,,,,,,1.12,$/1 lb bag,1.12,per lb,Southcentral,retail,,,,,,,,105.0,3324,Weekly Grocery Store Specialty Crops Feature Activity,2026-09-26T13:56:27+00:00
39b79c0617b03dcf,2022-09-30,Carrots,BABY PEELED,2 lb bag,,,,,No,,,,,,,,2.0,$/2 lb bag,1.0,per lb,Southcentral,retail,,,,,,,,25.0,3324,Weekly Grocery Store Specialty Crops Feature Activity,2026-09-26T13:56:27+00:00
09d11af9ea6cd1d5,2022-09-30,Celery,,each,,,,,No,,,,,,,,1.58,$/each,1.58,per each,Southcentral,retail,,,,,,,,87.0,3324,Weekly Grocery Store Specialty Crops Feature Activity,2026-09-26T13:56:27+00:00
a9fe2a163f27358c,2022-09-30,Celery,,each,,,,,Yes,,,,,,,,2.0,$/each,2.0,per each,Southcentral,retail,,,,,,,,11.0,3324,Weekly Grocery Store Specialty Crops Feature Activity,2026-09-26T13:56:27+00:00
bef164f576e4cd32,2022-09-30,Cucumbers,,each,,,,,No,,,,,,,,0.56,$/each,0.56,per each,Southcentral,retail,,,,,,,,182.0,3324,Weekly Grocery Store Specialty Crops Feature Activity,2026-09-26T13:56:27+00:00
977a9356ba4d0889,2022-09-30,Grapes,BLACK SEEDLESS,per lb,,,,,No,,,,,,,,1.55,$/per lb,1.55,per lb,Southcentral,retail,,,,,,,,373.0,3324,Weekly Grocery Store Specialty Crops Feature Activity,2026-09-26T13:56:27+00:00
b4a7ac28e9c1a4ac,2022-09-30,Grapes,BLACK SEEDLESS,per lb,,,,,Yes,,,,,,,,3.99,$/per lb,3.99,per lb,Southcentral,retail,,,,,,,,75.0,3324,Weekly Grocery Store Specialty Crops Feature Activity,2026-09-26T13:56:27+00:00
b73b6368e056036f,2022-09-30,Grapes,RED SEEDLESS,per lb,,,,,No,,,,,,,,1.48,$/per lb,1.48,per lb,Southcentral,retail,,,,,,,,938.0,3324,Weekly Grocery Store Specialty Crops Feature Activity,2026-09-26T13:56:27+00:00
ff7f3bf4483ee946,2022-09-30,Grapes,RED SEEDLESS,per lb,,,,,Yes,,,,,,,,3.23,$/per lb,3.23,per lb,Southcentral,retail,,,,,,,,221.0,3324,Weekly Grocery Store Specialty Crops Feature Activity,2026-09-26T13:56:27+00:00
a3dd704a6c84b01d,2022-09-30,Grapes,Red Globe Seeded Type,per lb,,,,,No,,,,,,,,1.99,$/per lb,1.99,per lb,Southcentral,retail,,,,,,,,8.0,3324,Weekly Grocery Store Specialty Crops Feature Activity,2026-09-26T13:56:27+00:00
85c347f4e872d2ef,2022-09-30,Grapes,WHITE SEEDLESS TYPE,per lb,,,,,Yes,,,,,,,,3.27,$/per lb,3.27,per lb,Southcentral,retail,,,,,,,,214.0,3324,Weekly Grocery Store Specialty Crops Feature Activity,2026-09-26T13:56:27+00:00
8c7262018fa46487,2022-09-30,Grapes,WHITE SEEDLESS TYPE,per lb,,,,,No,,,,,,,,1.59,$/per lb,1.59,per lb,Southcentral,retail,,,,,,,,836.0,3324,Weekly Grocery Store Specialty Crops Feature Activity,2026-09-26T13:56:27+00:00
21b8bd30ff749114,2022-09-30,Lemons,,2 lb bag,,,,,No,,,,,,,,3.63,$/2 lb bag,1.815,per lb,Southcentral,retail,,,,,,,,428.0,3324,Weekly Grocery Store Specialty Crops Feature Activity,2026-09-26T13:56:27+00:00
9ee3804d25de2e00,2022-09-30,Lemons,,each,,,,,No,,,,,,,,0.29,$/each,0.29,per each,Southcentral,retail,,,,,,,,275.0,3324,Weekly Grocery Store Specialty Crops Feature Activity,2026-09-26T13:56:27+00:00
715e457c60574bba,2022-09-30,Lettuce,Iceberg,each,,,,,No,,,,,,,,1.84,$/each,1.84,per each,Southcentral,retail,,,,,,,,60.0,3324,Weekly Grocery Store Specialty Crops Feature Activity,2026-09-26T13:56:27+00:00
1823834fdd3cce94,2022-09-30,Lettuce,Romaine (Hearts),3 count,,,,,No,,,,,,,,3.0,$/3 count,,,Southcentral,retail,,,,,,,,188.0,3324,Weekly Grocery Store Specialty Crops Feature Activity,2026-09-26T13:56:27+00:00
a8d2d78e31106afd,2022-09-30,Limes,,each,,,,,No,,,,,,,,0.5,$/each,0.5,per each,Southcentral,retail,,,,,,,,41.0,3324,Weekly Grocery Store Specialty Crops Feature Activity,2026-09-26T13:56:27+00:00
ac96966d64bc1337,2022-09-30,"Onions, Dry",RED,per lb,,,,,No,,,,,,,,1.2,$/per lb,1.2,per lb,Southcentral,retail,,,,,,,,36.0,3324,Weekly Grocery Store Specialty Crops Feature Activity,2026-09-26T13:56:27+00:00
6b0b9abbe2a92f10,2022-09-30,"Onions, Dry",WHITE,per lb,,,,,No,,,,,,,,1.01,$/per lb,1.01,per lb,Southcentral,retail,,,,,,,,170.0,3324,Weekly Grocery Store Specialty Crops Feature Activity,2026-09-26T13:56:27+00:00
558fa327e8bd1d7f,2022-09-30,"Onions, Dry",YELLOW,3 lb bag,,,,,No,,,,,,,,2.98,$/3 lb bag,0.9933,per lb,Southcentral,retail,,,,,,,,143.0,3324,Weekly Grocery Store Specialty Crops Feature Activity,2026-09-26T13:56:27+00:00
d8660b8062f98aa8,2022-09-30,"Onions, Dry",YELLOW,per lb,,,,,No,,,,,,,,0.85,$/per lb,0.85,per lb,Southcentral,retail,,,,,,,,332.0,3324,Weekly Grocery Store Specialty Crops Feature Activity,2026-09-26T13:56:27+00:00
33b8894a35420056,2022-09-30,"Onions, Dry",YELLOW MARKED SWEET,2 lb bag,,,,,No,,,,,,,,2.78,$/2 lb bag,1.39,per lb,Southcentral,retail,,,,,,,,149.0,3324,Weekly Grocery Store Specialty Crops Feature Activity,2026-09-26T13:56:27+00:00
cbc46489f6cc7da9,2022-09-30,"Onions, Dry",YELLOW MARKED SWEET,3 lb bag,,,,,No,,,,,,,,3.25,$/3 lb bag,1.0833,per lb,Southcentral,retail,,,,,,,,412.0,3324,Weekly Grocery Store Specialty Crops Feature Activity,2026-09-26T13:56:27+00:00
9021451e82f58c3c,2022-09-30,"Onions, Dry",YELLOW MARKED SWEET,per lb,,,,,No,,,,,,,,0.97,$/per lb,0.97,per lb,Southcentral,retail,,,,,,,,8.0,3324,Weekly Grocery Store Specialty Crops Feature Activity,2026-09-26T13:56:27+00:00
6a24e73a824f79e6,2022-09-30,"Peppers, Bell Type",GREEN,each,,,,,No,,,,,,,,0.65,$/each,0.65,per each,Southcentral,retail,,,,,,,,176.0,3324,Weekly Grocery Store Specialty Crops Feature Activity,2026-09-26T13:56:27+00:00
0dee18785b38ddae,2022-09-30,"Peppers, Bell Type",ORANGE,each,,,,,No,,,,,,,,1.47,$/each,1.47,per each,Southcentral,retail,,,environment=Greenhouse,,,,,35.0,3324,Weekly Grocery Store Specialty Crops Feature Activity,2026-09-26T13:56:27+00:00
f36326842ba9fc5f,2022-09-30,"Peppers, Bell Type",ORANGE,each,,,,,No,,,,,,,,1.3,$/each,1.3,per each,Southcentral,retail,,,,,,,,177.0,3324,Weekly Grocery Store Specialty Crops Feature Activity,2026-09-26T13:56:27+00:00
030c1c7cd5a3732e,2022-09-30,"Peppers, Bell Type",RED,each,,,,,No,,,,,,,,1.47,$/each,1.47,per each,Southcentral,retail,,,environment=Greenhouse,,,,,35.0,3324,Weekly Grocery Store Specialty Crops Feature Activity,2026-09-26T13:56:27+00:00
fbc8e7198c95657f,2022-09-30,"Peppers, Bell Type",RED,each,,,,,No,,,,,,,,1.16,$/each,1.16,per each,Southcentral,retail,,,,,,,,301.0,3324,Weekly Grocery Store Specialty Crops Feature Activity,2026-09-26T13:56:27+00:00
38a6c5b5ba5a17a4,2022-09-30,"Peppers, Bell Type",YELLOW,each,,,,,No,,,,,,,,1.47,$/each,1.47,per each,Southcentral,retail,,,environment=Greenhouse,,,,,35.0,3324,Weekly Grocery Store Specialty Crops Feature Activity,2026-09-26T13:56:27+00:00
54d622c5e7722f02,2022-09-30,"Peppers, Bell Type",YELLOW,each,,,,,No,,,,,,,,1.3,$/each,1.3,per each,Southcentral,retail,,,,,,,,177.0,3324,Weekly Grocery Store Specialty Crops Feature Activity,2026-09-26T13:56:27+00:00
18741de4e8f024ee,2022-09-30,Potatoes,ROUND RED,3 lb bag,,,,,Yes,,,,,,,,3.5,$/3 lb bag,1.1667,per lb,Southcentral,retail,,,,,,,,104.0,3324,Weekly Grocery Store Specialty Crops Feature Activity,2026-09-26T13:56:27+00:00
c884fdaff876cb2f,2022-09-30,Potatoes,ROUND RED,3 lb bag,,,,,No,,,,,,,,4.99,$/3 lb bag,1.6633,per lb,Southcentral,retail,,,,,,,,116.0,3324,Weekly Grocery Store Specialty Crops Feature Activity,2026-09-26T13:56:27+00:00
d180fe47e8e18bc6,2022-09-30,Potatoes,ROUND RED,5 lb bag,,,,,No,,,,,,,,4.57,$/5 lb bag,0.914,per lb,Southcentral,retail,,,,,,,,192.0,3324,Weekly Grocery Store Specialty Crops Feature Activity,2026-09-26T13:56:27+00:00
7b60b5bd61af9fb1,2022-09-30,Potatoes,ROUND RED,per lb,,,,,No,,,,,,,,0.89,$/per lb,0.89,per lb,Southcentral,retail,,,,,,,,68.0,3324,Weekly Grocery Store Specialty Crops Feature Activity,2026-09-26T13:56:27+00:00
d5278e347452dc35,2022-09-30,Potatoes,ROUND WHITE,per lb,,,,,No,,,,,,,,1.03,$/per lb,1.03,per lb,Southcentral,retail,,,,,,,,28.0,3324,Weekly Grocery Store Specialty Crops Feature Activity,2026-09-26T13:56:27+00:00
e501d7f93c7b4a74,2022-09-30,Potatoes,RUSSET,10 lb bag,,,,,No,,,,,,,,4.12,$/10 lb bag,0.412,per lb,Southcentral,retail,,,,,,,,153.0,3324,Weekly Grocery Store Specialty Crops Feature Activity,2026-09-26T13:56:27+00:00
8986223a53c2a42d,2022-09-30,Potatoes,RUSSET,3 lb bag,,,,,Yes,,,,,,,,3.99,$/3 lb bag,1.33,per lb,Southcentral,retail,,,,,,,,5.0,3324,Weekly Grocery Store Specialty Crops Feature Activity,2026-09-26T13:56:27+00:00
2a465295b6c3297e,2022-09-30,Potatoes,RUSSET,5 lb bag,,,,,No,,,,,,,,2.9,$/5 lb bag,0.58,per lb,Southcentral,retail,,,,,,,,734.0,3324,Weekly Grocery Store Specialty Crops Feature Activity,2026-09-26T13:56:27+00:00
a30fe9deba75ad42,2022-09-30,Potatoes,RUSSET,8 lb bag,,,,,No,,,,,,,,3.99,$/8 lb bag,0.4988,per lb,Southcentral,retail,,,,,,,,60.0,3324,Weekly Grocery Store Specialty Crops Feature Activity,2026-09-26T13:56:27+00:00
0af8589a89fbd04b,2022-09-30,Potatoes,YELLOW TYPE,3 lb bag,,,,,Yes,,,,,,,,3.5,$/3 lb bag,1.1667,per lb,Southcentral,retail,,,,,,,,104.0,3324,Weekly Grocery Store Specialty Crops Feature Activity,2026-09-26T13:56:27+00:00
d557163b4b0a06b1,2022-09-30,Potatoes,YELLOW TYPE,3 lb bag,,,,,No,,,,,,,,4.99,$/3 lb bag,1.6633,per lb,Southcentral,retail,,,,,,,,116.0,3324,Weekly Grocery Store Specialty Crops Feature Activity,2026-09-26T13:56:27+00:00
dc419d0da96c6505,2022-09-30,Potatoes,YELLOW TYPE,5 lb bag,,,,,No,,,,,,,,3.72,$/5 lb bag,0.744,per lb,Southcentral,retail,,,,,,,,399.0,3324,Weekly Grocery Store Specialty Crops Feature Activity,2026-09-26T13:56:27+00:00
318ad164efae773d,2022-09-30,Strawberries,,1 lb package,,,,,No,,,,,,,,2.44,$/1 lb package,2.44,per lb,Southcentral,retail,,,,,,,,416.0,3324,Weekly Grocery Store Specialty Crops Feature Activity,2026-09-26T13:56:27+00:00
d6cbd8340c91d851,2022-09-30,Tomatoes,,per lb,,,,,No,,,,,,,,1.19,$/per lb,1.19,per lb,Southcentral,retail,,,,,,,,115.0,3324,Weekly Grocery Store Specialty Crops Feature Activity,2026-09-26T13:56:27+00:00
a028083397ac3efc,2022-09-30,Tomatoes,Cherry Type,1 pint package,,,,,No,,,,,,,,2.47,$/1 pint package,,,Southcentral,retail,,,,,,,,21.0,3324,Weekly Grocery Store Specialty Crops Feature Activity,2026-09-26T13:56:27+00:00
5b9137f1f3405f52,2022-09-30,Tomatoes,GRAPE TYPE,1 pint package,,,,,No,,,,,,,,3.99,$/1 pint package,,,Southcentral,retail,,,,,,,,49.0,3324,Weekly Grocery Store Specialty Crops Feature Activity,2026-09-26T13:56:27+00:00
6ab5f4b6b876eae5,2022-09-30,Tomatoes,GRAPE TYPE,1 pint package,,,,,Yes,,,,,,,,3.0,$/1 pint package,,,Southcentral,retail,,,,,,,,11.0,3324,Weekly Grocery Store Specialty Crops Feature Activity,2026-09-26T13:56:27+00:00
266ef8bbd3e7f14e,2022-09-30,Tomatoes,GRAPE TYPE,10 oz package,,,,,Yes,,,,,,,,3.64,$/10 oz package,5.824,per lb,Southcentral,retail,,,,,,,,168.0,3324,Weekly Grocery Store Specialty Crops Feature Activity,2026-09-26T13:56:27+00:00
575f9d1ef1695a1b,2022-09-30,Tomatoes,GRAPE TYPE,10 oz package,,,,,No,,,,,,,,2.92,$/10 oz package,4.672,per lb,Southcentral,retail,,,,,,,,541.0,3324,Weekly Grocery Store Specialty Crops Feature Activity,2026-09-26T13:56:27+00:00
457a015420baa968,2022-09-30,Tomatoes,Plum Type (Roma),per lb,,,,,No,,,,,,,,1.05,$/per lb,1.05,per lb,Southcentral,retail,,,,,,,,176.0,3324,Weekly Grocery Store Specialty Crops Feature Activity,2026-09-26T13:56:27+00:00
199eb8226b8bd615,2022-09-30,Tomatoes,VINE RIPES,per lb,,,,,No,,,,,,,,2.33,$/per lb,2.33,per lb,Southcentral,retail,,,,,,,,52.0,3324,Weekly Grocery Store Specialty Crops Feature Activity,2026-09-26T13:56:27+00:00
9c35a6d54d2b096e,2022-09-30,Tomatoes,VINE RIPES,per lb,,,,,No,,,,,,,,1.35,$/per lb,1.35,per lb,Southcentral,retail,,,environment=Greenhouse,,,,,180.0,3324,Weekly Grocery Store Specialty Crops Feature Activity,2026-09-26T13:56:27+00:00
d4ca1d42d049bf29,2022-09-30,Tomatoes,VINE RIPES - ON THE VINE,per lb,,,,,No,,,,,,,,1.47,$/per lb,1.47,per lb,Southcentral,retail,,,environment=Greenhouse,,,,,478.0,3324,Weekly Grocery Store Specialty Crops Feature Activity,2026-09-26T13:56:27+00:00
67cb9ffeb644996d,2022-09-30,Avocados,HASS,each,,,,,Yes,,,,,,,,2.5,$/each,2.5,per each,Southeast,retail,,,,,,,,220.0,3324,Weekly Grocery Store Specialty Crops Feature Activity,2026-09-26T13:56:27+00:00
c4d1124c06ed79a3,2022-09-30,Avocados,HASS,each,,,,,No,,,,,,,,1.12,$/each,1.12,per each,Southeast,retail,,,,,,,,1985.0,3324,Weekly Grocery Store Specialty Crops Feature Activity,2026-09-26T13:56:27+00:00
22562cf243c78ff0,2022-09-30,Bananas,,per lb,,,,,No,,,,,,,,0.5,$/per lb,0.5,per lb,Southeast,retail,,,,,,,,48.0,3324,Weekly Grocery Store Specialty Crops Feature Activity,2026-09-26T13:56:27+00:00
787ad8588aa6591e,2022-09-30,Blueberries,,1 pint package,,,,,No,,,,,,,,3.79,$/1 pint package,,,Southeast,retail,,,,,,,,371.0,3324,Weekly Grocery Store Specialty Crops Feature Activity,2026-09-26T13:56:27+00:00
d277347001c7bf19,2022-09-30,Blueberries,,18 oz package,,,,,No,,,,,,,,5.4,$/18 oz package,4.8,per lb,Southeast,retail,,,,,,,,342.0,3324,Weekly Grocery Store Specialty Crops Feature Activity,2026-09-26T13:56:27+00:00
9d12fd5680471200,2022-09-30,Blueberries,,6 oz package,,,,,No,,,,,,,,3.47,$/6 oz package,9.2533,per lb,Southeast,retail,,,,,,,,564.0,3324,Weekly Grocery Store Specialty Crops Feature Activity,2026-09-26T13:56:27+00:00
c53a1a0b3c09da93,2022-09-30,Blueberries,,6 oz package,,,,,Yes,,,,,,,,3.18,$/6 oz package,8.48,per lb,Southeast,retail,,,,,,,,1177.0,3324,Weekly Grocery Store Specialty Crops Feature Activity,2026-09-26T13:56:27+00:00
a22cd90461372efb,2022-09-30,Broccoli,,per bunch,,,,,No,,,,,,,,2.99,$/per bunch,,,Southeast,retail,,,,,,,,1145.0,3324,Weekly Grocery Store Specialty Crops Feature Activity,2026-09-26T13:56:27+00:00
c72955dfeb2ff2e0,2022-09-30,Broccoli,,per lb,,,,,No,,,,,,,,3.06,$/per lb,3.06,per lb,Southeast,retail,,,,,,,,23.0,3324,Weekly Grocery Store Specialty Crops Feature Activity,2026-09-26T13:56:27+00:00
d8e5a59e18c468cb,2022-09-30,Broccoli,CROWN CUT,per lb,,,,,No,,,,,,,,1.93,$/per lb,1.93,per lb,Southeast,retail,,,,,,,,361.0,3324,Weekly Grocery Store Specialty Crops Feature Activity,2026-09-26T13:56:27+00:00
beb945d20cf9de57,2022-09-30,Carrots,,1 lb bag,,,,,No,,,,,,,,0.99,$/1 lb bag,0.99,per lb,Southeast,retail,,,,,,,,1177.0,3324,Weekly Grocery Store Specialty Crops Feature Activity,2026-09-26T13:56:27+00:00
14dcb659ec586749,2022-09-30,Carrots,,2 lb bag,,,,,No,,,,,,,,1.62,$/2 lb bag,0.81,per lb,Southeast,retail,,,,,,,,80.0,3324,Weekly Grocery Store Specialty Crops Feature Activity,2026-09-26T13:56:27+00:00
86dd59bc01f56fbd,2022-09-30,Carrots,,per lb,,,,,No,,,,,,,,0.68,$/per lb,0.68,per lb,Southeast,retail,,,,,,,,2.0,3324,Weekly Grocery Store Specialty Crops Feature Activity,2026-09-26T13:56:27+00:00
8bd8e1c8f8746d5a,2022-09-30,Carrots,BABY PEELED,1 lb bag,,,,,No,,,,,,,,1.36,$/1 lb bag,1.36,per lb,Southeast,retail,,,,,,,,377.0,3324,Weekly Grocery Store Specialty Crops Feature Activity,2026-09-26T13:56:27+00:00
38b725cd8341f1b3,2022-09-30,Celery,,each,,,,,No,,,,,,,,1.69,$/each,1.69,per each,Southeast,retail,,,,,,,,1155.0,3324,Weekly Grocery Store Specialty Crops Feature Activity,2026-09-26T13:56:27+00:00
e548567ab03acd04,2022-09-30,Celery,HEARTS,each,,,,,Yes,,,,,,,,2.76,$/each,2.76,per each,Southeast,retail,,,,,,,,298.0,3324,Weekly Grocery Store Specialty Crops Feature Activity,2026-09-26T13:56:27+00:00
f44ac198e62a49cf,2022-09-30,Celery,HEARTS,each,,,,,No,,,,,,,,2.89,$/each,2.89,per each,Southeast,retail,,,,,,,,24.0,3324,Weekly Grocery Store Specialty Crops Feature Activity,2026-09-26T13:56:27+00:00
9a1f9025e81bf420,2022-09-30,Cucumbers,,each,,,,,No,,,,,,,,0.59,$/each,0.59,per each,Southeast,retail,,,,,,,,213.0,3324,Weekly Grocery Store Specialty Crops Feature Activity,2026-09-26T13:56:27+00:00
2c119f16a7907e1a,2022-09-30,Cucumbers,,per lb,,,,,No,,,,,,,,1.27,$/per lb,1.27,per lb,Southeast,retail,,,,,,,,68.0,3324,Weekly Grocery Store Specialty Crops Feature Activity,2026-09-26T13:56:27+00:00
b86d5f92fde391e6,2022-09-30,Cucumbers,LONG SEEDLESS,each,,,,,Yes,,,,,,,,1.76,$/each,1.76,per each,Southeast,retail,,,environment=Greenhouse,,,,,420.0,3324,Weekly Grocery Store Specialty Crops Feature Activity,2026-09-26T13:56:27+00:00
cb3f3f30c71ec41a,2022-09-30,Cucumbers,LONG SEEDLESS,each,,,,,No,,,,,,,,1.52,$/each,1.52,per each,Southeast,retail,,,environment=Greenhouse,,,,,312.0,3324,Weekly Grocery Store Specialty Crops Feature Activity,2026-09-26T13:56:27+00:00
51035264e79b835f,2022-09-30,Grapes,BLACK SEEDLESS,per lb,,,,,Yes,,,,,,,,3.84,$/per lb,3.84,per lb,Southeast,retail,,,,,,,,101.0,3324,Weekly Grocery Store Specialty Crops Feature Activity,2026-09-26T13:56:27+00:00
97770cc3f53a0814,2022-09-30,Grapes,BLACK SEEDLESS,per lb,,,,,No,,,,,,,,2.27,$/per lb,2.27,per lb,Southeast,retail,,,,,,,,2240.0,3324,Weekly Grocery Store Specialty Crops Feature Activity,2026-09-26T13:56:27+00:00
aeab49bcc90ab354,2022-09-30,Grapes,RED SEEDLESS,per lb,,,,,No,,,,,,,,2.16,$/per lb,2.16,per lb,Southeast,retail,,,,,,,,2131.0,3324,Weekly Grocery Store Specialty Crops Feature Activity,2026-09-26T13:56:27+00:00
d470d019e716028b,2022-09-30,Grapes,RED SEEDLESS,per lb,,,,,Yes,,,,,,,,3.05,$/per lb,3.05,per lb,Southeast,retail,,,,,,,,1389.0,3324,Weekly Grocery Store Specialty Crops Feature Activity,2026-09-26T13:56:27+00:00
41a727cbd89c8a42,2022-09-30,Grapes,Red Globe Seeded Type,per lb,,,,,No,,,,,,,,2.16,$/per lb,2.16,per lb,Southeast,retail,,,,,,,,90.0,3324,Weekly Grocery Store Specialty Crops Feature Activity,2026-09-26T13:56:27+00:00
456f322276567f41,2022-09-30,Grapes,WHITE SEEDLESS TYPE,per lb,,,,,No,,,,,,,,2.32,$/per lb,2.32,per lb,Southeast,retail,,,,,,,,996.0,3324,Weekly Grocery Store Specialty Crops Feature Activity,2026-09-26T13:56:27+00:00
480ff9d2e51f6e05,2022-09-30,Grapes,WHITE SEEDLESS TYPE,per lb,,,,,Yes,,,,,,,,3.05,$/per lb,3.05,per lb,Southeast,retail,,,,,,,,1389.0,3324,Weekly Grocery Store Specialty Crops Feature Activity,2026-09-26T13:56:27+00:00
37d66e0b907ff9f2,2022-09-30,Lemons,,2 lb bag,,,,,No,,,,,,,,3.79,$/2 lb bag,1.895,per lb,Southeast,retail,,,,,,,,329.0,3324,Weekly Grocery Store Specialty Crops Feature Activity,2026-09-26T13:56:27+00:00
251c22fba5daa595,2022-09-30,Lemons,,each,,,,,No,,,,,,,,0.5,$/each,0.5,per each,Southeast,retail,,,,,,,,220.0,3324,Weekly Grocery Store Specialty Crops Feature Activity,2026-09-26T13:56:27+00:00
0b941e436f332bdd,2022-09-30,Lettuce,Iceberg,each,,,,,Yes,,,,,,,,2.19,$/each,2.19,per each,Southeast,retail,,,,,,,,957.0,3324,Weekly Grocery Store Specialty Crops Feature Activity,2026-09-26T13:56:27+00:00
437c2290aba7e09e,2022-09-30,Lettuce,Romaine (Hearts),3 count,,,,,Yes,,,,,,,,4.59,$/3 count,,,Southeast,retail,,,,,,,,34.0,3324,Weekly Grocery Store Specialty Crops Feature Activity,2026-09-26T13:56:27+00:00
76da7274a1316ffd,2022-09-30,Lettuce,Romaine (Hearts),3 count,,,,,No,,,,,,,,2.99,$/3 count,,,Southeast,retail,,,,,,,,230.0,3324,Weekly Grocery Store Specialty Crops Feature Activity,2026-09-26T13:56:27+00:00
a2939abf8b979f5e,2022-09-30,"Onions, Dry",RED,2 lb bag,,,,,No,,,,,,,,2.0,$/2 lb bag,1.0,per lb,Southeast,retail,,,,,,,,2.0,3324,Weekly Grocery Store Specialty Crops Feature Activity,2026-09-26T13:56:27+00:00
d2a36a905456d420,2022-09-30,"Onions, Dry",RED,per lb,,,,,No,,,,,,,,1.49,$/per lb,1.49,per lb,Southeast,retail,,,,,,,,1134.0,3324,Weekly Grocery Store Specialty Crops Feature Activity,2026-09-26T13:56:27+00:00
19364213c4c4bb89,2022-09-30,"Onions, Dry",WHITE,per lb,,,,,No,,,,,,,,0.95,$/per lb,0.95,per lb,Southeast,retail,,,,,,,,136.0,3324,Weekly Grocery Store Specialty Crops Feature Activity,2026-09-26T13:56:27+00:00
68788682bea9d6c7,2022-09-30,"Onions, Dry",YELLOW,2 lb bag,,,,,No,,,,,,,,1.5,$/2 lb bag,0.75,per lb,Southeast,retail,,,,,,,,16.0,3324,Weekly Grocery Store Specialty Crops Feature Activity,2026-09-26T13:56:27+00:00
b8a6dfa4d7c8882c,2022-09-30,"Onions, Dry",YELLOW,3 lb bag,,,,,No,,,,,,,,3.41,$/3 lb bag,1.1367,per lb,Southeast,retail,,,,,,,,361.0,3324,Weekly Grocery Store Specialty Crops Feature Activity,2026-09-26T13:56:27+00:00
5c30f53c644fb6e6,2022-09-30,"Onions, Dry",YELLOW,per lb,,,,,No,,,,,,,,0.94,$/per lb,0.94,per lb,Southeast,retail,,,,,,,,199.0,3324,Weekly Grocery Store Specialty Crops Feature Activity,2026-09-26T13:56:27+00:00
aa6ccac91982614d,2022-09-30,"Onions, Dry",YELLOW MARKED SWEET,3 lb bag,,,,,No,,,,,,,,3.13,$/3 lb bag,1.0433,per lb,Southeast,retail,,,,,,,,247.0,3324,Weekly Grocery Store Specialty Crops Feature Activity,2026-09-26T13:56:27+00:00
58b4a5cdfc2f89d7,2022-09-30,"Onions, Dry",YELLOW MARKED SWEET,5 lb bag,,,,,No,,,,,,,,5.45,$/5 lb bag,1.09,per lb,Southeast,retail,,,,,,,,1039.0,3324,Weekly Grocery Store Specialty Crops Feature Activity,2026-09-26T13:56:27+00:00
e6f37671b4b3e1f8,2022-09-30,"Onions, Dry",YELLOW MARKED SWEET,per lb,,,,,No,,,,,,,,1.26,$/per lb,1.26,per lb,Southeast,retail,,,,,,,,309.0,3324,Weekly Grocery Store Specialty Crops Feature Activity,2026-09-26T13:56:27+00:00
70a3113df9dd1a2e,2022-09-30,"Peppers, Bell Type",GREEN,each,,,,,No,,,,,,,,0.74,$/each,0.74,per each,Southeast,retail,,,,,,,,151.0,3324,Weekly Grocery Store Specialty Crops Feature Activity,2026-09-26T13:56:27+00:00
a71943ab1c1cbff6,2022-09-30,"Peppers, Bell Type",GREEN,per lb,,,,,No,,,,,,,,0.82,$/per lb,0.82,per lb,Southeast,retail,,,,,,,,52.0,3324,Weekly Grocery Store Specialty Crops Feature Activity,2026-09-26T13:56:27+00:00
4f90800aae922450,2022-09-30,"Peppers, Bell Type",ORANGE,each,,,,,No,,,,,,,,1.5,$/each,1.5,per each,Southeast,retail,,,environment=Greenhouse,,,,,22.0,3324,Weekly Grocery Store Specialty Crops Feature Activity,2026-09-26T13:56:27+00:00
7620c706c0d6963b,2022-09-30,"Peppers, Bell Type",ORANGE,each,,,,,No,,,,,,,,1.71,$/each,1.71,per each,Southeast,retail,,,,,,,,365.0,3324,Weekly Grocery Store Specialty Crops Feature Activity,2026-09-26T13:56:27+00:00
62a95668147d8322,2022-09-30,"Peppers, Bell Type",ORANGE,per lb,,,,,No,,,,,,,,1.99,$/per lb,1.99,per lb,Southeast,retail,,,,,,,,34.0,3324,Weekly Grocery Store Specialty Crops Feature Activity,2026-09-26T13:56:27+00:00
1617ae02999feff1,2022-09-30,"Peppers, Bell Type",RED,each,,,,,No,,,,,,,,1.5,$/each,1.5,per each,Southeast,retail,,,environment=Greenhouse,,,,,22.0,3324,Weekly Grocery Store Specialty Crops Feature Activity,2026-09-26T13:56:27+00:00
bd1970221cf19c73,2022-09-30,"Peppers, Bell Type",RED,each,,,,,No,,,,,,,,1.65,$/each,1.65,per each,Southeast,retail,,,,,,,,396.0,3324,Weekly Grocery Store Specialty Crops Feature Activity,2026-09-26T13:56:27+00:00
67cd9f160560b21a,2022-09-30,"Peppers, Bell Type",RED,per lb,,,,,No,,,,,,,,1.99,$/per lb,1.99,per lb,Southeast,retail,,,,,,,,34.0,3324,Weekly Grocery Store Specialty Crops Feature Activity,2026-09-26T13:56:27+00:00
1bc7124afcfdd825,2022-09-30,"Peppers, Bell Type",YELLOW,each,,,,,No,,,,,,,,1.71,$/each,1.71,per each,Southeast,retail,,,,,,,,365.0,3324,Weekly Grocery Store Specialty Crops Feature Activity,2026-09-26T13:56:27+00:00
3dfe5c5116ad37fa,2022-09-30,"Peppers, Bell Type",YELLOW,each,,,,,No,,,,,,,,1.5,$/each,1.5,per each,Southeast,retail,,,environment=Greenhouse,,,,,22.0,3324,Weekly Grocery Store Specialty Crops Feature Activity,2026-09-26T13:56:27+00:00
0e3e4c31542940bb,2022-09-30,"Peppers, Bell Type",YELLOW,per lb,,,,,No,,,,,,,,1.99,$/per lb,1.99,per lb,Southeast,retail,,,,,,,,34.0,3324,Weekly Grocery Store Specialty Crops Feature Activity,2026-09-26T13:56:27+00:00
4714438c530c984b,2022-09-30,Potatoes,ROUND RED,3 lb bag,,,,,Yes,,,,,,,,3.48,$/3 lb bag,1.16,per lb,Southeast,retail,,,,,,,,31.0,3324,Weekly Grocery Store Specialty Crops Feature Activity,2026-09-26T13:56:27+00:00
0ff2c72aaa11345c,2022-09-30,Potatoes,ROUND RED,5 lb bag,,,,,No,,,,,,,,4.26,$/5 lb bag,0.852,per lb,Southeast,retail,,,,,,,,536.0,3324,Weekly Grocery Store Specialty Crops Feature Activity,2026-09-26T13:56:27+00:00
1d1c7f32f9e61a7a,2022-09-30,Potatoes,ROUND WHITE,5 lb bag,,,,,No,,,,,,,,2.51,$/5 lb bag,0.502,per lb,Southeast,retail,,,,,,,,138.0,3324,Weekly Grocery Store Specialty Crops Feature Activity,2026-09-26T13:56:27+00:00
b74879cbe3d69a8b,2022-09-30,Potatoes,RUSSET,10 lb bag,,,,,No,,,,,,,,6.73,$/10 lb bag,0.673,per lb,Southeast,retail,,,,,,,,100.0,3324,Weekly Grocery Store Specialty Crops Feature Activity,2026-09-26T13:56:27+00:00
4fb2e4fea398c2c3,2022-09-30,Potatoes,RUSSET,5 lb bag,,,,,No,,,,,,,,3.59,$/5 lb bag,0.718,per lb,Southeast,retail,,,,,,,,235.0,3324,Weekly Grocery Store Specialty Crops Feature Activity,2026-09-26T13:56:27+00:00
6ad40355767a4a50,2022-09-30,Potatoes,RUSSET,8 lb bag,,,,,No,,,,,,,,4.77,$/8 lb bag,0.5962,per lb,Southeast,retail,,,,,,,,249.0,3324,Weekly Grocery Store Specialty Crops Feature Activity,2026-09-26T13:56:27+00:00
3776b5d12062a291,2022-09-30,Potatoes,YELLOW TYPE,3 lb bag,,,,,Yes,,,,,,,,3.48,$/3 lb bag,1.16,per lb,Southeast,retail,,,,,,,,31.0,3324,Weekly Grocery Store Specialty Crops Feature Activity,2026-09-26T13:56:27+00:00
4403d21127000785,2022-09-30,Potatoes,YELLOW TYPE,3 lb bag,,,,,No,,,,,,,,5.59,$/3 lb bag,1.8633,per lb,Southeast,retail,,,,,,,,254.0,3324,Weekly Grocery Store Specialty Crops Feature Activity,2026-09-26T13:56:27+00:00
8e132ed0a9718315,2022-09-30,Potatoes,YELLOW TYPE,5 lb bag,,,,,No,,,,,,,,3.97,$/5 lb bag,0.794,per lb,Southeast,retail,,,,,,,,609.0,3324,Weekly Grocery Store Specialty Crops Feature Activity,2026-09-26T13:56:27+00:00
b73c001f8fc036dd,2022-09-30,Strawberries,,1 lb package,,,,,No,,,,,,,,3.95,$/1 lb package,3.95,per lb,Southeast,retail,,,,,,,,304.0,3324,Weekly Grocery Store Specialty Crops Feature Activity,2026-09-26T13:56:27+00:00
e83e7b1720d74490,2022-09-30,Strawberries,,1 lb package,,,,,Yes,,,,,,,,4.99,$/1 lb package,4.99,per lb,Southeast,retail,,,,,,,,93.0,3324,Weekly Grocery Store Specialty Crops Feature Activity,2026-09-26T13:56:27+00:00
c38d1005fb7cde17,2022-09-30,Strawberries,,2 lb package,,,,,No,,,,,,,,7.28,$/2 lb package,3.64,per lb,Southeast,retail,,,,,,,,116.0,3324,Weekly Grocery Store Specialty Crops Feature Activity,2026-09-26T13:56:27+00:00
06d0f0c4e87586cb,2022-09-30,Tomatoes,,per lb,,,,,No,,,,,,,,1.13,$/per lb,1.13,per lb,Southeast,retail,,,,,,,,196.0,3324,Weekly Grocery Store Specialty Crops Feature Activity,2026-09-26T13:56:27+00:00
847a8c6437f3e0d1,2022-09-30,Tomatoes,,per lb,,,,,Yes,,,,,,,,2.99,$/per lb,2.99,per lb,Southeast,retail,,,,,,,,220.0,3324,Weekly Grocery Store Specialty Crops Feature Activity,2026-09-26T13:56:27+00:00
65f1c20b69815dc2,2022-09-30,Tomatoes,GRAPE TYPE,1 pint package,,,,,No,,,,,,,,2.47,$/1 pint package,,,Southeast,retail,,,,,,,,643.0,3324,Weekly Grocery Store Specialty Crops Feature Activity,2026-09-26T13:56:27+00:00
f434fefce9432fa9,2022-09-30,Tomatoes,GRAPE TYPE,10 oz package,,,,,No,,,,,,,,2.85,$/10 oz package,4.56,per lb,Southeast,retail,,,,,,,,390.0,3324,Weekly Grocery Store Specialty Crops Feature Activity,2026-09-26T13:56:27+00:00
3ad2ee66d76eeb58,2022-09-30,Tomatoes,Plum Type (Roma),per lb,,,,,No,,,,,,,,1.01,$/per lb,1.01,per lb,Southeast,retail,,,,,,,,1045.0,3324,Weekly Grocery Store Specialty Crops Feature Activity,2026-09-26T13:56:27+00:00
79a35489010e63db,2022-09-30,Tomatoes,Plum Type (Roma),per lb,,,,,Yes,,,,,,,,1.99,$/per lb,1.99,per lb,Southeast,retail,,,,,,,,220.0,3324,Weekly Grocery Store Specialty Crops Feature Activity,2026-09-26T13:56:27+00:00
026aa435433f2d6a,2022-09-30,Tomatoes,VINE RIPES,per lb,,,,,Yes,,,,,,,,2.49,$/per lb,2.49,per lb,Southeast,retail,,,,,,,,14.0,3324,Weekly Grocery Store Specialty Crops Feature Activity,2026-09-26T13:56:27+00:00
558dd798cbb2cb13,2022-09-30,Tomatoes,VINE RIPES,per lb,,,,,No,,,,,,,,1.52,$/per lb,1.52,per lb,Southeast,retail,,,,,,,,118.0,3324,Weekly Grocery Store Specialty Crops Feature Activity,2026-09-26T13:56:27+00:00
a16bb44f1ce941ea,2022-09-30,Tomatoes,VINE RIPES,per lb,,,,,No,,,,,,,,1.96,$/per lb,1.96,per lb,Southeast,retail,,,environment=Greenhouse,,,,,242.0,3324,Weekly Grocery Store Specialty Crops Feature Activity,2026-09-26T13:56:27+00:00
a06c4a602df80c92,2022-09-30,Tomatoes,VINE RIPES - ON THE VINE,per lb,,,,,No,,,,,,,,1.57,$/per lb,1.57,per lb,Southeast,retail,,,environment=Greenhouse,,,,,641.0,3324,Weekly Grocery Store Specialty Crops Feature Activity,2026-09-26T13:56:27+00:00
dfda1a7a30cdc1ca,2022-09-30,Tomatoes,Vine Ripes - Heirloom Varieties,per lb,,,,,No,,,,,,,,0.99,$/per lb,0.99,per lb,Southeast,retail,,,environment=Greenhouse,,,,,10.0,3324,Weekly Grocery Store Specialty Crops Feature Activity,2026-09-26T13:56:27+00:00
98901f6d8d89e2c0,2022-09-30,Avocados,HASS,each,,,,,Yes,,,,,,,,1.72,$/each,1.72,per each,Southwest,retail,,,,,,,,103.0,3324,Weekly Grocery Store Specialty Crops Feature Activity,2026-09-26T13:56:27+00:00
fab0a7fc46363347,2022-09-30,Avocados,HASS,each,,,,,No,,,,,,,,1.53,$/each,1.53,per each,Southwest,retail,,,,,,,,2104.0,3324,Weekly Grocery Store Specialty Crops Feature Activity,2026-09-26T13:56:27+00:00
7566c6d000101bd1,2022-09-30,Bananas,,per lb,,,,,No,,,,,,,,0.49,$/per lb,0.49,per lb,Southwest,retail,,,,,,,,381.0,3324,Weekly Grocery Store Specialty Crops Feature Activity,2026-09-26T13:56:27+00:00
81e1d4396acba256,2022-09-30,Blueberries,,1 pint package,,,,,Yes,,,,,,,,3.88,$/1 pint package,,,Southwest,retail,,,,,,,,146.0,3324,Weekly Grocery Store Specialty Crops Feature Activity,2026-09-26T13:56:27+00:00
1719244671b9ddd5,2022-09-30,Blueberries,,18 oz package,,,,,No,,,,,,,,5.43,$/18 oz package,4.8267,per lb,Southwest,retail,,,,,,,,386.0,3324,Weekly Grocery Store Specialty Crops Feature Activity,2026-09-26T13:56:27+00:00
df5d9af35d4ffe2b,2022-09-30,Blueberries,,6 oz package,,,,,No,,,,,,,,3.34,$/6 oz package,8.9067,per lb,Southwest,retail,,,,,,,,1035.0,3324,Weekly Grocery Store Specialty Crops Feature Activity,2026-09-26T13:56:27+00:00
f7debc2a2ace2c30,2022-09-30,Blueberries,,6 oz package,,,,,Yes,,,,,,,,3.17,$/6 oz package,8.4533,per lb,Southwest,retail,,,,,,,,207.0,3324,Weekly Grocery Store Specialty Crops Feature Activity,2026-09-26T13:56:27+00:00
56f807c257d80874,2022-09-30,Broccoli,,per bunch,,,,,Yes,,,,,,,,2.99,$/per bunch,,,Southwest,retail,,,,,,,,261.0,3324,Weekly Grocery Store Specialty Crops Feature Activity,2026-09-26T13:56:27+00:00
a469b23e3eb873b8,2022-09-30,Broccoli,,per lb,,,,,No,,,,,,,,0.83,$/per lb,0.83,per lb,Southwest,retail,,,,,,,,59.0,3324,Weekly Grocery Store Specialty Crops Feature Activity,2026-09-26T13:56:27+00:00
b03a5af40a7b16d7,2022-09-30,Broccoli,,per lb,,,,,Yes,,,,,,,,1.99,$/per lb,1.99,per lb,Southwest,retail,,,,,,,,202.0,3324,Weekly Grocery Store Specialty Crops Feature Activity,2026-09-26T13:56:27+00:00
33667075b867cdfa,2022-09-30,Broccoli,CROWN CUT,per lb,,,,,No,,,,,,,,1.69,$/per lb,1.69,per lb,Southwest,retail,,,,,,,,114.0,3324,Weekly Grocery Store Specialty Crops Feature Activity,2026-09-26T13:56:27+00:00
de3c834183c80fa5,2022-09-30,Broccoli,CROWN CUT,per lb,,,,,Yes,,,,,,,,1.99,$/per lb,1.99,per lb,Southwest,retail,,,,,,,,12.0,3324,Weekly Grocery Store Specialty Crops Feature Activity,2026-09-26T13:56:27+00:00
c8ec072aa159625e,2022-09-30,Carrots,,2 lb bag,,,,,No,,,,,,,,0.82,$/2 lb bag,0.41,per lb,Southwest,retail,,,,,,,,40.0,3324,Weekly Grocery Store Specialty Crops Feature Activity,2026-09-26T13:56:27+00:00
968408dfe08ea147,2022-09-30,Carrots,,per bunch,,,,,Yes,,,,,,,,2.69,$/per bunch,,,Southwest,retail,,,,,,,,9.0,3324,Weekly Grocery Store Specialty Crops Feature Activity,2026-09-26T13:56:27+00:00
9d228744e469e570,2022-09-30,Carrots,,per bunch,,,,,No,,,,,,,,1.99,$/per bunch,,,Southwest,retail,,,,,,,,15.0,3324,Weekly Grocery Store Specialty Crops Feature Activity,2026-09-26T13:56:27+00:00
eed09b5b71b3ceb2,2022-09-30,Carrots,,per lb,,,,,No,,,,,,,,0.55,$/per lb,0.55,per lb,Southwest,retail,,,,,,,,64.0,3324,Weekly Grocery Store Specialty Crops Feature Activity,2026-09-26T13:56:27+00:00
0ca676af50a0a75b,2022-09-30,Carrots,BABY PEELED,1 lb bag,,,,,No,,,,,,,,1.5,$/1 lb bag,1.5,per lb,Southwest,retail,,,,,,,,297.0,3324,Weekly Grocery Store Specialty Crops Feature Activity,2026-09-26T13:56:27+00:00
ccd050056d7891e4,2022-09-30,Carrots,BABY PEELED,1 lb bag,,,,,Yes,,,,,,,,1.5,$/1 lb bag,1.5,per lb,Southwest,retail,,,,,,,,66.0,3324,Weekly Grocery Store Specialty Crops Feature Activity,2026-09-26T13:56:27+00:00
4be37e6f623b5189,2022-09-30,Celery,,each,,,,,No,,,,,,,,0.91,$/each,0.91,per each,Southwest,retail,,,,,,,,88.0,3324,Weekly Grocery Store Specialty Crops Feature Activity,2026-09-26T13:56:27+00:00
901bf83fdc4c2ec1,2022-09-30,Celery,,per lb,,,,,No,,,,,,,,0.92,$/per lb,0.92,per lb,Southwest,retail,,,,,,,,22.0,3324,Weekly Grocery Store Specialty Crops Feature Activity,2026-09-26T13:56:27+00:00
7ee54fcf1efbcad2,2022-09-30,Cucumbers,,each,,,,,No,,,,,,,,1.27,$/each,1.27,per each,Southwest,retail,,,,,,,,478.0,3324,Weekly Grocery Store Specialty Crops Feature Activity,2026-09-26T13:56:27+00:00
bca275e5c44b1148,2022-09-30,Grapes,BLACK SEEDLESS,per lb,,,,,Yes,,,,,,,,2.79,$/per lb,2.79,per lb,Southwest,retail,,,,,,,,109.0,3324,Weekly Grocery Store Specialty Crops Feature Activity,2026-09-26T13:56:27+00:00
cee23771a0050cfb,2022-09-30,Grapes,BLACK SEEDLESS,per lb,,,,,No,,,,,,,,1.82,$/per lb,1.82,per lb,Southwest,retail,,,,,,,,761.0,3324,Weekly Grocery Store Specialty Crops Feature Activity,2026-09-26T13:56:27+00:00
7d5feb7beeb80ae4,2022-09-30,Grapes,RED SEEDLESS,per lb,,,,,Yes,,,,,,,,2.92,$/per lb,2.92,per lb,Southwest,retail,,,,,,,,891.0,3324,Weekly Grocery Store Specialty Crops Feature Activity,2026-09-26T13:56:27+00:00
a62493faf613a372,2022-09-30,Grapes,RED SEEDLESS,per lb,,,,,No,,,,,,,,2.24,$/per lb,2.24,per lb,Southwest,retail,,,,,,,,1878.0,3324,Weekly Grocery Store Specialty Crops Feature Activity,2026-09-26T13:56:27+00:00
0fc5c4f719492a1c,2022-09-30,Grapes,WHITE SEEDLESS TYPE,per lb,,,,,Yes,,,,,,,,2.94,$/per lb,2.94,per lb,Southwest,retail,,,,,,,,878.0,3324,Weekly Grocery Store Specialty Crops Feature Activity,2026-09-26T13:56:27+00:00
6e3f9b42601b8494,2022-09-30,Grapes,WHITE SEEDLESS TYPE,per lb,,,,,No,,,,,,,,2.4,$/per lb,2.4,per lb,Southwest,retail,,,,,,,,1610.0,3324,Weekly Grocery Store Specialty Crops Feature Activity,2026-09-26T13:56:27+00:00
00603f985c9d102e,2022-09-30,Lemons,,2 lb bag,,,,,No,,,,,,,,3.99,$/2 lb bag,1.995,per lb,Southwest,retail,,,,,,,,542.0,3324,Weekly Grocery Store Specialty Crops Feature Activity,2026-09-26T13:56:27+00:00
6080ed4bd5eb0a5d,2022-09-30,Lemons,,each,,,,,Yes,,,,,,,,0.77,$/each,0.77,per each,Southwest,retail,,,,,,,,4.0,3324,Weekly Grocery Store Specialty Crops Feature Activity,2026-09-26T13:56:27+00:00
9821f0d3273d074f,2022-09-30,Lemons,,each,,,,,No,,,,,,,,0.38,$/each,0.38,per each,Southwest,retail,,,,,,,,175.0,3324,Weekly Grocery Store Specialty Crops Feature Activity,2026-09-26T13:56:27+00:00
938101e2c5ddc07a,2022-09-30,Lemons,,per lb,,,,,No,,,,,,,,0.61,$/per lb,0.61,per lb,Southwest,retail,,,,,,,,60.0,3324,Weekly Grocery Store Specialty Crops Feature Activity,2026-09-26T13:56:27+00:00
00ff384f390b2c55,2022-09-30,Lettuce,Iceberg,each,,,,,No,,,,,,,,0.99,$/each,0.99,per each,Southwest,retail,,,,,,,,10.0,3324,Weekly Grocery Store Specialty Crops Feature Activity,2026-09-26T13:56:27+00:00
022c3d1745d0749a,2022-09-30,Lettuce,Red Leaf,each,,,,,Yes,,,,,,,,2.49,$/each,2.49,per each,Southwest,retail,,,,,,,,4.0,3324,Weekly Grocery Store Specialty Crops Feature Activity,2026-09-26T13:56:27+00:00
3e54e197555d154f,2022-09-30,Lettuce,Romaine,each,,,,,Yes,,,,,,,,2.0,$/each,2.0,per each,Southwest,retail,,,,,,,,26.0,3324,Weekly Grocery Store Specialty Crops Feature Activity,2026-09-26T13:56:27+00:00
0427912aa998f6b6,2022-09-30,Lettuce,Romaine (Hearts),3 count,,,,,No,,,,,,,,1.5,$/3 count,,,Southwest,retail,,,,,,,,7.0,3324,Weekly Grocery Store Specialty Crops Feature Activity,2026-09-26T13:56:27+00:00
8fd2b17325159f71,2022-09-30,Limes,,each,,,,,No,,,,,,,,0.32,$/each,0.32,per each,Southwest,retail,,,,,,,,223.0,3324,Weekly Grocery Store Specialty Crops Feature Activity,2026-09-26T13:56:27+00:00
b4513025a8fd8800,2022-09-30,Limes,,per lb,,,,,No,,,,,,,,0.74,$/per lb,0.74,per lb,Southwest,retail,,,,,,,,149.0,3324,Weekly Grocery Store Specialty Crops Feature Activity,2026-09-26T13:56:27+00:00
324a382c931591d6,2022-09-30,"Onions, Dry",RED,2 lb bag,,,,,Yes,,,,,,,,4.49,$/2 lb bag,2.245,per lb,Southwest,retail,,,,,,,,12.0,3324,Weekly Grocery Store Specialty Crops Feature Activity,2026-09-26T13:56:27+00:00
83a7bea81d4fbedb,2022-09-30,"Onions, Dry",RED,per lb,,,,,No,,,,,,,,1.88,$/per lb,1.88,per lb,Southwest,retail,,,,,,,,160.0,3324,Weekly Grocery Store Specialty Crops Feature Activity,2026-09-26T13:56:27+00:00
2a92288846e436dd,2022-09-30,"Onions, Dry",WHITE,2 lb bag,,,,,Yes,,,,,,,,4.49,$/2 lb bag,2.245,per lb,Southwest,retail,,,,,,,,12.0,3324,Weekly Grocery Store Specialty Crops Feature Activity,2026-09-26T13:56:27+00:00
ebc9db47bfb324cc,2022-09-30,"Onions, Dry",WHITE,per lb,,,,,No,,,,,,,,0.92,$/per lb,0.92,per lb,Southwest,retail,,,,,,,,68.0,3324,Weekly Grocery Store Specialty Crops Feature Activity,2026-09-26T13:56:27+00:00
0cfd0c8a54825f20,2022-09-30,"Onions, Dry",YELLOW,2 lb bag,,,,,No,,,,,,,,1.32,$/2 lb bag,0.66,per lb,Southwest,retail,,,,,,,,54.0,3324,Weekly Grocery Store Specialty Crops Feature Activity,2026-09-26T13:56:27+00:00
88d7df146ebd0bcd,2022-09-30,"Onions, Dry",YELLOW,per lb,,,,,No,,,,,,,,0.79,$/per lb,0.79,per lb,Southwest,retail,,,,,,,,242.0,3324,Weekly Grocery Store Specialty Crops Feature Activity,2026-09-26T13:56:27+00:00
2c3efeb59b31e351,2022-09-30,"Onions, Dry",YELLOW MARKED SWEET,3 lb bag,,,,,No,,,,,,,,3.21,$/3 lb bag,1.07,per lb,Southwest,retail,,,,,,,,440.0,3324,Weekly Grocery Store Specialty Crops Feature Activity,2026-09-26T13:56:27+00:00
a27d8a39ed2fc01e,2022-09-30,"Peppers, Bell Type",GREEN,each,,,,,No,,,,,,,,1.21,$/each,1.21,per each,Southwest,retail,,,,,,,,296.0,3324,Weekly Grocery Store Specialty Crops Feature Activity,2026-09-26T13:56:27+00:00
cc54cc13189d2d3f,2022-09-30,"Peppers, Bell Type",GREEN,per lb,,,,,No,,,,,,,,1.15,$/per lb,1.15,per lb,Southwest,retail,,,,,,,,19.0,3324,Weekly Grocery Store Specialty Crops Feature Activity,2026-09-26T13:56:27+00:00
38b2cb45ba1f6439,2022-09-30,"Peppers, Bell Type",ORANGE,each,,,,,No,,,,,,,,1.63,$/each,1.63,per each,Southwest,retail,,,,,,,,326.0,3324,Weekly Grocery Store Specialty Crops Feature Activity,2026-09-26T13:56:27+00:00
a66b20e21f14b69a,2022-09-30,"Peppers, Bell Type",ORANGE,per lb,,,,,No,,,,,,,,1.29,$/per lb,1.29,per lb,Southwest,retail,,,,,,,,10.0,3324,Weekly Grocery Store Specialty Crops Feature Activity,2026-09-26T13:56:27+00:00
48ff861b16960bc5,2022-09-30,"Peppers, Bell Type",RED,each,,,,,No,,,,,,,,1.63,$/each,1.63,per each,Southwest,retail,,,,,,,,326.0,3324,Weekly Grocery Store Specialty Crops Feature Activity,2026-09-26T13:56:27+00:00
6e7b4fb81572414a,2022-09-30,"Peppers, Bell Type",RED,per lb,,,,,No,,,,,,,,1.29,$/per lb,1.29,per lb,Southwest,retail,,,,,,,,10.0,3324,Weekly Grocery Store Specialty Crops Feature Activity,2026-09-26T13:56:27+00:00
f022264f4eadb9fb,2022-09-30,"Peppers, Bell Type",YELLOW,each,,,,,No,,,,,,,,1.63,$/each,1.63,per each,Southwest,retail,,,,,,,,326.0,3324,Weekly Grocery Store Specialty Crops Feature Activity,2026-09-26T13:56:27+00:00
899941b109d6da43,2022-09-30,"Peppers, Bell Type",YELLOW,per lb,,,,,No,,,,,,,,1.29,$/per lb,1.29,per lb,Southwest,retail,,,,,,,,10.0,3324,Weekly Grocery Store Specialty Crops Feature Activity,2026-09-26T13:56:27+00:00
3f4a48a2a3532ba2,2022-09-30,Potatoes,ROUND RED,3 lb bag,,,,,No,,,,,,,,3.0,$/3 lb bag,1.0,per lb,Southwest,retail,,,,,,,,7.0,3324,Weekly Grocery Store Specialty Crops Feature Activity,2026-09-26T13:56:27+00:00
e48e136daa7dba03,2022-09-30,Potatoes,ROUND RED,3 lb bag,,,,,Yes,,,,,,,,3.48,$/3 lb bag,1.16,per lb,Southwest,retail,,,,,,,,146.0,3324,Weekly Grocery Store Specialty Crops Feature Activity,2026-09-26T13:56:27+00:00
55d935d2b12759d0,2022-09-30,Potatoes,ROUND RED,per lb,,,,,No,,,,,,,,0.89,$/per lb,0.89,per lb,Southwest,retail,,,,,,,,195.0,3324,Weekly Grocery Store Specialty Crops Feature Activity,2026-09-26T13:56:27+00:00
88494933d28f64a0,2022-09-30,Potatoes,ROUND RED,per lb,,,,,Yes,,,,,,,,2.29,$/per lb,2.29,per lb,Southwest,retail,,,,,,,,4.0,3324,Weekly Grocery Store Specialty Crops Feature Activity,2026-09-26T13:56:27+00:00
1b466e004c37d10b,2022-09-30,Potatoes,ROUND WHITE,3 lb bag,,,,,Yes,,,,,,,,3.48,$/3 lb bag,1.16,per lb,Southwest,retail,,,,,,,,146.0,3324,Weekly Grocery Store Specialty Crops Feature Activity,2026-09-26T13:56:27+00:00
83bdbba80224f7a1,2022-09-30,Potatoes,ROUND WHITE,per lb,,,,,No,,,,,,,,0.92,$/per lb,0.92,per lb,Southwest,retail,,,,,,,,141.0,3324,Weekly Grocery Store Specialty Crops Feature Activity,2026-09-26T13:56:27+00:00
cb96244a6411fb01,2022-09-30,Potatoes,RUSSET,10 lb bag,,,,,No,,,,,,,,2.33,$/10 lb bag,0.233,per lb,Southwest,retail,,,,,,,,56.0,3324,Weekly Grocery Store Specialty Crops Feature Activity,2026-09-26T13:56:27+00:00
b724215ddbdd6059,2022-09-30,Potatoes,RUSSET,5 lb bag,,,,,No,,,,,,,,2.92,$/5 lb bag,0.584,per lb,Southwest,retail,,,,,,,,706.0,3324,Weekly Grocery Store Specialty Crops Feature Activity,2026-09-26T13:56:27+00:00
a4cd7758b2bbe152,2022-09-30,Potatoes,RUSSET,8 lb bag,,,,,No,,,,,,,,1.5,$/8 lb bag,0.1875,per lb,Southwest,retail,,,,,,,,10.0,3324,Weekly Grocery Store Specialty Crops Feature Activity,2026-09-26T13:56:27+00:00
21ee73fa843f1565,2022-09-30,Potatoes,RUSSET,per lb,,,,,No,,,,,,,,1.49,$/per lb,1.49,per lb,Southwest,retail,,,,,,,,9.0,3324,Weekly Grocery Store Specialty Crops Feature Activity,2026-09-26T13:56:27+00:00
8bfa8e13b4a11557,2022-09-30,Potatoes,RUSSET,per lb,,,,,Yes,,,,,,,,1.77,$/per lb,1.77,per lb,Southwest,retail,,,,,,,,12.0,3324,Weekly Grocery Store Specialty Crops Feature Activity,2026-09-26T13:56:27+00:00
a5656a6e03ddc651,2022-09-30,Potatoes,YELLOW TYPE,3 lb bag,,,,,No,,,,,,,,3.0,$/3 lb bag,1.0,per lb,Southwest,retail,,,,,,,,7.0,3324,Weekly Grocery Store Specialty Crops Feature Activity,2026-09-26T13:56:27+00:00
141863cfe37a7741,2022-09-30,Strawberries,,1 lb package,,,,,Yes,,,,,,,,3.99,$/1 lb package,3.99,per lb,Southwest,retail,,,,,,,,171.0,3324,Weekly Grocery Store Specialty Crops Feature Activity,2026-09-26T13:56:27+00:00
46d71e758b612125,2022-09-30,Strawberries,,1 lb package,,,,,No,,,,,,,,3.19,$/1 lb package,3.19,per lb,Southwest,retail,,,,,,,,1299.0,3324,Weekly Grocery Store Specialty Crops Feature Activity,2026-09-26T13:56:27+00:00
df14e69a3260eecf,2022-09-30,Strawberries,,2 lb package,,,,,No,,,,,,,,7.99,$/2 lb package,3.995,per lb,Southwest,retail,,,,,,,,113.0,3324,Weekly Grocery Store Specialty Crops Feature Activity,2026-09-26T13:56:27+00:00
92941b0dab3ad129,2022-09-30,Tomatoes,,per lb,,,,,No,,,,,,,,0.88,$/per lb,0.88,per lb,Southwest,retail,,,,,,,,176.0,3324,Weekly Grocery Store Specialty Crops Feature Activity,2026-09-26T13:56:27+00:00
1fd5f8bd9dc12e5a,2022-09-30,Tomatoes,Cherry Type,1 pint package,,,,,Yes,,,,,,,,4.89,$/1 pint package,,,Southwest,retail,,,,,,,,12.0,3324,Weekly Grocery Store Specialty Crops Feature Activity,2026-09-26T13:56:27+00:00
331c97de228d15e3,2022-09-30,Tomatoes,GRAPE TYPE,10 oz package,,,,,Yes,,,,,,,,3.0,$/10 oz package,4.8,per lb,Southwest,retail,,,,,,,,393.0,3324,Weekly Grocery Store Specialty Crops Feature Activity,2026-09-26T13:56:27+00:00
d87d0dd8d3573819,2022-09-30,Tomatoes,Plum Type (Roma),per lb,,,,,No,,,,,,,,1.06,$/per lb,1.06,per lb,Southwest,retail,,,,,,,,373.0,3324,Weekly Grocery Store Specialty Crops Feature Activity,2026-09-26T13:56:27+00:00
1dfd190d9dcc01ce,2022-09-30,Tomatoes,VINE RIPES,per lb,,,,,No,,,,,,,,3.99,$/per lb,3.99,per lb,Southwest,retail,,,environment=Greenhouse,,,,,26.0,3324,Weekly Grocery Store Specialty Crops Feature Activity,2026-09-26T13:56:27+00:00
58326e90d4c3bbb3,2022-09-30,Tomatoes,VINE RIPES,per lb,,,,,No,,,,,,,,1.4,$/per lb,1.4,per lb,Southwest,retail,,,,,,,,162.0,3324,Weekly Grocery Store Specialty Crops Feature Activity,2026-09-26T13:56:27+00:00
47ce3e1c70b07e56,2022-09-30,Tomatoes,VINE RIPES - ON THE VINE,per lb,,,,,No,,,,,,,,1.59,$/per lb,1.59,per lb,Southwest,retail,,,environment=Greenhouse,,,,,469.0,3324,Weekly Grocery Store Specialty Crops Feature Activity,2026-09-26T13:56:27+00:00
62bb59f56b02cc51,2022-09-30,Tomatoes,VINE RIPES - ON THE VINE,per lb,,,,,Yes,,,,,,,,3.74,$/per lb,3.74,per lb,Southwest,retail,,,environment=Greenhouse,,,,,517.0,3324,Weekly Grocery Store Specialty Crops Feature Activity,2026-09-26T13:56:27+00:00
e6345801f2f82afa,2022-09-30,Tomatoes,Vine Ripes - Heirloom Varieties,per lb,,,,,Yes,,,,,,,,4.99,$/per lb,4.99,per lb,Southwest,retail,,,environment=Greenhouse,,,,,8.0,3324,Weekly Grocery Store Specialty Crops Feature Activity,2026-09-26T13:56:27+00:00
