row_id,report_date,commodity,variety,pack_size,count_size,item_size,properties,grade,organic,appearance,condition,quality,low_price,high_price,mostly_low_price,mostly_high_price,unit_price,price_unit,normalized_price,normalized_unit,market,market_type,origin,origin_detail,other_attributes,reporter_comment,market_tone,volume,volume_unit,store_count,report_id,report_title,fetched_at
82dfa2b67f4bda06,2019-01-02,Beef,"Brisket, deckle-off, bnls (120  1)",Choice Cuts,,,,Choice,,,,,280.0,310.0,,,291.82,$/cwt,2.9182,per lb,National,wholesale,,,,,,124354.0,lb,,2453,National Daily Boxed Beef Cutout & Boxed Beef Cuts - Negotiated Sales - PM (PDF) (LM_XB403),2026-09-26T15:00:20+00:00
a95cdd2397bf1bde,2019-01-02,Beef,"Brisket, deckle-off, bnls (120  1)",Select Cuts,,,,Select,,,,,265.0,285.0,,,276.71,$/cwt,2.7671,per lb,National,wholesale,,,,,,14524.0,lb,,2453,National Daily Boxed Beef Cutout & Boxed Beef Cuts - Negotiated Sales - PM (PDF) (LM_XB403),2026-09-26T15:00:20+00:00
ed352b512b613f4f,2019-01-02,Beef,"Brisket, point/off, bnls (120A  3)",Choice Cuts,,,,Choice,,,,,490.0,555.2,,,509.3,$/cwt,5.093,per lb,National,wholesale,,,,,,5498.0,lb,,2453,National Daily Boxed Beef Cutout & Boxed Beef Cuts - Negotiated Sales - PM (PDF) (LM_XB403),2026-09-26T15:00:20+00:00
e3c0b7d331cb2a85,2019-01-02,Beef,"Chuck, chuck tender (116B  1)",Choice Cuts,,,,Choice,,,,,225.0,255.0,,,233.64,$/cwt,2.3364,per lb,National,wholesale,,,,,,15360.0,lb,,2453,National Daily Boxed Beef Cutout & Boxed Beef Cuts - Negotiated Sales - PM (PDF) (LM_XB403),2026-09-26T15:00:20+00:00
a57fbe3808f068d1,2019-01-02,Beef,"Chuck, chuck tender (116B  1)",Select Cuts,,,,Select,,,,,225.0,239.5,,,229.45,$/cwt,2.2945,per lb,National,wholesale,,,,,,7435.0,lb,,2453,National Daily Boxed Beef Cutout & Boxed Beef Cuts - Negotiated Sales - PM (PDF) (LM_XB403),2026-09-26T15:00:20+00:00
4d8a45c7075370ec,2019-01-02,Beef,"Chuck, clod tender (114F  5)",Choice Cuts,,,,Choice,,,,,415.0,436.0,,,426.65,$/cwt,4.2665,per lb,National,wholesale,,,,,,3467.0,lb,,2453,National Daily Boxed Beef Cutout & Boxed Beef Cuts - Negotiated Sales - PM (PDF) (LM_XB403),2026-09-26T15:00:20+00:00
7b6d4d92e4a94ad7,2019-01-02,Beef,"Chuck, clod, arm roast (114E  3)",Choice Cuts,,,,Choice,,,,,251.25,272.36,,,259.08,$/cwt,2.5908,per lb,National,wholesale,,,,,,3846.0,lb,,2453,National Daily Boxed Beef Cutout & Boxed Beef Cuts - Negotiated Sales - PM (PDF) (LM_XB403),2026-09-26T15:00:20+00:00
ba27acf1e2975a7a,2019-01-02,Beef,"Chuck, clod, top blade (114D  3)",Choice Cuts,,,,Choice,,,,,335.74,404.0,,,358.59,$/cwt,3.5859,per lb,National,wholesale,,,,,,6295.0,lb,,2453,National Daily Boxed Beef Cutout & Boxed Beef Cuts - Negotiated Sales - PM (PDF) (LM_XB403),2026-09-26T15:00:20+00:00
6b761b32227e4b41,2019-01-02,Beef,"Chuck, flap (116G  4)",Choice Cuts,,,,Choice,,,,,500.16,598.28,,,547.58,$/cwt,5.4758,per lb,National,wholesale,,,,,,35018.0,lb,,2453,National Daily Boxed Beef Cutout & Boxed Beef Cuts - Negotiated Sales - PM (PDF) (LM_XB403),2026-09-26T15:00:20+00:00
3c915c88af08b9b9,2019-01-02,Beef,"Chuck, roll, lxl, neck/off (116A  3)",Choice Cuts,,,,Choice,,,,,297.73,321.0,,,307.5,$/cwt,3.075,per lb,National,wholesale,,,,,,26922.0,lb,,2453,National Daily Boxed Beef Cutout & Boxed Beef Cuts - Negotiated Sales - PM (PDF) (LM_XB403),2026-09-26T15:00:20+00:00
42c2bb1bd80f9213,2019-01-02,Beef,"Chuck, roll, lxl, neck/off (116A  3)",Select Cuts,,,,Select,,,,,280.0,306.5,,,285.98,$/cwt,2.8598,per lb,National,wholesale,,,,,,61767.0,lb,,2453,National Daily Boxed Beef Cutout & Boxed Beef Cuts - Negotiated Sales - PM (PDF) (LM_XB403),2026-09-26T15:00:20+00:00
382097b01c77a6ea,2019-01-02,Beef,"Chuck, semi-bnls, neck/off (113C  1)",Choice Cuts,,,,Choice,,,,,219.03,241.25,,,222.65,$/cwt,2.2265,per lb,National,wholesale,,,,,,71881.0,lb,,2453,National Daily Boxed Beef Cutout & Boxed Beef Cuts - Negotiated Sales - PM (PDF) (LM_XB403),2026-09-26T15:00:20+00:00
175b74723c0b06b1,2019-01-02,Beef,"Chuck, semi-bnls, neck/off (113C  1)",Select Cuts,,,,Select,,,,,217.02,225.0,,,220.35,$/cwt,2.2035,per lb,National,wholesale,,,,,,6350.0,lb,,2453,National Daily Boxed Beef Cutout & Boxed Beef Cuts - Negotiated Sales - PM (PDF) (LM_XB403),2026-09-26T15:00:20+00:00
a1247dc0b732d6d4,2019-01-02,Beef,"Chuck, short rib (130  4)",Choice Cuts,,,,Choice,,,,,371.0,410.1,,,395.85,$/cwt,3.9585,per lb,National,wholesale,,,,,,16819.0,lb,,2453,National Daily Boxed Beef Cutout & Boxed Beef Cuts - Negotiated Sales - PM (PDF) (LM_XB403),2026-09-26T15:00:20+00:00
640c7f39a9a0211c,2019-01-02,Beef,"Chuck, short rib (130  4)",Select Cuts,,,,Select,,,,,342.15,386.5,,,350.96,$/cwt,3.5096,per lb,National,wholesale,,,,,,6029.0,lb,,2453,National Daily Boxed Beef Cutout & Boxed Beef Cuts - Negotiated Sales - PM (PDF) (LM_XB403),2026-09-26T15:00:20+00:00
136347b32520034d,2019-01-02,Beef,"Chuck, shoulder clod (114  1)",Choice Cuts,,,,Choice,,,,,191.0,216.65,,,201.02,$/cwt,2.0102,per lb,National,wholesale,,,,,,35198.0,lb,,2453,National Daily Boxed Beef Cutout & Boxed Beef Cuts - Negotiated Sales - PM (PDF) (LM_XB403),2026-09-26T15:00:20+00:00
2340fc8bf1cfe605,2019-01-02,Beef,"Chuck, shoulder clod (114  1)",Select Cuts,,,,Select,,,,,192.24,205.0,,,194.74,$/cwt,1.9474,per lb,National,wholesale,,,,,,128895.0,lb,,2453,National Daily Boxed Beef Cutout & Boxed Beef Cuts - Negotiated Sales - PM (PDF) (LM_XB403),2026-09-26T15:00:20+00:00
0cfd95182d794295,2019-01-02,Beef,"Chuck, shoulder clod, trmd (114A  3)",Choice Cuts,,,,Choice,,,,,207.33,233.0,,,212.1,$/cwt,2.121,per lb,National,wholesale,,,,,,156719.0,lb,,2453,National Daily Boxed Beef Cutout & Boxed Beef Cuts - Negotiated Sales - PM (PDF) (LM_XB403),2026-09-26T15:00:20+00:00
b1fe99f0583e40c8,2019-01-02,Beef,"Chuck, shoulder clod, trmd (114A  3)",Select Cuts,,,,Select,,,,,222.25,230.03,,,226.98,$/cwt,2.2698,per lb,National,wholesale,,,,,,12459.0,lb,,2453,National Daily Boxed Beef Cutout & Boxed Beef Cuts - Negotiated Sales - PM (PDF) (LM_XB403),2026-09-26T15:00:20+00:00
2f923f383c57022f,2019-01-02,Beef,Cutout 600-900 lb,,,,,Choice,,,,,,,,,216.64,$/cwt,2.1664,per lb,National,wholesale,,,,,,,,,2453,National Daily Boxed Beef Cutout & Boxed Beef Cuts - Negotiated Sales - PM (PDF) (LM_XB403),2026-09-26T15:00:20+00:00
514df9fda6e5a134,2019-01-02,Beef,Cutout 600-900 lb,,,,,Select,,,,,,,,,210.91,$/cwt,2.1091,per lb,National,wholesale,,,,,,,,,2453,National Daily Boxed Beef Cutout & Boxed Beef Cuts - Negotiated Sales - PM (PDF) (LM_XB403),2026-09-26T15:00:20+00:00
079d92f663dd8b2f,2019-01-02,Beef,"Flank, flank steak (193  4)",Choice Cuts,,,,Choice,,,,,464.32,501.5,,,476.06,$/cwt,4.7606,per lb,National,wholesale,,,,,,31329.0,lb,,2453,National Daily Boxed Beef Cutout & Boxed Beef Cuts - Negotiated Sales - PM (PDF) (LM_XB403),2026-09-26T15:00:20+00:00
a6723cb4f0b7400f,2019-01-02,Beef,"Flank, flank steak (193  4)",Select Cuts,,,,Select,,,,,452.0,480.16,,,455.18,$/cwt,4.5518,per lb,National,wholesale,,,,,,11533.0,lb,,2453,National Daily Boxed Beef Cutout & Boxed Beef Cuts - Negotiated Sales - PM (PDF) (LM_XB403),2026-09-26T15:00:20+00:00
cff946b2e3022ec7,2019-01-02,Beef,Ground Beef 73%,Ground Beef,,,,,,,,,173.09,193.25,,,181.13,$/cwt,1.8113,per lb,National,wholesale,,,,,,35175.0,lb,,2453,National Daily Boxed Beef Cutout & Boxed Beef Cuts - Negotiated Sales - PM (PDF) (LM_XB403),2026-09-26T15:00:20+00:00
99e2c50f9afcdb04,2019-01-02,Beef,Ground Beef 81%,Ground Beef,,,,,,,,,184.0,215.39,,,193.21,$/cwt,1.9321,per lb,National,wholesale,,,,,,154602.0,lb,,2453,National Daily Boxed Beef Cutout & Boxed Beef Cuts - Negotiated Sales - PM (PDF) (LM_XB403),2026-09-26T15:00:20+00:00
8e7ff5d7f8c639d8,2019-01-02,Beef,Ground Beef Chuck,Ground Beef,,,,,,,,,198.25,228.5,,,204.03,$/cwt,2.0403,per lb,National,wholesale,,,,,,8137.0,lb,,2453,National Daily Boxed Beef Cutout & Boxed Beef Cuts - Negotiated Sales - PM (PDF) (LM_XB403),2026-09-26T15:00:20+00:00
4baac63c02113383,2019-01-02,Beef,Ground Beef Round,Ground Beef,,,,,,,,,244.22,263.77,,,258.82,$/cwt,2.5882,per lb,National,wholesale,,,,,,1505.0,lb,,2453,National Daily Boxed Beef Cutout & Boxed Beef Cuts - Negotiated Sales - PM (PDF) (LM_XB403),2026-09-26T15:00:20+00:00
c5ba64d02734b815,2019-01-02,Beef,"Loin, ball-tip, bnls, heavy (185B  1)",Choice Cuts,,,,Choice,,,,,247.08,280.0,,,259.22,$/cwt,2.5922,per lb,National,wholesale,,,,,,26680.0,lb,,2453,National Daily Boxed Beef Cutout & Boxed Beef Cuts - Negotiated Sales - PM (PDF) (LM_XB403),2026-09-26T15:00:20+00:00
11d2d6247bbb02cb,2019-01-02,Beef,"Loin, ball-tip, bnls, heavy (185B  1)",Select Cuts,,,,Select,,,,,221.68,260.0,,,223.0,$/cwt,2.23,per lb,National,wholesale,,,,,,11913.0,lb,,2453,National Daily Boxed Beef Cutout & Boxed Beef Cuts - Negotiated Sales - PM (PDF) (LM_XB403),2026-09-26T15:00:20+00:00
835191a7fa61a13e,2019-01-02,Beef,"Loin, bottom sirloin, flap (185A  4)",Choice Cuts,,,,Choice,,,,,480.0,561.5,,,509.87,$/cwt,5.0987,per lb,National,wholesale,,,,,,35789.0,lb,,2453,National Daily Boxed Beef Cutout & Boxed Beef Cuts - Negotiated Sales - PM (PDF) (LM_XB403),2026-09-26T15:00:20+00:00
f4d7ec02d2a49130,2019-01-02,Beef,"Loin, butt tender, trimmed (191A  4)",Select Cuts,,,,Select,,,,,970.09,1065.0,,,994.79,$/cwt,9.9479,per lb,National,wholesale,,,,,,3800.0,lb,,2453,National Daily Boxed Beef Cutout & Boxed Beef Cuts - Negotiated Sales - PM (PDF) (LM_XB403),2026-09-26T15:00:20+00:00
bd1d62a807b1d939,2019-01-02,Beef,"Loin, short loin, 0x1 (174  3)",Choice Cuts,,,,Choice,,,,,490.0,552.25,,,504.6,$/cwt,5.046,per lb,National,wholesale,,,,,,41453.0,lb,,2453,National Daily Boxed Beef Cutout & Boxed Beef Cuts - Negotiated Sales - PM (PDF) (LM_XB403),2026-09-26T15:00:20+00:00
71ad75ba434a7eb9,2019-01-02,Beef,"Loin, short loin, 0x1 (174  3)",Select Cuts,,,,Select,,,,,450.0,489.96,,,487.41,$/cwt,4.8741,per lb,National,wholesale,,,,,,38005.0,lb,,2453,National Daily Boxed Beef Cutout & Boxed Beef Cuts - Negotiated Sales - PM (PDF) (LM_XB403),2026-09-26T15:00:20+00:00
6ebc6cad06aa783f,2019-01-02,Beef,"Loin, sirloin, tri-tip (185C  1)",Choice Cuts,,,,Choice,,,,,260.0,311.5,,,278.62,$/cwt,2.7862,per lb,National,wholesale,,,,,,17641.0,lb,,2453,National Daily Boxed Beef Cutout & Boxed Beef Cuts - Negotiated Sales - PM (PDF) (LM_XB403),2026-09-26T15:00:20+00:00
891c65755cfc4b5d,2019-01-02,Beef,"Loin, sirloin, tri-tip (185C  1)",Select Cuts,,,,Select,,,,,239.0,260.0,,,254.16,$/cwt,2.5416,per lb,National,wholesale,,,,,,8223.0,lb,,2453,National Daily Boxed Beef Cutout & Boxed Beef Cuts - Negotiated Sales - PM (PDF) (LM_XB403),2026-09-26T15:00:20+00:00
d7d791e793d60a14,2019-01-02,Beef,"Loin, sirloin, tri-tip, pld (185D  4)",Choice Cuts,,,,Choice,,,,,388.09,410.0,,,392.23,$/cwt,3.9223,per lb,National,wholesale,,,,,,13501.0,lb,,2453,National Daily Boxed Beef Cutout & Boxed Beef Cuts - Negotiated Sales - PM (PDF) (LM_XB403),2026-09-26T15:00:20+00:00
eeb2df69e3eb1741,2019-01-02,Beef,"Loin, strip, bnls, 0x1 (180  3)",Choice Cuts,,,,Choice,,,,,500.0,565.75,,,528.43,$/cwt,5.2843,per lb,National,wholesale,,,,,,43506.0,lb,,2453,National Daily Boxed Beef Cutout & Boxed Beef Cuts - Negotiated Sales - PM (PDF) (LM_XB403),2026-09-26T15:00:20+00:00
e9a7cd87ea40ed6d,2019-01-02,Beef,"Loin, strip, bnls, 0x1 (180  3)",Select Cuts,,,,Select,,,,,388.15,450.0,,,424.28,$/cwt,4.2428,per lb,National,wholesale,,,,,,18519.0,lb,,2453,National Daily Boxed Beef Cutout & Boxed Beef Cuts - Negotiated Sales - PM (PDF) (LM_XB403),2026-09-26T15:00:20+00:00
707e85be3c09fe7f,2019-01-02,Beef,"Loin, tndrloin, trmd, heavy (189A  4)",Choice Cuts,,,,Choice,,,,,999.54,1180.25,,,1047.4,$/cwt,10.474,per lb,National,wholesale,,,,,,127413.0,lb,,2453,National Daily Boxed Beef Cutout & Boxed Beef Cuts - Negotiated Sales - PM (PDF) (LM_XB403),2026-09-26T15:00:20+00:00
4495f74063d7eb34,2019-01-02,Beef,"Loin, tndrloin, trmd, heavy (189A  4)",Select Cuts,,,,Select,,,,,959.08,1189.25,,,1036.89,$/cwt,10.3689,per lb,National,wholesale,,,,,,30455.0,lb,,2453,National Daily Boxed Beef Cutout & Boxed Beef Cuts - Negotiated Sales - PM (PDF) (LM_XB403),2026-09-26T15:00:20+00:00
70097fa3cd53dd30,2019-01-02,Beef,"Loin, top butt, bnls, heavy (184  1)",Choice Cuts,,,,Choice,,,,,335.0,354.55,,,343.63,$/cwt,3.4363,per lb,National,wholesale,,,,,,2880.0,lb,,2453,National Daily Boxed Beef Cutout & Boxed Beef Cuts - Negotiated Sales - PM (PDF) (LM_XB403),2026-09-26T15:00:20+00:00
8d55036b57e0c11f,2019-01-02,Beef,"Loin, top butt, bnls, heavy (184  1)",Select Cuts,,,,Select,,,,,325.94,326.88,,,326.76,$/cwt,3.2676,per lb,National,wholesale,,,,,,63325.0,lb,,2453,National Daily Boxed Beef Cutout & Boxed Beef Cuts - Negotiated Sales - PM (PDF) (LM_XB403),2026-09-26T15:00:20+00:00
9c7c96b050e58d59,2019-01-02,Beef,"Loin, top butt, boneless (184  3)",Choice Cuts,,,,Choice,,,,,337.0,370.0,,,348.21,$/cwt,3.4821,per lb,National,wholesale,,,,,,78588.0,lb,,2453,National Daily Boxed Beef Cutout & Boxed Beef Cuts - Negotiated Sales - PM (PDF) (LM_XB403),2026-09-26T15:00:20+00:00
65b1d13304b602dc,2019-01-02,Beef,"Loin, top butt, boneless (184  3)",Select Cuts,,,,Select,,,,,334.08,349.73,,,343.74,$/cwt,3.4374,per lb,National,wholesale,,,,,,24248.0,lb,,2453,National Daily Boxed Beef Cutout & Boxed Beef Cuts - Negotiated Sales - PM (PDF) (LM_XB403),2026-09-26T15:00:20+00:00
225bb56da6c0bc9a,2019-01-02,Beef,"Rib, ribeye, bnls, heavy (112A  3)",Choice Cuts,,,,Choice,,,,,711.0,760.0,,,734.65,$/cwt,7.3465,per lb,National,wholesale,,,,,,39669.0,lb,,2453,National Daily Boxed Beef Cutout & Boxed Beef Cuts - Negotiated Sales - PM (PDF) (LM_XB403),2026-09-26T15:00:20+00:00
cb23af5bb5521532,2019-01-02,Beef,"Rib, ribeye, bnls, heavy (112A  3)",Select Cuts,,,,Select,,,,,640.0,693.03,,,677.6,$/cwt,6.776,per lb,National,wholesale,,,,,,22216.0,lb,,2453,National Daily Boxed Beef Cutout & Boxed Beef Cuts - Negotiated Sales - PM (PDF) (LM_XB403),2026-09-26T15:00:20+00:00
000d31b2f0a1774b,2019-01-02,Beef,"Rib, ribeye, bnls, light (112A  3)",Choice Cuts,,,,Choice,,,,,725.0,800.0,,,731.9,$/cwt,7.319,per lb,National,wholesale,,,,,,64844.0,lb,,2453,National Daily Boxed Beef Cutout & Boxed Beef Cuts - Negotiated Sales - PM (PDF) (LM_XB403),2026-09-26T15:00:20+00:00
962ef29a8a956481,2019-01-02,Beef,"Rib, ribeye, bnls, light (112A  3)",Select Cuts,,,,Select,,,,,640.0,680.0,,,660.59,$/cwt,6.6059,per lb,National,wholesale,,,,,,11949.0,lb,,2453,National Daily Boxed Beef Cutout & Boxed Beef Cuts - Negotiated Sales - PM (PDF) (LM_XB403),2026-09-26T15:00:20+00:00
c75dd6d4c956b0de,2019-01-02,Beef,"Rib, ribeye, lip-on, bn-in (109E  1)",Choice Cuts,,,,Choice,,,,,620.57,691.0,,,650.24,$/cwt,6.5024,per lb,National,wholesale,,,,,,6813.0,lb,,2453,National Daily Boxed Beef Cutout & Boxed Beef Cuts - Negotiated Sales - PM (PDF) (LM_XB403),2026-09-26T15:00:20+00:00
bb9c58d739824ca5,2019-01-02,Beef,"Rib, ribeye, lip-on, bn-in (109E  1)",Select Cuts,,,,Select,,,,,570.57,624.56,,,599.33,$/cwt,5.9933,per lb,National,wholesale,,,,,,11697.0,lb,,2453,National Daily Boxed Beef Cutout & Boxed Beef Cuts - Negotiated Sales - PM (PDF) (LM_XB403),2026-09-26T15:00:20+00:00
65ef0ba407bbeee2,2019-01-02,Beef,"Round, eye of round (171C  3)",Choice Cuts,,,,Choice,,,,,240.46,275.0,,,253.98,$/cwt,2.5398,per lb,National,wholesale,,,,,,73991.0,lb,,2453,National Daily Boxed Beef Cutout & Boxed Beef Cuts - Negotiated Sales - PM (PDF) (LM_XB403),2026-09-26T15:00:20+00:00
f7e8d9d53a87a09f,2019-01-02,Beef,"Round, eye of round (171C  3)",Select Cuts,,,,Select,,,,,254.73,262.81,,,259.82,$/cwt,2.5982,per lb,National,wholesale,,,,,,15967.0,lb,,2453,National Daily Boxed Beef Cutout & Boxed Beef Cuts - Negotiated Sales - PM (PDF) (LM_XB403),2026-09-26T15:00:20+00:00
f9fc4e4b42f00e98,2019-01-02,Beef,"Round, knuckle, peeled (167A  4)",Choice Cuts,,,,Choice,,,,,235.0,267.0,,,251.5,$/cwt,2.515,per lb,National,wholesale,,,,,,38627.0,lb,,2453,National Daily Boxed Beef Cutout & Boxed Beef Cuts - Negotiated Sales - PM (PDF) (LM_XB403),2026-09-26T15:00:20+00:00
7887f636d0ac362d,2019-01-02,Beef,"Round, knuckle, peeled (167A  4)",Select Cuts,,,,Select,,,,,235.0,257.81,,,249.38,$/cwt,2.4938,per lb,National,wholesale,,,,,,41762.0,lb,,2453,National Daily Boxed Beef Cutout & Boxed Beef Cuts - Negotiated Sales - PM (PDF) (LM_XB403),2026-09-26T15:00:20+00:00
0aed17efff531818,2019-01-02,Beef,"Round, outside round (171B  3)",Choice Cuts,,,,Choice,,,,,214.89,238.0,,,219.18,$/cwt,2.1918,per lb,National,wholesale,,,,,,239329.0,lb,,2453,National Daily Boxed Beef Cutout & Boxed Beef Cuts - Negotiated Sales - PM (PDF) (LM_XB403),2026-09-26T15:00:20+00:00
a824cf3bfac290e8,2019-01-02,Beef,"Round, outside round (171B  3)",Select Cuts,,,,Select,,,,,223.85,230.03,,,226.72,$/cwt,2.2672,per lb,National,wholesale,,,,,,21805.0,lb,,2453,National Daily Boxed Beef Cutout & Boxed Beef Cuts - Negotiated Sales - PM (PDF) (LM_XB403),2026-09-26T15:00:20+00:00
2edea09e314fb599,2019-01-02,Beef,"Round, top inside round (168  1)",Choice Cuts,,,,Choice,,,,,220.0,238.05,,,234.48,$/cwt,2.3448,per lb,National,wholesale,,,,,,15226.0,lb,,2453,National Daily Boxed Beef Cutout & Boxed Beef Cuts - Negotiated Sales - PM (PDF) (LM_XB403),2026-09-26T15:00:20+00:00
f8b44880b318ec7b,2019-01-02,Beef,"Round, top inside round (168  3)",Choice Cuts,,,,Choice,,,,,225.25,247.75,,,229.31,$/cwt,2.2931,per lb,National,wholesale,,,,,,147018.0,lb,,2453,National Daily Boxed Beef Cutout & Boxed Beef Cuts - Negotiated Sales - PM (PDF) (LM_XB403),2026-09-26T15:00:20+00:00
e71baabb5732a4fd,2019-01-02,Beef,"Round, top inside round (168  3)",Select Cuts,,,,Select,,,,,222.08,244.3,,,227.95,$/cwt,2.2795,per lb,National,wholesale,,,,,,176206.0,lb,,2453,National Daily Boxed Beef Cutout & Boxed Beef Cuts - Negotiated Sales - PM (PDF) (LM_XB403),2026-09-26T15:00:20+00:00
00a39e6e504f66f6,2019-01-02,Beef,"Round, top inside, cap off (169A  5)",Choice Cuts,,,,Choice,,,,,297.0,334.2,,,303.79,$/cwt,3.0379,per lb,National,wholesale,,,,,,36031.0,lb,,2453,National Daily Boxed Beef Cutout & Boxed Beef Cuts - Negotiated Sales - PM (PDF) (LM_XB403),2026-09-26T15:00:20+00:00
f9672d919833a487,2019-01-02,Beef,"Round, top inside, denuded (169  5)",Choice Cuts,,,,Choice,,,,,259.35,288.0,,,278.02,$/cwt,2.7802,per lb,National,wholesale,,,,,,11620.0,lb,,2453,National Daily Boxed Beef Cutout & Boxed Beef Cuts - Negotiated Sales - PM (PDF) (LM_XB403),2026-09-26T15:00:20+00:00
28fa940ce4bfa7e9,2019-01-02,Beef,"Short Plate, short rib (123A  3)",Choice Cuts,,,,Choice,,,,,570.0,690.25,,,630.5,$/cwt,6.305,per lb,National,wholesale,,,,,,28761.0,lb,,2453,National Daily Boxed Beef Cutout & Boxed Beef Cuts - Negotiated Sales - PM (PDF) (LM_XB403),2026-09-26T15:00:20+00:00
b454b01664490a4a,2019-01-03,Beef,"Brisket, deckle-off, bnls (120  1)",Choice Cuts,,,,Choice,,,,,270.0,305.0,,,280.91,$/cwt,2.8091,per lb,National,wholesale,,,,,,136248.0,lb,,2453,National Daily Boxed Beef Cutout & Boxed Beef Cuts - Negotiated Sales - PM (PDF) (LM_XB403),2026-09-26T15:00:20+00:00
bb4b5de858ab7ea3,2019-01-03,Beef,"Brisket, deckle-off, bnls (120  1)",Select Cuts,,,,Select,,,,,265.36,290.0,,,277.33,$/cwt,2.7733,per lb,National,wholesale,,,,,,9653.0,lb,,2453,National Daily Boxed Beef Cutout & Boxed Beef Cuts - Negotiated Sales - PM (PDF) (LM_XB403),2026-09-26T15:00:20+00:00
b880989514116553,2019-01-03,Beef,"Brisket, point/off, bnls (120A  3)",Choice Cuts,,,,Choice,,,,,490.0,537.0,,,495.07,$/cwt,4.9507,per lb,National,wholesale,,,,,,10739.0,lb,,2453,National Daily Boxed Beef Cutout & Boxed Beef Cuts - Negotiated Sales - PM (PDF) (LM_XB403),2026-09-26T15:00:20+00:00
961dcef6facb9bc4,2019-01-03,Beef,"Chuck, chuck tender (116B  1)",Choice Cuts,,,,Choice,,,,,215.5,251.0,,,232.89,$/cwt,2.3289,per lb,National,wholesale,,,,,,54047.0,lb,,2453,National Daily Boxed Beef Cutout & Boxed Beef Cuts - Negotiated Sales - PM (PDF) (LM_XB403),2026-09-26T15:00:20+00:00
13155361cb113777,2019-01-03,Beef,"Chuck, chuck tender (116B  1)",Select Cuts,,,,Select,,,,,230.0,238.5,,,232.63,$/cwt,2.3263,per lb,National,wholesale,,,,,,23981.0,lb,,2453,National Daily Boxed Beef Cutout & Boxed Beef Cuts - Negotiated Sales - PM (PDF) (LM_XB403),2026-09-26T15:00:20+00:00
81df905ae20766a8,2019-01-03,Beef,"Chuck, clod tender (114F  5)",Choice Cuts,,,,Choice,,,,,394.19,429.81,,,418.21,$/cwt,4.1821,per lb,National,wholesale,,,,,,8476.0,lb,,2453,National Daily Boxed Beef Cutout & Boxed Beef Cuts - Negotiated Sales - PM (PDF) (LM_XB403),2026-09-26T15:00:20+00:00
c1ae55cb460d5d74,2019-01-03,Beef,"Chuck, clod, arm roast (114E  3)",Choice Cuts,,,,Choice,,,,,248.0,277.76,,,261.21,$/cwt,2.6121,per lb,National,wholesale,,,,,,16134.0,lb,,2453,National Daily Boxed Beef Cutout & Boxed Beef Cuts - Negotiated Sales - PM (PDF) (LM_XB403),2026-09-26T15:00:20+00:00
50755cdd5cf82978,2019-01-03,Beef,"Chuck, clod, top blade (114D  3)",Choice Cuts,,,,Choice,,,,,335.31,393.79,,,347.7,$/cwt,3.477,per lb,National,wholesale,,,,,,77483.0,lb,,2453,National Daily Boxed Beef Cutout & Boxed Beef Cuts - Negotiated Sales - PM (PDF) (LM_XB403),2026-09-26T15:00:20+00:00
30c60a34ed8e21e1,2019-01-03,Beef,"Chuck, flap (116G  4)",Choice Cuts,,,,Choice,,,,,517.21,677.0,,,573.26,$/cwt,5.7326,per lb,National,wholesale,,,,,,11739.0,lb,,2453,National Daily Boxed Beef Cutout & Boxed Beef Cuts - Negotiated Sales - PM (PDF) (LM_XB403),2026-09-26T15:00:20+00:00
7919adb93f826efd,2019-01-03,Beef,"Chuck, flap (116G  4)",Select Cuts,,,,Select,,,,,512.21,550.0,,,519.49,$/cwt,5.1949,per lb,National,wholesale,,,,,,10568.0,lb,,2453,National Daily Boxed Beef Cutout & Boxed Beef Cuts - Negotiated Sales - PM (PDF) (LM_XB403),2026-09-26T15:00:20+00:00
874a545717309945,2019-01-03,Beef,"Chuck, roll, lxl, neck/off (116A  3)",Choice Cuts,,,,Choice,,,,,278.0,317.0,,,302.54,$/cwt,3.0254,per lb,National,wholesale,,,,,,154692.0,lb,,2453,National Daily Boxed Beef Cutout & Boxed Beef Cuts - Negotiated Sales - PM (PDF) (LM_XB403),2026-09-26T15:00:20+00:00
0d6cd475d42ec069,2019-01-03,Beef,"Chuck, roll, lxl, neck/off (116A  3)",Select Cuts,,,,Select,,,,,279.8,310.0,,,291.27,$/cwt,2.9127,per lb,National,wholesale,,,,,,99224.0,lb,,2453,National Daily Boxed Beef Cutout & Boxed Beef Cuts - Negotiated Sales - PM (PDF) (LM_XB403),2026-09-26T15:00:20+00:00
fb33a80e0ef16581,2019-01-03,Beef,"Chuck, roll, retail ready (916A  3)",Choice Cuts,,,,Choice,,,,,322.0,339.02,,,331.65,$/cwt,3.3165,per lb,National,wholesale,,,,,,49048.0,lb,,2453,National Daily Boxed Beef Cutout & Boxed Beef Cuts - Negotiated Sales - PM (PDF) (LM_XB403),2026-09-26T15:00:20+00:00
91dc0b6980fb8f12,2019-01-03,Beef,"Chuck, semi-bnls, neck/off (113C  1)",Choice Cuts,,,,Choice,,,,,220.6,251.25,,,225.62,$/cwt,2.2562,per lb,National,wholesale,,,,,,30658.0,lb,,2453,National Daily Boxed Beef Cutout & Boxed Beef Cuts - Negotiated Sales - PM (PDF) (LM_XB403),2026-09-26T15:00:20+00:00
d007025f4b871ffb,2019-01-03,Beef,"Chuck, short rib (130  4)",Choice Cuts,,,,Choice,,,,,331.6,406.36,,,372.76,$/cwt,3.7276,per lb,National,wholesale,,,,,,55015.0,lb,,2453,National Daily Boxed Beef Cutout & Boxed Beef Cuts - Negotiated Sales - PM (PDF) (LM_XB403),2026-09-26T15:00:20+00:00
bc833d3a9d7227a9,2019-01-03,Beef,"Chuck, shoulder clod (114  1)",Choice Cuts,,,,Choice,,,,,179.46,216.25,,,185.18,$/cwt,1.8518,per lb,National,wholesale,,,,,,205573.0,lb,,2453,National Daily Boxed Beef Cutout & Boxed Beef Cuts - Negotiated Sales - PM (PDF) (LM_XB403),2026-09-26T15:00:20+00:00
3f4fe1e50e5864b0,2019-01-03,Beef,"Chuck, shoulder clod (114  1)",Select Cuts,,,,Select,,,,,200.5,215.0,,,205.98,$/cwt,2.0598,per lb,National,wholesale,,,,,,5335.0,lb,,2453,National Daily Boxed Beef Cutout & Boxed Beef Cuts - Negotiated Sales - PM (PDF) (LM_XB403),2026-09-26T15:00:20+00:00
b38c575fd155df2b,2019-01-03,Beef,"Chuck, shoulder clod, trmd (114A  3)",Choice Cuts,,,,Choice,,,,,196.05,228.31,,,204.52,$/cwt,2.0452,per lb,National,wholesale,,,,,,185000.0,lb,,2453,National Daily Boxed Beef Cutout & Boxed Beef Cuts - Negotiated Sales - PM (PDF) (LM_XB403),2026-09-26T15:00:20+00:00
42f7869dc766915f,2019-01-03,Beef,"Chuck, shoulder clod, trmd (114A  3)",Select Cuts,,,,Select,,,,,199.47,228.31,,,207.77,$/cwt,2.0777,per lb,National,wholesale,,,,,,13719.0,lb,,2453,National Daily Boxed Beef Cutout & Boxed Beef Cuts - Negotiated Sales - PM (PDF) (LM_XB403),2026-09-26T15:00:20+00:00
04ab571327b05a99,2019-01-03,Beef,Cutout 600-900 lb,,,,,Choice,,,,,,,,,216.49,$/cwt,2.1649,per lb,National,wholesale,,,,,,,,,2453,National Daily Boxed Beef Cutout & Boxed Beef Cuts - Negotiated Sales - PM (PDF) (LM_XB403),2026-09-26T15:00:20+00:00
3359ead7b0491a8f,2019-01-03,Beef,Cutout 600-900 lb,,,,,Select,,,,,,,,,209.38,$/cwt,2.0938,per lb,National,wholesale,,,,,,,,,2453,National Daily Boxed Beef Cutout & Boxed Beef Cuts - Negotiated Sales - PM (PDF) (LM_XB403),2026-09-26T15:00:20+00:00
70bca378bbcef654,2019-01-03,Beef,"Flank, flank steak (193  4)",Choice Cuts,,,,Choice,,,,,465.04,496.75,,,478.34,$/cwt,4.7834,per lb,National,wholesale,,,,,,21852.0,lb,,2453,National Daily Boxed Beef Cutout & Boxed Beef Cuts - Negotiated Sales - PM (PDF) (LM_XB403),2026-09-26T15:00:20+00:00
9afeca78379a066e,2019-01-03,Beef,"Flank, flank steak (193  4)",Select Cuts,,,,Select,,,,,460.0,483.31,,,469.29,$/cwt,4.6929,per lb,National,wholesale,,,,,,4425.0,lb,,2453,National Daily Boxed Beef Cutout & Boxed Beef Cuts - Negotiated Sales - PM (PDF) (LM_XB403),2026-09-26T15:00:20+00:00
7329b51a1f0526e1,2019-01-03,Beef,Ground Beef 73%,Ground Beef,,,,,,,,,169.94,200.31,,,189.68,$/cwt,1.8968,per lb,National,wholesale,,,,,,57531.0,lb,,2453,National Daily Boxed Beef Cutout & Boxed Beef Cuts - Negotiated Sales - PM (PDF) (LM_XB403),2026-09-26T15:00:20+00:00
cf9b59e57feb5f84,2019-01-03,Beef,Ground Beef 81%,Ground Beef,,,,,,,,,175.0,216.31,,,191.3,$/cwt,1.913,per lb,National,wholesale,,,,,,269232.0,lb,,2453,National Daily Boxed Beef Cutout & Boxed Beef Cuts - Negotiated Sales - PM (PDF) (LM_XB403),2026-09-26T15:00:20+00:00
88723f52c3ea77b9,2019-01-03,Beef,Ground Beef 93%,Ground Beef,,,,,,,,,280.25,305.0,,,294.06,$/cwt,2.9406,per lb,National,wholesale,,,,,,53249.0,lb,,2453,National Daily Boxed Beef Cutout & Boxed Beef Cuts - Negotiated Sales - PM (PDF) (LM_XB403),2026-09-26T15:00:20+00:00
eefeaf955fcd375f,2019-01-03,Beef,Ground Beef Chuck,Ground Beef,,,,,,,,,200.0,217.25,,,201.21,$/cwt,2.0121,per lb,National,wholesale,,,,,,85023.0,lb,,2453,National Daily Boxed Beef Cutout & Boxed Beef Cuts - Negotiated Sales - PM (PDF) (LM_XB403),2026-09-26T15:00:20+00:00
9fb42c75fa043a75,2019-01-03,Beef,Ground Beef Round,Ground Beef,,,,,,,,,225.0,261.0,,,247.28,$/cwt,2.4728,per lb,National,wholesale,,,,,,30005.0,lb,,2453,National Daily Boxed Beef Cutout & Boxed Beef Cuts - Negotiated Sales - PM (PDF) (LM_XB403),2026-09-26T15:00:20+00:00
b9b58882dade75c7,2019-01-03,Beef,"Loin, ball-tip, bnls, heavy (185B  1)",Choice Cuts,,,,Choice,,,,,248.57,271.25,,,256.28,$/cwt,2.5628,per lb,National,wholesale,,,,,,73474.0,lb,,2453,National Daily Boxed Beef Cutout & Boxed Beef Cuts - Negotiated Sales - PM (PDF) (LM_XB403),2026-09-26T15:00:20+00:00
1e7df4161f241196,2019-01-03,Beef,"Loin, bottom sirloin, flap (185A  4)",Choice Cuts,,,,Choice,,,,,495.0,557.25,,,515.24,$/cwt,5.1524,per lb,National,wholesale,,,,,,46976.0,lb,,2453,National Daily Boxed Beef Cutout & Boxed Beef Cuts - Negotiated Sales - PM (PDF) (LM_XB403),2026-09-26T15:00:20+00:00
7be76e8f69d2db48,2019-01-03,Beef,"Loin, bottom sirloin, flap (185A  4)",Select Cuts,,,,Select,,,,,460.0,515.0,,,485.46,$/cwt,4.8546,per lb,National,wholesale,,,,,,29035.0,lb,,2453,National Daily Boxed Beef Cutout & Boxed Beef Cuts - Negotiated Sales - PM (PDF) (LM_XB403),2026-09-26T15:00:20+00:00
7ea4547b47bfa3c1,2019-01-03,Beef,"Loin, butt tender, trimmed (191A  4)",Choice Cuts,,,,Choice,,,,,1002.0,1070.0,,,1022.9,$/cwt,10.229,per lb,National,wholesale,,,,,,48485.0,lb,,2453,National Daily Boxed Beef Cutout & Boxed Beef Cuts - Negotiated Sales - PM (PDF) (LM_XB403),2026-09-26T15:00:20+00:00
cb63447617f09bd4,2019-01-03,Beef,"Loin, short loin, 0x1 (174  3)",Choice Cuts,,,,Choice,,,,,483.0,540.0,,,503.04,$/cwt,5.0304,per lb,National,wholesale,,,,,,385204.0,lb,,2453,National Daily Boxed Beef Cutout & Boxed Beef Cuts - Negotiated Sales - PM (PDF) (LM_XB403),2026-09-26T15:00:20+00:00
636d5de68e15a85a,2019-01-03,Beef,"Loin, short loin, 0x1 (174  3)",Select Cuts,,,,Select,,,,,440.0,483.31,,,468.51,$/cwt,4.6851,per lb,National,wholesale,,,,,,5061.0,lb,,2453,National Daily Boxed Beef Cutout & Boxed Beef Cuts - Negotiated Sales - PM (PDF) (LM_XB403),2026-09-26T15:00:20+00:00
35ed3cf6698f4b04,2019-01-03,Beef,"Loin, sirloin, tri-tip (185C  1)",Choice Cuts,,,,Choice,,,,,270.0,316.75,,,292.77,$/cwt,2.9277,per lb,National,wholesale,,,,,,191960.0,lb,,2453,National Daily Boxed Beef Cutout & Boxed Beef Cuts - Negotiated Sales - PM (PDF) (LM_XB403),2026-09-26T15:00:20+00:00
2ec0a68613d24dfe,2019-01-03,Beef,"Loin, sirloin, tri-tip (185C  1)",Select Cuts,,,,Select,,,,,238.44,258.41,,,247.49,$/cwt,2.4749,per lb,National,wholesale,,,,,,24542.0,lb,,2453,National Daily Boxed Beef Cutout & Boxed Beef Cuts - Negotiated Sales - PM (PDF) (LM_XB403),2026-09-26T15:00:20+00:00
8382b0b673df379a,2019-01-03,Beef,"Loin, sirloin, tri-tip, pld (185D  4)",Choice Cuts,,,,Choice,,,,,380.0,429.25,,,404.85,$/cwt,4.0485,per lb,National,wholesale,,,,,,7941.0,lb,,2453,National Daily Boxed Beef Cutout & Boxed Beef Cuts - Negotiated Sales - PM (PDF) (LM_XB403),2026-09-26T15:00:20+00:00
3ee1a2ddd86d0a0e,2019-01-03,Beef,"Loin, strip loin bnls. 1x1 (  1)",Choice Cuts,,,,Choice,,,,,455.0,478.0,,,472.78,$/cwt,4.7278,per lb,National,wholesale,,,,,,4835.0,lb,,2453,National Daily Boxed Beef Cutout & Boxed Beef Cuts - Negotiated Sales - PM (PDF) (LM_XB403),2026-09-26T15:00:20+00:00
c8b0848e9d8204d8,2019-01-03,Beef,"Loin, strip loin, 1x1 (175  3)",Choice Cuts,,,,Choice,,,,,414.08,446.1,,,426.04,$/cwt,4.2604,per lb,National,wholesale,,,,,,44417.0,lb,,2453,National Daily Boxed Beef Cutout & Boxed Beef Cuts - Negotiated Sales - PM (PDF) (LM_XB403),2026-09-26T15:00:20+00:00
a0a97e10563b460a,2019-01-03,Beef,"Loin, strip, bnls, 0x1 (180  3)",Choice Cuts,,,,Choice,,,,,510.21,556.5,,,532.76,$/cwt,5.3276,per lb,National,wholesale,,,,,,126452.0,lb,,2453,National Daily Boxed Beef Cutout & Boxed Beef Cuts - Negotiated Sales - PM (PDF) (LM_XB403),2026-09-26T15:00:20+00:00
d109dc3be1a8175b,2019-01-03,Beef,"Loin, strip, bnls, 0x1 (180  3)",Select Cuts,,,,Select,,,,,429.08,479.25,,,469.02,$/cwt,4.6902,per lb,National,wholesale,,,,,,61616.0,lb,,2453,National Daily Boxed Beef Cutout & Boxed Beef Cuts - Negotiated Sales - PM (PDF) (LM_XB403),2026-09-26T15:00:20+00:00
4b66f1879e1865ee,2019-01-03,Beef,"Loin, tndrloin, trmd, heavy (189A  4)",Choice Cuts,,,,Choice,,,,,1003.0,1176.75,,,1039.44,$/cwt,10.3944,per lb,National,wholesale,,,,,,119540.0,lb,,2453,National Daily Boxed Beef Cutout & Boxed Beef Cuts - Negotiated Sales - PM (PDF) (LM_XB403),2026-09-26T15:00:20+00:00
3f683aed3636ca2f,2019-01-03,Beef,"Loin, tndrloin, trmd, heavy (189A  4)",Select Cuts,,,,Select,,,,,1015.0,1060.0,,,1027.38,$/cwt,10.2738,per lb,National,wholesale,,,,,,48167.0,lb,,2453,National Daily Boxed Beef Cutout & Boxed Beef Cuts - Negotiated Sales - PM (PDF) (LM_XB403),2026-09-26T15:00:20+00:00
4e77b0ba0b247dc3,2019-01-03,Beef,"Loin, top butt, CC (184B  3)",Choice Cuts,,,,Choice,,,,,440.49,460.0,,,453.35,$/cwt,4.5335,per lb,National,wholesale,,,,,,228930.0,lb,,2453,National Daily Boxed Beef Cutout & Boxed Beef Cuts - Negotiated Sales - PM (PDF) (LM_XB403),2026-09-26T15:00:20+00:00
c6c10f3d2a3fd1ed,2019-01-03,Beef,"Loin, top butt, bnls, heavy (184  1)",Select Cuts,,,,Select,,,,,325.3,330.0,,,328.53,$/cwt,3.2853,per lb,National,wholesale,,,,,,2692.0,lb,,2453,National Daily Boxed Beef Cutout & Boxed Beef Cuts - Negotiated Sales - PM (PDF) (LM_XB403),2026-09-26T15:00:20+00:00
052b48f4c4cdeb18,2019-01-03,Beef,"Loin, top butt, boneless (184  3)",Choice Cuts,,,,Choice,,,,,337.0,376.0,,,351.42,$/cwt,3.5142,per lb,National,wholesale,,,,,,437105.0,lb,,2453,National Daily Boxed Beef Cutout & Boxed Beef Cuts - Negotiated Sales - PM (PDF) (LM_XB403),2026-09-26T15:00:20+00:00
2ddef95beda1640d,2019-01-03,Beef,"Loin, top butt, boneless (184  3)",Select Cuts,,,,Select,,,,,335.0,356.6,,,343.91,$/cwt,3.4391,per lb,National,wholesale,,,,,,44392.0,lb,,2453,National Daily Boxed Beef Cutout & Boxed Beef Cuts - Negotiated Sales - PM (PDF) (LM_XB403),2026-09-26T15:00:20+00:00
41e1a0073d59a242,2019-01-03,Beef,"Rib, ribeye, bnls, heavy (112A  3)",Choice Cuts,,,,Choice,,,,,722.5,761.0,,,738.66,$/cwt,7.3866,per lb,National,wholesale,,,,,,39329.0,lb,,2453,National Daily Boxed Beef Cutout & Boxed Beef Cuts - Negotiated Sales - PM (PDF) (LM_XB403),2026-09-26T15:00:20+00:00
cb5f792a064da5ec,2019-01-03,Beef,"Rib, ribeye, bnls, heavy (112A  3)",Select Cuts,,,,Select,,,,,641.81,700.0,,,658.31,$/cwt,6.5831,per lb,National,wholesale,,,,,,38162.0,lb,,2453,National Daily Boxed Beef Cutout & Boxed Beef Cuts - Negotiated Sales - PM (PDF) (LM_XB403),2026-09-26T15:00:20+00:00
73bf2e51aed2d424,2019-01-03,Beef,"Rib, ribeye, bnls, light (112A  3)",Choice Cuts,,,,Choice,,,,,725.6,775.5,,,742.98,$/cwt,7.4298,per lb,National,wholesale,,,,,,44450.0,lb,,2453,National Daily Boxed Beef Cutout & Boxed Beef Cuts - Negotiated Sales - PM (PDF) (LM_XB403),2026-09-26T15:00:20+00:00
ba9b8d478a390bd6,2019-01-03,Beef,"Rib, ribeye, bnls, light (112A  3)",Select Cuts,,,,Select,,,,,619.08,663.42,,,633.37,$/cwt,6.3337,per lb,National,wholesale,,,,,,137224.0,lb,,2453,National Daily Boxed Beef Cutout & Boxed Beef Cuts - Negotiated Sales - PM (PDF) (LM_XB403),2026-09-26T15:00:20+00:00
979a8bb8be3e970a,2019-01-03,Beef,"Rib, ribeye, lip-on, bn-in (109E  1)",Choice Cuts,,,,Choice,,,,,636.25,710.0,,,655.5,$/cwt,6.555,per lb,National,wholesale,,,,,,63229.0,lb,,2453,National Daily Boxed Beef Cutout & Boxed Beef Cuts - Negotiated Sales - PM (PDF) (LM_XB403),2026-09-26T15:00:20+00:00
dfece073fbc458fe,2019-01-03,Beef,"Rib, ribeye, lip-on, bn-in (109E  1)",Select Cuts,,,,Select,,,,,596.0,612.0,,,605.61,$/cwt,6.0561,per lb,National,wholesale,,,,,,1485.0,lb,,2453,National Daily Boxed Beef Cutout & Boxed Beef Cuts - Negotiated Sales - PM (PDF) (LM_XB403),2026-09-26T15:00:20+00:00
308a36ddf9a4e22e,2019-01-03,Beef,"Round, bottom gooseneck (170  1)",Choice Cuts,,,,Choice,,,,,204.81,216.75,,,213.65,$/cwt,2.1365,per lb,National,wholesale,,,,,,4845.0,lb,,2453,National Daily Boxed Beef Cutout & Boxed Beef Cuts - Negotiated Sales - PM (PDF) (LM_XB403),2026-09-26T15:00:20+00:00
d4496990dea0d4c1,2019-01-03,Beef,"Round, bottom gooseneck (170  1)",Select Cuts,,,,Select,,,,,200.0,205.0,,,202.15,$/cwt,2.0215,per lb,National,wholesale,,,,,,19670.0,lb,,2453,National Daily Boxed Beef Cutout & Boxed Beef Cuts - Negotiated Sales - PM (PDF) (LM_XB403),2026-09-26T15:00:20+00:00
106e959330dc8c8c,2019-01-03,Beef,"Round, eye of round (171C  3)",Choice Cuts,,,,Choice,,,,,245.7,279.3,,,257.03,$/cwt,2.5703,per lb,National,wholesale,,,,,,150698.0,lb,,2453,National Daily Boxed Beef Cutout & Boxed Beef Cuts - Negotiated Sales - PM (PDF) (LM_XB403),2026-09-26T15:00:20+00:00
91cc1b584fc59644,2019-01-03,Beef,"Round, eye of round (171C  3)",Select Cuts,,,,Select,,,,,258.31,269.0,,,262.78,$/cwt,2.6278,per lb,National,wholesale,,,,,,5169.0,lb,,2453,National Daily Boxed Beef Cutout & Boxed Beef Cuts - Negotiated Sales - PM (PDF) (LM_XB403),2026-09-26T15:00:20+00:00
e243bfd37cc3d433,2019-01-03,Beef,"Round, knuckle, peeled (167A  4)",Choice Cuts,,,,Choice,,,,,225.0,267.25,,,237.58,$/cwt,2.3758,per lb,National,wholesale,,,,,,309572.0,lb,,2453,National Daily Boxed Beef Cutout & Boxed Beef Cuts - Negotiated Sales - PM (PDF) (LM_XB403),2026-09-26T15:00:20+00:00
44f49ce7d95b7919,2019-01-03,Beef,"Round, knuckle, peeled (167A  4)",Select Cuts,,,,Select,,,,,233.0,249.0,,,238.3,$/cwt,2.383,per lb,National,wholesale,,,,,,30929.0,lb,,2453,National Daily Boxed Beef Cutout & Boxed Beef Cuts - Negotiated Sales - PM (PDF) (LM_XB403),2026-09-26T15:00:20+00:00
5d1dd2c426107e92,2019-01-03,Beef,"Round, outside round (171B  3)",Choice Cuts,,,,Choice,,,,,206.9,232.25,,,213.95,$/cwt,2.1395,per lb,National,wholesale,,,,,,298889.0,lb,,2453,National Daily Boxed Beef Cutout & Boxed Beef Cuts - Negotiated Sales - PM (PDF) (LM_XB403),2026-09-26T15:00:20+00:00
caf97b04c26f65c0,2019-01-03,Beef,"Round, outside round (171B  3)",Select Cuts,,,,Select,,,,,215.0,234.25,,,219.8,$/cwt,2.198,per lb,National,wholesale,,,,,,17170.0,lb,,2453,National Daily Boxed Beef Cutout & Boxed Beef Cuts - Negotiated Sales - PM (PDF) (LM_XB403),2026-09-26T15:00:20+00:00
85f351d95a8d67c1,2019-01-03,Beef,"Round, top inside round (168  1)",Choice Cuts,,,,Choice,,,,,211.05,241.31,,,220.54,$/cwt,2.2054,per lb,National,wholesale,,,,,,26338.0,lb,,2453,National Daily Boxed Beef Cutout & Boxed Beef Cuts - Negotiated Sales - PM (PDF) (LM_XB403),2026-09-26T15:00:20+00:00
edde866da9d85f20,2019-01-03,Beef,"Round, top inside round (168  3)",Choice Cuts,,,,Choice,,,,,218.05,247.0,,,225.19,$/cwt,2.2519,per lb,National,wholesale,,,,,,148146.0,lb,,2453,National Daily Boxed Beef Cutout & Boxed Beef Cuts - Negotiated Sales - PM (PDF) (LM_XB403),2026-09-26T15:00:20+00:00
09a31405f629457a,2019-01-03,Beef,"Round, top inside round (168  3)",Select Cuts,,,,Select,,,,,219.46,245.0,,,225.34,$/cwt,2.2534,per lb,National,wholesale,,,,,,24059.0,lb,,2453,National Daily Boxed Beef Cutout & Boxed Beef Cuts - Negotiated Sales - PM (PDF) (LM_XB403),2026-09-26T15:00:20+00:00
afaf2a1c95f782a1,2019-01-03,Beef,"Round, top inside, cap off (169A  5)",Choice Cuts,,,,Choice,,,,,304.62,335.52,,,330.22,$/cwt,3.3022,per lb,National,wholesale,,,,,,51795.0,lb,,2453,National Daily Boxed Beef Cutout & Boxed Beef Cuts - Negotiated Sales - PM (PDF) (LM_XB403),2026-09-26T15:00:20+00:00
c3286d7709536900,2019-01-03,Beef,"Round, top inside, denuded (169  5)",Choice Cuts,,,,Choice,,,,,260.79,288.0,,,264.81,$/cwt,2.6481,per lb,National,wholesale,,,,,,131982.0,lb,,2453,National Daily Boxed Beef Cutout & Boxed Beef Cuts - Negotiated Sales - PM (PDF) (LM_XB403),2026-09-26T15:00:20+00:00
10bd86649ba140c6,2019-01-03,Beef,"Short Plate, short rib (123A  3)",Choice Cuts,,,,Choice,,,,,500.89,697.25,,,543.73,$/cwt,5.4373,per lb,National,wholesale,,,,,,45572.0,lb,,2453,National Daily Boxed Beef Cutout & Boxed Beef Cuts - Negotiated Sales - PM (PDF) (LM_XB403),2026-09-26T15:00:20+00:00
47323ec2962b1278,2019-01-04,Beef,"Brisket, deckle-off, bnls (120  1)",Choice Cuts,,,,Choice,,,,,270.0,304.5,,,281.93,$/cwt,2.8193,per lb,National,wholesale,,,,,,194190.0,lb,,2453,National Daily Boxed Beef Cutout & Boxed Beef Cuts - Negotiated Sales - PM (PDF) (LM_XB403),2026-09-26T15:00:20+00:00
cb8b762e97b1fa6c,2019-01-04,Beef,"Brisket, deckle-off, bnls (120  1)",Select Cuts,,,,Select,,,,,272.0,300.0,,,272.72,$/cwt,2.7272,per lb,National,wholesale,,,,,,25076.0,lb,,2453,National Daily Boxed Beef Cutout & Boxed Beef Cuts - Negotiated Sales - PM (PDF) (LM_XB403),2026-09-26T15:00:20+00:00
8ac3d5ac5be198ed,2019-01-04,Beef,"Brisket, point/off, bnls (120A  3)",Choice Cuts,,,,Choice,,,,,490.0,518.11,,,498.34,$/cwt,4.9834,per lb,National,wholesale,,,,,,5082.0,lb,,2453,National Daily Boxed Beef Cutout & Boxed Beef Cuts - Negotiated Sales - PM (PDF) (LM_XB403),2026-09-26T15:00:20+00:00
5c318d03fa1707fa,2019-01-04,Beef,"Chuck, chuck tender (116B  1)",Choice Cuts,,,,Choice,,,,,234.0,240.4,,,235.95,$/cwt,2.3595,per lb,National,wholesale,,,,,,28579.0,lb,,2453,National Daily Boxed Beef Cutout & Boxed Beef Cuts - Negotiated Sales - PM (PDF) (LM_XB403),2026-09-26T15:00:20+00:00
edbda59e34325a93,2019-01-04,Beef,"Chuck, chuck tender (116B  1)",Select Cuts,,,,Select,,,,,219.6,240.4,,,236.56,$/cwt,2.3656,per lb,National,wholesale,,,,,,13451.0,lb,,2453,National Daily Boxed Beef Cutout & Boxed Beef Cuts - Negotiated Sales - PM (PDF) (LM_XB403),2026-09-26T15:00:20+00:00
0133ff54c28bcfe0,2019-01-04,Beef,"Chuck, clod tender (114F  5)",Choice Cuts,,,,Choice,,,,,415.0,429.7,,,415.19,$/cwt,4.1519,per lb,National,wholesale,,,,,,8368.0,lb,,2453,National Daily Boxed Beef Cutout & Boxed Beef Cuts - Negotiated Sales - PM (PDF) (LM_XB403),2026-09-26T15:00:20+00:00
0d873b768fa714c9,2019-01-04,Beef,"Chuck, clod, arm roast (114E  3)",Choice Cuts,,,,Choice,,,,,248.0,267.25,,,261.45,$/cwt,2.6145,per lb,National,wholesale,,,,,,10011.0,lb,,2453,National Daily Boxed Beef Cutout & Boxed Beef Cuts - Negotiated Sales - PM (PDF) (LM_XB403),2026-09-26T15:00:20+00:00
921ba9d1aa1e90dd,2019-01-04,Beef,"Chuck, flap (116G  4)",Choice Cuts,,,,Choice,,,,,550.24,588.0,,,564.51,$/cwt,5.6451,per lb,National,wholesale,,,,,,6217.0,lb,,2453,National Daily Boxed Beef Cutout & Boxed Beef Cuts - Negotiated Sales - PM (PDF) (LM_XB403),2026-09-26T15:00:20+00:00
8f11dbd134c7a0ca,2019-01-04,Beef,"Chuck, flap (116G  4)",Select Cuts,,,,Select,,,,,512.28,515.55,,,513.46,$/cwt,5.1346,per lb,National,wholesale,,,,,,8118.0,lb,,2453,National Daily Boxed Beef Cutout & Boxed Beef Cuts - Negotiated Sales - PM (PDF) (LM_XB403),2026-09-26T15:00:20+00:00
cbd840d4689525e4,2019-01-04,Beef,"Chuck, roll, lxl, neck/off (116A  3)",Choice Cuts,,,,Choice,,,,,283.25,311.75,,,301.96,$/cwt,3.0196,per lb,National,wholesale,,,,,,273772.0,lb,,2453,National Daily Boxed Beef Cutout & Boxed Beef Cuts - Negotiated Sales - PM (PDF) (LM_XB403),2026-09-26T15:00:20+00:00
240e909da852ae92,2019-01-04,Beef,"Chuck, roll, lxl, neck/off (116A  3)",Select Cuts,,,,Select,,,,,283.25,303.42,,,287.76,$/cwt,2.8776,per lb,National,wholesale,,,,,,53643.0,lb,,2453,National Daily Boxed Beef Cutout & Boxed Beef Cuts - Negotiated Sales - PM (PDF) (LM_XB403),2026-09-26T15:00:20+00:00
49ac290c5dd12097,2019-01-04,Beef,"Chuck, short rib (130  4)",Choice Cuts,,,,Choice,,,,,340.08,397.0,,,356.53,$/cwt,3.5653,per lb,National,wholesale,,,,,,12511.0,lb,,2453,National Daily Boxed Beef Cutout & Boxed Beef Cuts - Negotiated Sales - PM (PDF) (LM_XB403),2026-09-26T15:00:20+00:00
8ce47ebeee9c5331,2019-01-04,Beef,"Chuck, short rib (130  4)",Select Cuts,,,,Select,,,,,342.55,360.0,,,348.42,$/cwt,3.4842,per lb,National,wholesale,,,,,,6747.0,lb,,2453,National Daily Boxed Beef Cutout & Boxed Beef Cuts - Negotiated Sales - PM (PDF) (LM_XB403),2026-09-26T15:00:20+00:00
e1e92796385063f6,2019-01-04,Beef,"Chuck, shoulder clod (114  1)",Choice Cuts,,,,Choice,,,,,195.42,216.25,,,205.85,$/cwt,2.0585,per lb,National,wholesale,,,,,,34793.0,lb,,2453,National Daily Boxed Beef Cutout & Boxed Beef Cuts - Negotiated Sales - PM (PDF) (LM_XB403),2026-09-26T15:00:20+00:00
61e4fbb9bb5cae98,2019-01-04,Beef,"Chuck, shoulder clod, trmd (114A  3)",Choice Cuts,,,,Choice,,,,,191.0,226.55,,,200.14,$/cwt,2.0014,per lb,National,wholesale,,,,,,199468.0,lb,,2453,National Daily Boxed Beef Cutout & Boxed Beef Cuts - Negotiated Sales - PM (PDF) (LM_XB403),2026-09-26T15:00:20+00:00
f4e34a3f96903042,2019-01-04,Beef,"Chuck, shoulder clod, trmd (114A  3)",Select Cuts,,,,Select,,,,,202.54,213.0,,,206.36,$/cwt,2.0636,per lb,National,wholesale,,,,,,12841.0,lb,,2453,National Daily Boxed Beef Cutout & Boxed Beef Cuts - Negotiated Sales - PM (PDF) (LM_XB403),2026-09-26T15:00:20+00:00
d2b5d866f6aeedfc,2019-01-04,Beef,Cutout 600-900 lb,,,,,Choice,,,,,,,,,214.51,$/cwt,2.1451,per lb,National,wholesale,,,,,,,,,2453,National Daily Boxed Beef Cutout & Boxed Beef Cuts - Negotiated Sales - PM (PDF) (LM_XB403),2026-09-26T15:00:20+00:00
f448a26b22e81613,2019-01-04,Beef,Cutout 600-900 lb,,,,,Select,,,,,,,,,207.66,$/cwt,2.0766,per lb,National,wholesale,,,,,,,,,2453,National Daily Boxed Beef Cutout & Boxed Beef Cuts - Negotiated Sales - PM (PDF) (LM_XB403),2026-09-26T15:00:20+00:00
cc5596f416e5d958,2019-01-04,Beef,"Flank, flank steak (193  4)",Choice Cuts,,,,Choice,,,,,455.0,482.0,,,467.58,$/cwt,4.6758,per lb,National,wholesale,,,,,,7254.0,lb,,2453,National Daily Boxed Beef Cutout & Boxed Beef Cuts - Negotiated Sales - PM (PDF) (LM_XB403),2026-09-26T15:00:20+00:00
bb475aaa591da7ae,2019-01-04,Beef,"Flank, flank steak (193  4)",Select Cuts,,,,Select,,,,,455.0,482.45,,,458.02,$/cwt,4.5802,per lb,National,wholesale,,,,,,24996.0,lb,,2453,National Daily Boxed Beef Cutout & Boxed Beef Cuts - Negotiated Sales - PM (PDF) (LM_XB403),2026-09-26T15:00:20+00:00
eb2b58a6d30ab9f7,2019-01-04,Beef,Ground Beef 73%,Ground Beef,,,,,,,,,167.0,184.89,,,177.69,$/cwt,1.7769,per lb,National,wholesale,,,,,,200488.0,lb,,2453,National Daily Boxed Beef Cutout & Boxed Beef Cuts - Negotiated Sales - PM (PDF) (LM_XB403),2026-09-26T15:00:20+00:00
763166fad95942e4,2019-01-04,Beef,Ground Beef 81%,Ground Beef,,,,,,,,,180.0,209.05,,,194.39,$/cwt,1.9439,per lb,National,wholesale,,,,,,53203.0,lb,,2453,National Daily Boxed Beef Cutout & Boxed Beef Cuts - Negotiated Sales - PM (PDF) (LM_XB403),2026-09-26T15:00:20+00:00
932198ea8ae9ba27,2019-01-04,Beef,Ground Beef 93%,Ground Beef,,,,,,,,,295.0,325.11,,,310.69,$/cwt,3.1069,per lb,National,wholesale,,,,,,83464.0,lb,,2453,National Daily Boxed Beef Cutout & Boxed Beef Cuts - Negotiated Sales - PM (PDF) (LM_XB403),2026-09-26T15:00:20+00:00
7a0c7240fac67e17,2019-01-04,Beef,Ground Beef Chuck,Ground Beef,,,,,,,,,201.0,206.89,,,203.14,$/cwt,2.0314,per lb,National,wholesale,,,,,,141678.0,lb,,2453,National Daily Boxed Beef Cutout & Boxed Beef Cuts - Negotiated Sales - PM (PDF) (LM_XB403),2026-09-26T15:00:20+00:00
651dc5d1af81e16f,2019-01-04,Beef,"Loin, ball-tip, bnls, heavy (185B  1)",Choice Cuts,,,,Choice,,,,,252.79,265.0,,,255.8,$/cwt,2.558,per lb,National,wholesale,,,,,,24920.0,lb,,2453,National Daily Boxed Beef Cutout & Boxed Beef Cuts - Negotiated Sales - PM (PDF) (LM_XB403),2026-09-26T15:00:20+00:00
63a14308f52f0fc9,2019-01-04,Beef,"Loin, ball-tip, bnls, heavy (185B  1)",Select Cuts,,,,Select,,,,,219.7,225.0,,,224.36,$/cwt,2.2436,per lb,National,wholesale,,,,,,100581.0,lb,,2453,National Daily Boxed Beef Cutout & Boxed Beef Cuts - Negotiated Sales - PM (PDF) (LM_XB403),2026-09-26T15:00:20+00:00
3ad7f567e12382b6,2019-01-04,Beef,"Loin, bottom sirloin, flap (185A  4)",Choice Cuts,,,,Choice,,,,,483.0,525.59,,,496.36,$/cwt,4.9636,per lb,National,wholesale,,,,,,83191.0,lb,,2453,National Daily Boxed Beef Cutout & Boxed Beef Cuts - Negotiated Sales - PM (PDF) (LM_XB403),2026-09-26T15:00:20+00:00
b6187a23af6e971a,2019-01-04,Beef,"Loin, bottom sirloin, flap (185A  4)",Select Cuts,,,,Select,,,,,481.0,516.25,,,484.61,$/cwt,4.8461,per lb,National,wholesale,,,,,,31093.0,lb,,2453,National Daily Boxed Beef Cutout & Boxed Beef Cuts - Negotiated Sales - PM (PDF) (LM_XB403),2026-09-26T15:00:20+00:00
a9b56c2447a8b4e3,2019-01-04,Beef,"Loin, butt tender, trimmed (191A  4)",Choice Cuts,,,,Choice,,,,,980.0,1051.35,,,994.4,$/cwt,9.944,per lb,National,wholesale,,,,,,6004.0,lb,,2453,National Daily Boxed Beef Cutout & Boxed Beef Cuts - Negotiated Sales - PM (PDF) (LM_XB403),2026-09-26T15:00:20+00:00
a0e1838fd3c41086,2019-01-04,Beef,"Loin, short loin, 0x1 (174  3)",Choice Cuts,,,,Choice,,,,,485.37,540.25,,,501.66,$/cwt,5.0166,per lb,National,wholesale,,,,,,193517.0,lb,,2453,National Daily Boxed Beef Cutout & Boxed Beef Cuts - Negotiated Sales - PM (PDF) (LM_XB403),2026-09-26T15:00:20+00:00
a97f4fd1c2212e29,2019-01-04,Beef,"Loin, short loin, 0x1 (174  3)",Select Cuts,,,,Select,,,,,440.0,486.34,,,456.52,$/cwt,4.5652,per lb,National,wholesale,,,,,,154930.0,lb,,2453,National Daily Boxed Beef Cutout & Boxed Beef Cuts - Negotiated Sales - PM (PDF) (LM_XB403),2026-09-26T15:00:20+00:00
aa1c2524f45f15e5,2019-01-04,Beef,"Loin, sirloin, tri-tip (185C  1)",Choice Cuts,,,,Choice,,,,,270.0,311.5,,,288.37,$/cwt,2.8837,per lb,National,wholesale,,,,,,7230.0,lb,,2453,National Daily Boxed Beef Cutout & Boxed Beef Cuts - Negotiated Sales - PM (PDF) (LM_XB403),2026-09-26T15:00:20+00:00
7f3419b29b26e2c0,2019-01-04,Beef,"Loin, sirloin, tri-tip, pld (185D  4)",Choice Cuts,,,,Choice,,,,,380.0,428.04,,,386.69,$/cwt,3.8669,per lb,National,wholesale,,,,,,15929.0,lb,,2453,National Daily Boxed Beef Cutout & Boxed Beef Cuts - Negotiated Sales - PM (PDF) (LM_XB403),2026-09-26T15:00:20+00:00
445cd5a428d943f5,2019-01-04,Beef,"Loin, strip loin bnls. 1x1 (  1)",Choice Cuts,,,,Choice,,,,,478.0,478.0,,,478.0,$/cwt,4.78,per lb,National,wholesale,,,,,,6419.0,lb,,2453,National Daily Boxed Beef Cutout & Boxed Beef Cuts - Negotiated Sales - PM (PDF) (LM_XB403),2026-09-26T15:00:20+00:00
215ed585f393f5db,2019-01-04,Beef,"Loin, strip, bnls, 0x1 (180  3)",Choice Cuts,,,,Choice,,,,,518.0,561.5,,,533.03,$/cwt,5.3303,per lb,National,wholesale,,,,,,70707.0,lb,,2453,National Daily Boxed Beef Cutout & Boxed Beef Cuts - Negotiated Sales - PM (PDF) (LM_XB403),2026-09-26T15:00:20+00:00
8234d9941da6e1bd,2019-01-04,Beef,"Loin, strip, bnls, 0x1 (180  3)",Select Cuts,,,,Select,,,,,429.89,486.5,,,459.35,$/cwt,4.5935,per lb,National,wholesale,,,,,,8454.0,lb,,2453,National Daily Boxed Beef Cutout & Boxed Beef Cuts - Negotiated Sales - PM (PDF) (LM_XB403),2026-09-26T15:00:20+00:00
8f26c65335909ad1,2019-01-04,Beef,"Loin, tndrloin, trmd, heavy (189A  4)",Choice Cuts,,,,Choice,,,,,1018.0,1123.23,,,1038.26,$/cwt,10.3826,per lb,National,wholesale,,,,,,116040.0,lb,,2453,National Daily Boxed Beef Cutout & Boxed Beef Cuts - Negotiated Sales - PM (PDF) (LM_XB403),2026-09-26T15:00:20+00:00
d01f7afdc38b6a4d,2019-01-04,Beef,"Loin, tndrloin, trmd, heavy (189A  4)",Select Cuts,,,,Select,,,,,1060.0,1174.25,,,1113.24,$/cwt,11.1324,per lb,National,wholesale,,,,,,5466.0,lb,,2453,National Daily Boxed Beef Cutout & Boxed Beef Cuts - Negotiated Sales - PM (PDF) (LM_XB403),2026-09-26T15:00:20+00:00
6ebf7bd1d6866780,2019-01-04,Beef,"Loin, top butt, bnls, heavy (184  1)",Choice Cuts,,,,Choice,,,,,335.0,335.0,,,335.0,$/cwt,3.35,per lb,National,wholesale,,,,,,9253.0,lb,,2453,National Daily Boxed Beef Cutout & Boxed Beef Cuts - Negotiated Sales - PM (PDF) (LM_XB403),2026-09-26T15:00:20+00:00
7cf8d88e0de050a0,2019-01-04,Beef,"Loin, top butt, boneless (184  3)",Choice Cuts,,,,Choice,,,,,349.0,367.0,,,357.93,$/cwt,3.5793,per lb,National,wholesale,,,,,,29966.0,lb,,2453,National Daily Boxed Beef Cutout & Boxed Beef Cuts - Negotiated Sales - PM (PDF) (LM_XB403),2026-09-26T15:00:20+00:00
c3aea35c8b7d0e52,2019-01-04,Beef,"Loin, top butt, boneless (184  3)",Select Cuts,,,,Select,,,,,334.01,352.27,,,345.72,$/cwt,3.4572,per lb,National,wholesale,,,,,,4834.0,lb,,2453,National Daily Boxed Beef Cutout & Boxed Beef Cuts - Negotiated Sales - PM (PDF) (LM_XB403),2026-09-26T15:00:20+00:00
8bf911108ff2dfc9,2019-01-04,Beef,"Rib, ribeye, bnls, heavy (112A  3)",Choice Cuts,,,,Choice,,,,,716.5,751.23,,,736.1,$/cwt,7.361,per lb,National,wholesale,,,,,,20209.0,lb,,2453,National Daily Boxed Beef Cutout & Boxed Beef Cuts - Negotiated Sales - PM (PDF) (LM_XB403),2026-09-26T15:00:20+00:00
d922d42cc4f37dff,2019-01-04,Beef,"Rib, ribeye, bnls, heavy (112A  3)",Select Cuts,,,,Select,,,,,635.0,701.75,,,638.29,$/cwt,6.3829,per lb,National,wholesale,,,,,,81205.0,lb,,2453,National Daily Boxed Beef Cutout & Boxed Beef Cuts - Negotiated Sales - PM (PDF) (LM_XB403),2026-09-26T15:00:20+00:00
16d71113a1d1387b,2019-01-04,Beef,"Rib, ribeye, bnls, light (112A  3)",Choice Cuts,,,,Choice,,,,,740.0,764.0,,,746.29,$/cwt,7.4629,per lb,National,wholesale,,,,,,9505.0,lb,,2453,National Daily Boxed Beef Cutout & Boxed Beef Cuts - Negotiated Sales - PM (PDF) (LM_XB403),2026-09-26T15:00:20+00:00
7014fc992fad7efe,2019-01-04,Beef,"Rib, ribeye, bnls, light (112A  3)",Select Cuts,,,,Select,,,,,619.71,688.25,,,639.48,$/cwt,6.3948,per lb,National,wholesale,,,,,,129061.0,lb,,2453,National Daily Boxed Beef Cutout & Boxed Beef Cuts - Negotiated Sales - PM (PDF) (LM_XB403),2026-09-26T15:00:20+00:00
dec8be7da20f7ca3,2019-01-04,Beef,"Rib, ribeye, lip-on, bn-in (109E  1)",Choice Cuts,,,,Choice,,,,,602.6,680.37,,,619.11,$/cwt,6.1911,per lb,National,wholesale,,,,,,143028.0,lb,,2453,National Daily Boxed Beef Cutout & Boxed Beef Cuts - Negotiated Sales - PM (PDF) (LM_XB403),2026-09-26T15:00:20+00:00
85f52331809db5e6,2019-01-04,Beef,"Rib, ribeye, lip-on, bn-in (109E  1)",Select Cuts,,,,Select,,,,,574.86,612.0,,,590.59,$/cwt,5.9059,per lb,National,wholesale,,,,,,2265.0,lb,,2453,National Daily Boxed Beef Cutout & Boxed Beef Cuts - Negotiated Sales - PM (PDF) (LM_XB403),2026-09-26T15:00:20+00:00
dbf5b0db84f67c38,2019-01-04,Beef,"Round, bottom gooseneck (170  1)",Select Cuts,,,,Select,,,,,193.91,201.54,,,194.27,$/cwt,1.9427,per lb,National,wholesale,,,,,,121553.0,lb,,2453,National Daily Boxed Beef Cutout & Boxed Beef Cuts - Negotiated Sales - PM (PDF) (LM_XB403),2026-09-26T15:00:20+00:00
29c38fb8f022acd3,2019-01-04,Beef,"Round, eye of round (171C  3)",Choice Cuts,,,,Choice,,,,,243.58,266.0,,,247.04,$/cwt,2.4704,per lb,National,wholesale,,,,,,209826.0,lb,,2453,National Daily Boxed Beef Cutout & Boxed Beef Cuts - Negotiated Sales - PM (PDF) (LM_XB403),2026-09-26T15:00:20+00:00
15882a7f1f09be72,2019-01-04,Beef,"Round, eye of round (171C  3)",Select Cuts,,,,Select,,,,,254.6,258.87,,,255.41,$/cwt,2.5541,per lb,National,wholesale,,,,,,9675.0,lb,,2453,National Daily Boxed Beef Cutout & Boxed Beef Cuts - Negotiated Sales - PM (PDF) (LM_XB403),2026-09-26T15:00:20+00:00
bb8080dd12a13cf7,2019-01-04,Beef,"Round, knuckle, peeled (167A  4)",Choice Cuts,,,,Choice,,,,,234.95,265.0,,,242.04,$/cwt,2.4204,per lb,National,wholesale,,,,,,74744.0,lb,,2453,National Daily Boxed Beef Cutout & Boxed Beef Cuts - Negotiated Sales - PM (PDF) (LM_XB403),2026-09-26T15:00:20+00:00
e9f820668b155e25,2019-01-04,Beef,"Round, outside round (171B  3)",Choice Cuts,,,,Choice,,,,,203.8,227.0,,,213.4,$/cwt,2.134,per lb,National,wholesale,,,,,,184181.0,lb,,2453,National Daily Boxed Beef Cutout & Boxed Beef Cuts - Negotiated Sales - PM (PDF) (LM_XB403),2026-09-26T15:00:20+00:00
6479ad88bd887b88,2019-01-04,Beef,"Round, outside round (171B  3)",Select Cuts,,,,Select,,,,,209.11,222.0,,,210.0,$/cwt,2.1,per lb,National,wholesale,,,,,,21419.0,lb,,2453,National Daily Boxed Beef Cutout & Boxed Beef Cuts - Negotiated Sales - PM (PDF) (LM_XB403),2026-09-26T15:00:20+00:00
e9a3784d99758959,2019-01-04,Beef,"Round, top inside round (168  1)",Choice Cuts,,,,Choice,,,,,210.0,235.0,,,213.94,$/cwt,2.1394,per lb,National,wholesale,,,,,,24530.0,lb,,2453,National Daily Boxed Beef Cutout & Boxed Beef Cuts - Negotiated Sales - PM (PDF) (LM_XB403),2026-09-26T15:00:20+00:00
cf4dba31e95eb688,2019-01-04,Beef,"Round, top inside round (168  3)",Choice Cuts,,,,Choice,,,,,211.0,240.0,,,222.12,$/cwt,2.2212,per lb,National,wholesale,,,,,,92331.0,lb,,2453,National Daily Boxed Beef Cutout & Boxed Beef Cuts - Negotiated Sales - PM (PDF) (LM_XB403),2026-09-26T15:00:20+00:00
9103b8f628bbe2d3,2019-01-04,Beef,"Round, top inside, cap off (169A  5)",Choice Cuts,,,,Choice,,,,,280.07,323.6,,,296.46,$/cwt,2.9646,per lb,National,wholesale,,,,,,23436.0,lb,,2453,National Daily Boxed Beef Cutout & Boxed Beef Cuts - Negotiated Sales - PM (PDF) (LM_XB403),2026-09-26T15:00:20+00:00
90a775c5a7a41d94,2019-01-04,Beef,"Round, top inside, denuded (169  5)",Choice Cuts,,,,Choice,,,,,260.46,288.0,,,265.53,$/cwt,2.6553,per lb,National,wholesale,,,,,,24635.0,lb,,2453,National Daily Boxed Beef Cutout & Boxed Beef Cuts - Negotiated Sales - PM (PDF) (LM_XB403),2026-09-26T15:00:20+00:00
c8f92f5145797972,2019-01-04,Beef,"Short Plate, short rib (123A  3)",Choice Cuts,,,,Choice,,,,,520.0,686.75,,,558.15,$/cwt,5.5815,per lb,National,wholesale,,,,,,24948.0,lb,,2453,National Daily Boxed Beef Cutout & Boxed Beef Cuts - Negotiated Sales - PM (PDF) (LM_XB403),2026-09-26T15:00:20+00:00
4e502ecc4642af15,2019-01-07,Beef,"Brisket, deckle-off, bnls (120  1)",Choice Cuts,,,,Choice,,,,,278.82,299.0,,,281.32,$/cwt,2.8132,per lb,National,wholesale,,,,,,291456.0,lb,,2453,National Daily Boxed Beef Cutout & Boxed Beef Cuts - Negotiated Sales - PM (PDF) (LM_XB403),2026-09-26T15:00:20+00:00
47a939c0bcf887fc,2019-01-07,Beef,"Brisket, deckle-off, bnls (120  1)",Select Cuts,,,,Select,,,,,270.0,282.83,,,272.82,$/cwt,2.7282,per lb,National,wholesale,,,,,,25193.0,lb,,2453,National Daily Boxed Beef Cutout & Boxed Beef Cuts - Negotiated Sales - PM (PDF) (LM_XB403),2026-09-26T15:00:20+00:00
1b3032f96676e481,2019-01-07,Beef,"Brisket, point/off, bnls (120A  3)",Choice Cuts,,,,Choice,,,,,490.0,508.0,,,492.16,$/cwt,4.9216,per lb,National,wholesale,,,,,,3311.0,lb,,2453,National Daily Boxed Beef Cutout & Boxed Beef Cuts - Negotiated Sales - PM (PDF) (LM_XB403),2026-09-26T15:00:20+00:00
c138a518756e7422,2019-01-07,Beef,"Chuck, chuck tender (116B  1)",Choice Cuts,,,,Choice,,,,,225.75,253.48,,,231.36,$/cwt,2.3136,per lb,National,wholesale,,,,,,35067.0,lb,,2453,National Daily Boxed Beef Cutout & Boxed Beef Cuts - Negotiated Sales - PM (PDF) (LM_XB403),2026-09-26T15:00:20+00:00
04f36d3b7eeb53d6,2019-01-07,Beef,"Chuck, chuck tender (116B  1)",Select Cuts,,,,Select,,,,,225.0,242.0,,,225.96,$/cwt,2.2596,per lb,National,wholesale,,,,,,27209.0,lb,,2453,National Daily Boxed Beef Cutout & Boxed Beef Cuts - Negotiated Sales - PM (PDF) (LM_XB403),2026-09-26T15:00:20+00:00
994f353c54e8b332,2019-01-07,Beef,"Chuck, clod tender (114F  5)",Choice Cuts,,,,Choice,,,,,415.0,433.0,,,420.37,$/cwt,4.2037,per lb,National,wholesale,,,,,,5685.0,lb,,2453,National Daily Boxed Beef Cutout & Boxed Beef Cuts - Negotiated Sales - PM (PDF) (LM_XB403),2026-09-26T15:00:20+00:00
c5299af5eddbb4b9,2019-01-07,Beef,"Chuck, clod, arm roast (114E  3)",Choice Cuts,,,,Choice,,,,,247.0,282.27,,,255.49,$/cwt,2.5549,per lb,National,wholesale,,,,,,34300.0,lb,,2453,National Daily Boxed Beef Cutout & Boxed Beef Cuts - Negotiated Sales - PM (PDF) (LM_XB403),2026-09-26T15:00:20+00:00
749350f202407d14,2019-01-07,Beef,"Chuck, clod, top blade (114D  3)",Choice Cuts,,,,Choice,,,,,327.03,349.0,,,331.69,$/cwt,3.3169,per lb,National,wholesale,,,,,,10154.0,lb,,2453,National Daily Boxed Beef Cutout & Boxed Beef Cuts - Negotiated Sales - PM (PDF) (LM_XB403),2026-09-26T15:00:20+00:00
188b914baee3cbbe,2019-01-07,Beef,"Chuck, flap (116G  4)",Choice Cuts,,,,Choice,,,,,530.32,583.0,,,547.74,$/cwt,5.4774,per lb,National,wholesale,,,,,,13833.0,lb,,2453,National Daily Boxed Beef Cutout & Boxed Beef Cuts - Negotiated Sales - PM (PDF) (LM_XB403),2026-09-26T15:00:20+00:00
63ac2b144e20030c,2019-01-07,Beef,"Chuck, flap (116G  4)",Select Cuts,,,,Select,,,,,485.71,520.0,,,504.67,$/cwt,5.0467,per lb,National,wholesale,,,,,,19719.0,lb,,2453,National Daily Boxed Beef Cutout & Boxed Beef Cuts - Negotiated Sales - PM (PDF) (LM_XB403),2026-09-26T15:00:20+00:00
9f4f2e3092ffe9ef,2019-01-07,Beef,"Chuck, roll, lxl, neck/off (116A  3)",Choice Cuts,,,,Choice,,,,,290.0,325.0,,,299.65,$/cwt,2.9965,per lb,National,wholesale,,,,,,69848.0,lb,,2453,National Daily Boxed Beef Cutout & Boxed Beef Cuts - Negotiated Sales - PM (PDF) (LM_XB403),2026-09-26T15:00:20+00:00
6bacc6745f9ea66b,2019-01-07,Beef,"Chuck, roll, lxl, neck/off (116A  3)",Select Cuts,,,,Select,,,,,288.83,300.0,,,291.15,$/cwt,2.9115,per lb,National,wholesale,,,,,,10633.0,lb,,2453,National Daily Boxed Beef Cutout & Boxed Beef Cuts - Negotiated Sales - PM (PDF) (LM_XB403),2026-09-26T15:00:20+00:00
b6739e828987aaf7,2019-01-07,Beef,"Chuck, short rib (130  4)",Choice Cuts,,,,Choice,,,,,299.0,430.0,,,346.86,$/cwt,3.4686,per lb,National,wholesale,,,,,,116028.0,lb,,2453,National Daily Boxed Beef Cutout & Boxed Beef Cuts - Negotiated Sales - PM (PDF) (LM_XB403),2026-09-26T15:00:20+00:00
925bed0498fd6709,2019-01-07,Beef,"Chuck, shoulder clod (114  1)",Choice Cuts,,,,Choice,,,,,187.44,210.0,,,197.1,$/cwt,1.971,per lb,National,wholesale,,,,,,49517.0,lb,,2453,National Daily Boxed Beef Cutout & Boxed Beef Cuts - Negotiated Sales - PM (PDF) (LM_XB403),2026-09-26T15:00:20+00:00
a7987c6d297d2851,2019-01-07,Beef,"Chuck, shoulder clod (114  1)",Select Cuts,,,,Select,,,,,196.53,208.3,,,197.41,$/cwt,1.9741,per lb,National,wholesale,,,,,,87189.0,lb,,2453,National Daily Boxed Beef Cutout & Boxed Beef Cuts - Negotiated Sales - PM (PDF) (LM_XB403),2026-09-26T15:00:20+00:00
6059a8e0079a903c,2019-01-07,Beef,"Chuck, shoulder clod, trmd (114A  3)",Choice Cuts,,,,Choice,,,,,188.54,223.22,,,200.19,$/cwt,2.0019,per lb,National,wholesale,,,,,,164274.0,lb,,2453,National Daily Boxed Beef Cutout & Boxed Beef Cuts - Negotiated Sales - PM (PDF) (LM_XB403),2026-09-26T15:00:20+00:00
c73d4a5e8c394cef,2019-01-07,Beef,"Chuck, shoulder clod, trmd (114A  3)",Select Cuts,,,,Select,,,,,203.86,220.12,,,209.32,$/cwt,2.0932,per lb,National,wholesale,,,,,,20097.0,lb,,2453,National Daily Boxed Beef Cutout & Boxed Beef Cuts - Negotiated Sales - PM (PDF) (LM_XB403),2026-09-26T15:00:20+00:00
7aadc68ec67c4ac6,2019-01-07,Beef,Cutout 600-900 lb,,,,,Select,,,,,,,,,208.21,$/cwt,2.0821,per lb,National,wholesale,,,,,,,,,2453,National Daily Boxed Beef Cutout & Boxed Beef Cuts - Negotiated Sales - PM (PDF) (LM_XB403),2026-09-26T15:00:20+00:00
8cf3519b73a6ccf7,2019-01-07,Beef,Cutout 600-900 lb,,,,,Choice,,,,,,,,,214.28,$/cwt,2.1428,per lb,National,wholesale,,,,,,,,,2453,National Daily Boxed Beef Cutout & Boxed Beef Cuts - Negotiated Sales - PM (PDF) (LM_XB403),2026-09-26T15:00:20+00:00
62926dc125ccad00,2019-01-07,Beef,"Flank, flank steak (193  4)",Choice Cuts,,,,Choice,,,,,462.0,491.75,,,476.12,$/cwt,4.7612,per lb,National,wholesale,,,,,,25350.0,lb,,2453,National Daily Boxed Beef Cutout & Boxed Beef Cuts - Negotiated Sales - PM (PDF) (LM_XB403),2026-09-26T15:00:20+00:00
a166b0185094cbc2,2019-01-07,Beef,"Flank, flank steak (193  4)",Select Cuts,,,,Select,,,,,455.0,466.0,,,456.11,$/cwt,4.5611,per lb,National,wholesale,,,,,,7694.0,lb,,2453,National Daily Boxed Beef Cutout & Boxed Beef Cuts - Negotiated Sales - PM (PDF) (LM_XB403),2026-09-26T15:00:20+00:00
e821bc780d5d9167,2019-01-07,Beef,Ground Beef 73%,Ground Beef,,,,,,,,,165.0,207.35,,,177.15,$/cwt,1.7715,per lb,National,wholesale,,,,,,160045.0,lb,,2453,National Daily Boxed Beef Cutout & Boxed Beef Cuts - Negotiated Sales - PM (PDF) (LM_XB403),2026-09-26T15:00:20+00:00
83b0f1dc091a71d7,2019-01-07,Beef,Ground Beef 81%,Ground Beef,,,,,,,,,163.65,216.13,,,179.08,$/cwt,1.7908,per lb,National,wholesale,,,,,,407254.0,lb,,2453,National Daily Boxed Beef Cutout & Boxed Beef Cuts - Negotiated Sales - PM (PDF) (LM_XB403),2026-09-26T15:00:20+00:00
b210d8a439e42e76,2019-01-07,Beef,Ground Beef 93%,Ground Beef,,,,,,,,,293.0,310.28,,,300.31,$/cwt,3.0031,per lb,National,wholesale,,,,,,23606.0,lb,,2453,National Daily Boxed Beef Cutout & Boxed Beef Cuts - Negotiated Sales - PM (PDF) (LM_XB403),2026-09-26T15:00:20+00:00
1035da41c867e36a,2019-01-07,Beef,Ground Beef Chuck,Ground Beef,,,,,,,,,196.5,212.35,,,204.05,$/cwt,2.0405,per lb,National,wholesale,,,,,,119249.0,lb,,2453,National Daily Boxed Beef Cutout & Boxed Beef Cuts - Negotiated Sales - PM (PDF) (LM_XB403),2026-09-26T15:00:20+00:00
8bbf027cd3f1b1f9,2019-01-07,Beef,"Loin, ball-tip, bnls, heavy (185B  1)",Choice Cuts,,,,Choice,,,,,252.49,260.0,,,254.22,$/cwt,2.5422,per lb,National,wholesale,,,,,,17043.0,lb,,2453,National Daily Boxed Beef Cutout & Boxed Beef Cuts - Negotiated Sales - PM (PDF) (LM_XB403),2026-09-26T15:00:20+00:00
8bbdb8ed38998474,2019-01-07,Beef,"Loin, ball-tip, bnls, heavy (185B  1)",Select Cuts,,,,Select,,,,,207.32,210.0,,,209.2,$/cwt,2.092,per lb,National,wholesale,,,,,,113128.0,lb,,2453,National Daily Boxed Beef Cutout & Boxed Beef Cuts - Negotiated Sales - PM (PDF) (LM_XB403),2026-09-26T15:00:20+00:00
d42b11882f04f662,2019-01-07,Beef,"Loin, bottom sirloin, flap (185A  4)",Choice Cuts,,,,Choice,,,,,486.0,560.75,,,509.68,$/cwt,5.0968,per lb,National,wholesale,,,,,,54048.0,lb,,2453,National Daily Boxed Beef Cutout & Boxed Beef Cuts - Negotiated Sales - PM (PDF) (LM_XB403),2026-09-26T15:00:20+00:00
2e577eb3bdf81759,2019-01-07,Beef,"Loin, bottom sirloin, flap (185A  4)",Select Cuts,,,,Select,,,,,475.0,525.25,,,497.79,$/cwt,4.9779,per lb,National,wholesale,,,,,,10179.0,lb,,2453,National Daily Boxed Beef Cutout & Boxed Beef Cuts - Negotiated Sales - PM (PDF) (LM_XB403),2026-09-26T15:00:20+00:00
a2d95d07f3a8afb1,2019-01-07,Beef,"Loin, butt tender, trimmed (191A  4)",Choice Cuts,,,,Choice,,,,,983.0,1030.0,,,995.13,$/cwt,9.9513,per lb,National,wholesale,,,,,,3389.0,lb,,2453,National Daily Boxed Beef Cutout & Boxed Beef Cuts - Negotiated Sales - PM (PDF) (LM_XB403),2026-09-26T15:00:20+00:00
acba61ebf1b8bbfb,2019-01-07,Beef,"Loin, short loin, 0x1 (174  3)",Choice Cuts,,,,Choice,,,,,488.0,534.0,,,493.57,$/cwt,4.9357,per lb,National,wholesale,,,,,,86846.0,lb,,2453,National Daily Boxed Beef Cutout & Boxed Beef Cuts - Negotiated Sales - PM (PDF) (LM_XB403),2026-09-26T15:00:20+00:00
6cb8e65bbd6aa450,2019-01-07,Beef,"Loin, short loin, 0x1 (174  3)",Select Cuts,,,,Select,,,,,440.0,481.88,,,466.64,$/cwt,4.6664,per lb,National,wholesale,,,,,,9504.0,lb,,2453,National Daily Boxed Beef Cutout & Boxed Beef Cuts - Negotiated Sales - PM (PDF) (LM_XB403),2026-09-26T15:00:20+00:00
eb4d10a9702ed0e8,2019-01-07,Beef,"Loin, sirloin, tri-tip, pld (185D  4)",Choice Cuts,,,,Choice,,,,,375.0,426.75,,,402.98,$/cwt,4.0298,per lb,National,wholesale,,,,,,4872.0,lb,,2453,National Daily Boxed Beef Cutout & Boxed Beef Cuts - Negotiated Sales - PM (PDF) (LM_XB403),2026-09-26T15:00:20+00:00
1273ac7578766a57,2019-01-07,Beef,"Loin, strip loin bnls. 1x1 (  1)",Choice Cuts,,,,Choice,,,,,478.0,478.0,,,478.0,$/cwt,4.78,per lb,National,wholesale,,,,,,2164.0,lb,,2453,National Daily Boxed Beef Cutout & Boxed Beef Cuts - Negotiated Sales - PM (PDF) (LM_XB403),2026-09-26T15:00:20+00:00
d928fa7ad86af3ed,2019-01-07,Beef,"Loin, strip loin, 1x1 (175  3)",Choice Cuts,,,,Choice,,,,,413.91,421.05,,,420.06,$/cwt,4.2006,per lb,National,wholesale,,,,,,149627.0,lb,,2453,National Daily Boxed Beef Cutout & Boxed Beef Cuts - Negotiated Sales - PM (PDF) (LM_XB403),2026-09-26T15:00:20+00:00
b32aa2d5e0686327,2019-01-07,Beef,"Loin, strip, bnls, 0x1 (180  3)",Choice Cuts,,,,Choice,,,,,514.74,554.0,,,533.44,$/cwt,5.3344,per lb,National,wholesale,,,,,,18161.0,lb,,2453,National Daily Boxed Beef Cutout & Boxed Beef Cuts - Negotiated Sales - PM (PDF) (LM_XB403),2026-09-26T15:00:20+00:00
82777f8cd65f5982,2019-01-07,Beef,"Loin, strip, bnls, 0x1 (180  3)",Select Cuts,,,,Select,,,,,443.0,488.26,,,468.06,$/cwt,4.6806,per lb,National,wholesale,,,,,,19204.0,lb,,2453,National Daily Boxed Beef Cutout & Boxed Beef Cuts - Negotiated Sales - PM (PDF) (LM_XB403),2026-09-26T15:00:20+00:00
ae88a057fb0a7e0c,2019-01-07,Beef,"Loin, tndrloin, trmd, heavy (189A  4)",Choice Cuts,,,,Choice,,,,,1012.57,1079.0,,,1032.4,$/cwt,10.324,per lb,National,wholesale,,,,,,43302.0,lb,,2453,National Daily Boxed Beef Cutout & Boxed Beef Cuts - Negotiated Sales - PM (PDF) (LM_XB403),2026-09-26T15:00:20+00:00
d61285d64e9b4474,2019-01-07,Beef,"Loin, tndrloin, trmd, heavy (189A  4)",Select Cuts,,,,Select,,,,,1021.0,1060.0,,,1043.59,$/cwt,10.4359,per lb,National,wholesale,,,,,,3702.0,lb,,2453,National Daily Boxed Beef Cutout & Boxed Beef Cuts - Negotiated Sales - PM (PDF) (LM_XB403),2026-09-26T15:00:20+00:00
db3dc7d582e3aeb3,2019-01-07,Beef,"Loin, top butt, boneless (184  3)",Choice Cuts,,,,Choice,,,,,342.58,371.0,,,356.9,$/cwt,3.569,per lb,National,wholesale,,,,,,105330.0,lb,,2453,National Daily Boxed Beef Cutout & Boxed Beef Cuts - Negotiated Sales - PM (PDF) (LM_XB403),2026-09-26T15:00:20+00:00
fd79861828c47cd7,2019-01-07,Beef,"Loin, top butt, boneless (184  3)",Select Cuts,,,,Select,,,,,341.25,358.95,,,347.2,$/cwt,3.472,per lb,National,wholesale,,,,,,10179.0,lb,,2453,National Daily Boxed Beef Cutout & Boxed Beef Cuts - Negotiated Sales - PM (PDF) (LM_XB403),2026-09-26T15:00:20+00:00
7584d942f7296d62,2019-01-07,Beef,"Rib, ribeye, bnls, heavy (112A  3)",Choice Cuts,,,,Choice,,,,,715.75,759.8,,,724.6,$/cwt,7.246,per lb,National,wholesale,,,,,,30686.0,lb,,2453,National Daily Boxed Beef Cutout & Boxed Beef Cuts - Negotiated Sales - PM (PDF) (LM_XB403),2026-09-26T15:00:20+00:00
53ff8738c3a67df0,2019-01-07,Beef,"Rib, ribeye, bnls, heavy (112A  3)",Select Cuts,,,,Select,,,,,635.0,706.75,,,656.74,$/cwt,6.5674,per lb,National,wholesale,,,,,,43554.0,lb,,2453,National Daily Boxed Beef Cutout & Boxed Beef Cuts - Negotiated Sales - PM (PDF) (LM_XB403),2026-09-26T15:00:20+00:00
3af12d5bce9e5146,2019-01-07,Beef,"Rib, ribeye, bnls, light (112A  3)",Choice Cuts,,,,Choice,,,,,730.0,760.81,,,731.72,$/cwt,7.3172,per lb,National,wholesale,,,,,,48574.0,lb,,2453,National Daily Boxed Beef Cutout & Boxed Beef Cuts - Negotiated Sales - PM (PDF) (LM_XB403),2026-09-26T15:00:20+00:00
8933d9306a60ffc3,2019-01-07,Beef,"Rib, ribeye, bnls, light (112A  3)",Select Cuts,,,,Select,,,,,621.05,720.75,,,651.82,$/cwt,6.5182,per lb,National,wholesale,,,,,,43182.0,lb,,2453,National Daily Boxed Beef Cutout & Boxed Beef Cuts - Negotiated Sales - PM (PDF) (LM_XB403),2026-09-26T15:00:20+00:00
b8bcbfc38b58208e,2019-01-07,Beef,"Rib, ribeye, lip-on, bn-in (109E  1)",Choice Cuts,,,,Choice,,,,,621.0,703.95,,,679.54,$/cwt,6.7954,per lb,National,wholesale,,,,,,55708.0,lb,,2453,National Daily Boxed Beef Cutout & Boxed Beef Cuts - Negotiated Sales - PM (PDF) (LM_XB403),2026-09-26T15:00:20+00:00
3d666db05d92e1b3,2019-01-07,Beef,"Round, bottom gooseneck (170  1)",Choice Cuts,,,,Choice,,,,,200.13,221.75,,,205.88,$/cwt,2.0588,per lb,National,wholesale,,,,,,3956.0,lb,,2453,National Daily Boxed Beef Cutout & Boxed Beef Cuts - Negotiated Sales - PM (PDF) (LM_XB403),2026-09-26T15:00:20+00:00
5519c7e5d77ac53b,2019-01-07,Beef,"Round, bottom gooseneck (170  1)",Select Cuts,,,,Select,,,,,194.91,205.46,,,196.7,$/cwt,1.967,per lb,National,wholesale,,,,,,51991.0,lb,,2453,National Daily Boxed Beef Cutout & Boxed Beef Cuts - Negotiated Sales - PM (PDF) (LM_XB403),2026-09-26T15:00:20+00:00
71c87aabd589fa88,2019-01-07,Beef,"Round, eye of round (171C  3)",Choice Cuts,,,,Choice,,,,,235.0,280.0,,,257.98,$/cwt,2.5798,per lb,National,wholesale,,,,,,62513.0,lb,,2453,National Daily Boxed Beef Cutout & Boxed Beef Cuts - Negotiated Sales - PM (PDF) (LM_XB403),2026-09-26T15:00:20+00:00
c93ce95e3666558c,2019-01-07,Beef,"Round, eye of round (171C  3)",Select Cuts,,,,Select,,,,,240.25,268.0,,,253.88,$/cwt,2.5388,per lb,National,wholesale,,,,,,19640.0,lb,,2453,National Daily Boxed Beef Cutout & Boxed Beef Cuts - Negotiated Sales - PM (PDF) (LM_XB403),2026-09-26T15:00:20+00:00
fd247254a8eb00a2,2019-01-07,Beef,"Round, knuckle, peeled (167A  4)",Choice Cuts,,,,Choice,,,,,228.01,266.75,,,239.96,$/cwt,2.3996,per lb,National,wholesale,,,,,,95627.0,lb,,2453,National Daily Boxed Beef Cutout & Boxed Beef Cuts - Negotiated Sales - PM (PDF) (LM_XB403),2026-09-26T15:00:20+00:00
7131af191edd999e,2019-01-07,Beef,"Round, knuckle, peeled (167A  4)",Select Cuts,,,,Select,,,,,238.0,263.0,,,244.37,$/cwt,2.4437,per lb,National,wholesale,,,,,,35805.0,lb,,2453,National Daily Boxed Beef Cutout & Boxed Beef Cuts - Negotiated Sales - PM (PDF) (LM_XB403),2026-09-26T15:00:20+00:00
c8c4ac4d89eb1a4d,2019-01-07,Beef,"Round, outside round (171B  3)",Choice Cuts,,,,Choice,,,,,200.38,225.0,,,204.54,$/cwt,2.0454,per lb,National,wholesale,,,,,,288880.0,lb,,2453,National Daily Boxed Beef Cutout & Boxed Beef Cuts - Negotiated Sales - PM (PDF) (LM_XB403),2026-09-26T15:00:20+00:00
120bc71f8fb79787,2019-01-07,Beef,"Round, outside round (171B  3)",Select Cuts,,,,Select,,,,,214.0,222.72,,,220.82,$/cwt,2.2082,per lb,National,wholesale,,,,,,8015.0,lb,,2453,National Daily Boxed Beef Cutout & Boxed Beef Cuts - Negotiated Sales - PM (PDF) (LM_XB403),2026-09-26T15:00:20+00:00
df0f2b193948dde8,2019-01-07,Beef,"Round, top inside round (168  3)",Choice Cuts,,,,Choice,,,,,213.0,239.0,,,220.67,$/cwt,2.2067,per lb,National,wholesale,,,,,,113040.0,lb,,2453,National Daily Boxed Beef Cutout & Boxed Beef Cuts - Negotiated Sales - PM (PDF) (LM_XB403),2026-09-26T15:00:20+00:00
c72a4f2b1dbe3e43,2019-01-07,Beef,"Round, top inside round (168  3)",Select Cuts,,,,Select,,,,,223.86,232.0,,,229.63,$/cwt,2.2963,per lb,National,wholesale,,,,,,14520.0,lb,,2453,National Daily Boxed Beef Cutout & Boxed Beef Cuts - Negotiated Sales - PM (PDF) (LM_XB403),2026-09-26T15:00:20+00:00
ea00913a4aa189ec,2019-01-07,Beef,"Round, top inside, cap off (169A  5)",Choice Cuts,,,,Choice,,,,,285.29,324.21,,,313.85,$/cwt,3.1385,per lb,National,wholesale,,,,,,23957.0,lb,,2453,National Daily Boxed Beef Cutout & Boxed Beef Cuts - Negotiated Sales - PM (PDF) (LM_XB403),2026-09-26T15:00:20+00:00
8f6b6943513efe0e,2019-01-07,Beef,"Round, top inside, cap off (169A  5)",Select Cuts,,,,Select,,,,,295.3,317.0,,,296.19,$/cwt,2.9619,per lb,National,wholesale,,,,,,7773.0,lb,,2453,National Daily Boxed Beef Cutout & Boxed Beef Cuts - Negotiated Sales - PM (PDF) (LM_XB403),2026-09-26T15:00:20+00:00
5031bca63e304539,2019-01-07,Beef,"Round, top inside, denuded (169  5)",Choice Cuts,,,,Choice,,,,,253.0,288.0,,,258.55,$/cwt,2.5855,per lb,National,wholesale,,,,,,21393.0,lb,,2453,National Daily Boxed Beef Cutout & Boxed Beef Cuts - Negotiated Sales - PM (PDF) (LM_XB403),2026-09-26T15:00:20+00:00
39e8f19a2f7bbeae,2019-01-07,Beef,"Short Plate, short rib (123A  3)",Choice Cuts,,,,Choice,,,,,530.1,686.75,,,596.54,$/cwt,5.9654,per lb,National,wholesale,,,,,,49291.0,lb,,2453,National Daily Boxed Beef Cutout & Boxed Beef Cuts - Negotiated Sales - PM (PDF) (LM_XB403),2026-09-26T15:00:20+00:00
480d104462494fa8,2019-01-08,Beef,"Brisket, deckle-off, bnls (120  1)",Choice Cuts,,,,Choice,,,,,266.0,300.75,,,275.53,$/cwt,2.7553,per lb,National,wholesale,,,,,,449412.0,lb,,2453,National Daily Boxed Beef Cutout & Boxed Beef Cuts - Negotiated Sales - PM (PDF) (LM_XB403),2026-09-26T15:00:20+00:00
6cf932b84157fb64,2019-01-08,Beef,"Brisket, deckle-off, bnls (120  1)",Select Cuts,,,,Select,,,,,259.87,295.3,,,267.13,$/cwt,2.6713,per lb,National,wholesale,,,,,,419099.0,lb,,2453,National Daily Boxed Beef Cutout & Boxed Beef Cuts - Negotiated Sales - PM (PDF) (LM_XB403),2026-09-26T15:00:20+00:00
6000b468816e44a6,2019-01-08,Beef,"Brisket, point/off, bnls (120A  3)",Choice Cuts,,,,Choice,,,,,466.8,502.3,,,484.8,$/cwt,4.848,per lb,National,wholesale,,,,,,5273.0,lb,,2453,National Daily Boxed Beef Cutout & Boxed Beef Cuts - Negotiated Sales - PM (PDF) (LM_XB403),2026-09-26T15:00:20+00:00
adaf56cc7ce17958,2019-01-08,Beef,"Chuck, chuck tender (116B  1)",Choice Cuts,,,,Choice,,,,,211.8,256.25,,,228.38,$/cwt,2.2838,per lb,National,wholesale,,,,,,78292.0,lb,,2453,National Daily Boxed Beef Cutout & Boxed Beef Cuts - Negotiated Sales - PM (PDF) (LM_XB403),2026-09-26T15:00:20+00:00
d42c860ef98485b4,2019-01-08,Beef,"Chuck, chuck tender (116B  1)",Select Cuts,,,,Select,,,,,225.0,247.0,,,234.42,$/cwt,2.3442,per lb,National,wholesale,,,,,,14313.0,lb,,2453,National Daily Boxed Beef Cutout & Boxed Beef Cuts - Negotiated Sales - PM (PDF) (LM_XB403),2026-09-26T15:00:20+00:00
bea90ee26d4e6a38,2019-01-08,Beef,"Chuck, clod tender (114F  5)",Choice Cuts,,,,Choice,,,,,405.0,435.0,,,413.02,$/cwt,4.1302,per lb,National,wholesale,,,,,,3938.0,lb,,2453,National Daily Boxed Beef Cutout & Boxed Beef Cuts - Negotiated Sales - PM (PDF) (LM_XB403),2026-09-26T15:00:20+00:00
f1dbeff666cca9f5,2019-01-08,Beef,"Chuck, clod, arm roast (114E  3)",Choice Cuts,,,,Choice,,,,,234.0,283.49,,,238.41,$/cwt,2.3841,per lb,National,wholesale,,,,,,157022.0,lb,,2453,National Daily Boxed Beef Cutout & Boxed Beef Cuts - Negotiated Sales - PM (PDF) (LM_XB403),2026-09-26T15:00:20+00:00
99f300350467a1ab,2019-01-08,Beef,"Chuck, clod, top blade (114D  3)",Choice Cuts,,,,Choice,,,,,332.23,350.56,,,337.21,$/cwt,3.3721,per lb,National,wholesale,,,,,,10552.0,lb,,2453,National Daily Boxed Beef Cutout & Boxed Beef Cuts - Negotiated Sales - PM (PDF) (LM_XB403),2026-09-26T15:00:20+00:00
0354909bb56c8ba6,2019-01-08,Beef,"Chuck, flap (116G  4)",Choice Cuts,,,,Choice,,,,,542.0,599.01,,,558.9,$/cwt,5.589,per lb,National,wholesale,,,,,,11342.0,lb,,2453,National Daily Boxed Beef Cutout & Boxed Beef Cuts - Negotiated Sales - PM (PDF) (LM_XB403),2026-09-26T15:00:20+00:00
25c947efd55ce813,2019-01-08,Beef,"Chuck, flap (116G  4)",Select Cuts,,,,Select,,,,,509.0,518.83,,,513.15,$/cwt,5.1315,per lb,National,wholesale,,,,,,13629.0,lb,,2453,National Daily Boxed Beef Cutout & Boxed Beef Cuts - Negotiated Sales - PM (PDF) (LM_XB403),2026-09-26T15:00:20+00:00
4bebb64b6b808579,2019-01-08,Beef,"Chuck, roll, lxl, neck/off (116A  3)",Choice Cuts,,,,Choice,,,,,280.0,312.25,,,299.53,$/cwt,2.9953,per lb,National,wholesale,,,,,,330199.0,lb,,2453,National Daily Boxed Beef Cutout & Boxed Beef Cuts - Negotiated Sales - PM (PDF) (LM_XB403),2026-09-26T15:00:20+00:00
2fe81465c842568d,2019-01-08,Beef,"Chuck, roll, lxl, neck/off (116A  3)",Select Cuts,,,,Select,,,,,285.27,315.0,,,298.89,$/cwt,2.9889,per lb,National,wholesale,,,,,,50133.0,lb,,2453,National Daily Boxed Beef Cutout & Boxed Beef Cuts - Negotiated Sales - PM (PDF) (LM_XB403),2026-09-26T15:00:20+00:00
0e60d4eaa29f1818,2019-01-08,Beef,"Chuck, roll, retail ready (916A  3)",Choice Cuts,,,,Choice,,,,,303.8,325.0,,,316.62,$/cwt,3.1662,per lb,National,wholesale,,,,,,52100.0,lb,,2453,National Daily Boxed Beef Cutout & Boxed Beef Cuts - Negotiated Sales - PM (PDF) (LM_XB403),2026-09-26T15:00:20+00:00
945489f60880f31e,2019-01-08,Beef,"Chuck, semi-bnls, neck/off (113C  1)",Choice Cuts,,,,Choice,,,,,209.37,243.0,,,220.22,$/cwt,2.2022,per lb,National,wholesale,,,,,,64043.0,lb,,2453,National Daily Boxed Beef Cutout & Boxed Beef Cuts - Negotiated Sales - PM (PDF) (LM_XB403),2026-09-26T15:00:20+00:00
f7e5d1f87b6776c5,2019-01-08,Beef,"Chuck, short rib (130  4)",Choice Cuts,,,,Choice,,,,,321.8,430.0,,,361.94,$/cwt,3.6194,per lb,National,wholesale,,,,,,56458.0,lb,,2453,National Daily Boxed Beef Cutout & Boxed Beef Cuts - Negotiated Sales - PM (PDF) (LM_XB403),2026-09-26T15:00:20+00:00
746ee47bc67198d5,2019-01-08,Beef,"Chuck, short rib (130  4)",Select Cuts,,,,Select,,,,,320.55,368.5,,,336.7,$/cwt,3.367,per lb,National,wholesale,,,,,,17887.0,lb,,2453,National Daily Boxed Beef Cutout & Boxed Beef Cuts - Negotiated Sales - PM (PDF) (LM_XB403),2026-09-26T15:00:20+00:00
efbe20015dbfbdd0,2019-01-08,Beef,"Chuck, shoulder clod (114  1)",Choice Cuts,,,,Choice,,,,,195.0,213.0,,,203.67,$/cwt,2.0367,per lb,National,wholesale,,,,,,23105.0,lb,,2453,National Daily Boxed Beef Cutout & Boxed Beef Cuts - Negotiated Sales - PM (PDF) (LM_XB403),2026-09-26T15:00:20+00:00
c1c7618808d66cc0,2019-01-08,Beef,"Chuck, shoulder clod, trmd (114A  3)",Choice Cuts,,,,Choice,,,,,197.81,225.0,,,204.31,$/cwt,2.0431,per lb,National,wholesale,,,,,,320214.0,lb,,2453,National Daily Boxed Beef Cutout & Boxed Beef Cuts - Negotiated Sales - PM (PDF) (LM_XB403),2026-09-26T15:00:20+00:00
dcc2796e9d6ccb1f,2019-01-08,Beef,"Chuck, shoulder clod, trmd (114A  3)",Select Cuts,,,,Select,,,,,205.75,224.3,,,207.82,$/cwt,2.0782,per lb,National,wholesale,,,,,,7294.0,lb,,2453,National Daily Boxed Beef Cutout & Boxed Beef Cuts - Negotiated Sales - PM (PDF) (LM_XB403),2026-09-26T15:00:20+00:00
1d8143374bfe12a6,2019-01-08,Beef,Cutout 600-900 lb,,,,,Choice,,,,,,,,,213.98,$/cwt,2.1398,per lb,National,wholesale,,,,,,,,,2453,National Daily Boxed Beef Cutout & Boxed Beef Cuts - Negotiated Sales - PM (PDF) (LM_XB403),2026-09-26T15:00:20+00:00
3e2240b1035e243a,2019-01-08,Beef,Cutout 600-900 lb,,,,,Select,,,,,,,,,207.26,$/cwt,2.0726,per lb,National,wholesale,,,,,,,,,2453,National Daily Boxed Beef Cutout & Boxed Beef Cuts - Negotiated Sales - PM (PDF) (LM_XB403),2026-09-26T15:00:20+00:00
ef42a4c745342742,2019-01-08,Beef,"Flank, flank steak (193  4)",Choice Cuts,,,,Choice,,,,,460.56,491.75,,,471.64,$/cwt,4.7164,per lb,National,wholesale,,,,,,47744.0,lb,,2453,National Daily Boxed Beef Cutout & Boxed Beef Cuts - Negotiated Sales - PM (PDF) (LM_XB403),2026-09-26T15:00:20+00:00
df4aaa666921ded2,2019-01-08,Beef,"Flank, flank steak (193  4)",Select Cuts,,,,Select,,,,,460.0,480.0,,,465.61,$/cwt,4.6561,per lb,National,wholesale,,,,,,10914.0,lb,,2453,National Daily Boxed Beef Cutout & Boxed Beef Cuts - Negotiated Sales - PM (PDF) (LM_XB403),2026-09-26T15:00:20+00:00
1795407b3376e4f1,2019-01-08,Beef,Ground Beef 73%,Ground Beef,,,,,,,,,161.0,190.3,,,167.74,$/cwt,1.6774,per lb,National,wholesale,,,,,,180984.0,lb,,2453,National Daily Boxed Beef Cutout & Boxed Beef Cuts - Negotiated Sales - PM (PDF) (LM_XB403),2026-09-26T15:00:20+00:00
58ed0932ede5c5ef,2019-01-08,Beef,Ground Beef 81%,Ground Beef,,,,,,,,,170.0,214.9,,,183.53,$/cwt,1.8353,per lb,National,wholesale,,,,,,241513.0,lb,,2453,National Daily Boxed Beef Cutout & Boxed Beef Cuts - Negotiated Sales - PM (PDF) (LM_XB403),2026-09-26T15:00:20+00:00
b2fce7ff0057e27a,2019-01-08,Beef,Ground Beef Chuck,Ground Beef,,,,,,,,,175.0,211.5,,,196.42,$/cwt,1.9642,per lb,National,wholesale,,,,,,9559.0,lb,,2453,National Daily Boxed Beef Cutout & Boxed Beef Cuts - Negotiated Sales - PM (PDF) (LM_XB403),2026-09-26T15:00:20+00:00
2cd6a9fad54a0933,2019-01-08,Beef,"Loin, ball-tip, bnls, heavy (185B  1)",Choice Cuts,,,,Choice,,,,,241.52,274.72,,,245.47,$/cwt,2.4547,per lb,National,wholesale,,,,,,206845.0,lb,,2453,National Daily Boxed Beef Cutout & Boxed Beef Cuts - Negotiated Sales - PM (PDF) (LM_XB403),2026-09-26T15:00:20+00:00
8b178ed80c53410a,2019-01-08,Beef,"Loin, ball-tip, bnls, heavy (185B  1)",Select Cuts,,,,Select,,,,,217.9,260.0,,,230.7,$/cwt,2.307,per lb,National,wholesale,,,,,,7810.0,lb,,2453,National Daily Boxed Beef Cutout & Boxed Beef Cuts - Negotiated Sales - PM (PDF) (LM_XB403),2026-09-26T15:00:20+00:00
dbffc244329ea35f,2019-01-08,Beef,"Loin, bottom sirloin, flap (185A  4)",Choice Cuts,,,,Choice,,,,,475.0,561.5,,,484.21,$/cwt,4.8421,per lb,National,wholesale,,,,,,234911.0,lb,,2453,National Daily Boxed Beef Cutout & Boxed Beef Cuts - Negotiated Sales - PM (PDF) (LM_XB403),2026-09-26T15:00:20+00:00
7c54e4d6947c39e5,2019-01-08,Beef,"Loin, bottom sirloin, flap (185A  4)",Select Cuts,,,,Select,,,,,477.0,530.0,,,487.15,$/cwt,4.8715,per lb,National,wholesale,,,,,,19588.0,lb,,2453,National Daily Boxed Beef Cutout & Boxed Beef Cuts - Negotiated Sales - PM (PDF) (LM_XB403),2026-09-26T15:00:20+00:00
945a2531f26798be,2019-01-08,Beef,"Loin, butt tender, trimmed (191A  4)",Choice Cuts,,,,Choice,,,,,971.05,985.0,,,974.24,$/cwt,9.7424,per lb,National,wholesale,,,,,,1046.0,lb,,2453,National Daily Boxed Beef Cutout & Boxed Beef Cuts - Negotiated Sales - PM (PDF) (LM_XB403),2026-09-26T15:00:20+00:00
1e58e660322332bb,2019-01-08,Beef,"Loin, butt tender, trimmed (191A  4)",Select Cuts,,,,Select,,,,,941.8,949.08,,,943.16,$/cwt,9.4316,per lb,National,wholesale,,,,,,10968.0,lb,,2453,National Daily Boxed Beef Cutout & Boxed Beef Cuts - Negotiated Sales - PM (PDF) (LM_XB403),2026-09-26T15:00:20+00:00
2ba5b43b707f97ad,2019-01-08,Beef,"Loin, short loin, 0x1 (174  3)",Choice Cuts,,,,Choice,,,,,489.0,540.75,,,494.73,$/cwt,4.9473,per lb,National,wholesale,,,,,,126218.0,lb,,2453,National Daily Boxed Beef Cutout & Boxed Beef Cuts - Negotiated Sales - PM (PDF) (LM_XB403),2026-09-26T15:00:20+00:00
e3aa4a47bded4ccb,2019-01-08,Beef,"Loin, short loin, 0x1 (174  3)",Select Cuts,,,,Select,,,,,443.56,490.0,,,449.27,$/cwt,4.4927,per lb,National,wholesale,,,,,,98124.0,lb,,2453,National Daily Boxed Beef Cutout & Boxed Beef Cuts - Negotiated Sales - PM (PDF) (LM_XB403),2026-09-26T15:00:20+00:00
5fffbd2fa777139e,2019-01-08,Beef,"Loin, sirloin, tri-tip (185C  1)",Choice Cuts,,,,Choice,,,,,275.0,316.5,,,296.31,$/cwt,2.9631,per lb,National,wholesale,,,,,,84457.0,lb,,2453,National Daily Boxed Beef Cutout & Boxed Beef Cuts - Negotiated Sales - PM (PDF) (LM_XB403),2026-09-26T15:00:20+00:00
7e8be03943266c7a,2019-01-08,Beef,"Loin, sirloin, tri-tip, pld (185D  4)",Choice Cuts,,,,Choice,,,,,377.88,420.0,,,400.37,$/cwt,4.0037,per lb,National,wholesale,,,,,,26519.0,lb,,2453,National Daily Boxed Beef Cutout & Boxed Beef Cuts - Negotiated Sales - PM (PDF) (LM_XB403),2026-09-26T15:00:20+00:00
e77108915eded4cd,2019-01-08,Beef,"Loin, strip loin, 1x1 (175  3)",Choice Cuts,,,,Choice,,,,,421.05,480.75,,,423.16,$/cwt,4.2316,per lb,National,wholesale,,,,,,41586.0,lb,,2453,National Daily Boxed Beef Cutout & Boxed Beef Cuts - Negotiated Sales - PM (PDF) (LM_XB403),2026-09-26T15:00:20+00:00
47e22cde6746e220,2019-01-08,Beef,"Loin, strip, bnls, 0x1 (180  3)",Choice Cuts,,,,Choice,,,,,514.0,565.75,,,529.87,$/cwt,5.2987,per lb,National,wholesale,,,,,,53334.0,lb,,2453,National Daily Boxed Beef Cutout & Boxed Beef Cuts - Negotiated Sales - PM (PDF) (LM_XB403),2026-09-26T15:00:20+00:00
0f89ff89729aef7f,2019-01-08,Beef,"Loin, strip, bnls, 0x1 (180  3)",Select Cuts,,,,Select,,,,,443.0,495.3,,,456.82,$/cwt,4.5682,per lb,National,wholesale,,,,,,91982.0,lb,,2453,National Daily Boxed Beef Cutout & Boxed Beef Cuts - Negotiated Sales - PM (PDF) (LM_XB403),2026-09-26T15:00:20+00:00
af59fda52cf9c4d7,2019-01-08,Beef,"Loin, tndrloin, trmd, heavy (189A  4)",Choice Cuts,,,,Choice,,,,,1016.96,1180.25,,,1024.58,$/cwt,10.2458,per lb,National,wholesale,,,,,,28419.0,lb,,2453,National Daily Boxed Beef Cutout & Boxed Beef Cuts - Negotiated Sales - PM (PDF) (LM_XB403),2026-09-26T15:00:20+00:00
71889d338bee4808,2019-01-08,Beef,"Loin, tndrloin, trmd, heavy (189A  4)",Select Cuts,,,,Select,,,,,1023.0,1060.0,,,1043.75,$/cwt,10.4375,per lb,National,wholesale,,,,,,8384.0,lb,,2453,National Daily Boxed Beef Cutout & Boxed Beef Cuts - Negotiated Sales - PM (PDF) (LM_XB403),2026-09-26T15:00:20+00:00
9a4631846822376b,2019-01-08,Beef,"Loin, top butt, CC (184B  3)",Choice Cuts,,,,Choice,,,,,445.77,501.0,,,454.24,$/cwt,4.5424,per lb,National,wholesale,,,,,,180059.0,lb,,2453,National Daily Boxed Beef Cutout & Boxed Beef Cuts - Negotiated Sales - PM (PDF) (LM_XB403),2026-09-26T15:00:20+00:00
7434b7f8253a5eec,2019-01-08,Beef,"Loin, top butt, bnls, heavy (184  1)",Choice Cuts,,,,Choice,,,,,330.94,359.52,,,332.5,$/cwt,3.325,per lb,National,wholesale,,,,,,39482.0,lb,,2453,National Daily Boxed Beef Cutout & Boxed Beef Cuts - Negotiated Sales - PM (PDF) (LM_XB403),2026-09-26T15:00:20+00:00
bcf73b66213c4672,2019-01-08,Beef,"Loin, top butt, boneless (184  3)",Choice Cuts,,,,Choice,,,,,337.0,371.25,,,346.14,$/cwt,3.4614,per lb,National,wholesale,,,,,,127614.0,lb,,2453,National Daily Boxed Beef Cutout & Boxed Beef Cuts - Negotiated Sales - PM (PDF) (LM_XB403),2026-09-26T15:00:20+00:00
4ab3660991de8c72,2019-01-08,Beef,"Loin, top butt, boneless (184  3)",Select Cuts,,,,Select,,,,,340.0,357.0,,,346.55,$/cwt,3.4655,per lb,National,wholesale,,,,,,13984.0,lb,,2453,National Daily Boxed Beef Cutout & Boxed Beef Cuts - Negotiated Sales - PM (PDF) (LM_XB403),2026-09-26T15:00:20+00:00
89a216ce4e736b9f,2019-01-08,Beef,"Rib, ribeye, bnls, heavy (112A  3)",Choice Cuts,,,,Choice,,,,,715.56,797.54,,,771.17,$/cwt,7.7117,per lb,National,wholesale,,,,,,121857.0,lb,,2453,National Daily Boxed Beef Cutout & Boxed Beef Cuts - Negotiated Sales - PM (PDF) (LM_XB403),2026-09-26T15:00:20+00:00
6903569a7d1e4075,2019-01-08,Beef,"Rib, ribeye, bnls, heavy (112A  3)",Select Cuts,,,,Select,,,,,639.72,705.3,,,661.76,$/cwt,6.6176,per lb,National,wholesale,,,,,,9733.0,lb,,2453,National Daily Boxed Beef Cutout & Boxed Beef Cuts - Negotiated Sales - PM (PDF) (LM_XB403),2026-09-26T15:00:20+00:00
6ffff4b085a670bc,2019-01-08,Beef,"Rib, ribeye, bnls, light (112A  3)",Choice Cuts,,,,Choice,,,,,730.0,770.0,,,735.07,$/cwt,7.3507,per lb,National,wholesale,,,,,,46815.0,lb,,2453,National Daily Boxed Beef Cutout & Boxed Beef Cuts - Negotiated Sales - PM (PDF) (LM_XB403),2026-09-26T15:00:20+00:00
b58cf8cb3c7e47f0,2019-01-08,Beef,"Rib, ribeye, bnls, light (112A  3)",Select Cuts,,,,Select,,,,,641.0,660.4,,,644.85,$/cwt,6.4485,per lb,National,wholesale,,,,,,310275.0,lb,,2453,National Daily Boxed Beef Cutout & Boxed Beef Cuts - Negotiated Sales - PM (PDF) (LM_XB403),2026-09-26T15:00:20+00:00
54cc35d057578f09,2019-01-08,Beef,"Rib, ribeye, lip-on, bn-in (109E  1)",Choice Cuts,,,,Choice,,,,,615.56,660.72,,,636.27,$/cwt,6.3627,per lb,National,wholesale,,,,,,11059.0,lb,,2453,National Daily Boxed Beef Cutout & Boxed Beef Cuts - Negotiated Sales - PM (PDF) (LM_XB403),2026-09-26T15:00:20+00:00
24fe8ee74384855b,2019-01-08,Beef,"Rib, ribeye, lip-on, bn-in (109E  1)",Select Cuts,,,,Select,,,,,560.56,578.5,,,567.05,$/cwt,5.6705,per lb,National,wholesale,,,,,,3987.0,lb,,2453,National Daily Boxed Beef Cutout & Boxed Beef Cuts - Negotiated Sales - PM (PDF) (LM_XB403),2026-09-26T15:00:20+00:00
48be2b710c5bd815,2019-01-08,Beef,"Round, bottom gooseneck (170  1)",Choice Cuts,,,,Choice,,,,,206.25,230.0,,,211.02,$/cwt,2.1102,per lb,National,wholesale,,,,,,3934.0,lb,,2453,National Daily Boxed Beef Cutout & Boxed Beef Cuts - Negotiated Sales - PM (PDF) (LM_XB403),2026-09-26T15:00:20+00:00
f90fb25344496359,2019-01-08,Beef,"Round, eye of round (171C  3)",Choice Cuts,,,,Choice,,,,,226.8,275.0,,,242.16,$/cwt,2.4216,per lb,National,wholesale,,,,,,136634.0,lb,,2453,National Daily Boxed Beef Cutout & Boxed Beef Cuts - Negotiated Sales - PM (PDF) (LM_XB403),2026-09-26T15:00:20+00:00
856f06632fc91915,2019-01-08,Beef,"Round, eye of round (171C  3)",Select Cuts,,,,Select,,,,,245.0,270.3,,,254.11,$/cwt,2.5411,per lb,National,wholesale,,,,,,15981.0,lb,,2453,National Daily Boxed Beef Cutout & Boxed Beef Cuts - Negotiated Sales - PM (PDF) (LM_XB403),2026-09-26T15:00:20+00:00
0deae1caf7e704bb,2019-01-08,Beef,"Round, knuckle, peeled (167A  4)",Choice Cuts,,,,Choice,,,,,221.8,275.0,,,234.88,$/cwt,2.3488,per lb,National,wholesale,,,,,,341898.0,lb,,2453,National Daily Boxed Beef Cutout & Boxed Beef Cuts - Negotiated Sales - PM (PDF) (LM_XB403),2026-09-26T15:00:20+00:00
c268c80a01b20b95,2019-01-08,Beef,"Round, knuckle, peeled (167A  4)",Select Cuts,,,,Select,,,,,230.0,267.0,,,239.06,$/cwt,2.3906,per lb,National,wholesale,,,,,,17725.0,lb,,2453,National Daily Boxed Beef Cutout & Boxed Beef Cuts - Negotiated Sales - PM (PDF) (LM_XB403),2026-09-26T15:00:20+00:00
1272c3cfa420a4a7,2019-01-08,Beef,"Round, outside round (171B  3)",Choice Cuts,,,,Choice,,,,,197.0,229.0,,,203.2,$/cwt,2.032,per lb,National,wholesale,,,,,,439407.0,lb,,2453,National Daily Boxed Beef Cutout & Boxed Beef Cuts - Negotiated Sales - PM (PDF) (LM_XB403),2026-09-26T15:00:20+00:00
47c28c6e50a7fc36,2019-01-08,Beef,"Round, outside round (171B  3)",Select Cuts,,,,Select,,,,,200.0,225.0,,,202.61,$/cwt,2.0261,per lb,National,wholesale,,,,,,22667.0,lb,,2453,National Daily Boxed Beef Cutout & Boxed Beef Cuts - Negotiated Sales - PM (PDF) (LM_XB403),2026-09-26T15:00:20+00:00
e462aab459a8bb54,2019-01-08,Beef,"Round, top inside round (168  1)",Choice Cuts,,,,Choice,,,,,200.56,224.0,,,210.27,$/cwt,2.1027,per lb,National,wholesale,,,,,,16709.0,lb,,2453,National Daily Boxed Beef Cutout & Boxed Beef Cuts - Negotiated Sales - PM (PDF) (LM_XB403),2026-09-26T15:00:20+00:00
0760ca4b6a92274d,2019-01-08,Beef,"Round, top inside round (168  1)",Select Cuts,,,,Select,,,,,215.0,217.0,,,216.74,$/cwt,2.1674,per lb,National,wholesale,,,,,,5757.0,lb,,2453,National Daily Boxed Beef Cutout & Boxed Beef Cuts - Negotiated Sales - PM (PDF) (LM_XB403),2026-09-26T15:00:20+00:00
13a535bcefeeb841,2019-01-08,Beef,"Round, top inside round (168  3)",Choice Cuts,,,,Choice,,,,,210.56,245.0,,,218.79,$/cwt,2.1879,per lb,National,wholesale,,,,,,134333.0,lb,,2453,National Daily Boxed Beef Cutout & Boxed Beef Cuts - Negotiated Sales - PM (PDF) (LM_XB403),2026-09-26T15:00:20+00:00
8058c38796ac04fc,2019-01-08,Beef,"Round, top inside round (168  3)",Select Cuts,,,,Select,,,,,218.0,240.3,,,223.87,$/cwt,2.2387,per lb,National,wholesale,,,,,,36951.0,lb,,2453,National Daily Boxed Beef Cutout & Boxed Beef Cuts - Negotiated Sales - PM (PDF) (LM_XB403),2026-09-26T15:00:20+00:00
f01f4594670c0c4b,2019-01-08,Beef,"Round, top inside, cap off (169A  5)",Choice Cuts,,,,Choice,,,,,276.0,317.0,,,281.81,$/cwt,2.8181,per lb,National,wholesale,,,,,,82376.0,lb,,2453,National Daily Boxed Beef Cutout & Boxed Beef Cuts - Negotiated Sales - PM (PDF) (LM_XB403),2026-09-26T15:00:20+00:00
c17c364b9b65f50c,2019-01-08,Beef,"Round, top inside, denuded (169  5)",Choice Cuts,,,,Choice,,,,,240.85,288.0,,,247.73,$/cwt,2.4773,per lb,National,wholesale,,,,,,120541.0,lb,,2453,National Daily Boxed Beef Cutout & Boxed Beef Cuts - Negotiated Sales - PM (PDF) (LM_XB403),2026-09-26T15:00:20+00:00
ff589eb98e0b0e8b,2019-01-08,Beef,"Short Plate, short rib (123A  3)",Choice Cuts,,,,Choice,,,,,570.0,589.15,,,573.27,$/cwt,5.7327,per lb,National,wholesale,,,,,,10597.0,lb,,2453,National Daily Boxed Beef Cutout & Boxed Beef Cuts - Negotiated Sales - PM (PDF) (LM_XB403),2026-09-26T15:00:20+00:00
3bebcef43562588c,2019-01-09,Beef,"Brisket, deckle-off, bnls (120  1)",Choice Cuts,,,,Choice,,,,,269.0,300.0,,,275.1,$/cwt,2.751,per lb,National,wholesale,,,,,,273421.0,lb,,2453,National Daily Boxed Beef Cutout & Boxed Beef Cuts - Negotiated Sales - PM (PDF) (LM_XB403),2026-09-26T15:00:20+00:00
2d99ce63811dc793,2019-01-09,Beef,"Brisket, deckle-off, bnls (120  1)",Select Cuts,,,,Select,,,,,269.17,293.92,,,274.72,$/cwt,2.7472,per lb,National,wholesale,,,,,,29898.0,lb,,2453,National Daily Boxed Beef Cutout & Boxed Beef Cuts - Negotiated Sales - PM (PDF) (LM_XB403),2026-09-26T15:00:20+00:00
e7743f00507fb4cf,2019-01-09,Beef,"Brisket, point/off, bnls (120A  3)",Choice Cuts,,,,Choice,,,,,445.0,499.3,,,476.16,$/cwt,4.7616,per lb,National,wholesale,,,,,,9561.0,lb,,2453,National Daily Boxed Beef Cutout & Boxed Beef Cuts - Negotiated Sales - PM (PDF) (LM_XB403),2026-09-26T15:00:20+00:00
65e4bf3c387e9a7e,2019-01-09,Beef,"Chuck, chuck tender (116B  1)",Choice Cuts,,,,Choice,,,,,226.0,255.0,,,232.82,$/cwt,2.3282,per lb,National,wholesale,,,,,,36973.0,lb,,2453,National Daily Boxed Beef Cutout & Boxed Beef Cuts - Negotiated Sales - PM (PDF) (LM_XB403),2026-09-26T15:00:20+00:00
5aff7ed7a3b86337,2019-01-09,Beef,"Chuck, chuck tender (116B  1)",Select Cuts,,,,Select,,,,,221.3,244.0,,,227.99,$/cwt,2.2799,per lb,National,wholesale,,,,,,21114.0,lb,,2453,National Daily Boxed Beef Cutout & Boxed Beef Cuts - Negotiated Sales - PM (PDF) (LM_XB403),2026-09-26T15:00:20+00:00
56d2e89fb7e1d2d9,2019-01-09,Beef,"Chuck, clod tender (114F  5)",Choice Cuts,,,,Choice,,,,,405.0,430.0,,,415.02,$/cwt,4.1502,per lb,National,wholesale,,,,,,7499.0,lb,,2453,National Daily Boxed Beef Cutout & Boxed Beef Cuts - Negotiated Sales - PM (PDF) (LM_XB403),2026-09-26T15:00:20+00:00
2e2cc3e88882d230,2019-01-09,Beef,"Chuck, clod, arm roast (114E  3)",Choice Cuts,,,,Choice,,,,,238.8,245.0,,,239.24,$/cwt,2.3924,per lb,National,wholesale,,,,,,41440.0,lb,,2453,National Daily Boxed Beef Cutout & Boxed Beef Cuts - Negotiated Sales - PM (PDF) (LM_XB403),2026-09-26T15:00:20+00:00
4ed5662b24ad804f,2019-01-09,Beef,"Chuck, clod, top blade (114D  3)",Choice Cuts,,,,Choice,,,,,328.49,344.08,,,337.54,$/cwt,3.3754,per lb,National,wholesale,,,,,,7552.0,lb,,2453,National Daily Boxed Beef Cutout & Boxed Beef Cuts - Negotiated Sales - PM (PDF) (LM_XB403),2026-09-26T15:00:20+00:00
683b9a9df0aad0b7,2019-01-09,Beef,"Chuck, flap (116G  4)",Choice Cuts,,,,Choice,,,,,536.0,598.35,,,549.27,$/cwt,5.4927,per lb,National,wholesale,,,,,,24531.0,lb,,2453,National Daily Boxed Beef Cutout & Boxed Beef Cuts - Negotiated Sales - PM (PDF) (LM_XB403),2026-09-26T15:00:20+00:00
75f77b758eec5118,2019-01-09,Beef,"Chuck, roll, lxl, neck/off (116A  3)",Choice Cuts,,,,Choice,,,,,290.0,321.0,,,298.58,$/cwt,2.9858,per lb,National,wholesale,,,,,,137597.0,lb,,2453,National Daily Boxed Beef Cutout & Boxed Beef Cuts - Negotiated Sales - PM (PDF) (LM_XB403),2026-09-26T15:00:20+00:00
ac45a1e8e96df987,2019-01-09,Beef,"Chuck, roll, lxl, neck/off (116A  3)",Select Cuts,,,,Select,,,,,278.0,310.0,,,286.06,$/cwt,2.8606,per lb,National,wholesale,,,,,,66880.0,lb,,2453,National Daily Boxed Beef Cutout & Boxed Beef Cuts - Negotiated Sales - PM (PDF) (LM_XB403),2026-09-26T15:00:20+00:00
8a57ecc57e19435f,2019-01-09,Beef,"Chuck, semi-bnls, neck/off (113C  1)",Choice Cuts,,,,Choice,,,,,225.0,236.25,,,229.49,$/cwt,2.2949,per lb,National,wholesale,,,,,,16157.0,lb,,2453,National Daily Boxed Beef Cutout & Boxed Beef Cuts - Negotiated Sales - PM (PDF) (LM_XB403),2026-09-26T15:00:20+00:00
1bd91544e0c78a93,2019-01-09,Beef,"Chuck, short rib (130  4)",Choice Cuts,,,,Choice,,,,,287.65,396.75,,,309.05,$/cwt,3.0905,per lb,National,wholesale,,,,,,119654.0,lb,,2453,National Daily Boxed Beef Cutout & Boxed Beef Cuts - Negotiated Sales - PM (PDF) (LM_XB403),2026-09-26T15:00:20+00:00
c520a7a09c2f3786,2019-01-09,Beef,"Chuck, short rib (130  4)",Select Cuts,,,,Select,,,,,300.18,351.0,,,314.43,$/cwt,3.1443,per lb,National,wholesale,,,,,,17741.0,lb,,2453,National Daily Boxed Beef Cutout & Boxed Beef Cuts - Negotiated Sales - PM (PDF) (LM_XB403),2026-09-26T15:00:20+00:00
9f4ff34cd83ebbe2,2019-01-09,Beef,"Chuck, shoulder clod (114  1)",Choice Cuts,,,,Choice,,,,,193.91,212.5,,,194.87,$/cwt,1.9487,per lb,National,wholesale,,,,,,55090.0,lb,,2453,National Daily Boxed Beef Cutout & Boxed Beef Cuts - Negotiated Sales - PM (PDF) (LM_XB403),2026-09-26T15:00:20+00:00
62274f0e6f9897ea,2019-01-09,Beef,"Chuck, shoulder clod, trmd (114A  3)",Choice Cuts,,,,Choice,,,,,202.0,225.0,,,209.71,$/cwt,2.0971,per lb,National,wholesale,,,,,,172861.0,lb,,2453,National Daily Boxed Beef Cutout & Boxed Beef Cuts - Negotiated Sales - PM (PDF) (LM_XB403),2026-09-26T15:00:20+00:00
f8798a483236cec0,2019-01-09,Beef,"Chuck, shoulder clod, trmd (114A  3)",Select Cuts,,,,Select,,,,,196.0,213.13,,,204.49,$/cwt,2.0449,per lb,National,wholesale,,,,,,8205.0,lb,,2453,National Daily Boxed Beef Cutout & Boxed Beef Cuts - Negotiated Sales - PM (PDF) (LM_XB403),2026-09-26T15:00:20+00:00
9a3fda6383aef441,2019-01-09,Beef,Cutout 600-900 lb,,,,,Select,,,,,,,,,206.47,$/cwt,2.0647,per lb,National,wholesale,,,,,,,,,2453,National Daily Boxed Beef Cutout & Boxed Beef Cuts - Negotiated Sales - PM (PDF) (LM_XB403),2026-09-26T15:00:20+00:00
bbde8c44482d1a4b,2019-01-09,Beef,Cutout 600-900 lb,,,,,Choice,,,,,,,,,213.84,$/cwt,2.1384,per lb,National,wholesale,,,,,,,,,2453,National Daily Boxed Beef Cutout & Boxed Beef Cuts - Negotiated Sales - PM (PDF) (LM_XB403),2026-09-26T15:00:20+00:00
b33835aa8aba0984,2019-01-09,Beef,"Flank, flank steak (193  4)",Choice Cuts,,,,Choice,,,,,460.6,483.46,,,473.01,$/cwt,4.7301,per lb,National,wholesale,,,,,,16285.0,lb,,2453,National Daily Boxed Beef Cutout & Boxed Beef Cuts - Negotiated Sales - PM (PDF) (LM_XB403),2026-09-26T15:00:20+00:00
318ed7132a1b9ce7,2019-01-09,Beef,Ground Beef 73%,Ground Beef,,,,,,,,,151.58,185.13,,,159.24,$/cwt,1.5924,per lb,National,wholesale,,,,,,378548.0,lb,,2453,National Daily Boxed Beef Cutout & Boxed Beef Cuts - Negotiated Sales - PM (PDF) (LM_XB403),2026-09-26T15:00:20+00:00
12ec84aa7485c47d,2019-01-09,Beef,Ground Beef 81%,Ground Beef,,,,,,,,,175.0,212.0,,,190.86,$/cwt,1.9086,per lb,National,wholesale,,,,,,151868.0,lb,,2453,National Daily Boxed Beef Cutout & Boxed Beef Cuts - Negotiated Sales - PM (PDF) (LM_XB403),2026-09-26T15:00:20+00:00
eb1ad63403d0e03c,2019-01-09,Beef,Ground Beef 93%,Ground Beef,,,,,,,,,293.0,303.5,,,296.09,$/cwt,2.9609,per lb,National,wholesale,,,,,,23513.0,lb,,2453,National Daily Boxed Beef Cutout & Boxed Beef Cuts - Negotiated Sales - PM (PDF) (LM_XB403),2026-09-26T15:00:20+00:00
ef7c5c474d0f73d4,2019-01-09,Beef,Ground Beef Chuck,Ground Beef,,,,,,,,,195.0,222.32,,,201.53,$/cwt,2.0153,per lb,National,wholesale,,,,,,74154.0,lb,,2453,National Daily Boxed Beef Cutout & Boxed Beef Cuts - Negotiated Sales - PM (PDF) (LM_XB403),2026-09-26T15:00:20+00:00
4f62087169e33204,2019-01-09,Beef,Ground Beef Round,Ground Beef,,,,,,,,,251.0,265.41,,,260.05,$/cwt,2.6005,per lb,National,wholesale,,,,,,15005.0,lb,,2453,National Daily Boxed Beef Cutout & Boxed Beef Cuts - Negotiated Sales - PM (PDF) (LM_XB403),2026-09-26T15:00:20+00:00
7aa97caba23bbd51,2019-01-09,Beef,"Loin, ball-tip, bnls, heavy (185B  1)",Choice Cuts,,,,Choice,,,,,244.63,267.0,,,249.15,$/cwt,2.4915,per lb,National,wholesale,,,,,,53860.0,lb,,2453,National Daily Boxed Beef Cutout & Boxed Beef Cuts - Negotiated Sales - PM (PDF) (LM_XB403),2026-09-26T15:00:20+00:00
d96d1265a74a5972,2019-01-09,Beef,"Loin, ball-tip, bnls, heavy (185B  1)",Select Cuts,,,,Select,,,,,214.17,244.5,,,226.58,$/cwt,2.2658,per lb,National,wholesale,,,,,,23829.0,lb,,2453,National Daily Boxed Beef Cutout & Boxed Beef Cuts - Negotiated Sales - PM (PDF) (LM_XB403),2026-09-26T15:00:20+00:00
12bed1ea1fb92084,2019-01-09,Beef,"Loin, bottom sirloin, flap (185A  4)",Choice Cuts,,,,Choice,,,,,490.0,526.02,,,500.66,$/cwt,5.0066,per lb,National,wholesale,,,,,,36469.0,lb,,2453,National Daily Boxed Beef Cutout & Boxed Beef Cuts - Negotiated Sales - PM (PDF) (LM_XB403),2026-09-26T15:00:20+00:00
771ec9f529513321,2019-01-09,Beef,"Loin, bottom sirloin, flap (185A  4)",Select Cuts,,,,Select,,,,,479.79,516.25,,,500.74,$/cwt,5.0074,per lb,National,wholesale,,,,,,1770.0,lb,,2453,National Daily Boxed Beef Cutout & Boxed Beef Cuts - Negotiated Sales - PM (PDF) (LM_XB403),2026-09-26T15:00:20+00:00
95eae0788792b47b,2019-01-09,Beef,"Loin, butt tender, trimmed (191A  4)",Choice Cuts,,,,Choice,,,,,940.0,990.96,,,946.34,$/cwt,9.4634,per lb,National,wholesale,,,,,,17248.0,lb,,2453,National Daily Boxed Beef Cutout & Boxed Beef Cuts - Negotiated Sales - PM (PDF) (LM_XB403),2026-09-26T15:00:20+00:00
144dca18e2280e98,2019-01-09,Beef,"Loin, short loin, 0x1 (174  3)",Choice Cuts,,,,Choice,,,,,488.76,535.5,,,493.08,$/cwt,4.9308,per lb,National,wholesale,,,,,,87410.0,lb,,2453,National Daily Boxed Beef Cutout & Boxed Beef Cuts - Negotiated Sales - PM (PDF) (LM_XB403),2026-09-26T15:00:20+00:00
6fbd4883ecaecb59,2019-01-09,Beef,"Loin, short loin, 0x1 (174  3)",Select Cuts,,,,Select,,,,,460.0,483.13,,,467.4,$/cwt,4.674,per lb,National,wholesale,,,,,,9878.0,lb,,2453,National Daily Boxed Beef Cutout & Boxed Beef Cuts - Negotiated Sales - PM (PDF) (LM_XB403),2026-09-26T15:00:20+00:00
41b0387977d1df57,2019-01-09,Beef,"Loin, sirloin, tri-tip (185C  1)",Choice Cuts,,,,Choice,,,,,282.0,313.25,,,285.71,$/cwt,2.8571,per lb,National,wholesale,,,,,,51381.0,lb,,2453,National Daily Boxed Beef Cutout & Boxed Beef Cuts - Negotiated Sales - PM (PDF) (LM_XB403),2026-09-26T15:00:20+00:00
36bf947fdafd5cf6,2019-01-09,Beef,"Loin, sirloin, tri-tip (185C  1)",Select Cuts,,,,Select,,,,,227.0,275.75,,,248.73,$/cwt,2.4873,per lb,National,wholesale,,,,,,18807.0,lb,,2453,National Daily Boxed Beef Cutout & Boxed Beef Cuts - Negotiated Sales - PM (PDF) (LM_XB403),2026-09-26T15:00:20+00:00
e4a5cae715a1b030,2019-01-09,Beef,"Loin, sirloin, tri-tip, pld (185D  4)",Choice Cuts,,,,Choice,,,,,367.0,417.0,,,378.68,$/cwt,3.7868,per lb,National,wholesale,,,,,,32700.0,lb,,2453,National Daily Boxed Beef Cutout & Boxed Beef Cuts - Negotiated Sales - PM (PDF) (LM_XB403),2026-09-26T15:00:20+00:00
c043afe332947895,2019-01-09,Beef,"Loin, strip loin bnls. 1x1 (  1)",Choice Cuts,,,,Choice,,,,,482.0,519.25,,,503.05,$/cwt,5.0305,per lb,National,wholesale,,,,,,2196.0,lb,,2453,National Daily Boxed Beef Cutout & Boxed Beef Cuts - Negotiated Sales - PM (PDF) (LM_XB403),2026-09-26T15:00:20+00:00
30246a9c4c06be80,2019-01-09,Beef,"Loin, strip loin, 1x1 (175  3)",Choice Cuts,,,,Choice,,,,,425.61,469.0,,,444.85,$/cwt,4.4485,per lb,National,wholesale,,,,,,10494.0,lb,,2453,National Daily Boxed Beef Cutout & Boxed Beef Cuts - Negotiated Sales - PM (PDF) (LM_XB403),2026-09-26T15:00:20+00:00
231db9837c11c10d,2019-01-09,Beef,"Loin, strip, bnls, 0x1 (180  3)",Choice Cuts,,,,Choice,,,,,515.0,570.5,,,527.1,$/cwt,5.271,per lb,National,wholesale,,,,,,225646.0,lb,,2453,National Daily Boxed Beef Cutout & Boxed Beef Cuts - Negotiated Sales - PM (PDF) (LM_XB403),2026-09-26T15:00:20+00:00
169dc5207eb7f9d9,2019-01-09,Beef,"Loin, strip, bnls, 0x1 (180  3)",Select Cuts,,,,Select,,,,,461.75,473.13,,,465.54,$/cwt,4.6554,per lb,National,wholesale,,,,,,17202.0,lb,,2453,National Daily Boxed Beef Cutout & Boxed Beef Cuts - Negotiated Sales - PM (PDF) (LM_XB403),2026-09-26T15:00:20+00:00
f523c25bb6218227,2019-01-09,Beef,"Loin, tndrloin, trmd, heavy (189A  4)",Choice Cuts,,,,Choice,,,,,1019.42,1182.75,,,1032.56,$/cwt,10.3256,per lb,National,wholesale,,,,,,263617.0,lb,,2453,National Daily Boxed Beef Cutout & Boxed Beef Cuts - Negotiated Sales - PM (PDF) (LM_XB403),2026-09-26T15:00:20+00:00
0051e806368cc184,2019-01-09,Beef,"Loin, top butt, CC (184B  3)",Choice Cuts,,,,Choice,,,,,483.0,519.25,,,484.1,$/cwt,4.841,per lb,National,wholesale,,,,,,14839.0,lb,,2453,National Daily Boxed Beef Cutout & Boxed Beef Cuts - Negotiated Sales - PM (PDF) (LM_XB403),2026-09-26T15:00:20+00:00
127efa75b8247bf0,2019-01-09,Beef,"Loin, top butt, bnls, heavy (184  1)",Choice Cuts,,,,Choice,,,,,322.0,354.55,,,327.17,$/cwt,3.2717,per lb,National,wholesale,,,,,,10095.0,lb,,2453,National Daily Boxed Beef Cutout & Boxed Beef Cuts - Negotiated Sales - PM (PDF) (LM_XB403),2026-09-26T15:00:20+00:00
f545bf4feaf540a8,2019-01-09,Beef,"Loin, top butt, bnls, heavy (184  1)",Select Cuts,,,,Select,,,,,325.0,325.0,,,325.0,$/cwt,3.25,per lb,National,wholesale,,,,,,3917.0,lb,,2453,National Daily Boxed Beef Cutout & Boxed Beef Cuts - Negotiated Sales - PM (PDF) (LM_XB403),2026-09-26T15:00:20+00:00
8bc039bea3c1c0b6,2019-01-09,Beef,"Loin, top butt, boneless (184  3)",Choice Cuts,,,,Choice,,,,,337.0,367.0,,,350.09,$/cwt,3.5009,per lb,National,wholesale,,,,,,96327.0,lb,,2453,National Daily Boxed Beef Cutout & Boxed Beef Cuts - Negotiated Sales - PM (PDF) (LM_XB403),2026-09-26T15:00:20+00:00
55571ba5790dc1dc,2019-01-09,Beef,"Loin, top butt, boneless (184  3)",Select Cuts,,,,Select,,,,,340.56,351.0,,,346.52,$/cwt,3.4652,per lb,National,wholesale,,,,,,15770.0,lb,,2453,National Daily Boxed Beef Cutout & Boxed Beef Cuts - Negotiated Sales - PM (PDF) (LM_XB403),2026-09-26T15:00:20+00:00
5088afe27eae00b2,2019-01-09,Beef,"Rib, ribeye, bnls, heavy (112A  3)",Choice Cuts,,,,Choice,,,,,699.25,771.0,,,726.64,$/cwt,7.2664,per lb,National,wholesale,,,,,,91409.0,lb,,2453,National Daily Boxed Beef Cutout & Boxed Beef Cuts - Negotiated Sales - PM (PDF) (LM_XB403),2026-09-26T15:00:20+00:00
7a395babbe8c93fc,2019-01-09,Beef,"Rib, ribeye, bnls, heavy (112A  3)",Select Cuts,,,,Select,,,,,645.0,690.0,,,655.86,$/cwt,6.5586,per lb,National,wholesale,,,,,,40780.0,lb,,2453,National Daily Boxed Beef Cutout & Boxed Beef Cuts - Negotiated Sales - PM (PDF) (LM_XB403),2026-09-26T15:00:20+00:00
95acbbf985e9e42e,2019-01-09,Beef,"Rib, ribeye, bnls, light (112A  3)",Choice Cuts,,,,Choice,,,,,730.0,775.0,,,734.49,$/cwt,7.3449,per lb,National,wholesale,,,,,,27410.0,lb,,2453,National Daily Boxed Beef Cutout & Boxed Beef Cuts - Negotiated Sales - PM (PDF) (LM_XB403),2026-09-26T15:00:20+00:00
c402415aa0e70017,2019-01-09,Beef,"Rib, ribeye, bnls, light (112A  3)",Select Cuts,,,,Select,,,,,659.5,690.0,,,681.63,$/cwt,6.8163,per lb,National,wholesale,,,,,,6234.0,lb,,2453,National Daily Boxed Beef Cutout & Boxed Beef Cuts - Negotiated Sales - PM (PDF) (LM_XB403),2026-09-26T15:00:20+00:00
680621e26de67f04,2019-01-09,Beef,"Rib, ribeye, lip-on, bn-in (109E  1)",Choice Cuts,,,,Choice,,,,,605.0,675.0,,,657.6,$/cwt,6.576,per lb,National,wholesale,,,,,,78045.0,lb,,2453,National Daily Boxed Beef Cutout & Boxed Beef Cuts - Negotiated Sales - PM (PDF) (LM_XB403),2026-09-26T15:00:20+00:00
28a59eac335ef364,2019-01-09,Beef,"Rib, ribeye, lip-on, bn-in (109E  1)",Select Cuts,,,,Select,,,,,584.5,621.0,,,589.81,$/cwt,5.8981,per lb,National,wholesale,,,,,,2771.0,lb,,2453,National Daily Boxed Beef Cutout & Boxed Beef Cuts - Negotiated Sales - PM (PDF) (LM_XB403),2026-09-26T15:00:20+00:00
a9701f3e750714e8,2019-01-09,Beef,"Round, bottom gooseneck (170  1)",Choice Cuts,,,,Choice,,,,,189.5,210.25,,,189.83,$/cwt,1.8983,per lb,National,wholesale,,,,,,118095.0,lb,,2453,National Daily Boxed Beef Cutout & Boxed Beef Cuts - Negotiated Sales - PM (PDF) (LM_XB403),2026-09-26T15:00:20+00:00
b829c171c7f35443,2019-01-09,Beef,"Round, bottom gooseneck (170  1)",Select Cuts,,,,Select,,,,,189.5,194.79,,,190.19,$/cwt,1.9019,per lb,National,wholesale,,,,,,3616.0,lb,,2453,National Daily Boxed Beef Cutout & Boxed Beef Cuts - Negotiated Sales - PM (PDF) (LM_XB403),2026-09-26T15:00:20+00:00
6d2319c588579562,2019-01-09,Beef,"Round, eye of round (171C  3)",Choice Cuts,,,,Choice,,,,,239.0,275.0,,,253.43,$/cwt,2.5343,per lb,National,wholesale,,,,,,93824.0,lb,,2453,National Daily Boxed Beef Cutout & Boxed Beef Cuts - Negotiated Sales - PM (PDF) (LM_XB403),2026-09-26T15:00:20+00:00
4f2383a01c6461bd,2019-01-09,Beef,"Round, eye of round (171C  3)",Select Cuts,,,,Select,,,,,245.41,265.0,,,252.51,$/cwt,2.5251,per lb,National,wholesale,,,,,,12171.0,lb,,2453,National Daily Boxed Beef Cutout & Boxed Beef Cuts - Negotiated Sales - PM (PDF) (LM_XB403),2026-09-26T15:00:20+00:00
0555de627e4657b5,2019-01-09,Beef,"Round, knuckle, peeled (167A  4)",Choice Cuts,,,,Choice,,,,,230.0,257.0,,,246.7,$/cwt,2.467,per lb,National,wholesale,,,,,,41414.0,lb,,2453,National Daily Boxed Beef Cutout & Boxed Beef Cuts - Negotiated Sales - PM (PDF) (LM_XB403),2026-09-26T15:00:20+00:00
548d24cd187ebea1,2019-01-09,Beef,"Round, knuckle, peeled (167A  4)",Select Cuts,,,,Select,,,,,230.0,251.0,,,246.09,$/cwt,2.4609,per lb,National,wholesale,,,,,,7152.0,lb,,2453,National Daily Boxed Beef Cutout & Boxed Beef Cuts - Negotiated Sales - PM (PDF) (LM_XB403),2026-09-26T15:00:20+00:00
9c26447a495661fb,2019-01-09,Beef,"Round, outside round (171B  3)",Choice Cuts,,,,Choice,,,,,191.5,231.0,,,206.3,$/cwt,2.063,per lb,National,wholesale,,,,,,405984.0,lb,,2453,National Daily Boxed Beef Cutout & Boxed Beef Cuts - Negotiated Sales - PM (PDF) (LM_XB403),2026-09-26T15:00:20+00:00
e0270a4c114d7dc7,2019-01-09,Beef,"Round, outside round (171B  3)",Select Cuts,,,,Select,,,,,199.0,213.0,,,203.1,$/cwt,2.031,per lb,National,wholesale,,,,,,26224.0,lb,,2453,National Daily Boxed Beef Cutout & Boxed Beef Cuts - Negotiated Sales - PM (PDF) (LM_XB403),2026-09-26T15:00:20+00:00
8307711970dfc2cb,2019-01-09,Beef,"Round, top inside round (168  1)",Choice Cuts,,,,Choice,,,,,211.17,237.0,,,227.82,$/cwt,2.2782,per lb,National,wholesale,,,,,,67475.0,lb,,2453,National Daily Boxed Beef Cutout & Boxed Beef Cuts - Negotiated Sales - PM (PDF) (LM_XB403),2026-09-26T15:00:20+00:00
1b7bde0eb589f11d,2019-01-09,Beef,"Round, top inside round (168  3)",Choice Cuts,,,,Choice,,,,,216.25,241.0,,,226.16,$/cwt,2.2616,per lb,National,wholesale,,,,,,53110.0,lb,,2453,National Daily Boxed Beef Cutout & Boxed Beef Cuts - Negotiated Sales - PM (PDF) (LM_XB403),2026-09-26T15:00:20+00:00
bc091e460dad6e01,2019-01-09,Beef,"Round, top inside round (168  3)",Select Cuts,,,,Select,,,,,220.0,231.75,,,223.93,$/cwt,2.2393,per lb,National,wholesale,,,,,,7775.0,lb,,2453,National Daily Boxed Beef Cutout & Boxed Beef Cuts - Negotiated Sales - PM (PDF) (LM_XB403),2026-09-26T15:00:20+00:00
39689fc90f96a16b,2019-01-09,Beef,"Round, top inside, cap off (169A  5)",Choice Cuts,,,,Choice,,,,,281.46,314.79,,,300.97,$/cwt,3.0097,per lb,National,wholesale,,,,,,18214.0,lb,,2453,National Daily Boxed Beef Cutout & Boxed Beef Cuts - Negotiated Sales - PM (PDF) (LM_XB403),2026-09-26T15:00:20+00:00
43c257b65e65e790,2019-01-09,Beef,"Round, top inside, denuded (169  5)",Choice Cuts,,,,Choice,,,,,245.0,277.0,,,259.28,$/cwt,2.5928,per lb,National,wholesale,,,,,,20296.0,lb,,2453,National Daily Boxed Beef Cutout & Boxed Beef Cuts - Negotiated Sales - PM (PDF) (LM_XB403),2026-09-26T15:00:20+00:00
a2228ac1dd6a7fcf,2019-01-09,Beef,"Short Plate, short rib (123A  3)",Choice Cuts,,,,Choice,,,,,555.0,576.0,,,570.73,$/cwt,5.7073,per lb,National,wholesale,,,,,,14535.0,lb,,2453,National Daily Boxed Beef Cutout & Boxed Beef Cuts - Negotiated Sales - PM (PDF) (LM_XB403),2026-09-26T15:00:20+00:00
a6af0591e5f15c0c,2019-01-10,Beef,"Brisket, deckle-off, bnls (120  1)",Choice Cuts,,,,Choice,,,,,269.0,295.5,,,271.82,$/cwt,2.7182,per lb,National,wholesale,,,,,,147222.0,lb,,2453,National Daily Boxed Beef Cutout & Boxed Beef Cuts - Negotiated Sales - PM (PDF) (LM_XB403),2026-09-26T15:00:20+00:00
88329e51c25de998,2019-01-10,Beef,"Brisket, deckle-off, bnls (120  1)",Select Cuts,,,,Select,,,,,264.3,275.49,,,265.92,$/cwt,2.6592,per lb,National,wholesale,,,,,,79058.0,lb,,2453,National Daily Boxed Beef Cutout & Boxed Beef Cuts - Negotiated Sales - PM (PDF) (LM_XB403),2026-09-26T15:00:20+00:00
970fa3600b78f897,2019-01-10,Beef,"Brisket, point/off, bnls (120A  3)",Choice Cuts,,,,Choice,,,,,445.0,492.0,,,471.42,$/cwt,4.7142,per lb,National,wholesale,,,,,,6587.0,lb,,2453,National Daily Boxed Beef Cutout & Boxed Beef Cuts - Negotiated Sales - PM (PDF) (LM_XB403),2026-09-26T15:00:20+00:00
0b8be59b5c02257d,2019-01-10,Beef,"Chuck, chuck tender (116B  1)",Choice Cuts,,,,Choice,,,,,224.0,240.0,,,227.17,$/cwt,2.2717,per lb,National,wholesale,,,,,,69086.0,lb,,2453,National Daily Boxed Beef Cutout & Boxed Beef Cuts - Negotiated Sales - PM (PDF) (LM_XB403),2026-09-26T15:00:20+00:00
d9ce1c497ffbaecf,2019-01-10,Beef,"Chuck, chuck tender (116B  1)",Select Cuts,,,,Select,,,,,223.41,246.5,,,226.8,$/cwt,2.268,per lb,National,wholesale,,,,,,26369.0,lb,,2453,National Daily Boxed Beef Cutout & Boxed Beef Cuts - Negotiated Sales - PM (PDF) (LM_XB403),2026-09-26T15:00:20+00:00
3a104f1490ad9e2d,2019-01-10,Beef,"Chuck, clod tender (114F  5)",Choice Cuts,,,,Choice,,,,,402.0,432.0,,,409.48,$/cwt,4.0948,per lb,National,wholesale,,,,,,3745.0,lb,,2453,National Daily Boxed Beef Cutout & Boxed Beef Cuts - Negotiated Sales - PM (PDF) (LM_XB403),2026-09-26T15:00:20+00:00
788b8b679238ce8f,2019-01-10,Beef,"Chuck, clod, arm roast (114E  3)",Choice Cuts,,,,Choice,,,,,239.0,281.13,,,262.34,$/cwt,2.6234,per lb,National,wholesale,,,,,,101582.0,lb,,2453,National Daily Boxed Beef Cutout & Boxed Beef Cuts - Negotiated Sales - PM (PDF) (LM_XB403),2026-09-26T15:00:20+00:00
1edf29b73c08cb75,2019-01-10,Beef,"Chuck, flap (116G  4)",Choice Cuts,,,,Choice,,,,,490.75,563.56,,,504.89,$/cwt,5.0489,per lb,National,wholesale,,,,,,33207.0,lb,,2453,National Daily Boxed Beef Cutout & Boxed Beef Cuts - Negotiated Sales - PM (PDF) (LM_XB403),2026-09-26T15:00:20+00:00
23bec37825ec3c22,2019-01-10,Beef,"Chuck, flap (116G  4)",Select Cuts,,,,Select,,,,,490.75,540.0,,,509.62,$/cwt,5.0962,per lb,National,wholesale,,,,,,17195.0,lb,,2453,National Daily Boxed Beef Cutout & Boxed Beef Cuts - Negotiated Sales - PM (PDF) (LM_XB403),2026-09-26T15:00:20+00:00
f026e8d0536b7558,2019-01-10,Beef,"Chuck, roll, lxl, neck/off (116A  3)",Choice Cuts,,,,Choice,,,,,275.0,311.25,,,290.37,$/cwt,2.9037,per lb,National,wholesale,,,,,,297511.0,lb,,2453,National Daily Boxed Beef Cutout & Boxed Beef Cuts - Negotiated Sales - PM (PDF) (LM_XB403),2026-09-26T15:00:20+00:00
81b008b9c2e1e86d,2019-01-10,Beef,"Chuck, roll, lxl, neck/off (116A  3)",Select Cuts,,,,Select,,,,,275.0,303.0,,,283.14,$/cwt,2.8314,per lb,National,wholesale,,,,,,117421.0,lb,,2453,National Daily Boxed Beef Cutout & Boxed Beef Cuts - Negotiated Sales - PM (PDF) (LM_XB403),2026-09-26T15:00:20+00:00
00a763dcbe8d9987,2019-01-10,Beef,"Chuck, roll, retail ready (916A  3)",Choice Cuts,,,,Choice,,,,,297.11,338.93,,,323.57,$/cwt,3.2357,per lb,National,wholesale,,,,,,239949.0,lb,,2453,National Daily Boxed Beef Cutout & Boxed Beef Cuts - Negotiated Sales - PM (PDF) (LM_XB403),2026-09-26T15:00:20+00:00
77522e033c77e345,2019-01-10,Beef,"Chuck, semi-bnls, neck/off (113C  1)",Choice Cuts,,,,Choice,,,,,225.0,241.25,,,225.35,$/cwt,2.2535,per lb,National,wholesale,,,,,,9314.0,lb,,2453,National Daily Boxed Beef Cutout & Boxed Beef Cuts - Negotiated Sales - PM (PDF) (LM_XB403),2026-09-26T15:00:20+00:00
24c9f1567adabee3,2019-01-10,Beef,"Chuck, short rib (130  4)",Choice Cuts,,,,Choice,,,,,298.41,400.0,,,305.21,$/cwt,3.0521,per lb,National,wholesale,,,,,,312772.0,lb,,2453,National Daily Boxed Beef Cutout & Boxed Beef Cuts - Negotiated Sales - PM (PDF) (LM_XB403),2026-09-26T15:00:20+00:00
f498732f05980f67,2019-01-10,Beef,"Chuck, short rib (130  4)",Select Cuts,,,,Select,,,,,300.0,381.5,,,300.55,$/cwt,3.0055,per lb,National,wholesale,,,,,,287643.0,lb,,2453,National Daily Boxed Beef Cutout & Boxed Beef Cuts - Negotiated Sales - PM (PDF) (LM_XB403),2026-09-26T15:00:20+00:00
b442e1cadc703c6f,2019-01-10,Beef,"Chuck, shoulder clod (114  1)",Choice Cuts,,,,Choice,,,,,190.5,201.7,,,195.77,$/cwt,1.9577,per lb,National,wholesale,,,,,,18244.0,lb,,2453,National Daily Boxed Beef Cutout & Boxed Beef Cuts - Negotiated Sales - PM (PDF) (LM_XB403),2026-09-26T15:00:20+00:00
38cbf37d89dac179,2019-01-10,Beef,"Chuck, shoulder clod (114  1)",Select Cuts,,,,Select,,,,,184.75,201.44,,,194.86,$/cwt,1.9486,per lb,National,wholesale,,,,,,10688.0,lb,,2453,National Daily Boxed Beef Cutout & Boxed Beef Cuts - Negotiated Sales - PM (PDF) (LM_XB403),2026-09-26T15:00:20+00:00
75c551b391d095b2,2019-01-10,Beef,"Chuck, shoulder clod, trmd (114A  3)",Choice Cuts,,,,Choice,,,,,206.0,231.75,,,214.93,$/cwt,2.1493,per lb,National,wholesale,,,,,,41410.0,lb,,2453,National Daily Boxed Beef Cutout & Boxed Beef Cuts - Negotiated Sales - PM (PDF) (LM_XB403),2026-09-26T15:00:20+00:00
87a0c9cfc707c5a2,2019-01-10,Beef,Cutout 600-900 lb,,,,,Choice,,,,,,,,,213.96,$/cwt,2.1396,per lb,National,wholesale,,,,,,,,,2453,National Daily Boxed Beef Cutout & Boxed Beef Cuts - Negotiated Sales - PM (PDF) (LM_XB403),2026-09-26T15:00:20+00:00
ab84e97b32f6e92b,2019-01-10,Beef,Cutout 600-900 lb,,,,,Select,,,,,,,,,207.77,$/cwt,2.0777,per lb,National,wholesale,,,,,,,,,2453,National Daily Boxed Beef Cutout & Boxed Beef Cuts - Negotiated Sales - PM (PDF) (LM_XB403),2026-09-26T15:00:20+00:00
018140a90c45c64f,2019-01-10,Beef,"Flank, flank steak (193  4)",Choice Cuts,,,,Choice,,,,,449.0,487.25,,,470.11,$/cwt,4.7011,per lb,National,wholesale,,,,,,61452.0,lb,,2453,National Daily Boxed Beef Cutout & Boxed Beef Cuts - Negotiated Sales - PM (PDF) (LM_XB403),2026-09-26T15:00:20+00:00
134cea2e792efcdc,2019-01-10,Beef,"Flank, flank steak (193  4)",Select Cuts,,,,Select,,,,,450.0,465.5,,,457.58,$/cwt,4.5758,per lb,National,wholesale,,,,,,6093.0,lb,,2453,National Daily Boxed Beef Cutout & Boxed Beef Cuts - Negotiated Sales - PM (PDF) (LM_XB403),2026-09-26T15:00:20+00:00
d9dc0b30abf00c53,2019-01-10,Beef,Ground Beef 73%,Ground Beef,,,,,,,,,156.0,181.5,,,160.49,$/cwt,1.6049,per lb,National,wholesale,,,,,,99146.0,lb,,2453,National Daily Boxed Beef Cutout & Boxed Beef Cuts - Negotiated Sales - PM (PDF) (LM_XB403),2026-09-26T15:00:20+00:00
0cea74b15b353b10,2019-01-10,Beef,Ground Beef 81%,Ground Beef,,,,,,,,,171.0,204.0,,,186.6,$/cwt,1.866,per lb,National,wholesale,,,,,,160412.0,lb,,2453,National Daily Boxed Beef Cutout & Boxed Beef Cuts - Negotiated Sales - PM (PDF) (LM_XB403),2026-09-26T15:00:20+00:00
b54d4ef466fc0895,2019-01-10,Beef,Ground Beef 93%,Ground Beef,,,,,,,,,309.83,319.0,,,312.67,$/cwt,3.1267,per lb,National,wholesale,,,,,,2439.0,lb,,2453,National Daily Boxed Beef Cutout & Boxed Beef Cuts - Negotiated Sales - PM (PDF) (LM_XB403),2026-09-26T15:00:20+00:00
f8e79c1f56b4069d,2019-01-10,Beef,Ground Beef Chuck,Ground Beef,,,,,,,,,195.0,211.5,,,202.59,$/cwt,2.0259,per lb,National,wholesale,,,,,,22392.0,lb,,2453,National Daily Boxed Beef Cutout & Boxed Beef Cuts - Negotiated Sales - PM (PDF) (LM_XB403),2026-09-26T15:00:20+00:00
a17985734a5bf39e,2019-01-10,Beef,Ground Beef Round,Ground Beef,,,,,,,,,259.24,262.74,,,260.65,$/cwt,2.6065,per lb,National,wholesale,,,,,,9675.0,lb,,2453,National Daily Boxed Beef Cutout & Boxed Beef Cuts - Negotiated Sales - PM (PDF) (LM_XB403),2026-09-26T15:00:20+00:00
493063b153671a2d,2019-01-10,Beef,"Loin, ball-tip, bnls, heavy (185B  1)",Choice Cuts,,,,Choice,,,,,246.05,260.0,,,248.01,$/cwt,2.4801,per lb,National,wholesale,,,,,,61641.0,lb,,2453,National Daily Boxed Beef Cutout & Boxed Beef Cuts - Negotiated Sales - PM (PDF) (LM_XB403),2026-09-26T15:00:20+00:00
7f41eeba96419382,2019-01-10,Beef,"Loin, ball-tip, bnls, heavy (185B  1)",Select Cuts,,,,Select,,,,,216.91,255.0,,,224.55,$/cwt,2.2455,per lb,National,wholesale,,,,,,19535.0,lb,,2453,National Daily Boxed Beef Cutout & Boxed Beef Cuts - Negotiated Sales - PM (PDF) (LM_XB403),2026-09-26T15:00:20+00:00
90a82188494a813a,2019-01-10,Beef,"Loin, bottom sirloin, flap (185A  4)",Choice Cuts,,,,Choice,,,,,480.0,557.0,,,516.76,$/cwt,5.1676,per lb,National,wholesale,,,,,,33291.0,lb,,2453,National Daily Boxed Beef Cutout & Boxed Beef Cuts - Negotiated Sales - PM (PDF) (LM_XB403),2026-09-26T15:00:20+00:00
c7d57f9563453a25,2019-01-10,Beef,"Loin, butt tender, trimmed (191A  4)",Choice Cuts,,,,Choice,,,,,948.61,1020.0,,,954.38,$/cwt,9.5438,per lb,National,wholesale,,,,,,33989.0,lb,,2453,National Daily Boxed Beef Cutout & Boxed Beef Cuts - Negotiated Sales - PM (PDF) (LM_XB403),2026-09-26T15:00:20+00:00
a950d7a98d912284,2019-01-10,Beef,"Loin, short loin, 0x1 (174  3)",Choice Cuts,,,,Choice,,,,,488.0,530.25,,,493.79,$/cwt,4.9379,per lb,National,wholesale,,,,,,168189.0,lb,,2453,National Daily Boxed Beef Cutout & Boxed Beef Cuts - Negotiated Sales - PM (PDF) (LM_XB403),2026-09-26T15:00:20+00:00
f65aca774e21c1f1,2019-01-10,Beef,"Loin, short loin, 0x1 (174  3)",Select Cuts,,,,Select,,,,,460.0,485.75,,,477.87,$/cwt,4.7787,per lb,National,wholesale,,,,,,2857.0,lb,,2453,National Daily Boxed Beef Cutout & Boxed Beef Cuts - Negotiated Sales - PM (PDF) (LM_XB403),2026-09-26T15:00:20+00:00
e45ef4f7f1dff669,2019-01-10,Beef,"Loin, sirloin, tri-tip (185C  1)",Choice Cuts,,,,Choice,,,,,290.0,322.0,,,294.41,$/cwt,2.9441,per lb,National,wholesale,,,,,,202741.0,lb,,2453,National Daily Boxed Beef Cutout & Boxed Beef Cuts - Negotiated Sales - PM (PDF) (LM_XB403),2026-09-26T15:00:20+00:00
8523050da5655d02,2019-01-10,Beef,"Loin, sirloin, tri-tip (185C  1)",Select Cuts,,,,Select,,,,,227.5,243.41,,,230.44,$/cwt,2.3044,per lb,National,wholesale,,,,,,13943.0,lb,,2453,National Daily Boxed Beef Cutout & Boxed Beef Cuts - Negotiated Sales - PM (PDF) (LM_XB403),2026-09-26T15:00:20+00:00
ac7e3a7e37df1b03,2019-01-10,Beef,"Loin, sirloin, tri-tip, pld (185D  4)",Choice Cuts,,,,Choice,,,,,396.0,432.0,,,405.61,$/cwt,4.0561,per lb,National,wholesale,,,,,,6273.0,lb,,2453,National Daily Boxed Beef Cutout & Boxed Beef Cuts - Negotiated Sales - PM (PDF) (LM_XB403),2026-09-26T15:00:20+00:00
d81671d18c5d9d04,2019-01-10,Beef,"Loin, strip, bnls, 0x1 (180  3)",Choice Cuts,,,,Choice,,,,,526.9,556.5,,,537.59,$/cwt,5.3759,per lb,National,wholesale,,,,,,49051.0,lb,,2453,National Daily Boxed Beef Cutout & Boxed Beef Cuts - Negotiated Sales - PM (PDF) (LM_XB403),2026-09-26T15:00:20+00:00
b29b2b66e2080b53,2019-01-10,Beef,"Loin, strip, bnls, 0x1 (180  3)",Select Cuts,,,,Select,,,,,442.0,491.25,,,450.0,$/cwt,4.5,per lb,National,wholesale,,,,,,24760.0,lb,,2453,National Daily Boxed Beef Cutout & Boxed Beef Cuts - Negotiated Sales - PM (PDF) (LM_XB403),2026-09-26T15:00:20+00:00
34aa3c8e9670d40d,2019-01-10,Beef,"Loin, tndrloin, trmd, heavy (189A  4)",Choice Cuts,,,,Choice,,,,,1019.63,1190.25,,,1032.71,$/cwt,10.3271,per lb,National,wholesale,,,,,,151648.0,lb,,2453,National Daily Boxed Beef Cutout & Boxed Beef Cuts - Negotiated Sales - PM (PDF) (LM_XB403),2026-09-26T15:00:20+00:00
68d422f17eb6d2a7,2019-01-10,Beef,"Loin, tndrloin, trmd, heavy (189A  4)",Select Cuts,,,,Select,,,,,1015.0,1174.25,,,1152.6,$/cwt,11.526,per lb,National,wholesale,,,,,,2392.0,lb,,2453,National Daily Boxed Beef Cutout & Boxed Beef Cuts - Negotiated Sales - PM (PDF) (LM_XB403),2026-09-26T15:00:20+00:00
65b8c5871e0aecc2,2019-01-10,Beef,"Loin, top butt, CC (184B  3)",Choice Cuts,,,,Choice,,,,,483.0,509.0,,,490.03,$/cwt,4.9003,per lb,National,wholesale,,,,,,21755.0,lb,,2453,National Daily Boxed Beef Cutout & Boxed Beef Cuts - Negotiated Sales - PM (PDF) (LM_XB403),2026-09-26T15:00:20+00:00
d0241fa32c07f4c4,2019-01-10,Beef,"Loin, top butt, bnls, heavy (184  1)",Choice Cuts,,,,Choice,,,,,330.0,330.0,,,330.0,$/cwt,3.3,per lb,National,wholesale,,,,,,2746.0,lb,,2453,National Daily Boxed Beef Cutout & Boxed Beef Cuts - Negotiated Sales - PM (PDF) (LM_XB403),2026-09-26T15:00:20+00:00
531da7304b0abf96,2019-01-10,Beef,"Loin, top butt, bnls, heavy (184  1)",Select Cuts,,,,Select,,,,,325.0,340.0,,,329.26,$/cwt,3.2926,per lb,National,wholesale,,,,,,5300.0,lb,,2453,National Daily Boxed Beef Cutout & Boxed Beef Cuts - Negotiated Sales - PM (PDF) (LM_XB403),2026-09-26T15:00:20+00:00
666e403c206b7052,2019-01-10,Beef,"Loin, top butt, boneless (184  3)",Choice Cuts,,,,Choice,,,,,340.0,365.0,,,350.98,$/cwt,3.5098,per lb,National,wholesale,,,,,,121355.0,lb,,2453,National Daily Boxed Beef Cutout & Boxed Beef Cuts - Negotiated Sales - PM (PDF) (LM_XB403),2026-09-26T15:00:20+00:00
71c1d0785347b80e,2019-01-10,Beef,"Loin, top butt, boneless (184  3)",Select Cuts,,,,Select,,,,,330.0,354.5,,,333.67,$/cwt,3.3367,per lb,National,wholesale,,,,,,40111.0,lb,,2453,National Daily Boxed Beef Cutout & Boxed Beef Cuts - Negotiated Sales - PM (PDF) (LM_XB403),2026-09-26T15:00:20+00:00
30e89deba2458a86,2019-01-10,Beef,"Rib, ribeye, bnls, heavy (112A  3)",Choice Cuts,,,,Choice,,,,,705.0,758.0,,,720.71,$/cwt,7.2071,per lb,National,wholesale,,,,,,44326.0,lb,,2453,National Daily Boxed Beef Cutout & Boxed Beef Cuts - Negotiated Sales - PM (PDF) (LM_XB403),2026-09-26T15:00:20+00:00
2a0a627061b0fc06,2019-01-10,Beef,"Rib, ribeye, bnls, heavy (112A  3)",Select Cuts,,,,Select,,,,,645.0,687.0,,,664.89,$/cwt,6.6489,per lb,National,wholesale,,,,,,20680.0,lb,,2453,National Daily Boxed Beef Cutout & Boxed Beef Cuts - Negotiated Sales - PM (PDF) (LM_XB403),2026-09-26T15:00:20+00:00
000831068280abc0,2019-01-10,Beef,"Rib, ribeye, bnls, light (112A  3)",Choice Cuts,,,,Choice,,,,,723.0,772.0,,,747.42,$/cwt,7.4742,per lb,National,wholesale,,,,,,46031.0,lb,,2453,National Daily Boxed Beef Cutout & Boxed Beef Cuts - Negotiated Sales - PM (PDF) (LM_XB403),2026-09-26T15:00:20+00:00
8c070ccac3d8397e,2019-01-10,Beef,"Rib, ribeye, bnls, light (112A  3)",Select Cuts,,,,Select,,,,,650.0,717.0,,,655.67,$/cwt,6.5567,per lb,National,wholesale,,,,,,14503.0,lb,,2453,National Daily Boxed Beef Cutout & Boxed Beef Cuts - Negotiated Sales - PM (PDF) (LM_XB403),2026-09-26T15:00:20+00:00
d3338a10c6a9e9a9,2019-01-10,Beef,"Rib, ribeye, lip-on, bn-in (109E  1)",Choice Cuts,,,,Choice,,,,,610.0,675.0,,,649.35,$/cwt,6.4935,per lb,National,wholesale,,,,,,79023.0,lb,,2453,National Daily Boxed Beef Cutout & Boxed Beef Cuts - Negotiated Sales - PM (PDF) (LM_XB403),2026-09-26T15:00:20+00:00
0af8363fa605dbdd,2019-01-10,Beef,"Round, bottom gooseneck (170  1)",Choice Cuts,,,,Choice,,,,,190.0,211.25,,,193.15,$/cwt,1.9315,per lb,National,wholesale,,,,,,21517.0,lb,,2453,National Daily Boxed Beef Cutout & Boxed Beef Cuts - Negotiated Sales - PM (PDF) (LM_XB403),2026-09-26T15:00:20+00:00
e5ae2bc31fe1d33b,2019-01-10,Beef,"Round, bottom gooseneck (170  1)",Select Cuts,,,,Select,,,,,189.5,191.0,,,190.45,$/cwt,1.9045,per lb,National,wholesale,,,,,,1182.0,lb,,2453,National Daily Boxed Beef Cutout & Boxed Beef Cuts - Negotiated Sales - PM (PDF) (LM_XB403),2026-09-26T15:00:20+00:00
5500cbb7a07ca477,2019-01-10,Beef,"Round, eye of round (171C  3)",Choice Cuts,,,,Choice,,,,,232.26,271.5,,,248.19,$/cwt,2.4819,per lb,National,wholesale,,,,,,114419.0,lb,,2453,National Daily Boxed Beef Cutout & Boxed Beef Cuts - Negotiated Sales - PM (PDF) (LM_XB403),2026-09-26T15:00:20+00:00
b978ba38d6103f08,2019-01-10,Beef,"Round, eye of round (171C  3)",Select Cuts,,,,Select,,,,,240.0,262.0,,,248.72,$/cwt,2.4872,per lb,National,wholesale,,,,,,38926.0,lb,,2453,National Daily Boxed Beef Cutout & Boxed Beef Cuts - Negotiated Sales - PM (PDF) (LM_XB403),2026-09-26T15:00:20+00:00
67c90681a2d65bc5,2019-01-10,Beef,"Round, knuckle, peeled (167A  4)",Choice Cuts,,,,Choice,,,,,225.4,266.25,,,239.87,$/cwt,2.3987,per lb,National,wholesale,,,,,,71303.0,lb,,2453,National Daily Boxed Beef Cutout & Boxed Beef Cuts - Negotiated Sales - PM (PDF) (LM_XB403),2026-09-26T15:00:20+00:00
23128f1fc8739778,2019-01-10,Beef,"Round, knuckle, peeled (167A  4)",Select Cuts,,,,Select,,,,,230.0,259.5,,,245.53,$/cwt,2.4553,per lb,National,wholesale,,,,,,6783.0,lb,,2453,National Daily Boxed Beef Cutout & Boxed Beef Cuts - Negotiated Sales - PM (PDF) (LM_XB403),2026-09-26T15:00:20+00:00
cb8e08d010f1b918,2019-01-10,Beef,"Round, outside round (171B  3)",Choice Cuts,,,,Choice,,,,,196.57,224.25,,,204.4,$/cwt,2.044,per lb,National,wholesale,,,,,,170930.0,lb,,2453,National Daily Boxed Beef Cutout & Boxed Beef Cuts - Negotiated Sales - PM (PDF) (LM_XB403),2026-09-26T15:00:20+00:00
7f6d163234c97cc1,2019-01-10,Beef,"Round, outside round (171B  3)",Select Cuts,,,,Select,,,,,195.0,214.5,,,202.2,$/cwt,2.022,per lb,National,wholesale,,,,,,32374.0,lb,,2453,National Daily Boxed Beef Cutout & Boxed Beef Cuts - Negotiated Sales - PM (PDF) (LM_XB403),2026-09-26T15:00:20+00:00
80423d5318bef4b7,2019-01-10,Beef,"Round, top inside round (168  1)",Choice Cuts,,,,Choice,,,,,213.0,222.3,,,220.17,$/cwt,2.2017,per lb,National,wholesale,,,,,,11322.0,lb,,2453,National Daily Boxed Beef Cutout & Boxed Beef Cuts - Negotiated Sales - PM (PDF) (LM_XB403),2026-09-26T15:00:20+00:00
88e1bf91f61d05e7,2019-01-10,Beef,"Round, top inside round (168  3)",Choice Cuts,,,,Choice,,,,,204.32,227.25,,,208.72,$/cwt,2.0872,per lb,National,wholesale,,,,,,165086.0,lb,,2453,National Daily Boxed Beef Cutout & Boxed Beef Cuts - Negotiated Sales - PM (PDF) (LM_XB403),2026-09-26T15:00:20+00:00
d4d796f8d9e20372,2019-01-10,Beef,"Round, top inside round (168  3)",Select Cuts,,,,Select,,,,,215.0,229.08,,,221.68,$/cwt,2.2168,per lb,National,wholesale,,,,,,11598.0,lb,,2453,National Daily Boxed Beef Cutout & Boxed Beef Cuts - Negotiated Sales - PM (PDF) (LM_XB403),2026-09-26T15:00:20+00:00
7d224cc11c5dd740,2019-01-10,Beef,"Round, top inside, denuded (169  5)",Choice Cuts,,,,Choice,,,,,250.74,277.25,,,258.81,$/cwt,2.5881,per lb,National,wholesale,,,,,,46715.0,lb,,2453,National Daily Boxed Beef Cutout & Boxed Beef Cuts - Negotiated Sales - PM (PDF) (LM_XB403),2026-09-26T15:00:20+00:00
cbdf9fa0ba1ba535,2019-01-10,Beef,"Short Plate, short rib (123A  3)",Choice Cuts,,,,Choice,,,,,570.0,697.25,,,635.95,$/cwt,6.3595,per lb,National,wholesale,,,,,,22384.0,lb,,2453,National Daily Boxed Beef Cutout & Boxed Beef Cuts - Negotiated Sales - PM (PDF) (LM_XB403),2026-09-26T15:00:20+00:00
2a6bb40ab6b46154,2019-01-11,Beef,"Brisket, deckle-off, bnls (120  1)",Choice Cuts,,,,Choice,,,,,253.0,290.43,,,269.65,$/cwt,2.6965,per lb,National,wholesale,,,,,,152126.0,lb,,2453,National Daily Boxed Beef Cutout & Boxed Beef Cuts - Negotiated Sales - PM (PDF) (LM_XB403),2026-09-26T15:00:20+00:00
b204a7ae493cd518,2019-01-11,Beef,"Brisket, deckle-off, bnls (120  1)",Select Cuts,,,,Select,,,,,266.75,279.79,,,268.25,$/cwt,2.6825,per lb,National,wholesale,,,,,,39570.0,lb,,2453,National Daily Boxed Beef Cutout & Boxed Beef Cuts - Negotiated Sales - PM (PDF) (LM_XB403),2026-09-26T15:00:20+00:00
7e40118f8c147290,2019-01-11,Beef,"Chuck, chuck tender (116B  1)",Choice Cuts,,,,Choice,,,,,226.77,246.55,,,231.05,$/cwt,2.3105,per lb,National,wholesale,,,,,,16651.0,lb,,2453,National Daily Boxed Beef Cutout & Boxed Beef Cuts - Negotiated Sales - PM (PDF) (LM_XB403),2026-09-26T15:00:20+00:00
1d871979ac7ad4b4,2019-01-11,Beef,"Chuck, clod tender (114F  5)",Choice Cuts,,,,Choice,,,,,405.0,435.0,,,410.81,$/cwt,4.1081,per lb,National,wholesale,,,,,,5015.0,lb,,2453,National Daily Boxed Beef Cutout & Boxed Beef Cuts - Negotiated Sales - PM (PDF) (LM_XB403),2026-09-26T15:00:20+00:00
4dd153f324044b0f,2019-01-11,Beef,"Chuck, clod tender (114F  5)",Select Cuts,,,,Select,,,,,395.0,405.0,,,397.44,$/cwt,3.9744,per lb,National,wholesale,,,,,,2535.0,lb,,2453,National Daily Boxed Beef Cutout & Boxed Beef Cuts - Negotiated Sales - PM (PDF) (LM_XB403),2026-09-26T15:00:20+00:00
8352c73adf0c50cd,2019-01-11,Beef,"Chuck, flap (116G  4)",Choice Cuts,,,,Choice,,,,,494.0,569.43,,,506.28,$/cwt,5.0628,per lb,National,wholesale,,,,,,32619.0,lb,,2453,National Daily Boxed Beef Cutout & Boxed Beef Cuts - Negotiated Sales - PM (PDF) (LM_XB403),2026-09-26T15:00:20+00:00
b90100c7bbbbc433,2019-01-11,Beef,"Chuck, flap (116G  4)",Select Cuts,,,,Select,,,,,510.82,516.19,,,514.78,$/cwt,5.1478,per lb,National,wholesale,,,,,,10044.0,lb,,2453,National Daily Boxed Beef Cutout & Boxed Beef Cuts - Negotiated Sales - PM (PDF) (LM_XB403),2026-09-26T15:00:20+00:00
d5754962c312d675,2019-01-11,Beef,"Chuck, roll, lxl, neck/off (116A  3)",Choice Cuts,,,,Choice,,,,,290.0,315.55,,,296.51,$/cwt,2.9651,per lb,National,wholesale,,,,,,99639.0,lb,,2453,National Daily Boxed Beef Cutout & Boxed Beef Cuts - Negotiated Sales - PM (PDF) (LM_XB403),2026-09-26T15:00:20+00:00
fce662a4e11ebb56,2019-01-11,Beef,"Chuck, roll, lxl, neck/off (116A  3)",Select Cuts,,,,Select,,,,,279.44,301.5,,,287.4,$/cwt,2.874,per lb,National,wholesale,,,,,,42420.0,lb,,2453,National Daily Boxed Beef Cutout & Boxed Beef Cuts - Negotiated Sales - PM (PDF) (LM_XB403),2026-09-26T15:00:20+00:00
63c66d858c60b25d,2019-01-11,Beef,"Chuck, semi-bnls, neck/off (113C  1)",Choice Cuts,,,,Choice,,,,,222.96,224.5,,,223.84,$/cwt,2.2384,per lb,National,wholesale,,,,,,40109.0,lb,,2453,National Daily Boxed Beef Cutout & Boxed Beef Cuts - Negotiated Sales - PM (PDF) (LM_XB403),2026-09-26T15:00:20+00:00
8b7b6a270fa7c2b0,2019-01-11,Beef,"Chuck, short rib (130  4)",Choice Cuts,,,,Choice,,,,,301.35,385.25,,,333.47,$/cwt,3.3347,per lb,National,wholesale,,,,,,56469.0,lb,,2453,National Daily Boxed Beef Cutout & Boxed Beef Cuts - Negotiated Sales - PM (PDF) (LM_XB403),2026-09-26T15:00:20+00:00
ca239d6c8b72cd87,2019-01-11,Beef,"Chuck, shoulder clod (114  1)",Choice Cuts,,,,Choice,,,,,190.0,215.65,,,193.19,$/cwt,1.9319,per lb,National,wholesale,,,,,,35732.0,lb,,2453,National Daily Boxed Beef Cutout & Boxed Beef Cuts - Negotiated Sales - PM (PDF) (LM_XB403),2026-09-26T15:00:20+00:00
0feb7d3e8541f753,2019-01-11,Beef,"Chuck, shoulder clod (114  1)",Select Cuts,,,,Select,,,,,180.25,201.0,,,192.44,$/cwt,1.9244,per lb,National,wholesale,,,,,,53301.0,lb,,2453,National Daily Boxed Beef Cutout & Boxed Beef Cuts - Negotiated Sales - PM (PDF) (LM_XB403),2026-09-26T15:00:20+00:00
1ca7f635cbe05c0e,2019-01-11,Beef,"Chuck, shoulder clod, trmd (114A  3)",Choice Cuts,,,,Choice,,,,,202.77,225.0,,,208.22,$/cwt,2.0822,per lb,National,wholesale,,,,,,73721.0,lb,,2453,National Daily Boxed Beef Cutout & Boxed Beef Cuts - Negotiated Sales - PM (PDF) (LM_XB403),2026-09-26T15:00:20+00:00
0121253d99f8046e,2019-01-11,Beef,Cutout 600-900 lb,,,,,Choice,,,,,,,,,212.46,$/cwt,2.1246,per lb,National,wholesale,,,,,,,,,2453,National Daily Boxed Beef Cutout & Boxed Beef Cuts - Negotiated Sales - PM (PDF) (LM_XB403),2026-09-26T15:00:20+00:00
ddef7fdf3f91b8dd,2019-01-11,Beef,Cutout 600-900 lb,,,,,Select,,,,,,,,,206.27,$/cwt,2.0627,per lb,National,wholesale,,,,,,,,,2453,National Daily Boxed Beef Cutout & Boxed Beef Cuts - Negotiated Sales - PM (PDF) (LM_XB403),2026-09-26T15:00:20+00:00
c8c2678774b62d69,2019-01-11,Beef,"Flank, flank steak (193  4)",Choice Cuts,,,,Choice,,,,,465.66,489.25,,,468.45,$/cwt,4.6845,per lb,National,wholesale,,,,,,11872.0,lb,,2453,National Daily Boxed Beef Cutout & Boxed Beef Cuts - Negotiated Sales - PM (PDF) (LM_XB403),2026-09-26T15:00:20+00:00
ad4d5ee8116f2d4b,2019-01-11,Beef,Ground Beef 73%,Ground Beef,,,,,,,,,150.0,175.25,,,158.55,$/cwt,1.5855,per lb,National,wholesale,,,,,,143540.0,lb,,2453,National Daily Boxed Beef Cutout & Boxed Beef Cuts - Negotiated Sales - PM (PDF) (LM_XB403),2026-09-26T15:00:20+00:00
d0f1fbcd035eb592,2019-01-11,Beef,Ground Beef 81%,Ground Beef,,,,,,,,,163.0,205.0,,,177.97,$/cwt,1.7797,per lb,National,wholesale,,,,,,295745.0,lb,,2453,National Daily Boxed Beef Cutout & Boxed Beef Cuts - Negotiated Sales - PM (PDF) (LM_XB403),2026-09-26T15:00:20+00:00
0d1b0c5c4d3a40f5,2019-01-11,Beef,Ground Beef 93%,Ground Beef,,,,,,,,,293.0,311.86,,,309.63,$/cwt,3.0963,per lb,National,wholesale,,,,,,76631.0,lb,,2453,National Daily Boxed Beef Cutout & Boxed Beef Cuts - Negotiated Sales - PM (PDF) (LM_XB403),2026-09-26T15:00:20+00:00
73a874671738a53f,2019-01-11,Beef,Ground Beef Chuck,Ground Beef,,,,,,,,,183.0,212.5,,,194.76,$/cwt,1.9476,per lb,National,wholesale,,,,,,81114.0,lb,,2453,National Daily Boxed Beef Cutout & Boxed Beef Cuts - Negotiated Sales - PM (PDF) (LM_XB403),2026-09-26T15:00:20+00:00
7ee640de541826c9,2019-01-11,Beef,"Loin, ball-tip, bnls, heavy (185B  1)",Choice Cuts,,,,Choice,,,,,230.3,255.0,,,241.12,$/cwt,2.4112,per lb,National,wholesale,,,,,,14788.0,lb,,2453,National Daily Boxed Beef Cutout & Boxed Beef Cuts - Negotiated Sales - PM (PDF) (LM_XB403),2026-09-26T15:00:20+00:00
0d24030c1efd33c5,2019-01-11,Beef,"Loin, bottom sirloin, flap (185A  4)",Choice Cuts,,,,Choice,,,,,483.76,519.65,,,493.14,$/cwt,4.9314,per lb,National,wholesale,,,,,,37890.0,lb,,2453,National Daily Boxed Beef Cutout & Boxed Beef Cuts - Negotiated Sales - PM (PDF) (LM_XB403),2026-09-26T15:00:20+00:00
9db70b09f33e56db,2019-01-11,Beef,"Loin, short loin, 0x1 (174  3)",Choice Cuts,,,,Choice,,,,,478.96,536.5,,,485.52,$/cwt,4.8552,per lb,National,wholesale,,,,,,140803.0,lb,,2453,National Daily Boxed Beef Cutout & Boxed Beef Cuts - Negotiated Sales - PM (PDF) (LM_XB403),2026-09-26T15:00:20+00:00
15d1b59e55cc8b31,2019-01-11,Beef,"Loin, short loin, 0x1 (174  3)",Select Cuts,,,,Select,,,,,469.0,481.5,,,471.21,$/cwt,4.7121,per lb,National,wholesale,,,,,,2815.0,lb,,2453,National Daily Boxed Beef Cutout & Boxed Beef Cuts - Negotiated Sales - PM (PDF) (LM_XB403),2026-09-26T15:00:20+00:00
7c2da1ff068c5bbb,2019-01-11,Beef,"Loin, sirloin, tri-tip (185C  1)",Choice Cuts,,,,Choice,,,,,284.0,316.5,,,295.03,$/cwt,2.9503,per lb,National,wholesale,,,,,,52068.0,lb,,2453,National Daily Boxed Beef Cutout & Boxed Beef Cuts - Negotiated Sales - PM (PDF) (LM_XB403),2026-09-26T15:00:20+00:00
54fd90dc2fae862c,2019-01-11,Beef,"Loin, sirloin, tri-tip (185C  1)",Select Cuts,,,,Select,,,,,244.32,260.0,,,245.26,$/cwt,2.4526,per lb,National,wholesale,,,,,,38193.0,lb,,2453,National Daily Boxed Beef Cutout & Boxed Beef Cuts - Negotiated Sales - PM (PDF) (LM_XB403),2026-09-26T15:00:20+00:00
9b46c0262bffb3da,2019-01-11,Beef,"Loin, sirloin, tri-tip, pld (185D  4)",Choice Cuts,,,,Choice,,,,,392.0,440.0,,,417.09,$/cwt,4.1709,per lb,National,wholesale,,,,,,5479.0,lb,,2453,National Daily Boxed Beef Cutout & Boxed Beef Cuts - Negotiated Sales - PM (PDF) (LM_XB403),2026-09-26T15:00:20+00:00
61ee26c1b4f66411,2019-01-11,Beef,"Loin, strip loin bnls. 1x1 (  1)",Choice Cuts,,,,Choice,,,,,482.0,482.0,,,482.0,$/cwt,4.82,per lb,National,wholesale,,,,,,4757.0,lb,,2453,National Daily Boxed Beef Cutout & Boxed Beef Cuts - Negotiated Sales - PM (PDF) (LM_XB403),2026-09-26T15:00:20+00:00
d1fcdfe3e78955ff,2019-01-11,Beef,"Loin, strip, bnls, 0x1 (180  3)",Choice Cuts,,,,Choice,,,,,528.0,562.25,,,532.02,$/cwt,5.3202,per lb,National,wholesale,,,,,,33808.0,lb,,2453,National Daily Boxed Beef Cutout & Boxed Beef Cuts - Negotiated Sales - PM (PDF) (LM_XB403),2026-09-26T15:00:20+00:00
d3fdb822a4d776cd,2019-01-11,Beef,"Loin, tndrloin, trmd, heavy (189A  4)",Choice Cuts,,,,Choice,,,,,1013.68,1048.0,,,1030.06,$/cwt,10.3006,per lb,National,wholesale,,,,,,82296.0,lb,,2453,National Daily Boxed Beef Cutout & Boxed Beef Cuts - Negotiated Sales - PM (PDF) (LM_XB403),2026-09-26T15:00:20+00:00
b5f0ef74c88c1a99,2019-01-11,Beef,"Loin, tndrloin, trmd, heavy (189A  4)",Select Cuts,,,,Select,,,,,995.0,1049.79,,,1012.92,$/cwt,10.1292,per lb,National,wholesale,,,,,,37757.0,lb,,2453,National Daily Boxed Beef Cutout & Boxed Beef Cuts - Negotiated Sales - PM (PDF) (LM_XB403),2026-09-26T15:00:20+00:00
b7c23a1b5b01cd0b,2019-01-11,Beef,"Loin, top butt, CC (184B  3)",Choice Cuts,,,,Choice,,,,,420.46,483.0,,,434.8,$/cwt,4.348,per lb,National,wholesale,,,,,,11628.0,lb,,2453,National Daily Boxed Beef Cutout & Boxed Beef Cuts - Negotiated Sales - PM (PDF) (LM_XB403),2026-09-26T15:00:20+00:00
9fc41d71f97ef976,2019-01-11,Beef,"Loin, top butt, bnls, heavy (184  1)",Choice Cuts,,,,Choice,,,,,330.0,350.43,,,343.15,$/cwt,3.4315,per lb,National,wholesale,,,,,,5059.0,lb,,2453,National Daily Boxed Beef Cutout & Boxed Beef Cuts - Negotiated Sales - PM (PDF) (LM_XB403),2026-09-26T15:00:20+00:00
05af6ae18fb963d6,2019-01-11,Beef,"Loin, top butt, boneless (184  3)",Choice Cuts,,,,Choice,,,,,334.0,364.79,,,345.9,$/cwt,3.459,per lb,National,wholesale,,,,,,103027.0,lb,,2453,National Daily Boxed Beef Cutout & Boxed Beef Cuts - Negotiated Sales - PM (PDF) (LM_XB403),2026-09-26T15:00:20+00:00
c3b6304adbec1ca9,2019-01-11,Beef,"Loin, top butt, boneless (184  3)",Select Cuts,,,,Select,,,,,335.0,345.0,,,338.56,$/cwt,3.3856,per lb,National,wholesale,,,,,,2106.0,lb,,2453,National Daily Boxed Beef Cutout & Boxed Beef Cuts - Negotiated Sales - PM (PDF) (LM_XB403),2026-09-26T15:00:20+00:00
0c31470e6eaaede4,2019-01-11,Beef,"Rib, ribeye, bnls, heavy (112A  3)",Choice Cuts,,,,Choice,,,,,691.5,775.65,,,726.34,$/cwt,7.2634,per lb,National,wholesale,,,,,,60324.0,lb,,2453,National Daily Boxed Beef Cutout & Boxed Beef Cuts - Negotiated Sales - PM (PDF) (LM_XB403),2026-09-26T15:00:20+00:00
547dfae8a7e790d1,2019-01-11,Beef,"Rib, ribeye, bnls, heavy (112A  3)",Select Cuts,,,,Select,,,,,608.0,701.5,,,641.16,$/cwt,6.4116,per lb,National,wholesale,,,,,,40062.0,lb,,2453,National Daily Boxed Beef Cutout & Boxed Beef Cuts - Negotiated Sales - PM (PDF) (LM_XB403),2026-09-26T15:00:20+00:00
a8c60d7a6af5a465,2019-01-11,Beef,"Rib, ribeye, bnls, light (112A  3)",Choice Cuts,,,,Choice,,,,,727.0,775.65,,,746.44,$/cwt,7.4644,per lb,National,wholesale,,,,,,51637.0,lb,,2453,National Daily Boxed Beef Cutout & Boxed Beef Cuts - Negotiated Sales - PM (PDF) (LM_XB403),2026-09-26T15:00:20+00:00
775a938ab8a9e407,2019-01-11,Beef,"Rib, ribeye, bnls, light (112A  3)",Select Cuts,,,,Select,,,,,635.0,685.0,,,668.36,$/cwt,6.6836,per lb,National,wholesale,,,,,,6246.0,lb,,2453,National Daily Boxed Beef Cutout & Boxed Beef Cuts - Negotiated Sales - PM (PDF) (LM_XB403),2026-09-26T15:00:20+00:00
02e36584723a70b0,2019-01-11,Beef,"Rib, ribeye, lip-on, bn-in (109E  1)",Choice Cuts,,,,Choice,,,,,618.0,646.5,,,620.27,$/cwt,6.2027,per lb,National,wholesale,,,,,,42015.0,lb,,2453,National Daily Boxed Beef Cutout & Boxed Beef Cuts - Negotiated Sales - PM (PDF) (LM_XB403),2026-09-26T15:00:20+00:00
62764ad937c3d3a8,2019-01-11,Beef,"Round, bottom gooseneck (170  1)",Choice Cuts,,,,Choice,,,,,187.0,214.25,,,187.55,$/cwt,1.8755,per lb,National,wholesale,,,,,,82693.0,lb,,2453,National Daily Boxed Beef Cutout & Boxed Beef Cuts - Negotiated Sales - PM (PDF) (LM_XB403),2026-09-26T15:00:20+00:00
299acdd68e0f35b2,2019-01-11,Beef,"Round, eye of round (171C  3)",Choice Cuts,,,,Choice,,,,,230.0,265.0,,,247.59,$/cwt,2.4759,per lb,National,wholesale,,,,,,58971.0,lb,,2453,National Daily Boxed Beef Cutout & Boxed Beef Cuts - Negotiated Sales - PM (PDF) (LM_XB403),2026-09-26T15:00:20+00:00
179397009024fff7,2019-01-11,Beef,"Round, knuckle, peeled (167A  4)",Choice Cuts,,,,Choice,,,,,225.4,257.0,,,234.62,$/cwt,2.3462,per lb,National,wholesale,,,,,,45371.0,lb,,2453,National Daily Boxed Beef Cutout & Boxed Beef Cuts - Negotiated Sales - PM (PDF) (LM_XB403),2026-09-26T15:00:20+00:00
a6e3efeb59eeb6f1,2019-01-11,Beef,"Round, knuckle, peeled (167A  4)",Select Cuts,,,,Select,,,,,226.09,240.0,,,227.98,$/cwt,2.2798,per lb,National,wholesale,,,,,,37223.0,lb,,2453,National Daily Boxed Beef Cutout & Boxed Beef Cuts - Negotiated Sales - PM (PDF) (LM_XB403),2026-09-26T15:00:20+00:00
f935456fc7ab2a45,2019-01-11,Beef,"Round, outside round (171B  3)",Choice Cuts,,,,Choice,,,,,195.0,211.75,,,202.02,$/cwt,2.0202,per lb,National,wholesale,,,,,,121453.0,lb,,2453,National Daily Boxed Beef Cutout & Boxed Beef Cuts - Negotiated Sales - PM (PDF) (LM_XB403),2026-09-26T15:00:20+00:00
c80bff475fa9c3a3,2019-01-11,Beef,"Round, outside round (171B  3)",Select Cuts,,,,Select,,,,,198.0,219.25,,,204.99,$/cwt,2.0499,per lb,National,wholesale,,,,,,30179.0,lb,,2453,National Daily Boxed Beef Cutout & Boxed Beef Cuts - Negotiated Sales - PM (PDF) (LM_XB403),2026-09-26T15:00:20+00:00
cdce95f7179774db,2019-01-11,Beef,"Round, top inside round (168  3)",Choice Cuts,,,,Choice,,,,,203.96,227.0,,,207.12,$/cwt,2.0712,per lb,National,wholesale,,,,,,462366.0,lb,,2453,National Daily Boxed Beef Cutout & Boxed Beef Cuts - Negotiated Sales - PM (PDF) (LM_XB403),2026-09-26T15:00:20+00:00
1a9f09e139f37606,2019-01-11,Beef,"Round, top inside round (168  3)",Select Cuts,,,,Select,,,,,213.0,220.25,,,215.74,$/cwt,2.1574,per lb,National,wholesale,,,,,,17379.0,lb,,2453,National Daily Boxed Beef Cutout & Boxed Beef Cuts - Negotiated Sales - PM (PDF) (LM_XB403),2026-09-26T15:00:20+00:00
6195afe30227f633,2019-01-11,Beef,"Round, top inside, cap off (169A  5)",Choice Cuts,,,,Choice,,,,,295.19,310.0,,,302.03,$/cwt,3.0203,per lb,National,wholesale,,,,,,3651.0,lb,,2453,National Daily Boxed Beef Cutout & Boxed Beef Cuts - Negotiated Sales - PM (PDF) (LM_XB403),2026-09-26T15:00:20+00:00
88ab19efad8326b7,2019-01-11,Beef,"Round, top inside, denuded (169  5)",Choice Cuts,,,,Choice,,,,,239.0,270.25,,,258.52,$/cwt,2.5852,per lb,National,wholesale,,,,,,46275.0,lb,,2453,National Daily Boxed Beef Cutout & Boxed Beef Cuts - Negotiated Sales - PM (PDF) (LM_XB403),2026-09-26T15:00:20+00:00
5b7eec09fd154e33,2019-01-11,Beef,"Short Plate, short rib (123A  3)",Choice Cuts,,,,Choice,,,,,519.66,589.15,,,533.24,$/cwt,5.3324,per lb,National,wholesale,,,,,,10596.0,lb,,2453,National Daily Boxed Beef Cutout & Boxed Beef Cuts - Negotiated Sales - PM (PDF) (LM_XB403),2026-09-26T15:00:20+00:00
9883ee495d58e037,2019-01-14,Beef,"Brisket, deckle-off, bnls (120  1)",Choice Cuts,,,,Choice,,,,,264.84,299.51,,,274.32,$/cwt,2.7432,per lb,National,wholesale,,,,,,35386.0,lb,,2453,National Daily Boxed Beef Cutout & Boxed Beef Cuts - Negotiated Sales - PM (PDF) (LM_XB403),2026-09-26T15:00:20+00:00
b2f48c1ae7d940d3,2019-01-14,Beef,"Brisket, point/off, bnls (120A  3)",Choice Cuts,,,,Choice,,,,,465.0,508.0,,,489.39,$/cwt,4.8939,per lb,National,wholesale,,,,,,3747.0,lb,,2453,National Daily Boxed Beef Cutout & Boxed Beef Cuts - Negotiated Sales - PM (PDF) (LM_XB403),2026-09-26T15:00:20+00:00
289510163bb6e6b3,2019-01-14,Beef,"Chuck, chuck tender (116B  1)",Choice Cuts,,,,Choice,,,,,212.21,242.25,,,227.76,$/cwt,2.2776,per lb,National,wholesale,,,,,,48355.0,lb,,2453,National Daily Boxed Beef Cutout & Boxed Beef Cuts - Negotiated Sales - PM (PDF) (LM_XB403),2026-09-26T15:00:20+00:00
187722bc1abb5620,2019-01-14,Beef,"Chuck, chuck tender (116B  1)",Select Cuts,,,,Select,,,,,225.0,235.0,,,225.64,$/cwt,2.2564,per lb,National,wholesale,,,,,,27440.0,lb,,2453,National Daily Boxed Beef Cutout & Boxed Beef Cuts - Negotiated Sales - PM (PDF) (LM_XB403),2026-09-26T15:00:20+00:00
44dc9acf84b7799e,2019-01-14,Beef,"Chuck, clod tender (114F  5)",Choice Cuts,,,,Choice,,,,,405.0,433.0,,,419.42,$/cwt,4.1942,per lb,National,wholesale,,,,,,28129.0,lb,,2453,National Daily Boxed Beef Cutout & Boxed Beef Cuts - Negotiated Sales - PM (PDF) (LM_XB403),2026-09-26T15:00:20+00:00
c67fe2e2eedd7462,2019-01-14,Beef,"Chuck, clod tender (114F  5)",Select Cuts,,,,Select,,,,,395.0,405.58,,,395.79,$/cwt,3.9579,per lb,National,wholesale,,,,,,4074.0,lb,,2453,National Daily Boxed Beef Cutout & Boxed Beef Cuts - Negotiated Sales - PM (PDF) (LM_XB403),2026-09-26T15:00:20+00:00
a9f79722d9c187d3,2019-01-14,Beef,"Chuck, clod, arm roast (114E  3)",Choice Cuts,,,,Choice,,,,,241.0,282.43,,,264.93,$/cwt,2.6493,per lb,National,wholesale,,,,,,21567.0,lb,,2453,National Daily Boxed Beef Cutout & Boxed Beef Cuts - Negotiated Sales - PM (PDF) (LM_XB403),2026-09-26T15:00:20+00:00
5eb60027a8f50dd1,2019-01-14,Beef,"Chuck, clod, top blade (114D  3)",Choice Cuts,,,,Choice,,,,,335.21,340.32,,,337.88,$/cwt,3.3788,per lb,National,wholesale,,,,,,6003.0,lb,,2453,National Daily Boxed Beef Cutout & Boxed Beef Cuts - Negotiated Sales - PM (PDF) (LM_XB403),2026-09-26T15:00:20+00:00
80aa7c828f30ec35,2019-01-14,Beef,"Chuck, flap (116G  4)",Choice Cuts,,,,Choice,,,,,542.37,561.0,,,550.6,$/cwt,5.506,per lb,National,wholesale,,,,,,11332.0,lb,,2453,National Daily Boxed Beef Cutout & Boxed Beef Cuts - Negotiated Sales - PM (PDF) (LM_XB403),2026-09-26T15:00:20+00:00
7cb8297f160134c7,2019-01-14,Beef,"Chuck, flap (116G  4)",Select Cuts,,,,Select,,,,,500.13,514.35,,,502.8,$/cwt,5.028,per lb,National,wholesale,,,,,,4125.0,lb,,2453,National Daily Boxed Beef Cutout & Boxed Beef Cuts - Negotiated Sales - PM (PDF) (LM_XB403),2026-09-26T15:00:20+00:00
ad47ace2ccacef10,2019-01-14,Beef,"Chuck, roll, lxl, neck/off (116A  3)",Choice Cuts,,,,Choice,,,,,287.21,308.11,,,292.76,$/cwt,2.9276,per lb,National,wholesale,,,,,,96124.0,lb,,2453,National Daily Boxed Beef Cutout & Boxed Beef Cuts - Negotiated Sales - PM (PDF) (LM_XB403),2026-09-26T15:00:20+00:00
08ff5222e6b7aa49,2019-01-14,Beef,"Chuck, roll, lxl, neck/off (116A  3)",Select Cuts,,,,Select,,,,,279.58,302.0,,,288.73,$/cwt,2.8873,per lb,National,wholesale,,,,,,66761.0,lb,,2453,National Daily Boxed Beef Cutout & Boxed Beef Cuts - Negotiated Sales - PM (PDF) (LM_XB403),2026-09-26T15:00:20+00:00
e5f5bb20aea53b39,2019-01-14,Beef,"Chuck, roll, retail ready (916A  3)",Choice Cuts,,,,Choice,,,,,296.03,333.6,,,319.75,$/cwt,3.1975,per lb,National,wholesale,,,,,,314788.0,lb,,2453,National Daily Boxed Beef Cutout & Boxed Beef Cuts - Negotiated Sales - PM (PDF) (LM_XB403),2026-09-26T15:00:20+00:00
852fa60c206e79a0,2019-01-14,Beef,"Chuck, semi-bnls, neck/off (113C  1)",Choice Cuts,,,,Choice,,,,,224.0,236.25,,,228.29,$/cwt,2.2829,per lb,National,wholesale,,,,,,15817.0,lb,,2453,National Daily Boxed Beef Cutout & Boxed Beef Cuts - Negotiated Sales - PM (PDF) (LM_XB403),2026-09-26T15:00:20+00:00
781a7e82cb1d650c,2019-01-14,Beef,"Chuck, short rib (130  4)",Choice Cuts,,,,Choice,,,,,299.79,430.0,,,330.35,$/cwt,3.3035,per lb,National,wholesale,,,,,,167945.0,lb,,2453,National Daily Boxed Beef Cutout & Boxed Beef Cuts - Negotiated Sales - PM (PDF) (LM_XB403),2026-09-26T15:00:20+00:00
eba5985932c8ee05,2019-01-14,Beef,"Chuck, shoulder clod (114  1)",Choice Cuts,,,,Choice,,,,,190.77,200.94,,,193.16,$/cwt,1.9316,per lb,National,wholesale,,,,,,19508.0,lb,,2453,National Daily Boxed Beef Cutout & Boxed Beef Cuts - Negotiated Sales - PM (PDF) (LM_XB403),2026-09-26T15:00:20+00:00
1d15e39444614427,2019-01-14,Beef,"Chuck, shoulder clod (114  1)",Select Cuts,,,,Select,,,,,191.75,200.0,,,193.88,$/cwt,1.9388,per lb,National,wholesale,,,,,,25601.0,lb,,2453,National Daily Boxed Beef Cutout & Boxed Beef Cuts - Negotiated Sales - PM (PDF) (LM_XB403),2026-09-26T15:00:20+00:00
752db558fb0799f9,2019-01-14,Beef,"Chuck, shoulder clod, trmd (114A  3)",Choice Cuts,,,,Choice,,,,,203.0,235.0,,,210.02,$/cwt,2.1002,per lb,National,wholesale,,,,,,71193.0,lb,,2453,National Daily Boxed Beef Cutout & Boxed Beef Cuts - Negotiated Sales - PM (PDF) (LM_XB403),2026-09-26T15:00:20+00:00
43568bccb23c8c72,2019-01-14,Beef,"Chuck, shoulder clod, trmd (114A  3)",Select Cuts,,,,Select,,,,,204.53,216.25,,,208.55,$/cwt,2.0855,per lb,National,wholesale,,,,,,29549.0,lb,,2453,National Daily Boxed Beef Cutout & Boxed Beef Cuts - Negotiated Sales - PM (PDF) (LM_XB403),2026-09-26T15:00:20+00:00
80a21b2adc72fa4f,2019-01-14,Beef,Cutout 600-900 lb,,,,,Choice,,,,,,,,,212.02,$/cwt,2.1202,per lb,National,wholesale,,,,,,,,,2453,National Daily Boxed Beef Cutout & Boxed Beef Cuts - Negotiated Sales - PM (PDF) (LM_XB403),2026-09-26T15:00:20+00:00
b4bd68ddbcd7cc80,2019-01-14,Beef,Cutout 600-900 lb,,,,,Select,,,,,,,,,205.46,$/cwt,2.0546,per lb,National,wholesale,,,,,,,,,2453,National Daily Boxed Beef Cutout & Boxed Beef Cuts - Negotiated Sales - PM (PDF) (LM_XB403),2026-09-26T15:00:20+00:00
b22fad015c0da789,2019-01-14,Beef,"Flank, flank steak (193  4)",Choice Cuts,,,,Choice,,,,,455.0,491.75,,,475.41,$/cwt,4.7541,per lb,National,wholesale,,,,,,28647.0,lb,,2453,National Daily Boxed Beef Cutout & Boxed Beef Cuts - Negotiated Sales - PM (PDF) (LM_XB403),2026-09-26T15:00:20+00:00
7805202cf06d0efe,2019-01-14,Beef,"Flank, flank steak (193  4)",Select Cuts,,,,Select,,,,,445.0,476.0,,,451.26,$/cwt,4.5126,per lb,National,wholesale,,,,,,5768.0,lb,,2453,National Daily Boxed Beef Cutout & Boxed Beef Cuts - Negotiated Sales - PM (PDF) (LM_XB403),2026-09-26T15:00:20+00:00
04fdf873907e3503,2019-01-14,Beef,Ground Beef 73%,Ground Beef,,,,,,,,,150.0,191.39,,,167.55,$/cwt,1.6755,per lb,National,wholesale,,,,,,157891.0,lb,,2453,National Daily Boxed Beef Cutout & Boxed Beef Cuts - Negotiated Sales - PM (PDF) (LM_XB403),2026-09-26T15:00:20+00:00
789f0697a149f6f9,2019-01-14,Beef,Ground Beef 81%,Ground Beef,,,,,,,,,169.0,217.5,,,177.59,$/cwt,1.7759,per lb,National,wholesale,,,,,,166008.0,lb,,2453,National Daily Boxed Beef Cutout & Boxed Beef Cuts - Negotiated Sales - PM (PDF) (LM_XB403),2026-09-26T15:00:20+00:00
6c454f4b3207945d,2019-01-14,Beef,Ground Beef 93%,Ground Beef,,,,,,,,,294.0,311.39,,,296.52,$/cwt,2.9652,per lb,National,wholesale,,,,,,20826.0,lb,,2453,National Daily Boxed Beef Cutout & Boxed Beef Cuts - Negotiated Sales - PM (PDF) (LM_XB403),2026-09-26T15:00:20+00:00
3d827c669a602d4e,2019-01-14,Beef,Ground Beef Chuck,Ground Beef,,,,,,,,,185.0,211.39,,,198.55,$/cwt,1.9855,per lb,National,wholesale,,,,,,113800.0,lb,,2453,National Daily Boxed Beef Cutout & Boxed Beef Cuts - Negotiated Sales - PM (PDF) (LM_XB403),2026-09-26T15:00:20+00:00
493869e3eea8e718,2019-01-14,Beef,Ground Beef Round,Ground Beef,,,,,,,,,240.0,265.0,,,248.21,$/cwt,2.4821,per lb,National,wholesale,,,,,,26906.0,lb,,2453,National Daily Boxed Beef Cutout & Boxed Beef Cuts - Negotiated Sales - PM (PDF) (LM_XB403),2026-09-26T15:00:20+00:00
87433122032d6b80,2019-01-14,Beef,"Loin, ball-tip, bnls, heavy (185B  1)",Choice Cuts,,,,Choice,,,,,231.05,275.0,,,241.16,$/cwt,2.4116,per lb,National,wholesale,,,,,,224702.0,lb,,2453,National Daily Boxed Beef Cutout & Boxed Beef Cuts - Negotiated Sales - PM (PDF) (LM_XB403),2026-09-26T15:00:20+00:00
f818d8bb88735a47,2019-01-14,Beef,"Loin, bottom sirloin, flap (185A  4)",Choice Cuts,,,,Choice,,,,,475.0,552.5,,,505.0,$/cwt,5.05,per lb,National,wholesale,,,,,,63688.0,lb,,2453,National Daily Boxed Beef Cutout & Boxed Beef Cuts - Negotiated Sales - PM (PDF) (LM_XB403),2026-09-26T15:00:20+00:00
ef550976435bd748,2019-01-14,Beef,"Loin, bottom sirloin, flap (185A  4)",Select Cuts,,,,Select,,,,,483.0,503.25,,,493.07,$/cwt,4.9307,per lb,National,wholesale,,,,,,14724.0,lb,,2453,National Daily Boxed Beef Cutout & Boxed Beef Cuts - Negotiated Sales - PM (PDF) (LM_XB403),2026-09-26T15:00:20+00:00
c4a6f65d1312da32,2019-01-14,Beef,"Loin, butt tender, trimmed (191A  4)",Choice Cuts,,,,Choice,,,,,957.28,1020.0,,,978.03,$/cwt,9.7803,per lb,National,wholesale,,,,,,1739.0,lb,,2453,National Daily Boxed Beef Cutout & Boxed Beef Cuts - Negotiated Sales - PM (PDF) (LM_XB403),2026-09-26T15:00:20+00:00
aca18e0ffca20430,2019-01-14,Beef,"Loin, butt tender, trimmed (191A  4)",Select Cuts,,,,Select,,,,,955.83,962.13,,,957.3,$/cwt,9.573,per lb,National,wholesale,,,,,,4303.0,lb,,2453,National Daily Boxed Beef Cutout & Boxed Beef Cuts - Negotiated Sales - PM (PDF) (LM_XB403),2026-09-26T15:00:20+00:00
1186fa6f58076b23,2019-01-14,Beef,"Loin, short loin, 0x1 (174  3)",Choice Cuts,,,,Choice,,,,,480.94,522.43,,,491.06,$/cwt,4.9106,per lb,National,wholesale,,,,,,50735.0,lb,,2453,National Daily Boxed Beef Cutout & Boxed Beef Cuts - Negotiated Sales - PM (PDF) (LM_XB403),2026-09-26T15:00:20+00:00
f79d1687c06016b0,2019-01-14,Beef,"Loin, short loin, 0x1 (174  3)",Select Cuts,,,,Select,,,,,460.94,498.8,,,472.69,$/cwt,4.7269,per lb,National,wholesale,,,,,,44064.0,lb,,2453,National Daily Boxed Beef Cutout & Boxed Beef Cuts - Negotiated Sales - PM (PDF) (LM_XB403),2026-09-26T15:00:20+00:00
26626a4c41598221,2019-01-14,Beef,"Loin, sirloin, tri-tip (185C  1)",Choice Cuts,,,,Choice,,,,,284.0,307.03,,,296.36,$/cwt,2.9636,per lb,National,wholesale,,,,,,4723.0,lb,,2453,National Daily Boxed Beef Cutout & Boxed Beef Cuts - Negotiated Sales - PM (PDF) (LM_XB403),2026-09-26T15:00:20+00:00
c89443392a12730e,2019-01-14,Beef,"Loin, sirloin, tri-tip (185C  1)",Select Cuts,,,,Select,,,,,224.8,250.21,,,236.72,$/cwt,2.3672,per lb,National,wholesale,,,,,,47988.0,lb,,2453,National Daily Boxed Beef Cutout & Boxed Beef Cuts - Negotiated Sales - PM (PDF) (LM_XB403),2026-09-26T15:00:20+00:00
364286ab22c4375b,2019-01-14,Beef,"Loin, sirloin, tri-tip, pld (185D  4)",Choice Cuts,,,,Choice,,,,,375.0,444.0,,,395.53,$/cwt,3.9553,per lb,National,wholesale,,,,,,2746.0,lb,,2453,National Daily Boxed Beef Cutout & Boxed Beef Cuts - Negotiated Sales - PM (PDF) (LM_XB403),2026-09-26T15:00:20+00:00
52591736663e5aa2,2019-01-14,Beef,"Loin, strip loin bnls. 1x1 (  1)",Choice Cuts,,,,Choice,,,,,482.0,482.0,,,482.0,$/cwt,4.82,per lb,National,wholesale,,,,,,3617.0,lb,,2453,National Daily Boxed Beef Cutout & Boxed Beef Cuts - Negotiated Sales - PM (PDF) (LM_XB403),2026-09-26T15:00:20+00:00
408f5b1bac221633,2019-01-14,Beef,"Loin, strip loin, 1x1 (175  3)",Choice Cuts,,,,Choice,,,,,419.55,423.72,,,420.69,$/cwt,4.2069,per lb,National,wholesale,,,,,,165163.0,lb,,2453,National Daily Boxed Beef Cutout & Boxed Beef Cuts - Negotiated Sales - PM (PDF) (LM_XB403),2026-09-26T15:00:20+00:00
a72b7178dc16d6a3,2019-01-14,Beef,"Loin, strip, bnls, 0x1 (180  3)",Choice Cuts,,,,Choice,,,,,528.0,559.0,,,534.79,$/cwt,5.3479,per lb,National,wholesale,,,,,,65975.0,lb,,2453,National Daily Boxed Beef Cutout & Boxed Beef Cuts - Negotiated Sales - PM (PDF) (LM_XB403),2026-09-26T15:00:20+00:00
72e219c8d38645c6,2019-01-14,Beef,"Loin, strip, bnls, 0x1 (180  3)",Select Cuts,,,,Select,,,,,442.0,502.75,,,482.34,$/cwt,4.8234,per lb,National,wholesale,,,,,,27863.0,lb,,2453,National Daily Boxed Beef Cutout & Boxed Beef Cuts - Negotiated Sales - PM (PDF) (LM_XB403),2026-09-26T15:00:20+00:00
71242565d9ea5591,2019-01-14,Beef,"Loin, tndrloin, trmd, heavy (189A  4)",Choice Cuts,,,,Choice,,,,,1025.0,1190.0,,,1057.26,$/cwt,10.5726,per lb,National,wholesale,,,,,,34149.0,lb,,2453,National Daily Boxed Beef Cutout & Boxed Beef Cuts - Negotiated Sales - PM (PDF) (LM_XB403),2026-09-26T15:00:20+00:00
a8b8a65fec7e2983,2019-01-14,Beef,"Loin, tndrloin, trmd, heavy (189A  4)",Select Cuts,,,,Select,,,,,1035.0,1045.31,,,1036.95,$/cwt,10.3695,per lb,National,wholesale,,,,,,7880.0,lb,,2453,National Daily Boxed Beef Cutout & Boxed Beef Cuts - Negotiated Sales - PM (PDF) (LM_XB403),2026-09-26T15:00:20+00:00
e7caa69e373ec8ea,2019-01-14,Beef,"Loin, top butt, CC (184B  3)",Choice Cuts,,,,Choice,,,,,460.0,495.0,,,464.75,$/cwt,4.6475,per lb,National,wholesale,,,,,,88977.0,lb,,2453,National Daily Boxed Beef Cutout & Boxed Beef Cuts - Negotiated Sales - PM (PDF) (LM_XB403),2026-09-26T15:00:20+00:00
b3fd1cd6af7ee6f7,2019-01-14,Beef,"Loin, top butt, bnls, heavy (184  1)",Choice Cuts,,,,Choice,,,,,330.0,332.0,,,330.14,$/cwt,3.3014,per lb,National,wholesale,,,,,,1051.0,lb,,2453,National Daily Boxed Beef Cutout & Boxed Beef Cuts - Negotiated Sales - PM (PDF) (LM_XB403),2026-09-26T15:00:20+00:00
6432eaf08ccf3658,2019-01-14,Beef,"Loin, top butt, boneless (184  3)",Choice Cuts,,,,Choice,,,,,332.0,369.0,,,352.12,$/cwt,3.5212,per lb,National,wholesale,,,,,,141065.0,lb,,2453,National Daily Boxed Beef Cutout & Boxed Beef Cuts - Negotiated Sales - PM (PDF) (LM_XB403),2026-09-26T15:00:20+00:00
df46cb8729da7c5b,2019-01-14,Beef,"Loin, top butt, boneless (184  3)",Select Cuts,,,,Select,,,,,338.15,356.28,,,349.27,$/cwt,3.4927,per lb,National,wholesale,,,,,,4337.0,lb,,2453,National Daily Boxed Beef Cutout & Boxed Beef Cuts - Negotiated Sales - PM (PDF) (LM_XB403),2026-09-26T15:00:20+00:00
225711f94fae40e7,2019-01-14,Beef,"Rib, ribeye, bnls, heavy (112A  3)",Choice Cuts,,,,Choice,,,,,711.0,775.43,,,721.61,$/cwt,7.2161,per lb,National,wholesale,,,,,,51591.0,lb,,2453,National Daily Boxed Beef Cutout & Boxed Beef Cuts - Negotiated Sales - PM (PDF) (LM_XB403),2026-09-26T15:00:20+00:00
2705bd462f38b38a,2019-01-14,Beef,"Rib, ribeye, bnls, heavy (112A  3)",Select Cuts,,,,Select,,,,,653.0,702.0,,,682.93,$/cwt,6.8293,per lb,National,wholesale,,,,,,27532.0,lb,,2453,National Daily Boxed Beef Cutout & Boxed Beef Cuts - Negotiated Sales - PM (PDF) (LM_XB403),2026-09-26T15:00:20+00:00
9911398e841c484d,2019-01-14,Beef,"Rib, ribeye, bnls, light (112A  3)",Choice Cuts,,,,Choice,,,,,730.0,775.43,,,745.26,$/cwt,7.4526,per lb,National,wholesale,,,,,,65568.0,lb,,2453,National Daily Boxed Beef Cutout & Boxed Beef Cuts - Negotiated Sales - PM (PDF) (LM_XB403),2026-09-26T15:00:20+00:00
fa918c912de2039a,2019-01-14,Beef,"Rib, ribeye, bnls, light (112A  3)",Select Cuts,,,,Select,,,,,638.27,720.75,,,664.47,$/cwt,6.6447,per lb,National,wholesale,,,,,,143990.0,lb,,2453,National Daily Boxed Beef Cutout & Boxed Beef Cuts - Negotiated Sales - PM (PDF) (LM_XB403),2026-09-26T15:00:20+00:00
a84ffd8e54c9fe4b,2019-01-14,Beef,"Rib, ribeye, lip-on, bn-in (109E  1)",Choice Cuts,,,,Choice,,,,,634.0,662.3,,,644.08,$/cwt,6.4408,per lb,National,wholesale,,,,,,39588.0,lb,,2453,National Daily Boxed Beef Cutout & Boxed Beef Cuts - Negotiated Sales - PM (PDF) (LM_XB403),2026-09-26T15:00:20+00:00
4203a27f8b9775a3,2019-01-14,Beef,"Rib, ribeye, lip-on, bn-in (109E  1)",Select Cuts,,,,Select,,,,,580.58,621.0,,,609.39,$/cwt,6.0939,per lb,National,wholesale,,,,,,3112.0,lb,,2453,National Daily Boxed Beef Cutout & Boxed Beef Cuts - Negotiated Sales - PM (PDF) (LM_XB403),2026-09-26T15:00:20+00:00
8c8533289a89902c,2019-01-14,Beef,"Round, bottom gooseneck (170  1)",Choice Cuts,,,,Choice,,,,,190.79,211.75,,,201.43,$/cwt,2.0143,per lb,National,wholesale,,,,,,3857.0,lb,,2453,National Daily Boxed Beef Cutout & Boxed Beef Cuts - Negotiated Sales - PM (PDF) (LM_XB403),2026-09-26T15:00:20+00:00
dc0a51368f68c2df,2019-01-14,Beef,"Round, bottom gooseneck (170  1)",Select Cuts,,,,Select,,,,,196.69,202.21,,,199.31,$/cwt,1.9931,per lb,National,wholesale,,,,,,2494.0,lb,,2453,National Daily Boxed Beef Cutout & Boxed Beef Cuts - Negotiated Sales - PM (PDF) (LM_XB403),2026-09-26T15:00:20+00:00
fd60bc85f2f9ba11,2019-01-14,Beef,"Round, eye of round (171C  3)",Choice Cuts,,,,Choice,,,,,236.26,275.0,,,247.41,$/cwt,2.4741,per lb,National,wholesale,,,,,,107143.0,lb,,2453,National Daily Boxed Beef Cutout & Boxed Beef Cuts - Negotiated Sales - PM (PDF) (LM_XB403),2026-09-26T15:00:20+00:00
ac2cc6d0d68096d9,2019-01-14,Beef,"Round, eye of round (171C  3)",Select Cuts,,,,Select,,,,,239.49,258.0,,,244.5,$/cwt,2.445,per lb,National,wholesale,,,,,,36108.0,lb,,2453,National Daily Boxed Beef Cutout & Boxed Beef Cuts - Negotiated Sales - PM (PDF) (LM_XB403),2026-09-26T15:00:20+00:00
752617e84204741f,2019-01-14,Beef,"Round, knuckle, peeled (167A  4)",Choice Cuts,,,,Choice,,,,,225.0,262.25,,,241.94,$/cwt,2.4194,per lb,National,wholesale,,,,,,99762.0,lb,,2453,National Daily Boxed Beef Cutout & Boxed Beef Cuts - Negotiated Sales - PM (PDF) (LM_XB403),2026-09-26T15:00:20+00:00
deb9b8822105eb21,2019-01-14,Beef,"Round, knuckle, peeled (167A  4)",Select Cuts,,,,Select,,,,,228.56,262.0,,,231.56,$/cwt,2.3156,per lb,National,wholesale,,,,,,23907.0,lb,,2453,National Daily Boxed Beef Cutout & Boxed Beef Cuts - Negotiated Sales - PM (PDF) (LM_XB403),2026-09-26T15:00:20+00:00
63782c7a5e432987,2019-01-14,Beef,"Round, outside round (171B  3)",Choice Cuts,,,,Choice,,,,,198.0,216.25,,,201.52,$/cwt,2.0152,per lb,National,wholesale,,,,,,219287.0,lb,,2453,National Daily Boxed Beef Cutout & Boxed Beef Cuts - Negotiated Sales - PM (PDF) (LM_XB403),2026-09-26T15:00:20+00:00
71fdb70aab4a21f0,2019-01-14,Beef,"Round, outside round (171B  3)",Select Cuts,,,,Select,,,,,200.0,225.25,,,205.45,$/cwt,2.0545,per lb,National,wholesale,,,,,,20210.0,lb,,2453,National Daily Boxed Beef Cutout & Boxed Beef Cuts - Negotiated Sales - PM (PDF) (LM_XB403),2026-09-26T15:00:20+00:00
4326ba33785cf595,2019-01-14,Beef,"Round, top inside round (168  1)",Choice Cuts,,,,Choice,,,,,200.0,220.0,,,203.42,$/cwt,2.0342,per lb,National,wholesale,,,,,,213274.0,lb,,2453,National Daily Boxed Beef Cutout & Boxed Beef Cuts - Negotiated Sales - PM (PDF) (LM_XB403),2026-09-26T15:00:20+00:00
dbfc60df730286a6,2019-01-14,Beef,"Round, top inside round (168  1)",Select Cuts,,,,Select,,,,,205.73,220.25,,,210.09,$/cwt,2.1009,per lb,National,wholesale,,,,,,59100.0,lb,,2453,National Daily Boxed Beef Cutout & Boxed Beef Cuts - Negotiated Sales - PM (PDF) (LM_XB403),2026-09-26T15:00:20+00:00
ba8717193d9318f7,2019-01-14,Beef,"Round, top inside round (168  3)",Choice Cuts,,,,Choice,,,,,201.75,230.0,,,209.02,$/cwt,2.0902,per lb,National,wholesale,,,,,,182538.0,lb,,2453,National Daily Boxed Beef Cutout & Boxed Beef Cuts - Negotiated Sales - PM (PDF) (LM_XB403),2026-09-26T15:00:20+00:00
68c3a617e95eb9ad,2019-01-14,Beef,"Round, top inside round (168  3)",Select Cuts,,,,Select,,,,,205.5,220.0,,,209.65,$/cwt,2.0965,per lb,National,wholesale,,,,,,36757.0,lb,,2453,National Daily Boxed Beef Cutout & Boxed Beef Cuts - Negotiated Sales - PM (PDF) (LM_XB403),2026-09-26T15:00:20+00:00
c39845dfa0f8795f,2019-01-14,Beef,"Round, top inside, cap off (169A  5)",Choice Cuts,,,,Choice,,,,,280.83,308.49,,,296.81,$/cwt,2.9681,per lb,National,wholesale,,,,,,80982.0,lb,,2453,National Daily Boxed Beef Cutout & Boxed Beef Cuts - Negotiated Sales - PM (PDF) (LM_XB403),2026-09-26T15:00:20+00:00
5a686ec21a2ea4e4,2019-01-14,Beef,"Round, top inside, denuded (169  5)",Choice Cuts,,,,Choice,,,,,251.18,260.89,,,259.67,$/cwt,2.5967,per lb,National,wholesale,,,,,,18421.0,lb,,2453,National Daily Boxed Beef Cutout & Boxed Beef Cuts - Negotiated Sales - PM (PDF) (LM_XB403),2026-09-26T15:00:20+00:00
9bb20484a2081eca,2019-01-14,Beef,"Round, top inside, denuded (169  5)",Select Cuts,,,,Select,,,,,255.25,268.3,,,258.67,$/cwt,2.5867,per lb,National,wholesale,,,,,,5965.0,lb,,2453,National Daily Boxed Beef Cutout & Boxed Beef Cuts - Negotiated Sales - PM (PDF) (LM_XB403),2026-09-26T15:00:20+00:00
55845e095dcecd70,2019-01-14,Beef,"Short Plate, short rib (123A  3)",Choice Cuts,,,,Choice,,,,,570.0,589.15,,,574.46,$/cwt,5.7446,per lb,National,wholesale,,,,,,21060.0,lb,,2453,National Daily Boxed Beef Cutout & Boxed Beef Cuts - Negotiated Sales - PM (PDF) (LM_XB403),2026-09-26T15:00:20+00:00
21e8d65af441ef7c,2019-01-15,Beef,"Brisket, deckle-off, bnls (120  1)",Choice Cuts,,,,Choice,,,,,265.0,304.55,,,272.92,$/cwt,2.7292,per lb,National,wholesale,,,,,,158812.0,lb,,2453,National Daily Boxed Beef Cutout & Boxed Beef Cuts - Negotiated Sales - PM (PDF) (LM_XB403),2026-09-26T15:00:20+00:00
ffde1889734aeb93,2019-01-15,Beef,"Brisket, deckle-off, bnls (120  1)",Select Cuts,,,,Select,,,,,266.75,289.55,,,268.6,$/cwt,2.686,per lb,National,wholesale,,,,,,48519.0,lb,,2453,National Daily Boxed Beef Cutout & Boxed Beef Cuts - Negotiated Sales - PM (PDF) (LM_XB403),2026-09-26T15:00:20+00:00
2556abf5621b1d70,2019-01-15,Beef,"Brisket, point/off, bnls (120A  3)",Choice Cuts,,,,Choice,,,,,445.0,490.0,,,472.13,$/cwt,4.7213,per lb,National,wholesale,,,,,,3727.0,lb,,2453,National Daily Boxed Beef Cutout & Boxed Beef Cuts - Negotiated Sales - PM (PDF) (LM_XB403),2026-09-26T15:00:20+00:00
32aeef31a85376da,2019-01-15,Beef,"Chuck, chuck tender (116B  1)",Choice Cuts,,,,Choice,,,,,223.91,249.03,,,226.39,$/cwt,2.2639,per lb,National,wholesale,,,,,,61819.0,lb,,2453,National Daily Boxed Beef Cutout & Boxed Beef Cuts - Negotiated Sales - PM (PDF) (LM_XB403),2026-09-26T15:00:20+00:00
2f711f90c1586d04,2019-01-15,Beef,"Chuck, chuck tender (116B  1)",Select Cuts,,,,Select,,,,,225.0,245.0,,,228.23,$/cwt,2.2823,per lb,National,wholesale,,,,,,10358.0,lb,,2453,National Daily Boxed Beef Cutout & Boxed Beef Cuts - Negotiated Sales - PM (PDF) (LM_XB403),2026-09-26T15:00:20+00:00
7fd7b902263bf454,2019-01-15,Beef,"Chuck, clod tender (114F  5)",Choice Cuts,,,,Choice,,,,,397.25,436.75,,,418.55,$/cwt,4.1855,per lb,National,wholesale,,,,,,9579.0,lb,,2453,National Daily Boxed Beef Cutout & Boxed Beef Cuts - Negotiated Sales - PM (PDF) (LM_XB403),2026-09-26T15:00:20+00:00
5dde116ddfb1cb3d,2019-01-15,Beef,"Chuck, clod, arm roast (114E  3)",Choice Cuts,,,,Choice,,,,,250.0,285.35,,,276.87,$/cwt,2.7687,per lb,National,wholesale,,,,,,37913.0,lb,,2453,National Daily Boxed Beef Cutout & Boxed Beef Cuts - Negotiated Sales - PM (PDF) (LM_XB403),2026-09-26T15:00:20+00:00
e7ef42e960ad2409,2019-01-15,Beef,"Chuck, clod, top blade (114D  3)",Choice Cuts,,,,Choice,,,,,335.13,338.28,,,336.26,$/cwt,3.3626,per lb,National,wholesale,,,,,,10671.0,lb,,2453,National Daily Boxed Beef Cutout & Boxed Beef Cuts - Negotiated Sales - PM (PDF) (LM_XB403),2026-09-26T15:00:20+00:00
fc9ee33accb73ee1,2019-01-15,Beef,"Chuck, flap (116G  4)",Choice Cuts,,,,Choice,,,,,486.23,588.37,,,533.48,$/cwt,5.3348,per lb,National,wholesale,,,,,,98723.0,lb,,2453,National Daily Boxed Beef Cutout & Boxed Beef Cuts - Negotiated Sales - PM (PDF) (LM_XB403),2026-09-26T15:00:20+00:00
c4d554170f433b11,2019-01-15,Beef,"Chuck, flap (116G  4)",Select Cuts,,,,Select,,,,,485.63,517.64,,,500.57,$/cwt,5.0057,per lb,National,wholesale,,,,,,13778.0,lb,,2453,National Daily Boxed Beef Cutout & Boxed Beef Cuts - Negotiated Sales - PM (PDF) (LM_XB403),2026-09-26T15:00:20+00:00
4afc5170d1854d5b,2019-01-15,Beef,"Chuck, roll, lxl, neck/off (116A  3)",Choice Cuts,,,,Choice,,,,,284.25,307.0,,,290.63,$/cwt,2.9063,per lb,National,wholesale,,,,,,108688.0,lb,,2453,National Daily Boxed Beef Cutout & Boxed Beef Cuts - Negotiated Sales - PM (PDF) (LM_XB403),2026-09-26T15:00:20+00:00
7087da18c6e0807c,2019-01-15,Beef,"Chuck, roll, lxl, neck/off (116A  3)",Select Cuts,,,,Select,,,,,280.0,310.0,,,288.62,$/cwt,2.8862,per lb,National,wholesale,,,,,,84645.0,lb,,2453,National Daily Boxed Beef Cutout & Boxed Beef Cuts - Negotiated Sales - PM (PDF) (LM_XB403),2026-09-26T15:00:20+00:00
e6a5c2c97a3ea4e1,2019-01-15,Beef,"Chuck, roll, retail ready (916A  3)",Choice Cuts,,,,Choice,,,,,298.35,324.83,,,307.37,$/cwt,3.0737,per lb,National,wholesale,,,,,,179967.0,lb,,2453,National Daily Boxed Beef Cutout & Boxed Beef Cuts - Negotiated Sales - PM (PDF) (LM_XB403),2026-09-26T15:00:20+00:00
aed7e0ec23879373,2019-01-15,Beef,"Chuck, semi-bnls, neck/off (113C  1)",Choice Cuts,,,,Choice,,,,,234.03,251.0,,,243.38,$/cwt,2.4338,per lb,National,wholesale,,,,,,4076.0,lb,,2453,National Daily Boxed Beef Cutout & Boxed Beef Cuts - Negotiated Sales - PM (PDF) (LM_XB403),2026-09-26T15:00:20+00:00
56e6cd10641c7556,2019-01-15,Beef,"Chuck, short rib (130  4)",Choice Cuts,,,,Choice,,,,,299.75,430.0,,,322.52,$/cwt,3.2252,per lb,National,wholesale,,,,,,105360.0,lb,,2453,National Daily Boxed Beef Cutout & Boxed Beef Cuts - Negotiated Sales - PM (PDF) (LM_XB403),2026-09-26T15:00:20+00:00
e1dadde587b725a8,2019-01-15,Beef,"Chuck, short rib (130  4)",Select Cuts,,,,Select,,,,,300.19,360.0,,,326.56,$/cwt,3.2656,per lb,National,wholesale,,,,,,13081.0,lb,,2453,National Daily Boxed Beef Cutout & Boxed Beef Cuts - Negotiated Sales - PM (PDF) (LM_XB403),2026-09-26T15:00:20+00:00
603922e47e3bc462,2019-01-15,Beef,"Chuck, shoulder clod (114  1)",Choice Cuts,,,,Choice,,,,,191.66,214.0,,,196.8,$/cwt,1.968,per lb,National,wholesale,,,,,,39198.0,lb,,2453,National Daily Boxed Beef Cutout & Boxed Beef Cuts - Negotiated Sales - PM (PDF) (LM_XB403),2026-09-26T15:00:20+00:00
f7f184662f72bc3a,2019-01-15,Beef,"Chuck, shoulder clod (114  1)",Select Cuts,,,,Select,,,,,191.59,206.75,,,193.52,$/cwt,1.9352,per lb,National,wholesale,,,,,,83952.0,lb,,2453,National Daily Boxed Beef Cutout & Boxed Beef Cuts - Negotiated Sales - PM (PDF) (LM_XB403),2026-09-26T15:00:20+00:00
f1257c2415626680,2019-01-15,Beef,"Chuck, shoulder clod, trmd (114A  3)",Choice Cuts,,,,Choice,,,,,196.0,228.0,,,204.61,$/cwt,2.0461,per lb,National,wholesale,,,,,,673437.0,lb,,2453,National Daily Boxed Beef Cutout & Boxed Beef Cuts - Negotiated Sales - PM (PDF) (LM_XB403),2026-09-26T15:00:20+00:00
b7e762ed9c550300,2019-01-15,Beef,"Chuck, shoulder clod, trmd (114A  3)",Select Cuts,,,,Select,,,,,199.84,215.21,,,210.29,$/cwt,2.1029,per lb,National,wholesale,,,,,,19193.0,lb,,2453,National Daily Boxed Beef Cutout & Boxed Beef Cuts - Negotiated Sales - PM (PDF) (LM_XB403),2026-09-26T15:00:20+00:00
5123b7df4f54ce8e,2019-01-15,Beef,Cutout 600-900 lb,,,,,Select,,,,,,,,,205.87,$/cwt,2.0587,per lb,National,wholesale,,,,,,,,,2453,National Daily Boxed Beef Cutout & Boxed Beef Cuts - Negotiated Sales - PM (PDF) (LM_XB403),2026-09-26T15:00:20+00:00
f6597c596c0b9126,2019-01-15,Beef,Cutout 600-900 lb,,,,,Choice,,,,,,,,,212.21,$/cwt,2.1221,per lb,National,wholesale,,,,,,,,,2453,National Daily Boxed Beef Cutout & Boxed Beef Cuts - Negotiated Sales - PM (PDF) (LM_XB403),2026-09-26T15:00:20+00:00
4b642b32a2c585d2,2019-01-15,Beef,"Flank, flank steak (193  4)",Choice Cuts,,,,Choice,,,,,460.0,497.23,,,480.72,$/cwt,4.8072,per lb,National,wholesale,,,,,,28113.0,lb,,2453,National Daily Boxed Beef Cutout & Boxed Beef Cuts - Negotiated Sales - PM (PDF) (LM_XB403),2026-09-26T15:00:20+00:00
73fa04fe4b0a73b6,2019-01-15,Beef,"Flank, flank steak (193  4)",Select Cuts,,,,Select,,,,,445.0,481.56,,,456.73,$/cwt,4.5673,per lb,National,wholesale,,,,,,37565.0,lb,,2453,National Daily Boxed Beef Cutout & Boxed Beef Cuts - Negotiated Sales - PM (PDF) (LM_XB403),2026-09-26T15:00:20+00:00
929c7d886609e6d2,2019-01-15,Beef,Ground Beef 73%,Ground Beef,,,,,,,,,150.0,188.99,,,169.19,$/cwt,1.6919,per lb,National,wholesale,,,,,,183830.0,lb,,2453,National Daily Boxed Beef Cutout & Boxed Beef Cuts - Negotiated Sales - PM (PDF) (LM_XB403),2026-09-26T15:00:20+00:00
1f0ef66ce86be356,2019-01-15,Beef,Ground Beef 81%,Ground Beef,,,,,,,,,170.0,199.25,,,179.55,$/cwt,1.7955,per lb,National,wholesale,,,,,,215939.0,lb,,2453,National Daily Boxed Beef Cutout & Boxed Beef Cuts - Negotiated Sales - PM (PDF) (LM_XB403),2026-09-26T15:00:20+00:00
68bbd0376c0309ea,2019-01-15,Beef,Ground Beef 93%,Ground Beef,,,,,,,,,290.85,312.91,,,295.49,$/cwt,2.9549,per lb,National,wholesale,,,,,,31914.0,lb,,2453,National Daily Boxed Beef Cutout & Boxed Beef Cuts - Negotiated Sales - PM (PDF) (LM_XB403),2026-09-26T15:00:20+00:00
324c49e60dc9888a,2019-01-15,Beef,Ground Beef Chuck,Ground Beef,,,,,,,,,175.0,210.5,,,200.57,$/cwt,2.0057,per lb,National,wholesale,,,,,,28015.0,lb,,2453,National Daily Boxed Beef Cutout & Boxed Beef Cuts - Negotiated Sales - PM (PDF) (LM_XB403),2026-09-26T15:00:20+00:00
4b555e5e4b811abe,2019-01-15,Beef,Ground Beef Round,Ground Beef,,,,,,,,,238.87,262.0,,,248.11,$/cwt,2.4811,per lb,National,wholesale,,,,,,24436.0,lb,,2453,National Daily Boxed Beef Cutout & Boxed Beef Cuts - Negotiated Sales - PM (PDF) (LM_XB403),2026-09-26T15:00:20+00:00
284b8c0b88d1909d,2019-01-15,Beef,"Loin, ball-tip, bnls, heavy (185B  1)",Choice Cuts,,,,Choice,,,,,240.74,271.0,,,247.47,$/cwt,2.4747,per lb,National,wholesale,,,,,,125000.0,lb,,2453,National Daily Boxed Beef Cutout & Boxed Beef Cuts - Negotiated Sales - PM (PDF) (LM_XB403),2026-09-26T15:00:20+00:00
d05fa3c629bf320f,2019-01-15,Beef,"Loin, ball-tip, bnls, heavy (185B  1)",Select Cuts,,,,Select,,,,,232.52,250.3,,,234.54,$/cwt,2.3454,per lb,National,wholesale,,,,,,9411.0,lb,,2453,National Daily Boxed Beef Cutout & Boxed Beef Cuts - Negotiated Sales - PM (PDF) (LM_XB403),2026-09-26T15:00:20+00:00
b41501fd3c9e78bb,2019-01-15,Beef,"Loin, bottom sirloin, flap (185A  4)",Choice Cuts,,,,Choice,,,,,490.0,564.25,,,508.65,$/cwt,5.0865,per lb,National,wholesale,,,,,,98027.0,lb,,2453,National Daily Boxed Beef Cutout & Boxed Beef Cuts - Negotiated Sales - PM (PDF) (LM_XB403),2026-09-26T15:00:20+00:00
ac50239fc557e7a6,2019-01-15,Beef,"Loin, bottom sirloin, flap (185A  4)",Select Cuts,,,,Select,,,,,503.0,511.25,,,507.33,$/cwt,5.0733,per lb,National,wholesale,,,,,,1782.0,lb,,2453,National Daily Boxed Beef Cutout & Boxed Beef Cuts - Negotiated Sales - PM (PDF) (LM_XB403),2026-09-26T15:00:20+00:00
e211c5b6b551f6dd,2019-01-15,Beef,"Loin, butt tender, trimmed (191A  4)",Choice Cuts,,,,Choice,,,,,975.0,1050.0,,,1010.45,$/cwt,10.1045,per lb,National,wholesale,,,,,,6245.0,lb,,2453,National Daily Boxed Beef Cutout & Boxed Beef Cuts - Negotiated Sales - PM (PDF) (LM_XB403),2026-09-26T15:00:20+00:00
2594df4e84498e18,2019-01-15,Beef,"Loin, short loin, 0x1 (174  3)",Choice Cuts,,,,Choice,,,,,484.23,525.35,,,494.11,$/cwt,4.9411,per lb,National,wholesale,,,,,,95982.0,lb,,2453,National Daily Boxed Beef Cutout & Boxed Beef Cuts - Negotiated Sales - PM (PDF) (LM_XB403),2026-09-26T15:00:20+00:00
54782ba7c0044a0a,2019-01-15,Beef,"Loin, short loin, 0x1 (174  3)",Select Cuts,,,,Select,,,,,436.67,485.0,,,443.21,$/cwt,4.4321,per lb,National,wholesale,,,,,,74931.0,lb,,2453,National Daily Boxed Beef Cutout & Boxed Beef Cuts - Negotiated Sales - PM (PDF) (LM_XB403),2026-09-26T15:00:20+00:00
040c5c9c81a16d73,2019-01-15,Beef,"Loin, sirloin, tri-tip (185C  1)",Choice Cuts,,,,Choice,,,,,295.74,315.75,,,297.48,$/cwt,2.9748,per lb,National,wholesale,,,,,,12336.0,lb,,2453,National Daily Boxed Beef Cutout & Boxed Beef Cuts - Negotiated Sales - PM (PDF) (LM_XB403),2026-09-26T15:00:20+00:00
7e3bc6ff5ca78e36,2019-01-15,Beef,"Loin, sirloin, tri-tip (185C  1)",Select Cuts,,,,Select,,,,,226.05,250.0,,,228.56,$/cwt,2.2856,per lb,National,wholesale,,,,,,43914.0,lb,,2453,National Daily Boxed Beef Cutout & Boxed Beef Cuts - Negotiated Sales - PM (PDF) (LM_XB403),2026-09-26T15:00:20+00:00
fd2cbe8a79dc72c5,2019-01-15,Beef,"Loin, sirloin, tri-tip, pld (185D  4)",Choice Cuts,,,,Choice,,,,,395.0,430.75,,,401.96,$/cwt,4.0196,per lb,National,wholesale,,,,,,6225.0,lb,,2453,National Daily Boxed Beef Cutout & Boxed Beef Cuts - Negotiated Sales - PM (PDF) (LM_XB403),2026-09-26T15:00:20+00:00
ee0b99a540ed76a9,2019-01-15,Beef,"Loin, strip loin, 1x1 (175  3)",Choice Cuts,,,,Choice,,,,,421.23,425.92,,,421.75,$/cwt,4.2175,per lb,National,wholesale,,,,,,101919.0,lb,,2453,National Daily Boxed Beef Cutout & Boxed Beef Cuts - Negotiated Sales - PM (PDF) (LM_XB403),2026-09-26T15:00:20+00:00
b5addd84539685e9,2019-01-15,Beef,"Loin, strip, bnls, 0x1 (180  3)",Choice Cuts,,,,Choice,,,,,518.66,555.75,,,534.35,$/cwt,5.3435,per lb,National,wholesale,,,,,,164552.0,lb,,2453,National Daily Boxed Beef Cutout & Boxed Beef Cuts - Negotiated Sales - PM (PDF) (LM_XB403),2026-09-26T15:00:20+00:00
1a2316a2c1999273,2019-01-15,Beef,"Loin, strip, bnls, 0x1 (180  3)",Select Cuts,,,,Select,,,,,458.15,502.95,,,489.98,$/cwt,4.8998,per lb,National,wholesale,,,,,,40551.0,lb,,2453,National Daily Boxed Beef Cutout & Boxed Beef Cuts - Negotiated Sales - PM (PDF) (LM_XB403),2026-09-26T15:00:20+00:00
22669c6cd3110212,2019-01-15,Beef,"Loin, tndrloin, trmd, heavy (189A  4)",Choice Cuts,,,,Choice,,,,,990.94,1152.25,,,1042.33,$/cwt,10.4233,per lb,National,wholesale,,,,,,131157.0,lb,,2453,National Daily Boxed Beef Cutout & Boxed Beef Cuts - Negotiated Sales - PM (PDF) (LM_XB403),2026-09-26T15:00:20+00:00
7dd7490ccdcdc1b2,2019-01-15,Beef,"Loin, tndrloin, trmd, heavy (189A  4)",Select Cuts,,,,Select,,,,,905.44,1176.5,,,1026.03,$/cwt,10.2603,per lb,National,wholesale,,,,,,14947.0,lb,,2453,National Daily Boxed Beef Cutout & Boxed Beef Cuts - Negotiated Sales - PM (PDF) (LM_XB403),2026-09-26T15:00:20+00:00
a4fde1da330e7bca,2019-01-15,Beef,"Loin, top butt, CC (184B  3)",Choice Cuts,,,,Choice,,,,,460.0,465.0,,,461.69,$/cwt,4.6169,per lb,National,wholesale,,,,,,63432.0,lb,,2453,National Daily Boxed Beef Cutout & Boxed Beef Cuts - Negotiated Sales - PM (PDF) (LM_XB403),2026-09-26T15:00:20+00:00
5dd28baabe3522bb,2019-01-15,Beef,"Loin, top butt, bnls, heavy (184  1)",Choice Cuts,,,,Choice,,,,,314.0,359.52,,,330.61,$/cwt,3.3061,per lb,National,wholesale,,,,,,12996.0,lb,,2453,National Daily Boxed Beef Cutout & Boxed Beef Cuts - Negotiated Sales - PM (PDF) (LM_XB403),2026-09-26T15:00:20+00:00
0e3a90d44d809163,2019-01-15,Beef,"Loin, top butt, boneless (184  3)",Choice Cuts,,,,Choice,,,,,327.26,364.38,,,342.86,$/cwt,3.4286,per lb,National,wholesale,,,,,,219066.0,lb,,2453,National Daily Boxed Beef Cutout & Boxed Beef Cuts - Negotiated Sales - PM (PDF) (LM_XB403),2026-09-26T15:00:20+00:00
158cfac0dbd0a4dc,2019-01-15,Beef,"Loin, top butt, boneless (184  3)",Select Cuts,,,,Select,,,,,328.0,353.0,,,340.62,$/cwt,3.4062,per lb,National,wholesale,,,,,,27000.0,lb,,2453,National Daily Boxed Beef Cutout & Boxed Beef Cuts - Negotiated Sales - PM (PDF) (LM_XB403),2026-09-26T15:00:20+00:00
fbbc0f47b5a7a22f,2019-01-15,Beef,"Rib, ribeye, bnls, heavy (112A  3)",Choice Cuts,,,,Choice,,,,,710.25,775.01,,,724.73,$/cwt,7.2473,per lb,National,wholesale,,,,,,53580.0,lb,,2453,National Daily Boxed Beef Cutout & Boxed Beef Cuts - Negotiated Sales - PM (PDF) (LM_XB403),2026-09-26T15:00:20+00:00
c71959b880e2be92,2019-01-15,Beef,"Rib, ribeye, bnls, heavy (112A  3)",Select Cuts,,,,Select,,,,,649.15,705.3,,,668.81,$/cwt,6.6881,per lb,National,wholesale,,,,,,20507.0,lb,,2453,National Daily Boxed Beef Cutout & Boxed Beef Cuts - Negotiated Sales - PM (PDF) (LM_XB403),2026-09-26T15:00:20+00:00
c957ffc9e5e4db55,2019-01-15,Beef,"Rib, ribeye, bnls, light (112A  3)",Choice Cuts,,,,Choice,,,,,730.0,775.5,,,752.7,$/cwt,7.527,per lb,National,wholesale,,,,,,111441.0,lb,,2453,National Daily Boxed Beef Cutout & Boxed Beef Cuts - Negotiated Sales - PM (PDF) (LM_XB403),2026-09-26T15:00:20+00:00
6732e36e55a5da39,2019-01-15,Beef,"Rib, ribeye, bnls, light (112A  3)",Select Cuts,,,,Select,,,,,641.34,664.0,,,662.47,$/cwt,6.6247,per lb,National,wholesale,,,,,,41583.0,lb,,2453,National Daily Boxed Beef Cutout & Boxed Beef Cuts - Negotiated Sales - PM (PDF) (LM_XB403),2026-09-26T15:00:20+00:00
abb397818ab1fbf4,2019-01-15,Beef,"Rib, ribeye, lip-on, bn-in (109E  1)",Choice Cuts,,,,Choice,,,,,594.0,676.5,,,642.76,$/cwt,6.4276,per lb,National,wholesale,,,,,,28750.0,lb,,2453,National Daily Boxed Beef Cutout & Boxed Beef Cuts - Negotiated Sales - PM (PDF) (LM_XB403),2026-09-26T15:00:20+00:00
ea44f28f1c895e00,2019-01-15,Beef,"Rib, ribeye, lip-on, bn-in (109E  1)",Select Cuts,,,,Select,,,,,576.15,630.0,,,592.04,$/cwt,5.9204,per lb,National,wholesale,,,,,,11267.0,lb,,2453,National Daily Boxed Beef Cutout & Boxed Beef Cuts - Negotiated Sales - PM (PDF) (LM_XB403),2026-09-26T15:00:20+00:00
5b41dbe2bdbe0483,2019-01-15,Beef,"Round, eye of round (171C  3)",Choice Cuts,,,,Choice,,,,,237.0,267.0,,,247.77,$/cwt,2.4777,per lb,National,wholesale,,,,,,132533.0,lb,,2453,National Daily Boxed Beef Cutout & Boxed Beef Cuts - Negotiated Sales - PM (PDF) (LM_XB403),2026-09-26T15:00:20+00:00
b72399210874b22f,2019-01-15,Beef,"Round, eye of round (171C  3)",Select Cuts,,,,Select,,,,,242.19,263.0,,,246.36,$/cwt,2.4636,per lb,National,wholesale,,,,,,21594.0,lb,,2453,National Daily Boxed Beef Cutout & Boxed Beef Cuts - Negotiated Sales - PM (PDF) (LM_XB403),2026-09-26T15:00:20+00:00
eb80c9345adaebb1,2019-01-15,Beef,"Round, knuckle, peeled (167A  4)",Choice Cuts,,,,Choice,,,,,225.0,266.0,,,233.48,$/cwt,2.3348,per lb,National,wholesale,,,,,,257797.0,lb,,2453,National Daily Boxed Beef Cutout & Boxed Beef Cuts - Negotiated Sales - PM (PDF) (LM_XB403),2026-09-26T15:00:20+00:00
32193ded7eeb5d53,2019-01-15,Beef,"Round, knuckle, peeled (167A  4)",Select Cuts,,,,Select,,,,,229.97,256.25,,,240.5,$/cwt,2.405,per lb,National,wholesale,,,,,,45727.0,lb,,2453,National Daily Boxed Beef Cutout & Boxed Beef Cuts - Negotiated Sales - PM (PDF) (LM_XB403),2026-09-26T15:00:20+00:00
713bea552bd341f9,2019-01-15,Beef,"Round, outside round (171B  3)",Choice Cuts,,,,Choice,,,,,187.5,224.03,,,200.23,$/cwt,2.0023,per lb,National,wholesale,,,,,,206871.0,lb,,2453,National Daily Boxed Beef Cutout & Boxed Beef Cuts - Negotiated Sales - PM (PDF) (LM_XB403),2026-09-26T15:00:20+00:00
b438889995a96b46,2019-01-15,Beef,"Round, outside round (171B  3)",Select Cuts,,,,Select,,,,,187.5,213.0,,,196.33,$/cwt,1.9633,per lb,National,wholesale,,,,,,77569.0,lb,,2453,National Daily Boxed Beef Cutout & Boxed Beef Cuts - Negotiated Sales - PM (PDF) (LM_XB403),2026-09-26T15:00:20+00:00
dcc1adc81a908071,2019-01-15,Beef,"Round, top inside round (168  1)",Choice Cuts,,,,Choice,,,,,196.03,207.44,,,200.73,$/cwt,2.0073,per lb,National,wholesale,,,,,,760675.0,lb,,2453,National Daily Boxed Beef Cutout & Boxed Beef Cuts - Negotiated Sales - PM (PDF) (LM_XB403),2026-09-26T15:00:20+00:00
c7a66db93a2cd73b,2019-01-15,Beef,"Round, top inside round (168  1)",Select Cuts,,,,Select,,,,,207.97,225.0,,,218.42,$/cwt,2.1842,per lb,National,wholesale,,,,,,4953.0,lb,,2453,National Daily Boxed Beef Cutout & Boxed Beef Cuts - Negotiated Sales - PM (PDF) (LM_XB403),2026-09-26T15:00:20+00:00
1ab92161f2ad0681,2019-01-15,Beef,"Round, top inside round (168  3)",Choice Cuts,,,,Choice,,,,,202.0,229.0,,,209.13,$/cwt,2.0913,per lb,National,wholesale,,,,,,561161.0,lb,,2453,National Daily Boxed Beef Cutout & Boxed Beef Cuts - Negotiated Sales - PM (PDF) (LM_XB403),2026-09-26T15:00:20+00:00
1dbc220ca0a674f1,2019-01-15,Beef,"Round, top inside round (168  3)",Select Cuts,,,,Select,,,,,210.66,225.3,,,217.3,$/cwt,2.173,per lb,National,wholesale,,,,,,11518.0,lb,,2453,National Daily Boxed Beef Cutout & Boxed Beef Cuts - Negotiated Sales - PM (PDF) (LM_XB403),2026-09-26T15:00:20+00:00
aba76af41b8e3d72,2019-01-15,Beef,"Round, top inside, cap off (169A  5)",Choice Cuts,,,,Choice,,,,,285.48,308.55,,,289.77,$/cwt,2.8977,per lb,National,wholesale,,,,,,59178.0,lb,,2453,National Daily Boxed Beef Cutout & Boxed Beef Cuts - Negotiated Sales - PM (PDF) (LM_XB403),2026-09-26T15:00:20+00:00
3312416017820de1,2019-01-15,Beef,"Round, top inside, denuded (169  5)",Choice Cuts,,,,Choice,,,,,235.0,265.0,,,244.13,$/cwt,2.4413,per lb,National,wholesale,,,,,,83466.0,lb,,2453,National Daily Boxed Beef Cutout & Boxed Beef Cuts - Negotiated Sales - PM (PDF) (LM_XB403),2026-09-26T15:00:20+00:00
aafe610fc7043ce3,2019-01-15,Beef,"Round, top inside, denuded (169  5)",Select Cuts,,,,Select,,,,,235.0,236.0,,,235.44,$/cwt,2.3544,per lb,National,wholesale,,,,,,35247.0,lb,,2453,National Daily Boxed Beef Cutout & Boxed Beef Cuts - Negotiated Sales - PM (PDF) (LM_XB403),2026-09-26T15:00:20+00:00
f1532a7725d2b804,2019-01-15,Beef,"Short Plate, short rib (123A  3)",Choice Cuts,,,,Choice,,,,,521.0,575.0,,,542.54,$/cwt,5.4254,per lb,National,wholesale,,,,,,11192.0,lb,,2453,National Daily Boxed Beef Cutout & Boxed Beef Cuts - Negotiated Sales - PM (PDF) (LM_XB403),2026-09-26T15:00:20+00:00
670d0df8a691772f,2019-01-16,Beef,"Brisket, deckle-off, bnls (120  1)",Choice Cuts,,,,Choice,,,,,266.0,306.0,,,275.08,$/cwt,2.7508,per lb,National,wholesale,,,,,,135057.0,lb,,2453,National Daily Boxed Beef Cutout & Boxed Beef Cuts - Negotiated Sales - PM (PDF) (LM_XB403),2026-09-26T15:00:20+00:00
c0bcf0b92cff55e9,2019-01-16,Beef,"Brisket, deckle-off, bnls (120  1)",Select Cuts,,,,Select,,,,,264.0,285.0,,,267.77,$/cwt,2.6777,per lb,National,wholesale,,,,,,34622.0,lb,,2453,National Daily Boxed Beef Cutout & Boxed Beef Cuts - Negotiated Sales - PM (PDF) (LM_XB403),2026-09-26T15:00:20+00:00
e1b9a83f82ef20de,2019-01-16,Beef,"Brisket, point/off, bnls (120A  3)",Choice Cuts,,,,Choice,,,,,487.3,534.15,,,494.25,$/cwt,4.9425,per lb,National,wholesale,,,,,,4259.0,lb,,2453,National Daily Boxed Beef Cutout & Boxed Beef Cuts - Negotiated Sales - PM (PDF) (LM_XB403),2026-09-26T15:00:20+00:00
80c6bd172999e246,2019-01-16,Beef,"Chuck, chuck tender (116B  1)",Choice Cuts,,,,Choice,,,,,219.81,249.0,,,227.19,$/cwt,2.2719,per lb,National,wholesale,,,,,,94122.0,lb,,2453,National Daily Boxed Beef Cutout & Boxed Beef Cuts - Negotiated Sales - PM (PDF) (LM_XB403),2026-09-26T15:00:20+00:00
ee3337fbd24cb5d0,2019-01-16,Beef,"Chuck, chuck tender (116B  1)",Select Cuts,,,,Select,,,,,222.0,245.0,,,228.47,$/cwt,2.2847,per lb,National,wholesale,,,,,,18511.0,lb,,2453,National Daily Boxed Beef Cutout & Boxed Beef Cuts - Negotiated Sales - PM (PDF) (LM_XB403),2026-09-26T15:00:20+00:00
118c41f09f371203,2019-01-16,Beef,"Chuck, clod tender (114F  5)",Choice Cuts,,,,Choice,,,,,395.0,417.0,,,396.5,$/cwt,3.965,per lb,National,wholesale,,,,,,34730.0,lb,,2453,National Daily Boxed Beef Cutout & Boxed Beef Cuts - Negotiated Sales - PM (PDF) (LM_XB403),2026-09-26T15:00:20+00:00
57dd39163980c03d,2019-01-16,Beef,"Chuck, clod tender (114F  5)",Select Cuts,,,,Select,,,,,386.8,475.06,,,416.94,$/cwt,4.1694,per lb,National,wholesale,,,,,,15755.0,lb,,2453,National Daily Boxed Beef Cutout & Boxed Beef Cuts - Negotiated Sales - PM (PDF) (LM_XB403),2026-09-26T15:00:20+00:00
91afee6f5cba85a1,2019-01-16,Beef,"Chuck, clod, arm roast (114E  3)",Choice Cuts,,,,Choice,,,,,241.0,276.8,,,255.95,$/cwt,2.5595,per lb,National,wholesale,,,,,,7922.0,lb,,2453,National Daily Boxed Beef Cutout & Boxed Beef Cuts - Negotiated Sales - PM (PDF) (LM_XB403),2026-09-26T15:00:20+00:00
de4aa64d50458caa,2019-01-16,Beef,"Chuck, clod, top blade (114D  3)",Choice Cuts,,,,Choice,,,,,335.64,336.59,,,335.86,$/cwt,3.3586,per lb,National,wholesale,,,,,,3999.0,lb,,2453,National Daily Boxed Beef Cutout & Boxed Beef Cuts - Negotiated Sales - PM (PDF) (LM_XB403),2026-09-26T15:00:20+00:00
97beb9915ad60779,2019-01-16,Beef,"Chuck, flap (116G  4)",Choice Cuts,,,,Choice,,,,,548.59,550.8,,,550.51,$/cwt,5.5051,per lb,National,wholesale,,,,,,2161.0,lb,,2453,National Daily Boxed Beef Cutout & Boxed Beef Cuts - Negotiated Sales - PM (PDF) (LM_XB403),2026-09-26T15:00:20+00:00
c7366bdbcc7f3867,2019-01-16,Beef,"Chuck, flap (116G  4)",Select Cuts,,,,Select,,,,,463.48,530.0,,,477.27,$/cwt,4.7727,per lb,National,wholesale,,,,,,28424.0,lb,,2453,National Daily Boxed Beef Cutout & Boxed Beef Cuts - Negotiated Sales - PM (PDF) (LM_XB403),2026-09-26T15:00:20+00:00
9eb5c6493e86a5b9,2019-01-16,Beef,"Chuck, roll, lxl, neck/off (116A  3)",Choice Cuts,,,,Choice,,,,,285.0,311.0,,,289.1,$/cwt,2.891,per lb,National,wholesale,,,,,,363303.0,lb,,2453,National Daily Boxed Beef Cutout & Boxed Beef Cuts - Negotiated Sales - PM (PDF) (LM_XB403),2026-09-26T15:00:20+00:00
dbd28c7e5a993041,2019-01-16,Beef,"Chuck, roll, lxl, neck/off (116A  3)",Select Cuts,,,,Select,,,,,285.48,303.15,,,289.89,$/cwt,2.8989,per lb,National,wholesale,,,,,,29768.0,lb,,2453,National Daily Boxed Beef Cutout & Boxed Beef Cuts - Negotiated Sales - PM (PDF) (LM_XB403),2026-09-26T15:00:20+00:00
5bdc1f2a9be576d9,2019-01-16,Beef,"Chuck, roll, retail ready (916A  3)",Choice Cuts,,,,Choice,,,,,307.09,321.9,,,313.43,$/cwt,3.1343,per lb,National,wholesale,,,,,,28347.0,lb,,2453,National Daily Boxed Beef Cutout & Boxed Beef Cuts - Negotiated Sales - PM (PDF) (LM_XB403),2026-09-26T15:00:20+00:00
da09701ab5ee26fb,2019-01-16,Beef,"Chuck, semi-bnls, neck/off (113C  1)",Choice Cuts,,,,Choice,,,,,225.0,248.0,,,232.28,$/cwt,2.3228,per lb,National,wholesale,,,,,,20584.0,lb,,2453,National Daily Boxed Beef Cutout & Boxed Beef Cuts - Negotiated Sales - PM (PDF) (LM_XB403),2026-09-26T15:00:20+00:00
877fce7f436eaba4,2019-01-16,Beef,"Chuck, short rib (130  4)",Choice Cuts,,,,Choice,,,,,298.75,430.0,,,343.26,$/cwt,3.4326,per lb,National,wholesale,,,,,,51476.0,lb,,2453,National Daily Boxed Beef Cutout & Boxed Beef Cuts - Negotiated Sales - PM (PDF) (LM_XB403),2026-09-26T15:00:20+00:00
a63078c9784886fa,2019-01-16,Beef,"Chuck, short rib (130  4)",Select Cuts,,,,Select,,,,,295.61,357.75,,,338.71,$/cwt,3.3871,per lb,National,wholesale,,,,,,9378.0,lb,,2453,National Daily Boxed Beef Cutout & Boxed Beef Cuts - Negotiated Sales - PM (PDF) (LM_XB403),2026-09-26T15:00:20+00:00
8a800b7da8c6858b,2019-01-16,Beef,"Chuck, shoulder clod (114  1)",Choice Cuts,,,,Choice,,,,,191.0,214.81,,,193.9,$/cwt,1.939,per lb,National,wholesale,,,,,,63113.0,lb,,2453,National Daily Boxed Beef Cutout & Boxed Beef Cuts - Negotiated Sales - PM (PDF) (LM_XB403),2026-09-26T15:00:20+00:00
1269fe6a898ac293,2019-01-16,Beef,"Chuck, shoulder clod (114  1)",Select Cuts,,,,Select,,,,,191.25,200.0,,,192.91,$/cwt,1.9291,per lb,National,wholesale,,,,,,58400.0,lb,,2453,National Daily Boxed Beef Cutout & Boxed Beef Cuts - Negotiated Sales - PM (PDF) (LM_XB403),2026-09-26T15:00:20+00:00
cfb4d2b796b27048,2019-01-16,Beef,"Chuck, shoulder clod, trmd (114A  3)",Choice Cuts,,,,Choice,,,,,205.0,221.25,,,210.14,$/cwt,2.1014,per lb,National,wholesale,,,,,,130984.0,lb,,2453,National Daily Boxed Beef Cutout & Boxed Beef Cuts - Negotiated Sales - PM (PDF) (LM_XB403),2026-09-26T15:00:20+00:00
f182f11cb0309feb,2019-01-16,Beef,"Chuck, shoulder clod, trmd (114A  3)",Select Cuts,,,,Select,,,,,212.6,216.3,,,213.54,$/cwt,2.1354,per lb,National,wholesale,,,,,,3246.0,lb,,2453,National Daily Boxed Beef Cutout & Boxed Beef Cuts - Negotiated Sales - PM (PDF) (LM_XB403),2026-09-26T15:00:20+00:00
529c31ae22dba8de,2019-01-16,Beef,Cutout 600-900 lb,,,,,Select,,,,,,,,,206.94,$/cwt,2.0694,per lb,National,wholesale,,,,,,,,,2453,National Daily Boxed Beef Cutout & Boxed Beef Cuts - Negotiated Sales - PM (PDF) (LM_XB403),2026-09-26T15:00:20+00:00
6f33a91cb865b789,2019-01-16,Beef,Cutout 600-900 lb,,,,,Choice,,,,,,,,,211.93,$/cwt,2.1193,per lb,National,wholesale,,,,,,,,,2453,National Daily Boxed Beef Cutout & Boxed Beef Cuts - Negotiated Sales - PM (PDF) (LM_XB403),2026-09-26T15:00:20+00:00
37e426f1eb8aaf6d,2019-01-16,Beef,"Flank, flank steak (193  4)",Choice Cuts,,,,Choice,,,,,459.3,492.25,,,471.11,$/cwt,4.7111,per lb,National,wholesale,,,,,,11607.0,lb,,2453,National Daily Boxed Beef Cutout & Boxed Beef Cuts - Negotiated Sales - PM (PDF) (LM_XB403),2026-09-26T15:00:20+00:00
542e2026fb7be0dd,2019-01-16,Beef,"Flank, flank steak (193  4)",Select Cuts,,,,Select,,,,,441.66,480.6,,,449.17,$/cwt,4.4917,per lb,National,wholesale,,,,,,15442.0,lb,,2453,National Daily Boxed Beef Cutout & Boxed Beef Cuts - Negotiated Sales - PM (PDF) (LM_XB403),2026-09-26T15:00:20+00:00
07fd0253c9faa052,2019-01-16,Beef,Ground Beef 73%,Ground Beef,,,,,,,,,148.35,184.6,,,165.11,$/cwt,1.6511,per lb,National,wholesale,,,,,,112941.0,lb,,2453,National Daily Boxed Beef Cutout & Boxed Beef Cuts - Negotiated Sales - PM (PDF) (LM_XB403),2026-09-26T15:00:20+00:00
d710a1d89a005df5,2019-01-16,Beef,Ground Beef 81%,Ground Beef,,,,,,,,,161.0,195.0,,,175.07,$/cwt,1.7507,per lb,National,wholesale,,,,,,439557.0,lb,,2453,National Daily Boxed Beef Cutout & Boxed Beef Cuts - Negotiated Sales - PM (PDF) (LM_XB403),2026-09-26T15:00:20+00:00
88f7305477e19bbe,2019-01-16,Beef,Ground Beef 93%,Ground Beef,,,,,,,,,291.0,316.41,,,292.82,$/cwt,2.9282,per lb,National,wholesale,,,,,,19435.0,lb,,2453,National Daily Boxed Beef Cutout & Boxed Beef Cuts - Negotiated Sales - PM (PDF) (LM_XB403),2026-09-26T15:00:20+00:00
036466755fcb0bd8,2019-01-16,Beef,Ground Beef Chuck,Ground Beef,,,,,,,,,192.0,211.64,,,203.77,$/cwt,2.0377,per lb,National,wholesale,,,,,,96221.0,lb,,2453,National Daily Boxed Beef Cutout & Boxed Beef Cuts - Negotiated Sales - PM (PDF) (LM_XB403),2026-09-26T15:00:20+00:00
f84f6fbc42a9e9d9,2019-01-16,Beef,Ground Beef Round,Ground Beef,,,,,,,,,246.5,261.56,,,251.3,$/cwt,2.513,per lb,National,wholesale,,,,,,14727.0,lb,,2453,National Daily Boxed Beef Cutout & Boxed Beef Cuts - Negotiated Sales - PM (PDF) (LM_XB403),2026-09-26T15:00:20+00:00
be0d1d518b2c86fa,2019-01-16,Beef,"Loin, ball-tip, bnls, heavy (185B  1)",Choice Cuts,,,,Choice,,,,,239.93,266.25,,,248.27,$/cwt,2.4827,per lb,National,wholesale,,,,,,85676.0,lb,,2453,National Daily Boxed Beef Cutout & Boxed Beef Cuts - Negotiated Sales - PM (PDF) (LM_XB403),2026-09-26T15:00:20+00:00
6a7d70ec8551a139,2019-01-16,Beef,"Loin, ball-tip, bnls, heavy (185B  1)",Select Cuts,,,,Select,,,,,216.56,242.5,,,225.7,$/cwt,2.257,per lb,National,wholesale,,,,,,7080.0,lb,,2453,National Daily Boxed Beef Cutout & Boxed Beef Cuts - Negotiated Sales - PM (PDF) (LM_XB403),2026-09-26T15:00:20+00:00
83d091ea5815acab,2019-01-16,Beef,"Loin, bottom sirloin, flap (185A  4)",Choice Cuts,,,,Choice,,,,,497.0,557.25,,,513.2,$/cwt,5.132,per lb,National,wholesale,,,,,,42026.0,lb,,2453,National Daily Boxed Beef Cutout & Boxed Beef Cuts - Negotiated Sales - PM (PDF) (LM_XB403),2026-09-26T15:00:20+00:00
b2d281161bb42310,2019-01-16,Beef,"Loin, bottom sirloin, flap (185A  4)",Select Cuts,,,,Select,,,,,479.77,512.5,,,497.78,$/cwt,4.9778,per lb,National,wholesale,,,,,,3513.0,lb,,2453,National Daily Boxed Beef Cutout & Boxed Beef Cuts - Negotiated Sales - PM (PDF) (LM_XB403),2026-09-26T15:00:20+00:00
10ceb762103e0f26,2019-01-16,Beef,"Loin, butt tender, trimmed (191A  4)",Choice Cuts,,,,Choice,,,,,973.0,985.15,,,982.91,$/cwt,9.8291,per lb,National,wholesale,,,,,,15112.0,lb,,2453,National Daily Boxed Beef Cutout & Boxed Beef Cuts - Negotiated Sales - PM (PDF) (LM_XB403),2026-09-26T15:00:20+00:00
cd842fe1935d0cc7,2019-01-16,Beef,"Loin, short loin, 0x1 (174  3)",Choice Cuts,,,,Choice,,,,,481.78,526.5,,,483.76,$/cwt,4.8376,per lb,National,wholesale,,,,,,176394.0,lb,,2453,National Daily Boxed Beef Cutout & Boxed Beef Cuts - Negotiated Sales - PM (PDF) (LM_XB403),2026-09-26T15:00:20+00:00
a9fdc9ab21c391e4,2019-01-16,Beef,"Loin, short loin, 0x1 (174  3)",Select Cuts,,,,Select,,,,,454.77,485.0,,,477.79,$/cwt,4.7779,per lb,National,wholesale,,,,,,11610.0,lb,,2453,National Daily Boxed Beef Cutout & Boxed Beef Cuts - Negotiated Sales - PM (PDF) (LM_XB403),2026-09-26T15:00:20+00:00
a0e37885ebb5f82e,2019-01-16,Beef,"Loin, sirloin, tri-tip (185C  1)",Choice Cuts,,,,Choice,,,,,290.75,325.0,,,295.33,$/cwt,2.9533,per lb,National,wholesale,,,,,,7358.0,lb,,2453,National Daily Boxed Beef Cutout & Boxed Beef Cuts - Negotiated Sales - PM (PDF) (LM_XB403),2026-09-26T15:00:20+00:00
2a763ec2b014910c,2019-01-16,Beef,"Loin, sirloin, tri-tip (185C  1)",Select Cuts,,,,Select,,,,,245.0,275.75,,,264.62,$/cwt,2.6462,per lb,National,wholesale,,,,,,11602.0,lb,,2453,National Daily Boxed Beef Cutout & Boxed Beef Cuts - Negotiated Sales - PM (PDF) (LM_XB403),2026-09-26T15:00:20+00:00
ce327434a4d9addd,2019-01-16,Beef,"Loin, sirloin, tri-tip, pld (185D  4)",Choice Cuts,,,,Choice,,,,,390.75,425.5,,,409.22,$/cwt,4.0922,per lb,National,wholesale,,,,,,30194.0,lb,,2453,National Daily Boxed Beef Cutout & Boxed Beef Cuts - Negotiated Sales - PM (PDF) (LM_XB403),2026-09-26T15:00:20+00:00
5c675f3582fb694b,2019-01-16,Beef,"Loin, strip loin bnls. 1x1 (  1)",Choice Cuts,,,,Choice,,,,,482.0,509.25,,,498.66,$/cwt,4.9866,per lb,National,wholesale,,,,,,3488.0,lb,,2453,National Daily Boxed Beef Cutout & Boxed Beef Cuts - Negotiated Sales - PM (PDF) (LM_XB403),2026-09-26T15:00:20+00:00
f750cff39e109455,2019-01-16,Beef,"Loin, strip loin, 1x1 (175  3)",Choice Cuts,,,,Choice,,,,,421.58,466.75,,,439.96,$/cwt,4.3996,per lb,National,wholesale,,,,,,55758.0,lb,,2453,National Daily Boxed Beef Cutout & Boxed Beef Cuts - Negotiated Sales - PM (PDF) (LM_XB403),2026-09-26T15:00:20+00:00
63f57bd6cfdb831f,2019-01-16,Beef,"Loin, strip, bnls, 0x1 (180  3)",Choice Cuts,,,,Choice,,,,,520.0,569.0,,,535.39,$/cwt,5.3539,per lb,National,wholesale,,,,,,99301.0,lb,,2453,National Daily Boxed Beef Cutout & Boxed Beef Cuts - Negotiated Sales - PM (PDF) (LM_XB403),2026-09-26T15:00:20+00:00
95880811e67588be,2019-01-16,Beef,"Loin, strip, bnls, 0x1 (180  3)",Select Cuts,,,,Select,,,,,460.0,500.0,,,487.45,$/cwt,4.8745,per lb,National,wholesale,,,,,,22161.0,lb,,2453,National Daily Boxed Beef Cutout & Boxed Beef Cuts - Negotiated Sales - PM (PDF) (LM_XB403),2026-09-26T15:00:20+00:00
1d0f3f74aa1c9580,2019-01-16,Beef,"Loin, tndrloin, trmd, heavy (189A  4)",Choice Cuts,,,,Choice,,,,,1023.68,1078.0,,,1032.13,$/cwt,10.3213,per lb,National,wholesale,,,,,,122055.0,lb,,2453,National Daily Boxed Beef Cutout & Boxed Beef Cuts - Negotiated Sales - PM (PDF) (LM_XB403),2026-09-26T15:00:20+00:00
3169f7777f4dd706,2019-01-16,Beef,"Loin, tndrloin, trmd, heavy (189A  4)",Select Cuts,,,,Select,,,,,1010.0,1180.0,,,1027.61,$/cwt,10.2761,per lb,National,wholesale,,,,,,39252.0,lb,,2453,National Daily Boxed Beef Cutout & Boxed Beef Cuts - Negotiated Sales - PM (PDF) (LM_XB403),2026-09-26T15:00:20+00:00
d81721608c874766,2019-01-16,Beef,"Loin, top butt, bnls, heavy (184  1)",Choice Cuts,,,,Choice,,,,,327.25,346.0,,,330.29,$/cwt,3.3029,per lb,National,wholesale,,,,,,4680.0,lb,,2453,National Daily Boxed Beef Cutout & Boxed Beef Cuts - Negotiated Sales - PM (PDF) (LM_XB403),2026-09-26T15:00:20+00:00
32baade7b3ff3b0d,2019-01-16,Beef,"Loin, top butt, bnls, heavy (184  1)",Select Cuts,,,,Select,,,,,325.0,340.0,,,325.28,$/cwt,3.2528,per lb,National,wholesale,,,,,,3820.0,lb,,2453,National Daily Boxed Beef Cutout & Boxed Beef Cuts - Negotiated Sales - PM (PDF) (LM_XB403),2026-09-26T15:00:20+00:00
bffcca588618c01d,2019-01-16,Beef,"Loin, top butt, boneless (184  3)",Choice Cuts,,,,Choice,,,,,338.0,375.0,,,353.55,$/cwt,3.5355,per lb,National,wholesale,,,,,,111686.0,lb,,2453,National Daily Boxed Beef Cutout & Boxed Beef Cuts - Negotiated Sales - PM (PDF) (LM_XB403),2026-09-26T15:00:20+00:00
e3ec6ccb5e0e9224,2019-01-16,Beef,"Loin, top butt, boneless (184  3)",Select Cuts,,,,Select,,,,,338.63,352.0,,,350.86,$/cwt,3.5086,per lb,National,wholesale,,,,,,7040.0,lb,,2453,National Daily Boxed Beef Cutout & Boxed Beef Cuts - Negotiated Sales - PM (PDF) (LM_XB403),2026-09-26T15:00:20+00:00
5ffdf995eba502d7,2019-01-16,Beef,"Rib, ribeye, bnls, heavy (112A  3)",Choice Cuts,,,,Choice,,,,,709.25,778.0,,,731.47,$/cwt,7.3147,per lb,National,wholesale,,,,,,116005.0,lb,,2453,National Daily Boxed Beef Cutout & Boxed Beef Cuts - Negotiated Sales - PM (PDF) (LM_XB403),2026-09-26T15:00:20+00:00
55b1a52eecfec02a,2019-01-16,Beef,"Rib, ribeye, bnls, heavy (112A  3)",Select Cuts,,,,Select,,,,,642.0,706.25,,,670.77,$/cwt,6.7077,per lb,National,wholesale,,,,,,14176.0,lb,,2453,National Daily Boxed Beef Cutout & Boxed Beef Cuts - Negotiated Sales - PM (PDF) (LM_XB403),2026-09-26T15:00:20+00:00
d49cac939fff4a87,2019-01-16,Beef,"Rib, ribeye, bnls, light (112A  3)",Choice Cuts,,,,Choice,,,,,740.0,790.0,,,744.34,$/cwt,7.4434,per lb,National,wholesale,,,,,,85419.0,lb,,2453,National Daily Boxed Beef Cutout & Boxed Beef Cuts - Negotiated Sales - PM (PDF) (LM_XB403),2026-09-26T15:00:20+00:00
d21227636388c27a,2019-01-16,Beef,"Rib, ribeye, bnls, light (112A  3)",Select Cuts,,,,Select,,,,,633.54,690.0,,,664.39,$/cwt,6.6439,per lb,National,wholesale,,,,,,11685.0,lb,,2453,National Daily Boxed Beef Cutout & Boxed Beef Cuts - Negotiated Sales - PM (PDF) (LM_XB403),2026-09-26T15:00:20+00:00
2c2b2eadb66ad3bb,2019-01-16,Beef,"Rib, ribeye, lip-on, bn-in (109E  1)",Choice Cuts,,,,Choice,,,,,590.0,676.0,,,612.54,$/cwt,6.1254,per lb,National,wholesale,,,,,,72311.0,lb,,2453,National Daily Boxed Beef Cutout & Boxed Beef Cuts - Negotiated Sales - PM (PDF) (LM_XB403),2026-09-26T15:00:20+00:00
9d97a29ffd980c68,2019-01-16,Beef,"Rib, ribeye, lip-on, bn-in (109E  1)",Select Cuts,,,,Select,,,,,575.09,621.0,,,595.91,$/cwt,5.9591,per lb,National,wholesale,,,,,,1983.0,lb,,2453,National Daily Boxed Beef Cutout & Boxed Beef Cuts - Negotiated Sales - PM (PDF) (LM_XB403),2026-09-26T15:00:20+00:00
2099ea81534e3867,2019-01-16,Beef,"Round, bottom gooseneck (170  1)",Choice Cuts,,,,Choice,,,,,192.0,215.0,,,205.14,$/cwt,2.0514,per lb,National,wholesale,,,,,,6327.0,lb,,2453,National Daily Boxed Beef Cutout & Boxed Beef Cuts - Negotiated Sales - PM (PDF) (LM_XB403),2026-09-26T15:00:20+00:00
37afacbb1b4a8841,2019-01-16,Beef,"Round, eye of round (171C  3)",Choice Cuts,,,,Choice,,,,,241.12,262.0,,,248.9,$/cwt,2.489,per lb,National,wholesale,,,,,,112316.0,lb,,2453,National Daily Boxed Beef Cutout & Boxed Beef Cuts - Negotiated Sales - PM (PDF) (LM_XB403),2026-09-26T15:00:20+00:00
aa1be8680695ed15,2019-01-16,Beef,"Round, eye of round (171C  3)",Select Cuts,,,,Select,,,,,240.03,265.0,,,248.2,$/cwt,2.482,per lb,National,wholesale,,,,,,48427.0,lb,,2453,National Daily Boxed Beef Cutout & Boxed Beef Cuts - Negotiated Sales - PM (PDF) (LM_XB403),2026-09-26T15:00:20+00:00
50a5bb266f5cbd2d,2019-01-16,Beef,"Round, knuckle, peeled (167A  4)",Choice Cuts,,,,Choice,,,,,225.0,260.0,,,237.94,$/cwt,2.3794,per lb,National,wholesale,,,,,,117164.0,lb,,2453,National Daily Boxed Beef Cutout & Boxed Beef Cuts - Negotiated Sales - PM (PDF) (LM_XB403),2026-09-26T15:00:20+00:00
039f3a65c52ab38b,2019-01-16,Beef,"Round, knuckle, peeled (167A  4)",Select Cuts,,,,Select,,,,,225.0,240.15,,,231.02,$/cwt,2.3102,per lb,National,wholesale,,,,,,24965.0,lb,,2453,National Daily Boxed Beef Cutout & Boxed Beef Cuts - Negotiated Sales - PM (PDF) (LM_XB403),2026-09-26T15:00:20+00:00
5c3650df8d8ce33a,2019-01-16,Beef,"Round, outside round (171B  3)",Choice Cuts,,,,Choice,,,,,199.7,219.0,,,208.29,$/cwt,2.0829,per lb,National,wholesale,,,,,,144030.0,lb,,2453,National Daily Boxed Beef Cutout & Boxed Beef Cuts - Negotiated Sales - PM (PDF) (LM_XB403),2026-09-26T15:00:20+00:00
c44f61ea8ffeb87b,2019-01-16,Beef,"Round, outside round (171B  3)",Select Cuts,,,,Select,,,,,205.0,215.0,,,207.08,$/cwt,2.0708,per lb,National,wholesale,,,,,,15171.0,lb,,2453,National Daily Boxed Beef Cutout & Boxed Beef Cuts - Negotiated Sales - PM (PDF) (LM_XB403),2026-09-26T15:00:20+00:00
6b346ffc54396ec3,2019-01-16,Beef,"Round, top inside round (168  1)",Choice Cuts,,,,Choice,,,,,204.0,235.0,,,211.25,$/cwt,2.1125,per lb,National,wholesale,,,,,,152542.0,lb,,2453,National Daily Boxed Beef Cutout & Boxed Beef Cuts - Negotiated Sales - PM (PDF) (LM_XB403),2026-09-26T15:00:20+00:00
515fd5737aef2adb,2019-01-16,Beef,"Round, top inside round (168  3)",Choice Cuts,,,,Choice,,,,,202.53,230.3,,,208.33,$/cwt,2.0833,per lb,National,wholesale,,,,,,147894.0,lb,,2453,National Daily Boxed Beef Cutout & Boxed Beef Cuts - Negotiated Sales - PM (PDF) (LM_XB403),2026-09-26T15:00:20+00:00
89f88f802b755d70,2019-01-16,Beef,"Round, top inside round (168  3)",Select Cuts,,,,Select,,,,,210.0,217.0,,,212.93,$/cwt,2.1293,per lb,National,wholesale,,,,,,3276.0,lb,,2453,National Daily Boxed Beef Cutout & Boxed Beef Cuts - Negotiated Sales - PM (PDF) (LM_XB403),2026-09-26T15:00:20+00:00
7b54b954838a88b9,2019-01-16,Beef,"Round, top inside, cap off (169A  5)",Choice Cuts,,,,Choice,,,,,274.57,298.7,,,276.09,$/cwt,2.7609,per lb,National,wholesale,,,,,,44161.0,lb,,2453,National Daily Boxed Beef Cutout & Boxed Beef Cuts - Negotiated Sales - PM (PDF) (LM_XB403),2026-09-26T15:00:20+00:00
49b6874c884e67b5,2019-01-16,Beef,"Round, top inside, denuded (169  5)",Choice Cuts,,,,Choice,,,,,243.0,266.5,,,256.39,$/cwt,2.5639,per lb,National,wholesale,,,,,,10172.0,lb,,2453,National Daily Boxed Beef Cutout & Boxed Beef Cuts - Negotiated Sales - PM (PDF) (LM_XB403),2026-09-26T15:00:20+00:00
79b131eb57d482c6,2019-01-16,Beef,"Round, top inside, denuded (169  5)",Select Cuts,,,,Select,,,,,235.0,258.0,,,242.84,$/cwt,2.4284,per lb,National,wholesale,,,,,,6379.0,lb,,2453,National Daily Boxed Beef Cutout & Boxed Beef Cuts - Negotiated Sales - PM (PDF) (LM_XB403),2026-09-26T15:00:20+00:00
7cb14046d7506e7a,2019-01-16,Beef,"Short Plate, short rib (123A  3)",Choice Cuts,,,,Choice,,,,,523.66,602.0,,,564.1,$/cwt,5.641,per lb,National,wholesale,,,,,,28724.0,lb,,2453,National Daily Boxed Beef Cutout & Boxed Beef Cuts - Negotiated Sales - PM (PDF) (LM_XB403),2026-09-26T15:00:20+00:00
a5c3c75e3094bf61,2019-01-17,Beef,"Brisket, deckle-off, bnls (120  1)",Choice Cuts,,,,Choice,,,,,264.0,293.0,,,273.37,$/cwt,2.7337,per lb,National,wholesale,,,,,,268291.0,lb,,2453,National Daily Boxed Beef Cutout & Boxed Beef Cuts - Negotiated Sales - PM (PDF) (LM_XB403),2026-09-26T15:00:20+00:00
17eeedb1d95aef0e,2019-01-17,Beef,"Brisket, deckle-off, bnls (120  1)",Select Cuts,,,,Select,,,,,259.85,285.0,,,264.25,$/cwt,2.6425,per lb,National,wholesale,,,,,,252797.0,lb,,2453,National Daily Boxed Beef Cutout & Boxed Beef Cuts - Negotiated Sales - PM (PDF) (LM_XB403),2026-09-26T15:00:20+00:00
64c8054aaf45efa0,2019-01-17,Beef,"Brisket, point/off, bnls (120A  3)",Choice Cuts,,,,Choice,,,,,470.25,505.0,,,487.3,$/cwt,4.873,per lb,National,wholesale,,,,,,3066.0,lb,,2453,National Daily Boxed Beef Cutout & Boxed Beef Cuts - Negotiated Sales - PM (PDF) (LM_XB403),2026-09-26T15:00:20+00:00
89eb796f0d76970a,2019-01-17,Beef,"Chuck, chuck tender (116B  1)",Choice Cuts,,,,Choice,,,,,225.0,240.75,,,233.11,$/cwt,2.3311,per lb,National,wholesale,,,,,,49007.0,lb,,2453,National Daily Boxed Beef Cutout & Boxed Beef Cuts - Negotiated Sales - PM (PDF) (LM_XB403),2026-09-26T15:00:20+00:00
72d6f0437f65907b,2019-01-17,Beef,"Chuck, chuck tender (116B  1)",Select Cuts,,,,Select,,,,,230.0,240.75,,,232.52,$/cwt,2.3252,per lb,National,wholesale,,,,,,16824.0,lb,,2453,National Daily Boxed Beef Cutout & Boxed Beef Cuts - Negotiated Sales - PM (PDF) (LM_XB403),2026-09-26T15:00:20+00:00
7a436fc291d9c021,2019-01-17,Beef,"Chuck, clod tender (114F  5)",Choice Cuts,,,,Choice,,,,,401.11,436.0,,,419.35,$/cwt,4.1935,per lb,National,wholesale,,,,,,3697.0,lb,,2453,National Daily Boxed Beef Cutout & Boxed Beef Cuts - Negotiated Sales - PM (PDF) (LM_XB403),2026-09-26T15:00:20+00:00
614c5f5897298734,2019-01-17,Beef,"Chuck, clod tender (114F  5)",Select Cuts,,,,Select,,,,,399.72,400.56,,,400.12,$/cwt,4.0012,per lb,National,wholesale,,,,,,7446.0,lb,,2453,National Daily Boxed Beef Cutout & Boxed Beef Cuts - Negotiated Sales - PM (PDF) (LM_XB403),2026-09-26T15:00:20+00:00
756e449d4adb3df2,2019-01-17,Beef,"Chuck, clod, arm roast (114E  3)",Choice Cuts,,,,Choice,,,,,250.0,261.5,,,252.18,$/cwt,2.5218,per lb,National,wholesale,,,,,,4230.0,lb,,2453,National Daily Boxed Beef Cutout & Boxed Beef Cuts - Negotiated Sales - PM (PDF) (LM_XB403),2026-09-26T15:00:20+00:00
249f9e6869a9b0c3,2019-01-17,Beef,"Chuck, clod, top blade (114D  3)",Choice Cuts,,,,Choice,,,,,335.0,376.0,,,347.85,$/cwt,3.4785,per lb,National,wholesale,,,,,,33961.0,lb,,2453,National Daily Boxed Beef Cutout & Boxed Beef Cuts - Negotiated Sales - PM (PDF) (LM_XB403),2026-09-26T15:00:20+00:00
03621c7ef1ba3c7b,2019-01-17,Beef,"Chuck, flap (116G  4)",Choice Cuts,,,,Choice,,,,,541.51,581.08,,,577.94,$/cwt,5.7794,per lb,National,wholesale,,,,,,14382.0,lb,,2453,National Daily Boxed Beef Cutout & Boxed Beef Cuts - Negotiated Sales - PM (PDF) (LM_XB403),2026-09-26T15:00:20+00:00
068c529c28b76d84,2019-01-17,Beef,"Chuck, roll, lxl, neck/off (116A  3)",Choice Cuts,,,,Choice,,,,,285.0,314.0,,,292.28,$/cwt,2.9228,per lb,National,wholesale,,,,,,114468.0,lb,,2453,National Daily Boxed Beef Cutout & Boxed Beef Cuts - Negotiated Sales - PM (PDF) (LM_XB403),2026-09-26T15:00:20+00:00
457560c8644087f9,2019-01-17,Beef,"Chuck, roll, lxl, neck/off (116A  3)",Select Cuts,,,,Select,,,,,279.8,305.0,,,285.05,$/cwt,2.8505,per lb,National,wholesale,,,,,,71950.0,lb,,2453,National Daily Boxed Beef Cutout & Boxed Beef Cuts - Negotiated Sales - PM (PDF) (LM_XB403),2026-09-26T15:00:20+00:00
5c12f0e63871d62e,2019-01-17,Beef,"Chuck, roll, retail ready (916A  3)",Choice Cuts,,,,Choice,,,,,293.5,319.0,,,308.51,$/cwt,3.0851,per lb,National,wholesale,,,,,,19329.0,lb,,2453,National Daily Boxed Beef Cutout & Boxed Beef Cuts - Negotiated Sales - PM (PDF) (LM_XB403),2026-09-26T15:00:20+00:00
2e675d8ba9ae0cec,2019-01-17,Beef,"Chuck, semi-bnls, neck/off (113C  1)",Choice Cuts,,,,Choice,,,,,219.44,246.25,,,224.0,$/cwt,2.24,per lb,National,wholesale,,,,,,46578.0,lb,,2453,National Daily Boxed Beef Cutout & Boxed Beef Cuts - Negotiated Sales - PM (PDF) (LM_XB403),2026-09-26T15:00:20+00:00
85c45d2f9bad053c,2019-01-17,Beef,"Chuck, semi-bnls, neck/off (113C  1)",Select Cuts,,,,Select,,,,,223.55,234.0,,,226.18,$/cwt,2.2618,per lb,National,wholesale,,,,,,14906.0,lb,,2453,National Daily Boxed Beef Cutout & Boxed Beef Cuts - Negotiated Sales - PM (PDF) (LM_XB403),2026-09-26T15:00:20+00:00
602fbbee4cb6af68,2019-01-17,Beef,"Chuck, short rib (130  4)",Choice Cuts,,,,Choice,,,,,318.3,376.75,,,341.95,$/cwt,3.4195,per lb,National,wholesale,,,,,,21704.0,lb,,2453,National Daily Boxed Beef Cutout & Boxed Beef Cuts - Negotiated Sales - PM (PDF) (LM_XB403),2026-09-26T15:00:20+00:00
0880f97a0430d226,2019-01-17,Beef,"Chuck, shoulder clod (114  1)",Choice Cuts,,,,Choice,,,,,186.25,211.75,,,193.0,$/cwt,1.93,per lb,National,wholesale,,,,,,19908.0,lb,,2453,National Daily Boxed Beef Cutout & Boxed Beef Cuts - Negotiated Sales - PM (PDF) (LM_XB403),2026-09-26T15:00:20+00:00
cf6d3da7a61ecb1b,2019-01-17,Beef,"Chuck, shoulder clod (114  1)",Select Cuts,,,,Select,,,,,186.25,205.25,,,191.5,$/cwt,1.915,per lb,National,wholesale,,,,,,13384.0,lb,,2453,National Daily Boxed Beef Cutout & Boxed Beef Cuts - Negotiated Sales - PM (PDF) (LM_XB403),2026-09-26T15:00:20+00:00
2a9fec1d1797d36c,2019-01-17,Beef,"Chuck, shoulder clod, trmd (114A  3)",Choice Cuts,,,,Choice,,,,,198.95,235.0,,,206.22,$/cwt,2.0622,per lb,National,wholesale,,,,,,187618.0,lb,,2453,National Daily Boxed Beef Cutout & Boxed Beef Cuts - Negotiated Sales - PM (PDF) (LM_XB403),2026-09-26T15:00:20+00:00
30b22fed5e05c058,2019-01-17,Beef,"Chuck, shoulder clod, trmd (114A  3)",Select Cuts,,,,Select,,,,,205.0,221.25,,,212.19,$/cwt,2.1219,per lb,National,wholesale,,,,,,18196.0,lb,,2453,National Daily Boxed Beef Cutout & Boxed Beef Cuts - Negotiated Sales - PM (PDF) (LM_XB403),2026-09-26T15:00:20+00:00
101562e18e9f2496,2019-01-17,Beef,Cutout 600-900 lb,,,,,Select,,,,,,,,,207.64,$/cwt,2.0764,per lb,National,wholesale,,,,,,,,,2453,National Daily Boxed Beef Cutout & Boxed Beef Cuts - Negotiated Sales - PM (PDF) (LM_XB403),2026-09-26T15:00:20+00:00
52b2fc862edf7fe9,2019-01-17,Beef,Cutout 600-900 lb,,,,,Choice,,,,,,,,,212.5,$/cwt,2.125,per lb,National,wholesale,,,,,,,,,2453,National Daily Boxed Beef Cutout & Boxed Beef Cuts - Negotiated Sales - PM (PDF) (LM_XB403),2026-09-26T15:00:20+00:00
72661e3daabeabe4,2019-01-17,Beef,"Flank, flank steak (193  4)",Choice Cuts,,,,Choice,,,,,455.0,496.0,,,464.41,$/cwt,4.6441,per lb,National,wholesale,,,,,,35860.0,lb,,2453,National Daily Boxed Beef Cutout & Boxed Beef Cuts - Negotiated Sales - PM (PDF) (LM_XB403),2026-09-26T15:00:20+00:00
6cd57c65a8130add,2019-01-17,Beef,"Flank, flank steak (193  4)",Select Cuts,,,,Select,,,,,450.64,463.5,,,457.26,$/cwt,4.5726,per lb,National,wholesale,,,,,,6173.0,lb,,2453,National Daily Boxed Beef Cutout & Boxed Beef Cuts - Negotiated Sales - PM (PDF) (LM_XB403),2026-09-26T15:00:20+00:00
5ad344011cadc6a9,2019-01-17,Beef,Ground Beef 73%,Ground Beef,,,,,,,,,144.0,174.5,,,158.54,$/cwt,1.5854,per lb,National,wholesale,,,,,,309783.0,lb,,2453,National Daily Boxed Beef Cutout & Boxed Beef Cuts - Negotiated Sales - PM (PDF) (LM_XB403),2026-09-26T15:00:20+00:00
adbd4e7fab3e21f8,2019-01-17,Beef,Ground Beef 81%,Ground Beef,,,,,,,,,174.0,226.69,,,190.22,$/cwt,1.9022,per lb,National,wholesale,,,,,,208370.0,lb,,2453,National Daily Boxed Beef Cutout & Boxed Beef Cuts - Negotiated Sales - PM (PDF) (LM_XB403),2026-09-26T15:00:20+00:00
eda967321c873186,2019-01-17,Beef,Ground Beef 93%,Ground Beef,,,,,,,,,291.0,308.6,,,295.94,$/cwt,2.9594,per lb,National,wholesale,,,,,,13491.0,lb,,2453,National Daily Boxed Beef Cutout & Boxed Beef Cuts - Negotiated Sales - PM (PDF) (LM_XB403),2026-09-26T15:00:20+00:00
0eeb6e7d2e57e3cd,2019-01-17,Beef,Ground Beef Chuck,Ground Beef,,,,,,,,,195.0,209.6,,,199.36,$/cwt,1.9936,per lb,National,wholesale,,,,,,48183.0,lb,,2453,National Daily Boxed Beef Cutout & Boxed Beef Cuts - Negotiated Sales - PM (PDF) (LM_XB403),2026-09-26T15:00:20+00:00
981658a4552cc872,2019-01-17,Beef,Ground Beef Round,Ground Beef,,,,,,,,,240.0,270.0,,,260.96,$/cwt,2.6096,per lb,National,wholesale,,,,,,79839.0,lb,,2453,National Daily Boxed Beef Cutout & Boxed Beef Cuts - Negotiated Sales - PM (PDF) (LM_XB403),2026-09-26T15:00:20+00:00
3cbd704c52ebd345,2019-01-17,Beef,"Loin, ball-tip, bnls, heavy (185B  1)",Choice Cuts,,,,Choice,,,,,245.67,276.61,,,254.74,$/cwt,2.5474,per lb,National,wholesale,,,,,,29106.0,lb,,2453,National Daily Boxed Beef Cutout & Boxed Beef Cuts - Negotiated Sales - PM (PDF) (LM_XB403),2026-09-26T15:00:20+00:00
25218adf7d48ec0a,2019-01-17,Beef,"Loin, ball-tip, bnls, heavy (185B  1)",Select Cuts,,,,Select,,,,,214.8,249.5,,,220.71,$/cwt,2.2071,per lb,National,wholesale,,,,,,15323.0,lb,,2453,National Daily Boxed Beef Cutout & Boxed Beef Cuts - Negotiated Sales - PM (PDF) (LM_XB403),2026-09-26T15:00:20+00:00
af487e088dfd5569,2019-01-17,Beef,"Loin, bottom sirloin, flap (185A  4)",Choice Cuts,,,,Choice,,,,,500.0,557.0,,,528.47,$/cwt,5.2847,per lb,National,wholesale,,,,,,11992.0,lb,,2453,National Daily Boxed Beef Cutout & Boxed Beef Cuts - Negotiated Sales - PM (PDF) (LM_XB403),2026-09-26T15:00:20+00:00
12c15097f93405df,2019-01-17,Beef,"Loin, bottom sirloin, flap (185A  4)",Select Cuts,,,,Select,,,,,478.67,516.5,,,511.3,$/cwt,5.113,per lb,National,wholesale,,,,,,21901.0,lb,,2453,National Daily Boxed Beef Cutout & Boxed Beef Cuts - Negotiated Sales - PM (PDF) (LM_XB403),2026-09-26T15:00:20+00:00
7240df7143bde842,2019-01-17,Beef,"Loin, short loin, 0x1 (174  3)",Choice Cuts,,,,Choice,,,,,481.25,531.5,,,492.09,$/cwt,4.9209,per lb,National,wholesale,,,,,,26045.0,lb,,2453,National Daily Boxed Beef Cutout & Boxed Beef Cuts - Negotiated Sales - PM (PDF) (LM_XB403),2026-09-26T15:00:20+00:00
a9cfdc727e0e1a05,2019-01-17,Beef,"Loin, short loin, 0x1 (174  3)",Select Cuts,,,,Select,,,,,460.25,485.0,,,467.59,$/cwt,4.6759,per lb,National,wholesale,,,,,,8528.0,lb,,2453,National Daily Boxed Beef Cutout & Boxed Beef Cuts - Negotiated Sales - PM (PDF) (LM_XB403),2026-09-26T15:00:20+00:00
e744bd1fc716874a,2019-01-17,Beef,"Loin, sirloin, tri-tip (185C  1)",Choice Cuts,,,,Choice,,,,,271.0,316.75,,,303.49,$/cwt,3.0349,per lb,National,wholesale,,,,,,12248.0,lb,,2453,National Daily Boxed Beef Cutout & Boxed Beef Cuts - Negotiated Sales - PM (PDF) (LM_XB403),2026-09-26T15:00:20+00:00
a0abca651392fe65,2019-01-17,Beef,"Loin, sirloin, tri-tip (185C  1)",Select Cuts,,,,Select,,,,,250.0,276.5,,,253.98,$/cwt,2.5398,per lb,National,wholesale,,,,,,1685.0,lb,,2453,National Daily Boxed Beef Cutout & Boxed Beef Cuts - Negotiated Sales - PM (PDF) (LM_XB403),2026-09-26T15:00:20+00:00
625dff56d1277a6a,2019-01-17,Beef,"Loin, sirloin, tri-tip, pld (185D  4)",Choice Cuts,,,,Choice,,,,,375.32,439.15,,,398.57,$/cwt,3.9857,per lb,National,wholesale,,,,,,14829.0,lb,,2453,National Daily Boxed Beef Cutout & Boxed Beef Cuts - Negotiated Sales - PM (PDF) (LM_XB403),2026-09-26T15:00:20+00:00
416a27126cfb5669,2019-01-17,Beef,"Loin, strip loin bnls. 1x1 (  1)",Choice Cuts,,,,Choice,,,,,475.0,498.5,,,477.5,$/cwt,4.775,per lb,National,wholesale,,,,,,10874.0,lb,,2453,National Daily Boxed Beef Cutout & Boxed Beef Cuts - Negotiated Sales - PM (PDF) (LM_XB403),2026-09-26T15:00:20+00:00
4e78903f4bc35f44,2019-01-17,Beef,"Loin, strip loin, 1x1 (175  3)",Choice Cuts,,,,Choice,,,,,418.75,461.75,,,429.17,$/cwt,4.2917,per lb,National,wholesale,,,,,,29896.0,lb,,2453,National Daily Boxed Beef Cutout & Boxed Beef Cuts - Negotiated Sales - PM (PDF) (LM_XB403),2026-09-26T15:00:20+00:00
a7dfe5a7ce780c8d,2019-01-17,Beef,"Loin, strip, bnls, 0x1 (180  3)",Choice Cuts,,,,Choice,,,,,520.0,561.5,,,528.63,$/cwt,5.2863,per lb,National,wholesale,,,,,,42066.0,lb,,2453,National Daily Boxed Beef Cutout & Boxed Beef Cuts - Negotiated Sales - PM (PDF) (LM_XB403),2026-09-26T15:00:20+00:00
2bda0613e282eda2,2019-01-17,Beef,"Loin, strip, bnls, 0x1 (180  3)",Select Cuts,,,,Select,,,,,460.96,508.59,,,488.62,$/cwt,4.8862,per lb,National,wholesale,,,,,,48908.0,lb,,2453,National Daily Boxed Beef Cutout & Boxed Beef Cuts - Negotiated Sales - PM (PDF) (LM_XB403),2026-09-26T15:00:20+00:00
7a40c44bf16fbbd9,2019-01-17,Beef,"Loin, tndrloin, trmd, heavy (189A  4)",Choice Cuts,,,,Choice,,,,,1013.0,1186.5,,,1032.2,$/cwt,10.322,per lb,National,wholesale,,,,,,74376.0,lb,,2453,National Daily Boxed Beef Cutout & Boxed Beef Cuts - Negotiated Sales - PM (PDF) (LM_XB403),2026-09-26T15:00:20+00:00
28c2a9e85c671d4d,2019-01-17,Beef,"Loin, top butt, CC (184B  3)",Choice Cuts,,,,Choice,,,,,505.0,516.5,,,509.02,$/cwt,5.0902,per lb,National,wholesale,,,,,,6591.0,lb,,2453,National Daily Boxed Beef Cutout & Boxed Beef Cuts - Negotiated Sales - PM (PDF) (LM_XB403),2026-09-26T15:00:20+00:00
2e66b799c984b099,2019-01-17,Beef,"Loin, top butt, bnls, heavy (184  1)",Choice Cuts,,,,Choice,,,,,335.0,335.0,,,335.0,$/cwt,3.35,per lb,National,wholesale,,,,,,5060.0,lb,,2453,National Daily Boxed Beef Cutout & Boxed Beef Cuts - Negotiated Sales - PM (PDF) (LM_XB403),2026-09-26T15:00:20+00:00
03d3d2cf55291225,2019-01-17,Beef,"Loin, top butt, bnls, heavy (184  1)",Select Cuts,,,,Select,,,,,328.3,361.74,,,347.4,$/cwt,3.474,per lb,National,wholesale,,,,,,10617.0,lb,,2453,National Daily Boxed Beef Cutout & Boxed Beef Cuts - Negotiated Sales - PM (PDF) (LM_XB403),2026-09-26T15:00:20+00:00
c7d2d92a17038831,2019-01-17,Beef,"Loin, top butt, boneless (184  3)",Choice Cuts,,,,Choice,,,,,328.0,375.0,,,351.37,$/cwt,3.5137,per lb,National,wholesale,,,,,,29113.0,lb,,2453,National Daily Boxed Beef Cutout & Boxed Beef Cuts - Negotiated Sales - PM (PDF) (LM_XB403),2026-09-26T15:00:20+00:00
145b8817e7c9a239,2019-01-17,Beef,"Loin, top butt, boneless (184  3)",Select Cuts,,,,Select,,,,,328.0,351.0,,,335.43,$/cwt,3.3543,per lb,National,wholesale,,,,,,25490.0,lb,,2453,National Daily Boxed Beef Cutout & Boxed Beef Cuts - Negotiated Sales - PM (PDF) (LM_XB403),2026-09-26T15:00:20+00:00
a6af59a76663a5d5,2019-01-17,Beef,"Rib, ribeye, bnls, heavy (112A  3)",Choice Cuts,,,,Choice,,,,,720.0,761.5,,,732.22,$/cwt,7.3222,per lb,National,wholesale,,,,,,58930.0,lb,,2453,National Daily Boxed Beef Cutout & Boxed Beef Cuts - Negotiated Sales - PM (PDF) (LM_XB403),2026-09-26T15:00:20+00:00
778fbdaf9ee99661,2019-01-17,Beef,"Rib, ribeye, bnls, heavy (112A  3)",Select Cuts,,,,Select,,,,,661.0,686.75,,,673.53,$/cwt,6.7353,per lb,National,wholesale,,,,,,42017.0,lb,,2453,National Daily Boxed Beef Cutout & Boxed Beef Cuts - Negotiated Sales - PM (PDF) (LM_XB403),2026-09-26T15:00:20+00:00
12f2f774142a012c,2019-01-17,Beef,"Rib, ribeye, bnls, light (112A  3)",Choice Cuts,,,,Choice,,,,,730.0,790.0,,,764.32,$/cwt,7.6432,per lb,National,wholesale,,,,,,25682.0,lb,,2453,National Daily Boxed Beef Cutout & Boxed Beef Cuts - Negotiated Sales - PM (PDF) (LM_XB403),2026-09-26T15:00:20+00:00
a63d1ae083a075ee,2019-01-17,Beef,"Rib, ribeye, bnls, light (112A  3)",Select Cuts,,,,Select,,,,,650.0,712.25,,,670.97,$/cwt,6.7097,per lb,National,wholesale,,,,,,81685.0,lb,,2453,National Daily Boxed Beef Cutout & Boxed Beef Cuts - Negotiated Sales - PM (PDF) (LM_XB403),2026-09-26T15:00:20+00:00
6f514f64d9e31b90,2019-01-17,Beef,"Rib, ribeye, lip-on, bn-in (109E  1)",Choice Cuts,,,,Choice,,,,,597.5,676.5,,,614.62,$/cwt,6.1462,per lb,National,wholesale,,,,,,49556.0,lb,,2453,National Daily Boxed Beef Cutout & Boxed Beef Cuts - Negotiated Sales - PM (PDF) (LM_XB403),2026-09-26T15:00:20+00:00
adeed9eb99d631f3,2019-01-17,Beef,"Round, bottom gooseneck (170  1)",Choice Cuts,,,,Choice,,,,,202.25,216.75,,,205.64,$/cwt,2.0564,per lb,National,wholesale,,,,,,3736.0,lb,,2453,National Daily Boxed Beef Cutout & Boxed Beef Cuts - Negotiated Sales - PM (PDF) (LM_XB403),2026-09-26T15:00:20+00:00
eb7b4e057de1582c,2019-01-17,Beef,"Round, eye of round (171C  3)",Choice Cuts,,,,Choice,,,,,242.26,271.59,,,248.34,$/cwt,2.4834,per lb,National,wholesale,,,,,,83698.0,lb,,2453,National Daily Boxed Beef Cutout & Boxed Beef Cuts - Negotiated Sales - PM (PDF) (LM_XB403),2026-09-26T15:00:20+00:00
5c4c95c1e32c6d29,2019-01-17,Beef,"Round, eye of round (171C  3)",Select Cuts,,,,Select,,,,,245.5,257.0,,,249.16,$/cwt,2.4916,per lb,National,wholesale,,,,,,6058.0,lb,,2453,National Daily Boxed Beef Cutout & Boxed Beef Cuts - Negotiated Sales - PM (PDF) (LM_XB403),2026-09-26T15:00:20+00:00
4df0be4abd89287f,2019-01-17,Beef,"Round, knuckle, peeled (167A  4)",Choice Cuts,,,,Choice,,,,,225.0,266.75,,,231.65,$/cwt,2.3165,per lb,National,wholesale,,,,,,225719.0,lb,,2453,National Daily Boxed Beef Cutout & Boxed Beef Cuts - Negotiated Sales - PM (PDF) (LM_XB403),2026-09-26T15:00:20+00:00
020a2a12ef53e9d2,2019-01-17,Beef,"Round, knuckle, peeled (167A  4)",Select Cuts,,,,Select,,,,,238.0,259.25,,,241.82,$/cwt,2.4182,per lb,National,wholesale,,,,,,37678.0,lb,,2453,National Daily Boxed Beef Cutout & Boxed Beef Cuts - Negotiated Sales - PM (PDF) (LM_XB403),2026-09-26T15:00:20+00:00
be81af91ce9e4967,2019-01-17,Beef,"Round, outside round (171B  3)",Choice Cuts,,,,Choice,,,,,200.0,222.25,,,208.27,$/cwt,2.0827,per lb,National,wholesale,,,,,,186572.0,lb,,2453,National Daily Boxed Beef Cutout & Boxed Beef Cuts - Negotiated Sales - PM (PDF) (LM_XB403),2026-09-26T15:00:20+00:00
3005736b9cdddba5,2019-01-17,Beef,"Round, outside round (171B  3)",Select Cuts,,,,Select,,,,,187.5,211.25,,,204.63,$/cwt,2.0463,per lb,National,wholesale,,,,,,28438.0,lb,,2453,National Daily Boxed Beef Cutout & Boxed Beef Cuts - Negotiated Sales - PM (PDF) (LM_XB403),2026-09-26T15:00:20+00:00
47a8143484d0990f,2019-01-17,Beef,"Round, top inside round (168  1)",Choice Cuts,,,,Choice,,,,,202.3,218.22,,,216.02,$/cwt,2.1602,per lb,National,wholesale,,,,,,18825.0,lb,,2453,National Daily Boxed Beef Cutout & Boxed Beef Cuts - Negotiated Sales - PM (PDF) (LM_XB403),2026-09-26T15:00:20+00:00
de308465cb3ae196,2019-01-17,Beef,"Round, top inside round (168  3)",Choice Cuts,,,,Choice,,,,,209.4,235.0,,,212.71,$/cwt,2.1271,per lb,National,wholesale,,,,,,172548.0,lb,,2453,National Daily Boxed Beef Cutout & Boxed Beef Cuts - Negotiated Sales - PM (PDF) (LM_XB403),2026-09-26T15:00:20+00:00
15e125fd639500d2,2019-01-17,Beef,"Round, top inside round (168  3)",Select Cuts,,,,Select,,,,,210.0,218.0,,,215.42,$/cwt,2.1542,per lb,National,wholesale,,,,,,22761.0,lb,,2453,National Daily Boxed Beef Cutout & Boxed Beef Cuts - Negotiated Sales - PM (PDF) (LM_XB403),2026-09-26T15:00:20+00:00
14f96cef300d40b4,2019-01-17,Beef,"Round, top inside, cap off (169A  5)",Choice Cuts,,,,Choice,,,,,279.0,303.0,,,280.58,$/cwt,2.8058,per lb,National,wholesale,,,,,,5129.0,lb,,2453,National Daily Boxed Beef Cutout & Boxed Beef Cuts - Negotiated Sales - PM (PDF) (LM_XB403),2026-09-26T15:00:20+00:00
2e9d9569d73c26ca,2019-01-17,Beef,"Round, top inside, denuded (169  5)",Choice Cuts,,,,Choice,,,,,237.0,256.25,,,245.52,$/cwt,2.4552,per lb,National,wholesale,,,,,,66210.0,lb,,2453,National Daily Boxed Beef Cutout & Boxed Beef Cuts - Negotiated Sales - PM (PDF) (LM_XB403),2026-09-26T15:00:20+00:00
67a7ff0b8f3cccdf,2019-01-17,Beef,"Short Plate, short rib (123A  3)",Choice Cuts,,,,Choice,,,,,550.0,700.0,,,591.24,$/cwt,5.9124,per lb,National,wholesale,,,,,,32240.0,lb,,2453,National Daily Boxed Beef Cutout & Boxed Beef Cuts - Negotiated Sales - PM (PDF) (LM_XB403),2026-09-26T15:00:20+00:00
18988b64e29a557a,2019-01-18,Beef,"Brisket, deckle-off, bnls (120  1)",Choice Cuts,,,,Choice,,,,,268.85,300.22,,,277.43,$/cwt,2.7743,per lb,National,wholesale,,,,,,83554.0,lb,,2453,National Daily Boxed Beef Cutout & Boxed Beef Cuts - Negotiated Sales - PM (PDF) (LM_XB403),2026-09-26T15:00:20+00:00
d61cab82b8128efb,2019-01-18,Beef,"Brisket, deckle-off, bnls (120  1)",Select Cuts,,,,Select,,,,,259.85,279.25,,,264.84,$/cwt,2.6484,per lb,National,wholesale,,,,,,151503.0,lb,,2453,National Daily Boxed Beef Cutout & Boxed Beef Cuts - Negotiated Sales - PM (PDF) (LM_XB403),2026-09-26T15:00:20+00:00
204793b2dca52869,2019-01-18,Beef,"Chuck, chuck tender (116B  1)",Choice Cuts,,,,Choice,,,,,220.93,235.0,,,227.76,$/cwt,2.2776,per lb,National,wholesale,,,,,,47676.0,lb,,2453,National Daily Boxed Beef Cutout & Boxed Beef Cuts - Negotiated Sales - PM (PDF) (LM_XB403),2026-09-26T15:00:20+00:00
6c0d1e3615a390ef,2019-01-18,Beef,"Chuck, chuck tender (116B  1)",Select Cuts,,,,Select,,,,,223.0,229.0,,,227.4,$/cwt,2.274,per lb,National,wholesale,,,,,,3599.0,lb,,2453,National Daily Boxed Beef Cutout & Boxed Beef Cuts - Negotiated Sales - PM (PDF) (LM_XB403),2026-09-26T15:00:20+00:00
5f6d085385b4c7ca,2019-01-18,Beef,"Chuck, clod tender (114F  5)",Choice Cuts,,,,Choice,,,,,392.0,430.75,,,406.8,$/cwt,4.068,per lb,National,wholesale,,,,,,13649.0,lb,,2453,National Daily Boxed Beef Cutout & Boxed Beef Cuts - Negotiated Sales - PM (PDF) (LM_XB403),2026-09-26T15:00:20+00:00
c2f5646eac9f5fdf,2019-01-18,Beef,"Chuck, clod tender (114F  5)",Select Cuts,,,,Select,,,,,387.0,401.32,,,394.52,$/cwt,3.9452,per lb,National,wholesale,,,,,,8525.0,lb,,2453,National Daily Boxed Beef Cutout & Boxed Beef Cuts - Negotiated Sales - PM (PDF) (LM_XB403),2026-09-26T15:00:20+00:00
a92b6c73a51a8e93,2019-01-18,Beef,"Chuck, clod, arm roast (114E  3)",Choice Cuts,,,,Choice,,,,,250.0,277.76,,,251.4,$/cwt,2.514,per lb,National,wholesale,,,,,,84775.0,lb,,2453,National Daily Boxed Beef Cutout & Boxed Beef Cuts - Negotiated Sales - PM (PDF) (LM_XB403),2026-09-26T15:00:20+00:00
2281f98ab117a335,2019-01-18,Beef,"Chuck, clod, top blade (114D  3)",Choice Cuts,,,,Choice,,,,,329.67,337.0,,,332.64,$/cwt,3.3264,per lb,National,wholesale,,,,,,43745.0,lb,,2453,National Daily Boxed Beef Cutout & Boxed Beef Cuts - Negotiated Sales - PM (PDF) (LM_XB403),2026-09-26T15:00:20+00:00
cc5b5196083c11a9,2019-01-18,Beef,"Chuck, roll, lxl, neck/off (116A  3)",Choice Cuts,,,,Choice,,,,,285.0,310.65,,,294.64,$/cwt,2.9464,per lb,National,wholesale,,,,,,90027.0,lb,,2453,National Daily Boxed Beef Cutout & Boxed Beef Cuts - Negotiated Sales - PM (PDF) (LM_XB403),2026-09-26T15:00:20+00:00
6a60645c2cb6d1cb,2019-01-18,Beef,"Chuck, roll, lxl, neck/off (116A  3)",Select Cuts,,,,Select,,,,,281.25,300.0,,,289.72,$/cwt,2.8972,per lb,National,wholesale,,,,,,15106.0,lb,,2453,National Daily Boxed Beef Cutout & Boxed Beef Cuts - Negotiated Sales - PM (PDF) (LM_XB403),2026-09-26T15:00:20+00:00
6e685a21e1946a2c,2019-01-18,Beef,"Chuck, short rib (130  4)",Choice Cuts,,,,Choice,,,,,300.75,406.55,,,357.25,$/cwt,3.5725,per lb,National,wholesale,,,,,,11528.0,lb,,2453,National Daily Boxed Beef Cutout & Boxed Beef Cuts - Negotiated Sales - PM (PDF) (LM_XB403),2026-09-26T15:00:20+00:00
a38dbc9d46df6fe4,2019-01-18,Beef,"Chuck, shoulder clod (114  1)",Choice Cuts,,,,Choice,,,,,198.0,218.75,,,205.25,$/cwt,2.0525,per lb,National,wholesale,,,,,,11620.0,lb,,2453,National Daily Boxed Beef Cutout & Boxed Beef Cuts - Negotiated Sales - PM (PDF) (LM_XB403),2026-09-26T15:00:20+00:00
bd65ff54c0460323,2019-01-18,Beef,"Chuck, shoulder clod (114  1)",Select Cuts,,,,Select,,,,,192.0,205.0,,,193.73,$/cwt,1.9373,per lb,National,wholesale,,,,,,35047.0,lb,,2453,National Daily Boxed Beef Cutout & Boxed Beef Cuts - Negotiated Sales - PM (PDF) (LM_XB403),2026-09-26T15:00:20+00:00
b3ffadb7e34a8f17,2019-01-18,Beef,"Chuck, shoulder clod, trmd (114A  3)",Choice Cuts,,,,Choice,,,,,205.86,221.69,,,210.11,$/cwt,2.1011,per lb,National,wholesale,,,,,,85230.0,lb,,2453,National Daily Boxed Beef Cutout & Boxed Beef Cuts - Negotiated Sales - PM (PDF) (LM_XB403),2026-09-26T15:00:20+00:00
76965300466f467a,2019-01-18,Beef,Cutout 600-900 lb,,,,,Choice,,,,,,,,,213.15,$/cwt,2.1315,per lb,National,wholesale,,,,,,,,,2453,National Daily Boxed Beef Cutout & Boxed Beef Cuts - Negotiated Sales - PM (PDF) (LM_XB403),2026-09-26T15:00:20+00:00
e1d0b8badd9eee71,2019-01-18,Beef,Cutout 600-900 lb,,,,,Select,,,,,,,,,209.45,$/cwt,2.0945,per lb,National,wholesale,,,,,,,,,2453,National Daily Boxed Beef Cutout & Boxed Beef Cuts - Negotiated Sales - PM (PDF) (LM_XB403),2026-09-26T15:00:20+00:00
0fc3b8c1baf28e07,2019-01-18,Beef,"Flank, flank steak (193  4)",Choice Cuts,,,,Choice,,,,,463.67,482.0,,,468.42,$/cwt,4.6842,per lb,National,wholesale,,,,,,15167.0,lb,,2453,National Daily Boxed Beef Cutout & Boxed Beef Cuts - Negotiated Sales - PM (PDF) (LM_XB403),2026-09-26T15:00:20+00:00
2c18d0d7ae84d8b3,2019-01-18,Beef,"Flank, flank steak (193  4)",Select Cuts,,,,Select,,,,,448.0,479.0,,,449.52,$/cwt,4.4952,per lb,National,wholesale,,,,,,1672.0,lb,,2453,National Daily Boxed Beef Cutout & Boxed Beef Cuts - Negotiated Sales - PM (PDF) (LM_XB403),2026-09-26T15:00:20+00:00
055137f30abf6cac,2019-01-18,Beef,Ground Beef 73%,Ground Beef,,,,,,,,,160.0,182.29,,,167.43,$/cwt,1.6743,per lb,National,wholesale,,,,,,189248.0,lb,,2453,National Daily Boxed Beef Cutout & Boxed Beef Cuts - Negotiated Sales - PM (PDF) (LM_XB403),2026-09-26T15:00:20+00:00
701589aa29873737,2019-01-18,Beef,Ground Beef 81%,Ground Beef,,,,,,,,,171.0,202.43,,,181.42,$/cwt,1.8142,per lb,National,wholesale,,,,,,194039.0,lb,,2453,National Daily Boxed Beef Cutout & Boxed Beef Cuts - Negotiated Sales - PM (PDF) (LM_XB403),2026-09-26T15:00:20+00:00
161b38c66eb4add9,2019-01-18,Beef,Ground Beef 93%,Ground Beef,,,,,,,,,295.0,315.0,,,311.86,$/cwt,3.1186,per lb,National,wholesale,,,,,,84466.0,lb,,2453,National Daily Boxed Beef Cutout & Boxed Beef Cuts - Negotiated Sales - PM (PDF) (LM_XB403),2026-09-26T15:00:20+00:00
63ee83fb1ad1e6e4,2019-01-18,Beef,Ground Beef Chuck,Ground Beef,,,,,,,,,180.0,221.96,,,192.67,$/cwt,1.9267,per lb,National,wholesale,,,,,,103144.0,lb,,2453,National Daily Boxed Beef Cutout & Boxed Beef Cuts - Negotiated Sales - PM (PDF) (LM_XB403),2026-09-26T15:00:20+00:00
c2675887a551b0b0,2019-01-18,Beef,"Loin, ball-tip, bnls, heavy (185B  1)",Choice Cuts,,,,Choice,,,,,231.33,261.25,,,248.45,$/cwt,2.4845,per lb,National,wholesale,,,,,,97318.0,lb,,2453,National Daily Boxed Beef Cutout & Boxed Beef Cuts - Negotiated Sales - PM (PDF) (LM_XB403),2026-09-26T15:00:20+00:00
89ac2898dd355ad1,2019-01-18,Beef,"Loin, ball-tip, bnls, heavy (185B  1)",Select Cuts,,,,Select,,,,,214.63,233.68,,,217.7,$/cwt,2.177,per lb,National,wholesale,,,,,,61553.0,lb,,2453,National Daily Boxed Beef Cutout & Boxed Beef Cuts - Negotiated Sales - PM (PDF) (LM_XB403),2026-09-26T15:00:20+00:00
6bda6dba177488e6,2019-01-18,Beef,"Loin, bottom sirloin, flap (185A  4)",Choice Cuts,,,,Choice,,,,,500.0,520.0,,,516.0,$/cwt,5.16,per lb,National,wholesale,,,,,,19426.0,lb,,2453,National Daily Boxed Beef Cutout & Boxed Beef Cuts - Negotiated Sales - PM (PDF) (LM_XB403),2026-09-26T15:00:20+00:00
aaf0bd09d3343895,2019-01-18,Beef,"Loin, short loin, 0x1 (174  3)",Choice Cuts,,,,Choice,,,,,483.79,530.25,,,492.41,$/cwt,4.9241,per lb,National,wholesale,,,,,,112182.0,lb,,2453,National Daily Boxed Beef Cutout & Boxed Beef Cuts - Negotiated Sales - PM (PDF) (LM_XB403),2026-09-26T15:00:20+00:00
bd19727d2a78ee63,2019-01-18,Beef,"Loin, short loin, 0x1 (174  3)",Select Cuts,,,,Select,,,,,480.0,487.0,,,485.09,$/cwt,4.8509,per lb,National,wholesale,,,,,,4007.0,lb,,2453,National Daily Boxed Beef Cutout & Boxed Beef Cuts - Negotiated Sales - PM (PDF) (LM_XB403),2026-09-26T15:00:20+00:00
d007db338fdd6469,2019-01-18,Beef,"Loin, sirloin, tri-tip (185C  1)",Choice Cuts,,,,Choice,,,,,290.65,313.25,,,305.99,$/cwt,3.0599,per lb,National,wholesale,,,,,,13298.0,lb,,2453,National Daily Boxed Beef Cutout & Boxed Beef Cuts - Negotiated Sales - PM (PDF) (LM_XB403),2026-09-26T15:00:20+00:00
968c3c2e8372f3cb,2019-01-18,Beef,"Loin, sirloin, tri-tip, pld (185D  4)",Choice Cuts,,,,Choice,,,,,392.0,442.0,,,414.95,$/cwt,4.1495,per lb,National,wholesale,,,,,,2251.0,lb,,2453,National Daily Boxed Beef Cutout & Boxed Beef Cuts - Negotiated Sales - PM (PDF) (LM_XB403),2026-09-26T15:00:20+00:00
69bc62044b3b25e7,2019-01-18,Beef,"Loin, strip loin, 1x1 (175  3)",Choice Cuts,,,,Choice,,,,,410.08,444.76,,,439.08,$/cwt,4.3908,per lb,National,wholesale,,,,,,17489.0,lb,,2453,National Daily Boxed Beef Cutout & Boxed Beef Cuts - Negotiated Sales - PM (PDF) (LM_XB403),2026-09-26T15:00:20+00:00
ac4c2da1a7d67fcf,2019-01-18,Beef,"Loin, strip, bnls, 0x1 (180  3)",Choice Cuts,,,,Choice,,,,,524.0,560.0,,,534.19,$/cwt,5.3419,per lb,National,wholesale,,,,,,55120.0,lb,,2453,National Daily Boxed Beef Cutout & Boxed Beef Cuts - Negotiated Sales - PM (PDF) (LM_XB403),2026-09-26T15:00:20+00:00
cf389cdfcb7332cc,2019-01-18,Beef,"Loin, strip, bnls, 0x1 (180  3)",Select Cuts,,,,Select,,,,,470.0,483.0,,,480.34,$/cwt,4.8034,per lb,National,wholesale,,,,,,5861.0,lb,,2453,National Daily Boxed Beef Cutout & Boxed Beef Cuts - Negotiated Sales - PM (PDF) (LM_XB403),2026-09-26T15:00:20+00:00
e17657a566cefc2f,2019-01-18,Beef,"Loin, tndrloin, trmd, heavy (189A  4)",Choice Cuts,,,,Choice,,,,,1037.0,1186.5,,,1053.57,$/cwt,10.5357,per lb,National,wholesale,,,,,,18253.0,lb,,2453,National Daily Boxed Beef Cutout & Boxed Beef Cuts - Negotiated Sales - PM (PDF) (LM_XB403),2026-09-26T15:00:20+00:00
5fe5246b34b00e97,2019-01-18,Beef,"Loin, top butt, boneless (184  3)",Choice Cuts,,,,Choice,,,,,341.0,355.0,,,351.27,$/cwt,3.5127,per lb,National,wholesale,,,,,,39840.0,lb,,2453,National Daily Boxed Beef Cutout & Boxed Beef Cuts - Negotiated Sales - PM (PDF) (LM_XB403),2026-09-26T15:00:20+00:00
56b936f73823fe94,2019-01-18,Beef,"Loin, top butt, boneless (184  3)",Select Cuts,,,,Select,,,,,337.25,350.0,,,341.33,$/cwt,3.4133,per lb,National,wholesale,,,,,,7744.0,lb,,2453,National Daily Boxed Beef Cutout & Boxed Beef Cuts - Negotiated Sales - PM (PDF) (LM_XB403),2026-09-26T15:00:20+00:00
83de3ba7ab827a6c,2019-01-18,Beef,"Rib, ribeye, bnls, heavy (112A  3)",Choice Cuts,,,,Choice,,,,,718.68,775.41,,,733.78,$/cwt,7.3378,per lb,National,wholesale,,,,,,34211.0,lb,,2453,National Daily Boxed Beef Cutout & Boxed Beef Cuts - Negotiated Sales - PM (PDF) (LM_XB403),2026-09-26T15:00:20+00:00
4fed0d639620337b,2019-01-18,Beef,"Rib, ribeye, bnls, heavy (112A  3)",Select Cuts,,,,Select,,,,,680.0,696.75,,,682.73,$/cwt,6.8273,per lb,National,wholesale,,,,,,4925.0,lb,,2453,National Daily Boxed Beef Cutout & Boxed Beef Cuts - Negotiated Sales - PM (PDF) (LM_XB403),2026-09-26T15:00:20+00:00
a420012bd5a8cdc1,2019-01-18,Beef,"Rib, ribeye, bnls, light (112A  3)",Choice Cuts,,,,Choice,,,,,745.0,790.0,,,752.9,$/cwt,7.529,per lb,National,wholesale,,,,,,5306.0,lb,,2453,National Daily Boxed Beef Cutout & Boxed Beef Cuts - Negotiated Sales - PM (PDF) (LM_XB403),2026-09-26T15:00:20+00:00
d1e374a8f2dfa726,2019-01-18,Beef,"Rib, ribeye, bnls, light (112A  3)",Select Cuts,,,,Select,,,,,659.73,680.0,,,675.94,$/cwt,6.7594,per lb,National,wholesale,,,,,,24297.0,lb,,2453,National Daily Boxed Beef Cutout & Boxed Beef Cuts - Negotiated Sales - PM (PDF) (LM_XB403),2026-09-26T15:00:20+00:00
49ba74055b8db6fb,2019-01-18,Beef,"Rib, ribeye, lip-on, bn-in (109E  1)",Choice Cuts,,,,Choice,,,,,639.73,672.3,,,656.08,$/cwt,6.5608,per lb,National,wholesale,,,,,,5026.0,lb,,2453,National Daily Boxed Beef Cutout & Boxed Beef Cuts - Negotiated Sales - PM (PDF) (LM_XB403),2026-09-26T15:00:20+00:00
750d4aac27b4e84b,2019-01-18,Beef,"Round, eye of round (171C  3)",Choice Cuts,,,,Choice,,,,,245.0,262.0,,,251.94,$/cwt,2.5194,per lb,National,wholesale,,,,,,61713.0,lb,,2453,National Daily Boxed Beef Cutout & Boxed Beef Cuts - Negotiated Sales - PM (PDF) (LM_XB403),2026-09-26T15:00:20+00:00
da3007cfce5a6ba5,2019-01-18,Beef,"Round, eye of round (171C  3)",Select Cuts,,,,Select,,,,,246.25,262.0,,,255.57,$/cwt,2.5557,per lb,National,wholesale,,,,,,17293.0,lb,,2453,National Daily Boxed Beef Cutout & Boxed Beef Cuts - Negotiated Sales - PM (PDF) (LM_XB403),2026-09-26T15:00:20+00:00
7ac83b5c5dc643ae,2019-01-18,Beef,"Round, knuckle, peeled (167A  4)",Choice Cuts,,,,Choice,,,,,230.0,262.7,,,241.85,$/cwt,2.4185,per lb,National,wholesale,,,,,,88006.0,lb,,2453,National Daily Boxed Beef Cutout & Boxed Beef Cuts - Negotiated Sales - PM (PDF) (LM_XB403),2026-09-26T15:00:20+00:00
3c12d31385ad1f05,2019-01-18,Beef,"Round, outside round (171B  3)",Choice Cuts,,,,Choice,,,,,205.0,223.75,,,211.55,$/cwt,2.1155,per lb,National,wholesale,,,,,,56677.0,lb,,2453,National Daily Boxed Beef Cutout & Boxed Beef Cuts - Negotiated Sales - PM (PDF) (LM_XB403),2026-09-26T15:00:20+00:00
76cc50e1f4a1437f,2019-01-18,Beef,"Round, outside round (171B  3)",Select Cuts,,,,Select,,,,,209.0,224.25,,,214.12,$/cwt,2.1412,per lb,National,wholesale,,,,,,4780.0,lb,,2453,National Daily Boxed Beef Cutout & Boxed Beef Cuts - Negotiated Sales - PM (PDF) (LM_XB403),2026-09-26T15:00:20+00:00
31a921de845d4f79,2019-01-18,Beef,"Round, top inside round (168  1)",Choice Cuts,,,,Choice,,,,,205.0,215.42,,,214.34,$/cwt,2.1434,per lb,National,wholesale,,,,,,17028.0,lb,,2453,National Daily Boxed Beef Cutout & Boxed Beef Cuts - Negotiated Sales - PM (PDF) (LM_XB403),2026-09-26T15:00:20+00:00
a3638004c9da4cfa,2019-01-18,Beef,"Round, top inside round (168  3)",Choice Cuts,,,,Choice,,,,,210.7,225.0,,,217.62,$/cwt,2.1762,per lb,National,wholesale,,,,,,161657.0,lb,,2453,National Daily Boxed Beef Cutout & Boxed Beef Cuts - Negotiated Sales - PM (PDF) (LM_XB403),2026-09-26T15:00:20+00:00
cb12bcf7c9cd41e6,2019-01-18,Beef,"Round, top inside round (168  3)",Select Cuts,,,,Select,,,,,212.0,225.0,,,215.45,$/cwt,2.1545,per lb,National,wholesale,,,,,,11521.0,lb,,2453,National Daily Boxed Beef Cutout & Boxed Beef Cuts - Negotiated Sales - PM (PDF) (LM_XB403),2026-09-26T15:00:20+00:00
906cf7af659c2c8f,2019-01-18,Beef,"Round, top inside, cap off (169A  5)",Choice Cuts,,,,Choice,,,,,286.65,315.61,,,310.12,$/cwt,3.1012,per lb,National,wholesale,,,,,,38234.0,lb,,2453,National Daily Boxed Beef Cutout & Boxed Beef Cuts - Negotiated Sales - PM (PDF) (LM_XB403),2026-09-26T15:00:20+00:00
f017c358ad7d00fa,2019-01-18,Beef,"Round, top inside, denuded (169  5)",Choice Cuts,,,,Choice,,,,,260.42,270.0,,,262.55,$/cwt,2.6255,per lb,National,wholesale,,,,,,37419.0,lb,,2453,National Daily Boxed Beef Cutout & Boxed Beef Cuts - Negotiated Sales - PM (PDF) (LM_XB403),2026-09-26T15:00:20+00:00
f5e2b989fa4ebc16,2019-01-18,Beef,"Short Plate, short rib (123A  3)",Choice Cuts,,,,Choice,,,,,521.0,697.25,,,578.86,$/cwt,5.7886,per lb,National,wholesale,,,,,,16065.0,lb,,2453,National Daily Boxed Beef Cutout & Boxed Beef Cuts - Negotiated Sales - PM (PDF) (LM_XB403),2026-09-26T15:00:20+00:00
d59df9f79dcf7857,2019-01-21,Beef,"Brisket, deckle-off, bnls (120  1)",Choice Cuts,,,,Choice,,,,,264.12,298.0,,,276.36,$/cwt,2.7636,per lb,National,wholesale,,,,,,158789.0,lb,,2453,National Daily Boxed Beef Cutout & Boxed Beef Cuts - Negotiated Sales - PM (PDF) (LM_XB403),2026-09-26T15:00:20+00:00
d66b3935c0d9c7a0,2019-01-21,Beef,"Brisket, deckle-off, bnls (120  1)",Select Cuts,,,,Select,,,,,266.2,278.0,,,268.21,$/cwt,2.6821,per lb,National,wholesale,,,,,,58739.0,lb,,2453,National Daily Boxed Beef Cutout & Boxed Beef Cuts - Negotiated Sales - PM (PDF) (LM_XB403),2026-09-26T15:00:20+00:00
929252efffb39282,2019-01-21,Beef,"Brisket, point/off, bnls (120A  3)",Choice Cuts,,,,Choice,,,,,490.0,510.0,,,497.92,$/cwt,4.9792,per lb,National,wholesale,,,,,,2894.0,lb,,2453,National Daily Boxed Beef Cutout & Boxed Beef Cuts - Negotiated Sales - PM (PDF) (LM_XB403),2026-09-26T15:00:20+00:00
b065dd558409bbcb,2019-01-21,Beef,"Chuck, chuck tender (116B  1)",Choice Cuts,,,,Choice,,,,,220.0,248.97,,,225.49,$/cwt,2.2549,per lb,National,wholesale,,,,,,89062.0,lb,,2453,National Daily Boxed Beef Cutout & Boxed Beef Cuts - Negotiated Sales - PM (PDF) (LM_XB403),2026-09-26T15:00:20+00:00
fe0806152af2a12b,2019-01-21,Beef,"Chuck, chuck tender (116B  1)",Select Cuts,,,,Select,,,,,224.43,241.0,,,234.29,$/cwt,2.3429,per lb,National,wholesale,,,,,,23497.0,lb,,2453,National Daily Boxed Beef Cutout & Boxed Beef Cuts - Negotiated Sales - PM (PDF) (LM_XB403),2026-09-26T15:00:20+00:00
2e1f947c674a543d,2019-01-21,Beef,"Chuck, clod tender (114F  5)",Choice Cuts,,,,Choice,,,,,401.75,436.75,,,410.35,$/cwt,4.1035,per lb,National,wholesale,,,,,,48376.0,lb,,2453,National Daily Boxed Beef Cutout & Boxed Beef Cuts - Negotiated Sales - PM (PDF) (LM_XB403),2026-09-26T15:00:20+00:00
9959b34556f767eb,2019-01-21,Beef,"Chuck, clod, arm roast (114E  3)",Choice Cuts,,,,Choice,,,,,250.0,277.76,,,262.55,$/cwt,2.6255,per lb,National,wholesale,,,,,,14202.0,lb,,2453,National Daily Boxed Beef Cutout & Boxed Beef Cuts - Negotiated Sales - PM (PDF) (LM_XB403),2026-09-26T15:00:20+00:00
447e07268fe3cb2c,2019-01-21,Beef,"Chuck, clod, top blade (114D  3)",Choice Cuts,,,,Choice,,,,,335.18,340.64,,,336.08,$/cwt,3.3608,per lb,National,wholesale,,,,,,3382.0,lb,,2453,National Daily Boxed Beef Cutout & Boxed Beef Cuts - Negotiated Sales - PM (PDF) (LM_XB403),2026-09-26T15:00:20+00:00
92b799454f9dd474,2019-01-21,Beef,"Chuck, flap (116G  4)",Choice Cuts,,,,Choice,,,,,535.0,575.0,,,546.98,$/cwt,5.4698,per lb,National,wholesale,,,,,,15650.0,lb,,2453,National Daily Boxed Beef Cutout & Boxed Beef Cuts - Negotiated Sales - PM (PDF) (LM_XB403),2026-09-26T15:00:20+00:00
774a674042f031dd,2019-01-21,Beef,"Chuck, flap (116G  4)",Select Cuts,,,,Select,,,,,480.27,530.0,,,492.2,$/cwt,4.922,per lb,National,wholesale,,,,,,11778.0,lb,,2453,National Daily Boxed Beef Cutout & Boxed Beef Cuts - Negotiated Sales - PM (PDF) (LM_XB403),2026-09-26T15:00:20+00:00
ede76ecbab658010,2019-01-21,Beef,"Chuck, roll, lxl, neck/off (116A  3)",Choice Cuts,,,,Choice,,,,,287.55,310.41,,,292.22,$/cwt,2.9222,per lb,National,wholesale,,,,,,160118.0,lb,,2453,National Daily Boxed Beef Cutout & Boxed Beef Cuts - Negotiated Sales - PM (PDF) (LM_XB403),2026-09-26T15:00:20+00:00
c97a3d9c3ef20842,2019-01-21,Beef,"Chuck, roll, lxl, neck/off (116A  3)",Select Cuts,,,,Select,,,,,286.25,300.0,,,293.86,$/cwt,2.9386,per lb,National,wholesale,,,,,,69424.0,lb,,2453,National Daily Boxed Beef Cutout & Boxed Beef Cuts - Negotiated Sales - PM (PDF) (LM_XB403),2026-09-26T15:00:20+00:00
84d95bd02137b58c,2019-01-21,Beef,"Chuck, roll, retail ready (916A  3)",Choice Cuts,,,,Choice,,,,,305.95,324.53,,,307.93,$/cwt,3.0793,per lb,National,wholesale,,,,,,26049.0,lb,,2453,National Daily Boxed Beef Cutout & Boxed Beef Cuts - Negotiated Sales - PM (PDF) (LM_XB403),2026-09-26T15:00:20+00:00
3af594e96a85826d,2019-01-21,Beef,"Chuck, semi-bnls, neck/off (113C  1)",Choice Cuts,,,,Choice,,,,,229.5,250.0,,,236.58,$/cwt,2.3658,per lb,National,wholesale,,,,,,26806.0,lb,,2453,National Daily Boxed Beef Cutout & Boxed Beef Cuts - Negotiated Sales - PM (PDF) (LM_XB403),2026-09-26T15:00:20+00:00
bf154a684dd2b5a2,2019-01-21,Beef,"Chuck, short rib (130  4)",Choice Cuts,,,,Choice,,,,,297.78,430.0,,,343.73,$/cwt,3.4373,per lb,National,wholesale,,,,,,90488.0,lb,,2453,National Daily Boxed Beef Cutout & Boxed Beef Cuts - Negotiated Sales - PM (PDF) (LM_XB403),2026-09-26T15:00:20+00:00
6f52875fe036f14b,2019-01-21,Beef,"Chuck, short rib (130  4)",Select Cuts,,,,Select,,,,,295.34,303.06,,,299.97,$/cwt,2.9997,per lb,National,wholesale,,,,,,5623.0,lb,,2453,National Daily Boxed Beef Cutout & Boxed Beef Cuts - Negotiated Sales - PM (PDF) (LM_XB403),2026-09-26T15:00:20+00:00
b7cd1a964c95039f,2019-01-21,Beef,"Chuck, shoulder clod (114  1)",Choice Cuts,,,,Choice,,,,,196.9,215.0,,,200.48,$/cwt,2.0048,per lb,National,wholesale,,,,,,26063.0,lb,,2453,National Daily Boxed Beef Cutout & Boxed Beef Cuts - Negotiated Sales - PM (PDF) (LM_XB403),2026-09-26T15:00:20+00:00
d1f6ab18b10caf8e,2019-01-21,Beef,"Chuck, shoulder clod (114  1)",Select Cuts,,,,Select,,,,,196.0,201.75,,,197.96,$/cwt,1.9796,per lb,National,wholesale,,,,,,11096.0,lb,,2453,National Daily Boxed Beef Cutout & Boxed Beef Cuts - Negotiated Sales - PM (PDF) (LM_XB403),2026-09-26T15:00:20+00:00
8c7a4c912e8abd93,2019-01-21,Beef,"Chuck, shoulder clod, trmd (114A  3)",Choice Cuts,,,,Choice,,,,,204.0,222.99,,,212.02,$/cwt,2.1202,per lb,National,wholesale,,,,,,121623.0,lb,,2453,National Daily Boxed Beef Cutout & Boxed Beef Cuts - Negotiated Sales - PM (PDF) (LM_XB403),2026-09-26T15:00:20+00:00
92be7115cd21eecf,2019-01-21,Beef,"Chuck, shoulder clod, trmd (114A  3)",Select Cuts,,,,Select,,,,,216.25,224.0,,,219.69,$/cwt,2.1969,per lb,National,wholesale,,,,,,10528.0,lb,,2453,National Daily Boxed Beef Cutout & Boxed Beef Cuts - Negotiated Sales - PM (PDF) (LM_XB403),2026-09-26T15:00:20+00:00
5cd017a8083b29e3,2019-01-21,Beef,Cutout 600-900 lb,,,,,Choice,,,,,,,,,215.26,$/cwt,2.1526,per lb,National,wholesale,,,,,,,,,2453,National Daily Boxed Beef Cutout & Boxed Beef Cuts - Negotiated Sales - PM (PDF) (LM_XB403),2026-09-26T15:00:20+00:00
dcb1c7be297e5d0a,2019-01-21,Beef,Cutout 600-900 lb,,,,,Select,,,,,,,,,210.86,$/cwt,2.1086,per lb,National,wholesale,,,,,,,,,2453,National Daily Boxed Beef Cutout & Boxed Beef Cuts - Negotiated Sales - PM (PDF) (LM_XB403),2026-09-26T15:00:20+00:00
0ffa7766b79795ff,2019-01-21,Beef,"Flank, flank steak (193  4)",Choice Cuts,,,,Choice,,,,,468.3,491.75,,,476.64,$/cwt,4.7664,per lb,National,wholesale,,,,,,50328.0,lb,,2453,National Daily Boxed Beef Cutout & Boxed Beef Cuts - Negotiated Sales - PM (PDF) (LM_XB403),2026-09-26T15:00:20+00:00
4932979bd54fa0f5,2019-01-21,Beef,"Flank, flank steak (193  4)",Select Cuts,,,,Select,,,,,460.0,480.0,,,474.19,$/cwt,4.7419,per lb,National,wholesale,,,,,,14008.0,lb,,2453,National Daily Boxed Beef Cutout & Boxed Beef Cuts - Negotiated Sales - PM (PDF) (LM_XB403),2026-09-26T15:00:20+00:00
c56f4d90ccf75cc4,2019-01-21,Beef,Ground Beef 73%,Ground Beef,,,,,,,,,161.0,190.74,,,173.53,$/cwt,1.7353,per lb,National,wholesale,,,,,,164655.0,lb,,2453,National Daily Boxed Beef Cutout & Boxed Beef Cuts - Negotiated Sales - PM (PDF) (LM_XB403),2026-09-26T15:00:20+00:00
e7bdd376414a19fd,2019-01-21,Beef,Ground Beef 81%,Ground Beef,,,,,,,,,178.44,220.74,,,193.31,$/cwt,1.9331,per lb,National,wholesale,,,,,,133896.0,lb,,2453,National Daily Boxed Beef Cutout & Boxed Beef Cuts - Negotiated Sales - PM (PDF) (LM_XB403),2026-09-26T15:00:20+00:00
75b6516600fca523,2019-01-21,Beef,Ground Beef Chuck,Ground Beef,,,,,,,,,182.0,230.74,,,193.92,$/cwt,1.9392,per lb,National,wholesale,,,,,,87875.0,lb,,2453,National Daily Boxed Beef Cutout & Boxed Beef Cuts - Negotiated Sales - PM (PDF) (LM_XB403),2026-09-26T15:00:20+00:00
82f15fa609449a4e,2019-01-21,Beef,"Loin, ball-tip, bnls, heavy (185B  1)",Choice Cuts,,,,Choice,,,,,254.0,275.0,,,257.86,$/cwt,2.5786,per lb,National,wholesale,,,,,,26943.0,lb,,2453,National Daily Boxed Beef Cutout & Boxed Beef Cuts - Negotiated Sales - PM (PDF) (LM_XB403),2026-09-26T15:00:20+00:00
2055768e432ce5f2,2019-01-21,Beef,"Loin, ball-tip, bnls, heavy (185B  1)",Select Cuts,,,,Select,,,,,230.0,242.0,,,236.49,$/cwt,2.3649,per lb,National,wholesale,,,,,,4397.0,lb,,2453,National Daily Boxed Beef Cutout & Boxed Beef Cuts - Negotiated Sales - PM (PDF) (LM_XB403),2026-09-26T15:00:20+00:00
fd0ae1008a05de0b,2019-01-21,Beef,"Loin, bottom sirloin, flap (185A  4)",Choice Cuts,,,,Choice,,,,,500.0,533.88,,,516.3,$/cwt,5.163,per lb,National,wholesale,,,,,,46864.0,lb,,2453,National Daily Boxed Beef Cutout & Boxed Beef Cuts - Negotiated Sales - PM (PDF) (LM_XB403),2026-09-26T15:00:20+00:00
35d280d4826afdb6,2019-01-21,Beef,"Loin, bottom sirloin, flap (185A  4)",Select Cuts,,,,Select,,,,,500.0,527.17,,,511.0,$/cwt,5.11,per lb,National,wholesale,,,,,,13953.0,lb,,2453,National Daily Boxed Beef Cutout & Boxed Beef Cuts - Negotiated Sales - PM (PDF) (LM_XB403),2026-09-26T15:00:20+00:00
b11f1204053335d4,2019-01-21,Beef,"Loin, butt tender, trimmed (191A  4)",Select Cuts,,,,Select,,,,,925.88,970.18,,,934.32,$/cwt,9.3432,per lb,National,wholesale,,,,,,13750.0,lb,,2453,National Daily Boxed Beef Cutout & Boxed Beef Cuts - Negotiated Sales - PM (PDF) (LM_XB403),2026-09-26T15:00:20+00:00
63bc186f18f63dc6,2019-01-21,Beef,"Loin, short loin, 0x1 (174  3)",Choice Cuts,,,,Choice,,,,,483.55,527.0,,,492.96,$/cwt,4.9296,per lb,National,wholesale,,,,,,189089.0,lb,,2453,National Daily Boxed Beef Cutout & Boxed Beef Cuts - Negotiated Sales - PM (PDF) (LM_XB403),2026-09-26T15:00:20+00:00
728581b0b1d5055e,2019-01-21,Beef,"Loin, short loin, 0x1 (174  3)",Select Cuts,,,,Select,,,,,443.85,501.0,,,445.8,$/cwt,4.458,per lb,National,wholesale,,,,,,20728.0,lb,,2453,National Daily Boxed Beef Cutout & Boxed Beef Cuts - Negotiated Sales - PM (PDF) (LM_XB403),2026-09-26T15:00:20+00:00
71a39a0ac3778a43,2019-01-21,Beef,"Loin, sirloin, tri-tip (185C  1)",Choice Cuts,,,,Choice,,,,,291.41,315.0,,,301.21,$/cwt,3.0121,per lb,National,wholesale,,,,,,22113.0,lb,,2453,National Daily Boxed Beef Cutout & Boxed Beef Cuts - Negotiated Sales - PM (PDF) (LM_XB403),2026-09-26T15:00:20+00:00
e3cb25f4aaab508f,2019-01-21,Beef,"Loin, sirloin, tri-tip (185C  1)",Select Cuts,,,,Select,,,,,255.0,255.5,,,255.14,$/cwt,2.5514,per lb,National,wholesale,,,,,,33644.0,lb,,2453,National Daily Boxed Beef Cutout & Boxed Beef Cuts - Negotiated Sales - PM (PDF) (LM_XB403),2026-09-26T15:00:20+00:00
e04691773c8f3054,2019-01-21,Beef,"Loin, sirloin, tri-tip, pld (185D  4)",Choice Cuts,,,,Choice,,,,,396.0,443.88,,,420.29,$/cwt,4.2029,per lb,National,wholesale,,,,,,5776.0,lb,,2453,National Daily Boxed Beef Cutout & Boxed Beef Cuts - Negotiated Sales - PM (PDF) (LM_XB403),2026-09-26T15:00:20+00:00
caa1d6da171f27ea,2019-01-21,Beef,"Loin, strip loin bnls. 1x1 (  1)",Choice Cuts,,,,Choice,,,,,468.7,482.0,,,480.12,$/cwt,4.8012,per lb,National,wholesale,,,,,,7114.0,lb,,2453,National Daily Boxed Beef Cutout & Boxed Beef Cuts - Negotiated Sales - PM (PDF) (LM_XB403),2026-09-26T15:00:20+00:00
69cfd3148beeb484,2019-01-21,Beef,"Loin, strip loin, 1x1 (175  3)",Choice Cuts,,,,Choice,,,,,441.7,463.6,,,462.69,$/cwt,4.6269,per lb,National,wholesale,,,,,,119828.0,lb,,2453,National Daily Boxed Beef Cutout & Boxed Beef Cuts - Negotiated Sales - PM (PDF) (LM_XB403),2026-09-26T15:00:20+00:00
6f911a3c1089fc07,2019-01-21,Beef,"Loin, strip, bnls, 0x1 (180  3)",Choice Cuts,,,,Choice,,,,,534.6,582.99,,,548.46,$/cwt,5.4846,per lb,National,wholesale,,,,,,24753.0,lb,,2453,National Daily Boxed Beef Cutout & Boxed Beef Cuts - Negotiated Sales - PM (PDF) (LM_XB403),2026-09-26T15:00:20+00:00
8d765a6835ed3db6,2019-01-21,Beef,"Loin, strip, bnls, 0x1 (180  3)",Select Cuts,,,,Select,,,,,482.34,542.99,,,508.38,$/cwt,5.0838,per lb,National,wholesale,,,,,,15663.0,lb,,2453,National Daily Boxed Beef Cutout & Boxed Beef Cuts - Negotiated Sales - PM (PDF) (LM_XB403),2026-09-26T15:00:20+00:00
64e16e61a041e60b,2019-01-21,Beef,"Loin, tndrloin, trmd, heavy (189A  4)",Choice Cuts,,,,Choice,,,,,1036.17,1161.75,,,1052.67,$/cwt,10.5267,per lb,National,wholesale,,,,,,26078.0,lb,,2453,National Daily Boxed Beef Cutout & Boxed Beef Cuts - Negotiated Sales - PM (PDF) (LM_XB403),2026-09-26T15:00:20+00:00
d632e8007801ed52,2019-01-21,Beef,"Loin, tndrloin, trmd, heavy (189A  4)",Select Cuts,,,,Select,,,,,1012.34,1055.0,,,1040.96,$/cwt,10.4096,per lb,National,wholesale,,,,,,8468.0,lb,,2453,National Daily Boxed Beef Cutout & Boxed Beef Cuts - Negotiated Sales - PM (PDF) (LM_XB403),2026-09-26T15:00:20+00:00
f9cccdba0c33d03b,2019-01-21,Beef,"Loin, top butt, bnls, heavy (184  1)",Choice Cuts,,,,Choice,,,,,334.15,355.0,,,343.77,$/cwt,3.4377,per lb,National,wholesale,,,,,,3751.0,lb,,2453,National Daily Boxed Beef Cutout & Boxed Beef Cuts - Negotiated Sales - PM (PDF) (LM_XB403),2026-09-26T15:00:20+00:00
e32882c22e5404b7,2019-01-21,Beef,"Loin, top butt, boneless (184  3)",Choice Cuts,,,,Choice,,,,,342.66,368.0,,,354.36,$/cwt,3.5436,per lb,National,wholesale,,,,,,54365.0,lb,,2453,National Daily Boxed Beef Cutout & Boxed Beef Cuts - Negotiated Sales - PM (PDF) (LM_XB403),2026-09-26T15:00:20+00:00
69dac69f744aebd8,2019-01-21,Beef,"Loin, top butt, boneless (184  3)",Select Cuts,,,,Select,,,,,340.0,360.67,,,353.07,$/cwt,3.5307,per lb,National,wholesale,,,,,,11521.0,lb,,2453,National Daily Boxed Beef Cutout & Boxed Beef Cuts - Negotiated Sales - PM (PDF) (LM_XB403),2026-09-26T15:00:20+00:00
7a99d54d97f2d8f9,2019-01-21,Beef,"Rib, ribeye, bnls, heavy (112A  3)",Choice Cuts,,,,Choice,,,,,715.0,766.0,,,734.75,$/cwt,7.3475,per lb,National,wholesale,,,,,,104482.0,lb,,2453,National Daily Boxed Beef Cutout & Boxed Beef Cuts - Negotiated Sales - PM (PDF) (LM_XB403),2026-09-26T15:00:20+00:00
cbe5d24b585ab5d4,2019-01-21,Beef,"Rib, ribeye, bnls, heavy (112A  3)",Select Cuts,,,,Select,,,,,650.0,707.0,,,683.88,$/cwt,6.8388,per lb,National,wholesale,,,,,,19357.0,lb,,2453,National Daily Boxed Beef Cutout & Boxed Beef Cuts - Negotiated Sales - PM (PDF) (LM_XB403),2026-09-26T15:00:20+00:00
93c436a3f6568e80,2019-01-21,Beef,"Rib, ribeye, bnls, light (112A  3)",Choice Cuts,,,,Choice,,,,,729.0,790.0,,,769.95,$/cwt,7.6995,per lb,National,wholesale,,,,,,11558.0,lb,,2453,National Daily Boxed Beef Cutout & Boxed Beef Cuts - Negotiated Sales - PM (PDF) (LM_XB403),2026-09-26T15:00:20+00:00
bdb6709fcccb29dd,2019-01-21,Beef,"Rib, ribeye, bnls, light (112A  3)",Select Cuts,,,,Select,,,,,652.66,727.99,,,697.17,$/cwt,6.9717,per lb,National,wholesale,,,,,,34517.0,lb,,2453,National Daily Boxed Beef Cutout & Boxed Beef Cuts - Negotiated Sales - PM (PDF) (LM_XB403),2026-09-26T15:00:20+00:00
b269dc0c314f01dd,2019-01-21,Beef,"Rib, ribeye, lip-on, bn-in (109E  1)",Choice Cuts,,,,Choice,,,,,590.0,669.93,,,608.69,$/cwt,6.0869,per lb,National,wholesale,,,,,,3517.0,lb,,2453,National Daily Boxed Beef Cutout & Boxed Beef Cuts - Negotiated Sales - PM (PDF) (LM_XB403),2026-09-26T15:00:20+00:00
301ec74869b4b64e,2019-01-21,Beef,"Rib, ribeye, lip-on, bn-in (109E  1)",Select Cuts,,,,Select,,,,,593.83,617.34,,,609.3,$/cwt,6.093,per lb,National,wholesale,,,,,,8825.0,lb,,2453,National Daily Boxed Beef Cutout & Boxed Beef Cuts - Negotiated Sales - PM (PDF) (LM_XB403),2026-09-26T15:00:20+00:00
eed68dd7c77fcd10,2019-01-21,Beef,"Round, bottom gooseneck (170  1)",Select Cuts,,,,Select,,,,,194.0,198.62,,,196.05,$/cwt,1.9605,per lb,National,wholesale,,,,,,11312.0,lb,,2453,National Daily Boxed Beef Cutout & Boxed Beef Cuts - Negotiated Sales - PM (PDF) (LM_XB403),2026-09-26T15:00:20+00:00
3c653bf7728f8bc6,2019-01-21,Beef,"Round, eye of round (171C  3)",Choice Cuts,,,,Choice,,,,,238.66,275.0,,,253.44,$/cwt,2.5344,per lb,National,wholesale,,,,,,33217.0,lb,,2453,National Daily Boxed Beef Cutout & Boxed Beef Cuts - Negotiated Sales - PM (PDF) (LM_XB403),2026-09-26T15:00:20+00:00
f237270577e86ca5,2019-01-21,Beef,"Round, eye of round (171C  3)",Select Cuts,,,,Select,,,,,250.18,261.0,,,255.73,$/cwt,2.5573,per lb,National,wholesale,,,,,,9523.0,lb,,2453,National Daily Boxed Beef Cutout & Boxed Beef Cuts - Negotiated Sales - PM (PDF) (LM_XB403),2026-09-26T15:00:20+00:00
b7ccaec34e25efe6,2019-01-21,Beef,"Round, knuckle, peeled (167A  4)",Choice Cuts,,,,Choice,,,,,226.0,256.25,,,241.09,$/cwt,2.4109,per lb,National,wholesale,,,,,,129319.0,lb,,2453,National Daily Boxed Beef Cutout & Boxed Beef Cuts - Negotiated Sales - PM (PDF) (LM_XB403),2026-09-26T15:00:20+00:00
f21ecee14ef8ce71,2019-01-21,Beef,"Round, knuckle, peeled (167A  4)",Select Cuts,,,,Select,,,,,230.0,261.75,,,245.38,$/cwt,2.4538,per lb,National,wholesale,,,,,,17985.0,lb,,2453,National Daily Boxed Beef Cutout & Boxed Beef Cuts - Negotiated Sales - PM (PDF) (LM_XB403),2026-09-26T15:00:20+00:00
25babfdf96026c70,2019-01-21,Beef,"Round, outside round (171B  3)",Choice Cuts,,,,Choice,,,,,201.14,219.75,,,214.27,$/cwt,2.1427,per lb,National,wholesale,,,,,,72642.0,lb,,2453,National Daily Boxed Beef Cutout & Boxed Beef Cuts - Negotiated Sales - PM (PDF) (LM_XB403),2026-09-26T15:00:20+00:00
29da1421bb0ad7a7,2019-01-21,Beef,"Round, outside round (171B  3)",Select Cuts,,,,Select,,,,,211.25,220.18,,,215.13,$/cwt,2.1513,per lb,National,wholesale,,,,,,25966.0,lb,,2453,National Daily Boxed Beef Cutout & Boxed Beef Cuts - Negotiated Sales - PM (PDF) (LM_XB403),2026-09-26T15:00:20+00:00
ac4aacb14cbcc1c9,2019-01-21,Beef,"Round, top inside round (168  1)",Choice Cuts,,,,Choice,,,,,205.0,208.22,,,205.49,$/cwt,2.0549,per lb,National,wholesale,,,,,,5031.0,lb,,2453,National Daily Boxed Beef Cutout & Boxed Beef Cuts - Negotiated Sales - PM (PDF) (LM_XB403),2026-09-26T15:00:20+00:00
63d472d913c28e78,2019-01-21,Beef,"Round, top inside round (168  3)",Choice Cuts,,,,Choice,,,,,207.95,232.99,,,214.24,$/cwt,2.1424,per lb,National,wholesale,,,,,,145127.0,lb,,2453,National Daily Boxed Beef Cutout & Boxed Beef Cuts - Negotiated Sales - PM (PDF) (LM_XB403),2026-09-26T15:00:20+00:00
c67fa3be79fa7cd5,2019-01-21,Beef,"Round, top inside round (168  3)",Select Cuts,,,,Select,,,,,215.16,224.5,,,221.98,$/cwt,2.2198,per lb,National,wholesale,,,,,,27284.0,lb,,2453,National Daily Boxed Beef Cutout & Boxed Beef Cuts - Negotiated Sales - PM (PDF) (LM_XB403),2026-09-26T15:00:20+00:00
718bf9e466070f62,2019-01-21,Beef,"Round, top inside, cap off (169A  5)",Choice Cuts,,,,Choice,,,,,279.0,302.48,,,288.03,$/cwt,2.8803,per lb,National,wholesale,,,,,,49396.0,lb,,2453,National Daily Boxed Beef Cutout & Boxed Beef Cuts - Negotiated Sales - PM (PDF) (LM_XB403),2026-09-26T15:00:20+00:00
38269b011d293384,2019-01-21,Beef,"Round, top inside, denuded (169  5)",Choice Cuts,,,,Choice,,,,,245.0,276.97,,,255.51,$/cwt,2.5551,per lb,National,wholesale,,,,,,9728.0,lb,,2453,National Daily Boxed Beef Cutout & Boxed Beef Cuts - Negotiated Sales - PM (PDF) (LM_XB403),2026-09-26T15:00:20+00:00
7e37be030275ce0f,2019-01-21,Beef,"Short Plate, short rib (123A  3)",Choice Cuts,,,,Choice,,,,,512.0,589.15,,,561.02,$/cwt,5.6102,per lb,National,wholesale,,,,,,22393.0,lb,,2453,National Daily Boxed Beef Cutout & Boxed Beef Cuts - Negotiated Sales - PM (PDF) (LM_XB403),2026-09-26T15:00:20+00:00
5d30c37ad50aa5a6,2019-01-22,Beef,"Brisket, deckle-off, bnls (120  1)",Choice Cuts,,,,Choice,,,,,267.56,297.0,,,273.69,$/cwt,2.7369,per lb,National,wholesale,,,,,,185244.0,lb,,2453,National Daily Boxed Beef Cutout & Boxed Beef Cuts - Negotiated Sales - PM (PDF) (LM_XB403),2026-09-26T15:00:20+00:00
e0a93b4918b5440f,2019-01-22,Beef,"Brisket, deckle-off, bnls (120  1)",Select Cuts,,,,Select,,,,,262.78,268.0,,,264.75,$/cwt,2.6475,per lb,National,wholesale,,,,,,160357.0,lb,,2453,National Daily Boxed Beef Cutout & Boxed Beef Cuts - Negotiated Sales - PM (PDF) (LM_XB403),2026-09-26T15:00:20+00:00
77b6ded1ec04da52,2019-01-22,Beef,"Brisket, point/off, bnls (120A  3)",Choice Cuts,,,,Choice,,,,,475.0,489.9,,,476.99,$/cwt,4.7699,per lb,National,wholesale,,,,,,1767.0,lb,,2453,National Daily Boxed Beef Cutout & Boxed Beef Cuts - Negotiated Sales - PM (PDF) (LM_XB403),2026-09-26T15:00:20+00:00
910abd2ea50e003c,2019-01-22,Beef,"Chuck, chuck tender (116B  1)",Choice Cuts,,,,Choice,,,,,220.0,239.0,,,233.81,$/cwt,2.3381,per lb,National,wholesale,,,,,,35597.0,lb,,2453,National Daily Boxed Beef Cutout & Boxed Beef Cuts - Negotiated Sales - PM (PDF) (LM_XB403),2026-09-26T15:00:20+00:00
9c1adcae1099251e,2019-01-22,Beef,"Chuck, chuck tender (116B  1)",Select Cuts,,,,Select,,,,,220.0,242.0,,,225.81,$/cwt,2.2581,per lb,National,wholesale,,,,,,35325.0,lb,,2453,National Daily Boxed Beef Cutout & Boxed Beef Cuts - Negotiated Sales - PM (PDF) (LM_XB403),2026-09-26T15:00:20+00:00
5915627448123c25,2019-01-22,Beef,"Chuck, clod tender (114F  5)",Choice Cuts,,,,Choice,,,,,410.0,433.0,,,410.78,$/cwt,4.1078,per lb,National,wholesale,,,,,,19296.0,lb,,2453,National Daily Boxed Beef Cutout & Boxed Beef Cuts - Negotiated Sales - PM (PDF) (LM_XB403),2026-09-26T15:00:20+00:00
ec0fe22e16072c0e,2019-01-22,Beef,"Chuck, clod tender (114F  5)",Select Cuts,,,,Select,,,,,395.0,414.0,,,401.19,$/cwt,4.0119,per lb,National,wholesale,,,,,,12459.0,lb,,2453,National Daily Boxed Beef Cutout & Boxed Beef Cuts - Negotiated Sales - PM (PDF) (LM_XB403),2026-09-26T15:00:20+00:00
0033a6e15463b161,2019-01-22,Beef,"Chuck, clod, arm roast (114E  3)",Choice Cuts,,,,Choice,,,,,259.0,280.0,,,271.91,$/cwt,2.7191,per lb,National,wholesale,,,,,,38562.0,lb,,2453,National Daily Boxed Beef Cutout & Boxed Beef Cuts - Negotiated Sales - PM (PDF) (LM_XB403),2026-09-26T15:00:20+00:00
fbce6fc55f722d86,2019-01-22,Beef,"Chuck, clod, top blade (114D  3)",Choice Cuts,,,,Choice,,,,,325.0,349.12,,,333.71,$/cwt,3.3371,per lb,National,wholesale,,,,,,27787.0,lb,,2453,National Daily Boxed Beef Cutout & Boxed Beef Cuts - Negotiated Sales - PM (PDF) (LM_XB403),2026-09-26T15:00:20+00:00
3f1da146209704cf,2019-01-22,Beef,"Chuck, flap (116G  4)",Choice Cuts,,,,Choice,,,,,537.37,602.47,,,569.68,$/cwt,5.6968,per lb,National,wholesale,,,,,,32374.0,lb,,2453,National Daily Boxed Beef Cutout & Boxed Beef Cuts - Negotiated Sales - PM (PDF) (LM_XB403),2026-09-26T15:00:20+00:00
d78fb95921cb953e,2019-01-22,Beef,"Chuck, flap (116G  4)",Select Cuts,,,,Select,,,,,478.83,543.61,,,496.2,$/cwt,4.962,per lb,National,wholesale,,,,,,23124.0,lb,,2453,National Daily Boxed Beef Cutout & Boxed Beef Cuts - Negotiated Sales - PM (PDF) (LM_XB403),2026-09-26T15:00:20+00:00
a62098739d6fb253,2019-01-22,Beef,"Chuck, roll, lxl, neck/off (116A  3)",Choice Cuts,,,,Choice,,,,,289.05,310.0,,,294.32,$/cwt,2.9432,per lb,National,wholesale,,,,,,93089.0,lb,,2453,National Daily Boxed Beef Cutout & Boxed Beef Cuts - Negotiated Sales - PM (PDF) (LM_XB403),2026-09-26T15:00:20+00:00
11dd0305d660c2ce,2019-01-22,Beef,"Chuck, roll, lxl, neck/off (116A  3)",Select Cuts,,,,Select,,,,,275.32,310.0,,,291.58,$/cwt,2.9158,per lb,National,wholesale,,,,,,60294.0,lb,,2453,National Daily Boxed Beef Cutout & Boxed Beef Cuts - Negotiated Sales - PM (PDF) (LM_XB403),2026-09-26T15:00:20+00:00
9dfe3dcd79a1cb18,2019-01-22,Beef,"Chuck, short rib (130  4)",Choice Cuts,,,,Choice,,,,,300.0,333.0,,,315.5,$/cwt,3.155,per lb,National,wholesale,,,,,,15200.0,lb,,2453,National Daily Boxed Beef Cutout & Boxed Beef Cuts - Negotiated Sales - PM (PDF) (LM_XB403),2026-09-26T15:00:20+00:00
d64ceb3a7c4b9178,2019-01-22,Beef,"Chuck, short rib (130  4)",Select Cuts,,,,Select,,,,,300.75,400.0,,,341.19,$/cwt,3.4119,per lb,National,wholesale,,,,,,19293.0,lb,,2453,National Daily Boxed Beef Cutout & Boxed Beef Cuts - Negotiated Sales - PM (PDF) (LM_XB403),2026-09-26T15:00:20+00:00
2f493e56e9284c74,2019-01-22,Beef,"Chuck, shoulder clod (114  1)",Choice Cuts,,,,Choice,,,,,198.42,217.5,,,204.69,$/cwt,2.0469,per lb,National,wholesale,,,,,,24270.0,lb,,2453,National Daily Boxed Beef Cutout & Boxed Beef Cuts - Negotiated Sales - PM (PDF) (LM_XB403),2026-09-26T15:00:20+00:00
bdba74493c6b2fca,2019-01-22,Beef,"Chuck, shoulder clod (114  1)",Select Cuts,,,,Select,,,,,191.59,205.0,,,192.83,$/cwt,1.9283,per lb,National,wholesale,,,,,,121636.0,lb,,2453,National Daily Boxed Beef Cutout & Boxed Beef Cuts - Negotiated Sales - PM (PDF) (LM_XB403),2026-09-26T15:00:20+00:00
b079ed2cea7c8242,2019-01-22,Beef,"Chuck, shoulder clod, trmd (114A  3)",Choice Cuts,,,,Choice,,,,,207.12,220.24,,,209.6,$/cwt,2.096,per lb,National,wholesale,,,,,,223420.0,lb,,2453,National Daily Boxed Beef Cutout & Boxed Beef Cuts - Negotiated Sales - PM (PDF) (LM_XB403),2026-09-26T15:00:20+00:00
93ffb6151fb653f3,2019-01-22,Beef,"Chuck, shoulder clod, trmd (114A  3)",Select Cuts,,,,Select,,,,,215.0,219.36,,,216.58,$/cwt,2.1658,per lb,National,wholesale,,,,,,2908.0,lb,,2453,National Daily Boxed Beef Cutout & Boxed Beef Cuts - Negotiated Sales - PM (PDF) (LM_XB403),2026-09-26T15:00:20+00:00
40c6973ba68c8496,2019-01-22,Beef,Cutout 600-900 lb,,,,,Select,,,,,,,,,211.72,$/cwt,2.1172,per lb,National,wholesale,,,,,,,,,2453,National Daily Boxed Beef Cutout & Boxed Beef Cuts - Negotiated Sales - PM (PDF) (LM_XB403),2026-09-26T15:00:20+00:00
963e09735f155492,2019-01-22,Beef,Cutout 600-900 lb,,,,,Choice,,,,,,,,,216.34,$/cwt,2.1634,per lb,National,wholesale,,,,,,,,,2453,National Daily Boxed Beef Cutout & Boxed Beef Cuts - Negotiated Sales - PM (PDF) (LM_XB403),2026-09-26T15:00:20+00:00
7f3da86a89d7aa86,2019-01-22,Beef,"Flank, flank steak (193  4)",Choice Cuts,,,,Choice,,,,,465.0,490.75,,,476.15,$/cwt,4.7615,per lb,National,wholesale,,,,,,13103.0,lb,,2453,National Daily Boxed Beef Cutout & Boxed Beef Cuts - Negotiated Sales - PM (PDF) (LM_XB403),2026-09-26T15:00:20+00:00
9033401a7154a6de,2019-01-22,Beef,"Flank, flank steak (193  4)",Select Cuts,,,,Select,,,,,449.41,480.0,,,460.1,$/cwt,4.601,per lb,National,wholesale,,,,,,4135.0,lb,,2453,National Daily Boxed Beef Cutout & Boxed Beef Cuts - Negotiated Sales - PM (PDF) (LM_XB403),2026-09-26T15:00:20+00:00
e19f494dc62f12a0,2019-01-22,Beef,Ground Beef 73%,Ground Beef,,,,,,,,,166.63,199.74,,,177.03,$/cwt,1.7703,per lb,National,wholesale,,,,,,97658.0,lb,,2453,National Daily Boxed Beef Cutout & Boxed Beef Cuts - Negotiated Sales - PM (PDF) (LM_XB403),2026-09-26T15:00:20+00:00
3ba19201b755d7e2,2019-01-22,Beef,Ground Beef 81%,Ground Beef,,,,,,,,,181.0,230.26,,,200.45,$/cwt,2.0045,per lb,National,wholesale,,,,,,149742.0,lb,,2453,National Daily Boxed Beef Cutout & Boxed Beef Cuts - Negotiated Sales - PM (PDF) (LM_XB403),2026-09-26T15:00:20+00:00
55eeb5108ecb01bd,2019-01-22,Beef,Ground Beef 93%,Ground Beef,,,,,,,,,291.0,310.97,,,301.79,$/cwt,3.0179,per lb,National,wholesale,,,,,,35498.0,lb,,2453,National Daily Boxed Beef Cutout & Boxed Beef Cuts - Negotiated Sales - PM (PDF) (LM_XB403),2026-09-26T15:00:20+00:00
ae288e1059da46b3,2019-01-22,Beef,Ground Beef Chuck,Ground Beef,,,,,,,,,193.0,227.5,,,208.96,$/cwt,2.0896,per lb,National,wholesale,,,,,,67067.0,lb,,2453,National Daily Boxed Beef Cutout & Boxed Beef Cuts - Negotiated Sales - PM (PDF) (LM_XB403),2026-09-26T15:00:20+00:00
87fb96d871d9788a,2019-01-22,Beef,Ground Beef Round,Ground Beef,,,,,,,,,258.51,266.5,,,263.42,$/cwt,2.6342,per lb,National,wholesale,,,,,,8780.0,lb,,2453,National Daily Boxed Beef Cutout & Boxed Beef Cuts - Negotiated Sales - PM (PDF) (LM_XB403),2026-09-26T15:00:20+00:00
df56f723ad429f4a,2019-01-22,Beef,"Loin, ball-tip, bnls, heavy (185B  1)",Choice Cuts,,,,Choice,,,,,245.0,275.75,,,259.08,$/cwt,2.5908,per lb,National,wholesale,,,,,,62424.0,lb,,2453,National Daily Boxed Beef Cutout & Boxed Beef Cuts - Negotiated Sales - PM (PDF) (LM_XB403),2026-09-26T15:00:20+00:00
077175968bd6a7c9,2019-01-22,Beef,"Loin, ball-tip, bnls, heavy (185B  1)",Select Cuts,,,,Select,,,,,216.0,255.0,,,219.53,$/cwt,2.1953,per lb,National,wholesale,,,,,,11125.0,lb,,2453,National Daily Boxed Beef Cutout & Boxed Beef Cuts - Negotiated Sales - PM (PDF) (LM_XB403),2026-09-26T15:00:20+00:00
5f24c534bf398247,2019-01-22,Beef,"Loin, bottom sirloin, flap (185A  4)",Choice Cuts,,,,Choice,,,,,510.0,571.5,,,528.36,$/cwt,5.2836,per lb,National,wholesale,,,,,,45027.0,lb,,2453,National Daily Boxed Beef Cutout & Boxed Beef Cuts - Negotiated Sales - PM (PDF) (LM_XB403),2026-09-26T15:00:20+00:00
032e18f75f3ce12c,2019-01-22,Beef,"Loin, bottom sirloin, flap (185A  4)",Select Cuts,,,,Select,,,,,490.0,513.0,,,503.87,$/cwt,5.0387,per lb,National,wholesale,,,,,,8540.0,lb,,2453,National Daily Boxed Beef Cutout & Boxed Beef Cuts - Negotiated Sales - PM (PDF) (LM_XB403),2026-09-26T15:00:20+00:00
3e8abd7241086ca0,2019-01-22,Beef,"Loin, butt tender, trimmed (191A  4)",Choice Cuts,,,,Choice,,,,,937.0,993.42,,,944.77,$/cwt,9.4477,per lb,National,wholesale,,,,,,15044.0,lb,,2453,National Daily Boxed Beef Cutout & Boxed Beef Cuts - Negotiated Sales - PM (PDF) (LM_XB403),2026-09-26T15:00:20+00:00
0bacd4ecd6ef6cc3,2019-01-22,Beef,"Loin, butt tender, trimmed (191A  4)",Select Cuts,,,,Select,,,,,927.84,970.75,,,956.89,$/cwt,9.5689,per lb,National,wholesale,,,,,,1831.0,lb,,2453,National Daily Boxed Beef Cutout & Boxed Beef Cuts - Negotiated Sales - PM (PDF) (LM_XB403),2026-09-26T15:00:20+00:00
d0eda1a1077f3988,2019-01-22,Beef,"Loin, short loin, 0x1 (174  3)",Choice Cuts,,,,Choice,,,,,483.87,527.16,,,498.65,$/cwt,4.9865,per lb,National,wholesale,,,,,,16447.0,lb,,2453,National Daily Boxed Beef Cutout & Boxed Beef Cuts - Negotiated Sales - PM (PDF) (LM_XB403),2026-09-26T15:00:20+00:00
18ccac24edef7712,2019-01-22,Beef,"Loin, short loin, 0x1 (174  3)",Select Cuts,,,,Select,,,,,463.4,485.0,,,480.7,$/cwt,4.807,per lb,National,wholesale,,,,,,119499.0,lb,,2453,National Daily Boxed Beef Cutout & Boxed Beef Cuts - Negotiated Sales - PM (PDF) (LM_XB403),2026-09-26T15:00:20+00:00
a06ac63621bbe58e,2019-01-22,Beef,"Loin, sirloin, tri-tip (185C  1)",Choice Cuts,,,,Choice,,,,,290.65,320.0,,,309.16,$/cwt,3.0916,per lb,National,wholesale,,,,,,23856.0,lb,,2453,National Daily Boxed Beef Cutout & Boxed Beef Cuts - Negotiated Sales - PM (PDF) (LM_XB403),2026-09-26T15:00:20+00:00
016744e94122a7dc,2019-01-22,Beef,"Loin, sirloin, tri-tip (185C  1)",Select Cuts,,,,Select,,,,,237.0,275.75,,,254.85,$/cwt,2.5485,per lb,National,wholesale,,,,,,37010.0,lb,,2453,National Daily Boxed Beef Cutout & Boxed Beef Cuts - Negotiated Sales - PM (PDF) (LM_XB403),2026-09-26T15:00:20+00:00
0104d7cad3878c07,2019-01-22,Beef,"Loin, sirloin, tri-tip, pld (185D  4)",Choice Cuts,,,,Choice,,,,,405.75,440.75,,,421.74,$/cwt,4.2174,per lb,National,wholesale,,,,,,7511.0,lb,,2453,National Daily Boxed Beef Cutout & Boxed Beef Cuts - Negotiated Sales - PM (PDF) (LM_XB403),2026-09-26T15:00:20+00:00
01707614624d4875,2019-01-22,Beef,"Loin, strip, bnls, 0x1 (180  3)",Choice Cuts,,,,Choice,,,,,540.0,562.0,,,547.57,$/cwt,5.4757,per lb,National,wholesale,,,,,,5527.0,lb,,2453,National Daily Boxed Beef Cutout & Boxed Beef Cuts - Negotiated Sales - PM (PDF) (LM_XB403),2026-09-26T15:00:20+00:00
a478679c8d219681,2019-01-22,Beef,"Loin, strip, bnls, 0x1 (180  3)",Select Cuts,,,,Select,,,,,462.06,525.3,,,491.07,$/cwt,4.9107,per lb,National,wholesale,,,,,,18006.0,lb,,2453,National Daily Boxed Beef Cutout & Boxed Beef Cuts - Negotiated Sales - PM (PDF) (LM_XB403),2026-09-26T15:00:20+00:00
eff2a0d087ba84d0,2019-01-22,Beef,"Loin, tndrloin, trmd, heavy (189A  4)",Choice Cuts,,,,Choice,,,,,1035.0,1141.5,,,1096.17,$/cwt,10.9617,per lb,National,wholesale,,,,,,21324.0,lb,,2453,National Daily Boxed Beef Cutout & Boxed Beef Cuts - Negotiated Sales - PM (PDF) (LM_XB403),2026-09-26T15:00:20+00:00
b9b8acd58b0eb140,2019-01-22,Beef,"Loin, tndrloin, trmd, heavy (189A  4)",Select Cuts,,,,Select,,,,,1029.12,1065.3,,,1037.23,$/cwt,10.3723,per lb,National,wholesale,,,,,,2362.0,lb,,2453,National Daily Boxed Beef Cutout & Boxed Beef Cuts - Negotiated Sales - PM (PDF) (LM_XB403),2026-09-26T15:00:20+00:00
c9acbf809063db8d,2019-01-22,Beef,"Loin, top butt, bnls, heavy (184  1)",Choice Cuts,,,,Choice,,,,,342.96,361.53,,,360.91,$/cwt,3.6091,per lb,National,wholesale,,,,,,39329.0,lb,,2453,National Daily Boxed Beef Cutout & Boxed Beef Cuts - Negotiated Sales - PM (PDF) (LM_XB403),2026-09-26T15:00:20+00:00
ddf6b39be801e266,2019-01-22,Beef,"Loin, top butt, bnls, heavy (184  1)",Select Cuts,,,,Select,,,,,335.0,361.53,,,361.2,$/cwt,3.612,per lb,National,wholesale,,,,,,47850.0,lb,,2453,National Daily Boxed Beef Cutout & Boxed Beef Cuts - Negotiated Sales - PM (PDF) (LM_XB403),2026-09-26T15:00:20+00:00
7daae656e58eaaa0,2019-01-22,Beef,"Loin, top butt, boneless (184  3)",Choice Cuts,,,,Choice,,,,,333.0,374.88,,,343.36,$/cwt,3.4336,per lb,National,wholesale,,,,,,22538.0,lb,,2453,National Daily Boxed Beef Cutout & Boxed Beef Cuts - Negotiated Sales - PM (PDF) (LM_XB403),2026-09-26T15:00:20+00:00
0bf872989de7438c,2019-01-22,Beef,"Loin, top butt, boneless (184  3)",Select Cuts,,,,Select,,,,,337.0,350.0,,,343.71,$/cwt,3.4371,per lb,National,wholesale,,,,,,6241.0,lb,,2453,National Daily Boxed Beef Cutout & Boxed Beef Cuts - Negotiated Sales - PM (PDF) (LM_XB403),2026-09-26T15:00:20+00:00
0737faea5be1cf90,2019-01-22,Beef,"Rib, ribeye, bnls, heavy (112A  3)",Choice Cuts,,,,Choice,,,,,734.12,770.0,,,746.67,$/cwt,7.4667,per lb,National,wholesale,,,,,,21857.0,lb,,2453,National Daily Boxed Beef Cutout & Boxed Beef Cuts - Negotiated Sales - PM (PDF) (LM_XB403),2026-09-26T15:00:20+00:00
f18b6b2575e2b1d4,2019-01-22,Beef,"Rib, ribeye, bnls, heavy (112A  3)",Select Cuts,,,,Select,,,,,674.6,705.3,,,688.08,$/cwt,6.8808,per lb,National,wholesale,,,,,,13908.0,lb,,2453,National Daily Boxed Beef Cutout & Boxed Beef Cuts - Negotiated Sales - PM (PDF) (LM_XB403),2026-09-26T15:00:20+00:00
8a1d7d76ac7f8a40,2019-01-22,Beef,"Rib, ribeye, bnls, light (112A  3)",Choice Cuts,,,,Choice,,,,,700.0,761.5,,,751.35,$/cwt,7.5135,per lb,National,wholesale,,,,,,6497.0,lb,,2453,National Daily Boxed Beef Cutout & Boxed Beef Cuts - Negotiated Sales - PM (PDF) (LM_XB403),2026-09-26T15:00:20+00:00
3029df49118085ea,2019-01-22,Beef,"Rib, ribeye, bnls, light (112A  3)",Select Cuts,,,,Select,,,,,655.15,685.0,,,674.88,$/cwt,6.7488,per lb,National,wholesale,,,,,,63828.0,lb,,2453,National Daily Boxed Beef Cutout & Boxed Beef Cuts - Negotiated Sales - PM (PDF) (LM_XB403),2026-09-26T15:00:20+00:00
ae698a3946d06931,2019-01-22,Beef,"Rib, ribeye, lip-on, bn-in (109E  1)",Choice Cuts,,,,Choice,,,,,614.7,706.5,,,660.57,$/cwt,6.6057,per lb,National,wholesale,,,,,,15790.0,lb,,2453,National Daily Boxed Beef Cutout & Boxed Beef Cuts - Negotiated Sales - PM (PDF) (LM_XB403),2026-09-26T15:00:20+00:00
ad21dd6dafa272b4,2019-01-22,Beef,"Rib, ribeye, lip-on, bn-in (109E  1)",Select Cuts,,,,Select,,,,,615.0,630.0,,,625.18,$/cwt,6.2518,per lb,National,wholesale,,,,,,6982.0,lb,,2453,National Daily Boxed Beef Cutout & Boxed Beef Cuts - Negotiated Sales - PM (PDF) (LM_XB403),2026-09-26T15:00:20+00:00
57f3c7b6eab755b6,2019-01-22,Beef,"Round, bottom gooseneck (170  1)",Select Cuts,,,,Select,,,,,193.61,197.34,,,195.42,$/cwt,1.9542,per lb,National,wholesale,,,,,,158512.0,lb,,2453,National Daily Boxed Beef Cutout & Boxed Beef Cuts - Negotiated Sales - PM (PDF) (LM_XB403),2026-09-26T15:00:20+00:00
e33e9be8108ccd95,2019-01-22,Beef,"Round, eye of round (171C  3)",Choice Cuts,,,,Choice,,,,,240.0,272.5,,,252.52,$/cwt,2.5252,per lb,National,wholesale,,,,,,117793.0,lb,,2453,National Daily Boxed Beef Cutout & Boxed Beef Cuts - Negotiated Sales - PM (PDF) (LM_XB403),2026-09-26T15:00:20+00:00
79f2cb619d873298,2019-01-22,Beef,"Round, eye of round (171C  3)",Select Cuts,,,,Select,,,,,250.0,265.3,,,255.25,$/cwt,2.5525,per lb,National,wholesale,,,,,,34178.0,lb,,2453,National Daily Boxed Beef Cutout & Boxed Beef Cuts - Negotiated Sales - PM (PDF) (LM_XB403),2026-09-26T15:00:20+00:00
54d564d94e37d91f,2019-01-22,Beef,"Round, knuckle, peeled (167A  4)",Choice Cuts,,,,Choice,,,,,225.32,266.0,,,237.08,$/cwt,2.3708,per lb,National,wholesale,,,,,,230903.0,lb,,2453,National Daily Boxed Beef Cutout & Boxed Beef Cuts - Negotiated Sales - PM (PDF) (LM_XB403),2026-09-26T15:00:20+00:00
eb8ffcb73ee9ac15,2019-01-22,Beef,"Round, knuckle, peeled (167A  4)",Select Cuts,,,,Select,,,,,240.0,262.0,,,247.16,$/cwt,2.4716,per lb,National,wholesale,,,,,,10774.0,lb,,2453,National Daily Boxed Beef Cutout & Boxed Beef Cuts - Negotiated Sales - PM (PDF) (LM_XB403),2026-09-26T15:00:20+00:00
e8d4c3a1693b7221,2019-01-22,Beef,"Round, outside round (171B  3)",Choice Cuts,,,,Choice,,,,,204.52,222.75,,,215.41,$/cwt,2.1541,per lb,National,wholesale,,,,,,101367.0,lb,,2453,National Daily Boxed Beef Cutout & Boxed Beef Cuts - Negotiated Sales - PM (PDF) (LM_XB403),2026-09-26T15:00:20+00:00
c2d08b50b5a5070d,2019-01-22,Beef,"Round, outside round (171B  3)",Select Cuts,,,,Select,,,,,195.32,217.0,,,215.37,$/cwt,2.1537,per lb,National,wholesale,,,,,,13692.0,lb,,2453,National Daily Boxed Beef Cutout & Boxed Beef Cuts - Negotiated Sales - PM (PDF) (LM_XB403),2026-09-26T15:00:20+00:00
3be23f707d4c1bb0,2019-01-22,Beef,"Round, top inside round (168  3)",Choice Cuts,,,,Choice,,,,,214.0,232.75,,,222.48,$/cwt,2.2248,per lb,National,wholesale,,,,,,91898.0,lb,,2453,National Daily Boxed Beef Cutout & Boxed Beef Cuts - Negotiated Sales - PM (PDF) (LM_XB403),2026-09-26T15:00:20+00:00
a77325dda5dff4a8,2019-01-22,Beef,"Round, top inside round (168  3)",Select Cuts,,,,Select,,,,,212.52,224.0,,,215.65,$/cwt,2.1565,per lb,National,wholesale,,,,,,21680.0,lb,,2453,National Daily Boxed Beef Cutout & Boxed Beef Cuts - Negotiated Sales - PM (PDF) (LM_XB403),2026-09-26T15:00:20+00:00
fc741fd8621c16a0,2019-01-22,Beef,"Round, top inside, cap off (169A  5)",Choice Cuts,,,,Choice,,,,,288.0,310.0,,,296.53,$/cwt,2.9653,per lb,National,wholesale,,,,,,23375.0,lb,,2453,National Daily Boxed Beef Cutout & Boxed Beef Cuts - Negotiated Sales - PM (PDF) (LM_XB403),2026-09-26T15:00:20+00:00
7b1948afdd4ab667,2019-01-22,Beef,"Round, top inside, denuded (169  5)",Choice Cuts,,,,Choice,,,,,242.0,264.0,,,245.32,$/cwt,2.4532,per lb,National,wholesale,,,,,,27385.0,lb,,2453,National Daily Boxed Beef Cutout & Boxed Beef Cuts - Negotiated Sales - PM (PDF) (LM_XB403),2026-09-26T15:00:20+00:00
faf5b7c58d98ec77,2019-01-22,Beef,"Short Plate, short rib (123A  3)",Choice Cuts,,,,Choice,,,,,462.0,675.0,,,531.69,$/cwt,5.3169,per lb,National,wholesale,,,,,,65682.0,lb,,2453,National Daily Boxed Beef Cutout & Boxed Beef Cuts - Negotiated Sales - PM (PDF) (LM_XB403),2026-09-26T15:00:20+00:00
901475600c53695e,2019-01-23,Beef,"Brisket, deckle-off, bnls (120  1)",Choice Cuts,,,,Choice,,,,,269.0,294.25,,,274.86,$/cwt,2.7486,per lb,National,wholesale,,,,,,157379.0,lb,,2453,National Daily Boxed Beef Cutout & Boxed Beef Cuts - Negotiated Sales - PM (PDF) (LM_XB403),2026-09-26T15:00:20+00:00
3f82871b5fcf7d49,2019-01-23,Beef,"Brisket, deckle-off, bnls (120  1)",Select Cuts,,,,Select,,,,,261.75,295.12,,,263.82,$/cwt,2.6382,per lb,National,wholesale,,,,,,23976.0,lb,,2453,National Daily Boxed Beef Cutout & Boxed Beef Cuts - Negotiated Sales - PM (PDF) (LM_XB403),2026-09-26T15:00:20+00:00
35deaf954b693831,2019-01-23,Beef,"Brisket, point/off, bnls (120A  3)",Choice Cuts,,,,Choice,,,,,468.0,538.77,,,487.38,$/cwt,4.8738,per lb,National,wholesale,,,,,,19105.0,lb,,2453,National Daily Boxed Beef Cutout & Boxed Beef Cuts - Negotiated Sales - PM (PDF) (LM_XB403),2026-09-26T15:00:20+00:00
e48d5e261c5467e8,2019-01-23,Beef,"Chuck, chuck tender (116B  1)",Choice Cuts,,,,Choice,,,,,219.56,246.0,,,234.48,$/cwt,2.3448,per lb,National,wholesale,,,,,,55015.0,lb,,2453,National Daily Boxed Beef Cutout & Boxed Beef Cuts - Negotiated Sales - PM (PDF) (LM_XB403),2026-09-26T15:00:20+00:00
75d45665269f7686,2019-01-23,Beef,"Chuck, chuck tender (116B  1)",Select Cuts,,,,Select,,,,,232.43,250.12,,,234.99,$/cwt,2.3499,per lb,National,wholesale,,,,,,3917.0,lb,,2453,National Daily Boxed Beef Cutout & Boxed Beef Cuts - Negotiated Sales - PM (PDF) (LM_XB403),2026-09-26T15:00:20+00:00
d439964f0e4bb5f7,2019-01-23,Beef,"Chuck, clod tender (114F  5)",Choice Cuts,,,,Choice,,,,,400.0,440.8,,,434.79,$/cwt,4.3479,per lb,National,wholesale,,,,,,20658.0,lb,,2453,National Daily Boxed Beef Cutout & Boxed Beef Cuts - Negotiated Sales - PM (PDF) (LM_XB403),2026-09-26T15:00:20+00:00
34cc29e1d0075b57,2019-01-23,Beef,"Chuck, clod tender (114F  5)",Select Cuts,,,,Select,,,,,400.0,440.8,,,432.52,$/cwt,4.3252,per lb,National,wholesale,,,,,,11040.0,lb,,2453,National Daily Boxed Beef Cutout & Boxed Beef Cuts - Negotiated Sales - PM (PDF) (LM_XB403),2026-09-26T15:00:20+00:00
d8c206b33cc2c49d,2019-01-23,Beef,"Chuck, clod, arm roast (114E  3)",Choice Cuts,,,,Choice,,,,,255.0,271.5,,,261.73,$/cwt,2.6173,per lb,National,wholesale,,,,,,8619.0,lb,,2453,National Daily Boxed Beef Cutout & Boxed Beef Cuts - Negotiated Sales - PM (PDF) (LM_XB403),2026-09-26T15:00:20+00:00
3a89e66071e76e26,2019-01-23,Beef,"Chuck, flap (116G  4)",Choice Cuts,,,,Choice,,,,,538.53,541.56,,,540.27,$/cwt,5.4027,per lb,National,wholesale,,,,,,5908.0,lb,,2453,National Daily Boxed Beef Cutout & Boxed Beef Cuts - Negotiated Sales - PM (PDF) (LM_XB403),2026-09-26T15:00:20+00:00
9c91dc0444a32ee0,2019-01-23,Beef,"Chuck, roll, lxl, neck/off (116A  3)",Choice Cuts,,,,Choice,,,,,285.34,312.0,,,293.6,$/cwt,2.936,per lb,National,wholesale,,,,,,144753.0,lb,,2453,National Daily Boxed Beef Cutout & Boxed Beef Cuts - Negotiated Sales - PM (PDF) (LM_XB403),2026-09-26T15:00:20+00:00
5410b722c1f9639d,2019-01-23,Beef,"Chuck, roll, lxl, neck/off (116A  3)",Select Cuts,,,,Select,,,,,288.0,298.0,,,290.7,$/cwt,2.907,per lb,National,wholesale,,,,,,13432.0,lb,,2453,National Daily Boxed Beef Cutout & Boxed Beef Cuts - Negotiated Sales - PM (PDF) (LM_XB403),2026-09-26T15:00:20+00:00
eefaf1dce5f2d4e6,2019-01-23,Beef,"Chuck, roll, retail ready (916A  3)",Choice Cuts,,,,Choice,,,,,306.05,324.0,,,310.64,$/cwt,3.1064,per lb,National,wholesale,,,,,,88195.0,lb,,2453,National Daily Boxed Beef Cutout & Boxed Beef Cuts - Negotiated Sales - PM (PDF) (LM_XB403),2026-09-26T15:00:20+00:00
db6a39f4de9eeb4f,2019-01-23,Beef,"Chuck, semi-bnls, neck/off (113C  1)",Choice Cuts,,,,Choice,,,,,230.0,246.75,,,232.13,$/cwt,2.3213,per lb,National,wholesale,,,,,,79978.0,lb,,2453,National Daily Boxed Beef Cutout & Boxed Beef Cuts - Negotiated Sales - PM (PDF) (LM_XB403),2026-09-26T15:00:20+00:00
2938a61ba0d8fe86,2019-01-23,Beef,"Chuck, short rib (130  4)",Choice Cuts,,,,Choice,,,,,298.83,430.0,,,330.13,$/cwt,3.3013,per lb,National,wholesale,,,,,,85395.0,lb,,2453,National Daily Boxed Beef Cutout & Boxed Beef Cuts - Negotiated Sales - PM (PDF) (LM_XB403),2026-09-26T15:00:20+00:00
601b07440d4e2435,2019-01-23,Beef,"Chuck, short rib (130  4)",Select Cuts,,,,Select,,,,,298.83,357.75,,,314.02,$/cwt,3.1402,per lb,National,wholesale,,,,,,62129.0,lb,,2453,National Daily Boxed Beef Cutout & Boxed Beef Cuts - Negotiated Sales - PM (PDF) (LM_XB403),2026-09-26T15:00:20+00:00
ba5f3e63dc3b649b,2019-01-23,Beef,"Chuck, shoulder clod (114  1)",Choice Cuts,,,,Choice,,,,,198.51,215.0,,,203.53,$/cwt,2.0353,per lb,National,wholesale,,,,,,14449.0,lb,,2453,National Daily Boxed Beef Cutout & Boxed Beef Cuts - Negotiated Sales - PM (PDF) (LM_XB403),2026-09-26T15:00:20+00:00
321cf3f014d30ea3,2019-01-23,Beef,"Chuck, shoulder clod, trmd (114A  3)",Choice Cuts,,,,Choice,,,,,206.0,232.0,,,213.84,$/cwt,2.1384,per lb,National,wholesale,,,,,,49634.0,lb,,2453,National Daily Boxed Beef Cutout & Boxed Beef Cuts - Negotiated Sales - PM (PDF) (LM_XB403),2026-09-26T15:00:20+00:00
0c594b16fc263404,2019-01-23,Beef,"Chuck, shoulder clod, trmd (114A  3)",Select Cuts,,,,Select,,,,,208.51,215.42,,,213.77,$/cwt,2.1377,per lb,National,wholesale,,,,,,5872.0,lb,,2453,National Daily Boxed Beef Cutout & Boxed Beef Cuts - Negotiated Sales - PM (PDF) (LM_XB403),2026-09-26T15:00:20+00:00
14e10e83c8e6be93,2019-01-23,Beef,Cutout 600-900 lb,,,,,Select,,,,,,,,,212.04,$/cwt,2.1204,per lb,National,wholesale,,,,,,,,,2453,National Daily Boxed Beef Cutout & Boxed Beef Cuts - Negotiated Sales - PM (PDF) (LM_XB403),2026-09-26T15:00:20+00:00
78dfe59b45f8c313,2019-01-23,Beef,Cutout 600-900 lb,,,,,Choice,,,,,,,,,217.21,$/cwt,2.1721,per lb,National,wholesale,,,,,,,,,2453,National Daily Boxed Beef Cutout & Boxed Beef Cuts - Negotiated Sales - PM (PDF) (LM_XB403),2026-09-26T15:00:20+00:00
4a8f338aed6abdac,2019-01-23,Beef,"Flank, flank steak (193  4)",Choice Cuts,,,,Choice,,,,,466.69,500.0,,,472.97,$/cwt,4.7297,per lb,National,wholesale,,,,,,87520.0,lb,,2453,National Daily Boxed Beef Cutout & Boxed Beef Cuts - Negotiated Sales - PM (PDF) (LM_XB403),2026-09-26T15:00:20+00:00
2c9105b9199300f2,2019-01-23,Beef,"Flank, flank steak (193  4)",Select Cuts,,,,Select,,,,,449.15,478.34,,,476.05,$/cwt,4.7605,per lb,National,wholesale,,,,,,8262.0,lb,,2453,National Daily Boxed Beef Cutout & Boxed Beef Cuts - Negotiated Sales - PM (PDF) (LM_XB403),2026-09-26T15:00:20+00:00
04a139b4aabbaae4,2019-01-23,Beef,Ground Beef 73%,Ground Beef,,,,,,,,,164.81,192.42,,,179.86,$/cwt,1.7986,per lb,National,wholesale,,,,,,262237.0,lb,,2453,National Daily Boxed Beef Cutout & Boxed Beef Cuts - Negotiated Sales - PM (PDF) (LM_XB403),2026-09-26T15:00:20+00:00
d925b0ee687f1bbd,2019-01-23,Beef,Ground Beef 81%,Ground Beef,,,,,,,,,180.0,224.59,,,189.57,$/cwt,1.8957,per lb,National,wholesale,,,,,,223907.0,lb,,2453,National Daily Boxed Beef Cutout & Boxed Beef Cuts - Negotiated Sales - PM (PDF) (LM_XB403),2026-09-26T15:00:20+00:00
b39b7d2be784bab2,2019-01-23,Beef,Ground Beef 93%,Ground Beef,,,,,,,,,299.25,314.09,,,303.89,$/cwt,3.0389,per lb,National,wholesale,,,,,,84274.0,lb,,2453,National Daily Boxed Beef Cutout & Boxed Beef Cuts - Negotiated Sales - PM (PDF) (LM_XB403),2026-09-26T15:00:20+00:00
e5d491a2c3333a5b,2019-01-23,Beef,Ground Beef Chuck,Ground Beef,,,,,,,,,194.81,238.15,,,209.92,$/cwt,2.0992,per lb,National,wholesale,,,,,,141307.0,lb,,2453,National Daily Boxed Beef Cutout & Boxed Beef Cuts - Negotiated Sales - PM (PDF) (LM_XB403),2026-09-26T15:00:20+00:00
9a5076fd2f9a9412,2019-01-23,Beef,"Loin, ball-tip, bnls, heavy (185B  1)",Choice Cuts,,,,Choice,,,,,253.0,271.75,,,265.43,$/cwt,2.6543,per lb,National,wholesale,,,,,,10972.0,lb,,2453,National Daily Boxed Beef Cutout & Boxed Beef Cuts - Negotiated Sales - PM (PDF) (LM_XB403),2026-09-26T15:00:20+00:00
8c4e632806e069d0,2019-01-23,Beef,"Loin, ball-tip, bnls, heavy (185B  1)",Select Cuts,,,,Select,,,,,233.0,260.0,,,242.96,$/cwt,2.4296,per lb,National,wholesale,,,,,,6476.0,lb,,2453,National Daily Boxed Beef Cutout & Boxed Beef Cuts - Negotiated Sales - PM (PDF) (LM_XB403),2026-09-26T15:00:20+00:00
fd8aeb74003a0044,2019-01-23,Beef,"Loin, bottom sirloin, flap (185A  4)",Choice Cuts,,,,Choice,,,,,513.0,579.25,,,537.99,$/cwt,5.3799,per lb,National,wholesale,,,,,,21554.0,lb,,2453,National Daily Boxed Beef Cutout & Boxed Beef Cuts - Negotiated Sales - PM (PDF) (LM_XB403),2026-09-26T15:00:20+00:00
eb1747d3c3886c61,2019-01-23,Beef,"Loin, bottom sirloin, flap (185A  4)",Select Cuts,,,,Select,,,,,490.0,516.5,,,510.9,$/cwt,5.109,per lb,National,wholesale,,,,,,7356.0,lb,,2453,National Daily Boxed Beef Cutout & Boxed Beef Cuts - Negotiated Sales - PM (PDF) (LM_XB403),2026-09-26T15:00:20+00:00
cd06269c3100ee73,2019-01-23,Beef,"Loin, butt tender, trimmed (191A  4)",Select Cuts,,,,Select,,,,,924.27,999.56,,,930.68,$/cwt,9.3068,per lb,National,wholesale,,,,,,19171.0,lb,,2453,National Daily Boxed Beef Cutout & Boxed Beef Cuts - Negotiated Sales - PM (PDF) (LM_XB403),2026-09-26T15:00:20+00:00
cb2fb6aaa544bc20,2019-01-23,Beef,"Loin, short loin, 0x1 (174  3)",Choice Cuts,,,,Choice,,,,,485.0,536.0,,,490.88,$/cwt,4.9088,per lb,National,wholesale,,,,,,68601.0,lb,,2453,National Daily Boxed Beef Cutout & Boxed Beef Cuts - Negotiated Sales - PM (PDF) (LM_XB403),2026-09-26T15:00:20+00:00
ed008f639274fd23,2019-01-23,Beef,"Loin, short loin, 0x1 (174  3)",Select Cuts,,,,Select,,,,,490.25,505.0,,,502.61,$/cwt,5.0261,per lb,National,wholesale,,,,,,4936.0,lb,,2453,National Daily Boxed Beef Cutout & Boxed Beef Cuts - Negotiated Sales - PM (PDF) (LM_XB403),2026-09-26T15:00:20+00:00
e7b46475f4875ff4,2019-01-23,Beef,"Loin, sirloin, tri-tip (185C  1)",Choice Cuts,,,,Choice,,,,,305.0,320.0,,,307.17,$/cwt,3.0717,per lb,National,wholesale,,,,,,10705.0,lb,,2453,National Daily Boxed Beef Cutout & Boxed Beef Cuts - Negotiated Sales - PM (PDF) (LM_XB403),2026-09-26T15:00:20+00:00
d7fc27f49a888e52,2019-01-23,Beef,"Loin, sirloin, tri-tip (185C  1)",Select Cuts,,,,Select,,,,,247.3,278.5,,,269.38,$/cwt,2.6938,per lb,National,wholesale,,,,,,21470.0,lb,,2453,National Daily Boxed Beef Cutout & Boxed Beef Cuts - Negotiated Sales - PM (PDF) (LM_XB403),2026-09-26T15:00:20+00:00
fd47c5cb39c5c7a0,2019-01-23,Beef,"Loin, sirloin, tri-tip, pld (185D  4)",Choice Cuts,,,,Choice,,,,,405.62,442.0,,,415.62,$/cwt,4.1562,per lb,National,wholesale,,,,,,10758.0,lb,,2453,National Daily Boxed Beef Cutout & Boxed Beef Cuts - Negotiated Sales - PM (PDF) (LM_XB403),2026-09-26T15:00:20+00:00
75394967ae86ce4d,2019-01-23,Beef,"Loin, strip loin bnls. 1x1 (  1)",Choice Cuts,,,,Choice,,,,,485.0,498.5,,,487.06,$/cwt,4.8706,per lb,National,wholesale,,,,,,12332.0,lb,,2453,National Daily Boxed Beef Cutout & Boxed Beef Cuts - Negotiated Sales - PM (PDF) (LM_XB403),2026-09-26T15:00:20+00:00
a0a32bca4795c34c,2019-01-23,Beef,"Loin, strip loin, 1x1 (175  3)",Choice Cuts,,,,Choice,,,,,440.0,477.0,,,453.37,$/cwt,4.5337,per lb,National,wholesale,,,,,,86548.0,lb,,2453,National Daily Boxed Beef Cutout & Boxed Beef Cuts - Negotiated Sales - PM (PDF) (LM_XB403),2026-09-26T15:00:20+00:00
c51f6a5d17d405a8,2019-01-23,Beef,"Loin, strip, bnls, 0x1 (180  3)",Choice Cuts,,,,Choice,,,,,520.0,573.0,,,535.14,$/cwt,5.3514,per lb,National,wholesale,,,,,,159321.0,lb,,2453,National Daily Boxed Beef Cutout & Boxed Beef Cuts - Negotiated Sales - PM (PDF) (LM_XB403),2026-09-26T15:00:20+00:00
34aa667b22b9fd70,2019-01-23,Beef,"Loin, strip, bnls, 0x1 (180  3)",Select Cuts,,,,Select,,,,,497.42,520.0,,,505.52,$/cwt,5.0552,per lb,National,wholesale,,,,,,137641.0,lb,,2453,National Daily Boxed Beef Cutout & Boxed Beef Cuts - Negotiated Sales - PM (PDF) (LM_XB403),2026-09-26T15:00:20+00:00
52dfbd91fac9c2d8,2019-01-23,Beef,"Loin, tndrloin, trmd, heavy (189A  4)",Choice Cuts,,,,Choice,,,,,1025.0,1156.5,,,1066.53,$/cwt,10.6653,per lb,National,wholesale,,,,,,92658.0,lb,,2453,National Daily Boxed Beef Cutout & Boxed Beef Cuts - Negotiated Sales - PM (PDF) (LM_XB403),2026-09-26T15:00:20+00:00
3e0a3d96f0f99a55,2019-01-23,Beef,"Loin, tndrloin, trmd, heavy (189A  4)",Select Cuts,,,,Select,,,,,1010.0,1161.0,,,1018.56,$/cwt,10.1856,per lb,National,wholesale,,,,,,20611.0,lb,,2453,National Daily Boxed Beef Cutout & Boxed Beef Cuts - Negotiated Sales - PM (PDF) (LM_XB403),2026-09-26T15:00:20+00:00
e3066c9fa61fe29d,2019-01-23,Beef,"Loin, top butt, CC (184B  3)",Choice Cuts,,,,Choice,,,,,467.0,526.0,,,467.81,$/cwt,4.6781,per lb,National,wholesale,,,,,,24753.0,lb,,2453,National Daily Boxed Beef Cutout & Boxed Beef Cuts - Negotiated Sales - PM (PDF) (LM_XB403),2026-09-26T15:00:20+00:00
8288b662481c627a,2019-01-23,Beef,"Loin, top butt, bnls, heavy (184  1)",Choice Cuts,,,,Choice,,,,,339.55,361.53,,,348.41,$/cwt,3.4841,per lb,National,wholesale,,,,,,6763.0,lb,,2453,National Daily Boxed Beef Cutout & Boxed Beef Cuts - Negotiated Sales - PM (PDF) (LM_XB403),2026-09-26T15:00:20+00:00
b14f1f1fbbca7652,2019-01-23,Beef,"Loin, top butt, bnls, heavy (184  1)",Select Cuts,,,,Select,,,,,322.0,322.0,,,322.0,$/cwt,3.22,per lb,National,wholesale,,,,,,5000.0,lb,,2453,National Daily Boxed Beef Cutout & Boxed Beef Cuts - Negotiated Sales - PM (PDF) (LM_XB403),2026-09-26T15:00:20+00:00
3ddf4b49306e1bab,2019-01-23,Beef,"Loin, top butt, boneless (184  3)",Choice Cuts,,,,Choice,,,,,351.48,369.0,,,362.84,$/cwt,3.6284,per lb,National,wholesale,,,,,,49779.0,lb,,2453,National Daily Boxed Beef Cutout & Boxed Beef Cuts - Negotiated Sales - PM (PDF) (LM_XB403),2026-09-26T15:00:20+00:00
5128bacae1e31fe9,2019-01-23,Beef,"Loin, top butt, boneless (184  3)",Select Cuts,,,,Select,,,,,340.3,369.0,,,354.04,$/cwt,3.5404,per lb,National,wholesale,,,,,,7665.0,lb,,2453,National Daily Boxed Beef Cutout & Boxed Beef Cuts - Negotiated Sales - PM (PDF) (LM_XB403),2026-09-26T15:00:20+00:00
0c4056542a69b6ef,2019-01-23,Beef,"Rib, ribeye, bnls, heavy (112A  3)",Choice Cuts,,,,Choice,,,,,723.0,775.92,,,737.02,$/cwt,7.3702,per lb,National,wholesale,,,,,,187276.0,lb,,2453,National Daily Boxed Beef Cutout & Boxed Beef Cuts - Negotiated Sales - PM (PDF) (LM_XB403),2026-09-26T15:00:20+00:00
9aec433521c6de7a,2019-01-23,Beef,"Rib, ribeye, bnls, heavy (112A  3)",Select Cuts,,,,Select,,,,,659.56,701.5,,,682.75,$/cwt,6.8275,per lb,National,wholesale,,,,,,24327.0,lb,,2453,National Daily Boxed Beef Cutout & Boxed Beef Cuts - Negotiated Sales - PM (PDF) (LM_XB403),2026-09-26T15:00:20+00:00
34cf9f1993f15f4f,2019-01-23,Beef,"Rib, ribeye, bnls, light (112A  3)",Choice Cuts,,,,Choice,,,,,753.0,790.0,,,773.56,$/cwt,7.7356,per lb,National,wholesale,,,,,,38501.0,lb,,2453,National Daily Boxed Beef Cutout & Boxed Beef Cuts - Negotiated Sales - PM (PDF) (LM_XB403),2026-09-26T15:00:20+00:00
84254e8f3d90178b,2019-01-23,Beef,"Rib, ribeye, bnls, light (112A  3)",Select Cuts,,,,Select,,,,,669.56,705.25,,,690.15,$/cwt,6.9015,per lb,National,wholesale,,,,,,10143.0,lb,,2453,National Daily Boxed Beef Cutout & Boxed Beef Cuts - Negotiated Sales - PM (PDF) (LM_XB403),2026-09-26T15:00:20+00:00
2810fc5b4f889538,2019-01-23,Beef,"Rib, ribeye, lip-on, bn-in (109E  1)",Choice Cuts,,,,Choice,,,,,620.0,675.0,,,653.29,$/cwt,6.5329,per lb,National,wholesale,,,,,,34121.0,lb,,2453,National Daily Boxed Beef Cutout & Boxed Beef Cuts - Negotiated Sales - PM (PDF) (LM_XB403),2026-09-26T15:00:20+00:00
0785216280abcaaa,2019-01-23,Beef,"Rib, ribeye, lip-on, bn-in (109E  1)",Select Cuts,,,,Select,,,,,604.56,625.51,,,610.78,$/cwt,6.1078,per lb,National,wholesale,,,,,,18538.0,lb,,2453,National Daily Boxed Beef Cutout & Boxed Beef Cuts - Negotiated Sales - PM (PDF) (LM_XB403),2026-09-26T15:00:20+00:00
a365192d71d2625c,2019-01-23,Beef,"Round, bottom gooseneck (170  1)",Choice Cuts,,,,Choice,,,,,190.74,216.0,,,193.01,$/cwt,1.9301,per lb,National,wholesale,,,,,,16033.0,lb,,2453,National Daily Boxed Beef Cutout & Boxed Beef Cuts - Negotiated Sales - PM (PDF) (LM_XB403),2026-09-26T15:00:20+00:00
91464944397870e2,2019-01-23,Beef,"Round, eye of round (171C  3)",Choice Cuts,,,,Choice,,,,,248.12,266.23,,,254.14,$/cwt,2.5414,per lb,National,wholesale,,,,,,172698.0,lb,,2453,National Daily Boxed Beef Cutout & Boxed Beef Cuts - Negotiated Sales - PM (PDF) (LM_XB403),2026-09-26T15:00:20+00:00
3a664cb03507a202,2019-01-23,Beef,"Round, eye of round (171C  3)",Select Cuts,,,,Select,,,,,248.43,270.0,,,257.87,$/cwt,2.5787,per lb,National,wholesale,,,,,,19478.0,lb,,2453,National Daily Boxed Beef Cutout & Boxed Beef Cuts - Negotiated Sales - PM (PDF) (LM_XB403),2026-09-26T15:00:20+00:00
12897c31dbb3eff8,2019-01-23,Beef,"Round, knuckle, peeled (167A  4)",Choice Cuts,,,,Choice,,,,,235.0,262.7,,,244.55,$/cwt,2.4455,per lb,National,wholesale,,,,,,81623.0,lb,,2453,National Daily Boxed Beef Cutout & Boxed Beef Cuts - Negotiated Sales - PM (PDF) (LM_XB403),2026-09-26T15:00:20+00:00
5c440fed548120a7,2019-01-23,Beef,"Round, knuckle, peeled (167A  4)",Select Cuts,,,,Select,,,,,234.5,270.0,,,242.55,$/cwt,2.4255,per lb,National,wholesale,,,,,,9383.0,lb,,2453,National Daily Boxed Beef Cutout & Boxed Beef Cuts - Negotiated Sales - PM (PDF) (LM_XB403),2026-09-26T15:00:20+00:00
ab61dae89ab12886,2019-01-23,Beef,"Round, outside round (171B  3)",Choice Cuts,,,,Choice,,,,,203.69,228.0,,,214.77,$/cwt,2.1477,per lb,National,wholesale,,,,,,234981.0,lb,,2453,National Daily Boxed Beef Cutout & Boxed Beef Cuts - Negotiated Sales - PM (PDF) (LM_XB403),2026-09-26T15:00:20+00:00
b149a20534b20d24,2019-01-23,Beef,"Round, outside round (171B  3)",Select Cuts,,,,Select,,,,,211.17,220.0,,,214.33,$/cwt,2.1433,per lb,National,wholesale,,,,,,18632.0,lb,,2453,National Daily Boxed Beef Cutout & Boxed Beef Cuts - Negotiated Sales - PM (PDF) (LM_XB403),2026-09-26T15:00:20+00:00
53e65ab6e5dae1da,2019-01-23,Beef,"Round, top inside round (168  1)",Choice Cuts,,,,Choice,,,,,208.0,221.14,,,213.74,$/cwt,2.1374,per lb,National,wholesale,,,,,,36085.0,lb,,2453,National Daily Boxed Beef Cutout & Boxed Beef Cuts - Negotiated Sales - PM (PDF) (LM_XB403),2026-09-26T15:00:20+00:00
348ed1dc925dae0c,2019-01-23,Beef,"Round, top inside round (168  1)",Select Cuts,,,,Select,,,,,215.0,226.15,,,223.32,$/cwt,2.2332,per lb,National,wholesale,,,,,,2334.0,lb,,2453,National Daily Boxed Beef Cutout & Boxed Beef Cuts - Negotiated Sales - PM (PDF) (LM_XB403),2026-09-26T15:00:20+00:00
57ec5bc355c952b1,2019-01-23,Beef,"Round, top inside round (168  3)",Choice Cuts,,,,Choice,,,,,220.0,232.0,,,224.77,$/cwt,2.2477,per lb,National,wholesale,,,,,,32970.0,lb,,2453,National Daily Boxed Beef Cutout & Boxed Beef Cuts - Negotiated Sales - PM (PDF) (LM_XB403),2026-09-26T15:00:20+00:00
d817f37b26d2c4e7,2019-01-23,Beef,"Round, top inside round (168  3)",Select Cuts,,,,Select,,,,,209.78,218.61,,,217.16,$/cwt,2.1716,per lb,National,wholesale,,,,,,46785.0,lb,,2453,National Daily Boxed Beef Cutout & Boxed Beef Cuts - Negotiated Sales - PM (PDF) (LM_XB403),2026-09-26T15:00:20+00:00
0c492010538da4ca,2019-01-23,Beef,"Round, top inside, cap off (169A  5)",Choice Cuts,,,,Choice,,,,,294.56,315.0,,,309.22,$/cwt,3.0922,per lb,National,wholesale,,,,,,59636.0,lb,,2453,National Daily Boxed Beef Cutout & Boxed Beef Cuts - Negotiated Sales - PM (PDF) (LM_XB403),2026-09-26T15:00:20+00:00
36afe0dd242fa2fd,2019-01-23,Beef,"Round, top inside, cap off (169A  5)",Select Cuts,,,,Select,,,,,285.0,295.0,,,290.75,$/cwt,2.9075,per lb,National,wholesale,,,,,,25205.0,lb,,2453,National Daily Boxed Beef Cutout & Boxed Beef Cuts - Negotiated Sales - PM (PDF) (LM_XB403),2026-09-26T15:00:20+00:00
a6f76157031454a8,2019-01-23,Beef,"Round, top inside, denuded (169  5)",Choice Cuts,,,,Choice,,,,,237.0,270.0,,,249.5,$/cwt,2.495,per lb,National,wholesale,,,,,,65501.0,lb,,2453,National Daily Boxed Beef Cutout & Boxed Beef Cuts - Negotiated Sales - PM (PDF) (LM_XB403),2026-09-26T15:00:20+00:00
56f468f43853571c,2019-01-23,Beef,"Short Plate, short rib (123A  3)",Choice Cuts,,,,Choice,,,,,480.0,680.0,,,562.7,$/cwt,5.627,per lb,National,wholesale,,,,,,38525.0,lb,,2453,National Daily Boxed Beef Cutout & Boxed Beef Cuts - Negotiated Sales - PM (PDF) (LM_XB403),2026-09-26T15:00:20+00:00
6bb0cded84060783,2019-01-24,Beef,"Brisket, deckle-off, bnls (120  1)",Choice Cuts,,,,Choice,,,,,268.89,295.5,,,272.66,$/cwt,2.7266,per lb,National,wholesale,,,,,,135557.0,lb,,2453,National Daily Boxed Beef Cutout & Boxed Beef Cuts - Negotiated Sales - PM (PDF) (LM_XB403),2026-09-26T15:00:20+00:00
bd64d6604c4eb436,2019-01-24,Beef,"Brisket, deckle-off, bnls (120  1)",Select Cuts,,,,Select,,,,,260.0,265.0,,,260.8,$/cwt,2.608,per lb,National,wholesale,,,,,,86738.0,lb,,2453,National Daily Boxed Beef Cutout & Boxed Beef Cuts - Negotiated Sales - PM (PDF) (LM_XB403),2026-09-26T15:00:20+00:00
3282852e4c531162,2019-01-24,Beef,"Brisket, point/off, bnls (120A  3)",Choice Cuts,,,,Choice,,,,,445.0,514.5,,,463.63,$/cwt,4.6363,per lb,National,wholesale,,,,,,14605.0,lb,,2453,National Daily Boxed Beef Cutout & Boxed Beef Cuts - Negotiated Sales - PM (PDF) (LM_XB403),2026-09-26T15:00:20+00:00
b2e023f8f2082bd2,2019-01-24,Beef,"Chuck, chuck tender (116B  1)",Choice Cuts,,,,Choice,,,,,223.0,238.48,,,234.16,$/cwt,2.3416,per lb,National,wholesale,,,,,,80999.0,lb,,2453,National Daily Boxed Beef Cutout & Boxed Beef Cuts - Negotiated Sales - PM (PDF) (LM_XB403),2026-09-26T15:00:20+00:00
0f5e99d7879a466c,2019-01-24,Beef,"Chuck, clod tender (114F  5)",Choice Cuts,,,,Choice,,,,,420.0,435.0,,,423.36,$/cwt,4.2336,per lb,National,wholesale,,,,,,10979.0,lb,,2453,National Daily Boxed Beef Cutout & Boxed Beef Cuts - Negotiated Sales - PM (PDF) (LM_XB403),2026-09-26T15:00:20+00:00
098ab0f28d8d04d6,2019-01-24,Beef,"Chuck, clod, arm roast (114E  3)",Choice Cuts,,,,Choice,,,,,255.0,266.94,,,261.74,$/cwt,2.6174,per lb,National,wholesale,,,,,,50807.0,lb,,2453,National Daily Boxed Beef Cutout & Boxed Beef Cuts - Negotiated Sales - PM (PDF) (LM_XB403),2026-09-26T15:00:20+00:00
f61f6dd4797e5e38,2019-01-24,Beef,"Chuck, flap (116G  4)",Choice Cuts,,,,Choice,,,,,505.0,580.77,,,514.95,$/cwt,5.1495,per lb,National,wholesale,,,,,,15506.0,lb,,2453,National Daily Boxed Beef Cutout & Boxed Beef Cuts - Negotiated Sales - PM (PDF) (LM_XB403),2026-09-26T15:00:20+00:00
39e1a583583c5681,2019-01-24,Beef,"Chuck, flap (116G  4)",Select Cuts,,,,Select,,,,,483.37,548.55,,,511.31,$/cwt,5.1131,per lb,National,wholesale,,,,,,3864.0,lb,,2453,National Daily Boxed Beef Cutout & Boxed Beef Cuts - Negotiated Sales - PM (PDF) (LM_XB403),2026-09-26T15:00:20+00:00
7b71e5ba573e5731,2019-01-24,Beef,"Chuck, roll, lxl, neck/off (116A  3)",Choice Cuts,,,,Choice,,,,,283.5,312.0,,,289.98,$/cwt,2.8998,per lb,National,wholesale,,,,,,97841.0,lb,,2453,National Daily Boxed Beef Cutout & Boxed Beef Cuts - Negotiated Sales - PM (PDF) (LM_XB403),2026-09-26T15:00:20+00:00
5c815644e9ed3739,2019-01-24,Beef,"Chuck, roll, lxl, neck/off (116A  3)",Select Cuts,,,,Select,,,,,289.06,305.0,,,294.35,$/cwt,2.9435,per lb,National,wholesale,,,,,,15203.0,lb,,2453,National Daily Boxed Beef Cutout & Boxed Beef Cuts - Negotiated Sales - PM (PDF) (LM_XB403),2026-09-26T15:00:20+00:00
a301d8aa0b0828f4,2019-01-24,Beef,"Chuck, roll, retail ready (916A  3)",Choice Cuts,,,,Choice,,,,,317.96,322.94,,,320.13,$/cwt,3.2013,per lb,National,wholesale,,,,,,108903.0,lb,,2453,National Daily Boxed Beef Cutout & Boxed Beef Cuts - Negotiated Sales - PM (PDF) (LM_XB403),2026-09-26T15:00:20+00:00
fb2897f5fdb938ba,2019-01-24,Beef,"Chuck, semi-bnls, neck/off (113C  1)",Choice Cuts,,,,Choice,,,,,229.5,235.0,,,233.92,$/cwt,2.3392,per lb,National,wholesale,,,,,,10939.0,lb,,2453,National Daily Boxed Beef Cutout & Boxed Beef Cuts - Negotiated Sales - PM (PDF) (LM_XB403),2026-09-26T15:00:20+00:00
42a54f9dd3faec1a,2019-01-24,Beef,"Chuck, semi-bnls, neck/off (113C  1)",Select Cuts,,,,Select,,,,,226.3,230.0,,,227.78,$/cwt,2.2778,per lb,National,wholesale,,,,,,3391.0,lb,,2453,National Daily Boxed Beef Cutout & Boxed Beef Cuts - Negotiated Sales - PM (PDF) (LM_XB403),2026-09-26T15:00:20+00:00
30353603fc007040,2019-01-24,Beef,"Chuck, short rib (130  4)",Choice Cuts,,,,Choice,,,,,302.11,425.0,,,329.77,$/cwt,3.2977,per lb,National,wholesale,,,,,,36078.0,lb,,2453,National Daily Boxed Beef Cutout & Boxed Beef Cuts - Negotiated Sales - PM (PDF) (LM_XB403),2026-09-26T15:00:20+00:00
aa2d1465af6d310c,2019-01-24,Beef,"Chuck, shoulder clod (114  1)",Choice Cuts,,,,Choice,,,,,199.79,215.0,,,203.43,$/cwt,2.0343,per lb,National,wholesale,,,,,,13227.0,lb,,2453,National Daily Boxed Beef Cutout & Boxed Beef Cuts - Negotiated Sales - PM (PDF) (LM_XB403),2026-09-26T15:00:20+00:00
c63123b2c7eefa30,2019-01-24,Beef,"Chuck, shoulder clod (114  1)",Select Cuts,,,,Select,,,,,193.61,194.12,,,193.95,$/cwt,1.9395,per lb,National,wholesale,,,,,,119768.0,lb,,2453,National Daily Boxed Beef Cutout & Boxed Beef Cuts - Negotiated Sales - PM (PDF) (LM_XB403),2026-09-26T15:00:20+00:00
38dbfd942548f8d5,2019-01-24,Beef,"Chuck, shoulder clod, trmd (114A  3)",Choice Cuts,,,,Choice,,,,,209.98,216.37,,,210.79,$/cwt,2.1079,per lb,National,wholesale,,,,,,31496.0,lb,,2453,National Daily Boxed Beef Cutout & Boxed Beef Cuts - Negotiated Sales - PM (PDF) (LM_XB403),2026-09-26T15:00:20+00:00
c7f1e5add1c12035,2019-01-24,Beef,Cutout 600-900 lb,,,,,Select,,,,,,,,,212.14,$/cwt,2.1214,per lb,National,wholesale,,,,,,,,,2453,National Daily Boxed Beef Cutout & Boxed Beef Cuts - Negotiated Sales - PM (PDF) (LM_XB403),2026-09-26T15:00:20+00:00
d16c4230ae9149fe,2019-01-24,Beef,Cutout 600-900 lb,,,,,Choice,,,,,,,,,217.75,$/cwt,2.1775,per lb,National,wholesale,,,,,,,,,2453,National Daily Boxed Beef Cutout & Boxed Beef Cuts - Negotiated Sales - PM (PDF) (LM_XB403),2026-09-26T15:00:20+00:00
6eff1633f9fe29da,2019-01-24,Beef,"Flank, flank steak (193  4)",Choice Cuts,,,,Choice,,,,,470.0,490.0,,,481.15,$/cwt,4.8115,per lb,National,wholesale,,,,,,10910.0,lb,,2453,National Daily Boxed Beef Cutout & Boxed Beef Cuts - Negotiated Sales - PM (PDF) (LM_XB403),2026-09-26T15:00:20+00:00
0a065fde3bd61d75,2019-01-24,Beef,"Flank, flank steak (193  4)",Select Cuts,,,,Select,,,,,458.0,469.5,,,459.72,$/cwt,4.5972,per lb,National,wholesale,,,,,,4360.0,lb,,2453,National Daily Boxed Beef Cutout & Boxed Beef Cuts - Negotiated Sales - PM (PDF) (LM_XB403),2026-09-26T15:00:20+00:00
8d1eb2e19f44b3dd,2019-01-24,Beef,Ground Beef 73%,Ground Beef,,,,,,,,,176.0,187.0,,,184.2,$/cwt,1.842,per lb,National,wholesale,,,,,,5967.0,lb,,2453,National Daily Boxed Beef Cutout & Boxed Beef Cuts - Negotiated Sales - PM (PDF) (LM_XB403),2026-09-26T15:00:20+00:00
626193d5544e3a6a,2019-01-24,Beef,Ground Beef 81%,Ground Beef,,,,,,,,,183.45,205.0,,,184.04,$/cwt,1.8404,per lb,National,wholesale,,,,,,163203.0,lb,,2453,National Daily Boxed Beef Cutout & Boxed Beef Cuts - Negotiated Sales - PM (PDF) (LM_XB403),2026-09-26T15:00:20+00:00
d7fd851fa0c30cbf,2019-01-24,Beef,Ground Beef Chuck,Ground Beef,,,,,,,,,190.36,211.24,,,199.47,$/cwt,1.9947,per lb,National,wholesale,,,,,,172221.0,lb,,2453,National Daily Boxed Beef Cutout & Boxed Beef Cuts - Negotiated Sales - PM (PDF) (LM_XB403),2026-09-26T15:00:20+00:00
ce226a6109b4548e,2019-01-24,Beef,Ground Beef Round,Ground Beef,,,,,,,,,266.0,283.27,,,282.62,$/cwt,2.8262,per lb,National,wholesale,,,,,,16567.0,lb,,2453,National Daily Boxed Beef Cutout & Boxed Beef Cuts - Negotiated Sales - PM (PDF) (LM_XB403),2026-09-26T15:00:20+00:00
e88aa69b83adcf32,2019-01-24,Beef,"Loin, ball-tip, bnls, heavy (185B  1)",Choice Cuts,,,,Choice,,,,,252.52,270.0,,,260.85,$/cwt,2.6085,per lb,National,wholesale,,,,,,49603.0,lb,,2453,National Daily Boxed Beef Cutout & Boxed Beef Cuts - Negotiated Sales - PM (PDF) (LM_XB403),2026-09-26T15:00:20+00:00
bbda66141ef5afea,2019-01-24,Beef,"Loin, ball-tip, bnls, heavy (185B  1)",Select Cuts,,,,Select,,,,,226.24,256.24,,,246.69,$/cwt,2.4669,per lb,National,wholesale,,,,,,8088.0,lb,,2453,National Daily Boxed Beef Cutout & Boxed Beef Cuts - Negotiated Sales - PM (PDF) (LM_XB403),2026-09-26T15:00:20+00:00
1fadef45a32d8833,2019-01-24,Beef,"Loin, bottom sirloin, flap (185A  4)",Choice Cuts,,,,Choice,,,,,520.0,549.39,,,527.62,$/cwt,5.2762,per lb,National,wholesale,,,,,,15400.0,lb,,2453,National Daily Boxed Beef Cutout & Boxed Beef Cuts - Negotiated Sales - PM (PDF) (LM_XB403),2026-09-26T15:00:20+00:00
8b25cd65d4068a76,2019-01-24,Beef,"Loin, bottom sirloin, flap (185A  4)",Select Cuts,,,,Select,,,,,510.0,530.2,,,526.72,$/cwt,5.2672,per lb,National,wholesale,,,,,,9321.0,lb,,2453,National Daily Boxed Beef Cutout & Boxed Beef Cuts - Negotiated Sales - PM (PDF) (LM_XB403),2026-09-26T15:00:20+00:00
51f14130b2c50e26,2019-01-24,Beef,"Loin, short loin, 0x1 (174  3)",Choice Cuts,,,,Choice,,,,,485.29,525.5,,,494.5,$/cwt,4.945,per lb,National,wholesale,,,,,,23748.0,lb,,2453,National Daily Boxed Beef Cutout & Boxed Beef Cuts - Negotiated Sales - PM (PDF) (LM_XB403),2026-09-26T15:00:20+00:00
623eafc5fcb9cc90,2019-01-24,Beef,"Loin, short loin, 0x1 (174  3)",Select Cuts,,,,Select,,,,,464.15,504.5,,,482.89,$/cwt,4.8289,per lb,National,wholesale,,,,,,3632.0,lb,,2453,National Daily Boxed Beef Cutout & Boxed Beef Cuts - Negotiated Sales - PM (PDF) (LM_XB403),2026-09-26T15:00:20+00:00
3c271ea4133631a2,2019-01-24,Beef,"Loin, sirloin, tri-tip (185C  1)",Choice Cuts,,,,Choice,,,,,282.0,315.0,,,309.07,$/cwt,3.0907,per lb,National,wholesale,,,,,,33761.0,lb,,2453,National Daily Boxed Beef Cutout & Boxed Beef Cuts - Negotiated Sales - PM (PDF) (LM_XB403),2026-09-26T15:00:20+00:00
3c3455cd23fe67a7,2019-01-24,Beef,"Loin, sirloin, tri-tip (185C  1)",Select Cuts,,,,Select,,,,,243.85,282.0,,,264.66,$/cwt,2.6466,per lb,National,wholesale,,,,,,29791.0,lb,,2453,National Daily Boxed Beef Cutout & Boxed Beef Cuts - Negotiated Sales - PM (PDF) (LM_XB403),2026-09-26T15:00:20+00:00
c4f5041cbb4ec4bf,2019-01-24,Beef,"Loin, sirloin, tri-tip, pld (185D  4)",Choice Cuts,,,,Choice,,,,,410.0,443.2,,,435.09,$/cwt,4.3509,per lb,National,wholesale,,,,,,5351.0,lb,,2453,National Daily Boxed Beef Cutout & Boxed Beef Cuts - Negotiated Sales - PM (PDF) (LM_XB403),2026-09-26T15:00:20+00:00
383610e5f205bb32,2019-01-24,Beef,"Loin, strip, bnls, 0x1 (180  3)",Choice Cuts,,,,Choice,,,,,525.0,567.0,,,536.51,$/cwt,5.3651,per lb,National,wholesale,,,,,,315661.0,lb,,2453,National Daily Boxed Beef Cutout & Boxed Beef Cuts - Negotiated Sales - PM (PDF) (LM_XB403),2026-09-26T15:00:20+00:00
bd0a57980b31fcbc,2019-01-24,Beef,"Loin, strip, bnls, 0x1 (180  3)",Select Cuts,,,,Select,,,,,499.52,510.0,,,508.79,$/cwt,5.0879,per lb,National,wholesale,,,,,,19552.0,lb,,2453,National Daily Boxed Beef Cutout & Boxed Beef Cuts - Negotiated Sales - PM (PDF) (LM_XB403),2026-09-26T15:00:20+00:00
4eb5654e7a482e01,2019-01-24,Beef,"Loin, tndrloin, trmd, heavy (189A  4)",Choice Cuts,,,,Choice,,,,,1025.0,1092.0,,,1056.39,$/cwt,10.5639,per lb,National,wholesale,,,,,,84245.0,lb,,2453,National Daily Boxed Beef Cutout & Boxed Beef Cuts - Negotiated Sales - PM (PDF) (LM_XB403),2026-09-26T15:00:20+00:00
bfb8d2479202fdc0,2019-01-24,Beef,"Loin, top butt, bnls, heavy (184  1)",Choice Cuts,,,,Choice,,,,,323.5,340.0,,,338.54,$/cwt,3.3854,per lb,National,wholesale,,,,,,174641.0,lb,,2453,National Daily Boxed Beef Cutout & Boxed Beef Cuts - Negotiated Sales - PM (PDF) (LM_XB403),2026-09-26T15:00:20+00:00
17998eda1ca02bf7,2019-01-24,Beef,"Loin, top butt, bnls, heavy (184  1)",Select Cuts,,,,Select,,,,,345.0,360.0,,,357.31,$/cwt,3.5731,per lb,National,wholesale,,,,,,3787.0,lb,,2453,National Daily Boxed Beef Cutout & Boxed Beef Cuts - Negotiated Sales - PM (PDF) (LM_XB403),2026-09-26T15:00:20+00:00
4c0a24111db1fbc9,2019-01-24,Beef,"Loin, top butt, boneless (184  3)",Choice Cuts,,,,Choice,,,,,340.0,368.0,,,361.02,$/cwt,3.6102,per lb,National,wholesale,,,,,,208005.0,lb,,2453,National Daily Boxed Beef Cutout & Boxed Beef Cuts - Negotiated Sales - PM (PDF) (LM_XB403),2026-09-26T15:00:20+00:00
d7bd5a572c965583,2019-01-24,Beef,"Loin, top butt, boneless (184  3)",Select Cuts,,,,Select,,,,,320.0,360.0,,,326.07,$/cwt,3.2607,per lb,National,wholesale,,,,,,7089.0,lb,,2453,National Daily Boxed Beef Cutout & Boxed Beef Cuts - Negotiated Sales - PM (PDF) (LM_XB403),2026-09-26T15:00:20+00:00
e98be17e353c1557,2019-01-24,Beef,"Rib, ribeye, bnls, heavy (112A  3)",Choice Cuts,,,,Choice,,,,,723.0,760.5,,,739.65,$/cwt,7.3965,per lb,National,wholesale,,,,,,28374.0,lb,,2453,National Daily Boxed Beef Cutout & Boxed Beef Cuts - Negotiated Sales - PM (PDF) (LM_XB403),2026-09-26T15:00:20+00:00
8c89254f6ac5453a,2019-01-24,Beef,"Rib, ribeye, bnls, heavy (112A  3)",Select Cuts,,,,Select,,,,,679.5,690.0,,,684.97,$/cwt,6.8497,per lb,National,wholesale,,,,,,11653.0,lb,,2453,National Daily Boxed Beef Cutout & Boxed Beef Cuts - Negotiated Sales - PM (PDF) (LM_XB403),2026-09-26T15:00:20+00:00
0a806ed70d887855,2019-01-24,Beef,"Rib, ribeye, bnls, light (112A  3)",Choice Cuts,,,,Choice,,,,,765.0,790.0,,,768.02,$/cwt,7.6802,per lb,National,wholesale,,,,,,42273.0,lb,,2453,National Daily Boxed Beef Cutout & Boxed Beef Cuts - Negotiated Sales - PM (PDF) (LM_XB403),2026-09-26T15:00:20+00:00
e25abd96263b21f9,2019-01-24,Beef,"Rib, ribeye, lip-on, bn-in (109E  1)",Choice Cuts,,,,Choice,,,,,563.0,684.0,,,652.59,$/cwt,6.5259,per lb,National,wholesale,,,,,,271252.0,lb,,2453,National Daily Boxed Beef Cutout & Boxed Beef Cuts - Negotiated Sales - PM (PDF) (LM_XB403),2026-09-26T15:00:20+00:00
78b4b8946b72cba4,2019-01-24,Beef,"Rib, ribeye, lip-on, bn-in (109E  1)",Select Cuts,,,,Select,,,,,589.5,630.0,,,590.82,$/cwt,5.9082,per lb,National,wholesale,,,,,,81263.0,lb,,2453,National Daily Boxed Beef Cutout & Boxed Beef Cuts - Negotiated Sales - PM (PDF) (LM_XB403),2026-09-26T15:00:20+00:00
8a2aa6038d351843,2019-01-24,Beef,"Round, bottom gooseneck (170  1)",Choice Cuts,,,,Choice,,,,,191.37,200.0,,,194.41,$/cwt,1.9441,per lb,National,wholesale,,,,,,122612.0,lb,,2453,National Daily Boxed Beef Cutout & Boxed Beef Cuts - Negotiated Sales - PM (PDF) (LM_XB403),2026-09-26T15:00:20+00:00
687c1a834aab9eb2,2019-01-24,Beef,"Round, eye of round (171C  3)",Choice Cuts,,,,Choice,,,,,248.61,274.29,,,254.09,$/cwt,2.5409,per lb,National,wholesale,,,,,,193813.0,lb,,2453,National Daily Boxed Beef Cutout & Boxed Beef Cuts - Negotiated Sales - PM (PDF) (LM_XB403),2026-09-26T15:00:20+00:00
7a4b5c3409d60990,2019-01-24,Beef,"Round, eye of round (171C  3)",Select Cuts,,,,Select,,,,,251.68,264.31,,,256.64,$/cwt,2.5664,per lb,National,wholesale,,,,,,5319.0,lb,,2453,National Daily Boxed Beef Cutout & Boxed Beef Cuts - Negotiated Sales - PM (PDF) (LM_XB403),2026-09-26T15:00:20+00:00
726094842b832f32,2019-01-24,Beef,"Round, knuckle, peeled (167A  4)",Choice Cuts,,,,Choice,,,,,235.0,262.29,,,240.96,$/cwt,2.4096,per lb,National,wholesale,,,,,,180881.0,lb,,2453,National Daily Boxed Beef Cutout & Boxed Beef Cuts - Negotiated Sales - PM (PDF) (LM_XB403),2026-09-26T15:00:20+00:00
ab134898e958babf,2019-01-24,Beef,"Round, knuckle, peeled (167A  4)",Select Cuts,,,,Select,,,,,235.0,248.0,,,240.62,$/cwt,2.4062,per lb,National,wholesale,,,,,,16157.0,lb,,2453,National Daily Boxed Beef Cutout & Boxed Beef Cuts - Negotiated Sales - PM (PDF) (LM_XB403),2026-09-26T15:00:20+00:00
69517d31a3484156,2019-01-24,Beef,"Round, outside round (171B  3)",Choice Cuts,,,,Choice,,,,,212.0,222.0,,,217.76,$/cwt,2.1776,per lb,National,wholesale,,,,,,257129.0,lb,,2453,National Daily Boxed Beef Cutout & Boxed Beef Cuts - Negotiated Sales - PM (PDF) (LM_XB403),2026-09-26T15:00:20+00:00
890aea0df94a16d6,2019-01-24,Beef,"Round, outside round (171B  3)",Select Cuts,,,,Select,,,,,201.43,225.0,,,216.64,$/cwt,2.1664,per lb,National,wholesale,,,,,,11239.0,lb,,2453,National Daily Boxed Beef Cutout & Boxed Beef Cuts - Negotiated Sales - PM (PDF) (LM_XB403),2026-09-26T15:00:20+00:00
3ba77e50d5afab45,2019-01-24,Beef,"Round, top inside round (168  1)",Choice Cuts,,,,Choice,,,,,212.0,224.79,,,216.04,$/cwt,2.1604,per lb,National,wholesale,,,,,,29315.0,lb,,2453,National Daily Boxed Beef Cutout & Boxed Beef Cuts - Negotiated Sales - PM (PDF) (LM_XB403),2026-09-26T15:00:20+00:00
a73e3f8eca144f8f,2019-01-24,Beef,"Round, top inside round (168  3)",Choice Cuts,,,,Choice,,,,,220.0,237.0,,,224.57,$/cwt,2.2457,per lb,National,wholesale,,,,,,21810.0,lb,,2453,National Daily Boxed Beef Cutout & Boxed Beef Cuts - Negotiated Sales - PM (PDF) (LM_XB403),2026-09-26T15:00:20+00:00
a5107e2e4fc420a3,2019-01-24,Beef,"Round, top inside round (168  3)",Select Cuts,,,,Select,,,,,223.08,227.0,,,225.35,$/cwt,2.2535,per lb,National,wholesale,,,,,,4759.0,lb,,2453,National Daily Boxed Beef Cutout & Boxed Beef Cuts - Negotiated Sales - PM (PDF) (LM_XB403),2026-09-26T15:00:20+00:00
ddab7d79d345128c,2019-01-24,Beef,"Round, top inside, cap off (169A  5)",Choice Cuts,,,,Choice,,,,,292.0,315.0,,,292.88,$/cwt,2.9288,per lb,National,wholesale,,,,,,4326.0,lb,,2453,National Daily Boxed Beef Cutout & Boxed Beef Cuts - Negotiated Sales - PM (PDF) (LM_XB403),2026-09-26T15:00:20+00:00
fb0ade7e013c3d5b,2019-01-24,Beef,"Round, top inside, denuded (169  5)",Choice Cuts,,,,Choice,,,,,245.07,265.0,,,257.7,$/cwt,2.577,per lb,National,wholesale,,,,,,69340.0,lb,,2453,National Daily Boxed Beef Cutout & Boxed Beef Cuts - Negotiated Sales - PM (PDF) (LM_XB403),2026-09-26T15:00:20+00:00
5caa0830fb9a117a,2019-01-24,Beef,"Short Plate, short rib (123A  3)",Choice Cuts,,,,Choice,,,,,533.37,575.0,,,571.26,$/cwt,5.7126,per lb,National,wholesale,,,,,,13948.0,lb,,2453,National Daily Boxed Beef Cutout & Boxed Beef Cuts - Negotiated Sales - PM (PDF) (LM_XB403),2026-09-26T15:00:20+00:00
b5fd1679c5b229ff,2019-01-25,Beef,"Brisket, deckle-off, bnls (120  1)",Choice Cuts,,,,Choice,,,,,267.0,303.29,,,274.98,$/cwt,2.7498,per lb,National,wholesale,,,,,,126871.0,lb,,2453,National Daily Boxed Beef Cutout & Boxed Beef Cuts - Negotiated Sales - PM (PDF) (LM_XB403),2026-09-26T15:00:20+00:00
146c62b70358e18a,2019-01-25,Beef,"Brisket, deckle-off, bnls (120  1)",Select Cuts,,,,Select,,,,,265.0,284.25,,,269.93,$/cwt,2.6993,per lb,National,wholesale,,,,,,26001.0,lb,,2453,National Daily Boxed Beef Cutout & Boxed Beef Cuts - Negotiated Sales - PM (PDF) (LM_XB403),2026-09-26T15:00:20+00:00
13bc187f516e0c56,2019-01-25,Beef,"Brisket, point/off, bnls (120A  3)",Choice Cuts,,,,Choice,,,,,475.0,493.2,,,481.83,$/cwt,4.8183,per lb,National,wholesale,,,,,,4840.0,lb,,2453,National Daily Boxed Beef Cutout & Boxed Beef Cuts - Negotiated Sales - PM (PDF) (LM_XB403),2026-09-26T15:00:20+00:00
b3c0ba3a1223b82f,2019-01-25,Beef,"Chuck, chuck tender (116B  1)",Choice Cuts,,,,Choice,,,,,230.0,241.5,,,232.82,$/cwt,2.3282,per lb,National,wholesale,,,,,,44889.0,lb,,2453,National Daily Boxed Beef Cutout & Boxed Beef Cuts - Negotiated Sales - PM (PDF) (LM_XB403),2026-09-26T15:00:20+00:00
7789f881dd0a90d5,2019-01-25,Beef,"Chuck, chuck tender (116B  1)",Select Cuts,,,,Select,,,,,233.0,240.0,,,236.24,$/cwt,2.3624,per lb,National,wholesale,,,,,,6665.0,lb,,2453,National Daily Boxed Beef Cutout & Boxed Beef Cuts - Negotiated Sales - PM (PDF) (LM_XB403),2026-09-26T15:00:20+00:00
b887b2c1ee89207d,2019-01-25,Beef,"Chuck, clod tender (114F  5)",Choice Cuts,,,,Choice,,,,,395.0,442.96,,,433.11,$/cwt,4.3311,per lb,National,wholesale,,,,,,44568.0,lb,,2453,National Daily Boxed Beef Cutout & Boxed Beef Cuts - Negotiated Sales - PM (PDF) (LM_XB403),2026-09-26T15:00:20+00:00
d105623f51666c1d,2019-01-25,Beef,"Chuck, clod tender (114F  5)",Select Cuts,,,,Select,,,,,420.0,473.2,,,433.25,$/cwt,4.3325,per lb,National,wholesale,,,,,,5563.0,lb,,2453,National Daily Boxed Beef Cutout & Boxed Beef Cuts - Negotiated Sales - PM (PDF) (LM_XB403),2026-09-26T15:00:20+00:00
d6e187d675e57de5,2019-01-25,Beef,"Chuck, clod, arm roast (114E  3)",Choice Cuts,,,,Choice,,,,,250.1,271.7,,,265.02,$/cwt,2.6502,per lb,National,wholesale,,,,,,48830.0,lb,,2453,National Daily Boxed Beef Cutout & Boxed Beef Cuts - Negotiated Sales - PM (PDF) (LM_XB403),2026-09-26T15:00:20+00:00
83eba7e9eb6910c1,2019-01-25,Beef,"Chuck, clod, top blade (114D  3)",Choice Cuts,,,,Choice,,,,,336.42,352.88,,,346.72,$/cwt,3.4672,per lb,National,wholesale,,,,,,66089.0,lb,,2453,National Daily Boxed Beef Cutout & Boxed Beef Cuts - Negotiated Sales - PM (PDF) (LM_XB403),2026-09-26T15:00:20+00:00
b9490bae29cb063a,2019-01-25,Beef,"Chuck, roll, lxl, neck/off (116A  3)",Choice Cuts,,,,Choice,,,,,280.75,307.25,,,287.07,$/cwt,2.8707,per lb,National,wholesale,,,,,,276754.0,lb,,2453,National Daily Boxed Beef Cutout & Boxed Beef Cuts - Negotiated Sales - PM (PDF) (LM_XB403),2026-09-26T15:00:20+00:00
3d90292ab1f4874c,2019-01-25,Beef,"Chuck, roll, lxl, neck/off (116A  3)",Select Cuts,,,,Select,,,,,289.06,292.64,,,289.87,$/cwt,2.8987,per lb,National,wholesale,,,,,,11351.0,lb,,2453,National Daily Boxed Beef Cutout & Boxed Beef Cuts - Negotiated Sales - PM (PDF) (LM_XB403),2026-09-26T15:00:20+00:00
30478fb8f059e8bf,2019-01-25,Beef,"Chuck, roll, retail ready (916A  3)",Choice Cuts,,,,Choice,,,,,306.52,319.7,,,312.33,$/cwt,3.1233,per lb,National,wholesale,,,,,,37678.0,lb,,2453,National Daily Boxed Beef Cutout & Boxed Beef Cuts - Negotiated Sales - PM (PDF) (LM_XB403),2026-09-26T15:00:20+00:00
229411783422619e,2019-01-25,Beef,"Chuck, short rib (130  4)",Choice Cuts,,,,Choice,,,,,333.29,377.25,,,352.19,$/cwt,3.5219,per lb,National,wholesale,,,,,,13421.0,lb,,2453,National Daily Boxed Beef Cutout & Boxed Beef Cuts - Negotiated Sales - PM (PDF) (LM_XB403),2026-09-26T15:00:20+00:00
53d458eea51a614a,2019-01-25,Beef,"Chuck, short rib (130  4)",Select Cuts,,,,Select,,,,,315.64,430.0,,,384.69,$/cwt,3.8469,per lb,National,wholesale,,,,,,3820.0,lb,,2453,National Daily Boxed Beef Cutout & Boxed Beef Cuts - Negotiated Sales - PM (PDF) (LM_XB403),2026-09-26T15:00:20+00:00
e34cf99c045b79ce,2019-01-25,Beef,"Chuck, shoulder clod (114  1)",Choice Cuts,,,,Choice,,,,,200.5,210.68,,,203.58,$/cwt,2.0358,per lb,National,wholesale,,,,,,11967.0,lb,,2453,National Daily Boxed Beef Cutout & Boxed Beef Cuts - Negotiated Sales - PM (PDF) (LM_XB403),2026-09-26T15:00:20+00:00
b8711c60c49926d3,2019-01-25,Beef,"Chuck, shoulder clod (114  1)",Select Cuts,,,,Select,,,,,199.5,202.25,,,201.32,$/cwt,2.0132,per lb,National,wholesale,,,,,,6541.0,lb,,2453,National Daily Boxed Beef Cutout & Boxed Beef Cuts - Negotiated Sales - PM (PDF) (LM_XB403),2026-09-26T15:00:20+00:00
fffad96f9139138b,2019-01-25,Beef,"Chuck, shoulder clod, trmd (114A  3)",Choice Cuts,,,,Choice,,,,,209.49,228.5,,,214.95,$/cwt,2.1495,per lb,National,wholesale,,,,,,71363.0,lb,,2453,National Daily Boxed Beef Cutout & Boxed Beef Cuts - Negotiated Sales - PM (PDF) (LM_XB403),2026-09-26T15:00:20+00:00
3c04b6006875f198,2019-01-25,Beef,"Chuck, shoulder clod, trmd (114A  3)",Select Cuts,,,,Select,,,,,216.25,222.25,,,219.12,$/cwt,2.1912,per lb,National,wholesale,,,,,,5863.0,lb,,2453,National Daily Boxed Beef Cutout & Boxed Beef Cuts - Negotiated Sales - PM (PDF) (LM_XB403),2026-09-26T15:00:20+00:00
841d4d46a0eecf1c,2019-01-25,Beef,Cutout 600-900 lb,,,,,Choice,,,,,,,,,217.01,$/cwt,2.1701,per lb,National,wholesale,,,,,,,,,2453,National Daily Boxed Beef Cutout & Boxed Beef Cuts - Negotiated Sales - PM (PDF) (LM_XB403),2026-09-26T15:00:20+00:00
e19c9338bde485fc,2019-01-25,Beef,Cutout 600-900 lb,,,,,Select,,,,,,,,,212.03,$/cwt,2.1203,per lb,National,wholesale,,,,,,,,,2453,National Daily Boxed Beef Cutout & Boxed Beef Cuts - Negotiated Sales - PM (PDF) (LM_XB403),2026-09-26T15:00:20+00:00
40279faddfa212bf,2019-01-25,Beef,"Flank, flank steak (193  4)",Choice Cuts,,,,Choice,,,,,479.25,494.25,,,487.98,$/cwt,4.8798,per lb,National,wholesale,,,,,,12453.0,lb,,2453,National Daily Boxed Beef Cutout & Boxed Beef Cuts - Negotiated Sales - PM (PDF) (LM_XB403),2026-09-26T15:00:20+00:00
6c63aacb8a8072f0,2019-01-25,Beef,"Flank, flank steak (193  4)",Select Cuts,,,,Select,,,,,449.52,467.0,,,460.8,$/cwt,4.608,per lb,National,wholesale,,,,,,3157.0,lb,,2453,National Daily Boxed Beef Cutout & Boxed Beef Cuts - Negotiated Sales - PM (PDF) (LM_XB403),2026-09-26T15:00:20+00:00
0381774dba3ecec3,2019-01-25,Beef,Ground Beef 73%,Ground Beef,,,,,,,,,171.0,190.55,,,183.43,$/cwt,1.8343,per lb,National,wholesale,,,,,,78420.0,lb,,2453,National Daily Boxed Beef Cutout & Boxed Beef Cuts - Negotiated Sales - PM (PDF) (LM_XB403),2026-09-26T15:00:20+00:00
e9ec88380f1ac60d,2019-01-25,Beef,Ground Beef 81%,Ground Beef,,,,,,,,,174.0,215.0,,,193.41,$/cwt,1.9341,per lb,National,wholesale,,,,,,85336.0,lb,,2453,National Daily Boxed Beef Cutout & Boxed Beef Cuts - Negotiated Sales - PM (PDF) (LM_XB403),2026-09-26T15:00:20+00:00
4cfb322fa7636c6e,2019-01-25,Beef,Ground Beef 93%,Ground Beef,,,,,,,,,299.25,310.97,,,309.16,$/cwt,3.0916,per lb,National,wholesale,,,,,,92596.0,lb,,2453,National Daily Boxed Beef Cutout & Boxed Beef Cuts - Negotiated Sales - PM (PDF) (LM_XB403),2026-09-26T15:00:20+00:00
9eea7e04f29ccab4,2019-01-25,Beef,Ground Beef Chuck,Ground Beef,,,,,,,,,184.12,209.0,,,195.18,$/cwt,1.9518,per lb,National,wholesale,,,,,,230109.0,lb,,2453,National Daily Boxed Beef Cutout & Boxed Beef Cuts - Negotiated Sales - PM (PDF) (LM_XB403),2026-09-26T15:00:20+00:00
52da879336688168,2019-01-25,Beef,Ground Beef Round,Ground Beef,,,,,,,,,256.75,263.0,,,257.86,$/cwt,2.5786,per lb,National,wholesale,,,,,,9474.0,lb,,2453,National Daily Boxed Beef Cutout & Boxed Beef Cuts - Negotiated Sales - PM (PDF) (LM_XB403),2026-09-26T15:00:20+00:00
17901abf856b587e,2019-01-25,Beef,"Loin, ball-tip, bnls, heavy (185B  1)",Choice Cuts,,,,Choice,,,,,251.72,270.0,,,265.31,$/cwt,2.6531,per lb,National,wholesale,,,,,,7885.0,lb,,2453,National Daily Boxed Beef Cutout & Boxed Beef Cuts - Negotiated Sales - PM (PDF) (LM_XB403),2026-09-26T15:00:20+00:00
b9fadaa1a8e721b8,2019-01-25,Beef,"Loin, ball-tip, bnls, heavy (185B  1)",Select Cuts,,,,Select,,,,,231.16,254.5,,,246.57,$/cwt,2.4657,per lb,National,wholesale,,,,,,19882.0,lb,,2453,National Daily Boxed Beef Cutout & Boxed Beef Cuts - Negotiated Sales - PM (PDF) (LM_XB403),2026-09-26T15:00:20+00:00
9861d2bc3422c2ce,2019-01-25,Beef,"Loin, bottom sirloin, flap (185A  4)",Choice Cuts,,,,Choice,,,,,520.0,567.0,,,527.03,$/cwt,5.2703,per lb,National,wholesale,,,,,,92061.0,lb,,2453,National Daily Boxed Beef Cutout & Boxed Beef Cuts - Negotiated Sales - PM (PDF) (LM_XB403),2026-09-26T15:00:20+00:00
ef70a20a61507cbc,2019-01-25,Beef,"Loin, bottom sirloin, flap (185A  4)",Select Cuts,,,,Select,,,,,516.5,531.74,,,523.83,$/cwt,5.2383,per lb,National,wholesale,,,,,,3276.0,lb,,2453,National Daily Boxed Beef Cutout & Boxed Beef Cuts - Negotiated Sales - PM (PDF) (LM_XB403),2026-09-26T15:00:20+00:00
76fb5c3eb331e9ab,2019-01-25,Beef,"Loin, butt tender, trimmed (191A  4)",Choice Cuts,,,,Choice,,,,,973.96,1050.0,,,987.21,$/cwt,9.8721,per lb,National,wholesale,,,,,,2818.0,lb,,2453,National Daily Boxed Beef Cutout & Boxed Beef Cuts - Negotiated Sales - PM (PDF) (LM_XB403),2026-09-26T15:00:20+00:00
aae05dff48b4175e,2019-01-25,Beef,"Loin, short loin, 0x1 (174  3)",Choice Cuts,,,,Choice,,,,,491.44,536.5,,,499.61,$/cwt,4.9961,per lb,National,wholesale,,,,,,350962.0,lb,,2453,National Daily Boxed Beef Cutout & Boxed Beef Cuts - Negotiated Sales - PM (PDF) (LM_XB403),2026-09-26T15:00:20+00:00
d4a35f5abc0cbeb4,2019-01-25,Beef,"Loin, sirloin, tri-tip (185C  1)",Choice Cuts,,,,Choice,,,,,300.4,326.75,,,308.77,$/cwt,3.0877,per lb,National,wholesale,,,,,,1794.0,lb,,2453,National Daily Boxed Beef Cutout & Boxed Beef Cuts - Negotiated Sales - PM (PDF) (LM_XB403),2026-09-26T15:00:20+00:00
ae4f03bcaccf88c1,2019-01-25,Beef,"Loin, sirloin, tri-tip (185C  1)",Select Cuts,,,,Select,,,,,255.0,280.75,,,256.92,$/cwt,2.5692,per lb,National,wholesale,,,,,,82712.0,lb,,2453,National Daily Boxed Beef Cutout & Boxed Beef Cuts - Negotiated Sales - PM (PDF) (LM_XB403),2026-09-26T15:00:20+00:00
afa49974c186db55,2019-01-25,Beef,"Loin, sirloin, tri-tip, pld (185D  4)",Choice Cuts,,,,Choice,,,,,425.0,445.48,,,430.79,$/cwt,4.3079,per lb,National,wholesale,,,,,,9355.0,lb,,2453,National Daily Boxed Beef Cutout & Boxed Beef Cuts - Negotiated Sales - PM (PDF) (LM_XB403),2026-09-26T15:00:20+00:00
8cc09661a1f66ad6,2019-01-25,Beef,"Loin, strip loin bnls. 1x1 (  1)",Choice Cuts,,,,Choice,,,,,469.1,487.0,,,476.49,$/cwt,4.7649,per lb,National,wholesale,,,,,,20059.0,lb,,2453,National Daily Boxed Beef Cutout & Boxed Beef Cuts - Negotiated Sales - PM (PDF) (LM_XB403),2026-09-26T15:00:20+00:00
73b128e99c8fe293,2019-01-25,Beef,"Loin, strip, bnls, 0x1 (180  3)",Choice Cuts,,,,Choice,,,,,525.0,562.0,,,536.12,$/cwt,5.3612,per lb,National,wholesale,,,,,,40561.0,lb,,2453,National Daily Boxed Beef Cutout & Boxed Beef Cuts - Negotiated Sales - PM (PDF) (LM_XB403),2026-09-26T15:00:20+00:00
071666c5d51b79fe,2019-01-25,Beef,"Loin, strip, bnls, 0x1 (180  3)",Select Cuts,,,,Select,,,,,481.58,517.25,,,491.06,$/cwt,4.9106,per lb,National,wholesale,,,,,,29239.0,lb,,2453,National Daily Boxed Beef Cutout & Boxed Beef Cuts - Negotiated Sales - PM (PDF) (LM_XB403),2026-09-26T15:00:20+00:00
e68d07a595357ed7,2019-01-25,Beef,"Loin, tndrloin, trmd, heavy (189A  4)",Choice Cuts,,,,Choice,,,,,1015.0,1170.5,,,1088.3,$/cwt,10.883,per lb,National,wholesale,,,,,,16766.0,lb,,2453,National Daily Boxed Beef Cutout & Boxed Beef Cuts - Negotiated Sales - PM (PDF) (LM_XB403),2026-09-26T15:00:20+00:00
c745968381cac6d3,2019-01-25,Beef,"Loin, tndrloin, trmd, heavy (189A  4)",Select Cuts,,,,Select,,,,,1030.0,1055.0,,,1039.3,$/cwt,10.393,per lb,National,wholesale,,,,,,12456.0,lb,,2453,National Daily Boxed Beef Cutout & Boxed Beef Cuts - Negotiated Sales - PM (PDF) (LM_XB403),2026-09-26T15:00:20+00:00
2376cdf37a7430ab,2019-01-25,Beef,"Loin, top butt, CC (184B  3)",Choice Cuts,,,,Choice,,,,,494.93,526.75,,,513.88,$/cwt,5.1388,per lb,National,wholesale,,,,,,6593.0,lb,,2453,National Daily Boxed Beef Cutout & Boxed Beef Cuts - Negotiated Sales - PM (PDF) (LM_XB403),2026-09-26T15:00:20+00:00
3ef2827eaf25884e,2019-01-25,Beef,"Loin, top butt, bnls, heavy (184  1)",Choice Cuts,,,,Choice,,,,,340.0,365.4,,,360.85,$/cwt,3.6085,per lb,National,wholesale,,,,,,4697.0,lb,,2453,National Daily Boxed Beef Cutout & Boxed Beef Cuts - Negotiated Sales - PM (PDF) (LM_XB403),2026-09-26T15:00:20+00:00
b5aea1790137f11d,2019-01-25,Beef,"Loin, top butt, boneless (184  3)",Choice Cuts,,,,Choice,,,,,346.0,375.0,,,351.93,$/cwt,3.5193,per lb,National,wholesale,,,,,,19090.0,lb,,2453,National Daily Boxed Beef Cutout & Boxed Beef Cuts - Negotiated Sales - PM (PDF) (LM_XB403),2026-09-26T15:00:20+00:00
028c41361d91807b,2019-01-25,Beef,"Loin, top butt, boneless (184  3)",Select Cuts,,,,Select,,,,,345.0,356.0,,,347.71,$/cwt,3.4771,per lb,National,wholesale,,,,,,18643.0,lb,,2453,National Daily Boxed Beef Cutout & Boxed Beef Cuts - Negotiated Sales - PM (PDF) (LM_XB403),2026-09-26T15:00:20+00:00
adf85daf17f9604c,2019-01-25,Beef,"Rib, ribeye, bnls, heavy (112A  3)",Choice Cuts,,,,Choice,,,,,750.0,770.0,,,754.85,$/cwt,7.5485,per lb,National,wholesale,,,,,,25536.0,lb,,2453,National Daily Boxed Beef Cutout & Boxed Beef Cuts - Negotiated Sales - PM (PDF) (LM_XB403),2026-09-26T15:00:20+00:00
8ddf4175d091313e,2019-01-25,Beef,"Rib, ribeye, bnls, heavy (112A  3)",Select Cuts,,,,Select,,,,,667.0,701.5,,,685.38,$/cwt,6.8538,per lb,National,wholesale,,,,,,23429.0,lb,,2453,National Daily Boxed Beef Cutout & Boxed Beef Cuts - Negotiated Sales - PM (PDF) (LM_XB403),2026-09-26T15:00:20+00:00
de88719570da8914,2019-01-25,Beef,"Rib, ribeye, bnls, light (112A  3)",Choice Cuts,,,,Choice,,,,,755.0,800.0,,,757.46,$/cwt,7.5746,per lb,National,wholesale,,,,,,120569.0,lb,,2453,National Daily Boxed Beef Cutout & Boxed Beef Cuts - Negotiated Sales - PM (PDF) (LM_XB403),2026-09-26T15:00:20+00:00
6279f211c0c76cc2,2019-01-25,Beef,"Rib, ribeye, lip-on, bn-in (109E  1)",Choice Cuts,,,,Choice,,,,,635.75,684.25,,,644.32,$/cwt,6.4432,per lb,National,wholesale,,,,,,10065.0,lb,,2453,National Daily Boxed Beef Cutout & Boxed Beef Cuts - Negotiated Sales - PM (PDF) (LM_XB403),2026-09-26T15:00:20+00:00
1bc94c22b6635fe1,2019-01-25,Beef,"Round, bottom gooseneck (170  1)",Choice Cuts,,,,Choice,,,,,192.93,225.0,,,204.62,$/cwt,2.0462,per lb,National,wholesale,,,,,,3750.0,lb,,2453,National Daily Boxed Beef Cutout & Boxed Beef Cuts - Negotiated Sales - PM (PDF) (LM_XB403),2026-09-26T15:00:20+00:00
6f0e19690ce01ff2,2019-01-25,Beef,"Round, eye of round (171C  3)",Choice Cuts,,,,Choice,,,,,249.95,268.0,,,253.66,$/cwt,2.5366,per lb,National,wholesale,,,,,,57892.0,lb,,2453,National Daily Boxed Beef Cutout & Boxed Beef Cuts - Negotiated Sales - PM (PDF) (LM_XB403),2026-09-26T15:00:20+00:00
8ddecb677066631a,2019-01-25,Beef,"Round, eye of round (171C  3)",Select Cuts,,,,Select,,,,,255.25,260.0,,,258.03,$/cwt,2.5803,per lb,National,wholesale,,,,,,4479.0,lb,,2453,National Daily Boxed Beef Cutout & Boxed Beef Cuts - Negotiated Sales - PM (PDF) (LM_XB403),2026-09-26T15:00:20+00:00
d67b260580095d59,2019-01-25,Beef,"Round, knuckle, peeled (167A  4)",Choice Cuts,,,,Choice,,,,,233.0,266.25,,,241.46,$/cwt,2.4146,per lb,National,wholesale,,,,,,66328.0,lb,,2453,National Daily Boxed Beef Cutout & Boxed Beef Cuts - Negotiated Sales - PM (PDF) (LM_XB403),2026-09-26T15:00:20+00:00
f26fdf74a6fea180,2019-01-25,Beef,"Round, knuckle, peeled (167A  4)",Select Cuts,,,,Select,,,,,235.0,244.16,,,237.83,$/cwt,2.3783,per lb,National,wholesale,,,,,,15776.0,lb,,2453,National Daily Boxed Beef Cutout & Boxed Beef Cuts - Negotiated Sales - PM (PDF) (LM_XB403),2026-09-26T15:00:20+00:00
dc751ac6185557b9,2019-01-25,Beef,"Round, outside round (171B  3)",Choice Cuts,,,,Choice,,,,,215.0,226.25,,,218.12,$/cwt,2.1812,per lb,National,wholesale,,,,,,134192.0,lb,,2453,National Daily Boxed Beef Cutout & Boxed Beef Cuts - Negotiated Sales - PM (PDF) (LM_XB403),2026-09-26T15:00:20+00:00
9bdec12aa0645a70,2019-01-25,Beef,"Round, outside round (171B  3)",Select Cuts,,,,Select,,,,,221.0,229.25,,,223.96,$/cwt,2.2396,per lb,National,wholesale,,,,,,2970.0,lb,,2453,National Daily Boxed Beef Cutout & Boxed Beef Cuts - Negotiated Sales - PM (PDF) (LM_XB403),2026-09-26T15:00:20+00:00
80260baed1659a48,2019-01-25,Beef,"Round, top inside round (168  1)",Choice Cuts,,,,Choice,,,,,215.0,225.4,,,218.6,$/cwt,2.186,per lb,National,wholesale,,,,,,24856.0,lb,,2453,National Daily Boxed Beef Cutout & Boxed Beef Cuts - Negotiated Sales - PM (PDF) (LM_XB403),2026-09-26T15:00:20+00:00
487562aa38c35be0,2019-01-25,Beef,"Round, top inside round (168  3)",Choice Cuts,,,,Choice,,,,,221.01,236.25,,,222.54,$/cwt,2.2254,per lb,National,wholesale,,,,,,40627.0,lb,,2453,National Daily Boxed Beef Cutout & Boxed Beef Cuts - Negotiated Sales - PM (PDF) (LM_XB403),2026-09-26T15:00:20+00:00
a6ee595a078bea18,2019-01-25,Beef,"Round, top inside round (168  3)",Select Cuts,,,,Select,,,,,214.0,224.0,,,216.97,$/cwt,2.1697,per lb,National,wholesale,,,,,,2540.0,lb,,2453,National Daily Boxed Beef Cutout & Boxed Beef Cuts - Negotiated Sales - PM (PDF) (LM_XB403),2026-09-26T15:00:20+00:00
f7b09735d0c2e9e6,2019-01-25,Beef,"Round, top inside, cap off (169A  5)",Choice Cuts,,,,Choice,,,,,290.7,315.96,,,312.0,$/cwt,3.12,per lb,National,wholesale,,,,,,1356.0,lb,,2453,National Daily Boxed Beef Cutout & Boxed Beef Cuts - Negotiated Sales - PM (PDF) (LM_XB403),2026-09-26T15:00:20+00:00
1a7d3824b2b3ad28,2019-01-25,Beef,"Round, top inside, denuded (169  5)",Choice Cuts,,,,Choice,,,,,250.0,272.25,,,255.04,$/cwt,2.5504,per lb,National,wholesale,,,,,,13961.0,lb,,2453,National Daily Boxed Beef Cutout & Boxed Beef Cuts - Negotiated Sales - PM (PDF) (LM_XB403),2026-09-26T15:00:20+00:00
0198d5c17dcd2d23,2019-01-25,Beef,"Short Plate, short rib (123A  3)",Choice Cuts,,,,Choice,,,,,521.0,685.0,,,609.74,$/cwt,6.0974,per lb,National,wholesale,,,,,,25243.0,lb,,2453,National Daily Boxed Beef Cutout & Boxed Beef Cuts - Negotiated Sales - PM (PDF) (LM_XB403),2026-09-26T15:00:20+00:00
943320a58f78bca2,2019-01-28,Beef,"Brisket, deckle-off, bnls (120  1)",Choice Cuts,,,,Choice,,,,,261.0,298.88,,,276.77,$/cwt,2.7677,per lb,National,wholesale,,,,,,122556.0,lb,,2453,National Daily Boxed Beef Cutout & Boxed Beef Cuts - Negotiated Sales - PM (PDF) (LM_XB403),2026-09-26T15:00:20+00:00
f9d030928f5b178a,2019-01-28,Beef,"Brisket, deckle-off, bnls (120  1)",Select Cuts,,,,Select,,,,,260.0,275.0,,,260.83,$/cwt,2.6083,per lb,National,wholesale,,,,,,50265.0,lb,,2453,National Daily Boxed Beef Cutout & Boxed Beef Cuts - Negotiated Sales - PM (PDF) (LM_XB403),2026-09-26T15:00:20+00:00
12289db4c97542c5,2019-01-28,Beef,"Brisket, point/off, bnls (120A  3)",Choice Cuts,,,,Choice,,,,,475.0,485.0,,,475.4,$/cwt,4.754,per lb,National,wholesale,,,,,,3590.0,lb,,2453,National Daily Boxed Beef Cutout & Boxed Beef Cuts - Negotiated Sales - PM (PDF) (LM_XB403),2026-09-26T15:00:20+00:00
c98e5b55c1275993,2019-01-28,Beef,"Chuck, chuck tender (116B  1)",Choice Cuts,,,,Choice,,,,,229.0,252.25,,,233.92,$/cwt,2.3392,per lb,National,wholesale,,,,,,59811.0,lb,,2453,National Daily Boxed Beef Cutout & Boxed Beef Cuts - Negotiated Sales - PM (PDF) (LM_XB403),2026-09-26T15:00:20+00:00
0f347894d893a865,2019-01-28,Beef,"Chuck, chuck tender (116B  1)",Select Cuts,,,,Select,,,,,228.0,240.0,,,229.69,$/cwt,2.2969,per lb,National,wholesale,,,,,,26831.0,lb,,2453,National Daily Boxed Beef Cutout & Boxed Beef Cuts - Negotiated Sales - PM (PDF) (LM_XB403),2026-09-26T15:00:20+00:00
875c17bc062b5c9f,2019-01-28,Beef,"Chuck, clod tender (114F  5)",Choice Cuts,,,,Choice,,,,,430.0,440.0,,,431.81,$/cwt,4.3181,per lb,National,wholesale,,,,,,6998.0,lb,,2453,National Daily Boxed Beef Cutout & Boxed Beef Cuts - Negotiated Sales - PM (PDF) (LM_XB403),2026-09-26T15:00:20+00:00
afd9c62518117305,2019-01-28,Beef,"Chuck, clod tender (114F  5)",Select Cuts,,,,Select,,,,,400.25,479.09,,,427.67,$/cwt,4.2767,per lb,National,wholesale,,,,,,10921.0,lb,,2453,National Daily Boxed Beef Cutout & Boxed Beef Cuts - Negotiated Sales - PM (PDF) (LM_XB403),2026-09-26T15:00:20+00:00
b6a0870165b76b71,2019-01-28,Beef,"Chuck, clod, arm roast (114E  3)",Choice Cuts,,,,Choice,,,,,255.0,287.0,,,262.46,$/cwt,2.6246,per lb,National,wholesale,,,,,,104597.0,lb,,2453,National Daily Boxed Beef Cutout & Boxed Beef Cuts - Negotiated Sales - PM (PDF) (LM_XB403),2026-09-26T15:00:20+00:00
5f5c10820468555a,2019-01-28,Beef,"Chuck, clod, top blade (114D  3)",Choice Cuts,,,,Choice,,,,,340.22,370.0,,,359.3,$/cwt,3.593,per lb,National,wholesale,,,,,,24193.0,lb,,2453,National Daily Boxed Beef Cutout & Boxed Beef Cuts - Negotiated Sales - PM (PDF) (LM_XB403),2026-09-26T15:00:20+00:00
1e079625d66fe458,2019-01-28,Beef,"Chuck, flap (116G  4)",Choice Cuts,,,,Choice,,,,,529.0,565.0,,,542.77,$/cwt,5.4277,per lb,National,wholesale,,,,,,27084.0,lb,,2453,National Daily Boxed Beef Cutout & Boxed Beef Cuts - Negotiated Sales - PM (PDF) (LM_XB403),2026-09-26T15:00:20+00:00
411968e983b9fb15,2019-01-28,Beef,"Chuck, flap (116G  4)",Select Cuts,,,,Select,,,,,479.09,492.95,,,481.93,$/cwt,4.8193,per lb,National,wholesale,,,,,,16550.0,lb,,2453,National Daily Boxed Beef Cutout & Boxed Beef Cuts - Negotiated Sales - PM (PDF) (LM_XB403),2026-09-26T15:00:20+00:00
9d13e4205f7dd029,2019-01-28,Beef,"Chuck, roll, lxl, neck/off (116A  3)",Choice Cuts,,,,Choice,,,,,276.55,311.75,,,285.7,$/cwt,2.857,per lb,National,wholesale,,,,,,125448.0,lb,,2453,National Daily Boxed Beef Cutout & Boxed Beef Cuts - Negotiated Sales - PM (PDF) (LM_XB403),2026-09-26T15:00:20+00:00
ba1e60d3f667e07c,2019-01-28,Beef,"Chuck, roll, lxl, neck/off (116A  3)",Select Cuts,,,,Select,,,,,275.0,305.0,,,278.45,$/cwt,2.7845,per lb,National,wholesale,,,,,,207796.0,lb,,2453,National Daily Boxed Beef Cutout & Boxed Beef Cuts - Negotiated Sales - PM (PDF) (LM_XB403),2026-09-26T15:00:20+00:00
d5ff0de94a429636,2019-01-28,Beef,"Chuck, roll, retail ready (916A  3)",Choice Cuts,,,,Choice,,,,,301.92,322.89,,,319.33,$/cwt,3.1933,per lb,National,wholesale,,,,,,60274.0,lb,,2453,National Daily Boxed Beef Cutout & Boxed Beef Cuts - Negotiated Sales - PM (PDF) (LM_XB403),2026-09-26T15:00:20+00:00
8fc61c1c20c7fc34,2019-01-28,Beef,"Chuck, short rib (130  4)",Choice Cuts,,,,Choice,,,,,314.9,430.8,,,362.58,$/cwt,3.6258,per lb,National,wholesale,,,,,,110704.0,lb,,2453,National Daily Boxed Beef Cutout & Boxed Beef Cuts - Negotiated Sales - PM (PDF) (LM_XB403),2026-09-26T15:00:20+00:00
db49482f5b60c78b,2019-01-28,Beef,"Chuck, short rib (130  4)",Select Cuts,,,,Select,,,,,300.0,330.0,,,318.2,$/cwt,3.182,per lb,National,wholesale,,,,,,19030.0,lb,,2453,National Daily Boxed Beef Cutout & Boxed Beef Cuts - Negotiated Sales - PM (PDF) (LM_XB403),2026-09-26T15:00:20+00:00
fa5bdded6c00e16e,2019-01-28,Beef,"Chuck, shoulder clod (114  1)",Choice Cuts,,,,Choice,,,,,205.0,214.04,,,213.85,$/cwt,2.1385,per lb,National,wholesale,,,,,,13507.0,lb,,2453,National Daily Boxed Beef Cutout & Boxed Beef Cuts - Negotiated Sales - PM (PDF) (LM_XB403),2026-09-26T15:00:20+00:00
3bf4ba9cb99c20f0,2019-01-28,Beef,"Chuck, shoulder clod (114  1)",Select Cuts,,,,Select,,,,,203.0,205.0,,,204.7,$/cwt,2.047,per lb,National,wholesale,,,,,,3457.0,lb,,2453,National Daily Boxed Beef Cutout & Boxed Beef Cuts - Negotiated Sales - PM (PDF) (LM_XB403),2026-09-26T15:00:20+00:00
649fcc94916e5a20,2019-01-28,Beef,"Chuck, shoulder clod, trmd (114A  3)",Choice Cuts,,,,Choice,,,,,209.0,235.0,,,215.85,$/cwt,2.1585,per lb,National,wholesale,,,,,,71021.0,lb,,2453,National Daily Boxed Beef Cutout & Boxed Beef Cuts - Negotiated Sales - PM (PDF) (LM_XB403),2026-09-26T15:00:20+00:00
2db6544e4495ff98,2019-01-28,Beef,"Chuck, shoulder clod, trmd (114A  3)",Select Cuts,,,,Select,,,,,215.0,230.24,,,220.22,$/cwt,2.2022,per lb,National,wholesale,,,,,,14516.0,lb,,2453,National Daily Boxed Beef Cutout & Boxed Beef Cuts - Negotiated Sales - PM (PDF) (LM_XB403),2026-09-26T15:00:20+00:00
717881c147b5a42c,2019-01-28,Beef,Cutout 600-900 lb,,,,,Select,,,,,,,,,211.61,$/cwt,2.1161,per lb,National,wholesale,,,,,,,,,2453,National Daily Boxed Beef Cutout & Boxed Beef Cuts - Negotiated Sales - PM (PDF) (LM_XB403),2026-09-26T15:00:20+00:00
be3467fd8de7fc3c,2019-01-28,Beef,Cutout 600-900 lb,,,,,Choice,,,,,,,,,217.4,$/cwt,2.174,per lb,National,wholesale,,,,,,,,,2453,National Daily Boxed Beef Cutout & Boxed Beef Cuts - Negotiated Sales - PM (PDF) (LM_XB403),2026-09-26T15:00:20+00:00
dbf26afaa5517b81,2019-01-28,Beef,"Flank, flank steak (193  4)",Choice Cuts,,,,Choice,,,,,475.44,498.88,,,489.96,$/cwt,4.8996,per lb,National,wholesale,,,,,,34778.0,lb,,2453,National Daily Boxed Beef Cutout & Boxed Beef Cuts - Negotiated Sales - PM (PDF) (LM_XB403),2026-09-26T15:00:20+00:00
9121d48aaf726c38,2019-01-28,Beef,"Flank, flank steak (193  4)",Select Cuts,,,,Select,,,,,464.62,482.72,,,469.15,$/cwt,4.6915,per lb,National,wholesale,,,,,,17627.0,lb,,2453,National Daily Boxed Beef Cutout & Boxed Beef Cuts - Negotiated Sales - PM (PDF) (LM_XB403),2026-09-26T15:00:20+00:00
350b67aad41b79ce,2019-01-28,Beef,Ground Beef 73%,Ground Beef,,,,,,,,,157.51,199.0,,,169.34,$/cwt,1.6934,per lb,National,wholesale,,,,,,96139.0,lb,,2453,National Daily Boxed Beef Cutout & Boxed Beef Cuts - Negotiated Sales - PM (PDF) (LM_XB403),2026-09-26T15:00:20+00:00
9fe2fbe7f9c1ae9d,2019-01-28,Beef,Ground Beef 81%,Ground Beef,,,,,,,,,161.44,221.75,,,191.42,$/cwt,1.9142,per lb,National,wholesale,,,,,,90252.0,lb,,2453,National Daily Boxed Beef Cutout & Boxed Beef Cuts - Negotiated Sales - PM (PDF) (LM_XB403),2026-09-26T15:00:20+00:00
fed79027947fe064,2019-01-28,Beef,Ground Beef 93%,Ground Beef,,,,,,,,,295.0,306.0,,,298.44,$/cwt,2.9844,per lb,National,wholesale,,,,,,19905.0,lb,,2453,National Daily Boxed Beef Cutout & Boxed Beef Cuts - Negotiated Sales - PM (PDF) (LM_XB403),2026-09-26T15:00:20+00:00
0c183e8adf1e47c4,2019-01-28,Beef,Ground Beef Chuck,Ground Beef,,,,,,,,,189.0,240.0,,,238.96,$/cwt,2.3896,per lb,National,wholesale,,,,,,41232.0,lb,,2453,National Daily Boxed Beef Cutout & Boxed Beef Cuts - Negotiated Sales - PM (PDF) (LM_XB403),2026-09-26T15:00:20+00:00
c0314729b2cfd2c3,2019-01-28,Beef,"Loin, ball-tip, bnls, heavy (185B  1)",Choice Cuts,,,,Choice,,,,,250.0,277.0,,,262.66,$/cwt,2.6266,per lb,National,wholesale,,,,,,10107.0,lb,,2453,National Daily Boxed Beef Cutout & Boxed Beef Cuts - Negotiated Sales - PM (PDF) (LM_XB403),2026-09-26T15:00:20+00:00
dbe886bd431a6690,2019-01-28,Beef,"Loin, bottom sirloin, flap (185A  4)",Choice Cuts,,,,Choice,,,,,502.0,543.88,,,526.19,$/cwt,5.2619,per lb,National,wholesale,,,,,,159847.0,lb,,2453,National Daily Boxed Beef Cutout & Boxed Beef Cuts - Negotiated Sales - PM (PDF) (LM_XB403),2026-09-26T15:00:20+00:00
e566be7b83304eaa,2019-01-28,Beef,"Loin, bottom sirloin, flap (185A  4)",Select Cuts,,,,Select,,,,,486.7,513.0,,,496.88,$/cwt,4.9688,per lb,National,wholesale,,,,,,6466.0,lb,,2453,National Daily Boxed Beef Cutout & Boxed Beef Cuts - Negotiated Sales - PM (PDF) (LM_XB403),2026-09-26T15:00:20+00:00
8f80c3b90a07373f,2019-01-28,Beef,"Loin, butt tender, trimmed (191A  4)",Choice Cuts,,,,Choice,,,,,961.95,1010.0,,,977.49,$/cwt,9.7749,per lb,National,wholesale,,,,,,11089.0,lb,,2453,National Daily Boxed Beef Cutout & Boxed Beef Cuts - Negotiated Sales - PM (PDF) (LM_XB403),2026-09-26T15:00:20+00:00
e658353c405eda1f,2019-01-28,Beef,"Loin, butt tender, trimmed (191A  4)",Select Cuts,,,,Select,,,,,938.0,946.11,,,939.46,$/cwt,9.3946,per lb,National,wholesale,,,,,,1980.0,lb,,2453,National Daily Boxed Beef Cutout & Boxed Beef Cuts - Negotiated Sales - PM (PDF) (LM_XB403),2026-09-26T15:00:20+00:00
c08e596b1bae627f,2019-01-28,Beef,"Loin, short loin, 0x1 (174  3)",Choice Cuts,,,,Choice,,,,,483.92,534.0,,,491.84,$/cwt,4.9184,per lb,National,wholesale,,,,,,169777.0,lb,,2453,National Daily Boxed Beef Cutout & Boxed Beef Cuts - Negotiated Sales - PM (PDF) (LM_XB403),2026-09-26T15:00:20+00:00
02e01a44c0b9504a,2019-01-28,Beef,"Loin, sirloin, tri-tip (185C  1)",Choice Cuts,,,,Choice,,,,,315.0,340.0,,,318.35,$/cwt,3.1835,per lb,National,wholesale,,,,,,8050.0,lb,,2453,National Daily Boxed Beef Cutout & Boxed Beef Cuts - Negotiated Sales - PM (PDF) (LM_XB403),2026-09-26T15:00:20+00:00
f80966fa2bb575ee,2019-01-28,Beef,"Loin, sirloin, tri-tip (185C  1)",Select Cuts,,,,Select,,,,,255.0,260.41,,,256.98,$/cwt,2.5698,per lb,National,wholesale,,,,,,18399.0,lb,,2453,National Daily Boxed Beef Cutout & Boxed Beef Cuts - Negotiated Sales - PM (PDF) (LM_XB403),2026-09-26T15:00:20+00:00
822ddadc7c591536,2019-01-28,Beef,"Loin, sirloin, tri-tip, pld (185D  4)",Choice Cuts,,,,Choice,,,,,425.0,450.88,,,429.55,$/cwt,4.2955,per lb,National,wholesale,,,,,,4447.0,lb,,2453,National Daily Boxed Beef Cutout & Boxed Beef Cuts - Negotiated Sales - PM (PDF) (LM_XB403),2026-09-26T15:00:20+00:00
91f7097ae82ab97e,2019-01-28,Beef,"Loin, strip loin bnls. 1x1 (  1)",Choice Cuts,,,,Choice,,,,,487.0,500.0,,,491.0,$/cwt,4.91,per lb,National,wholesale,,,,,,1705.0,lb,,2453,National Daily Boxed Beef Cutout & Boxed Beef Cuts - Negotiated Sales - PM (PDF) (LM_XB403),2026-09-26T15:00:20+00:00
fab714300a699b22,2019-01-28,Beef,"Loin, strip loin, 1x1 (175  3)",Choice Cuts,,,,Choice,,,,,450.0,461.06,,,457.94,$/cwt,4.5794,per lb,National,wholesale,,,,,,96001.0,lb,,2453,National Daily Boxed Beef Cutout & Boxed Beef Cuts - Negotiated Sales - PM (PDF) (LM_XB403),2026-09-26T15:00:20+00:00
e479bea2321b0e4e,2019-01-28,Beef,"Loin, strip, bnls, 0x1 (180  3)",Choice Cuts,,,,Choice,,,,,533.0,567.25,,,538.28,$/cwt,5.3828,per lb,National,wholesale,,,,,,138845.0,lb,,2453,National Daily Boxed Beef Cutout & Boxed Beef Cuts - Negotiated Sales - PM (PDF) (LM_XB403),2026-09-26T15:00:20+00:00
2861cd6eb8a5fe17,2019-01-28,Beef,"Loin, strip, bnls, 0x1 (180  3)",Select Cuts,,,,Select,,,,,497.42,533.24,,,518.55,$/cwt,5.1855,per lb,National,wholesale,,,,,,30569.0,lb,,2453,National Daily Boxed Beef Cutout & Boxed Beef Cuts - Negotiated Sales - PM (PDF) (LM_XB403),2026-09-26T15:00:20+00:00
78f9b77078c1678d,2019-01-28,Beef,"Loin, tndrloin, trmd, heavy (189A  4)",Choice Cuts,,,,Choice,,,,,1025.0,1089.0,,,1039.61,$/cwt,10.3961,per lb,National,wholesale,,,,,,140595.0,lb,,2453,National Daily Boxed Beef Cutout & Boxed Beef Cuts - Negotiated Sales - PM (PDF) (LM_XB403),2026-09-26T15:00:20+00:00
2fc0de33015a5a2d,2019-01-28,Beef,"Loin, tndrloin, trmd, heavy (189A  4)",Select Cuts,,,,Select,,,,,1040.0,1052.79,,,1043.81,$/cwt,10.4381,per lb,National,wholesale,,,,,,2062.0,lb,,2453,National Daily Boxed Beef Cutout & Boxed Beef Cuts - Negotiated Sales - PM (PDF) (LM_XB403),2026-09-26T15:00:20+00:00
25fba5fa0691e633,2019-01-28,Beef,"Loin, top butt, CC (184B  3)",Choice Cuts,,,,Choice,,,,,465.0,529.25,,,468.55,$/cwt,4.6855,per lb,National,wholesale,,,,,,90740.0,lb,,2453,National Daily Boxed Beef Cutout & Boxed Beef Cuts - Negotiated Sales - PM (PDF) (LM_XB403),2026-09-26T15:00:20+00:00
b8769942bb6dc795,2019-01-28,Beef,"Loin, top butt, boneless (184  3)",Choice Cuts,,,,Choice,,,,,351.0,370.0,,,360.94,$/cwt,3.6094,per lb,National,wholesale,,,,,,167921.0,lb,,2453,National Daily Boxed Beef Cutout & Boxed Beef Cuts - Negotiated Sales - PM (PDF) (LM_XB403),2026-09-26T15:00:20+00:00
3d75500a61aacfca,2019-01-28,Beef,"Loin, top butt, boneless (184  3)",Select Cuts,,,,Select,,,,,343.0,371.8,,,356.2,$/cwt,3.562,per lb,National,wholesale,,,,,,5784.0,lb,,2453,National Daily Boxed Beef Cutout & Boxed Beef Cuts - Negotiated Sales - PM (PDF) (LM_XB403),2026-09-26T15:00:20+00:00
f47c260b346f2f27,2019-01-28,Beef,"Rib, ribeye, bnls, heavy (112A  3)",Choice Cuts,,,,Choice,,,,,732.0,778.88,,,743.97,$/cwt,7.4397,per lb,National,wholesale,,,,,,30881.0,lb,,2453,National Daily Boxed Beef Cutout & Boxed Beef Cuts - Negotiated Sales - PM (PDF) (LM_XB403),2026-09-26T15:00:20+00:00
c6c3064a87790669,2019-01-28,Beef,"Rib, ribeye, bnls, heavy (112A  3)",Select Cuts,,,,Select,,,,,679.5,716.29,,,699.79,$/cwt,6.9979,per lb,National,wholesale,,,,,,23916.0,lb,,2453,National Daily Boxed Beef Cutout & Boxed Beef Cuts - Negotiated Sales - PM (PDF) (LM_XB403),2026-09-26T15:00:20+00:00
0a0688fedaadd6ee,2019-01-28,Beef,"Rib, ribeye, bnls, light (112A  3)",Choice Cuts,,,,Choice,,,,,766.98,800.0,,,777.15,$/cwt,7.7715,per lb,National,wholesale,,,,,,11995.0,lb,,2453,National Daily Boxed Beef Cutout & Boxed Beef Cuts - Negotiated Sales - PM (PDF) (LM_XB403),2026-09-26T15:00:20+00:00
fe5dea8c938b0ec2,2019-01-28,Beef,"Rib, ribeye, bnls, light (112A  3)",Select Cuts,,,,Select,,,,,687.88,720.75,,,700.81,$/cwt,7.0081,per lb,National,wholesale,,,,,,6955.0,lb,,2453,National Daily Boxed Beef Cutout & Boxed Beef Cuts - Negotiated Sales - PM (PDF) (LM_XB403),2026-09-26T15:00:20+00:00
808c9a1a13961caf,2019-01-28,Beef,"Rib, ribeye, lip-on, bn-in (109E  1)",Choice Cuts,,,,Choice,,,,,625.0,689.25,,,647.31,$/cwt,6.4731,per lb,National,wholesale,,,,,,101933.0,lb,,2453,National Daily Boxed Beef Cutout & Boxed Beef Cuts - Negotiated Sales - PM (PDF) (LM_XB403),2026-09-26T15:00:20+00:00
acf42f436389f7ad,2019-01-28,Beef,"Round, bottom gooseneck (170  1)",Choice Cuts,,,,Choice,,,,,194.8,221.75,,,198.61,$/cwt,1.9861,per lb,National,wholesale,,,,,,2262.0,lb,,2453,National Daily Boxed Beef Cutout & Boxed Beef Cuts - Negotiated Sales - PM (PDF) (LM_XB403),2026-09-26T15:00:20+00:00
2da28fad19613be6,2019-01-28,Beef,"Round, bottom gooseneck (170  1)",Select Cuts,,,,Select,,,,,197.44,202.85,,,200.74,$/cwt,2.0074,per lb,National,wholesale,,,,,,4219.0,lb,,2453,National Daily Boxed Beef Cutout & Boxed Beef Cuts - Negotiated Sales - PM (PDF) (LM_XB403),2026-09-26T15:00:20+00:00
9df08c6e933484e3,2019-01-28,Beef,"Round, eye of round (171C  3)",Choice Cuts,,,,Choice,,,,,246.23,275.0,,,258.44,$/cwt,2.5844,per lb,National,wholesale,,,,,,116509.0,lb,,2453,National Daily Boxed Beef Cutout & Boxed Beef Cuts - Negotiated Sales - PM (PDF) (LM_XB403),2026-09-26T15:00:20+00:00
ba7173acfa1bf32f,2019-01-28,Beef,"Round, eye of round (171C  3)",Select Cuts,,,,Select,,,,,255.22,266.0,,,260.65,$/cwt,2.6065,per lb,National,wholesale,,,,,,18917.0,lb,,2453,National Daily Boxed Beef Cutout & Boxed Beef Cuts - Negotiated Sales - PM (PDF) (LM_XB403),2026-09-26T15:00:20+00:00
8286b5bedc9d3dc6,2019-01-28,Beef,"Round, knuckle, peeled (167A  4)",Choice Cuts,,,,Choice,,,,,235.0,275.0,,,244.74,$/cwt,2.4474,per lb,National,wholesale,,,,,,170124.0,lb,,2453,National Daily Boxed Beef Cutout & Boxed Beef Cuts - Negotiated Sales - PM (PDF) (LM_XB403),2026-09-26T15:00:20+00:00
f0e74ce402787360,2019-01-28,Beef,"Round, knuckle, peeled (167A  4)",Select Cuts,,,,Select,,,,,235.0,261.0,,,248.77,$/cwt,2.4877,per lb,National,wholesale,,,,,,23063.0,lb,,2453,National Daily Boxed Beef Cutout & Boxed Beef Cuts - Negotiated Sales - PM (PDF) (LM_XB403),2026-09-26T15:00:20+00:00
56ff965a1acff59e,2019-01-28,Beef,"Round, outside round (171B  3)",Choice Cuts,,,,Choice,,,,,208.0,235.0,,,215.76,$/cwt,2.1576,per lb,National,wholesale,,,,,,101292.0,lb,,2453,National Daily Boxed Beef Cutout & Boxed Beef Cuts - Negotiated Sales - PM (PDF) (LM_XB403),2026-09-26T15:00:20+00:00
101d47103b2b7074,2019-01-28,Beef,"Round, outside round (171B  3)",Select Cuts,,,,Select,,,,,187.5,225.22,,,210.42,$/cwt,2.1042,per lb,National,wholesale,,,,,,22485.0,lb,,2453,National Daily Boxed Beef Cutout & Boxed Beef Cuts - Negotiated Sales - PM (PDF) (LM_XB403),2026-09-26T15:00:20+00:00
c81174d319e51212,2019-01-28,Beef,"Round, top inside round (168  1)",Choice Cuts,,,,Choice,,,,,213.0,224.12,,,218.24,$/cwt,2.1824,per lb,National,wholesale,,,,,,6491.0,lb,,2453,National Daily Boxed Beef Cutout & Boxed Beef Cuts - Negotiated Sales - PM (PDF) (LM_XB403),2026-09-26T15:00:20+00:00
96eba7e1dc622375,2019-01-28,Beef,"Round, top inside round (168  3)",Choice Cuts,,,,Choice,,,,,221.0,245.0,,,227.29,$/cwt,2.2729,per lb,National,wholesale,,,,,,134406.0,lb,,2453,National Daily Boxed Beef Cutout & Boxed Beef Cuts - Negotiated Sales - PM (PDF) (LM_XB403),2026-09-26T15:00:20+00:00
d793abe879e74c90,2019-01-28,Beef,"Round, top inside round (168  3)",Select Cuts,,,,Select,,,,,219.0,232.24,,,223.5,$/cwt,2.235,per lb,National,wholesale,,,,,,26074.0,lb,,2453,National Daily Boxed Beef Cutout & Boxed Beef Cuts - Negotiated Sales - PM (PDF) (LM_XB403),2026-09-26T15:00:20+00:00
0ef284da15e0300e,2019-01-28,Beef,"Round, top inside, cap off (169A  5)",Choice Cuts,,,,Choice,,,,,301.0,316.35,,,304.44,$/cwt,3.0444,per lb,National,wholesale,,,,,,7285.0,lb,,2453,National Daily Boxed Beef Cutout & Boxed Beef Cuts - Negotiated Sales - PM (PDF) (LM_XB403),2026-09-26T15:00:20+00:00
c18916ae743dc2f6,2019-01-28,Beef,"Round, top inside, denuded (169  5)",Choice Cuts,,,,Choice,,,,,248.92,274.5,,,256.37,$/cwt,2.5637,per lb,National,wholesale,,,,,,106459.0,lb,,2453,National Daily Boxed Beef Cutout & Boxed Beef Cuts - Negotiated Sales - PM (PDF) (LM_XB403),2026-09-26T15:00:20+00:00
f4e56678d2cbdd23,2019-01-28,Beef,"Round, top inside, denuded (169  5)",Select Cuts,,,,Select,,,,,248.0,264.0,,,253.01,$/cwt,2.5301,per lb,National,wholesale,,,,,,18562.0,lb,,2453,National Daily Boxed Beef Cutout & Boxed Beef Cuts - Negotiated Sales - PM (PDF) (LM_XB403),2026-09-26T15:00:20+00:00
9902815eac788284,2019-01-28,Beef,"Short Plate, short rib (123A  3)",Choice Cuts,,,,Choice,,,,,465.0,656.75,,,541.65,$/cwt,5.4165,per lb,National,wholesale,,,,,,46927.0,lb,,2453,National Daily Boxed Beef Cutout & Boxed Beef Cuts - Negotiated Sales - PM (PDF) (LM_XB403),2026-09-26T15:00:20+00:00
f2d197d70c92e015,2019-01-29,Beef,"Brisket, deckle-off, bnls (120  1)",Choice Cuts,,,,Choice,,,,,266.64,294.25,,,273.52,$/cwt,2.7352,per lb,National,wholesale,,,,,,80340.0,lb,,2453,National Daily Boxed Beef Cutout & Boxed Beef Cuts - Negotiated Sales - PM (PDF) (LM_XB403),2026-09-26T15:00:20+00:00
11e8a96ab28cbe47,2019-01-29,Beef,"Brisket, deckle-off, bnls (120  1)",Select Cuts,,,,Select,,,,,263.52,286.0,,,268.11,$/cwt,2.6811,per lb,National,wholesale,,,,,,45396.0,lb,,2453,National Daily Boxed Beef Cutout & Boxed Beef Cuts - Negotiated Sales - PM (PDF) (LM_XB403),2026-09-26T15:00:20+00:00
039ce22561c18ae4,2019-01-29,Beef,"Brisket, point/off, bnls (120A  3)",Choice Cuts,,,,Choice,,,,,450.0,481.12,,,474.07,$/cwt,4.7407,per lb,National,wholesale,,,,,,4427.0,lb,,2453,National Daily Boxed Beef Cutout & Boxed Beef Cuts - Negotiated Sales - PM (PDF) (LM_XB403),2026-09-26T15:00:20+00:00
95fa8350a317f60f,2019-01-29,Beef,"Chuck, chuck tender (116B  1)",Choice Cuts,,,,Choice,,,,,229.82,251.0,,,239.23,$/cwt,2.3923,per lb,National,wholesale,,,,,,63551.0,lb,,2453,National Daily Boxed Beef Cutout & Boxed Beef Cuts - Negotiated Sales - PM (PDF) (LM_XB403),2026-09-26T15:00:20+00:00
97a7dc8dbf3db898,2019-01-29,Beef,"Chuck, chuck tender (116B  1)",Select Cuts,,,,Select,,,,,233.72,242.0,,,237.14,$/cwt,2.3714,per lb,National,wholesale,,,,,,4735.0,lb,,2453,National Daily Boxed Beef Cutout & Boxed Beef Cuts - Negotiated Sales - PM (PDF) (LM_XB403),2026-09-26T15:00:20+00:00
7e176ab09a6dd758,2019-01-29,Beef,"Chuck, clod tender (114F  5)",Choice Cuts,,,,Choice,,,,,421.5,434.62,,,429.97,$/cwt,4.2997,per lb,National,wholesale,,,,,,9261.0,lb,,2453,National Daily Boxed Beef Cutout & Boxed Beef Cuts - Negotiated Sales - PM (PDF) (LM_XB403),2026-09-26T15:00:20+00:00
fe20dc71b7239698,2019-01-29,Beef,"Chuck, clod tender (114F  5)",Select Cuts,,,,Select,,,,,425.0,430.0,,,425.49,$/cwt,4.2549,per lb,National,wholesale,,,,,,12171.0,lb,,2453,National Daily Boxed Beef Cutout & Boxed Beef Cuts - Negotiated Sales - PM (PDF) (LM_XB403),2026-09-26T15:00:20+00:00
cfb49c8f263a7d6e,2019-01-29,Beef,"Chuck, clod, top blade (114D  3)",Choice Cuts,,,,Choice,,,,,343.35,352.01,,,350.19,$/cwt,3.5019,per lb,National,wholesale,,,,,,1667.0,lb,,2453,National Daily Boxed Beef Cutout & Boxed Beef Cuts - Negotiated Sales - PM (PDF) (LM_XB403),2026-09-26T15:00:20+00:00
34893c7eaeb363e3,2019-01-29,Beef,"Chuck, flap (116G  4)",Choice Cuts,,,,Choice,,,,,490.07,542.01,,,514.75,$/cwt,5.1475,per lb,National,wholesale,,,,,,6204.0,lb,,2453,National Daily Boxed Beef Cutout & Boxed Beef Cuts - Negotiated Sales - PM (PDF) (LM_XB403),2026-09-26T15:00:20+00:00
a966a1a3581268c9,2019-01-29,Beef,"Chuck, flap (116G  4)",Select Cuts,,,,Select,,,,,477.28,482.77,,,480.06,$/cwt,4.8006,per lb,National,wholesale,,,,,,11187.0,lb,,2453,National Daily Boxed Beef Cutout & Boxed Beef Cuts - Negotiated Sales - PM (PDF) (LM_XB403),2026-09-26T15:00:20+00:00
2b58abeb91e8a9aa,2019-01-29,Beef,"Chuck, roll, lxl, neck/off (116A  3)",Choice Cuts,,,,Choice,,,,,276.35,311.0,,,287.64,$/cwt,2.8764,per lb,National,wholesale,,,,,,108631.0,lb,,2453,National Daily Boxed Beef Cutout & Boxed Beef Cuts - Negotiated Sales - PM (PDF) (LM_XB403),2026-09-26T15:00:20+00:00
6fd1c1c6df70f0f6,2019-01-29,Beef,"Chuck, roll, lxl, neck/off (116A  3)",Select Cuts,,,,Select,,,,,275.1,302.0,,,279.86,$/cwt,2.7986,per lb,National,wholesale,,,,,,66657.0,lb,,2453,National Daily Boxed Beef Cutout & Boxed Beef Cuts - Negotiated Sales - PM (PDF) (LM_XB403),2026-09-26T15:00:20+00:00
79f7c8086b6d8016,2019-01-29,Beef,"Chuck, semi-bnls, neck/off (113C  1)",Choice Cuts,,,,Choice,,,,,229.82,244.01,,,239.32,$/cwt,2.3932,per lb,National,wholesale,,,,,,18450.0,lb,,2453,National Daily Boxed Beef Cutout & Boxed Beef Cuts - Negotiated Sales - PM (PDF) (LM_XB403),2026-09-26T15:00:20+00:00
03d662d2f2b9dc86,2019-01-29,Beef,"Chuck, semi-bnls, neck/off (113C  1)",Select Cuts,,,,Select,,,,,230.0,247.5,,,242.21,$/cwt,2.4221,per lb,National,wholesale,,,,,,4375.0,lb,,2453,National Daily Boxed Beef Cutout & Boxed Beef Cuts - Negotiated Sales - PM (PDF) (LM_XB403),2026-09-26T15:00:20+00:00
691dfe2d262c64d1,2019-01-29,Beef,"Chuck, short rib (130  4)",Choice Cuts,,,,Choice,,,,,332.0,430.0,,,382.07,$/cwt,3.8207,per lb,National,wholesale,,,,,,19673.0,lb,,2453,National Daily Boxed Beef Cutout & Boxed Beef Cuts - Negotiated Sales - PM (PDF) (LM_XB403),2026-09-26T15:00:20+00:00
cec87fd98ec9024e,2019-01-29,Beef,"Chuck, short rib (130  4)",Select Cuts,,,,Select,,,,,312.46,370.5,,,335.93,$/cwt,3.3593,per lb,National,wholesale,,,,,,21665.0,lb,,2453,National Daily Boxed Beef Cutout & Boxed Beef Cuts - Negotiated Sales - PM (PDF) (LM_XB403),2026-09-26T15:00:20+00:00
4d95d59610bd427a,2019-01-29,Beef,"Chuck, shoulder clod (114  1)",Choice Cuts,,,,Choice,,,,,203.0,217.5,,,215.56,$/cwt,2.1556,per lb,National,wholesale,,,,,,8691.0,lb,,2453,National Daily Boxed Beef Cutout & Boxed Beef Cuts - Negotiated Sales - PM (PDF) (LM_XB403),2026-09-26T15:00:20+00:00
c44c71a794da2feb,2019-01-29,Beef,"Chuck, shoulder clod, trmd (114A  3)",Choice Cuts,,,,Choice,,,,,210.1,235.0,,,216.12,$/cwt,2.1612,per lb,National,wholesale,,,,,,43578.0,lb,,2453,National Daily Boxed Beef Cutout & Boxed Beef Cuts - Negotiated Sales - PM (PDF) (LM_XB403),2026-09-26T15:00:20+00:00
786cca4b9831e3bf,2019-01-29,Beef,"Chuck, shoulder clod, trmd (114A  3)",Select Cuts,,,,Select,,,,,210.1,224.87,,,216.54,$/cwt,2.1654,per lb,National,wholesale,,,,,,7929.0,lb,,2453,National Daily Boxed Beef Cutout & Boxed Beef Cuts - Negotiated Sales - PM (PDF) (LM_XB403),2026-09-26T15:00:20+00:00
57b68af6ff1ec6b7,2019-01-29,Beef,Cutout 600-900 lb,,,,,Select,,,,,,,,,212.57,$/cwt,2.1257,per lb,National,wholesale,,,,,,,,,2453,National Daily Boxed Beef Cutout & Boxed Beef Cuts - Negotiated Sales - PM (PDF) (LM_XB403),2026-09-26T15:00:20+00:00
6ad14d6bd8db68a5,2019-01-29,Beef,Cutout 600-900 lb,,,,,Choice,,,,,,,,,218.13,$/cwt,2.1813,per lb,National,wholesale,,,,,,,,,2453,National Daily Boxed Beef Cutout & Boxed Beef Cuts - Negotiated Sales - PM (PDF) (LM_XB403),2026-09-26T15:00:20+00:00
f8cfea48a58b3cd2,2019-01-29,Beef,"Flank, flank steak (193  4)",Choice Cuts,,,,Choice,,,,,470.0,506.0,,,490.54,$/cwt,4.9054,per lb,National,wholesale,,,,,,38024.0,lb,,2453,National Daily Boxed Beef Cutout & Boxed Beef Cuts - Negotiated Sales - PM (PDF) (LM_XB403),2026-09-26T15:00:20+00:00
59584f08604485bc,2019-01-29,Beef,"Flank, flank steak (193  4)",Select Cuts,,,,Select,,,,,470.0,497.49,,,482.47,$/cwt,4.8247,per lb,National,wholesale,,,,,,12483.0,lb,,2453,National Daily Boxed Beef Cutout & Boxed Beef Cuts - Negotiated Sales - PM (PDF) (LM_XB403),2026-09-26T15:00:20+00:00
83a2db6d9d4f3a83,2019-01-29,Beef,Ground Beef 73%,Ground Beef,,,,,,,,,161.69,195.0,,,178.86,$/cwt,1.7886,per lb,National,wholesale,,,,,,57267.0,lb,,2453,National Daily Boxed Beef Cutout & Boxed Beef Cuts - Negotiated Sales - PM (PDF) (LM_XB403),2026-09-26T15:00:20+00:00
b7e680b4b1fa6957,2019-01-29,Beef,Ground Beef 81%,Ground Beef,,,,,,,,,173.45,220.49,,,193.67,$/cwt,1.9367,per lb,National,wholesale,,,,,,255280.0,lb,,2453,National Daily Boxed Beef Cutout & Boxed Beef Cuts - Negotiated Sales - PM (PDF) (LM_XB403),2026-09-26T15:00:20+00:00
b636a8c0595da4f2,2019-01-29,Beef,Ground Beef 93%,Ground Beef,,,,,,,,,301.0,313.73,,,311.65,$/cwt,3.1165,per lb,National,wholesale,,,,,,2900.0,lb,,2453,National Daily Boxed Beef Cutout & Boxed Beef Cuts - Negotiated Sales - PM (PDF) (LM_XB403),2026-09-26T15:00:20+00:00
2367cd33967c6d8b,2019-01-29,Beef,Ground Beef Chuck,Ground Beef,,,,,,,,,194.0,216.5,,,201.26,$/cwt,2.0126,per lb,National,wholesale,,,,,,35062.0,lb,,2453,National Daily Boxed Beef Cutout & Boxed Beef Cuts - Negotiated Sales - PM (PDF) (LM_XB403),2026-09-26T15:00:20+00:00
97d02eae79a85fde,2019-01-29,Beef,Ground Beef Round,Ground Beef,,,,,,,,,251.5,271.73,,,259.51,$/cwt,2.5951,per lb,National,wholesale,,,,,,9454.0,lb,,2453,National Daily Boxed Beef Cutout & Boxed Beef Cuts - Negotiated Sales - PM (PDF) (LM_XB403),2026-09-26T15:00:20+00:00
f78d402763ad541f,2019-01-29,Beef,"Loin, ball-tip, bnls, heavy (185B  1)",Choice Cuts,,,,Choice,,,,,257.0,280.75,,,269.21,$/cwt,2.6921,per lb,National,wholesale,,,,,,12665.0,lb,,2453,National Daily Boxed Beef Cutout & Boxed Beef Cuts - Negotiated Sales - PM (PDF) (LM_XB403),2026-09-26T15:00:20+00:00
d1f590242518eca1,2019-01-29,Beef,"Loin, ball-tip, bnls, heavy (185B  1)",Select Cuts,,,,Select,,,,,240.0,265.0,,,245.36,$/cwt,2.4536,per lb,National,wholesale,,,,,,11051.0,lb,,2453,National Daily Boxed Beef Cutout & Boxed Beef Cuts - Negotiated Sales - PM (PDF) (LM_XB403),2026-09-26T15:00:20+00:00
985868709d914fe0,2019-01-29,Beef,"Loin, bottom sirloin, flap (185A  4)",Choice Cuts,,,,Choice,,,,,520.0,577.5,,,527.3,$/cwt,5.273,per lb,National,wholesale,,,,,,303488.0,lb,,2453,National Daily Boxed Beef Cutout & Boxed Beef Cuts - Negotiated Sales - PM (PDF) (LM_XB403),2026-09-26T15:00:20+00:00
e9055c24e6ca114a,2019-01-29,Beef,"Loin, bottom sirloin, flap (185A  4)",Select Cuts,,,,Select,,,,,495.89,545.0,,,512.43,$/cwt,5.1243,per lb,National,wholesale,,,,,,95421.0,lb,,2453,National Daily Boxed Beef Cutout & Boxed Beef Cuts - Negotiated Sales - PM (PDF) (LM_XB403),2026-09-26T15:00:20+00:00
c935bb58428f5fbe,2019-01-29,Beef,"Loin, butt tender, trimmed (191A  4)",Choice Cuts,,,,Choice,,,,,949.12,976.3,,,972.77,$/cwt,9.7277,per lb,National,wholesale,,,,,,7329.0,lb,,2453,National Daily Boxed Beef Cutout & Boxed Beef Cuts - Negotiated Sales - PM (PDF) (LM_XB403),2026-09-26T15:00:20+00:00
a2c6b5218c501fbe,2019-01-29,Beef,"Loin, butt tender, trimmed (191A  4)",Select Cuts,,,,Select,,,,,949.12,977.56,,,972.3,$/cwt,9.723,per lb,National,wholesale,,,,,,3315.0,lb,,2453,National Daily Boxed Beef Cutout & Boxed Beef Cuts - Negotiated Sales - PM (PDF) (LM_XB403),2026-09-26T15:00:20+00:00
4932433a58d42103,2019-01-29,Beef,"Loin, short loin, 0x1 (174  3)",Choice Cuts,,,,Choice,,,,,490.3,535.0,,,502.65,$/cwt,5.0265,per lb,National,wholesale,,,,,,50172.0,lb,,2453,National Daily Boxed Beef Cutout & Boxed Beef Cuts - Negotiated Sales - PM (PDF) (LM_XB403),2026-09-26T15:00:20+00:00
b525ddf765c74fa6,2019-01-29,Beef,"Loin, short loin, 0x1 (174  3)",Select Cuts,,,,Select,,,,,463.36,515.0,,,500.72,$/cwt,5.0072,per lb,National,wholesale,,,,,,3867.0,lb,,2453,National Daily Boxed Beef Cutout & Boxed Beef Cuts - Negotiated Sales - PM (PDF) (LM_XB403),2026-09-26T15:00:20+00:00
3112848eba3120cc,2019-01-29,Beef,"Loin, sirloin, tri-tip (185C  1)",Choice Cuts,,,,Choice,,,,,300.05,325.5,,,318.04,$/cwt,3.1804,per lb,National,wholesale,,,,,,23137.0,lb,,2453,National Daily Boxed Beef Cutout & Boxed Beef Cuts - Negotiated Sales - PM (PDF) (LM_XB403),2026-09-26T15:00:20+00:00
2186b68084453390,2019-01-29,Beef,"Loin, sirloin, tri-tip (185C  1)",Select Cuts,,,,Select,,,,,265.0,270.0,,,266.35,$/cwt,2.6635,per lb,National,wholesale,,,,,,1818.0,lb,,2453,National Daily Boxed Beef Cutout & Boxed Beef Cuts - Negotiated Sales - PM (PDF) (LM_XB403),2026-09-26T15:00:20+00:00
9739bd3a2664d0cb,2019-01-29,Beef,"Loin, sirloin, tri-tip, pld (185D  4)",Choice Cuts,,,,Choice,,,,,431.5,440.75,,,433.51,$/cwt,4.3351,per lb,National,wholesale,,,,,,1949.0,lb,,2453,National Daily Boxed Beef Cutout & Boxed Beef Cuts - Negotiated Sales - PM (PDF) (LM_XB403),2026-09-26T15:00:20+00:00
0aa880ae3922fe84,2019-01-29,Beef,"Loin, strip loin, 1x1 (175  3)",Choice Cuts,,,,Choice,,,,,462.18,475.75,,,465.19,$/cwt,4.6519,per lb,National,wholesale,,,,,,5026.0,lb,,2453,National Daily Boxed Beef Cutout & Boxed Beef Cuts - Negotiated Sales - PM (PDF) (LM_XB403),2026-09-26T15:00:20+00:00
8f6933be423c4f0d,2019-01-29,Beef,"Loin, strip, bnls, 0x1 (180  3)",Choice Cuts,,,,Choice,,,,,533.0,560.0,,,550.05,$/cwt,5.5005,per lb,National,wholesale,,,,,,75570.0,lb,,2453,National Daily Boxed Beef Cutout & Boxed Beef Cuts - Negotiated Sales - PM (PDF) (LM_XB403),2026-09-26T15:00:20+00:00
74f5e32a531277a1,2019-01-29,Beef,"Loin, strip, bnls, 0x1 (180  3)",Select Cuts,,,,Select,,,,,488.36,525.3,,,518.57,$/cwt,5.1857,per lb,National,wholesale,,,,,,71733.0,lb,,2453,National Daily Boxed Beef Cutout & Boxed Beef Cuts - Negotiated Sales - PM (PDF) (LM_XB403),2026-09-26T15:00:20+00:00
5c630c01696478c9,2019-01-29,Beef,"Loin, tndrloin, trmd, heavy (189A  4)",Choice Cuts,,,,Choice,,,,,1025.0,1084.15,,,1031.66,$/cwt,10.3166,per lb,National,wholesale,,,,,,209036.0,lb,,2453,National Daily Boxed Beef Cutout & Boxed Beef Cuts - Negotiated Sales - PM (PDF) (LM_XB403),2026-09-26T15:00:20+00:00
9dc44fd69e58ed04,2019-01-29,Beef,"Loin, tndrloin, trmd, heavy (189A  4)",Select Cuts,,,,Select,,,,,1025.0,1084.36,,,1028.46,$/cwt,10.2846,per lb,National,wholesale,,,,,,9651.0,lb,,2453,National Daily Boxed Beef Cutout & Boxed Beef Cuts - Negotiated Sales - PM (PDF) (LM_XB403),2026-09-26T15:00:20+00:00
e4745a99bf6c0cf8,2019-01-29,Beef,"Loin, top butt, boneless (184  3)",Choice Cuts,,,,Choice,,,,,340.0,365.5,,,361.51,$/cwt,3.6151,per lb,National,wholesale,,,,,,68784.0,lb,,2453,National Daily Boxed Beef Cutout & Boxed Beef Cuts - Negotiated Sales - PM (PDF) (LM_XB403),2026-09-26T15:00:20+00:00
6baa3caccff71f0e,2019-01-29,Beef,"Loin, top butt, boneless (184  3)",Select Cuts,,,,Select,,,,,345.3,368.22,,,351.55,$/cwt,3.5155,per lb,National,wholesale,,,,,,13427.0,lb,,2453,National Daily Boxed Beef Cutout & Boxed Beef Cuts - Negotiated Sales - PM (PDF) (LM_XB403),2026-09-26T15:00:20+00:00
2172a07c09c4f2e5,2019-01-29,Beef,"Rib, ribeye, bnls, heavy (112A  3)",Choice Cuts,,,,Choice,,,,,730.0,775.0,,,762.78,$/cwt,7.6278,per lb,National,wholesale,,,,,,13754.0,lb,,2453,National Daily Boxed Beef Cutout & Boxed Beef Cuts - Negotiated Sales - PM (PDF) (LM_XB403),2026-09-26T15:00:20+00:00
9c79696dbb61e868,2019-01-29,Beef,"Rib, ribeye, bnls, heavy (112A  3)",Select Cuts,,,,Select,,,,,684.5,705.3,,,689.12,$/cwt,6.8912,per lb,National,wholesale,,,,,,51236.0,lb,,2453,National Daily Boxed Beef Cutout & Boxed Beef Cuts - Negotiated Sales - PM (PDF) (LM_XB403),2026-09-26T15:00:20+00:00
f5bbe14cb0a73912,2019-01-29,Beef,"Rib, ribeye, bnls, light (112A  3)",Choice Cuts,,,,Choice,,,,,745.51,779.1,,,755.38,$/cwt,7.5538,per lb,National,wholesale,,,,,,144998.0,lb,,2453,National Daily Boxed Beef Cutout & Boxed Beef Cuts - Negotiated Sales - PM (PDF) (LM_XB403),2026-09-26T15:00:20+00:00
ac2131528eedaed7,2019-01-29,Beef,"Rib, ribeye, bnls, light (112A  3)",Select Cuts,,,,Select,,,,,684.12,690.0,,,687.95,$/cwt,6.8795,per lb,National,wholesale,,,,,,26024.0,lb,,2453,National Daily Boxed Beef Cutout & Boxed Beef Cuts - Negotiated Sales - PM (PDF) (LM_XB403),2026-09-26T15:00:20+00:00
58927cb2393da7bf,2019-01-29,Beef,"Rib, ribeye, lip-on, bn-in (109E  1)",Choice Cuts,,,,Choice,,,,,626.38,680.0,,,635.64,$/cwt,6.3564,per lb,National,wholesale,,,,,,275532.0,lb,,2453,National Daily Boxed Beef Cutout & Boxed Beef Cuts - Negotiated Sales - PM (PDF) (LM_XB403),2026-09-26T15:00:20+00:00
e43da7722a949b0c,2019-01-29,Beef,"Rib, ribeye, lip-on, bn-in (109E  1)",Select Cuts,,,,Select,,,,,598.0,625.51,,,613.66,$/cwt,6.1366,per lb,National,wholesale,,,,,,15110.0,lb,,2453,National Daily Boxed Beef Cutout & Boxed Beef Cuts - Negotiated Sales - PM (PDF) (LM_XB403),2026-09-26T15:00:20+00:00
6c523298d1920b5b,2019-01-29,Beef,"Round, eye of round (171C  3)",Choice Cuts,,,,Choice,,,,,252.5,277.26,,,261.93,$/cwt,2.6193,per lb,National,wholesale,,,,,,77410.0,lb,,2453,National Daily Boxed Beef Cutout & Boxed Beef Cuts - Negotiated Sales - PM (PDF) (LM_XB403),2026-09-26T15:00:20+00:00
65f757c16e079b85,2019-01-29,Beef,"Round, eye of round (171C  3)",Select Cuts,,,,Select,,,,,240.1,270.0,,,255.63,$/cwt,2.5563,per lb,National,wholesale,,,,,,19940.0,lb,,2453,National Daily Boxed Beef Cutout & Boxed Beef Cuts - Negotiated Sales - PM (PDF) (LM_XB403),2026-09-26T15:00:20+00:00
ee3d1269b6f5b652,2019-01-29,Beef,"Round, knuckle, peeled (167A  4)",Choice Cuts,,,,Choice,,,,,232.0,257.25,,,237.32,$/cwt,2.3732,per lb,National,wholesale,,,,,,182698.0,lb,,2453,National Daily Boxed Beef Cutout & Boxed Beef Cuts - Negotiated Sales - PM (PDF) (LM_XB403),2026-09-26T15:00:20+00:00
add3f2e86bff7961,2019-01-29,Beef,"Round, knuckle, peeled (167A  4)",Select Cuts,,,,Select,,,,,242.87,270.0,,,250.07,$/cwt,2.5007,per lb,National,wholesale,,,,,,37292.0,lb,,2453,National Daily Boxed Beef Cutout & Boxed Beef Cuts - Negotiated Sales - PM (PDF) (LM_XB403),2026-09-26T15:00:20+00:00
f4bbbc61f44d3e61,2019-01-29,Beef,"Round, outside round (171B  3)",Choice Cuts,,,,Choice,,,,,216.99,232.75,,,221.15,$/cwt,2.2115,per lb,National,wholesale,,,,,,89224.0,lb,,2453,National Daily Boxed Beef Cutout & Boxed Beef Cuts - Negotiated Sales - PM (PDF) (LM_XB403),2026-09-26T15:00:20+00:00
abfde1b96ee51428,2019-01-29,Beef,"Round, outside round (171B  3)",Select Cuts,,,,Select,,,,,208.0,224.36,,,215.09,$/cwt,2.1509,per lb,National,wholesale,,,,,,14063.0,lb,,2453,National Daily Boxed Beef Cutout & Boxed Beef Cuts - Negotiated Sales - PM (PDF) (LM_XB403),2026-09-26T15:00:20+00:00
fd313bb2b7fd7d99,2019-01-29,Beef,"Round, top inside round (168  1)",Select Cuts,,,,Select,,,,,209.75,225.35,,,214.35,$/cwt,2.1435,per lb,National,wholesale,,,,,,19302.0,lb,,2453,National Daily Boxed Beef Cutout & Boxed Beef Cuts - Negotiated Sales - PM (PDF) (LM_XB403),2026-09-26T15:00:20+00:00
21d5c00a60c014e6,2019-01-29,Beef,"Round, top inside round (168  3)",Choice Cuts,,,,Choice,,,,,218.0,236.0,,,223.36,$/cwt,2.2336,per lb,National,wholesale,,,,,,119659.0,lb,,2453,National Daily Boxed Beef Cutout & Boxed Beef Cuts - Negotiated Sales - PM (PDF) (LM_XB403),2026-09-26T15:00:20+00:00
e443bc4b05f2ad51,2019-01-29,Beef,"Round, top inside round (168  3)",Select Cuts,,,,Select,,,,,219.49,225.0,,,222.06,$/cwt,2.2206,per lb,National,wholesale,,,,,,30507.0,lb,,2453,National Daily Boxed Beef Cutout & Boxed Beef Cuts - Negotiated Sales - PM (PDF) (LM_XB403),2026-09-26T15:00:20+00:00
0d6dfca5aeb2bd0e,2019-01-29,Beef,"Round, top inside, cap off (169A  5)",Choice Cuts,,,,Choice,,,,,285.03,324.0,,,292.85,$/cwt,2.9285,per lb,National,wholesale,,,,,,162211.0,lb,,2453,National Daily Boxed Beef Cutout & Boxed Beef Cuts - Negotiated Sales - PM (PDF) (LM_XB403),2026-09-26T15:00:20+00:00
1778c67761df5b1d,2019-01-29,Beef,"Round, top inside, denuded (169  5)",Choice Cuts,,,,Choice,,,,,253.0,277.01,,,257.43,$/cwt,2.5743,per lb,National,wholesale,,,,,,24955.0,lb,,2453,National Daily Boxed Beef Cutout & Boxed Beef Cuts - Negotiated Sales - PM (PDF) (LM_XB403),2026-09-26T15:00:20+00:00
b330e7c472d98326,2019-01-29,Beef,"Round, top inside, denuded (169  5)",Select Cuts,,,,Select,,,,,250.1,253.0,,,251.22,$/cwt,2.5122,per lb,National,wholesale,,,,,,7922.0,lb,,2453,National Daily Boxed Beef Cutout & Boxed Beef Cuts - Negotiated Sales - PM (PDF) (LM_XB403),2026-09-26T15:00:20+00:00
d4e30645c68e2c98,2019-01-29,Beef,"Short Plate, short rib (123A  3)",Choice Cuts,,,,Choice,,,,,513.0,641.75,,,586.98,$/cwt,5.8698,per lb,National,wholesale,,,,,,34635.0,lb,,2453,National Daily Boxed Beef Cutout & Boxed Beef Cuts - Negotiated Sales - PM (PDF) (LM_XB403),2026-09-26T15:00:20+00:00
83441e41973adde4,2019-01-30,Beef,"Brisket, deckle-off, bnls (120  1)",Choice Cuts,,,,Choice,,,,,252.0,294.55,,,264.59,$/cwt,2.6459,per lb,National,wholesale,,,,,,340571.0,lb,,2453,National Daily Boxed Beef Cutout & Boxed Beef Cuts - Negotiated Sales - PM (PDF) (LM_XB403),2026-09-26T15:00:20+00:00
cd37745610509116,2019-01-30,Beef,"Brisket, deckle-off, bnls (120  1)",Select Cuts,,,,Select,,,,,257.85,271.0,,,260.01,$/cwt,2.6001,per lb,National,wholesale,,,,,,63256.0,lb,,2453,National Daily Boxed Beef Cutout & Boxed Beef Cuts - Negotiated Sales - PM (PDF) (LM_XB403),2026-09-26T15:00:20+00:00
2f7d5852e3e5c91a,2019-01-30,Beef,"Brisket, point/off, bnls (120A  3)",Choice Cuts,,,,Choice,,,,,450.0,474.45,,,455.1,$/cwt,4.551,per lb,National,wholesale,,,,,,16538.0,lb,,2453,National Daily Boxed Beef Cutout & Boxed Beef Cuts - Negotiated Sales - PM (PDF) (LM_XB403),2026-09-26T15:00:20+00:00
7f6e7948c6f3a09c,2019-01-30,Beef,"Chuck, chuck tender (116B  1)",Choice Cuts,,,,Choice,,,,,226.8,256.37,,,234.51,$/cwt,2.3451,per lb,National,wholesale,,,,,,144197.0,lb,,2453,National Daily Boxed Beef Cutout & Boxed Beef Cuts - Negotiated Sales - PM (PDF) (LM_XB403),2026-09-26T15:00:20+00:00
a5b292a43c76cbc0,2019-01-30,Beef,"Chuck, chuck tender (116B  1)",Select Cuts,,,,Select,,,,,234.5,240.75,,,235.43,$/cwt,2.3543,per lb,National,wholesale,,,,,,28364.0,lb,,2453,National Daily Boxed Beef Cutout & Boxed Beef Cuts - Negotiated Sales - PM (PDF) (LM_XB403),2026-09-26T15:00:20+00:00
44d8f7d2ec5c0979,2019-01-30,Beef,"Chuck, clod tender (114F  5)",Choice Cuts,,,,Choice,,,,,430.0,440.0,,,433.33,$/cwt,4.3333,per lb,National,wholesale,,,,,,10196.0,lb,,2453,National Daily Boxed Beef Cutout & Boxed Beef Cuts - Negotiated Sales - PM (PDF) (LM_XB403),2026-09-26T15:00:20+00:00
302ee8d18bfe9fbe,2019-01-30,Beef,"Chuck, clod tender (114F  5)",Select Cuts,,,,Select,,,,,420.94,432.0,,,428.64,$/cwt,4.2864,per lb,National,wholesale,,,,,,1700.0,lb,,2453,National Daily Boxed Beef Cutout & Boxed Beef Cuts - Negotiated Sales - PM (PDF) (LM_XB403),2026-09-26T15:00:20+00:00
fce6641a916d02b6,2019-01-30,Beef,"Chuck, clod, arm roast (114E  3)",Choice Cuts,,,,Choice,,,,,265.0,285.0,,,271.21,$/cwt,2.7121,per lb,National,wholesale,,,,,,6504.0,lb,,2453,National Daily Boxed Beef Cutout & Boxed Beef Cuts - Negotiated Sales - PM (PDF) (LM_XB403),2026-09-26T15:00:20+00:00
a4a5e448ebc4a71c,2019-01-30,Beef,"Chuck, clod, top blade (114D  3)",Choice Cuts,,,,Choice,,,,,341.0,350.56,,,347.9,$/cwt,3.479,per lb,National,wholesale,,,,,,2783.0,lb,,2453,National Daily Boxed Beef Cutout & Boxed Beef Cuts - Negotiated Sales - PM (PDF) (LM_XB403),2026-09-26T15:00:20+00:00
4791c80e7bd20fa8,2019-01-30,Beef,"Chuck, flap (116G  4)",Choice Cuts,,,,Choice,,,,,480.97,595.0,,,517.94,$/cwt,5.1794,per lb,National,wholesale,,,,,,6842.0,lb,,2453,National Daily Boxed Beef Cutout & Boxed Beef Cuts - Negotiated Sales - PM (PDF) (LM_XB403),2026-09-26T15:00:20+00:00
dcfcbbe6cb96a955,2019-01-30,Beef,"Chuck, flap (116G  4)",Select Cuts,,,,Select,,,,,480.49,548.59,,,490.76,$/cwt,4.9076,per lb,National,wholesale,,,,,,6163.0,lb,,2453,National Daily Boxed Beef Cutout & Boxed Beef Cuts - Negotiated Sales - PM (PDF) (LM_XB403),2026-09-26T15:00:20+00:00
f48b1af81277ee74,2019-01-30,Beef,"Chuck, roll, lxl, neck/off (116A  3)",Choice Cuts,,,,Choice,,,,,277.83,312.88,,,291.01,$/cwt,2.9101,per lb,National,wholesale,,,,,,136766.0,lb,,2453,National Daily Boxed Beef Cutout & Boxed Beef Cuts - Negotiated Sales - PM (PDF) (LM_XB403),2026-09-26T15:00:20+00:00
b482fb7b1a6d4192,2019-01-30,Beef,"Chuck, roll, lxl, neck/off (116A  3)",Select Cuts,,,,Select,,,,,279.7,302.88,,,289.41,$/cwt,2.8941,per lb,National,wholesale,,,,,,92410.0,lb,,2453,National Daily Boxed Beef Cutout & Boxed Beef Cuts - Negotiated Sales - PM (PDF) (LM_XB403),2026-09-26T15:00:20+00:00
1d5579de21ae2ee0,2019-01-30,Beef,"Chuck, roll, retail ready (916A  3)",Choice Cuts,,,,Choice,,,,,303.42,321.9,,,307.49,$/cwt,3.0749,per lb,National,wholesale,,,,,,395004.0,lb,,2453,National Daily Boxed Beef Cutout & Boxed Beef Cuts - Negotiated Sales - PM (PDF) (LM_XB403),2026-09-26T15:00:20+00:00
e883b60a33e0e938,2019-01-30,Beef,"Chuck, semi-bnls, neck/off (113C  1)",Choice Cuts,,,,Choice,,,,,230.0,251.25,,,230.52,$/cwt,2.3052,per lb,National,wholesale,,,,,,30421.0,lb,,2453,National Daily Boxed Beef Cutout & Boxed Beef Cuts - Negotiated Sales - PM (PDF) (LM_XB403),2026-09-26T15:00:20+00:00
b6fb7dd11ca294ac,2019-01-30,Beef,"Chuck, short rib (130  4)",Choice Cuts,,,,Choice,,,,,310.49,368.25,,,347.79,$/cwt,3.4779,per lb,National,wholesale,,,,,,32495.0,lb,,2453,National Daily Boxed Beef Cutout & Boxed Beef Cuts - Negotiated Sales - PM (PDF) (LM_XB403),2026-09-26T15:00:20+00:00
f92d9b4948c709b7,2019-01-30,Beef,"Chuck, short rib (130  4)",Select Cuts,,,,Select,,,,,331.0,380.0,,,356.48,$/cwt,3.5648,per lb,National,wholesale,,,,,,3613.0,lb,,2453,National Daily Boxed Beef Cutout & Boxed Beef Cuts - Negotiated Sales - PM (PDF) (LM_XB403),2026-09-26T15:00:20+00:00
0b8220823784b0b2,2019-01-30,Beef,"Chuck, shoulder clod (114  1)",Choice Cuts,,,,Choice,,,,,202.0,219.62,,,210.74,$/cwt,2.1074,per lb,National,wholesale,,,,,,7936.0,lb,,2453,National Daily Boxed Beef Cutout & Boxed Beef Cuts - Negotiated Sales - PM (PDF) (LM_XB403),2026-09-26T15:00:20+00:00
3fcd496594e6322d,2019-01-30,Beef,"Chuck, shoulder clod, trmd (114A  3)",Choice Cuts,,,,Choice,,,,,209.19,230.0,,,220.35,$/cwt,2.2035,per lb,National,wholesale,,,,,,69285.0,lb,,2453,National Daily Boxed Beef Cutout & Boxed Beef Cuts - Negotiated Sales - PM (PDF) (LM_XB403),2026-09-26T15:00:20+00:00
80dbac0e9a372c1f,2019-01-30,Beef,"Chuck, shoulder clod, trmd (114A  3)",Select Cuts,,,,Select,,,,,215.0,227.59,,,219.76,$/cwt,2.1976,per lb,National,wholesale,,,,,,12377.0,lb,,2453,National Daily Boxed Beef Cutout & Boxed Beef Cuts - Negotiated Sales - PM (PDF) (LM_XB403),2026-09-26T15:00:20+00:00
37000e09fa14037b,2019-01-30,Beef,Cutout 600-900 lb,,,,,Select,,,,,,,,,213.0,$/cwt,2.13,per lb,National,wholesale,,,,,,,,,2453,National Daily Boxed Beef Cutout & Boxed Beef Cuts - Negotiated Sales - PM (PDF) (LM_XB403),2026-09-26T15:00:20+00:00
669771f3adee1cca,2019-01-30,Beef,Cutout 600-900 lb,,,,,Choice,,,,,,,,,218.05,$/cwt,2.1805,per lb,National,wholesale,,,,,,,,,2453,National Daily Boxed Beef Cutout & Boxed Beef Cuts - Negotiated Sales - PM (PDF) (LM_XB403),2026-09-26T15:00:20+00:00
9ac96a926cb05ae8,2019-01-30,Beef,"Flank, flank steak (193  4)",Choice Cuts,,,,Choice,,,,,480.0,506.25,,,492.72,$/cwt,4.9272,per lb,National,wholesale,,,,,,9124.0,lb,,2453,National Daily Boxed Beef Cutout & Boxed Beef Cuts - Negotiated Sales - PM (PDF) (LM_XB403),2026-09-26T15:00:20+00:00
2ec7a35f0e82b5ab,2019-01-30,Beef,"Flank, flank steak (193  4)",Select Cuts,,,,Select,,,,,450.0,496.0,,,477.69,$/cwt,4.7769,per lb,National,wholesale,,,,,,8180.0,lb,,2453,National Daily Boxed Beef Cutout & Boxed Beef Cuts - Negotiated Sales - PM (PDF) (LM_XB403),2026-09-26T15:00:20+00:00
85b91a5880031a70,2019-01-30,Beef,Ground Beef 73%,Ground Beef,,,,,,,,,157.99,201.0,,,172.61,$/cwt,1.7261,per lb,National,wholesale,,,,,,71417.0,lb,,2453,National Daily Boxed Beef Cutout & Boxed Beef Cuts - Negotiated Sales - PM (PDF) (LM_XB403),2026-09-26T15:00:20+00:00
bb39cc31bf879912,2019-01-30,Beef,Ground Beef 81%,Ground Beef,,,,,,,,,177.0,215.19,,,192.88,$/cwt,1.9288,per lb,National,wholesale,,,,,,272139.0,lb,,2453,National Daily Boxed Beef Cutout & Boxed Beef Cuts - Negotiated Sales - PM (PDF) (LM_XB403),2026-09-26T15:00:20+00:00
19283772f535102d,2019-01-30,Beef,Ground Beef 93%,Ground Beef,,,,,,,,,295.0,312.0,,,300.24,$/cwt,3.0024,per lb,National,wholesale,,,,,,45918.0,lb,,2453,National Daily Boxed Beef Cutout & Boxed Beef Cuts - Negotiated Sales - PM (PDF) (LM_XB403),2026-09-26T15:00:20+00:00
a2bf66d29d492169,2019-01-30,Beef,Ground Beef Chuck,Ground Beef,,,,,,,,,189.25,211.15,,,203.32,$/cwt,2.0332,per lb,National,wholesale,,,,,,44398.0,lb,,2453,National Daily Boxed Beef Cutout & Boxed Beef Cuts - Negotiated Sales - PM (PDF) (LM_XB403),2026-09-26T15:00:20+00:00
b53d51d2be4810b4,2019-01-30,Beef,Ground Beef Round,Ground Beef,,,,,,,,,256.0,265.0,,,256.92,$/cwt,2.5692,per lb,National,wholesale,,,,,,89781.0,lb,,2453,National Daily Boxed Beef Cutout & Boxed Beef Cuts - Negotiated Sales - PM (PDF) (LM_XB403),2026-09-26T15:00:20+00:00
12a176cc9c38da76,2019-01-30,Beef,"Loin, ball-tip, bnls, heavy (185B  1)",Choice Cuts,,,,Choice,,,,,261.25,276.25,,,268.99,$/cwt,2.6899,per lb,National,wholesale,,,,,,9166.0,lb,,2453,National Daily Boxed Beef Cutout & Boxed Beef Cuts - Negotiated Sales - PM (PDF) (LM_XB403),2026-09-26T15:00:20+00:00
f3dbb576597d3047,2019-01-30,Beef,"Loin, bottom sirloin, flap (185A  4)",Choice Cuts,,,,Choice,,,,,520.0,588.25,,,543.26,$/cwt,5.4326,per lb,National,wholesale,,,,,,39906.0,lb,,2453,National Daily Boxed Beef Cutout & Boxed Beef Cuts - Negotiated Sales - PM (PDF) (LM_XB403),2026-09-26T15:00:20+00:00
fd939f7500c42678,2019-01-30,Beef,"Loin, bottom sirloin, flap (185A  4)",Select Cuts,,,,Select,,,,,510.0,517.75,,,512.12,$/cwt,5.1212,per lb,National,wholesale,,,,,,10534.0,lb,,2453,National Daily Boxed Beef Cutout & Boxed Beef Cuts - Negotiated Sales - PM (PDF) (LM_XB403),2026-09-26T15:00:20+00:00
30e6f1057ed914b6,2019-01-30,Beef,"Loin, butt tender, trimmed (191A  4)",Choice Cuts,,,,Choice,,,,,945.31,990.95,,,983.7,$/cwt,9.837,per lb,National,wholesale,,,,,,6626.0,lb,,2453,National Daily Boxed Beef Cutout & Boxed Beef Cuts - Negotiated Sales - PM (PDF) (LM_XB403),2026-09-26T15:00:20+00:00
dbaac71f3e7032b0,2019-01-30,Beef,"Loin, short loin, 0x1 (174  3)",Choice Cuts,,,,Choice,,,,,488.58,530.25,,,502.01,$/cwt,5.0201,per lb,National,wholesale,,,,,,74194.0,lb,,2453,National Daily Boxed Beef Cutout & Boxed Beef Cuts - Negotiated Sales - PM (PDF) (LM_XB403),2026-09-26T15:00:20+00:00
f288cca4c0b62b9d,2019-01-30,Beef,"Loin, short loin, 0x1 (174  3)",Select Cuts,,,,Select,,,,,485.0,516.0,,,502.08,$/cwt,5.0208,per lb,National,wholesale,,,,,,4550.0,lb,,2453,National Daily Boxed Beef Cutout & Boxed Beef Cuts - Negotiated Sales - PM (PDF) (LM_XB403),2026-09-26T15:00:20+00:00
3e5bc87832657475,2019-01-30,Beef,"Loin, sirloin, tri-tip (185C  1)",Choice Cuts,,,,Choice,,,,,305.75,335.0,,,313.06,$/cwt,3.1306,per lb,National,wholesale,,,,,,36073.0,lb,,2453,National Daily Boxed Beef Cutout & Boxed Beef Cuts - Negotiated Sales - PM (PDF) (LM_XB403),2026-09-26T15:00:20+00:00
ce52a6800e999fa5,2019-01-30,Beef,"Loin, sirloin, tri-tip (185C  1)",Select Cuts,,,,Select,,,,,263.13,290.75,,,266.32,$/cwt,2.6632,per lb,National,wholesale,,,,,,32865.0,lb,,2453,National Daily Boxed Beef Cutout & Boxed Beef Cuts - Negotiated Sales - PM (PDF) (LM_XB403),2026-09-26T15:00:20+00:00
f3f4f62ca1227a17,2019-01-30,Beef,"Loin, sirloin, tri-tip, pld (185D  4)",Choice Cuts,,,,Choice,,,,,415.75,448.55,,,429.76,$/cwt,4.2976,per lb,National,wholesale,,,,,,10464.0,lb,,2453,National Daily Boxed Beef Cutout & Boxed Beef Cuts - Negotiated Sales - PM (PDF) (LM_XB403),2026-09-26T15:00:20+00:00
85e44a543348def8,2019-01-30,Beef,"Loin, strip loin bnls. 1x1 (  1)",Choice Cuts,,,,Choice,,,,,491.0,504.7,,,495.53,$/cwt,4.9553,per lb,National,wholesale,,,,,,1478.0,lb,,2453,National Daily Boxed Beef Cutout & Boxed Beef Cuts - Negotiated Sales - PM (PDF) (LM_XB403),2026-09-26T15:00:20+00:00
eaf711a4a343c631,2019-01-30,Beef,"Loin, strip loin, 1x1 (175  3)",Choice Cuts,,,,Choice,,,,,451.52,482.0,,,458.99,$/cwt,4.5899,per lb,National,wholesale,,,,,,111109.0,lb,,2453,National Daily Boxed Beef Cutout & Boxed Beef Cuts - Negotiated Sales - PM (PDF) (LM_XB403),2026-09-26T15:00:20+00:00
e7bf33d47684e84b,2019-01-30,Beef,"Loin, strip, bnls, 0x1 (180  3)",Choice Cuts,,,,Choice,,,,,531.75,576.0,,,542.04,$/cwt,5.4204,per lb,National,wholesale,,,,,,106797.0,lb,,2453,National Daily Boxed Beef Cutout & Boxed Beef Cuts - Negotiated Sales - PM (PDF) (LM_XB403),2026-09-26T15:00:20+00:00
c69f28cf2785233b,2019-01-30,Beef,"Loin, strip, bnls, 0x1 (180  3)",Select Cuts,,,,Select,,,,,499.7,525.0,,,524.49,$/cwt,5.2449,per lb,National,wholesale,,,,,,41949.0,lb,,2453,National Daily Boxed Beef Cutout & Boxed Beef Cuts - Negotiated Sales - PM (PDF) (LM_XB403),2026-09-26T15:00:20+00:00
636acfff9a5bbe84,2019-01-30,Beef,"Loin, tndrloin, trmd, heavy (189A  4)",Choice Cuts,,,,Choice,,,,,1025.0,1152.0,,,1103.04,$/cwt,11.0304,per lb,National,wholesale,,,,,,40205.0,lb,,2453,National Daily Boxed Beef Cutout & Boxed Beef Cuts - Negotiated Sales - PM (PDF) (LM_XB403),2026-09-26T15:00:20+00:00
e9b400deb590509f,2019-01-30,Beef,"Loin, tndrloin, trmd, heavy (189A  4)",Select Cuts,,,,Select,,,,,1037.19,1156.0,,,1068.72,$/cwt,10.6872,per lb,National,wholesale,,,,,,13486.0,lb,,2453,National Daily Boxed Beef Cutout & Boxed Beef Cuts - Negotiated Sales - PM (PDF) (LM_XB403),2026-09-26T15:00:20+00:00
eb8a32a1ab8cab3b,2019-01-30,Beef,"Loin, top butt, CC (184B  3)",Choice Cuts,,,,Choice,,,,,480.0,529.25,,,494.55,$/cwt,4.9455,per lb,National,wholesale,,,,,,2349.0,lb,,2453,National Daily Boxed Beef Cutout & Boxed Beef Cuts - Negotiated Sales - PM (PDF) (LM_XB403),2026-09-26T15:00:20+00:00
b49b836a48c5b499,2019-01-30,Beef,"Loin, top butt, bnls, heavy (184  1)",Choice Cuts,,,,Choice,,,,,345.0,357.0,,,349.31,$/cwt,3.4931,per lb,National,wholesale,,,,,,2244.0,lb,,2453,National Daily Boxed Beef Cutout & Boxed Beef Cuts - Negotiated Sales - PM (PDF) (LM_XB403),2026-09-26T15:00:20+00:00
8a7a55371e9f6a9f,2019-01-30,Beef,"Loin, top butt, bnls, heavy (184  1)",Select Cuts,,,,Select,,,,,325.0,325.0,,,325.0,$/cwt,3.25,per lb,National,wholesale,,,,,,5774.0,lb,,2453,National Daily Boxed Beef Cutout & Boxed Beef Cuts - Negotiated Sales - PM (PDF) (LM_XB403),2026-09-26T15:00:20+00:00
ffd8d5b66db84a09,2019-01-30,Beef,"Loin, top butt, boneless (184  3)",Choice Cuts,,,,Choice,,,,,343.0,376.0,,,365.17,$/cwt,3.6517,per lb,National,wholesale,,,,,,30800.0,lb,,2453,National Daily Boxed Beef Cutout & Boxed Beef Cuts - Negotiated Sales - PM (PDF) (LM_XB403),2026-09-26T15:00:20+00:00
9bd1dad498a0a250,2019-01-30,Beef,"Loin, top butt, boneless (184  3)",Select Cuts,,,,Select,,,,,345.75,366.0,,,352.97,$/cwt,3.5297,per lb,National,wholesale,,,,,,5024.0,lb,,2453,National Daily Boxed Beef Cutout & Boxed Beef Cuts - Negotiated Sales - PM (PDF) (LM_XB403),2026-09-26T15:00:20+00:00
2e8bd257751e6aa3,2019-01-30,Beef,"Rib, ribeye, bnls, heavy (112A  3)",Choice Cuts,,,,Choice,,,,,738.0,796.0,,,763.86,$/cwt,7.6386,per lb,National,wholesale,,,,,,34644.0,lb,,2453,National Daily Boxed Beef Cutout & Boxed Beef Cuts - Negotiated Sales - PM (PDF) (LM_XB403),2026-09-26T15:00:20+00:00
010079e528af4215,2019-01-30,Beef,"Rib, ribeye, bnls, heavy (112A  3)",Select Cuts,,,,Select,,,,,684.5,711.0,,,686.43,$/cwt,6.8643,per lb,National,wholesale,,,,,,37670.0,lb,,2453,National Daily Boxed Beef Cutout & Boxed Beef Cuts - Negotiated Sales - PM (PDF) (LM_XB403),2026-09-26T15:00:20+00:00
a41cea94249fd540,2019-01-30,Beef,"Rib, ribeye, bnls, light (112A  3)",Choice Cuts,,,,Choice,,,,,770.41,806.0,,,797.36,$/cwt,7.9736,per lb,National,wholesale,,,,,,12724.0,lb,,2453,National Daily Boxed Beef Cutout & Boxed Beef Cuts - Negotiated Sales - PM (PDF) (LM_XB403),2026-09-26T15:00:20+00:00
0571d13c864ddee6,2019-01-30,Beef,"Rib, ribeye, bnls, light (112A  3)",Select Cuts,,,,Select,,,,,674.41,720.25,,,679.41,$/cwt,6.7941,per lb,National,wholesale,,,,,,124229.0,lb,,2453,National Daily Boxed Beef Cutout & Boxed Beef Cuts - Negotiated Sales - PM (PDF) (LM_XB403),2026-09-26T15:00:20+00:00
6a6fbbd4b6e892f8,2019-01-30,Beef,"Rib, ribeye, lip-on, bn-in (109E  1)",Choice Cuts,,,,Choice,,,,,629.95,685.0,,,645.27,$/cwt,6.4527,per lb,National,wholesale,,,,,,138720.0,lb,,2453,National Daily Boxed Beef Cutout & Boxed Beef Cuts - Negotiated Sales - PM (PDF) (LM_XB403),2026-09-26T15:00:20+00:00
c00ea5d0e6e8cbc7,2019-01-30,Beef,"Round, bottom gooseneck (170  1)",Choice Cuts,,,,Choice,,,,,197.8,201.5,,,199.22,$/cwt,1.9922,per lb,National,wholesale,,,,,,26537.0,lb,,2453,National Daily Boxed Beef Cutout & Boxed Beef Cuts - Negotiated Sales - PM (PDF) (LM_XB403),2026-09-26T15:00:20+00:00
7222cf8c99e5f10a,2019-01-30,Beef,"Round, eye of round (171C  3)",Choice Cuts,,,,Choice,,,,,249.39,272.0,,,261.34,$/cwt,2.6134,per lb,National,wholesale,,,,,,36817.0,lb,,2453,National Daily Boxed Beef Cutout & Boxed Beef Cuts - Negotiated Sales - PM (PDF) (LM_XB403),2026-09-26T15:00:20+00:00
8247a110d07813e5,2019-01-30,Beef,"Round, eye of round (171C  3)",Select Cuts,,,,Select,,,,,254.7,272.0,,,264.0,$/cwt,2.64,per lb,National,wholesale,,,,,,14758.0,lb,,2453,National Daily Boxed Beef Cutout & Boxed Beef Cuts - Negotiated Sales - PM (PDF) (LM_XB403),2026-09-26T15:00:20+00:00
158d6bb11e414c10,2019-01-30,Beef,"Round, knuckle, peeled (167A  4)",Choice Cuts,,,,Choice,,,,,235.0,262.0,,,242.55,$/cwt,2.4255,per lb,National,wholesale,,,,,,152197.0,lb,,2453,National Daily Boxed Beef Cutout & Boxed Beef Cuts - Negotiated Sales - PM (PDF) (LM_XB403),2026-09-26T15:00:20+00:00
0abc14f1aa2fcb99,2019-01-30,Beef,"Round, knuckle, peeled (167A  4)",Select Cuts,,,,Select,,,,,231.2,254.3,,,233.97,$/cwt,2.3397,per lb,National,wholesale,,,,,,48130.0,lb,,2453,National Daily Boxed Beef Cutout & Boxed Beef Cuts - Negotiated Sales - PM (PDF) (LM_XB403),2026-09-26T15:00:20+00:00
cb8845a3cf21b529,2019-01-30,Beef,"Round, outside round (171B  3)",Choice Cuts,,,,Choice,,,,,208.0,236.25,,,219.19,$/cwt,2.1919,per lb,National,wholesale,,,,,,165857.0,lb,,2453,National Daily Boxed Beef Cutout & Boxed Beef Cuts - Negotiated Sales - PM (PDF) (LM_XB403),2026-09-26T15:00:20+00:00
516e2e81c049218f,2019-01-30,Beef,"Round, outside round (171B  3)",Select Cuts,,,,Select,,,,,210.0,226.0,,,221.96,$/cwt,2.2196,per lb,National,wholesale,,,,,,20835.0,lb,,2453,National Daily Boxed Beef Cutout & Boxed Beef Cuts - Negotiated Sales - PM (PDF) (LM_XB403),2026-09-26T15:00:20+00:00
d61ab633b10897bc,2019-01-30,Beef,"Round, top inside round (168  1)",Choice Cuts,,,,Choice,,,,,220.0,228.19,,,223.49,$/cwt,2.2349,per lb,National,wholesale,,,,,,32121.0,lb,,2453,National Daily Boxed Beef Cutout & Boxed Beef Cuts - Negotiated Sales - PM (PDF) (LM_XB403),2026-09-26T15:00:20+00:00
b23615133495b926,2019-01-30,Beef,"Round, top inside round (168  1)",Select Cuts,,,,Select,,,,,220.0,228.19,,,224.67,$/cwt,2.2467,per lb,National,wholesale,,,,,,8616.0,lb,,2453,National Daily Boxed Beef Cutout & Boxed Beef Cuts - Negotiated Sales - PM (PDF) (LM_XB403),2026-09-26T15:00:20+00:00
d5875d72a136346d,2019-01-30,Beef,"Round, top inside round (168  3)",Choice Cuts,,,,Choice,,,,,221.0,238.0,,,224.1,$/cwt,2.241,per lb,National,wholesale,,,,,,189897.0,lb,,2453,National Daily Boxed Beef Cutout & Boxed Beef Cuts - Negotiated Sales - PM (PDF) (LM_XB403),2026-09-26T15:00:20+00:00
599545b7a22c074e,2019-01-30,Beef,"Round, top inside round (168  3)",Select Cuts,,,,Select,,,,,218.0,225.0,,,220.21,$/cwt,2.2021,per lb,National,wholesale,,,,,,163325.0,lb,,2453,National Daily Boxed Beef Cutout & Boxed Beef Cuts - Negotiated Sales - PM (PDF) (LM_XB403),2026-09-26T15:00:20+00:00
8a5d04a47d8d6512,2019-01-30,Beef,"Round, top inside, cap off (169A  5)",Choice Cuts,,,,Choice,,,,,271.06,318.55,,,295.48,$/cwt,2.9548,per lb,National,wholesale,,,,,,10327.0,lb,,2453,National Daily Boxed Beef Cutout & Boxed Beef Cuts - Negotiated Sales - PM (PDF) (LM_XB403),2026-09-26T15:00:20+00:00
b0a385c562839147,2019-01-30,Beef,"Round, top inside, denuded (169  5)",Choice Cuts,,,,Choice,,,,,251.26,272.62,,,266.46,$/cwt,2.6646,per lb,National,wholesale,,,,,,18614.0,lb,,2453,National Daily Boxed Beef Cutout & Boxed Beef Cuts - Negotiated Sales - PM (PDF) (LM_XB403),2026-09-26T15:00:20+00:00
ba322a6bb6a780bc,2019-01-30,Beef,"Short Plate, short rib (123A  3)",Choice Cuts,,,,Choice,,,,,560.0,575.0,,,567.5,$/cwt,5.675,per lb,National,wholesale,,,,,,7353.0,lb,,2453,National Daily Boxed Beef Cutout & Boxed Beef Cuts - Negotiated Sales - PM (PDF) (LM_XB403),2026-09-26T15:00:20+00:00
4c4aca3df1c5b995,2019-01-31,Beef,"Brisket, deckle-off, bnls (120  1)",Choice Cuts,,,,Choice,,,,,257.0,295.0,,,262.15,$/cwt,2.6215,per lb,National,wholesale,,,,,,701375.0,lb,,2453,National Daily Boxed Beef Cutout & Boxed Beef Cuts - Negotiated Sales - PM (PDF) (LM_XB403),2026-09-26T15:00:20+00:00
f9850558857a7563,2019-01-31,Beef,"Brisket, deckle-off, bnls (120  1)",Select Cuts,,,,Select,,,,,266.0,285.0,,,267.49,$/cwt,2.6749,per lb,National,wholesale,,,,,,37409.0,lb,,2453,National Daily Boxed Beef Cutout & Boxed Beef Cuts - Negotiated Sales - PM (PDF) (LM_XB403),2026-09-26T15:00:20+00:00
55b35590d1167a4a,2019-01-31,Beef,"Brisket, point/off, bnls (120A  3)",Choice Cuts,,,,Choice,,,,,470.0,490.0,,,471.57,$/cwt,4.7157,per lb,National,wholesale,,,,,,4308.0,lb,,2453,National Daily Boxed Beef Cutout & Boxed Beef Cuts - Negotiated Sales - PM (PDF) (LM_XB403),2026-09-26T15:00:20+00:00
e5c6b64024766f39,2019-01-31,Beef,"Chuck, chuck tender (116B  1)",Choice Cuts,,,,Choice,,,,,221.55,245.0,,,235.92,$/cwt,2.3592,per lb,National,wholesale,,,,,,51979.0,lb,,2453,National Daily Boxed Beef Cutout & Boxed Beef Cuts - Negotiated Sales - PM (PDF) (LM_XB403),2026-09-26T15:00:20+00:00
7ad8eb60bd18c8d9,2019-01-31,Beef,"Chuck, chuck tender (116B  1)",Select Cuts,,,,Select,,,,,232.0,240.5,,,239.55,$/cwt,2.3955,per lb,National,wholesale,,,,,,3350.0,lb,,2453,National Daily Boxed Beef Cutout & Boxed Beef Cuts - Negotiated Sales - PM (PDF) (LM_XB403),2026-09-26T15:00:20+00:00
89bcaaf1a31070ed,2019-01-31,Beef,"Chuck, clod tender (114F  5)",Choice Cuts,,,,Choice,,,,,430.0,444.25,,,442.21,$/cwt,4.4221,per lb,National,wholesale,,,,,,10953.0,lb,,2453,National Daily Boxed Beef Cutout & Boxed Beef Cuts - Negotiated Sales - PM (PDF) (LM_XB403),2026-09-26T15:00:20+00:00
eaeb88fbc4937383,2019-01-31,Beef,"Chuck, flap (116G  4)",Choice Cuts,,,,Choice,,,,,536.18,558.71,,,557.08,$/cwt,5.5708,per lb,National,wholesale,,,,,,16296.0,lb,,2453,National Daily Boxed Beef Cutout & Boxed Beef Cuts - Negotiated Sales - PM (PDF) (LM_XB403),2026-09-26T15:00:20+00:00
83d8d3377addaeb2,2019-01-31,Beef,"Chuck, flap (116G  4)",Select Cuts,,,,Select,,,,,479.69,500.0,,,492.99,$/cwt,4.9299,per lb,National,wholesale,,,,,,3393.0,lb,,2453,National Daily Boxed Beef Cutout & Boxed Beef Cuts - Negotiated Sales - PM (PDF) (LM_XB403),2026-09-26T15:00:20+00:00
7b72111eabb8b1d1,2019-01-31,Beef,"Chuck, roll, lxl, neck/off (116A  3)",Choice Cuts,,,,Choice,,,,,278.7,308.0,,,281.74,$/cwt,2.8174,per lb,National,wholesale,,,,,,245597.0,lb,,2453,National Daily Boxed Beef Cutout & Boxed Beef Cuts - Negotiated Sales - PM (PDF) (LM_XB403),2026-09-26T15:00:20+00:00
34cabde1ab13f938,2019-01-31,Beef,"Chuck, roll, lxl, neck/off (116A  3)",Select Cuts,,,,Select,,,,,277.0,300.0,,,277.51,$/cwt,2.7751,per lb,National,wholesale,,,,,,126258.0,lb,,2453,National Daily Boxed Beef Cutout & Boxed Beef Cuts - Negotiated Sales - PM (PDF) (LM_XB403),2026-09-26T15:00:20+00:00
90b54011fe19cc44,2019-01-31,Beef,"Chuck, roll, retail ready (916A  3)",Choice Cuts,,,,Choice,,,,,318.73,331.63,,,327.14,$/cwt,3.2714,per lb,National,wholesale,,,,,,9032.0,lb,,2453,National Daily Boxed Beef Cutout & Boxed Beef Cuts - Negotiated Sales - PM (PDF) (LM_XB403),2026-09-26T15:00:20+00:00
4c1410bf584ad970,2019-01-31,Beef,"Chuck, semi-bnls, neck/off (113C  1)",Choice Cuts,,,,Choice,,,,,224.17,248.0,,,226.69,$/cwt,2.2669,per lb,National,wholesale,,,,,,11619.0,lb,,2453,National Daily Boxed Beef Cutout & Boxed Beef Cuts - Negotiated Sales - PM (PDF) (LM_XB403),2026-09-26T15:00:20+00:00
cddb6548a4a706c3,2019-01-31,Beef,"Chuck, semi-bnls, neck/off (113C  1)",Select Cuts,,,,Select,,,,,224.0,240.0,,,229.72,$/cwt,2.2972,per lb,National,wholesale,,,,,,7170.0,lb,,2453,National Daily Boxed Beef Cutout & Boxed Beef Cuts - Negotiated Sales - PM (PDF) (LM_XB403),2026-09-26T15:00:20+00:00
6238e9fbf936d094,2019-01-31,Beef,"Chuck, short rib (130  4)",Choice Cuts,,,,Choice,,,,,355.3,369.0,,,361.6,$/cwt,3.616,per lb,National,wholesale,,,,,,15350.0,lb,,2453,National Daily Boxed Beef Cutout & Boxed Beef Cuts - Negotiated Sales - PM (PDF) (LM_XB403),2026-09-26T15:00:20+00:00
fde05a08771899a8,2019-01-31,Beef,"Chuck, shoulder clod (114  1)",Choice Cuts,,,,Choice,,,,,201.45,215.0,,,205.65,$/cwt,2.0565,per lb,National,wholesale,,,,,,17804.0,lb,,2453,National Daily Boxed Beef Cutout & Boxed Beef Cuts - Negotiated Sales - PM (PDF) (LM_XB403),2026-09-26T15:00:20+00:00
28edd2b4ff2821fc,2019-01-31,Beef,"Chuck, shoulder clod (114  1)",Select Cuts,,,,Select,,,,,205.0,215.0,,,205.7,$/cwt,2.057,per lb,National,wholesale,,,,,,9465.0,lb,,2453,National Daily Boxed Beef Cutout & Boxed Beef Cuts - Negotiated Sales - PM (PDF) (LM_XB403),2026-09-26T15:00:20+00:00
aa53b7d098376fcb,2019-01-31,Beef,"Chuck, shoulder clod, trmd (114A  3)",Choice Cuts,,,,Choice,,,,,210.1,232.0,,,218.47,$/cwt,2.1847,per lb,National,wholesale,,,,,,74284.0,lb,,2453,National Daily Boxed Beef Cutout & Boxed Beef Cuts - Negotiated Sales - PM (PDF) (LM_XB403),2026-09-26T15:00:20+00:00
1cb00a9d7ec531b0,2019-01-31,Beef,"Chuck, shoulder clod, trmd (114A  3)",Select Cuts,,,,Select,,,,,215.0,228.0,,,224.2,$/cwt,2.242,per lb,National,wholesale,,,,,,25696.0,lb,,2453,National Daily Boxed Beef Cutout & Boxed Beef Cuts - Negotiated Sales - PM (PDF) (LM_XB403),2026-09-26T15:00:20+00:00
ac59b0987c39ff77,2019-01-31,Beef,Cutout 600-900 lb,,,,,Choice,,,,,,,,,215.39,$/cwt,2.1539,per lb,National,wholesale,,,,,,,,,2453,National Daily Boxed Beef Cutout & Boxed Beef Cuts - Negotiated Sales - PM (PDF) (LM_XB403),2026-09-26T15:00:20+00:00
d6eac26adbc922d0,2019-01-31,Beef,Cutout 600-900 lb,,,,,Select,,,,,,,,,212.88,$/cwt,2.1288,per lb,National,wholesale,,,,,,,,,2453,National Daily Boxed Beef Cutout & Boxed Beef Cuts - Negotiated Sales - PM (PDF) (LM_XB403),2026-09-26T15:00:20+00:00
18414a00173fe22f,2019-01-31,Beef,"Flank, flank steak (193  4)",Choice Cuts,,,,Choice,,,,,482.0,508.0,,,490.16,$/cwt,4.9016,per lb,National,wholesale,,,,,,12057.0,lb,,2453,National Daily Boxed Beef Cutout & Boxed Beef Cuts - Negotiated Sales - PM (PDF) (LM_XB403),2026-09-26T15:00:20+00:00
c9b3a6fbab0f36aa,2019-01-31,Beef,Ground Beef 73%,Ground Beef,,,,,,,,,162.0,186.5,,,173.88,$/cwt,1.7388,per lb,National,wholesale,,,,,,53164.0,lb,,2453,National Daily Boxed Beef Cutout & Boxed Beef Cuts - Negotiated Sales - PM (PDF) (LM_XB403),2026-09-26T15:00:20+00:00
e553f022c4b4137e,2019-01-31,Beef,Ground Beef 81%,Ground Beef,,,,,,,,,181.0,213.0,,,190.76,$/cwt,1.9076,per lb,National,wholesale,,,,,,125005.0,lb,,2453,National Daily Boxed Beef Cutout & Boxed Beef Cuts - Negotiated Sales - PM (PDF) (LM_XB403),2026-09-26T15:00:20+00:00
1e86453145e214f4,2019-01-31,Beef,Ground Beef 93%,Ground Beef,,,,,,,,,299.25,316.34,,,302.91,$/cwt,3.0291,per lb,National,wholesale,,,,,,18551.0,lb,,2453,National Daily Boxed Beef Cutout & Boxed Beef Cuts - Negotiated Sales - PM (PDF) (LM_XB403),2026-09-26T15:00:20+00:00
fba903f34babb504,2019-01-31,Beef,Ground Beef Chuck,Ground Beef,,,,,,,,,186.35,216.97,,,191.93,$/cwt,1.9193,per lb,National,wholesale,,,,,,232996.0,lb,,2453,National Daily Boxed Beef Cutout & Boxed Beef Cuts - Negotiated Sales - PM (PDF) (LM_XB403),2026-09-26T15:00:20+00:00
ceb778877581ed1d,2019-01-31,Beef,Ground Beef Round,Ground Beef,,,,,,,,,255.0,262.0,,,257.31,$/cwt,2.5731,per lb,National,wholesale,,,,,,10844.0,lb,,2453,National Daily Boxed Beef Cutout & Boxed Beef Cuts - Negotiated Sales - PM (PDF) (LM_XB403),2026-09-26T15:00:20+00:00
afaa136099a839a3,2019-01-31,Beef,"Loin, ball-tip, bnls, heavy (185B  1)",Choice Cuts,,,,Choice,,,,,260.0,285.92,,,271.57,$/cwt,2.7157,per lb,National,wholesale,,,,,,58483.0,lb,,2453,National Daily Boxed Beef Cutout & Boxed Beef Cuts - Negotiated Sales - PM (PDF) (LM_XB403),2026-09-26T15:00:20+00:00
b836cad060bcb452,2019-01-31,Beef,"Loin, ball-tip, bnls, heavy (185B  1)",Select Cuts,,,,Select,,,,,245.0,246.65,,,245.33,$/cwt,2.4533,per lb,National,wholesale,,,,,,47004.0,lb,,2453,National Daily Boxed Beef Cutout & Boxed Beef Cuts - Negotiated Sales - PM (PDF) (LM_XB403),2026-09-26T15:00:20+00:00
c4f99a38c6285f70,2019-01-31,Beef,"Loin, bottom sirloin, flap (185A  4)",Choice Cuts,,,,Choice,,,,,514.72,547.0,,,521.14,$/cwt,5.2114,per lb,National,wholesale,,,,,,91201.0,lb,,2453,National Daily Boxed Beef Cutout & Boxed Beef Cuts - Negotiated Sales - PM (PDF) (LM_XB403),2026-09-26T15:00:20+00:00
fa4e7c3b7d0031ed,2019-01-31,Beef,"Loin, short loin, 0x1 (174  3)",Choice Cuts,,,,Choice,,,,,490.34,525.5,,,501.11,$/cwt,5.0111,per lb,National,wholesale,,,,,,38789.0,lb,,2453,National Daily Boxed Beef Cutout & Boxed Beef Cuts - Negotiated Sales - PM (PDF) (LM_XB403),2026-09-26T15:00:20+00:00
0726ff1880fa350e,2019-01-31,Beef,"Loin, short loin, 0x1 (174  3)",Select Cuts,,,,Select,,,,,485.0,505.0,,,488.24,$/cwt,4.8824,per lb,National,wholesale,,,,,,9138.0,lb,,2453,National Daily Boxed Beef Cutout & Boxed Beef Cuts - Negotiated Sales - PM (PDF) (LM_XB403),2026-09-26T15:00:20+00:00
0b84d8658be317da,2019-01-31,Beef,"Loin, sirloin, tri-tip (185C  1)",Choice Cuts,,,,Choice,,,,,301.94,325.0,,,310.48,$/cwt,3.1048,per lb,National,wholesale,,,,,,19339.0,lb,,2453,National Daily Boxed Beef Cutout & Boxed Beef Cuts - Negotiated Sales - PM (PDF) (LM_XB403),2026-09-26T15:00:20+00:00
26e92d384eb2d97d,2019-01-31,Beef,"Loin, sirloin, tri-tip (185C  1)",Select Cuts,,,,Select,,,,,260.0,285.0,,,264.69,$/cwt,2.6469,per lb,National,wholesale,,,,,,11207.0,lb,,2453,National Daily Boxed Beef Cutout & Boxed Beef Cuts - Negotiated Sales - PM (PDF) (LM_XB403),2026-09-26T15:00:20+00:00
b13d574f4e87febf,2019-01-31,Beef,"Loin, sirloin, tri-tip, pld (185D  4)",Choice Cuts,,,,Choice,,,,,425.0,445.0,,,430.92,$/cwt,4.3092,per lb,National,wholesale,,,,,,2958.0,lb,,2453,National Daily Boxed Beef Cutout & Boxed Beef Cuts - Negotiated Sales - PM (PDF) (LM_XB403),2026-09-26T15:00:20+00:00
fdac8abd0c2270dc,2019-01-31,Beef,"Loin, strip loin bnls. 1x1 (  1)",Choice Cuts,,,,Choice,,,,,491.0,491.0,,,491.0,$/cwt,4.91,per lb,National,wholesale,,,,,,1994.0,lb,,2453,National Daily Boxed Beef Cutout & Boxed Beef Cuts - Negotiated Sales - PM (PDF) (LM_XB403),2026-09-26T15:00:20+00:00
173f97fa4397682e,2019-01-31,Beef,"Loin, strip loin, 1x1 (175  3)",Choice Cuts,,,,Choice,,,,,423.0,466.75,,,426.11,$/cwt,4.2611,per lb,National,wholesale,,,,,,430817.0,lb,,2453,National Daily Boxed Beef Cutout & Boxed Beef Cuts - Negotiated Sales - PM (PDF) (LM_XB403),2026-09-26T15:00:20+00:00
cc9bdb6beda50dc5,2019-01-31,Beef,"Loin, strip, bnls, 0x1 (180  3)",Choice Cuts,,,,Choice,,,,,540.0,563.9,,,549.56,$/cwt,5.4956,per lb,National,wholesale,,,,,,75823.0,lb,,2453,National Daily Boxed Beef Cutout & Boxed Beef Cuts - Negotiated Sales - PM (PDF) (LM_XB403),2026-09-26T15:00:20+00:00
f03d8d7c6487582b,2019-01-31,Beef,"Loin, strip, bnls, 0x1 (180  3)",Select Cuts,,,,Select,,,,,481.63,543.26,,,494.16,$/cwt,4.9416,per lb,National,wholesale,,,,,,23568.0,lb,,2453,National Daily Boxed Beef Cutout & Boxed Beef Cuts - Negotiated Sales - PM (PDF) (LM_XB403),2026-09-26T15:00:20+00:00
ef903f617d4cdeb8,2019-01-31,Beef,"Loin, tndrloin, trmd, heavy (189A  4)",Choice Cuts,,,,Choice,,,,,1000.69,1068.37,,,1009.78,$/cwt,10.0978,per lb,National,wholesale,,,,,,121546.0,lb,,2453,National Daily Boxed Beef Cutout & Boxed Beef Cuts - Negotiated Sales - PM (PDF) (LM_XB403),2026-09-26T15:00:20+00:00
710dd30ffdca5e79,2019-01-31,Beef,"Loin, tndrloin, trmd, heavy (189A  4)",Select Cuts,,,,Select,,,,,1040.0,1069.37,,,1061.72,$/cwt,10.6172,per lb,National,wholesale,,,,,,2862.0,lb,,2453,National Daily Boxed Beef Cutout & Boxed Beef Cuts - Negotiated Sales - PM (PDF) (LM_XB403),2026-09-26T15:00:20+00:00
d0b468b393dc687d,2019-01-31,Beef,"Loin, top butt, bnls, heavy (184  1)",Choice Cuts,,,,Choice,,,,,339.3,340.0,,,339.68,$/cwt,3.3968,per lb,National,wholesale,,,,,,3535.0,lb,,2453,National Daily Boxed Beef Cutout & Boxed Beef Cuts - Negotiated Sales - PM (PDF) (LM_XB403),2026-09-26T15:00:20+00:00
35e01e941b989f28,2019-01-31,Beef,"Loin, top butt, boneless (184  3)",Choice Cuts,,,,Choice,,,,,336.25,365.0,,,345.63,$/cwt,3.4563,per lb,National,wholesale,,,,,,21869.0,lb,,2453,National Daily Boxed Beef Cutout & Boxed Beef Cuts - Negotiated Sales - PM (PDF) (LM_XB403),2026-09-26T15:00:20+00:00
238c6a04e5646339,2019-01-31,Beef,"Loin, top butt, boneless (184  3)",Select Cuts,,,,Select,,,,,355.0,368.22,,,355.66,$/cwt,3.5566,per lb,National,wholesale,,,,,,6655.0,lb,,2453,National Daily Boxed Beef Cutout & Boxed Beef Cuts - Negotiated Sales - PM (PDF) (LM_XB403),2026-09-26T15:00:20+00:00
09d8916c328e1555,2019-01-31,Beef,"Rib, ribeye, bnls, heavy (112A  3)",Choice Cuts,,,,Choice,,,,,733.0,784.15,,,749.44,$/cwt,7.4944,per lb,National,wholesale,,,,,,40807.0,lb,,2453,National Daily Boxed Beef Cutout & Boxed Beef Cuts - Negotiated Sales - PM (PDF) (LM_XB403),2026-09-26T15:00:20+00:00
dbeb5ddef202a28c,2019-01-31,Beef,"Rib, ribeye, bnls, heavy (112A  3)",Select Cuts,,,,Select,,,,,675.0,721.5,,,694.23,$/cwt,6.9423,per lb,National,wholesale,,,,,,9838.0,lb,,2453,National Daily Boxed Beef Cutout & Boxed Beef Cuts - Negotiated Sales - PM (PDF) (LM_XB403),2026-09-26T15:00:20+00:00
8dc7030a681a6eab,2019-01-31,Beef,"Rib, ribeye, bnls, light (112A  3)",Choice Cuts,,,,Choice,,,,,754.0,813.5,,,769.39,$/cwt,7.6939,per lb,National,wholesale,,,,,,41980.0,lb,,2453,National Daily Boxed Beef Cutout & Boxed Beef Cuts - Negotiated Sales - PM (PDF) (LM_XB403),2026-09-26T15:00:20+00:00
1ed8bf52e80abd94,2019-01-31,Beef,"Rib, ribeye, lip-on, bn-in (109E  1)",Choice Cuts,,,,Choice,,,,,613.0,706.5,,,615.86,$/cwt,6.1586,per lb,National,wholesale,,,,,,672238.0,lb,,2453,National Daily Boxed Beef Cutout & Boxed Beef Cuts - Negotiated Sales - PM (PDF) (LM_XB403),2026-09-26T15:00:20+00:00
3b2a8073286bc427,2019-01-31,Beef,"Round, bottom gooseneck (170  1)",Choice Cuts,,,,Choice,,,,,190.18,223.0,,,192.54,$/cwt,1.9254,per lb,National,wholesale,,,,,,45173.0,lb,,2453,National Daily Boxed Beef Cutout & Boxed Beef Cuts - Negotiated Sales - PM (PDF) (LM_XB403),2026-09-26T15:00:20+00:00
521d7b662476b5ab,2019-01-31,Beef,"Round, eye of round (171C  3)",Choice Cuts,,,,Choice,,,,,255.5,282.0,,,266.06,$/cwt,2.6606,per lb,National,wholesale,,,,,,144364.0,lb,,2453,National Daily Boxed Beef Cutout & Boxed Beef Cuts - Negotiated Sales - PM (PDF) (LM_XB403),2026-09-26T15:00:20+00:00
eed8988624ff006c,2019-01-31,Beef,"Round, eye of round (171C  3)",Select Cuts,,,,Select,,,,,255.5,275.0,,,262.13,$/cwt,2.6213,per lb,National,wholesale,,,,,,9332.0,lb,,2453,National Daily Boxed Beef Cutout & Boxed Beef Cuts - Negotiated Sales - PM (PDF) (LM_XB403),2026-09-26T15:00:20+00:00
1e06f2c0fbe2b5b6,2019-01-31,Beef,"Round, knuckle, peeled (167A  4)",Choice Cuts,,,,Choice,,,,,235.0,268.0,,,247.02,$/cwt,2.4702,per lb,National,wholesale,,,,,,46387.0,lb,,2453,National Daily Boxed Beef Cutout & Boxed Beef Cuts - Negotiated Sales - PM (PDF) (LM_XB403),2026-09-26T15:00:20+00:00
327e008351ff2303,2019-01-31,Beef,"Round, knuckle, peeled (167A  4)",Select Cuts,,,,Select,,,,,245.1,254.0,,,246.11,$/cwt,2.4611,per lb,National,wholesale,,,,,,30398.0,lb,,2453,National Daily Boxed Beef Cutout & Boxed Beef Cuts - Negotiated Sales - PM (PDF) (LM_XB403),2026-09-26T15:00:20+00:00
3e6fbccbe73bf8b6,2019-01-31,Beef,"Round, outside round (171B  3)",Choice Cuts,,,,Choice,,,,,216.25,226.5,,,223.29,$/cwt,2.2329,per lb,National,wholesale,,,,,,79480.0,lb,,2453,National Daily Boxed Beef Cutout & Boxed Beef Cuts - Negotiated Sales - PM (PDF) (LM_XB403),2026-09-26T15:00:20+00:00
9f9d661dc1e435ad,2019-01-31,Beef,"Round, outside round (171B  3)",Select Cuts,,,,Select,,,,,216.3,221.74,,,219.8,$/cwt,2.198,per lb,National,wholesale,,,,,,6802.0,lb,,2453,National Daily Boxed Beef Cutout & Boxed Beef Cuts - Negotiated Sales - PM (PDF) (LM_XB403),2026-09-26T15:00:20+00:00
ff103f609b1e32de,2019-01-31,Beef,"Round, top inside round (168  1)",Choice Cuts,,,,Choice,,,,,218.0,227.0,,,221.11,$/cwt,2.2111,per lb,National,wholesale,,,,,,23877.0,lb,,2453,National Daily Boxed Beef Cutout & Boxed Beef Cuts - Negotiated Sales - PM (PDF) (LM_XB403),2026-09-26T15:00:20+00:00
8a23eb29280c1890,2019-01-31,Beef,"Round, top inside round (168  3)",Choice Cuts,,,,Choice,,,,,217.0,238.0,,,225.15,$/cwt,2.2515,per lb,National,wholesale,,,,,,252019.0,lb,,2453,National Daily Boxed Beef Cutout & Boxed Beef Cuts - Negotiated Sales - PM (PDF) (LM_XB403),2026-09-26T15:00:20+00:00
8626dc3b8d1c242c,2019-01-31,Beef,"Round, top inside, cap off (169A  5)",Select Cuts,,,,Select,,,,,294.75,298.0,,,297.49,$/cwt,2.9749,per lb,National,wholesale,,,,,,1862.0,lb,,2453,National Daily Boxed Beef Cutout & Boxed Beef Cuts - Negotiated Sales - PM (PDF) (LM_XB403),2026-09-26T15:00:20+00:00
29873dd3e42fc23e,2019-01-31,Beef,"Round, top inside, denuded (169  5)",Choice Cuts,,,,Choice,,,,,248.82,274.0,,,253.67,$/cwt,2.5367,per lb,National,wholesale,,,,,,29958.0,lb,,2453,National Daily Boxed Beef Cutout & Boxed Beef Cuts - Negotiated Sales - PM (PDF) (LM_XB403),2026-09-26T15:00:20+00:00
73eba4dab9ed156b,2019-01-31,Beef,"Short Plate, short rib (123A  3)",Choice Cuts,,,,Choice,,,,,470.0,575.0,,,519.82,$/cwt,5.1982,per lb,National,wholesale,,,,,,30247.0,lb,,2453,National Daily Boxed Beef Cutout & Boxed Beef Cuts - Negotiated Sales - PM (PDF) (LM_XB403),2026-09-26T15:00:20+00:00
