row_id,report_date,commodity,variety,pack_size,count_size,item_size,properties,grade,organic,appearance,condition,quality,low_price,high_price,mostly_low_price,mostly_high_price,unit_price,price_unit,normalized_price,normalized_unit,market,market_type,origin,origin_detail,other_attributes,reporter_comment,market_tone,volume,volume_unit,store_count,report_id,report_title,fetched_at
5a0232a9501b6f09,2019-02-01,Beef,"Brisket, deckle-off, bnls (120  1)",Choice Cuts,,,,Choice,,,,,257.0,295.5,,,267.81,$/cwt,2.6781,per lb,National,wholesale,,,,,,169812.0,lb,,2453,National Daily Boxed Beef Cutout & Boxed Beef Cuts - Negotiated Sales - PM (PDF) (LM_XB403),2026-09-26T15:00:20+00:00
f6961b8980698ac5,2019-02-01,Beef,"Brisket, point/off, bnls (120A  3)",Choice Cuts,,,,Choice,,,,,440.0,474.89,,,447.07,$/cwt,4.4707,per lb,National,wholesale,,,,,,18780.0,lb,,2453,National Daily Boxed Beef Cutout & Boxed Beef Cuts - Negotiated Sales - PM (PDF) (LM_XB403),2026-09-26T15:00:20+00:00
64302817bd1bb24c,2019-02-01,Beef,"Chuck, chuck tender (116B  1)",Choice Cuts,,,,Choice,,,,,225.0,246.26,,,237.31,$/cwt,2.3731,per lb,National,wholesale,,,,,,84006.0,lb,,2453,National Daily Boxed Beef Cutout & Boxed Beef Cuts - Negotiated Sales - PM (PDF) (LM_XB403),2026-09-26T15:00:20+00:00
fa70a0c586c3d7ea,2019-02-01,Beef,"Chuck, chuck tender (116B  1)",Select Cuts,,,,Select,,,,,228.0,249.0,,,237.62,$/cwt,2.3762,per lb,National,wholesale,,,,,,11101.0,lb,,2453,National Daily Boxed Beef Cutout & Boxed Beef Cuts - Negotiated Sales - PM (PDF) (LM_XB403),2026-09-26T15:00:20+00:00
0f6035291d065153,2019-02-01,Beef,"Chuck, clod tender (114F  5)",Choice Cuts,,,,Choice,,,,,440.0,450.0,,,442.45,$/cwt,4.4245,per lb,National,wholesale,,,,,,9567.0,lb,,2453,National Daily Boxed Beef Cutout & Boxed Beef Cuts - Negotiated Sales - PM (PDF) (LM_XB403),2026-09-26T15:00:20+00:00
cbff31a25b7bf7a0,2019-02-01,Beef,"Chuck, clod tender (114F  5)",Select Cuts,,,,Select,,,,,430.0,473.35,,,457.58,$/cwt,4.5758,per lb,National,wholesale,,,,,,3394.0,lb,,2453,National Daily Boxed Beef Cutout & Boxed Beef Cuts - Negotiated Sales - PM (PDF) (LM_XB403),2026-09-26T15:00:20+00:00
635b2e3952a1e8e4,2019-02-01,Beef,"Chuck, clod, arm roast (114E  3)",Choice Cuts,,,,Choice,,,,,265.0,287.0,,,277.99,$/cwt,2.7799,per lb,National,wholesale,,,,,,12586.0,lb,,2453,National Daily Boxed Beef Cutout & Boxed Beef Cuts - Negotiated Sales - PM (PDF) (LM_XB403),2026-09-26T15:00:20+00:00
1da99f51161edbc2,2019-02-01,Beef,"Chuck, flap (116G  4)",Choice Cuts,,,,Choice,,,,,544.62,569.78,,,566.1,$/cwt,5.661,per lb,National,wholesale,,,,,,3653.0,lb,,2453,National Daily Boxed Beef Cutout & Boxed Beef Cuts - Negotiated Sales - PM (PDF) (LM_XB403),2026-09-26T15:00:20+00:00
6da2681f200fd2e6,2019-02-01,Beef,"Chuck, flap (116G  4)",Select Cuts,,,,Select,,,,,475.39,541.35,,,523.7,$/cwt,5.237,per lb,National,wholesale,,,,,,5059.0,lb,,2453,National Daily Boxed Beef Cutout & Boxed Beef Cuts - Negotiated Sales - PM (PDF) (LM_XB403),2026-09-26T15:00:20+00:00
c4fc2fc37db99e51,2019-02-01,Beef,"Chuck, roll, lxl, neck/off (116A  3)",Choice Cuts,,,,Choice,,,,,276.25,310.0,,,288.46,$/cwt,2.8846,per lb,National,wholesale,,,,,,119574.0,lb,,2453,National Daily Boxed Beef Cutout & Boxed Beef Cuts - Negotiated Sales - PM (PDF) (LM_XB403),2026-09-26T15:00:20+00:00
0918dc6812279ce9,2019-02-01,Beef,"Chuck, roll, lxl, neck/off (116A  3)",Select Cuts,,,,Select,,,,,279.7,286.78,,,284.8,$/cwt,2.848,per lb,National,wholesale,,,,,,17647.0,lb,,2453,National Daily Boxed Beef Cutout & Boxed Beef Cuts - Negotiated Sales - PM (PDF) (LM_XB403),2026-09-26T15:00:20+00:00
7abd304a929d1bbc,2019-02-01,Beef,"Chuck, semi-bnls, neck/off (113C  1)",Choice Cuts,,,,Choice,,,,,226.7,242.99,,,239.52,$/cwt,2.3952,per lb,National,wholesale,,,,,,14390.0,lb,,2453,National Daily Boxed Beef Cutout & Boxed Beef Cuts - Negotiated Sales - PM (PDF) (LM_XB403),2026-09-26T15:00:20+00:00
aa93ee28cff4095a,2019-02-01,Beef,"Chuck, short rib (130  4)",Choice Cuts,,,,Choice,,,,,317.17,360.25,,,330.17,$/cwt,3.3017,per lb,National,wholesale,,,,,,24564.0,lb,,2453,National Daily Boxed Beef Cutout & Boxed Beef Cuts - Negotiated Sales - PM (PDF) (LM_XB403),2026-09-26T15:00:20+00:00
1f3b61b85a563908,2019-02-01,Beef,"Chuck, shoulder clod (114  1)",Choice Cuts,,,,Choice,,,,,214.49,226.37,,,221.85,$/cwt,2.2185,per lb,National,wholesale,,,,,,6745.0,lb,,2453,National Daily Boxed Beef Cutout & Boxed Beef Cuts - Negotiated Sales - PM (PDF) (LM_XB403),2026-09-26T15:00:20+00:00
842415b933f0fc99,2019-02-01,Beef,"Chuck, shoulder clod (114  1)",Select Cuts,,,,Select,,,,,206.75,217.78,,,211.2,$/cwt,2.112,per lb,National,wholesale,,,,,,3795.0,lb,,2453,National Daily Boxed Beef Cutout & Boxed Beef Cuts - Negotiated Sales - PM (PDF) (LM_XB403),2026-09-26T15:00:20+00:00
3a2b6d66ebbc01ed,2019-02-01,Beef,"Chuck, shoulder clod, trmd (114A  3)",Choice Cuts,,,,Choice,,,,,216.75,231.37,,,220.67,$/cwt,2.2067,per lb,National,wholesale,,,,,,50778.0,lb,,2453,National Daily Boxed Beef Cutout & Boxed Beef Cuts - Negotiated Sales - PM (PDF) (LM_XB403),2026-09-26T15:00:20+00:00
aa3ab9b695faa081,2019-02-01,Beef,Cutout 600-900 lb,,,,,Choice,,,,,,,,,214.26,$/cwt,2.1426,per lb,National,wholesale,,,,,,,,,2453,National Daily Boxed Beef Cutout & Boxed Beef Cuts - Negotiated Sales - PM (PDF) (LM_XB403),2026-09-26T15:00:20+00:00
e7efd9a543ee905b,2019-02-01,Beef,Cutout 600-900 lb,,,,,Select,,,,,,,,,213.15,$/cwt,2.1315,per lb,National,wholesale,,,,,,,,,2453,National Daily Boxed Beef Cutout & Boxed Beef Cuts - Negotiated Sales - PM (PDF) (LM_XB403),2026-09-26T15:00:20+00:00
2e1b9a37c5525235,2019-02-01,Beef,"Flank, flank steak (193  4)",Choice Cuts,,,,Choice,,,,,482.0,506.5,,,491.65,$/cwt,4.9165,per lb,National,wholesale,,,,,,19409.0,lb,,2453,National Daily Boxed Beef Cutout & Boxed Beef Cuts - Negotiated Sales - PM (PDF) (LM_XB403),2026-09-26T15:00:20+00:00
675c45ba4495f75c,2019-02-01,Beef,"Flank, flank steak (193  4)",Select Cuts,,,,Select,,,,,479.5,485.0,,,484.42,$/cwt,4.8442,per lb,National,wholesale,,,,,,9207.0,lb,,2453,National Daily Boxed Beef Cutout & Boxed Beef Cuts - Negotiated Sales - PM (PDF) (LM_XB403),2026-09-26T15:00:20+00:00
00821b644da7aee8,2019-02-01,Beef,Ground Beef 73%,Ground Beef,,,,,,,,,158.0,180.7,,,164.64,$/cwt,1.6464,per lb,National,wholesale,,,,,,136034.0,lb,,2453,National Daily Boxed Beef Cutout & Boxed Beef Cuts - Negotiated Sales - PM (PDF) (LM_XB403),2026-09-26T15:00:20+00:00
91b7db3f198ab09c,2019-02-01,Beef,Ground Beef 81%,Ground Beef,,,,,,,,,177.0,200.0,,,189.19,$/cwt,1.8919,per lb,National,wholesale,,,,,,54041.0,lb,,2453,National Daily Boxed Beef Cutout & Boxed Beef Cuts - Negotiated Sales - PM (PDF) (LM_XB403),2026-09-26T15:00:20+00:00
0cc92dca8197dfb8,2019-02-01,Beef,Ground Beef 93%,Ground Beef,,,,,,,,,307.05,308.31,,,308.0,$/cwt,3.08,per lb,National,wholesale,,,,,,67788.0,lb,,2453,National Daily Boxed Beef Cutout & Boxed Beef Cuts - Negotiated Sales - PM (PDF) (LM_XB403),2026-09-26T15:00:20+00:00
312c93d06c92526e,2019-02-01,Beef,Ground Beef Chuck,Ground Beef,,,,,,,,,192.0,205.0,,,194.25,$/cwt,1.9425,per lb,National,wholesale,,,,,,68932.0,lb,,2453,National Daily Boxed Beef Cutout & Boxed Beef Cuts - Negotiated Sales - PM (PDF) (LM_XB403),2026-09-26T15:00:20+00:00
a101d38dab198728,2019-02-01,Beef,"Loin, ball-tip, bnls, heavy (185B  1)",Choice Cuts,,,,Choice,,,,,270.0,270.0,,,270.0,$/cwt,2.7,per lb,National,wholesale,,,,,,42448.0,lb,,2453,National Daily Boxed Beef Cutout & Boxed Beef Cuts - Negotiated Sales - PM (PDF) (LM_XB403),2026-09-26T15:00:20+00:00
6d61c0520fd94126,2019-02-01,Beef,"Loin, ball-tip, bnls, heavy (185B  1)",Select Cuts,,,,Select,,,,,245.83,250.0,,,247.32,$/cwt,2.4732,per lb,National,wholesale,,,,,,1021.0,lb,,2453,National Daily Boxed Beef Cutout & Boxed Beef Cuts - Negotiated Sales - PM (PDF) (LM_XB403),2026-09-26T15:00:20+00:00
b8f88569803d0a00,2019-02-01,Beef,"Loin, bottom sirloin, flap (185A  4)",Choice Cuts,,,,Choice,,,,,520.0,570.0,,,540.29,$/cwt,5.4029,per lb,National,wholesale,,,,,,35443.0,lb,,2453,National Daily Boxed Beef Cutout & Boxed Beef Cuts - Negotiated Sales - PM (PDF) (LM_XB403),2026-09-26T15:00:20+00:00
1a1d01574d544da2,2019-02-01,Beef,"Loin, bottom sirloin, flap (185A  4)",Select Cuts,,,,Select,,,,,507.89,541.5,,,512.37,$/cwt,5.1237,per lb,National,wholesale,,,,,,22142.0,lb,,2453,National Daily Boxed Beef Cutout & Boxed Beef Cuts - Negotiated Sales - PM (PDF) (LM_XB403),2026-09-26T15:00:20+00:00
47dd93750b29f97a,2019-02-01,Beef,"Loin, butt tender, trimmed (191A  4)",Choice Cuts,,,,Choice,,,,,960.55,1000.0,,,964.85,$/cwt,9.6485,per lb,National,wholesale,,,,,,2396.0,lb,,2453,National Daily Boxed Beef Cutout & Boxed Beef Cuts - Negotiated Sales - PM (PDF) (LM_XB403),2026-09-26T15:00:20+00:00
c2ceaa142d58ea54,2019-02-01,Beef,"Loin, short loin, 0x1 (174  3)",Choice Cuts,,,,Choice,,,,,505.0,540.0,,,523.02,$/cwt,5.2302,per lb,National,wholesale,,,,,,4517.0,lb,,2453,National Daily Boxed Beef Cutout & Boxed Beef Cuts - Negotiated Sales - PM (PDF) (LM_XB403),2026-09-26T15:00:20+00:00
bf46bbffa7290983,2019-02-01,Beef,"Loin, sirloin, tri-tip (185C  1)",Choice Cuts,,,,Choice,,,,,310.35,327.25,,,322.62,$/cwt,3.2262,per lb,National,wholesale,,,,,,3086.0,lb,,2453,National Daily Boxed Beef Cutout & Boxed Beef Cuts - Negotiated Sales - PM (PDF) (LM_XB403),2026-09-26T15:00:20+00:00
0ed9e045d9997d5e,2019-02-01,Beef,"Loin, sirloin, tri-tip (185C  1)",Select Cuts,,,,Select,,,,,245.0,264.09,,,259.6,$/cwt,2.596,per lb,National,wholesale,,,,,,5058.0,lb,,2453,National Daily Boxed Beef Cutout & Boxed Beef Cuts - Negotiated Sales - PM (PDF) (LM_XB403),2026-09-26T15:00:20+00:00
a134ec51a3475215,2019-02-01,Beef,"Loin, sirloin, tri-tip, pld (185D  4)",Choice Cuts,,,,Choice,,,,,425.0,463.0,,,455.14,$/cwt,4.5514,per lb,National,wholesale,,,,,,45145.0,lb,,2453,National Daily Boxed Beef Cutout & Boxed Beef Cuts - Negotiated Sales - PM (PDF) (LM_XB403),2026-09-26T15:00:20+00:00
ff5b5b63c10c74eb,2019-02-01,Beef,"Loin, strip, bnls, 0x1 (180  3)",Choice Cuts,,,,Choice,,,,,533.9,562.0,,,539.96,$/cwt,5.3996,per lb,National,wholesale,,,,,,143432.0,lb,,2453,National Daily Boxed Beef Cutout & Boxed Beef Cuts - Negotiated Sales - PM (PDF) (LM_XB403),2026-09-26T15:00:20+00:00
6eda9ac3941b095a,2019-02-01,Beef,"Loin, strip, bnls, 0x1 (180  3)",Select Cuts,,,,Select,,,,,515.0,552.99,,,524.55,$/cwt,5.2455,per lb,National,wholesale,,,,,,25014.0,lb,,2453,National Daily Boxed Beef Cutout & Boxed Beef Cuts - Negotiated Sales - PM (PDF) (LM_XB403),2026-09-26T15:00:20+00:00
0ab7ecb7d271abf7,2019-02-01,Beef,"Loin, tndrloin, trmd, heavy (189A  4)",Choice Cuts,,,,Choice,,,,,991.14,1156.5,,,1043.69,$/cwt,10.4369,per lb,National,wholesale,,,,,,56091.0,lb,,2453,National Daily Boxed Beef Cutout & Boxed Beef Cuts - Negotiated Sales - PM (PDF) (LM_XB403),2026-09-26T15:00:20+00:00
58b33b40823c5a58,2019-02-01,Beef,"Loin, top butt, boneless (184  3)",Choice Cuts,,,,Choice,,,,,350.44,367.0,,,354.07,$/cwt,3.5407,per lb,National,wholesale,,,,,,115047.0,lb,,2453,National Daily Boxed Beef Cutout & Boxed Beef Cuts - Negotiated Sales - PM (PDF) (LM_XB403),2026-09-26T15:00:20+00:00
c7ac68b1effbfb25,2019-02-01,Beef,"Loin, top butt, boneless (184  3)",Select Cuts,,,,Select,,,,,341.0,369.37,,,344.97,$/cwt,3.4497,per lb,National,wholesale,,,,,,23500.0,lb,,2453,National Daily Boxed Beef Cutout & Boxed Beef Cuts - Negotiated Sales - PM (PDF) (LM_XB403),2026-09-26T15:00:20+00:00
f2f2bf81d4f7be1c,2019-02-01,Beef,"Rib, ribeye, bnls, heavy (112A  3)",Choice Cuts,,,,Choice,,,,,747.0,785.0,,,764.21,$/cwt,7.6421,per lb,National,wholesale,,,,,,64569.0,lb,,2453,National Daily Boxed Beef Cutout & Boxed Beef Cuts - Negotiated Sales - PM (PDF) (LM_XB403),2026-09-26T15:00:20+00:00
33c0057037acd828,2019-02-01,Beef,"Rib, ribeye, bnls, heavy (112A  3)",Select Cuts,,,,Select,,,,,690.0,720.0,,,696.78,$/cwt,6.9678,per lb,National,wholesale,,,,,,9192.0,lb,,2453,National Daily Boxed Beef Cutout & Boxed Beef Cuts - Negotiated Sales - PM (PDF) (LM_XB403),2026-09-26T15:00:20+00:00
4fdfea02d9b52fc1,2019-02-01,Beef,"Rib, ribeye, bnls, light (112A  3)",Choice Cuts,,,,Choice,,,,,780.0,816.5,,,785.48,$/cwt,7.8548,per lb,National,wholesale,,,,,,19547.0,lb,,2453,National Daily Boxed Beef Cutout & Boxed Beef Cuts - Negotiated Sales - PM (PDF) (LM_XB403),2026-09-26T15:00:20+00:00
0001a59a86100893,2019-02-01,Beef,"Rib, ribeye, bnls, light (112A  3)",Select Cuts,,,,Select,,,,,690.0,731.5,,,690.6,$/cwt,6.906,per lb,National,wholesale,,,,,,20656.0,lb,,2453,National Daily Boxed Beef Cutout & Boxed Beef Cuts - Negotiated Sales - PM (PDF) (LM_XB403),2026-09-26T15:00:20+00:00
70a4f8e7dd9c83ba,2019-02-01,Beef,"Rib, ribeye, lip-on, bn-in (109E  1)",Choice Cuts,,,,Choice,,,,,670.76,706.5,,,686.44,$/cwt,6.8644,per lb,National,wholesale,,,,,,1990.0,lb,,2453,National Daily Boxed Beef Cutout & Boxed Beef Cuts - Negotiated Sales - PM (PDF) (LM_XB403),2026-09-26T15:00:20+00:00
9535ab58b8bea634,2019-02-01,Beef,"Round, bottom gooseneck (170  1)",Choice Cuts,,,,Choice,,,,,197.98,212.25,,,205.55,$/cwt,2.0555,per lb,National,wholesale,,,,,,1457.0,lb,,2453,National Daily Boxed Beef Cutout & Boxed Beef Cuts - Negotiated Sales - PM (PDF) (LM_XB403),2026-09-26T15:00:20+00:00
5a77882eb38c8243,2019-02-01,Beef,"Round, eye of round (171C  3)",Choice Cuts,,,,Choice,,,,,253.24,270.0,,,260.81,$/cwt,2.6081,per lb,National,wholesale,,,,,,40806.0,lb,,2453,National Daily Boxed Beef Cutout & Boxed Beef Cuts - Negotiated Sales - PM (PDF) (LM_XB403),2026-09-26T15:00:20+00:00
bb79e83037552ddf,2019-02-01,Beef,"Round, eye of round (171C  3)",Select Cuts,,,,Select,,,,,256.25,268.83,,,266.31,$/cwt,2.6631,per lb,National,wholesale,,,,,,28194.0,lb,,2453,National Daily Boxed Beef Cutout & Boxed Beef Cuts - Negotiated Sales - PM (PDF) (LM_XB403),2026-09-26T15:00:20+00:00
4e3b78937a534b73,2019-02-01,Beef,"Round, knuckle, peeled (167A  4)",Choice Cuts,,,,Choice,,,,,235.0,257.25,,,243.88,$/cwt,2.4388,per lb,National,wholesale,,,,,,119871.0,lb,,2453,National Daily Boxed Beef Cutout & Boxed Beef Cuts - Negotiated Sales - PM (PDF) (LM_XB403),2026-09-26T15:00:20+00:00
fbfd77729efcf610,2019-02-01,Beef,"Round, knuckle, peeled (167A  4)",Select Cuts,,,,Select,,,,,235.0,250.0,,,244.27,$/cwt,2.4427,per lb,National,wholesale,,,,,,8487.0,lb,,2453,National Daily Boxed Beef Cutout & Boxed Beef Cuts - Negotiated Sales - PM (PDF) (LM_XB403),2026-09-26T15:00:20+00:00
51fce30a5d633c61,2019-02-01,Beef,"Round, outside round (171B  3)",Choice Cuts,,,,Choice,,,,,214.7,237.99,,,222.15,$/cwt,2.2215,per lb,National,wholesale,,,,,,102751.0,lb,,2453,National Daily Boxed Beef Cutout & Boxed Beef Cuts - Negotiated Sales - PM (PDF) (LM_XB403),2026-09-26T15:00:20+00:00
bb719b5977f49d3d,2019-02-01,Beef,"Round, outside round (171B  3)",Select Cuts,,,,Select,,,,,220.0,225.04,,,222.24,$/cwt,2.2224,per lb,National,wholesale,,,,,,12590.0,lb,,2453,National Daily Boxed Beef Cutout & Boxed Beef Cuts - Negotiated Sales - PM (PDF) (LM_XB403),2026-09-26T15:00:20+00:00
ce5a9ff3aa5828c7,2019-02-01,Beef,"Round, top inside round (168  1)",Choice Cuts,,,,Choice,,,,,218.0,225.35,,,220.93,$/cwt,2.2093,per lb,National,wholesale,,,,,,9957.0,lb,,2453,National Daily Boxed Beef Cutout & Boxed Beef Cuts - Negotiated Sales - PM (PDF) (LM_XB403),2026-09-26T15:00:20+00:00
e75c3f09e8e23046,2019-02-01,Beef,"Round, top inside round (168  3)",Choice Cuts,,,,Choice,,,,,218.05,237.0,,,222.86,$/cwt,2.2286,per lb,National,wholesale,,,,,,156323.0,lb,,2453,National Daily Boxed Beef Cutout & Boxed Beef Cuts - Negotiated Sales - PM (PDF) (LM_XB403),2026-09-26T15:00:20+00:00
27777ec2f4f5cf5a,2019-02-01,Beef,"Round, top inside round (168  3)",Select Cuts,,,,Select,,,,,223.47,229.5,,,225.11,$/cwt,2.2511,per lb,National,wholesale,,,,,,21697.0,lb,,2453,National Daily Boxed Beef Cutout & Boxed Beef Cuts - Negotiated Sales - PM (PDF) (LM_XB403),2026-09-26T15:00:20+00:00
274f96d28f9fb69c,2019-02-01,Beef,"Round, top inside, denuded (169  5)",Choice Cuts,,,,Choice,,,,,252.95,272.25,,,253.97,$/cwt,2.5397,per lb,National,wholesale,,,,,,36624.0,lb,,2453,National Daily Boxed Beef Cutout & Boxed Beef Cuts - Negotiated Sales - PM (PDF) (LM_XB403),2026-09-26T15:00:20+00:00
c21f570edd982727,2019-02-01,Beef,"Short Plate, short rib (123A  3)",Choice Cuts,,,,Choice,,,,,499.68,625.0,,,551.61,$/cwt,5.5161,per lb,National,wholesale,,,,,,25698.0,lb,,2453,National Daily Boxed Beef Cutout & Boxed Beef Cuts - Negotiated Sales - PM (PDF) (LM_XB403),2026-09-26T15:00:20+00:00
fa91266124d953df,2019-02-04,Beef,"Brisket, deckle-off, bnls (120  1)",Choice Cuts,,,,Choice,,,,,257.0,289.84,,,269.83,$/cwt,2.6983,per lb,National,wholesale,,,,,,243557.0,lb,,2453,National Daily Boxed Beef Cutout & Boxed Beef Cuts - Negotiated Sales - PM (PDF) (LM_XB403),2026-09-26T15:00:20+00:00
8a496f3f21b98267,2019-02-04,Beef,"Brisket, deckle-off, bnls (120  1)",Select Cuts,,,,Select,,,,,256.75,275.0,,,266.61,$/cwt,2.6661,per lb,National,wholesale,,,,,,295304.0,lb,,2453,National Daily Boxed Beef Cutout & Boxed Beef Cuts - Negotiated Sales - PM (PDF) (LM_XB403),2026-09-26T15:00:20+00:00
5bf8204676fff174,2019-02-04,Beef,"Brisket, point/off, bnls (120A  3)",Choice Cuts,,,,Choice,,,,,455.0,475.41,,,468.31,$/cwt,4.6831,per lb,National,wholesale,,,,,,6344.0,lb,,2453,National Daily Boxed Beef Cutout & Boxed Beef Cuts - Negotiated Sales - PM (PDF) (LM_XB403),2026-09-26T15:00:20+00:00
56f085abb7ad0bfd,2019-02-04,Beef,"Chuck, chuck tender (116B  1)",Choice Cuts,,,,Choice,,,,,225.79,252.0,,,247.12,$/cwt,2.4712,per lb,National,wholesale,,,,,,6510.0,lb,,2453,National Daily Boxed Beef Cutout & Boxed Beef Cuts - Negotiated Sales - PM (PDF) (LM_XB403),2026-09-26T15:00:20+00:00
a460bd0052ac0c5a,2019-02-04,Beef,"Chuck, chuck tender (116B  1)",Select Cuts,,,,Select,,,,,230.0,241.91,,,238.37,$/cwt,2.3837,per lb,National,wholesale,,,,,,6066.0,lb,,2453,National Daily Boxed Beef Cutout & Boxed Beef Cuts - Negotiated Sales - PM (PDF) (LM_XB403),2026-09-26T15:00:20+00:00
8114eb4a183ddf75,2019-02-04,Beef,"Chuck, clod tender (114F  5)",Choice Cuts,,,,Choice,,,,,438.0,440.0,,,439.96,$/cwt,4.3996,per lb,National,wholesale,,,,,,8421.0,lb,,2453,National Daily Boxed Beef Cutout & Boxed Beef Cuts - Negotiated Sales - PM (PDF) (LM_XB403),2026-09-26T15:00:20+00:00
26953cb63f9eb272,2019-02-04,Beef,"Chuck, clod tender (114F  5)",Select Cuts,,,,Select,,,,,430.0,479.35,,,451.47,$/cwt,4.5147,per lb,National,wholesale,,,,,,4288.0,lb,,2453,National Daily Boxed Beef Cutout & Boxed Beef Cuts - Negotiated Sales - PM (PDF) (LM_XB403),2026-09-26T15:00:20+00:00
56cc263ec04833ae,2019-02-04,Beef,"Chuck, clod, arm roast (114E  3)",Choice Cuts,,,,Choice,,,,,265.0,281.98,,,269.38,$/cwt,2.6938,per lb,National,wholesale,,,,,,16553.0,lb,,2453,National Daily Boxed Beef Cutout & Boxed Beef Cuts - Negotiated Sales - PM (PDF) (LM_XB403),2026-09-26T15:00:20+00:00
910f003ebb717463,2019-02-04,Beef,"Chuck, clod, top blade (114D  3)",Choice Cuts,,,,Choice,,,,,347.74,356.38,,,352.56,$/cwt,3.5256,per lb,National,wholesale,,,,,,6187.0,lb,,2453,National Daily Boxed Beef Cutout & Boxed Beef Cuts - Negotiated Sales - PM (PDF) (LM_XB403),2026-09-26T15:00:20+00:00
6ced7e7faca6df93,2019-02-04,Beef,"Chuck, flap (116G  4)",Choice Cuts,,,,Choice,,,,,526.0,675.75,,,577.46,$/cwt,5.7746,per lb,National,wholesale,,,,,,20448.0,lb,,2453,National Daily Boxed Beef Cutout & Boxed Beef Cuts - Negotiated Sales - PM (PDF) (LM_XB403),2026-09-26T15:00:20+00:00
aea1da29218786ff,2019-02-04,Beef,"Chuck, flap (116G  4)",Select Cuts,,,,Select,,,,,475.35,477.44,,,475.74,$/cwt,4.7574,per lb,National,wholesale,,,,,,6292.0,lb,,2453,National Daily Boxed Beef Cutout & Boxed Beef Cuts - Negotiated Sales - PM (PDF) (LM_XB403),2026-09-26T15:00:20+00:00
88d37a0562990be2,2019-02-04,Beef,"Chuck, roll, lxl, neck/off (116A  3)",Choice Cuts,,,,Choice,,,,,281.75,296.88,,,284.73,$/cwt,2.8473,per lb,National,wholesale,,,,,,100844.0,lb,,2453,National Daily Boxed Beef Cutout & Boxed Beef Cuts - Negotiated Sales - PM (PDF) (LM_XB403),2026-09-26T15:00:20+00:00
82485d55a94525bf,2019-02-04,Beef,"Chuck, roll, lxl, neck/off (116A  3)",Select Cuts,,,,Select,,,,,272.0,290.63,,,280.91,$/cwt,2.8091,per lb,National,wholesale,,,,,,76206.0,lb,,2453,National Daily Boxed Beef Cutout & Boxed Beef Cuts - Negotiated Sales - PM (PDF) (LM_XB403),2026-09-26T15:00:20+00:00
5583f9707911909f,2019-02-04,Beef,"Chuck, semi-bnls, neck/off (113C  1)",Choice Cuts,,,,Choice,,,,,236.25,240.63,,,238.94,$/cwt,2.3894,per lb,National,wholesale,,,,,,13008.0,lb,,2453,National Daily Boxed Beef Cutout & Boxed Beef Cuts - Negotiated Sales - PM (PDF) (LM_XB403),2026-09-26T15:00:20+00:00
234eeb9707622899,2019-02-04,Beef,"Chuck, short rib (130  4)",Choice Cuts,,,,Choice,,,,,314.85,383.0,,,359.4,$/cwt,3.594,per lb,National,wholesale,,,,,,44465.0,lb,,2453,National Daily Boxed Beef Cutout & Boxed Beef Cuts - Negotiated Sales - PM (PDF) (LM_XB403),2026-09-26T15:00:20+00:00
655afb98cc59ca9f,2019-02-04,Beef,"Chuck, short rib (130  4)",Select Cuts,,,,Select,,,,,315.35,340.0,,,320.8,$/cwt,3.208,per lb,National,wholesale,,,,,,11412.0,lb,,2453,National Daily Boxed Beef Cutout & Boxed Beef Cuts - Negotiated Sales - PM (PDF) (LM_XB403),2026-09-26T15:00:20+00:00
e82a93e5fe87857a,2019-02-04,Beef,"Chuck, shoulder clod (114  1)",Choice Cuts,,,,Choice,,,,,210.0,218.91,,,216.08,$/cwt,2.1608,per lb,National,wholesale,,,,,,27235.0,lb,,2453,National Daily Boxed Beef Cutout & Boxed Beef Cuts - Negotiated Sales - PM (PDF) (LM_XB403),2026-09-26T15:00:20+00:00
b567cf4ffd430244,2019-02-04,Beef,"Chuck, shoulder clod (114  1)",Select Cuts,,,,Select,,,,,206.0,210.0,,,207.77,$/cwt,2.0777,per lb,National,wholesale,,,,,,4088.0,lb,,2453,National Daily Boxed Beef Cutout & Boxed Beef Cuts - Negotiated Sales - PM (PDF) (LM_XB403),2026-09-26T15:00:20+00:00
16062b1ce1a35eef,2019-02-04,Beef,"Chuck, shoulder clod, trmd (114A  3)",Choice Cuts,,,,Choice,,,,,216.0,229.24,,,219.67,$/cwt,2.1967,per lb,National,wholesale,,,,,,58356.0,lb,,2453,National Daily Boxed Beef Cutout & Boxed Beef Cuts - Negotiated Sales - PM (PDF) (LM_XB403),2026-09-26T15:00:20+00:00
08e91206a3c7a439,2019-02-04,Beef,Cutout 600-900 lb,,,,,Select,,,,,,,,,213.41,$/cwt,2.1341,per lb,National,wholesale,,,,,,,,,2453,National Daily Boxed Beef Cutout & Boxed Beef Cuts - Negotiated Sales - PM (PDF) (LM_XB403),2026-09-26T15:00:20+00:00
b4152dc368c7c68f,2019-02-04,Beef,Cutout 600-900 lb,,,,,Choice,,,,,,,,,217.65,$/cwt,2.1765,per lb,National,wholesale,,,,,,,,,2453,National Daily Boxed Beef Cutout & Boxed Beef Cuts - Negotiated Sales - PM (PDF) (LM_XB403),2026-09-26T15:00:20+00:00
1ac95e6151bb9faf,2019-02-04,Beef,"Flank, flank steak (193  4)",Choice Cuts,,,,Choice,,,,,491.23,503.0,,,493.9,$/cwt,4.939,per lb,National,wholesale,,,,,,6296.0,lb,,2453,National Daily Boxed Beef Cutout & Boxed Beef Cuts - Negotiated Sales - PM (PDF) (LM_XB403),2026-09-26T15:00:20+00:00
fd98833beeb204c8,2019-02-04,Beef,"Flank, flank steak (193  4)",Select Cuts,,,,Select,,,,,483.0,496.0,,,493.49,$/cwt,4.9349,per lb,National,wholesale,,,,,,5124.0,lb,,2453,National Daily Boxed Beef Cutout & Boxed Beef Cuts - Negotiated Sales - PM (PDF) (LM_XB403),2026-09-26T15:00:20+00:00
06d87fe041563710,2019-02-04,Beef,Ground Beef 73%,Ground Beef,,,,,,,,,159.89,180.75,,,165.79,$/cwt,1.6579,per lb,National,wholesale,,,,,,145518.0,lb,,2453,National Daily Boxed Beef Cutout & Boxed Beef Cuts - Negotiated Sales - PM (PDF) (LM_XB403),2026-09-26T15:00:20+00:00
ebfe5fcea9bee9f1,2019-02-04,Beef,Ground Beef 81%,Ground Beef,,,,,,,,,180.0,207.5,,,188.3,$/cwt,1.883,per lb,National,wholesale,,,,,,31522.0,lb,,2453,National Daily Boxed Beef Cutout & Boxed Beef Cuts - Negotiated Sales - PM (PDF) (LM_XB403),2026-09-26T15:00:20+00:00
f7a12aae01207555,2019-02-04,Beef,Ground Beef Chuck,Ground Beef,,,,,,,,,177.99,209.42,,,186.8,$/cwt,1.868,per lb,National,wholesale,,,,,,81283.0,lb,,2453,National Daily Boxed Beef Cutout & Boxed Beef Cuts - Negotiated Sales - PM (PDF) (LM_XB403),2026-09-26T15:00:20+00:00
f4a94b6b4ea5637c,2019-02-04,Beef,"Loin, ball-tip, bnls, heavy (185B  1)",Choice Cuts,,,,Choice,,,,,257.25,281.75,,,267.98,$/cwt,2.6798,per lb,National,wholesale,,,,,,35118.0,lb,,2453,National Daily Boxed Beef Cutout & Boxed Beef Cuts - Negotiated Sales - PM (PDF) (LM_XB403),2026-09-26T15:00:20+00:00
3b9e6c47d981b205,2019-02-04,Beef,"Loin, ball-tip, bnls, heavy (185B  1)",Select Cuts,,,,Select,,,,,243.79,247.76,,,247.0,$/cwt,2.47,per lb,National,wholesale,,,,,,2211.0,lb,,2453,National Daily Boxed Beef Cutout & Boxed Beef Cuts - Negotiated Sales - PM (PDF) (LM_XB403),2026-09-26T15:00:20+00:00
460dc5d92ba0b7d0,2019-02-04,Beef,"Loin, bottom sirloin, flap (185A  4)",Choice Cuts,,,,Choice,,,,,525.0,567.5,,,540.57,$/cwt,5.4057,per lb,National,wholesale,,,,,,32973.0,lb,,2453,National Daily Boxed Beef Cutout & Boxed Beef Cuts - Negotiated Sales - PM (PDF) (LM_XB403),2026-09-26T15:00:20+00:00
cfd481b24bb7fd33,2019-02-04,Beef,"Loin, bottom sirloin, flap (185A  4)",Select Cuts,,,,Select,,,,,500.0,535.0,,,501.17,$/cwt,5.0117,per lb,National,wholesale,,,,,,127957.0,lb,,2453,National Daily Boxed Beef Cutout & Boxed Beef Cuts - Negotiated Sales - PM (PDF) (LM_XB403),2026-09-26T15:00:20+00:00
4f336d51212ff818,2019-02-04,Beef,"Loin, butt tender, trimmed (191A  4)",Choice Cuts,,,,Choice,,,,,975.67,1000.0,,,981.81,$/cwt,9.8181,per lb,National,wholesale,,,,,,3362.0,lb,,2453,National Daily Boxed Beef Cutout & Boxed Beef Cuts - Negotiated Sales - PM (PDF) (LM_XB403),2026-09-26T15:00:20+00:00
b8b1c296d4898f7f,2019-02-04,Beef,"Loin, butt tender, trimmed (191A  4)",Select Cuts,,,,Select,,,,,950.04,971.04,,,951.35,$/cwt,9.5135,per lb,National,wholesale,,,,,,2817.0,lb,,2453,National Daily Boxed Beef Cutout & Boxed Beef Cuts - Negotiated Sales - PM (PDF) (LM_XB403),2026-09-26T15:00:20+00:00
33ac60ac888927f5,2019-02-04,Beef,"Loin, short loin, 0x1 (174  3)",Choice Cuts,,,,Choice,,,,,495.17,525.25,,,500.98,$/cwt,5.0098,per lb,National,wholesale,,,,,,12931.0,lb,,2453,National Daily Boxed Beef Cutout & Boxed Beef Cuts - Negotiated Sales - PM (PDF) (LM_XB403),2026-09-26T15:00:20+00:00
c7e39fff2120e5af,2019-02-04,Beef,"Loin, short loin, 0x1 (174  3)",Select Cuts,,,,Select,,,,,515.0,521.24,,,517.9,$/cwt,5.179,per lb,National,wholesale,,,,,,1398.0,lb,,2453,National Daily Boxed Beef Cutout & Boxed Beef Cuts - Negotiated Sales - PM (PDF) (LM_XB403),2026-09-26T15:00:20+00:00
f14edffd6f1f8fd8,2019-02-04,Beef,"Loin, sirloin, tri-tip (185C  1)",Choice Cuts,,,,Choice,,,,,310.0,326.43,,,316.91,$/cwt,3.1691,per lb,National,wholesale,,,,,,4304.0,lb,,2453,National Daily Boxed Beef Cutout & Boxed Beef Cuts - Negotiated Sales - PM (PDF) (LM_XB403),2026-09-26T15:00:20+00:00
76408dac814dfa95,2019-02-04,Beef,"Loin, sirloin, tri-tip (185C  1)",Select Cuts,,,,Select,,,,,258.79,275.27,,,270.66,$/cwt,2.7066,per lb,National,wholesale,,,,,,33266.0,lb,,2453,National Daily Boxed Beef Cutout & Boxed Beef Cuts - Negotiated Sales - PM (PDF) (LM_XB403),2026-09-26T15:00:20+00:00
889754fec7bc22c8,2019-02-04,Beef,"Loin, sirloin, tri-tip, pld (185D  4)",Choice Cuts,,,,Choice,,,,,425.0,452.0,,,441.03,$/cwt,4.4103,per lb,National,wholesale,,,,,,7699.0,lb,,2453,National Daily Boxed Beef Cutout & Boxed Beef Cuts - Negotiated Sales - PM (PDF) (LM_XB403),2026-09-26T15:00:20+00:00
f3c11eeafc3897a5,2019-02-04,Beef,"Loin, strip loin bnls. 1x1 (  1)",Choice Cuts,,,,Choice,,,,,491.0,491.0,,,491.0,$/cwt,4.91,per lb,National,wholesale,,,,,,3303.0,lb,,2453,National Daily Boxed Beef Cutout & Boxed Beef Cuts - Negotiated Sales - PM (PDF) (LM_XB403),2026-09-26T15:00:20+00:00
f528bc5e5d6a8d44,2019-02-04,Beef,"Loin, strip, bnls, 0x1 (180  3)",Choice Cuts,,,,Choice,,,,,534.64,576.77,,,546.55,$/cwt,5.4655,per lb,National,wholesale,,,,,,36794.0,lb,,2453,National Daily Boxed Beef Cutout & Boxed Beef Cuts - Negotiated Sales - PM (PDF) (LM_XB403),2026-09-26T15:00:20+00:00
6a9a262a87254e5d,2019-02-04,Beef,"Loin, strip, bnls, 0x1 (180  3)",Select Cuts,,,,Select,,,,,510.75,543.27,,,530.19,$/cwt,5.3019,per lb,National,wholesale,,,,,,16752.0,lb,,2453,National Daily Boxed Beef Cutout & Boxed Beef Cuts - Negotiated Sales - PM (PDF) (LM_XB403),2026-09-26T15:00:20+00:00
04a7d9d3120f7a57,2019-02-04,Beef,"Loin, tndrloin, trmd, heavy (189A  4)",Choice Cuts,,,,Choice,,,,,1028.04,1104.0,,,1061.99,$/cwt,10.6199,per lb,National,wholesale,,,,,,11392.0,lb,,2453,National Daily Boxed Beef Cutout & Boxed Beef Cuts - Negotiated Sales - PM (PDF) (LM_XB403),2026-09-26T15:00:20+00:00
f70f7d39a256932f,2019-02-04,Beef,"Loin, tndrloin, trmd, heavy (189A  4)",Select Cuts,,,,Select,,,,,1016.91,1047.0,,,1037.13,$/cwt,10.3713,per lb,National,wholesale,,,,,,2365.0,lb,,2453,National Daily Boxed Beef Cutout & Boxed Beef Cuts - Negotiated Sales - PM (PDF) (LM_XB403),2026-09-26T15:00:20+00:00
532b472539133e3c,2019-02-04,Beef,"Loin, top butt, boneless (184  3)",Choice Cuts,,,,Choice,,,,,354.25,369.0,,,360.36,$/cwt,3.6036,per lb,National,wholesale,,,,,,34239.0,lb,,2453,National Daily Boxed Beef Cutout & Boxed Beef Cuts - Negotiated Sales - PM (PDF) (LM_XB403),2026-09-26T15:00:20+00:00
5a9b5f5169907685,2019-02-04,Beef,"Loin, top butt, boneless (184  3)",Select Cuts,,,,Select,,,,,341.0,377.63,,,367.03,$/cwt,3.6703,per lb,National,wholesale,,,,,,10222.0,lb,,2453,National Daily Boxed Beef Cutout & Boxed Beef Cuts - Negotiated Sales - PM (PDF) (LM_XB403),2026-09-26T15:00:20+00:00
cda3cfde7d46d7e9,2019-02-04,Beef,"Rib, ribeye, bnls, heavy (112A  3)",Choice Cuts,,,,Choice,,,,,747.0,801.77,,,755.79,$/cwt,7.5579,per lb,National,wholesale,,,,,,27078.0,lb,,2453,National Daily Boxed Beef Cutout & Boxed Beef Cuts - Negotiated Sales - PM (PDF) (LM_XB403),2026-09-26T15:00:20+00:00
4ca6876d93fc0aa1,2019-02-04,Beef,"Rib, ribeye, bnls, heavy (112A  3)",Select Cuts,,,,Select,,,,,676.65,713.63,,,697.91,$/cwt,6.9791,per lb,National,wholesale,,,,,,10846.0,lb,,2453,National Daily Boxed Beef Cutout & Boxed Beef Cuts - Negotiated Sales - PM (PDF) (LM_XB403),2026-09-26T15:00:20+00:00
8f45f7b47b12d603,2019-02-04,Beef,"Rib, ribeye, bnls, light (112A  3)",Choice Cuts,,,,Choice,,,,,751.65,816.75,,,765.3,$/cwt,7.653,per lb,National,wholesale,,,,,,14451.0,lb,,2453,National Daily Boxed Beef Cutout & Boxed Beef Cuts - Negotiated Sales - PM (PDF) (LM_XB403),2026-09-26T15:00:20+00:00
9fee063192d5db71,2019-02-04,Beef,"Rib, ribeye, bnls, light (112A  3)",Select Cuts,,,,Select,,,,,688.04,735.75,,,697.58,$/cwt,6.9758,per lb,National,wholesale,,,,,,38829.0,lb,,2453,National Daily Boxed Beef Cutout & Boxed Beef Cuts - Negotiated Sales - PM (PDF) (LM_XB403),2026-09-26T15:00:20+00:00
21fc9c293aaea04f,2019-02-04,Beef,"Rib, ribeye, lip-on, bn-in (109E  1)",Choice Cuts,,,,Choice,,,,,643.37,715.25,,,662.24,$/cwt,6.6224,per lb,National,wholesale,,,,,,29319.0,lb,,2453,National Daily Boxed Beef Cutout & Boxed Beef Cuts - Negotiated Sales - PM (PDF) (LM_XB403),2026-09-26T15:00:20+00:00
47d67f878281640c,2019-02-04,Beef,"Rib, ribeye, lip-on, bn-in (109E  1)",Select Cuts,,,,Select,,,,,623.0,630.63,,,623.79,$/cwt,6.2379,per lb,National,wholesale,,,,,,8969.0,lb,,2453,National Daily Boxed Beef Cutout & Boxed Beef Cuts - Negotiated Sales - PM (PDF) (LM_XB403),2026-09-26T15:00:20+00:00
f633384030241d4a,2019-02-04,Beef,"Round, bottom gooseneck (170  1)",Choice Cuts,,,,Choice,,,,,190.54,215.0,,,196.41,$/cwt,1.9641,per lb,National,wholesale,,,,,,12839.0,lb,,2453,National Daily Boxed Beef Cutout & Boxed Beef Cuts - Negotiated Sales - PM (PDF) (LM_XB403),2026-09-26T15:00:20+00:00
07ee4d09333b77b5,2019-02-04,Beef,"Round, bottom gooseneck (170  1)",Select Cuts,,,,Select,,,,,195.71,203.43,,,197.29,$/cwt,1.9729,per lb,National,wholesale,,,,,,88273.0,lb,,2453,National Daily Boxed Beef Cutout & Boxed Beef Cuts - Negotiated Sales - PM (PDF) (LM_XB403),2026-09-26T15:00:20+00:00
7e65c5e18a761826,2019-02-04,Beef,"Round, eye of round (171C  3)",Choice Cuts,,,,Choice,,,,,258.0,274.7,,,266.8,$/cwt,2.668,per lb,National,wholesale,,,,,,31289.0,lb,,2453,National Daily Boxed Beef Cutout & Boxed Beef Cuts - Negotiated Sales - PM (PDF) (LM_XB403),2026-09-26T15:00:20+00:00
c8b33934deec269c,2019-02-04,Beef,"Round, eye of round (171C  3)",Select Cuts,,,,Select,,,,,257.91,277.0,,,266.7,$/cwt,2.667,per lb,National,wholesale,,,,,,15082.0,lb,,2453,National Daily Boxed Beef Cutout & Boxed Beef Cuts - Negotiated Sales - PM (PDF) (LM_XB403),2026-09-26T15:00:20+00:00
4c77e2af4f72612d,2019-02-04,Beef,"Round, knuckle, peeled (167A  4)",Choice Cuts,,,,Choice,,,,,235.0,262.7,,,247.52,$/cwt,2.4752,per lb,National,wholesale,,,,,,77248.0,lb,,2453,National Daily Boxed Beef Cutout & Boxed Beef Cuts - Negotiated Sales - PM (PDF) (LM_XB403),2026-09-26T15:00:20+00:00
3ad4577651a56b8e,2019-02-04,Beef,"Round, knuckle, peeled (167A  4)",Select Cuts,,,,Select,,,,,238.79,259.0,,,250.83,$/cwt,2.5083,per lb,National,wholesale,,,,,,16988.0,lb,,2453,National Daily Boxed Beef Cutout & Boxed Beef Cuts - Negotiated Sales - PM (PDF) (LM_XB403),2026-09-26T15:00:20+00:00
a61cbe6f59cebf94,2019-02-04,Beef,"Round, outside round (171B  3)",Choice Cuts,,,,Choice,,,,,214.5,230.11,,,221.86,$/cwt,2.2186,per lb,National,wholesale,,,,,,143664.0,lb,,2453,National Daily Boxed Beef Cutout & Boxed Beef Cuts - Negotiated Sales - PM (PDF) (LM_XB403),2026-09-26T15:00:20+00:00
d46347b090949b19,2019-02-04,Beef,"Round, outside round (171B  3)",Select Cuts,,,,Select,,,,,224.5,225.63,,,225.09,$/cwt,2.2509,per lb,National,wholesale,,,,,,15041.0,lb,,2453,National Daily Boxed Beef Cutout & Boxed Beef Cuts - Negotiated Sales - PM (PDF) (LM_XB403),2026-09-26T15:00:20+00:00
392de250940ccee9,2019-02-04,Beef,"Round, top inside round (168  1)",Choice Cuts,,,,Choice,,,,,210.0,222.06,,,216.74,$/cwt,2.1674,per lb,National,wholesale,,,,,,254331.0,lb,,2453,National Daily Boxed Beef Cutout & Boxed Beef Cuts - Negotiated Sales - PM (PDF) (LM_XB403),2026-09-26T15:00:20+00:00
90009234d9d44427,2019-02-04,Beef,"Round, top inside round (168  3)",Choice Cuts,,,,Choice,,,,,215.43,238.87,,,224.77,$/cwt,2.2477,per lb,National,wholesale,,,,,,74611.0,lb,,2453,National Daily Boxed Beef Cutout & Boxed Beef Cuts - Negotiated Sales - PM (PDF) (LM_XB403),2026-09-26T15:00:20+00:00
38ccc28a7da1e6b3,2019-02-04,Beef,"Round, top inside round (168  3)",Select Cuts,,,,Select,,,,,229.27,230.0,,,229.55,$/cwt,2.2955,per lb,National,wholesale,,,,,,8510.0,lb,,2453,National Daily Boxed Beef Cutout & Boxed Beef Cuts - Negotiated Sales - PM (PDF) (LM_XB403),2026-09-26T15:00:20+00:00
b0b461f8a8e5ee54,2019-02-04,Beef,"Round, top inside, cap off (169A  5)",Choice Cuts,,,,Choice,,,,,292.0,314.12,,,304.28,$/cwt,3.0428,per lb,National,wholesale,,,,,,43811.0,lb,,2453,National Daily Boxed Beef Cutout & Boxed Beef Cuts - Negotiated Sales - PM (PDF) (LM_XB403),2026-09-26T15:00:20+00:00
3f9d361547d751b4,2019-02-04,Beef,"Round, top inside, denuded (169  5)",Choice Cuts,,,,Choice,,,,,255.5,271.0,,,258.19,$/cwt,2.5819,per lb,National,wholesale,,,,,,13929.0,lb,,2453,National Daily Boxed Beef Cutout & Boxed Beef Cuts - Negotiated Sales - PM (PDF) (LM_XB403),2026-09-26T15:00:20+00:00
f209ef2298f8141f,2019-02-04,Beef,"Short Plate, short rib (123A  3)",Choice Cuts,,,,Choice,,,,,509.66,575.0,,,562.79,$/cwt,5.6279,per lb,National,wholesale,,,,,,24013.0,lb,,2453,National Daily Boxed Beef Cutout & Boxed Beef Cuts - Negotiated Sales - PM (PDF) (LM_XB403),2026-09-26T15:00:20+00:00
3083a4670be13f29,2019-02-05,Beef,"Brisket, deckle-off, bnls (120  1)",Choice Cuts,,,,Choice,,,,,260.44,290.0,,,263.58,$/cwt,2.6358,per lb,National,wholesale,,,,,,589824.0,lb,,2453,National Daily Boxed Beef Cutout & Boxed Beef Cuts - Negotiated Sales - PM (PDF) (LM_XB403),2026-09-26T15:00:20+00:00
8de5c9cdab489236,2019-02-05,Beef,"Brisket, deckle-off, bnls (120  1)",Select Cuts,,,,Select,,,,,256.75,280.3,,,262.05,$/cwt,2.6205,per lb,National,wholesale,,,,,,91028.0,lb,,2453,National Daily Boxed Beef Cutout & Boxed Beef Cuts - Negotiated Sales - PM (PDF) (LM_XB403),2026-09-26T15:00:20+00:00
bc58adcee1814191,2019-02-05,Beef,"Chuck, chuck tender (116B  1)",Choice Cuts,,,,Choice,,,,,229.0,248.87,,,236.83,$/cwt,2.3683,per lb,National,wholesale,,,,,,19931.0,lb,,2453,National Daily Boxed Beef Cutout & Boxed Beef Cuts - Negotiated Sales - PM (PDF) (LM_XB403),2026-09-26T15:00:20+00:00
a81da03dc0fa4b51,2019-02-05,Beef,"Chuck, chuck tender (116B  1)",Select Cuts,,,,Select,,,,,230.0,244.0,,,236.89,$/cwt,2.3689,per lb,National,wholesale,,,,,,5609.0,lb,,2453,National Daily Boxed Beef Cutout & Boxed Beef Cuts - Negotiated Sales - PM (PDF) (LM_XB403),2026-09-26T15:00:20+00:00
ee5c2733f896ca86,2019-02-05,Beef,"Chuck, clod tender (114F  5)",Choice Cuts,,,,Choice,,,,,434.15,450.0,,,438.68,$/cwt,4.3868,per lb,National,wholesale,,,,,,3249.0,lb,,2453,National Daily Boxed Beef Cutout & Boxed Beef Cuts - Negotiated Sales - PM (PDF) (LM_XB403),2026-09-26T15:00:20+00:00
e32bf4eac63cb2a1,2019-02-05,Beef,"Chuck, clod, arm roast (114E  3)",Choice Cuts,,,,Choice,,,,,265.85,295.46,,,267.72,$/cwt,2.6772,per lb,National,wholesale,,,,,,51918.0,lb,,2453,National Daily Boxed Beef Cutout & Boxed Beef Cuts - Negotiated Sales - PM (PDF) (LM_XB403),2026-09-26T15:00:20+00:00
503dc3423b38d396,2019-02-05,Beef,"Chuck, clod, top blade (114D  3)",Choice Cuts,,,,Choice,,,,,347.33,353.44,,,349.45,$/cwt,3.4945,per lb,National,wholesale,,,,,,12518.0,lb,,2453,National Daily Boxed Beef Cutout & Boxed Beef Cuts - Negotiated Sales - PM (PDF) (LM_XB403),2026-09-26T15:00:20+00:00
e879a353f1135e46,2019-02-05,Beef,"Chuck, flap (116G  4)",Choice Cuts,,,,Choice,,,,,505.86,548.76,,,510.44,$/cwt,5.1044,per lb,National,wholesale,,,,,,27165.0,lb,,2453,National Daily Boxed Beef Cutout & Boxed Beef Cuts - Negotiated Sales - PM (PDF) (LM_XB403),2026-09-26T15:00:20+00:00
160bc7091a82214e,2019-02-05,Beef,"Chuck, flap (116G  4)",Select Cuts,,,,Select,,,,,443.39,486.52,,,454.84,$/cwt,4.5484,per lb,National,wholesale,,,,,,49227.0,lb,,2453,National Daily Boxed Beef Cutout & Boxed Beef Cuts - Negotiated Sales - PM (PDF) (LM_XB403),2026-09-26T15:00:20+00:00
81efea5cc1bc1cb7,2019-02-05,Beef,"Chuck, roll, lxl, neck/off (116A  3)",Choice Cuts,,,,Choice,,,,,284.0,304.44,,,289.95,$/cwt,2.8995,per lb,National,wholesale,,,,,,67522.0,lb,,2453,National Daily Boxed Beef Cutout & Boxed Beef Cuts - Negotiated Sales - PM (PDF) (LM_XB403),2026-09-26T15:00:20+00:00
537668d87791500d,2019-02-05,Beef,"Chuck, roll, lxl, neck/off (116A  3)",Select Cuts,,,,Select,,,,,278.0,305.2,,,280.08,$/cwt,2.8008,per lb,National,wholesale,,,,,,197210.0,lb,,2453,National Daily Boxed Beef Cutout & Boxed Beef Cuts - Negotiated Sales - PM (PDF) (LM_XB403),2026-09-26T15:00:20+00:00
bad18a60225708d6,2019-02-05,Beef,"Chuck, roll, retail ready (916A  3)",Choice Cuts,,,,Choice,,,,,316.35,328.03,,,326.33,$/cwt,3.2633,per lb,National,wholesale,,,,,,78483.0,lb,,2453,National Daily Boxed Beef Cutout & Boxed Beef Cuts - Negotiated Sales - PM (PDF) (LM_XB403),2026-09-26T15:00:20+00:00
2101352f7c158893,2019-02-05,Beef,"Chuck, semi-bnls, neck/off (113C  1)",Choice Cuts,,,,Choice,,,,,238.96,259.25,,,249.71,$/cwt,2.4971,per lb,National,wholesale,,,,,,2913.0,lb,,2453,National Daily Boxed Beef Cutout & Boxed Beef Cuts - Negotiated Sales - PM (PDF) (LM_XB403),2026-09-26T15:00:20+00:00
2a3b5993bff257df,2019-02-05,Beef,"Chuck, short rib (130  4)",Choice Cuts,,,,Choice,,,,,356.75,380.0,,,366.63,$/cwt,3.6663,per lb,National,wholesale,,,,,,16166.0,lb,,2453,National Daily Boxed Beef Cutout & Boxed Beef Cuts - Negotiated Sales - PM (PDF) (LM_XB403),2026-09-26T15:00:20+00:00
c22e2ad8ed03e4ee,2019-02-05,Beef,"Chuck, short rib (130  4)",Select Cuts,,,,Select,,,,,315.05,332.0,,,319.7,$/cwt,3.197,per lb,National,wholesale,,,,,,17434.0,lb,,2453,National Daily Boxed Beef Cutout & Boxed Beef Cuts - Negotiated Sales - PM (PDF) (LM_XB403),2026-09-26T15:00:20+00:00
ffd94c53b780cc6f,2019-02-05,Beef,"Chuck, shoulder clod (114  1)",Choice Cuts,,,,Choice,,,,,207.0,222.0,,,212.91,$/cwt,2.1291,per lb,National,wholesale,,,,,,18978.0,lb,,2453,National Daily Boxed Beef Cutout & Boxed Beef Cuts - Negotiated Sales - PM (PDF) (LM_XB403),2026-09-26T15:00:20+00:00
689b06b1c13ef8ac,2019-02-05,Beef,"Chuck, shoulder clod, trmd (114A  3)",Choice Cuts,,,,Choice,,,,,204.0,230.61,,,225.18,$/cwt,2.2518,per lb,National,wholesale,,,,,,78396.0,lb,,2453,National Daily Boxed Beef Cutout & Boxed Beef Cuts - Negotiated Sales - PM (PDF) (LM_XB403),2026-09-26T15:00:20+00:00
076af00568b78b76,2019-02-05,Beef,"Chuck, shoulder clod, trmd (114A  3)",Select Cuts,,,,Select,,,,,225.25,227.88,,,226.55,$/cwt,2.2655,per lb,National,wholesale,,,,,,3497.0,lb,,2453,National Daily Boxed Beef Cutout & Boxed Beef Cuts - Negotiated Sales - PM (PDF) (LM_XB403),2026-09-26T15:00:20+00:00
0dc46eb42ebc8905,2019-02-05,Beef,Cutout 600-900 lb,,,,,Choice,,,,,,,,,217.02,$/cwt,2.1702,per lb,National,wholesale,,,,,,,,,2453,National Daily Boxed Beef Cutout & Boxed Beef Cuts - Negotiated Sales - PM (PDF) (LM_XB403),2026-09-26T15:00:20+00:00
98f6bd3d608d3a8a,2019-02-05,Beef,Cutout 600-900 lb,,,,,Select,,,,,,,,,213.1,$/cwt,2.131,per lb,National,wholesale,,,,,,,,,2453,National Daily Boxed Beef Cutout & Boxed Beef Cuts - Negotiated Sales - PM (PDF) (LM_XB403),2026-09-26T15:00:20+00:00
fb78c22678875766,2019-02-05,Beef,"Flank, flank steak (193  4)",Choice Cuts,,,,Choice,,,,,493.34,511.0,,,498.11,$/cwt,4.9811,per lb,National,wholesale,,,,,,31868.0,lb,,2453,National Daily Boxed Beef Cutout & Boxed Beef Cuts - Negotiated Sales - PM (PDF) (LM_XB403),2026-09-26T15:00:20+00:00
46c1e7c51260ef05,2019-02-05,Beef,"Flank, flank steak (193  4)",Select Cuts,,,,Select,,,,,476.75,502.0,,,484.46,$/cwt,4.8446,per lb,National,wholesale,,,,,,3419.0,lb,,2453,National Daily Boxed Beef Cutout & Boxed Beef Cuts - Negotiated Sales - PM (PDF) (LM_XB403),2026-09-26T15:00:20+00:00
b24ac4de5439e856,2019-02-05,Beef,Ground Beef 73%,Ground Beef,,,,,,,,,152.0,185.3,,,156.8,$/cwt,1.568,per lb,National,wholesale,,,,,,357067.0,lb,,2453,National Daily Boxed Beef Cutout & Boxed Beef Cuts - Negotiated Sales - PM (PDF) (LM_XB403),2026-09-26T15:00:20+00:00
4b7a570809d84f3f,2019-02-05,Beef,Ground Beef 81%,Ground Beef,,,,,,,,,170.0,201.98,,,184.37,$/cwt,1.8437,per lb,National,wholesale,,,,,,189564.0,lb,,2453,National Daily Boxed Beef Cutout & Boxed Beef Cuts - Negotiated Sales - PM (PDF) (LM_XB403),2026-09-26T15:00:20+00:00
c1ccc0d30cf498b5,2019-02-05,Beef,Ground Beef 93%,Ground Beef,,,,,,,,,269.9,308.5,,,283.85,$/cwt,2.8385,per lb,National,wholesale,,,,,,34580.0,lb,,2453,National Daily Boxed Beef Cutout & Boxed Beef Cuts - Negotiated Sales - PM (PDF) (LM_XB403),2026-09-26T15:00:20+00:00
0d7c0cf5848a5572,2019-02-05,Beef,Ground Beef Chuck,Ground Beef,,,,,,,,,180.0,207.33,,,187.97,$/cwt,1.8797,per lb,National,wholesale,,,,,,47347.0,lb,,2453,National Daily Boxed Beef Cutout & Boxed Beef Cuts - Negotiated Sales - PM (PDF) (LM_XB403),2026-09-26T15:00:20+00:00
9907164c6fbe956e,2019-02-05,Beef,Ground Beef Round,Ground Beef,,,,,,,,,242.0,262.0,,,244.17,$/cwt,2.4417,per lb,National,wholesale,,,,,,15740.0,lb,,2453,National Daily Boxed Beef Cutout & Boxed Beef Cuts - Negotiated Sales - PM (PDF) (LM_XB403),2026-09-26T15:00:20+00:00
9ca5ecf0fbffa180,2019-02-05,Beef,"Loin, ball-tip, bnls, heavy (185B  1)",Choice Cuts,,,,Choice,,,,,266.0,295.0,,,269.61,$/cwt,2.6961,per lb,National,wholesale,,,,,,48165.0,lb,,2453,National Daily Boxed Beef Cutout & Boxed Beef Cuts - Negotiated Sales - PM (PDF) (LM_XB403),2026-09-26T15:00:20+00:00
405b24a88398d4c2,2019-02-05,Beef,"Loin, ball-tip, bnls, heavy (185B  1)",Select Cuts,,,,Select,,,,,236.35,270.0,,,247.53,$/cwt,2.4753,per lb,National,wholesale,,,,,,20839.0,lb,,2453,National Daily Boxed Beef Cutout & Boxed Beef Cuts - Negotiated Sales - PM (PDF) (LM_XB403),2026-09-26T15:00:20+00:00
252ca06cb78feec1,2019-02-05,Beef,"Loin, bottom sirloin, flap (185A  4)",Choice Cuts,,,,Choice,,,,,520.0,544.15,,,521.92,$/cwt,5.2192,per lb,National,wholesale,,,,,,39720.0,lb,,2453,National Daily Boxed Beef Cutout & Boxed Beef Cuts - Negotiated Sales - PM (PDF) (LM_XB403),2026-09-26T15:00:20+00:00
9897b262deeb712a,2019-02-05,Beef,"Loin, bottom sirloin, flap (185A  4)",Select Cuts,,,,Select,,,,,509.01,545.0,,,509.79,$/cwt,5.0979,per lb,National,wholesale,,,,,,19449.0,lb,,2453,National Daily Boxed Beef Cutout & Boxed Beef Cuts - Negotiated Sales - PM (PDF) (LM_XB403),2026-09-26T15:00:20+00:00
04f7072da7a8eb09,2019-02-05,Beef,"Loin, butt tender, trimmed (191A  4)",Choice Cuts,,,,Choice,,,,,967.63,985.0,,,972.83,$/cwt,9.7283,per lb,National,wholesale,,,,,,20722.0,lb,,2453,National Daily Boxed Beef Cutout & Boxed Beef Cuts - Negotiated Sales - PM (PDF) (LM_XB403),2026-09-26T15:00:20+00:00
ba478303539459bd,2019-02-05,Beef,"Loin, butt tender, trimmed (191A  4)",Select Cuts,,,,Select,,,,,953.0,980.0,,,955.79,$/cwt,9.5579,per lb,National,wholesale,,,,,,1926.0,lb,,2453,National Daily Boxed Beef Cutout & Boxed Beef Cuts - Negotiated Sales - PM (PDF) (LM_XB403),2026-09-26T15:00:20+00:00
e677d810917af33f,2019-02-05,Beef,"Loin, short loin, 0x1 (174  3)",Choice Cuts,,,,Choice,,,,,500.19,544.25,,,508.14,$/cwt,5.0814,per lb,National,wholesale,,,,,,146966.0,lb,,2453,National Daily Boxed Beef Cutout & Boxed Beef Cuts - Negotiated Sales - PM (PDF) (LM_XB403),2026-09-26T15:00:20+00:00
4dce66de368fbc0a,2019-02-05,Beef,"Loin, short loin, 0x1 (174  3)",Select Cuts,,,,Select,,,,,496.0,519.88,,,501.53,$/cwt,5.0153,per lb,National,wholesale,,,,,,7766.0,lb,,2453,National Daily Boxed Beef Cutout & Boxed Beef Cuts - Negotiated Sales - PM (PDF) (LM_XB403),2026-09-26T15:00:20+00:00
ebb53dbe60f9914c,2019-02-05,Beef,"Loin, sirloin, tri-tip (185C  1)",Choice Cuts,,,,Choice,,,,,304.0,331.5,,,313.78,$/cwt,3.1378,per lb,National,wholesale,,,,,,6257.0,lb,,2453,National Daily Boxed Beef Cutout & Boxed Beef Cuts - Negotiated Sales - PM (PDF) (LM_XB403),2026-09-26T15:00:20+00:00
dfa814159d7d04d7,2019-02-05,Beef,"Loin, sirloin, tri-tip (185C  1)",Select Cuts,,,,Select,,,,,260.0,282.64,,,279.45,$/cwt,2.7945,per lb,National,wholesale,,,,,,36744.0,lb,,2453,National Daily Boxed Beef Cutout & Boxed Beef Cuts - Negotiated Sales - PM (PDF) (LM_XB403),2026-09-26T15:00:20+00:00
8159d18e0393e23d,2019-02-05,Beef,"Loin, sirloin, tri-tip, pld (185D  4)",Choice Cuts,,,,Choice,,,,,425.0,459.15,,,439.72,$/cwt,4.3972,per lb,National,wholesale,,,,,,8840.0,lb,,2453,National Daily Boxed Beef Cutout & Boxed Beef Cuts - Negotiated Sales - PM (PDF) (LM_XB403),2026-09-26T15:00:20+00:00
1becd228e1cfb76e,2019-02-05,Beef,"Loin, strip, bnls, 0x1 (180  3)",Choice Cuts,,,,Choice,,,,,533.05,570.75,,,549.23,$/cwt,5.4923,per lb,National,wholesale,,,,,,77273.0,lb,,2453,National Daily Boxed Beef Cutout & Boxed Beef Cuts - Negotiated Sales - PM (PDF) (LM_XB403),2026-09-26T15:00:20+00:00
981790466036b2de,2019-02-05,Beef,"Loin, strip, bnls, 0x1 (180  3)",Select Cuts,,,,Select,,,,,512.0,535.0,,,521.61,$/cwt,5.2161,per lb,National,wholesale,,,,,,3717.0,lb,,2453,National Daily Boxed Beef Cutout & Boxed Beef Cuts - Negotiated Sales - PM (PDF) (LM_XB403),2026-09-26T15:00:20+00:00
13bb1b7ec66e127d,2019-02-05,Beef,"Loin, tndrloin, trmd, heavy (189A  4)",Choice Cuts,,,,Choice,,,,,983.78,1146.5,,,992.63,$/cwt,9.9263,per lb,National,wholesale,,,,,,362312.0,lb,,2453,National Daily Boxed Beef Cutout & Boxed Beef Cuts - Negotiated Sales - PM (PDF) (LM_XB403),2026-09-26T15:00:20+00:00
597879fe4d5e405f,2019-02-05,Beef,"Loin, tndrloin, trmd, heavy (189A  4)",Select Cuts,,,,Select,,,,,1009.0,1102.25,,,1038.79,$/cwt,10.3879,per lb,National,wholesale,,,,,,18224.0,lb,,2453,National Daily Boxed Beef Cutout & Boxed Beef Cuts - Negotiated Sales - PM (PDF) (LM_XB403),2026-09-26T15:00:20+00:00
db7cc3404771dd1e,2019-02-05,Beef,"Loin, top butt, boneless (184  3)",Choice Cuts,,,,Choice,,,,,350.0,368.01,,,358.34,$/cwt,3.5834,per lb,National,wholesale,,,,,,22623.0,lb,,2453,National Daily Boxed Beef Cutout & Boxed Beef Cuts - Negotiated Sales - PM (PDF) (LM_XB403),2026-09-26T15:00:20+00:00
cb014f6e7fd0fb31,2019-02-05,Beef,"Loin, top butt, boneless (184  3)",Select Cuts,,,,Select,,,,,345.0,368.22,,,350.63,$/cwt,3.5063,per lb,National,wholesale,,,,,,7914.0,lb,,2453,National Daily Boxed Beef Cutout & Boxed Beef Cuts - Negotiated Sales - PM (PDF) (LM_XB403),2026-09-26T15:00:20+00:00
a21709bf7c231480,2019-02-05,Beef,"Rib, ribeye, bnls, heavy (112A  3)",Choice Cuts,,,,Choice,,,,,745.46,798.79,,,761.14,$/cwt,7.6114,per lb,National,wholesale,,,,,,45062.0,lb,,2453,National Daily Boxed Beef Cutout & Boxed Beef Cuts - Negotiated Sales - PM (PDF) (LM_XB403),2026-09-26T15:00:20+00:00
2deb73f415df3684,2019-02-05,Beef,"Rib, ribeye, bnls, heavy (112A  3)",Select Cuts,,,,Select,,,,,690.0,722.8,,,698.58,$/cwt,6.9858,per lb,National,wholesale,,,,,,21560.0,lb,,2453,National Daily Boxed Beef Cutout & Boxed Beef Cuts - Negotiated Sales - PM (PDF) (LM_XB403),2026-09-26T15:00:20+00:00
7be160078da49400,2019-02-05,Beef,"Rib, ribeye, bnls, light (112A  3)",Choice Cuts,,,,Choice,,,,,751.64,811.5,,,759.49,$/cwt,7.5949,per lb,National,wholesale,,,,,,111277.0,lb,,2453,National Daily Boxed Beef Cutout & Boxed Beef Cuts - Negotiated Sales - PM (PDF) (LM_XB403),2026-09-26T15:00:20+00:00
94c411f8308caeaf,2019-02-05,Beef,"Rib, ribeye, bnls, light (112A  3)",Select Cuts,,,,Select,,,,,680.46,724.25,,,702.43,$/cwt,7.0243,per lb,National,wholesale,,,,,,30941.0,lb,,2453,National Daily Boxed Beef Cutout & Boxed Beef Cuts - Negotiated Sales - PM (PDF) (LM_XB403),2026-09-26T15:00:20+00:00
27728ceec507cee8,2019-02-05,Beef,"Rib, ribeye, lip-on, bn-in (109E  1)",Choice Cuts,,,,Choice,,,,,640.0,680.76,,,665.92,$/cwt,6.6592,per lb,National,wholesale,,,,,,14985.0,lb,,2453,National Daily Boxed Beef Cutout & Boxed Beef Cuts - Negotiated Sales - PM (PDF) (LM_XB403),2026-09-26T15:00:20+00:00
08e568252087b559,2019-02-05,Beef,"Rib, ribeye, lip-on, bn-in (109E  1)",Select Cuts,,,,Select,,,,,595.31,625.46,,,605.59,$/cwt,6.0559,per lb,National,wholesale,,,,,,5438.0,lb,,2453,National Daily Boxed Beef Cutout & Boxed Beef Cuts - Negotiated Sales - PM (PDF) (LM_XB403),2026-09-26T15:00:20+00:00
e8f9688f0ca9351a,2019-02-05,Beef,"Round, eye of round (171C  3)",Choice Cuts,,,,Choice,,,,,249.0,273.12,,,254.22,$/cwt,2.5422,per lb,National,wholesale,,,,,,57838.0,lb,,2453,National Daily Boxed Beef Cutout & Boxed Beef Cuts - Negotiated Sales - PM (PDF) (LM_XB403),2026-09-26T15:00:20+00:00
053cb4d67a161e84,2019-02-05,Beef,"Round, eye of round (171C  3)",Select Cuts,,,,Select,,,,,260.0,278.0,,,270.93,$/cwt,2.7093,per lb,National,wholesale,,,,,,6447.0,lb,,2453,National Daily Boxed Beef Cutout & Boxed Beef Cuts - Negotiated Sales - PM (PDF) (LM_XB403),2026-09-26T15:00:20+00:00
0287c1fc3ff1835c,2019-02-05,Beef,"Round, knuckle, peeled (167A  4)",Choice Cuts,,,,Choice,,,,,235.0,266.75,,,247.57,$/cwt,2.4757,per lb,National,wholesale,,,,,,96013.0,lb,,2453,National Daily Boxed Beef Cutout & Boxed Beef Cuts - Negotiated Sales - PM (PDF) (LM_XB403),2026-09-26T15:00:20+00:00
a1f38af824c9522a,2019-02-05,Beef,"Round, knuckle, peeled (167A  4)",Select Cuts,,,,Select,,,,,242.55,270.0,,,253.33,$/cwt,2.5333,per lb,National,wholesale,,,,,,16182.0,lb,,2453,National Daily Boxed Beef Cutout & Boxed Beef Cuts - Negotiated Sales - PM (PDF) (LM_XB403),2026-09-26T15:00:20+00:00
15edac0b76ea09be,2019-02-05,Beef,"Round, outside round (171B  3)",Choice Cuts,,,,Choice,,,,,215.0,233.87,,,220.6,$/cwt,2.206,per lb,National,wholesale,,,,,,107152.0,lb,,2453,National Daily Boxed Beef Cutout & Boxed Beef Cuts - Negotiated Sales - PM (PDF) (LM_XB403),2026-09-26T15:00:20+00:00
5b08ad97d3ef7e8a,2019-02-05,Beef,"Round, outside round (171B  3)",Select Cuts,,,,Select,,,,,222.07,228.0,,,223.65,$/cwt,2.2365,per lb,National,wholesale,,,,,,3527.0,lb,,2453,National Daily Boxed Beef Cutout & Boxed Beef Cuts - Negotiated Sales - PM (PDF) (LM_XB403),2026-09-26T15:00:20+00:00
4ee2347af9d215fe,2019-02-05,Beef,"Round, top inside round (168  1)",Choice Cuts,,,,Choice,,,,,216.3,223.0,,,221.04,$/cwt,2.2104,per lb,National,wholesale,,,,,,19681.0,lb,,2453,National Daily Boxed Beef Cutout & Boxed Beef Cuts - Negotiated Sales - PM (PDF) (LM_XB403),2026-09-26T15:00:20+00:00
3db4b7fef766f8f0,2019-02-05,Beef,"Round, top inside round (168  1)",Select Cuts,,,,Select,,,,,217.85,225.03,,,219.53,$/cwt,2.1953,per lb,National,wholesale,,,,,,2605.0,lb,,2453,National Daily Boxed Beef Cutout & Boxed Beef Cuts - Negotiated Sales - PM (PDF) (LM_XB403),2026-09-26T15:00:20+00:00
a83d85feed23ea5e,2019-02-05,Beef,"Round, top inside round (168  3)",Choice Cuts,,,,Choice,,,,,219.0,234.15,,,224.61,$/cwt,2.2461,per lb,National,wholesale,,,,,,171222.0,lb,,2453,National Daily Boxed Beef Cutout & Boxed Beef Cuts - Negotiated Sales - PM (PDF) (LM_XB403),2026-09-26T15:00:20+00:00
64b0e462a7312ddf,2019-02-05,Beef,"Round, top inside round (168  3)",Select Cuts,,,,Select,,,,,224.0,232.0,,,227.53,$/cwt,2.2753,per lb,National,wholesale,,,,,,14245.0,lb,,2453,National Daily Boxed Beef Cutout & Boxed Beef Cuts - Negotiated Sales - PM (PDF) (LM_XB403),2026-09-26T15:00:20+00:00
41d4f8824988e857,2019-02-05,Beef,"Round, top inside, cap off (169A  5)",Choice Cuts,,,,Choice,,,,,278.41,313.0,,,295.4,$/cwt,2.954,per lb,National,wholesale,,,,,,47222.0,lb,,2453,National Daily Boxed Beef Cutout & Boxed Beef Cuts - Negotiated Sales - PM (PDF) (LM_XB403),2026-09-26T15:00:20+00:00
3e1dd55baf0e31c5,2019-02-05,Beef,"Round, top inside, denuded (169  5)",Choice Cuts,,,,Choice,,,,,254.0,276.87,,,262.01,$/cwt,2.6201,per lb,National,wholesale,,,,,,17310.0,lb,,2453,National Daily Boxed Beef Cutout & Boxed Beef Cuts - Negotiated Sales - PM (PDF) (LM_XB403),2026-09-26T15:00:20+00:00
bbdd522061c5fd86,2019-02-05,Beef,"Round, top inside, denuded (169  5)",Select Cuts,,,,Select,,,,,248.0,269.0,,,255.89,$/cwt,2.5589,per lb,National,wholesale,,,,,,23669.0,lb,,2453,National Daily Boxed Beef Cutout & Boxed Beef Cuts - Negotiated Sales - PM (PDF) (LM_XB403),2026-09-26T15:00:20+00:00
12b70bcd4979803e,2019-02-05,Beef,"Short Plate, short rib (123A  3)",Choice Cuts,,,,Choice,,,,,575.0,626.0,,,602.45,$/cwt,6.0245,per lb,National,wholesale,,,,,,4835.0,lb,,2453,National Daily Boxed Beef Cutout & Boxed Beef Cuts - Negotiated Sales - PM (PDF) (LM_XB403),2026-09-26T15:00:20+00:00
b18f8c1cd7ad2c05,2019-02-06,Beef,"Brisket, deckle-off, bnls (120  1)",Choice Cuts,,,,Choice,,,,,257.0,291.14,,,265.45,$/cwt,2.6545,per lb,National,wholesale,,,,,,107981.0,lb,,2453,National Daily Boxed Beef Cutout & Boxed Beef Cuts - Negotiated Sales - PM (PDF) (LM_XB403),2026-09-26T15:00:20+00:00
0992d14ebd6f4b6c,2019-02-06,Beef,"Brisket, deckle-off, bnls (120  1)",Select Cuts,,,,Select,,,,,264.57,284.21,,,266.69,$/cwt,2.6669,per lb,National,wholesale,,,,,,49009.0,lb,,2453,National Daily Boxed Beef Cutout & Boxed Beef Cuts - Negotiated Sales - PM (PDF) (LM_XB403),2026-09-26T15:00:20+00:00
c4eea90fd33da7f8,2019-02-06,Beef,"Brisket, point/off, bnls (120A  3)",Choice Cuts,,,,Choice,,,,,440.0,480.0,,,447.86,$/cwt,4.4786,per lb,National,wholesale,,,,,,19256.0,lb,,2453,National Daily Boxed Beef Cutout & Boxed Beef Cuts - Negotiated Sales - PM (PDF) (LM_XB403),2026-09-26T15:00:20+00:00
fe4f2f91797edef2,2019-02-06,Beef,"Chuck, chuck tender (116B  1)",Choice Cuts,,,,Choice,,,,,234.0,251.0,,,240.69,$/cwt,2.4069,per lb,National,wholesale,,,,,,33498.0,lb,,2453,National Daily Boxed Beef Cutout & Boxed Beef Cuts - Negotiated Sales - PM (PDF) (LM_XB403),2026-09-26T15:00:20+00:00
adf69d6a72ecbc3f,2019-02-06,Beef,"Chuck, chuck tender (116B  1)",Select Cuts,,,,Select,,,,,230.0,243.0,,,237.73,$/cwt,2.3773,per lb,National,wholesale,,,,,,7469.0,lb,,2453,National Daily Boxed Beef Cutout & Boxed Beef Cuts - Negotiated Sales - PM (PDF) (LM_XB403),2026-09-26T15:00:20+00:00
ebb7126065b43f0e,2019-02-06,Beef,"Chuck, clod tender (114F  5)",Select Cuts,,,,Select,,,,,425.75,450.0,,,440.82,$/cwt,4.4082,per lb,National,wholesale,,,,,,3027.0,lb,,2453,National Daily Boxed Beef Cutout & Boxed Beef Cuts - Negotiated Sales - PM (PDF) (LM_XB403),2026-09-26T15:00:20+00:00
911f37803b37a0b5,2019-02-06,Beef,"Chuck, clod, arm roast (114E  3)",Choice Cuts,,,,Choice,,,,,269.45,287.0,,,272.58,$/cwt,2.7258,per lb,National,wholesale,,,,,,26390.0,lb,,2453,National Daily Boxed Beef Cutout & Boxed Beef Cuts - Negotiated Sales - PM (PDF) (LM_XB403),2026-09-26T15:00:20+00:00
74704c089117aa78,2019-02-06,Beef,"Chuck, flap (116G  4)",Choice Cuts,,,,Choice,,,,,513.05,558.71,,,537.75,$/cwt,5.3775,per lb,National,wholesale,,,,,,21085.0,lb,,2453,National Daily Boxed Beef Cutout & Boxed Beef Cuts - Negotiated Sales - PM (PDF) (LM_XB403),2026-09-26T15:00:20+00:00
1e9790ddc2532aec,2019-02-06,Beef,"Chuck, roll, lxl, neck/off (116A  3)",Choice Cuts,,,,Choice,,,,,284.0,303.0,,,289.6,$/cwt,2.896,per lb,National,wholesale,,,,,,85616.0,lb,,2453,National Daily Boxed Beef Cutout & Boxed Beef Cuts - Negotiated Sales - PM (PDF) (LM_XB403),2026-09-26T15:00:20+00:00
71a91fe7e17c3d02,2019-02-06,Beef,"Chuck, roll, lxl, neck/off (116A  3)",Select Cuts,,,,Select,,,,,269.0,295.0,,,274.96,$/cwt,2.7496,per lb,National,wholesale,,,,,,52652.0,lb,,2453,National Daily Boxed Beef Cutout & Boxed Beef Cuts - Negotiated Sales - PM (PDF) (LM_XB403),2026-09-26T15:00:20+00:00
0bb68256256baf14,2019-02-06,Beef,"Chuck, semi-bnls, neck/off (113C  1)",Choice Cuts,,,,Choice,,,,,232.63,248.0,,,235.39,$/cwt,2.3539,per lb,National,wholesale,,,,,,20536.0,lb,,2453,National Daily Boxed Beef Cutout & Boxed Beef Cuts - Negotiated Sales - PM (PDF) (LM_XB403),2026-09-26T15:00:20+00:00
43f132cb6fda205e,2019-02-06,Beef,"Chuck, semi-bnls, neck/off (113C  1)",Select Cuts,,,,Select,,,,,235.0,235.0,,,235.0,$/cwt,2.35,per lb,National,wholesale,,,,,,1225.0,lb,,2453,National Daily Boxed Beef Cutout & Boxed Beef Cuts - Negotiated Sales - PM (PDF) (LM_XB403),2026-09-26T15:00:20+00:00
5aa7d36e72730e31,2019-02-06,Beef,"Chuck, short rib (130  4)",Choice Cuts,,,,Choice,,,,,345.0,383.0,,,363.56,$/cwt,3.6356,per lb,National,wholesale,,,,,,33255.0,lb,,2453,National Daily Boxed Beef Cutout & Boxed Beef Cuts - Negotiated Sales - PM (PDF) (LM_XB403),2026-09-26T15:00:20+00:00
77fe5b8c718ddf19,2019-02-06,Beef,"Chuck, short rib (130  4)",Select Cuts,,,,Select,,,,,330.0,330.0,,,330.0,$/cwt,3.3,per lb,National,wholesale,,,,,,1268.0,lb,,2453,National Daily Boxed Beef Cutout & Boxed Beef Cuts - Negotiated Sales - PM (PDF) (LM_XB403),2026-09-26T15:00:20+00:00
d002c8e147787a51,2019-02-06,Beef,"Chuck, shoulder clod (114  1)",Choice Cuts,,,,Choice,,,,,207.0,224.71,,,214.05,$/cwt,2.1405,per lb,National,wholesale,,,,,,7184.0,lb,,2453,National Daily Boxed Beef Cutout & Boxed Beef Cuts - Negotiated Sales - PM (PDF) (LM_XB403),2026-09-26T15:00:20+00:00
c8053547b1c29ac9,2019-02-06,Beef,"Chuck, shoulder clod, trmd (114A  3)",Choice Cuts,,,,Choice,,,,,215.0,238.0,,,225.13,$/cwt,2.2513,per lb,National,wholesale,,,,,,115813.0,lb,,2453,National Daily Boxed Beef Cutout & Boxed Beef Cuts - Negotiated Sales - PM (PDF) (LM_XB403),2026-09-26T15:00:20+00:00
1a726d7f0abc02c7,2019-02-06,Beef,Cutout 600-900 lb,,,,,Choice,,,,,,,,,217.57,$/cwt,2.1757,per lb,National,wholesale,,,,,,,,,2453,National Daily Boxed Beef Cutout & Boxed Beef Cuts - Negotiated Sales - PM (PDF) (LM_XB403),2026-09-26T15:00:20+00:00
9b9657199d6d7cf9,2019-02-06,Beef,Cutout 600-900 lb,,,,,Select,,,,,,,,,212.37,$/cwt,2.1237,per lb,National,wholesale,,,,,,,,,2453,National Daily Boxed Beef Cutout & Boxed Beef Cuts - Negotiated Sales - PM (PDF) (LM_XB403),2026-09-26T15:00:20+00:00
c96287c778f1c45e,2019-02-06,Beef,"Flank, flank steak (193  4)",Choice Cuts,,,,Choice,,,,,490.35,519.15,,,499.37,$/cwt,4.9937,per lb,National,wholesale,,,,,,16603.0,lb,,2453,National Daily Boxed Beef Cutout & Boxed Beef Cuts - Negotiated Sales - PM (PDF) (LM_XB403),2026-09-26T15:00:20+00:00
0b5b8a536b099736,2019-02-06,Beef,"Flank, flank steak (193  4)",Select Cuts,,,,Select,,,,,486.5,501.0,,,496.25,$/cwt,4.9625,per lb,National,wholesale,,,,,,1486.0,lb,,2453,National Daily Boxed Beef Cutout & Boxed Beef Cuts - Negotiated Sales - PM (PDF) (LM_XB403),2026-09-26T15:00:20+00:00
6ed9fd405e181f9e,2019-02-06,Beef,Ground Beef 73%,Ground Beef,,,,,,,,,150.63,179.81,,,157.17,$/cwt,1.5717,per lb,National,wholesale,,,,,,369160.0,lb,,2453,National Daily Boxed Beef Cutout & Boxed Beef Cuts - Negotiated Sales - PM (PDF) (LM_XB403),2026-09-26T15:00:20+00:00
9df0c03274283e1f,2019-02-06,Beef,Ground Beef 81%,Ground Beef,,,,,,,,,168.35,199.13,,,178.8,$/cwt,1.788,per lb,National,wholesale,,,,,,467759.0,lb,,2453,National Daily Boxed Beef Cutout & Boxed Beef Cuts - Negotiated Sales - PM (PDF) (LM_XB403),2026-09-26T15:00:20+00:00
8dfaf2f348b7a361,2019-02-06,Beef,Ground Beef 93%,Ground Beef,,,,,,,,,295.0,308.5,,,299.12,$/cwt,2.9912,per lb,National,wholesale,,,,,,32615.0,lb,,2453,National Daily Boxed Beef Cutout & Boxed Beef Cuts - Negotiated Sales - PM (PDF) (LM_XB403),2026-09-26T15:00:20+00:00
557196189519f883,2019-02-06,Beef,Ground Beef Chuck,Ground Beef,,,,,,,,,188.25,212.81,,,197.7,$/cwt,1.977,per lb,National,wholesale,,,,,,59887.0,lb,,2453,National Daily Boxed Beef Cutout & Boxed Beef Cuts - Negotiated Sales - PM (PDF) (LM_XB403),2026-09-26T15:00:20+00:00
63ec3c542b90e7f2,2019-02-06,Beef,Ground Beef Round,Ground Beef,,,,,,,,,240.0,261.0,,,255.37,$/cwt,2.5537,per lb,National,wholesale,,,,,,77830.0,lb,,2453,National Daily Boxed Beef Cutout & Boxed Beef Cuts - Negotiated Sales - PM (PDF) (LM_XB403),2026-09-26T15:00:20+00:00
34f50e2751f5b3e3,2019-02-06,Beef,"Loin, ball-tip, bnls, heavy (185B  1)",Choice Cuts,,,,Choice,,,,,265.0,287.81,,,273.39,$/cwt,2.7339,per lb,National,wholesale,,,,,,53732.0,lb,,2453,National Daily Boxed Beef Cutout & Boxed Beef Cuts - Negotiated Sales - PM (PDF) (LM_XB403),2026-09-26T15:00:20+00:00
f43b04ebb812d9c4,2019-02-06,Beef,"Loin, ball-tip, bnls, heavy (185B  1)",Select Cuts,,,,Select,,,,,244.24,259.5,,,249.21,$/cwt,2.4921,per lb,National,wholesale,,,,,,12279.0,lb,,2453,National Daily Boxed Beef Cutout & Boxed Beef Cuts - Negotiated Sales - PM (PDF) (LM_XB403),2026-09-26T15:00:20+00:00
134fdc22cfefd83b,2019-02-06,Beef,"Loin, bottom sirloin, flap (185A  4)",Choice Cuts,,,,Choice,,,,,520.0,577.0,,,530.87,$/cwt,5.3087,per lb,National,wholesale,,,,,,41159.0,lb,,2453,National Daily Boxed Beef Cutout & Boxed Beef Cuts - Negotiated Sales - PM (PDF) (LM_XB403),2026-09-26T15:00:20+00:00
a19a50bc5c414b44,2019-02-06,Beef,"Loin, bottom sirloin, flap (185A  4)",Select Cuts,,,,Select,,,,,505.78,531.25,,,512.48,$/cwt,5.1248,per lb,National,wholesale,,,,,,2368.0,lb,,2453,National Daily Boxed Beef Cutout & Boxed Beef Cuts - Negotiated Sales - PM (PDF) (LM_XB403),2026-09-26T15:00:20+00:00
af5bb03158a2141e,2019-02-06,Beef,"Loin, butt tender, trimmed (191A  4)",Choice Cuts,,,,Choice,,,,,974.47,997.0,,,977.85,$/cwt,9.7785,per lb,National,wholesale,,,,,,8433.0,lb,,2453,National Daily Boxed Beef Cutout & Boxed Beef Cuts - Negotiated Sales - PM (PDF) (LM_XB403),2026-09-26T15:00:20+00:00
bdd7d43cf552ebf5,2019-02-06,Beef,"Loin, short loin, 0x1 (174  3)",Choice Cuts,,,,Choice,,,,,494.68,540.75,,,496.54,$/cwt,4.9654,per lb,National,wholesale,,,,,,130131.0,lb,,2453,National Daily Boxed Beef Cutout & Boxed Beef Cuts - Negotiated Sales - PM (PDF) (LM_XB403),2026-09-26T15:00:20+00:00
130c3d85868c9abf,2019-02-06,Beef,"Loin, short loin, 0x1 (174  3)",Select Cuts,,,,Select,,,,,490.0,520.86,,,518.32,$/cwt,5.1832,per lb,National,wholesale,,,,,,21137.0,lb,,2453,National Daily Boxed Beef Cutout & Boxed Beef Cuts - Negotiated Sales - PM (PDF) (LM_XB403),2026-09-26T15:00:20+00:00
854648566d930ef0,2019-02-06,Beef,"Loin, sirloin, tri-tip (185C  1)",Choice Cuts,,,,Choice,,,,,316.91,335.75,,,320.05,$/cwt,3.2005,per lb,National,wholesale,,,,,,69059.0,lb,,2453,National Daily Boxed Beef Cutout & Boxed Beef Cuts - Negotiated Sales - PM (PDF) (LM_XB403),2026-09-26T15:00:20+00:00
7fa74e22b637f879,2019-02-06,Beef,"Loin, sirloin, tri-tip (185C  1)",Select Cuts,,,,Select,,,,,268.3,290.75,,,284.58,$/cwt,2.8458,per lb,National,wholesale,,,,,,6172.0,lb,,2453,National Daily Boxed Beef Cutout & Boxed Beef Cuts - Negotiated Sales - PM (PDF) (LM_XB403),2026-09-26T15:00:20+00:00
84e3b6ec0808afab,2019-02-06,Beef,"Loin, sirloin, tri-tip, pld (185D  4)",Choice Cuts,,,,Choice,,,,,439.0,472.0,,,456.99,$/cwt,4.5699,per lb,National,wholesale,,,,,,11108.0,lb,,2453,National Daily Boxed Beef Cutout & Boxed Beef Cuts - Negotiated Sales - PM (PDF) (LM_XB403),2026-09-26T15:00:20+00:00
6283610824b28873,2019-02-06,Beef,"Loin, strip loin bnls. 1x1 (  1)",Choice Cuts,,,,Choice,,,,,487.0,500.9,,,498.68,$/cwt,4.9868,per lb,National,wholesale,,,,,,7053.0,lb,,2453,National Daily Boxed Beef Cutout & Boxed Beef Cuts - Negotiated Sales - PM (PDF) (LM_XB403),2026-09-26T15:00:20+00:00
f0dc0b02d31110ea,2019-02-06,Beef,"Loin, strip, bnls, 0x1 (180  3)",Choice Cuts,,,,Choice,,,,,527.0,582.0,,,539.7,$/cwt,5.397,per lb,National,wholesale,,,,,,244778.0,lb,,2453,National Daily Boxed Beef Cutout & Boxed Beef Cuts - Negotiated Sales - PM (PDF) (LM_XB403),2026-09-26T15:00:20+00:00
80ccf63df2988a69,2019-02-06,Beef,"Loin, strip, bnls, 0x1 (180  3)",Select Cuts,,,,Select,,,,,511.75,532.81,,,525.67,$/cwt,5.2567,per lb,National,wholesale,,,,,,12918.0,lb,,2453,National Daily Boxed Beef Cutout & Boxed Beef Cuts - Negotiated Sales - PM (PDF) (LM_XB403),2026-09-26T15:00:20+00:00
a837bc9f374f6382,2019-02-06,Beef,"Loin, tndrloin, trmd, heavy (189A  4)",Choice Cuts,,,,Choice,,,,,991.0,1073.0,,,1005.38,$/cwt,10.0538,per lb,National,wholesale,,,,,,204029.0,lb,,2453,National Daily Boxed Beef Cutout & Boxed Beef Cuts - Negotiated Sales - PM (PDF) (LM_XB403),2026-09-26T15:00:20+00:00
2a50e31fcf37ce08,2019-02-06,Beef,"Loin, tndrloin, trmd, heavy (189A  4)",Select Cuts,,,,Select,,,,,985.0,1035.0,,,987.75,$/cwt,9.8775,per lb,National,wholesale,,,,,,169993.0,lb,,2453,National Daily Boxed Beef Cutout & Boxed Beef Cuts - Negotiated Sales - PM (PDF) (LM_XB403),2026-09-26T15:00:20+00:00
04050f1f4b1274af,2019-02-06,Beef,"Loin, top butt, CC (184B  3)",Choice Cuts,,,,Choice,,,,,468.0,510.0,,,474.51,$/cwt,4.7451,per lb,National,wholesale,,,,,,24778.0,lb,,2453,National Daily Boxed Beef Cutout & Boxed Beef Cuts - Negotiated Sales - PM (PDF) (LM_XB403),2026-09-26T15:00:20+00:00
6cade583ec2aa403,2019-02-06,Beef,"Loin, top butt, bnls, heavy (184  1)",Choice Cuts,,,,Choice,,,,,339.37,365.0,,,343.6,$/cwt,3.436,per lb,National,wholesale,,,,,,20149.0,lb,,2453,National Daily Boxed Beef Cutout & Boxed Beef Cuts - Negotiated Sales - PM (PDF) (LM_XB403),2026-09-26T15:00:20+00:00
e97d0c354769f159,2019-02-06,Beef,"Loin, top butt, boneless (184  3)",Choice Cuts,,,,Choice,,,,,350.0,378.0,,,365.2,$/cwt,3.652,per lb,National,wholesale,,,,,,30126.0,lb,,2453,National Daily Boxed Beef Cutout & Boxed Beef Cuts - Negotiated Sales - PM (PDF) (LM_XB403),2026-09-26T15:00:20+00:00
cf3006eb3c057a2b,2019-02-06,Beef,"Loin, top butt, boneless (184  3)",Select Cuts,,,,Select,,,,,350.0,365.0,,,356.35,$/cwt,3.5635,per lb,National,wholesale,,,,,,10261.0,lb,,2453,National Daily Boxed Beef Cutout & Boxed Beef Cuts - Negotiated Sales - PM (PDF) (LM_XB403),2026-09-26T15:00:20+00:00
9cf555d7eadd76d4,2019-02-06,Beef,"Rib, ribeye, bnls, heavy (112A  3)",Choice Cuts,,,,Choice,,,,,747.0,796.0,,,765.03,$/cwt,7.6503,per lb,National,wholesale,,,,,,39377.0,lb,,2453,National Daily Boxed Beef Cutout & Boxed Beef Cuts - Negotiated Sales - PM (PDF) (LM_XB403),2026-09-26T15:00:20+00:00
ee5c2038d04f385a,2019-02-06,Beef,"Rib, ribeye, bnls, heavy (112A  3)",Select Cuts,,,,Select,,,,,699.5,717.5,,,701.31,$/cwt,7.0131,per lb,National,wholesale,,,,,,21044.0,lb,,2453,National Daily Boxed Beef Cutout & Boxed Beef Cuts - Negotiated Sales - PM (PDF) (LM_XB403),2026-09-26T15:00:20+00:00
3abe219bae844065,2019-02-06,Beef,"Rib, ribeye, bnls, light (112A  3)",Choice Cuts,,,,Choice,,,,,750.0,797.0,,,753.65,$/cwt,7.5365,per lb,National,wholesale,,,,,,210712.0,lb,,2453,National Daily Boxed Beef Cutout & Boxed Beef Cuts - Negotiated Sales - PM (PDF) (LM_XB403),2026-09-26T15:00:20+00:00
481b44ad94fbb01f,2019-02-06,Beef,"Rib, ribeye, bnls, light (112A  3)",Select Cuts,,,,Select,,,,,695.0,725.0,,,709.26,$/cwt,7.0926,per lb,National,wholesale,,,,,,35663.0,lb,,2453,National Daily Boxed Beef Cutout & Boxed Beef Cuts - Negotiated Sales - PM (PDF) (LM_XB403),2026-09-26T15:00:20+00:00
570fca8a61d06579,2019-02-06,Beef,"Rib, ribeye, lip-on, bn-in (109E  1)",Choice Cuts,,,,Choice,,,,,659.0,720.75,,,669.03,$/cwt,6.6903,per lb,National,wholesale,,,,,,10498.0,lb,,2453,National Daily Boxed Beef Cutout & Boxed Beef Cuts - Negotiated Sales - PM (PDF) (LM_XB403),2026-09-26T15:00:20+00:00
bfb5048f3279c56b,2019-02-06,Beef,"Round, bottom gooseneck (170  1)",Choice Cuts,,,,Choice,,,,,202.25,218.0,,,205.82,$/cwt,2.0582,per lb,National,wholesale,,,,,,4323.0,lb,,2453,National Daily Boxed Beef Cutout & Boxed Beef Cuts - Negotiated Sales - PM (PDF) (LM_XB403),2026-09-26T15:00:20+00:00
a6748939d9894ae7,2019-02-06,Beef,"Round, eye of round (171C  3)",Choice Cuts,,,,Choice,,,,,260.25,275.0,,,266.4,$/cwt,2.664,per lb,National,wholesale,,,,,,37784.0,lb,,2453,National Daily Boxed Beef Cutout & Boxed Beef Cuts - Negotiated Sales - PM (PDF) (LM_XB403),2026-09-26T15:00:20+00:00
31c41ff2ec31f68d,2019-02-06,Beef,"Round, eye of round (171C  3)",Select Cuts,,,,Select,,,,,264.5,275.0,,,266.47,$/cwt,2.6647,per lb,National,wholesale,,,,,,9017.0,lb,,2453,National Daily Boxed Beef Cutout & Boxed Beef Cuts - Negotiated Sales - PM (PDF) (LM_XB403),2026-09-26T15:00:20+00:00
8294111fec30995f,2019-02-06,Beef,"Round, knuckle, peeled (167A  4)",Choice Cuts,,,,Choice,,,,,238.77,266.0,,,244.43,$/cwt,2.4443,per lb,National,wholesale,,,,,,190990.0,lb,,2453,National Daily Boxed Beef Cutout & Boxed Beef Cuts - Negotiated Sales - PM (PDF) (LM_XB403),2026-09-26T15:00:20+00:00
99c1d7bc4009f771,2019-02-06,Beef,"Round, knuckle, peeled (167A  4)",Select Cuts,,,,Select,,,,,243.1,251.0,,,244.3,$/cwt,2.443,per lb,National,wholesale,,,,,,29980.0,lb,,2453,National Daily Boxed Beef Cutout & Boxed Beef Cuts - Negotiated Sales - PM (PDF) (LM_XB403),2026-09-26T15:00:20+00:00
514f26206cabe71e,2019-02-06,Beef,"Round, outside round (171B  3)",Choice Cuts,,,,Choice,,,,,219.35,238.0,,,227.51,$/cwt,2.2751,per lb,National,wholesale,,,,,,93745.0,lb,,2453,National Daily Boxed Beef Cutout & Boxed Beef Cuts - Negotiated Sales - PM (PDF) (LM_XB403),2026-09-26T15:00:20+00:00
04970c628156df3d,2019-02-06,Beef,"Round, outside round (171B  3)",Select Cuts,,,,Select,,,,,205.0,227.8,,,217.75,$/cwt,2.1775,per lb,National,wholesale,,,,,,10443.0,lb,,2453,National Daily Boxed Beef Cutout & Boxed Beef Cuts - Negotiated Sales - PM (PDF) (LM_XB403),2026-09-26T15:00:20+00:00
412cd253f9e753a5,2019-02-06,Beef,"Round, top inside round (168  1)",Choice Cuts,,,,Choice,,,,,218.0,234.0,,,224.53,$/cwt,2.2453,per lb,National,wholesale,,,,,,60735.0,lb,,2453,National Daily Boxed Beef Cutout & Boxed Beef Cuts - Negotiated Sales - PM (PDF) (LM_XB403),2026-09-26T15:00:20+00:00
e31558390aade87c,2019-02-06,Beef,"Round, top inside round (168  1)",Select Cuts,,,,Select,,,,,217.86,228.81,,,225.12,$/cwt,2.2512,per lb,National,wholesale,,,,,,4407.0,lb,,2453,National Daily Boxed Beef Cutout & Boxed Beef Cuts - Negotiated Sales - PM (PDF) (LM_XB403),2026-09-26T15:00:20+00:00
9fb75e6e3c71ada6,2019-02-06,Beef,"Round, top inside round (168  3)",Choice Cuts,,,,Choice,,,,,223.25,238.86,,,226.53,$/cwt,2.2653,per lb,National,wholesale,,,,,,43657.0,lb,,2453,National Daily Boxed Beef Cutout & Boxed Beef Cuts - Negotiated Sales - PM (PDF) (LM_XB403),2026-09-26T15:00:20+00:00
e2ed544c374a4713,2019-02-06,Beef,"Round, top inside round (168  3)",Select Cuts,,,,Select,,,,,218.0,225.0,,,222.11,$/cwt,2.2211,per lb,National,wholesale,,,,,,100276.0,lb,,2453,National Daily Boxed Beef Cutout & Boxed Beef Cuts - Negotiated Sales - PM (PDF) (LM_XB403),2026-09-26T15:00:20+00:00
f16c145b9f892b1c,2019-02-06,Beef,"Round, top inside, cap off (169A  5)",Choice Cuts,,,,Choice,,,,,291.35,324.0,,,306.83,$/cwt,3.0683,per lb,National,wholesale,,,,,,17921.0,lb,,2453,National Daily Boxed Beef Cutout & Boxed Beef Cuts - Negotiated Sales - PM (PDF) (LM_XB403),2026-09-26T15:00:20+00:00
69017bc3ed7fb7bd,2019-02-06,Beef,"Round, top inside, denuded (169  5)",Choice Cuts,,,,Choice,,,,,248.0,275.0,,,259.98,$/cwt,2.5998,per lb,National,wholesale,,,,,,42968.0,lb,,2453,National Daily Boxed Beef Cutout & Boxed Beef Cuts - Negotiated Sales - PM (PDF) (LM_XB403),2026-09-26T15:00:20+00:00
14bdfdb1d3c03c76,2019-02-06,Beef,"Short Plate, short rib (123A  3)",Choice Cuts,,,,Choice,,,,,500.08,625.5,,,571.72,$/cwt,5.7172,per lb,National,wholesale,,,,,,23415.0,lb,,2453,National Daily Boxed Beef Cutout & Boxed Beef Cuts - Negotiated Sales - PM (PDF) (LM_XB403),2026-09-26T15:00:20+00:00
972f23e88ce98d19,2019-02-07,Beef,"Brisket, deckle-off, bnls (120  1)",Choice Cuts,,,,Choice,,,,,264.0,294.25,,,270.55,$/cwt,2.7055,per lb,National,wholesale,,,,,,80088.0,lb,,2453,National Daily Boxed Beef Cutout & Boxed Beef Cuts - Negotiated Sales - PM (PDF) (LM_XB403),2026-09-26T15:00:20+00:00
3e425debe1228b7a,2019-02-07,Beef,"Brisket, deckle-off, bnls (120  1)",Select Cuts,,,,Select,,,,,261.0,274.25,,,261.4,$/cwt,2.614,per lb,National,wholesale,,,,,,66460.0,lb,,2453,National Daily Boxed Beef Cutout & Boxed Beef Cuts - Negotiated Sales - PM (PDF) (LM_XB403),2026-09-26T15:00:20+00:00
1c914924ba3f6dac,2019-02-07,Beef,"Brisket, point/off, bnls (120A  3)",Choice Cuts,,,,Choice,,,,,470.0,535.47,,,495.7,$/cwt,4.957,per lb,National,wholesale,,,,,,6777.0,lb,,2453,National Daily Boxed Beef Cutout & Boxed Beef Cuts - Negotiated Sales - PM (PDF) (LM_XB403),2026-09-26T15:00:20+00:00
9834c52554356f2d,2019-02-07,Beef,"Chuck, chuck tender (116B  1)",Choice Cuts,,,,Choice,,,,,235.0,246.72,,,240.17,$/cwt,2.4017,per lb,National,wholesale,,,,,,82081.0,lb,,2453,National Daily Boxed Beef Cutout & Boxed Beef Cuts - Negotiated Sales - PM (PDF) (LM_XB403),2026-09-26T15:00:20+00:00
446fa8c42ec2ec08,2019-02-07,Beef,"Chuck, chuck tender (116B  1)",Select Cuts,,,,Select,,,,,235.0,250.0,,,241.21,$/cwt,2.4121,per lb,National,wholesale,,,,,,14670.0,lb,,2453,National Daily Boxed Beef Cutout & Boxed Beef Cuts - Negotiated Sales - PM (PDF) (LM_XB403),2026-09-26T15:00:20+00:00
f339e94040475107,2019-02-07,Beef,"Chuck, clod tender (114F  5)",Choice Cuts,,,,Choice,,,,,440.0,455.0,,,447.41,$/cwt,4.4741,per lb,National,wholesale,,,,,,4620.0,lb,,2453,National Daily Boxed Beef Cutout & Boxed Beef Cuts - Negotiated Sales - PM (PDF) (LM_XB403),2026-09-26T15:00:20+00:00
cbba28aca33c358a,2019-02-07,Beef,"Chuck, clod tender (114F  5)",Select Cuts,,,,Select,,,,,428.5,430.0,,,429.93,$/cwt,4.2993,per lb,National,wholesale,,,,,,2514.0,lb,,2453,National Daily Boxed Beef Cutout & Boxed Beef Cuts - Negotiated Sales - PM (PDF) (LM_XB403),2026-09-26T15:00:20+00:00
8e7263f0ea719ae5,2019-02-07,Beef,"Chuck, clod, arm roast (114E  3)",Choice Cuts,,,,Choice,,,,,267.0,296.98,,,275.32,$/cwt,2.7532,per lb,National,wholesale,,,,,,22047.0,lb,,2453,National Daily Boxed Beef Cutout & Boxed Beef Cuts - Negotiated Sales - PM (PDF) (LM_XB403),2026-09-26T15:00:20+00:00
0b913e585d7ec092,2019-02-07,Beef,"Chuck, roll, lxl, neck/off (116A  3)",Choice Cuts,,,,Choice,,,,,280.0,306.25,,,287.93,$/cwt,2.8793,per lb,National,wholesale,,,,,,61005.0,lb,,2453,National Daily Boxed Beef Cutout & Boxed Beef Cuts - Negotiated Sales - PM (PDF) (LM_XB403),2026-09-26T15:00:20+00:00
51a485dc2fc3f62f,2019-02-07,Beef,"Chuck, roll, lxl, neck/off (116A  3)",Select Cuts,,,,Select,,,,,278.3,295.0,,,282.94,$/cwt,2.8294,per lb,National,wholesale,,,,,,85543.0,lb,,2453,National Daily Boxed Beef Cutout & Boxed Beef Cuts - Negotiated Sales - PM (PDF) (LM_XB403),2026-09-26T15:00:20+00:00
bda4125f71f073ec,2019-02-07,Beef,"Chuck, roll, retail ready (916A  3)",Choice Cuts,,,,Choice,,,,,312.8,318.47,,,314.46,$/cwt,3.1446,per lb,National,wholesale,,,,,,68196.0,lb,,2453,National Daily Boxed Beef Cutout & Boxed Beef Cuts - Negotiated Sales - PM (PDF) (LM_XB403),2026-09-26T15:00:20+00:00
3842ba8fe0075f33,2019-02-07,Beef,"Chuck, semi-bnls, neck/off (113C  1)",Choice Cuts,,,,Choice,,,,,228.79,251.25,,,235.04,$/cwt,2.3504,per lb,National,wholesale,,,,,,32416.0,lb,,2453,National Daily Boxed Beef Cutout & Boxed Beef Cuts - Negotiated Sales - PM (PDF) (LM_XB403),2026-09-26T15:00:20+00:00
ec5e5bce1e130eff,2019-02-07,Beef,"Chuck, semi-bnls, neck/off (113C  1)",Select Cuts,,,,Select,,,,,230.3,234.0,,,231.95,$/cwt,2.3195,per lb,National,wholesale,,,,,,4238.0,lb,,2453,National Daily Boxed Beef Cutout & Boxed Beef Cuts - Negotiated Sales - PM (PDF) (LM_XB403),2026-09-26T15:00:20+00:00
37c851aa9984cb09,2019-02-07,Beef,"Chuck, short rib (130  4)",Choice Cuts,,,,Choice,,,,,298.83,429.7,,,353.64,$/cwt,3.5364,per lb,National,wholesale,,,,,,26626.0,lb,,2453,National Daily Boxed Beef Cutout & Boxed Beef Cuts - Negotiated Sales - PM (PDF) (LM_XB403),2026-09-26T15:00:20+00:00
3a458cf30e5b211e,2019-02-07,Beef,"Chuck, shoulder clod (114  1)",Choice Cuts,,,,Choice,,,,,205.3,216.25,,,210.63,$/cwt,2.1063,per lb,National,wholesale,,,,,,15193.0,lb,,2453,National Daily Boxed Beef Cutout & Boxed Beef Cuts - Negotiated Sales - PM (PDF) (LM_XB403),2026-09-26T15:00:20+00:00
20620ecf600abc80,2019-02-07,Beef,"Chuck, shoulder clod (114  1)",Select Cuts,,,,Select,,,,,205.25,215.0,,,207.56,$/cwt,2.0756,per lb,National,wholesale,,,,,,7352.0,lb,,2453,National Daily Boxed Beef Cutout & Boxed Beef Cuts - Negotiated Sales - PM (PDF) (LM_XB403),2026-09-26T15:00:20+00:00
3836b5a7bdad8379,2019-02-07,Beef,"Chuck, shoulder clod, trmd (114A  3)",Choice Cuts,,,,Choice,,,,,216.75,232.65,,,222.69,$/cwt,2.2269,per lb,National,wholesale,,,,,,55582.0,lb,,2453,National Daily Boxed Beef Cutout & Boxed Beef Cuts - Negotiated Sales - PM (PDF) (LM_XB403),2026-09-26T15:00:20+00:00
d00b631e3820afa2,2019-02-07,Beef,"Chuck, shoulder clod, trmd (114A  3)",Select Cuts,,,,Select,,,,,222.25,225.0,,,223.48,$/cwt,2.2348,per lb,National,wholesale,,,,,,4469.0,lb,,2453,National Daily Boxed Beef Cutout & Boxed Beef Cuts - Negotiated Sales - PM (PDF) (LM_XB403),2026-09-26T15:00:20+00:00
af12c3d30195a3b6,2019-02-07,Beef,Cutout 600-900 lb,,,,,Select,,,,,,,,,211.53,$/cwt,2.1153,per lb,National,wholesale,,,,,,,,,2453,National Daily Boxed Beef Cutout & Boxed Beef Cuts - Negotiated Sales - PM (PDF) (LM_XB403),2026-09-26T15:00:20+00:00
b506ac2e9022135b,2019-02-07,Beef,Cutout 600-900 lb,,,,,Choice,,,,,,,,,216.71,$/cwt,2.1671,per lb,National,wholesale,,,,,,,,,2453,National Daily Boxed Beef Cutout & Boxed Beef Cuts - Negotiated Sales - PM (PDF) (LM_XB403),2026-09-26T15:00:20+00:00
b75b93ff2e627b19,2019-02-07,Beef,"Flank, flank steak (193  4)",Choice Cuts,,,,Choice,,,,,479.27,507.25,,,483.36,$/cwt,4.8336,per lb,National,wholesale,,,,,,75515.0,lb,,2453,National Daily Boxed Beef Cutout & Boxed Beef Cuts - Negotiated Sales - PM (PDF) (LM_XB403),2026-09-26T15:00:20+00:00
7d9c2098b6f2c103,2019-02-07,Beef,"Flank, flank steak (193  4)",Select Cuts,,,,Select,,,,,485.0,503.4,,,498.66,$/cwt,4.9866,per lb,National,wholesale,,,,,,4791.0,lb,,2453,National Daily Boxed Beef Cutout & Boxed Beef Cuts - Negotiated Sales - PM (PDF) (LM_XB403),2026-09-26T15:00:20+00:00
f265e3b1e94b1265,2019-02-07,Beef,Ground Beef 73%,Ground Beef,,,,,,,,,148.0,172.76,,,152.71,$/cwt,1.5271,per lb,National,wholesale,,,,,,229763.0,lb,,2453,National Daily Boxed Beef Cutout & Boxed Beef Cuts - Negotiated Sales - PM (PDF) (LM_XB403),2026-09-26T15:00:20+00:00
f7159ca6d07e679e,2019-02-07,Beef,Ground Beef 81%,Ground Beef,,,,,,,,,170.0,200.0,,,175.03,$/cwt,1.7503,per lb,National,wholesale,,,,,,200917.0,lb,,2453,National Daily Boxed Beef Cutout & Boxed Beef Cuts - Negotiated Sales - PM (PDF) (LM_XB403),2026-09-26T15:00:20+00:00
4ad0ad58c0d12841,2019-02-07,Beef,Ground Beef 93%,Ground Beef,,,,,,,,,292.0,312.43,,,294.7,$/cwt,2.947,per lb,National,wholesale,,,,,,22306.0,lb,,2453,National Daily Boxed Beef Cutout & Boxed Beef Cuts - Negotiated Sales - PM (PDF) (LM_XB403),2026-09-26T15:00:20+00:00
e98a13bfa0763ce1,2019-02-07,Beef,Ground Beef Chuck,Ground Beef,,,,,,,,,175.0,200.0,,,177.94,$/cwt,1.7794,per lb,National,wholesale,,,,,,28273.0,lb,,2453,National Daily Boxed Beef Cutout & Boxed Beef Cuts - Negotiated Sales - PM (PDF) (LM_XB403),2026-09-26T15:00:20+00:00
5215b14935883a99,2019-02-07,Beef,Ground Beef Round,Ground Beef,,,,,,,,,225.66,265.17,,,237.08,$/cwt,2.3708,per lb,National,wholesale,,,,,,55130.0,lb,,2453,National Daily Boxed Beef Cutout & Boxed Beef Cuts - Negotiated Sales - PM (PDF) (LM_XB403),2026-09-26T15:00:20+00:00
bb42dda4aeb8a0aa,2019-02-07,Beef,"Loin, ball-tip, bnls, heavy (185B  1)",Choice Cuts,,,,Choice,,,,,263.0,283.95,,,264.38,$/cwt,2.6438,per lb,National,wholesale,,,,,,48289.0,lb,,2453,National Daily Boxed Beef Cutout & Boxed Beef Cuts - Negotiated Sales - PM (PDF) (LM_XB403),2026-09-26T15:00:20+00:00
03b5db8aa65a061a,2019-02-07,Beef,"Loin, ball-tip, bnls, heavy (185B  1)",Select Cuts,,,,Select,,,,,245.0,285.0,,,250.51,$/cwt,2.5051,per lb,National,wholesale,,,,,,11436.0,lb,,2453,National Daily Boxed Beef Cutout & Boxed Beef Cuts - Negotiated Sales - PM (PDF) (LM_XB403),2026-09-26T15:00:20+00:00
3cdf010c1597ebcf,2019-02-07,Beef,"Loin, bottom sirloin, flap (185A  4)",Choice Cuts,,,,Choice,,,,,512.0,589.25,,,522.31,$/cwt,5.2231,per lb,National,wholesale,,,,,,57260.0,lb,,2453,National Daily Boxed Beef Cutout & Boxed Beef Cuts - Negotiated Sales - PM (PDF) (LM_XB403),2026-09-26T15:00:20+00:00
2b1dbf2bf31cb705,2019-02-07,Beef,"Loin, bottom sirloin, flap (185A  4)",Select Cuts,,,,Select,,,,,502.75,536.5,,,505.75,$/cwt,5.0575,per lb,National,wholesale,,,,,,27345.0,lb,,2453,National Daily Boxed Beef Cutout & Boxed Beef Cuts - Negotiated Sales - PM (PDF) (LM_XB403),2026-09-26T15:00:20+00:00
c5788658c107eae7,2019-02-07,Beef,"Loin, butt tender, trimmed (191A  4)",Choice Cuts,,,,Choice,,,,,975.8,1000.0,,,986.23,$/cwt,9.8623,per lb,National,wholesale,,,,,,10742.0,lb,,2453,National Daily Boxed Beef Cutout & Boxed Beef Cuts - Negotiated Sales - PM (PDF) (LM_XB403),2026-09-26T15:00:20+00:00
d41c832df53603cc,2019-02-07,Beef,"Loin, short loin, 0x1 (174  3)",Choice Cuts,,,,Choice,,,,,491.54,539.25,,,495.47,$/cwt,4.9547,per lb,National,wholesale,,,,,,127208.0,lb,,2453,National Daily Boxed Beef Cutout & Boxed Beef Cuts - Negotiated Sales - PM (PDF) (LM_XB403),2026-09-26T15:00:20+00:00
77d6cc9ba092f319,2019-02-07,Beef,"Loin, short loin, 0x1 (174  3)",Select Cuts,,,,Select,,,,,499.07,512.25,,,508.04,$/cwt,5.0804,per lb,National,wholesale,,,,,,1650.0,lb,,2453,National Daily Boxed Beef Cutout & Boxed Beef Cuts - Negotiated Sales - PM (PDF) (LM_XB403),2026-09-26T15:00:20+00:00
24773cdf88e87a58,2019-02-07,Beef,"Loin, sirloin, tri-tip (185C  1)",Choice Cuts,,,,Choice,,,,,313.95,340.0,,,317.88,$/cwt,3.1788,per lb,National,wholesale,,,,,,14950.0,lb,,2453,National Daily Boxed Beef Cutout & Boxed Beef Cuts - Negotiated Sales - PM (PDF) (LM_XB403),2026-09-26T15:00:20+00:00
1ef87e15644f20ba,2019-02-07,Beef,"Loin, sirloin, tri-tip (185C  1)",Select Cuts,,,,Select,,,,,277.25,301.0,,,296.87,$/cwt,2.9687,per lb,National,wholesale,,,,,,1862.0,lb,,2453,National Daily Boxed Beef Cutout & Boxed Beef Cuts - Negotiated Sales - PM (PDF) (LM_XB403),2026-09-26T15:00:20+00:00
82d17589cf778cfe,2019-02-07,Beef,"Loin, sirloin, tri-tip, pld (185D  4)",Choice Cuts,,,,Choice,,,,,446.0,460.0,,,452.22,$/cwt,4.5222,per lb,National,wholesale,,,,,,1889.0,lb,,2453,National Daily Boxed Beef Cutout & Boxed Beef Cuts - Negotiated Sales - PM (PDF) (LM_XB403),2026-09-26T15:00:20+00:00
9017ef5c11fa21d5,2019-02-07,Beef,"Loin, strip loin bnls. 1x1 (  1)",Choice Cuts,,,,Choice,,,,,487.0,501.55,,,490.92,$/cwt,4.9092,per lb,National,wholesale,,,,,,4372.0,lb,,2453,National Daily Boxed Beef Cutout & Boxed Beef Cuts - Negotiated Sales - PM (PDF) (LM_XB403),2026-09-26T15:00:20+00:00
549dbac201fab959,2019-02-07,Beef,"Loin, strip loin, 1x1 (175  3)",Choice Cuts,,,,Choice,,,,,435.94,477.4,,,436.59,$/cwt,4.3659,per lb,National,wholesale,,,,,,97204.0,lb,,2453,National Daily Boxed Beef Cutout & Boxed Beef Cuts - Negotiated Sales - PM (PDF) (LM_XB403),2026-09-26T15:00:20+00:00
3f80da5b765c10c5,2019-02-07,Beef,"Loin, strip, bnls, 0x1 (180  3)",Choice Cuts,,,,Choice,,,,,517.0,577.25,,,531.76,$/cwt,5.3176,per lb,National,wholesale,,,,,,115627.0,lb,,2453,National Daily Boxed Beef Cutout & Boxed Beef Cuts - Negotiated Sales - PM (PDF) (LM_XB403),2026-09-26T15:00:20+00:00
d6a881acccaff39b,2019-02-07,Beef,"Loin, strip, bnls, 0x1 (180  3)",Select Cuts,,,,Select,,,,,508.0,539.0,,,516.86,$/cwt,5.1686,per lb,National,wholesale,,,,,,27620.0,lb,,2453,National Daily Boxed Beef Cutout & Boxed Beef Cuts - Negotiated Sales - PM (PDF) (LM_XB403),2026-09-26T15:00:20+00:00
801419e70cb38db3,2019-02-07,Beef,"Loin, tndrloin, trmd, heavy (189A  4)",Choice Cuts,,,,Choice,,,,,997.51,1172.25,,,1014.28,$/cwt,10.1428,per lb,National,wholesale,,,,,,122458.0,lb,,2453,National Daily Boxed Beef Cutout & Boxed Beef Cuts - Negotiated Sales - PM (PDF) (LM_XB403),2026-09-26T15:00:20+00:00
e207dc7f4c1bef5f,2019-02-07,Beef,"Loin, top butt, CC (184B  3)",Choice Cuts,,,,Choice,,,,,475.0,535.0,,,523.13,$/cwt,5.2313,per lb,National,wholesale,,,,,,17074.0,lb,,2453,National Daily Boxed Beef Cutout & Boxed Beef Cuts - Negotiated Sales - PM (PDF) (LM_XB403),2026-09-26T15:00:20+00:00
0b3e146c753e8872,2019-02-07,Beef,"Loin, top butt, bnls, heavy (184  1)",Select Cuts,,,,Select,,,,,345.0,367.0,,,358.51,$/cwt,3.5851,per lb,National,wholesale,,,,,,4398.0,lb,,2453,National Daily Boxed Beef Cutout & Boxed Beef Cuts - Negotiated Sales - PM (PDF) (LM_XB403),2026-09-26T15:00:20+00:00
a4b246ff58b957d2,2019-02-07,Beef,"Loin, top butt, boneless (184  3)",Choice Cuts,,,,Choice,,,,,345.0,375.0,,,362.42,$/cwt,3.6242,per lb,National,wholesale,,,,,,168780.0,lb,,2453,National Daily Boxed Beef Cutout & Boxed Beef Cuts - Negotiated Sales - PM (PDF) (LM_XB403),2026-09-26T15:00:20+00:00
2d267ad227c19957,2019-02-07,Beef,"Loin, top butt, boneless (184  3)",Select Cuts,,,,Select,,,,,342.5,375.0,,,352.25,$/cwt,3.5225,per lb,National,wholesale,,,,,,3831.0,lb,,2453,National Daily Boxed Beef Cutout & Boxed Beef Cuts - Negotiated Sales - PM (PDF) (LM_XB403),2026-09-26T15:00:20+00:00
c80c2748b78fb93f,2019-02-07,Beef,"Rib, ribeye, bnls, heavy (112A  3)",Choice Cuts,,,,Choice,,,,,740.0,790.25,,,755.98,$/cwt,7.5598,per lb,National,wholesale,,,,,,34637.0,lb,,2453,National Daily Boxed Beef Cutout & Boxed Beef Cuts - Negotiated Sales - PM (PDF) (LM_XB403),2026-09-26T15:00:20+00:00
567c975bf8f6af77,2019-02-07,Beef,"Rib, ribeye, bnls, heavy (112A  3)",Select Cuts,,,,Select,,,,,699.3,731.25,,,712.23,$/cwt,7.1223,per lb,National,wholesale,,,,,,3359.0,lb,,2453,National Daily Boxed Beef Cutout & Boxed Beef Cuts - Negotiated Sales - PM (PDF) (LM_XB403),2026-09-26T15:00:20+00:00
50784742fb3d5d34,2019-02-07,Beef,"Rib, ribeye, bnls, light (112A  3)",Choice Cuts,,,,Choice,,,,,778.48,825.0,,,800.77,$/cwt,8.0077,per lb,National,wholesale,,,,,,4210.0,lb,,2453,National Daily Boxed Beef Cutout & Boxed Beef Cuts - Negotiated Sales - PM (PDF) (LM_XB403),2026-09-26T15:00:20+00:00
e2d19ed2d9357f7b,2019-02-07,Beef,"Rib, ribeye, bnls, light (112A  3)",Select Cuts,,,,Select,,,,,674.11,708.94,,,675.87,$/cwt,6.7587,per lb,National,wholesale,,,,,,99830.0,lb,,2453,National Daily Boxed Beef Cutout & Boxed Beef Cuts - Negotiated Sales - PM (PDF) (LM_XB403),2026-09-26T15:00:20+00:00
77a9d442cf815825,2019-02-07,Beef,"Rib, ribeye, lip-on, bn-in (109E  1)",Choice Cuts,,,,Choice,,,,,626.73,699.25,,,644.04,$/cwt,6.4404,per lb,National,wholesale,,,,,,519113.0,lb,,2453,National Daily Boxed Beef Cutout & Boxed Beef Cuts - Negotiated Sales - PM (PDF) (LM_XB403),2026-09-26T15:00:20+00:00
016f2526e002a709,2019-02-07,Beef,"Round, bottom gooseneck (170  1)",Choice Cuts,,,,Choice,,,,,193.43,212.25,,,195.02,$/cwt,1.9502,per lb,National,wholesale,,,,,,88330.0,lb,,2453,National Daily Boxed Beef Cutout & Boxed Beef Cuts - Negotiated Sales - PM (PDF) (LM_XB403),2026-09-26T15:00:20+00:00
404c2f9c3ad1673e,2019-02-07,Beef,"Round, eye of round (171C  3)",Choice Cuts,,,,Choice,,,,,261.75,285.0,,,268.56,$/cwt,2.6856,per lb,National,wholesale,,,,,,128754.0,lb,,2453,National Daily Boxed Beef Cutout & Boxed Beef Cuts - Negotiated Sales - PM (PDF) (LM_XB403),2026-09-26T15:00:20+00:00
5129adb0f9d86da7,2019-02-07,Beef,"Round, eye of round (171C  3)",Select Cuts,,,,Select,,,,,260.5,269.25,,,263.3,$/cwt,2.633,per lb,National,wholesale,,,,,,3869.0,lb,,2453,National Daily Boxed Beef Cutout & Boxed Beef Cuts - Negotiated Sales - PM (PDF) (LM_XB403),2026-09-26T15:00:20+00:00
8d52b6fdf898a77c,2019-02-07,Beef,"Round, knuckle, peeled (167A  4)",Choice Cuts,,,,Choice,,,,,240.0,270.0,,,246.78,$/cwt,2.4678,per lb,National,wholesale,,,,,,175232.0,lb,,2453,National Daily Boxed Beef Cutout & Boxed Beef Cuts - Negotiated Sales - PM (PDF) (LM_XB403),2026-09-26T15:00:20+00:00
91851efa02813ae7,2019-02-07,Beef,"Round, knuckle, peeled (167A  4)",Select Cuts,,,,Select,,,,,240.0,253.35,,,247.15,$/cwt,2.4715,per lb,National,wholesale,,,,,,20631.0,lb,,2453,National Daily Boxed Beef Cutout & Boxed Beef Cuts - Negotiated Sales - PM (PDF) (LM_XB403),2026-09-26T15:00:20+00:00
1120aee6e84abd02,2019-02-07,Beef,"Round, outside round (171B  3)",Choice Cuts,,,,Choice,,,,,213.0,227.0,,,222.08,$/cwt,2.2208,per lb,National,wholesale,,,,,,28358.0,lb,,2453,National Daily Boxed Beef Cutout & Boxed Beef Cuts - Negotiated Sales - PM (PDF) (LM_XB403),2026-09-26T15:00:20+00:00
ff612970d789b0e8,2019-02-07,Beef,"Round, outside round (171B  3)",Select Cuts,,,,Select,,,,,222.25,229.5,,,226.49,$/cwt,2.2649,per lb,National,wholesale,,,,,,13353.0,lb,,2453,National Daily Boxed Beef Cutout & Boxed Beef Cuts - Negotiated Sales - PM (PDF) (LM_XB403),2026-09-26T15:00:20+00:00
4ae86fe3e767ec8a,2019-02-07,Beef,"Round, top inside round (168  1)",Choice Cuts,,,,Choice,,,,,219.3,245.0,,,226.5,$/cwt,2.265,per lb,National,wholesale,,,,,,6851.0,lb,,2453,National Daily Boxed Beef Cutout & Boxed Beef Cuts - Negotiated Sales - PM (PDF) (LM_XB403),2026-09-26T15:00:20+00:00
5d1d71c637e02eef,2019-02-07,Beef,"Round, top inside round (168  3)",Choice Cuts,,,,Choice,,,,,222.0,236.25,,,222.92,$/cwt,2.2292,per lb,National,wholesale,,,,,,114627.0,lb,,2453,National Daily Boxed Beef Cutout & Boxed Beef Cuts - Negotiated Sales - PM (PDF) (LM_XB403),2026-09-26T15:00:20+00:00
97aa3e9cee632e04,2019-02-07,Beef,"Round, top inside round (168  3)",Select Cuts,,,,Select,,,,,227.25,236.4,,,229.96,$/cwt,2.2996,per lb,National,wholesale,,,,,,8650.0,lb,,2453,National Daily Boxed Beef Cutout & Boxed Beef Cuts - Negotiated Sales - PM (PDF) (LM_XB403),2026-09-26T15:00:20+00:00
854dc2d3e7e132d8,2019-02-07,Beef,"Round, top inside, cap off (169A  5)",Choice Cuts,,,,Choice,,,,,298.0,310.0,,,298.89,$/cwt,2.9889,per lb,National,wholesale,,,,,,4692.0,lb,,2453,National Daily Boxed Beef Cutout & Boxed Beef Cuts - Negotiated Sales - PM (PDF) (LM_XB403),2026-09-26T15:00:20+00:00
b77fc561b02bc47f,2019-02-07,Beef,"Round, top inside, denuded (169  5)",Choice Cuts,,,,Choice,,,,,249.87,275.83,,,260.63,$/cwt,2.6063,per lb,National,wholesale,,,,,,123543.0,lb,,2453,National Daily Boxed Beef Cutout & Boxed Beef Cuts - Negotiated Sales - PM (PDF) (LM_XB403),2026-09-26T15:00:20+00:00
b9a6b3d7edf69659,2019-02-07,Beef,"Short Plate, short rib (123A  3)",Choice Cuts,,,,Choice,,,,,509.0,626.0,,,533.63,$/cwt,5.3363,per lb,National,wholesale,,,,,,15350.0,lb,,2453,National Daily Boxed Beef Cutout & Boxed Beef Cuts - Negotiated Sales - PM (PDF) (LM_XB403),2026-09-26T15:00:20+00:00
ff338c63cfc42964,2019-02-08,Beef,"Brisket, deckle-off, bnls (120  1)",Choice Cuts,,,,Choice,,,,,265.0,282.0,,,268.53,$/cwt,2.6853,per lb,National,wholesale,,,,,,199695.0,lb,,2453,National Daily Boxed Beef Cutout & Boxed Beef Cuts - Negotiated Sales - PM (PDF) (LM_XB403),2026-09-26T15:00:20+00:00
44614a7a061ea23d,2019-02-08,Beef,"Brisket, deckle-off, bnls (120  1)",Select Cuts,,,,Select,,,,,261.75,274.74,,,269.17,$/cwt,2.6917,per lb,National,wholesale,,,,,,55755.0,lb,,2453,National Daily Boxed Beef Cutout & Boxed Beef Cuts - Negotiated Sales - PM (PDF) (LM_XB403),2026-09-26T15:00:20+00:00
a5e55b321ecaf4ba,2019-02-08,Beef,"Brisket, point/off, bnls (120A  3)",Choice Cuts,,,,Choice,,,,,464.17,474.0,,,466.92,$/cwt,4.6692,per lb,National,wholesale,,,,,,5296.0,lb,,2453,National Daily Boxed Beef Cutout & Boxed Beef Cuts - Negotiated Sales - PM (PDF) (LM_XB403),2026-09-26T15:00:20+00:00
09ed82e4d97d6b74,2019-02-08,Beef,"Chuck, chuck tender (116B  1)",Choice Cuts,,,,Choice,,,,,230.0,245.0,,,236.53,$/cwt,2.3653,per lb,National,wholesale,,,,,,44346.0,lb,,2453,National Daily Boxed Beef Cutout & Boxed Beef Cuts - Negotiated Sales - PM (PDF) (LM_XB403),2026-09-26T15:00:20+00:00
4c048c1828164efb,2019-02-08,Beef,"Chuck, chuck tender (116B  1)",Select Cuts,,,,Select,,,,,235.0,243.0,,,239.92,$/cwt,2.3992,per lb,National,wholesale,,,,,,3450.0,lb,,2453,National Daily Boxed Beef Cutout & Boxed Beef Cuts - Negotiated Sales - PM (PDF) (LM_XB403),2026-09-26T15:00:20+00:00
9b52520ba8456ce2,2019-02-08,Beef,"Chuck, clod tender (114F  5)",Choice Cuts,,,,Choice,,,,,440.0,456.25,,,440.28,$/cwt,4.4028,per lb,National,wholesale,,,,,,13215.0,lb,,2453,National Daily Boxed Beef Cutout & Boxed Beef Cuts - Negotiated Sales - PM (PDF) (LM_XB403),2026-09-26T15:00:20+00:00
9c5160e0e801c114,2019-02-08,Beef,"Chuck, clod tender (114F  5)",Select Cuts,,,,Select,,,,,430.0,471.5,,,448.6,$/cwt,4.486,per lb,National,wholesale,,,,,,8318.0,lb,,2453,National Daily Boxed Beef Cutout & Boxed Beef Cuts - Negotiated Sales - PM (PDF) (LM_XB403),2026-09-26T15:00:20+00:00
60cf019971ac3c35,2019-02-08,Beef,"Chuck, clod, arm roast (114E  3)",Choice Cuts,,,,Choice,,,,,270.0,281.0,,,272.24,$/cwt,2.7224,per lb,National,wholesale,,,,,,28738.0,lb,,2453,National Daily Boxed Beef Cutout & Boxed Beef Cuts - Negotiated Sales - PM (PDF) (LM_XB403),2026-09-26T15:00:20+00:00
8ac378340caff12d,2019-02-08,Beef,"Chuck, flap (116G  4)",Select Cuts,,,,Select,,,,,475.26,476.5,,,475.71,$/cwt,4.7571,per lb,National,wholesale,,,,,,6179.0,lb,,2453,National Daily Boxed Beef Cutout & Boxed Beef Cuts - Negotiated Sales - PM (PDF) (LM_XB403),2026-09-26T15:00:20+00:00
1c157509eb5ce9e2,2019-02-08,Beef,"Chuck, roll, lxl, neck/off (116A  3)",Choice Cuts,,,,Choice,,,,,281.0,297.25,,,285.77,$/cwt,2.8577,per lb,National,wholesale,,,,,,72820.0,lb,,2453,National Daily Boxed Beef Cutout & Boxed Beef Cuts - Negotiated Sales - PM (PDF) (LM_XB403),2026-09-26T15:00:20+00:00
bd3515302af4ad67,2019-02-08,Beef,"Chuck, roll, lxl, neck/off (116A  3)",Select Cuts,,,,Select,,,,,278.1,290.25,,,284.34,$/cwt,2.8434,per lb,National,wholesale,,,,,,4333.0,lb,,2453,National Daily Boxed Beef Cutout & Boxed Beef Cuts - Negotiated Sales - PM (PDF) (LM_XB403),2026-09-26T15:00:20+00:00
c3c1d4dccaeb1b44,2019-02-08,Beef,"Chuck, short rib (130  4)",Choice Cuts,,,,Choice,,,,,317.42,380.0,,,361.58,$/cwt,3.6158,per lb,National,wholesale,,,,,,24092.0,lb,,2453,National Daily Boxed Beef Cutout & Boxed Beef Cuts - Negotiated Sales - PM (PDF) (LM_XB403),2026-09-26T15:00:20+00:00
03c1cdb161f80c08,2019-02-08,Beef,"Chuck, shoulder clod (114  1)",Choice Cuts,,,,Choice,,,,,207.0,225.62,,,212.11,$/cwt,2.1211,per lb,National,wholesale,,,,,,12959.0,lb,,2453,National Daily Boxed Beef Cutout & Boxed Beef Cuts - Negotiated Sales - PM (PDF) (LM_XB403),2026-09-26T15:00:20+00:00
8a6ac11f6a0bd38e,2019-02-08,Beef,"Chuck, shoulder clod (114  1)",Select Cuts,,,,Select,,,,,205.75,208.0,,,207.02,$/cwt,2.0702,per lb,National,wholesale,,,,,,26227.0,lb,,2453,National Daily Boxed Beef Cutout & Boxed Beef Cuts - Negotiated Sales - PM (PDF) (LM_XB403),2026-09-26T15:00:20+00:00
f71e4e960418b45a,2019-02-08,Beef,"Chuck, shoulder clod, trmd (114A  3)",Choice Cuts,,,,Choice,,,,,215.0,232.0,,,218.21,$/cwt,2.1821,per lb,National,wholesale,,,,,,68944.0,lb,,2453,National Daily Boxed Beef Cutout & Boxed Beef Cuts - Negotiated Sales - PM (PDF) (LM_XB403),2026-09-26T15:00:20+00:00
43526772e4599197,2019-02-08,Beef,Cutout 600-900 lb,,,,,Select,,,,,,,,,211.17,$/cwt,2.1117,per lb,National,wholesale,,,,,,,,,2453,National Daily Boxed Beef Cutout & Boxed Beef Cuts - Negotiated Sales - PM (PDF) (LM_XB403),2026-09-26T15:00:20+00:00
9405961e87c9f87c,2019-02-08,Beef,Cutout 600-900 lb,,,,,Choice,,,,,,,,,215.35,$/cwt,2.1535,per lb,National,wholesale,,,,,,,,,2453,National Daily Boxed Beef Cutout & Boxed Beef Cuts - Negotiated Sales - PM (PDF) (LM_XB403),2026-09-26T15:00:20+00:00
ce20db0009954102,2019-02-08,Beef,"Flank, flank steak (193  4)",Choice Cuts,,,,Choice,,,,,489.23,512.0,,,499.46,$/cwt,4.9946,per lb,National,wholesale,,,,,,3524.0,lb,,2453,National Daily Boxed Beef Cutout & Boxed Beef Cuts - Negotiated Sales - PM (PDF) (LM_XB403),2026-09-26T15:00:20+00:00
0331b36f535717fd,2019-02-08,Beef,Ground Beef 73%,Ground Beef,,,,,,,,,145.0,160.0,,,154.38,$/cwt,1.5438,per lb,National,wholesale,,,,,,122388.0,lb,,2453,National Daily Boxed Beef Cutout & Boxed Beef Cuts - Negotiated Sales - PM (PDF) (LM_XB403),2026-09-26T15:00:20+00:00
3b9e5ff484ea7fcc,2019-02-08,Beef,Ground Beef 81%,Ground Beef,,,,,,,,,170.0,206.88,,,178.27,$/cwt,1.7827,per lb,National,wholesale,,,,,,117199.0,lb,,2453,National Daily Boxed Beef Cutout & Boxed Beef Cuts - Negotiated Sales - PM (PDF) (LM_XB403),2026-09-26T15:00:20+00:00
2e76f9f7c51c4d55,2019-02-08,Beef,Ground Beef 93%,Ground Beef,,,,,,,,,291.0,307.23,,,304.61,$/cwt,3.0461,per lb,National,wholesale,,,,,,83950.0,lb,,2453,National Daily Boxed Beef Cutout & Boxed Beef Cuts - Negotiated Sales - PM (PDF) (LM_XB403),2026-09-26T15:00:20+00:00
45f9261409319e1d,2019-02-08,Beef,Ground Beef Chuck,Ground Beef,,,,,,,,,175.0,191.0,,,182.17,$/cwt,1.8217,per lb,National,wholesale,,,,,,136440.0,lb,,2453,National Daily Boxed Beef Cutout & Boxed Beef Cuts - Negotiated Sales - PM (PDF) (LM_XB403),2026-09-26T15:00:20+00:00
1de6746dfacd09f8,2019-02-08,Beef,Ground Beef Round,Ground Beef,,,,,,,,,244.0,260.0,,,246.77,$/cwt,2.4677,per lb,National,wholesale,,,,,,10975.0,lb,,2453,National Daily Boxed Beef Cutout & Boxed Beef Cuts - Negotiated Sales - PM (PDF) (LM_XB403),2026-09-26T15:00:20+00:00
8ba6d0bfce1c5968,2019-02-08,Beef,"Loin, ball-tip, bnls, heavy (185B  1)",Choice Cuts,,,,Choice,,,,,256.03,282.57,,,267.95,$/cwt,2.6795,per lb,National,wholesale,,,,,,86072.0,lb,,2453,National Daily Boxed Beef Cutout & Boxed Beef Cuts - Negotiated Sales - PM (PDF) (LM_XB403),2026-09-26T15:00:20+00:00
da6131bd995a8657,2019-02-08,Beef,"Loin, ball-tip, bnls, heavy (185B  1)",Select Cuts,,,,Select,,,,,243.4,254.5,,,248.47,$/cwt,2.4847,per lb,National,wholesale,,,,,,86100.0,lb,,2453,National Daily Boxed Beef Cutout & Boxed Beef Cuts - Negotiated Sales - PM (PDF) (LM_XB403),2026-09-26T15:00:20+00:00
b985a8682eba6f60,2019-02-08,Beef,"Loin, bottom sirloin, flap (185A  4)",Choice Cuts,,,,Choice,,,,,500.0,552.0,,,505.54,$/cwt,5.0554,per lb,National,wholesale,,,,,,159702.0,lb,,2453,National Daily Boxed Beef Cutout & Boxed Beef Cuts - Negotiated Sales - PM (PDF) (LM_XB403),2026-09-26T15:00:20+00:00
6529fe361ccbf377,2019-02-08,Beef,"Loin, bottom sirloin, flap (185A  4)",Select Cuts,,,,Select,,,,,500.0,519.1,,,500.53,$/cwt,5.0053,per lb,National,wholesale,,,,,,51934.0,lb,,2453,National Daily Boxed Beef Cutout & Boxed Beef Cuts - Negotiated Sales - PM (PDF) (LM_XB403),2026-09-26T15:00:20+00:00
5393e7bce0952ce8,2019-02-08,Beef,"Loin, butt tender, trimmed (191A  4)",Choice Cuts,,,,Choice,,,,,967.63,1030.0,,,982.32,$/cwt,9.8232,per lb,National,wholesale,,,,,,14598.0,lb,,2453,National Daily Boxed Beef Cutout & Boxed Beef Cuts - Negotiated Sales - PM (PDF) (LM_XB403),2026-09-26T15:00:20+00:00
07915f6ba320939e,2019-02-08,Beef,"Loin, short loin, 0x1 (174  3)",Choice Cuts,,,,Choice,,,,,496.11,544.25,,,501.37,$/cwt,5.0137,per lb,National,wholesale,,,,,,64663.0,lb,,2453,National Daily Boxed Beef Cutout & Boxed Beef Cuts - Negotiated Sales - PM (PDF) (LM_XB403),2026-09-26T15:00:20+00:00
ae5cd657cf9007fd,2019-02-08,Beef,"Loin, short loin, 0x1 (174  3)",Select Cuts,,,,Select,,,,,500.0,514.25,,,507.53,$/cwt,5.0753,per lb,National,wholesale,,,,,,2098.0,lb,,2453,National Daily Boxed Beef Cutout & Boxed Beef Cuts - Negotiated Sales - PM (PDF) (LM_XB403),2026-09-26T15:00:20+00:00
bf873bc257dcf734,2019-02-08,Beef,"Loin, sirloin, tri-tip (185C  1)",Choice Cuts,,,,Choice,,,,,319.5,335.0,,,333.34,$/cwt,3.3334,per lb,National,wholesale,,,,,,16363.0,lb,,2453,National Daily Boxed Beef Cutout & Boxed Beef Cuts - Negotiated Sales - PM (PDF) (LM_XB403),2026-09-26T15:00:20+00:00
6aacdd0dd6c73b5a,2019-02-08,Beef,"Loin, sirloin, tri-tip (185C  1)",Select Cuts,,,,Select,,,,,267.26,291.0,,,269.52,$/cwt,2.6952,per lb,National,wholesale,,,,,,3005.0,lb,,2453,National Daily Boxed Beef Cutout & Boxed Beef Cuts - Negotiated Sales - PM (PDF) (LM_XB403),2026-09-26T15:00:20+00:00
628d39618a8bbc81,2019-02-08,Beef,"Loin, strip loin, 1x1 (175  3)",Choice Cuts,,,,Choice,,,,,423.0,465.0,,,438.72,$/cwt,4.3872,per lb,National,wholesale,,,,,,48640.0,lb,,2453,National Daily Boxed Beef Cutout & Boxed Beef Cuts - Negotiated Sales - PM (PDF) (LM_XB403),2026-09-26T15:00:20+00:00
4583d61761974147,2019-02-08,Beef,"Loin, strip, bnls, 0x1 (180  3)",Choice Cuts,,,,Choice,,,,,535.0,567.25,,,544.51,$/cwt,5.4451,per lb,National,wholesale,,,,,,42166.0,lb,,2453,National Daily Boxed Beef Cutout & Boxed Beef Cuts - Negotiated Sales - PM (PDF) (LM_XB403),2026-09-26T15:00:20+00:00
cf55b2bfbd055a78,2019-02-08,Beef,"Loin, strip, bnls, 0x1 (180  3)",Select Cuts,,,,Select,,,,,478.25,546.1,,,514.83,$/cwt,5.1483,per lb,National,wholesale,,,,,,12046.0,lb,,2453,National Daily Boxed Beef Cutout & Boxed Beef Cuts - Negotiated Sales - PM (PDF) (LM_XB403),2026-09-26T15:00:20+00:00
8c72e718c94e2ce3,2019-02-08,Beef,"Loin, tndrloin, trmd, heavy (189A  4)",Choice Cuts,,,,Choice,,,,,1013.95,1050.0,,,1018.5,$/cwt,10.185,per lb,National,wholesale,,,,,,22228.0,lb,,2453,National Daily Boxed Beef Cutout & Boxed Beef Cuts - Negotiated Sales - PM (PDF) (LM_XB403),2026-09-26T15:00:20+00:00
11d119b3ac028324,2019-02-08,Beef,"Loin, top butt, bnls, heavy (184  1)",Choice Cuts,,,,Choice,,,,,339.86,370.62,,,347.54,$/cwt,3.4754,per lb,National,wholesale,,,,,,12273.0,lb,,2453,National Daily Boxed Beef Cutout & Boxed Beef Cuts - Negotiated Sales - PM (PDF) (LM_XB403),2026-09-26T15:00:20+00:00
4989143a5765bc0f,2019-02-08,Beef,"Loin, top butt, boneless (184  3)",Choice Cuts,,,,Choice,,,,,348.0,370.0,,,361.5,$/cwt,3.615,per lb,National,wholesale,,,,,,71184.0,lb,,2453,National Daily Boxed Beef Cutout & Boxed Beef Cuts - Negotiated Sales - PM (PDF) (LM_XB403),2026-09-26T15:00:20+00:00
a024e848433c7bda,2019-02-08,Beef,"Loin, top butt, boneless (184  3)",Select Cuts,,,,Select,,,,,340.0,365.0,,,349.87,$/cwt,3.4987,per lb,National,wholesale,,,,,,13726.0,lb,,2453,National Daily Boxed Beef Cutout & Boxed Beef Cuts - Negotiated Sales - PM (PDF) (LM_XB403),2026-09-26T15:00:20+00:00
6faaa22b94b2ce5c,2019-02-08,Beef,"Rib, ribeye, bnls, heavy (112A  3)",Choice Cuts,,,,Choice,,,,,749.5,777.25,,,756.89,$/cwt,7.5689,per lb,National,wholesale,,,,,,39582.0,lb,,2453,National Daily Boxed Beef Cutout & Boxed Beef Cuts - Negotiated Sales - PM (PDF) (LM_XB403),2026-09-26T15:00:20+00:00
85b87c499043bb38,2019-02-08,Beef,"Rib, ribeye, bnls, heavy (112A  3)",Select Cuts,,,,Select,,,,,689.5,725.0,,,714.49,$/cwt,7.1449,per lb,National,wholesale,,,,,,8434.0,lb,,2453,National Daily Boxed Beef Cutout & Boxed Beef Cuts - Negotiated Sales - PM (PDF) (LM_XB403),2026-09-26T15:00:20+00:00
7000af845691b562,2019-02-08,Beef,"Rib, ribeye, bnls, light (112A  3)",Choice Cuts,,,,Choice,,,,,768.0,806.5,,,802.6,$/cwt,8.026,per lb,National,wholesale,,,,,,5473.0,lb,,2453,National Daily Boxed Beef Cutout & Boxed Beef Cuts - Negotiated Sales - PM (PDF) (LM_XB403),2026-09-26T15:00:20+00:00
5eb29476a9fae2a6,2019-02-08,Beef,"Rib, ribeye, bnls, light (112A  3)",Select Cuts,,,,Select,,,,,708.6,724.25,,,713.16,$/cwt,7.1316,per lb,National,wholesale,,,,,,5863.0,lb,,2453,National Daily Boxed Beef Cutout & Boxed Beef Cuts - Negotiated Sales - PM (PDF) (LM_XB403),2026-09-26T15:00:20+00:00
ca61a48f232e5c09,2019-02-08,Beef,"Rib, ribeye, lip-on, bn-in (109E  1)",Choice Cuts,,,,Choice,,,,,640.94,689.25,,,658.71,$/cwt,6.5871,per lb,National,wholesale,,,,,,142326.0,lb,,2453,National Daily Boxed Beef Cutout & Boxed Beef Cuts - Negotiated Sales - PM (PDF) (LM_XB403),2026-09-26T15:00:20+00:00
23b0a766f5193911,2019-02-08,Beef,"Round, bottom gooseneck (170  1)",Choice Cuts,,,,Choice,,,,,198.35,204.25,,,201.13,$/cwt,2.0113,per lb,National,wholesale,,,,,,4010.0,lb,,2453,National Daily Boxed Beef Cutout & Boxed Beef Cuts - Negotiated Sales - PM (PDF) (LM_XB403),2026-09-26T15:00:20+00:00
33183ae50050279d,2019-02-08,Beef,"Round, eye of round (171C  3)",Choice Cuts,,,,Choice,,,,,262.97,277.01,,,268.74,$/cwt,2.6874,per lb,National,wholesale,,,,,,100719.0,lb,,2453,National Daily Boxed Beef Cutout & Boxed Beef Cuts - Negotiated Sales - PM (PDF) (LM_XB403),2026-09-26T15:00:20+00:00
10efee04b0558d31,2019-02-08,Beef,"Round, knuckle, peeled (167A  4)",Choice Cuts,,,,Choice,,,,,241.25,256.25,,,249.75,$/cwt,2.4975,per lb,National,wholesale,,,,,,85012.0,lb,,2453,National Daily Boxed Beef Cutout & Boxed Beef Cuts - Negotiated Sales - PM (PDF) (LM_XB403),2026-09-26T15:00:20+00:00
d673d3695cdf2aec,2019-02-08,Beef,"Round, knuckle, peeled (167A  4)",Select Cuts,,,,Select,,,,,244.0,250.65,,,246.6,$/cwt,2.466,per lb,National,wholesale,,,,,,7914.0,lb,,2453,National Daily Boxed Beef Cutout & Boxed Beef Cuts - Negotiated Sales - PM (PDF) (LM_XB403),2026-09-26T15:00:20+00:00
5125397356f0c04a,2019-02-08,Beef,"Round, outside round (171B  3)",Choice Cuts,,,,Choice,,,,,219.25,232.0,,,224.1,$/cwt,2.241,per lb,National,wholesale,,,,,,30645.0,lb,,2453,National Daily Boxed Beef Cutout & Boxed Beef Cuts - Negotiated Sales - PM (PDF) (LM_XB403),2026-09-26T15:00:20+00:00
24e7eb6ab2f5227c,2019-02-08,Beef,"Round, outside round (171B  3)",Select Cuts,,,,Select,,,,,222.0,227.97,,,223.95,$/cwt,2.2395,per lb,National,wholesale,,,,,,62446.0,lb,,2453,National Daily Boxed Beef Cutout & Boxed Beef Cuts - Negotiated Sales - PM (PDF) (LM_XB403),2026-09-26T15:00:20+00:00
085c9499d87f072d,2019-02-08,Beef,"Round, top inside round (168  1)",Choice Cuts,,,,Choice,,,,,219.11,225.77,,,220.04,$/cwt,2.2004,per lb,National,wholesale,,,,,,16871.0,lb,,2453,National Daily Boxed Beef Cutout & Boxed Beef Cuts - Negotiated Sales - PM (PDF) (LM_XB403),2026-09-26T15:00:20+00:00
8665f30b1514d0d5,2019-02-08,Beef,"Round, top inside round (168  3)",Choice Cuts,,,,Choice,,,,,223.89,237.0,,,226.86,$/cwt,2.2686,per lb,National,wholesale,,,,,,31711.0,lb,,2453,National Daily Boxed Beef Cutout & Boxed Beef Cuts - Negotiated Sales - PM (PDF) (LM_XB403),2026-09-26T15:00:20+00:00
d20552003a2a335d,2019-02-08,Beef,"Round, top inside, denuded (169  5)",Choice Cuts,,,,Choice,,,,,254.5,263.0,,,260.41,$/cwt,2.6041,per lb,National,wholesale,,,,,,69054.0,lb,,2453,National Daily Boxed Beef Cutout & Boxed Beef Cuts - Negotiated Sales - PM (PDF) (LM_XB403),2026-09-26T15:00:20+00:00
f23af6e70df7d203,2019-02-08,Beef,"Short Plate, short rib (123A  3)",Choice Cuts,,,,Choice,,,,,499.71,626.75,,,571.06,$/cwt,5.7106,per lb,National,wholesale,,,,,,25222.0,lb,,2453,National Daily Boxed Beef Cutout & Boxed Beef Cuts - Negotiated Sales - PM (PDF) (LM_XB403),2026-09-26T15:00:20+00:00
dffed78df37a9968,2019-02-11,Beef,"Brisket, deckle-off, bnls (120  1)",Choice Cuts,,,,Choice,,,,,247.0,289.86,,,266.17,$/cwt,2.6617,per lb,National,wholesale,,,,,,147118.0,lb,,2453,National Daily Boxed Beef Cutout & Boxed Beef Cuts - Negotiated Sales - PM (PDF) (LM_XB403),2026-09-26T15:00:20+00:00
4c7cbdcf5875b00d,2019-02-11,Beef,"Brisket, deckle-off, bnls (120  1)",Select Cuts,,,,Select,,,,,266.47,275.0,,,267.69,$/cwt,2.6769,per lb,National,wholesale,,,,,,122465.0,lb,,2453,National Daily Boxed Beef Cutout & Boxed Beef Cuts - Negotiated Sales - PM (PDF) (LM_XB403),2026-09-26T15:00:20+00:00
0c020187e0402d65,2019-02-11,Beef,"Brisket, point/off, bnls (120A  3)",Choice Cuts,,,,Choice,,,,,435.0,470.0,,,438.05,$/cwt,4.3805,per lb,National,wholesale,,,,,,13767.0,lb,,2453,National Daily Boxed Beef Cutout & Boxed Beef Cuts - Negotiated Sales - PM (PDF) (LM_XB403),2026-09-26T15:00:20+00:00
3387bd70207c30c1,2019-02-11,Beef,"Chuck, chuck tender (116B  1)",Choice Cuts,,,,Choice,,,,,239.0,250.0,,,243.63,$/cwt,2.4363,per lb,National,wholesale,,,,,,4628.0,lb,,2453,National Daily Boxed Beef Cutout & Boxed Beef Cuts - Negotiated Sales - PM (PDF) (LM_XB403),2026-09-26T15:00:20+00:00
99fab351a87a9f24,2019-02-11,Beef,"Chuck, chuck tender (116B  1)",Select Cuts,,,,Select,,,,,237.0,252.0,,,242.11,$/cwt,2.4211,per lb,National,wholesale,,,,,,6123.0,lb,,2453,National Daily Boxed Beef Cutout & Boxed Beef Cuts - Negotiated Sales - PM (PDF) (LM_XB403),2026-09-26T15:00:20+00:00
3f833021442d150e,2019-02-11,Beef,"Chuck, clod tender (114F  5)",Choice Cuts,,,,Choice,,,,,440.0,455.0,,,446.39,$/cwt,4.4639,per lb,National,wholesale,,,,,,18202.0,lb,,2453,National Daily Boxed Beef Cutout & Boxed Beef Cuts - Negotiated Sales - PM (PDF) (LM_XB403),2026-09-26T15:00:20+00:00
1572267bf4bff29b,2019-02-11,Beef,"Chuck, clod tender (114F  5)",Select Cuts,,,,Select,,,,,430.0,473.29,,,435.07,$/cwt,4.3507,per lb,National,wholesale,,,,,,6967.0,lb,,2453,National Daily Boxed Beef Cutout & Boxed Beef Cuts - Negotiated Sales - PM (PDF) (LM_XB403),2026-09-26T15:00:20+00:00
d7b3b805aa55048a,2019-02-11,Beef,"Chuck, clod, arm roast (114E  3)",Choice Cuts,,,,Choice,,,,,267.0,270.7,,,269.98,$/cwt,2.6998,per lb,National,wholesale,,,,,,40066.0,lb,,2453,National Daily Boxed Beef Cutout & Boxed Beef Cuts - Negotiated Sales - PM (PDF) (LM_XB403),2026-09-26T15:00:20+00:00
13f3224ef4f43839,2019-02-11,Beef,"Chuck, clod, top blade (114D  3)",Choice Cuts,,,,Choice,,,,,350.0,394.0,,,356.2,$/cwt,3.562,per lb,National,wholesale,,,,,,7291.0,lb,,2453,National Daily Boxed Beef Cutout & Boxed Beef Cuts - Negotiated Sales - PM (PDF) (LM_XB403),2026-09-26T15:00:20+00:00
2cf9563cbb954d7b,2019-02-11,Beef,"Chuck, flap (116G  4)",Choice Cuts,,,,Choice,,,,,505.16,671.75,,,554.48,$/cwt,5.5448,per lb,National,wholesale,,,,,,30927.0,lb,,2453,National Daily Boxed Beef Cutout & Boxed Beef Cuts - Negotiated Sales - PM (PDF) (LM_XB403),2026-09-26T15:00:20+00:00
c88d110ee04a97a9,2019-02-11,Beef,"Chuck, flap (116G  4)",Select Cuts,,,,Select,,,,,474.05,485.62,,,480.59,$/cwt,4.8059,per lb,National,wholesale,,,,,,13319.0,lb,,2453,National Daily Boxed Beef Cutout & Boxed Beef Cuts - Negotiated Sales - PM (PDF) (LM_XB403),2026-09-26T15:00:20+00:00
e586f6cf49696f6f,2019-02-11,Beef,"Chuck, roll, lxl, neck/off (116A  3)",Choice Cuts,,,,Choice,,,,,279.56,301.75,,,287.56,$/cwt,2.8756,per lb,National,wholesale,,,,,,37102.0,lb,,2453,National Daily Boxed Beef Cutout & Boxed Beef Cuts - Negotiated Sales - PM (PDF) (LM_XB403),2026-09-26T15:00:20+00:00
aa8b3ae439b2df9d,2019-02-11,Beef,"Chuck, roll, lxl, neck/off (116A  3)",Select Cuts,,,,Select,,,,,278.0,297.33,,,282.98,$/cwt,2.8298,per lb,National,wholesale,,,,,,72720.0,lb,,2453,National Daily Boxed Beef Cutout & Boxed Beef Cuts - Negotiated Sales - PM (PDF) (LM_XB403),2026-09-26T15:00:20+00:00
1050f62cbdfd9ea5,2019-02-11,Beef,"Chuck, roll, retail ready (916A  3)",Choice Cuts,,,,Choice,,,,,308.89,325.0,,,322.36,$/cwt,3.2236,per lb,National,wholesale,,,,,,43408.0,lb,,2453,National Daily Boxed Beef Cutout & Boxed Beef Cuts - Negotiated Sales - PM (PDF) (LM_XB403),2026-09-26T15:00:20+00:00
9ace6e48a212ecbc,2019-02-11,Beef,"Chuck, semi-bnls, neck/off (113C  1)",Choice Cuts,,,,Choice,,,,,235.0,251.0,,,239.08,$/cwt,2.3908,per lb,National,wholesale,,,,,,8507.0,lb,,2453,National Daily Boxed Beef Cutout & Boxed Beef Cuts - Negotiated Sales - PM (PDF) (LM_XB403),2026-09-26T15:00:20+00:00
b94af8e6022e9316,2019-02-11,Beef,"Chuck, short rib (130  4)",Choice Cuts,,,,Choice,,,,,314.99,385.0,,,367.54,$/cwt,3.6754,per lb,National,wholesale,,,,,,21377.0,lb,,2453,National Daily Boxed Beef Cutout & Boxed Beef Cuts - Negotiated Sales - PM (PDF) (LM_XB403),2026-09-26T15:00:20+00:00
413601dbe6934757,2019-02-11,Beef,"Chuck, short rib (130  4)",Select Cuts,,,,Select,,,,,314.15,350.0,,,323.91,$/cwt,3.2391,per lb,National,wholesale,,,,,,19147.0,lb,,2453,National Daily Boxed Beef Cutout & Boxed Beef Cuts - Negotiated Sales - PM (PDF) (LM_XB403),2026-09-26T15:00:20+00:00
17efcc8daaf25a4a,2019-02-11,Beef,"Chuck, shoulder clod (114  1)",Choice Cuts,,,,Choice,,,,,209.86,218.52,,,215.3,$/cwt,2.153,per lb,National,wholesale,,,,,,27534.0,lb,,2453,National Daily Boxed Beef Cutout & Boxed Beef Cuts - Negotiated Sales - PM (PDF) (LM_XB403),2026-09-26T15:00:20+00:00
2277fb0a1acc313d,2019-02-11,Beef,"Chuck, shoulder clod, trmd (114A  3)",Choice Cuts,,,,Choice,,,,,204.0,231.38,,,220.77,$/cwt,2.2077,per lb,National,wholesale,,,,,,72526.0,lb,,2453,National Daily Boxed Beef Cutout & Boxed Beef Cuts - Negotiated Sales - PM (PDF) (LM_XB403),2026-09-26T15:00:20+00:00
323b354a1c8e92a7,2019-02-11,Beef,Cutout 600-900 lb,,,,,Select,,,,,,,,,213.86,$/cwt,2.1386,per lb,National,wholesale,,,,,,,,,2453,National Daily Boxed Beef Cutout & Boxed Beef Cuts - Negotiated Sales - PM (PDF) (LM_XB403),2026-09-26T15:00:20+00:00
9be87c5def8dd497,2019-02-11,Beef,Cutout 600-900 lb,,,,,Choice,,,,,,,,,216.88,$/cwt,2.1688,per lb,National,wholesale,,,,,,,,,2453,National Daily Boxed Beef Cutout & Boxed Beef Cuts - Negotiated Sales - PM (PDF) (LM_XB403),2026-09-26T15:00:20+00:00
6a0cbb5dbbb4f8ce,2019-02-11,Beef,"Flank, flank steak (193  4)",Choice Cuts,,,,Choice,,,,,490.0,516.5,,,494.96,$/cwt,4.9496,per lb,National,wholesale,,,,,,28191.0,lb,,2453,National Daily Boxed Beef Cutout & Boxed Beef Cuts - Negotiated Sales - PM (PDF) (LM_XB403),2026-09-26T15:00:20+00:00
576b6c89f8922364,2019-02-11,Beef,"Flank, flank steak (193  4)",Select Cuts,,,,Select,,,,,482.0,507.0,,,489.97,$/cwt,4.8997,per lb,National,wholesale,,,,,,4747.0,lb,,2453,National Daily Boxed Beef Cutout & Boxed Beef Cuts - Negotiated Sales - PM (PDF) (LM_XB403),2026-09-26T15:00:20+00:00
fc0bcf43549975b0,2019-02-11,Beef,Ground Beef 73%,Ground Beef,,,,,,,,,150.0,185.0,,,157.0,$/cwt,1.57,per lb,National,wholesale,,,,,,108086.0,lb,,2453,National Daily Boxed Beef Cutout & Boxed Beef Cuts - Negotiated Sales - PM (PDF) (LM_XB403),2026-09-26T15:00:20+00:00
48b5284ed049fd87,2019-02-11,Beef,Ground Beef 81%,Ground Beef,,,,,,,,,167.44,207.5,,,177.89,$/cwt,1.7789,per lb,National,wholesale,,,,,,110047.0,lb,,2453,National Daily Boxed Beef Cutout & Boxed Beef Cuts - Negotiated Sales - PM (PDF) (LM_XB403),2026-09-26T15:00:20+00:00
fcf8a4b29ddb817e,2019-02-11,Beef,Ground Beef 93%,Ground Beef,,,,,,,,,290.0,300.25,,,295.86,$/cwt,2.9586,per lb,National,wholesale,,,,,,21066.0,lb,,2453,National Daily Boxed Beef Cutout & Boxed Beef Cuts - Negotiated Sales - PM (PDF) (LM_XB403),2026-09-26T15:00:20+00:00
42932b7651393934,2019-02-11,Beef,Ground Beef Chuck,Ground Beef,,,,,,,,,178.0,200.5,,,190.94,$/cwt,1.9094,per lb,National,wholesale,,,,,,29820.0,lb,,2453,National Daily Boxed Beef Cutout & Boxed Beef Cuts - Negotiated Sales - PM (PDF) (LM_XB403),2026-09-26T15:00:20+00:00
9faa3c77a27a5c93,2019-02-11,Beef,"Loin, ball-tip, bnls, heavy (185B  1)",Choice Cuts,,,,Choice,,,,,253.44,282.0,,,262.28,$/cwt,2.6228,per lb,National,wholesale,,,,,,24828.0,lb,,2453,National Daily Boxed Beef Cutout & Boxed Beef Cuts - Negotiated Sales - PM (PDF) (LM_XB403),2026-09-26T15:00:20+00:00
8785e743ad6d31f1,2019-02-11,Beef,"Loin, bottom sirloin, flap (185A  4)",Choice Cuts,,,,Choice,,,,,504.05,567.5,,,525.05,$/cwt,5.2505,per lb,National,wholesale,,,,,,37151.0,lb,,2453,National Daily Boxed Beef Cutout & Boxed Beef Cuts - Negotiated Sales - PM (PDF) (LM_XB403),2026-09-26T15:00:20+00:00
4e9f02cf8880c2f3,2019-02-11,Beef,"Loin, bottom sirloin, flap (185A  4)",Select Cuts,,,,Select,,,,,505.4,535.0,,,531.79,$/cwt,5.3179,per lb,National,wholesale,,,,,,3579.0,lb,,2453,National Daily Boxed Beef Cutout & Boxed Beef Cuts - Negotiated Sales - PM (PDF) (LM_XB403),2026-09-26T15:00:20+00:00
6d8c5ce0b8b848ca,2019-02-11,Beef,"Loin, butt tender, trimmed (191A  4)",Select Cuts,,,,Select,,,,,950.6,965.0,,,953.02,$/cwt,9.5302,per lb,National,wholesale,,,,,,2178.0,lb,,2453,National Daily Boxed Beef Cutout & Boxed Beef Cuts - Negotiated Sales - PM (PDF) (LM_XB403),2026-09-26T15:00:20+00:00
83edc1e79da6524f,2019-02-11,Beef,"Loin, short loin, 0x1 (174  3)",Choice Cuts,,,,Choice,,,,,488.0,544.25,,,506.02,$/cwt,5.0602,per lb,National,wholesale,,,,,,67983.0,lb,,2453,National Daily Boxed Beef Cutout & Boxed Beef Cuts - Negotiated Sales - PM (PDF) (LM_XB403),2026-09-26T15:00:20+00:00
350624c625b20869,2019-02-11,Beef,"Loin, short loin, 0x1 (174  3)",Select Cuts,,,,Select,,,,,495.0,526.38,,,501.02,$/cwt,5.0102,per lb,National,wholesale,,,,,,8917.0,lb,,2453,National Daily Boxed Beef Cutout & Boxed Beef Cuts - Negotiated Sales - PM (PDF) (LM_XB403),2026-09-26T15:00:20+00:00
471acf9037a028fc,2019-02-11,Beef,"Loin, sirloin, tri-tip (185C  1)",Choice Cuts,,,,Choice,,,,,320.0,335.0,,,333.94,$/cwt,3.3394,per lb,National,wholesale,,,,,,37012.0,lb,,2453,National Daily Boxed Beef Cutout & Boxed Beef Cuts - Negotiated Sales - PM (PDF) (LM_XB403),2026-09-26T15:00:20+00:00
80e244fa8e9f2f5a,2019-02-11,Beef,"Loin, sirloin, tri-tip (185C  1)",Select Cuts,,,,Select,,,,,269.5,285.0,,,284.52,$/cwt,2.8452,per lb,National,wholesale,,,,,,8012.0,lb,,2453,National Daily Boxed Beef Cutout & Boxed Beef Cuts - Negotiated Sales - PM (PDF) (LM_XB403),2026-09-26T15:00:20+00:00
75b00e8c709e64d5,2019-02-11,Beef,"Loin, sirloin, tri-tip, pld (185D  4)",Choice Cuts,,,,Choice,,,,,432.0,464.0,,,442.04,$/cwt,4.4204,per lb,National,wholesale,,,,,,12845.0,lb,,2453,National Daily Boxed Beef Cutout & Boxed Beef Cuts - Negotiated Sales - PM (PDF) (LM_XB403),2026-09-26T15:00:20+00:00
61361185b290e9f4,2019-02-11,Beef,"Loin, strip loin bnls. 1x1 (  1)",Choice Cuts,,,,Choice,,,,,487.0,487.0,,,487.0,$/cwt,4.87,per lb,National,wholesale,,,,,,2812.0,lb,,2453,National Daily Boxed Beef Cutout & Boxed Beef Cuts - Negotiated Sales - PM (PDF) (LM_XB403),2026-09-26T15:00:20+00:00
14487c43c3bc90f8,2019-02-11,Beef,"Loin, strip, bnls, 0x1 (180  3)",Choice Cuts,,,,Choice,,,,,520.0,569.0,,,535.59,$/cwt,5.3559,per lb,National,wholesale,,,,,,83799.0,lb,,2453,National Daily Boxed Beef Cutout & Boxed Beef Cuts - Negotiated Sales - PM (PDF) (LM_XB403),2026-09-26T15:00:20+00:00
573ee56a020af977,2019-02-11,Beef,"Loin, strip, bnls, 0x1 (180  3)",Select Cuts,,,,Select,,,,,512.64,548.24,,,530.24,$/cwt,5.3024,per lb,National,wholesale,,,,,,8426.0,lb,,2453,National Daily Boxed Beef Cutout & Boxed Beef Cuts - Negotiated Sales - PM (PDF) (LM_XB403),2026-09-26T15:00:20+00:00
1cba1b929cf79882,2019-02-11,Beef,"Loin, tndrloin, trmd, heavy (189A  4)",Choice Cuts,,,,Choice,,,,,1002.0,1055.0,,,1029.32,$/cwt,10.2932,per lb,National,wholesale,,,,,,28559.0,lb,,2453,National Daily Boxed Beef Cutout & Boxed Beef Cuts - Negotiated Sales - PM (PDF) (LM_XB403),2026-09-26T15:00:20+00:00
ece88b63d901f191,2019-02-11,Beef,"Loin, tndrloin, trmd, heavy (189A  4)",Select Cuts,,,,Select,,,,,1013.0,1035.0,,,1031.54,$/cwt,10.3154,per lb,National,wholesale,,,,,,3410.0,lb,,2453,National Daily Boxed Beef Cutout & Boxed Beef Cuts - Negotiated Sales - PM (PDF) (LM_XB403),2026-09-26T15:00:20+00:00
b1bd3df133ee1a43,2019-02-11,Beef,"Loin, top butt, bnls, heavy (184  1)",Choice Cuts,,,,Choice,,,,,345.0,355.0,,,346.01,$/cwt,3.4601,per lb,National,wholesale,,,,,,3749.0,lb,,2453,National Daily Boxed Beef Cutout & Boxed Beef Cuts - Negotiated Sales - PM (PDF) (LM_XB403),2026-09-26T15:00:20+00:00
e757f554ac1a3800,2019-02-11,Beef,"Loin, top butt, boneless (184  3)",Choice Cuts,,,,Choice,,,,,350.0,369.0,,,356.07,$/cwt,3.5607,per lb,National,wholesale,,,,,,59361.0,lb,,2453,National Daily Boxed Beef Cutout & Boxed Beef Cuts - Negotiated Sales - PM (PDF) (LM_XB403),2026-09-26T15:00:20+00:00
ee45d78076d747d3,2019-02-11,Beef,"Loin, top butt, boneless (184  3)",Select Cuts,,,,Select,,,,,355.75,375.0,,,356.91,$/cwt,3.5691,per lb,National,wholesale,,,,,,11236.0,lb,,2453,National Daily Boxed Beef Cutout & Boxed Beef Cuts - Negotiated Sales - PM (PDF) (LM_XB403),2026-09-26T15:00:20+00:00
e402391c6119313c,2019-02-11,Beef,"Rib, ribeye, bnls, heavy (112A  3)",Choice Cuts,,,,Choice,,,,,749.95,789.0,,,757.04,$/cwt,7.5704,per lb,National,wholesale,,,,,,30862.0,lb,,2453,National Daily Boxed Beef Cutout & Boxed Beef Cuts - Negotiated Sales - PM (PDF) (LM_XB403),2026-09-26T15:00:20+00:00
6fc647cd7f31999e,2019-02-11,Beef,"Rib, ribeye, bnls, heavy (112A  3)",Select Cuts,,,,Select,,,,,684.48,727.0,,,697.78,$/cwt,6.9778,per lb,National,wholesale,,,,,,30227.0,lb,,2453,National Daily Boxed Beef Cutout & Boxed Beef Cuts - Negotiated Sales - PM (PDF) (LM_XB403),2026-09-26T15:00:20+00:00
d25340237a30aa4c,2019-02-11,Beef,"Rib, ribeye, bnls, light (112A  3)",Choice Cuts,,,,Choice,,,,,755.0,798.75,,,762.54,$/cwt,7.6254,per lb,National,wholesale,,,,,,45082.0,lb,,2453,National Daily Boxed Beef Cutout & Boxed Beef Cuts - Negotiated Sales - PM (PDF) (LM_XB403),2026-09-26T15:00:20+00:00
9169453d177382fc,2019-02-11,Beef,"Rib, ribeye, bnls, light (112A  3)",Select Cuts,,,,Select,,,,,674.49,745.75,,,706.34,$/cwt,7.0634,per lb,National,wholesale,,,,,,29365.0,lb,,2453,National Daily Boxed Beef Cutout & Boxed Beef Cuts - Negotiated Sales - PM (PDF) (LM_XB403),2026-09-26T15:00:20+00:00
722cccfc29e13fbb,2019-02-11,Beef,"Rib, ribeye, lip-on, bn-in (109E  1)",Choice Cuts,,,,Choice,,,,,643.77,705.25,,,663.43,$/cwt,6.6343,per lb,National,wholesale,,,,,,222758.0,lb,,2453,National Daily Boxed Beef Cutout & Boxed Beef Cuts - Negotiated Sales - PM (PDF) (LM_XB403),2026-09-26T15:00:20+00:00
0a20bc8d1e492a0c,2019-02-11,Beef,"Rib, ribeye, lip-on, bn-in (109E  1)",Select Cuts,,,,Select,,,,,608.0,656.75,,,617.26,$/cwt,6.1726,per lb,National,wholesale,,,,,,2755.0,lb,,2453,National Daily Boxed Beef Cutout & Boxed Beef Cuts - Negotiated Sales - PM (PDF) (LM_XB403),2026-09-26T15:00:20+00:00
36926aaac12896c3,2019-02-11,Beef,"Round, bottom gooseneck (170  1)",Choice Cuts,,,,Choice,,,,,189.63,219.0,,,196.27,$/cwt,1.9627,per lb,National,wholesale,,,,,,16288.0,lb,,2453,National Daily Boxed Beef Cutout & Boxed Beef Cuts - Negotiated Sales - PM (PDF) (LM_XB403),2026-09-26T15:00:20+00:00
c6a4e8a5cecd3bad,2019-02-11,Beef,"Round, bottom gooseneck (170  1)",Select Cuts,,,,Select,,,,,192.65,203.0,,,198.48,$/cwt,1.9848,per lb,National,wholesale,,,,,,9935.0,lb,,2453,National Daily Boxed Beef Cutout & Boxed Beef Cuts - Negotiated Sales - PM (PDF) (LM_XB403),2026-09-26T15:00:20+00:00
9523a52ec8da13f5,2019-02-11,Beef,"Round, eye of round (171C  3)",Choice Cuts,,,,Choice,,,,,262.0,285.0,,,274.0,$/cwt,2.74,per lb,National,wholesale,,,,,,122081.0,lb,,2453,National Daily Boxed Beef Cutout & Boxed Beef Cuts - Negotiated Sales - PM (PDF) (LM_XB403),2026-09-26T15:00:20+00:00
1702616063bdbd56,2019-02-11,Beef,"Round, knuckle, peeled (167A  4)",Choice Cuts,,,,Choice,,,,,236.8,275.0,,,251.56,$/cwt,2.5156,per lb,National,wholesale,,,,,,57981.0,lb,,2453,National Daily Boxed Beef Cutout & Boxed Beef Cuts - Negotiated Sales - PM (PDF) (LM_XB403),2026-09-26T15:00:20+00:00
1b963dcb3883f4a9,2019-02-11,Beef,"Round, knuckle, peeled (167A  4)",Select Cuts,,,,Select,,,,,247.0,259.0,,,252.81,$/cwt,2.5281,per lb,National,wholesale,,,,,,13420.0,lb,,2453,National Daily Boxed Beef Cutout & Boxed Beef Cuts - Negotiated Sales - PM (PDF) (LM_XB403),2026-09-26T15:00:20+00:00
57fdb1f8d27ba372,2019-02-11,Beef,"Round, outside round (171B  3)",Choice Cuts,,,,Choice,,,,,219.25,232.0,,,226.34,$/cwt,2.2634,per lb,National,wholesale,,,,,,80494.0,lb,,2453,National Daily Boxed Beef Cutout & Boxed Beef Cuts - Negotiated Sales - PM (PDF) (LM_XB403),2026-09-26T15:00:20+00:00
809dbeed60a9ef60,2019-02-11,Beef,"Round, outside round (171B  3)",Select Cuts,,,,Select,,,,,219.86,230.6,,,224.75,$/cwt,2.2475,per lb,National,wholesale,,,,,,7791.0,lb,,2453,National Daily Boxed Beef Cutout & Boxed Beef Cuts - Negotiated Sales - PM (PDF) (LM_XB403),2026-09-26T15:00:20+00:00
befd052a264dc0dc,2019-02-11,Beef,"Round, top inside round (168  1)",Choice Cuts,,,,Choice,,,,,215.26,224.86,,,219.91,$/cwt,2.1991,per lb,National,wholesale,,,,,,256220.0,lb,,2453,National Daily Boxed Beef Cutout & Boxed Beef Cuts - Negotiated Sales - PM (PDF) (LM_XB403),2026-09-26T15:00:20+00:00
98dfe815ff65c01b,2019-02-11,Beef,"Round, top inside round (168  3)",Choice Cuts,,,,Choice,,,,,222.0,245.0,,,226.36,$/cwt,2.2636,per lb,National,wholesale,,,,,,66595.0,lb,,2453,National Daily Boxed Beef Cutout & Boxed Beef Cuts - Negotiated Sales - PM (PDF) (LM_XB403),2026-09-26T15:00:20+00:00
301c0367bc352314,2019-02-11,Beef,"Round, top inside round (168  3)",Select Cuts,,,,Select,,,,,224.5,232.24,,,227.88,$/cwt,2.2788,per lb,National,wholesale,,,,,,12376.0,lb,,2453,National Daily Boxed Beef Cutout & Boxed Beef Cuts - Negotiated Sales - PM (PDF) (LM_XB403),2026-09-26T15:00:20+00:00
d0c5afecd9277f9b,2019-02-11,Beef,"Round, top inside, cap off (169A  5)",Choice Cuts,,,,Choice,,,,,301.0,309.0,,,307.35,$/cwt,3.0735,per lb,National,wholesale,,,,,,9031.0,lb,,2453,National Daily Boxed Beef Cutout & Boxed Beef Cuts - Negotiated Sales - PM (PDF) (LM_XB403),2026-09-26T15:00:20+00:00
0747a57d13d3a182,2019-02-11,Beef,"Short Plate, short rib (123A  3)",Choice Cuts,,,,Choice,,,,,491.37,575.0,,,559.63,$/cwt,5.5963,per lb,National,wholesale,,,,,,21549.0,lb,,2453,National Daily Boxed Beef Cutout & Boxed Beef Cuts - Negotiated Sales - PM (PDF) (LM_XB403),2026-09-26T15:00:20+00:00
7edb8b141d4444e5,2019-02-12,Beef,"Brisket, deckle-off, bnls (120  1)",Choice Cuts,,,,Choice,,,,,260.0,290.0,,,267.75,$/cwt,2.6775,per lb,National,wholesale,,,,,,581546.0,lb,,2453,National Daily Boxed Beef Cutout & Boxed Beef Cuts - Negotiated Sales - PM (PDF) (LM_XB403),2026-09-26T15:00:20+00:00
04df67757e99aa64,2019-02-12,Beef,"Brisket, deckle-off, bnls (120  1)",Select Cuts,,,,Select,,,,,270.0,275.3,,,271.77,$/cwt,2.7177,per lb,National,wholesale,,,,,,4973.0,lb,,2453,National Daily Boxed Beef Cutout & Boxed Beef Cuts - Negotiated Sales - PM (PDF) (LM_XB403),2026-09-26T15:00:20+00:00
f4a4bf25e746336c,2019-02-12,Beef,"Chuck, chuck tender (116B  1)",Choice Cuts,,,,Choice,,,,,222.92,256.37,,,236.62,$/cwt,2.3662,per lb,National,wholesale,,,,,,102105.0,lb,,2453,National Daily Boxed Beef Cutout & Boxed Beef Cuts - Negotiated Sales - PM (PDF) (LM_XB403),2026-09-26T15:00:20+00:00
b2cbafd0cd412c73,2019-02-12,Beef,"Chuck, chuck tender (116B  1)",Select Cuts,,,,Select,,,,,235.0,240.0,,,236.81,$/cwt,2.3681,per lb,National,wholesale,,,,,,18904.0,lb,,2453,National Daily Boxed Beef Cutout & Boxed Beef Cuts - Negotiated Sales - PM (PDF) (LM_XB403),2026-09-26T15:00:20+00:00
dd7e4d2e62aa819c,2019-02-12,Beef,"Chuck, clod tender (114F  5)",Choice Cuts,,,,Choice,,,,,444.17,460.0,,,446.06,$/cwt,4.4606,per lb,National,wholesale,,,,,,6586.0,lb,,2453,National Daily Boxed Beef Cutout & Boxed Beef Cuts - Negotiated Sales - PM (PDF) (LM_XB403),2026-09-26T15:00:20+00:00
5d5f3a5a5a8adf35,2019-02-12,Beef,"Chuck, clod tender (114F  5)",Select Cuts,,,,Select,,,,,430.0,450.0,,,439.93,$/cwt,4.3993,per lb,National,wholesale,,,,,,1013.0,lb,,2453,National Daily Boxed Beef Cutout & Boxed Beef Cuts - Negotiated Sales - PM (PDF) (LM_XB403),2026-09-26T15:00:20+00:00
8849a798d6c1ac2e,2019-02-12,Beef,"Chuck, clod, arm roast (114E  3)",Choice Cuts,,,,Choice,,,,,276.5,302.01,,,284.91,$/cwt,2.8491,per lb,National,wholesale,,,,,,13991.0,lb,,2453,National Daily Boxed Beef Cutout & Boxed Beef Cuts - Negotiated Sales - PM (PDF) (LM_XB403),2026-09-26T15:00:20+00:00
a66074ea8615d5cd,2019-02-12,Beef,"Chuck, clod, top blade (114D  3)",Choice Cuts,,,,Choice,,,,,350.24,354.46,,,352.85,$/cwt,3.5285,per lb,National,wholesale,,,,,,5349.0,lb,,2453,National Daily Boxed Beef Cutout & Boxed Beef Cuts - Negotiated Sales - PM (PDF) (LM_XB403),2026-09-26T15:00:20+00:00
772f12aca5ff29d7,2019-02-12,Beef,"Chuck, flap (116G  4)",Choice Cuts,,,,Choice,,,,,526.0,603.33,,,553.56,$/cwt,5.5356,per lb,National,wholesale,,,,,,32790.0,lb,,2453,National Daily Boxed Beef Cutout & Boxed Beef Cuts - Negotiated Sales - PM (PDF) (LM_XB403),2026-09-26T15:00:20+00:00
13ed4c33c0da3362,2019-02-12,Beef,"Chuck, flap (116G  4)",Select Cuts,,,,Select,,,,,474.49,533.75,,,487.16,$/cwt,4.8716,per lb,National,wholesale,,,,,,14721.0,lb,,2453,National Daily Boxed Beef Cutout & Boxed Beef Cuts - Negotiated Sales - PM (PDF) (LM_XB403),2026-09-26T15:00:20+00:00
5f35118bde4eb6e8,2019-02-12,Beef,"Chuck, roll, lxl, neck/off (116A  3)",Choice Cuts,,,,Choice,,,,,279.75,300.0,,,285.33,$/cwt,2.8533,per lb,National,wholesale,,,,,,97488.0,lb,,2453,National Daily Boxed Beef Cutout & Boxed Beef Cuts - Negotiated Sales - PM (PDF) (LM_XB403),2026-09-26T15:00:20+00:00
11948f5fd1fe9948,2019-02-12,Beef,"Chuck, roll, lxl, neck/off (116A  3)",Select Cuts,,,,Select,,,,,278.0,290.0,,,282.92,$/cwt,2.8292,per lb,National,wholesale,,,,,,50899.0,lb,,2453,National Daily Boxed Beef Cutout & Boxed Beef Cuts - Negotiated Sales - PM (PDF) (LM_XB403),2026-09-26T15:00:20+00:00
332a95f48bebb5e1,2019-02-12,Beef,"Chuck, semi-bnls, neck/off (113C  1)",Choice Cuts,,,,Choice,,,,,233.0,243.99,,,234.8,$/cwt,2.348,per lb,National,wholesale,,,,,,27822.0,lb,,2453,National Daily Boxed Beef Cutout & Boxed Beef Cuts - Negotiated Sales - PM (PDF) (LM_XB403),2026-09-26T15:00:20+00:00
412fb6b60c8408fd,2019-02-12,Beef,"Chuck, short rib (130  4)",Choice Cuts,,,,Choice,,,,,316.05,380.0,,,352.81,$/cwt,3.5281,per lb,National,wholesale,,,,,,33529.0,lb,,2453,National Daily Boxed Beef Cutout & Boxed Beef Cuts - Negotiated Sales - PM (PDF) (LM_XB403),2026-09-26T15:00:20+00:00
7e2433aeeb29a72f,2019-02-12,Beef,"Chuck, short rib (130  4)",Select Cuts,,,,Select,,,,,315.0,351.5,,,329.17,$/cwt,3.2917,per lb,National,wholesale,,,,,,11728.0,lb,,2453,National Daily Boxed Beef Cutout & Boxed Beef Cuts - Negotiated Sales - PM (PDF) (LM_XB403),2026-09-26T15:00:20+00:00
851b9e7e8f935e72,2019-02-12,Beef,"Chuck, shoulder clod (114  1)",Choice Cuts,,,,Choice,,,,,203.0,219.81,,,208.29,$/cwt,2.0829,per lb,National,wholesale,,,,,,49155.0,lb,,2453,National Daily Boxed Beef Cutout & Boxed Beef Cuts - Negotiated Sales - PM (PDF) (LM_XB403),2026-09-26T15:00:20+00:00
a42b24b249a1264e,2019-02-12,Beef,"Chuck, shoulder clod, trmd (114A  3)",Choice Cuts,,,,Choice,,,,,216.25,233.2,,,218.86,$/cwt,2.1886,per lb,National,wholesale,,,,,,119039.0,lb,,2453,National Daily Boxed Beef Cutout & Boxed Beef Cuts - Negotiated Sales - PM (PDF) (LM_XB403),2026-09-26T15:00:20+00:00
ae1459344686e1e5,2019-02-12,Beef,Cutout 600-900 lb,,,,,Choice,,,,,,,,,217.16,$/cwt,2.1716,per lb,National,wholesale,,,,,,,,,2453,National Daily Boxed Beef Cutout & Boxed Beef Cuts - Negotiated Sales - PM (PDF) (LM_XB403),2026-09-26T15:00:20+00:00
e6c97cf8925fe909,2019-02-12,Beef,Cutout 600-900 lb,,,,,Select,,,,,,,,,213.0,$/cwt,2.13,per lb,National,wholesale,,,,,,,,,2453,National Daily Boxed Beef Cutout & Boxed Beef Cuts - Negotiated Sales - PM (PDF) (LM_XB403),2026-09-26T15:00:20+00:00
514251787d6f3756,2019-02-12,Beef,"Flank, flank steak (193  4)",Choice Cuts,,,,Choice,,,,,492.72,513.0,,,498.05,$/cwt,4.9805,per lb,National,wholesale,,,,,,38110.0,lb,,2453,National Daily Boxed Beef Cutout & Boxed Beef Cuts - Negotiated Sales - PM (PDF) (LM_XB403),2026-09-26T15:00:20+00:00
8eef6317e79695fc,2019-02-12,Beef,"Flank, flank steak (193  4)",Select Cuts,,,,Select,,,,,488.45,500.08,,,495.57,$/cwt,4.9557,per lb,National,wholesale,,,,,,23689.0,lb,,2453,National Daily Boxed Beef Cutout & Boxed Beef Cuts - Negotiated Sales - PM (PDF) (LM_XB403),2026-09-26T15:00:20+00:00
f711a0ea4e417ad8,2019-02-12,Beef,Ground Beef 73%,Ground Beef,,,,,,,,,149.0,166.41,,,155.05,$/cwt,1.5505,per lb,National,wholesale,,,,,,63122.0,lb,,2453,National Daily Boxed Beef Cutout & Boxed Beef Cuts - Negotiated Sales - PM (PDF) (LM_XB403),2026-09-26T15:00:20+00:00
91971f5aca7dd0a8,2019-02-12,Beef,Ground Beef 81%,Ground Beef,,,,,,,,,171.0,200.0,,,179.19,$/cwt,1.7919,per lb,National,wholesale,,,,,,137001.0,lb,,2453,National Daily Boxed Beef Cutout & Boxed Beef Cuts - Negotiated Sales - PM (PDF) (LM_XB403),2026-09-26T15:00:20+00:00
093c5e70214cb739,2019-02-12,Beef,Ground Beef Chuck,Ground Beef,,,,,,,,,179.0,205.5,,,186.02,$/cwt,1.8602,per lb,National,wholesale,,,,,,70977.0,lb,,2453,National Daily Boxed Beef Cutout & Boxed Beef Cuts - Negotiated Sales - PM (PDF) (LM_XB403),2026-09-26T15:00:20+00:00
6ae886b1061e2a0b,2019-02-12,Beef,Ground Beef Round,Ground Beef,,,,,,,,,242.99,255.0,,,250.29,$/cwt,2.5029,per lb,National,wholesale,,,,,,1190.0,lb,,2453,National Daily Boxed Beef Cutout & Boxed Beef Cuts - Negotiated Sales - PM (PDF) (LM_XB403),2026-09-26T15:00:20+00:00
a029f4e73b905f8f,2019-02-12,Beef,"Loin, ball-tip, bnls, heavy (185B  1)",Choice Cuts,,,,Choice,,,,,249.52,282.01,,,266.12,$/cwt,2.6612,per lb,National,wholesale,,,,,,190228.0,lb,,2453,National Daily Boxed Beef Cutout & Boxed Beef Cuts - Negotiated Sales - PM (PDF) (LM_XB403),2026-09-26T15:00:20+00:00
532bba7aa389b426,2019-02-12,Beef,"Loin, ball-tip, bnls, heavy (185B  1)",Select Cuts,,,,Select,,,,,247.0,257.49,,,251.07,$/cwt,2.5107,per lb,National,wholesale,,,,,,32503.0,lb,,2453,National Daily Boxed Beef Cutout & Boxed Beef Cuts - Negotiated Sales - PM (PDF) (LM_XB403),2026-09-26T15:00:20+00:00
53aad374489524d5,2019-02-12,Beef,"Loin, bottom sirloin, flap (185A  4)",Choice Cuts,,,,Choice,,,,,495.03,576.5,,,505.51,$/cwt,5.0551,per lb,National,wholesale,,,,,,104052.0,lb,,2453,National Daily Boxed Beef Cutout & Boxed Beef Cuts - Negotiated Sales - PM (PDF) (LM_XB403),2026-09-26T15:00:20+00:00
fb31ae3991593de9,2019-02-12,Beef,"Loin, bottom sirloin, flap (185A  4)",Select Cuts,,,,Select,,,,,525.0,545.0,,,530.01,$/cwt,5.3001,per lb,National,wholesale,,,,,,3903.0,lb,,2453,National Daily Boxed Beef Cutout & Boxed Beef Cuts - Negotiated Sales - PM (PDF) (LM_XB403),2026-09-26T15:00:20+00:00
fa6c21bd9dbb7c3d,2019-02-12,Beef,"Loin, butt tender, trimmed (191A  4)",Choice Cuts,,,,Choice,,,,,974.1,989.0,,,983.27,$/cwt,9.8327,per lb,National,wholesale,,,,,,8323.0,lb,,2453,National Daily Boxed Beef Cutout & Boxed Beef Cuts - Negotiated Sales - PM (PDF) (LM_XB403),2026-09-26T15:00:20+00:00
363792261fa5ee8c,2019-02-12,Beef,"Loin, butt tender, trimmed (191A  4)",Select Cuts,,,,Select,,,,,953.0,989.0,,,966.95,$/cwt,9.6695,per lb,National,wholesale,,,,,,9221.0,lb,,2453,National Daily Boxed Beef Cutout & Boxed Beef Cuts - Negotiated Sales - PM (PDF) (LM_XB403),2026-09-26T15:00:20+00:00
a4f6f42d6b9c47f1,2019-02-12,Beef,"Loin, short loin, 0x1 (174  3)",Choice Cuts,,,,Choice,,,,,492.0,536.25,,,500.33,$/cwt,5.0033,per lb,National,wholesale,,,,,,116601.0,lb,,2453,National Daily Boxed Beef Cutout & Boxed Beef Cuts - Negotiated Sales - PM (PDF) (LM_XB403),2026-09-26T15:00:20+00:00
2fc926aa65f6dad2,2019-02-12,Beef,"Loin, short loin, 0x1 (174  3)",Select Cuts,,,,Select,,,,,490.0,525.04,,,500.73,$/cwt,5.0073,per lb,National,wholesale,,,,,,12123.0,lb,,2453,National Daily Boxed Beef Cutout & Boxed Beef Cuts - Negotiated Sales - PM (PDF) (LM_XB403),2026-09-26T15:00:20+00:00
8cc9db19554dcdfb,2019-02-12,Beef,"Loin, sirloin, tri-tip (185C  1)",Choice Cuts,,,,Choice,,,,,320.0,335.75,,,329.25,$/cwt,3.2925,per lb,National,wholesale,,,,,,7851.0,lb,,2453,National Daily Boxed Beef Cutout & Boxed Beef Cuts - Negotiated Sales - PM (PDF) (LM_XB403),2026-09-26T15:00:20+00:00
3d7d8922611130ed,2019-02-12,Beef,"Loin, sirloin, tri-tip (185C  1)",Select Cuts,,,,Select,,,,,258.6,290.82,,,275.03,$/cwt,2.7503,per lb,National,wholesale,,,,,,9100.0,lb,,2453,National Daily Boxed Beef Cutout & Boxed Beef Cuts - Negotiated Sales - PM (PDF) (LM_XB403),2026-09-26T15:00:20+00:00
952d8e9c218c854d,2019-02-12,Beef,"Loin, sirloin, tri-tip, pld (185D  4)",Choice Cuts,,,,Choice,,,,,445.75,465.75,,,450.65,$/cwt,4.5065,per lb,National,wholesale,,,,,,2914.0,lb,,2453,National Daily Boxed Beef Cutout & Boxed Beef Cuts - Negotiated Sales - PM (PDF) (LM_XB403),2026-09-26T15:00:20+00:00
c71022249d13f10a,2019-02-12,Beef,"Loin, strip loin, 1x1 (175  3)",Choice Cuts,,,,Choice,,,,,428.94,435.0,,,431.72,$/cwt,4.3172,per lb,National,wholesale,,,,,,32233.0,lb,,2453,National Daily Boxed Beef Cutout & Boxed Beef Cuts - Negotiated Sales - PM (PDF) (LM_XB403),2026-09-26T15:00:20+00:00
fd211830c8814204,2019-02-12,Beef,"Loin, strip, bnls, 0x1 (180  3)",Choice Cuts,,,,Choice,,,,,546.0,576.96,,,557.53,$/cwt,5.5753,per lb,National,wholesale,,,,,,13453.0,lb,,2453,National Daily Boxed Beef Cutout & Boxed Beef Cuts - Negotiated Sales - PM (PDF) (LM_XB403),2026-09-26T15:00:20+00:00
40409b1a1f175fba,2019-02-12,Beef,"Loin, strip, bnls, 0x1 (180  3)",Select Cuts,,,,Select,,,,,493.0,540.3,,,493.74,$/cwt,4.9374,per lb,National,wholesale,,,,,,163212.0,lb,,2453,National Daily Boxed Beef Cutout & Boxed Beef Cuts - Negotiated Sales - PM (PDF) (LM_XB403),2026-09-26T15:00:20+00:00
5b2dd7c4de33de74,2019-02-12,Beef,"Loin, tndrloin, trmd, heavy (189A  4)",Choice Cuts,,,,Choice,,,,,1004.72,1146.5,,,1022.85,$/cwt,10.2285,per lb,National,wholesale,,,,,,16495.0,lb,,2453,National Daily Boxed Beef Cutout & Boxed Beef Cuts - Negotiated Sales - PM (PDF) (LM_XB403),2026-09-26T15:00:20+00:00
52b55759aa27a6dd,2019-02-12,Beef,"Loin, tndrloin, trmd, heavy (189A  4)",Select Cuts,,,,Select,,,,,985.0,1096.0,,,991.61,$/cwt,9.9161,per lb,National,wholesale,,,,,,57559.0,lb,,2453,National Daily Boxed Beef Cutout & Boxed Beef Cuts - Negotiated Sales - PM (PDF) (LM_XB403),2026-09-26T15:00:20+00:00
0feb616a5301a5d1,2019-02-12,Beef,"Loin, top butt, CC (184B  3)",Choice Cuts,,,,Choice,,,,,473.35,526.0,,,479.37,$/cwt,4.7937,per lb,National,wholesale,,,,,,1326.0,lb,,2453,National Daily Boxed Beef Cutout & Boxed Beef Cuts - Negotiated Sales - PM (PDF) (LM_XB403),2026-09-26T15:00:20+00:00
78a3b519d0246e1b,2019-02-12,Beef,"Loin, top butt, bnls, heavy (184  1)",Choice Cuts,,,,Choice,,,,,341.4,369.52,,,341.88,$/cwt,3.4188,per lb,National,wholesale,,,,,,79866.0,lb,,2453,National Daily Boxed Beef Cutout & Boxed Beef Cuts - Negotiated Sales - PM (PDF) (LM_XB403),2026-09-26T15:00:20+00:00
e5e9505357b6f6da,2019-02-12,Beef,"Loin, top butt, boneless (184  3)",Choice Cuts,,,,Choice,,,,,349.0,375.0,,,361.48,$/cwt,3.6148,per lb,National,wholesale,,,,,,38745.0,lb,,2453,National Daily Boxed Beef Cutout & Boxed Beef Cuts - Negotiated Sales - PM (PDF) (LM_XB403),2026-09-26T15:00:20+00:00
7de46bb4cd5f59fb,2019-02-12,Beef,"Loin, top butt, boneless (184  3)",Select Cuts,,,,Select,,,,,359.1,377.33,,,360.17,$/cwt,3.6017,per lb,National,wholesale,,,,,,49143.0,lb,,2453,National Daily Boxed Beef Cutout & Boxed Beef Cuts - Negotiated Sales - PM (PDF) (LM_XB403),2026-09-26T15:00:20+00:00
4158cf8594d61bf7,2019-02-12,Beef,"Rib, ribeye, bnls, heavy (112A  3)",Choice Cuts,,,,Choice,,,,,730.0,784.15,,,754.78,$/cwt,7.5478,per lb,National,wholesale,,,,,,82414.0,lb,,2453,National Daily Boxed Beef Cutout & Boxed Beef Cuts - Negotiated Sales - PM (PDF) (LM_XB403),2026-09-26T15:00:20+00:00
d78ce04a4f238062,2019-02-12,Beef,"Rib, ribeye, bnls, heavy (112A  3)",Select Cuts,,,,Select,,,,,694.0,733.33,,,710.02,$/cwt,7.1002,per lb,National,wholesale,,,,,,27294.0,lb,,2453,National Daily Boxed Beef Cutout & Boxed Beef Cuts - Negotiated Sales - PM (PDF) (LM_XB403),2026-09-26T15:00:20+00:00
7df7b37b3a934333,2019-02-12,Beef,"Rib, ribeye, bnls, light (112A  3)",Choice Cuts,,,,Choice,,,,,761.5,802.5,,,770.12,$/cwt,7.7012,per lb,National,wholesale,,,,,,92379.0,lb,,2453,National Daily Boxed Beef Cutout & Boxed Beef Cuts - Negotiated Sales - PM (PDF) (LM_XB403),2026-09-26T15:00:20+00:00
edaf0fea0b71b1d0,2019-02-12,Beef,"Rib, ribeye, bnls, light (112A  3)",Select Cuts,,,,Select,,,,,693.15,724.42,,,697.85,$/cwt,6.9785,per lb,National,wholesale,,,,,,11977.0,lb,,2453,National Daily Boxed Beef Cutout & Boxed Beef Cuts - Negotiated Sales - PM (PDF) (LM_XB403),2026-09-26T15:00:20+00:00
ccdf751adfefa516,2019-02-12,Beef,"Rib, ribeye, lip-on, bn-in (109E  1)",Choice Cuts,,,,Choice,,,,,649.15,711.5,,,685.71,$/cwt,6.8571,per lb,National,wholesale,,,,,,16495.0,lb,,2453,National Daily Boxed Beef Cutout & Boxed Beef Cuts - Negotiated Sales - PM (PDF) (LM_XB403),2026-09-26T15:00:20+00:00
c11290c1ed9b8f9a,2019-02-12,Beef,"Rib, ribeye, lip-on, bn-in (109E  1)",Select Cuts,,,,Select,,,,,619.0,648.25,,,623.0,$/cwt,6.23,per lb,National,wholesale,,,,,,4158.0,lb,,2453,National Daily Boxed Beef Cutout & Boxed Beef Cuts - Negotiated Sales - PM (PDF) (LM_XB403),2026-09-26T15:00:20+00:00
7229a585ae077754,2019-02-12,Beef,"Round, bottom gooseneck (170  1)",Choice Cuts,,,,Choice,,,,,200.98,214.5,,,208.87,$/cwt,2.0887,per lb,National,wholesale,,,,,,3122.0,lb,,2453,National Daily Boxed Beef Cutout & Boxed Beef Cuts - Negotiated Sales - PM (PDF) (LM_XB403),2026-09-26T15:00:20+00:00
4ffa8b45132e34cb,2019-02-12,Beef,"Round, eye of round (171C  3)",Choice Cuts,,,,Choice,,,,,262.75,284.0,,,269.27,$/cwt,2.6927,per lb,National,wholesale,,,,,,24163.0,lb,,2453,National Daily Boxed Beef Cutout & Boxed Beef Cuts - Negotiated Sales - PM (PDF) (LM_XB403),2026-09-26T15:00:20+00:00
d9b326ada656bb01,2019-02-12,Beef,"Round, eye of round (171C  3)",Select Cuts,,,,Select,,,,,264.96,285.3,,,268.9,$/cwt,2.689,per lb,National,wholesale,,,,,,38581.0,lb,,2453,National Daily Boxed Beef Cutout & Boxed Beef Cuts - Negotiated Sales - PM (PDF) (LM_XB403),2026-09-26T15:00:20+00:00
a9bf0f7ab561d23c,2019-02-12,Beef,"Round, knuckle, peeled (167A  4)",Choice Cuts,,,,Choice,,,,,243.8,264.5,,,249.68,$/cwt,2.4968,per lb,National,wholesale,,,,,,196229.0,lb,,2453,National Daily Boxed Beef Cutout & Boxed Beef Cuts - Negotiated Sales - PM (PDF) (LM_XB403),2026-09-26T15:00:20+00:00
3300287c3d6ecc30,2019-02-12,Beef,"Round, knuckle, peeled (167A  4)",Select Cuts,,,,Select,,,,,242.25,262.0,,,246.22,$/cwt,2.4622,per lb,National,wholesale,,,,,,13651.0,lb,,2453,National Daily Boxed Beef Cutout & Boxed Beef Cuts - Negotiated Sales - PM (PDF) (LM_XB403),2026-09-26T15:00:20+00:00
f09ca1bacb1226c0,2019-02-12,Beef,"Round, outside round (171B  3)",Choice Cuts,,,,Choice,,,,,216.28,237.75,,,226.51,$/cwt,2.2651,per lb,National,wholesale,,,,,,97894.0,lb,,2453,National Daily Boxed Beef Cutout & Boxed Beef Cuts - Negotiated Sales - PM (PDF) (LM_XB403),2026-09-26T15:00:20+00:00
68d8879470e4e32b,2019-02-12,Beef,"Round, outside round (171B  3)",Select Cuts,,,,Select,,,,,222.0,235.82,,,224.08,$/cwt,2.2408,per lb,National,wholesale,,,,,,47676.0,lb,,2453,National Daily Boxed Beef Cutout & Boxed Beef Cuts - Negotiated Sales - PM (PDF) (LM_XB403),2026-09-26T15:00:20+00:00
adb6aa0f521b95c1,2019-02-12,Beef,"Round, top inside round (168  1)",Choice Cuts,,,,Choice,,,,,218.86,231.71,,,221.94,$/cwt,2.2194,per lb,National,wholesale,,,,,,35904.0,lb,,2453,National Daily Boxed Beef Cutout & Boxed Beef Cuts - Negotiated Sales - PM (PDF) (LM_XB403),2026-09-26T15:00:20+00:00
b921e4c9789fd52b,2019-02-12,Beef,"Round, top inside round (168  1)",Select Cuts,,,,Select,,,,,226.04,226.14,,,226.11,$/cwt,2.2611,per lb,National,wholesale,,,,,,4013.0,lb,,2453,National Daily Boxed Beef Cutout & Boxed Beef Cuts - Negotiated Sales - PM (PDF) (LM_XB403),2026-09-26T15:00:20+00:00
36a44569ce70e87a,2019-02-12,Beef,"Round, top inside round (168  3)",Choice Cuts,,,,Choice,,,,,215.63,233.28,,,222.13,$/cwt,2.2213,per lb,National,wholesale,,,,,,167866.0,lb,,2453,National Daily Boxed Beef Cutout & Boxed Beef Cuts - Negotiated Sales - PM (PDF) (LM_XB403),2026-09-26T15:00:20+00:00
532ab055a813e80b,2019-02-12,Beef,"Round, top inside round (168  3)",Select Cuts,,,,Select,,,,,225.25,235.0,,,228.07,$/cwt,2.2807,per lb,National,wholesale,,,,,,57559.0,lb,,2453,National Daily Boxed Beef Cutout & Boxed Beef Cuts - Negotiated Sales - PM (PDF) (LM_XB403),2026-09-26T15:00:20+00:00
d6425b96ebf82b41,2019-02-12,Beef,"Round, top inside, cap off (169A  5)",Choice Cuts,,,,Choice,,,,,300.0,321.21,,,305.92,$/cwt,3.0592,per lb,National,wholesale,,,,,,16416.0,lb,,2453,National Daily Boxed Beef Cutout & Boxed Beef Cuts - Negotiated Sales - PM (PDF) (LM_XB403),2026-09-26T15:00:20+00:00
a763a406819d996f,2019-02-12,Beef,"Round, top inside, denuded (169  5)",Choice Cuts,,,,Choice,,,,,245.0,276.99,,,252.83,$/cwt,2.5283,per lb,National,wholesale,,,,,,97266.0,lb,,2453,National Daily Boxed Beef Cutout & Boxed Beef Cuts - Negotiated Sales - PM (PDF) (LM_XB403),2026-09-26T15:00:20+00:00
61dcef462b89bf65,2019-02-12,Beef,"Round, top inside, denuded (169  5)",Select Cuts,,,,Select,,,,,252.0,254.0,,,253.85,$/cwt,2.5385,per lb,National,wholesale,,,,,,16269.0,lb,,2453,National Daily Boxed Beef Cutout & Boxed Beef Cuts - Negotiated Sales - PM (PDF) (LM_XB403),2026-09-26T15:00:20+00:00
16701c4054d0aff2,2019-02-12,Beef,"Short Plate, short rib (123A  3)",Choice Cuts,,,,Choice,,,,,499.02,621.0,,,563.84,$/cwt,5.6384,per lb,National,wholesale,,,,,,27552.0,lb,,2453,National Daily Boxed Beef Cutout & Boxed Beef Cuts - Negotiated Sales - PM (PDF) (LM_XB403),2026-09-26T15:00:20+00:00
9f9d54e918360531,2019-02-13,Beef,"Brisket, deckle-off, bnls (120  1)",Choice Cuts,,,,Choice,,,,,264.11,285.0,,,270.01,$/cwt,2.7001,per lb,National,wholesale,,,,,,239035.0,lb,,2453,National Daily Boxed Beef Cutout & Boxed Beef Cuts - Negotiated Sales - PM (PDF) (LM_XB403),2026-09-26T15:00:20+00:00
3fe94056513582f7,2019-02-13,Beef,"Brisket, deckle-off, bnls (120  1)",Select Cuts,,,,Select,,,,,269.99,272.0,,,270.8,$/cwt,2.708,per lb,National,wholesale,,,,,,1687.0,lb,,2453,National Daily Boxed Beef Cutout & Boxed Beef Cuts - Negotiated Sales - PM (PDF) (LM_XB403),2026-09-26T15:00:20+00:00
b2256658d51e0f76,2019-02-13,Beef,"Brisket, point/off, bnls (120A  3)",Choice Cuts,,,,Choice,,,,,431.0,454.98,,,435.3,$/cwt,4.353,per lb,National,wholesale,,,,,,14945.0,lb,,2453,National Daily Boxed Beef Cutout & Boxed Beef Cuts - Negotiated Sales - PM (PDF) (LM_XB403),2026-09-26T15:00:20+00:00
d592f01743341159,2019-02-13,Beef,"Chuck, chuck tender (116B  1)",Choice Cuts,,,,Choice,,,,,226.63,251.0,,,241.68,$/cwt,2.4168,per lb,National,wholesale,,,,,,20917.0,lb,,2453,National Daily Boxed Beef Cutout & Boxed Beef Cuts - Negotiated Sales - PM (PDF) (LM_XB403),2026-09-26T15:00:20+00:00
a8302f1e1690250c,2019-02-13,Beef,"Chuck, chuck tender (116B  1)",Select Cuts,,,,Select,,,,,226.63,247.3,,,230.93,$/cwt,2.3093,per lb,National,wholesale,,,,,,30554.0,lb,,2453,National Daily Boxed Beef Cutout & Boxed Beef Cuts - Negotiated Sales - PM (PDF) (LM_XB403),2026-09-26T15:00:20+00:00
2510ce432f621935,2019-02-13,Beef,"Chuck, clod tender (114F  5)",Choice Cuts,,,,Choice,,,,,434.0,460.0,,,442.9,$/cwt,4.429,per lb,National,wholesale,,,,,,7802.0,lb,,2453,National Daily Boxed Beef Cutout & Boxed Beef Cuts - Negotiated Sales - PM (PDF) (LM_XB403),2026-09-26T15:00:20+00:00
3e19165afee0e424,2019-02-13,Beef,"Chuck, clod tender (114F  5)",Select Cuts,,,,Select,,,,,430.0,472.34,,,462.59,$/cwt,4.6259,per lb,National,wholesale,,,,,,30382.0,lb,,2453,National Daily Boxed Beef Cutout & Boxed Beef Cuts - Negotiated Sales - PM (PDF) (LM_XB403),2026-09-26T15:00:20+00:00
d18e321a0542b0f9,2019-02-13,Beef,"Chuck, clod, arm roast (114E  3)",Choice Cuts,,,,Choice,,,,,271.5,287.0,,,278.32,$/cwt,2.7832,per lb,National,wholesale,,,,,,10059.0,lb,,2453,National Daily Boxed Beef Cutout & Boxed Beef Cuts - Negotiated Sales - PM (PDF) (LM_XB403),2026-09-26T15:00:20+00:00
f2595f7c13a64f85,2019-02-13,Beef,"Chuck, clod, top blade (114D  3)",Choice Cuts,,,,Choice,,,,,349.17,389.55,,,353.31,$/cwt,3.5331,per lb,National,wholesale,,,,,,2535.0,lb,,2453,National Daily Boxed Beef Cutout & Boxed Beef Cuts - Negotiated Sales - PM (PDF) (LM_XB403),2026-09-26T15:00:20+00:00
7962c8af082cad09,2019-02-13,Beef,"Chuck, flap (116G  4)",Choice Cuts,,,,Choice,,,,,515.82,670.0,,,541.96,$/cwt,5.4196,per lb,National,wholesale,,,,,,21390.0,lb,,2453,National Daily Boxed Beef Cutout & Boxed Beef Cuts - Negotiated Sales - PM (PDF) (LM_XB403),2026-09-26T15:00:20+00:00
72fd795c4e894f8d,2019-02-13,Beef,"Chuck, roll, lxl, neck/off (116A  3)",Choice Cuts,,,,Choice,,,,,280.0,301.0,,,291.11,$/cwt,2.9111,per lb,National,wholesale,,,,,,94955.0,lb,,2453,National Daily Boxed Beef Cutout & Boxed Beef Cuts - Negotiated Sales - PM (PDF) (LM_XB403),2026-09-26T15:00:20+00:00
642a324d599ea609,2019-02-13,Beef,"Chuck, roll, lxl, neck/off (116A  3)",Select Cuts,,,,Select,,,,,268.02,293.82,,,272.9,$/cwt,2.729,per lb,National,wholesale,,,,,,60850.0,lb,,2453,National Daily Boxed Beef Cutout & Boxed Beef Cuts - Negotiated Sales - PM (PDF) (LM_XB403),2026-09-26T15:00:20+00:00
471524e65ee5717d,2019-02-13,Beef,"Chuck, roll, retail ready (916A  3)",Choice Cuts,,,,Choice,,,,,307.0,316.5,,,310.97,$/cwt,3.1097,per lb,National,wholesale,,,,,,67774.0,lb,,2453,National Daily Boxed Beef Cutout & Boxed Beef Cuts - Negotiated Sales - PM (PDF) (LM_XB403),2026-09-26T15:00:20+00:00
09e3954b2488a426,2019-02-13,Beef,"Chuck, semi-bnls, neck/off (113C  1)",Choice Cuts,,,,Choice,,,,,230.0,237.5,,,234.26,$/cwt,2.3426,per lb,National,wholesale,,,,,,14241.0,lb,,2453,National Daily Boxed Beef Cutout & Boxed Beef Cuts - Negotiated Sales - PM (PDF) (LM_XB403),2026-09-26T15:00:20+00:00
c224c31da687cd98,2019-02-13,Beef,"Chuck, semi-bnls, neck/off (113C  1)",Select Cuts,,,,Select,,,,,232.73,235.0,,,233.27,$/cwt,2.3327,per lb,National,wholesale,,,,,,2267.0,lb,,2453,National Daily Boxed Beef Cutout & Boxed Beef Cuts - Negotiated Sales - PM (PDF) (LM_XB403),2026-09-26T15:00:20+00:00
04ac3098b868ad5c,2019-02-13,Beef,"Chuck, short rib (130  4)",Choice Cuts,,,,Choice,,,,,357.25,382.0,,,365.29,$/cwt,3.6529,per lb,National,wholesale,,,,,,21911.0,lb,,2453,National Daily Boxed Beef Cutout & Boxed Beef Cuts - Negotiated Sales - PM (PDF) (LM_XB403),2026-09-26T15:00:20+00:00
037d03811ba774b5,2019-02-13,Beef,"Chuck, short rib (130  4)",Select Cuts,,,,Select,,,,,315.0,320.0,,,317.94,$/cwt,3.1794,per lb,National,wholesale,,,,,,7491.0,lb,,2453,National Daily Boxed Beef Cutout & Boxed Beef Cuts - Negotiated Sales - PM (PDF) (LM_XB403),2026-09-26T15:00:20+00:00
5486a55ba87ddd4e,2019-02-13,Beef,"Chuck, shoulder clod (114  1)",Choice Cuts,,,,Choice,,,,,202.25,218.99,,,207.03,$/cwt,2.0703,per lb,National,wholesale,,,,,,29110.0,lb,,2453,National Daily Boxed Beef Cutout & Boxed Beef Cuts - Negotiated Sales - PM (PDF) (LM_XB403),2026-09-26T15:00:20+00:00
b8ec0a9dbaae057b,2019-02-13,Beef,"Chuck, shoulder clod (114  1)",Select Cuts,,,,Select,,,,,202.25,210.0,,,204.45,$/cwt,2.0445,per lb,National,wholesale,,,,,,7825.0,lb,,2453,National Daily Boxed Beef Cutout & Boxed Beef Cuts - Negotiated Sales - PM (PDF) (LM_XB403),2026-09-26T15:00:20+00:00
e7eb84b97f5de4aa,2019-02-13,Beef,"Chuck, shoulder clod, trmd (114A  3)",Choice Cuts,,,,Choice,,,,,214.69,236.0,,,218.15,$/cwt,2.1815,per lb,National,wholesale,,,,,,123481.0,lb,,2453,National Daily Boxed Beef Cutout & Boxed Beef Cuts - Negotiated Sales - PM (PDF) (LM_XB403),2026-09-26T15:00:20+00:00
f01f0c6718e098e9,2019-02-13,Beef,"Chuck, shoulder clod, trmd (114A  3)",Select Cuts,,,,Select,,,,,206.94,233.15,,,212.07,$/cwt,2.1207,per lb,National,wholesale,,,,,,12683.0,lb,,2453,National Daily Boxed Beef Cutout & Boxed Beef Cuts - Negotiated Sales - PM (PDF) (LM_XB403),2026-09-26T15:00:20+00:00
5a7dbefc637db835,2019-02-13,Beef,Cutout 600-900 lb,,,,,Select,,,,,,,,,212.01,$/cwt,2.1201,per lb,National,wholesale,,,,,,,,,2453,National Daily Boxed Beef Cutout & Boxed Beef Cuts - Negotiated Sales - PM (PDF) (LM_XB403),2026-09-26T15:00:20+00:00
68ac6b211c694807,2019-02-13,Beef,Cutout 600-900 lb,,,,,Choice,,,,,,,,,216.44,$/cwt,2.1644,per lb,National,wholesale,,,,,,,,,2453,National Daily Boxed Beef Cutout & Boxed Beef Cuts - Negotiated Sales - PM (PDF) (LM_XB403),2026-09-26T15:00:20+00:00
bce7dfe8aa79ff8b,2019-02-13,Beef,"Flank, flank steak (193  4)",Choice Cuts,,,,Choice,,,,,470.0,515.25,,,497.04,$/cwt,4.9704,per lb,National,wholesale,,,,,,40053.0,lb,,2453,National Daily Boxed Beef Cutout & Boxed Beef Cuts - Negotiated Sales - PM (PDF) (LM_XB403),2026-09-26T15:00:20+00:00
2cd837e9a4c451a2,2019-02-13,Beef,"Flank, flank steak (193  4)",Select Cuts,,,,Select,,,,,475.5,505.0,,,498.93,$/cwt,4.9893,per lb,National,wholesale,,,,,,26935.0,lb,,2453,National Daily Boxed Beef Cutout & Boxed Beef Cuts - Negotiated Sales - PM (PDF) (LM_XB403),2026-09-26T15:00:20+00:00
a9145d85c178266e,2019-02-13,Beef,Ground Beef 73%,Ground Beef,,,,,,,,,150.0,169.0,,,159.06,$/cwt,1.5906,per lb,National,wholesale,,,,,,41644.0,lb,,2453,National Daily Boxed Beef Cutout & Boxed Beef Cuts - Negotiated Sales - PM (PDF) (LM_XB403),2026-09-26T15:00:20+00:00
56199a97acf8d129,2019-02-13,Beef,Ground Beef 81%,Ground Beef,,,,,,,,,168.5,188.55,,,177.65,$/cwt,1.7765,per lb,National,wholesale,,,,,,169817.0,lb,,2453,National Daily Boxed Beef Cutout & Boxed Beef Cuts - Negotiated Sales - PM (PDF) (LM_XB403),2026-09-26T15:00:20+00:00
39cadd97826f3a04,2019-02-13,Beef,Ground Beef 93%,Ground Beef,,,,,,,,,290.0,301.0,,,298.08,$/cwt,2.9808,per lb,National,wholesale,,,,,,35374.0,lb,,2453,National Daily Boxed Beef Cutout & Boxed Beef Cuts - Negotiated Sales - PM (PDF) (LM_XB403),2026-09-26T15:00:20+00:00
e5daebd435d2cdec,2019-02-13,Beef,Ground Beef Chuck,Ground Beef,,,,,,,,,180.0,195.0,,,185.5,$/cwt,1.855,per lb,National,wholesale,,,,,,196999.0,lb,,2453,National Daily Boxed Beef Cutout & Boxed Beef Cuts - Negotiated Sales - PM (PDF) (LM_XB403),2026-09-26T15:00:20+00:00
f737a2b260933485,2019-02-13,Beef,"Loin, ball-tip, bnls, heavy (185B  1)",Choice Cuts,,,,Choice,,,,,249.34,299.15,,,259.97,$/cwt,2.5997,per lb,National,wholesale,,,,,,75274.0,lb,,2453,National Daily Boxed Beef Cutout & Boxed Beef Cuts - Negotiated Sales - PM (PDF) (LM_XB403),2026-09-26T15:00:20+00:00
01f5c411b80164ec,2019-02-13,Beef,"Loin, ball-tip, bnls, heavy (185B  1)",Select Cuts,,,,Select,,,,,250.0,255.0,,,253.58,$/cwt,2.5358,per lb,National,wholesale,,,,,,3442.0,lb,,2453,National Daily Boxed Beef Cutout & Boxed Beef Cuts - Negotiated Sales - PM (PDF) (LM_XB403),2026-09-26T15:00:20+00:00
43e192b2a1b921d6,2019-02-13,Beef,"Loin, bottom sirloin, flap (185A  4)",Choice Cuts,,,,Choice,,,,,495.82,552.25,,,510.12,$/cwt,5.1012,per lb,National,wholesale,,,,,,84696.0,lb,,2453,National Daily Boxed Beef Cutout & Boxed Beef Cuts - Negotiated Sales - PM (PDF) (LM_XB403),2026-09-26T15:00:20+00:00
a2fa8a544f856194,2019-02-13,Beef,"Loin, butt tender, trimmed (191A  4)",Choice Cuts,,,,Choice,,,,,949.69,1024.88,,,951.3,$/cwt,9.513,per lb,National,wholesale,,,,,,3862.0,lb,,2453,National Daily Boxed Beef Cutout & Boxed Beef Cuts - Negotiated Sales - PM (PDF) (LM_XB403),2026-09-26T15:00:20+00:00
d1e06e3f2841e4ea,2019-02-13,Beef,"Loin, butt tender, trimmed (191A  4)",Select Cuts,,,,Select,,,,,934.0,980.0,,,937.78,$/cwt,9.3778,per lb,National,wholesale,,,,,,11367.0,lb,,2453,National Daily Boxed Beef Cutout & Boxed Beef Cuts - Negotiated Sales - PM (PDF) (LM_XB403),2026-09-26T15:00:20+00:00
0db56fd0851b6bb5,2019-02-13,Beef,"Loin, short loin, 0x1 (174  3)",Choice Cuts,,,,Choice,,,,,490.0,541.5,,,506.63,$/cwt,5.0663,per lb,National,wholesale,,,,,,111471.0,lb,,2453,National Daily Boxed Beef Cutout & Boxed Beef Cuts - Negotiated Sales - PM (PDF) (LM_XB403),2026-09-26T15:00:20+00:00
7c77b531131f9484,2019-02-13,Beef,"Loin, short loin, 0x1 (174  3)",Select Cuts,,,,Select,,,,,495.0,529.88,,,506.5,$/cwt,5.065,per lb,National,wholesale,,,,,,7100.0,lb,,2453,National Daily Boxed Beef Cutout & Boxed Beef Cuts - Negotiated Sales - PM (PDF) (LM_XB403),2026-09-26T15:00:20+00:00
b0f3199a791e96e1,2019-02-13,Beef,"Loin, sirloin, tri-tip (185C  1)",Choice Cuts,,,,Choice,,,,,311.53,350.0,,,321.06,$/cwt,3.2106,per lb,National,wholesale,,,,,,6334.0,lb,,2453,National Daily Boxed Beef Cutout & Boxed Beef Cuts - Negotiated Sales - PM (PDF) (LM_XB403),2026-09-26T15:00:20+00:00
a7eef588f991560f,2019-02-13,Beef,"Loin, sirloin, tri-tip (185C  1)",Select Cuts,,,,Select,,,,,260.0,294.0,,,269.74,$/cwt,2.6974,per lb,National,wholesale,,,,,,15099.0,lb,,2453,National Daily Boxed Beef Cutout & Boxed Beef Cuts - Negotiated Sales - PM (PDF) (LM_XB403),2026-09-26T15:00:20+00:00
a34500f006ba11ed,2019-02-13,Beef,"Loin, sirloin, tri-tip, pld (185D  4)",Choice Cuts,,,,Choice,,,,,458.0,465.0,,,462.54,$/cwt,4.6254,per lb,National,wholesale,,,,,,3119.0,lb,,2453,National Daily Boxed Beef Cutout & Boxed Beef Cuts - Negotiated Sales - PM (PDF) (LM_XB403),2026-09-26T15:00:20+00:00
ea05fa2a81f30ce7,2019-02-13,Beef,"Loin, strip loin bnls. 1x1 (  1)",Choice Cuts,,,,Choice,,,,,470.0,487.0,,,472.25,$/cwt,4.7225,per lb,National,wholesale,,,,,,15143.0,lb,,2453,National Daily Boxed Beef Cutout & Boxed Beef Cuts - Negotiated Sales - PM (PDF) (LM_XB403),2026-09-26T15:00:20+00:00
5836f44049baa7b8,2019-02-13,Beef,"Loin, strip loin, 1x1 (175  3)",Choice Cuts,,,,Choice,,,,,458.5,474.0,,,460.94,$/cwt,4.6094,per lb,National,wholesale,,,,,,46799.0,lb,,2453,National Daily Boxed Beef Cutout & Boxed Beef Cuts - Negotiated Sales - PM (PDF) (LM_XB403),2026-09-26T15:00:20+00:00
ac4b2e53395b3c10,2019-02-13,Beef,"Loin, strip, bnls, 0x1 (180  3)",Choice Cuts,,,,Choice,,,,,522.0,579.0,,,536.12,$/cwt,5.3612,per lb,National,wholesale,,,,,,115243.0,lb,,2453,National Daily Boxed Beef Cutout & Boxed Beef Cuts - Negotiated Sales - PM (PDF) (LM_XB403),2026-09-26T15:00:20+00:00
c5c453fe4140bb55,2019-02-13,Beef,"Loin, strip, bnls, 0x1 (180  3)",Select Cuts,,,,Select,,,,,493.0,550.0,,,494.84,$/cwt,4.9484,per lb,National,wholesale,,,,,,59578.0,lb,,2453,National Daily Boxed Beef Cutout & Boxed Beef Cuts - Negotiated Sales - PM (PDF) (LM_XB403),2026-09-26T15:00:20+00:00
0429fe26ac520905,2019-02-13,Beef,"Loin, tndrloin, trmd, heavy (189A  4)",Choice Cuts,,,,Choice,,,,,979.49,1141.0,,,986.75,$/cwt,9.8675,per lb,National,wholesale,,,,,,468571.0,lb,,2453,National Daily Boxed Beef Cutout & Boxed Beef Cuts - Negotiated Sales - PM (PDF) (LM_XB403),2026-09-26T15:00:20+00:00
e97a121ed461d40d,2019-02-13,Beef,"Loin, tndrloin, trmd, heavy (189A  4)",Select Cuts,,,,Select,,,,,973.17,1083.0,,,983.44,$/cwt,9.8344,per lb,National,wholesale,,,,,,167080.0,lb,,2453,National Daily Boxed Beef Cutout & Boxed Beef Cuts - Negotiated Sales - PM (PDF) (LM_XB403),2026-09-26T15:00:20+00:00
00ab8080e043563a,2019-02-13,Beef,"Loin, top butt, bnls, heavy (184  1)",Choice Cuts,,,,Choice,,,,,341.4,358.0,,,342.92,$/cwt,3.4292,per lb,National,wholesale,,,,,,25798.0,lb,,2453,National Daily Boxed Beef Cutout & Boxed Beef Cuts - Negotiated Sales - PM (PDF) (LM_XB403),2026-09-26T15:00:20+00:00
367fdfde3b4be8ac,2019-02-13,Beef,"Loin, top butt, boneless (184  3)",Choice Cuts,,,,Choice,,,,,349.85,386.0,,,356.59,$/cwt,3.5659,per lb,National,wholesale,,,,,,83595.0,lb,,2453,National Daily Boxed Beef Cutout & Boxed Beef Cuts - Negotiated Sales - PM (PDF) (LM_XB403),2026-09-26T15:00:20+00:00
7f719aae1c413a6f,2019-02-13,Beef,"Loin, top butt, boneless (184  3)",Select Cuts,,,,Select,,,,,347.25,376.0,,,362.53,$/cwt,3.6253,per lb,National,wholesale,,,,,,13446.0,lb,,2453,National Daily Boxed Beef Cutout & Boxed Beef Cuts - Negotiated Sales - PM (PDF) (LM_XB403),2026-09-26T15:00:20+00:00
5e94b334b95f47b3,2019-02-13,Beef,"Rib, ribeye, bnls, heavy (112A  3)",Choice Cuts,,,,Choice,,,,,740.0,806.0,,,754.26,$/cwt,7.5426,per lb,National,wholesale,,,,,,109678.0,lb,,2453,National Daily Boxed Beef Cutout & Boxed Beef Cuts - Negotiated Sales - PM (PDF) (LM_XB403),2026-09-26T15:00:20+00:00
aea3ab18df812ddd,2019-02-13,Beef,"Rib, ribeye, bnls, heavy (112A  3)",Select Cuts,,,,Select,,,,,698.0,725.75,,,715.36,$/cwt,7.1536,per lb,National,wholesale,,,,,,5520.0,lb,,2453,National Daily Boxed Beef Cutout & Boxed Beef Cuts - Negotiated Sales - PM (PDF) (LM_XB403),2026-09-26T15:00:20+00:00
470b91aee996b503,2019-02-13,Beef,"Rib, ribeye, bnls, light (112A  3)",Choice Cuts,,,,Choice,,,,,750.0,815.0,,,751.4,$/cwt,7.514,per lb,National,wholesale,,,,,,98886.0,lb,,2453,National Daily Boxed Beef Cutout & Boxed Beef Cuts - Negotiated Sales - PM (PDF) (LM_XB403),2026-09-26T15:00:20+00:00
383986ecbc4d3907,2019-02-13,Beef,"Rib, ribeye, bnls, light (112A  3)",Select Cuts,,,,Select,,,,,696.64,725.0,,,713.99,$/cwt,7.1399,per lb,National,wholesale,,,,,,4694.0,lb,,2453,National Daily Boxed Beef Cutout & Boxed Beef Cuts - Negotiated Sales - PM (PDF) (LM_XB403),2026-09-26T15:00:20+00:00
fec0605ae51404aa,2019-02-13,Beef,"Rib, ribeye, lip-on, bn-in (109E  1)",Choice Cuts,,,,Choice,,,,,641.53,690.34,,,661.22,$/cwt,6.6122,per lb,National,wholesale,,,,,,48497.0,lb,,2453,National Daily Boxed Beef Cutout & Boxed Beef Cuts - Negotiated Sales - PM (PDF) (LM_XB403),2026-09-26T15:00:20+00:00
d60d0f2992127bf8,2019-02-13,Beef,"Rib, ribeye, lip-on, bn-in (109E  1)",Select Cuts,,,,Select,,,,,614.5,630.49,,,617.61,$/cwt,6.1761,per lb,National,wholesale,,,,,,1871.0,lb,,2453,National Daily Boxed Beef Cutout & Boxed Beef Cuts - Negotiated Sales - PM (PDF) (LM_XB403),2026-09-26T15:00:20+00:00
926971e0ef4d6b14,2019-02-13,Beef,"Round, bottom gooseneck (170  1)",Choice Cuts,,,,Choice,,,,,211.25,220.75,,,217.16,$/cwt,2.1716,per lb,National,wholesale,,,,,,5860.0,lb,,2453,National Daily Boxed Beef Cutout & Boxed Beef Cuts - Negotiated Sales - PM (PDF) (LM_XB403),2026-09-26T15:00:20+00:00
1130d4b646320e42,2019-02-13,Beef,"Round, eye of round (171C  3)",Choice Cuts,,,,Choice,,,,,261.6,290.3,,,274.27,$/cwt,2.7427,per lb,National,wholesale,,,,,,132528.0,lb,,2453,National Daily Boxed Beef Cutout & Boxed Beef Cuts - Negotiated Sales - PM (PDF) (LM_XB403),2026-09-26T15:00:20+00:00
a36b0c7b87cf4fe3,2019-02-13,Beef,"Round, eye of round (171C  3)",Select Cuts,,,,Select,,,,,265.5,281.15,,,272.1,$/cwt,2.721,per lb,National,wholesale,,,,,,17227.0,lb,,2453,National Daily Boxed Beef Cutout & Boxed Beef Cuts - Negotiated Sales - PM (PDF) (LM_XB403),2026-09-26T15:00:20+00:00
52cb75d07fc191b0,2019-02-13,Beef,"Round, knuckle, peeled (167A  4)",Choice Cuts,,,,Choice,,,,,246.82,268.0,,,251.47,$/cwt,2.5147,per lb,National,wholesale,,,,,,62242.0,lb,,2453,National Daily Boxed Beef Cutout & Boxed Beef Cuts - Negotiated Sales - PM (PDF) (LM_XB403),2026-09-26T15:00:20+00:00
4165d78dfb076a51,2019-02-13,Beef,"Round, knuckle, peeled (167A  4)",Select Cuts,,,,Select,,,,,252.0,270.0,,,260.53,$/cwt,2.6053,per lb,National,wholesale,,,,,,1669.0,lb,,2453,National Daily Boxed Beef Cutout & Boxed Beef Cuts - Negotiated Sales - PM (PDF) (LM_XB403),2026-09-26T15:00:20+00:00
b490be7f44e7a9a8,2019-02-13,Beef,"Round, outside round (171B  3)",Choice Cuts,,,,Choice,,,,,224.0,236.5,,,229.18,$/cwt,2.2918,per lb,National,wholesale,,,,,,78021.0,lb,,2453,National Daily Boxed Beef Cutout & Boxed Beef Cuts - Negotiated Sales - PM (PDF) (LM_XB403),2026-09-26T15:00:20+00:00
416163218fcbbd4f,2019-02-13,Beef,"Round, outside round (171B  3)",Select Cuts,,,,Select,,,,,225.0,235.0,,,228.03,$/cwt,2.2803,per lb,National,wholesale,,,,,,17150.0,lb,,2453,National Daily Boxed Beef Cutout & Boxed Beef Cuts - Negotiated Sales - PM (PDF) (LM_XB403),2026-09-26T15:00:20+00:00
0a679b8ff738b4d1,2019-02-13,Beef,"Round, top inside round (168  1)",Choice Cuts,,,,Choice,,,,,211.0,232.0,,,215.32,$/cwt,2.1532,per lb,National,wholesale,,,,,,194157.0,lb,,2453,National Daily Boxed Beef Cutout & Boxed Beef Cuts - Negotiated Sales - PM (PDF) (LM_XB403),2026-09-26T15:00:20+00:00
ca90062d5a2cbd46,2019-02-13,Beef,"Round, top inside round (168  3)",Choice Cuts,,,,Choice,,,,,217.0,248.0,,,221.76,$/cwt,2.2176,per lb,National,wholesale,,,,,,127249.0,lb,,2453,National Daily Boxed Beef Cutout & Boxed Beef Cuts - Negotiated Sales - PM (PDF) (LM_XB403),2026-09-26T15:00:20+00:00
b96116b7fd376840,2019-02-13,Beef,"Round, top inside round (168  3)",Select Cuts,,,,Select,,,,,227.99,233.17,,,230.88,$/cwt,2.3088,per lb,National,wholesale,,,,,,13056.0,lb,,2453,National Daily Boxed Beef Cutout & Boxed Beef Cuts - Negotiated Sales - PM (PDF) (LM_XB403),2026-09-26T15:00:20+00:00
62a8905e5a62a533,2019-02-13,Beef,"Round, top inside, cap off (169A  5)",Choice Cuts,,,,Choice,,,,,280.81,318.55,,,282.86,$/cwt,2.8286,per lb,National,wholesale,,,,,,42355.0,lb,,2453,National Daily Boxed Beef Cutout & Boxed Beef Cuts - Negotiated Sales - PM (PDF) (LM_XB403),2026-09-26T15:00:20+00:00
a81e05a58826ab89,2019-02-13,Beef,"Round, top inside, denuded (169  5)",Choice Cuts,,,,Choice,,,,,235.0,276.0,,,243.79,$/cwt,2.4379,per lb,National,wholesale,,,,,,112039.0,lb,,2453,National Daily Boxed Beef Cutout & Boxed Beef Cuts - Negotiated Sales - PM (PDF) (LM_XB403),2026-09-26T15:00:20+00:00
157879851601ce5c,2019-02-13,Beef,"Round, top inside, denuded (169  5)",Select Cuts,,,,Select,,,,,235.0,269.0,,,241.49,$/cwt,2.4149,per lb,National,wholesale,,,,,,39282.0,lb,,2453,National Daily Boxed Beef Cutout & Boxed Beef Cuts - Negotiated Sales - PM (PDF) (LM_XB403),2026-09-26T15:00:20+00:00
4809097079461250,2019-02-13,Beef,"Short Plate, short rib (123A  3)",Choice Cuts,,,,Choice,,,,,498.0,575.0,,,544.74,$/cwt,5.4474,per lb,National,wholesale,,,,,,13744.0,lb,,2453,National Daily Boxed Beef Cutout & Boxed Beef Cuts - Negotiated Sales - PM (PDF) (LM_XB403),2026-09-26T15:00:20+00:00
d92100068fdbf8e4,2019-02-14,Beef,"Brisket, deckle-off, bnls (120  1)",Choice Cuts,,,,Choice,,,,,257.0,284.25,,,269.42,$/cwt,2.6942,per lb,National,wholesale,,,,,,326911.0,lb,,2453,National Daily Boxed Beef Cutout & Boxed Beef Cuts - Negotiated Sales - PM (PDF) (LM_XB403),2026-09-26T15:00:20+00:00
5d96bb5bde71bb47,2019-02-14,Beef,"Brisket, deckle-off, bnls (120  1)",Select Cuts,,,,Select,,,,,267.75,279.25,,,270.15,$/cwt,2.7015,per lb,National,wholesale,,,,,,36387.0,lb,,2453,National Daily Boxed Beef Cutout & Boxed Beef Cuts - Negotiated Sales - PM (PDF) (LM_XB403),2026-09-26T15:00:20+00:00
483952d6845b54d9,2019-02-14,Beef,"Brisket, point/off, bnls (120A  3)",Choice Cuts,,,,Choice,,,,,429.5,440.0,,,431.96,$/cwt,4.3196,per lb,National,wholesale,,,,,,99517.0,lb,,2453,National Daily Boxed Beef Cutout & Boxed Beef Cuts - Negotiated Sales - PM (PDF) (LM_XB403),2026-09-26T15:00:20+00:00
cbedd8b5ac09a8e2,2019-02-14,Beef,"Chuck, chuck tender (116B  1)",Choice Cuts,,,,Choice,,,,,233.72,253.0,,,239.09,$/cwt,2.3909,per lb,National,wholesale,,,,,,40353.0,lb,,2453,National Daily Boxed Beef Cutout & Boxed Beef Cuts - Negotiated Sales - PM (PDF) (LM_XB403),2026-09-26T15:00:20+00:00
89878f6805363f5e,2019-02-14,Beef,"Chuck, clod tender (114F  5)",Choice Cuts,,,,Choice,,,,,445.0,464.1,,,454.52,$/cwt,4.5452,per lb,National,wholesale,,,,,,8629.0,lb,,2453,National Daily Boxed Beef Cutout & Boxed Beef Cuts - Negotiated Sales - PM (PDF) (LM_XB403),2026-09-26T15:00:20+00:00
6f51dce3aeef8a89,2019-02-14,Beef,"Chuck, clod, top blade (114D  3)",Choice Cuts,,,,Choice,,,,,335.11,356.0,,,344.74,$/cwt,3.4474,per lb,National,wholesale,,,,,,9432.0,lb,,2453,National Daily Boxed Beef Cutout & Boxed Beef Cuts - Negotiated Sales - PM (PDF) (LM_XB403),2026-09-26T15:00:20+00:00
29bde36fb5cefb64,2019-02-14,Beef,"Chuck, flap (116G  4)",Choice Cuts,,,,Choice,,,,,491.72,583.49,,,494.92,$/cwt,4.9492,per lb,National,wholesale,,,,,,18671.0,lb,,2453,National Daily Boxed Beef Cutout & Boxed Beef Cuts - Negotiated Sales - PM (PDF) (LM_XB403),2026-09-26T15:00:20+00:00
e40a98a62d2d31c7,2019-02-14,Beef,"Chuck, flap (116G  4)",Select Cuts,,,,Select,,,,,484.49,523.9,,,517.27,$/cwt,5.1727,per lb,National,wholesale,,,,,,10896.0,lb,,2453,National Daily Boxed Beef Cutout & Boxed Beef Cuts - Negotiated Sales - PM (PDF) (LM_XB403),2026-09-26T15:00:20+00:00
47ac28572a48a5a1,2019-02-14,Beef,"Chuck, roll, lxl, neck/off (116A  3)",Choice Cuts,,,,Choice,,,,,275.0,312.0,,,282.39,$/cwt,2.8239,per lb,National,wholesale,,,,,,158217.0,lb,,2453,National Daily Boxed Beef Cutout & Boxed Beef Cuts - Negotiated Sales - PM (PDF) (LM_XB403),2026-09-26T15:00:20+00:00
f8033921f6267088,2019-02-14,Beef,"Chuck, roll, lxl, neck/off (116A  3)",Select Cuts,,,,Select,,,,,279.0,295.0,,,286.97,$/cwt,2.8697,per lb,National,wholesale,,,,,,6262.0,lb,,2453,National Daily Boxed Beef Cutout & Boxed Beef Cuts - Negotiated Sales - PM (PDF) (LM_XB403),2026-09-26T15:00:20+00:00
4966b61659d70785,2019-02-14,Beef,"Chuck, semi-bnls, neck/off (113C  1)",Choice Cuts,,,,Choice,,,,,235.0,251.25,,,235.04,$/cwt,2.3504,per lb,National,wholesale,,,,,,23014.0,lb,,2453,National Daily Boxed Beef Cutout & Boxed Beef Cuts - Negotiated Sales - PM (PDF) (LM_XB403),2026-09-26T15:00:20+00:00
43305e8b9c6ec1d9,2019-02-14,Beef,"Chuck, short rib (130  4)",Choice Cuts,,,,Choice,,,,,310.67,363.5,,,337.33,$/cwt,3.3733,per lb,National,wholesale,,,,,,12462.0,lb,,2453,National Daily Boxed Beef Cutout & Boxed Beef Cuts - Negotiated Sales - PM (PDF) (LM_XB403),2026-09-26T15:00:20+00:00
75688c3159360710,2019-02-14,Beef,"Chuck, shoulder clod (114  1)",Choice Cuts,,,,Choice,,,,,201.0,224.26,,,205.48,$/cwt,2.0548,per lb,National,wholesale,,,,,,27522.0,lb,,2453,National Daily Boxed Beef Cutout & Boxed Beef Cuts - Negotiated Sales - PM (PDF) (LM_XB403),2026-09-26T15:00:20+00:00
89155aed6262f8a9,2019-02-14,Beef,"Chuck, shoulder clod, trmd (114A  3)",Choice Cuts,,,,Choice,,,,,214.73,230.46,,,219.09,$/cwt,2.1909,per lb,National,wholesale,,,,,,39951.0,lb,,2453,National Daily Boxed Beef Cutout & Boxed Beef Cuts - Negotiated Sales - PM (PDF) (LM_XB403),2026-09-26T15:00:20+00:00
22534bb560dec3cb,2019-02-14,Beef,Cutout 600-900 lb,,,,,Choice,,,,,,,,,216.07,$/cwt,2.1607,per lb,National,wholesale,,,,,,,,,2453,National Daily Boxed Beef Cutout & Boxed Beef Cuts - Negotiated Sales - PM (PDF) (LM_XB403),2026-09-26T15:00:20+00:00
92ec0dd31b18db45,2019-02-14,Beef,Cutout 600-900 lb,,,,,Select,,,,,,,,,210.41,$/cwt,2.1041,per lb,National,wholesale,,,,,,,,,2453,National Daily Boxed Beef Cutout & Boxed Beef Cuts - Negotiated Sales - PM (PDF) (LM_XB403),2026-09-26T15:00:20+00:00
fb647b2eaeaaf5ed,2019-02-14,Beef,"Flank, flank steak (193  4)",Choice Cuts,,,,Choice,,,,,496.25,511.25,,,507.66,$/cwt,5.0766,per lb,National,wholesale,,,,,,2953.0,lb,,2453,National Daily Boxed Beef Cutout & Boxed Beef Cuts - Negotiated Sales - PM (PDF) (LM_XB403),2026-09-26T15:00:20+00:00
a1499beb4e98b281,2019-02-14,Beef,"Flank, flank steak (193  4)",Select Cuts,,,,Select,,,,,494.5,502.29,,,501.87,$/cwt,5.0187,per lb,National,wholesale,,,,,,16620.0,lb,,2453,National Daily Boxed Beef Cutout & Boxed Beef Cuts - Negotiated Sales - PM (PDF) (LM_XB403),2026-09-26T15:00:20+00:00
39839b50f76ee7c3,2019-02-14,Beef,Ground Beef 73%,Ground Beef,,,,,,,,,139.42,160.0,,,149.27,$/cwt,1.4927,per lb,National,wholesale,,,,,,159231.0,lb,,2453,National Daily Boxed Beef Cutout & Boxed Beef Cuts - Negotiated Sales - PM (PDF) (LM_XB403),2026-09-26T15:00:20+00:00
d888cb15e2797d14,2019-02-14,Beef,Ground Beef 81%,Ground Beef,,,,,,,,,158.67,193.5,,,171.65,$/cwt,1.7165,per lb,National,wholesale,,,,,,508639.0,lb,,2453,National Daily Boxed Beef Cutout & Boxed Beef Cuts - Negotiated Sales - PM (PDF) (LM_XB403),2026-09-26T15:00:20+00:00
4f6470803bb7c6c7,2019-02-14,Beef,Ground Beef 93%,Ground Beef,,,,,,,,,292.05,305.69,,,297.98,$/cwt,2.9798,per lb,National,wholesale,,,,,,10540.0,lb,,2453,National Daily Boxed Beef Cutout & Boxed Beef Cuts - Negotiated Sales - PM (PDF) (LM_XB403),2026-09-26T15:00:20+00:00
a6ca57c4b219d307,2019-02-14,Beef,Ground Beef Chuck,Ground Beef,,,,,,,,,179.0,193.86,,,187.02,$/cwt,1.8702,per lb,National,wholesale,,,,,,20365.0,lb,,2453,National Daily Boxed Beef Cutout & Boxed Beef Cuts - Negotiated Sales - PM (PDF) (LM_XB403),2026-09-26T15:00:20+00:00
3593cf94b01eb5d2,2019-02-14,Beef,Ground Beef Round,Ground Beef,,,,,,,,,246.21,255.0,,,250.37,$/cwt,2.5037,per lb,National,wholesale,,,,,,15161.0,lb,,2453,National Daily Boxed Beef Cutout & Boxed Beef Cuts - Negotiated Sales - PM (PDF) (LM_XB403),2026-09-26T15:00:20+00:00
b4c280cc5e7cd21b,2019-02-14,Beef,"Loin, ball-tip, bnls, heavy (185B  1)",Choice Cuts,,,,Choice,,,,,253.6,285.0,,,271.95,$/cwt,2.7195,per lb,National,wholesale,,,,,,54637.0,lb,,2453,National Daily Boxed Beef Cutout & Boxed Beef Cuts - Negotiated Sales - PM (PDF) (LM_XB403),2026-09-26T15:00:20+00:00
862f81f4f35b1da7,2019-02-14,Beef,"Loin, ball-tip, bnls, heavy (185B  1)",Select Cuts,,,,Select,,,,,243.4,255.0,,,245.9,$/cwt,2.459,per lb,National,wholesale,,,,,,2425.0,lb,,2453,National Daily Boxed Beef Cutout & Boxed Beef Cuts - Negotiated Sales - PM (PDF) (LM_XB403),2026-09-26T15:00:20+00:00
5c9c0b00a837b75b,2019-02-14,Beef,"Loin, bottom sirloin, flap (185A  4)",Choice Cuts,,,,Choice,,,,,500.0,552.0,,,509.6,$/cwt,5.096,per lb,National,wholesale,,,,,,63987.0,lb,,2453,National Daily Boxed Beef Cutout & Boxed Beef Cuts - Negotiated Sales - PM (PDF) (LM_XB403),2026-09-26T15:00:20+00:00
9e28778018da8e42,2019-02-14,Beef,"Loin, bottom sirloin, flap (185A  4)",Select Cuts,,,,Select,,,,,489.0,541.5,,,491.97,$/cwt,4.9197,per lb,National,wholesale,,,,,,21909.0,lb,,2453,National Daily Boxed Beef Cutout & Boxed Beef Cuts - Negotiated Sales - PM (PDF) (LM_XB403),2026-09-26T15:00:20+00:00
941da1d7a48bf0b2,2019-02-14,Beef,"Loin, butt tender, trimmed (191A  4)",Choice Cuts,,,,Choice,,,,,949.5,1000.0,,,967.07,$/cwt,9.6707,per lb,National,wholesale,,,,,,6243.0,lb,,2453,National Daily Boxed Beef Cutout & Boxed Beef Cuts - Negotiated Sales - PM (PDF) (LM_XB403),2026-09-26T15:00:20+00:00
9703bef1f6ed932c,2019-02-14,Beef,"Loin, short loin, 0x1 (174  3)",Choice Cuts,,,,Choice,,,,,490.23,543.25,,,505.69,$/cwt,5.0569,per lb,National,wholesale,,,,,,11593.0,lb,,2453,National Daily Boxed Beef Cutout & Boxed Beef Cuts - Negotiated Sales - PM (PDF) (LM_XB403),2026-09-26T15:00:20+00:00
4ace69bd2443d4a2,2019-02-14,Beef,"Loin, short loin, 0x1 (174  3)",Select Cuts,,,,Select,,,,,480.0,524.25,,,486.34,$/cwt,4.8634,per lb,National,wholesale,,,,,,53031.0,lb,,2453,National Daily Boxed Beef Cutout & Boxed Beef Cuts - Negotiated Sales - PM (PDF) (LM_XB403),2026-09-26T15:00:20+00:00
4aa33b805bdcfa6f,2019-02-14,Beef,"Loin, sirloin, tri-tip (185C  1)",Choice Cuts,,,,Choice,,,,,325.0,341.75,,,336.55,$/cwt,3.3655,per lb,National,wholesale,,,,,,1699.0,lb,,2453,National Daily Boxed Beef Cutout & Boxed Beef Cuts - Negotiated Sales - PM (PDF) (LM_XB403),2026-09-26T15:00:20+00:00
7e60d6db814a71fd,2019-02-14,Beef,"Loin, sirloin, tri-tip (185C  1)",Select Cuts,,,,Select,,,,,269.0,290.0,,,271.21,$/cwt,2.7121,per lb,National,wholesale,,,,,,1612.0,lb,,2453,National Daily Boxed Beef Cutout & Boxed Beef Cuts - Negotiated Sales - PM (PDF) (LM_XB403),2026-09-26T15:00:20+00:00
77635671d317e9e9,2019-02-14,Beef,"Loin, sirloin, tri-tip, pld (185D  4)",Choice Cuts,,,,Choice,,,,,452.0,465.0,,,461.29,$/cwt,4.6129,per lb,National,wholesale,,,,,,2042.0,lb,,2453,National Daily Boxed Beef Cutout & Boxed Beef Cuts - Negotiated Sales - PM (PDF) (LM_XB403),2026-09-26T15:00:20+00:00
76f18bf095de3e90,2019-02-14,Beef,"Loin, strip loin, 1x1 (175  3)",Choice Cuts,,,,Choice,,,,,455.99,481.0,,,463.6,$/cwt,4.636,per lb,National,wholesale,,,,,,10462.0,lb,,2453,National Daily Boxed Beef Cutout & Boxed Beef Cuts - Negotiated Sales - PM (PDF) (LM_XB403),2026-09-26T15:00:20+00:00
acbf3bef630de4f1,2019-02-14,Beef,"Loin, strip, bnls, 0x1 (180  3)",Choice Cuts,,,,Choice,,,,,527.0,572.25,,,547.27,$/cwt,5.4727,per lb,National,wholesale,,,,,,86245.0,lb,,2453,National Daily Boxed Beef Cutout & Boxed Beef Cuts - Negotiated Sales - PM (PDF) (LM_XB403),2026-09-26T15:00:20+00:00
a57901ef77bcd343,2019-02-14,Beef,"Loin, strip, bnls, 0x1 (180  3)",Select Cuts,,,,Select,,,,,493.0,541.75,,,500.48,$/cwt,5.0048,per lb,National,wholesale,,,,,,53742.0,lb,,2453,National Daily Boxed Beef Cutout & Boxed Beef Cuts - Negotiated Sales - PM (PDF) (LM_XB403),2026-09-26T15:00:20+00:00
57f74acba01b469e,2019-02-14,Beef,"Loin, tndrloin, trmd, heavy (189A  4)",Choice Cuts,,,,Choice,,,,,990.0,1135.25,,,999.17,$/cwt,9.9917,per lb,National,wholesale,,,,,,264741.0,lb,,2453,National Daily Boxed Beef Cutout & Boxed Beef Cuts - Negotiated Sales - PM (PDF) (LM_XB403),2026-09-26T15:00:20+00:00
2f0e62582cb8a340,2019-02-14,Beef,"Loin, tndrloin, trmd, heavy (189A  4)",Select Cuts,,,,Select,,,,,983.5,1089.25,,,1046.59,$/cwt,10.4659,per lb,National,wholesale,,,,,,21336.0,lb,,2453,National Daily Boxed Beef Cutout & Boxed Beef Cuts - Negotiated Sales - PM (PDF) (LM_XB403),2026-09-26T15:00:20+00:00
ab49db15375e5c40,2019-02-14,Beef,"Loin, top butt, CC (184B  3)",Choice Cuts,,,,Choice,,,,,484.64,522.5,,,505.64,$/cwt,5.0564,per lb,National,wholesale,,,,,,13020.0,lb,,2453,National Daily Boxed Beef Cutout & Boxed Beef Cuts - Negotiated Sales - PM (PDF) (LM_XB403),2026-09-26T15:00:20+00:00
a40237698b885735,2019-02-14,Beef,"Loin, top butt, boneless (184  3)",Choice Cuts,,,,Choice,,,,,345.0,376.65,,,356.62,$/cwt,3.5662,per lb,National,wholesale,,,,,,22971.0,lb,,2453,National Daily Boxed Beef Cutout & Boxed Beef Cuts - Negotiated Sales - PM (PDF) (LM_XB403),2026-09-26T15:00:20+00:00
81c5eb7de4782281,2019-02-14,Beef,"Loin, top butt, boneless (184  3)",Select Cuts,,,,Select,,,,,345.0,375.15,,,357.08,$/cwt,3.5708,per lb,National,wholesale,,,,,,8034.0,lb,,2453,National Daily Boxed Beef Cutout & Boxed Beef Cuts - Negotiated Sales - PM (PDF) (LM_XB403),2026-09-26T15:00:20+00:00
31cfa1246d71329f,2019-02-14,Beef,"Rib, ribeye, bnls, heavy (112A  3)",Choice Cuts,,,,Choice,,,,,750.0,774.25,,,756.51,$/cwt,7.5651,per lb,National,wholesale,,,,,,56008.0,lb,,2453,National Daily Boxed Beef Cutout & Boxed Beef Cuts - Negotiated Sales - PM (PDF) (LM_XB403),2026-09-26T15:00:20+00:00
2c18ee2b82aeaf5f,2019-02-14,Beef,"Rib, ribeye, bnls, heavy (112A  3)",Select Cuts,,,,Select,,,,,689.5,731.75,,,692.32,$/cwt,6.9232,per lb,National,wholesale,,,,,,56736.0,lb,,2453,National Daily Boxed Beef Cutout & Boxed Beef Cuts - Negotiated Sales - PM (PDF) (LM_XB403),2026-09-26T15:00:20+00:00
88a9a474349c5510,2019-02-14,Beef,"Rib, ribeye, bnls, light (112A  3)",Choice Cuts,,,,Choice,,,,,764.0,809.25,,,772.18,$/cwt,7.7218,per lb,National,wholesale,,,,,,50654.0,lb,,2453,National Daily Boxed Beef Cutout & Boxed Beef Cuts - Negotiated Sales - PM (PDF) (LM_XB403),2026-09-26T15:00:20+00:00
73c845e2bed0d80a,2019-02-14,Beef,"Rib, ribeye, bnls, light (112A  3)",Select Cuts,,,,Select,,,,,679.0,725.0,,,685.14,$/cwt,6.8514,per lb,National,wholesale,,,,,,126522.0,lb,,2453,National Daily Boxed Beef Cutout & Boxed Beef Cuts - Negotiated Sales - PM (PDF) (LM_XB403),2026-09-26T15:00:20+00:00
55f1f3f8399d01a1,2019-02-14,Beef,"Rib, ribeye, lip-on, bn-in (109E  1)",Choice Cuts,,,,Choice,,,,,641.35,711.5,,,653.14,$/cwt,6.5314,per lb,National,wholesale,,,,,,109118.0,lb,,2453,National Daily Boxed Beef Cutout & Boxed Beef Cuts - Negotiated Sales - PM (PDF) (LM_XB403),2026-09-26T15:00:20+00:00
c48a6dfadca6f37e,2019-02-14,Beef,"Rib, ribeye, lip-on, bn-in (109E  1)",Select Cuts,,,,Select,,,,,627.0,654.25,,,631.52,$/cwt,6.3152,per lb,National,wholesale,,,,,,7987.0,lb,,2453,National Daily Boxed Beef Cutout & Boxed Beef Cuts - Negotiated Sales - PM (PDF) (LM_XB403),2026-09-26T15:00:20+00:00
0c140a70f54493e6,2019-02-14,Beef,"Round, eye of round (171C  3)",Choice Cuts,,,,Choice,,,,,268.52,287.26,,,274.68,$/cwt,2.7468,per lb,National,wholesale,,,,,,77962.0,lb,,2453,National Daily Boxed Beef Cutout & Boxed Beef Cuts - Negotiated Sales - PM (PDF) (LM_XB403),2026-09-26T15:00:20+00:00
0729b0224b257cd4,2019-02-14,Beef,"Round, eye of round (171C  3)",Select Cuts,,,,Select,,,,,268.51,281.0,,,276.63,$/cwt,2.7663,per lb,National,wholesale,,,,,,11346.0,lb,,2453,National Daily Boxed Beef Cutout & Boxed Beef Cuts - Negotiated Sales - PM (PDF) (LM_XB403),2026-09-26T15:00:20+00:00
f22ef63a5d018785,2019-02-14,Beef,"Round, knuckle, peeled (167A  4)",Choice Cuts,,,,Choice,,,,,245.35,274.24,,,249.2,$/cwt,2.492,per lb,National,wholesale,,,,,,149697.0,lb,,2453,National Daily Boxed Beef Cutout & Boxed Beef Cuts - Negotiated Sales - PM (PDF) (LM_XB403),2026-09-26T15:00:20+00:00
f576650548cc37f3,2019-02-14,Beef,"Round, outside round (171B  3)",Choice Cuts,,,,Choice,,,,,227.49,235.0,,,230.69,$/cwt,2.3069,per lb,National,wholesale,,,,,,84494.0,lb,,2453,National Daily Boxed Beef Cutout & Boxed Beef Cuts - Negotiated Sales - PM (PDF) (LM_XB403),2026-09-26T15:00:20+00:00
8abaf9ba0e837ea5,2019-02-14,Beef,"Round, outside round (171B  3)",Select Cuts,,,,Select,,,,,218.52,232.65,,,227.71,$/cwt,2.2771,per lb,National,wholesale,,,,,,26399.0,lb,,2453,National Daily Boxed Beef Cutout & Boxed Beef Cuts - Negotiated Sales - PM (PDF) (LM_XB403),2026-09-26T15:00:20+00:00
eb32eec2b64b09a6,2019-02-14,Beef,"Round, top inside round (168  1)",Choice Cuts,,,,Choice,,,,,215.0,225.0,,,216.8,$/cwt,2.168,per lb,National,wholesale,,,,,,58275.0,lb,,2453,National Daily Boxed Beef Cutout & Boxed Beef Cuts - Negotiated Sales - PM (PDF) (LM_XB403),2026-09-26T15:00:20+00:00
8a25e87276c0b94e,2019-02-14,Beef,"Round, top inside round (168  3)",Choice Cuts,,,,Choice,,,,,215.0,232.25,,,218.57,$/cwt,2.1857,per lb,National,wholesale,,,,,,122882.0,lb,,2453,National Daily Boxed Beef Cutout & Boxed Beef Cuts - Negotiated Sales - PM (PDF) (LM_XB403),2026-09-26T15:00:20+00:00
4b46538582d31cfd,2019-02-14,Beef,"Round, top inside round (168  3)",Select Cuts,,,,Select,,,,,215.0,218.52,,,216.79,$/cwt,2.1679,per lb,National,wholesale,,,,,,23510.0,lb,,2453,National Daily Boxed Beef Cutout & Boxed Beef Cuts - Negotiated Sales - PM (PDF) (LM_XB403),2026-09-26T15:00:20+00:00
f2b97d5377b3f3a6,2019-02-14,Beef,"Round, top inside, cap off (169A  5)",Choice Cuts,,,,Choice,,,,,299.0,320.38,,,305.78,$/cwt,3.0578,per lb,National,wholesale,,,,,,6502.0,lb,,2453,National Daily Boxed Beef Cutout & Boxed Beef Cuts - Negotiated Sales - PM (PDF) (LM_XB403),2026-09-26T15:00:20+00:00
d48055a9553c77df,2019-02-14,Beef,"Round, top inside, denuded (169  5)",Choice Cuts,,,,Choice,,,,,261.0,270.0,,,263.66,$/cwt,2.6366,per lb,National,wholesale,,,,,,12661.0,lb,,2453,National Daily Boxed Beef Cutout & Boxed Beef Cuts - Negotiated Sales - PM (PDF) (LM_XB403),2026-09-26T15:00:20+00:00
6ff50a28cbadb131,2019-02-14,Beef,"Short Plate, short rib (123A  3)",Choice Cuts,,,,Choice,,,,,570.0,616.5,,,581.37,$/cwt,5.8137,per lb,National,wholesale,,,,,,7322.0,lb,,2453,National Daily Boxed Beef Cutout & Boxed Beef Cuts - Negotiated Sales - PM (PDF) (LM_XB403),2026-09-26T15:00:20+00:00
c1cb3e4109b706d1,2019-02-15,Beef,"Brisket, deckle-off, bnls (120  1)",Choice Cuts,,,,Choice,,,,,268.75,290.73,,,271.39,$/cwt,2.7139,per lb,National,wholesale,,,,,,48737.0,lb,,2453,National Daily Boxed Beef Cutout & Boxed Beef Cuts - Negotiated Sales - PM (PDF) (LM_XB403),2026-09-26T15:00:20+00:00
68cea68c6c6b9bac,2019-02-15,Beef,"Brisket, deckle-off, bnls (120  1)",Select Cuts,,,,Select,,,,,261.75,272.0,,,267.47,$/cwt,2.6747,per lb,National,wholesale,,,,,,17038.0,lb,,2453,National Daily Boxed Beef Cutout & Boxed Beef Cuts - Negotiated Sales - PM (PDF) (LM_XB403),2026-09-26T15:00:20+00:00
0dd0a06d8ebcf847,2019-02-15,Beef,"Brisket, point/off, bnls (120A  3)",Choice Cuts,,,,Choice,,,,,468.27,504.5,,,473.01,$/cwt,4.7301,per lb,National,wholesale,,,,,,3703.0,lb,,2453,National Daily Boxed Beef Cutout & Boxed Beef Cuts - Negotiated Sales - PM (PDF) (LM_XB403),2026-09-26T15:00:20+00:00
25ec1861dad5f6a2,2019-02-15,Beef,"Chuck, chuck tender (116B  1)",Choice Cuts,,,,Choice,,,,,234.0,245.0,,,237.9,$/cwt,2.379,per lb,National,wholesale,,,,,,47669.0,lb,,2453,National Daily Boxed Beef Cutout & Boxed Beef Cuts - Negotiated Sales - PM (PDF) (LM_XB403),2026-09-26T15:00:20+00:00
d1cca3c2524e6a9e,2019-02-15,Beef,"Chuck, chuck tender (116B  1)",Select Cuts,,,,Select,,,,,234.0,236.79,,,234.08,$/cwt,2.3408,per lb,National,wholesale,,,,,,10787.0,lb,,2453,National Daily Boxed Beef Cutout & Boxed Beef Cuts - Negotiated Sales - PM (PDF) (LM_XB403),2026-09-26T15:00:20+00:00
f7cc544a329fe29f,2019-02-15,Beef,"Chuck, clod tender (114F  5)",Choice Cuts,,,,Choice,,,,,440.75,460.0,,,451.76,$/cwt,4.5176,per lb,National,wholesale,,,,,,21156.0,lb,,2453,National Daily Boxed Beef Cutout & Boxed Beef Cuts - Negotiated Sales - PM (PDF) (LM_XB403),2026-09-26T15:00:20+00:00
e0d0622e0a5f7304,2019-02-15,Beef,"Chuck, clod tender (114F  5)",Select Cuts,,,,Select,,,,,435.25,471.49,,,445.46,$/cwt,4.4546,per lb,National,wholesale,,,,,,3040.0,lb,,2453,National Daily Boxed Beef Cutout & Boxed Beef Cuts - Negotiated Sales - PM (PDF) (LM_XB403),2026-09-26T15:00:20+00:00
16ac5ac6e1f2985d,2019-02-15,Beef,"Chuck, clod, arm roast (114E  3)",Choice Cuts,,,,Choice,,,,,275.0,283.98,,,279.79,$/cwt,2.7979,per lb,National,wholesale,,,,,,46916.0,lb,,2453,National Daily Boxed Beef Cutout & Boxed Beef Cuts - Negotiated Sales - PM (PDF) (LM_XB403),2026-09-26T15:00:20+00:00
b330d5a695c8765a,2019-02-15,Beef,"Chuck, clod, top blade (114D  3)",Choice Cuts,,,,Choice,,,,,350.49,374.0,,,352.92,$/cwt,3.5292,per lb,National,wholesale,,,,,,4266.0,lb,,2453,National Daily Boxed Beef Cutout & Boxed Beef Cuts - Negotiated Sales - PM (PDF) (LM_XB403),2026-09-26T15:00:20+00:00
bcf3a525e26ee8a6,2019-02-15,Beef,"Chuck, flap (116G  4)",Choice Cuts,,,,Choice,,,,,540.23,580.0,,,554.58,$/cwt,5.5458,per lb,National,wholesale,,,,,,4700.0,lb,,2453,National Daily Boxed Beef Cutout & Boxed Beef Cuts - Negotiated Sales - PM (PDF) (LM_XB403),2026-09-26T15:00:20+00:00
950b8054e9e96b49,2019-02-15,Beef,"Chuck, flap (116G  4)",Select Cuts,,,,Select,,,,,481.0,539.91,,,509.3,$/cwt,5.093,per lb,National,wholesale,,,,,,7320.0,lb,,2453,National Daily Boxed Beef Cutout & Boxed Beef Cuts - Negotiated Sales - PM (PDF) (LM_XB403),2026-09-26T15:00:20+00:00
89c854d023c08105,2019-02-15,Beef,"Chuck, roll, lxl, neck/off (116A  3)",Choice Cuts,,,,Choice,,,,,276.25,302.25,,,283.09,$/cwt,2.8309,per lb,National,wholesale,,,,,,93210.0,lb,,2453,National Daily Boxed Beef Cutout & Boxed Beef Cuts - Negotiated Sales - PM (PDF) (LM_XB403),2026-09-26T15:00:20+00:00
33f0ea1b0e96584f,2019-02-15,Beef,"Chuck, roll, lxl, neck/off (116A  3)",Select Cuts,,,,Select,,,,,270.0,292.74,,,283.86,$/cwt,2.8386,per lb,National,wholesale,,,,,,25643.0,lb,,2453,National Daily Boxed Beef Cutout & Boxed Beef Cuts - Negotiated Sales - PM (PDF) (LM_XB403),2026-09-26T15:00:20+00:00
baadfc78ea4cfb13,2019-02-15,Beef,"Chuck, roll, retail ready (916A  3)",Choice Cuts,,,,Choice,,,,,315.67,320.98,,,318.19,$/cwt,3.1819,per lb,National,wholesale,,,,,,167287.0,lb,,2453,National Daily Boxed Beef Cutout & Boxed Beef Cuts - Negotiated Sales - PM (PDF) (LM_XB403),2026-09-26T15:00:20+00:00
f133262484d1cf03,2019-02-15,Beef,"Chuck, short rib (130  4)",Choice Cuts,,,,Choice,,,,,345.49,377.25,,,356.38,$/cwt,3.5638,per lb,National,wholesale,,,,,,29225.0,lb,,2453,National Daily Boxed Beef Cutout & Boxed Beef Cuts - Negotiated Sales - PM (PDF) (LM_XB403),2026-09-26T15:00:20+00:00
59f6625f60f278a8,2019-02-15,Beef,"Chuck, shoulder clod (114  1)",Choice Cuts,,,,Choice,,,,,202.0,220.98,,,209.3,$/cwt,2.093,per lb,National,wholesale,,,,,,14900.0,lb,,2453,National Daily Boxed Beef Cutout & Boxed Beef Cuts - Negotiated Sales - PM (PDF) (LM_XB403),2026-09-26T15:00:20+00:00
658a6046921ad6ba,2019-02-15,Beef,"Chuck, shoulder clod, trmd (114A  3)",Choice Cuts,,,,Choice,,,,,213.03,232.2,,,221.42,$/cwt,2.2142,per lb,National,wholesale,,,,,,54724.0,lb,,2453,National Daily Boxed Beef Cutout & Boxed Beef Cuts - Negotiated Sales - PM (PDF) (LM_XB403),2026-09-26T15:00:20+00:00
b634a2e577e8eef5,2019-02-15,Beef,Cutout 600-900 lb,,,,,Select,,,,,,,,,210.99,$/cwt,2.1099,per lb,National,wholesale,,,,,,,,,2453,National Daily Boxed Beef Cutout & Boxed Beef Cuts - Negotiated Sales - PM (PDF) (LM_XB403),2026-09-26T15:00:20+00:00
bc582090e14639e2,2019-02-15,Beef,Cutout 600-900 lb,,,,,Choice,,,,,,,,,216.85,$/cwt,2.1685,per lb,National,wholesale,,,,,,,,,2453,National Daily Boxed Beef Cutout & Boxed Beef Cuts - Negotiated Sales - PM (PDF) (LM_XB403),2026-09-26T15:00:20+00:00
5942ce1438ed03b4,2019-02-15,Beef,"Flank, flank steak (193  4)",Choice Cuts,,,,Choice,,,,,500.0,506.75,,,503.95,$/cwt,5.0395,per lb,National,wholesale,,,,,,13692.0,lb,,2453,National Daily Boxed Beef Cutout & Boxed Beef Cuts - Negotiated Sales - PM (PDF) (LM_XB403),2026-09-26T15:00:20+00:00
915efcf82fb321bd,2019-02-15,Beef,"Flank, flank steak (193  4)",Select Cuts,,,,Select,,,,,494.5,502.74,,,500.63,$/cwt,5.0063,per lb,National,wholesale,,,,,,2449.0,lb,,2453,National Daily Boxed Beef Cutout & Boxed Beef Cuts - Negotiated Sales - PM (PDF) (LM_XB403),2026-09-26T15:00:20+00:00
07157605def686df,2019-02-15,Beef,Ground Beef 73%,Ground Beef,,,,,,,,,140.0,169.25,,,148.11,$/cwt,1.4811,per lb,National,wholesale,,,,,,79997.0,lb,,2453,National Daily Boxed Beef Cutout & Boxed Beef Cuts - Negotiated Sales - PM (PDF) (LM_XB403),2026-09-26T15:00:20+00:00
4ecb0406ccd90c27,2019-02-15,Beef,Ground Beef 81%,Ground Beef,,,,,,,,,165.0,189.03,,,171.37,$/cwt,1.7137,per lb,National,wholesale,,,,,,257160.0,lb,,2453,National Daily Boxed Beef Cutout & Boxed Beef Cuts - Negotiated Sales - PM (PDF) (LM_XB403),2026-09-26T15:00:20+00:00
247ffe97e36c9ebb,2019-02-15,Beef,Ground Beef 93%,Ground Beef,,,,,,,,,298.99,305.03,,,302.98,$/cwt,3.0298,per lb,National,wholesale,,,,,,81032.0,lb,,2453,National Daily Boxed Beef Cutout & Boxed Beef Cuts - Negotiated Sales - PM (PDF) (LM_XB403),2026-09-26T15:00:20+00:00
c16e01ec4b869a7f,2019-02-15,Beef,Ground Beef Chuck,Ground Beef,,,,,,,,,180.0,186.75,,,183.44,$/cwt,1.8344,per lb,National,wholesale,,,,,,22417.0,lb,,2453,National Daily Boxed Beef Cutout & Boxed Beef Cuts - Negotiated Sales - PM (PDF) (LM_XB403),2026-09-26T15:00:20+00:00
1d4314ebe5ae2d96,2019-02-15,Beef,Ground Beef Round,Ground Beef,,,,,,,,,246.21,259.0,,,248.37,$/cwt,2.4837,per lb,National,wholesale,,,,,,6057.0,lb,,2453,National Daily Boxed Beef Cutout & Boxed Beef Cuts - Negotiated Sales - PM (PDF) (LM_XB403),2026-09-26T15:00:20+00:00
7e228090692ad890,2019-02-15,Beef,"Loin, ball-tip, bnls, heavy (185B  1)",Choice Cuts,,,,Choice,,,,,253.62,275.0,,,266.05,$/cwt,2.6605,per lb,National,wholesale,,,,,,49382.0,lb,,2453,National Daily Boxed Beef Cutout & Boxed Beef Cuts - Negotiated Sales - PM (PDF) (LM_XB403),2026-09-26T15:00:20+00:00
075eb54fbd8d6069,2019-02-15,Beef,"Loin, ball-tip, bnls, heavy (185B  1)",Select Cuts,,,,Select,,,,,253.62,257.74,,,255.92,$/cwt,2.5592,per lb,National,wholesale,,,,,,1622.0,lb,,2453,National Daily Boxed Beef Cutout & Boxed Beef Cuts - Negotiated Sales - PM (PDF) (LM_XB403),2026-09-26T15:00:20+00:00
4b747f33e3c049c2,2019-02-15,Beef,"Loin, bottom sirloin, flap (185A  4)",Choice Cuts,,,,Choice,,,,,500.0,557.25,,,517.14,$/cwt,5.1714,per lb,National,wholesale,,,,,,54478.0,lb,,2453,National Daily Boxed Beef Cutout & Boxed Beef Cuts - Negotiated Sales - PM (PDF) (LM_XB403),2026-09-26T15:00:20+00:00
35ba5d940545b354,2019-02-15,Beef,"Loin, bottom sirloin, flap (185A  4)",Select Cuts,,,,Select,,,,,500.0,514.5,,,502.02,$/cwt,5.0202,per lb,National,wholesale,,,,,,10984.0,lb,,2453,National Daily Boxed Beef Cutout & Boxed Beef Cuts - Negotiated Sales - PM (PDF) (LM_XB403),2026-09-26T15:00:20+00:00
26d05d9bc8915bd8,2019-02-15,Beef,"Loin, butt tender, trimmed (191A  4)",Choice Cuts,,,,Choice,,,,,911.98,1000.0,,,935.4,$/cwt,9.354,per lb,National,wholesale,,,,,,14512.0,lb,,2453,National Daily Boxed Beef Cutout & Boxed Beef Cuts - Negotiated Sales - PM (PDF) (LM_XB403),2026-09-26T15:00:20+00:00
cf9f47821f0079a7,2019-02-15,Beef,"Loin, short loin, 0x1 (174  3)",Choice Cuts,,,,Choice,,,,,484.5,565.75,,,502.39,$/cwt,5.0239,per lb,National,wholesale,,,,,,164987.0,lb,,2453,National Daily Boxed Beef Cutout & Boxed Beef Cuts - Negotiated Sales - PM (PDF) (LM_XB403),2026-09-26T15:00:20+00:00
726c63f2585b3fc9,2019-02-15,Beef,"Loin, short loin, 0x1 (174  3)",Select Cuts,,,,Select,,,,,492.0,498.0,,,497.18,$/cwt,4.9718,per lb,National,wholesale,,,,,,11456.0,lb,,2453,National Daily Boxed Beef Cutout & Boxed Beef Cuts - Negotiated Sales - PM (PDF) (LM_XB403),2026-09-26T15:00:20+00:00
6aa94073bc2e45a6,2019-02-15,Beef,"Loin, sirloin, tri-tip (185C  1)",Choice Cuts,,,,Choice,,,,,314.5,330.0,,,326.36,$/cwt,3.2636,per lb,National,wholesale,,,,,,4138.0,lb,,2453,National Daily Boxed Beef Cutout & Boxed Beef Cuts - Negotiated Sales - PM (PDF) (LM_XB403),2026-09-26T15:00:20+00:00
ff2998cbf242d5b7,2019-02-15,Beef,"Loin, sirloin, tri-tip, pld (185D  4)",Choice Cuts,,,,Choice,,,,,442.0,467.25,,,456.11,$/cwt,4.5611,per lb,National,wholesale,,,,,,3978.0,lb,,2453,National Daily Boxed Beef Cutout & Boxed Beef Cuts - Negotiated Sales - PM (PDF) (LM_XB403),2026-09-26T15:00:20+00:00
08b39be5e939f4cc,2019-02-15,Beef,"Loin, strip, bnls, 0x1 (180  3)",Choice Cuts,,,,Choice,,,,,532.0,570.75,,,544.72,$/cwt,5.4472,per lb,National,wholesale,,,,,,70995.0,lb,,2453,National Daily Boxed Beef Cutout & Boxed Beef Cuts - Negotiated Sales - PM (PDF) (LM_XB403),2026-09-26T15:00:20+00:00
a23eea85ce6d62fb,2019-02-15,Beef,"Loin, strip, bnls, 0x1 (180  3)",Select Cuts,,,,Select,,,,,494.0,530.93,,,508.52,$/cwt,5.0852,per lb,National,wholesale,,,,,,2274.0,lb,,2453,National Daily Boxed Beef Cutout & Boxed Beef Cuts - Negotiated Sales - PM (PDF) (LM_XB403),2026-09-26T15:00:20+00:00
99123a859b97a73c,2019-02-15,Beef,"Loin, tndrloin, trmd, heavy (189A  4)",Choice Cuts,,,,Choice,,,,,981.67,1050.93,,,995.81,$/cwt,9.9581,per lb,National,wholesale,,,,,,48362.0,lb,,2453,National Daily Boxed Beef Cutout & Boxed Beef Cuts - Negotiated Sales - PM (PDF) (LM_XB403),2026-09-26T15:00:20+00:00
89d3333a0385554a,2019-02-15,Beef,"Loin, tndrloin, trmd, heavy (189A  4)",Select Cuts,,,,Select,,,,,985.23,1035.0,,,1015.82,$/cwt,10.1582,per lb,National,wholesale,,,,,,3058.0,lb,,2453,National Daily Boxed Beef Cutout & Boxed Beef Cuts - Negotiated Sales - PM (PDF) (LM_XB403),2026-09-26T15:00:20+00:00
663f4abde873ea59,2019-02-15,Beef,"Loin, top butt, CC (184B  3)",Choice Cuts,,,,Choice,,,,,474.49,530.25,,,476.7,$/cwt,4.767,per lb,National,wholesale,,,,,,83457.0,lb,,2453,National Daily Boxed Beef Cutout & Boxed Beef Cuts - Negotiated Sales - PM (PDF) (LM_XB403),2026-09-26T15:00:20+00:00
4e05616ae10b3104,2019-02-15,Beef,"Loin, top butt, bnls, heavy (184  1)",Choice Cuts,,,,Choice,,,,,350.0,370.73,,,358.66,$/cwt,3.5866,per lb,National,wholesale,,,,,,2878.0,lb,,2453,National Daily Boxed Beef Cutout & Boxed Beef Cuts - Negotiated Sales - PM (PDF) (LM_XB403),2026-09-26T15:00:20+00:00
39faee826cca4725,2019-02-15,Beef,"Loin, top butt, bnls, heavy (184  1)",Select Cuts,,,,Select,,,,,345.0,350.0,,,346.95,$/cwt,3.4695,per lb,National,wholesale,,,,,,2994.0,lb,,2453,National Daily Boxed Beef Cutout & Boxed Beef Cuts - Negotiated Sales - PM (PDF) (LM_XB403),2026-09-26T15:00:20+00:00
c99e21d7b96c8fad,2019-02-15,Beef,"Loin, top butt, boneless (184  3)",Choice Cuts,,,,Choice,,,,,345.0,377.0,,,358.52,$/cwt,3.5852,per lb,National,wholesale,,,,,,277607.0,lb,,2453,National Daily Boxed Beef Cutout & Boxed Beef Cuts - Negotiated Sales - PM (PDF) (LM_XB403),2026-09-26T15:00:20+00:00
12f39b118e247863,2019-02-15,Beef,"Loin, top butt, boneless (184  3)",Select Cuts,,,,Select,,,,,346.25,365.0,,,346.54,$/cwt,3.4654,per lb,National,wholesale,,,,,,31500.0,lb,,2453,National Daily Boxed Beef Cutout & Boxed Beef Cuts - Negotiated Sales - PM (PDF) (LM_XB403),2026-09-26T15:00:20+00:00
d2d9c0684cd44e23,2019-02-15,Beef,"Rib, ribeye, bnls, heavy (112A  3)",Choice Cuts,,,,Choice,,,,,750.0,785.0,,,766.23,$/cwt,7.6623,per lb,National,wholesale,,,,,,36253.0,lb,,2453,National Daily Boxed Beef Cutout & Boxed Beef Cuts - Negotiated Sales - PM (PDF) (LM_XB403),2026-09-26T15:00:20+00:00
56d8cb7b25b1333d,2019-02-15,Beef,"Rib, ribeye, bnls, heavy (112A  3)",Select Cuts,,,,Select,,,,,694.5,725.0,,,720.89,$/cwt,7.2089,per lb,National,wholesale,,,,,,4381.0,lb,,2453,National Daily Boxed Beef Cutout & Boxed Beef Cuts - Negotiated Sales - PM (PDF) (LM_XB403),2026-09-26T15:00:20+00:00
c5dd7c47bad57a28,2019-02-15,Beef,"Rib, ribeye, bnls, light (112A  3)",Choice Cuts,,,,Choice,,,,,764.0,807.0,,,770.26,$/cwt,7.7026,per lb,National,wholesale,,,,,,190892.0,lb,,2453,National Daily Boxed Beef Cutout & Boxed Beef Cuts - Negotiated Sales - PM (PDF) (LM_XB403),2026-09-26T15:00:20+00:00
2977c068a0ba603a,2019-02-15,Beef,"Rib, ribeye, bnls, light (112A  3)",Select Cuts,,,,Select,,,,,678.24,725.0,,,681.06,$/cwt,6.8106,per lb,National,wholesale,,,,,,98830.0,lb,,2453,National Daily Boxed Beef Cutout & Boxed Beef Cuts - Negotiated Sales - PM (PDF) (LM_XB403),2026-09-26T15:00:20+00:00
2d28ae4b063f192e,2019-02-15,Beef,"Rib, ribeye, lip-on, bn-in (109E  1)",Choice Cuts,,,,Choice,,,,,660.11,678.0,,,666.72,$/cwt,6.6672,per lb,National,wholesale,,,,,,149087.0,lb,,2453,National Daily Boxed Beef Cutout & Boxed Beef Cuts - Negotiated Sales - PM (PDF) (LM_XB403),2026-09-26T15:00:20+00:00
5c1e067b5ee96723,2019-02-15,Beef,"Round, eye of round (171C  3)",Choice Cuts,,,,Choice,,,,,267.0,282.25,,,275.91,$/cwt,2.7591,per lb,National,wholesale,,,,,,64680.0,lb,,2453,National Daily Boxed Beef Cutout & Boxed Beef Cuts - Negotiated Sales - PM (PDF) (LM_XB403),2026-09-26T15:00:20+00:00
7fe1909c557e2c5e,2019-02-15,Beef,"Round, knuckle, peeled (167A  4)",Choice Cuts,,,,Choice,,,,,240.0,266.25,,,251.27,$/cwt,2.5127,per lb,National,wholesale,,,,,,119956.0,lb,,2453,National Daily Boxed Beef Cutout & Boxed Beef Cuts - Negotiated Sales - PM (PDF) (LM_XB403),2026-09-26T15:00:20+00:00
ba65b8b05feb1b18,2019-02-15,Beef,"Round, knuckle, peeled (167A  4)",Select Cuts,,,,Select,,,,,250.0,252.47,,,250.36,$/cwt,2.5036,per lb,National,wholesale,,,,,,24298.0,lb,,2453,National Daily Boxed Beef Cutout & Boxed Beef Cuts - Negotiated Sales - PM (PDF) (LM_XB403),2026-09-26T15:00:20+00:00
b430a346cf428795,2019-02-15,Beef,"Round, outside round (171B  3)",Choice Cuts,,,,Choice,,,,,223.03,237.25,,,230.36,$/cwt,2.3036,per lb,National,wholesale,,,,,,134583.0,lb,,2453,National Daily Boxed Beef Cutout & Boxed Beef Cuts - Negotiated Sales - PM (PDF) (LM_XB403),2026-09-26T15:00:20+00:00
8853f5ff04f2c3cf,2019-02-15,Beef,"Round, outside round (171B  3)",Select Cuts,,,,Select,,,,,227.5,232.0,,,231.01,$/cwt,2.3101,per lb,National,wholesale,,,,,,12245.0,lb,,2453,National Daily Boxed Beef Cutout & Boxed Beef Cuts - Negotiated Sales - PM (PDF) (LM_XB403),2026-09-26T15:00:20+00:00
de934463e3c8bb65,2019-02-15,Beef,"Round, top inside round (168  1)",Choice Cuts,,,,Choice,,,,,220.0,221.0,,,220.75,$/cwt,2.2075,per lb,National,wholesale,,,,,,8732.0,lb,,2453,National Daily Boxed Beef Cutout & Boxed Beef Cuts - Negotiated Sales - PM (PDF) (LM_XB403),2026-09-26T15:00:20+00:00
ffa257161e2bd44c,2019-02-15,Beef,"Round, top inside round (168  3)",Choice Cuts,,,,Choice,,,,,219.79,237.0,,,227.5,$/cwt,2.275,per lb,National,wholesale,,,,,,46428.0,lb,,2453,National Daily Boxed Beef Cutout & Boxed Beef Cuts - Negotiated Sales - PM (PDF) (LM_XB403),2026-09-26T15:00:20+00:00
f00ce1302fc0e305,2019-02-15,Beef,"Round, top inside round (168  3)",Select Cuts,,,,Select,,,,,215.1,236.75,,,224.47,$/cwt,2.2447,per lb,National,wholesale,,,,,,29537.0,lb,,2453,National Daily Boxed Beef Cutout & Boxed Beef Cuts - Negotiated Sales - PM (PDF) (LM_XB403),2026-09-26T15:00:20+00:00
9c9474b6aa95d7db,2019-02-15,Beef,"Round, top inside, cap off (169A  5)",Choice Cuts,,,,Choice,,,,,290.32,316.98,,,294.5,$/cwt,2.945,per lb,National,wholesale,,,,,,40804.0,lb,,2453,National Daily Boxed Beef Cutout & Boxed Beef Cuts - Negotiated Sales - PM (PDF) (LM_XB403),2026-09-26T15:00:20+00:00
6fd5d73943a5c115,2019-02-15,Beef,"Round, top inside, denuded (169  5)",Choice Cuts,,,,Choice,,,,,242.0,257.0,,,253.05,$/cwt,2.5305,per lb,National,wholesale,,,,,,78909.0,lb,,2453,National Daily Boxed Beef Cutout & Boxed Beef Cuts - Negotiated Sales - PM (PDF) (LM_XB403),2026-09-26T15:00:20+00:00
8b3bc9801be5dfc8,2019-02-15,Beef,"Round, top inside, denuded (169  5)",Select Cuts,,,,Select,,,,,242.0,256.01,,,248.25,$/cwt,2.4825,per lb,National,wholesale,,,,,,11882.0,lb,,2453,National Daily Boxed Beef Cutout & Boxed Beef Cuts - Negotiated Sales - PM (PDF) (LM_XB403),2026-09-26T15:00:20+00:00
67bc17f6155f8a35,2019-02-15,Beef,"Short Plate, short rib (123A  3)",Choice Cuts,,,,Choice,,,,,499.74,611.75,,,578.11,$/cwt,5.7811,per lb,National,wholesale,,,,,,22248.0,lb,,2453,National Daily Boxed Beef Cutout & Boxed Beef Cuts - Negotiated Sales - PM (PDF) (LM_XB403),2026-09-26T15:00:20+00:00
2a0a1d056024a1c6,2019-02-18,Beef,"Brisket, deckle-off, bnls (120  1)",Choice Cuts,,,,Choice,,,,,266.09,290.0,,,273.23,$/cwt,2.7323,per lb,National,wholesale,,,,,,67866.0,lb,,2453,National Daily Boxed Beef Cutout & Boxed Beef Cuts - Negotiated Sales - PM (PDF) (LM_XB403),2026-09-26T15:00:20+00:00
0f3ee5282c2bb0bb,2019-02-18,Beef,"Brisket, point/off, bnls (120A  3)",Choice Cuts,,,,Choice,,,,,438.0,438.0,,,438.0,$/cwt,4.38,per lb,National,wholesale,,,,,,3050.0,lb,,2453,National Daily Boxed Beef Cutout & Boxed Beef Cuts - Negotiated Sales - PM (PDF) (LM_XB403),2026-09-26T15:00:20+00:00
a476145dfd2f3e37,2019-02-18,Beef,"Chuck, chuck tender (116B  1)",Choice Cuts,,,,Choice,,,,,235.0,251.5,,,241.21,$/cwt,2.4121,per lb,National,wholesale,,,,,,13749.0,lb,,2453,National Daily Boxed Beef Cutout & Boxed Beef Cuts - Negotiated Sales - PM (PDF) (LM_XB403),2026-09-26T15:00:20+00:00
5116e120d40270c1,2019-02-18,Beef,"Chuck, chuck tender (116B  1)",Select Cuts,,,,Select,,,,,234.0,248.76,,,238.12,$/cwt,2.3812,per lb,National,wholesale,,,,,,32945.0,lb,,2453,National Daily Boxed Beef Cutout & Boxed Beef Cuts - Negotiated Sales - PM (PDF) (LM_XB403),2026-09-26T15:00:20+00:00
570edc3fae2bfee1,2019-02-18,Beef,"Chuck, clod tender (114F  5)",Choice Cuts,,,,Choice,,,,,431.7,460.0,,,457.69,$/cwt,4.5769,per lb,National,wholesale,,,,,,5861.0,lb,,2453,National Daily Boxed Beef Cutout & Boxed Beef Cuts - Negotiated Sales - PM (PDF) (LM_XB403),2026-09-26T15:00:20+00:00
a74abc6bfea88daf,2019-02-18,Beef,"Chuck, clod tender (114F  5)",Select Cuts,,,,Select,,,,,450.0,481.76,,,463.39,$/cwt,4.6339,per lb,National,wholesale,,,,,,9465.0,lb,,2453,National Daily Boxed Beef Cutout & Boxed Beef Cuts - Negotiated Sales - PM (PDF) (LM_XB403),2026-09-26T15:00:20+00:00
556dcba82e0d1cb4,2019-02-18,Beef,"Chuck, clod, arm roast (114E  3)",Choice Cuts,,,,Choice,,,,,275.0,290.0,,,288.27,$/cwt,2.8827,per lb,National,wholesale,,,,,,12376.0,lb,,2453,National Daily Boxed Beef Cutout & Boxed Beef Cuts - Negotiated Sales - PM (PDF) (LM_XB403),2026-09-26T15:00:20+00:00
e141d1c8337fa94f,2019-02-18,Beef,"Chuck, clod, top blade (114D  3)",Choice Cuts,,,,Choice,,,,,350.37,355.48,,,354.26,$/cwt,3.5426,per lb,National,wholesale,,,,,,15284.0,lb,,2453,National Daily Boxed Beef Cutout & Boxed Beef Cuts - Negotiated Sales - PM (PDF) (LM_XB403),2026-09-26T15:00:20+00:00
0ff4532aafa74a39,2019-02-18,Beef,"Chuck, flap (116G  4)",Choice Cuts,,,,Choice,,,,,524.6,661.75,,,550.21,$/cwt,5.5021,per lb,National,wholesale,,,,,,28133.0,lb,,2453,National Daily Boxed Beef Cutout & Boxed Beef Cuts - Negotiated Sales - PM (PDF) (LM_XB403),2026-09-26T15:00:20+00:00
585024a00c6d2a84,2019-02-18,Beef,"Chuck, flap (116G  4)",Select Cuts,,,,Select,,,,,453.87,487.51,,,475.38,$/cwt,4.7538,per lb,National,wholesale,,,,,,12474.0,lb,,2453,National Daily Boxed Beef Cutout & Boxed Beef Cuts - Negotiated Sales - PM (PDF) (LM_XB403),2026-09-26T15:00:20+00:00
e45a679d978a75d8,2019-02-18,Beef,"Chuck, roll, lxl, neck/off (116A  3)",Choice Cuts,,,,Choice,,,,,273.0,298.19,,,281.09,$/cwt,2.8109,per lb,National,wholesale,,,,,,97606.0,lb,,2453,National Daily Boxed Beef Cutout & Boxed Beef Cuts - Negotiated Sales - PM (PDF) (LM_XB403),2026-09-26T15:00:20+00:00
0d3fb1073c395f45,2019-02-18,Beef,"Chuck, roll, lxl, neck/off (116A  3)",Select Cuts,,,,Select,,,,,270.0,297.0,,,280.99,$/cwt,2.8099,per lb,National,wholesale,,,,,,9751.0,lb,,2453,National Daily Boxed Beef Cutout & Boxed Beef Cuts - Negotiated Sales - PM (PDF) (LM_XB403),2026-09-26T15:00:20+00:00
39cf6d755261404e,2019-02-18,Beef,"Chuck, semi-bnls, neck/off (113C  1)",Choice Cuts,,,,Choice,,,,,229.0,244.11,,,230.18,$/cwt,2.3018,per lb,National,wholesale,,,,,,11950.0,lb,,2453,National Daily Boxed Beef Cutout & Boxed Beef Cuts - Negotiated Sales - PM (PDF) (LM_XB403),2026-09-26T15:00:20+00:00
e489d76fc9562187,2019-02-18,Beef,"Chuck, semi-bnls, neck/off (113C  1)",Select Cuts,,,,Select,,,,,227.99,240.0,,,231.45,$/cwt,2.3145,per lb,National,wholesale,,,,,,1947.0,lb,,2453,National Daily Boxed Beef Cutout & Boxed Beef Cuts - Negotiated Sales - PM (PDF) (LM_XB403),2026-09-26T15:00:20+00:00
6a5139a8c954f81e,2019-02-18,Beef,"Chuck, short rib (130  4)",Choice Cuts,,,,Choice,,,,,310.35,382.0,,,373.33,$/cwt,3.7333,per lb,National,wholesale,,,,,,31178.0,lb,,2453,National Daily Boxed Beef Cutout & Boxed Beef Cuts - Negotiated Sales - PM (PDF) (LM_XB403),2026-09-26T15:00:20+00:00
5a46f992f87da48d,2019-02-18,Beef,"Chuck, short rib (130  4)",Select Cuts,,,,Select,,,,,313.0,330.0,,,324.43,$/cwt,3.2443,per lb,National,wholesale,,,,,,2396.0,lb,,2453,National Daily Boxed Beef Cutout & Boxed Beef Cuts - Negotiated Sales - PM (PDF) (LM_XB403),2026-09-26T15:00:20+00:00
1d0eca837488404c,2019-02-18,Beef,"Chuck, shoulder clod, trmd (114A  3)",Choice Cuts,,,,Choice,,,,,217.0,234.19,,,219.55,$/cwt,2.1955,per lb,National,wholesale,,,,,,76779.0,lb,,2453,National Daily Boxed Beef Cutout & Boxed Beef Cuts - Negotiated Sales - PM (PDF) (LM_XB403),2026-09-26T15:00:20+00:00
0965edddda5c725f,2019-02-18,Beef,Cutout 600-900 lb,,,,,Select,,,,,,,,,213.0,$/cwt,2.13,per lb,National,wholesale,,,,,,,,,2453,National Daily Boxed Beef Cutout & Boxed Beef Cuts - Negotiated Sales - PM (PDF) (LM_XB403),2026-09-26T15:00:20+00:00
d6af425ebf7cab63,2019-02-18,Beef,Cutout 600-900 lb,,,,,Choice,,,,,,,,,217.39,$/cwt,2.1739,per lb,National,wholesale,,,,,,,,,2453,National Daily Boxed Beef Cutout & Boxed Beef Cuts - Negotiated Sales - PM (PDF) (LM_XB403),2026-09-26T15:00:20+00:00
a2bff923b5e2d7a0,2019-02-18,Beef,"Flank, flank steak (193  4)",Choice Cuts,,,,Choice,,,,,500.0,516.75,,,505.46,$/cwt,5.0546,per lb,National,wholesale,,,,,,12311.0,lb,,2453,National Daily Boxed Beef Cutout & Boxed Beef Cuts - Negotiated Sales - PM (PDF) (LM_XB403),2026-09-26T15:00:20+00:00
5608b5f0bf83656c,2019-02-18,Beef,Ground Beef 73%,Ground Beef,,,,,,,,,146.0,173.75,,,152.45,$/cwt,1.5245,per lb,National,wholesale,,,,,,63722.0,lb,,2453,National Daily Boxed Beef Cutout & Boxed Beef Cuts - Negotiated Sales - PM (PDF) (LM_XB403),2026-09-26T15:00:20+00:00
2d735d63270fd3e0,2019-02-18,Beef,Ground Beef 81%,Ground Beef,,,,,,,,,163.0,194.25,,,172.91,$/cwt,1.7291,per lb,National,wholesale,,,,,,184023.0,lb,,2453,National Daily Boxed Beef Cutout & Boxed Beef Cuts - Negotiated Sales - PM (PDF) (LM_XB403),2026-09-26T15:00:20+00:00
65f0881918485ac4,2019-02-18,Beef,Ground Beef Chuck,Ground Beef,,,,,,,,,178.69,203.5,,,180.61,$/cwt,1.8061,per lb,National,wholesale,,,,,,97616.0,lb,,2453,National Daily Boxed Beef Cutout & Boxed Beef Cuts - Negotiated Sales - PM (PDF) (LM_XB403),2026-09-26T15:00:20+00:00
a830273d77f5add1,2019-02-18,Beef,"Loin, ball-tip, bnls, heavy (185B  1)",Choice Cuts,,,,Choice,,,,,251.32,282.74,,,264.99,$/cwt,2.6499,per lb,National,wholesale,,,,,,68313.0,lb,,2453,National Daily Boxed Beef Cutout & Boxed Beef Cuts - Negotiated Sales - PM (PDF) (LM_XB403),2026-09-26T15:00:20+00:00
8f94924e61344a0a,2019-02-18,Beef,"Loin, bottom sirloin, flap (185A  4)",Choice Cuts,,,,Choice,,,,,505.34,554.0,,,512.53,$/cwt,5.1253,per lb,National,wholesale,,,,,,29433.0,lb,,2453,National Daily Boxed Beef Cutout & Boxed Beef Cuts - Negotiated Sales - PM (PDF) (LM_XB403),2026-09-26T15:00:20+00:00
10614fa0a6b82389,2019-02-18,Beef,"Loin, bottom sirloin, flap (185A  4)",Select Cuts,,,,Select,,,,,500.92,533.0,,,506.97,$/cwt,5.0697,per lb,National,wholesale,,,,,,7425.0,lb,,2453,National Daily Boxed Beef Cutout & Boxed Beef Cuts - Negotiated Sales - PM (PDF) (LM_XB403),2026-09-26T15:00:20+00:00
3bca1bb02afdf4c2,2019-02-18,Beef,"Loin, butt tender, trimmed (191A  4)",Choice Cuts,,,,Choice,,,,,951.53,1000.0,,,964.52,$/cwt,9.6452,per lb,National,wholesale,,,,,,4054.0,lb,,2453,National Daily Boxed Beef Cutout & Boxed Beef Cuts - Negotiated Sales - PM (PDF) (LM_XB403),2026-09-26T15:00:20+00:00
8de9ed4b3230306f,2019-02-18,Beef,"Loin, butt tender, trimmed (191A  4)",Select Cuts,,,,Select,,,,,945.6,970.42,,,964.54,$/cwt,9.6454,per lb,National,wholesale,,,,,,4564.0,lb,,2453,National Daily Boxed Beef Cutout & Boxed Beef Cuts - Negotiated Sales - PM (PDF) (LM_XB403),2026-09-26T15:00:20+00:00
cf38590c373c15eb,2019-02-18,Beef,"Loin, short loin, 0x1 (174  3)",Choice Cuts,,,,Choice,,,,,484.5,565.0,,,549.15,$/cwt,5.4915,per lb,National,wholesale,,,,,,63874.0,lb,,2453,National Daily Boxed Beef Cutout & Boxed Beef Cuts - Negotiated Sales - PM (PDF) (LM_XB403),2026-09-26T15:00:20+00:00
aa76f221475ddf4e,2019-02-18,Beef,"Loin, short loin, 0x1 (174  3)",Select Cuts,,,,Select,,,,,495.0,527.72,,,526.22,$/cwt,5.2622,per lb,National,wholesale,,,,,,48975.0,lb,,2453,National Daily Boxed Beef Cutout & Boxed Beef Cuts - Negotiated Sales - PM (PDF) (LM_XB403),2026-09-26T15:00:20+00:00
b46f5a07630ac142,2019-02-18,Beef,"Loin, sirloin, tri-tip (185C  1)",Select Cuts,,,,Select,,,,,280.0,290.37,,,288.52,$/cwt,2.8852,per lb,National,wholesale,,,,,,4413.0,lb,,2453,National Daily Boxed Beef Cutout & Boxed Beef Cuts - Negotiated Sales - PM (PDF) (LM_XB403),2026-09-26T15:00:20+00:00
d8cf0f30599aefd2,2019-02-18,Beef,"Loin, sirloin, tri-tip, pld (185D  4)",Choice Cuts,,,,Choice,,,,,436.13,476.44,,,457.22,$/cwt,4.5722,per lb,National,wholesale,,,,,,5689.0,lb,,2453,National Daily Boxed Beef Cutout & Boxed Beef Cuts - Negotiated Sales - PM (PDF) (LM_XB403),2026-09-26T15:00:20+00:00
85190e3016c23fae,2019-02-18,Beef,"Loin, strip loin bnls. 1x1 (  1)",Choice Cuts,,,,Choice,,,,,487.0,487.0,,,487.0,$/cwt,4.87,per lb,National,wholesale,,,,,,8806.0,lb,,2453,National Daily Boxed Beef Cutout & Boxed Beef Cuts - Negotiated Sales - PM (PDF) (LM_XB403),2026-09-26T15:00:20+00:00
d6fc0c8776ebe94c,2019-02-18,Beef,"Loin, strip loin, 1x1 (175  3)",Choice Cuts,,,,Choice,,,,,454.34,475.0,,,460.79,$/cwt,4.6079,per lb,National,wholesale,,,,,,82333.0,lb,,2453,National Daily Boxed Beef Cutout & Boxed Beef Cuts - Negotiated Sales - PM (PDF) (LM_XB403),2026-09-26T15:00:20+00:00
c75fe4466322d23e,2019-02-18,Beef,"Loin, strip, bnls, 0x1 (180  3)",Choice Cuts,,,,Choice,,,,,532.0,625.0,,,586.14,$/cwt,5.8614,per lb,National,wholesale,,,,,,148309.0,lb,,2453,National Daily Boxed Beef Cutout & Boxed Beef Cuts - Negotiated Sales - PM (PDF) (LM_XB403),2026-09-26T15:00:20+00:00
f31b23cf40ea62fd,2019-02-18,Beef,"Loin, strip, bnls, 0x1 (180  3)",Select Cuts,,,,Select,,,,,511.75,553.0,,,526.59,$/cwt,5.2659,per lb,National,wholesale,,,,,,17223.0,lb,,2453,National Daily Boxed Beef Cutout & Boxed Beef Cuts - Negotiated Sales - PM (PDF) (LM_XB403),2026-09-26T15:00:20+00:00
c061506538489da3,2019-02-18,Beef,"Loin, tndrloin, trmd, heavy (189A  4)",Choice Cuts,,,,Choice,,,,,990.0,1045.0,,,996.13,$/cwt,9.9613,per lb,National,wholesale,,,,,,52671.0,lb,,2453,National Daily Boxed Beef Cutout & Boxed Beef Cuts - Negotiated Sales - PM (PDF) (LM_XB403),2026-09-26T15:00:20+00:00
3c1cba3c05647fb5,2019-02-18,Beef,"Loin, tndrloin, trmd, heavy (189A  4)",Select Cuts,,,,Select,,,,,995.0,1045.0,,,1010.56,$/cwt,10.1056,per lb,National,wholesale,,,,,,4753.0,lb,,2453,National Daily Boxed Beef Cutout & Boxed Beef Cuts - Negotiated Sales - PM (PDF) (LM_XB403),2026-09-26T15:00:20+00:00
aceb102d2f1f035c,2019-02-18,Beef,"Loin, top butt, boneless (184  3)",Choice Cuts,,,,Choice,,,,,348.0,379.0,,,357.41,$/cwt,3.5741,per lb,National,wholesale,,,,,,35271.0,lb,,2453,National Daily Boxed Beef Cutout & Boxed Beef Cuts - Negotiated Sales - PM (PDF) (LM_XB403),2026-09-26T15:00:20+00:00
08edd9b8ccb0819f,2019-02-18,Beef,"Loin, top butt, boneless (184  3)",Select Cuts,,,,Select,,,,,360.75,377.37,,,365.02,$/cwt,3.6502,per lb,National,wholesale,,,,,,13946.0,lb,,2453,National Daily Boxed Beef Cutout & Boxed Beef Cuts - Negotiated Sales - PM (PDF) (LM_XB403),2026-09-26T15:00:20+00:00
5f636757ad152fa7,2019-02-18,Beef,"Rib, ribeye, bnls, heavy (112A  3)",Choice Cuts,,,,Choice,,,,,754.0,799.0,,,771.08,$/cwt,7.7108,per lb,National,wholesale,,,,,,24342.0,lb,,2453,National Daily Boxed Beef Cutout & Boxed Beef Cuts - Negotiated Sales - PM (PDF) (LM_XB403),2026-09-26T15:00:20+00:00
b81a098d58afffd5,2019-02-18,Beef,"Rib, ribeye, bnls, heavy (112A  3)",Select Cuts,,,,Select,,,,,705.0,738.42,,,728.6,$/cwt,7.286,per lb,National,wholesale,,,,,,19813.0,lb,,2453,National Daily Boxed Beef Cutout & Boxed Beef Cuts - Negotiated Sales - PM (PDF) (LM_XB403),2026-09-26T15:00:20+00:00
84c26b50d4283b06,2019-02-18,Beef,"Rib, ribeye, bnls, light (112A  3)",Choice Cuts,,,,Choice,,,,,760.34,815.5,,,783.01,$/cwt,7.8301,per lb,National,wholesale,,,,,,11046.0,lb,,2453,National Daily Boxed Beef Cutout & Boxed Beef Cuts - Negotiated Sales - PM (PDF) (LM_XB403),2026-09-26T15:00:20+00:00
a9409ea1ca4993c9,2019-02-18,Beef,"Rib, ribeye, bnls, light (112A  3)",Select Cuts,,,,Select,,,,,715.0,745.75,,,716.24,$/cwt,7.1624,per lb,National,wholesale,,,,,,53352.0,lb,,2453,National Daily Boxed Beef Cutout & Boxed Beef Cuts - Negotiated Sales - PM (PDF) (LM_XB403),2026-09-26T15:00:20+00:00
35ace6e52dcc8bcd,2019-02-18,Beef,"Rib, ribeye, lip-on, bn-in (109E  1)",Choice Cuts,,,,Choice,,,,,663.77,710.0,,,695.63,$/cwt,6.9563,per lb,National,wholesale,,,,,,11899.0,lb,,2453,National Daily Boxed Beef Cutout & Boxed Beef Cuts - Negotiated Sales - PM (PDF) (LM_XB403),2026-09-26T15:00:20+00:00
6eb066c54d94bac4,2019-02-18,Beef,"Rib, ribeye, lip-on, bn-in (109E  1)",Select Cuts,,,,Select,,,,,612.99,650.0,,,645.6,$/cwt,6.456,per lb,National,wholesale,,,,,,7561.0,lb,,2453,National Daily Boxed Beef Cutout & Boxed Beef Cuts - Negotiated Sales - PM (PDF) (LM_XB403),2026-09-26T15:00:20+00:00
0a95b9a52346a51d,2019-02-18,Beef,"Round, bottom gooseneck (170  1)",Choice Cuts,,,,Choice,,,,,195.0,221.75,,,202.35,$/cwt,2.0235,per lb,National,wholesale,,,,,,21457.0,lb,,2453,National Daily Boxed Beef Cutout & Boxed Beef Cuts - Negotiated Sales - PM (PDF) (LM_XB403),2026-09-26T15:00:20+00:00
f21236145d05e3d9,2019-02-18,Beef,"Round, bottom gooseneck (170  1)",Select Cuts,,,,Select,,,,,199.27,202.95,,,202.09,$/cwt,2.0209,per lb,National,wholesale,,,,,,2410.0,lb,,2453,National Daily Boxed Beef Cutout & Boxed Beef Cuts - Negotiated Sales - PM (PDF) (LM_XB403),2026-09-26T15:00:20+00:00
dc8d71bccfcbd383,2019-02-18,Beef,"Round, eye of round (171C  3)",Choice Cuts,,,,Choice,,,,,268.49,290.0,,,275.85,$/cwt,2.7585,per lb,National,wholesale,,,,,,60108.0,lb,,2453,National Daily Boxed Beef Cutout & Boxed Beef Cuts - Negotiated Sales - PM (PDF) (LM_XB403),2026-09-26T15:00:20+00:00
57844dc3791b77e3,2019-02-18,Beef,"Round, eye of round (171C  3)",Select Cuts,,,,Select,,,,,259.33,280.0,,,269.85,$/cwt,2.6985,per lb,National,wholesale,,,,,,24074.0,lb,,2453,National Daily Boxed Beef Cutout & Boxed Beef Cuts - Negotiated Sales - PM (PDF) (LM_XB403),2026-09-26T15:00:20+00:00
f4e306fd0a6dd7ef,2019-02-18,Beef,"Round, knuckle, peeled (167A  4)",Choice Cuts,,,,Choice,,,,,246.0,265.5,,,250.9,$/cwt,2.509,per lb,National,wholesale,,,,,,95311.0,lb,,2453,National Daily Boxed Beef Cutout & Boxed Beef Cuts - Negotiated Sales - PM (PDF) (LM_XB403),2026-09-26T15:00:20+00:00
149c135cb0370956,2019-02-18,Beef,"Round, knuckle, peeled (167A  4)",Select Cuts,,,,Select,,,,,248.15,267.0,,,253.93,$/cwt,2.5393,per lb,National,wholesale,,,,,,37535.0,lb,,2453,National Daily Boxed Beef Cutout & Boxed Beef Cuts - Negotiated Sales - PM (PDF) (LM_XB403),2026-09-26T15:00:20+00:00
1f35cdc07bac149a,2019-02-18,Beef,"Round, outside round (171B  3)",Choice Cuts,,,,Choice,,,,,225.0,239.61,,,232.83,$/cwt,2.3283,per lb,National,wholesale,,,,,,104494.0,lb,,2453,National Daily Boxed Beef Cutout & Boxed Beef Cuts - Negotiated Sales - PM (PDF) (LM_XB403),2026-09-26T15:00:20+00:00
a0bd9a5a952873f9,2019-02-18,Beef,"Round, outside round (171B  3)",Select Cuts,,,,Select,,,,,228.85,238.29,,,231.92,$/cwt,2.3192,per lb,National,wholesale,,,,,,20297.0,lb,,2453,National Daily Boxed Beef Cutout & Boxed Beef Cuts - Negotiated Sales - PM (PDF) (LM_XB403),2026-09-26T15:00:20+00:00
f07a52906bd52f0b,2019-02-18,Beef,"Round, top inside round (168  1)",Choice Cuts,,,,Choice,,,,,212.0,224.18,,,215.54,$/cwt,2.1554,per lb,National,wholesale,,,,,,19475.0,lb,,2453,National Daily Boxed Beef Cutout & Boxed Beef Cuts - Negotiated Sales - PM (PDF) (LM_XB403),2026-09-26T15:00:20+00:00
1f6ad75eeed91518,2019-02-18,Beef,"Round, top inside round (168  3)",Choice Cuts,,,,Choice,,,,,211.3,239.0,,,217.76,$/cwt,2.1776,per lb,National,wholesale,,,,,,163978.0,lb,,2453,National Daily Boxed Beef Cutout & Boxed Beef Cuts - Negotiated Sales - PM (PDF) (LM_XB403),2026-09-26T15:00:20+00:00
ebd453e9e508a6ca,2019-02-18,Beef,"Round, top inside round (168  3)",Select Cuts,,,,Select,,,,,217.0,232.0,,,221.25,$/cwt,2.2125,per lb,National,wholesale,,,,,,26232.0,lb,,2453,National Daily Boxed Beef Cutout & Boxed Beef Cuts - Negotiated Sales - PM (PDF) (LM_XB403),2026-09-26T15:00:20+00:00
40dec94a1ed6a8e4,2019-02-18,Beef,"Round, top inside, cap off (169A  5)",Choice Cuts,,,,Choice,,,,,286.0,321.74,,,309.72,$/cwt,3.0972,per lb,National,wholesale,,,,,,24830.0,lb,,2453,National Daily Boxed Beef Cutout & Boxed Beef Cuts - Negotiated Sales - PM (PDF) (LM_XB403),2026-09-26T15:00:20+00:00
81dc1ed589c9283d,2019-02-18,Beef,"Round, top inside, denuded (169  5)",Choice Cuts,,,,Choice,,,,,238.0,277.11,,,252.81,$/cwt,2.5281,per lb,National,wholesale,,,,,,20149.0,lb,,2453,National Daily Boxed Beef Cutout & Boxed Beef Cuts - Negotiated Sales - PM (PDF) (LM_XB403),2026-09-26T15:00:20+00:00
7812c798c0c81e81,2019-02-18,Beef,"Round, top inside, denuded (169  5)",Select Cuts,,,,Select,,,,,235.0,274.0,,,262.31,$/cwt,2.6231,per lb,National,wholesale,,,,,,5431.0,lb,,2453,National Daily Boxed Beef Cutout & Boxed Beef Cuts - Negotiated Sales - PM (PDF) (LM_XB403),2026-09-26T15:00:20+00:00
9d0102a1ebfe3c6a,2019-02-18,Beef,"Short Plate, short rib (123A  3)",Choice Cuts,,,,Choice,,,,,564.84,596.75,,,576.24,$/cwt,5.7624,per lb,National,wholesale,,,,,,29855.0,lb,,2453,National Daily Boxed Beef Cutout & Boxed Beef Cuts - Negotiated Sales - PM (PDF) (LM_XB403),2026-09-26T15:00:20+00:00
fef5b21067744d47,2019-02-19,Beef,"Brisket, deckle-off, bnls (120  1)",Choice Cuts,,,,Choice,,,,,268.3,291.14,,,273.89,$/cwt,2.7389,per lb,National,wholesale,,,,,,97002.0,lb,,2453,National Daily Boxed Beef Cutout & Boxed Beef Cuts - Negotiated Sales - PM (PDF) (LM_XB403),2026-09-26T15:00:20+00:00
78f5c87244283062,2019-02-19,Beef,"Brisket, deckle-off, bnls (120  1)",Select Cuts,,,,Select,,,,,260.69,281.0,,,265.22,$/cwt,2.6522,per lb,National,wholesale,,,,,,195072.0,lb,,2453,National Daily Boxed Beef Cutout & Boxed Beef Cuts - Negotiated Sales - PM (PDF) (LM_XB403),2026-09-26T15:00:20+00:00
4cb460effa087db6,2019-02-19,Beef,"Brisket, point/off, bnls (120A  3)",Choice Cuts,,,,Choice,,,,,429.5,465.0,,,431.65,$/cwt,4.3165,per lb,National,wholesale,,,,,,45494.0,lb,,2453,National Daily Boxed Beef Cutout & Boxed Beef Cuts - Negotiated Sales - PM (PDF) (LM_XB403),2026-09-26T15:00:20+00:00
68f1879a88bd903a,2019-02-19,Beef,"Chuck, chuck tender (116B  1)",Choice Cuts,,,,Choice,,,,,224.0,252.0,,,240.69,$/cwt,2.4069,per lb,National,wholesale,,,,,,50725.0,lb,,2453,National Daily Boxed Beef Cutout & Boxed Beef Cuts - Negotiated Sales - PM (PDF) (LM_XB403),2026-09-26T15:00:20+00:00
e296b8203cce371a,2019-02-19,Beef,"Chuck, chuck tender (116B  1)",Select Cuts,,,,Select,,,,,239.5,252.0,,,244.07,$/cwt,2.4407,per lb,National,wholesale,,,,,,23928.0,lb,,2453,National Daily Boxed Beef Cutout & Boxed Beef Cuts - Negotiated Sales - PM (PDF) (LM_XB403),2026-09-26T15:00:20+00:00
7f283fb6ba2a584b,2019-02-19,Beef,"Chuck, clod tender (114F  5)",Select Cuts,,,,Select,,,,,460.0,479.45,,,473.82,$/cwt,4.7382,per lb,National,wholesale,,,,,,6951.0,lb,,2453,National Daily Boxed Beef Cutout & Boxed Beef Cuts - Negotiated Sales - PM (PDF) (LM_XB403),2026-09-26T15:00:20+00:00
db72a66070cf0590,2019-02-19,Beef,"Chuck, clod, arm roast (114E  3)",Choice Cuts,,,,Choice,,,,,272.25,300.0,,,283.83,$/cwt,2.8383,per lb,National,wholesale,,,,,,9429.0,lb,,2453,National Daily Boxed Beef Cutout & Boxed Beef Cuts - Negotiated Sales - PM (PDF) (LM_XB403),2026-09-26T15:00:20+00:00
67bbb132f2f55fc3,2019-02-19,Beef,"Chuck, clod, top blade (114D  3)",Choice Cuts,,,,Choice,,,,,326.58,352.62,,,343.17,$/cwt,3.4317,per lb,National,wholesale,,,,,,8063.0,lb,,2453,National Daily Boxed Beef Cutout & Boxed Beef Cuts - Negotiated Sales - PM (PDF) (LM_XB403),2026-09-26T15:00:20+00:00
4f028a40cfdf54f1,2019-02-19,Beef,"Chuck, flap (116G  4)",Choice Cuts,,,,Choice,,,,,521.72,588.51,,,537.88,$/cwt,5.3788,per lb,National,wholesale,,,,,,23138.0,lb,,2453,National Daily Boxed Beef Cutout & Boxed Beef Cuts - Negotiated Sales - PM (PDF) (LM_XB403),2026-09-26T15:00:20+00:00
51d61cb55e11e0b7,2019-02-19,Beef,"Chuck, flap (116G  4)",Select Cuts,,,,Select,,,,,479.03,486.66,,,483.21,$/cwt,4.8321,per lb,National,wholesale,,,,,,15026.0,lb,,2453,National Daily Boxed Beef Cutout & Boxed Beef Cuts - Negotiated Sales - PM (PDF) (LM_XB403),2026-09-26T15:00:20+00:00
f00cd82ea65338a9,2019-02-19,Beef,"Chuck, roll, lxl, neck/off (116A  3)",Choice Cuts,,,,Choice,,,,,267.0,297.25,,,274.06,$/cwt,2.7406,per lb,National,wholesale,,,,,,268390.0,lb,,2453,National Daily Boxed Beef Cutout & Boxed Beef Cuts - Negotiated Sales - PM (PDF) (LM_XB403),2026-09-26T15:00:20+00:00
eef3bbe39e999182,2019-02-19,Beef,"Chuck, roll, lxl, neck/off (116A  3)",Select Cuts,,,,Select,,,,,267.0,295.3,,,270.87,$/cwt,2.7087,per lb,National,wholesale,,,,,,48415.0,lb,,2453,National Daily Boxed Beef Cutout & Boxed Beef Cuts - Negotiated Sales - PM (PDF) (LM_XB403),2026-09-26T15:00:20+00:00
e5e32a4fc493821b,2019-02-19,Beef,"Chuck, roll, retail ready (916A  3)",Choice Cuts,,,,Choice,,,,,302.0,315.0,,,307.03,$/cwt,3.0703,per lb,National,wholesale,,,,,,34071.0,lb,,2453,National Daily Boxed Beef Cutout & Boxed Beef Cuts - Negotiated Sales - PM (PDF) (LM_XB403),2026-09-26T15:00:20+00:00
81f0b37dc634cbf3,2019-02-19,Beef,"Chuck, semi-bnls, neck/off (113C  1)",Choice Cuts,,,,Choice,,,,,230.0,251.0,,,234.46,$/cwt,2.3446,per lb,National,wholesale,,,,,,17035.0,lb,,2453,National Daily Boxed Beef Cutout & Boxed Beef Cuts - Negotiated Sales - PM (PDF) (LM_XB403),2026-09-26T15:00:20+00:00
6a52751970fb0a6f,2019-02-19,Beef,"Chuck, short rib (130  4)",Choice Cuts,,,,Choice,,,,,309.06,380.0,,,331.66,$/cwt,3.3166,per lb,National,wholesale,,,,,,43554.0,lb,,2453,National Daily Boxed Beef Cutout & Boxed Beef Cuts - Negotiated Sales - PM (PDF) (LM_XB403),2026-09-26T15:00:20+00:00
edef79694bbf18eb,2019-02-19,Beef,"Chuck, short rib (130  4)",Select Cuts,,,,Select,,,,,310.04,320.0,,,310.89,$/cwt,3.1089,per lb,National,wholesale,,,,,,5734.0,lb,,2453,National Daily Boxed Beef Cutout & Boxed Beef Cuts - Negotiated Sales - PM (PDF) (LM_XB403),2026-09-26T15:00:20+00:00
c8a6054de966bc54,2019-02-19,Beef,"Chuck, shoulder clod (114  1)",Choice Cuts,,,,Choice,,,,,205.0,217.5,,,209.37,$/cwt,2.0937,per lb,National,wholesale,,,,,,28348.0,lb,,2453,National Daily Boxed Beef Cutout & Boxed Beef Cuts - Negotiated Sales - PM (PDF) (LM_XB403),2026-09-26T15:00:20+00:00
0a30448da8c36a90,2019-02-19,Beef,"Chuck, shoulder clod, trmd (114A  3)",Choice Cuts,,,,Choice,,,,,212.7,231.35,,,216.96,$/cwt,2.1696,per lb,National,wholesale,,,,,,378601.0,lb,,2453,National Daily Boxed Beef Cutout & Boxed Beef Cuts - Negotiated Sales - PM (PDF) (LM_XB403),2026-09-26T15:00:20+00:00
8e8c1d2a59d71613,2019-02-19,Beef,"Chuck, shoulder clod, trmd (114A  3)",Select Cuts,,,,Select,,,,,217.0,230.51,,,223.03,$/cwt,2.2303,per lb,National,wholesale,,,,,,1756.0,lb,,2453,National Daily Boxed Beef Cutout & Boxed Beef Cuts - Negotiated Sales - PM (PDF) (LM_XB403),2026-09-26T15:00:20+00:00
3d66f3fed59f3c9a,2019-02-19,Beef,Cutout 600-900 lb,,,,,Choice,,,,,,,,,217.27,$/cwt,2.1727,per lb,National,wholesale,,,,,,,,,2453,National Daily Boxed Beef Cutout & Boxed Beef Cuts - Negotiated Sales - PM (PDF) (LM_XB403),2026-09-26T15:00:20+00:00
64e41c024bbcaacb,2019-02-19,Beef,Cutout 600-900 lb,,,,,Select,,,,,,,,,213.54,$/cwt,2.1354,per lb,National,wholesale,,,,,,,,,2453,National Daily Boxed Beef Cutout & Boxed Beef Cuts - Negotiated Sales - PM (PDF) (LM_XB403),2026-09-26T15:00:20+00:00
aaba5e968b952cf0,2019-02-19,Beef,"Flank, flank steak (193  4)",Choice Cuts,,,,Choice,,,,,500.0,536.5,,,504.01,$/cwt,5.0401,per lb,National,wholesale,,,,,,40467.0,lb,,2453,National Daily Boxed Beef Cutout & Boxed Beef Cuts - Negotiated Sales - PM (PDF) (LM_XB403),2026-09-26T15:00:20+00:00
c3254e2b9488f2f6,2019-02-19,Beef,"Flank, flank steak (193  4)",Select Cuts,,,,Select,,,,,494.15,510.0,,,500.47,$/cwt,5.0047,per lb,National,wholesale,,,,,,13100.0,lb,,2453,National Daily Boxed Beef Cutout & Boxed Beef Cuts - Negotiated Sales - PM (PDF) (LM_XB403),2026-09-26T15:00:20+00:00
7a9c50545d04aaba,2019-02-19,Beef,Ground Beef 73%,Ground Beef,,,,,,,,,145.0,170.0,,,154.51,$/cwt,1.5451,per lb,National,wholesale,,,,,,36948.0,lb,,2453,National Daily Boxed Beef Cutout & Boxed Beef Cuts - Negotiated Sales - PM (PDF) (LM_XB403),2026-09-26T15:00:20+00:00
c528f4c89c5fba39,2019-02-19,Beef,Ground Beef 81%,Ground Beef,,,,,,,,,156.72,196.0,,,176.98,$/cwt,1.7698,per lb,National,wholesale,,,,,,123579.0,lb,,2453,National Daily Boxed Beef Cutout & Boxed Beef Cuts - Negotiated Sales - PM (PDF) (LM_XB403),2026-09-26T15:00:20+00:00
c287209d7035a03d,2019-02-19,Beef,Ground Beef 93%,Ground Beef,,,,,,,,,293.09,308.06,,,301.11,$/cwt,3.0111,per lb,National,wholesale,,,,,,9188.0,lb,,2453,National Daily Boxed Beef Cutout & Boxed Beef Cuts - Negotiated Sales - PM (PDF) (LM_XB403),2026-09-26T15:00:20+00:00
61c565dea4aadbb4,2019-02-19,Beef,Ground Beef Chuck,Ground Beef,,,,,,,,,178.0,199.0,,,187.97,$/cwt,1.8797,per lb,National,wholesale,,,,,,38858.0,lb,,2453,National Daily Boxed Beef Cutout & Boxed Beef Cuts - Negotiated Sales - PM (PDF) (LM_XB403),2026-09-26T15:00:20+00:00
2cb0d4c09ae9a399,2019-02-19,Beef,Ground Beef Round,Ground Beef,,,,,,,,,253.14,261.0,,,257.72,$/cwt,2.5772,per lb,National,wholesale,,,,,,3142.0,lb,,2453,National Daily Boxed Beef Cutout & Boxed Beef Cuts - Negotiated Sales - PM (PDF) (LM_XB403),2026-09-26T15:00:20+00:00
c3db67c73ff1a35e,2019-02-19,Beef,"Loin, ball-tip, bnls, heavy (185B  1)",Choice Cuts,,,,Choice,,,,,259.11,283.7,,,274.75,$/cwt,2.7475,per lb,National,wholesale,,,,,,77465.0,lb,,2453,National Daily Boxed Beef Cutout & Boxed Beef Cuts - Negotiated Sales - PM (PDF) (LM_XB403),2026-09-26T15:00:20+00:00
2d525edbf255ff17,2019-02-19,Beef,"Loin, ball-tip, bnls, heavy (185B  1)",Select Cuts,,,,Select,,,,,270.0,276.0,,,275.99,$/cwt,2.7599,per lb,National,wholesale,,,,,,26799.0,lb,,2453,National Daily Boxed Beef Cutout & Boxed Beef Cuts - Negotiated Sales - PM (PDF) (LM_XB403),2026-09-26T15:00:20+00:00
854a5bcd9ee6812c,2019-02-19,Beef,"Loin, bottom sirloin, flap (185A  4)",Choice Cuts,,,,Choice,,,,,499.26,569.25,,,513.99,$/cwt,5.1399,per lb,National,wholesale,,,,,,39406.0,lb,,2453,National Daily Boxed Beef Cutout & Boxed Beef Cuts - Negotiated Sales - PM (PDF) (LM_XB403),2026-09-26T15:00:20+00:00
38c09f28175e5bf0,2019-02-19,Beef,"Loin, bottom sirloin, flap (185A  4)",Select Cuts,,,,Select,,,,,480.0,545.0,,,484.15,$/cwt,4.8415,per lb,National,wholesale,,,,,,90359.0,lb,,2453,National Daily Boxed Beef Cutout & Boxed Beef Cuts - Negotiated Sales - PM (PDF) (LM_XB403),2026-09-26T15:00:20+00:00
8cd6d97155e64526,2019-02-19,Beef,"Loin, butt tender, trimmed (191A  4)",Choice Cuts,,,,Choice,,,,,962.15,985.51,,,969.72,$/cwt,9.6972,per lb,National,wholesale,,,,,,1528.0,lb,,2453,National Daily Boxed Beef Cutout & Boxed Beef Cuts - Negotiated Sales - PM (PDF) (LM_XB403),2026-09-26T15:00:20+00:00
e237d9fc1c16dce5,2019-02-19,Beef,"Loin, short loin, 0x1 (174  3)",Choice Cuts,,,,Choice,,,,,500.61,555.25,,,540.81,$/cwt,5.4081,per lb,National,wholesale,,,,,,57820.0,lb,,2453,National Daily Boxed Beef Cutout & Boxed Beef Cuts - Negotiated Sales - PM (PDF) (LM_XB403),2026-09-26T15:00:20+00:00
96d424a7bdbd1b89,2019-02-19,Beef,"Loin, short loin, 0x1 (174  3)",Select Cuts,,,,Select,,,,,486.0,526.35,,,490.51,$/cwt,4.9051,per lb,National,wholesale,,,,,,47344.0,lb,,2453,National Daily Boxed Beef Cutout & Boxed Beef Cuts - Negotiated Sales - PM (PDF) (LM_XB403),2026-09-26T15:00:20+00:00
453a698dcdd317f7,2019-02-19,Beef,"Loin, sirloin, tri-tip (185C  1)",Choice Cuts,,,,Choice,,,,,319.0,352.0,,,324.79,$/cwt,3.2479,per lb,National,wholesale,,,,,,40833.0,lb,,2453,National Daily Boxed Beef Cutout & Boxed Beef Cuts - Negotiated Sales - PM (PDF) (LM_XB403),2026-09-26T15:00:20+00:00
3fbcc048ce00420c,2019-02-19,Beef,"Loin, sirloin, tri-tip (185C  1)",Select Cuts,,,,Select,,,,,260.0,290.75,,,273.6,$/cwt,2.736,per lb,National,wholesale,,,,,,13502.0,lb,,2453,National Daily Boxed Beef Cutout & Boxed Beef Cuts - Negotiated Sales - PM (PDF) (LM_XB403),2026-09-26T15:00:20+00:00
a42d0d3db501518e,2019-02-19,Beef,"Loin, sirloin, tri-tip, pld (185D  4)",Choice Cuts,,,,Choice,,,,,450.75,476.67,,,467.76,$/cwt,4.6776,per lb,National,wholesale,,,,,,13298.0,lb,,2453,National Daily Boxed Beef Cutout & Boxed Beef Cuts - Negotiated Sales - PM (PDF) (LM_XB403),2026-09-26T15:00:20+00:00
6cf6698c0ebf137c,2019-02-19,Beef,"Loin, strip loin, 1x1 (175  3)",Choice Cuts,,,,Choice,,,,,472.0,495.75,,,473.62,$/cwt,4.7362,per lb,National,wholesale,,,,,,67388.0,lb,,2453,National Daily Boxed Beef Cutout & Boxed Beef Cuts - Negotiated Sales - PM (PDF) (LM_XB403),2026-09-26T15:00:20+00:00
acb5e244bf8c31d5,2019-02-19,Beef,"Loin, strip, bnls, 0x1 (180  3)",Choice Cuts,,,,Choice,,,,,532.0,615.0,,,565.86,$/cwt,5.6586,per lb,National,wholesale,,,,,,149180.0,lb,,2453,National Daily Boxed Beef Cutout & Boxed Beef Cuts - Negotiated Sales - PM (PDF) (LM_XB403),2026-09-26T15:00:20+00:00
4bab367881aa6334,2019-02-19,Beef,"Loin, strip, bnls, 0x1 (180  3)",Select Cuts,,,,Select,,,,,500.0,541.45,,,523.62,$/cwt,5.2362,per lb,National,wholesale,,,,,,58492.0,lb,,2453,National Daily Boxed Beef Cutout & Boxed Beef Cuts - Negotiated Sales - PM (PDF) (LM_XB403),2026-09-26T15:00:20+00:00
51ecf2079cd31eb8,2019-02-19,Beef,"Loin, tndrloin, trmd, heavy (189A  4)",Choice Cuts,,,,Choice,,,,,983.92,1136.5,,,993.01,$/cwt,9.9301,per lb,National,wholesale,,,,,,231462.0,lb,,2453,National Daily Boxed Beef Cutout & Boxed Beef Cuts - Negotiated Sales - PM (PDF) (LM_XB403),2026-09-26T15:00:20+00:00
d58f4e6ee9b4bed5,2019-02-19,Beef,"Loin, tndrloin, trmd, heavy (189A  4)",Select Cuts,,,,Select,,,,,984.11,1096.0,,,998.71,$/cwt,9.9871,per lb,National,wholesale,,,,,,6262.0,lb,,2453,National Daily Boxed Beef Cutout & Boxed Beef Cuts - Negotiated Sales - PM (PDF) (LM_XB403),2026-09-26T15:00:20+00:00
46a92c71988138d3,2019-02-19,Beef,"Loin, top butt, CC (184B  3)",Choice Cuts,,,,Choice,,,,,470.0,535.0,,,473.53,$/cwt,4.7353,per lb,National,wholesale,,,,,,101297.0,lb,,2453,National Daily Boxed Beef Cutout & Boxed Beef Cuts - Negotiated Sales - PM (PDF) (LM_XB403),2026-09-26T15:00:20+00:00
49173f60d9c5b7d3,2019-02-19,Beef,"Loin, top butt, boneless (184  3)",Choice Cuts,,,,Choice,,,,,344.28,375.0,,,347.99,$/cwt,3.4799,per lb,National,wholesale,,,,,,98295.0,lb,,2453,National Daily Boxed Beef Cutout & Boxed Beef Cuts - Negotiated Sales - PM (PDF) (LM_XB403),2026-09-26T15:00:20+00:00
08b800d4a68596cd,2019-02-19,Beef,"Loin, top butt, boneless (184  3)",Select Cuts,,,,Select,,,,,344.28,368.26,,,350.59,$/cwt,3.5059,per lb,National,wholesale,,,,,,14955.0,lb,,2453,National Daily Boxed Beef Cutout & Boxed Beef Cuts - Negotiated Sales - PM (PDF) (LM_XB403),2026-09-26T15:00:20+00:00
a77cbc6925beb35f,2019-02-19,Beef,"Rib, ribeye, bnls, heavy (112A  3)",Choice Cuts,,,,Choice,,,,,755.0,794.15,,,760.87,$/cwt,7.6087,per lb,National,wholesale,,,,,,86476.0,lb,,2453,National Daily Boxed Beef Cutout & Boxed Beef Cuts - Negotiated Sales - PM (PDF) (LM_XB403),2026-09-26T15:00:20+00:00
5c258407593a197c,2019-02-19,Beef,"Rib, ribeye, bnls, heavy (112A  3)",Select Cuts,,,,Select,,,,,684.5,731.5,,,710.68,$/cwt,7.1068,per lb,National,wholesale,,,,,,24549.0,lb,,2453,National Daily Boxed Beef Cutout & Boxed Beef Cuts - Negotiated Sales - PM (PDF) (LM_XB403),2026-09-26T15:00:20+00:00
0da256b76b0b8bee,2019-02-19,Beef,"Rib, ribeye, bnls, light (112A  3)",Choice Cuts,,,,Choice,,,,,765.0,796.75,,,768.9,$/cwt,7.689,per lb,National,wholesale,,,,,,211650.0,lb,,2453,National Daily Boxed Beef Cutout & Boxed Beef Cuts - Negotiated Sales - PM (PDF) (LM_XB403),2026-09-26T15:00:20+00:00
8dcbcb3afc64fd06,2019-02-19,Beef,"Rib, ribeye, bnls, light (112A  3)",Select Cuts,,,,Select,,,,,680.02,734.25,,,696.98,$/cwt,6.9698,per lb,National,wholesale,,,,,,51251.0,lb,,2453,National Daily Boxed Beef Cutout & Boxed Beef Cuts - Negotiated Sales - PM (PDF) (LM_XB403),2026-09-26T15:00:20+00:00
a87928bad5358f6d,2019-02-19,Beef,"Rib, ribeye, lip-on, bn-in (109E  1)",Choice Cuts,,,,Choice,,,,,669.11,710.25,,,696.1,$/cwt,6.961,per lb,National,wholesale,,,,,,18351.0,lb,,2453,National Daily Boxed Beef Cutout & Boxed Beef Cuts - Negotiated Sales - PM (PDF) (LM_XB403),2026-09-26T15:00:20+00:00
c836a9c8865ddb2d,2019-02-19,Beef,"Rib, ribeye, lip-on, bn-in (109E  1)",Select Cuts,,,,Select,,,,,600.29,655.0,,,629.7,$/cwt,6.297,per lb,National,wholesale,,,,,,14251.0,lb,,2453,National Daily Boxed Beef Cutout & Boxed Beef Cuts - Negotiated Sales - PM (PDF) (LM_XB403),2026-09-26T15:00:20+00:00
7e2c84899ea3cbc7,2019-02-19,Beef,"Round, bottom gooseneck (170  1)",Choice Cuts,,,,Choice,,,,,205.98,223.25,,,214.23,$/cwt,2.1423,per lb,National,wholesale,,,,,,1357.0,lb,,2453,National Daily Boxed Beef Cutout & Boxed Beef Cuts - Negotiated Sales - PM (PDF) (LM_XB403),2026-09-26T15:00:20+00:00
98d3ef0d9211e9e5,2019-02-19,Beef,"Round, eye of round (171C  3)",Choice Cuts,,,,Choice,,,,,274.11,291.0,,,276.78,$/cwt,2.7678,per lb,National,wholesale,,,,,,59496.0,lb,,2453,National Daily Boxed Beef Cutout & Boxed Beef Cuts - Negotiated Sales - PM (PDF) (LM_XB403),2026-09-26T15:00:20+00:00
5984b7c2eed51b22,2019-02-19,Beef,"Round, eye of round (171C  3)",Select Cuts,,,,Select,,,,,275.0,285.3,,,280.01,$/cwt,2.8001,per lb,National,wholesale,,,,,,6160.0,lb,,2453,National Daily Boxed Beef Cutout & Boxed Beef Cuts - Negotiated Sales - PM (PDF) (LM_XB403),2026-09-26T15:00:20+00:00
21fdd453c99f4e55,2019-02-19,Beef,"Round, knuckle, peeled (167A  4)",Choice Cuts,,,,Choice,,,,,244.03,281.0,,,246.51,$/cwt,2.4651,per lb,National,wholesale,,,,,,354046.0,lb,,2453,National Daily Boxed Beef Cutout & Boxed Beef Cuts - Negotiated Sales - PM (PDF) (LM_XB403),2026-09-26T15:00:20+00:00
f7bd3051806480c5,2019-02-19,Beef,"Round, knuckle, peeled (167A  4)",Select Cuts,,,,Select,,,,,246.0,264.25,,,251.59,$/cwt,2.5159,per lb,National,wholesale,,,,,,19778.0,lb,,2453,National Daily Boxed Beef Cutout & Boxed Beef Cuts - Negotiated Sales - PM (PDF) (LM_XB403),2026-09-26T15:00:20+00:00
d334e927e344bedb,2019-02-19,Beef,"Round, outside round (171B  3)",Choice Cuts,,,,Choice,,,,,225.0,242.75,,,232.4,$/cwt,2.324,per lb,National,wholesale,,,,,,144624.0,lb,,2453,National Daily Boxed Beef Cutout & Boxed Beef Cuts - Negotiated Sales - PM (PDF) (LM_XB403),2026-09-26T15:00:20+00:00
e92e8acd2ddb8ac6,2019-02-19,Beef,"Round, outside round (171B  3)",Select Cuts,,,,Select,,,,,222.0,238.23,,,235.33,$/cwt,2.3533,per lb,National,wholesale,,,,,,53361.0,lb,,2453,National Daily Boxed Beef Cutout & Boxed Beef Cuts - Negotiated Sales - PM (PDF) (LM_XB403),2026-09-26T15:00:20+00:00
cf45c63292a433a3,2019-02-19,Beef,"Round, top inside round (168  1)",Choice Cuts,,,,Choice,,,,,208.0,223.82,,,209.94,$/cwt,2.0994,per lb,National,wholesale,,,,,,175228.0,lb,,2453,National Daily Boxed Beef Cutout & Boxed Beef Cuts - Negotiated Sales - PM (PDF) (LM_XB403),2026-09-26T15:00:20+00:00
028ebf5962a5c01c,2019-02-19,Beef,"Round, top inside round (168  1)",Select Cuts,,,,Select,,,,,221.11,225.02,,,221.47,$/cwt,2.2147,per lb,National,wholesale,,,,,,5704.0,lb,,2453,National Daily Boxed Beef Cutout & Boxed Beef Cuts - Negotiated Sales - PM (PDF) (LM_XB403),2026-09-26T15:00:20+00:00
aa7f9835efc6692b,2019-02-19,Beef,"Round, top inside round (168  3)",Choice Cuts,,,,Choice,,,,,214.0,237.25,,,217.06,$/cwt,2.1706,per lb,National,wholesale,,,,,,301798.0,lb,,2453,National Daily Boxed Beef Cutout & Boxed Beef Cuts - Negotiated Sales - PM (PDF) (LM_XB403),2026-09-26T15:00:20+00:00
086297f0470b4318,2019-02-19,Beef,"Round, top inside round (168  3)",Select Cuts,,,,Select,,,,,217.34,230.3,,,226.77,$/cwt,2.2677,per lb,National,wholesale,,,,,,11721.0,lb,,2453,National Daily Boxed Beef Cutout & Boxed Beef Cuts - Negotiated Sales - PM (PDF) (LM_XB403),2026-09-26T15:00:20+00:00
105e1a7f089c489a,2019-02-19,Beef,"Round, top inside, cap off (169A  5)",Choice Cuts,,,,Choice,,,,,275.28,317.24,,,285.32,$/cwt,2.8532,per lb,National,wholesale,,,,,,33288.0,lb,,2453,National Daily Boxed Beef Cutout & Boxed Beef Cuts - Negotiated Sales - PM (PDF) (LM_XB403),2026-09-26T15:00:20+00:00
1a754920e8691cc0,2019-02-19,Beef,"Round, top inside, denuded (169  5)",Choice Cuts,,,,Choice,,,,,235.0,271.0,,,251.62,$/cwt,2.5162,per lb,National,wholesale,,,,,,52241.0,lb,,2453,National Daily Boxed Beef Cutout & Boxed Beef Cuts - Negotiated Sales - PM (PDF) (LM_XB403),2026-09-26T15:00:20+00:00
9fbde9cc5b035fba,2019-02-19,Beef,"Short Plate, short rib (123A  3)",Choice Cuts,,,,Choice,,,,,500.64,599.49,,,531.32,$/cwt,5.3132,per lb,National,wholesale,,,,,,21450.0,lb,,2453,National Daily Boxed Beef Cutout & Boxed Beef Cuts - Negotiated Sales - PM (PDF) (LM_XB403),2026-09-26T15:00:20+00:00
f03dd72fc65b3079,2019-02-20,Beef,"Brisket, deckle-off, bnls (120  1)",Choice Cuts,,,,Choice,,,,,252.0,291.0,,,262.99,$/cwt,2.6299,per lb,National,wholesale,,,,,,375350.0,lb,,2453,National Daily Boxed Beef Cutout & Boxed Beef Cuts - Negotiated Sales - PM (PDF) (LM_XB403),2026-09-26T15:00:20+00:00
53e999a7ff5888d4,2019-02-20,Beef,"Brisket, deckle-off, bnls (120  1)",Select Cuts,,,,Select,,,,,251.54,280.0,,,257.92,$/cwt,2.5792,per lb,National,wholesale,,,,,,119410.0,lb,,2453,National Daily Boxed Beef Cutout & Boxed Beef Cuts - Negotiated Sales - PM (PDF) (LM_XB403),2026-09-26T15:00:20+00:00
34a709f596636318,2019-02-20,Beef,"Brisket, point/off, bnls (120A  3)",Choice Cuts,,,,Choice,,,,,445.0,482.25,,,450.22,$/cwt,4.5022,per lb,National,wholesale,,,,,,5280.0,lb,,2453,National Daily Boxed Beef Cutout & Boxed Beef Cuts - Negotiated Sales - PM (PDF) (LM_XB403),2026-09-26T15:00:20+00:00
76d703aaa63c66be,2019-02-20,Beef,"Chuck, chuck tender (116B  1)",Choice Cuts,,,,Choice,,,,,235.72,256.0,,,243.85,$/cwt,2.4385,per lb,National,wholesale,,,,,,71140.0,lb,,2453,National Daily Boxed Beef Cutout & Boxed Beef Cuts - Negotiated Sales - PM (PDF) (LM_XB403),2026-09-26T15:00:20+00:00
cca10af2f5299652,2019-02-20,Beef,"Chuck, chuck tender (116B  1)",Select Cuts,,,,Select,,,,,242.0,245.72,,,245.37,$/cwt,2.4537,per lb,National,wholesale,,,,,,27630.0,lb,,2453,National Daily Boxed Beef Cutout & Boxed Beef Cuts - Negotiated Sales - PM (PDF) (LM_XB403),2026-09-26T15:00:20+00:00
a2b71f601c8cdeca,2019-02-20,Beef,"Chuck, clod tender (114F  5)",Choice Cuts,,,,Choice,,,,,460.0,485.0,,,484.4,$/cwt,4.844,per lb,National,wholesale,,,,,,3257.0,lb,,2453,National Daily Boxed Beef Cutout & Boxed Beef Cuts - Negotiated Sales - PM (PDF) (LM_XB403),2026-09-26T15:00:20+00:00
183dd4113f7a953f,2019-02-20,Beef,"Chuck, clod, arm roast (114E  3)",Choice Cuts,,,,Choice,,,,,275.0,305.46,,,295.86,$/cwt,2.9586,per lb,National,wholesale,,,,,,11930.0,lb,,2453,National Daily Boxed Beef Cutout & Boxed Beef Cuts - Negotiated Sales - PM (PDF) (LM_XB403),2026-09-26T15:00:20+00:00
5ad3c1b59dd23cc6,2019-02-20,Beef,"Chuck, clod, top blade (114D  3)",Choice Cuts,,,,Choice,,,,,351.0,389.75,,,356.3,$/cwt,3.563,per lb,National,wholesale,,,,,,12842.0,lb,,2453,National Daily Boxed Beef Cutout & Boxed Beef Cuts - Negotiated Sales - PM (PDF) (LM_XB403),2026-09-26T15:00:20+00:00
adbd31d7c50c6f47,2019-02-20,Beef,"Chuck, flap (116G  4)",Choice Cuts,,,,Choice,,,,,538.59,565.2,,,551.02,$/cwt,5.5102,per lb,National,wholesale,,,,,,8406.0,lb,,2453,National Daily Boxed Beef Cutout & Boxed Beef Cuts - Negotiated Sales - PM (PDF) (LM_XB403),2026-09-26T15:00:20+00:00
57748bd62225daa9,2019-02-20,Beef,"Chuck, roll, lxl, neck/off (116A  3)",Choice Cuts,,,,Choice,,,,,266.0,305.0,,,272.59,$/cwt,2.7259,per lb,National,wholesale,,,,,,514611.0,lb,,2453,National Daily Boxed Beef Cutout & Boxed Beef Cuts - Negotiated Sales - PM (PDF) (LM_XB403),2026-09-26T15:00:20+00:00
72c33fede9a2f561,2019-02-20,Beef,"Chuck, roll, lxl, neck/off (116A  3)",Select Cuts,,,,Select,,,,,265.0,292.0,,,269.09,$/cwt,2.6909,per lb,National,wholesale,,,,,,173902.0,lb,,2453,National Daily Boxed Beef Cutout & Boxed Beef Cuts - Negotiated Sales - PM (PDF) (LM_XB403),2026-09-26T15:00:20+00:00
2b62fea1c90ceedf,2019-02-20,Beef,"Chuck, semi-bnls, neck/off (113C  1)",Choice Cuts,,,,Choice,,,,,229.47,246.75,,,234.26,$/cwt,2.3426,per lb,National,wholesale,,,,,,31274.0,lb,,2453,National Daily Boxed Beef Cutout & Boxed Beef Cuts - Negotiated Sales - PM (PDF) (LM_XB403),2026-09-26T15:00:20+00:00
de40f26488474761,2019-02-20,Beef,"Chuck, short rib (130  4)",Choice Cuts,,,,Choice,,,,,299.59,374.66,,,322.77,$/cwt,3.2277,per lb,National,wholesale,,,,,,62138.0,lb,,2453,National Daily Boxed Beef Cutout & Boxed Beef Cuts - Negotiated Sales - PM (PDF) (LM_XB403),2026-09-26T15:00:20+00:00
b8d41f7d67071d62,2019-02-20,Beef,"Chuck, short rib (130  4)",Select Cuts,,,,Select,,,,,320.0,320.0,,,320.0,$/cwt,3.2,per lb,National,wholesale,,,,,,1576.0,lb,,2453,National Daily Boxed Beef Cutout & Boxed Beef Cuts - Negotiated Sales - PM (PDF) (LM_XB403),2026-09-26T15:00:20+00:00
6b2cc8b5d9b081e4,2019-02-20,Beef,"Chuck, shoulder clod (114  1)",Choice Cuts,,,,Choice,,,,,202.25,225.86,,,213.05,$/cwt,2.1305,per lb,National,wholesale,,,,,,20655.0,lb,,2453,National Daily Boxed Beef Cutout & Boxed Beef Cuts - Negotiated Sales - PM (PDF) (LM_XB403),2026-09-26T15:00:20+00:00
42037ea162e6b98a,2019-02-20,Beef,"Chuck, shoulder clod, trmd (114A  3)",Choice Cuts,,,,Choice,,,,,212.95,234.03,,,220.48,$/cwt,2.2048,per lb,National,wholesale,,,,,,167433.0,lb,,2453,National Daily Boxed Beef Cutout & Boxed Beef Cuts - Negotiated Sales - PM (PDF) (LM_XB403),2026-09-26T15:00:20+00:00
ca9fefb8d29181bf,2019-02-20,Beef,"Chuck, shoulder clod, trmd (114A  3)",Select Cuts,,,,Select,,,,,212.95,234.03,,,219.26,$/cwt,2.1926,per lb,National,wholesale,,,,,,36552.0,lb,,2453,National Daily Boxed Beef Cutout & Boxed Beef Cuts - Negotiated Sales - PM (PDF) (LM_XB403),2026-09-26T15:00:20+00:00
22f564ba7d12f163,2019-02-20,Beef,Cutout 600-900 lb,,,,,Select,,,,,,,,,211.5,$/cwt,2.115,per lb,National,wholesale,,,,,,,,,2453,National Daily Boxed Beef Cutout & Boxed Beef Cuts - Negotiated Sales - PM (PDF) (LM_XB403),2026-09-26T15:00:20+00:00
3f1aa4dc2f2644b1,2019-02-20,Beef,Cutout 600-900 lb,,,,,Choice,,,,,,,,,216.49,$/cwt,2.1649,per lb,National,wholesale,,,,,,,,,2453,National Daily Boxed Beef Cutout & Boxed Beef Cuts - Negotiated Sales - PM (PDF) (LM_XB403),2026-09-26T15:00:20+00:00
f89bc48134a16981,2019-02-20,Beef,"Flank, flank steak (193  4)",Choice Cuts,,,,Choice,,,,,493.9,520.0,,,496.69,$/cwt,4.9669,per lb,National,wholesale,,,,,,71335.0,lb,,2453,National Daily Boxed Beef Cutout & Boxed Beef Cuts - Negotiated Sales - PM (PDF) (LM_XB403),2026-09-26T15:00:20+00:00
2ac98d061f318f35,2019-02-20,Beef,"Flank, flank steak (193  4)",Select Cuts,,,,Select,,,,,494.15,509.03,,,504.68,$/cwt,5.0468,per lb,National,wholesale,,,,,,2934.0,lb,,2453,National Daily Boxed Beef Cutout & Boxed Beef Cuts - Negotiated Sales - PM (PDF) (LM_XB403),2026-09-26T15:00:20+00:00
0c2e2d942d21bff1,2019-02-20,Beef,Ground Beef 73%,Ground Beef,,,,,,,,,147.0,173.15,,,156.71,$/cwt,1.5671,per lb,National,wholesale,,,,,,86294.0,lb,,2453,National Daily Boxed Beef Cutout & Boxed Beef Cuts - Negotiated Sales - PM (PDF) (LM_XB403),2026-09-26T15:00:20+00:00
ba29dc66ccdf4091,2019-02-20,Beef,Ground Beef 81%,Ground Beef,,,,,,,,,167.0,192.0,,,173.19,$/cwt,1.7319,per lb,National,wholesale,,,,,,145410.0,lb,,2453,National Daily Boxed Beef Cutout & Boxed Beef Cuts - Negotiated Sales - PM (PDF) (LM_XB403),2026-09-26T15:00:20+00:00
41439edbfcbd1504,2019-02-20,Beef,Ground Beef 93%,Ground Beef,,,,,,,,,270.0,301.0,,,294.71,$/cwt,2.9471,per lb,National,wholesale,,,,,,44794.0,lb,,2453,National Daily Boxed Beef Cutout & Boxed Beef Cuts - Negotiated Sales - PM (PDF) (LM_XB403),2026-09-26T15:00:20+00:00
723674916dc91e67,2019-02-20,Beef,Ground Beef Chuck,Ground Beef,,,,,,,,,172.0,187.0,,,180.61,$/cwt,1.8061,per lb,National,wholesale,,,,,,69652.0,lb,,2453,National Daily Boxed Beef Cutout & Boxed Beef Cuts - Negotiated Sales - PM (PDF) (LM_XB403),2026-09-26T15:00:20+00:00
6de26142cf649118,2019-02-20,Beef,Ground Beef Round,Ground Beef,,,,,,,,,240.0,260.0,,,242.69,$/cwt,2.4269,per lb,National,wholesale,,,,,,47229.0,lb,,2453,National Daily Boxed Beef Cutout & Boxed Beef Cuts - Negotiated Sales - PM (PDF) (LM_XB403),2026-09-26T15:00:20+00:00
990089f5224ae146,2019-02-20,Beef,"Loin, ball-tip, bnls, heavy (185B  1)",Choice Cuts,,,,Choice,,,,,274.0,284.03,,,276.93,$/cwt,2.7693,per lb,National,wholesale,,,,,,44926.0,lb,,2453,National Daily Boxed Beef Cutout & Boxed Beef Cuts - Negotiated Sales - PM (PDF) (LM_XB403),2026-09-26T15:00:20+00:00
29df25a8da023f2e,2019-02-20,Beef,"Loin, ball-tip, bnls, heavy (185B  1)",Select Cuts,,,,Select,,,,,256.25,275.0,,,263.16,$/cwt,2.6316,per lb,National,wholesale,,,,,,1110.0,lb,,2453,National Daily Boxed Beef Cutout & Boxed Beef Cuts - Negotiated Sales - PM (PDF) (LM_XB403),2026-09-26T15:00:20+00:00
ef807ae4797e0d54,2019-02-20,Beef,"Loin, bottom sirloin, flap (185A  4)",Choice Cuts,,,,Choice,,,,,509.0,554.95,,,517.42,$/cwt,5.1742,per lb,National,wholesale,,,,,,28719.0,lb,,2453,National Daily Boxed Beef Cutout & Boxed Beef Cuts - Negotiated Sales - PM (PDF) (LM_XB403),2026-09-26T15:00:20+00:00
d75f79b8ea52ca41,2019-02-20,Beef,"Loin, butt tender, trimmed (191A  4)",Select Cuts,,,,Select,,,,,965.0,974.75,,,965.95,$/cwt,9.6595,per lb,National,wholesale,,,,,,4250.0,lb,,2453,National Daily Boxed Beef Cutout & Boxed Beef Cuts - Negotiated Sales - PM (PDF) (LM_XB403),2026-09-26T15:00:20+00:00
f508d894f32ea80e,2019-02-20,Beef,"Loin, short loin, 0x1 (174  3)",Choice Cuts,,,,Choice,,,,,500.0,565.75,,,504.07,$/cwt,5.0407,per lb,National,wholesale,,,,,,40032.0,lb,,2453,National Daily Boxed Beef Cutout & Boxed Beef Cuts - Negotiated Sales - PM (PDF) (LM_XB403),2026-09-26T15:00:20+00:00
501d05742ea38738,2019-02-20,Beef,"Loin, short loin, 0x1 (174  3)",Select Cuts,,,,Select,,,,,489.86,530.25,,,498.05,$/cwt,4.9805,per lb,National,wholesale,,,,,,52772.0,lb,,2453,National Daily Boxed Beef Cutout & Boxed Beef Cuts - Negotiated Sales - PM (PDF) (LM_XB403),2026-09-26T15:00:20+00:00
5a10263d61bfcd10,2019-02-20,Beef,"Loin, sirloin, tri-tip (185C  1)",Choice Cuts,,,,Choice,,,,,319.0,336.25,,,324.61,$/cwt,3.2461,per lb,National,wholesale,,,,,,2385.0,lb,,2453,National Daily Boxed Beef Cutout & Boxed Beef Cuts - Negotiated Sales - PM (PDF) (LM_XB403),2026-09-26T15:00:20+00:00
263b3290237279f8,2019-02-20,Beef,"Loin, sirloin, tri-tip (185C  1)",Select Cuts,,,,Select,,,,,261.46,290.75,,,269.77,$/cwt,2.6977,per lb,National,wholesale,,,,,,8917.0,lb,,2453,National Daily Boxed Beef Cutout & Boxed Beef Cuts - Negotiated Sales - PM (PDF) (LM_XB403),2026-09-26T15:00:20+00:00
d00be9923ded28eb,2019-02-20,Beef,"Loin, sirloin, tri-tip, pld (185D  4)",Choice Cuts,,,,Choice,,,,,442.0,476.44,,,455.2,$/cwt,4.552,per lb,National,wholesale,,,,,,5628.0,lb,,2453,National Daily Boxed Beef Cutout & Boxed Beef Cuts - Negotiated Sales - PM (PDF) (LM_XB403),2026-09-26T15:00:20+00:00
6272e921de995723,2019-02-20,Beef,"Loin, strip loin, 1x1 (175  3)",Choice Cuts,,,,Choice,,,,,475.39,490.1,,,479.37,$/cwt,4.7937,per lb,National,wholesale,,,,,,10989.0,lb,,2453,National Daily Boxed Beef Cutout & Boxed Beef Cuts - Negotiated Sales - PM (PDF) (LM_XB403),2026-09-26T15:00:20+00:00
4f54758d5e322d40,2019-02-20,Beef,"Loin, strip, bnls, 0x1 (180  3)",Choice Cuts,,,,Choice,,,,,550.0,605.25,,,579.93,$/cwt,5.7993,per lb,National,wholesale,,,,,,62029.0,lb,,2453,National Daily Boxed Beef Cutout & Boxed Beef Cuts - Negotiated Sales - PM (PDF) (LM_XB403),2026-09-26T15:00:20+00:00
f29116b92998138b,2019-02-20,Beef,"Loin, strip, bnls, 0x1 (180  3)",Select Cuts,,,,Select,,,,,514.0,549.75,,,523.99,$/cwt,5.2399,per lb,National,wholesale,,,,,,7423.0,lb,,2453,National Daily Boxed Beef Cutout & Boxed Beef Cuts - Negotiated Sales - PM (PDF) (LM_XB403),2026-09-26T15:00:20+00:00
81483116e633a6f6,2019-02-20,Beef,"Loin, tndrloin, trmd, heavy (189A  4)",Choice Cuts,,,,Choice,,,,,1000.3,1141.75,,,1021.2,$/cwt,10.212,per lb,National,wholesale,,,,,,78434.0,lb,,2453,National Daily Boxed Beef Cutout & Boxed Beef Cuts - Negotiated Sales - PM (PDF) (LM_XB403),2026-09-26T15:00:20+00:00
e7c82b6342d9ef53,2019-02-20,Beef,"Loin, tndrloin, trmd, heavy (189A  4)",Select Cuts,,,,Select,,,,,990.0,1095.0,,,997.59,$/cwt,9.9759,per lb,National,wholesale,,,,,,45036.0,lb,,2453,National Daily Boxed Beef Cutout & Boxed Beef Cuts - Negotiated Sales - PM (PDF) (LM_XB403),2026-09-26T15:00:20+00:00
0157996699b31733,2019-02-20,Beef,"Loin, top butt, bnls, heavy (184  1)",Choice Cuts,,,,Choice,,,,,350.0,359.55,,,354.81,$/cwt,3.5481,per lb,National,wholesale,,,,,,5184.0,lb,,2453,National Daily Boxed Beef Cutout & Boxed Beef Cuts - Negotiated Sales - PM (PDF) (LM_XB403),2026-09-26T15:00:20+00:00
acace818e041dccc,2019-02-20,Beef,"Loin, top butt, boneless (184  3)",Choice Cuts,,,,Choice,,,,,344.0,375.0,,,350.47,$/cwt,3.5047,per lb,National,wholesale,,,,,,115778.0,lb,,2453,National Daily Boxed Beef Cutout & Boxed Beef Cuts - Negotiated Sales - PM (PDF) (LM_XB403),2026-09-26T15:00:20+00:00
cf526e5dd1e902b3,2019-02-20,Beef,"Loin, top butt, boneless (184  3)",Select Cuts,,,,Select,,,,,355.0,376.0,,,362.7,$/cwt,3.627,per lb,National,wholesale,,,,,,12780.0,lb,,2453,National Daily Boxed Beef Cutout & Boxed Beef Cuts - Negotiated Sales - PM (PDF) (LM_XB403),2026-09-26T15:00:20+00:00
286930ad08541b54,2019-02-20,Beef,"Rib, ribeye, bnls, heavy (112A  3)",Choice Cuts,,,,Choice,,,,,760.0,805.0,,,778.81,$/cwt,7.7881,per lb,National,wholesale,,,,,,36244.0,lb,,2453,National Daily Boxed Beef Cutout & Boxed Beef Cuts - Negotiated Sales - PM (PDF) (LM_XB403),2026-09-26T15:00:20+00:00
581001139ca18c94,2019-02-20,Beef,"Rib, ribeye, bnls, heavy (112A  3)",Select Cuts,,,,Select,,,,,714.75,729.45,,,720.98,$/cwt,7.2098,per lb,National,wholesale,,,,,,9309.0,lb,,2453,National Daily Boxed Beef Cutout & Boxed Beef Cuts - Negotiated Sales - PM (PDF) (LM_XB403),2026-09-26T15:00:20+00:00
b6377cfcb234cd8f,2019-02-20,Beef,"Rib, ribeye, bnls, light (112A  3)",Choice Cuts,,,,Choice,,,,,758.74,816.75,,,779.3,$/cwt,7.793,per lb,National,wholesale,,,,,,69713.0,lb,,2453,National Daily Boxed Beef Cutout & Boxed Beef Cuts - Negotiated Sales - PM (PDF) (LM_XB403),2026-09-26T15:00:20+00:00
4290709501aae6c5,2019-02-20,Beef,"Rib, ribeye, bnls, light (112A  3)",Select Cuts,,,,Select,,,,,674.85,725.16,,,706.14,$/cwt,7.0614,per lb,National,wholesale,,,,,,26123.0,lb,,2453,National Daily Boxed Beef Cutout & Boxed Beef Cuts - Negotiated Sales - PM (PDF) (LM_XB403),2026-09-26T15:00:20+00:00
9213eb4675d64924,2019-02-20,Beef,"Rib, ribeye, lip-on, bn-in (109E  1)",Choice Cuts,,,,Choice,,,,,660.0,716.0,,,685.54,$/cwt,6.8554,per lb,National,wholesale,,,,,,57080.0,lb,,2453,National Daily Boxed Beef Cutout & Boxed Beef Cuts - Negotiated Sales - PM (PDF) (LM_XB403),2026-09-26T15:00:20+00:00
9bf2df4ab9d86267,2019-02-20,Beef,"Round, eye of round (171C  3)",Choice Cuts,,,,Choice,,,,,269.49,292.0,,,277.43,$/cwt,2.7743,per lb,National,wholesale,,,,,,104223.0,lb,,2453,National Daily Boxed Beef Cutout & Boxed Beef Cuts - Negotiated Sales - PM (PDF) (LM_XB403),2026-09-26T15:00:20+00:00
b6b90137d031d6e7,2019-02-20,Beef,"Round, eye of round (171C  3)",Select Cuts,,,,Select,,,,,259.95,280.0,,,272.96,$/cwt,2.7296,per lb,National,wholesale,,,,,,19353.0,lb,,2453,National Daily Boxed Beef Cutout & Boxed Beef Cuts - Negotiated Sales - PM (PDF) (LM_XB403),2026-09-26T15:00:20+00:00
11515233632fc7f3,2019-02-20,Beef,"Round, knuckle, peeled (167A  4)",Choice Cuts,,,,Choice,,,,,245.0,265.7,,,250.86,$/cwt,2.5086,per lb,National,wholesale,,,,,,223747.0,lb,,2453,National Daily Boxed Beef Cutout & Boxed Beef Cuts - Negotiated Sales - PM (PDF) (LM_XB403),2026-09-26T15:00:20+00:00
a7c0f80b43e325d6,2019-02-20,Beef,"Round, knuckle, peeled (167A  4)",Select Cuts,,,,Select,,,,,245.0,280.0,,,258.13,$/cwt,2.5813,per lb,National,wholesale,,,,,,21729.0,lb,,2453,National Daily Boxed Beef Cutout & Boxed Beef Cuts - Negotiated Sales - PM (PDF) (LM_XB403),2026-09-26T15:00:20+00:00
0fbe7f81a727307c,2019-02-20,Beef,"Round, outside round (171B  3)",Choice Cuts,,,,Choice,,,,,220.0,250.25,,,231.87,$/cwt,2.3187,per lb,National,wholesale,,,,,,165443.0,lb,,2453,National Daily Boxed Beef Cutout & Boxed Beef Cuts - Negotiated Sales - PM (PDF) (LM_XB403),2026-09-26T15:00:20+00:00
f8cdbdff0fcacf59,2019-02-20,Beef,"Round, outside round (171B  3)",Select Cuts,,,,Select,,,,,219.95,237.16,,,232.14,$/cwt,2.3214,per lb,National,wholesale,,,,,,12758.0,lb,,2453,National Daily Boxed Beef Cutout & Boxed Beef Cuts - Negotiated Sales - PM (PDF) (LM_XB403),2026-09-26T15:00:20+00:00
86ef270e7b7de934,2019-02-20,Beef,"Round, top inside round (168  1)",Choice Cuts,,,,Choice,,,,,200.0,229.0,,,211.44,$/cwt,2.1144,per lb,National,wholesale,,,,,,377575.0,lb,,2453,National Daily Boxed Beef Cutout & Boxed Beef Cuts - Negotiated Sales - PM (PDF) (LM_XB403),2026-09-26T15:00:20+00:00
79fc00a60bef38f9,2019-02-20,Beef,"Round, top inside round (168  1)",Select Cuts,,,,Select,,,,,219.95,225.61,,,221.05,$/cwt,2.2105,per lb,National,wholesale,,,,,,5707.0,lb,,2453,National Daily Boxed Beef Cutout & Boxed Beef Cuts - Negotiated Sales - PM (PDF) (LM_XB403),2026-09-26T15:00:20+00:00
2c876713a22ab398,2019-02-20,Beef,"Round, top inside round (168  3)",Choice Cuts,,,,Choice,,,,,214.0,237.0,,,216.56,$/cwt,2.1656,per lb,National,wholesale,,,,,,275988.0,lb,,2453,National Daily Boxed Beef Cutout & Boxed Beef Cuts - Negotiated Sales - PM (PDF) (LM_XB403),2026-09-26T15:00:20+00:00
c2bad84a242e2f24,2019-02-20,Beef,"Round, top inside round (168  3)",Select Cuts,,,,Select,,,,,215.53,220.16,,,216.46,$/cwt,2.1646,per lb,National,wholesale,,,,,,138288.0,lb,,2453,National Daily Boxed Beef Cutout & Boxed Beef Cuts - Negotiated Sales - PM (PDF) (LM_XB403),2026-09-26T15:00:20+00:00
fc60f7f48b7375e0,2019-02-20,Beef,"Round, top inside, cap off (169A  5)",Choice Cuts,,,,Choice,,,,,282.17,318.55,,,289.37,$/cwt,2.8937,per lb,National,wholesale,,,,,,23224.0,lb,,2453,National Daily Boxed Beef Cutout & Boxed Beef Cuts - Negotiated Sales - PM (PDF) (LM_XB403),2026-09-26T15:00:20+00:00
be31a3ee79008c19,2019-02-20,Beef,"Round, top inside, denuded (169  5)",Choice Cuts,,,,Choice,,,,,248.0,276.0,,,261.4,$/cwt,2.614,per lb,National,wholesale,,,,,,24806.0,lb,,2453,National Daily Boxed Beef Cutout & Boxed Beef Cuts - Negotiated Sales - PM (PDF) (LM_XB403),2026-09-26T15:00:20+00:00
5cb8dbac1e3d2663,2019-02-20,Beef,"Short Plate, short rib (123A  3)",Choice Cuts,,,,Choice,,,,,499.95,590.0,,,551.02,$/cwt,5.5102,per lb,National,wholesale,,,,,,33208.0,lb,,2453,National Daily Boxed Beef Cutout & Boxed Beef Cuts - Negotiated Sales - PM (PDF) (LM_XB403),2026-09-26T15:00:20+00:00
621db7f9ac55aae4,2019-02-21,Beef,"Brisket, deckle-off, bnls (120  1)",Choice Cuts,,,,Choice,,,,,266.42,289.25,,,270.08,$/cwt,2.7008,per lb,National,wholesale,,,,,,152022.0,lb,,2453,National Daily Boxed Beef Cutout & Boxed Beef Cuts - Negotiated Sales - PM (PDF) (LM_XB403),2026-09-26T15:00:20+00:00
9d1330a312e1639f,2019-02-21,Beef,"Brisket, deckle-off, bnls (120  1)",Select Cuts,,,,Select,,,,,260.04,279.25,,,263.88,$/cwt,2.6388,per lb,National,wholesale,,,,,,40803.0,lb,,2453,National Daily Boxed Beef Cutout & Boxed Beef Cuts - Negotiated Sales - PM (PDF) (LM_XB403),2026-09-26T15:00:20+00:00
52844b83db3dc7f1,2019-02-21,Beef,"Brisket, point/off, bnls (120A  3)",Choice Cuts,,,,Choice,,,,,445.0,454.0,,,452.49,$/cwt,4.5249,per lb,National,wholesale,,,,,,13331.0,lb,,2453,National Daily Boxed Beef Cutout & Boxed Beef Cuts - Negotiated Sales - PM (PDF) (LM_XB403),2026-09-26T15:00:20+00:00
30d2815c11ffe787,2019-02-21,Beef,"Chuck, chuck tender (116B  1)",Choice Cuts,,,,Choice,,,,,239.5,247.44,,,243.08,$/cwt,2.4308,per lb,National,wholesale,,,,,,34267.0,lb,,2453,National Daily Boxed Beef Cutout & Boxed Beef Cuts - Negotiated Sales - PM (PDF) (LM_XB403),2026-09-26T15:00:20+00:00
109e9999d8463d76,2019-02-21,Beef,"Chuck, clod tender (114F  5)",Choice Cuts,,,,Choice,,,,,460.0,485.0,,,472.64,$/cwt,4.7264,per lb,National,wholesale,,,,,,5036.0,lb,,2453,National Daily Boxed Beef Cutout & Boxed Beef Cuts - Negotiated Sales - PM (PDF) (LM_XB403),2026-09-26T15:00:20+00:00
b04271a5a07c991e,2019-02-21,Beef,"Chuck, clod, arm roast (114E  3)",Choice Cuts,,,,Choice,,,,,260.0,300.0,,,278.68,$/cwt,2.7868,per lb,National,wholesale,,,,,,63025.0,lb,,2453,National Daily Boxed Beef Cutout & Boxed Beef Cuts - Negotiated Sales - PM (PDF) (LM_XB403),2026-09-26T15:00:20+00:00
f521611da6cfcc45,2019-02-21,Beef,"Chuck, clod, top blade (114D  3)",Choice Cuts,,,,Choice,,,,,348.42,370.0,,,365.66,$/cwt,3.6566,per lb,National,wholesale,,,,,,19485.0,lb,,2453,National Daily Boxed Beef Cutout & Boxed Beef Cuts - Negotiated Sales - PM (PDF) (LM_XB403),2026-09-26T15:00:20+00:00
eab6997074fac0f3,2019-02-21,Beef,"Chuck, flap (116G  4)",Choice Cuts,,,,Choice,,,,,562.0,602.62,,,570.02,$/cwt,5.7002,per lb,National,wholesale,,,,,,4968.0,lb,,2453,National Daily Boxed Beef Cutout & Boxed Beef Cuts - Negotiated Sales - PM (PDF) (LM_XB403),2026-09-26T15:00:20+00:00
b979b9ba56d4ea9a,2019-02-21,Beef,"Chuck, flap (116G  4)",Select Cuts,,,,Select,,,,,490.0,540.62,,,512.99,$/cwt,5.1299,per lb,National,wholesale,,,,,,2919.0,lb,,2453,National Daily Boxed Beef Cutout & Boxed Beef Cuts - Negotiated Sales - PM (PDF) (LM_XB403),2026-09-26T15:00:20+00:00
0591df7c3e842bbc,2019-02-21,Beef,"Chuck, roll, lxl, neck/off (116A  3)",Choice Cuts,,,,Choice,,,,,266.59,298.0,,,274.34,$/cwt,2.7434,per lb,National,wholesale,,,,,,148827.0,lb,,2453,National Daily Boxed Beef Cutout & Boxed Beef Cuts - Negotiated Sales - PM (PDF) (LM_XB403),2026-09-26T15:00:20+00:00
162bb65d66bb6ef1,2019-02-21,Beef,"Chuck, roll, lxl, neck/off (116A  3)",Select Cuts,,,,Select,,,,,266.59,292.0,,,273.28,$/cwt,2.7328,per lb,National,wholesale,,,,,,33171.0,lb,,2453,National Daily Boxed Beef Cutout & Boxed Beef Cuts - Negotiated Sales - PM (PDF) (LM_XB403),2026-09-26T15:00:20+00:00
c5cb2a7c042e78d7,2019-02-21,Beef,"Chuck, roll, retail ready (916A  3)",Choice Cuts,,,,Choice,,,,,291.14,297.95,,,293.73,$/cwt,2.9373,per lb,National,wholesale,,,,,,141354.0,lb,,2453,National Daily Boxed Beef Cutout & Boxed Beef Cuts - Negotiated Sales - PM (PDF) (LM_XB403),2026-09-26T15:00:20+00:00
2a93f8b5e009e92d,2019-02-21,Beef,"Chuck, semi-bnls, neck/off (113C  1)",Choice Cuts,,,,Choice,,,,,221.77,235.5,,,234.1,$/cwt,2.341,per lb,National,wholesale,,,,,,63733.0,lb,,2453,National Daily Boxed Beef Cutout & Boxed Beef Cuts - Negotiated Sales - PM (PDF) (LM_XB403),2026-09-26T15:00:20+00:00
f05b3a6485b31caf,2019-02-21,Beef,"Chuck, semi-bnls, neck/off (113C  1)",Select Cuts,,,,Select,,,,,230.0,235.28,,,231.83,$/cwt,2.3183,per lb,National,wholesale,,,,,,3230.0,lb,,2453,National Daily Boxed Beef Cutout & Boxed Beef Cuts - Negotiated Sales - PM (PDF) (LM_XB403),2026-09-26T15:00:20+00:00
0fd346a0e8f8c708,2019-02-21,Beef,"Chuck, short rib (130  4)",Choice Cuts,,,,Choice,,,,,316.45,366.75,,,341.26,$/cwt,3.4126,per lb,National,wholesale,,,,,,30187.0,lb,,2453,National Daily Boxed Beef Cutout & Boxed Beef Cuts - Negotiated Sales - PM (PDF) (LM_XB403),2026-09-26T15:00:20+00:00
87975b8cacf0be84,2019-02-21,Beef,"Chuck, shoulder clod (114  1)",Choice Cuts,,,,Choice,,,,,207.0,221.25,,,209.93,$/cwt,2.0993,per lb,National,wholesale,,,,,,21436.0,lb,,2453,National Daily Boxed Beef Cutout & Boxed Beef Cuts - Negotiated Sales - PM (PDF) (LM_XB403),2026-09-26T15:00:20+00:00
fa9ce592b7e47e53,2019-02-21,Beef,"Chuck, shoulder clod, trmd (114A  3)",Choice Cuts,,,,Choice,,,,,214.0,230.5,,,220.59,$/cwt,2.2059,per lb,National,wholesale,,,,,,33943.0,lb,,2453,National Daily Boxed Beef Cutout & Boxed Beef Cuts - Negotiated Sales - PM (PDF) (LM_XB403),2026-09-26T15:00:20+00:00
1dc2667fdd870a3a,2019-02-21,Beef,Cutout 600-900 lb,,,,,Choice,,,,,,,,,218.07,$/cwt,2.1807,per lb,National,wholesale,,,,,,,,,2453,National Daily Boxed Beef Cutout & Boxed Beef Cuts - Negotiated Sales - PM (PDF) (LM_XB403),2026-09-26T15:00:20+00:00
b6baa1db0e67430f,2019-02-21,Beef,Cutout 600-900 lb,,,,,Select,,,,,,,,,211.41,$/cwt,2.1141,per lb,National,wholesale,,,,,,,,,2453,National Daily Boxed Beef Cutout & Boxed Beef Cuts - Negotiated Sales - PM (PDF) (LM_XB403),2026-09-26T15:00:20+00:00
9a4e55ae2b8f1aaf,2019-02-21,Beef,"Flank, flank steak (193  4)",Choice Cuts,,,,Choice,,,,,505.0,526.25,,,518.21,$/cwt,5.1821,per lb,National,wholesale,,,,,,2513.0,lb,,2453,National Daily Boxed Beef Cutout & Boxed Beef Cuts - Negotiated Sales - PM (PDF) (LM_XB403),2026-09-26T15:00:20+00:00
8ade80f43e2e72bf,2019-02-21,Beef,"Flank, flank steak (193  4)",Select Cuts,,,,Select,,,,,491.25,500.0,,,498.02,$/cwt,4.9802,per lb,National,wholesale,,,,,,2113.0,lb,,2453,National Daily Boxed Beef Cutout & Boxed Beef Cuts - Negotiated Sales - PM (PDF) (LM_XB403),2026-09-26T15:00:20+00:00
49b02adc8e04943e,2019-02-21,Beef,Ground Beef 73%,Ground Beef,,,,,,,,,147.0,178.0,,,155.66,$/cwt,1.5566,per lb,National,wholesale,,,,,,109345.0,lb,,2453,National Daily Boxed Beef Cutout & Boxed Beef Cuts - Negotiated Sales - PM (PDF) (LM_XB403),2026-09-26T15:00:20+00:00
b860028d7dd32885,2019-02-21,Beef,Ground Beef 81%,Ground Beef,,,,,,,,,167.0,195.0,,,173.89,$/cwt,1.7389,per lb,National,wholesale,,,,,,152001.0,lb,,2453,National Daily Boxed Beef Cutout & Boxed Beef Cuts - Negotiated Sales - PM (PDF) (LM_XB403),2026-09-26T15:00:20+00:00
04636a346050cded,2019-02-21,Beef,Ground Beef 93%,Ground Beef,,,,,,,,,293.02,311.48,,,298.05,$/cwt,2.9805,per lb,National,wholesale,,,,,,19621.0,lb,,2453,National Daily Boxed Beef Cutout & Boxed Beef Cuts - Negotiated Sales - PM (PDF) (LM_XB403),2026-09-26T15:00:20+00:00
c95ae65181162fee,2019-02-21,Beef,Ground Beef Chuck,Ground Beef,,,,,,,,,176.0,195.0,,,185.4,$/cwt,1.854,per lb,National,wholesale,,,,,,33162.0,lb,,2453,National Daily Boxed Beef Cutout & Boxed Beef Cuts - Negotiated Sales - PM (PDF) (LM_XB403),2026-09-26T15:00:20+00:00
96f332f44052a31f,2019-02-21,Beef,Ground Beef Round,Ground Beef,,,,,,,,,240.0,255.0,,,244.05,$/cwt,2.4405,per lb,National,wholesale,,,,,,43864.0,lb,,2453,National Daily Boxed Beef Cutout & Boxed Beef Cuts - Negotiated Sales - PM (PDF) (LM_XB403),2026-09-26T15:00:20+00:00
7e38dfc40187eba6,2019-02-21,Beef,"Loin, ball-tip, bnls, heavy (185B  1)",Choice Cuts,,,,Choice,,,,,257.0,280.1,,,271.46,$/cwt,2.7146,per lb,National,wholesale,,,,,,12695.0,lb,,2453,National Daily Boxed Beef Cutout & Boxed Beef Cuts - Negotiated Sales - PM (PDF) (LM_XB403),2026-09-26T15:00:20+00:00
f58a15e8678b345b,2019-02-21,Beef,"Loin, bottom sirloin, flap (185A  4)",Choice Cuts,,,,Choice,,,,,495.0,545.0,,,507.37,$/cwt,5.0737,per lb,National,wholesale,,,,,,59659.0,lb,,2453,National Daily Boxed Beef Cutout & Boxed Beef Cuts - Negotiated Sales - PM (PDF) (LM_XB403),2026-09-26T15:00:20+00:00
ffb4b92fe83749fc,2019-02-21,Beef,"Loin, butt tender, trimmed (191A  4)",Choice Cuts,,,,Choice,,,,,954.6,970.0,,,959.1,$/cwt,9.591,per lb,National,wholesale,,,,,,3674.0,lb,,2453,National Daily Boxed Beef Cutout & Boxed Beef Cuts - Negotiated Sales - PM (PDF) (LM_XB403),2026-09-26T15:00:20+00:00
5602cbebb8c8b373,2019-02-21,Beef,"Loin, short loin, 0x1 (174  3)",Choice Cuts,,,,Choice,,,,,505.6,531.0,,,513.28,$/cwt,5.1328,per lb,National,wholesale,,,,,,37136.0,lb,,2453,National Daily Boxed Beef Cutout & Boxed Beef Cuts - Negotiated Sales - PM (PDF) (LM_XB403),2026-09-26T15:00:20+00:00
e27afcfb03242d11,2019-02-21,Beef,"Loin, short loin, 0x1 (174  3)",Select Cuts,,,,Select,,,,,490.0,534.25,,,509.65,$/cwt,5.0965,per lb,National,wholesale,,,,,,3900.0,lb,,2453,National Daily Boxed Beef Cutout & Boxed Beef Cuts - Negotiated Sales - PM (PDF) (LM_XB403),2026-09-26T15:00:20+00:00
f039d9f0501543ed,2019-02-21,Beef,"Loin, sirloin, tri-tip (185C  1)",Choice Cuts,,,,Choice,,,,,320.0,352.0,,,344.88,$/cwt,3.4488,per lb,National,wholesale,,,,,,2898.0,lb,,2453,National Daily Boxed Beef Cutout & Boxed Beef Cuts - Negotiated Sales - PM (PDF) (LM_XB403),2026-09-26T15:00:20+00:00
57b5fbbd60f0fcf4,2019-02-21,Beef,"Loin, sirloin, tri-tip, pld (185D  4)",Choice Cuts,,,,Choice,,,,,456.0,471.0,,,461.25,$/cwt,4.6125,per lb,National,wholesale,,,,,,2117.0,lb,,2453,National Daily Boxed Beef Cutout & Boxed Beef Cuts - Negotiated Sales - PM (PDF) (LM_XB403),2026-09-26T15:00:20+00:00
4244e828548d5392,2019-02-21,Beef,"Loin, strip, bnls, 0x1 (180  3)",Choice Cuts,,,,Choice,,,,,555.0,610.5,,,583.46,$/cwt,5.8346,per lb,National,wholesale,,,,,,259269.0,lb,,2453,National Daily Boxed Beef Cutout & Boxed Beef Cuts - Negotiated Sales - PM (PDF) (LM_XB403),2026-09-26T15:00:20+00:00
90430688f73e31be,2019-02-21,Beef,"Loin, strip, bnls, 0x1 (180  3)",Select Cuts,,,,Select,,,,,490.0,550.0,,,527.09,$/cwt,5.2709,per lb,National,wholesale,,,,,,170767.0,lb,,2453,National Daily Boxed Beef Cutout & Boxed Beef Cuts - Negotiated Sales - PM (PDF) (LM_XB403),2026-09-26T15:00:20+00:00
3ca83e18845d6e4c,2019-02-21,Beef,"Loin, tndrloin, trmd, heavy (189A  4)",Choice Cuts,,,,Choice,,,,,996.08,1071.0,,,1020.75,$/cwt,10.2075,per lb,National,wholesale,,,,,,37860.0,lb,,2453,National Daily Boxed Beef Cutout & Boxed Beef Cuts - Negotiated Sales - PM (PDF) (LM_XB403),2026-09-26T15:00:20+00:00
8878aed6a2a09f81,2019-02-21,Beef,"Loin, tndrloin, trmd, heavy (189A  4)",Select Cuts,,,,Select,,,,,980.0,1010.0,,,985.67,$/cwt,9.8567,per lb,National,wholesale,,,,,,6169.0,lb,,2453,National Daily Boxed Beef Cutout & Boxed Beef Cuts - Negotiated Sales - PM (PDF) (LM_XB403),2026-09-26T15:00:20+00:00
ef5b34b0151de4eb,2019-02-21,Beef,"Loin, top butt, CC (184B  3)",Choice Cuts,,,,Choice,,,,,475.0,535.0,,,493.31,$/cwt,4.9331,per lb,National,wholesale,,,,,,31642.0,lb,,2453,National Daily Boxed Beef Cutout & Boxed Beef Cuts - Negotiated Sales - PM (PDF) (LM_XB403),2026-09-26T15:00:20+00:00
0f24e668a063fb01,2019-02-21,Beef,"Loin, top butt, bnls, heavy (184  1)",Select Cuts,,,,Select,,,,,345.0,350.0,,,345.35,$/cwt,3.4535,per lb,National,wholesale,,,,,,4344.0,lb,,2453,National Daily Boxed Beef Cutout & Boxed Beef Cuts - Negotiated Sales - PM (PDF) (LM_XB403),2026-09-26T15:00:20+00:00
b5b1dc6c53b67f18,2019-02-21,Beef,"Loin, top butt, boneless (184  3)",Choice Cuts,,,,Choice,,,,,349.6,383.0,,,354.17,$/cwt,3.5417,per lb,National,wholesale,,,,,,125757.0,lb,,2453,National Daily Boxed Beef Cutout & Boxed Beef Cuts - Negotiated Sales - PM (PDF) (LM_XB403),2026-09-26T15:00:20+00:00
c4b9b9fd49ef827f,2019-02-21,Beef,"Loin, top butt, boneless (184  3)",Select Cuts,,,,Select,,,,,358.42,366.0,,,362.89,$/cwt,3.6289,per lb,National,wholesale,,,,,,6598.0,lb,,2453,National Daily Boxed Beef Cutout & Boxed Beef Cuts - Negotiated Sales - PM (PDF) (LM_XB403),2026-09-26T15:00:20+00:00
e08aad4695d5a08d,2019-02-21,Beef,"Rib, ribeye, bnls, heavy (112A  3)",Choice Cuts,,,,Choice,,,,,765.0,801.75,,,774.29,$/cwt,7.7429,per lb,National,wholesale,,,,,,21879.0,lb,,2453,National Daily Boxed Beef Cutout & Boxed Beef Cuts - Negotiated Sales - PM (PDF) (LM_XB403),2026-09-26T15:00:20+00:00
2c92c2e9ab49c757,2019-02-21,Beef,"Rib, ribeye, bnls, heavy (112A  3)",Select Cuts,,,,Select,,,,,714.42,746.25,,,725.56,$/cwt,7.2556,per lb,National,wholesale,,,,,,6633.0,lb,,2453,National Daily Boxed Beef Cutout & Boxed Beef Cuts - Negotiated Sales - PM (PDF) (LM_XB403),2026-09-26T15:00:20+00:00
b050bfc5d62e9877,2019-02-21,Beef,"Rib, ribeye, bnls, light (112A  3)",Choice Cuts,,,,Choice,,,,,770.0,821.5,,,785.58,$/cwt,7.8558,per lb,National,wholesale,,,,,,86660.0,lb,,2453,National Daily Boxed Beef Cutout & Boxed Beef Cuts - Negotiated Sales - PM (PDF) (LM_XB403),2026-09-26T15:00:20+00:00
846f612598c59a08,2019-02-21,Beef,"Rib, ribeye, bnls, light (112A  3)",Select Cuts,,,,Select,,,,,679.7,710.0,,,681.06,$/cwt,6.8106,per lb,National,wholesale,,,,,,101787.0,lb,,2453,National Daily Boxed Beef Cutout & Boxed Beef Cuts - Negotiated Sales - PM (PDF) (LM_XB403),2026-09-26T15:00:20+00:00
71b1bc1dae851fe2,2019-02-21,Beef,"Rib, ribeye, lip-on, bn-in (109E  1)",Choice Cuts,,,,Choice,,,,,674.84,696.95,,,685.13,$/cwt,6.8513,per lb,National,wholesale,,,,,,203835.0,lb,,2453,National Daily Boxed Beef Cutout & Boxed Beef Cuts - Negotiated Sales - PM (PDF) (LM_XB403),2026-09-26T15:00:20+00:00
0e92c5a3e2408fd6,2019-02-21,Beef,"Round, bottom gooseneck (170  1)",Choice Cuts,,,,Choice,,,,,219.5,233.0,,,223.46,$/cwt,2.2346,per lb,National,wholesale,,,,,,3573.0,lb,,2453,National Daily Boxed Beef Cutout & Boxed Beef Cuts - Negotiated Sales - PM (PDF) (LM_XB403),2026-09-26T15:00:20+00:00
f4fa6e8f074c89c3,2019-02-21,Beef,"Round, eye of round (171C  3)",Choice Cuts,,,,Choice,,,,,275.25,300.0,,,281.02,$/cwt,2.8102,per lb,National,wholesale,,,,,,83529.0,lb,,2453,National Daily Boxed Beef Cutout & Boxed Beef Cuts - Negotiated Sales - PM (PDF) (LM_XB403),2026-09-26T15:00:20+00:00
9fac4ae434617505,2019-02-21,Beef,"Round, eye of round (171C  3)",Select Cuts,,,,Select,,,,,274.71,285.0,,,278.01,$/cwt,2.7801,per lb,National,wholesale,,,,,,7024.0,lb,,2453,National Daily Boxed Beef Cutout & Boxed Beef Cuts - Negotiated Sales - PM (PDF) (LM_XB403),2026-09-26T15:00:20+00:00
3f99bc05559b4f6c,2019-02-21,Beef,"Round, knuckle, peeled (167A  4)",Choice Cuts,,,,Choice,,,,,240.0,278.0,,,251.54,$/cwt,2.5154,per lb,National,wholesale,,,,,,110189.0,lb,,2453,National Daily Boxed Beef Cutout & Boxed Beef Cuts - Negotiated Sales - PM (PDF) (LM_XB403),2026-09-26T15:00:20+00:00
91004714f98dae1f,2019-02-21,Beef,"Round, knuckle, peeled (167A  4)",Select Cuts,,,,Select,,,,,250.0,252.0,,,250.52,$/cwt,2.5052,per lb,National,wholesale,,,,,,2762.0,lb,,2453,National Daily Boxed Beef Cutout & Boxed Beef Cuts - Negotiated Sales - PM (PDF) (LM_XB403),2026-09-26T15:00:20+00:00
21657a7c44256410,2019-02-21,Beef,"Round, outside round (171B  3)",Choice Cuts,,,,Choice,,,,,220.0,246.25,,,233.84,$/cwt,2.3384,per lb,National,wholesale,,,,,,97553.0,lb,,2453,National Daily Boxed Beef Cutout & Boxed Beef Cuts - Negotiated Sales - PM (PDF) (LM_XB403),2026-09-26T15:00:20+00:00
859a7211f46ad017,2019-02-21,Beef,"Round, outside round (171B  3)",Select Cuts,,,,Select,,,,,222.0,240.0,,,236.08,$/cwt,2.3608,per lb,National,wholesale,,,,,,40315.0,lb,,2453,National Daily Boxed Beef Cutout & Boxed Beef Cuts - Negotiated Sales - PM (PDF) (LM_XB403),2026-09-26T15:00:20+00:00
57d3fd06f0361455,2019-02-21,Beef,"Round, top inside round (168  1)",Choice Cuts,,,,Choice,,,,,209.17,215.0,,,210.24,$/cwt,2.1024,per lb,National,wholesale,,,,,,124854.0,lb,,2453,National Daily Boxed Beef Cutout & Boxed Beef Cuts - Negotiated Sales - PM (PDF) (LM_XB403),2026-09-26T15:00:20+00:00
9d92270104b83d9d,2019-02-21,Beef,"Round, top inside round (168  3)",Choice Cuts,,,,Choice,,,,,214.7,235.52,,,217.47,$/cwt,2.1747,per lb,National,wholesale,,,,,,148538.0,lb,,2453,National Daily Boxed Beef Cutout & Boxed Beef Cuts - Negotiated Sales - PM (PDF) (LM_XB403),2026-09-26T15:00:20+00:00
912c96fd9a1c0594,2019-02-21,Beef,"Round, top inside round (168  3)",Select Cuts,,,,Select,,,,,209.48,232.0,,,217.57,$/cwt,2.1757,per lb,National,wholesale,,,,,,38079.0,lb,,2453,National Daily Boxed Beef Cutout & Boxed Beef Cuts - Negotiated Sales - PM (PDF) (LM_XB403),2026-09-26T15:00:20+00:00
d576c962db78ef50,2019-02-21,Beef,"Round, top inside, cap off (169A  5)",Choice Cuts,,,,Choice,,,,,284.17,299.0,,,287.94,$/cwt,2.8794,per lb,National,wholesale,,,,,,144659.0,lb,,2453,National Daily Boxed Beef Cutout & Boxed Beef Cuts - Negotiated Sales - PM (PDF) (LM_XB403),2026-09-26T15:00:20+00:00
51dbec3ba6c774a0,2019-02-21,Beef,"Round, top inside, denuded (169  5)",Choice Cuts,,,,Choice,,,,,234.17,266.25,,,248.48,$/cwt,2.4848,per lb,National,wholesale,,,,,,72272.0,lb,,2453,National Daily Boxed Beef Cutout & Boxed Beef Cuts - Negotiated Sales - PM (PDF) (LM_XB403),2026-09-26T15:00:20+00:00
b76425c0d9336418,2019-02-21,Beef,"Short Plate, short rib (123A  3)",Choice Cuts,,,,Choice,,,,,482.0,575.0,,,532.29,$/cwt,5.3229,per lb,National,wholesale,,,,,,9096.0,lb,,2453,National Daily Boxed Beef Cutout & Boxed Beef Cuts - Negotiated Sales - PM (PDF) (LM_XB403),2026-09-26T15:00:20+00:00
30adc0f782acd056,2019-02-22,Beef,"Brisket, deckle-off, bnls (120  1)",Choice Cuts,,,,Choice,,,,,267.0,286.75,,,278.4,$/cwt,2.784,per lb,National,wholesale,,,,,,25299.0,lb,,2453,National Daily Boxed Beef Cutout & Boxed Beef Cuts - Negotiated Sales - PM (PDF) (LM_XB403),2026-09-26T15:00:20+00:00
961fa965013cd497,2019-02-22,Beef,"Brisket, deckle-off, bnls (120  1)",Select Cuts,,,,Select,,,,,260.04,274.7,,,264.91,$/cwt,2.6491,per lb,National,wholesale,,,,,,106668.0,lb,,2453,National Daily Boxed Beef Cutout & Boxed Beef Cuts - Negotiated Sales - PM (PDF) (LM_XB403),2026-09-26T15:00:20+00:00
61a8f469a1575b16,2019-02-22,Beef,"Brisket, point/off, bnls (120A  3)",Choice Cuts,,,,Choice,,,,,445.0,497.4,,,459.46,$/cwt,4.5946,per lb,National,wholesale,,,,,,12802.0,lb,,2453,National Daily Boxed Beef Cutout & Boxed Beef Cuts - Negotiated Sales - PM (PDF) (LM_XB403),2026-09-26T15:00:20+00:00
98f7ba778af9d9bf,2019-02-22,Beef,"Chuck, chuck tender (116B  1)",Choice Cuts,,,,Choice,,,,,232.94,259.0,,,239.71,$/cwt,2.3971,per lb,National,wholesale,,,,,,41195.0,lb,,2453,National Daily Boxed Beef Cutout & Boxed Beef Cuts - Negotiated Sales - PM (PDF) (LM_XB403),2026-09-26T15:00:20+00:00
48e2587972a115bf,2019-02-22,Beef,"Chuck, chuck tender (116B  1)",Select Cuts,,,,Select,,,,,239.5,245.76,,,243.62,$/cwt,2.4362,per lb,National,wholesale,,,,,,12897.0,lb,,2453,National Daily Boxed Beef Cutout & Boxed Beef Cuts - Negotiated Sales - PM (PDF) (LM_XB403),2026-09-26T15:00:20+00:00
fb6b722a50387753,2019-02-22,Beef,"Chuck, clod tender (114F  5)",Choice Cuts,,,,Choice,,,,,475.0,485.0,,,484.91,$/cwt,4.8491,per lb,National,wholesale,,,,,,4094.0,lb,,2453,National Daily Boxed Beef Cutout & Boxed Beef Cuts - Negotiated Sales - PM (PDF) (LM_XB403),2026-09-26T15:00:20+00:00
2593a419e213ba43,2019-02-22,Beef,"Chuck, clod, arm roast (114E  3)",Choice Cuts,,,,Choice,,,,,260.0,325.0,,,315.27,$/cwt,3.1527,per lb,National,wholesale,,,,,,19524.0,lb,,2453,National Daily Boxed Beef Cutout & Boxed Beef Cuts - Negotiated Sales - PM (PDF) (LM_XB403),2026-09-26T15:00:20+00:00
bc975cc0ea132358,2019-02-22,Beef,"Chuck, clod, top blade (114D  3)",Choice Cuts,,,,Choice,,,,,355.1,375.0,,,356.31,$/cwt,3.5631,per lb,National,wholesale,,,,,,6124.0,lb,,2453,National Daily Boxed Beef Cutout & Boxed Beef Cuts - Negotiated Sales - PM (PDF) (LM_XB403),2026-09-26T15:00:20+00:00
77d3db45d592e28b,2019-02-22,Beef,"Chuck, flap (116G  4)",Choice Cuts,,,,Choice,,,,,523.9,645.0,,,556.92,$/cwt,5.5692,per lb,National,wholesale,,,,,,10998.0,lb,,2453,National Daily Boxed Beef Cutout & Boxed Beef Cuts - Negotiated Sales - PM (PDF) (LM_XB403),2026-09-26T15:00:20+00:00
f8c5531bf10e9a65,2019-02-22,Beef,"Chuck, roll, lxl, neck/off (116A  3)",Choice Cuts,,,,Choice,,,,,264.34,289.25,,,272.34,$/cwt,2.7234,per lb,National,wholesale,,,,,,106361.0,lb,,2453,National Daily Boxed Beef Cutout & Boxed Beef Cuts - Negotiated Sales - PM (PDF) (LM_XB403),2026-09-26T15:00:20+00:00
13fb41e524a403cf,2019-02-22,Beef,"Chuck, roll, lxl, neck/off (116A  3)",Select Cuts,,,,Select,,,,,266.7,285.0,,,270.67,$/cwt,2.7067,per lb,National,wholesale,,,,,,66653.0,lb,,2453,National Daily Boxed Beef Cutout & Boxed Beef Cuts - Negotiated Sales - PM (PDF) (LM_XB403),2026-09-26T15:00:20+00:00
748b20dd2113cb45,2019-02-22,Beef,"Chuck, roll, retail ready (916A  3)",Choice Cuts,,,,Choice,,,,,282.1,326.7,,,283.76,$/cwt,2.8376,per lb,National,wholesale,,,,,,43447.0,lb,,2453,National Daily Boxed Beef Cutout & Boxed Beef Cuts - Negotiated Sales - PM (PDF) (LM_XB403),2026-09-26T15:00:20+00:00
4d81dcfa352c40a9,2019-02-22,Beef,"Chuck, short rib (130  4)",Choice Cuts,,,,Choice,,,,,313.74,380.8,,,352.42,$/cwt,3.5242,per lb,National,wholesale,,,,,,22839.0,lb,,2453,National Daily Boxed Beef Cutout & Boxed Beef Cuts - Negotiated Sales - PM (PDF) (LM_XB403),2026-09-26T15:00:20+00:00
ce3c84d08713f33c,2019-02-22,Beef,"Chuck, short rib (130  4)",Select Cuts,,,,Select,,,,,304.06,351.5,,,311.61,$/cwt,3.1161,per lb,National,wholesale,,,,,,9366.0,lb,,2453,National Daily Boxed Beef Cutout & Boxed Beef Cuts - Negotiated Sales - PM (PDF) (LM_XB403),2026-09-26T15:00:20+00:00
f69592a57316c9dc,2019-02-22,Beef,"Chuck, shoulder clod (114  1)",Choice Cuts,,,,Choice,,,,,200.5,220.64,,,210.44,$/cwt,2.1044,per lb,National,wholesale,,,,,,8718.0,lb,,2453,National Daily Boxed Beef Cutout & Boxed Beef Cuts - Negotiated Sales - PM (PDF) (LM_XB403),2026-09-26T15:00:20+00:00
c83f3df3cbc50921,2019-02-22,Beef,"Chuck, shoulder clod, trmd (114A  3)",Choice Cuts,,,,Choice,,,,,213.59,234.78,,,218.64,$/cwt,2.1864,per lb,National,wholesale,,,,,,100566.0,lb,,2453,National Daily Boxed Beef Cutout & Boxed Beef Cuts - Negotiated Sales - PM (PDF) (LM_XB403),2026-09-26T15:00:20+00:00
08d65e6c61ff6ef7,2019-02-22,Beef,Cutout 600-900 lb,,,,,Select,,,,,,,,,212.35,$/cwt,2.1235,per lb,National,wholesale,,,,,,,,,2453,National Daily Boxed Beef Cutout & Boxed Beef Cuts - Negotiated Sales - PM (PDF) (LM_XB403),2026-09-26T15:00:20+00:00
a3ae265dff858c4a,2019-02-22,Beef,Cutout 600-900 lb,,,,,Choice,,,,,,,,,219.39,$/cwt,2.1939,per lb,National,wholesale,,,,,,,,,2453,National Daily Boxed Beef Cutout & Boxed Beef Cuts - Negotiated Sales - PM (PDF) (LM_XB403),2026-09-26T15:00:20+00:00
62c95d0fbbc1cdc5,2019-02-22,Beef,"Flank, flank steak (193  4)",Select Cuts,,,,Select,,,,,491.71,507.76,,,497.8,$/cwt,4.978,per lb,National,wholesale,,,,,,10829.0,lb,,2453,National Daily Boxed Beef Cutout & Boxed Beef Cuts - Negotiated Sales - PM (PDF) (LM_XB403),2026-09-26T15:00:20+00:00
5ee06132139148cb,2019-02-22,Beef,Ground Beef 73%,Ground Beef,,,,,,,,,149.64,158.25,,,152.45,$/cwt,1.5245,per lb,National,wholesale,,,,,,222220.0,lb,,2453,National Daily Boxed Beef Cutout & Boxed Beef Cuts - Negotiated Sales - PM (PDF) (LM_XB403),2026-09-26T15:00:20+00:00
9ef9948e9012b5dd,2019-02-22,Beef,Ground Beef 81%,Ground Beef,,,,,,,,,169.0,192.38,,,179.33,$/cwt,1.7933,per lb,National,wholesale,,,,,,49015.0,lb,,2453,National Daily Boxed Beef Cutout & Boxed Beef Cuts - Negotiated Sales - PM (PDF) (LM_XB403),2026-09-26T15:00:20+00:00
d5c0fdaebe926f2e,2019-02-22,Beef,Ground Beef 93%,Ground Beef,,,,,,,,,297.4,305.38,,,305.16,$/cwt,3.0516,per lb,National,wholesale,,,,,,67973.0,lb,,2453,National Daily Boxed Beef Cutout & Boxed Beef Cuts - Negotiated Sales - PM (PDF) (LM_XB403),2026-09-26T15:00:20+00:00
0ebe7755fef968e0,2019-02-22,Beef,Ground Beef Chuck,Ground Beef,,,,,,,,,174.0,201.14,,,186.71,$/cwt,1.8671,per lb,National,wholesale,,,,,,294485.0,lb,,2453,National Daily Boxed Beef Cutout & Boxed Beef Cuts - Negotiated Sales - PM (PDF) (LM_XB403),2026-09-26T15:00:20+00:00
3b148e78983d313b,2019-02-22,Beef,"Loin, ball-tip, bnls, heavy (185B  1)",Choice Cuts,,,,Choice,,,,,257.18,275.0,,,264.96,$/cwt,2.6496,per lb,National,wholesale,,,,,,66030.0,lb,,2453,National Daily Boxed Beef Cutout & Boxed Beef Cuts - Negotiated Sales - PM (PDF) (LM_XB403),2026-09-26T15:00:20+00:00
1aa21ff5882708e4,2019-02-22,Beef,"Loin, ball-tip, bnls, heavy (185B  1)",Select Cuts,,,,Select,,,,,267.76,275.0,,,268.73,$/cwt,2.6873,per lb,National,wholesale,,,,,,3007.0,lb,,2453,National Daily Boxed Beef Cutout & Boxed Beef Cuts - Negotiated Sales - PM (PDF) (LM_XB403),2026-09-26T15:00:20+00:00
24c556cbe2f1b7b2,2019-02-22,Beef,"Loin, bottom sirloin, flap (185A  4)",Choice Cuts,,,,Choice,,,,,501.7,578.25,,,510.25,$/cwt,5.1025,per lb,National,wholesale,,,,,,108351.0,lb,,2453,National Daily Boxed Beef Cutout & Boxed Beef Cuts - Negotiated Sales - PM (PDF) (LM_XB403),2026-09-26T15:00:20+00:00
4845a80752117bf2,2019-02-22,Beef,"Loin, butt tender, trimmed (191A  4)",Choice Cuts,,,,Choice,,,,,887.31,985.0,,,891.18,$/cwt,8.9118,per lb,National,wholesale,,,,,,42743.0,lb,,2453,National Daily Boxed Beef Cutout & Boxed Beef Cuts - Negotiated Sales - PM (PDF) (LM_XB403),2026-09-26T15:00:20+00:00
8bfae716c6b8b6e4,2019-02-22,Beef,"Loin, short loin, 0x1 (174  3)",Choice Cuts,,,,Choice,,,,,510.0,576.5,,,538.45,$/cwt,5.3845,per lb,National,wholesale,,,,,,32020.0,lb,,2453,National Daily Boxed Beef Cutout & Boxed Beef Cuts - Negotiated Sales - PM (PDF) (LM_XB403),2026-09-26T15:00:20+00:00
3110779bc1c0eba0,2019-02-22,Beef,"Loin, short loin, 0x1 (174  3)",Select Cuts,,,,Select,,,,,490.0,530.25,,,492.99,$/cwt,4.9299,per lb,National,wholesale,,,,,,5241.0,lb,,2453,National Daily Boxed Beef Cutout & Boxed Beef Cuts - Negotiated Sales - PM (PDF) (LM_XB403),2026-09-26T15:00:20+00:00
d4711c0896bb2261,2019-02-22,Beef,"Loin, sirloin, tri-tip (185C  1)",Choice Cuts,,,,Choice,,,,,346.5,355.0,,,350.8,$/cwt,3.508,per lb,National,wholesale,,,,,,1271.0,lb,,2453,National Daily Boxed Beef Cutout & Boxed Beef Cuts - Negotiated Sales - PM (PDF) (LM_XB403),2026-09-26T15:00:20+00:00
ab32a76dc2028967,2019-02-22,Beef,"Loin, sirloin, tri-tip (185C  1)",Select Cuts,,,,Select,,,,,261.46,302.67,,,286.42,$/cwt,2.8642,per lb,National,wholesale,,,,,,42946.0,lb,,2453,National Daily Boxed Beef Cutout & Boxed Beef Cuts - Negotiated Sales - PM (PDF) (LM_XB403),2026-09-26T15:00:20+00:00
22d33767a16718a0,2019-02-22,Beef,"Loin, sirloin, tri-tip, pld (185D  4)",Choice Cuts,,,,Choice,,,,,457.0,475.0,,,465.59,$/cwt,4.6559,per lb,National,wholesale,,,,,,1890.0,lb,,2453,National Daily Boxed Beef Cutout & Boxed Beef Cuts - Negotiated Sales - PM (PDF) (LM_XB403),2026-09-26T15:00:20+00:00
d2950cc52de488ac,2019-02-22,Beef,"Loin, strip, bnls, 0x1 (180  3)",Choice Cuts,,,,Choice,,,,,555.0,597.4,,,582.4,$/cwt,5.824,per lb,National,wholesale,,,,,,42210.0,lb,,2453,National Daily Boxed Beef Cutout & Boxed Beef Cuts - Negotiated Sales - PM (PDF) (LM_XB403),2026-09-26T15:00:20+00:00
1d1671b3cf8b7041,2019-02-22,Beef,"Loin, strip, bnls, 0x1 (180  3)",Select Cuts,,,,Select,,,,,528.0,541.45,,,535.97,$/cwt,5.3597,per lb,National,wholesale,,,,,,87110.0,lb,,2453,National Daily Boxed Beef Cutout & Boxed Beef Cuts - Negotiated Sales - PM (PDF) (LM_XB403),2026-09-26T15:00:20+00:00
b2b264cca5987aa5,2019-02-22,Beef,"Loin, tndrloin, trmd, heavy (189A  4)",Choice Cuts,,,,Choice,,,,,1010.0,1142.25,,,1023.65,$/cwt,10.2365,per lb,National,wholesale,,,,,,35178.0,lb,,2453,National Daily Boxed Beef Cutout & Boxed Beef Cuts - Negotiated Sales - PM (PDF) (LM_XB403),2026-09-26T15:00:20+00:00
cbb3b9f0d7d28425,2019-02-22,Beef,"Loin, tndrloin, trmd, heavy (189A  4)",Select Cuts,,,,Select,,,,,977.92,1092.25,,,1041.31,$/cwt,10.4131,per lb,National,wholesale,,,,,,1957.0,lb,,2453,National Daily Boxed Beef Cutout & Boxed Beef Cuts - Negotiated Sales - PM (PDF) (LM_XB403),2026-09-26T15:00:20+00:00
d3d7c046b33d845c,2019-02-22,Beef,"Loin, top butt, CC (184B  3)",Choice Cuts,,,,Choice,,,,,484.64,522.0,,,519.13,$/cwt,5.1913,per lb,National,wholesale,,,,,,13099.0,lb,,2453,National Daily Boxed Beef Cutout & Boxed Beef Cuts - Negotiated Sales - PM (PDF) (LM_XB403),2026-09-26T15:00:20+00:00
71d71d032cf53007,2019-02-22,Beef,"Loin, top butt, boneless (184  3)",Choice Cuts,,,,Choice,,,,,342.18,379.0,,,355.55,$/cwt,3.5555,per lb,National,wholesale,,,,,,72275.0,lb,,2453,National Daily Boxed Beef Cutout & Boxed Beef Cuts - Negotiated Sales - PM (PDF) (LM_XB403),2026-09-26T15:00:20+00:00
ea86e175c27b44a3,2019-02-22,Beef,"Rib, ribeye, bnls, heavy (112A  3)",Choice Cuts,,,,Choice,,,,,754.0,807.81,,,781.16,$/cwt,7.8116,per lb,National,wholesale,,,,,,7831.0,lb,,2453,National Daily Boxed Beef Cutout & Boxed Beef Cuts - Negotiated Sales - PM (PDF) (LM_XB403),2026-09-26T15:00:20+00:00
72fa22a5867e3083,2019-02-22,Beef,"Rib, ribeye, bnls, heavy (112A  3)",Select Cuts,,,,Select,,,,,714.85,729.03,,,723.36,$/cwt,7.2336,per lb,National,wholesale,,,,,,5197.0,lb,,2453,National Daily Boxed Beef Cutout & Boxed Beef Cuts - Negotiated Sales - PM (PDF) (LM_XB403),2026-09-26T15:00:20+00:00
4262b3e8d3faf918,2019-02-22,Beef,"Rib, ribeye, bnls, light (112A  3)",Choice Cuts,,,,Choice,,,,,763.5,815.0,,,787.2,$/cwt,7.872,per lb,National,wholesale,,,,,,14259.0,lb,,2453,National Daily Boxed Beef Cutout & Boxed Beef Cuts - Negotiated Sales - PM (PDF) (LM_XB403),2026-09-26T15:00:20+00:00
5e003fef8063b431,2019-02-22,Beef,"Rib, ribeye, lip-on, bn-in (109E  1)",Choice Cuts,,,,Choice,,,,,680.0,720.0,,,681.3,$/cwt,6.813,per lb,National,wholesale,,,,,,10062.0,lb,,2453,National Daily Boxed Beef Cutout & Boxed Beef Cuts - Negotiated Sales - PM (PDF) (LM_XB403),2026-09-26T15:00:20+00:00
cc2616cf5dda5057,2019-02-22,Beef,"Rib, ribeye, lip-on, bn-in (109E  1)",Select Cuts,,,,Select,,,,,621.75,640.94,,,629.67,$/cwt,6.2967,per lb,National,wholesale,,,,,,3280.0,lb,,2453,National Daily Boxed Beef Cutout & Boxed Beef Cuts - Negotiated Sales - PM (PDF) (LM_XB403),2026-09-26T15:00:20+00:00
a3ce41642a77fd78,2019-02-22,Beef,"Round, eye of round (171C  3)",Choice Cuts,,,,Choice,,,,,262.97,287.26,,,277.01,$/cwt,2.7701,per lb,National,wholesale,,,,,,133963.0,lb,,2453,National Daily Boxed Beef Cutout & Boxed Beef Cuts - Negotiated Sales - PM (PDF) (LM_XB403),2026-09-26T15:00:20+00:00
dd884e4a393f7463,2019-02-22,Beef,"Round, eye of round (171C  3)",Select Cuts,,,,Select,,,,,270.5,280.0,,,273.17,$/cwt,2.7317,per lb,National,wholesale,,,,,,2546.0,lb,,2453,National Daily Boxed Beef Cutout & Boxed Beef Cuts - Negotiated Sales - PM (PDF) (LM_XB403),2026-09-26T15:00:20+00:00
07b8bc890852216e,2019-02-22,Beef,"Round, knuckle, peeled (167A  4)",Choice Cuts,,,,Choice,,,,,246.0,277.25,,,255.44,$/cwt,2.5544,per lb,National,wholesale,,,,,,42948.0,lb,,2453,National Daily Boxed Beef Cutout & Boxed Beef Cuts - Negotiated Sales - PM (PDF) (LM_XB403),2026-09-26T15:00:20+00:00
b8e1468b29ab45c7,2019-02-22,Beef,"Round, outside round (171B  3)",Choice Cuts,,,,Choice,,,,,220.0,251.25,,,232.68,$/cwt,2.3268,per lb,National,wholesale,,,,,,79563.0,lb,,2453,National Daily Boxed Beef Cutout & Boxed Beef Cuts - Negotiated Sales - PM (PDF) (LM_XB403),2026-09-26T15:00:20+00:00
c5d771413a8087fe,2019-02-22,Beef,"Round, outside round (171B  3)",Select Cuts,,,,Select,,,,,222.0,242.76,,,235.46,$/cwt,2.3546,per lb,National,wholesale,,,,,,29719.0,lb,,2453,National Daily Boxed Beef Cutout & Boxed Beef Cuts - Negotiated Sales - PM (PDF) (LM_XB403),2026-09-26T15:00:20+00:00
d1bc448a7f6aa000,2019-02-22,Beef,"Round, top inside round (168  1)",Choice Cuts,,,,Choice,,,,,211.84,215.0,,,214.37,$/cwt,2.1437,per lb,National,wholesale,,,,,,4391.0,lb,,2453,National Daily Boxed Beef Cutout & Boxed Beef Cuts - Negotiated Sales - PM (PDF) (LM_XB403),2026-09-26T15:00:20+00:00
2df9c4f0afe941a5,2019-02-22,Beef,"Round, top inside round (168  3)",Choice Cuts,,,,Choice,,,,,215.0,239.25,,,219.95,$/cwt,2.1995,per lb,National,wholesale,,,,,,56791.0,lb,,2453,National Daily Boxed Beef Cutout & Boxed Beef Cuts - Negotiated Sales - PM (PDF) (LM_XB403),2026-09-26T15:00:20+00:00
038ab3300dde13cf,2019-02-22,Beef,"Round, top inside, denuded (169  5)",Choice Cuts,,,,Choice,,,,,247.38,279.0,,,254.42,$/cwt,2.5442,per lb,National,wholesale,,,,,,46893.0,lb,,2453,National Daily Boxed Beef Cutout & Boxed Beef Cuts - Negotiated Sales - PM (PDF) (LM_XB403),2026-09-26T15:00:20+00:00
bed482ae3d985b7a,2019-02-22,Beef,"Short Plate, short rib (123A  3)",Choice Cuts,,,,Choice,,,,,527.82,587.25,,,576.03,$/cwt,5.7603,per lb,National,wholesale,,,,,,10499.0,lb,,2453,National Daily Boxed Beef Cutout & Boxed Beef Cuts - Negotiated Sales - PM (PDF) (LM_XB403),2026-09-26T15:00:20+00:00
58bbcea40369b608,2019-02-25,Beef,"Brisket, deckle-off, bnls (120  1)",Choice Cuts,,,,Choice,,,,,259.45,284.25,,,265.96,$/cwt,2.6596,per lb,National,wholesale,,,,,,370171.0,lb,,2453,National Daily Boxed Beef Cutout & Boxed Beef Cuts - Negotiated Sales - PM (PDF) (LM_XB403),2026-09-26T15:00:20+00:00
862b0ca7bf23d438,2019-02-25,Beef,"Brisket, deckle-off, bnls (120  1)",Select Cuts,,,,Select,,,,,265.0,273.0,,,269.28,$/cwt,2.6928,per lb,National,wholesale,,,,,,16962.0,lb,,2453,National Daily Boxed Beef Cutout & Boxed Beef Cuts - Negotiated Sales - PM (PDF) (LM_XB403),2026-09-26T15:00:20+00:00
c7ff81670d339235,2019-02-25,Beef,"Brisket, point/off, bnls (120A  3)",Choice Cuts,,,,Choice,,,,,445.0,480.25,,,460.88,$/cwt,4.6088,per lb,National,wholesale,,,,,,6299.0,lb,,2453,National Daily Boxed Beef Cutout & Boxed Beef Cuts - Negotiated Sales - PM (PDF) (LM_XB403),2026-09-26T15:00:20+00:00
4d56e7114fc389f5,2019-02-25,Beef,"Chuck, chuck tender (116B  1)",Choice Cuts,,,,Choice,,,,,231.93,249.0,,,242.97,$/cwt,2.4297,per lb,National,wholesale,,,,,,21103.0,lb,,2453,National Daily Boxed Beef Cutout & Boxed Beef Cuts - Negotiated Sales - PM (PDF) (LM_XB403),2026-09-26T15:00:20+00:00
f8363619bf60cd09,2019-02-25,Beef,"Chuck, chuck tender (116B  1)",Select Cuts,,,,Select,,,,,239.0,253.0,,,241.26,$/cwt,2.4126,per lb,National,wholesale,,,,,,12720.0,lb,,2453,National Daily Boxed Beef Cutout & Boxed Beef Cuts - Negotiated Sales - PM (PDF) (LM_XB403),2026-09-26T15:00:20+00:00
cdc527b82e77017b,2019-02-25,Beef,"Chuck, clod tender (114F  5)",Choice Cuts,,,,Choice,,,,,476.75,485.0,,,484.77,$/cwt,4.8477,per lb,National,wholesale,,,,,,6524.0,lb,,2453,National Daily Boxed Beef Cutout & Boxed Beef Cuts - Negotiated Sales - PM (PDF) (LM_XB403),2026-09-26T15:00:20+00:00
856fed4d343b3f67,2019-02-25,Beef,"Chuck, clod tender (114F  5)",Select Cuts,,,,Select,,,,,460.0,489.69,,,472.82,$/cwt,4.7282,per lb,National,wholesale,,,,,,8018.0,lb,,2453,National Daily Boxed Beef Cutout & Boxed Beef Cuts - Negotiated Sales - PM (PDF) (LM_XB403),2026-09-26T15:00:20+00:00
0175b9935202fd06,2019-02-25,Beef,"Chuck, clod, arm roast (114E  3)",Choice Cuts,,,,Choice,,,,,299.95,306.56,,,300.4,$/cwt,3.004,per lb,National,wholesale,,,,,,9946.0,lb,,2453,National Daily Boxed Beef Cutout & Boxed Beef Cuts - Negotiated Sales - PM (PDF) (LM_XB403),2026-09-26T15:00:20+00:00
c2e656bea1bc455c,2019-02-25,Beef,"Chuck, clod, top blade (114D  3)",Choice Cuts,,,,Choice,,,,,350.36,379.0,,,362.82,$/cwt,3.6282,per lb,National,wholesale,,,,,,8364.0,lb,,2453,National Daily Boxed Beef Cutout & Boxed Beef Cuts - Negotiated Sales - PM (PDF) (LM_XB403),2026-09-26T15:00:20+00:00
43786ed57c440fb5,2019-02-25,Beef,"Chuck, flap (116G  4)",Choice Cuts,,,,Choice,,,,,539.0,588.51,,,549.55,$/cwt,5.4955,per lb,National,wholesale,,,,,,24151.0,lb,,2453,National Daily Boxed Beef Cutout & Boxed Beef Cuts - Negotiated Sales - PM (PDF) (LM_XB403),2026-09-26T15:00:20+00:00
3cdcfc05c2c91fbd,2019-02-25,Beef,"Chuck, flap (116G  4)",Select Cuts,,,,Select,,,,,480.49,485.21,,,481.42,$/cwt,4.8142,per lb,National,wholesale,,,,,,11800.0,lb,,2453,National Daily Boxed Beef Cutout & Boxed Beef Cuts - Negotiated Sales - PM (PDF) (LM_XB403),2026-09-26T15:00:20+00:00
ebbfd23051e785b8,2019-02-25,Beef,"Chuck, roll, lxl, neck/off (116A  3)",Choice Cuts,,,,Choice,,,,,267.75,295.61,,,275.01,$/cwt,2.7501,per lb,National,wholesale,,,,,,123461.0,lb,,2453,National Daily Boxed Beef Cutout & Boxed Beef Cuts - Negotiated Sales - PM (PDF) (LM_XB403),2026-09-26T15:00:20+00:00
0c07dae94ecc497c,2019-02-25,Beef,"Chuck, roll, lxl, neck/off (116A  3)",Select Cuts,,,,Select,,,,,270.0,293.0,,,278.11,$/cwt,2.7811,per lb,National,wholesale,,,,,,57949.0,lb,,2453,National Daily Boxed Beef Cutout & Boxed Beef Cuts - Negotiated Sales - PM (PDF) (LM_XB403),2026-09-26T15:00:20+00:00
be6381ad79570b49,2019-02-25,Beef,"Chuck, semi-bnls, neck/off (113C  1)",Choice Cuts,,,,Choice,,,,,233.64,255.25,,,237.81,$/cwt,2.3781,per lb,National,wholesale,,,,,,36242.0,lb,,2453,National Daily Boxed Beef Cutout & Boxed Beef Cuts - Negotiated Sales - PM (PDF) (LM_XB403),2026-09-26T15:00:20+00:00
9a6b33d36dde7a54,2019-02-25,Beef,"Chuck, short rib (130  4)",Choice Cuts,,,,Choice,,,,,301.65,382.0,,,337.07,$/cwt,3.3707,per lb,National,wholesale,,,,,,27617.0,lb,,2453,National Daily Boxed Beef Cutout & Boxed Beef Cuts - Negotiated Sales - PM (PDF) (LM_XB403),2026-09-26T15:00:20+00:00
9e78c2cde723f21a,2019-02-25,Beef,"Chuck, short rib (130  4)",Select Cuts,,,,Select,,,,,313.02,315.59,,,314.18,$/cwt,3.1418,per lb,National,wholesale,,,,,,2499.0,lb,,2453,National Daily Boxed Beef Cutout & Boxed Beef Cuts - Negotiated Sales - PM (PDF) (LM_XB403),2026-09-26T15:00:20+00:00
c293b1a55f46b1d0,2019-02-25,Beef,"Chuck, shoulder clod (114  1)",Choice Cuts,,,,Choice,,,,,202.25,221.05,,,214.37,$/cwt,2.1437,per lb,National,wholesale,,,,,,31654.0,lb,,2453,National Daily Boxed Beef Cutout & Boxed Beef Cuts - Negotiated Sales - PM (PDF) (LM_XB403),2026-09-26T15:00:20+00:00
174bd6163a3871bb,2019-02-25,Beef,"Chuck, shoulder clod, trmd (114A  3)",Choice Cuts,,,,Choice,,,,,216.0,232.0,,,217.95,$/cwt,2.1795,per lb,National,wholesale,,,,,,110742.0,lb,,2453,National Daily Boxed Beef Cutout & Boxed Beef Cuts - Negotiated Sales - PM (PDF) (LM_XB403),2026-09-26T15:00:20+00:00
f39dffe21758144d,2019-02-25,Beef,"Chuck, shoulder clod, trmd (114A  3)",Select Cuts,,,,Select,,,,,231.02,234.25,,,232.96,$/cwt,2.3296,per lb,National,wholesale,,,,,,12186.0,lb,,2453,National Daily Boxed Beef Cutout & Boxed Beef Cuts - Negotiated Sales - PM (PDF) (LM_XB403),2026-09-26T15:00:20+00:00
31bb4c996139c11a,2019-02-25,Beef,Cutout 600-900 lb,,,,,Choice,,,,,,,,,219.55,$/cwt,2.1955,per lb,National,wholesale,,,,,,,,,2453,National Daily Boxed Beef Cutout & Boxed Beef Cuts - Negotiated Sales - PM (PDF) (LM_XB403),2026-09-26T15:00:20+00:00
6161bfa30b2f65ac,2019-02-25,Beef,Cutout 600-900 lb,,,,,Select,,,,,,,,,214.57,$/cwt,2.1457,per lb,National,wholesale,,,,,,,,,2453,National Daily Boxed Beef Cutout & Boxed Beef Cuts - Negotiated Sales - PM (PDF) (LM_XB403),2026-09-26T15:00:20+00:00
647fffa38c786714,2019-02-25,Beef,"Flank, flank steak (193  4)",Choice Cuts,,,,Choice,,,,,502.0,524.25,,,509.24,$/cwt,5.0924,per lb,National,wholesale,,,,,,36083.0,lb,,2453,National Daily Boxed Beef Cutout & Boxed Beef Cuts - Negotiated Sales - PM (PDF) (LM_XB403),2026-09-26T15:00:20+00:00
ac28824fa81004a3,2019-02-25,Beef,Ground Beef 73%,Ground Beef,,,,,,,,,153.0,175.75,,,163.54,$/cwt,1.6354,per lb,National,wholesale,,,,,,52649.0,lb,,2453,National Daily Boxed Beef Cutout & Boxed Beef Cuts - Negotiated Sales - PM (PDF) (LM_XB403),2026-09-26T15:00:20+00:00
8bd073f49c08afe0,2019-02-25,Beef,Ground Beef 81%,Ground Beef,,,,,,,,,169.03,191.5,,,175.94,$/cwt,1.7594,per lb,National,wholesale,,,,,,260190.0,lb,,2453,National Daily Boxed Beef Cutout & Boxed Beef Cuts - Negotiated Sales - PM (PDF) (LM_XB403),2026-09-26T15:00:20+00:00
78b2a87eb7c25e79,2019-02-25,Beef,Ground Beef 93%,Ground Beef,,,,,,,,,290.0,306.02,,,295.17,$/cwt,2.9517,per lb,National,wholesale,,,,,,18493.0,lb,,2453,National Daily Boxed Beef Cutout & Boxed Beef Cuts - Negotiated Sales - PM (PDF) (LM_XB403),2026-09-26T15:00:20+00:00
b3addda932941c17,2019-02-25,Beef,Ground Beef Chuck,Ground Beef,,,,,,,,,159.31,184.45,,,166.5,$/cwt,1.665,per lb,National,wholesale,,,,,,5413.0,lb,,2453,National Daily Boxed Beef Cutout & Boxed Beef Cuts - Negotiated Sales - PM (PDF) (LM_XB403),2026-09-26T15:00:20+00:00
9bb59401bf4d760c,2019-02-25,Beef,"Loin, ball-tip, bnls, heavy (185B  1)",Choice Cuts,,,,Choice,,,,,268.05,291.0,,,273.21,$/cwt,2.7321,per lb,National,wholesale,,,,,,31156.0,lb,,2453,National Daily Boxed Beef Cutout & Boxed Beef Cuts - Negotiated Sales - PM (PDF) (LM_XB403),2026-09-26T15:00:20+00:00
76a6f3fe31701c39,2019-02-25,Beef,"Loin, ball-tip, bnls, heavy (185B  1)",Select Cuts,,,,Select,,,,,257.05,268.47,,,267.39,$/cwt,2.6739,per lb,National,wholesale,,,,,,4185.0,lb,,2453,National Daily Boxed Beef Cutout & Boxed Beef Cuts - Negotiated Sales - PM (PDF) (LM_XB403),2026-09-26T15:00:20+00:00
2acfebeef6bd98a6,2019-02-25,Beef,"Loin, bottom sirloin, flap (185A  4)",Choice Cuts,,,,Choice,,,,,493.95,552.5,,,508.98,$/cwt,5.0898,per lb,National,wholesale,,,,,,95993.0,lb,,2453,National Daily Boxed Beef Cutout & Boxed Beef Cuts - Negotiated Sales - PM (PDF) (LM_XB403),2026-09-26T15:00:20+00:00
5f732d00f1d256dc,2019-02-25,Beef,"Loin, bottom sirloin, flap (185A  4)",Select Cuts,,,,Select,,,,,487.89,542.0,,,492.1,$/cwt,4.921,per lb,National,wholesale,,,,,,16684.0,lb,,2453,National Daily Boxed Beef Cutout & Boxed Beef Cuts - Negotiated Sales - PM (PDF) (LM_XB403),2026-09-26T15:00:20+00:00
2b50ac58ce07afe8,2019-02-25,Beef,"Loin, butt tender, trimmed (191A  4)",Choice Cuts,,,,Choice,,,,,911.0,1006.0,,,925.18,$/cwt,9.2518,per lb,National,wholesale,,,,,,3469.0,lb,,2453,National Daily Boxed Beef Cutout & Boxed Beef Cuts - Negotiated Sales - PM (PDF) (LM_XB403),2026-09-26T15:00:20+00:00
be692e0a1462f82e,2019-02-25,Beef,"Loin, butt tender, trimmed (191A  4)",Select Cuts,,,,Select,,,,,982.32,1013.88,,,985.02,$/cwt,9.8502,per lb,National,wholesale,,,,,,3087.0,lb,,2453,National Daily Boxed Beef Cutout & Boxed Beef Cuts - Negotiated Sales - PM (PDF) (LM_XB403),2026-09-26T15:00:20+00:00
a75d709c016a2f18,2019-02-25,Beef,"Loin, short loin, 0x1 (174  3)",Choice Cuts,,,,Choice,,,,,535.0,552.04,,,543.89,$/cwt,5.4389,per lb,National,wholesale,,,,,,24076.0,lb,,2453,National Daily Boxed Beef Cutout & Boxed Beef Cuts - Negotiated Sales - PM (PDF) (LM_XB403),2026-09-26T15:00:20+00:00
6593cf7335466bf4,2019-02-25,Beef,"Loin, short loin, 0x1 (174  3)",Select Cuts,,,,Select,,,,,500.0,531.66,,,527.3,$/cwt,5.273,per lb,National,wholesale,,,,,,8365.0,lb,,2453,National Daily Boxed Beef Cutout & Boxed Beef Cuts - Negotiated Sales - PM (PDF) (LM_XB403),2026-09-26T15:00:20+00:00
c370a19aa660759c,2019-02-25,Beef,"Loin, sirloin, tri-tip (185C  1)",Choice Cuts,,,,Choice,,,,,317.0,337.0,,,327.7,$/cwt,3.277,per lb,National,wholesale,,,,,,24661.0,lb,,2453,National Daily Boxed Beef Cutout & Boxed Beef Cuts - Negotiated Sales - PM (PDF) (LM_XB403),2026-09-26T15:00:20+00:00
607f64cc7b44607b,2019-02-25,Beef,"Loin, sirloin, tri-tip, pld (185D  4)",Choice Cuts,,,,Choice,,,,,432.0,481.0,,,457.19,$/cwt,4.5719,per lb,National,wholesale,,,,,,11914.0,lb,,2453,National Daily Boxed Beef Cutout & Boxed Beef Cuts - Negotiated Sales - PM (PDF) (LM_XB403),2026-09-26T15:00:20+00:00
39baca903f798a60,2019-02-25,Beef,"Loin, strip, bnls, 0x1 (180  3)",Choice Cuts,,,,Choice,,,,,555.0,630.0,,,600.0,$/cwt,6.0,per lb,National,wholesale,,,,,,50907.0,lb,,2453,National Daily Boxed Beef Cutout & Boxed Beef Cuts - Negotiated Sales - PM (PDF) (LM_XB403),2026-09-26T15:00:20+00:00
7698d099d383fcbd,2019-02-25,Beef,"Loin, strip, bnls, 0x1 (180  3)",Select Cuts,,,,Select,,,,,505.0,576.66,,,542.89,$/cwt,5.4289,per lb,National,wholesale,,,,,,30201.0,lb,,2453,National Daily Boxed Beef Cutout & Boxed Beef Cuts - Negotiated Sales - PM (PDF) (LM_XB403),2026-09-26T15:00:20+00:00
97df44e749bcf3e4,2019-02-25,Beef,"Loin, tndrloin, trmd, heavy (189A  4)",Choice Cuts,,,,Choice,,,,,1003.54,1051.72,,,1023.53,$/cwt,10.2353,per lb,National,wholesale,,,,,,10993.0,lb,,2453,National Daily Boxed Beef Cutout & Boxed Beef Cuts - Negotiated Sales - PM (PDF) (LM_XB403),2026-09-26T15:00:20+00:00
4b7611549a64f45c,2019-02-25,Beef,"Loin, tndrloin, trmd, heavy (189A  4)",Select Cuts,,,,Select,,,,,1000.0,1020.01,,,1011.8,$/cwt,10.118,per lb,National,wholesale,,,,,,8892.0,lb,,2453,National Daily Boxed Beef Cutout & Boxed Beef Cuts - Negotiated Sales - PM (PDF) (LM_XB403),2026-09-26T15:00:20+00:00
ccbfc1ab3254e5e5,2019-02-25,Beef,"Loin, top butt, CC (184B  3)",Choice Cuts,,,,Choice,,,,,475.46,539.25,,,494.58,$/cwt,4.9458,per lb,National,wholesale,,,,,,26160.0,lb,,2453,National Daily Boxed Beef Cutout & Boxed Beef Cuts - Negotiated Sales - PM (PDF) (LM_XB403),2026-09-26T15:00:20+00:00
81bc9c19de1e4382,2019-02-25,Beef,"Loin, top butt, boneless (184  3)",Choice Cuts,,,,Choice,,,,,352.0,380.0,,,361.97,$/cwt,3.6197,per lb,National,wholesale,,,,,,22879.0,lb,,2453,National Daily Boxed Beef Cutout & Boxed Beef Cuts - Negotiated Sales - PM (PDF) (LM_XB403),2026-09-26T15:00:20+00:00
8dd97088f7917df5,2019-02-25,Beef,"Loin, top butt, boneless (184  3)",Select Cuts,,,,Select,,,,,355.49,368.0,,,360.5,$/cwt,3.605,per lb,National,wholesale,,,,,,22191.0,lb,,2453,National Daily Boxed Beef Cutout & Boxed Beef Cuts - Negotiated Sales - PM (PDF) (LM_XB403),2026-09-26T15:00:20+00:00
919f530470fb6a99,2019-02-25,Beef,"Rib, ribeye, bnls, heavy (112A  3)",Choice Cuts,,,,Choice,,,,,765.0,825.0,,,807.91,$/cwt,8.0791,per lb,National,wholesale,,,,,,28253.0,lb,,2453,National Daily Boxed Beef Cutout & Boxed Beef Cuts - Negotiated Sales - PM (PDF) (LM_XB403),2026-09-26T15:00:20+00:00
189e93719d3250c6,2019-02-25,Beef,"Rib, ribeye, bnls, heavy (112A  3)",Select Cuts,,,,Select,,,,,722.3,741.75,,,729.6,$/cwt,7.296,per lb,National,wholesale,,,,,,12096.0,lb,,2453,National Daily Boxed Beef Cutout & Boxed Beef Cuts - Negotiated Sales - PM (PDF) (LM_XB403),2026-09-26T15:00:20+00:00
0f8c26a30d119abd,2019-02-25,Beef,"Rib, ribeye, bnls, light (112A  3)",Choice Cuts,,,,Choice,,,,,780.0,831.25,,,787.17,$/cwt,7.8717,per lb,National,wholesale,,,,,,37089.0,lb,,2453,National Daily Boxed Beef Cutout & Boxed Beef Cuts - Negotiated Sales - PM (PDF) (LM_XB403),2026-09-26T15:00:20+00:00
afddad7fa1656a2b,2019-02-25,Beef,"Rib, ribeye, bnls, light (112A  3)",Select Cuts,,,,Select,,,,,714.15,739.0,,,725.43,$/cwt,7.2543,per lb,National,wholesale,,,,,,9451.0,lb,,2453,National Daily Boxed Beef Cutout & Boxed Beef Cuts - Negotiated Sales - PM (PDF) (LM_XB403),2026-09-26T15:00:20+00:00
79d465d011323719,2019-02-25,Beef,"Rib, ribeye, lip-on, bn-in (109E  1)",Choice Cuts,,,,Choice,,,,,688.0,730.25,,,689.85,$/cwt,6.8985,per lb,National,wholesale,,,,,,83307.0,lb,,2453,National Daily Boxed Beef Cutout & Boxed Beef Cuts - Negotiated Sales - PM (PDF) (LM_XB403),2026-09-26T15:00:20+00:00
1c6fa32368935f8f,2019-02-25,Beef,"Rib, ribeye, lip-on, bn-in (109E  1)",Select Cuts,,,,Select,,,,,625.0,666.0,,,638.59,$/cwt,6.3859,per lb,National,wholesale,,,,,,4218.0,lb,,2453,National Daily Boxed Beef Cutout & Boxed Beef Cuts - Negotiated Sales - PM (PDF) (LM_XB403),2026-09-26T15:00:20+00:00
e2de3e81afcf6786,2019-02-25,Beef,"Round, bottom gooseneck (170  1)",Choice Cuts,,,,Choice,,,,,199.65,221.75,,,211.73,$/cwt,2.1173,per lb,National,wholesale,,,,,,4005.0,lb,,2453,National Daily Boxed Beef Cutout & Boxed Beef Cuts - Negotiated Sales - PM (PDF) (LM_XB403),2026-09-26T15:00:20+00:00
b6f53c1a4c42c1bb,2019-02-25,Beef,"Round, bottom gooseneck (170  1)",Select Cuts,,,,Select,,,,,197.72,207.65,,,198.41,$/cwt,1.9841,per lb,National,wholesale,,,,,,35393.0,lb,,2453,National Daily Boxed Beef Cutout & Boxed Beef Cuts - Negotiated Sales - PM (PDF) (LM_XB403),2026-09-26T15:00:20+00:00
b094e79db29b96de,2019-02-25,Beef,"Round, eye of round (171C  3)",Choice Cuts,,,,Choice,,,,,270.0,295.0,,,279.96,$/cwt,2.7996,per lb,National,wholesale,,,,,,63201.0,lb,,2453,National Daily Boxed Beef Cutout & Boxed Beef Cuts - Negotiated Sales - PM (PDF) (LM_XB403),2026-09-26T15:00:20+00:00
f121d3f4bd76e8b8,2019-02-25,Beef,"Round, eye of round (171C  3)",Select Cuts,,,,Select,,,,,275.36,291.0,,,280.9,$/cwt,2.809,per lb,National,wholesale,,,,,,6019.0,lb,,2453,National Daily Boxed Beef Cutout & Boxed Beef Cuts - Negotiated Sales - PM (PDF) (LM_XB403),2026-09-26T15:00:20+00:00
88cfd301995c8d7b,2019-02-25,Beef,"Round, knuckle, peeled (167A  4)",Choice Cuts,,,,Choice,,,,,246.0,270.0,,,251.59,$/cwt,2.5159,per lb,National,wholesale,,,,,,189991.0,lb,,2453,National Daily Boxed Beef Cutout & Boxed Beef Cuts - Negotiated Sales - PM (PDF) (LM_XB403),2026-09-26T15:00:20+00:00
366b36fa832573c5,2019-02-25,Beef,"Round, knuckle, peeled (167A  4)",Select Cuts,,,,Select,,,,,253.75,269.0,,,260.48,$/cwt,2.6048,per lb,National,wholesale,,,,,,6923.0,lb,,2453,National Daily Boxed Beef Cutout & Boxed Beef Cuts - Negotiated Sales - PM (PDF) (LM_XB403),2026-09-26T15:00:20+00:00
e53c76c53abb2aac,2019-02-25,Beef,"Round, outside round (171B  3)",Choice Cuts,,,,Choice,,,,,227.77,250.0,,,237.31,$/cwt,2.3731,per lb,National,wholesale,,,,,,104500.0,lb,,2453,National Daily Boxed Beef Cutout & Boxed Beef Cuts - Negotiated Sales - PM (PDF) (LM_XB403),2026-09-26T15:00:20+00:00
d4067d8ce90af80b,2019-02-25,Beef,"Round, outside round (171B  3)",Select Cuts,,,,Select,,,,,222.0,250.25,,,246.31,$/cwt,2.4631,per lb,National,wholesale,,,,,,8191.0,lb,,2453,National Daily Boxed Beef Cutout & Boxed Beef Cuts - Negotiated Sales - PM (PDF) (LM_XB403),2026-09-26T15:00:20+00:00
6352515f09119b5b,2019-02-25,Beef,"Round, top inside round (168  1)",Choice Cuts,,,,Choice,,,,,212.0,215.0,,,212.96,$/cwt,2.1296,per lb,National,wholesale,,,,,,23948.0,lb,,2453,National Daily Boxed Beef Cutout & Boxed Beef Cuts - Negotiated Sales - PM (PDF) (LM_XB403),2026-09-26T15:00:20+00:00
c56926f0d51d6b35,2019-02-25,Beef,"Round, top inside round (168  3)",Choice Cuts,,,,Choice,,,,,213.27,239.0,,,217.76,$/cwt,2.1776,per lb,National,wholesale,,,,,,56619.0,lb,,2453,National Daily Boxed Beef Cutout & Boxed Beef Cuts - Negotiated Sales - PM (PDF) (LM_XB403),2026-09-26T15:00:20+00:00
67df02caf051ea73,2019-02-25,Beef,"Round, top inside round (168  3)",Select Cuts,,,,Select,,,,,213.53,237.0,,,216.96,$/cwt,2.1696,per lb,National,wholesale,,,,,,43876.0,lb,,2453,National Daily Boxed Beef Cutout & Boxed Beef Cuts - Negotiated Sales - PM (PDF) (LM_XB403),2026-09-26T15:00:20+00:00
3a2dcd2a9f7b9f15,2019-02-25,Beef,"Round, top inside, cap off (169A  5)",Choice Cuts,,,,Choice,,,,,286.0,317.05,,,295.12,$/cwt,2.9512,per lb,National,wholesale,,,,,,25189.0,lb,,2453,National Daily Boxed Beef Cutout & Boxed Beef Cuts - Negotiated Sales - PM (PDF) (LM_XB403),2026-09-26T15:00:20+00:00
5dd4d09f2912d47e,2019-02-25,Beef,"Round, top inside, denuded (169  5)",Choice Cuts,,,,Choice,,,,,244.0,276.0,,,250.26,$/cwt,2.5026,per lb,National,wholesale,,,,,,46772.0,lb,,2453,National Daily Boxed Beef Cutout & Boxed Beef Cuts - Negotiated Sales - PM (PDF) (LM_XB403),2026-09-26T15:00:20+00:00
733f3af1d78b9996,2019-02-25,Beef,"Short Plate, short rib (123A  3)",Choice Cuts,,,,Choice,,,,,505.82,580.5,,,556.16,$/cwt,5.5616,per lb,National,wholesale,,,,,,33349.0,lb,,2453,National Daily Boxed Beef Cutout & Boxed Beef Cuts - Negotiated Sales - PM (PDF) (LM_XB403),2026-09-26T15:00:20+00:00
631f043984bfb72b,2019-02-26,Beef,"Brisket, deckle-off, bnls (120  1)",Choice Cuts,,,,Choice,,,,,263.0,290.75,,,275.46,$/cwt,2.7546,per lb,National,wholesale,,,,,,101617.0,lb,,2453,National Daily Boxed Beef Cutout & Boxed Beef Cuts - Negotiated Sales - PM (PDF) (LM_XB403),2026-09-26T15:00:20+00:00
a1eca3d6140b32ce,2019-02-26,Beef,"Brisket, deckle-off, bnls (120  1)",Select Cuts,,,,Select,,,,,264.45,275.3,,,270.83,$/cwt,2.7083,per lb,National,wholesale,,,,,,12035.0,lb,,2453,National Daily Boxed Beef Cutout & Boxed Beef Cuts - Negotiated Sales - PM (PDF) (LM_XB403),2026-09-26T15:00:20+00:00
e7ce2cf0dde85370,2019-02-26,Beef,"Brisket, point/off, bnls (120A  3)",Choice Cuts,,,,Choice,,,,,445.0,495.0,,,456.6,$/cwt,4.566,per lb,National,wholesale,,,,,,5284.0,lb,,2453,National Daily Boxed Beef Cutout & Boxed Beef Cuts - Negotiated Sales - PM (PDF) (LM_XB403),2026-09-26T15:00:20+00:00
624f57c2635d67a7,2019-02-26,Beef,"Chuck, chuck tender (116B  1)",Choice Cuts,,,,Choice,,,,,233.7,256.75,,,238.39,$/cwt,2.3839,per lb,National,wholesale,,,,,,28984.0,lb,,2453,National Daily Boxed Beef Cutout & Boxed Beef Cuts - Negotiated Sales - PM (PDF) (LM_XB403),2026-09-26T15:00:20+00:00
ecc87494e02979f7,2019-02-26,Beef,"Chuck, clod tender (114F  5)",Choice Cuts,,,,Choice,,,,,473.75,491.75,,,484.84,$/cwt,4.8484,per lb,National,wholesale,,,,,,3487.0,lb,,2453,National Daily Boxed Beef Cutout & Boxed Beef Cuts - Negotiated Sales - PM (PDF) (LM_XB403),2026-09-26T15:00:20+00:00
df5280922c4059b5,2019-02-26,Beef,"Chuck, clod tender (114F  5)",Select Cuts,,,,Select,,,,,473.0,483.37,,,475.39,$/cwt,4.7539,per lb,National,wholesale,,,,,,3897.0,lb,,2453,National Daily Boxed Beef Cutout & Boxed Beef Cuts - Negotiated Sales - PM (PDF) (LM_XB403),2026-09-26T15:00:20+00:00
c2a0a83124c11f21,2019-02-26,Beef,"Chuck, clod, arm roast (114E  3)",Choice Cuts,,,,Choice,,,,,290.0,305.46,,,298.01,$/cwt,2.9801,per lb,National,wholesale,,,,,,6621.0,lb,,2453,National Daily Boxed Beef Cutout & Boxed Beef Cuts - Negotiated Sales - PM (PDF) (LM_XB403),2026-09-26T15:00:20+00:00
db10451978084e50,2019-02-26,Beef,"Chuck, clod, top blade (114D  3)",Choice Cuts,,,,Choice,,,,,349.59,363.43,,,351.98,$/cwt,3.5198,per lb,National,wholesale,,,,,,3471.0,lb,,2453,National Daily Boxed Beef Cutout & Boxed Beef Cuts - Negotiated Sales - PM (PDF) (LM_XB403),2026-09-26T15:00:20+00:00
db69244da664dd07,2019-02-26,Beef,"Chuck, flap (116G  4)",Choice Cuts,,,,Choice,,,,,510.84,544.71,,,526.59,$/cwt,5.2659,per lb,National,wholesale,,,,,,18644.0,lb,,2453,National Daily Boxed Beef Cutout & Boxed Beef Cuts - Negotiated Sales - PM (PDF) (LM_XB403),2026-09-26T15:00:20+00:00
a864da0b05698490,2019-02-26,Beef,"Chuck, flap (116G  4)",Select Cuts,,,,Select,,,,,475.84,501.15,,,481.91,$/cwt,4.8191,per lb,National,wholesale,,,,,,19139.0,lb,,2453,National Daily Boxed Beef Cutout & Boxed Beef Cuts - Negotiated Sales - PM (PDF) (LM_XB403),2026-09-26T15:00:20+00:00
0b5d391e43e0819f,2019-02-26,Beef,"Chuck, roll, lxl, neck/off (116A  3)",Choice Cuts,,,,Choice,,,,,266.0,301.05,,,273.82,$/cwt,2.7382,per lb,National,wholesale,,,,,,135997.0,lb,,2453,National Daily Boxed Beef Cutout & Boxed Beef Cuts - Negotiated Sales - PM (PDF) (LM_XB403),2026-09-26T15:00:20+00:00
2e83e20c7e402f82,2019-02-26,Beef,"Chuck, roll, lxl, neck/off (116A  3)",Select Cuts,,,,Select,,,,,266.0,290.3,,,270.31,$/cwt,2.7031,per lb,National,wholesale,,,,,,57682.0,lb,,2453,National Daily Boxed Beef Cutout & Boxed Beef Cuts - Negotiated Sales - PM (PDF) (LM_XB403),2026-09-26T15:00:20+00:00
c9a779fa488f02f5,2019-02-26,Beef,"Chuck, semi-bnls, neck/off (113C  1)",Choice Cuts,,,,Choice,,,,,231.31,250.0,,,236.55,$/cwt,2.3655,per lb,National,wholesale,,,,,,5502.0,lb,,2453,National Daily Boxed Beef Cutout & Boxed Beef Cuts - Negotiated Sales - PM (PDF) (LM_XB403),2026-09-26T15:00:20+00:00
fb227be222e33014,2019-02-26,Beef,"Chuck, short rib (130  4)",Choice Cuts,,,,Choice,,,,,356.75,398.41,,,377.12,$/cwt,3.7712,per lb,National,wholesale,,,,,,37662.0,lb,,2453,National Daily Boxed Beef Cutout & Boxed Beef Cuts - Negotiated Sales - PM (PDF) (LM_XB403),2026-09-26T15:00:20+00:00
30b93b0bb4a391ef,2019-02-26,Beef,"Chuck, short rib (130  4)",Select Cuts,,,,Select,,,,,311.15,315.0,,,312.35,$/cwt,3.1235,per lb,National,wholesale,,,,,,5261.0,lb,,2453,National Daily Boxed Beef Cutout & Boxed Beef Cuts - Negotiated Sales - PM (PDF) (LM_XB403),2026-09-26T15:00:20+00:00
4aeb5a34739435b0,2019-02-26,Beef,"Chuck, shoulder clod (114  1)",Choice Cuts,,,,Choice,,,,,205.0,222.0,,,217.56,$/cwt,2.1756,per lb,National,wholesale,,,,,,7148.0,lb,,2453,National Daily Boxed Beef Cutout & Boxed Beef Cuts - Negotiated Sales - PM (PDF) (LM_XB403),2026-09-26T15:00:20+00:00
0f1f9acee3af6f48,2019-02-26,Beef,"Chuck, shoulder clod, trmd (114A  3)",Choice Cuts,,,,Choice,,,,,211.0,236.0,,,219.15,$/cwt,2.1915,per lb,National,wholesale,,,,,,74792.0,lb,,2453,National Daily Boxed Beef Cutout & Boxed Beef Cuts - Negotiated Sales - PM (PDF) (LM_XB403),2026-09-26T15:00:20+00:00
9b44839b59e61417,2019-02-26,Beef,"Chuck, shoulder clod, trmd (114A  3)",Select Cuts,,,,Select,,,,,212.01,234.25,,,226.75,$/cwt,2.2675,per lb,National,wholesale,,,,,,5842.0,lb,,2453,National Daily Boxed Beef Cutout & Boxed Beef Cuts - Negotiated Sales - PM (PDF) (LM_XB403),2026-09-26T15:00:20+00:00
1896fca60e18b75e,2019-02-26,Beef,Cutout 600-900 lb,,,,,Select,,,,,,,,,213.73,$/cwt,2.1373,per lb,National,wholesale,,,,,,,,,2453,National Daily Boxed Beef Cutout & Boxed Beef Cuts - Negotiated Sales - PM (PDF) (LM_XB403),2026-09-26T15:00:20+00:00
b134f150f2fdd450,2019-02-26,Beef,Cutout 600-900 lb,,,,,Choice,,,,,,,,,219.67,$/cwt,2.1967,per lb,National,wholesale,,,,,,,,,2453,National Daily Boxed Beef Cutout & Boxed Beef Cuts - Negotiated Sales - PM (PDF) (LM_XB403),2026-09-26T15:00:20+00:00
67d91061439a471f,2019-02-26,Beef,"Flank, flank steak (193  4)",Choice Cuts,,,,Choice,,,,,502.75,532.25,,,512.19,$/cwt,5.1219,per lb,National,wholesale,,,,,,19939.0,lb,,2453,National Daily Boxed Beef Cutout & Boxed Beef Cuts - Negotiated Sales - PM (PDF) (LM_XB403),2026-09-26T15:00:20+00:00
080914e11835227c,2019-02-26,Beef,"Flank, flank steak (193  4)",Select Cuts,,,,Select,,,,,490.0,510.3,,,490.56,$/cwt,4.9056,per lb,National,wholesale,,,,,,11037.0,lb,,2453,National Daily Boxed Beef Cutout & Boxed Beef Cuts - Negotiated Sales - PM (PDF) (LM_XB403),2026-09-26T15:00:20+00:00
43536f39f2a2fec8,2019-02-26,Beef,Ground Beef 73%,Ground Beef,,,,,,,,,152.0,171.64,,,157.42,$/cwt,1.5742,per lb,National,wholesale,,,,,,90687.0,lb,,2453,National Daily Boxed Beef Cutout & Boxed Beef Cuts - Negotiated Sales - PM (PDF) (LM_XB403),2026-09-26T15:00:20+00:00
ab623d5b58c89033,2019-02-26,Beef,Ground Beef 81%,Ground Beef,,,,,,,,,169.0,196.56,,,179.79,$/cwt,1.7979,per lb,National,wholesale,,,,,,109649.0,lb,,2453,National Daily Boxed Beef Cutout & Boxed Beef Cuts - Negotiated Sales - PM (PDF) (LM_XB403),2026-09-26T15:00:20+00:00
1e9fb85ccb35e897,2019-02-26,Beef,Ground Beef Chuck,Ground Beef,,,,,,,,,179.0,196.0,,,185.01,$/cwt,1.8501,per lb,National,wholesale,,,,,,130998.0,lb,,2453,National Daily Boxed Beef Cutout & Boxed Beef Cuts - Negotiated Sales - PM (PDF) (LM_XB403),2026-09-26T15:00:20+00:00
8cf090885d3d89d4,2019-02-26,Beef,Ground Beef Round,Ground Beef,,,,,,,,,247.89,253.27,,,249.89,$/cwt,2.4989,per lb,National,wholesale,,,,,,14581.0,lb,,2453,National Daily Boxed Beef Cutout & Boxed Beef Cuts - Negotiated Sales - PM (PDF) (LM_XB403),2026-09-26T15:00:20+00:00
ecaa29b9dcf1c6da,2019-02-26,Beef,"Loin, ball-tip, bnls, heavy (185B  1)",Choice Cuts,,,,Choice,,,,,257.5,285.75,,,268.6,$/cwt,2.686,per lb,National,wholesale,,,,,,19380.0,lb,,2453,National Daily Boxed Beef Cutout & Boxed Beef Cuts - Negotiated Sales - PM (PDF) (LM_XB403),2026-09-26T15:00:20+00:00
4cb942ef559e2ddc,2019-02-26,Beef,"Loin, ball-tip, bnls, heavy (185B  1)",Select Cuts,,,,Select,,,,,260.3,291.0,,,278.24,$/cwt,2.7824,per lb,National,wholesale,,,,,,6472.0,lb,,2453,National Daily Boxed Beef Cutout & Boxed Beef Cuts - Negotiated Sales - PM (PDF) (LM_XB403),2026-09-26T15:00:20+00:00
5eaec6874383f3e6,2019-02-26,Beef,"Loin, bottom sirloin, flap (185A  4)",Choice Cuts,,,,Choice,,,,,500.2,571.5,,,517.79,$/cwt,5.1779,per lb,National,wholesale,,,,,,48817.0,lb,,2453,National Daily Boxed Beef Cutout & Boxed Beef Cuts - Negotiated Sales - PM (PDF) (LM_XB403),2026-09-26T15:00:20+00:00
1226eb1b4f5f6c3c,2019-02-26,Beef,"Loin, bottom sirloin, flap (185A  4)",Select Cuts,,,,Select,,,,,477.0,545.0,,,480.16,$/cwt,4.8016,per lb,National,wholesale,,,,,,127560.0,lb,,2453,National Daily Boxed Beef Cutout & Boxed Beef Cuts - Negotiated Sales - PM (PDF) (LM_XB403),2026-09-26T15:00:20+00:00
b9120d05cb479dbc,2019-02-26,Beef,"Loin, butt tender, trimmed (191A  4)",Choice Cuts,,,,Choice,,,,,919.69,995.0,,,925.17,$/cwt,9.2517,per lb,National,wholesale,,,,,,16071.0,lb,,2453,National Daily Boxed Beef Cutout & Boxed Beef Cuts - Negotiated Sales - PM (PDF) (LM_XB403),2026-09-26T15:00:20+00:00
1d2fdf507b1cf45d,2019-02-26,Beef,"Loin, short loin, 0x1 (174  3)",Choice Cuts,,,,Choice,,,,,529.76,573.0,,,530.57,$/cwt,5.3057,per lb,National,wholesale,,,,,,255540.0,lb,,2453,National Daily Boxed Beef Cutout & Boxed Beef Cuts - Negotiated Sales - PM (PDF) (LM_XB403),2026-09-26T15:00:20+00:00
33c179d7162a45d0,2019-02-26,Beef,"Loin, short loin, 0x1 (174  3)",Select Cuts,,,,Select,,,,,504.0,530.25,,,527.2,$/cwt,5.272,per lb,National,wholesale,,,,,,15041.0,lb,,2453,National Daily Boxed Beef Cutout & Boxed Beef Cuts - Negotiated Sales - PM (PDF) (LM_XB403),2026-09-26T15:00:20+00:00
e4157e5a308b553f,2019-02-26,Beef,"Loin, sirloin, tri-tip (185C  1)",Choice Cuts,,,,Choice,,,,,317.0,350.75,,,325.35,$/cwt,3.2535,per lb,National,wholesale,,,,,,31812.0,lb,,2453,National Daily Boxed Beef Cutout & Boxed Beef Cuts - Negotiated Sales - PM (PDF) (LM_XB403),2026-09-26T15:00:20+00:00
8852094ad7cd272f,2019-02-26,Beef,"Loin, sirloin, tri-tip (185C  1)",Select Cuts,,,,Select,,,,,280.0,310.75,,,290.88,$/cwt,2.9088,per lb,National,wholesale,,,,,,22618.0,lb,,2453,National Daily Boxed Beef Cutout & Boxed Beef Cuts - Negotiated Sales - PM (PDF) (LM_XB403),2026-09-26T15:00:20+00:00
80110342b57cb020,2019-02-26,Beef,"Loin, sirloin, tri-tip, pld (185D  4)",Choice Cuts,,,,Choice,,,,,451.44,477.0,,,460.06,$/cwt,4.6006,per lb,National,wholesale,,,,,,6689.0,lb,,2453,National Daily Boxed Beef Cutout & Boxed Beef Cuts - Negotiated Sales - PM (PDF) (LM_XB403),2026-09-26T15:00:20+00:00
7831adff9fbe0c16,2019-02-26,Beef,"Loin, strip loin bnls. 1x1 (  1)",Choice Cuts,,,,Choice,,,,,505.0,505.0,,,505.0,$/cwt,5.05,per lb,National,wholesale,,,,,,1470.0,lb,,2453,National Daily Boxed Beef Cutout & Boxed Beef Cuts - Negotiated Sales - PM (PDF) (LM_XB403),2026-09-26T15:00:20+00:00
cfd371bbf0009e54,2019-02-26,Beef,"Loin, strip loin, 1x1 (175  3)",Choice Cuts,,,,Choice,,,,,516.0,531.75,,,528.98,$/cwt,5.2898,per lb,National,wholesale,,,,,,42450.0,lb,,2453,National Daily Boxed Beef Cutout & Boxed Beef Cuts - Negotiated Sales - PM (PDF) (LM_XB403),2026-09-26T15:00:20+00:00
8ab20f3cede1b5be,2019-02-26,Beef,"Loin, strip, bnls, 0x1 (180  3)",Choice Cuts,,,,Choice,,,,,555.0,625.0,,,601.45,$/cwt,6.0145,per lb,National,wholesale,,,,,,73131.0,lb,,2453,National Daily Boxed Beef Cutout & Boxed Beef Cuts - Negotiated Sales - PM (PDF) (LM_XB403),2026-09-26T15:00:20+00:00
a96fb9060be686d1,2019-02-26,Beef,"Loin, strip, bnls, 0x1 (180  3)",Select Cuts,,,,Select,,,,,520.75,549.61,,,530.63,$/cwt,5.3063,per lb,National,wholesale,,,,,,53317.0,lb,,2453,National Daily Boxed Beef Cutout & Boxed Beef Cuts - Negotiated Sales - PM (PDF) (LM_XB403),2026-09-26T15:00:20+00:00
4d4d745540458636,2019-02-26,Beef,"Loin, tndrloin, trmd, heavy (189A  4)",Choice Cuts,,,,Choice,,,,,984.54,1139.0,,,994.18,$/cwt,9.9418,per lb,National,wholesale,,,,,,200448.0,lb,,2453,National Daily Boxed Beef Cutout & Boxed Beef Cuts - Negotiated Sales - PM (PDF) (LM_XB403),2026-09-26T15:00:20+00:00
14fea94a2cf69489,2019-02-26,Beef,"Loin, tndrloin, trmd, heavy (189A  4)",Select Cuts,,,,Select,,,,,979.54,1096.0,,,981.01,$/cwt,9.8101,per lb,National,wholesale,,,,,,318872.0,lb,,2453,National Daily Boxed Beef Cutout & Boxed Beef Cuts - Negotiated Sales - PM (PDF) (LM_XB403),2026-09-26T15:00:20+00:00
c26d8708214b591f,2019-02-26,Beef,"Loin, top butt, CC (184B  3)",Choice Cuts,,,,Choice,,,,,469.16,536.5,,,474.56,$/cwt,4.7456,per lb,National,wholesale,,,,,,232129.0,lb,,2453,National Daily Boxed Beef Cutout & Boxed Beef Cuts - Negotiated Sales - PM (PDF) (LM_XB403),2026-09-26T15:00:20+00:00
0b42dede2fd228d4,2019-02-26,Beef,"Loin, top butt, bnls, heavy (184  1)",Choice Cuts,,,,Choice,,,,,317.04,359.82,,,331.44,$/cwt,3.3144,per lb,National,wholesale,,,,,,16282.0,lb,,2453,National Daily Boxed Beef Cutout & Boxed Beef Cuts - Negotiated Sales - PM (PDF) (LM_XB403),2026-09-26T15:00:20+00:00
d267a5f842a64603,2019-02-26,Beef,"Loin, top butt, bnls, heavy (184  1)",Select Cuts,,,,Select,,,,,338.61,359.82,,,341.53,$/cwt,3.4153,per lb,National,wholesale,,,,,,5447.0,lb,,2453,National Daily Boxed Beef Cutout & Boxed Beef Cuts - Negotiated Sales - PM (PDF) (LM_XB403),2026-09-26T15:00:20+00:00
3ef8252f43880abb,2019-02-26,Beef,"Loin, top butt, boneless (184  3)",Choice Cuts,,,,Choice,,,,,340.0,365.63,,,340.94,$/cwt,3.4094,per lb,National,wholesale,,,,,,255931.0,lb,,2453,National Daily Boxed Beef Cutout & Boxed Beef Cuts - Negotiated Sales - PM (PDF) (LM_XB403),2026-09-26T15:00:20+00:00
e72fbe716f7691fc,2019-02-26,Beef,"Loin, top butt, boneless (184  3)",Select Cuts,,,,Select,,,,,349.0,360.3,,,356.39,$/cwt,3.5639,per lb,National,wholesale,,,,,,4191.0,lb,,2453,National Daily Boxed Beef Cutout & Boxed Beef Cuts - Negotiated Sales - PM (PDF) (LM_XB403),2026-09-26T15:00:20+00:00
4c9f788f79bfaade,2019-02-26,Beef,"Rib, ribeye, bnls, heavy (112A  3)",Choice Cuts,,,,Choice,,,,,756.5,810.0,,,777.29,$/cwt,7.7729,per lb,National,wholesale,,,,,,64153.0,lb,,2453,National Daily Boxed Beef Cutout & Boxed Beef Cuts - Negotiated Sales - PM (PDF) (LM_XB403),2026-09-26T15:00:20+00:00
e3dc4a5e30ba87c6,2019-02-26,Beef,"Rib, ribeye, bnls, heavy (112A  3)",Select Cuts,,,,Select,,,,,713.0,735.0,,,725.0,$/cwt,7.25,per lb,National,wholesale,,,,,,14160.0,lb,,2453,National Daily Boxed Beef Cutout & Boxed Beef Cuts - Negotiated Sales - PM (PDF) (LM_XB403),2026-09-26T15:00:20+00:00
995c49290ea71da8,2019-02-26,Beef,"Rib, ribeye, bnls, light (112A  3)",Choice Cuts,,,,Choice,,,,,777.75,828.5,,,782.41,$/cwt,7.8241,per lb,National,wholesale,,,,,,77415.0,lb,,2453,National Daily Boxed Beef Cutout & Boxed Beef Cuts - Negotiated Sales - PM (PDF) (LM_XB403),2026-09-26T15:00:20+00:00
ba5f5ef25b0782ac,2019-02-26,Beef,"Rib, ribeye, bnls, light (112A  3)",Select Cuts,,,,Select,,,,,680.0,680.0,,,680.0,$/cwt,6.8,per lb,National,wholesale,,,,,,119844.0,lb,,2453,National Daily Boxed Beef Cutout & Boxed Beef Cuts - Negotiated Sales - PM (PDF) (LM_XB403),2026-09-26T15:00:20+00:00
866b3960d07f7edc,2019-02-26,Beef,"Rib, ribeye, lip-on, bn-in (109E  1)",Choice Cuts,,,,Choice,,,,,680.0,732.48,,,689.81,$/cwt,6.8981,per lb,National,wholesale,,,,,,44537.0,lb,,2453,National Daily Boxed Beef Cutout & Boxed Beef Cuts - Negotiated Sales - PM (PDF) (LM_XB403),2026-09-26T15:00:20+00:00
af76224c347a1c28,2019-02-26,Beef,"Round, bottom gooseneck (170  1)",Choice Cuts,,,,Choice,,,,,206.05,231.75,,,222.96,$/cwt,2.2296,per lb,National,wholesale,,,,,,2142.0,lb,,2453,National Daily Boxed Beef Cutout & Boxed Beef Cuts - Negotiated Sales - PM (PDF) (LM_XB403),2026-09-26T15:00:20+00:00
46043e39d9cc2730,2019-02-26,Beef,"Round, eye of round (171C  3)",Choice Cuts,,,,Choice,,,,,269.48,295.0,,,277.69,$/cwt,2.7769,per lb,National,wholesale,,,,,,60368.0,lb,,2453,National Daily Boxed Beef Cutout & Boxed Beef Cuts - Negotiated Sales - PM (PDF) (LM_XB403),2026-09-26T15:00:20+00:00
aff667e087a8fdfb,2019-02-26,Beef,"Round, eye of round (171C  3)",Select Cuts,,,,Select,,,,,279.45,288.3,,,280.31,$/cwt,2.8031,per lb,National,wholesale,,,,,,30090.0,lb,,2453,National Daily Boxed Beef Cutout & Boxed Beef Cuts - Negotiated Sales - PM (PDF) (LM_XB403),2026-09-26T15:00:20+00:00
cd6261709e359e19,2019-02-26,Beef,"Round, knuckle, peeled (167A  4)",Choice Cuts,,,,Choice,,,,,242.0,282.5,,,256.03,$/cwt,2.5603,per lb,National,wholesale,,,,,,170729.0,lb,,2453,National Daily Boxed Beef Cutout & Boxed Beef Cuts - Negotiated Sales - PM (PDF) (LM_XB403),2026-09-26T15:00:20+00:00
8a892fd7162b240a,2019-02-26,Beef,"Round, knuckle, peeled (167A  4)",Select Cuts,,,,Select,,,,,249.0,258.3,,,253.65,$/cwt,2.5365,per lb,National,wholesale,,,,,,6682.0,lb,,2453,National Daily Boxed Beef Cutout & Boxed Beef Cuts - Negotiated Sales - PM (PDF) (LM_XB403),2026-09-26T15:00:20+00:00
cebd0b6a939a2159,2019-02-26,Beef,"Round, outside round (171B  3)",Choice Cuts,,,,Choice,,,,,220.0,259.5,,,233.03,$/cwt,2.3303,per lb,National,wholesale,,,,,,257192.0,lb,,2453,National Daily Boxed Beef Cutout & Boxed Beef Cuts - Negotiated Sales - PM (PDF) (LM_XB403),2026-09-26T15:00:20+00:00
c9cbab5a9be43f9d,2019-02-26,Beef,"Round, outside round (171B  3)",Select Cuts,,,,Select,,,,,236.25,245.45,,,239.95,$/cwt,2.3995,per lb,National,wholesale,,,,,,10306.0,lb,,2453,National Daily Boxed Beef Cutout & Boxed Beef Cuts - Negotiated Sales - PM (PDF) (LM_XB403),2026-09-26T15:00:20+00:00
7dbcb4ebc45022cb,2019-02-26,Beef,"Round, top inside round (168  1)",Choice Cuts,,,,Choice,,,,,204.42,215.0,,,205.69,$/cwt,2.0569,per lb,National,wholesale,,,,,,181820.0,lb,,2453,National Daily Boxed Beef Cutout & Boxed Beef Cuts - Negotiated Sales - PM (PDF) (LM_XB403),2026-09-26T15:00:20+00:00
5e1f12a00d918f14,2019-02-26,Beef,"Round, top inside round (168  1)",Select Cuts,,,,Select,,,,,210.97,226.22,,,214.96,$/cwt,2.1496,per lb,National,wholesale,,,,,,34537.0,lb,,2453,National Daily Boxed Beef Cutout & Boxed Beef Cuts - Negotiated Sales - PM (PDF) (LM_XB403),2026-09-26T15:00:20+00:00
a8dc1580c5e61c96,2019-02-26,Beef,"Round, top inside round (168  3)",Choice Cuts,,,,Choice,,,,,214.59,235.0,,,217.74,$/cwt,2.1774,per lb,National,wholesale,,,,,,587055.0,lb,,2453,National Daily Boxed Beef Cutout & Boxed Beef Cuts - Negotiated Sales - PM (PDF) (LM_XB403),2026-09-26T15:00:20+00:00
56773d5d3a46dead,2019-02-26,Beef,"Round, top inside round (168  3)",Select Cuts,,,,Select,,,,,220.0,230.3,,,221.8,$/cwt,2.218,per lb,National,wholesale,,,,,,16521.0,lb,,2453,National Daily Boxed Beef Cutout & Boxed Beef Cuts - Negotiated Sales - PM (PDF) (LM_XB403),2026-09-26T15:00:20+00:00
6722189bfea79554,2019-02-26,Beef,"Round, top inside, cap off (169A  5)",Choice Cuts,,,,Choice,,,,,300.0,306.29,,,305.29,$/cwt,3.0529,per lb,National,wholesale,,,,,,49161.0,lb,,2453,National Daily Boxed Beef Cutout & Boxed Beef Cuts - Negotiated Sales - PM (PDF) (LM_XB403),2026-09-26T15:00:20+00:00
d9f9d2e5ff2a10cb,2019-02-26,Beef,"Round, top inside, denuded (169  5)",Choice Cuts,,,,Choice,,,,,250.0,266.0,,,253.44,$/cwt,2.5344,per lb,National,wholesale,,,,,,35105.0,lb,,2453,National Daily Boxed Beef Cutout & Boxed Beef Cuts - Negotiated Sales - PM (PDF) (LM_XB403),2026-09-26T15:00:20+00:00
e544af7d7c3c3a14,2019-02-26,Beef,"Short Plate, short rib (123A  3)",Choice Cuts,,,,Choice,,,,,519.97,586.75,,,569.26,$/cwt,5.6926,per lb,National,wholesale,,,,,,33052.0,lb,,2453,National Daily Boxed Beef Cutout & Boxed Beef Cuts - Negotiated Sales - PM (PDF) (LM_XB403),2026-09-26T15:00:20+00:00
6bbfa55df713eb28,2019-02-27,Beef,"Brisket, deckle-off, bnls (120  1)",Choice Cuts,,,,Choice,,,,,261.55,293.0,,,269.68,$/cwt,2.6968,per lb,National,wholesale,,,,,,164271.0,lb,,2453,National Daily Boxed Beef Cutout & Boxed Beef Cuts - Negotiated Sales - PM (PDF) (LM_XB403),2026-09-26T15:00:20+00:00
be2e534d426461fc,2019-02-27,Beef,"Brisket, deckle-off, bnls (120  1)",Select Cuts,,,,Select,,,,,251.54,280.0,,,264.13,$/cwt,2.6413,per lb,National,wholesale,,,,,,82341.0,lb,,2453,National Daily Boxed Beef Cutout & Boxed Beef Cuts - Negotiated Sales - PM (PDF) (LM_XB403),2026-09-26T15:00:20+00:00
6af64df5224fc4fb,2019-02-27,Beef,"Brisket, point/off, bnls (120A  3)",Choice Cuts,,,,Choice,,,,,444.3,460.0,,,456.6,$/cwt,4.566,per lb,National,wholesale,,,,,,5953.0,lb,,2453,National Daily Boxed Beef Cutout & Boxed Beef Cuts - Negotiated Sales - PM (PDF) (LM_XB403),2026-09-26T15:00:20+00:00
26050e86d23f292b,2019-02-27,Beef,"Chuck, chuck tender (116B  1)",Choice Cuts,,,,Choice,,,,,234.7,261.0,,,241.94,$/cwt,2.4194,per lb,National,wholesale,,,,,,97301.0,lb,,2453,National Daily Boxed Beef Cutout & Boxed Beef Cuts - Negotiated Sales - PM (PDF) (LM_XB403),2026-09-26T15:00:20+00:00
cbfb65f0a2a766bb,2019-02-27,Beef,"Chuck, chuck tender (116B  1)",Select Cuts,,,,Select,,,,,234.7,245.0,,,240.43,$/cwt,2.4043,per lb,National,wholesale,,,,,,16326.0,lb,,2453,National Daily Boxed Beef Cutout & Boxed Beef Cuts - Negotiated Sales - PM (PDF) (LM_XB403),2026-09-26T15:00:20+00:00
094d8bb5879d70b6,2019-02-27,Beef,"Chuck, clod tender (114F  5)",Choice Cuts,,,,Choice,,,,,485.0,500.0,,,494.36,$/cwt,4.9436,per lb,National,wholesale,,,,,,6283.0,lb,,2453,National Daily Boxed Beef Cutout & Boxed Beef Cuts - Negotiated Sales - PM (PDF) (LM_XB403),2026-09-26T15:00:20+00:00
271cce47255252b1,2019-02-27,Beef,"Chuck, clod, arm roast (114E  3)",Choice Cuts,,,,Choice,,,,,281.72,300.0,,,285.69,$/cwt,2.8569,per lb,National,wholesale,,,,,,31095.0,lb,,2453,National Daily Boxed Beef Cutout & Boxed Beef Cuts - Negotiated Sales - PM (PDF) (LM_XB403),2026-09-26T15:00:20+00:00
33d650df6c3e541d,2019-02-27,Beef,"Chuck, clod, top blade (114D  3)",Choice Cuts,,,,Choice,,,,,349.17,356.65,,,355.27,$/cwt,3.5527,per lb,National,wholesale,,,,,,13264.0,lb,,2453,National Daily Boxed Beef Cutout & Boxed Beef Cuts - Negotiated Sales - PM (PDF) (LM_XB403),2026-09-26T15:00:20+00:00
8bf04c67176c3296,2019-02-27,Beef,"Chuck, flap (116G  4)",Choice Cuts,,,,Choice,,,,,538.99,661.5,,,557.67,$/cwt,5.5767,per lb,National,wholesale,,,,,,9074.0,lb,,2453,National Daily Boxed Beef Cutout & Boxed Beef Cuts - Negotiated Sales - PM (PDF) (LM_XB403),2026-09-26T15:00:20+00:00
d42eaa1210c87862,2019-02-27,Beef,"Chuck, flap (116G  4)",Select Cuts,,,,Select,,,,,480.0,500.0,,,484.82,$/cwt,4.8482,per lb,National,wholesale,,,,,,12333.0,lb,,2453,National Daily Boxed Beef Cutout & Boxed Beef Cuts - Negotiated Sales - PM (PDF) (LM_XB403),2026-09-26T15:00:20+00:00
8b1274ba5a6365f1,2019-02-27,Beef,"Chuck, roll, lxl, neck/off (116A  3)",Choice Cuts,,,,Choice,,,,,265.56,291.0,,,273.17,$/cwt,2.7317,per lb,National,wholesale,,,,,,202349.0,lb,,2453,National Daily Boxed Beef Cutout & Boxed Beef Cuts - Negotiated Sales - PM (PDF) (LM_XB403),2026-09-26T15:00:20+00:00
f8b1b0ed0cfd4e0f,2019-02-27,Beef,"Chuck, roll, lxl, neck/off (116A  3)",Select Cuts,,,,Select,,,,,265.0,283.0,,,270.88,$/cwt,2.7088,per lb,National,wholesale,,,,,,165892.0,lb,,2453,National Daily Boxed Beef Cutout & Boxed Beef Cuts - Negotiated Sales - PM (PDF) (LM_XB403),2026-09-26T15:00:20+00:00
6fba57554ee40966,2019-02-27,Beef,"Chuck, roll, retail ready (916A  3)",Choice Cuts,,,,Choice,,,,,291.72,297.05,,,293.63,$/cwt,2.9363,per lb,National,wholesale,,,,,,49143.0,lb,,2453,National Daily Boxed Beef Cutout & Boxed Beef Cuts - Negotiated Sales - PM (PDF) (LM_XB403),2026-09-26T15:00:20+00:00
a0e7a976b898f647,2019-02-27,Beef,"Chuck, semi-bnls, neck/off (113C  1)",Choice Cuts,,,,Choice,,,,,235.0,239.5,,,236.57,$/cwt,2.3657,per lb,National,wholesale,,,,,,19310.0,lb,,2453,National Daily Boxed Beef Cutout & Boxed Beef Cuts - Negotiated Sales - PM (PDF) (LM_XB403),2026-09-26T15:00:20+00:00
78d00c48ac581ae7,2019-02-27,Beef,"Chuck, semi-bnls, neck/off (113C  1)",Select Cuts,,,,Select,,,,,232.0,239.5,,,233.53,$/cwt,2.3353,per lb,National,wholesale,,,,,,3313.0,lb,,2453,National Daily Boxed Beef Cutout & Boxed Beef Cuts - Negotiated Sales - PM (PDF) (LM_XB403),2026-09-26T15:00:20+00:00
192b016726e75e5c,2019-02-27,Beef,"Chuck, short rib (130  4)",Choice Cuts,,,,Choice,,,,,345.0,389.65,,,356.03,$/cwt,3.5603,per lb,National,wholesale,,,,,,38433.0,lb,,2453,National Daily Boxed Beef Cutout & Boxed Beef Cuts - Negotiated Sales - PM (PDF) (LM_XB403),2026-09-26T15:00:20+00:00
992c1fa5a9e400e3,2019-02-27,Beef,"Chuck, shoulder clod (114  1)",Choice Cuts,,,,Choice,,,,,200.0,221.25,,,201.68,$/cwt,2.0168,per lb,National,wholesale,,,,,,49831.0,lb,,2453,National Daily Boxed Beef Cutout & Boxed Beef Cuts - Negotiated Sales - PM (PDF) (LM_XB403),2026-09-26T15:00:20+00:00
f01e4d2450e8e738,2019-02-27,Beef,"Chuck, shoulder clod, trmd (114A  3)",Choice Cuts,,,,Choice,,,,,214.51,234.75,,,217.69,$/cwt,2.1769,per lb,National,wholesale,,,,,,210582.0,lb,,2453,National Daily Boxed Beef Cutout & Boxed Beef Cuts - Negotiated Sales - PM (PDF) (LM_XB403),2026-09-26T15:00:20+00:00
0dcb1c13a8db2082,2019-02-27,Beef,"Chuck, shoulder clod, trmd (114A  3)",Select Cuts,,,,Select,,,,,232.06,233.47,,,232.43,$/cwt,2.3243,per lb,National,wholesale,,,,,,5536.0,lb,,2453,National Daily Boxed Beef Cutout & Boxed Beef Cuts - Negotiated Sales - PM (PDF) (LM_XB403),2026-09-26T15:00:20+00:00
1f88068feda2ff0b,2019-02-27,Beef,Cutout 600-900 lb,,,,,Select,,,,,,,,,212.79,$/cwt,2.1279,per lb,National,wholesale,,,,,,,,,2453,National Daily Boxed Beef Cutout & Boxed Beef Cuts - Negotiated Sales - PM (PDF) (LM_XB403),2026-09-26T15:00:20+00:00
8a4df14a7a47ed0c,2019-02-27,Beef,Cutout 600-900 lb,,,,,Choice,,,,,,,,,219.46,$/cwt,2.1946,per lb,National,wholesale,,,,,,,,,2453,National Daily Boxed Beef Cutout & Boxed Beef Cuts - Negotiated Sales - PM (PDF) (LM_XB403),2026-09-26T15:00:20+00:00
ea4b48756a8573db,2019-02-27,Beef,"Flank, flank steak (193  4)",Choice Cuts,,,,Choice,,,,,489.0,532.25,,,498.94,$/cwt,4.9894,per lb,National,wholesale,,,,,,33144.0,lb,,2453,National Daily Boxed Beef Cutout & Boxed Beef Cuts - Negotiated Sales - PM (PDF) (LM_XB403),2026-09-26T15:00:20+00:00
18eb84c1e79a52c3,2019-02-27,Beef,"Flank, flank steak (193  4)",Select Cuts,,,,Select,,,,,490.0,513.47,,,496.76,$/cwt,4.9676,per lb,National,wholesale,,,,,,7184.0,lb,,2453,National Daily Boxed Beef Cutout & Boxed Beef Cuts - Negotiated Sales - PM (PDF) (LM_XB403),2026-09-26T15:00:20+00:00
950086e9c9fab9b9,2019-02-27,Beef,Ground Beef 73%,Ground Beef,,,,,,,,,155.0,175.47,,,158.45,$/cwt,1.5845,per lb,National,wholesale,,,,,,193586.0,lb,,2453,National Daily Boxed Beef Cutout & Boxed Beef Cuts - Negotiated Sales - PM (PDF) (LM_XB403),2026-09-26T15:00:20+00:00
3194da46777933e9,2019-02-27,Beef,Ground Beef 81%,Ground Beef,,,,,,,,,174.0,194.25,,,176.44,$/cwt,1.7644,per lb,National,wholesale,,,,,,453514.0,lb,,2453,National Daily Boxed Beef Cutout & Boxed Beef Cuts - Negotiated Sales - PM (PDF) (LM_XB403),2026-09-26T15:00:20+00:00
db482b4f53ace646,2019-02-27,Beef,Ground Beef 93%,Ground Beef,,,,,,,,,295.0,301.0,,,295.7,$/cwt,2.957,per lb,National,wholesale,,,,,,20904.0,lb,,2453,National Daily Boxed Beef Cutout & Boxed Beef Cuts - Negotiated Sales - PM (PDF) (LM_XB403),2026-09-26T15:00:20+00:00
209c3a8358afd1f8,2019-02-27,Beef,Ground Beef Chuck,Ground Beef,,,,,,,,,183.27,195.3,,,186.48,$/cwt,1.8648,per lb,National,wholesale,,,,,,53207.0,lb,,2453,National Daily Boxed Beef Cutout & Boxed Beef Cuts - Negotiated Sales - PM (PDF) (LM_XB403),2026-09-26T15:00:20+00:00
b874536285f2fa3f,2019-02-27,Beef,Ground Beef Round,Ground Beef,,,,,,,,,246.24,259.25,,,255.45,$/cwt,2.5545,per lb,National,wholesale,,,,,,16417.0,lb,,2453,National Daily Boxed Beef Cutout & Boxed Beef Cuts - Negotiated Sales - PM (PDF) (LM_XB403),2026-09-26T15:00:20+00:00
7f011782b970cc83,2019-02-27,Beef,"Loin, ball-tip, bnls, heavy (185B  1)",Choice Cuts,,,,Choice,,,,,263.77,284.0,,,273.06,$/cwt,2.7306,per lb,National,wholesale,,,,,,47923.0,lb,,2453,National Daily Boxed Beef Cutout & Boxed Beef Cuts - Negotiated Sales - PM (PDF) (LM_XB403),2026-09-26T15:00:20+00:00
4058d4e058f38db1,2019-02-27,Beef,"Loin, ball-tip, bnls, heavy (185B  1)",Select Cuts,,,,Select,,,,,261.74,281.16,,,263.14,$/cwt,2.6314,per lb,National,wholesale,,,,,,19059.0,lb,,2453,National Daily Boxed Beef Cutout & Boxed Beef Cuts - Negotiated Sales - PM (PDF) (LM_XB403),2026-09-26T15:00:20+00:00
57a88a11a2ddedad,2019-02-27,Beef,"Loin, bottom sirloin, flap (185A  4)",Choice Cuts,,,,Choice,,,,,495.2,545.0,,,514.97,$/cwt,5.1497,per lb,National,wholesale,,,,,,62903.0,lb,,2453,National Daily Boxed Beef Cutout & Boxed Beef Cuts - Negotiated Sales - PM (PDF) (LM_XB403),2026-09-26T15:00:20+00:00
b073553fbabcd432,2019-02-27,Beef,"Loin, bottom sirloin, flap (185A  4)",Select Cuts,,,,Select,,,,,485.0,531.5,,,493.46,$/cwt,4.9346,per lb,National,wholesale,,,,,,25488.0,lb,,2453,National Daily Boxed Beef Cutout & Boxed Beef Cuts - Negotiated Sales - PM (PDF) (LM_XB403),2026-09-26T15:00:20+00:00
877d79b874bcd5b8,2019-02-27,Beef,"Loin, butt tender, trimmed (191A  4)",Choice Cuts,,,,Choice,,,,,904.0,1010.14,,,905.61,$/cwt,9.0561,per lb,National,wholesale,,,,,,7784.0,lb,,2453,National Daily Boxed Beef Cutout & Boxed Beef Cuts - Negotiated Sales - PM (PDF) (LM_XB403),2026-09-26T15:00:20+00:00
3dd50603e5ac79a8,2019-02-27,Beef,"Loin, short loin, 0x1 (174  3)",Choice Cuts,,,,Choice,,,,,531.01,560.0,,,538.13,$/cwt,5.3813,per lb,National,wholesale,,,,,,149180.0,lb,,2453,National Daily Boxed Beef Cutout & Boxed Beef Cuts - Negotiated Sales - PM (PDF) (LM_XB403),2026-09-26T15:00:20+00:00
3b59414054410555,2019-02-27,Beef,"Loin, short loin, 0x1 (174  3)",Select Cuts,,,,Select,,,,,489.49,533.47,,,516.38,$/cwt,5.1638,per lb,National,wholesale,,,,,,23998.0,lb,,2453,National Daily Boxed Beef Cutout & Boxed Beef Cuts - Negotiated Sales - PM (PDF) (LM_XB403),2026-09-26T15:00:20+00:00
4c58a6d8f006eb8e,2019-02-27,Beef,"Loin, sirloin, tri-tip (185C  1)",Choice Cuts,,,,Choice,,,,,318.0,330.2,,,320.12,$/cwt,3.2012,per lb,National,wholesale,,,,,,16526.0,lb,,2453,National Daily Boxed Beef Cutout & Boxed Beef Cuts - Negotiated Sales - PM (PDF) (LM_XB403),2026-09-26T15:00:20+00:00
20c9b60ce1ff3c9c,2019-02-27,Beef,"Loin, sirloin, tri-tip (185C  1)",Select Cuts,,,,Select,,,,,283.3,310.75,,,295.79,$/cwt,2.9579,per lb,National,wholesale,,,,,,10435.0,lb,,2453,National Daily Boxed Beef Cutout & Boxed Beef Cuts - Negotiated Sales - PM (PDF) (LM_XB403),2026-09-26T15:00:20+00:00
b756f3b59af53fcc,2019-02-27,Beef,"Loin, sirloin, tri-tip, pld (185D  4)",Choice Cuts,,,,Choice,,,,,442.0,497.17,,,481.42,$/cwt,4.8142,per lb,National,wholesale,,,,,,7418.0,lb,,2453,National Daily Boxed Beef Cutout & Boxed Beef Cuts - Negotiated Sales - PM (PDF) (LM_XB403),2026-09-26T15:00:20+00:00
1dcc85fff4081562,2019-02-27,Beef,"Loin, strip loin bnls. 1x1 (  1)",Choice Cuts,,,,Choice,,,,,555.0,575.25,,,558.36,$/cwt,5.5836,per lb,National,wholesale,,,,,,1094.0,lb,,2453,National Daily Boxed Beef Cutout & Boxed Beef Cuts - Negotiated Sales - PM (PDF) (LM_XB403),2026-09-26T15:00:20+00:00
8cb997fca05154a0,2019-02-27,Beef,"Loin, strip loin, 1x1 (175  3)",Choice Cuts,,,,Choice,,,,,472.14,538.84,,,520.02,$/cwt,5.2002,per lb,National,wholesale,,,,,,56671.0,lb,,2453,National Daily Boxed Beef Cutout & Boxed Beef Cuts - Negotiated Sales - PM (PDF) (LM_XB403),2026-09-26T15:00:20+00:00
e1267fd1431acbd8,2019-02-27,Beef,"Loin, strip, bnls, 0x1 (180  3)",Choice Cuts,,,,Choice,,,,,581.54,631.5,,,601.25,$/cwt,6.0125,per lb,National,wholesale,,,,,,174636.0,lb,,2453,National Daily Boxed Beef Cutout & Boxed Beef Cuts - Negotiated Sales - PM (PDF) (LM_XB403),2026-09-26T15:00:20+00:00
1ef0336cfac8e63d,2019-02-27,Beef,"Loin, strip, bnls, 0x1 (180  3)",Select Cuts,,,,Select,,,,,530.0,548.47,,,536.57,$/cwt,5.3657,per lb,National,wholesale,,,,,,12357.0,lb,,2453,National Daily Boxed Beef Cutout & Boxed Beef Cuts - Negotiated Sales - PM (PDF) (LM_XB403),2026-09-26T15:00:20+00:00
0dc33aa351211169,2019-02-27,Beef,"Loin, tndrloin, trmd, heavy (189A  4)",Choice Cuts,,,,Choice,,,,,993.72,1131.25,,,1012.01,$/cwt,10.1201,per lb,National,wholesale,,,,,,119507.0,lb,,2453,National Daily Boxed Beef Cutout & Boxed Beef Cuts - Negotiated Sales - PM (PDF) (LM_XB403),2026-09-26T15:00:20+00:00
9609ab5826cb7d7d,2019-02-27,Beef,"Loin, tndrloin, trmd, heavy (189A  4)",Select Cuts,,,,Select,,,,,995.0,1091.75,,,1040.28,$/cwt,10.4028,per lb,National,wholesale,,,,,,6971.0,lb,,2453,National Daily Boxed Beef Cutout & Boxed Beef Cuts - Negotiated Sales - PM (PDF) (LM_XB403),2026-09-26T15:00:20+00:00
683aabd418ce4a77,2019-02-27,Beef,"Loin, top butt, CC (184B  3)",Choice Cuts,,,,Choice,,,,,521.0,538.5,,,525.38,$/cwt,5.2538,per lb,National,wholesale,,,,,,10591.0,lb,,2453,National Daily Boxed Beef Cutout & Boxed Beef Cuts - Negotiated Sales - PM (PDF) (LM_XB403),2026-09-26T15:00:20+00:00
64d427e557ae4802,2019-02-27,Beef,"Loin, top butt, bnls, heavy (184  1)",Choice Cuts,,,,Choice,,,,,355.0,370.0,,,360.06,$/cwt,3.6006,per lb,National,wholesale,,,,,,3359.0,lb,,2453,National Daily Boxed Beef Cutout & Boxed Beef Cuts - Negotiated Sales - PM (PDF) (LM_XB403),2026-09-26T15:00:20+00:00
0ece1037e1a081e0,2019-02-27,Beef,"Loin, top butt, bnls, heavy (184  1)",Select Cuts,,,,Select,,,,,335.0,335.0,,,335.0,$/cwt,3.35,per lb,National,wholesale,,,,,,7980.0,lb,,2453,National Daily Boxed Beef Cutout & Boxed Beef Cuts - Negotiated Sales - PM (PDF) (LM_XB403),2026-09-26T15:00:20+00:00
aa9e78002129ee1d,2019-02-27,Beef,"Loin, top butt, boneless (184  3)",Choice Cuts,,,,Choice,,,,,340.0,385.0,,,350.16,$/cwt,3.5016,per lb,National,wholesale,,,,,,137197.0,lb,,2453,National Daily Boxed Beef Cutout & Boxed Beef Cuts - Negotiated Sales - PM (PDF) (LM_XB403),2026-09-26T15:00:20+00:00
2f44f8f16c7ea7fe,2019-02-27,Beef,"Rib, ribeye, bnls, heavy (112A  3)",Choice Cuts,,,,Choice,,,,,765.0,825.0,,,783.06,$/cwt,7.8306,per lb,National,wholesale,,,,,,70403.0,lb,,2453,National Daily Boxed Beef Cutout & Boxed Beef Cuts - Negotiated Sales - PM (PDF) (LM_XB403),2026-09-26T15:00:20+00:00
0db0ec9069f75b01,2019-02-27,Beef,"Rib, ribeye, bnls, heavy (112A  3)",Select Cuts,,,,Select,,,,,699.5,738.25,,,706.56,$/cwt,7.0656,per lb,National,wholesale,,,,,,24724.0,lb,,2453,National Daily Boxed Beef Cutout & Boxed Beef Cuts - Negotiated Sales - PM (PDF) (LM_XB403),2026-09-26T15:00:20+00:00
f26c5b4ccdab7a6b,2019-02-27,Beef,"Rib, ribeye, bnls, light (112A  3)",Choice Cuts,,,,Choice,,,,,765.0,831.0,,,781.71,$/cwt,7.8171,per lb,National,wholesale,,,,,,100856.0,lb,,2453,National Daily Boxed Beef Cutout & Boxed Beef Cuts - Negotiated Sales - PM (PDF) (LM_XB403),2026-09-26T15:00:20+00:00
e3b3ee0ff791a0ec,2019-02-27,Beef,"Rib, ribeye, bnls, light (112A  3)",Select Cuts,,,,Select,,,,,682.0,740.0,,,699.59,$/cwt,6.9959,per lb,National,wholesale,,,,,,68085.0,lb,,2453,National Daily Boxed Beef Cutout & Boxed Beef Cuts - Negotiated Sales - PM (PDF) (LM_XB403),2026-09-26T15:00:20+00:00
a9b6ac35cb4bc5bc,2019-02-27,Beef,"Rib, ribeye, lip-on, bn-in (109E  1)",Choice Cuts,,,,Choice,,,,,680.0,740.25,,,699.37,$/cwt,6.9937,per lb,National,wholesale,,,,,,99944.0,lb,,2453,National Daily Boxed Beef Cutout & Boxed Beef Cuts - Negotiated Sales - PM (PDF) (LM_XB403),2026-09-26T15:00:20+00:00
3d3cadc13aa39c8e,2019-02-27,Beef,"Rib, ribeye, lip-on, bn-in (109E  1)",Select Cuts,,,,Select,,,,,624.4,644.75,,,627.62,$/cwt,6.2762,per lb,National,wholesale,,,,,,9654.0,lb,,2453,National Daily Boxed Beef Cutout & Boxed Beef Cuts - Negotiated Sales - PM (PDF) (LM_XB403),2026-09-26T15:00:20+00:00
54fd3bee10be7f41,2019-02-27,Beef,"Round, eye of round (171C  3)",Choice Cuts,,,,Choice,,,,,234.0,297.26,,,265.23,$/cwt,2.6523,per lb,National,wholesale,,,,,,130536.0,lb,,2453,National Daily Boxed Beef Cutout & Boxed Beef Cuts - Negotiated Sales - PM (PDF) (LM_XB403),2026-09-26T15:00:20+00:00
16087333b1d9cae3,2019-02-27,Beef,"Round, eye of round (171C  3)",Select Cuts,,,,Select,,,,,273.0,287.8,,,280.4,$/cwt,2.804,per lb,National,wholesale,,,,,,16578.0,lb,,2453,National Daily Boxed Beef Cutout & Boxed Beef Cuts - Negotiated Sales - PM (PDF) (LM_XB403),2026-09-26T15:00:20+00:00
3903a552b8d5ee33,2019-02-27,Beef,"Round, knuckle, peeled (167A  4)",Choice Cuts,,,,Choice,,,,,250.0,272.0,,,257.13,$/cwt,2.5713,per lb,National,wholesale,,,,,,82440.0,lb,,2453,National Daily Boxed Beef Cutout & Boxed Beef Cuts - Negotiated Sales - PM (PDF) (LM_XB403),2026-09-26T15:00:20+00:00
bb2cb8db28757b60,2019-02-27,Beef,"Round, knuckle, peeled (167A  4)",Select Cuts,,,,Select,,,,,255.0,260.0,,,256.68,$/cwt,2.5668,per lb,National,wholesale,,,,,,7549.0,lb,,2453,National Daily Boxed Beef Cutout & Boxed Beef Cuts - Negotiated Sales - PM (PDF) (LM_XB403),2026-09-26T15:00:20+00:00
4afd749c558b328b,2019-02-27,Beef,"Round, outside round (171B  3)",Choice Cuts,,,,Choice,,,,,223.76,251.25,,,236.45,$/cwt,2.3645,per lb,National,wholesale,,,,,,152636.0,lb,,2453,National Daily Boxed Beef Cutout & Boxed Beef Cuts - Negotiated Sales - PM (PDF) (LM_XB403),2026-09-26T15:00:20+00:00
df4da01d5bdc4408,2019-02-27,Beef,"Round, outside round (171B  3)",Select Cuts,,,,Select,,,,,222.0,242.0,,,235.71,$/cwt,2.3571,per lb,National,wholesale,,,,,,18317.0,lb,,2453,National Daily Boxed Beef Cutout & Boxed Beef Cuts - Negotiated Sales - PM (PDF) (LM_XB403),2026-09-26T15:00:20+00:00
19881b7799f0d16f,2019-02-27,Beef,"Round, top inside round (168  1)",Choice Cuts,,,,Choice,,,,,209.99,224.0,,,213.74,$/cwt,2.1374,per lb,National,wholesale,,,,,,217122.0,lb,,2453,National Daily Boxed Beef Cutout & Boxed Beef Cuts - Negotiated Sales - PM (PDF) (LM_XB403),2026-09-26T15:00:20+00:00
74a30f4e1fe669d4,2019-02-27,Beef,"Round, top inside round (168  1)",Select Cuts,,,,Select,,,,,210.04,219.38,,,215.31,$/cwt,2.1531,per lb,National,wholesale,,,,,,17065.0,lb,,2453,National Daily Boxed Beef Cutout & Boxed Beef Cuts - Negotiated Sales - PM (PDF) (LM_XB403),2026-09-26T15:00:20+00:00
e9525b16d5d17afa,2019-02-27,Beef,"Round, top inside round (168  3)",Choice Cuts,,,,Choice,,,,,212.0,229.55,,,215.95,$/cwt,2.1595,per lb,National,wholesale,,,,,,210528.0,lb,,2453,National Daily Boxed Beef Cutout & Boxed Beef Cuts - Negotiated Sales - PM (PDF) (LM_XB403),2026-09-26T15:00:20+00:00
cd6b49123fd68703,2019-02-27,Beef,"Round, top inside round (168  3)",Select Cuts,,,,Select,,,,,214.04,231.24,,,215.7,$/cwt,2.157,per lb,National,wholesale,,,,,,52451.0,lb,,2453,National Daily Boxed Beef Cutout & Boxed Beef Cuts - Negotiated Sales - PM (PDF) (LM_XB403),2026-09-26T15:00:20+00:00
bfb385d4e3a364c6,2019-02-27,Beef,"Round, top inside, cap off (169A  5)",Choice Cuts,,,,Choice,,,,,289.72,329.45,,,322.75,$/cwt,3.2275,per lb,National,wholesale,,,,,,28235.0,lb,,2453,National Daily Boxed Beef Cutout & Boxed Beef Cuts - Negotiated Sales - PM (PDF) (LM_XB403),2026-09-26T15:00:20+00:00
3e90c49b97f85d0f,2019-02-27,Beef,"Round, top inside, denuded (169  5)",Choice Cuts,,,,Choice,,,,,243.25,276.0,,,249.89,$/cwt,2.4989,per lb,National,wholesale,,,,,,97348.0,lb,,2453,National Daily Boxed Beef Cutout & Boxed Beef Cuts - Negotiated Sales - PM (PDF) (LM_XB403),2026-09-26T15:00:20+00:00
d087639def3c9046,2019-02-27,Beef,"Short Plate, short rib (123A  3)",Choice Cuts,,,,Choice,,,,,499.49,575.0,,,544.38,$/cwt,5.4438,per lb,National,wholesale,,,,,,28669.0,lb,,2453,National Daily Boxed Beef Cutout & Boxed Beef Cuts - Negotiated Sales - PM (PDF) (LM_XB403),2026-09-26T15:00:20+00:00
70eb81417e5c58fe,2019-02-28,Beef,"Brisket, deckle-off, bnls (120  1)",Choice Cuts,,,,Choice,,,,,255.0,290.0,,,263.35,$/cwt,2.6335,per lb,National,wholesale,,,,,,516344.0,lb,,2453,National Daily Boxed Beef Cutout & Boxed Beef Cuts - Negotiated Sales - PM (PDF) (LM_XB403),2026-09-26T15:00:20+00:00
860efe005996508e,2019-02-28,Beef,"Brisket, deckle-off, bnls (120  1)",Select Cuts,,,,Select,,,,,255.0,279.25,,,262.01,$/cwt,2.6201,per lb,National,wholesale,,,,,,101172.0,lb,,2453,National Daily Boxed Beef Cutout & Boxed Beef Cuts - Negotiated Sales - PM (PDF) (LM_XB403),2026-09-26T15:00:20+00:00
d7cace950c04008d,2019-02-28,Beef,"Brisket, point/off, bnls (120A  3)",Choice Cuts,,,,Choice,,,,,460.0,500.0,,,489.37,$/cwt,4.8937,per lb,National,wholesale,,,,,,1486.0,lb,,2453,National Daily Boxed Beef Cutout & Boxed Beef Cuts - Negotiated Sales - PM (PDF) (LM_XB403),2026-09-26T15:00:20+00:00
fa64ceb53c6f0839,2019-02-28,Beef,"Chuck, chuck tender (116B  1)",Choice Cuts,,,,Choice,,,,,239.55,257.0,,,244.25,$/cwt,2.4425,per lb,National,wholesale,,,,,,47390.0,lb,,2453,National Daily Boxed Beef Cutout & Boxed Beef Cuts - Negotiated Sales - PM (PDF) (LM_XB403),2026-09-26T15:00:20+00:00
187c5efc7f580cc4,2019-02-28,Beef,"Chuck, chuck tender (116B  1)",Select Cuts,,,,Select,,,,,245.0,246.0,,,245.67,$/cwt,2.4567,per lb,National,wholesale,,,,,,15285.0,lb,,2453,National Daily Boxed Beef Cutout & Boxed Beef Cuts - Negotiated Sales - PM (PDF) (LM_XB403),2026-09-26T15:00:20+00:00
d4eb412e8458da7f,2019-02-28,Beef,"Chuck, clod tender (114F  5)",Choice Cuts,,,,Choice,,,,,485.0,504.25,,,492.46,$/cwt,4.9246,per lb,National,wholesale,,,,,,15261.0,lb,,2453,National Daily Boxed Beef Cutout & Boxed Beef Cuts - Negotiated Sales - PM (PDF) (LM_XB403),2026-09-26T15:00:20+00:00
121b2c7be2ac18be,2019-02-28,Beef,"Chuck, clod, top blade (114D  3)",Choice Cuts,,,,Choice,,,,,350.0,376.0,,,371.43,$/cwt,3.7143,per lb,National,wholesale,,,,,,15803.0,lb,,2453,National Daily Boxed Beef Cutout & Boxed Beef Cuts - Negotiated Sales - PM (PDF) (LM_XB403),2026-09-26T15:00:20+00:00
e443594570409af4,2019-02-28,Beef,"Chuck, flap (116G  4)",Choice Cuts,,,,Choice,,,,,548.86,575.0,,,550.2,$/cwt,5.502,per lb,National,wholesale,,,,,,1255.0,lb,,2453,National Daily Boxed Beef Cutout & Boxed Beef Cuts - Negotiated Sales - PM (PDF) (LM_XB403),2026-09-26T15:00:20+00:00
365ece4fddfc024e,2019-02-28,Beef,"Chuck, roll, lxl, neck/off (116A  3)",Choice Cuts,,,,Choice,,,,,265.56,293.61,,,270.31,$/cwt,2.7031,per lb,National,wholesale,,,,,,301752.0,lb,,2453,National Daily Boxed Beef Cutout & Boxed Beef Cuts - Negotiated Sales - PM (PDF) (LM_XB403),2026-09-26T15:00:20+00:00
10cd54b7c4d7ef96,2019-02-28,Beef,"Chuck, roll, lxl, neck/off (116A  3)",Select Cuts,,,,Select,,,,,269.42,290.0,,,276.88,$/cwt,2.7688,per lb,National,wholesale,,,,,,19343.0,lb,,2453,National Daily Boxed Beef Cutout & Boxed Beef Cuts - Negotiated Sales - PM (PDF) (LM_XB403),2026-09-26T15:00:20+00:00
45f8e57c47a4de24,2019-02-28,Beef,"Chuck, roll, retail ready (916A  3)",Choice Cuts,,,,Choice,,,,,286.0,309.37,,,289.77,$/cwt,2.8977,per lb,National,wholesale,,,,,,20677.0,lb,,2453,National Daily Boxed Beef Cutout & Boxed Beef Cuts - Negotiated Sales - PM (PDF) (LM_XB403),2026-09-26T15:00:20+00:00
f947cbb2f1868f6a,2019-02-28,Beef,"Chuck, semi-bnls, neck/off (113C  1)",Choice Cuts,,,,Choice,,,,,230.14,246.25,,,231.89,$/cwt,2.3189,per lb,National,wholesale,,,,,,112102.0,lb,,2453,National Daily Boxed Beef Cutout & Boxed Beef Cuts - Negotiated Sales - PM (PDF) (LM_XB403),2026-09-26T15:00:20+00:00
a1cfa54c27bd8b36,2019-02-28,Beef,"Chuck, short rib (130  4)",Choice Cuts,,,,Choice,,,,,300.71,371.25,,,316.59,$/cwt,3.1659,per lb,National,wholesale,,,,,,65707.0,lb,,2453,National Daily Boxed Beef Cutout & Boxed Beef Cuts - Negotiated Sales - PM (PDF) (LM_XB403),2026-09-26T15:00:20+00:00
e350e829b8499055,2019-02-28,Beef,"Chuck, short rib (130  4)",Select Cuts,,,,Select,,,,,300.71,320.0,,,302.78,$/cwt,3.0278,per lb,National,wholesale,,,,,,261751.0,lb,,2453,National Daily Boxed Beef Cutout & Boxed Beef Cuts - Negotiated Sales - PM (PDF) (LM_XB403),2026-09-26T15:00:20+00:00
ffaa8c921a670720,2019-02-28,Beef,"Chuck, shoulder clod (114  1)",Choice Cuts,,,,Choice,,,,,200.05,215.75,,,206.62,$/cwt,2.0662,per lb,National,wholesale,,,,,,35964.0,lb,,2453,National Daily Boxed Beef Cutout & Boxed Beef Cuts - Negotiated Sales - PM (PDF) (LM_XB403),2026-09-26T15:00:20+00:00
af1bfc93bea00495,2019-02-28,Beef,"Chuck, shoulder clod, trmd (114A  3)",Choice Cuts,,,,Choice,,,,,214.18,228.61,,,218.06,$/cwt,2.1806,per lb,National,wholesale,,,,,,100252.0,lb,,2453,National Daily Boxed Beef Cutout & Boxed Beef Cuts - Negotiated Sales - PM (PDF) (LM_XB403),2026-09-26T15:00:20+00:00
13f7ad7e6db8f041,2019-02-28,Beef,Cutout 600-900 lb,,,,,Choice,,,,,,,,,219.95,$/cwt,2.1995,per lb,National,wholesale,,,,,,,,,2453,National Daily Boxed Beef Cutout & Boxed Beef Cuts - Negotiated Sales - PM (PDF) (LM_XB403),2026-09-26T15:00:20+00:00
7b5d59c9bf9239f1,2019-02-28,Beef,Cutout 600-900 lb,,,,,Select,,,,,,,,,215.27,$/cwt,2.1527,per lb,National,wholesale,,,,,,,,,2453,National Daily Boxed Beef Cutout & Boxed Beef Cuts - Negotiated Sales - PM (PDF) (LM_XB403),2026-09-26T15:00:20+00:00
5a75c1668b9421b4,2019-02-28,Beef,"Flank, flank steak (193  4)",Choice Cuts,,,,Choice,,,,,513.83,536.5,,,521.34,$/cwt,5.2134,per lb,National,wholesale,,,,,,3209.0,lb,,2453,National Daily Boxed Beef Cutout & Boxed Beef Cuts - Negotiated Sales - PM (PDF) (LM_XB403),2026-09-26T15:00:20+00:00
ffdf2dbcba78b9c2,2019-02-28,Beef,"Flank, flank steak (193  4)",Select Cuts,,,,Select,,,,,494.45,500.5,,,497.78,$/cwt,4.9778,per lb,National,wholesale,,,,,,3282.0,lb,,2453,National Daily Boxed Beef Cutout & Boxed Beef Cuts - Negotiated Sales - PM (PDF) (LM_XB403),2026-09-26T15:00:20+00:00
84abdc1f71dcc2dd,2019-02-28,Beef,Ground Beef 73%,Ground Beef,,,,,,,,,153.0,180.75,,,161.51,$/cwt,1.6151,per lb,National,wholesale,,,,,,172768.0,lb,,2453,National Daily Boxed Beef Cutout & Boxed Beef Cuts - Negotiated Sales - PM (PDF) (LM_XB403),2026-09-26T15:00:20+00:00
1696805c1c5f0370,2019-02-28,Beef,Ground Beef 81%,Ground Beef,,,,,,,,,174.15,190.0,,,177.67,$/cwt,1.7767,per lb,National,wholesale,,,,,,134073.0,lb,,2453,National Daily Boxed Beef Cutout & Boxed Beef Cuts - Negotiated Sales - PM (PDF) (LM_XB403),2026-09-26T15:00:20+00:00
4f4452570ebf0bcd,2019-02-28,Beef,Ground Beef 93%,Ground Beef,,,,,,,,,292.05,307.5,,,295.61,$/cwt,2.9561,per lb,National,wholesale,,,,,,22592.0,lb,,2453,National Daily Boxed Beef Cutout & Boxed Beef Cuts - Negotiated Sales - PM (PDF) (LM_XB403),2026-09-26T15:00:20+00:00
30452f7116b15739,2019-02-28,Beef,Ground Beef Chuck,Ground Beef,,,,,,,,,176.0,197.0,,,190.7,$/cwt,1.907,per lb,National,wholesale,,,,,,56044.0,lb,,2453,National Daily Boxed Beef Cutout & Boxed Beef Cuts - Negotiated Sales - PM (PDF) (LM_XB403),2026-09-26T15:00:20+00:00
4a39e895e496ce26,2019-02-28,Beef,Ground Beef Round,Ground Beef,,,,,,,,,246.0,259.75,,,252.94,$/cwt,2.5294,per lb,National,wholesale,,,,,,12050.0,lb,,2453,National Daily Boxed Beef Cutout & Boxed Beef Cuts - Negotiated Sales - PM (PDF) (LM_XB403),2026-09-26T15:00:20+00:00
24b61e550cc3e62a,2019-02-28,Beef,"Loin, ball-tip, bnls, heavy (185B  1)",Choice Cuts,,,,Choice,,,,,244.31,285.0,,,274.97,$/cwt,2.7497,per lb,National,wholesale,,,,,,60784.0,lb,,2453,National Daily Boxed Beef Cutout & Boxed Beef Cuts - Negotiated Sales - PM (PDF) (LM_XB403),2026-09-26T15:00:20+00:00
0d0f7fd490f6517b,2019-02-28,Beef,"Loin, ball-tip, bnls, heavy (185B  1)",Select Cuts,,,,Select,,,,,259.5,281.5,,,267.23,$/cwt,2.6723,per lb,National,wholesale,,,,,,12398.0,lb,,2453,National Daily Boxed Beef Cutout & Boxed Beef Cuts - Negotiated Sales - PM (PDF) (LM_XB403),2026-09-26T15:00:20+00:00
95872852325da5f0,2019-02-28,Beef,"Loin, bottom sirloin, flap (185A  4)",Choice Cuts,,,,Choice,,,,,514.25,552.0,,,525.78,$/cwt,5.2578,per lb,National,wholesale,,,,,,45116.0,lb,,2453,National Daily Boxed Beef Cutout & Boxed Beef Cuts - Negotiated Sales - PM (PDF) (LM_XB403),2026-09-26T15:00:20+00:00
949c3b5158ce8860,2019-02-28,Beef,"Loin, bottom sirloin, flap (185A  4)",Select Cuts,,,,Select,,,,,494.76,538.5,,,515.74,$/cwt,5.1574,per lb,National,wholesale,,,,,,1919.0,lb,,2453,National Daily Boxed Beef Cutout & Boxed Beef Cuts - Negotiated Sales - PM (PDF) (LM_XB403),2026-09-26T15:00:20+00:00
f89d31d1ec1ced79,2019-02-28,Beef,"Loin, butt tender, trimmed (191A  4)",Choice Cuts,,,,Choice,,,,,884.95,930.05,,,901.26,$/cwt,9.0126,per lb,National,wholesale,,,,,,8674.0,lb,,2453,National Daily Boxed Beef Cutout & Boxed Beef Cuts - Negotiated Sales - PM (PDF) (LM_XB403),2026-09-26T15:00:20+00:00
3f83b879ee883513,2019-02-28,Beef,"Loin, short loin, 0x1 (174  3)",Choice Cuts,,,,Choice,,,,,536.73,586.25,,,550.34,$/cwt,5.5034,per lb,National,wholesale,,,,,,182683.0,lb,,2453,National Daily Boxed Beef Cutout & Boxed Beef Cuts - Negotiated Sales - PM (PDF) (LM_XB403),2026-09-26T15:00:20+00:00
10b41b3116cf229b,2019-02-28,Beef,"Loin, short loin, 0x1 (174  3)",Select Cuts,,,,Select,,,,,490.0,530.0,,,502.47,$/cwt,5.0247,per lb,National,wholesale,,,,,,28772.0,lb,,2453,National Daily Boxed Beef Cutout & Boxed Beef Cuts - Negotiated Sales - PM (PDF) (LM_XB403),2026-09-26T15:00:20+00:00
aaa9c906877391cf,2019-02-28,Beef,"Loin, sirloin, tri-tip (185C  1)",Choice Cuts,,,,Choice,,,,,302.73,370.0,,,311.37,$/cwt,3.1137,per lb,National,wholesale,,,,,,16015.0,lb,,2453,National Daily Boxed Beef Cutout & Boxed Beef Cuts - Negotiated Sales - PM (PDF) (LM_XB403),2026-09-26T15:00:20+00:00
b1b1151f4dff0845,2019-02-28,Beef,"Loin, sirloin, tri-tip, pld (185D  4)",Choice Cuts,,,,Choice,,,,,440.3,489.25,,,484.86,$/cwt,4.8486,per lb,National,wholesale,,,,,,10601.0,lb,,2453,National Daily Boxed Beef Cutout & Boxed Beef Cuts - Negotiated Sales - PM (PDF) (LM_XB403),2026-09-26T15:00:20+00:00
7b2032dd94b966ea,2019-02-28,Beef,"Loin, strip, bnls, 0x1 (180  3)",Choice Cuts,,,,Choice,,,,,592.0,644.25,,,609.65,$/cwt,6.0965,per lb,National,wholesale,,,,,,86743.0,lb,,2453,National Daily Boxed Beef Cutout & Boxed Beef Cuts - Negotiated Sales - PM (PDF) (LM_XB403),2026-09-26T15:00:20+00:00
e24ab66e55bc73b1,2019-02-28,Beef,"Loin, strip, bnls, 0x1 (180  3)",Select Cuts,,,,Select,,,,,520.0,547.27,,,526.75,$/cwt,5.2675,per lb,National,wholesale,,,,,,54432.0,lb,,2453,National Daily Boxed Beef Cutout & Boxed Beef Cuts - Negotiated Sales - PM (PDF) (LM_XB403),2026-09-26T15:00:20+00:00
586bae6f4f6a7b99,2019-02-28,Beef,"Loin, tndrloin, trmd, heavy (189A  4)",Choice Cuts,,,,Choice,,,,,996.52,1050.0,,,1003.22,$/cwt,10.0322,per lb,National,wholesale,,,,,,51845.0,lb,,2453,National Daily Boxed Beef Cutout & Boxed Beef Cuts - Negotiated Sales - PM (PDF) (LM_XB403),2026-09-26T15:00:20+00:00
d600aa4f7f44adc1,2019-02-28,Beef,"Loin, top butt, boneless (184  3)",Choice Cuts,,,,Choice,,,,,345.0,380.75,,,361.9,$/cwt,3.619,per lb,National,wholesale,,,,,,37840.0,lb,,2453,National Daily Boxed Beef Cutout & Boxed Beef Cuts - Negotiated Sales - PM (PDF) (LM_XB403),2026-09-26T15:00:20+00:00
600770ea7e68225d,2019-02-28,Beef,"Loin, top butt, boneless (184  3)",Select Cuts,,,,Select,,,,,350.33,374.73,,,358.93,$/cwt,3.5893,per lb,National,wholesale,,,,,,11646.0,lb,,2453,National Daily Boxed Beef Cutout & Boxed Beef Cuts - Negotiated Sales - PM (PDF) (LM_XB403),2026-09-26T15:00:20+00:00
ddf9fadbd7193aa2,2019-02-28,Beef,"Rib, ribeye, bnls, heavy (112A  3)",Choice Cuts,,,,Choice,,,,,764.0,833.61,,,791.12,$/cwt,7.9112,per lb,National,wholesale,,,,,,40255.0,lb,,2453,National Daily Boxed Beef Cutout & Boxed Beef Cuts - Negotiated Sales - PM (PDF) (LM_XB403),2026-09-26T15:00:20+00:00
502b3899b16b9494,2019-02-28,Beef,"Rib, ribeye, bnls, heavy (112A  3)",Select Cuts,,,,Select,,,,,697.0,745.0,,,721.97,$/cwt,7.2197,per lb,National,wholesale,,,,,,18953.0,lb,,2453,National Daily Boxed Beef Cutout & Boxed Beef Cuts - Negotiated Sales - PM (PDF) (LM_XB403),2026-09-26T15:00:20+00:00
8f5b5fc7a84155ea,2019-02-28,Beef,"Rib, ribeye, bnls, light (112A  3)",Choice Cuts,,,,Choice,,,,,765.0,806.5,,,785.15,$/cwt,7.8515,per lb,National,wholesale,,,,,,43491.0,lb,,2453,National Daily Boxed Beef Cutout & Boxed Beef Cuts - Negotiated Sales - PM (PDF) (LM_XB403),2026-09-26T15:00:20+00:00
e4c5258f321c7424,2019-02-28,Beef,"Rib, ribeye, bnls, light (112A  3)",Select Cuts,,,,Select,,,,,685.78,740.0,,,706.63,$/cwt,7.0663,per lb,National,wholesale,,,,,,31753.0,lb,,2453,National Daily Boxed Beef Cutout & Boxed Beef Cuts - Negotiated Sales - PM (PDF) (LM_XB403),2026-09-26T15:00:20+00:00
15c284457d991375,2019-02-28,Beef,"Rib, ribeye, lip-on, bn-in (109E  1)",Choice Cuts,,,,Choice,,,,,699.5,729.25,,,717.6,$/cwt,7.176,per lb,National,wholesale,,,,,,9035.0,lb,,2453,National Daily Boxed Beef Cutout & Boxed Beef Cuts - Negotiated Sales - PM (PDF) (LM_XB403),2026-09-26T15:00:20+00:00
4f1bbdab105f6dfc,2019-02-28,Beef,"Rib, ribeye, lip-on, bn-in (109E  1)",Select Cuts,,,,Select,,,,,614.55,666.0,,,621.28,$/cwt,6.2128,per lb,National,wholesale,,,,,,13146.0,lb,,2453,National Daily Boxed Beef Cutout & Boxed Beef Cuts - Negotiated Sales - PM (PDF) (LM_XB403),2026-09-26T15:00:20+00:00
9542a5a935304847,2019-02-28,Beef,"Round, bottom gooseneck (170  1)",Choice Cuts,,,,Choice,,,,,209.45,229.25,,,219.98,$/cwt,2.1998,per lb,National,wholesale,,,,,,3477.0,lb,,2453,National Daily Boxed Beef Cutout & Boxed Beef Cuts - Negotiated Sales - PM (PDF) (LM_XB403),2026-09-26T15:00:20+00:00
e4507301bfbddd2e,2019-02-28,Beef,"Round, eye of round (171C  3)",Choice Cuts,,,,Choice,,,,,234.0,294.68,,,267.61,$/cwt,2.6761,per lb,National,wholesale,,,,,,159375.0,lb,,2453,National Daily Boxed Beef Cutout & Boxed Beef Cuts - Negotiated Sales - PM (PDF) (LM_XB403),2026-09-26T15:00:20+00:00
9f8aa67590bb7e05,2019-02-28,Beef,"Round, eye of round (171C  3)",Select Cuts,,,,Select,,,,,270.5,293.0,,,277.53,$/cwt,2.7753,per lb,National,wholesale,,,,,,10525.0,lb,,2453,National Daily Boxed Beef Cutout & Boxed Beef Cuts - Negotiated Sales - PM (PDF) (LM_XB403),2026-09-26T15:00:20+00:00
0287a3fd6276de87,2019-02-28,Beef,"Round, knuckle, peeled (167A  4)",Choice Cuts,,,,Choice,,,,,248.67,271.5,,,258.4,$/cwt,2.584,per lb,National,wholesale,,,,,,46752.0,lb,,2453,National Daily Boxed Beef Cutout & Boxed Beef Cuts - Negotiated Sales - PM (PDF) (LM_XB403),2026-09-26T15:00:20+00:00
b7015925e19d6966,2019-02-28,Beef,"Round, knuckle, peeled (167A  4)",Select Cuts,,,,Select,,,,,250.0,281.5,,,261.47,$/cwt,2.6147,per lb,National,wholesale,,,,,,6491.0,lb,,2453,National Daily Boxed Beef Cutout & Boxed Beef Cuts - Negotiated Sales - PM (PDF) (LM_XB403),2026-09-26T15:00:20+00:00
42192443f8584e66,2019-02-28,Beef,"Round, outside round (171B  3)",Choice Cuts,,,,Choice,,,,,229.6,246.5,,,240.58,$/cwt,2.4058,per lb,National,wholesale,,,,,,47800.0,lb,,2453,National Daily Boxed Beef Cutout & Boxed Beef Cuts - Negotiated Sales - PM (PDF) (LM_XB403),2026-09-26T15:00:20+00:00
fa47c9f26917e2c9,2019-02-28,Beef,"Round, outside round (171B  3)",Select Cuts,,,,Select,,,,,222.0,240.46,,,235.89,$/cwt,2.3589,per lb,National,wholesale,,,,,,19455.0,lb,,2453,National Daily Boxed Beef Cutout & Boxed Beef Cuts - Negotiated Sales - PM (PDF) (LM_XB403),2026-09-26T15:00:20+00:00
4b8f21f43a038d60,2019-02-28,Beef,"Round, top inside round (168  1)",Choice Cuts,,,,Choice,,,,,210.04,224.0,,,213.57,$/cwt,2.1357,per lb,National,wholesale,,,,,,183430.0,lb,,2453,National Daily Boxed Beef Cutout & Boxed Beef Cuts - Negotiated Sales - PM (PDF) (LM_XB403),2026-09-26T15:00:20+00:00
355cb757f381badb,2019-02-28,Beef,"Round, top inside round (168  1)",Select Cuts,,,,Select,,,,,213.26,217.18,,,215.11,$/cwt,2.1511,per lb,National,wholesale,,,,,,30728.0,lb,,2453,National Daily Boxed Beef Cutout & Boxed Beef Cuts - Negotiated Sales - PM (PDF) (LM_XB403),2026-09-26T15:00:20+00:00
53a12ce885ec3b5b,2019-02-28,Beef,"Round, top inside round (168  3)",Choice Cuts,,,,Choice,,,,,215.0,232.0,,,218.88,$/cwt,2.1888,per lb,National,wholesale,,,,,,73521.0,lb,,2453,National Daily Boxed Beef Cutout & Boxed Beef Cuts - Negotiated Sales - PM (PDF) (LM_XB403),2026-09-26T15:00:20+00:00
33a73d921a43dd8e,2019-02-28,Beef,"Round, top inside round (168  3)",Select Cuts,,,,Select,,,,,209.91,228.25,,,213.95,$/cwt,2.1395,per lb,National,wholesale,,,,,,182719.0,lb,,2453,National Daily Boxed Beef Cutout & Boxed Beef Cuts - Negotiated Sales - PM (PDF) (LM_XB403),2026-09-26T15:00:20+00:00
79e9d27a592c9675,2019-02-28,Beef,"Round, top inside, cap off (169A  5)",Choice Cuts,,,,Choice,,,,,281.3,310.0,,,291.71,$/cwt,2.9171,per lb,National,wholesale,,,,,,9713.0,lb,,2453,National Daily Boxed Beef Cutout & Boxed Beef Cuts - Negotiated Sales - PM (PDF) (LM_XB403),2026-09-26T15:00:20+00:00
86259a2b1d8e3bb9,2019-02-28,Beef,"Round, top inside, denuded (169  5)",Choice Cuts,,,,Choice,,,,,244.5,269.5,,,257.61,$/cwt,2.5761,per lb,National,wholesale,,,,,,16381.0,lb,,2453,National Daily Boxed Beef Cutout & Boxed Beef Cuts - Negotiated Sales - PM (PDF) (LM_XB403),2026-09-26T15:00:20+00:00
109f6d4d5e18d975,2019-02-28,Beef,"Short Plate, short rib (123A  3)",Choice Cuts,,,,Choice,,,,,521.0,576.0,,,559.92,$/cwt,5.5992,per lb,National,wholesale,,,,,,18805.0,lb,,2453,National Daily Boxed Beef Cutout & Boxed Beef Cuts - Negotiated Sales - PM (PDF) (LM_XB403),2026-09-26T15:00:20+00:00
