row_id,report_date,commodity,variety,pack_size,count_size,item_size,properties,grade,organic,appearance,condition,quality,low_price,high_price,mostly_low_price,mostly_high_price,unit_price,price_unit,normalized_price,normalized_unit,market,market_type,origin,origin_detail,other_attributes,reporter_comment,market_tone,volume,volume_unit,store_count,report_id,report_title,fetched_at
0695f029f54e95f6,2016-03-04,Avocados,HASS,each,,,,,No,,,,,,,,1.81,$/each,1.81,per each,Alaska,retail,,,,,,,,81.0,3324,Weekly Grocery Store Specialty Crops Feature Activity,2026-09-26T14:36:16+00:00
4b91ca0d4f71a20c,2016-03-04,Avocados,HASS,each,,,,,Yes,,,,,,,,2.0,$/each,2.0,per each,Alaska,retail,,,,,,,,27.0,3324,Weekly Grocery Store Specialty Crops Feature Activity,2026-09-26T14:36:16+00:00
c04515727b959fa0,2016-03-04,Bananas,,per lb,,,,,Yes,,,,,,,,1.25,$/per lb,1.25,per lb,Alaska,retail,,,,,,,,2.0,3324,Weekly Grocery Store Specialty Crops Feature Activity,2026-09-26T14:36:16+00:00
e310655300dd0135,2016-03-04,Bananas,,per lb,,,,,No,,,,,,,,0.75,$/per lb,0.75,per lb,Alaska,retail,,,,,,,,2.0,3324,Weekly Grocery Store Specialty Crops Feature Activity,2026-09-26T14:36:16+00:00
55ce669cbb449854,2016-03-04,Blueberries,,6 oz package,,,,,Yes,,,,,,,,4.99,$/6 oz package,13.3067,per lb,Alaska,retail,,,,,,,,11.0,3324,Weekly Grocery Store Specialty Crops Feature Activity,2026-09-26T14:36:16+00:00
a14cbbf927446b1c,2016-03-04,Blueberries,,6 oz package,,,,,No,,,,,,,,3.49,$/6 oz package,9.3067,per lb,Alaska,retail,,,,,,,,2.0,3324,Weekly Grocery Store Specialty Crops Feature Activity,2026-09-26T14:36:16+00:00
2e8aed8d1a788b80,2016-03-04,Broccoli,,per lb,,,,,Yes,,,,,,,,2.25,$/per lb,2.25,per lb,Alaska,retail,,,,,,,,2.0,3324,Weekly Grocery Store Specialty Crops Feature Activity,2026-09-26T14:36:16+00:00
ddf8ab2099fa15ce,2016-03-04,Broccoli,CROWN CUT,per lb,,,,,No,,,,,,,,1.53,$/per lb,1.53,per lb,Alaska,retail,,,,,,,,13.0,3324,Weekly Grocery Store Specialty Crops Feature Activity,2026-09-26T14:36:16+00:00
4f8cb12aea0ad8cd,2016-03-04,Carrots,,per bunch,,,,,Yes,,,,,,,,2.49,$/per bunch,,,Alaska,retail,,,,,,,,2.0,3324,Weekly Grocery Store Specialty Crops Feature Activity,2026-09-26T14:36:16+00:00
2440a7cbab6109d4,2016-03-04,Carrots,BABY PEELED,1 lb bag,,,,,No,,,,,,,,1.5,$/1 lb bag,1.5,per lb,Alaska,retail,,,,,,,,11.0,3324,Weekly Grocery Store Specialty Crops Feature Activity,2026-09-26T14:36:16+00:00
f7f646371332f3ef,2016-03-04,Carrots,BABY PEELED,1 lb bag,,,,,Yes,,,,,,,,2.2,$/1 lb bag,2.2,per lb,Alaska,retail,,,,,,,,38.0,3324,Weekly Grocery Store Specialty Crops Feature Activity,2026-09-26T14:36:16+00:00
62e49d4bd7e14154,2016-03-04,Celery,,each,,,,,Yes,,,,,,,,1.49,$/each,1.49,per each,Alaska,retail,,,,,,,,11.0,3324,Weekly Grocery Store Specialty Crops Feature Activity,2026-09-26T14:36:16+00:00
e7d971273bd2a568,2016-03-04,Celery,,each,,,,,No,,,,,,,,1.68,$/each,1.68,per each,Alaska,retail,,,,,,,,3.0,3324,Weekly Grocery Store Specialty Crops Feature Activity,2026-09-26T14:36:16+00:00
553686dfae8db170,2016-03-04,Cucumbers,,each,,,,,No,,,,,,,,1.16,$/each,1.16,per each,Alaska,retail,,,,,,,,32.0,3324,Weekly Grocery Store Specialty Crops Feature Activity,2026-09-26T14:36:16+00:00
7adb3ae30611fb23,2016-03-04,Grapes,RED SEEDLESS,per lb,,,,,No,,,,,,,,3.08,$/per lb,3.08,per lb,Alaska,retail,,,,,,,,38.0,3324,Weekly Grocery Store Specialty Crops Feature Activity,2026-09-26T14:36:16+00:00
bcbb20f972255377,2016-03-04,Grapes,WHITE SEEDLESS TYPE,per lb,,,,,No,,,,,,,,3.08,$/per lb,3.08,per lb,Alaska,retail,,,,,,,,38.0,3324,Weekly Grocery Store Specialty Crops Feature Activity,2026-09-26T14:36:16+00:00
3e657706c2de4625,2016-03-04,Lemons,,each,,,,,No,,,,,,,,0.99,$/each,0.99,per each,Alaska,retail,,,,,,,,27.0,3324,Weekly Grocery Store Specialty Crops Feature Activity,2026-09-26T14:36:16+00:00
f8864992c7b03a51,2016-03-04,Lettuce,Iceberg,each,,,,,No,,,,,,,,1.41,$/each,1.41,per each,Alaska,retail,,,,,,,,6.0,3324,Weekly Grocery Store Specialty Crops Feature Activity,2026-09-26T14:36:16+00:00
6571c16ec46deb8d,2016-03-04,Lettuce,Romaine (Hearts),3 count,,,,,Yes,,,,,,,,2.98,$/3 count,,,Alaska,retail,,,,,,,,3.0,3324,Weekly Grocery Store Specialty Crops Feature Activity,2026-09-26T14:36:16+00:00
5dac287dea7327c5,2016-03-04,Limes,,each,,,,,No,,,,,,,,0.34,$/each,0.34,per each,Alaska,retail,,,,,,,,27.0,3324,Weekly Grocery Store Specialty Crops Feature Activity,2026-09-26T14:36:16+00:00
3c5ffdf6d8372f5e,2016-03-04,"Onions, Dry",YELLOW,3 lb bag,,,,,No,,,,,,,,2.0,$/3 lb bag,0.6667,per lb,Alaska,retail,,,,,,,,6.0,3324,Weekly Grocery Store Specialty Crops Feature Activity,2026-09-26T14:36:16+00:00
0f792e70163fc066,2016-03-04,"Onions, Dry",YELLOW,per lb,,,,,No,,,,,,,,1.69,$/per lb,1.69,per lb,Alaska,retail,,,,,,,,33.0,3324,Weekly Grocery Store Specialty Crops Feature Activity,2026-09-26T14:36:16+00:00
de84569501fb63da,2016-03-04,"Onions, Dry",YELLOW MARKED SWEET,per lb,,,,,No,,,,,,,,1.49,$/per lb,1.49,per lb,Alaska,retail,,,,,,,,27.0,3324,Weekly Grocery Store Specialty Crops Feature Activity,2026-09-26T14:36:16+00:00
330f567e326c55b7,2016-03-04,"Peppers, Bell Type",GREEN,each,,,,,No,,,,,,,,1.25,$/each,1.25,per each,Alaska,retail,,,,,,,,27.0,3324,Weekly Grocery Store Specialty Crops Feature Activity,2026-09-26T14:36:16+00:00
5a3c987c0b0f253c,2016-03-04,"Peppers, Bell Type",ORANGE,each,,,,,No,,,,,,,,2.0,$/each,2.0,per each,Alaska,retail,,,,,,,,28.0,3324,Weekly Grocery Store Specialty Crops Feature Activity,2026-09-26T14:36:16+00:00
20457bc7169cfabb,2016-03-04,"Peppers, Bell Type",RED,each,,,,,No,,,,,,,,2.0,$/each,2.0,per each,Alaska,retail,,,,,,,,28.0,3324,Weekly Grocery Store Specialty Crops Feature Activity,2026-09-26T14:36:16+00:00
10cc10472da61b00,2016-03-04,"Peppers, Bell Type",YELLOW,each,,,,,No,,,,,,,,2.0,$/each,2.0,per each,Alaska,retail,,,,,,,,28.0,3324,Weekly Grocery Store Specialty Crops Feature Activity,2026-09-26T14:36:16+00:00
97cb9f32d43deb78,2016-03-04,Potatoes,ROUND RED,per lb,,,,,No,,,,,,,,0.93,$/per lb,0.93,per lb,Alaska,retail,,,,,,,,38.0,3324,Weekly Grocery Store Specialty Crops Feature Activity,2026-09-26T14:36:16+00:00
f3d961b4dd00268d,2016-03-04,Potatoes,ROUND WHITE,per lb,,,,,No,,,,,,,,0.99,$/per lb,0.99,per lb,Alaska,retail,,,,,,,,27.0,3324,Weekly Grocery Store Specialty Crops Feature Activity,2026-09-26T14:36:16+00:00
0cc951dc0460889c,2016-03-04,Potatoes,RUSSET,10 lb bag,,,,,No,,,,,,,,3.38,$/10 lb bag,0.338,per lb,Alaska,retail,,,,,,,,9.0,3324,Weekly Grocery Store Specialty Crops Feature Activity,2026-09-26T14:36:16+00:00
a4b411c40030cdfb,2016-03-04,Potatoes,RUSSET,per lb,,,,,No,,,,,,,,1.89,$/per lb,1.89,per lb,Alaska,retail,,,,,,,,30.0,3324,Weekly Grocery Store Specialty Crops Feature Activity,2026-09-26T14:36:16+00:00
bfb82dc7b9de0e1f,2016-03-04,Potatoes,YELLOW TYPE,per lb,,,,,No,,,,,,,,0.93,$/per lb,0.93,per lb,Alaska,retail,,,,,,,,38.0,3324,Weekly Grocery Store Specialty Crops Feature Activity,2026-09-26T14:36:16+00:00
dfbc244189d11071,2016-03-04,Strawberries,,1 lb package,,,,,No,,,,,,,,3.5,$/1 lb package,3.5,per lb,Alaska,retail,,,,,,,,11.0,3324,Weekly Grocery Store Specialty Crops Feature Activity,2026-09-26T14:36:16+00:00
24dc8b96247fdbd0,2016-03-04,Tomatoes,,per lb,,,,,No,,,,,,,,1.99,$/per lb,1.99,per lb,Alaska,retail,,,,,,,,9.0,3324,Weekly Grocery Store Specialty Crops Feature Activity,2026-09-26T14:36:16+00:00
cd28dba8ff3142d0,2016-03-04,Tomatoes,GRAPE TYPE,1 pint package,,,,,Yes,,,,,,,,3.99,$/1 pint package,,,Alaska,retail,,,,,,,,27.0,3324,Weekly Grocery Store Specialty Crops Feature Activity,2026-09-26T14:36:16+00:00
6dd745e23ef6ee59,2016-03-04,Tomatoes,Plum Type (Roma),per lb,,,,,No,,,,,,,,1.69,$/per lb,1.69,per lb,Alaska,retail,,,,,,,,9.0,3324,Weekly Grocery Store Specialty Crops Feature Activity,2026-09-26T14:36:16+00:00
915e30f9edb5dc75,2016-03-04,Tomatoes,Plum Type (Roma),per lb,,,,,Yes,,,,,,,,1.48,$/per lb,1.48,per lb,Alaska,retail,,,,,,,,3.0,3324,Weekly Grocery Store Specialty Crops Feature Activity,2026-09-26T14:36:16+00:00
e34b914d2d85d650,2016-03-04,Tomatoes,VINE RIPES,per lb,,,,,No,,,,,,,,2.41,$/per lb,2.41,per lb,Alaska,retail,,,environment=Greenhouse,,,,,6.0,3324,Weekly Grocery Store Specialty Crops Feature Activity,2026-09-26T14:36:16+00:00
ae82b733c54ceb81,2016-03-04,Avocados,HASS,each,,,,,No,,,,,,,,1.79,$/each,1.79,per each,Hawaii,retail,,,,,,,,3.0,3324,Weekly Grocery Store Specialty Crops Feature Activity,2026-09-26T14:36:16+00:00
a49e85abafbd1452,2016-03-04,Avocados,HASS,per lb,,,,,No,,,,,,,,1.79,$/per lb,1.79,per lb,Hawaii,retail,,,,,,,,24.0,3324,Weekly Grocery Store Specialty Crops Feature Activity,2026-09-26T14:36:16+00:00
07735e7ec7552ac3,2016-03-04,Bananas,,per lb,,,,,No,,,,,,,,1.09,$/per lb,1.09,per lb,Hawaii,retail,,,,,,,,3.0,3324,Weekly Grocery Store Specialty Crops Feature Activity,2026-09-26T14:36:16+00:00
1c1d50f04c61456e,2016-03-04,Blueberries,,18 oz package,,,,,No,,,,,,,,5.99,$/18 oz package,5.3244,per lb,Hawaii,retail,,,,,,,,34.0,3324,Weekly Grocery Store Specialty Crops Feature Activity,2026-09-26T14:36:16+00:00
d96aa6fb904bc41b,2016-03-04,Blueberries,,6 oz package,,,,,No,,,,,,,,3.99,$/6 oz package,10.64,per lb,Hawaii,retail,,,,,,,,3.0,3324,Weekly Grocery Store Specialty Crops Feature Activity,2026-09-26T14:36:16+00:00
01e2229aa8054cb7,2016-03-04,Broccoli,CROWN CUT,per lb,,,,,No,,,,,,,,2.73,$/per lb,2.73,per lb,Hawaii,retail,,,,,,,,27.0,3324,Weekly Grocery Store Specialty Crops Feature Activity,2026-09-26T14:36:16+00:00
10c52e1d270cf6bf,2016-03-04,Carrots,,1 lb bag,,,,,No,,,,,,,,1.49,$/1 lb bag,1.49,per lb,Hawaii,retail,,,,,,,,24.0,3324,Weekly Grocery Store Specialty Crops Feature Activity,2026-09-26T14:36:16+00:00
cc7eac3b1ab45b62,2016-03-04,Carrots,,2 lb bag,,,,,No,,,,,,,,2.29,$/2 lb bag,1.145,per lb,Hawaii,retail,,,,,,,,3.0,3324,Weekly Grocery Store Specialty Crops Feature Activity,2026-09-26T14:36:16+00:00
734ab5a749ff0473,2016-03-04,Carrots,,per lb,,,,,No,,,,,,,,0.99,$/per lb,0.99,per lb,Hawaii,retail,,,,,,,,6.0,3324,Weekly Grocery Store Specialty Crops Feature Activity,2026-09-26T14:36:16+00:00
88fbc61f4f395704,2016-03-04,Carrots,BABY PEELED,1 lb bag,,,,,Yes,,,,,,,,3.29,$/1 lb bag,3.29,per lb,Hawaii,retail,,,,,,,,27.0,3324,Weekly Grocery Store Specialty Crops Feature Activity,2026-09-26T14:36:16+00:00
b7ffad71a4440d6d,2016-03-04,Carrots,BABY PEELED,1 lb bag,,,,,No,,,,,,,,2.21,$/1 lb bag,2.21,per lb,Hawaii,retail,,,,,,,,38.0,3324,Weekly Grocery Store Specialty Crops Feature Activity,2026-09-26T14:36:16+00:00
34c5359fd386e59d,2016-03-04,Celery,,per lb,,,,,No,,,,,,,,1.99,$/per lb,1.99,per lb,Hawaii,retail,,,,,,,,3.0,3324,Weekly Grocery Store Specialty Crops Feature Activity,2026-09-26T14:36:16+00:00
6d933c92e37f6aa7,2016-03-04,Cucumbers,,per lb,,,,,No,,,,,,,,1.79,$/per lb,1.79,per lb,Hawaii,retail,,,,,,,,3.0,3324,Weekly Grocery Store Specialty Crops Feature Activity,2026-09-26T14:36:16+00:00
256cd11c88bac0e7,2016-03-04,Cucumbers,LONG SEEDLESS,per lb,,,,,No,,,,,,,,3.99,$/per lb,3.99,per lb,Hawaii,retail,,,environment=Greenhouse,,,,,27.0,3324,Weekly Grocery Store Specialty Crops Feature Activity,2026-09-26T14:36:16+00:00
86c68a09aa873784,2016-03-04,Grapes,BLACK SEEDLESS,per lb,,,,,No,,,,,,,,3.99,$/per lb,3.99,per lb,Hawaii,retail,,,,,,,,27.0,3324,Weekly Grocery Store Specialty Crops Feature Activity,2026-09-26T14:36:16+00:00
d161d99a5c65f4a2,2016-03-04,Grapes,RED SEEDLESS,per lb,,,,,No,,,,,,,,3.84,$/per lb,3.84,per lb,Hawaii,retail,,,,,,,,60.0,3324,Weekly Grocery Store Specialty Crops Feature Activity,2026-09-26T14:36:16+00:00
f238e91ff1d288f5,2016-03-04,Grapes,Red Globe Seeded Type,per lb,,,,,No,,,,,,,,3.99,$/per lb,3.99,per lb,Hawaii,retail,,,,,,,,34.0,3324,Weekly Grocery Store Specialty Crops Feature Activity,2026-09-26T14:36:16+00:00
172c51eec70ce75d,2016-03-04,Grapes,WHITE SEEDLESS TYPE,per lb,,,,,No,,,,,,,,3.99,$/per lb,3.99,per lb,Hawaii,retail,,,,,,,,51.0,3324,Weekly Grocery Store Specialty Crops Feature Activity,2026-09-26T14:36:16+00:00
0fdf824e65b47a39,2016-03-04,Lettuce,Green Leaf,each,,,,,No,,,,,,,,2.45,$/each,2.45,per each,Hawaii,retail,,,,,,,,58.0,3324,Weekly Grocery Store Specialty Crops Feature Activity,2026-09-26T14:36:16+00:00
ffae387d57a60718,2016-03-04,Lettuce,Red Leaf,each,,,,,No,,,,,,,,2.45,$/each,2.45,per each,Hawaii,retail,,,,,,,,58.0,3324,Weekly Grocery Store Specialty Crops Feature Activity,2026-09-26T14:36:16+00:00
e7b7235b34defa33,2016-03-04,Lettuce,Romaine,per lb,,,,,No,,,,,,,,2.99,$/per lb,2.99,per lb,Hawaii,retail,,,,,,,,3.0,3324,Weekly Grocery Store Specialty Crops Feature Activity,2026-09-26T14:36:16+00:00
a4afaab5a660eb48,2016-03-04,"Onions, Dry",RED,per lb,,,,,No,,,,,,,,1.99,$/per lb,1.99,per lb,Hawaii,retail,,,,,,,,24.0,3324,Weekly Grocery Store Specialty Crops Feature Activity,2026-09-26T14:36:16+00:00
e297de066262e126,2016-03-04,"Onions, Dry",YELLOW,per lb,,,,,No,,,,,,,,1.69,$/per lb,1.69,per lb,Hawaii,retail,,,,,,,,3.0,3324,Weekly Grocery Store Specialty Crops Feature Activity,2026-09-26T14:36:16+00:00
9490aa8984dd3ad3,2016-03-04,"Onions, Dry",YELLOW MARKED SWEET,per lb,,,,,No,,,,,,,,1.99,$/per lb,1.99,per lb,Hawaii,retail,,,,,,,,24.0,3324,Weekly Grocery Store Specialty Crops Feature Activity,2026-09-26T14:36:16+00:00
4be9c6a92fb7d223,2016-03-04,"Peppers, Bell Type",GREEN,per lb,,,,,No,,,,,,,,2.77,$/per lb,2.77,per lb,Hawaii,retail,,,,,,,,36.0,3324,Weekly Grocery Store Specialty Crops Feature Activity,2026-09-26T14:36:16+00:00
0d9340da4470a5c7,2016-03-04,"Peppers, Bell Type",ORANGE,per lb,,,,,Yes,,,,,,,,2.99,$/per lb,2.99,per lb,Hawaii,retail,,,,,,,,3.0,3324,Weekly Grocery Store Specialty Crops Feature Activity,2026-09-26T14:36:16+00:00
4d9d7a9a35e7e5ff,2016-03-04,"Peppers, Bell Type",RED,per lb,,,,,Yes,,,,,,,,2.99,$/per lb,2.99,per lb,Hawaii,retail,,,,,,,,3.0,3324,Weekly Grocery Store Specialty Crops Feature Activity,2026-09-26T14:36:16+00:00
38a4cf75e9d5159b,2016-03-04,"Peppers, Bell Type",YELLOW,per lb,,,,,Yes,,,,,,,,2.99,$/per lb,2.99,per lb,Hawaii,retail,,,,,,,,3.0,3324,Weekly Grocery Store Specialty Crops Feature Activity,2026-09-26T14:36:16+00:00
eb1499555d35d713,2016-03-04,Potatoes,RUSSET,5 lb bag,,,,,No,,,,,,,,1.98,$/5 lb bag,0.396,per lb,Hawaii,retail,,,,,,,,3.0,3324,Weekly Grocery Store Specialty Crops Feature Activity,2026-09-26T14:36:16+00:00
d18d6c1da6a9f011,2016-03-04,Potatoes,RUSSET,per lb,,,,,No,,,,,,,,1.81,$/per lb,1.81,per lb,Hawaii,retail,,,,,,,,33.0,3324,Weekly Grocery Store Specialty Crops Feature Activity,2026-09-26T14:36:16+00:00
79f1e98ce3ee169b,2016-03-04,Tomatoes,,per lb,,,,,No,,,,,,,,2.73,$/per lb,2.73,per lb,Hawaii,retail,,,,,,,,30.0,3324,Weekly Grocery Store Specialty Crops Feature Activity,2026-09-26T14:36:16+00:00
d02d200504f5840d,2016-03-04,Tomatoes,GRAPE TYPE,10 oz package,,,,,No,,,,,,,,2.5,$/10 oz package,4.0,per lb,Hawaii,retail,,,,,,,,4.0,3324,Weekly Grocery Store Specialty Crops Feature Activity,2026-09-26T14:36:16+00:00
989023d150aaea74,2016-03-04,Tomatoes,Plum Type (Roma),per lb,,,,,No,,,,,,,,2.79,$/per lb,2.79,per lb,Hawaii,retail,,,,,,,,34.0,3324,Weekly Grocery Store Specialty Crops Feature Activity,2026-09-26T14:36:16+00:00
db2083e7d064d41a,2016-03-04,Tomatoes,VINE RIPES - ON THE VINE,per lb,,,,,No,,,,,,,,2.99,$/per lb,2.99,per lb,Hawaii,retail,,,environment=Greenhouse,,,,,3.0,3324,Weekly Grocery Store Specialty Crops Feature Activity,2026-09-26T14:36:16+00:00
901181a800a5f012,2016-03-04,Avocados,HASS,each,,,,,No,,,,,,,,0.86,$/each,0.86,per each,Midwest,retail,,,,,,,,1549.0,3324,Weekly Grocery Store Specialty Crops Feature Activity,2026-09-26T14:36:16+00:00
bb0eb82a415e6876,2016-03-04,Avocados,HASS,each,,,,,Yes,,,,,,,,1.43,$/each,1.43,per each,Midwest,retail,,,,,,,,329.0,3324,Weekly Grocery Store Specialty Crops Feature Activity,2026-09-26T14:36:16+00:00
082ddeaaf0248b45,2016-03-04,Avocados,VARIOUS GREENSKIN VARIETIES,each,,,,,No,,,,,,,,1.05,$/each,1.05,per each,Midwest,retail,,,,,,,,207.0,3324,Weekly Grocery Store Specialty Crops Feature Activity,2026-09-26T14:36:16+00:00
59ae398dc9bce1ca,2016-03-04,Bananas,,per lb,,,,,No,,,,,,,,0.49,$/per lb,0.49,per lb,Midwest,retail,,,,,,,,35.0,3324,Weekly Grocery Store Specialty Crops Feature Activity,2026-09-26T14:36:16+00:00
678b6a024f3c4080,2016-03-04,Bananas,,per lb,,,,,Yes,,,,,,,,0.7,$/per lb,0.7,per lb,Midwest,retail,,,,,,,,114.0,3324,Weekly Grocery Store Specialty Crops Feature Activity,2026-09-26T14:36:16+00:00
4e531279d3b60a92,2016-03-04,Blueberries,,1 pint package,,,,,No,,,,,,,,3.1,$/1 pint package,,,Midwest,retail,,,,,,,,399.0,3324,Weekly Grocery Store Specialty Crops Feature Activity,2026-09-26T14:36:16+00:00
5b06336c5ee9d1fe,2016-03-04,Blueberries,,18 oz package,,,,,No,,,,,,,,2.99,$/18 oz package,2.6578,per lb,Midwest,retail,,,,,,,,180.0,3324,Weekly Grocery Store Specialty Crops Feature Activity,2026-09-26T14:36:16+00:00
a13367ed64de2ac0,2016-03-04,Blueberries,,4.4 oz package,,,,,Yes,,,,,,,,2.98,$/4.4 oz package,10.8364,per lb,Midwest,retail,,,,,,,,7.0,3324,Weekly Grocery Store Specialty Crops Feature Activity,2026-09-26T14:36:16+00:00
4cbaf1d2d6469852,2016-03-04,Blueberries,,6 oz package,,,,,Yes,,,,,,,,4.79,$/6 oz package,12.7733,per lb,Midwest,retail,,,,,,,,3.0,3324,Weekly Grocery Store Specialty Crops Feature Activity,2026-09-26T14:36:16+00:00
ba57a199d767e895,2016-03-04,Blueberries,,6 oz package,,,,,No,,,,,,,,2.24,$/6 oz package,5.9733,per lb,Midwest,retail,,,,,,,,123.0,3324,Weekly Grocery Store Specialty Crops Feature Activity,2026-09-26T14:36:16+00:00
93c8b6f0eaa9c323,2016-03-04,Broccoli,,per bunch,,,,,No,,,,,,,,1.81,$/per bunch,,,Midwest,retail,,,,,,,,260.0,3324,Weekly Grocery Store Specialty Crops Feature Activity,2026-09-26T14:36:16+00:00
ab58c241054a0963,2016-03-04,Broccoli,,per bunch,,,,,Yes,,,,,,,,2.0,$/per bunch,,,Midwest,retail,,,,,,,,285.0,3324,Weekly Grocery Store Specialty Crops Feature Activity,2026-09-26T14:36:16+00:00
0d1a16fa2b3c08cd,2016-03-04,Broccoli,,per lb,,,,,No,,,,,,,,1.43,$/per lb,1.43,per lb,Midwest,retail,,,,,,,,123.0,3324,Weekly Grocery Store Specialty Crops Feature Activity,2026-09-26T14:36:16+00:00
7ed7c1a3d023dc52,2016-03-04,Broccoli,,per lb,,,,,Yes,,,,,,,,0.59,$/per lb,0.59,per lb,Midwest,retail,,,,,,,,8.0,3324,Weekly Grocery Store Specialty Crops Feature Activity,2026-09-26T14:36:16+00:00
e344050a3700c10d,2016-03-04,Broccoli,CROWN CUT,per lb,,,,,No,,,,,,,,1.14,$/per lb,1.14,per lb,Midwest,retail,,,,,,,,717.0,3324,Weekly Grocery Store Specialty Crops Feature Activity,2026-09-26T14:36:16+00:00
259250586e1be523,2016-03-04,Carrots,,1 lb bag,,,,,Yes,,,,,,,,0.99,$/1 lb bag,0.99,per lb,Midwest,retail,,,,,,,,12.0,3324,Weekly Grocery Store Specialty Crops Feature Activity,2026-09-26T14:36:16+00:00
d262ebae52bfb931,2016-03-04,Carrots,,2 lb bag,,,,,No,,,,,,,,1.71,$/2 lb bag,0.855,per lb,Midwest,retail,,,,,,,,103.0,3324,Weekly Grocery Store Specialty Crops Feature Activity,2026-09-26T14:36:16+00:00
f5f125b1ffd8dc2c,2016-03-04,Carrots,,2 lb bag,,,,,Yes,,,,,,,,1.92,$/2 lb bag,0.96,per lb,Midwest,retail,,,,,,,,72.0,3324,Weekly Grocery Store Specialty Crops Feature Activity,2026-09-26T14:36:16+00:00
8c6e5635f308e505,2016-03-04,Carrots,,per bunch,,,,,No,,,,,,,,1.5,$/per bunch,,,Midwest,retail,,,,,,,,22.0,3324,Weekly Grocery Store Specialty Crops Feature Activity,2026-09-26T14:36:16+00:00
d2fd4901ed23d276,2016-03-04,Carrots,,per lb,,,,,No,,,,,,,,0.39,$/per lb,0.39,per lb,Midwest,retail,,,,,,,,8.0,3324,Weekly Grocery Store Specialty Crops Feature Activity,2026-09-26T14:36:16+00:00
51bdd595e3b36572,2016-03-04,Carrots,BABY PEELED,1 lb bag,,,,,No,,,,,,,,1.32,$/1 lb bag,1.32,per lb,Midwest,retail,,,,,,,,885.0,3324,Weekly Grocery Store Specialty Crops Feature Activity,2026-09-26T14:36:16+00:00
fe34960e934cfde7,2016-03-04,Carrots,BABY PEELED,1 lb bag,,,,,Yes,,,,,,,,1.11,$/1 lb bag,1.11,per lb,Midwest,retail,,,,,,,,754.0,3324,Weekly Grocery Store Specialty Crops Feature Activity,2026-09-26T14:36:16+00:00
e72ec559239c5f42,2016-03-04,Carrots,BABY PEELED,2 lb bag,,,,,No,,,,,,,,2.22,$/2 lb bag,1.11,per lb,Midwest,retail,,,,,,,,488.0,3324,Weekly Grocery Store Specialty Crops Feature Activity,2026-09-26T14:36:16+00:00
08a8a28cc2b46279,2016-03-04,Celery,,each,,,,,No,,,,,,,,1.31,$/each,1.31,per each,Midwest,retail,,,,,,,,215.0,3324,Weekly Grocery Store Specialty Crops Feature Activity,2026-09-26T14:36:16+00:00
6d8db034bfd6d2fc,2016-03-04,Celery,,each,,,,,Yes,,,,,,,,1.93,$/each,1.93,per each,Midwest,retail,,,,,,,,146.0,3324,Weekly Grocery Store Specialty Crops Feature Activity,2026-09-26T14:36:16+00:00
376ef07cc31d6e08,2016-03-04,Celery,HEARTS,each,,,,,No,,,,,,,,2.5,$/each,2.5,per each,Midwest,retail,,,,,,,,7.0,3324,Weekly Grocery Store Specialty Crops Feature Activity,2026-09-26T14:36:16+00:00
6123e8c5247ba0f8,2016-03-04,Celery,HEARTS,each,,,,,Yes,,,,,,,,2.54,$/each,2.54,per each,Midwest,retail,,,,,,,,66.0,3324,Weekly Grocery Store Specialty Crops Feature Activity,2026-09-26T14:36:16+00:00
690c0c9a28b521cc,2016-03-04,Cucumbers,,each,,,,,No,,,,,,,,0.62,$/each,0.62,per each,Midwest,retail,,,,,,,,974.0,3324,Weekly Grocery Store Specialty Crops Feature Activity,2026-09-26T14:36:16+00:00
1663072547167e88,2016-03-04,Cucumbers,LONG SEEDLESS,each,,,,,No,,,,,,,,1.46,$/each,1.46,per each,Midwest,retail,,,environment=Greenhouse,,,,,338.0,3324,Weekly Grocery Store Specialty Crops Feature Activity,2026-09-26T14:36:16+00:00
c213f137eb42b6ad,2016-03-04,Grapes,BLACK SEEDLESS,per lb,,,,,No,,,,,,,,2.45,$/per lb,2.45,per lb,Midwest,retail,,,,,,,,168.0,3324,Weekly Grocery Store Specialty Crops Feature Activity,2026-09-26T14:36:16+00:00
16968e8abb8f2698,2016-03-04,Grapes,RED SEEDLESS,per lb,,,,,No,,,,,,,,2.25,$/per lb,2.25,per lb,Midwest,retail,,,,,,,,1625.0,3324,Weekly Grocery Store Specialty Crops Feature Activity,2026-09-26T14:36:16+00:00
48b11563bc00c5d4,2016-03-04,Grapes,Red Globe Seeded Type,per lb,,,,,No,,,,,,,,2.1,$/per lb,2.1,per lb,Midwest,retail,,,,,,,,744.0,3324,Weekly Grocery Store Specialty Crops Feature Activity,2026-09-26T14:36:16+00:00
2fc2e0666307334f,2016-03-04,Grapes,WHITE SEEDLESS TYPE,per lb,,,,,No,,,,,,,,2.17,$/per lb,2.17,per lb,Midwest,retail,,,,,,,,1463.0,3324,Weekly Grocery Store Specialty Crops Feature Activity,2026-09-26T14:36:16+00:00
3d7521ffc2850883,2016-03-04,Lemons,,2 lb bag,,,,,Yes,,,,,,,,3.26,$/2 lb bag,1.63,per lb,Midwest,retail,,,,,,,,364.0,3324,Weekly Grocery Store Specialty Crops Feature Activity,2026-09-26T14:36:16+00:00
6f58af2a257bcaba,2016-03-04,Lemons,,each,,,,,Yes,,,,,,,,0.5,$/each,0.5,per each,Midwest,retail,,,,,,,,11.0,3324,Weekly Grocery Store Specialty Crops Feature Activity,2026-09-26T14:36:16+00:00
b7a503a91ee62ccb,2016-03-04,Lemons,,each,,,,,No,,,,,,,,0.43,$/each,0.43,per each,Midwest,retail,,,,,,,,550.0,3324,Weekly Grocery Store Specialty Crops Feature Activity,2026-09-26T14:36:16+00:00
136ea8ec9e26baf5,2016-03-04,Lemons,,per lb,,,,,No,,,,,,,,1.99,$/per lb,1.99,per lb,Midwest,retail,,,,,,,,7.0,3324,Weekly Grocery Store Specialty Crops Feature Activity,2026-09-26T14:36:16+00:00
cf56d6cc75f6f70e,2016-03-04,Lettuce,Green Leaf,each,,,,,No,,,,,,,,1.02,$/each,1.02,per each,Midwest,retail,,,,,,,,23.0,3324,Weekly Grocery Store Specialty Crops Feature Activity,2026-09-26T14:36:16+00:00
848c0954e2fa25a9,2016-03-04,Lettuce,Green Leaf,per lb,,,,,No,,,,,,,,1.44,$/per lb,1.44,per lb,Midwest,retail,,,,,,,,118.0,3324,Weekly Grocery Store Specialty Crops Feature Activity,2026-09-26T14:36:16+00:00
a95933f0d9a699f2,2016-03-04,Lettuce,Iceberg,each,,,,,No,,,,,,,,1.02,$/each,1.02,per each,Midwest,retail,,,,,,,,422.0,3324,Weekly Grocery Store Specialty Crops Feature Activity,2026-09-26T14:36:16+00:00
0f927fac287a1d59,2016-03-04,Lettuce,Iceberg,per lb,,,,,No,,,,,,,,0.99,$/per lb,0.99,per lb,Midwest,retail,,,,,,,,7.0,3324,Weekly Grocery Store Specialty Crops Feature Activity,2026-09-26T14:36:16+00:00
2ed1f7ef635df61d,2016-03-04,Lettuce,Red Leaf,each,,,,,No,,,,,,,,1.02,$/each,1.02,per each,Midwest,retail,,,,,,,,23.0,3324,Weekly Grocery Store Specialty Crops Feature Activity,2026-09-26T14:36:16+00:00
df7d236a496206f4,2016-03-04,Lettuce,Red Leaf,per lb,,,,,No,,,,,,,,1.44,$/per lb,1.44,per lb,Midwest,retail,,,,,,,,118.0,3324,Weekly Grocery Store Specialty Crops Feature Activity,2026-09-26T14:36:16+00:00
bfbab9983e7485b6,2016-03-04,Lettuce,Romaine,each,,,,,No,,,,,,,,0.99,$/each,0.99,per each,Midwest,retail,,,,,,,,7.0,3324,Weekly Grocery Store Specialty Crops Feature Activity,2026-09-26T14:36:16+00:00
76231522fdf212c8,2016-03-04,Lettuce,Romaine,per lb,,,,,No,,,,,,,,0.9,$/per lb,0.9,per lb,Midwest,retail,,,,,,,,17.0,3324,Weekly Grocery Store Specialty Crops Feature Activity,2026-09-26T14:36:16+00:00
835a1914c04d31b1,2016-03-04,Lettuce,Romaine (Hearts),3 count,,,,,Yes,,,,,,,,2.81,$/3 count,,,Midwest,retail,,,,,,,,264.0,3324,Weekly Grocery Store Specialty Crops Feature Activity,2026-09-26T14:36:16+00:00
cdc70774dc893017,2016-03-04,Lettuce,Romaine (Hearts),3 count,,,,,No,,,,,,,,2.18,$/3 count,,,Midwest,retail,,,,,,,,265.0,3324,Weekly Grocery Store Specialty Crops Feature Activity,2026-09-26T14:36:16+00:00
267efced8a10fd7d,2016-03-04,Limes,,each,,,,,Yes,,,,,,,,0.83,$/each,0.83,per each,Midwest,retail,,,,,,,,11.0,3324,Weekly Grocery Store Specialty Crops Feature Activity,2026-09-26T14:36:16+00:00
db074e2109095d00,2016-03-04,Limes,,each,,,,,No,,,,,,,,0.29,$/each,0.29,per each,Midwest,retail,,,,,,,,172.0,3324,Weekly Grocery Store Specialty Crops Feature Activity,2026-09-26T14:36:16+00:00
a61203e400bb3d76,2016-03-04,Limes,,per lb,,,,,Yes,,,,,,,,1.5,$/per lb,1.5,per lb,Midwest,retail,,,,,,,,13.0,3324,Weekly Grocery Store Specialty Crops Feature Activity,2026-09-26T14:36:16+00:00
adfcbbc6ee583854,2016-03-04,"Onions, Dry",RED,per lb,,,,,Yes,,,,,,,,1.99,$/per lb,1.99,per lb,Midwest,retail,,,,,,,,7.0,3324,Weekly Grocery Store Specialty Crops Feature Activity,2026-09-26T14:36:16+00:00
dc6d27e8014d48ac,2016-03-04,"Onions, Dry",RED,per lb,,,,,No,,,,,,,,1.5,$/per lb,1.5,per lb,Midwest,retail,,,,,,,,45.0,3324,Weekly Grocery Store Specialty Crops Feature Activity,2026-09-26T14:36:16+00:00
517c7b09fe0fcfa9,2016-03-04,"Onions, Dry",WHITE,3 lb bag,,,,,No,,,,,,,,1.89,$/3 lb bag,0.63,per lb,Midwest,retail,,,,,,,,8.0,3324,Weekly Grocery Store Specialty Crops Feature Activity,2026-09-26T14:36:16+00:00
2ded19f859d98104,2016-03-04,"Onions, Dry",WHITE,per lb,,,,,No,,,,,,,,0.89,$/per lb,0.89,per lb,Midwest,retail,,,,,,,,3.0,3324,Weekly Grocery Store Specialty Crops Feature Activity,2026-09-26T14:36:16+00:00
1d6c5dc42208b313,2016-03-04,"Onions, Dry",YELLOW,2 lb bag,,,,,Yes,,,,,,,,2.39,$/2 lb bag,1.195,per lb,Midwest,retail,,,,,,,,124.0,3324,Weekly Grocery Store Specialty Crops Feature Activity,2026-09-26T14:36:16+00:00
c7cb5dc0f1499cc8,2016-03-04,"Onions, Dry",YELLOW,2 lb bag,,,,,No,,,,,,,,1.19,$/2 lb bag,0.595,per lb,Midwest,retail,,,,,,,,76.0,3324,Weekly Grocery Store Specialty Crops Feature Activity,2026-09-26T14:36:16+00:00
ccd1dfacb3f5d836,2016-03-04,"Onions, Dry",YELLOW,3 lb bag,,,,,No,,,,,,,,1.64,$/3 lb bag,0.5467,per lb,Midwest,retail,,,,,,,,668.0,3324,Weekly Grocery Store Specialty Crops Feature Activity,2026-09-26T14:36:16+00:00
f044cebc1989c93d,2016-03-04,"Onions, Dry",YELLOW,3 lb bag,,,,,Yes,,,,,,,,2.92,$/3 lb bag,0.9733,per lb,Midwest,retail,,,,,,,,22.0,3324,Weekly Grocery Store Specialty Crops Feature Activity,2026-09-26T14:36:16+00:00
d3d81086e2c38c1f,2016-03-04,"Onions, Dry",YELLOW,5 lb bag,,,,,No,,,,,,,,1.88,$/5 lb bag,0.376,per lb,Midwest,retail,,,,,,,,119.0,3324,Weekly Grocery Store Specialty Crops Feature Activity,2026-09-26T14:36:16+00:00
78b1dd03d4cb7e44,2016-03-04,"Onions, Dry",YELLOW,per lb,,,,,No,,,,,,,,0.86,$/per lb,0.86,per lb,Midwest,retail,,,,,,,,69.0,3324,Weekly Grocery Store Specialty Crops Feature Activity,2026-09-26T14:36:16+00:00
a8c6c4f203ed8574,2016-03-04,"Onions, Dry",YELLOW MARKED SWEET,2 lb bag,,,,,No,,,,,,,,1.5,$/2 lb bag,0.75,per lb,Midwest,retail,,,,,,,,19.0,3324,Weekly Grocery Store Specialty Crops Feature Activity,2026-09-26T14:36:16+00:00
48485f75c41a5b5a,2016-03-04,"Onions, Dry",YELLOW MARKED SWEET,per lb,,,,,No,,,,,,,,1.05,$/per lb,1.05,per lb,Midwest,retail,,,,,,,,542.0,3324,Weekly Grocery Store Specialty Crops Feature Activity,2026-09-26T14:36:16+00:00
2f07f2d567f3090d,2016-03-04,"Peppers, Bell Type",GREEN,each,,,,,No,,,,,,,,0.73,$/each,0.73,per each,Midwest,retail,,,,,,,,60.0,3324,Weekly Grocery Store Specialty Crops Feature Activity,2026-09-26T14:36:16+00:00
d6bd8815f76f6f0e,2016-03-04,"Peppers, Bell Type",GREEN,each,,,,,Yes,,,,,,,,1.24,$/each,1.24,per each,Midwest,retail,,,,,,,,146.0,3324,Weekly Grocery Store Specialty Crops Feature Activity,2026-09-26T14:36:16+00:00
0d99bebf715632bf,2016-03-04,"Peppers, Bell Type",GREEN,per lb,,,,,No,,,,,,,,1.89,$/per lb,1.89,per lb,Midwest,retail,,,,,,,,17.0,3324,Weekly Grocery Store Specialty Crops Feature Activity,2026-09-26T14:36:16+00:00
66dd2f4dc12178b5,2016-03-04,"Peppers, Bell Type",ORANGE,each,,,,,Yes,,,,,,,,1.99,$/each,1.99,per each,Midwest,retail,,,,,,,,12.0,3324,Weekly Grocery Store Specialty Crops Feature Activity,2026-09-26T14:36:16+00:00
72b73e92d5536809,2016-03-04,"Peppers, Bell Type",ORANGE,each,,,,,No,,,,,,,,1.2,$/each,1.2,per each,Midwest,retail,,,,,,,,883.0,3324,Weekly Grocery Store Specialty Crops Feature Activity,2026-09-26T14:36:16+00:00
43a8b846700c6693,2016-03-04,"Peppers, Bell Type",ORANGE,per lb,,,,,No,,,,,,,,2.99,$/per lb,2.99,per lb,Midwest,retail,,,,,,,,7.0,3324,Weekly Grocery Store Specialty Crops Feature Activity,2026-09-26T14:36:16+00:00
6206d7b59ed5b74a,2016-03-04,"Peppers, Bell Type",ORANGE,per lb,,,,,Yes,,,,,,,,2.99,$/per lb,2.99,per lb,Midwest,retail,,,,,,,,49.0,3324,Weekly Grocery Store Specialty Crops Feature Activity,2026-09-26T14:36:16+00:00
38ee94e969dcffd0,2016-03-04,"Peppers, Bell Type",RED,each,,,,,Yes,,,,,,,,1.99,$/each,1.99,per each,Midwest,retail,,,,,,,,12.0,3324,Weekly Grocery Store Specialty Crops Feature Activity,2026-09-26T14:36:16+00:00
8439f5d04dcf9b3d,2016-03-04,"Peppers, Bell Type",RED,each,,,,,No,,,,,,,,1.2,$/each,1.2,per each,Midwest,retail,,,,,,,,889.0,3324,Weekly Grocery Store Specialty Crops Feature Activity,2026-09-26T14:36:16+00:00
77b171fafa976764,2016-03-04,"Peppers, Bell Type",RED,per lb,,,,,No,,,,,,,,2.38,$/per lb,2.38,per lb,Midwest,retail,,,,,,,,18.0,3324,Weekly Grocery Store Specialty Crops Feature Activity,2026-09-26T14:36:16+00:00
ea303bdeac80727e,2016-03-04,"Peppers, Bell Type",RED,per lb,,,,,Yes,,,,,,,,2.99,$/per lb,2.99,per lb,Midwest,retail,,,,,,,,49.0,3324,Weekly Grocery Store Specialty Crops Feature Activity,2026-09-26T14:36:16+00:00
1cdad35faa418b3b,2016-03-04,"Peppers, Bell Type",YELLOW,each,,,,,No,,,,,,,,1.2,$/each,1.2,per each,Midwest,retail,,,,,,,,883.0,3324,Weekly Grocery Store Specialty Crops Feature Activity,2026-09-26T14:36:16+00:00
7442dcc6c07dfbd9,2016-03-04,"Peppers, Bell Type",YELLOW,each,,,,,Yes,,,,,,,,1.99,$/each,1.99,per each,Midwest,retail,,,,,,,,12.0,3324,Weekly Grocery Store Specialty Crops Feature Activity,2026-09-26T14:36:16+00:00
3a511bb39a20e502,2016-03-04,"Peppers, Bell Type",YELLOW,per lb,,,,,Yes,,,,,,,,2.99,$/per lb,2.99,per lb,Midwest,retail,,,,,,,,49.0,3324,Weekly Grocery Store Specialty Crops Feature Activity,2026-09-26T14:36:16+00:00
af5aaf1654a785bc,2016-03-04,"Peppers, Bell Type",YELLOW,per lb,,,,,No,,,,,,,,2.99,$/per lb,2.99,per lb,Midwest,retail,,,,,,,,7.0,3324,Weekly Grocery Store Specialty Crops Feature Activity,2026-09-26T14:36:16+00:00
284016aea847069b,2016-03-04,Potatoes,ROUND RED,3 lb bag,,,,,Yes,,,,,,,,1.99,$/3 lb bag,0.6633,per lb,Midwest,retail,,,,,,,,7.0,3324,Weekly Grocery Store Specialty Crops Feature Activity,2026-09-26T14:36:16+00:00
a912d3f9b1779759,2016-03-04,Potatoes,ROUND RED,3 lb bag,,,,,No,,,,,,,,2.26,$/3 lb bag,0.7533,per lb,Midwest,retail,,,,,,,,16.0,3324,Weekly Grocery Store Specialty Crops Feature Activity,2026-09-26T14:36:16+00:00
c2e4f5dda2d17ef5,2016-03-04,Potatoes,ROUND RED,5 lb bag,,,,,No,,,,,,,,2.22,$/5 lb bag,0.444,per lb,Midwest,retail,,,,,,,,368.0,3324,Weekly Grocery Store Specialty Crops Feature Activity,2026-09-26T14:36:16+00:00
a50829f2acdf6d02,2016-03-04,Potatoes,ROUND RED,per lb,,,,,No,,,,,,,,0.82,$/per lb,0.82,per lb,Midwest,retail,,,,,,,,65.0,3324,Weekly Grocery Store Specialty Crops Feature Activity,2026-09-26T14:36:16+00:00
978cce4116c99c9c,2016-03-04,Potatoes,ROUND WHITE,5 lb bag,,,,,No,,,,,,,,1.0,$/5 lb bag,0.2,per lb,Midwest,retail,,,,,,,,213.0,3324,Weekly Grocery Store Specialty Crops Feature Activity,2026-09-26T14:36:16+00:00
36caac59b9018be5,2016-03-04,Potatoes,ROUND WHITE,8 lb bag,,,,,No,,,,,,,,2.99,$/8 lb bag,0.3738,per lb,Midwest,retail,,,,,,,,10.0,3324,Weekly Grocery Store Specialty Crops Feature Activity,2026-09-26T14:36:16+00:00
05d0f0a98c753852,2016-03-04,Potatoes,RUSSET,10 lb bag,,,,,No,,,,,,,,2.21,$/10 lb bag,0.221,per lb,Midwest,retail,,,,,,,,993.0,3324,Weekly Grocery Store Specialty Crops Feature Activity,2026-09-26T14:36:16+00:00
dd939973683cc866,2016-03-04,Potatoes,RUSSET,3 lb bag,,,,,Yes,,,,,,,,2.01,$/3 lb bag,0.67,per lb,Midwest,retail,,,,,,,,147.0,3324,Weekly Grocery Store Specialty Crops Feature Activity,2026-09-26T14:36:16+00:00
1346a2527e7d9b75,2016-03-04,Potatoes,RUSSET,5 lb bag,,,,,No,,,,,,,,2.13,$/5 lb bag,0.426,per lb,Midwest,retail,,,,,,,,752.0,3324,Weekly Grocery Store Specialty Crops Feature Activity,2026-09-26T14:36:16+00:00
f77028b68bac725b,2016-03-04,Potatoes,RUSSET,5 lb bag,,,,,Yes,,,,,,,,3.49,$/5 lb bag,0.698,per lb,Midwest,retail,,,,,,,,15.0,3324,Weekly Grocery Store Specialty Crops Feature Activity,2026-09-26T14:36:16+00:00
956f8af4ac459bed,2016-03-04,Potatoes,RUSSET,8 lb bag,,,,,No,,,,,,,,2.43,$/8 lb bag,0.3038,per lb,Midwest,retail,,,,,,,,167.0,3324,Weekly Grocery Store Specialty Crops Feature Activity,2026-09-26T14:36:16+00:00
1cabdc824eef9281,2016-03-04,Potatoes,RUSSET,per lb,,,,,No,,,,,,,,0.63,$/per lb,0.63,per lb,Midwest,retail,,,,,,,,22.0,3324,Weekly Grocery Store Specialty Crops Feature Activity,2026-09-26T14:36:16+00:00
a985dc5e3dc78c44,2016-03-04,Potatoes,YELLOW TYPE,3 lb bag,,,,,Yes,,,,,,,,1.99,$/3 lb bag,0.6633,per lb,Midwest,retail,,,,,,,,7.0,3324,Weekly Grocery Store Specialty Crops Feature Activity,2026-09-26T14:36:16+00:00
cfff7ff2ea2f7393,2016-03-04,Potatoes,YELLOW TYPE,3 lb bag,,,,,No,,,,,,,,2.19,$/3 lb bag,0.73,per lb,Midwest,retail,,,,,,,,14.0,3324,Weekly Grocery Store Specialty Crops Feature Activity,2026-09-26T14:36:16+00:00
b5a525813fb3d01c,2016-03-04,Potatoes,YELLOW TYPE,5 lb bag,,,,,No,,,,,,,,3.08,$/5 lb bag,0.616,per lb,Midwest,retail,,,,,,,,25.0,3324,Weekly Grocery Store Specialty Crops Feature Activity,2026-09-26T14:36:16+00:00
82d535f83314516f,2016-03-04,Potatoes,YELLOW TYPE,per lb,,,,,No,,,,,,,,1.0,$/per lb,1.0,per lb,Midwest,retail,,,,,,,,18.0,3324,Weekly Grocery Store Specialty Crops Feature Activity,2026-09-26T14:36:16+00:00
85891f0e12c3f941,2016-03-04,Strawberries,,1 lb package,,,,,No,,,,,,,,2.12,$/1 lb package,2.12,per lb,Midwest,retail,,,,,,,,2265.0,3324,Weekly Grocery Store Specialty Crops Feature Activity,2026-09-26T14:36:16+00:00
fa9bc3a2cfed1c8a,2016-03-04,Strawberries,,1 lb package,,,,,Yes,,,,,,,,3.57,$/1 lb package,3.57,per lb,Midwest,retail,,,,,,,,29.0,3324,Weekly Grocery Store Specialty Crops Feature Activity,2026-09-26T14:36:16+00:00
817637c11f20e650,2016-03-04,Tomatoes,,per lb,,,,,No,,,,,,,,1.87,$/per lb,1.87,per lb,Midwest,retail,,,,,,,,304.0,3324,Weekly Grocery Store Specialty Crops Feature Activity,2026-09-26T14:36:16+00:00
be07134480a2fbba,2016-03-04,Tomatoes,,per lb,,,,,Yes,,,,,,,,1.99,$/per lb,1.99,per lb,Midwest,retail,,,,,,,,3.0,3324,Weekly Grocery Store Specialty Crops Feature Activity,2026-09-26T14:36:16+00:00
8b677c8e314d5ee9,2016-03-04,Tomatoes,Cherry Type,1 pint package,,,,,No,,,,,,,,2.99,$/1 pint package,,,Midwest,retail,,,,,,,,10.0,3324,Weekly Grocery Store Specialty Crops Feature Activity,2026-09-26T14:36:16+00:00
4e36703a07a23ee6,2016-03-04,Tomatoes,GRAPE TYPE,1 pint package,,,,,Yes,,,,,,,,3.22,$/1 pint package,,,Midwest,retail,,,,,,,,11.0,3324,Weekly Grocery Store Specialty Crops Feature Activity,2026-09-26T14:36:16+00:00
dd11b6f6412512f9,2016-03-04,Tomatoes,GRAPE TYPE,1 pint package,,,,,No,,,,,,,,2.05,$/1 pint package,,,Midwest,retail,,,,,,,,381.0,3324,Weekly Grocery Store Specialty Crops Feature Activity,2026-09-26T14:36:16+00:00
ee986446d70aff16,2016-03-04,Tomatoes,GRAPE TYPE,10 oz package,,,,,No,,,,,,,,2.32,$/10 oz package,3.712,per lb,Midwest,retail,,,,,,,,563.0,3324,Weekly Grocery Store Specialty Crops Feature Activity,2026-09-26T14:36:16+00:00
54bfca85d7dd31cc,2016-03-04,Tomatoes,Plum Type (Roma),per lb,,,,,No,,,,,,,,0.99,$/per lb,0.99,per lb,Midwest,retail,,,,,,,,1254.0,3324,Weekly Grocery Store Specialty Crops Feature Activity,2026-09-26T14:36:16+00:00
7c076c95ed33865d,2016-03-04,Tomatoes,Plum Type (Roma),per lb,,,,,Yes,,,,,,,,1.59,$/per lb,1.59,per lb,Midwest,retail,,,,,,,,180.0,3324,Weekly Grocery Store Specialty Crops Feature Activity,2026-09-26T14:36:16+00:00
0771569ddd90cd80,2016-03-04,Tomatoes,VINE RIPES,per lb,,,,,No,,,,,,,,1.71,$/per lb,1.71,per lb,Midwest,retail,,,environment=Greenhouse,,,,,297.0,3324,Weekly Grocery Store Specialty Crops Feature Activity,2026-09-26T14:36:16+00:00
72440a052f776a13,2016-03-04,Tomatoes,VINE RIPES,per lb,,,,,No,,,,,,,,1.57,$/per lb,1.57,per lb,Midwest,retail,,,,,,,,66.0,3324,Weekly Grocery Store Specialty Crops Feature Activity,2026-09-26T14:36:16+00:00
2c578cffae5d4023,2016-03-04,Tomatoes,VINE RIPES - ON THE VINE,per lb,,,,,Yes,,,,,,,,1.68,$/per lb,1.68,per lb,Midwest,retail,,,environment=Greenhouse,,,,,18.0,3324,Weekly Grocery Store Specialty Crops Feature Activity,2026-09-26T14:36:16+00:00
ebb8ae1031805df4,2016-03-04,Tomatoes,VINE RIPES - ON THE VINE,per lb,,,,,No,,,,,,,,1.81,$/per lb,1.81,per lb,Midwest,retail,,,environment=Greenhouse,,,,,541.0,3324,Weekly Grocery Store Specialty Crops Feature Activity,2026-09-26T14:36:16+00:00
0a68e6addf6f2f3e,2016-03-04,Avocados,HASS,each,,,,,No,,,,,,,,1.02,$/each,1.02,per each,National,retail,,,,,,,,9371.0,3324,Weekly Grocery Store Specialty Crops Feature Activity,2026-09-26T14:36:16+00:00
ce7fc98e6a6b45f9,2016-03-04,Avocados,HASS,each,,,,,Yes,,,,,,,,1.58,$/each,1.58,per each,National,retail,,,,,,,,2234.0,3324,Weekly Grocery Store Specialty Crops Feature Activity,2026-09-26T14:36:16+00:00
2b0087df0a9582f2,2016-03-04,Avocados,HASS,per lb,,,,,No,,,,,,,,0.79,$/per lb,0.79,per lb,National,retail,,,,,,,,28.0,3324,Weekly Grocery Store Specialty Crops Feature Activity,2026-09-26T14:36:16+00:00
7715ed65cd5d0e2d,2016-03-04,Avocados,VARIOUS GREENSKIN VARIETIES,each,,,,,Yes,,,,,,,,1.14,$/each,1.14,per each,National,retail,,,,,,,,16.0,3324,Weekly Grocery Store Specialty Crops Feature Activity,2026-09-26T14:36:16+00:00
aab17fc65e5775fc,2016-03-04,Avocados,VARIOUS GREENSKIN VARIETIES,each,,,,,No,,,,,,,,1.06,$/each,1.06,per each,National,retail,,,,,,,,566.0,3324,Weekly Grocery Store Specialty Crops Feature Activity,2026-09-26T14:36:16+00:00
a4edb42f90d88677,2016-03-04,Bananas,,per lb,,,,,Yes,,,,,,,,0.79,$/per lb,0.79,per lb,National,retail,,,,,,,,919.0,3324,Weekly Grocery Store Specialty Crops Feature Activity,2026-09-26T14:36:16+00:00
fa773ed19101d79f,2016-03-04,Bananas,,per lb,,,,,No,,,,,,,,0.5,$/per lb,0.5,per lb,National,retail,,,,,,,,1704.0,3324,Weekly Grocery Store Specialty Crops Feature Activity,2026-09-26T14:36:16+00:00
29ec1f5509ffedc2,2016-03-04,Blueberries,,1 pint package,,,,,No,,,,,,,,3.45,$/1 pint package,,,National,retail,,,,,,,,2894.0,3324,Weekly Grocery Store Specialty Crops Feature Activity,2026-09-26T14:36:16+00:00
fea03fc9505769db,2016-03-04,Blueberries,,18 oz package,,,,,No,,,,,,,,3.89,$/18 oz package,3.4578,per lb,National,retail,,,,,,,,293.0,3324,Weekly Grocery Store Specialty Crops Feature Activity,2026-09-26T14:36:16+00:00
1e6f14b8d6da8294,2016-03-04,Blueberries,,4.4 oz package,,,,,No,,,,,,,,2.99,$/4.4 oz package,10.8727,per lb,National,retail,,,,,,,,47.0,3324,Weekly Grocery Store Specialty Crops Feature Activity,2026-09-26T14:36:16+00:00
f4b8ce3bd609e5cd,2016-03-04,Blueberries,,4.4 oz package,,,,,Yes,,,,,,,,3.97,$/4.4 oz package,14.4364,per lb,National,retail,,,,,,,,1023.0,3324,Weekly Grocery Store Specialty Crops Feature Activity,2026-09-26T14:36:16+00:00
534c53c5bf5d4b14,2016-03-04,Blueberries,,6 oz package,,,,,No,,,,,,,,2.56,$/6 oz package,6.8267,per lb,National,retail,,,,,,,,1914.0,3324,Weekly Grocery Store Specialty Crops Feature Activity,2026-09-26T14:36:16+00:00
b48a40c2908cfcf3,2016-03-04,Blueberries,,6 oz package,,,,,Yes,,,,,,,,4.17,$/6 oz package,11.12,per lb,National,retail,,,,,,,,778.0,3324,Weekly Grocery Store Specialty Crops Feature Activity,2026-09-26T14:36:16+00:00
15322867ed92e08a,2016-03-04,Broccoli,,per bunch,,,,,No,,,,,,,,2.17,$/per bunch,,,National,retail,,,,,,,,2127.0,3324,Weekly Grocery Store Specialty Crops Feature Activity,2026-09-26T14:36:16+00:00
bf83eca1d685f60a,2016-03-04,Broccoli,,per bunch,,,,,Yes,,,,,,,,2.21,$/per bunch,,,National,retail,,,,,,,,1098.0,3324,Weekly Grocery Store Specialty Crops Feature Activity,2026-09-26T14:36:16+00:00
0c0b001b8a138478,2016-03-04,Broccoli,,per lb,,,,,Yes,,,,,,,,1.79,$/per lb,1.79,per lb,National,retail,,,,,,,,885.0,3324,Weekly Grocery Store Specialty Crops Feature Activity,2026-09-26T14:36:16+00:00
cbe3a6fb4c6c4bc5,2016-03-04,Broccoli,,per lb,,,,,No,,,,,,,,1.38,$/per lb,1.38,per lb,National,retail,,,,,,,,774.0,3324,Weekly Grocery Store Specialty Crops Feature Activity,2026-09-26T14:36:16+00:00
edb9ef6e653206ce,2016-03-04,Broccoli,BABY HYBRID TYPE,per lb,,,,,No,,,,,,,,1.99,$/per lb,1.99,per lb,National,retail,,,,,,,,4.0,3324,Weekly Grocery Store Specialty Crops Feature Activity,2026-09-26T14:36:16+00:00
2765f86e3e30b5ac,2016-03-04,Broccoli,CROWN CUT,per lb,,,,,Yes,,,,,,,,1.99,$/per lb,1.99,per lb,National,retail,,,,,,,,17.0,3324,Weekly Grocery Store Specialty Crops Feature Activity,2026-09-26T14:36:16+00:00
52fdb362bd7b211f,2016-03-04,Broccoli,CROWN CUT,per lb,,,,,No,,,,,,,,1.44,$/per lb,1.44,per lb,National,retail,,,,,,,,4369.0,3324,Weekly Grocery Store Specialty Crops Feature Activity,2026-09-26T14:36:16+00:00
354cef18cadcc4fb,2016-03-04,Carrots,,1 lb bag,,,,,No,,,,,,,,0.94,$/1 lb bag,0.94,per lb,National,retail,,,,,,,,661.0,3324,Weekly Grocery Store Specialty Crops Feature Activity,2026-09-26T14:36:16+00:00
f12e5942ac3df427,2016-03-04,Carrots,,1 lb bag,,,,,Yes,,,,,,,,1.06,$/1 lb bag,1.06,per lb,National,retail,,,,,,,,451.0,3324,Weekly Grocery Store Specialty Crops Feature Activity,2026-09-26T14:36:16+00:00
48f411d4fdc11a80,2016-03-04,Carrots,,2 lb bag,,,,,Yes,,,,,,,,1.88,$/2 lb bag,0.94,per lb,National,retail,,,,,,,,78.0,3324,Weekly Grocery Store Specialty Crops Feature Activity,2026-09-26T14:36:16+00:00
540bdc6640a54273,2016-03-04,Carrots,,2 lb bag,,,,,No,,,,,,,,1.53,$/2 lb bag,0.765,per lb,National,retail,,,,,,,,514.0,3324,Weekly Grocery Store Specialty Crops Feature Activity,2026-09-26T14:36:16+00:00
41306e2f91f35c7d,2016-03-04,Carrots,,per bunch,,,,,Yes,,,,,,,,1.87,$/per bunch,,,National,retail,,,,,,,,19.0,3324,Weekly Grocery Store Specialty Crops Feature Activity,2026-09-26T14:36:16+00:00
679db8109b2a9e97,2016-03-04,Carrots,,per bunch,,,,,No,,,,,,,,1.5,$/per bunch,,,National,retail,,,,,,,,22.0,3324,Weekly Grocery Store Specialty Crops Feature Activity,2026-09-26T14:36:16+00:00
5a99aefb20c4b195,2016-03-04,Carrots,,per lb,,,,,No,,,,,,,,0.33,$/per lb,0.33,per lb,National,retail,,,,,,,,135.0,3324,Weekly Grocery Store Specialty Crops Feature Activity,2026-09-26T14:36:16+00:00
245e58630ee26746,2016-03-04,Carrots,BABY PEELED,1 lb bag,,,,,No,,,,,,,,1.39,$/1 lb bag,1.39,per lb,National,retail,,,,,,,,4215.0,3324,Weekly Grocery Store Specialty Crops Feature Activity,2026-09-26T14:36:16+00:00
5929d63111a69aab,2016-03-04,Carrots,BABY PEELED,1 lb bag,,,,,Yes,,,,,,,,1.67,$/1 lb bag,1.67,per lb,National,retail,,,,,,,,6091.0,3324,Weekly Grocery Store Specialty Crops Feature Activity,2026-09-26T14:36:16+00:00
8e745eeba5356d38,2016-03-04,Carrots,BABY PEELED,2 lb bag,,,,,No,,,,,,,,2.11,$/2 lb bag,1.055,per lb,National,retail,,,,,,,,1977.0,3324,Weekly Grocery Store Specialty Crops Feature Activity,2026-09-26T14:36:16+00:00
0cb7be95e4930be1,2016-03-04,Celery,,each,,,,,Yes,,,,,,,,1.64,$/each,1.64,per each,National,retail,,,,,,,,329.0,3324,Weekly Grocery Store Specialty Crops Feature Activity,2026-09-26T14:36:16+00:00
c20d90789e585445,2016-03-04,Celery,,each,,,,,No,,,,,,,,1.26,$/each,1.26,per each,National,retail,,,,,,,,2099.0,3324,Weekly Grocery Store Specialty Crops Feature Activity,2026-09-26T14:36:16+00:00
56b1a6f512420adb,2016-03-04,Celery,,per lb,,,,,No,,,,,,,,1.99,$/per lb,1.99,per lb,National,retail,,,,,,,,3.0,3324,Weekly Grocery Store Specialty Crops Feature Activity,2026-09-26T14:36:16+00:00
b115249bcfc0be43,2016-03-04,Celery,,per lb,,,,,Yes,,,,,,,,1.29,$/per lb,1.29,per lb,National,retail,,,,,,,,39.0,3324,Weekly Grocery Store Specialty Crops Feature Activity,2026-09-26T14:36:16+00:00
e028671bfddc9725,2016-03-04,Celery,HEARTS,each,,,,,Yes,,,,,,,,3.38,$/each,3.38,per each,National,retail,,,,,,,,527.0,3324,Weekly Grocery Store Specialty Crops Feature Activity,2026-09-26T14:36:16+00:00
f25260a545879a1b,2016-03-04,Celery,HEARTS,each,,,,,No,,,,,,,,1.57,$/each,1.57,per each,National,retail,,,,,,,,1167.0,3324,Weekly Grocery Store Specialty Crops Feature Activity,2026-09-26T14:36:16+00:00
1d14d2b8a77bf392,2016-03-04,Cucumbers,,each,,,,,No,,,,,,,,0.68,$/each,0.68,per each,National,retail,,,,,,,,5165.0,3324,Weekly Grocery Store Specialty Crops Feature Activity,2026-09-26T14:36:16+00:00
ed561f72625491aa,2016-03-04,Cucumbers,,each,,,,,Yes,,,,,,,,1.5,$/each,1.5,per each,National,retail,,,,,,,,18.0,3324,Weekly Grocery Store Specialty Crops Feature Activity,2026-09-26T14:36:16+00:00
0bf257d09907d4a3,2016-03-04,Cucumbers,,per lb,,,,,No,,,,,,,,0.59,$/per lb,0.59,per lb,National,retail,,,,,,,,12.0,3324,Weekly Grocery Store Specialty Crops Feature Activity,2026-09-26T14:36:16+00:00
d7d76cf06119c863,2016-03-04,Cucumbers,,per lb,,,,,Yes,,,,,,,,2.49,$/per lb,2.49,per lb,National,retail,,,,,,,,1.0,3324,Weekly Grocery Store Specialty Crops Feature Activity,2026-09-26T14:36:16+00:00
6a56795f0bd82224,2016-03-04,Cucumbers,LONG SEEDLESS,each,,,,,Yes,,,,,,,,2.2,$/each,2.2,per each,National,retail,,,environment=Greenhouse,,,,,174.0,3324,Weekly Grocery Store Specialty Crops Feature Activity,2026-09-26T14:36:16+00:00
c5c9cb2311ea9f45,2016-03-04,Cucumbers,LONG SEEDLESS,each,,,,,No,,,,,,,,1.63,$/each,1.63,per each,National,retail,,,environment=Greenhouse,,,,,2354.0,3324,Weekly Grocery Store Specialty Crops Feature Activity,2026-09-26T14:36:16+00:00
05855952f66600f6,2016-03-04,Cucumbers,LONG SEEDLESS,per lb,,,,,No,,,,,,,,3.99,$/per lb,3.99,per lb,National,retail,,,environment=Greenhouse,,,,,27.0,3324,Weekly Grocery Store Specialty Crops Feature Activity,2026-09-26T14:36:16+00:00
63a84a3efc52724d,2016-03-04,Grapes,BLACK SEEDLESS,per lb,,,,,No,,,,,,,,2.49,$/per lb,2.49,per lb,National,retail,,,,,,,,991.0,3324,Weekly Grocery Store Specialty Crops Feature Activity,2026-09-26T14:36:16+00:00
41660faddddeb389,2016-03-04,Grapes,RED SEEDLESS,per lb,,,,,No,,,,,,,,2.25,$/per lb,2.25,per lb,National,retail,,,,,,,,10087.0,3324,Weekly Grocery Store Specialty Crops Feature Activity,2026-09-26T14:36:16+00:00
7c94beeb1bd13157,2016-03-04,Grapes,Red Globe Seeded Type,per lb,,,,,No,,,,,,,,1.97,$/per lb,1.97,per lb,National,retail,,,,,,,,1785.0,3324,Weekly Grocery Store Specialty Crops Feature Activity,2026-09-26T14:36:16+00:00
ebaf73b0a063982b,2016-03-04,Grapes,WHITE SEEDLESS TYPE,per lb,,,,,No,,,,,,,,2.35,$/per lb,2.35,per lb,National,retail,,,,,,,,6805.0,3324,Weekly Grocery Store Specialty Crops Feature Activity,2026-09-26T14:36:16+00:00
99e6ace360cb72ab,2016-03-04,Lemons,,2 lb bag,,,,,Yes,,,,,,,,3.43,$/2 lb bag,1.715,per lb,National,retail,,,,,,,,682.0,3324,Weekly Grocery Store Specialty Crops Feature Activity,2026-09-26T14:36:16+00:00
cbda31cba820ea0a,2016-03-04,Lemons,,2 lb bag,,,,,No,,,,,,,,3.56,$/2 lb bag,1.78,per lb,National,retail,,,,,,,,1136.0,3324,Weekly Grocery Store Specialty Crops Feature Activity,2026-09-26T14:36:16+00:00
356b38e371f52803,2016-03-04,Lemons,,each,,,,,Yes,,,,,,,,0.55,$/each,0.55,per each,National,retail,,,,,,,,690.0,3324,Weekly Grocery Store Specialty Crops Feature Activity,2026-09-26T14:36:16+00:00
d27b7787371ce378,2016-03-04,Lemons,,each,,,,,No,,,,,,,,0.56,$/each,0.56,per each,National,retail,,,,,,,,2967.0,3324,Weekly Grocery Store Specialty Crops Feature Activity,2026-09-26T14:36:16+00:00
ed335ffe01cbf15c,2016-03-04,Lemons,,per lb,,,,,No,,,,,,,,1.9,$/per lb,1.9,per lb,National,retail,,,,,,,,12.0,3324,Weekly Grocery Store Specialty Crops Feature Activity,2026-09-26T14:36:16+00:00
1758805d0db89ca8,2016-03-04,Lettuce,Boston,each,,,,,No,,,,,,,,1.39,$/each,1.39,per each,National,retail,,,,,,,,14.0,3324,Weekly Grocery Store Specialty Crops Feature Activity,2026-09-26T14:36:16+00:00
2b5137a58958149f,2016-03-04,Lettuce,Green Leaf,each,,,,,No,,,,,,,,1.12,$/each,1.12,per each,National,retail,,,,,,,,911.0,3324,Weekly Grocery Store Specialty Crops Feature Activity,2026-09-26T14:36:16+00:00
dbe9e2b2b58f719e,2016-03-04,Lettuce,Green Leaf,each,,,,,Yes,,,,,,,,1.54,$/each,1.54,per each,National,retail,,,,,,,,179.0,3324,Weekly Grocery Store Specialty Crops Feature Activity,2026-09-26T14:36:16+00:00
8199b05466f3bcb9,2016-03-04,Lettuce,Green Leaf,per lb,,,,,No,,,,,,,,1.24,$/per lb,1.24,per lb,National,retail,,,,,,,,221.0,3324,Weekly Grocery Store Specialty Crops Feature Activity,2026-09-26T14:36:16+00:00
a62b11b20585e58e,2016-03-04,Lettuce,Green Leaf,per lb,,,,,Yes,,,,,,,,1.99,$/per lb,1.99,per lb,National,retail,,,,,,,,5.0,3324,Weekly Grocery Store Specialty Crops Feature Activity,2026-09-26T14:36:16+00:00
114beb72507a7faf,2016-03-04,Lettuce,Iceberg,each,,,,,Yes,,,,,,,,2.39,$/each,2.39,per each,National,retail,,,,,,,,118.0,3324,Weekly Grocery Store Specialty Crops Feature Activity,2026-09-26T14:36:16+00:00
fb08c53ad7fc21d9,2016-03-04,Lettuce,Iceberg,each,,,,,No,,,,,,,,1.06,$/each,1.06,per each,National,retail,,,,,,,,2345.0,3324,Weekly Grocery Store Specialty Crops Feature Activity,2026-09-26T14:36:16+00:00
7b5b77b096bc821e,2016-03-04,Lettuce,Iceberg,per lb,,,,,No,,,,,,,,0.99,$/per lb,0.99,per lb,National,retail,,,,,,,,7.0,3324,Weekly Grocery Store Specialty Crops Feature Activity,2026-09-26T14:36:16+00:00
e50668f9e9231e93,2016-03-04,Lettuce,Red Leaf,each,,,,,No,,,,,,,,1.14,$/each,1.14,per each,National,retail,,,,,,,,989.0,3324,Weekly Grocery Store Specialty Crops Feature Activity,2026-09-26T14:36:16+00:00
e5902b30e3eef3a4,2016-03-04,Lettuce,Red Leaf,each,,,,,Yes,,,,,,,,1.5,$/each,1.5,per each,National,retail,,,,,,,,163.0,3324,Weekly Grocery Store Specialty Crops Feature Activity,2026-09-26T14:36:16+00:00
099ac644a411f816,2016-03-04,Lettuce,Red Leaf,per lb,,,,,Yes,,,,,,,,1.99,$/per lb,1.99,per lb,National,retail,,,,,,,,5.0,3324,Weekly Grocery Store Specialty Crops Feature Activity,2026-09-26T14:36:16+00:00
acc3c5f0bc8549bc,2016-03-04,Lettuce,Red Leaf,per lb,,,,,No,,,,,,,,1.24,$/per lb,1.24,per lb,National,retail,,,,,,,,213.0,3324,Weekly Grocery Store Specialty Crops Feature Activity,2026-09-26T14:36:16+00:00
09b72f28c9e04445,2016-03-04,Lettuce,Romaine,each,,,,,Yes,,,,,,,,1.72,$/each,1.72,per each,National,retail,,,,,,,,58.0,3324,Weekly Grocery Store Specialty Crops Feature Activity,2026-09-26T14:36:16+00:00
a4855ea91ce3c13c,2016-03-04,Lettuce,Romaine,each,,,,,No,,,,,,,,1.04,$/each,1.04,per each,National,retail,,,,,,,,827.0,3324,Weekly Grocery Store Specialty Crops Feature Activity,2026-09-26T14:36:16+00:00
98fc682d9f0db46c,2016-03-04,Lettuce,Romaine,per lb,,,,,No,,,,,,,,1.36,$/per lb,1.36,per lb,National,retail,,,,,,,,224.0,3324,Weekly Grocery Store Specialty Crops Feature Activity,2026-09-26T14:36:16+00:00
0beb2cdd62373682,2016-03-04,Lettuce,Romaine (Hearts),3 count,,,,,No,,,,,,,,2.55,$/3 count,,,National,retail,,,,,,,,4292.0,3324,Weekly Grocery Store Specialty Crops Feature Activity,2026-09-26T14:36:16+00:00
1b48a98150cb8cce,2016-03-04,Lettuce,Romaine (Hearts),3 count,,,,,Yes,,,,,,,,3.25,$/3 count,,,National,retail,,,,,,,,2785.0,3324,Weekly Grocery Store Specialty Crops Feature Activity,2026-09-26T14:36:16+00:00
12e834abfdb42dbf,2016-03-04,Limes,,each,,,,,Yes,,,,,,,,0.49,$/each,0.49,per each,National,retail,,,,,,,,50.0,3324,Weekly Grocery Store Specialty Crops Feature Activity,2026-09-26T14:36:16+00:00
643b0dcd2f6b89a8,2016-03-04,Limes,,each,,,,,No,,,,,,,,0.26,$/each,0.26,per each,National,retail,,,,,,,,1978.0,3324,Weekly Grocery Store Specialty Crops Feature Activity,2026-09-26T14:36:16+00:00
8c7b05826f3d96ad,2016-03-04,Limes,,per lb,,,,,Yes,,,,,,,,1.5,$/per lb,1.5,per lb,National,retail,,,,,,,,13.0,3324,Weekly Grocery Store Specialty Crops Feature Activity,2026-09-26T14:36:16+00:00
01f7acd4091cf74c,2016-03-04,"Onions, Dry",RED,2 lb bag,,,,,No,,,,,,,,1.95,$/2 lb bag,0.975,per lb,National,retail,,,,,,,,142.0,3324,Weekly Grocery Store Specialty Crops Feature Activity,2026-09-26T14:36:16+00:00
2f9d67d7b076b8e4,2016-03-04,"Onions, Dry",RED,3 lb bag,,,,,Yes,,,,,,,,3.99,$/3 lb bag,1.33,per lb,National,retail,,,,,,,,6.0,3324,Weekly Grocery Store Specialty Crops Feature Activity,2026-09-26T14:36:16+00:00
039087e4a6dacead,2016-03-04,"Onions, Dry",RED,per lb,,,,,Yes,,,,,,,,1.99,$/per lb,1.99,per lb,National,retail,,,,,,,,7.0,3324,Weekly Grocery Store Specialty Crops Feature Activity,2026-09-26T14:36:16+00:00
a4bc52cc6d425b17,2016-03-04,"Onions, Dry",RED,per lb,,,,,No,,,,,,,,1.5,$/per lb,1.5,per lb,National,retail,,,,,,,,417.0,3324,Weekly Grocery Store Specialty Crops Feature Activity,2026-09-26T14:36:16+00:00
4bf4e1babd021dfd,2016-03-04,"Onions, Dry",WHITE,2 lb bag,,,,,No,,,,,,,,1.37,$/2 lb bag,0.685,per lb,National,retail,,,,,,,,367.0,3324,Weekly Grocery Store Specialty Crops Feature Activity,2026-09-26T14:36:16+00:00
cf90a6263dfd667c,2016-03-04,"Onions, Dry",WHITE,3 lb bag,,,,,No,,,,,,,,1.89,$/3 lb bag,0.63,per lb,National,retail,,,,,,,,8.0,3324,Weekly Grocery Store Specialty Crops Feature Activity,2026-09-26T14:36:16+00:00
5ddc46d779e39fe9,2016-03-04,"Onions, Dry",WHITE,per lb,,,,,No,,,,,,,,1.06,$/per lb,1.06,per lb,National,retail,,,,,,,,587.0,3324,Weekly Grocery Store Specialty Crops Feature Activity,2026-09-26T14:36:16+00:00
ba3725a02d688004,2016-03-04,"Onions, Dry",YELLOW,2 lb bag,,,,,Yes,,,,,,,,2.39,$/2 lb bag,1.195,per lb,National,retail,,,,,,,,124.0,3324,Weekly Grocery Store Specialty Crops Feature Activity,2026-09-26T14:36:16+00:00
ecd7df22781abfef,2016-03-04,"Onions, Dry",YELLOW,2 lb bag,,,,,No,,,,,,,,1.4,$/2 lb bag,0.7,per lb,National,retail,,,,,,,,779.0,3324,Weekly Grocery Store Specialty Crops Feature Activity,2026-09-26T14:36:16+00:00
83cc35c527f46c36,2016-03-04,"Onions, Dry",YELLOW,3 lb bag,,,,,No,,,,,,,,1.81,$/3 lb bag,0.6033,per lb,National,retail,,,,,,,,2849.0,3324,Weekly Grocery Store Specialty Crops Feature Activity,2026-09-26T14:36:16+00:00
b885468aff623e73,2016-03-04,"Onions, Dry",YELLOW,3 lb bag,,,,,Yes,,,,,,,,3.68,$/3 lb bag,1.2267,per lb,National,retail,,,,,,,,1526.0,3324,Weekly Grocery Store Specialty Crops Feature Activity,2026-09-26T14:36:16+00:00
5194d392ad916b18,2016-03-04,"Onions, Dry",YELLOW,5 lb bag,,,,,No,,,,,,,,2.24,$/5 lb bag,0.448,per lb,National,retail,,,,,,,,326.0,3324,Weekly Grocery Store Specialty Crops Feature Activity,2026-09-26T14:36:16+00:00
38748616a94ee1f0,2016-03-04,"Onions, Dry",YELLOW,per lb,,,,,Yes,,,,,,,,0.94,$/per lb,0.94,per lb,National,retail,,,,,,,,78.0,3324,Weekly Grocery Store Specialty Crops Feature Activity,2026-09-26T14:36:16+00:00
e1294bad7cddaf89,2016-03-04,"Onions, Dry",YELLOW,per lb,,,,,No,,,,,,,,1.01,$/per lb,1.01,per lb,National,retail,,,,,,,,2221.0,3324,Weekly Grocery Store Specialty Crops Feature Activity,2026-09-26T14:36:16+00:00
895b8c151e371911,2016-03-04,"Onions, Dry",YELLOW MARKED SWEET,2 lb bag,,,,,Yes,,,,,,,,3.29,$/2 lb bag,1.645,per lb,National,retail,,,,,,,,6.0,3324,Weekly Grocery Store Specialty Crops Feature Activity,2026-09-26T14:36:16+00:00
92a04b9cbc755bd4,2016-03-04,"Onions, Dry",YELLOW MARKED SWEET,2 lb bag,,,,,No,,,,,,,,1.5,$/2 lb bag,0.75,per lb,National,retail,,,,,,,,121.0,3324,Weekly Grocery Store Specialty Crops Feature Activity,2026-09-26T14:36:16+00:00
9011749c3d9e6d19,2016-03-04,"Onions, Dry",YELLOW MARKED SWEET,3 lb bag,,,,,No,,,,,,,,3.55,$/3 lb bag,1.1833,per lb,National,retail,,,,,,,,404.0,3324,Weekly Grocery Store Specialty Crops Feature Activity,2026-09-26T14:36:16+00:00
83621f4d4f1679ec,2016-03-04,"Onions, Dry",YELLOW MARKED SWEET,per lb,,,,,No,,,,,,,,1.22,$/per lb,1.22,per lb,National,retail,,,,,,,,4953.0,3324,Weekly Grocery Store Specialty Crops Feature Activity,2026-09-26T14:36:16+00:00
eef348096ce88a06,2016-03-04,"Onions, Dry",YELLOW MARKED SWEET,per lb,,,,,Yes,,,,,,,,0.99,$/per lb,0.99,per lb,National,retail,,,,,,,,18.0,3324,Weekly Grocery Store Specialty Crops Feature Activity,2026-09-26T14:36:16+00:00
66dc969e1d49c9f2,2016-03-04,"Peppers, Bell Type",GREEN,each,,,,,Yes,,,,,,,,1.6,$/each,1.6,per each,National,retail,,,,,,,,506.0,3324,Weekly Grocery Store Specialty Crops Feature Activity,2026-09-26T14:36:16+00:00
fe7ec49b763b594a,2016-03-04,"Peppers, Bell Type",GREEN,each,,,,,No,,,,,,,,0.91,$/each,0.91,per each,National,retail,,,,,,,,1073.0,3324,Weekly Grocery Store Specialty Crops Feature Activity,2026-09-26T14:36:16+00:00
08e7e566a4802757,2016-03-04,"Peppers, Bell Type",GREEN,per lb,,,,,Yes,,,,,,,,2.99,$/per lb,2.99,per lb,National,retail,,,,,,,,40.0,3324,Weekly Grocery Store Specialty Crops Feature Activity,2026-09-26T14:36:16+00:00
42cc73ec7160b8cc,2016-03-04,"Peppers, Bell Type",GREEN,per lb,,,,,No,,,,,,,,1.98,$/per lb,1.98,per lb,National,retail,,,,,,,,261.0,3324,Weekly Grocery Store Specialty Crops Feature Activity,2026-09-26T14:36:16+00:00
578fc3e9f262843b,2016-03-04,"Peppers, Bell Type",ORANGE,each,,,,,No,,,,,,,,1.42,$/each,1.42,per each,National,retail,,,environment=Greenhouse,,,,,702.0,3324,Weekly Grocery Store Specialty Crops Feature Activity,2026-09-26T14:36:16+00:00
8dd844b4c67307a2,2016-03-04,"Peppers, Bell Type",ORANGE,each,,,,,Yes,,,,,,,,1.77,$/each,1.77,per each,National,retail,,,,,,,,92.0,3324,Weekly Grocery Store Specialty Crops Feature Activity,2026-09-26T14:36:16+00:00
c218e0fa473d3dc3,2016-03-04,"Peppers, Bell Type",ORANGE,each,,,,,No,,,,,,,,1.42,$/each,1.42,per each,National,retail,,,,,,,,3699.0,3324,Weekly Grocery Store Specialty Crops Feature Activity,2026-09-26T14:36:16+00:00
33d2ba4f019c172b,2016-03-04,"Peppers, Bell Type",ORANGE,per lb,,,,,Yes,,,,,,,,2.99,$/per lb,2.99,per lb,National,retail,,,,,,,,249.0,3324,Weekly Grocery Store Specialty Crops Feature Activity,2026-09-26T14:36:16+00:00
ad0660546c05d574,2016-03-04,"Peppers, Bell Type",ORANGE,per lb,,,,,No,,,,,,,,3.37,$/per lb,3.37,per lb,National,retail,,,,,,,,74.0,3324,Weekly Grocery Store Specialty Crops Feature Activity,2026-09-26T14:36:16+00:00
1a4261a68afc01e1,2016-03-04,"Peppers, Bell Type",RED,each,,,,,No,,,,,,,,1.39,$/each,1.39,per each,National,retail,,,environment=Greenhouse,,,,,702.0,3324,Weekly Grocery Store Specialty Crops Feature Activity,2026-09-26T14:36:16+00:00
4f66bc533a263b9b,2016-03-04,"Peppers, Bell Type",RED,each,,,,,No,,,,,,,,1.39,$/each,1.39,per each,National,retail,,,,,,,,4238.0,3324,Weekly Grocery Store Specialty Crops Feature Activity,2026-09-26T14:36:16+00:00
ba4e202a544070da,2016-03-04,"Peppers, Bell Type",RED,each,,,,,Yes,,,,,,,,1.74,$/each,1.74,per each,National,retail,,,,,,,,738.0,3324,Weekly Grocery Store Specialty Crops Feature Activity,2026-09-26T14:36:16+00:00
59bddd3c1b4b0397,2016-03-04,"Peppers, Bell Type",RED,per lb,,,,,No,,,,,,,,2.75,$/per lb,2.75,per lb,National,retail,,,environment=Greenhouse,,,,,63.0,3324,Weekly Grocery Store Specialty Crops Feature Activity,2026-09-26T14:36:16+00:00
9e2ccb65c977378b,2016-03-04,"Peppers, Bell Type",RED,per lb,,,,,No,,,,,,,,2.75,$/per lb,2.75,per lb,National,retail,,,,,,,,665.0,3324,Weekly Grocery Store Specialty Crops Feature Activity,2026-09-26T14:36:16+00:00
b9e425588902a1d6,2016-03-04,"Peppers, Bell Type",RED,per lb,,,,,Yes,,,,,,,,2.99,$/per lb,2.99,per lb,National,retail,,,,,,,,249.0,3324,Weekly Grocery Store Specialty Crops Feature Activity,2026-09-26T14:36:16+00:00
21aaafd7f86768d0,2016-03-04,"Peppers, Bell Type",YELLOW,each,,,,,No,,,,,,,,1.41,$/each,1.41,per each,National,retail,,,,,,,,3781.0,3324,Weekly Grocery Store Specialty Crops Feature Activity,2026-09-26T14:36:16+00:00
57c4d4d958e774fc,2016-03-04,"Peppers, Bell Type",YELLOW,each,,,,,Yes,,,,,,,,2.07,$/each,2.07,per each,National,retail,,,,,,,,316.0,3324,Weekly Grocery Store Specialty Crops Feature Activity,2026-09-26T14:36:16+00:00
cb859d9d19a5babb,2016-03-04,"Peppers, Bell Type",YELLOW,each,,,,,No,,,,,,,,1.41,$/each,1.41,per each,National,retail,,,environment=Greenhouse,,,,,702.0,3324,Weekly Grocery Store Specialty Crops Feature Activity,2026-09-26T14:36:16+00:00
d16138376f60389d,2016-03-04,"Peppers, Bell Type",YELLOW,per lb,,,,,No,,,,,,,,3.19,$/per lb,3.19,per lb,National,retail,,,,,,,,74.0,3324,Weekly Grocery Store Specialty Crops Feature Activity,2026-09-26T14:36:16+00:00
eb0275f50b5f2b8a,2016-03-04,"Peppers, Bell Type",YELLOW,per lb,,,,,No,,,,,,,,3.19,$/per lb,3.19,per lb,National,retail,,,environment=Greenhouse,,,,,63.0,3324,Weekly Grocery Store Specialty Crops Feature Activity,2026-09-26T14:36:16+00:00
f4d0eea8e6633013,2016-03-04,"Peppers, Bell Type",YELLOW,per lb,,,,,Yes,,,,,,,,2.99,$/per lb,2.99,per lb,National,retail,,,,,,,,249.0,3324,Weekly Grocery Store Specialty Crops Feature Activity,2026-09-26T14:36:16+00:00
2b70f64ccc0f2b27,2016-03-04,Potatoes,ROUND RED,10 lb bag,,,,,No,,,,,,,,2.99,$/10 lb bag,0.299,per lb,National,retail,,,,,,,,10.0,3324,Weekly Grocery Store Specialty Crops Feature Activity,2026-09-26T14:36:16+00:00
6b735ae63653e9e0,2016-03-04,Potatoes,ROUND RED,3 lb bag,,,,,No,,,,,,,,2.25,$/3 lb bag,0.75,per lb,National,retail,,,,,,,,449.0,3324,Weekly Grocery Store Specialty Crops Feature Activity,2026-09-26T14:36:16+00:00
970b241a2ae6774d,2016-03-04,Potatoes,ROUND RED,3 lb bag,,,,,Yes,,,,,,,,3.92,$/3 lb bag,1.3067,per lb,National,retail,,,,,,,,214.0,3324,Weekly Grocery Store Specialty Crops Feature Activity,2026-09-26T14:36:16+00:00
10df77aebaea925b,2016-03-04,Potatoes,ROUND RED,5 lb bag,,,,,No,,,,,,,,2.65,$/5 lb bag,0.53,per lb,National,retail,,,,,,,,2295.0,3324,Weekly Grocery Store Specialty Crops Feature Activity,2026-09-26T14:36:16+00:00
e6e959df6e3a32f2,2016-03-04,Potatoes,ROUND RED,5 lb bag,,,,,Yes,,,,,,,,4.99,$/5 lb bag,0.998,per lb,National,retail,,,,,,,,8.0,3324,Weekly Grocery Store Specialty Crops Feature Activity,2026-09-26T14:36:16+00:00
cfd542c05758ead2,2016-03-04,Potatoes,ROUND RED,per lb,,,,,No,,,,,,,,0.74,$/per lb,0.74,per lb,National,retail,,,,,,,,1062.0,3324,Weekly Grocery Store Specialty Crops Feature Activity,2026-09-26T14:36:16+00:00
0167fab292e3fda4,2016-03-04,Potatoes,ROUND WHITE,10 lb bag,,,,,No,,,,,,,,2.8,$/10 lb bag,0.28,per lb,National,retail,,,,,,,,42.0,3324,Weekly Grocery Store Specialty Crops Feature Activity,2026-09-26T14:36:16+00:00
0d1c340e41795c7d,2016-03-04,Potatoes,ROUND WHITE,5 lb bag,,,,,No,,,,,,,,2.11,$/5 lb bag,0.422,per lb,National,retail,,,,,,,,1287.0,3324,Weekly Grocery Store Specialty Crops Feature Activity,2026-09-26T14:36:16+00:00
3485e3aa42018152,2016-03-04,Potatoes,ROUND WHITE,8 lb bag,,,,,No,,,,,,,,2.99,$/8 lb bag,0.3738,per lb,National,retail,,,,,,,,10.0,3324,Weekly Grocery Store Specialty Crops Feature Activity,2026-09-26T14:36:16+00:00
bfd7675e25ea8cac,2016-03-04,Potatoes,ROUND WHITE,per lb,,,,,No,,,,,,,,0.77,$/per lb,0.77,per lb,National,retail,,,,,,,,350.0,3324,Weekly Grocery Store Specialty Crops Feature Activity,2026-09-26T14:36:16+00:00
b5518fd8d20332f8,2016-03-04,Potatoes,RUSSET,10 lb bag,,,,,No,,,,,,,,2.87,$/10 lb bag,0.287,per lb,National,retail,,,,,,,,3789.0,3324,Weekly Grocery Store Specialty Crops Feature Activity,2026-09-26T14:36:16+00:00
64befaf08f892f7b,2016-03-04,Potatoes,RUSSET,3 lb bag,,,,,Yes,,,,,,,,2.4,$/3 lb bag,0.8,per lb,National,retail,,,,,,,,1034.0,3324,Weekly Grocery Store Specialty Crops Feature Activity,2026-09-26T14:36:16+00:00
cd48b4c978c1ad31,2016-03-04,Potatoes,RUSSET,3 lb bag,,,,,No,,,,,,,,1.0,$/3 lb bag,0.3333,per lb,National,retail,,,,,,,,108.0,3324,Weekly Grocery Store Specialty Crops Feature Activity,2026-09-26T14:36:16+00:00
b0b00f3335b99c13,2016-03-04,Potatoes,RUSSET,5 lb bag,,,,,Yes,,,,,,,,3.58,$/5 lb bag,0.716,per lb,National,retail,,,,,,,,345.0,3324,Weekly Grocery Store Specialty Crops Feature Activity,2026-09-26T14:36:16+00:00
fc9ab679717b9d5f,2016-03-04,Potatoes,RUSSET,5 lb bag,,,,,No,,,,,,,,2.39,$/5 lb bag,0.478,per lb,National,retail,,,,,,,,3545.0,3324,Weekly Grocery Store Specialty Crops Feature Activity,2026-09-26T14:36:16+00:00
2b9b5190af9ec9d3,2016-03-04,Potatoes,RUSSET,8 lb bag,,,,,No,,,,,,,,2.54,$/8 lb bag,0.3175,per lb,National,retail,,,,,,,,282.0,3324,Weekly Grocery Store Specialty Crops Feature Activity,2026-09-26T14:36:16+00:00
41bd7edeadddfeae,2016-03-04,Potatoes,RUSSET,per lb,,,,,Yes,,,,,,,,0.98,$/per lb,0.98,per lb,National,retail,,,,,,,,5.0,3324,Weekly Grocery Store Specialty Crops Feature Activity,2026-09-26T14:36:16+00:00
5fa308e80c4884f2,2016-03-04,Potatoes,RUSSET,per lb,,,,,No,,,,,,,,0.88,$/per lb,0.88,per lb,National,retail,,,,,,,,1832.0,3324,Weekly Grocery Store Specialty Crops Feature Activity,2026-09-26T14:36:16+00:00
a4c56eb8b675f869,2016-03-04,Potatoes,YELLOW TYPE,3 lb bag,,,,,No,,,,,,,,2.19,$/3 lb bag,0.73,per lb,National,retail,,,,,,,,14.0,3324,Weekly Grocery Store Specialty Crops Feature Activity,2026-09-26T14:36:16+00:00
ddf48079b0d23462,2016-03-04,Potatoes,YELLOW TYPE,3 lb bag,,,,,Yes,,,,,,,,3.92,$/3 lb bag,1.3067,per lb,National,retail,,,,,,,,214.0,3324,Weekly Grocery Store Specialty Crops Feature Activity,2026-09-26T14:36:16+00:00
2f1b66280089aa92,2016-03-04,Potatoes,YELLOW TYPE,5 lb bag,,,,,No,,,,,,,,3.13,$/5 lb bag,0.626,per lb,National,retail,,,,,,,,743.0,3324,Weekly Grocery Store Specialty Crops Feature Activity,2026-09-26T14:36:16+00:00
f3e717407f289845,2016-03-04,Potatoes,YELLOW TYPE,5 lb bag,,,,,Yes,,,,,,,,4.99,$/5 lb bag,0.998,per lb,National,retail,,,,,,,,8.0,3324,Weekly Grocery Store Specialty Crops Feature Activity,2026-09-26T14:36:16+00:00
d0f6a7990cd9817d,2016-03-04,Potatoes,YELLOW TYPE,per lb,,,,,No,,,,,,,,0.68,$/per lb,0.68,per lb,National,retail,,,,,,,,749.0,3324,Weekly Grocery Store Specialty Crops Feature Activity,2026-09-26T14:36:16+00:00
16abc40c820cbdea,2016-03-04,Strawberries,,1 lb package,,,,,Yes,,,,,,,,4.33,$/1 lb package,4.33,per lb,National,retail,,,,,,,,1764.0,3324,Weekly Grocery Store Specialty Crops Feature Activity,2026-09-26T14:36:16+00:00
bbf341df950a4307,2016-03-04,Strawberries,,1 lb package,,,,,No,,,,,,,,2.33,$/1 lb package,2.33,per lb,National,retail,,,,,,,,11209.0,3324,Weekly Grocery Store Specialty Crops Feature Activity,2026-09-26T14:36:16+00:00
cc75b546b40a906b,2016-03-04,Strawberries,,2 lb package,,,,,No,,,,,,,,4.78,$/2 lb package,2.39,per lb,National,retail,,,,,,,,497.0,3324,Weekly Grocery Store Specialty Crops Feature Activity,2026-09-26T14:36:16+00:00
9a253e1a39f02d70,2016-03-04,Tomatoes,,per lb,,,,,No,,,,,,,,1.38,$/per lb,1.38,per lb,National,retail,,,,,,,,1311.0,3324,Weekly Grocery Store Specialty Crops Feature Activity,2026-09-26T14:36:16+00:00
f5e4ca78f1643031,2016-03-04,Tomatoes,,per lb,,,,,Yes,,,,,,,,2.57,$/per lb,2.57,per lb,National,retail,,,,,,,,371.0,3324,Weekly Grocery Store Specialty Crops Feature Activity,2026-09-26T14:36:16+00:00
4cd5cd7f0214615c,2016-03-04,Tomatoes,Cherry Type,1 pint package,,,,,No,,,,,,,,2.99,$/1 pint package,,,National,retail,,,,,,,,10.0,3324,Weekly Grocery Store Specialty Crops Feature Activity,2026-09-26T14:36:16+00:00
7cf8e0af225c99c6,2016-03-04,Tomatoes,Cherry Type,1 pint package,,,,,Yes,,,,,,,,3.0,$/1 pint package,,,National,retail,,,,,,,,41.0,3324,Weekly Grocery Store Specialty Crops Feature Activity,2026-09-26T14:36:16+00:00
47e5d69cd5af7325,2016-03-04,Tomatoes,GRAPE TYPE,1 pint package,,,,,No,,,,,,,,1.99,$/1 pint package,,,National,retail,,,,,,,,2725.0,3324,Weekly Grocery Store Specialty Crops Feature Activity,2026-09-26T14:36:16+00:00
57e9ff9fca37534b,2016-03-04,Tomatoes,GRAPE TYPE,1 pint package,,,,,Yes,,,,,,,,3.35,$/1 pint package,,,National,retail,,,,,,,,2064.0,3324,Weekly Grocery Store Specialty Crops Feature Activity,2026-09-26T14:36:16+00:00
96e6534ae789475e,2016-03-04,Tomatoes,GRAPE TYPE,10 oz package,,,,,No,,,,,,,,2.4,$/10 oz package,3.84,per lb,National,retail,,,,,,,,1866.0,3324,Weekly Grocery Store Specialty Crops Feature Activity,2026-09-26T14:36:16+00:00
d32171780a094f1d,2016-03-04,Tomatoes,GRAPE TYPE,10 oz package,,,,,Yes,,,,,,,,2.51,$/10 oz package,4.016,per lb,National,retail,,,,,,,,191.0,3324,Weekly Grocery Store Specialty Crops Feature Activity,2026-09-26T14:36:16+00:00
8c7e7ec56a268b81,2016-03-04,Tomatoes,Plum Type (Roma),per lb,,,,,Yes,,,,,,,,1.48,$/per lb,1.48,per lb,National,retail,,,,,,,,363.0,3324,Weekly Grocery Store Specialty Crops Feature Activity,2026-09-26T14:36:16+00:00
e6811fe82d6d19d6,2016-03-04,Tomatoes,Plum Type (Roma),per lb,,,,,No,,,,,,,,1.04,$/per lb,1.04,per lb,National,retail,,,,,,,,5176.0,3324,Weekly Grocery Store Specialty Crops Feature Activity,2026-09-26T14:36:16+00:00
314fcb68ed452ff2,2016-03-04,Tomatoes,VINE RIPES,per lb,,,,,Yes,,,,,,,,2.99,$/per lb,2.99,per lb,National,retail,,,environment=Greenhouse,,,,,28.0,3324,Weekly Grocery Store Specialty Crops Feature Activity,2026-09-26T14:36:16+00:00
534fe60ffa855bc4,2016-03-04,Tomatoes,VINE RIPES,per lb,,,,,Yes,,,,,,,,2.99,$/per lb,2.99,per lb,National,retail,,,,,,,,118.0,3324,Weekly Grocery Store Specialty Crops Feature Activity,2026-09-26T14:36:16+00:00
6a8bc55a89bbd9a1,2016-03-04,Tomatoes,VINE RIPES,per lb,,,,,No,,,,,,,,1.8,$/per lb,1.8,per lb,National,retail,,,environment=Greenhouse,,,,,748.0,3324,Weekly Grocery Store Specialty Crops Feature Activity,2026-09-26T14:36:16+00:00
d9ecce25045af3b9,2016-03-04,Tomatoes,VINE RIPES,per lb,,,,,No,,,,,,,,1.8,$/per lb,1.8,per lb,National,retail,,,,,,,,645.0,3324,Weekly Grocery Store Specialty Crops Feature Activity,2026-09-26T14:36:16+00:00
2f28f011ca5f9997,2016-03-04,Tomatoes,VINE RIPES - ON THE VINE,per lb,,,,,Yes,,,,,,,,2.84,$/per lb,2.84,per lb,National,retail,,,environment=Greenhouse,,,,,397.0,3324,Weekly Grocery Store Specialty Crops Feature Activity,2026-09-26T14:36:16+00:00
42f1b89fa8da55c1,2016-03-04,Tomatoes,VINE RIPES - ON THE VINE,per lb,,,,,No,,,,,,,,2.09,$/per lb,2.09,per lb,National,retail,,,environment=Greenhouse,,,,,4352.0,3324,Weekly Grocery Store Specialty Crops Feature Activity,2026-09-26T14:36:16+00:00
01831d724f0d587f,2016-03-04,Tomatoes,Vine Ripes - Heirloom Varieties,per lb,,,,,Yes,,,,,,,,3.99,$/per lb,3.99,per lb,National,retail,,,,,,,,19.0,3324,Weekly Grocery Store Specialty Crops Feature Activity,2026-09-26T14:36:16+00:00
3f6e5777c9467b64,2016-03-04,Avocados,HASS,each,,,,,No,,,,,,,,1.12,$/each,1.12,per each,Northeast,retail,,,,,,,,2265.0,3324,Weekly Grocery Store Specialty Crops Feature Activity,2026-09-26T14:36:16+00:00
8deee9bca18c8bdf,2016-03-04,Avocados,HASS,each,,,,,Yes,,,,,,,,1.67,$/each,1.67,per each,Northeast,retail,,,,,,,,349.0,3324,Weekly Grocery Store Specialty Crops Feature Activity,2026-09-26T14:36:16+00:00
1ff7efcecf26c31b,2016-03-04,Avocados,VARIOUS GREENSKIN VARIETIES,each,,,,,No,,,,,,,,1.25,$/each,1.25,per each,Northeast,retail,,,,,,,,167.0,3324,Weekly Grocery Store Specialty Crops Feature Activity,2026-09-26T14:36:16+00:00
0b897dc5d0a86e5d,2016-03-04,Bananas,,per lb,,,,,Yes,,,,,,,,0.82,$/per lb,0.82,per lb,Northeast,retail,,,,,,,,650.0,3324,Weekly Grocery Store Specialty Crops Feature Activity,2026-09-26T14:36:16+00:00
dba2cd87ec50ac4c,2016-03-04,Bananas,,per lb,,,,,No,,,,,,,,0.5,$/per lb,0.5,per lb,Northeast,retail,,,,,,,,1266.0,3324,Weekly Grocery Store Specialty Crops Feature Activity,2026-09-26T14:36:16+00:00
516ececb57c6bc9a,2016-03-04,Blueberries,,1 pint package,,,,,No,,,,,,,,3.21,$/1 pint package,,,Northeast,retail,,,,,,,,249.0,3324,Weekly Grocery Store Specialty Crops Feature Activity,2026-09-26T14:36:16+00:00
47ffde0bbe2969c7,2016-03-04,Blueberries,,4.4 oz package,,,,,Yes,,,,,,,,3.99,$/4.4 oz package,14.5091,per lb,Northeast,retail,,,,,,,,662.0,3324,Weekly Grocery Store Specialty Crops Feature Activity,2026-09-26T14:36:16+00:00
d97e0e49bc156cbc,2016-03-04,Blueberries,,4.4 oz package,,,,,No,,,,,,,,2.99,$/4.4 oz package,10.8727,per lb,Northeast,retail,,,,,,,,47.0,3324,Weekly Grocery Store Specialty Crops Feature Activity,2026-09-26T14:36:16+00:00
8a9b29cedf3c08dd,2016-03-04,Blueberries,,6 oz package,,,,,No,,,,,,,,2.51,$/6 oz package,6.6933,per lb,Northeast,retail,,,,,,,,550.0,3324,Weekly Grocery Store Specialty Crops Feature Activity,2026-09-26T14:36:16+00:00
73cdfec1f891bec9,2016-03-04,Broccoli,,per bunch,,,,,No,,,,,,,,1.62,$/per bunch,,,Northeast,retail,,,,,,,,484.0,3324,Weekly Grocery Store Specialty Crops Feature Activity,2026-09-26T14:36:16+00:00
9f6c75444bfc5d21,2016-03-04,Broccoli,,per bunch,,,,,Yes,,,,,,,,2.92,$/per bunch,,,Northeast,retail,,,,,,,,227.0,3324,Weekly Grocery Store Specialty Crops Feature Activity,2026-09-26T14:36:16+00:00
32cc333a5469db54,2016-03-04,Broccoli,,per lb,,,,,No,,,,,,,,1.69,$/per lb,1.69,per lb,Northeast,retail,,,,,,,,396.0,3324,Weekly Grocery Store Specialty Crops Feature Activity,2026-09-26T14:36:16+00:00
6be881188cfc3ca8,2016-03-04,Broccoli,,per lb,,,,,Yes,,,,,,,,2.43,$/per lb,2.43,per lb,Northeast,retail,,,,,,,,166.0,3324,Weekly Grocery Store Specialty Crops Feature Activity,2026-09-26T14:36:16+00:00
7232ae907a978fd8,2016-03-04,Broccoli,BABY HYBRID TYPE,per lb,,,,,No,,,,,,,,1.99,$/per lb,1.99,per lb,Northeast,retail,,,,,,,,4.0,3324,Weekly Grocery Store Specialty Crops Feature Activity,2026-09-26T14:36:16+00:00
4f417448c47c3105,2016-03-04,Broccoli,CROWN CUT,per lb,,,,,No,,,,,,,,1.72,$/per lb,1.72,per lb,Northeast,retail,,,,,,,,1136.0,3324,Weekly Grocery Store Specialty Crops Feature Activity,2026-09-26T14:36:16+00:00
9f002e03d0a51baa,2016-03-04,Broccoli,CROWN CUT,per lb,,,,,Yes,,,,,,,,1.99,$/per lb,1.99,per lb,Northeast,retail,,,,,,,,17.0,3324,Weekly Grocery Store Specialty Crops Feature Activity,2026-09-26T14:36:16+00:00
9f90ad0572817a6b,2016-03-04,Carrots,,1 lb bag,,,,,Yes,,,,,,,,1.02,$/1 lb bag,1.02,per lb,Northeast,retail,,,,,,,,163.0,3324,Weekly Grocery Store Specialty Crops Feature Activity,2026-09-26T14:36:16+00:00
fae81f29c73c6168,2016-03-04,Carrots,,1 lb bag,,,,,No,,,,,,,,0.98,$/1 lb bag,0.98,per lb,Northeast,retail,,,,,,,,380.0,3324,Weekly Grocery Store Specialty Crops Feature Activity,2026-09-26T14:36:16+00:00
44b680f317e780ca,2016-03-04,Carrots,,2 lb bag,,,,,No,,,,,,,,1.68,$/2 lb bag,0.84,per lb,Northeast,retail,,,,,,,,255.0,3324,Weekly Grocery Store Specialty Crops Feature Activity,2026-09-26T14:36:16+00:00
c3eb9242f7dcd43a,2016-03-04,Carrots,BABY PEELED,1 lb bag,,,,,No,,,,,,,,1.51,$/1 lb bag,1.51,per lb,Northeast,retail,,,,,,,,1055.0,3324,Weekly Grocery Store Specialty Crops Feature Activity,2026-09-26T14:36:16+00:00
cffd2be5d00e64c9,2016-03-04,Carrots,BABY PEELED,1 lb bag,,,,,Yes,,,,,,,,1.79,$/1 lb bag,1.79,per lb,Northeast,retail,,,,,,,,1679.0,3324,Weekly Grocery Store Specialty Crops Feature Activity,2026-09-26T14:36:16+00:00
2945b3172dfb7b58,2016-03-04,Carrots,BABY PEELED,2 lb bag,,,,,No,,,,,,,,1.99,$/2 lb bag,0.995,per lb,Northeast,retail,,,,,,,,667.0,3324,Weekly Grocery Store Specialty Crops Feature Activity,2026-09-26T14:36:16+00:00
318a48dfdc4a575b,2016-03-04,Celery,,each,,,,,No,,,,,,,,1.71,$/each,1.71,per each,Northeast,retail,,,,,,,,571.0,3324,Weekly Grocery Store Specialty Crops Feature Activity,2026-09-26T14:36:16+00:00
9ac2eea5d06eed8c,2016-03-04,Celery,,each,,,,,Yes,,,,,,,,2.45,$/each,2.45,per each,Northeast,retail,,,,,,,,46.0,3324,Weekly Grocery Store Specialty Crops Feature Activity,2026-09-26T14:36:16+00:00
1c35609cde9979a0,2016-03-04,Celery,HEARTS,each,,,,,No,,,,,,,,2.5,$/each,2.5,per each,Northeast,retail,,,,,,,,59.0,3324,Weekly Grocery Store Specialty Crops Feature Activity,2026-09-26T14:36:16+00:00
bcccf867504d472e,2016-03-04,Celery,HEARTS,each,,,,,Yes,,,,,,,,3.49,$/each,3.49,per each,Northeast,retail,,,,,,,,359.0,3324,Weekly Grocery Store Specialty Crops Feature Activity,2026-09-26T14:36:16+00:00
10c755125e414a5c,2016-03-04,Cucumbers,,each,,,,,No,,,,,,,,0.76,$/each,0.76,per each,Northeast,retail,,,,,,,,1195.0,3324,Weekly Grocery Store Specialty Crops Feature Activity,2026-09-26T14:36:16+00:00
f8b174d0b489426b,2016-03-04,Cucumbers,LONG SEEDLESS,each,,,,,No,,,,,,,,1.82,$/each,1.82,per each,Northeast,retail,,,environment=Greenhouse,,,,,1519.0,3324,Weekly Grocery Store Specialty Crops Feature Activity,2026-09-26T14:36:16+00:00
641aa04ad4f4391f,2016-03-04,Grapes,BLACK SEEDLESS,per lb,,,,,No,,,,,,,,2.1,$/per lb,2.1,per lb,Northeast,retail,,,,,,,,254.0,3324,Weekly Grocery Store Specialty Crops Feature Activity,2026-09-26T14:36:16+00:00
e01518e4e0ac3a60,2016-03-04,Grapes,RED SEEDLESS,per lb,,,,,No,,,,,,,,2.08,$/per lb,2.08,per lb,Northeast,retail,,,,,,,,1421.0,3324,Weekly Grocery Store Specialty Crops Feature Activity,2026-09-26T14:36:16+00:00
e6c1fb13dde70f30,2016-03-04,Grapes,Red Globe Seeded Type,per lb,,,,,No,,,,,,,,1.85,$/per lb,1.85,per lb,Northeast,retail,,,,,,,,296.0,3324,Weekly Grocery Store Specialty Crops Feature Activity,2026-09-26T14:36:16+00:00
d36f646cfe5149b9,2016-03-04,Grapes,WHITE SEEDLESS TYPE,per lb,,,,,No,,,,,,,,2.43,$/per lb,2.43,per lb,Northeast,retail,,,,,,,,1752.0,3324,Weekly Grocery Store Specialty Crops Feature Activity,2026-09-26T14:36:16+00:00
15067f21092dae25,2016-03-04,Lemons,,2 lb bag,,,,,No,,,,,,,,3.87,$/2 lb bag,1.935,per lb,Northeast,retail,,,,,,,,257.0,3324,Weekly Grocery Store Specialty Crops Feature Activity,2026-09-26T14:36:16+00:00
64a05bc7e9bbea83,2016-03-04,Lemons,,2 lb bag,,,,,Yes,,,,,,,,4.08,$/2 lb bag,2.04,per lb,Northeast,retail,,,,,,,,53.0,3324,Weekly Grocery Store Specialty Crops Feature Activity,2026-09-26T14:36:16+00:00
0bd227c59a25ed85,2016-03-04,Lemons,,each,,,,,No,,,,,,,,0.68,$/each,0.68,per each,Northeast,retail,,,,,,,,932.0,3324,Weekly Grocery Store Specialty Crops Feature Activity,2026-09-26T14:36:16+00:00
758a047a80a970d7,2016-03-04,Lemons,,each,,,,,Yes,,,,,,,,0.59,$/each,0.59,per each,Northeast,retail,,,,,,,,82.0,3324,Weekly Grocery Store Specialty Crops Feature Activity,2026-09-26T14:36:16+00:00
8c35a634cd69fef7,2016-03-04,Lettuce,Boston,each,,,,,No,,,,,,,,0.99,$/each,0.99,per each,Northeast,retail,,,,,,,,6.0,3324,Weekly Grocery Store Specialty Crops Feature Activity,2026-09-26T14:36:16+00:00
53e4f1f8657c6ef1,2016-03-04,Lettuce,Green Leaf,each,,,,,No,,,,,,,,1.25,$/each,1.25,per each,Northeast,retail,,,,,,,,124.0,3324,Weekly Grocery Store Specialty Crops Feature Activity,2026-09-26T14:36:16+00:00
26be3cdc349703a6,2016-03-04,Lettuce,Green Leaf,per lb,,,,,No,,,,,,,,0.99,$/per lb,0.99,per lb,Northeast,retail,,,,,,,,11.0,3324,Weekly Grocery Store Specialty Crops Feature Activity,2026-09-26T14:36:16+00:00
4ac2eaf5978d3bd3,2016-03-04,Lettuce,Green Leaf,per lb,,,,,Yes,,,,,,,,1.99,$/per lb,1.99,per lb,Northeast,retail,,,,,,,,5.0,3324,Weekly Grocery Store Specialty Crops Feature Activity,2026-09-26T14:36:16+00:00
48f6cb70c7fe493a,2016-03-04,Lettuce,Iceberg,each,,,,,Yes,,,,,,,,2.47,$/each,2.47,per each,Northeast,retail,,,,,,,,112.0,3324,Weekly Grocery Store Specialty Crops Feature Activity,2026-09-26T14:36:16+00:00
92c2b538c376e68a,2016-03-04,Lettuce,Iceberg,each,,,,,No,,,,,,,,1.39,$/each,1.39,per each,Northeast,retail,,,,,,,,437.0,3324,Weekly Grocery Store Specialty Crops Feature Activity,2026-09-26T14:36:16+00:00
875d79a3675e1b80,2016-03-04,Lettuce,Red Leaf,each,,,,,No,,,,,,,,1.25,$/each,1.25,per each,Northeast,retail,,,,,,,,124.0,3324,Weekly Grocery Store Specialty Crops Feature Activity,2026-09-26T14:36:16+00:00
da24f1b6f02dca00,2016-03-04,Lettuce,Red Leaf,per lb,,,,,Yes,,,,,,,,1.99,$/per lb,1.99,per lb,Northeast,retail,,,,,,,,5.0,3324,Weekly Grocery Store Specialty Crops Feature Activity,2026-09-26T14:36:16+00:00
dc8f77bc04acf0da,2016-03-04,Lettuce,Red Leaf,per lb,,,,,No,,,,,,,,0.99,$/per lb,0.99,per lb,Northeast,retail,,,,,,,,11.0,3324,Weekly Grocery Store Specialty Crops Feature Activity,2026-09-26T14:36:16+00:00
b84fe58a9cb503c3,2016-03-04,Lettuce,Romaine,each,,,,,No,,,,,,,,1.13,$/each,1.13,per each,Northeast,retail,,,,,,,,158.0,3324,Weekly Grocery Store Specialty Crops Feature Activity,2026-09-26T14:36:16+00:00
b1da3e509c7bd0f4,2016-03-04,Lettuce,Romaine,per lb,,,,,No,,,,,,,,1.41,$/per lb,1.41,per lb,Northeast,retail,,,,,,,,196.0,3324,Weekly Grocery Store Specialty Crops Feature Activity,2026-09-26T14:36:16+00:00
6fad14a1bed42470,2016-03-04,Lettuce,Romaine (Hearts),3 count,,,,,No,,,,,,,,2.7,$/3 count,,,Northeast,retail,,,,,,,,1629.0,3324,Weekly Grocery Store Specialty Crops Feature Activity,2026-09-26T14:36:16+00:00
9b8fcd3b9a67b3fb,2016-03-04,Lettuce,Romaine (Hearts),3 count,,,,,Yes,,,,,,,,3.62,$/3 count,,,Northeast,retail,,,,,,,,1319.0,3324,Weekly Grocery Store Specialty Crops Feature Activity,2026-09-26T14:36:16+00:00
0f40478d8e54e0d2,2016-03-04,Limes,,each,,,,,No,,,,,,,,0.29,$/each,0.29,per each,Northeast,retail,,,,,,,,520.0,3324,Weekly Grocery Store Specialty Crops Feature Activity,2026-09-26T14:36:16+00:00
4dd1bc6eb92843cd,2016-03-04,"Onions, Dry",RED,2 lb bag,,,,,No,,,,,,,,1.95,$/2 lb bag,0.975,per lb,Northeast,retail,,,,,,,,142.0,3324,Weekly Grocery Store Specialty Crops Feature Activity,2026-09-26T14:36:16+00:00
9907a546ae4317e7,2016-03-04,"Onions, Dry",RED,3 lb bag,,,,,Yes,,,,,,,,3.99,$/3 lb bag,1.33,per lb,Northeast,retail,,,,,,,,6.0,3324,Weekly Grocery Store Specialty Crops Feature Activity,2026-09-26T14:36:16+00:00
c96e50fe1560da82,2016-03-04,"Onions, Dry",RED,per lb,,,,,No,,,,,,,,1.7,$/per lb,1.7,per lb,Northeast,retail,,,,,,,,270.0,3324,Weekly Grocery Store Specialty Crops Feature Activity,2026-09-26T14:36:16+00:00
d0e76a1175d0408b,2016-03-04,"Onions, Dry",WHITE,2 lb bag,,,,,No,,,,,,,,1.89,$/2 lb bag,0.945,per lb,Northeast,retail,,,,,,,,153.0,3324,Weekly Grocery Store Specialty Crops Feature Activity,2026-09-26T14:36:16+00:00
de8997fba03895de,2016-03-04,"Onions, Dry",WHITE,per lb,,,,,No,,,,,,,,1.55,$/per lb,1.55,per lb,Northeast,retail,,,,,,,,277.0,3324,Weekly Grocery Store Specialty Crops Feature Activity,2026-09-26T14:36:16+00:00
ef2577966fd7dc7c,2016-03-04,"Onions, Dry",YELLOW,2 lb bag,,,,,No,,,,,,,,1.42,$/2 lb bag,0.71,per lb,Northeast,retail,,,,,,,,573.0,3324,Weekly Grocery Store Specialty Crops Feature Activity,2026-09-26T14:36:16+00:00
8b5766d1cc9d9bd1,2016-03-04,"Onions, Dry",YELLOW,3 lb bag,,,,,Yes,,,,,,,,3.23,$/3 lb bag,1.0767,per lb,Northeast,retail,,,,,,,,87.0,3324,Weekly Grocery Store Specialty Crops Feature Activity,2026-09-26T14:36:16+00:00
daecbc54f2be4f14,2016-03-04,"Onions, Dry",YELLOW,3 lb bag,,,,,No,,,,,,,,2.01,$/3 lb bag,0.67,per lb,Northeast,retail,,,,,,,,687.0,3324,Weekly Grocery Store Specialty Crops Feature Activity,2026-09-26T14:36:16+00:00
4afa7b1905afcb51,2016-03-04,"Onions, Dry",YELLOW,5 lb bag,,,,,No,,,,,,,,2.49,$/5 lb bag,0.498,per lb,Northeast,retail,,,,,,,,20.0,3324,Weekly Grocery Store Specialty Crops Feature Activity,2026-09-26T14:36:16+00:00
90a77411e9172cd9,2016-03-04,"Onions, Dry",YELLOW,per lb,,,,,Yes,,,,,,,,0.99,$/per lb,0.99,per lb,Northeast,retail,,,,,,,,16.0,3324,Weekly Grocery Store Specialty Crops Feature Activity,2026-09-26T14:36:16+00:00
ad809adce2ff55f3,2016-03-04,"Onions, Dry",YELLOW,per lb,,,,,No,,,,,,,,0.99,$/per lb,0.99,per lb,Northeast,retail,,,,,,,,8.0,3324,Weekly Grocery Store Specialty Crops Feature Activity,2026-09-26T14:36:16+00:00
1c640558e9e43ec1,2016-03-04,"Onions, Dry",YELLOW MARKED SWEET,2 lb bag,,,,,Yes,,,,,,,,3.29,$/2 lb bag,1.645,per lb,Northeast,retail,,,,,,,,6.0,3324,Weekly Grocery Store Specialty Crops Feature Activity,2026-09-26T14:36:16+00:00
4abfffea24ce0022,2016-03-04,"Onions, Dry",YELLOW MARKED SWEET,3 lb bag,,,,,No,,,,,,,,3.73,$/3 lb bag,1.2433,per lb,Northeast,retail,,,,,,,,316.0,3324,Weekly Grocery Store Specialty Crops Feature Activity,2026-09-26T14:36:16+00:00
424e728802ff842f,2016-03-04,"Onions, Dry",YELLOW MARKED SWEET,per lb,,,,,No,,,,,,,,1.36,$/per lb,1.36,per lb,Northeast,retail,,,,,,,,1388.0,3324,Weekly Grocery Store Specialty Crops Feature Activity,2026-09-26T14:36:16+00:00
5e49ac27c48f451d,2016-03-04,"Peppers, Bell Type",GREEN,each,,,,,No,,,,,,,,1.25,$/each,1.25,per each,Northeast,retail,,,,,,,,167.0,3324,Weekly Grocery Store Specialty Crops Feature Activity,2026-09-26T14:36:16+00:00
de35d3750301ddb2,2016-03-04,"Peppers, Bell Type",GREEN,each,,,,,Yes,,,,,,,,1.99,$/each,1.99,per each,Northeast,retail,,,,,,,,137.0,3324,Weekly Grocery Store Specialty Crops Feature Activity,2026-09-26T14:36:16+00:00
e08e5c1ba1b94852,2016-03-04,"Peppers, Bell Type",GREEN,per lb,,,,,No,,,,,,,,2.04,$/per lb,2.04,per lb,Northeast,retail,,,,,,,,201.0,3324,Weekly Grocery Store Specialty Crops Feature Activity,2026-09-26T14:36:16+00:00
2efad3a646596e42,2016-03-04,"Peppers, Bell Type",ORANGE,each,,,,,No,,,,,,,,1.66,$/each,1.66,per each,Northeast,retail,,,environment=Greenhouse,,,,,667.0,3324,Weekly Grocery Store Specialty Crops Feature Activity,2026-09-26T14:36:16+00:00
b0fba1fc45eac146,2016-03-04,"Peppers, Bell Type",ORANGE,each,,,,,No,,,,,,,,1.44,$/each,1.44,per each,Northeast,retail,,,,,,,,126.0,3324,Weekly Grocery Store Specialty Crops Feature Activity,2026-09-26T14:36:16+00:00
e2ba7af9fc5076d7,2016-03-04,"Peppers, Bell Type",ORANGE,each,,,,,Yes,,,,,,,,1.99,$/each,1.99,per each,Northeast,retail,,,,,,,,20.0,3324,Weekly Grocery Store Specialty Crops Feature Activity,2026-09-26T14:36:16+00:00
bdf746860f8008e3,2016-03-04,"Peppers, Bell Type",ORANGE,per lb,,,,,No,,,,,,,,3.41,$/per lb,3.41,per lb,Northeast,retail,,,,,,,,67.0,3324,Weekly Grocery Store Specialty Crops Feature Activity,2026-09-26T14:36:16+00:00
d5109cf94c962674,2016-03-04,"Peppers, Bell Type",ORANGE,per lb,,,,,Yes,,,,,,,,2.99,$/per lb,2.99,per lb,Northeast,retail,,,,,,,,52.0,3324,Weekly Grocery Store Specialty Crops Feature Activity,2026-09-26T14:36:16+00:00
26b63880e6b4baec,2016-03-04,"Peppers, Bell Type",RED,each,,,,,No,,,,,,,,1.66,$/each,1.66,per each,Northeast,retail,,,environment=Greenhouse,,,,,667.0,3324,Weekly Grocery Store Specialty Crops Feature Activity,2026-09-26T14:36:16+00:00
9bbed19dd9aedcc1,2016-03-04,"Peppers, Bell Type",RED,each,,,,,No,,,,,,,,1.24,$/each,1.24,per each,Northeast,retail,,,,,,,,401.0,3324,Weekly Grocery Store Specialty Crops Feature Activity,2026-09-26T14:36:16+00:00
de22275dc0b6ae3e,2016-03-04,"Peppers, Bell Type",RED,each,,,,,Yes,,,,,,,,1.99,$/each,1.99,per each,Northeast,retail,,,,,,,,157.0,3324,Weekly Grocery Store Specialty Crops Feature Activity,2026-09-26T14:36:16+00:00
0215f1b78c9a63ef,2016-03-04,"Peppers, Bell Type",RED,per lb,,,,,Yes,,,,,,,,2.99,$/per lb,2.99,per lb,Northeast,retail,,,,,,,,52.0,3324,Weekly Grocery Store Specialty Crops Feature Activity,2026-09-26T14:36:16+00:00
8972adb54db78b5d,2016-03-04,"Peppers, Bell Type",RED,per lb,,,,,No,,,,,,,,2.99,$/per lb,2.99,per lb,Northeast,retail,,,environment=Greenhouse,,,,,63.0,3324,Weekly Grocery Store Specialty Crops Feature Activity,2026-09-26T14:36:16+00:00
b183e972d14d86f3,2016-03-04,"Peppers, Bell Type",RED,per lb,,,,,No,,,,,,,,2.76,$/per lb,2.76,per lb,Northeast,retail,,,,,,,,638.0,3324,Weekly Grocery Store Specialty Crops Feature Activity,2026-09-26T14:36:16+00:00
08c8a925a2df6772,2016-03-04,"Peppers, Bell Type",YELLOW,each,,,,,Yes,,,,,,,,1.99,$/each,1.99,per each,Northeast,retail,,,,,,,,157.0,3324,Weekly Grocery Store Specialty Crops Feature Activity,2026-09-26T14:36:16+00:00
8510f88286154dcc,2016-03-04,"Peppers, Bell Type",YELLOW,each,,,,,No,,,,,,,,1.66,$/each,1.66,per each,Northeast,retail,,,environment=Greenhouse,,,,,667.0,3324,Weekly Grocery Store Specialty Crops Feature Activity,2026-09-26T14:36:16+00:00
f4a554194c3c372a,2016-03-04,"Peppers, Bell Type",YELLOW,each,,,,,No,,,,,,,,1.44,$/each,1.44,per each,Northeast,retail,,,,,,,,126.0,3324,Weekly Grocery Store Specialty Crops Feature Activity,2026-09-26T14:36:16+00:00
3f656628b8173a50,2016-03-04,"Peppers, Bell Type",YELLOW,per lb,,,,,No,,,,,,,,2.99,$/per lb,2.99,per lb,Northeast,retail,,,environment=Greenhouse,,,,,63.0,3324,Weekly Grocery Store Specialty Crops Feature Activity,2026-09-26T14:36:16+00:00
70c2fcafbbad60c3,2016-03-04,"Peppers, Bell Type",YELLOW,per lb,,,,,No,,,,,,,,3.41,$/per lb,3.41,per lb,Northeast,retail,,,,,,,,67.0,3324,Weekly Grocery Store Specialty Crops Feature Activity,2026-09-26T14:36:16+00:00
ec3e6917537a89fe,2016-03-04,"Peppers, Bell Type",YELLOW,per lb,,,,,Yes,,,,,,,,2.99,$/per lb,2.99,per lb,Northeast,retail,,,,,,,,52.0,3324,Weekly Grocery Store Specialty Crops Feature Activity,2026-09-26T14:36:16+00:00
09bfc86f493840c3,2016-03-04,Potatoes,ROUND RED,3 lb bag,,,,,Yes,,,,,,,,3.99,$/3 lb bag,1.33,per lb,Northeast,retail,,,,,,,,147.0,3324,Weekly Grocery Store Specialty Crops Feature Activity,2026-09-26T14:36:16+00:00
2da9e0016a41b2cd,2016-03-04,Potatoes,ROUND RED,5 lb bag,,,,,No,,,,,,,,2.94,$/5 lb bag,0.588,per lb,Northeast,retail,,,,,,,,1088.0,3324,Weekly Grocery Store Specialty Crops Feature Activity,2026-09-26T14:36:16+00:00
3bce381895a63554,2016-03-04,Potatoes,ROUND RED,5 lb bag,,,,,Yes,,,,,,,,4.99,$/5 lb bag,0.998,per lb,Northeast,retail,,,,,,,,8.0,3324,Weekly Grocery Store Specialty Crops Feature Activity,2026-09-26T14:36:16+00:00
bc4359c1d0edb6da,2016-03-04,Potatoes,ROUND RED,per lb,,,,,No,,,,,,,,1.01,$/per lb,1.01,per lb,Northeast,retail,,,,,,,,130.0,3324,Weekly Grocery Store Specialty Crops Feature Activity,2026-09-26T14:36:16+00:00
8a065435969a1d06,2016-03-04,Potatoes,ROUND WHITE,10 lb bag,,,,,No,,,,,,,,3.49,$/10 lb bag,0.349,per lb,Northeast,retail,,,,,,,,8.0,3324,Weekly Grocery Store Specialty Crops Feature Activity,2026-09-26T14:36:16+00:00
e1f799c91542db86,2016-03-04,Potatoes,ROUND WHITE,5 lb bag,,,,,No,,,,,,,,2.12,$/5 lb bag,0.424,per lb,Northeast,retail,,,,,,,,815.0,3324,Weekly Grocery Store Specialty Crops Feature Activity,2026-09-26T14:36:16+00:00
355bd1a2bacf3ef6,2016-03-04,Potatoes,RUSSET,10 lb bag,,,,,No,,,,,,,,3.01,$/10 lb bag,0.301,per lb,Northeast,retail,,,,,,,,384.0,3324,Weekly Grocery Store Specialty Crops Feature Activity,2026-09-26T14:36:16+00:00
3732279fc129f76d,2016-03-04,Potatoes,RUSSET,3 lb bag,,,,,Yes,,,,,,,,3.94,$/3 lb bag,1.3133,per lb,Northeast,retail,,,,,,,,154.0,3324,Weekly Grocery Store Specialty Crops Feature Activity,2026-09-26T14:36:16+00:00
74bb4c7fbc5b3623,2016-03-04,Potatoes,RUSSET,3 lb bag,,,,,No,,,,,,,,1.0,$/3 lb bag,0.3333,per lb,Northeast,retail,,,,,,,,108.0,3324,Weekly Grocery Store Specialty Crops Feature Activity,2026-09-26T14:36:16+00:00
346bd86d203beb41,2016-03-04,Potatoes,RUSSET,5 lb bag,,,,,No,,,,,,,,1.95,$/5 lb bag,0.39,per lb,Northeast,retail,,,,,,,,473.0,3324,Weekly Grocery Store Specialty Crops Feature Activity,2026-09-26T14:36:16+00:00
74c35e3dc1126096,2016-03-04,Potatoes,RUSSET,5 lb bag,,,,,Yes,,,,,,,,4.45,$/5 lb bag,0.89,per lb,Northeast,retail,,,,,,,,135.0,3324,Weekly Grocery Store Specialty Crops Feature Activity,2026-09-26T14:36:16+00:00
eec9480c4ca74208,2016-03-04,Potatoes,RUSSET,8 lb bag,,,,,No,,,,,,,,2.3,$/8 lb bag,0.2875,per lb,Northeast,retail,,,,,,,,13.0,3324,Weekly Grocery Store Specialty Crops Feature Activity,2026-09-26T14:36:16+00:00
6de9d9b6c3a2c9d3,2016-03-04,Potatoes,RUSSET,per lb,,,,,No,,,,,,,,1.06,$/per lb,1.06,per lb,Northeast,retail,,,,,,,,659.0,3324,Weekly Grocery Store Specialty Crops Feature Activity,2026-09-26T14:36:16+00:00
d7ce0051af197a60,2016-03-04,Potatoes,YELLOW TYPE,3 lb bag,,,,,Yes,,,,,,,,3.99,$/3 lb bag,1.33,per lb,Northeast,retail,,,,,,,,147.0,3324,Weekly Grocery Store Specialty Crops Feature Activity,2026-09-26T14:36:16+00:00
2cd16b68255af61d,2016-03-04,Potatoes,YELLOW TYPE,5 lb bag,,,,,Yes,,,,,,,,4.99,$/5 lb bag,0.998,per lb,Northeast,retail,,,,,,,,8.0,3324,Weekly Grocery Store Specialty Crops Feature Activity,2026-09-26T14:36:16+00:00
b18d25924bf1d939,2016-03-04,Potatoes,YELLOW TYPE,5 lb bag,,,,,No,,,,,,,,3.24,$/5 lb bag,0.648,per lb,Northeast,retail,,,,,,,,486.0,3324,Weekly Grocery Store Specialty Crops Feature Activity,2026-09-26T14:36:16+00:00
698c1e6cf6158357,2016-03-04,Potatoes,YELLOW TYPE,per lb,,,,,No,,,,,,,,0.71,$/per lb,0.71,per lb,Northeast,retail,,,,,,,,42.0,3324,Weekly Grocery Store Specialty Crops Feature Activity,2026-09-26T14:36:16+00:00
5cfb0c578bc28cbb,2016-03-04,Strawberries,,1 lb package,,,,,Yes,,,,,,,,4.97,$/1 lb package,4.97,per lb,Northeast,retail,,,,,,,,381.0,3324,Weekly Grocery Store Specialty Crops Feature Activity,2026-09-26T14:36:16+00:00
658c51dc437d25ed,2016-03-04,Strawberries,,1 lb package,,,,,No,,,,,,,,2.65,$/1 lb package,2.65,per lb,Northeast,retail,,,,,,,,2292.0,3324,Weekly Grocery Store Specialty Crops Feature Activity,2026-09-26T14:36:16+00:00
bcfaf229b38e6a45,2016-03-04,Strawberries,,2 lb package,,,,,No,,,,,,,,3.99,$/2 lb package,1.995,per lb,Northeast,retail,,,,,,,,74.0,3324,Weekly Grocery Store Specialty Crops Feature Activity,2026-09-26T14:36:16+00:00
f225e74955944355,2016-03-04,Tomatoes,,per lb,,,,,No,,,,,,,,0.91,$/per lb,0.91,per lb,Northeast,retail,,,,,,,,21.0,3324,Weekly Grocery Store Specialty Crops Feature Activity,2026-09-26T14:36:16+00:00
9b349bfc4fe347f8,2016-03-04,Tomatoes,GRAPE TYPE,1 pint package,,,,,No,,,,,,,,2.25,$/1 pint package,,,Northeast,retail,,,,,,,,837.0,3324,Weekly Grocery Store Specialty Crops Feature Activity,2026-09-26T14:36:16+00:00
9b8a0c260ec0b42e,2016-03-04,Tomatoes,GRAPE TYPE,1 pint package,,,,,Yes,,,,,,,,3.53,$/1 pint package,,,Northeast,retail,,,,,,,,1083.0,3324,Weekly Grocery Store Specialty Crops Feature Activity,2026-09-26T14:36:16+00:00
05ab979124d43d32,2016-03-04,Tomatoes,GRAPE TYPE,10 oz package,,,,,Yes,,,,,,,,2.99,$/10 oz package,4.784,per lb,Northeast,retail,,,,,,,,5.0,3324,Weekly Grocery Store Specialty Crops Feature Activity,2026-09-26T14:36:16+00:00
4ea1f65b41457766,2016-03-04,Tomatoes,GRAPE TYPE,10 oz package,,,,,No,,,,,,,,2.51,$/10 oz package,4.016,per lb,Northeast,retail,,,,,,,,272.0,3324,Weekly Grocery Store Specialty Crops Feature Activity,2026-09-26T14:36:16+00:00
511ed46cc2be3e98,2016-03-04,Tomatoes,Plum Type (Roma),per lb,,,,,No,,,,,,,,1.12,$/per lb,1.12,per lb,Northeast,retail,,,,,,,,774.0,3324,Weekly Grocery Store Specialty Crops Feature Activity,2026-09-26T14:36:16+00:00
4fde8cb1d75cfc25,2016-03-04,Tomatoes,VINE RIPES,per lb,,,,,No,,,,,,,,2.15,$/per lb,2.15,per lb,Northeast,retail,,,environment=Greenhouse,,,,,107.0,3324,Weekly Grocery Store Specialty Crops Feature Activity,2026-09-26T14:36:16+00:00
5eaa28d0795c317f,2016-03-04,Tomatoes,VINE RIPES,per lb,,,,,No,,,,,,,,1.92,$/per lb,1.92,per lb,Northeast,retail,,,,,,,,238.0,3324,Weekly Grocery Store Specialty Crops Feature Activity,2026-09-26T14:36:16+00:00
ca5532b8dac2bfdc,2016-03-04,Tomatoes,VINE RIPES,per lb,,,,,Yes,,,,,,,,2.99,$/per lb,2.99,per lb,Northeast,retail,,,,,,,,118.0,3324,Weekly Grocery Store Specialty Crops Feature Activity,2026-09-26T14:36:16+00:00
d7b7d4efcd48fcc7,2016-03-04,Tomatoes,VINE RIPES,per lb,,,,,Yes,,,,,,,,2.99,$/per lb,2.99,per lb,Northeast,retail,,,environment=Greenhouse,,,,,16.0,3324,Weekly Grocery Store Specialty Crops Feature Activity,2026-09-26T14:36:16+00:00
5d52deb34a1d6e4a,2016-03-04,Tomatoes,VINE RIPES - ON THE VINE,per lb,,,,,No,,,,,,,,2.16,$/per lb,2.16,per lb,Northeast,retail,,,environment=Greenhouse,,,,,1929.0,3324,Weekly Grocery Store Specialty Crops Feature Activity,2026-09-26T14:36:16+00:00
bb9d36492132cab2,2016-03-04,Tomatoes,VINE RIPES - ON THE VINE,per lb,,,,,Yes,,,,,,,,2.67,$/per lb,2.67,per lb,Northeast,retail,,,environment=Greenhouse,,,,,120.0,3324,Weekly Grocery Store Specialty Crops Feature Activity,2026-09-26T14:36:16+00:00
5dffa5c6e4ceaa17,2016-03-04,Avocados,HASS,each,,,,,Yes,,,,,,,,1.53,$/each,1.53,per each,Northwest,retail,,,,,,,,346.0,3324,Weekly Grocery Store Specialty Crops Feature Activity,2026-09-26T14:36:16+00:00
ae25566e07aced63,2016-03-04,Avocados,HASS,each,,,,,No,,,,,,,,1.37,$/each,1.37,per each,Northwest,retail,,,,,,,,774.0,3324,Weekly Grocery Store Specialty Crops Feature Activity,2026-09-26T14:36:16+00:00
02a8501f6e61b591,2016-03-04,Avocados,VARIOUS GREENSKIN VARIETIES,each,,,,,No,,,,,,,,1.25,$/each,1.25,per each,Northwest,retail,,,,,,,,121.0,3324,Weekly Grocery Store Specialty Crops Feature Activity,2026-09-26T14:36:16+00:00
b5fff7d977fdda2c,2016-03-04,Avocados,VARIOUS GREENSKIN VARIETIES,each,,,,,Yes,,,,,,,,1.25,$/each,1.25,per each,Northwest,retail,,,,,,,,9.0,3324,Weekly Grocery Store Specialty Crops Feature Activity,2026-09-26T14:36:16+00:00
dbd0d304fe55b886,2016-03-04,Bananas,,per lb,,,,,No,,,,,,,,0.48,$/per lb,0.48,per lb,Northwest,retail,,,,,,,,39.0,3324,Weekly Grocery Store Specialty Crops Feature Activity,2026-09-26T14:36:16+00:00
890143c3683153d6,2016-03-04,Blueberries,,1 pint package,,,,,No,,,,,,,,4.99,$/1 pint package,,,Northwest,retail,,,,,,,,6.0,3324,Weekly Grocery Store Specialty Crops Feature Activity,2026-09-26T14:36:16+00:00
721733af8d14f831,2016-03-04,Blueberries,,18 oz package,,,,,No,,,,,,,,4.77,$/18 oz package,4.24,per lb,Northwest,retail,,,,,,,,4.0,3324,Weekly Grocery Store Specialty Crops Feature Activity,2026-09-26T14:36:16+00:00
7d1459394f727732,2016-03-04,Blueberries,,6 oz package,,,,,Yes,,,,,,,,4.08,$/6 oz package,10.88,per lb,Northwest,retail,,,,,,,,157.0,3324,Weekly Grocery Store Specialty Crops Feature Activity,2026-09-26T14:36:16+00:00
9a6a9d3785f56406,2016-03-04,Blueberries,,6 oz package,,,,,No,,,,,,,,2.87,$/6 oz package,7.6533,per lb,Northwest,retail,,,,,,,,299.0,3324,Weekly Grocery Store Specialty Crops Feature Activity,2026-09-26T14:36:16+00:00
cbfdb39a797079b7,2016-03-04,Broccoli,,per bunch,,,,,Yes,,,,,,,,1.99,$/per bunch,,,Northwest,retail,,,,,,,,2.0,3324,Weekly Grocery Store Specialty Crops Feature Activity,2026-09-26T14:36:16+00:00
191e6e9a385ae468,2016-03-04,Broccoli,CROWN CUT,per lb,,,,,No,,,,,,,,0.97,$/per lb,0.97,per lb,Northwest,retail,,,,,,,,266.0,3324,Weekly Grocery Store Specialty Crops Feature Activity,2026-09-26T14:36:16+00:00
ff155356e2f261ca,2016-03-04,Carrots,,2 lb bag,,,,,Yes,,,,,,,,1.49,$/2 lb bag,0.745,per lb,Northwest,retail,,,,,,,,6.0,3324,Weekly Grocery Store Specialty Crops Feature Activity,2026-09-26T14:36:16+00:00
e738268e99b2e195,2016-03-04,Carrots,,per bunch,,,,,Yes,,,,,,,,1.87,$/per bunch,,,Northwest,retail,,,,,,,,17.0,3324,Weekly Grocery Store Specialty Crops Feature Activity,2026-09-26T14:36:16+00:00
8585b93bd8318c1b,2016-03-04,Carrots,BABY PEELED,1 lb bag,,,,,No,,,,,,,,1.26,$/1 lb bag,1.26,per lb,Northwest,retail,,,,,,,,269.0,3324,Weekly Grocery Store Specialty Crops Feature Activity,2026-09-26T14:36:16+00:00
e5f7bbb9af70e48b,2016-03-04,Carrots,BABY PEELED,1 lb bag,,,,,Yes,,,,,,,,1.68,$/1 lb bag,1.68,per lb,Northwest,retail,,,,,,,,494.0,3324,Weekly Grocery Store Specialty Crops Feature Activity,2026-09-26T14:36:16+00:00
2ef3b1f29f77587d,2016-03-04,Celery,,each,,,,,No,,,,,,,,1.49,$/each,1.49,per each,Northwest,retail,,,,,,,,20.0,3324,Weekly Grocery Store Specialty Crops Feature Activity,2026-09-26T14:36:16+00:00
8dfb13a683e82107,2016-03-04,Celery,,each,,,,,Yes,,,,,,,,0.99,$/each,0.99,per each,Northwest,retail,,,,,,,,121.0,3324,Weekly Grocery Store Specialty Crops Feature Activity,2026-09-26T14:36:16+00:00
9941de01920925f2,2016-03-04,Celery,,per lb,,,,,Yes,,,,,,,,1.29,$/per lb,1.29,per lb,Northwest,retail,,,,,,,,39.0,3324,Weekly Grocery Store Specialty Crops Feature Activity,2026-09-26T14:36:16+00:00
74f75534d1ed5c5f,2016-03-04,Celery,HEARTS,each,,,,,Yes,,,,,,,,1.99,$/each,1.99,per each,Northwest,retail,,,,,,,,17.0,3324,Weekly Grocery Store Specialty Crops Feature Activity,2026-09-26T14:36:16+00:00
c05d89b7cfed7cdf,2016-03-04,Cucumbers,,each,,,,,No,,,,,,,,0.92,$/each,0.92,per each,Northwest,retail,,,,,,,,334.0,3324,Weekly Grocery Store Specialty Crops Feature Activity,2026-09-26T14:36:16+00:00
d2b61f5b795e7225,2016-03-04,Cucumbers,,each,,,,,Yes,,,,,,,,1.5,$/each,1.5,per each,Northwest,retail,,,,,,,,18.0,3324,Weekly Grocery Store Specialty Crops Feature Activity,2026-09-26T14:36:16+00:00
f6dc7433f195fdf1,2016-03-04,Cucumbers,,per lb,,,,,Yes,,,,,,,,2.49,$/per lb,2.49,per lb,Northwest,retail,,,,,,,,1.0,3324,Weekly Grocery Store Specialty Crops Feature Activity,2026-09-26T14:36:16+00:00
be84217c74029c67,2016-03-04,Cucumbers,LONG SEEDLESS,each,,,,,No,,,,,,,,1.5,$/each,1.5,per each,Northwest,retail,,,environment=Greenhouse,,,,,5.0,3324,Weekly Grocery Store Specialty Crops Feature Activity,2026-09-26T14:36:16+00:00
d1d186832ae366a8,2016-03-04,Grapes,RED SEEDLESS,per lb,,,,,No,,,,,,,,2.1,$/per lb,2.1,per lb,Northwest,retail,,,,,,,,532.0,3324,Weekly Grocery Store Specialty Crops Feature Activity,2026-09-26T14:36:16+00:00
3b8067f9159b926b,2016-03-04,Grapes,WHITE SEEDLESS TYPE,per lb,,,,,No,,,,,,,,2.13,$/per lb,2.13,per lb,Northwest,retail,,,,,,,,517.0,3324,Weekly Grocery Store Specialty Crops Feature Activity,2026-09-26T14:36:16+00:00
7291a913c18573d9,2016-03-04,Lemons,,each,,,,,No,,,,,,,,0.78,$/each,0.78,per each,Northwest,retail,,,,,,,,293.0,3324,Weekly Grocery Store Specialty Crops Feature Activity,2026-09-26T14:36:16+00:00
ff715f60c281a02f,2016-03-04,Lemons,,each,,,,,Yes,,,,,,,,0.69,$/each,0.69,per each,Northwest,retail,,,,,,,,39.0,3324,Weekly Grocery Store Specialty Crops Feature Activity,2026-09-26T14:36:16+00:00
0d92de85df5a0f4a,2016-03-04,Lettuce,Green Leaf,each,,,,,No,,,,,,,,0.93,$/each,0.93,per each,Northwest,retail,,,,,,,,50.0,3324,Weekly Grocery Store Specialty Crops Feature Activity,2026-09-26T14:36:16+00:00
e3e364d2d4dd1ad5,2016-03-04,Lettuce,Green Leaf,each,,,,,Yes,,,,,,,,1.91,$/each,1.91,per each,Northwest,retail,,,,,,,,50.0,3324,Weekly Grocery Store Specialty Crops Feature Activity,2026-09-26T14:36:16+00:00
33e11cd4d04ca857,2016-03-04,Lettuce,Iceberg,each,,,,,No,,,,,,,,1.06,$/each,1.06,per each,Northwest,retail,,,,,,,,54.0,3324,Weekly Grocery Store Specialty Crops Feature Activity,2026-09-26T14:36:16+00:00
4b4f61ab1be64056,2016-03-04,Lettuce,Red Leaf,each,,,,,No,,,,,,,,0.93,$/each,0.93,per each,Northwest,retail,,,,,,,,50.0,3324,Weekly Grocery Store Specialty Crops Feature Activity,2026-09-26T14:36:16+00:00
cfc2e94e3cce258d,2016-03-04,Lettuce,Red Leaf,each,,,,,Yes,,,,,,,,1.91,$/each,1.91,per each,Northwest,retail,,,,,,,,50.0,3324,Weekly Grocery Store Specialty Crops Feature Activity,2026-09-26T14:36:16+00:00
27666dffd44b7e90,2016-03-04,Lettuce,Romaine,each,,,,,No,,,,,,,,0.99,$/each,0.99,per each,Northwest,retail,,,,,,,,39.0,3324,Weekly Grocery Store Specialty Crops Feature Activity,2026-09-26T14:36:16+00:00
3baace16efeb883f,2016-03-04,Lettuce,Romaine,each,,,,,Yes,,,,,,,,1.5,$/each,1.5,per each,Northwest,retail,,,,,,,,9.0,3324,Weekly Grocery Store Specialty Crops Feature Activity,2026-09-26T14:36:16+00:00
75232da99719cebe,2016-03-04,Lettuce,Romaine (Hearts),3 count,,,,,Yes,,,,,,,,2.72,$/3 count,,,Northwest,retail,,,,,,,,53.0,3324,Weekly Grocery Store Specialty Crops Feature Activity,2026-09-26T14:36:16+00:00
2c986716b30828bd,2016-03-04,Limes,,each,,,,,No,,,,,,,,0.25,$/each,0.25,per each,Northwest,retail,,,,,,,,279.0,3324,Weekly Grocery Store Specialty Crops Feature Activity,2026-09-26T14:36:16+00:00
d6b11443400c46ef,2016-03-04,Limes,,each,,,,,Yes,,,,,,,,0.4,$/each,0.4,per each,Northwest,retail,,,,,,,,39.0,3324,Weekly Grocery Store Specialty Crops Feature Activity,2026-09-26T14:36:16+00:00
ea1c5cf78b597f9b,2016-03-04,"Onions, Dry",RED,per lb,,,,,No,,,,,,,,0.99,$/per lb,0.99,per lb,Northwest,retail,,,,,,,,6.0,3324,Weekly Grocery Store Specialty Crops Feature Activity,2026-09-26T14:36:16+00:00
66838190eaf30463,2016-03-04,"Onions, Dry",YELLOW,3 lb bag,,,,,Yes,,,,,,,,2.72,$/3 lb bag,0.9067,per lb,Northwest,retail,,,,,,,,33.0,3324,Weekly Grocery Store Specialty Crops Feature Activity,2026-09-26T14:36:16+00:00
8c259292e905b47a,2016-03-04,"Onions, Dry",YELLOW,3 lb bag,,,,,No,,,,,,,,1.39,$/3 lb bag,0.4633,per lb,Northwest,retail,,,,,,,,61.0,3324,Weekly Grocery Store Specialty Crops Feature Activity,2026-09-26T14:36:16+00:00
02ea09d5877683da,2016-03-04,"Onions, Dry",YELLOW,per lb,,,,,Yes,,,,,,,,0.92,$/per lb,0.92,per lb,Northwest,retail,,,,,,,,57.0,3324,Weekly Grocery Store Specialty Crops Feature Activity,2026-09-26T14:36:16+00:00
8e42955445a4fc86,2016-03-04,"Onions, Dry",YELLOW MARKED SWEET,per lb,,,,,No,,,,,,,,1.05,$/per lb,1.05,per lb,Northwest,retail,,,,,,,,449.0,3324,Weekly Grocery Store Specialty Crops Feature Activity,2026-09-26T14:36:16+00:00
a8fd9967dda825fa,2016-03-04,"Onions, Dry",YELLOW MARKED SWEET,per lb,,,,,Yes,,,,,,,,0.99,$/per lb,0.99,per lb,Northwest,retail,,,,,,,,18.0,3324,Weekly Grocery Store Specialty Crops Feature Activity,2026-09-26T14:36:16+00:00
097a67644f17813f,2016-03-04,"Peppers, Bell Type",GREEN,each,,,,,No,,,,,,,,1.0,$/each,1.0,per each,Northwest,retail,,,,,,,,307.0,3324,Weekly Grocery Store Specialty Crops Feature Activity,2026-09-26T14:36:16+00:00
145c1f83295d93a2,2016-03-04,"Peppers, Bell Type",GREEN,each,,,,,Yes,,,,,,,,1.0,$/each,1.0,per each,Northwest,retail,,,,,,,,15.0,3324,Weekly Grocery Store Specialty Crops Feature Activity,2026-09-26T14:36:16+00:00
dd9e2228bc5d9271,2016-03-04,"Peppers, Bell Type",ORANGE,each,,,,,No,,,,,,,,1.58,$/each,1.58,per each,Northwest,retail,,,,,,,,171.0,3324,Weekly Grocery Store Specialty Crops Feature Activity,2026-09-26T14:36:16+00:00
181aefd8b5be6452,2016-03-04,"Peppers, Bell Type",RED,each,,,,,No,,,,,,,,1.57,$/each,1.57,per each,Northwest,retail,,,,,,,,208.0,3324,Weekly Grocery Store Specialty Crops Feature Activity,2026-09-26T14:36:16+00:00
434f7a899e9ee00a,2016-03-04,"Peppers, Bell Type",YELLOW,each,,,,,No,,,,,,,,1.58,$/each,1.58,per each,Northwest,retail,,,,,,,,171.0,3324,Weekly Grocery Store Specialty Crops Feature Activity,2026-09-26T14:36:16+00:00
69e3632c66f28403,2016-03-04,Potatoes,ROUND RED,per lb,,,,,No,,,,,,,,0.68,$/per lb,0.68,per lb,Northwest,retail,,,,,,,,474.0,3324,Weekly Grocery Store Specialty Crops Feature Activity,2026-09-26T14:36:16+00:00
f73401feff8886e4,2016-03-04,Potatoes,ROUND WHITE,per lb,,,,,No,,,,,,,,0.79,$/per lb,0.79,per lb,Northwest,retail,,,,,,,,279.0,3324,Weekly Grocery Store Specialty Crops Feature Activity,2026-09-26T14:36:16+00:00
f1e58cde5f48f91f,2016-03-04,Potatoes,RUSSET,10 lb bag,,,,,No,,,,,,,,2.99,$/10 lb bag,0.299,per lb,Northwest,retail,,,,,,,,24.0,3324,Weekly Grocery Store Specialty Crops Feature Activity,2026-09-26T14:36:16+00:00
6160302f47a44027,2016-03-04,Potatoes,RUSSET,3 lb bag,,,,,Yes,,,,,,,,1.99,$/3 lb bag,0.6633,per lb,Northwest,retail,,,,,,,,17.0,3324,Weekly Grocery Store Specialty Crops Feature Activity,2026-09-26T14:36:16+00:00
4715e17f6b82ca78,2016-03-04,Potatoes,RUSSET,5 lb bag,,,,,No,,,,,,,,1.37,$/5 lb bag,0.274,per lb,Northwest,retail,,,,,,,,71.0,3324,Weekly Grocery Store Specialty Crops Feature Activity,2026-09-26T14:36:16+00:00
26eadcc3a558f4ef,2016-03-04,Potatoes,RUSSET,per lb,,,,,No,,,,,,,,0.57,$/per lb,0.57,per lb,Northwest,retail,,,,,,,,54.0,3324,Weekly Grocery Store Specialty Crops Feature Activity,2026-09-26T14:36:16+00:00
63ad95cc7288fe36,2016-03-04,Potatoes,YELLOW TYPE,per lb,,,,,No,,,,,,,,0.69,$/per lb,0.69,per lb,Northwest,retail,,,,,,,,480.0,3324,Weekly Grocery Store Specialty Crops Feature Activity,2026-09-26T14:36:16+00:00
49fff02f566f0af1,2016-03-04,Strawberries,,1 lb package,,,,,Yes,,,,,,,,4.99,$/1 lb package,4.99,per lb,Northwest,retail,,,,,,,,11.0,3324,Weekly Grocery Store Specialty Crops Feature Activity,2026-09-26T14:36:16+00:00
62791e4e0c697dde,2016-03-04,Strawberries,,1 lb package,,,,,No,,,,,,,,2.97,$/1 lb package,2.97,per lb,Northwest,retail,,,,,,,,188.0,3324,Weekly Grocery Store Specialty Crops Feature Activity,2026-09-26T14:36:16+00:00
2c7f14776388f2b0,2016-03-04,Strawberries,,2 lb package,,,,,No,,,,,,,,4.02,$/2 lb package,2.01,per lb,Northwest,retail,,,,,,,,95.0,3324,Weekly Grocery Store Specialty Crops Feature Activity,2026-09-26T14:36:16+00:00
6797d2fdaa091323,2016-03-04,Tomatoes,,per lb,,,,,No,,,,,,,,0.83,$/per lb,0.83,per lb,Northwest,retail,,,,,,,,36.0,3324,Weekly Grocery Store Specialty Crops Feature Activity,2026-09-26T14:36:16+00:00
b34b43da82e34cf4,2016-03-04,Tomatoes,,per lb,,,,,Yes,,,,,,,,2.32,$/per lb,2.32,per lb,Northwest,retail,,,,,,,,27.0,3324,Weekly Grocery Store Specialty Crops Feature Activity,2026-09-26T14:36:16+00:00
78ad1ae1934f4fc2,2016-03-04,Tomatoes,Cherry Type,1 pint package,,,,,Yes,,,,,,,,3.0,$/1 pint package,,,Northwest,retail,,,,,,,,41.0,3324,Weekly Grocery Store Specialty Crops Feature Activity,2026-09-26T14:36:16+00:00
c83213a8574e1d32,2016-03-04,Tomatoes,GRAPE TYPE,1 pint package,,,,,Yes,,,,,,,,3.86,$/1 pint package,,,Northwest,retail,,,,,,,,320.0,3324,Weekly Grocery Store Specialty Crops Feature Activity,2026-09-26T14:36:16+00:00
7dcbe2220d352d29,2016-03-04,Tomatoes,GRAPE TYPE,10 oz package,,,,,Yes,,,,,,,,2.5,$/10 oz package,4.0,per lb,Northwest,retail,,,,,,,,66.0,3324,Weekly Grocery Store Specialty Crops Feature Activity,2026-09-26T14:36:16+00:00
edadf436a506ff48,2016-03-04,Tomatoes,GRAPE TYPE,10 oz package,,,,,No,,,,,,,,2.33,$/10 oz package,3.728,per lb,Northwest,retail,,,,,,,,114.0,3324,Weekly Grocery Store Specialty Crops Feature Activity,2026-09-26T14:36:16+00:00
dafcb4353996529f,2016-03-04,Tomatoes,Plum Type (Roma),per lb,,,,,Yes,,,,,,,,1.29,$/per lb,1.29,per lb,Northwest,retail,,,,,,,,130.0,3324,Weekly Grocery Store Specialty Crops Feature Activity,2026-09-26T14:36:16+00:00
fa939478fc662d22,2016-03-04,Tomatoes,Plum Type (Roma),per lb,,,,,No,,,,,,,,0.95,$/per lb,0.95,per lb,Northwest,retail,,,,,,,,78.0,3324,Weekly Grocery Store Specialty Crops Feature Activity,2026-09-26T14:36:16+00:00
3a6c4e0a659b5239,2016-03-04,Tomatoes,VINE RIPES - ON THE VINE,per lb,,,,,Yes,,,,,,,,2.41,$/per lb,2.41,per lb,Northwest,retail,,,environment=Greenhouse,,,,,28.0,3324,Weekly Grocery Store Specialty Crops Feature Activity,2026-09-26T14:36:16+00:00
5323b455a9a3ff6f,2016-03-04,Tomatoes,VINE RIPES - ON THE VINE,per lb,,,,,No,,,,,,,,2.76,$/per lb,2.76,per lb,Northwest,retail,,,environment=Greenhouse,,,,,480.0,3324,Weekly Grocery Store Specialty Crops Feature Activity,2026-09-26T14:36:16+00:00
1ad1c53ba0a8ee0d,2016-03-04,Tomatoes,Vine Ripes - Heirloom Varieties,per lb,,,,,Yes,,,,,,,,3.99,$/per lb,3.99,per lb,Northwest,retail,,,,,,,,10.0,3324,Weekly Grocery Store Specialty Crops Feature Activity,2026-09-26T14:36:16+00:00
10c98b7603c4c8f2,2016-03-04,Avocados,HASS,each,,,,,No,,,,,,,,0.91,$/each,0.91,per each,Southcentral,retail,,,,,,,,1791.0,3324,Weekly Grocery Store Specialty Crops Feature Activity,2026-09-26T14:36:16+00:00
cf366df7a2f40583,2016-03-04,Avocados,HASS,each,,,,,Yes,,,,,,,,1.02,$/each,1.02,per each,Southcentral,retail,,,,,,,,244.0,3324,Weekly Grocery Store Specialty Crops Feature Activity,2026-09-26T14:36:16+00:00
840be7716a393482,2016-03-04,Avocados,VARIOUS GREENSKIN VARIETIES,each,,,,,No,,,,,,,,0.69,$/each,0.69,per each,Southcentral,retail,,,,,,,,23.0,3324,Weekly Grocery Store Specialty Crops Feature Activity,2026-09-26T14:36:16+00:00
1ab2b7166f301693,2016-03-04,Bananas,,per lb,,,,,No,,,,,,,,0.47,$/per lb,0.47,per lb,Southcentral,retail,,,,,,,,72.0,3324,Weekly Grocery Store Specialty Crops Feature Activity,2026-09-26T14:36:16+00:00
49885f8cf401eff5,2016-03-04,Blueberries,,1 pint package,,,,,No,,,,,,,,3.17,$/1 pint package,,,Southcentral,retail,,,,,,,,358.0,3324,Weekly Grocery Store Specialty Crops Feature Activity,2026-09-26T14:36:16+00:00
8fc8e89c1e54aed9,2016-03-04,Blueberries,,18 oz package,,,,,No,,,,,,,,5.99,$/18 oz package,5.3244,per lb,Southcentral,retail,,,,,,,,75.0,3324,Weekly Grocery Store Specialty Crops Feature Activity,2026-09-26T14:36:16+00:00
bf891267f7e444d9,2016-03-04,Blueberries,,6 oz package,,,,,No,,,,,,,,2.7,$/6 oz package,7.2,per lb,Southcentral,retail,,,,,,,,388.0,3324,Weekly Grocery Store Specialty Crops Feature Activity,2026-09-26T14:36:16+00:00
e3f3309ff168d0e7,2016-03-04,Blueberries,,6 oz package,,,,,Yes,,,,,,,,4.66,$/6 oz package,12.4267,per lb,Southcentral,retail,,,,,,,,355.0,3324,Weekly Grocery Store Specialty Crops Feature Activity,2026-09-26T14:36:16+00:00
0f2915ff7a01698b,2016-03-04,Broccoli,,per bunch,,,,,Yes,,,,,,,,1.82,$/per bunch,,,Southcentral,retail,,,,,,,,214.0,3324,Weekly Grocery Store Specialty Crops Feature Activity,2026-09-26T14:36:16+00:00
6f5f91af56b5b299,2016-03-04,Broccoli,,per bunch,,,,,No,,,,,,,,2.88,$/per bunch,,,Southcentral,retail,,,,,,,,52.0,3324,Weekly Grocery Store Specialty Crops Feature Activity,2026-09-26T14:36:16+00:00
688a29498ba6cd1e,2016-03-04,Broccoli,,per lb,,,,,Yes,,,,,,,,1.48,$/per lb,1.48,per lb,Southcentral,retail,,,,,,,,35.0,3324,Weekly Grocery Store Specialty Crops Feature Activity,2026-09-26T14:36:16+00:00
94415826df3a143c,2016-03-04,Broccoli,CROWN CUT,per lb,,,,,No,,,,,,,,1.34,$/per lb,1.34,per lb,Southcentral,retail,,,,,,,,627.0,3324,Weekly Grocery Store Specialty Crops Feature Activity,2026-09-26T14:36:16+00:00
33d8d8d6888a8895,2016-03-04,Carrots,,1 lb bag,,,,,Yes,,,,,,,,1.5,$/1 lb bag,1.5,per lb,Southcentral,retail,,,,,,,,74.0,3324,Weekly Grocery Store Specialty Crops Feature Activity,2026-09-26T14:36:16+00:00
a7c0040688dedf80,2016-03-04,Carrots,,1 lb bag,,,,,No,,,,,,,,0.95,$/1 lb bag,0.95,per lb,Southcentral,retail,,,,,,,,45.0,3324,Weekly Grocery Store Specialty Crops Feature Activity,2026-09-26T14:36:16+00:00
c692f8dd94d8a7b2,2016-03-04,Carrots,,2 lb bag,,,,,No,,,,,,,,1.39,$/2 lb bag,0.695,per lb,Southcentral,retail,,,,,,,,28.0,3324,Weekly Grocery Store Specialty Crops Feature Activity,2026-09-26T14:36:16+00:00
02e2717fc580ee7a,2016-03-04,Carrots,BABY PEELED,1 lb bag,,,,,No,,,,,,,,1.26,$/1 lb bag,1.26,per lb,Southcentral,retail,,,,,,,,873.0,3324,Weekly Grocery Store Specialty Crops Feature Activity,2026-09-26T14:36:16+00:00
14e4b72046745a0b,2016-03-04,Carrots,BABY PEELED,1 lb bag,,,,,Yes,,,,,,,,1.5,$/1 lb bag,1.5,per lb,Southcentral,retail,,,,,,,,5.0,3324,Weekly Grocery Store Specialty Crops Feature Activity,2026-09-26T14:36:16+00:00
c8db3ad1a6ec62c2,2016-03-04,Carrots,BABY PEELED,2 lb bag,,,,,No,,,,,,,,2.36,$/2 lb bag,1.18,per lb,Southcentral,retail,,,,,,,,251.0,3324,Weekly Grocery Store Specialty Crops Feature Activity,2026-09-26T14:36:16+00:00
26b6ff3616eb8f45,2016-03-04,Celery,,each,,,,,No,,,,,,,,1.0,$/each,1.0,per each,Southcentral,retail,,,,,,,,61.0,3324,Weekly Grocery Store Specialty Crops Feature Activity,2026-09-26T14:36:16+00:00
bb65d77788a4ec17,2016-03-04,Celery,,each,,,,,Yes,,,,,,,,1.5,$/each,1.5,per each,Southcentral,retail,,,,,,,,5.0,3324,Weekly Grocery Store Specialty Crops Feature Activity,2026-09-26T14:36:16+00:00
6c347bf8a9b541c6,2016-03-04,Celery,HEARTS,each,,,,,Yes,,,,,,,,2.69,$/each,2.69,per each,Southcentral,retail,,,,,,,,8.0,3324,Weekly Grocery Store Specialty Crops Feature Activity,2026-09-26T14:36:16+00:00
0185443cadcd064e,2016-03-04,Cucumbers,,each,,,,,No,,,,,,,,0.62,$/each,0.62,per each,Southcentral,retail,,,,,,,,636.0,3324,Weekly Grocery Store Specialty Crops Feature Activity,2026-09-26T14:36:16+00:00
9b7e934d928a0353,2016-03-04,Cucumbers,LONG SEEDLESS,each,,,,,No,,,,,,,,1.32,$/each,1.32,per each,Southcentral,retail,,,environment=Greenhouse,,,,,156.0,3324,Weekly Grocery Store Specialty Crops Feature Activity,2026-09-26T14:36:16+00:00
77d41875557b65c3,2016-03-04,Grapes,BLACK SEEDLESS,per lb,,,,,No,,,,,,,,3.49,$/per lb,3.49,per lb,Southcentral,retail,,,,,,,,40.0,3324,Weekly Grocery Store Specialty Crops Feature Activity,2026-09-26T14:36:16+00:00
60cf760b0cbe4e97,2016-03-04,Grapes,RED SEEDLESS,per lb,,,,,No,,,,,,,,2.48,$/per lb,2.48,per lb,Southcentral,retail,,,,,,,,1254.0,3324,Weekly Grocery Store Specialty Crops Feature Activity,2026-09-26T14:36:16+00:00
fe5682f436b3683e,2016-03-04,Grapes,WHITE SEEDLESS TYPE,per lb,,,,,No,,,,,,,,2.46,$/per lb,2.46,per lb,Southcentral,retail,,,,,,,,1042.0,3324,Weekly Grocery Store Specialty Crops Feature Activity,2026-09-26T14:36:16+00:00
1ffcaee36aa1911e,2016-03-04,Lemons,,2 lb bag,,,,,Yes,,,,,,,,3.99,$/2 lb bag,1.995,per lb,Southcentral,retail,,,,,,,,54.0,3324,Weekly Grocery Store Specialty Crops Feature Activity,2026-09-26T14:36:16+00:00
2ea564343f7b156b,2016-03-04,Lemons,,2 lb bag,,,,,No,,,,,,,,3.29,$/2 lb bag,1.645,per lb,Southcentral,retail,,,,,,,,87.0,3324,Weekly Grocery Store Specialty Crops Feature Activity,2026-09-26T14:36:16+00:00
7959904bf9ae1f73,2016-03-04,Lemons,,each,,,,,Yes,,,,,,,,0.5,$/each,0.5,per each,Southcentral,retail,,,,,,,,74.0,3324,Weekly Grocery Store Specialty Crops Feature Activity,2026-09-26T14:36:16+00:00
90a78087e76d6e6e,2016-03-04,Lemons,,each,,,,,No,,,,,,,,0.33,$/each,0.33,per each,Southcentral,retail,,,,,,,,725.0,3324,Weekly Grocery Store Specialty Crops Feature Activity,2026-09-26T14:36:16+00:00
4486f9797dd368a5,2016-03-04,Lettuce,Green Leaf,each,,,,,Yes,,,,,,,,1.89,$/each,1.89,per each,Southcentral,retail,,,,,,,,16.0,3324,Weekly Grocery Store Specialty Crops Feature Activity,2026-09-26T14:36:16+00:00
74c44fb46342b117,2016-03-04,Lettuce,Green Leaf,each,,,,,No,,,,,,,,0.99,$/each,0.99,per each,Southcentral,retail,,,,,,,,291.0,3324,Weekly Grocery Store Specialty Crops Feature Activity,2026-09-26T14:36:16+00:00
c0a7d3f24e850547,2016-03-04,Lettuce,Green Leaf,per lb,,,,,No,,,,,,,,1.19,$/per lb,1.19,per lb,Southcentral,retail,,,,,,,,8.0,3324,Weekly Grocery Store Specialty Crops Feature Activity,2026-09-26T14:36:16+00:00
be73ecc30ea01cf5,2016-03-04,Lettuce,Iceberg,each,,,,,No,,,,,,,,0.99,$/each,0.99,per each,Southcentral,retail,,,,,,,,50.0,3324,Weekly Grocery Store Specialty Crops Feature Activity,2026-09-26T14:36:16+00:00
7d3ef8d7cb2c57b4,2016-03-04,Lettuce,Red Leaf,each,,,,,No,,,,,,,,1.07,$/each,1.07,per each,Southcentral,retail,,,,,,,,369.0,3324,Weekly Grocery Store Specialty Crops Feature Activity,2026-09-26T14:36:16+00:00
186baaa998472f00,2016-03-04,Lettuce,Romaine,each,,,,,No,,,,,,,,0.99,$/each,0.99,per each,Southcentral,retail,,,,,,,,245.0,3324,Weekly Grocery Store Specialty Crops Feature Activity,2026-09-26T14:36:16+00:00
4ad1fc1cdb6865a9,2016-03-04,Lettuce,Romaine,each,,,,,Yes,,,,,,,,1.89,$/each,1.89,per each,Southcentral,retail,,,,,,,,25.0,3324,Weekly Grocery Store Specialty Crops Feature Activity,2026-09-26T14:36:16+00:00
da8e39e17b9af76b,2016-03-04,Lettuce,Romaine,per lb,,,,,No,,,,,,,,1.19,$/per lb,1.19,per lb,Southcentral,retail,,,,,,,,8.0,3324,Weekly Grocery Store Specialty Crops Feature Activity,2026-09-26T14:36:16+00:00
3d4eb1ae021fcceb,2016-03-04,Lettuce,Romaine (Hearts),3 count,,,,,Yes,,,,,,,,2.76,$/3 count,,,Southcentral,retail,,,,,,,,321.0,3324,Weekly Grocery Store Specialty Crops Feature Activity,2026-09-26T14:36:16+00:00
8429470936c079c9,2016-03-04,Lettuce,Romaine (Hearts),3 count,,,,,No,,,,,,,,2.83,$/3 count,,,Southcentral,retail,,,,,,,,164.0,3324,Weekly Grocery Store Specialty Crops Feature Activity,2026-09-26T14:36:16+00:00
51e2a657a958dd9c,2016-03-04,Limes,,each,,,,,No,,,,,,,,0.18,$/each,0.18,per each,Southcentral,retail,,,,,,,,445.0,3324,Weekly Grocery Store Specialty Crops Feature Activity,2026-09-26T14:36:16+00:00
2afb2ef00a1a3515,2016-03-04,"Onions, Dry",WHITE,per lb,,,,,No,,,,,,,,0.58,$/per lb,0.58,per lb,Southcentral,retail,,,,,,,,111.0,3324,Weekly Grocery Store Specialty Crops Feature Activity,2026-09-26T14:36:16+00:00
5f64751fc0333a0a,2016-03-04,"Onions, Dry",YELLOW,2 lb bag,,,,,No,,,,,,,,1.25,$/2 lb bag,0.625,per lb,Southcentral,retail,,,,,,,,16.0,3324,Weekly Grocery Store Specialty Crops Feature Activity,2026-09-26T14:36:16+00:00
3fadf5aefc1e7b15,2016-03-04,"Onions, Dry",YELLOW,3 lb bag,,,,,Yes,,,,,,,,2.63,$/3 lb bag,0.8767,per lb,Southcentral,retail,,,,,,,,93.0,3324,Weekly Grocery Store Specialty Crops Feature Activity,2026-09-26T14:36:16+00:00
f6177886f9244cd6,2016-03-04,"Onions, Dry",YELLOW,3 lb bag,,,,,No,,,,,,,,1.87,$/3 lb bag,0.6233,per lb,Southcentral,retail,,,,,,,,357.0,3324,Weekly Grocery Store Specialty Crops Feature Activity,2026-09-26T14:36:16+00:00
d5c8f94365db3d4a,2016-03-04,"Onions, Dry",YELLOW,5 lb bag,,,,,No,,,,,,,,2.44,$/5 lb bag,0.488,per lb,Southcentral,retail,,,,,,,,187.0,3324,Weekly Grocery Store Specialty Crops Feature Activity,2026-09-26T14:36:16+00:00
53717851fc763f76,2016-03-04,"Onions, Dry",YELLOW,per lb,,,,,Yes,,,,,,,,0.98,$/per lb,0.98,per lb,Southcentral,retail,,,,,,,,5.0,3324,Weekly Grocery Store Specialty Crops Feature Activity,2026-09-26T14:36:16+00:00
f7e49bf8807a7573,2016-03-04,"Onions, Dry",YELLOW,per lb,,,,,No,,,,,,,,0.63,$/per lb,0.63,per lb,Southcentral,retail,,,,,,,,529.0,3324,Weekly Grocery Store Specialty Crops Feature Activity,2026-09-26T14:36:16+00:00
6be3a8532cd9e1b5,2016-03-04,"Onions, Dry",YELLOW MARKED SWEET,2 lb bag,,,,,No,,,,,,,,1.5,$/2 lb bag,0.75,per lb,Southcentral,retail,,,,,,,,3.0,3324,Weekly Grocery Store Specialty Crops Feature Activity,2026-09-26T14:36:16+00:00
eae95b61ae9182c2,2016-03-04,"Onions, Dry",YELLOW MARKED SWEET,per lb,,,,,No,,,,,,,,1.03,$/per lb,1.03,per lb,Southcentral,retail,,,,,,,,677.0,3324,Weekly Grocery Store Specialty Crops Feature Activity,2026-09-26T14:36:16+00:00
2b28c7ca9365f576,2016-03-04,"Peppers, Bell Type",GREEN,each,,,,,Yes,,,,,,,,1.0,$/each,1.0,per each,Southcentral,retail,,,,,,,,25.0,3324,Weekly Grocery Store Specialty Crops Feature Activity,2026-09-26T14:36:16+00:00
8c599aa2e8082700,2016-03-04,"Peppers, Bell Type",GREEN,each,,,,,No,,,,,,,,0.61,$/each,0.61,per each,Southcentral,retail,,,,,,,,264.0,3324,Weekly Grocery Store Specialty Crops Feature Activity,2026-09-26T14:36:16+00:00
e8f3b323158a90af,2016-03-04,"Peppers, Bell Type",ORANGE,each,,,,,No,,,,,,,,1.5,$/each,1.5,per each,Southcentral,retail,,,,,,,,112.0,3324,Weekly Grocery Store Specialty Crops Feature Activity,2026-09-26T14:36:16+00:00
a82c4f103615f99c,2016-03-04,"Peppers, Bell Type",ORANGE,per lb,,,,,Yes,,,,,,,,2.99,$/per lb,2.99,per lb,Southcentral,retail,,,,,,,,61.0,3324,Weekly Grocery Store Specialty Crops Feature Activity,2026-09-26T14:36:16+00:00
db715d22108d9d08,2016-03-04,"Peppers, Bell Type",RED,each,,,,,No,,,,,,,,1.33,$/each,1.33,per each,Southcentral,retail,,,,,,,,220.0,3324,Weekly Grocery Store Specialty Crops Feature Activity,2026-09-26T14:36:16+00:00
f991ae2c838a0fcc,2016-03-04,"Peppers, Bell Type",RED,per lb,,,,,Yes,,,,,,,,2.99,$/per lb,2.99,per lb,Southcentral,retail,,,,,,,,61.0,3324,Weekly Grocery Store Specialty Crops Feature Activity,2026-09-26T14:36:16+00:00
87ac4baef86adbef,2016-03-04,"Peppers, Bell Type",YELLOW,each,,,,,No,,,,,,,,1.5,$/each,1.5,per each,Southcentral,retail,,,,,,,,138.0,3324,Weekly Grocery Store Specialty Crops Feature Activity,2026-09-26T14:36:16+00:00
b0ed0e814fbcd2b3,2016-03-04,"Peppers, Bell Type",YELLOW,per lb,,,,,Yes,,,,,,,,2.99,$/per lb,2.99,per lb,Southcentral,retail,,,,,,,,61.0,3324,Weekly Grocery Store Specialty Crops Feature Activity,2026-09-26T14:36:16+00:00
594674a69f0ef6d2,2016-03-04,Potatoes,ROUND RED,3 lb bag,,,,,No,,,,,,,,2.16,$/3 lb bag,0.72,per lb,Southcentral,retail,,,,,,,,309.0,3324,Weekly Grocery Store Specialty Crops Feature Activity,2026-09-26T14:36:16+00:00
066c39d45b34207e,2016-03-04,Potatoes,ROUND RED,5 lb bag,,,,,No,,,,,,,,2.44,$/5 lb bag,0.488,per lb,Southcentral,retail,,,,,,,,378.0,3324,Weekly Grocery Store Specialty Crops Feature Activity,2026-09-26T14:36:16+00:00
f2f924a556ed7657,2016-03-04,Potatoes,ROUND RED,per lb,,,,,No,,,,,,,,0.85,$/per lb,0.85,per lb,Southcentral,retail,,,,,,,,112.0,3324,Weekly Grocery Store Specialty Crops Feature Activity,2026-09-26T14:36:16+00:00
5654257842975c00,2016-03-04,Potatoes,ROUND WHITE,per lb,,,,,No,,,,,,,,0.47,$/per lb,0.47,per lb,Southcentral,retail,,,,,,,,23.0,3324,Weekly Grocery Store Specialty Crops Feature Activity,2026-09-26T14:36:16+00:00
fc64d838276e573d,2016-03-04,Potatoes,RUSSET,10 lb bag,,,,,No,,,,,,,,2.32,$/10 lb bag,0.232,per lb,Southcentral,retail,,,,,,,,612.0,3324,Weekly Grocery Store Specialty Crops Feature Activity,2026-09-26T14:36:16+00:00
f1af7a61c38f8716,2016-03-04,Potatoes,RUSSET,3 lb bag,,,,,Yes,,,,,,,,1.99,$/3 lb bag,0.6633,per lb,Southcentral,retail,,,,,,,,376.0,3324,Weekly Grocery Store Specialty Crops Feature Activity,2026-09-26T14:36:16+00:00
863b9b72137325ab,2016-03-04,Potatoes,RUSSET,5 lb bag,,,,,No,,,,,,,,2.07,$/5 lb bag,0.414,per lb,Southcentral,retail,,,,,,,,426.0,3324,Weekly Grocery Store Specialty Crops Feature Activity,2026-09-26T14:36:16+00:00
5bc68ef3b5a56a11,2016-03-04,Potatoes,RUSSET,8 lb bag,,,,,No,,,,,,,,2.19,$/8 lb bag,0.2737,per lb,Southcentral,retail,,,,,,,,9.0,3324,Weekly Grocery Store Specialty Crops Feature Activity,2026-09-26T14:36:16+00:00
1ee6f8f91ffb1b67,2016-03-04,Potatoes,RUSSET,per lb,,,,,Yes,,,,,,,,0.98,$/per lb,0.98,per lb,Southcentral,retail,,,,,,,,5.0,3324,Weekly Grocery Store Specialty Crops Feature Activity,2026-09-26T14:36:16+00:00
b7558960bacab955,2016-03-04,Potatoes,RUSSET,per lb,,,,,No,,,,,,,,0.69,$/per lb,0.69,per lb,Southcentral,retail,,,,,,,,348.0,3324,Weekly Grocery Store Specialty Crops Feature Activity,2026-09-26T14:36:16+00:00
b5d0859bf84c0e3d,2016-03-04,Potatoes,YELLOW TYPE,5 lb bag,,,,,No,,,,,,,,1.99,$/5 lb bag,0.398,per lb,Southcentral,retail,,,,,,,,6.0,3324,Weekly Grocery Store Specialty Crops Feature Activity,2026-09-26T14:36:16+00:00
61426d9ab2702bdd,2016-03-04,Strawberries,,1 lb package,,,,,Yes,,,,,,,,3.5,$/1 lb package,3.5,per lb,Southcentral,retail,,,,,,,,30.0,3324,Weekly Grocery Store Specialty Crops Feature Activity,2026-09-26T14:36:16+00:00
953ceb189c2343e2,2016-03-04,Strawberries,,1 lb package,,,,,No,,,,,,,,2.34,$/1 lb package,2.34,per lb,Southcentral,retail,,,,,,,,2168.0,3324,Weekly Grocery Store Specialty Crops Feature Activity,2026-09-26T14:36:16+00:00
b1df60e0281876f1,2016-03-04,Strawberries,,2 lb package,,,,,No,,,,,,,,3.76,$/2 lb package,1.88,per lb,Southcentral,retail,,,,,,,,171.0,3324,Weekly Grocery Store Specialty Crops Feature Activity,2026-09-26T14:36:16+00:00
2f176a62b4980973,2016-03-04,Tomatoes,,per lb,,,,,Yes,,,,,,,,2.77,$/per lb,2.77,per lb,Southcentral,retail,,,,,,,,141.0,3324,Weekly Grocery Store Specialty Crops Feature Activity,2026-09-26T14:36:16+00:00
a87fefb872c5dda8,2016-03-04,Tomatoes,,per lb,,,,,No,,,,,,,,1.63,$/per lb,1.63,per lb,Southcentral,retail,,,,,,,,370.0,3324,Weekly Grocery Store Specialty Crops Feature Activity,2026-09-26T14:36:16+00:00
0c061a17ed24b2bf,2016-03-04,Tomatoes,GRAPE TYPE,1 pint package,,,,,No,,,,,,,,2.15,$/1 pint package,,,Southcentral,retail,,,,,,,,249.0,3324,Weekly Grocery Store Specialty Crops Feature Activity,2026-09-26T14:36:16+00:00
6ce7b7d744b5dc4e,2016-03-04,Tomatoes,GRAPE TYPE,10 oz package,,,,,No,,,,,,,,2.45,$/10 oz package,3.92,per lb,Southcentral,retail,,,,,,,,264.0,3324,Weekly Grocery Store Specialty Crops Feature Activity,2026-09-26T14:36:16+00:00
4c04fd6b2a6f0dbe,2016-03-04,Tomatoes,Plum Type (Roma),per lb,,,,,No,,,,,,,,0.94,$/per lb,0.94,per lb,Southcentral,retail,,,,,,,,1086.0,3324,Weekly Grocery Store Specialty Crops Feature Activity,2026-09-26T14:36:16+00:00
589234b726aee6e5,2016-03-04,Tomatoes,Plum Type (Roma),per lb,,,,,Yes,,,,,,,,1.63,$/per lb,1.63,per lb,Southcentral,retail,,,,,,,,45.0,3324,Weekly Grocery Store Specialty Crops Feature Activity,2026-09-26T14:36:16+00:00
a42a533e00ed30d3,2016-03-04,Tomatoes,VINE RIPES,per lb,,,,,No,,,,,,,,2.19,$/per lb,2.19,per lb,Southcentral,retail,,,,,,,,250.0,3324,Weekly Grocery Store Specialty Crops Feature Activity,2026-09-26T14:36:16+00:00
cedb33178cb3e879,2016-03-04,Tomatoes,VINE RIPES,per lb,,,,,No,,,,,,,,1.44,$/per lb,1.44,per lb,Southcentral,retail,,,environment=Greenhouse,,,,,143.0,3324,Weekly Grocery Store Specialty Crops Feature Activity,2026-09-26T14:36:16+00:00
6eafb922fe391687,2016-03-04,Tomatoes,VINE RIPES - ON THE VINE,per lb,,,,,No,,,,,,,,2.15,$/per lb,2.15,per lb,Southcentral,retail,,,environment=Greenhouse,,,,,280.0,3324,Weekly Grocery Store Specialty Crops Feature Activity,2026-09-26T14:36:16+00:00
f32ba2776d8ba818,2016-03-04,Tomatoes,VINE RIPES - ON THE VINE,per lb,,,,,Yes,,,,,,,,3.26,$/per lb,3.26,per lb,Southcentral,retail,,,environment=Greenhouse,,,,,70.0,3324,Weekly Grocery Store Specialty Crops Feature Activity,2026-09-26T14:36:16+00:00
3d86bcf8a477608e,2016-03-04,Avocados,HASS,each,,,,,No,,,,,,,,0.94,$/each,0.94,per each,Southeast,retail,,,,,,,,1154.0,3324,Weekly Grocery Store Specialty Crops Feature Activity,2026-09-26T14:36:16+00:00
b8457bc92be5386e,2016-03-04,Avocados,HASS,each,,,,,Yes,,,,,,,,1.52,$/each,1.52,per each,Southeast,retail,,,,,,,,385.0,3324,Weekly Grocery Store Specialty Crops Feature Activity,2026-09-26T14:36:16+00:00
fdea98246f422ca4,2016-03-04,Avocados,HASS,per lb,,,,,No,,,,,,,,0.79,$/per lb,0.79,per lb,Southeast,retail,,,,,,,,4.0,3324,Weekly Grocery Store Specialty Crops Feature Activity,2026-09-26T14:36:16+00:00
13113ed6842d6989,2016-03-04,Bananas,,per lb,,,,,No,,,,,,,,0.49,$/per lb,0.49,per lb,Southeast,retail,,,,,,,,232.0,3324,Weekly Grocery Store Specialty Crops Feature Activity,2026-09-26T14:36:16+00:00
bef318995ac98f72,2016-03-04,Bananas,,per lb,,,,,Yes,,,,,,,,0.73,$/per lb,0.73,per lb,Southeast,retail,,,,,,,,144.0,3324,Weekly Grocery Store Specialty Crops Feature Activity,2026-09-26T14:36:16+00:00
e1a2a149046a3cc5,2016-03-04,Blueberries,,1 pint package,,,,,No,,,,,,,,3.6,$/1 pint package,,,Southeast,retail,,,,,,,,1874.0,3324,Weekly Grocery Store Specialty Crops Feature Activity,2026-09-26T14:36:16+00:00
1d72cc318c7f19a7,2016-03-04,Blueberries,,4.4 oz package,,,,,Yes,,,,,,,,3.95,$/4.4 oz package,14.3636,per lb,Southeast,retail,,,,,,,,354.0,3324,Weekly Grocery Store Specialty Crops Feature Activity,2026-09-26T14:36:16+00:00
267ca000d8b2a3b0,2016-03-04,Blueberries,,6 oz package,,,,,Yes,,,,,,,,3.99,$/6 oz package,10.64,per lb,Southeast,retail,,,,,,,,120.0,3324,Weekly Grocery Store Specialty Crops Feature Activity,2026-09-26T14:36:16+00:00
2c4eeb26cf77cdbd,2016-03-04,Blueberries,,6 oz package,,,,,No,,,,,,,,2.81,$/6 oz package,7.4933,per lb,Southeast,retail,,,,,,,,139.0,3324,Weekly Grocery Store Specialty Crops Feature Activity,2026-09-26T14:36:16+00:00
3718df3415d5b03c,2016-03-04,Broccoli,,per bunch,,,,,No,,,,,,,,2.4,$/per bunch,,,Southeast,retail,,,,,,,,1331.0,3324,Weekly Grocery Store Specialty Crops Feature Activity,2026-09-26T14:36:16+00:00
46ff9de3039a6044,2016-03-04,Broccoli,,per bunch,,,,,Yes,,,,,,,,1.99,$/per bunch,,,Southeast,retail,,,,,,,,104.0,3324,Weekly Grocery Store Specialty Crops Feature Activity,2026-09-26T14:36:16+00:00
152c70a22233a8ef,2016-03-04,Broccoli,,per lb,,,,,Yes,,,,,,,,2.39,$/per lb,2.39,per lb,Southeast,retail,,,,,,,,67.0,3324,Weekly Grocery Store Specialty Crops Feature Activity,2026-09-26T14:36:16+00:00
1ec7f3d470ba95ad,2016-03-04,Broccoli,CROWN CUT,per lb,,,,,No,,,,,,,,1.51,$/per lb,1.51,per lb,Southeast,retail,,,,,,,,1491.0,3324,Weekly Grocery Store Specialty Crops Feature Activity,2026-09-26T14:36:16+00:00
9005fe4a4d6b43f0,2016-03-04,Carrots,,1 lb bag,,,,,Yes,,,,,,,,1.1,$/1 lb bag,1.1,per lb,Southeast,retail,,,,,,,,95.0,3324,Weekly Grocery Store Specialty Crops Feature Activity,2026-09-26T14:36:16+00:00
e10d5c6a26959bb0,2016-03-04,Carrots,,2 lb bag,,,,,No,,,,,,,,1.34,$/2 lb bag,0.67,per lb,Southeast,retail,,,,,,,,70.0,3324,Weekly Grocery Store Specialty Crops Feature Activity,2026-09-26T14:36:16+00:00
89edc0e1840107e8,2016-03-04,Carrots,BABY PEELED,1 lb bag,,,,,No,,,,,,,,1.46,$/1 lb bag,1.46,per lb,Southeast,retail,,,,,,,,685.0,3324,Weekly Grocery Store Specialty Crops Feature Activity,2026-09-26T14:36:16+00:00
a8d3babbb0bc8683,2016-03-04,Carrots,BABY PEELED,1 lb bag,,,,,Yes,,,,,,,,1.69,$/1 lb bag,1.69,per lb,Southeast,retail,,,,,,,,2685.0,3324,Weekly Grocery Store Specialty Crops Feature Activity,2026-09-26T14:36:16+00:00
ac7278fdf3b22230,2016-03-04,Carrots,BABY PEELED,2 lb bag,,,,,No,,,,,,,,2.14,$/2 lb bag,1.07,per lb,Southeast,retail,,,,,,,,149.0,3324,Weekly Grocery Store Specialty Crops Feature Activity,2026-09-26T14:36:16+00:00
0ae57398a55aeef6,2016-03-04,Celery,,each,,,,,No,,,,,,,,1.04,$/each,1.04,per each,Southeast,retail,,,,,,,,1212.0,3324,Weekly Grocery Store Specialty Crops Feature Activity,2026-09-26T14:36:16+00:00
cc80e1caad8526b4,2016-03-04,Celery,HEARTS,each,,,,,No,,,,,,,,1.52,$/each,1.52,per each,Southeast,retail,,,,,,,,1101.0,3324,Weekly Grocery Store Specialty Crops Feature Activity,2026-09-26T14:36:16+00:00
d95e464bb3e042e9,2016-03-04,Celery,HEARTS,each,,,,,Yes,,,,,,,,3.99,$/each,3.99,per each,Southeast,retail,,,,,,,,77.0,3324,Weekly Grocery Store Specialty Crops Feature Activity,2026-09-26T14:36:16+00:00
8db448887b68506d,2016-03-04,Cucumbers,,each,,,,,No,,,,,,,,0.53,$/each,0.53,per each,Southeast,retail,,,,,,,,1156.0,3324,Weekly Grocery Store Specialty Crops Feature Activity,2026-09-26T14:36:16+00:00
8d0f5d265c91fdae,2016-03-04,Cucumbers,LONG SEEDLESS,each,,,,,Yes,,,,,,,,2.2,$/each,2.2,per each,Southeast,retail,,,environment=Greenhouse,,,,,174.0,3324,Weekly Grocery Store Specialty Crops Feature Activity,2026-09-26T14:36:16+00:00
a6e704bcffd0a27f,2016-03-04,Cucumbers,LONG SEEDLESS,each,,,,,No,,,,,,,,1.07,$/each,1.07,per each,Southeast,retail,,,environment=Greenhouse,,,,,336.0,3324,Weekly Grocery Store Specialty Crops Feature Activity,2026-09-26T14:36:16+00:00
ca79c5140fda05f7,2016-03-04,Grapes,RED SEEDLESS,per lb,,,,,No,,,,,,,,2.4,$/per lb,2.4,per lb,Southeast,retail,,,,,,,,3620.0,3324,Weekly Grocery Store Specialty Crops Feature Activity,2026-09-26T14:36:16+00:00
e8b7581e3d293ebe,2016-03-04,Grapes,Red Globe Seeded Type,per lb,,,,,No,,,,,,,,1.91,$/per lb,1.91,per lb,Southeast,retail,,,,,,,,681.0,3324,Weekly Grocery Store Specialty Crops Feature Activity,2026-09-26T14:36:16+00:00
8c02ca183dc86904,2016-03-04,Grapes,WHITE SEEDLESS TYPE,per lb,,,,,No,,,,,,,,2.47,$/per lb,2.47,per lb,Southeast,retail,,,,,,,,1075.0,3324,Weekly Grocery Store Specialty Crops Feature Activity,2026-09-26T14:36:16+00:00
b454d351efc6cdcf,2016-03-04,Lemons,,2 lb bag,,,,,Yes,,,,,,,,3.43,$/2 lb bag,1.715,per lb,Southeast,retail,,,,,,,,204.0,3324,Weekly Grocery Store Specialty Crops Feature Activity,2026-09-26T14:36:16+00:00
ef3096d1c8d176cb,2016-03-04,Lemons,,2 lb bag,,,,,No,,,,,,,,3.49,$/2 lb bag,1.745,per lb,Southeast,retail,,,,,,,,792.0,3324,Weekly Grocery Store Specialty Crops Feature Activity,2026-09-26T14:36:16+00:00
97397d3bcebcedcd,2016-03-04,Lemons,,each,,,,,No,,,,,,,,0.73,$/each,0.73,per each,Southeast,retail,,,,,,,,434.0,3324,Weekly Grocery Store Specialty Crops Feature Activity,2026-09-26T14:36:16+00:00
2a46e6354c589a99,2016-03-04,Lemons,,per lb,,,,,No,,,,,,,,1.78,$/per lb,1.78,per lb,Southeast,retail,,,,,,,,5.0,3324,Weekly Grocery Store Specialty Crops Feature Activity,2026-09-26T14:36:16+00:00
65ebf33dab3858b8,2016-03-04,Lettuce,Green Leaf,each,,,,,No,,,,,,,,0.99,$/each,0.99,per each,Southeast,retail,,,,,,,,120.0,3324,Weekly Grocery Store Specialty Crops Feature Activity,2026-09-26T14:36:16+00:00
437398f78f1230b1,2016-03-04,Lettuce,Green Leaf,per lb,,,,,No,,,,,,,,0.99,$/per lb,0.99,per lb,Southeast,retail,,,,,,,,84.0,3324,Weekly Grocery Store Specialty Crops Feature Activity,2026-09-26T14:36:16+00:00
d42d207db77eee50,2016-03-04,Lettuce,Iceberg,each,,,,,No,,,,,,,,0.98,$/each,0.98,per each,Southeast,retail,,,,,,,,1080.0,3324,Weekly Grocery Store Specialty Crops Feature Activity,2026-09-26T14:36:16+00:00
3f4995ac9fecf70a,2016-03-04,Lettuce,Red Leaf,each,,,,,No,,,,,,,,0.99,$/each,0.99,per each,Southeast,retail,,,,,,,,120.0,3324,Weekly Grocery Store Specialty Crops Feature Activity,2026-09-26T14:36:16+00:00
2d2c587dfa6d9dbd,2016-03-04,Lettuce,Red Leaf,per lb,,,,,No,,,,,,,,0.99,$/per lb,0.99,per lb,Southeast,retail,,,,,,,,84.0,3324,Weekly Grocery Store Specialty Crops Feature Activity,2026-09-26T14:36:16+00:00
ca297842e9bcb5e8,2016-03-04,Lettuce,Romaine,each,,,,,No,,,,,,,,0.99,$/each,0.99,per each,Southeast,retail,,,,,,,,120.0,3324,Weekly Grocery Store Specialty Crops Feature Activity,2026-09-26T14:36:16+00:00
40e1779c58aaf2f9,2016-03-04,Lettuce,Romaine (Hearts),3 count,,,,,No,,,,,,,,2.48,$/3 count,,,Southeast,retail,,,,,,,,2183.0,3324,Weekly Grocery Store Specialty Crops Feature Activity,2026-09-26T14:36:16+00:00
82a0a013166c6583,2016-03-04,Lettuce,Romaine (Hearts),3 count,,,,,Yes,,,,,,,,3.13,$/3 count,,,Southeast,retail,,,,,,,,162.0,3324,Weekly Grocery Store Specialty Crops Feature Activity,2026-09-26T14:36:16+00:00
59089f1e6edb4823,2016-03-04,Limes,,each,,,,,No,,,,,,,,0.28,$/each,0.28,per each,Southeast,retail,,,,,,,,113.0,3324,Weekly Grocery Store Specialty Crops Feature Activity,2026-09-26T14:36:16+00:00
46bff19929e1859a,2016-03-04,"Onions, Dry",RED,per lb,,,,,No,,,,,,,,1.29,$/per lb,1.29,per lb,Southeast,retail,,,,,,,,21.0,3324,Weekly Grocery Store Specialty Crops Feature Activity,2026-09-26T14:36:16+00:00
2b7264c7ffac30a1,2016-03-04,"Onions, Dry",WHITE,2 lb bag,,,,,No,,,,,,,,1.0,$/2 lb bag,0.5,per lb,Southeast,retail,,,,,,,,214.0,3324,Weekly Grocery Store Specialty Crops Feature Activity,2026-09-26T14:36:16+00:00
bbdd0c6866b7fee3,2016-03-04,"Onions, Dry",YELLOW,2 lb bag,,,,,No,,,,,,,,1.44,$/2 lb bag,0.72,per lb,Southeast,retail,,,,,,,,75.0,3324,Weekly Grocery Store Specialty Crops Feature Activity,2026-09-26T14:36:16+00:00
0c4fd7cacbd0eb3d,2016-03-04,"Onions, Dry",YELLOW,3 lb bag,,,,,Yes,,,,,,,,3.99,$/3 lb bag,1.33,per lb,Southeast,retail,,,,,,,,1083.0,3324,Weekly Grocery Store Specialty Crops Feature Activity,2026-09-26T14:36:16+00:00
7e50a537505fb978,2016-03-04,"Onions, Dry",YELLOW,3 lb bag,,,,,No,,,,,,,,1.79,$/3 lb bag,0.5967,per lb,Southeast,retail,,,,,,,,1053.0,3324,Weekly Grocery Store Specialty Crops Feature Activity,2026-09-26T14:36:16+00:00
3d5c58c94817ace9,2016-03-04,"Onions, Dry",YELLOW,per lb,,,,,No,,,,,,,,1.23,$/per lb,1.23,per lb,Southeast,retail,,,,,,,,1256.0,3324,Weekly Grocery Store Specialty Crops Feature Activity,2026-09-26T14:36:16+00:00
c80275853ea6e60f,2016-03-04,"Onions, Dry",YELLOW MARKED SWEET,2 lb bag,,,,,No,,,,,,,,1.5,$/2 lb bag,0.75,per lb,Southeast,retail,,,,,,,,60.0,3324,Weekly Grocery Store Specialty Crops Feature Activity,2026-09-26T14:36:16+00:00
d7ec5d0881fa1d3f,2016-03-04,"Onions, Dry",YELLOW MARKED SWEET,3 lb bag,,,,,No,,,,,,,,2.88,$/3 lb bag,0.96,per lb,Southeast,retail,,,,,,,,88.0,3324,Weekly Grocery Store Specialty Crops Feature Activity,2026-09-26T14:36:16+00:00
84c45cd03003a071,2016-03-04,"Onions, Dry",YELLOW MARKED SWEET,per lb,,,,,No,,,,,,,,1.31,$/per lb,1.31,per lb,Southeast,retail,,,,,,,,1585.0,3324,Weekly Grocery Store Specialty Crops Feature Activity,2026-09-26T14:36:16+00:00
16a472ee44373dae,2016-03-04,"Peppers, Bell Type",GREEN,each,,,,,Yes,,,,,,,,2.5,$/each,2.5,per each,Southeast,retail,,,,,,,,87.0,3324,Weekly Grocery Store Specialty Crops Feature Activity,2026-09-26T14:36:16+00:00
f85a5496fbf20a53,2016-03-04,"Peppers, Bell Type",GREEN,each,,,,,No,,,,,,,,0.86,$/each,0.86,per each,Southeast,retail,,,,,,,,61.0,3324,Weekly Grocery Store Specialty Crops Feature Activity,2026-09-26T14:36:16+00:00
1695279cb2a0ae21,2016-03-04,"Peppers, Bell Type",ORANGE,each,,,,,No,,,,,,,,1.5,$/each,1.5,per each,Southeast,retail,,,,,,,,1939.0,3324,Weekly Grocery Store Specialty Crops Feature Activity,2026-09-26T14:36:16+00:00
cba3d4d29e0303b9,2016-03-04,"Peppers, Bell Type",ORANGE,each,,,,,No,,,,,,,,1.66,$/each,1.66,per each,Southeast,retail,,,environment=Greenhouse,,,,,35.0,3324,Weekly Grocery Store Specialty Crops Feature Activity,2026-09-26T14:36:16+00:00
f7514ad9a6ecbbbb,2016-03-04,"Peppers, Bell Type",ORANGE,each,,,,,Yes,,,,,,,,1.66,$/each,1.66,per each,Southeast,retail,,,,,,,,60.0,3324,Weekly Grocery Store Specialty Crops Feature Activity,2026-09-26T14:36:16+00:00
d0784b1941b236eb,2016-03-04,"Peppers, Bell Type",ORANGE,per lb,,,,,Yes,,,,,,,,2.99,$/per lb,2.99,per lb,Southeast,retail,,,,,,,,38.0,3324,Weekly Grocery Store Specialty Crops Feature Activity,2026-09-26T14:36:16+00:00
062909402d8831dc,2016-03-04,"Peppers, Bell Type",RED,each,,,,,Yes,,,,,,,,2.16,$/each,2.16,per each,Southeast,retail,,,,,,,,147.0,3324,Weekly Grocery Store Specialty Crops Feature Activity,2026-09-26T14:36:16+00:00
c3b778f235be543c,2016-03-04,"Peppers, Bell Type",RED,each,,,,,No,,,,,,,,1.5,$/each,1.5,per each,Southeast,retail,,,,,,,,1991.0,3324,Weekly Grocery Store Specialty Crops Feature Activity,2026-09-26T14:36:16+00:00
f9e407ce6614b637,2016-03-04,"Peppers, Bell Type",RED,each,,,,,No,,,,,,,,1.66,$/each,1.66,per each,Southeast,retail,,,environment=Greenhouse,,,,,35.0,3324,Weekly Grocery Store Specialty Crops Feature Activity,2026-09-26T14:36:16+00:00
156eb2f6ddcf6adc,2016-03-04,"Peppers, Bell Type",RED,per lb,,,,,No,,,,,,,,1.49,$/per lb,1.49,per lb,Southeast,retail,,,,,,,,2.0,3324,Weekly Grocery Store Specialty Crops Feature Activity,2026-09-26T14:36:16+00:00
92d6dd5ca610a95a,2016-03-04,"Peppers, Bell Type",RED,per lb,,,,,Yes,,,,,,,,2.99,$/per lb,2.99,per lb,Southeast,retail,,,,,,,,38.0,3324,Weekly Grocery Store Specialty Crops Feature Activity,2026-09-26T14:36:16+00:00
16a5612555db59c2,2016-03-04,"Peppers, Bell Type",YELLOW,each,,,,,No,,,,,,,,1.66,$/each,1.66,per each,Southeast,retail,,,environment=Greenhouse,,,,,35.0,3324,Weekly Grocery Store Specialty Crops Feature Activity,2026-09-26T14:36:16+00:00
2f39b1bd716f1ddf,2016-03-04,"Peppers, Bell Type",YELLOW,each,,,,,No,,,,,,,,1.5,$/each,1.5,per each,Southeast,retail,,,,,,,,1939.0,3324,Weekly Grocery Store Specialty Crops Feature Activity,2026-09-26T14:36:16+00:00
6ca37d19f0d40a91,2016-03-04,"Peppers, Bell Type",YELLOW,each,,,,,Yes,,,,,,,,2.16,$/each,2.16,per each,Southeast,retail,,,,,,,,147.0,3324,Weekly Grocery Store Specialty Crops Feature Activity,2026-09-26T14:36:16+00:00
d348bb62377f1cac,2016-03-04,"Peppers, Bell Type",YELLOW,per lb,,,,,Yes,,,,,,,,2.99,$/per lb,2.99,per lb,Southeast,retail,,,,,,,,38.0,3324,Weekly Grocery Store Specialty Crops Feature Activity,2026-09-26T14:36:16+00:00
0e0f4540a33eb5b1,2016-03-04,Potatoes,ROUND RED,10 lb bag,,,,,No,,,,,,,,2.99,$/10 lb bag,0.299,per lb,Southeast,retail,,,,,,,,10.0,3324,Weekly Grocery Store Specialty Crops Feature Activity,2026-09-26T14:36:16+00:00
2364f299f8d4d3b3,2016-03-04,Potatoes,ROUND RED,3 lb bag,,,,,No,,,,,,,,2.48,$/3 lb bag,0.8267,per lb,Southeast,retail,,,,,,,,124.0,3324,Weekly Grocery Store Specialty Crops Feature Activity,2026-09-26T14:36:16+00:00
c483f00b73c1e220,2016-03-04,Potatoes,ROUND RED,3 lb bag,,,,,Yes,,,,,,,,3.99,$/3 lb bag,1.33,per lb,Southeast,retail,,,,,,,,60.0,3324,Weekly Grocery Store Specialty Crops Feature Activity,2026-09-26T14:36:16+00:00
3362d071c4c54707,2016-03-04,Potatoes,ROUND RED,5 lb bag,,,,,No,,,,,,,,2.56,$/5 lb bag,0.512,per lb,Southeast,retail,,,,,,,,413.0,3324,Weekly Grocery Store Specialty Crops Feature Activity,2026-09-26T14:36:16+00:00
4401dd701a0c698f,2016-03-04,Potatoes,ROUND RED,per lb,,,,,No,,,,,,,,0.59,$/per lb,0.59,per lb,Southeast,retail,,,,,,,,33.0,3324,Weekly Grocery Store Specialty Crops Feature Activity,2026-09-26T14:36:16+00:00
1f9077ee2dc7e06c,2016-03-04,Potatoes,ROUND WHITE,10 lb bag,,,,,No,,,,,,,,2.64,$/10 lb bag,0.264,per lb,Southeast,retail,,,,,,,,34.0,3324,Weekly Grocery Store Specialty Crops Feature Activity,2026-09-26T14:36:16+00:00
5a96442214fb4ee9,2016-03-04,Potatoes,ROUND WHITE,5 lb bag,,,,,No,,,,,,,,2.98,$/5 lb bag,0.596,per lb,Southeast,retail,,,,,,,,259.0,3324,Weekly Grocery Store Specialty Crops Feature Activity,2026-09-26T14:36:16+00:00
b1f28e99622ade9d,2016-03-04,Potatoes,RUSSET,10 lb bag,,,,,No,,,,,,,,3.45,$/10 lb bag,0.345,per lb,Southeast,retail,,,,,,,,1704.0,3324,Weekly Grocery Store Specialty Crops Feature Activity,2026-09-26T14:36:16+00:00
6294e089831255f3,2016-03-04,Potatoes,RUSSET,3 lb bag,,,,,Yes,,,,,,,,2.48,$/3 lb bag,0.8267,per lb,Southeast,retail,,,,,,,,244.0,3324,Weekly Grocery Store Specialty Crops Feature Activity,2026-09-26T14:36:16+00:00
09d063f59ed22a49,2016-03-04,Potatoes,RUSSET,5 lb bag,,,,,No,,,,,,,,2.79,$/5 lb bag,0.558,per lb,Southeast,retail,,,,,,,,1676.0,3324,Weekly Grocery Store Specialty Crops Feature Activity,2026-09-26T14:36:16+00:00
11233c2c524bff0a,2016-03-04,Potatoes,RUSSET,5 lb bag,,,,,Yes,,,,,,,,2.98,$/5 lb bag,0.596,per lb,Southeast,retail,,,,,,,,195.0,3324,Weekly Grocery Store Specialty Crops Feature Activity,2026-09-26T14:36:16+00:00
98b5bbd070a4ef30,2016-03-04,Potatoes,RUSSET,8 lb bag,,,,,No,,,,,,,,3.0,$/8 lb bag,0.375,per lb,Southeast,retail,,,,,,,,84.0,3324,Weekly Grocery Store Specialty Crops Feature Activity,2026-09-26T14:36:16+00:00
b466080938da8941,2016-03-04,Potatoes,RUSSET,per lb,,,,,No,,,,,,,,0.87,$/per lb,0.87,per lb,Southeast,retail,,,,,,,,233.0,3324,Weekly Grocery Store Specialty Crops Feature Activity,2026-09-26T14:36:16+00:00
7d39e8c04d9d2c60,2016-03-04,Potatoes,YELLOW TYPE,3 lb bag,,,,,Yes,,,,,,,,3.99,$/3 lb bag,1.33,per lb,Southeast,retail,,,,,,,,60.0,3324,Weekly Grocery Store Specialty Crops Feature Activity,2026-09-26T14:36:16+00:00
96ff5fc5dc600317,2016-03-04,Potatoes,YELLOW TYPE,5 lb bag,,,,,No,,,,,,,,2.94,$/5 lb bag,0.588,per lb,Southeast,retail,,,,,,,,226.0,3324,Weekly Grocery Store Specialty Crops Feature Activity,2026-09-26T14:36:16+00:00
0ad27a10863c8aef,2016-03-04,Strawberries,,1 lb package,,,,,No,,,,,,,,2.13,$/1 lb package,2.13,per lb,Southeast,retail,,,,,,,,3528.0,3324,Weekly Grocery Store Specialty Crops Feature Activity,2026-09-26T14:36:16+00:00
9ea051b5d4a5e088,2016-03-04,Strawberries,,1 lb package,,,,,Yes,,,,,,,,4.03,$/1 lb package,4.03,per lb,Southeast,retail,,,,,,,,1048.0,3324,Weekly Grocery Store Specialty Crops Feature Activity,2026-09-26T14:36:16+00:00
a1ce5659a55c14d6,2016-03-04,Strawberries,,2 lb package,,,,,No,,,,,,,,4.99,$/2 lb package,2.495,per lb,Southeast,retail,,,,,,,,20.0,3324,Weekly Grocery Store Specialty Crops Feature Activity,2026-09-26T14:36:16+00:00
0b1387e58f30d09f,2016-03-04,Tomatoes,,per lb,,,,,No,,,,,,,,1.41,$/per lb,1.41,per lb,Southeast,retail,,,,,,,,134.0,3324,Weekly Grocery Store Specialty Crops Feature Activity,2026-09-26T14:36:16+00:00
cb2de4c31531ce0a,2016-03-04,Tomatoes,,per lb,,,,,Yes,,,,,,,,2.48,$/per lb,2.48,per lb,Southeast,retail,,,,,,,,195.0,3324,Weekly Grocery Store Specialty Crops Feature Activity,2026-09-26T14:36:16+00:00
c65b55ec2c816aa5,2016-03-04,Tomatoes,GRAPE TYPE,1 pint package,,,,,No,,,,,,,,1.77,$/1 pint package,,,Southeast,retail,,,,,,,,1258.0,3324,Weekly Grocery Store Specialty Crops Feature Activity,2026-09-26T14:36:16+00:00
e8380f86bfcd3213,2016-03-04,Tomatoes,GRAPE TYPE,1 pint package,,,,,Yes,,,,,,,,2.61,$/1 pint package,,,Southeast,retail,,,,,,,,368.0,3324,Weekly Grocery Store Specialty Crops Feature Activity,2026-09-26T14:36:16+00:00
8aa5cdf4e4c8ac06,2016-03-04,Tomatoes,GRAPE TYPE,10 oz package,,,,,Yes,,,,,,,,2.49,$/10 oz package,3.984,per lb,Southeast,retail,,,,,,,,120.0,3324,Weekly Grocery Store Specialty Crops Feature Activity,2026-09-26T14:36:16+00:00
cfdcf3cbc07d00f3,2016-03-04,Tomatoes,GRAPE TYPE,10 oz package,,,,,No,,,,,,,,2.5,$/10 oz package,4.0,per lb,Southeast,retail,,,,,,,,288.0,3324,Weekly Grocery Store Specialty Crops Feature Activity,2026-09-26T14:36:16+00:00
338e66428e25d164,2016-03-04,Tomatoes,Plum Type (Roma),per lb,,,,,No,,,,,,,,1.06,$/per lb,1.06,per lb,Southeast,retail,,,,,,,,884.0,3324,Weekly Grocery Store Specialty Crops Feature Activity,2026-09-26T14:36:16+00:00
2919071dae0c0f24,2016-03-04,Tomatoes,VINE RIPES,per lb,,,,,No,,,,,,,,1.62,$/per lb,1.62,per lb,Southeast,retail,,,environment=Greenhouse,,,,,195.0,3324,Weekly Grocery Store Specialty Crops Feature Activity,2026-09-26T14:36:16+00:00
a07fd627846f846a,2016-03-04,Tomatoes,VINE RIPES,per lb,,,,,No,,,,,,,,1.37,$/per lb,1.37,per lb,Southeast,retail,,,,,,,,37.0,3324,Weekly Grocery Store Specialty Crops Feature Activity,2026-09-26T14:36:16+00:00
79fed498b7d71379,2016-03-04,Tomatoes,VINE RIPES - ON THE VINE,per lb,,,,,Yes,,,,,,,,2.99,$/per lb,2.99,per lb,Southeast,retail,,,environment=Greenhouse,,,,,20.0,3324,Weekly Grocery Store Specialty Crops Feature Activity,2026-09-26T14:36:16+00:00
ccb52eebe9c0fcca,2016-03-04,Tomatoes,VINE RIPES - ON THE VINE,per lb,,,,,No,,,,,,,,1.63,$/per lb,1.63,per lb,Southeast,retail,,,environment=Greenhouse,,,,,417.0,3324,Weekly Grocery Store Specialty Crops Feature Activity,2026-09-26T14:36:16+00:00
260f531b9a8fc355,2016-03-04,Avocados,HASS,each,,,,,No,,,,,,,,1.05,$/each,1.05,per each,Southwest,retail,,,,,,,,1754.0,3324,Weekly Grocery Store Specialty Crops Feature Activity,2026-09-26T14:36:16+00:00
4bf8451a9fbe24f2,2016-03-04,Avocados,HASS,each,,,,,Yes,,,,,,,,1.94,$/each,1.94,per each,Southwest,retail,,,,,,,,554.0,3324,Weekly Grocery Store Specialty Crops Feature Activity,2026-09-26T14:36:16+00:00
29ab2b3ecf0afcfb,2016-03-04,Avocados,VARIOUS GREENSKIN VARIETIES,each,,,,,No,,,,,,,,0.14,$/each,0.14,per each,Southwest,retail,,,,,,,,48.0,3324,Weekly Grocery Store Specialty Crops Feature Activity,2026-09-26T14:36:16+00:00
68a04e03fff8c155,2016-03-04,Avocados,VARIOUS GREENSKIN VARIETIES,each,,,,,Yes,,,,,,,,0.99,$/each,0.99,per each,Southwest,retail,,,,,,,,7.0,3324,Weekly Grocery Store Specialty Crops Feature Activity,2026-09-26T14:36:16+00:00
1e4d650127f6b16d,2016-03-04,Bananas,,per lb,,,,,Yes,,,,,,,,0.79,$/per lb,0.79,per lb,Southwest,retail,,,,,,,,9.0,3324,Weekly Grocery Store Specialty Crops Feature Activity,2026-09-26T14:36:16+00:00
b15e375439d7364d,2016-03-04,Bananas,,per lb,,,,,No,,,,,,,,0.65,$/per lb,0.65,per lb,Southwest,retail,,,,,,,,55.0,3324,Weekly Grocery Store Specialty Crops Feature Activity,2026-09-26T14:36:16+00:00
7e2cdc8bec5a1ad1,2016-03-04,Blueberries,,1 pint package,,,,,No,,,,,,,,3.99,$/1 pint package,,,Southwest,retail,,,,,,,,8.0,3324,Weekly Grocery Store Specialty Crops Feature Activity,2026-09-26T14:36:16+00:00
24e107efa8dc672c,2016-03-04,Blueberries,,6 oz package,,,,,Yes,,,,,,,,3.11,$/6 oz package,8.2933,per lb,Southwest,retail,,,,,,,,132.0,3324,Weekly Grocery Store Specialty Crops Feature Activity,2026-09-26T14:36:16+00:00
2cfba14fe124542f,2016-03-04,Blueberries,,6 oz package,,,,,No,,,,,,,,2.29,$/6 oz package,6.1067,per lb,Southwest,retail,,,,,,,,410.0,3324,Weekly Grocery Store Specialty Crops Feature Activity,2026-09-26T14:36:16+00:00
f393d13f2d38ae03,2016-03-04,Broccoli,,per bunch,,,,,Yes,,,,,,,,2.23,$/per bunch,,,Southwest,retail,,,,,,,,266.0,3324,Weekly Grocery Store Specialty Crops Feature Activity,2026-09-26T14:36:16+00:00
395130a4cacaf6a6,2016-03-04,Broccoli,,per lb,,,,,Yes,,,,,,,,1.57,$/per lb,1.57,per lb,Southwest,retail,,,,,,,,607.0,3324,Weekly Grocery Store Specialty Crops Feature Activity,2026-09-26T14:36:16+00:00
9b5a958fa189f85b,2016-03-04,Broccoli,,per lb,,,,,No,,,,,,,,0.89,$/per lb,0.89,per lb,Southwest,retail,,,,,,,,255.0,3324,Weekly Grocery Store Specialty Crops Feature Activity,2026-09-26T14:36:16+00:00
c2e98190c052ea64,2016-03-04,Broccoli,CROWN CUT,per lb,,,,,No,,,,,,,,1.23,$/per lb,1.23,per lb,Southwest,retail,,,,,,,,92.0,3324,Weekly Grocery Store Specialty Crops Feature Activity,2026-09-26T14:36:16+00:00
2ac27a1a91f753e3,2016-03-04,Carrots,,1 lb bag,,,,,No,,,,,,,,0.85,$/1 lb bag,0.85,per lb,Southwest,retail,,,,,,,,212.0,3324,Weekly Grocery Store Specialty Crops Feature Activity,2026-09-26T14:36:16+00:00
4a38fc397f2ab072,2016-03-04,Carrots,,1 lb bag,,,,,Yes,,,,,,,,0.79,$/1 lb bag,0.79,per lb,Southwest,retail,,,,,,,,107.0,3324,Weekly Grocery Store Specialty Crops Feature Activity,2026-09-26T14:36:16+00:00
7520e36b63937831,2016-03-04,Carrots,,2 lb bag,,,,,No,,,,,,,,0.81,$/2 lb bag,0.405,per lb,Southwest,retail,,,,,,,,55.0,3324,Weekly Grocery Store Specialty Crops Feature Activity,2026-09-26T14:36:16+00:00
300c7713aaf6ca1e,2016-03-04,Carrots,,per lb,,,,,No,,,,,,,,0.33,$/per lb,0.33,per lb,Southwest,retail,,,,,,,,121.0,3324,Weekly Grocery Store Specialty Crops Feature Activity,2026-09-26T14:36:16+00:00
242cfe55b3a22ae8,2016-03-04,Carrots,BABY PEELED,1 lb bag,,,,,Yes,,,,,,,,2.1,$/1 lb bag,2.1,per lb,Southwest,retail,,,,,,,,409.0,3324,Weekly Grocery Store Specialty Crops Feature Activity,2026-09-26T14:36:16+00:00
5d6c78b06630ea6e,2016-03-04,Carrots,BABY PEELED,1 lb bag,,,,,No,,,,,,,,1.43,$/1 lb bag,1.43,per lb,Southwest,retail,,,,,,,,399.0,3324,Weekly Grocery Store Specialty Crops Feature Activity,2026-09-26T14:36:16+00:00
e26e05bbafc17585,2016-03-04,Carrots,BABY PEELED,2 lb bag,,,,,No,,,,,,,,1.99,$/2 lb bag,0.995,per lb,Southwest,retail,,,,,,,,422.0,3324,Weekly Grocery Store Specialty Crops Feature Activity,2026-09-26T14:36:16+00:00
4516418f4a6261ac,2016-03-04,Celery,,each,,,,,No,,,,,,,,1.23,$/each,1.23,per each,Southwest,retail,,,,,,,,17.0,3324,Weekly Grocery Store Specialty Crops Feature Activity,2026-09-26T14:36:16+00:00
643f2adc8424418a,2016-03-04,Cucumbers,,each,,,,,No,,,,,,,,0.81,$/each,0.81,per each,Southwest,retail,,,,,,,,838.0,3324,Weekly Grocery Store Specialty Crops Feature Activity,2026-09-26T14:36:16+00:00
f0c17327cebcf9e6,2016-03-04,Cucumbers,,per lb,,,,,No,,,,,,,,0.59,$/per lb,0.59,per lb,Southwest,retail,,,,,,,,9.0,3324,Weekly Grocery Store Specialty Crops Feature Activity,2026-09-26T14:36:16+00:00
b478ff039937e2c5,2016-03-04,Grapes,BLACK SEEDLESS,per lb,,,,,No,,,,,,,,2.63,$/per lb,2.63,per lb,Southwest,retail,,,,,,,,502.0,3324,Weekly Grocery Store Specialty Crops Feature Activity,2026-09-26T14:36:16+00:00
4b45f564d29aef16,2016-03-04,Grapes,RED SEEDLESS,per lb,,,,,No,,,,,,,,1.95,$/per lb,1.95,per lb,Southwest,retail,,,,,,,,1537.0,3324,Weekly Grocery Store Specialty Crops Feature Activity,2026-09-26T14:36:16+00:00
7c2ca65d98b08752,2016-03-04,Grapes,Red Globe Seeded Type,per lb,,,,,No,,,,,,,,1.56,$/per lb,1.56,per lb,Southwest,retail,,,,,,,,30.0,3324,Weekly Grocery Store Specialty Crops Feature Activity,2026-09-26T14:36:16+00:00
e481a512f4bb45d8,2016-03-04,Grapes,WHITE SEEDLESS TYPE,per lb,,,,,No,,,,,,,,2.39,$/per lb,2.39,per lb,Southwest,retail,,,,,,,,867.0,3324,Weekly Grocery Store Specialty Crops Feature Activity,2026-09-26T14:36:16+00:00
70e1dcb6f75ad6cf,2016-03-04,Lemons,,2 lb bag,,,,,Yes,,,,,,,,2.99,$/2 lb bag,1.495,per lb,Southwest,retail,,,,,,,,7.0,3324,Weekly Grocery Store Specialty Crops Feature Activity,2026-09-26T14:36:16+00:00
d2abcc687460de58,2016-03-04,Lemons,,each,,,,,No,,,,,,,,0.2,$/each,0.2,per each,Southwest,retail,,,,,,,,6.0,3324,Weekly Grocery Store Specialty Crops Feature Activity,2026-09-26T14:36:16+00:00
f24b12f8556861c0,2016-03-04,Lemons,,each,,,,,Yes,,,,,,,,0.54,$/each,0.54,per each,Southwest,retail,,,,,,,,484.0,3324,Weekly Grocery Store Specialty Crops Feature Activity,2026-09-26T14:36:16+00:00
3943f06a7512a7db,2016-03-04,Lettuce,Boston,each,,,,,No,,,,,,,,1.69,$/each,1.69,per each,Southwest,retail,,,,,,,,8.0,3324,Weekly Grocery Store Specialty Crops Feature Activity,2026-09-26T14:36:16+00:00
b27e1586d00e4287,2016-03-04,Lettuce,Green Leaf,each,,,,,No,,,,,,,,1.0,$/each,1.0,per each,Southwest,retail,,,,,,,,245.0,3324,Weekly Grocery Store Specialty Crops Feature Activity,2026-09-26T14:36:16+00:00
c798ce81961d28e3,2016-03-04,Lettuce,Green Leaf,each,,,,,Yes,,,,,,,,1.32,$/each,1.32,per each,Southwest,retail,,,,,,,,113.0,3324,Weekly Grocery Store Specialty Crops Feature Activity,2026-09-26T14:36:16+00:00
2a7a9934342be3b4,2016-03-04,Lettuce,Iceberg,each,,,,,No,,,,,,,,0.95,$/each,0.95,per each,Southwest,retail,,,,,,,,296.0,3324,Weekly Grocery Store Specialty Crops Feature Activity,2026-09-26T14:36:16+00:00
c4ca1986e69ebf9e,2016-03-04,Lettuce,Iceberg,each,,,,,Yes,,,,,,,,0.99,$/each,0.99,per each,Southwest,retail,,,,,,,,6.0,3324,Weekly Grocery Store Specialty Crops Feature Activity,2026-09-26T14:36:16+00:00
aa662dc4e310bb2d,2016-03-04,Lettuce,Red Leaf,each,,,,,No,,,,,,,,1.0,$/each,1.0,per each,Southwest,retail,,,,,,,,245.0,3324,Weekly Grocery Store Specialty Crops Feature Activity,2026-09-26T14:36:16+00:00
bbe24adb9c63ccff,2016-03-04,Lettuce,Red Leaf,each,,,,,Yes,,,,,,,,1.32,$/each,1.32,per each,Southwest,retail,,,,,,,,113.0,3324,Weekly Grocery Store Specialty Crops Feature Activity,2026-09-26T14:36:16+00:00
ce6bddf2d5b69642,2016-03-04,Lettuce,Romaine,each,,,,,No,,,,,,,,1.08,$/each,1.08,per each,Southwest,retail,,,,,,,,258.0,3324,Weekly Grocery Store Specialty Crops Feature Activity,2026-09-26T14:36:16+00:00
e1f1cd3c781d612a,2016-03-04,Lettuce,Romaine,each,,,,,Yes,,,,,,,,1.61,$/each,1.61,per each,Southwest,retail,,,,,,,,24.0,3324,Weekly Grocery Store Specialty Crops Feature Activity,2026-09-26T14:36:16+00:00
cf74d814a5c15a14,2016-03-04,Lettuce,Romaine (Hearts),3 count,,,,,Yes,,,,,,,,2.99,$/3 count,,,Southwest,retail,,,,,,,,663.0,3324,Weekly Grocery Store Specialty Crops Feature Activity,2026-09-26T14:36:16+00:00
d1026910d49f9972,2016-03-04,Lettuce,Romaine (Hearts),3 count,,,,,No,,,,,,,,1.55,$/3 count,,,Southwest,retail,,,,,,,,51.0,3324,Weekly Grocery Store Specialty Crops Feature Activity,2026-09-26T14:36:16+00:00
7b8b54f3f29c503e,2016-03-04,Limes,,each,,,,,No,,,,,,,,0.3,$/each,0.3,per each,Southwest,retail,,,,,,,,422.0,3324,Weekly Grocery Store Specialty Crops Feature Activity,2026-09-26T14:36:16+00:00
027d62174c13a651,2016-03-04,"Onions, Dry",RED,per lb,,,,,No,,,,,,,,0.64,$/per lb,0.64,per lb,Southwest,retail,,,,,,,,51.0,3324,Weekly Grocery Store Specialty Crops Feature Activity,2026-09-26T14:36:16+00:00
1e99a11be6a870aa,2016-03-04,"Onions, Dry",WHITE,per lb,,,,,No,,,,,,,,0.65,$/per lb,0.65,per lb,Southwest,retail,,,,,,,,196.0,3324,Weekly Grocery Store Specialty Crops Feature Activity,2026-09-26T14:36:16+00:00
369df49e282a2186,2016-03-04,"Onions, Dry",YELLOW,2 lb bag,,,,,No,,,,,,,,1.5,$/2 lb bag,0.75,per lb,Southwest,retail,,,,,,,,39.0,3324,Weekly Grocery Store Specialty Crops Feature Activity,2026-09-26T14:36:16+00:00
1e359e46d2a42029,2016-03-04,"Onions, Dry",YELLOW,3 lb bag,,,,,Yes,,,,,,,,2.97,$/3 lb bag,0.99,per lb,Southwest,retail,,,,,,,,208.0,3324,Weekly Grocery Store Specialty Crops Feature Activity,2026-09-26T14:36:16+00:00
8d3180ecedf3bcc2,2016-03-04,"Onions, Dry",YELLOW,3 lb bag,,,,,No,,,,,,,,1.29,$/3 lb bag,0.43,per lb,Southwest,retail,,,,,,,,17.0,3324,Weekly Grocery Store Specialty Crops Feature Activity,2026-09-26T14:36:16+00:00
fed9c042d3df8684,2016-03-04,"Onions, Dry",YELLOW,per lb,,,,,No,,,,,,,,0.79,$/per lb,0.79,per lb,Southwest,retail,,,,,,,,323.0,3324,Weekly Grocery Store Specialty Crops Feature Activity,2026-09-26T14:36:16+00:00
3d6dbb3f53ed9d2f,2016-03-04,"Onions, Dry",YELLOW MARKED SWEET,2 lb bag,,,,,No,,,,,,,,1.5,$/2 lb bag,0.75,per lb,Southwest,retail,,,,,,,,39.0,3324,Weekly Grocery Store Specialty Crops Feature Activity,2026-09-26T14:36:16+00:00
93ee4c9eb2e9a8aa,2016-03-04,"Onions, Dry",YELLOW MARKED SWEET,per lb,,,,,No,,,,,,,,1.0,$/per lb,1.0,per lb,Southwest,retail,,,,,,,,261.0,3324,Weekly Grocery Store Specialty Crops Feature Activity,2026-09-26T14:36:16+00:00
be079c337864a84b,2016-03-04,"Peppers, Bell Type",GREEN,each,,,,,No,,,,,,,,0.98,$/each,0.98,per each,Southwest,retail,,,,,,,,187.0,3324,Weekly Grocery Store Specialty Crops Feature Activity,2026-09-26T14:36:16+00:00
db00c224ea539fa6,2016-03-04,"Peppers, Bell Type",GREEN,each,,,,,Yes,,,,,,,,1.0,$/each,1.0,per each,Southwest,retail,,,,,,,,96.0,3324,Weekly Grocery Store Specialty Crops Feature Activity,2026-09-26T14:36:16+00:00
45fda5c3cc0cd2af,2016-03-04,"Peppers, Bell Type",GREEN,per lb,,,,,Yes,,,,,,,,2.99,$/per lb,2.99,per lb,Southwest,retail,,,,,,,,40.0,3324,Weekly Grocery Store Specialty Crops Feature Activity,2026-09-26T14:36:16+00:00
ddb156947a6d0edf,2016-03-04,"Peppers, Bell Type",GREEN,per lb,,,,,No,,,,,,,,0.5,$/per lb,0.5,per lb,Southwest,retail,,,,,,,,7.0,3324,Weekly Grocery Store Specialty Crops Feature Activity,2026-09-26T14:36:16+00:00
59c0dc6054f9f570,2016-03-04,"Peppers, Bell Type",ORANGE,each,,,,,No,,,,,,,,1.0,$/each,1.0,per each,Southwest,retail,,,,,,,,440.0,3324,Weekly Grocery Store Specialty Crops Feature Activity,2026-09-26T14:36:16+00:00
d3f0cf1e18d66279,2016-03-04,"Peppers, Bell Type",ORANGE,per lb,,,,,Yes,,,,,,,,2.99,$/per lb,2.99,per lb,Southwest,retail,,,,,,,,46.0,3324,Weekly Grocery Store Specialty Crops Feature Activity,2026-09-26T14:36:16+00:00
6bf3f6f7c8934462,2016-03-04,"Peppers, Bell Type",RED,each,,,,,No,,,,,,,,1.02,$/each,1.02,per each,Southwest,retail,,,,,,,,501.0,3324,Weekly Grocery Store Specialty Crops Feature Activity,2026-09-26T14:36:16+00:00
bdf4577eec060bb9,2016-03-04,"Peppers, Bell Type",RED,each,,,,,Yes,,,,,,,,1.5,$/each,1.5,per each,Southwest,retail,,,,,,,,422.0,3324,Weekly Grocery Store Specialty Crops Feature Activity,2026-09-26T14:36:16+00:00
a29c34d83cecb217,2016-03-04,"Peppers, Bell Type",RED,per lb,,,,,No,,,,,,,,0.69,$/per lb,0.69,per lb,Southwest,retail,,,,,,,,7.0,3324,Weekly Grocery Store Specialty Crops Feature Activity,2026-09-26T14:36:16+00:00
f8463045daf30505,2016-03-04,"Peppers, Bell Type",RED,per lb,,,,,Yes,,,,,,,,2.99,$/per lb,2.99,per lb,Southwest,retail,,,,,,,,46.0,3324,Weekly Grocery Store Specialty Crops Feature Activity,2026-09-26T14:36:16+00:00
6462285aecec5e5a,2016-03-04,"Peppers, Bell Type",YELLOW,each,,,,,No,,,,,,,,1.02,$/each,1.02,per each,Southwest,retail,,,,,,,,496.0,3324,Weekly Grocery Store Specialty Crops Feature Activity,2026-09-26T14:36:16+00:00
78191000e9d1e44a,2016-03-04,"Peppers, Bell Type",YELLOW,per lb,,,,,Yes,,,,,,,,2.99,$/per lb,2.99,per lb,Southwest,retail,,,,,,,,46.0,3324,Weekly Grocery Store Specialty Crops Feature Activity,2026-09-26T14:36:16+00:00
e7d11b4c41fb15fc,2016-03-04,Potatoes,ROUND RED,5 lb bag,,,,,No,,,,,,,,1.99,$/5 lb bag,0.398,per lb,Southwest,retail,,,,,,,,48.0,3324,Weekly Grocery Store Specialty Crops Feature Activity,2026-09-26T14:36:16+00:00
5a63757bcf838a6b,2016-03-04,Potatoes,ROUND RED,per lb,,,,,No,,,,,,,,0.63,$/per lb,0.63,per lb,Southwest,retail,,,,,,,,210.0,3324,Weekly Grocery Store Specialty Crops Feature Activity,2026-09-26T14:36:16+00:00
50f8dc37bc49c213,2016-03-04,Potatoes,ROUND WHITE,per lb,,,,,No,,,,,,,,0.79,$/per lb,0.79,per lb,Southwest,retail,,,,,,,,21.0,3324,Weekly Grocery Store Specialty Crops Feature Activity,2026-09-26T14:36:16+00:00
ace5b92ec0ef13be,2016-03-04,Potatoes,RUSSET,10 lb bag,,,,,No,,,,,,,,1.78,$/10 lb bag,0.178,per lb,Southwest,retail,,,,,,,,63.0,3324,Weekly Grocery Store Specialty Crops Feature Activity,2026-09-26T14:36:16+00:00
70239731a605f5ab,2016-03-04,Potatoes,RUSSET,3 lb bag,,,,,Yes,,,,,,,,1.99,$/3 lb bag,0.6633,per lb,Southwest,retail,,,,,,,,96.0,3324,Weekly Grocery Store Specialty Crops Feature Activity,2026-09-26T14:36:16+00:00
00eec432454c8777,2016-03-04,Potatoes,RUSSET,5 lb bag,,,,,No,,,,,,,,1.94,$/5 lb bag,0.388,per lb,Southwest,retail,,,,,,,,144.0,3324,Weekly Grocery Store Specialty Crops Feature Activity,2026-09-26T14:36:16+00:00
4885c6b2b877febb,2016-03-04,Potatoes,RUSSET,8 lb bag,,,,,No,,,,,,,,0.99,$/8 lb bag,0.1237,per lb,Southwest,retail,,,,,,,,9.0,3324,Weekly Grocery Store Specialty Crops Feature Activity,2026-09-26T14:36:16+00:00
5a79058872c4da4f,2016-03-04,Potatoes,RUSSET,per lb,,,,,No,,,,,,,,0.82,$/per lb,0.82,per lb,Southwest,retail,,,,,,,,453.0,3324,Weekly Grocery Store Specialty Crops Feature Activity,2026-09-26T14:36:16+00:00
498b10aed7cd8f28,2016-03-04,Potatoes,YELLOW TYPE,per lb,,,,,No,,,,,,,,0.61,$/per lb,0.61,per lb,Southwest,retail,,,,,,,,171.0,3324,Weekly Grocery Store Specialty Crops Feature Activity,2026-09-26T14:36:16+00:00
a97d36f54bf2c524,2016-03-04,Strawberries,,1 lb package,,,,,Yes,,,,,,,,4.75,$/1 lb package,4.75,per lb,Southwest,retail,,,,,,,,265.0,3324,Weekly Grocery Store Specialty Crops Feature Activity,2026-09-26T14:36:16+00:00
c73db59d26864a47,2016-03-04,Strawberries,,1 lb package,,,,,No,,,,,,,,2.65,$/1 lb package,2.65,per lb,Southwest,retail,,,,,,,,757.0,3324,Weekly Grocery Store Specialty Crops Feature Activity,2026-09-26T14:36:16+00:00
a74b7f44157e7cc3,2016-03-04,Strawberries,,2 lb package,,,,,No,,,,,,,,6.99,$/2 lb package,3.495,per lb,Southwest,retail,,,,,,,,137.0,3324,Weekly Grocery Store Specialty Crops Feature Activity,2026-09-26T14:36:16+00:00
047b425aa700cf2a,2016-03-04,Tomatoes,,per lb,,,,,No,,,,,,,,0.86,$/per lb,0.86,per lb,Southwest,retail,,,,,,,,407.0,3324,Weekly Grocery Store Specialty Crops Feature Activity,2026-09-26T14:36:16+00:00
9ff37d542cf782e1,2016-03-04,Tomatoes,,per lb,,,,,Yes,,,,,,,,1.99,$/per lb,1.99,per lb,Southwest,retail,,,,,,,,5.0,3324,Weekly Grocery Store Specialty Crops Feature Activity,2026-09-26T14:36:16+00:00
589ec0dc9112eb96,2016-03-04,Tomatoes,GRAPE TYPE,1 pint package,,,,,Yes,,,,,,,,2.99,$/1 pint package,,,Southwest,retail,,,,,,,,255.0,3324,Weekly Grocery Store Specialty Crops Feature Activity,2026-09-26T14:36:16+00:00
d3864d943c2c7be6,2016-03-04,Tomatoes,GRAPE TYPE,10 oz package,,,,,No,,,,,,,,2.36,$/10 oz package,3.776,per lb,Southwest,retail,,,,,,,,361.0,3324,Weekly Grocery Store Specialty Crops Feature Activity,2026-09-26T14:36:16+00:00
8d37b59714446f67,2016-03-04,Tomatoes,Plum Type (Roma),per lb,,,,,No,,,,,,,,1.11,$/per lb,1.11,per lb,Southwest,retail,,,,,,,,1057.0,3324,Weekly Grocery Store Specialty Crops Feature Activity,2026-09-26T14:36:16+00:00
ba6256037519b996,2016-03-04,Tomatoes,Plum Type (Roma),per lb,,,,,Yes,,,,,,,,0.99,$/per lb,0.99,per lb,Southwest,retail,,,,,,,,5.0,3324,Weekly Grocery Store Specialty Crops Feature Activity,2026-09-26T14:36:16+00:00
20ab8f0cb5762de5,2016-03-04,Tomatoes,VINE RIPES,per lb,,,,,No,,,,,,,,1.33,$/per lb,1.33,per lb,Southwest,retail,,,,,,,,54.0,3324,Weekly Grocery Store Specialty Crops Feature Activity,2026-09-26T14:36:16+00:00
62dac8c5be9ad4ee,2016-03-04,Tomatoes,VINE RIPES,per lb,,,,,Yes,,,,,,,,2.99,$/per lb,2.99,per lb,Southwest,retail,,,environment=Greenhouse,,,,,12.0,3324,Weekly Grocery Store Specialty Crops Feature Activity,2026-09-26T14:36:16+00:00
053cc60382b6b596,2016-03-04,Tomatoes,VINE RIPES - ON THE VINE,per lb,,,,,No,,,,,,,,1.92,$/per lb,1.92,per lb,Southwest,retail,,,environment=Greenhouse,,,,,702.0,3324,Weekly Grocery Store Specialty Crops Feature Activity,2026-09-26T14:36:16+00:00
32ee45f0c04241a0,2016-03-04,Tomatoes,VINE RIPES - ON THE VINE,per lb,,,,,Yes,,,,,,,,2.99,$/per lb,2.99,per lb,Southwest,retail,,,environment=Greenhouse,,,,,141.0,3324,Weekly Grocery Store Specialty Crops Feature Activity,2026-09-26T14:36:16+00:00
1d05beabc771e1e4,2016-03-04,Tomatoes,Vine Ripes - Heirloom Varieties,per lb,,,,,Yes,,,,,,,,3.99,$/per lb,3.99,per lb,Southwest,retail,,,,,,,,9.0,3324,Weekly Grocery Store Specialty Crops Feature Activity,2026-09-26T14:36:16+00:00
290ee2a9740d8710,2016-03-11,Avocados,HASS,each,,,,,No,,,,,,,,1.45,$/each,1.45,per each,Alaska,retail,,,,,,,,14.0,3324,Weekly Grocery Store Specialty Crops Feature Activity,2026-09-26T14:36:16+00:00
38e6f8054813c3d4,2016-03-11,Blueberries,,18 oz package,,,,,No,,,,,,,,7.14,$/18 oz package,6.3467,per lb,Alaska,retail,,,,,,,,39.0,3324,Weekly Grocery Store Specialty Crops Feature Activity,2026-09-26T14:36:16+00:00
ad90eea0ab61558b,2016-03-11,Broccoli,,per lb,,,,,No,,,,,,,,1.28,$/per lb,1.28,per lb,Alaska,retail,,,,,,,,3.0,3324,Weekly Grocery Store Specialty Crops Feature Activity,2026-09-26T14:36:16+00:00
4f9c094729bc3c18,2016-03-11,Broccoli,CROWN CUT,per lb,,,,,No,,,,,,,,1.99,$/per lb,1.99,per lb,Alaska,retail,,,,,,,,27.0,3324,Weekly Grocery Store Specialty Crops Feature Activity,2026-09-26T14:36:16+00:00
b6a04fc50ff548aa,2016-03-11,Carrots,BABY PEELED,1 lb bag,,,,,No,,,,,,,,1.92,$/1 lb bag,1.92,per lb,Alaska,retail,,,,,,,,38.0,3324,Weekly Grocery Store Specialty Crops Feature Activity,2026-09-26T14:36:16+00:00
09cc1dc5596abad1,2016-03-11,Carrots,BABY PEELED,2 lb bag,,,,,No,,,,,,,,2.99,$/2 lb bag,1.495,per lb,Alaska,retail,,,,,,,,9.0,3324,Weekly Grocery Store Specialty Crops Feature Activity,2026-09-26T14:36:16+00:00
bcdb2188d4a27948,2016-03-11,Celery,,each,,,,,No,,,,,,,,3.99,$/each,3.99,per each,Alaska,retail,,,,,,,,28.0,3324,Weekly Grocery Store Specialty Crops Feature Activity,2026-09-26T14:36:16+00:00
61e95e51d4b326c6,2016-03-11,Cucumbers,LONG SEEDLESS,each,,,,,No,,,,,,,,1.54,$/each,1.54,per each,Alaska,retail,,,environment=Greenhouse,,,,,15.0,3324,Weekly Grocery Store Specialty Crops Feature Activity,2026-09-26T14:36:16+00:00
83c568c5bf1ec9da,2016-03-11,Grapes,RED SEEDLESS,per lb,,,,,No,,,,,,,,2.94,$/per lb,2.94,per lb,Alaska,retail,,,,,,,,5.0,3324,Weekly Grocery Store Specialty Crops Feature Activity,2026-09-26T14:36:16+00:00
21ca9c08026190d9,2016-03-11,Grapes,WHITE SEEDLESS TYPE,per lb,,,,,No,,,,,,,,2.94,$/per lb,2.94,per lb,Alaska,retail,,,,,,,,5.0,3324,Weekly Grocery Store Specialty Crops Feature Activity,2026-09-26T14:36:16+00:00
212286f12f2f3117,2016-03-11,Lettuce,Boston,each,,,,,Yes,,,,,,,,3.99,$/each,3.99,per each,Alaska,retail,,,,,,,,2.0,3324,Weekly Grocery Store Specialty Crops Feature Activity,2026-09-26T14:36:16+00:00
15e4568999fcf579,2016-03-11,Lettuce,Iceberg,each,,,,,No,,,,,,,,1.49,$/each,1.49,per each,Alaska,retail,,,,,,,,2.0,3324,Weekly Grocery Store Specialty Crops Feature Activity,2026-09-26T14:36:16+00:00
5732d93796b420c4,2016-03-11,Lettuce,Romaine (Hearts),3 count,,,,,Yes,,,,,,,,3.99,$/3 count,,,Alaska,retail,,,,,,,,27.0,3324,Weekly Grocery Store Specialty Crops Feature Activity,2026-09-26T14:36:16+00:00
97b0c6fe52e06a55,2016-03-11,"Onions, Dry",YELLOW MARKED SWEET,per lb,,,,,No,,,,,,,,0.98,$/per lb,0.98,per lb,Alaska,retail,,,,,,,,3.0,3324,Weekly Grocery Store Specialty Crops Feature Activity,2026-09-26T14:36:16+00:00
6ea53b1df3f6c3d1,2016-03-11,"Peppers, Bell Type",ORANGE,each,,,,,No,,,,,,,,1.9,$/each,1.9,per each,Alaska,retail,,,,,,,,33.0,3324,Weekly Grocery Store Specialty Crops Feature Activity,2026-09-26T14:36:16+00:00
0be2c08e57331a69,2016-03-11,"Peppers, Bell Type",ORANGE,per lb,,,,,No,,,,,,,,3.49,$/per lb,3.49,per lb,Alaska,retail,,,,,,,,2.0,3324,Weekly Grocery Store Specialty Crops Feature Activity,2026-09-26T14:36:16+00:00
1330204edd4ec629,2016-03-11,"Peppers, Bell Type",RED,each,,,,,No,,,,,,,,1.9,$/each,1.9,per each,Alaska,retail,,,,,,,,33.0,3324,Weekly Grocery Store Specialty Crops Feature Activity,2026-09-26T14:36:16+00:00
5a1bfa54286ff342,2016-03-11,"Peppers, Bell Type",RED,per lb,,,,,No,,,,,,,,3.49,$/per lb,3.49,per lb,Alaska,retail,,,,,,,,2.0,3324,Weekly Grocery Store Specialty Crops Feature Activity,2026-09-26T14:36:16+00:00
1861a618d8047c3f,2016-03-11,"Peppers, Bell Type",YELLOW,each,,,,,No,,,,,,,,1.9,$/each,1.9,per each,Alaska,retail,,,,,,,,33.0,3324,Weekly Grocery Store Specialty Crops Feature Activity,2026-09-26T14:36:16+00:00
8047a6bf163d771d,2016-03-11,"Peppers, Bell Type",YELLOW,per lb,,,,,No,,,,,,,,3.49,$/per lb,3.49,per lb,Alaska,retail,,,,,,,,2.0,3324,Weekly Grocery Store Specialty Crops Feature Activity,2026-09-26T14:36:16+00:00
5b4e225b66227f1b,2016-03-11,Potatoes,ROUND RED,per lb,,,,,No,,,,,,,,0.99,$/per lb,0.99,per lb,Alaska,retail,,,,,,,,27.0,3324,Weekly Grocery Store Specialty Crops Feature Activity,2026-09-26T14:36:16+00:00
2363e5106cdb1ccc,2016-03-11,Potatoes,RUSSET,per lb,,,,,No,,,,,,,,0.68,$/per lb,0.68,per lb,Alaska,retail,,,,,,,,3.0,3324,Weekly Grocery Store Specialty Crops Feature Activity,2026-09-26T14:36:16+00:00
e87bd329cda0632e,2016-03-11,Strawberries,,1 lb package,,,,,No,,,,,,,,3.03,$/1 lb package,3.03,per lb,Alaska,retail,,,,,,,,29.0,3324,Weekly Grocery Store Specialty Crops Feature Activity,2026-09-26T14:36:16+00:00
b2ea0c2535b0e61d,2016-03-11,Tomatoes,,per lb,,,,,No,,,,,,,,1.74,$/per lb,1.74,per lb,Alaska,retail,,,,,,,,12.0,3324,Weekly Grocery Store Specialty Crops Feature Activity,2026-09-26T14:36:16+00:00
0ff3553cc5df41a0,2016-03-11,Tomatoes,GRAPE TYPE,1 pint package,,,,,Yes,,,,,,,,3.79,$/1 pint package,,,Alaska,retail,,,,,,,,2.0,3324,Weekly Grocery Store Specialty Crops Feature Activity,2026-09-26T14:36:16+00:00
d33b4a7748e83e1d,2016-03-11,Tomatoes,GRAPE TYPE,1 pint package,,,,,No,,,,,,,,2.62,$/1 pint package,,,Alaska,retail,,,,,,,,8.0,3324,Weekly Grocery Store Specialty Crops Feature Activity,2026-09-26T14:36:16+00:00
977e486058591fed,2016-03-11,Tomatoes,Plum Type (Roma),per lb,,,,,Yes,,,,,,,,1.48,$/per lb,1.48,per lb,Alaska,retail,,,,,,,,3.0,3324,Weekly Grocery Store Specialty Crops Feature Activity,2026-09-26T14:36:16+00:00
c9f2be4d5a5abdcf,2016-03-11,Tomatoes,Plum Type (Roma),per lb,,,,,No,,,,,,,,2.69,$/per lb,2.69,per lb,Alaska,retail,,,,,,,,30.0,3324,Weekly Grocery Store Specialty Crops Feature Activity,2026-09-26T14:36:16+00:00
0446eaf38164fc12,2016-03-11,Tomatoes,VINE RIPES - ON THE VINE,per lb,,,,,No,,,,,,,,1.99,$/per lb,1.99,per lb,Alaska,retail,,,environment=Greenhouse,,,,,11.0,3324,Weekly Grocery Store Specialty Crops Feature Activity,2026-09-26T14:36:16+00:00
a4a8556358cad317,2016-03-11,Avocados,HASS,each,,,,,Yes,,,,,,,,3.0,$/each,3.0,per each,Hawaii,retail,,,,,,,,27.0,3324,Weekly Grocery Store Specialty Crops Feature Activity,2026-09-26T14:36:16+00:00
d466680ed7ba1380,2016-03-11,Avocados,HASS,each,,,,,No,,,,,,,,1.79,$/each,1.79,per each,Hawaii,retail,,,,,,,,24.0,3324,Weekly Grocery Store Specialty Crops Feature Activity,2026-09-26T14:36:16+00:00
28d4c317063e9dc6,2016-03-11,Avocados,HASS,per lb,,,,,No,,,,,,,,1.98,$/per lb,1.98,per lb,Hawaii,retail,,,,,,,,3.0,3324,Weekly Grocery Store Specialty Crops Feature Activity,2026-09-26T14:36:16+00:00
64fce53bbb3d8465,2016-03-11,Avocados,VARIOUS GREENSKIN VARIETIES,per lb,,,,,No,,,,,,,,2.69,$/per lb,2.69,per lb,Hawaii,retail,,,,,,,,34.0,3324,Weekly Grocery Store Specialty Crops Feature Activity,2026-09-26T14:36:16+00:00
84ef6a581629245a,2016-03-11,Bananas,,per lb,,,,,No,,,,,,,,0.98,$/per lb,0.98,per lb,Hawaii,retail,,,,,,,,3.0,3324,Weekly Grocery Store Specialty Crops Feature Activity,2026-09-26T14:36:16+00:00
99b87d60fb0e85a6,2016-03-11,Broccoli,,per lb,,,,,Yes,,,,,,,,3.29,$/per lb,3.29,per lb,Hawaii,retail,,,,,,,,27.0,3324,Weekly Grocery Store Specialty Crops Feature Activity,2026-09-26T14:36:16+00:00
a70972a8095a0322,2016-03-11,Broccoli,CROWN CUT,per lb,,,,,No,,,,,,,,1.79,$/per lb,1.79,per lb,Hawaii,retail,,,,,,,,24.0,3324,Weekly Grocery Store Specialty Crops Feature Activity,2026-09-26T14:36:16+00:00
8c772d2687747f98,2016-03-11,Carrots,BABY PEELED,1 lb bag,,,,,No,,,,,,,,2.0,$/1 lb bag,2.0,per lb,Hawaii,retail,,,,,,,,30.0,3324,Weekly Grocery Store Specialty Crops Feature Activity,2026-09-26T14:36:16+00:00
a91c542a2e27a467,2016-03-11,Carrots,BABY PEELED,2 lb bag,,,,,No,,,,,,,,2.19,$/2 lb bag,1.095,per lb,Hawaii,retail,,,,,,,,24.0,3324,Weekly Grocery Store Specialty Crops Feature Activity,2026-09-26T14:36:16+00:00
c0429072bd59aa27,2016-03-11,Celery,,per lb,,,,,No,,,,,,,,1.59,$/per lb,1.59,per lb,Hawaii,retail,,,,,,,,3.0,3324,Weekly Grocery Store Specialty Crops Feature Activity,2026-09-26T14:36:16+00:00
a070280fc2a8e9dd,2016-03-11,Grapes,RED SEEDLESS,per lb,,,,,No,,,,,,,,3.99,$/per lb,3.99,per lb,Hawaii,retail,,,,,,,,24.0,3324,Weekly Grocery Store Specialty Crops Feature Activity,2026-09-26T14:36:16+00:00
3ab35a05fd340d63,2016-03-11,Grapes,WHITE SEEDLESS TYPE,per lb,,,,,No,,,,,,,,4.24,$/per lb,4.24,per lb,Hawaii,retail,,,,,,,,54.0,3324,Weekly Grocery Store Specialty Crops Feature Activity,2026-09-26T14:36:16+00:00
3023333d303885eb,2016-03-11,Lettuce,Green Leaf,each,,,,,No,,,,,,,,2.29,$/each,2.29,per each,Hawaii,retail,,,,,,,,34.0,3324,Weekly Grocery Store Specialty Crops Feature Activity,2026-09-26T14:36:16+00:00
d1a0bd6c08df06fd,2016-03-11,Lettuce,Iceberg,per lb,,,,,No,,,,,,,,1.87,$/per lb,1.87,per lb,Hawaii,retail,,,,,,,,27.0,3324,Weekly Grocery Store Specialty Crops Feature Activity,2026-09-26T14:36:16+00:00
4492f843413f5949,2016-03-11,Lettuce,Red Leaf,each,,,,,No,,,,,,,,2.29,$/each,2.29,per each,Hawaii,retail,,,,,,,,34.0,3324,Weekly Grocery Store Specialty Crops Feature Activity,2026-09-26T14:36:16+00:00
1a42062e8c41ca5b,2016-03-11,"Onions, Dry",YELLOW MARKED SWEET,per lb,,,,,No,,,,,,,,2.56,$/per lb,2.56,per lb,Hawaii,retail,,,,,,,,88.0,3324,Weekly Grocery Store Specialty Crops Feature Activity,2026-09-26T14:36:16+00:00
b1f8e49695354930,2016-03-11,Potatoes,ROUND RED,5 lb bag,,,,,No,,,,,,,,4.99,$/5 lb bag,0.998,per lb,Hawaii,retail,,,,,,,,34.0,3324,Weekly Grocery Store Specialty Crops Feature Activity,2026-09-26T14:36:16+00:00
af665b7ccab1c585,2016-03-11,Potatoes,ROUND RED,per lb,,,,,No,,,,,,,,1.29,$/per lb,1.29,per lb,Hawaii,retail,,,,,,,,24.0,3324,Weekly Grocery Store Specialty Crops Feature Activity,2026-09-26T14:36:16+00:00
bef056586942dd92,2016-03-11,Potatoes,RUSSET,per lb,,,,,No,,,,,,,,1.49,$/per lb,1.49,per lb,Hawaii,retail,,,,,,,,3.0,3324,Weekly Grocery Store Specialty Crops Feature Activity,2026-09-26T14:36:16+00:00
afbd700f96db7889,2016-03-11,Potatoes,YELLOW TYPE,per lb,,,,,No,,,,,,,,1.29,$/per lb,1.29,per lb,Hawaii,retail,,,,,,,,24.0,3324,Weekly Grocery Store Specialty Crops Feature Activity,2026-09-26T14:36:16+00:00
54a9e5ff5272afdf,2016-03-11,Strawberries,,1 lb package,,,,,Yes,,,,,,,,3.34,$/1 lb package,3.34,per lb,Hawaii,retail,,,,,,,,3.0,3324,Weekly Grocery Store Specialty Crops Feature Activity,2026-09-26T14:36:16+00:00
c78121ef5d1f15fc,2016-03-11,Strawberries,,1 lb package,,,,,No,,,,,,,,3.98,$/1 lb package,3.98,per lb,Hawaii,retail,,,,,,,,3.0,3324,Weekly Grocery Store Specialty Crops Feature Activity,2026-09-26T14:36:16+00:00
de04f80ae71b0907,2016-03-11,Strawberries,,2 lb package,,,,,No,,,,,,,,6.0,$/2 lb package,3.0,per lb,Hawaii,retail,,,,,,,,27.0,3324,Weekly Grocery Store Specialty Crops Feature Activity,2026-09-26T14:36:16+00:00
35dcb5de7406536a,2016-03-11,Tomatoes,,per lb,,,,,No,,,,,,,,1.75,$/per lb,1.75,per lb,Hawaii,retail,,,,,,,,9.0,3324,Weekly Grocery Store Specialty Crops Feature Activity,2026-09-26T14:36:16+00:00
92d88ab6c544256a,2016-03-11,Tomatoes,Cherry Type,1 pint package,,,,,Yes,,,,,,,,4.99,$/1 pint package,,,Hawaii,retail,,,,,,,,27.0,3324,Weekly Grocery Store Specialty Crops Feature Activity,2026-09-26T14:36:16+00:00
b315855f90feaa8f,2016-03-11,Tomatoes,Plum Type (Roma),per lb,,,,,No,,,,,,,,2.79,$/per lb,2.79,per lb,Hawaii,retail,,,,,,,,34.0,3324,Weekly Grocery Store Specialty Crops Feature Activity,2026-09-26T14:36:16+00:00
6fa4e94641eb3b34,2016-03-11,Tomatoes,VINE RIPES - ON THE VINE,per lb,,,,,No,,,,,,,,3.29,$/per lb,3.29,per lb,Hawaii,retail,,,environment=Greenhouse,,,,,24.0,3324,Weekly Grocery Store Specialty Crops Feature Activity,2026-09-26T14:36:16+00:00
583880a49c24eca8,2016-03-11,Avocados,HASS,each,,,,,No,,,,,,,,1.02,$/each,1.02,per each,Midwest,retail,,,,,,,,894.0,3324,Weekly Grocery Store Specialty Crops Feature Activity,2026-09-26T14:36:16+00:00
cd49610a1bbaa136,2016-03-11,Avocados,HASS,each,,,,,Yes,,,,,,,,1.47,$/each,1.47,per each,Midwest,retail,,,,,,,,129.0,3324,Weekly Grocery Store Specialty Crops Feature Activity,2026-09-26T14:36:16+00:00
0cbd923b18e032e8,2016-03-11,Avocados,VARIOUS GREENSKIN VARIETIES,each,,,,,No,,,,,,,,0.7,$/each,0.7,per each,Midwest,retail,,,,,,,,26.0,3324,Weekly Grocery Store Specialty Crops Feature Activity,2026-09-26T14:36:16+00:00
1e7df006d00164ba,2016-03-11,Bananas,,per lb,,,,,No,,,,,,,,0.43,$/per lb,0.43,per lb,Midwest,retail,,,,,,,,307.0,3324,Weekly Grocery Store Specialty Crops Feature Activity,2026-09-26T14:36:16+00:00
8da8bb92f2ce61ef,2016-03-11,Bananas,,per lb,,,,,Yes,,,,,,,,0.7,$/per lb,0.7,per lb,Midwest,retail,,,,,,,,154.0,3324,Weekly Grocery Store Specialty Crops Feature Activity,2026-09-26T14:36:16+00:00
234e7974ed065eeb,2016-03-11,Blueberries,,1 pint package,,,,,No,,,,,,,,3.38,$/1 pint package,,,Midwest,retail,,,,,,,,418.0,3324,Weekly Grocery Store Specialty Crops Feature Activity,2026-09-26T14:36:16+00:00
b87716cad79b3d92,2016-03-11,Blueberries,,4.4 oz package,,,,,Yes,,,,,,,,2.99,$/4.4 oz package,10.8727,per lb,Midwest,retail,,,,,,,,8.0,3324,Weekly Grocery Store Specialty Crops Feature Activity,2026-09-26T14:36:16+00:00
40dbcc610196e403,2016-03-11,Blueberries,,6 oz package,,,,,No,,,,,,,,2.46,$/6 oz package,6.56,per lb,Midwest,retail,,,,,,,,396.0,3324,Weekly Grocery Store Specialty Crops Feature Activity,2026-09-26T14:36:16+00:00
697f43e17354d426,2016-03-11,Blueberries,,6 oz package,,,,,Yes,,,,,,,,3.5,$/6 oz package,9.3333,per lb,Midwest,retail,,,,,,,,34.0,3324,Weekly Grocery Store Specialty Crops Feature Activity,2026-09-26T14:36:16+00:00
5b324fa08957bfe2,2016-03-11,Broccoli,,per bunch,,,,,No,,,,,,,,1.62,$/per bunch,,,Midwest,retail,,,,,,,,263.0,3324,Weekly Grocery Store Specialty Crops Feature Activity,2026-09-26T14:36:16+00:00
89965b3513bc7583,2016-03-11,Broccoli,,per bunch,,,,,Yes,,,,,,,,2.25,$/per bunch,,,Midwest,retail,,,,,,,,273.0,3324,Weekly Grocery Store Specialty Crops Feature Activity,2026-09-26T14:36:16+00:00
1dacb333859f6ebc,2016-03-11,Broccoli,,per lb,,,,,No,,,,,,,,0.78,$/per lb,0.78,per lb,Midwest,retail,,,,,,,,24.0,3324,Weekly Grocery Store Specialty Crops Feature Activity,2026-09-26T14:36:16+00:00
7b5075aae6f9a657,2016-03-11,Broccoli,,per lb,,,,,Yes,,,,,,,,1.94,$/per lb,1.94,per lb,Midwest,retail,,,,,,,,130.0,3324,Weekly Grocery Store Specialty Crops Feature Activity,2026-09-26T14:36:16+00:00
1f2e4cf574567534,2016-03-11,Broccoli,CROWN CUT,per lb,,,,,No,,,,,,,,1.18,$/per lb,1.18,per lb,Midwest,retail,,,,,,,,721.0,3324,Weekly Grocery Store Specialty Crops Feature Activity,2026-09-26T14:36:16+00:00
d8b71a9ed1a72d72,2016-03-11,Carrots,,1 lb bag,,,,,Yes,,,,,,,,1.29,$/1 lb bag,1.29,per lb,Midwest,retail,,,,,,,,8.0,3324,Weekly Grocery Store Specialty Crops Feature Activity,2026-09-26T14:36:16+00:00
fbbf89955110ddba,2016-03-11,Carrots,,1 lb bag,,,,,No,,,,,,,,0.53,$/1 lb bag,0.53,per lb,Midwest,retail,,,,,,,,354.0,3324,Weekly Grocery Store Specialty Crops Feature Activity,2026-09-26T14:36:16+00:00
b020a1eb25f6dc4c,2016-03-11,Carrots,,2 lb bag,,,,,No,,,,,,,,1.13,$/2 lb bag,0.565,per lb,Midwest,retail,,,,,,,,282.0,3324,Weekly Grocery Store Specialty Crops Feature Activity,2026-09-26T14:36:16+00:00
bdd5fbd099d5e700,2016-03-11,Carrots,,2 lb bag,,,,,Yes,,,,,,,,1.75,$/2 lb bag,0.875,per lb,Midwest,retail,,,,,,,,33.0,3324,Weekly Grocery Store Specialty Crops Feature Activity,2026-09-26T14:36:16+00:00
123bc20c53c964da,2016-03-11,Carrots,BABY PEELED,1 lb bag,,,,,No,,,,,,,,1.12,$/1 lb bag,1.12,per lb,Midwest,retail,,,,,,,,673.0,3324,Weekly Grocery Store Specialty Crops Feature Activity,2026-09-26T14:36:16+00:00
a4f5661b43688ade,2016-03-11,Carrots,BABY PEELED,1 lb bag,,,,,Yes,,,,,,,,1.19,$/1 lb bag,1.19,per lb,Midwest,retail,,,,,,,,901.0,3324,Weekly Grocery Store Specialty Crops Feature Activity,2026-09-26T14:36:16+00:00
f012264c8c3fe9af,2016-03-11,Carrots,BABY PEELED,2 lb bag,,,,,No,,,,,,,,2.2,$/2 lb bag,1.1,per lb,Midwest,retail,,,,,,,,513.0,3324,Weekly Grocery Store Specialty Crops Feature Activity,2026-09-26T14:36:16+00:00
25f79a5171a21886,2016-03-11,Celery,,each,,,,,No,,,,,,,,1.4,$/each,1.4,per each,Midwest,retail,,,,,,,,677.0,3324,Weekly Grocery Store Specialty Crops Feature Activity,2026-09-26T14:36:16+00:00
b66b2dfb7b817d2b,2016-03-11,Celery,,each,,,,,Yes,,,,,,,,1.41,$/each,1.41,per each,Midwest,retail,,,,,,,,361.0,3324,Weekly Grocery Store Specialty Crops Feature Activity,2026-09-26T14:36:16+00:00
36b70cbeea95b736,2016-03-11,Celery,HEARTS,each,,,,,Yes,,,,,,,,1.94,$/each,1.94,per each,Midwest,retail,,,,,,,,16.0,3324,Weekly Grocery Store Specialty Crops Feature Activity,2026-09-26T14:36:16+00:00
93ab32fe212fe37f,2016-03-11,Celery,HEARTS,each,,,,,No,,,,,,,,2.5,$/each,2.5,per each,Midwest,retail,,,,,,,,7.0,3324,Weekly Grocery Store Specialty Crops Feature Activity,2026-09-26T14:36:16+00:00
cceab340bb0a8219,2016-03-11,Cucumbers,,each,,,,,No,,,,,,,,0.62,$/each,0.62,per each,Midwest,retail,,,,,,,,421.0,3324,Weekly Grocery Store Specialty Crops Feature Activity,2026-09-26T14:36:16+00:00
dce1741f5f05f71d,2016-03-11,Cucumbers,,each,,,,,Yes,,,,,,,,0.69,$/each,0.69,per each,Midwest,retail,,,,,,,,7.0,3324,Weekly Grocery Store Specialty Crops Feature Activity,2026-09-26T14:36:16+00:00
c4c47771ebfb4afa,2016-03-11,Cucumbers,LONG SEEDLESS,each,,,,,No,,,,,,,,1.28,$/each,1.28,per each,Midwest,retail,,,environment=Greenhouse,,,,,302.0,3324,Weekly Grocery Store Specialty Crops Feature Activity,2026-09-26T14:36:16+00:00
96eee621262a7cf9,2016-03-11,Grapes,RED SEEDLESS,per lb,,,,,No,,,,,,,,2.3,$/per lb,2.3,per lb,Midwest,retail,,,,,,,,1549.0,3324,Weekly Grocery Store Specialty Crops Feature Activity,2026-09-26T14:36:16+00:00
6d549c625c089c81,2016-03-11,Grapes,Red Globe Seeded Type,per lb,,,,,No,,,,,,,,2.03,$/per lb,2.03,per lb,Midwest,retail,,,,,,,,674.0,3324,Weekly Grocery Store Specialty Crops Feature Activity,2026-09-26T14:36:16+00:00
96f9243042a7ac00,2016-03-11,Grapes,WHITE SEEDLESS TYPE,per lb,,,,,No,,,,,,,,2.12,$/per lb,2.12,per lb,Midwest,retail,,,,,,,,1311.0,3324,Weekly Grocery Store Specialty Crops Feature Activity,2026-09-26T14:36:16+00:00
87a77d15579a87c4,2016-03-11,Lemons,,2 lb bag,,,,,No,,,,,,,,3.41,$/2 lb bag,1.705,per lb,Midwest,retail,,,,,,,,93.0,3324,Weekly Grocery Store Specialty Crops Feature Activity,2026-09-26T14:36:16+00:00
fea176fc85f79285,2016-03-11,Lemons,,2 lb bag,,,,,Yes,,,,,,,,3.26,$/2 lb bag,1.63,per lb,Midwest,retail,,,,,,,,407.0,3324,Weekly Grocery Store Specialty Crops Feature Activity,2026-09-26T14:36:16+00:00
b97e38d853e9cdaa,2016-03-11,Lemons,,each,,,,,No,,,,,,,,0.5,$/each,0.5,per each,Midwest,retail,,,,,,,,186.0,3324,Weekly Grocery Store Specialty Crops Feature Activity,2026-09-26T14:36:16+00:00
08d7045506df8174,2016-03-11,Lettuce,Boston,per lb,,,,,Yes,,,,,,,,1.99,$/per lb,1.99,per lb,Midwest,retail,,,,,,,,7.0,3324,Weekly Grocery Store Specialty Crops Feature Activity,2026-09-26T14:36:16+00:00
18be0520624b9a6f,2016-03-11,Lettuce,Green Leaf,each,,,,,Yes,,,,,,,,1.69,$/each,1.69,per each,Midwest,retail,,,,,,,,20.0,3324,Weekly Grocery Store Specialty Crops Feature Activity,2026-09-26T14:36:16+00:00
a42168d0c27734a7,2016-03-11,Lettuce,Green Leaf,each,,,,,No,,,,,,,,1.07,$/each,1.07,per each,Midwest,retail,,,,,,,,311.0,3324,Weekly Grocery Store Specialty Crops Feature Activity,2026-09-26T14:36:16+00:00
b724e2718f1cdde0,2016-03-11,Lettuce,Green Leaf,per lb,,,,,Yes,,,,,,,,1.99,$/per lb,1.99,per lb,Midwest,retail,,,,,,,,7.0,3324,Weekly Grocery Store Specialty Crops Feature Activity,2026-09-26T14:36:16+00:00
474a66688863f9eb,2016-03-11,Lettuce,Iceberg,each,,,,,No,,,,,,,,1.07,$/each,1.07,per each,Midwest,retail,,,,,,,,370.0,3324,Weekly Grocery Store Specialty Crops Feature Activity,2026-09-26T14:36:16+00:00
39b507d01430c789,2016-03-11,Lettuce,Red Leaf,each,,,,,Yes,,,,,,,,1.69,$/each,1.69,per each,Midwest,retail,,,,,,,,20.0,3324,Weekly Grocery Store Specialty Crops Feature Activity,2026-09-26T14:36:16+00:00
6d1d8f5fb51a24c7,2016-03-11,Lettuce,Red Leaf,each,,,,,No,,,,,,,,1.07,$/each,1.07,per each,Midwest,retail,,,,,,,,311.0,3324,Weekly Grocery Store Specialty Crops Feature Activity,2026-09-26T14:36:16+00:00
dca267d61e3f1e0b,2016-03-11,Lettuce,Red Leaf,per lb,,,,,Yes,,,,,,,,1.99,$/per lb,1.99,per lb,Midwest,retail,,,,,,,,7.0,3324,Weekly Grocery Store Specialty Crops Feature Activity,2026-09-26T14:36:16+00:00
13edb295dffbe0e2,2016-03-11,Lettuce,Romaine,each,,,,,No,,,,,,,,1.06,$/each,1.06,per each,Midwest,retail,,,,,,,,323.0,3324,Weekly Grocery Store Specialty Crops Feature Activity,2026-09-26T14:36:16+00:00
f7839ad6f4b90e2c,2016-03-11,Lettuce,Romaine,each,,,,,Yes,,,,,,,,1.99,$/each,1.99,per each,Midwest,retail,,,,,,,,12.0,3324,Weekly Grocery Store Specialty Crops Feature Activity,2026-09-26T14:36:16+00:00
f0f6a9afdf5e49eb,2016-03-11,Lettuce,Romaine,per lb,,,,,No,,,,,,,,0.94,$/per lb,0.94,per lb,Midwest,retail,,,,,,,,132.0,3324,Weekly Grocery Store Specialty Crops Feature Activity,2026-09-26T14:36:16+00:00
1f98d04974a29c1c,2016-03-11,Lettuce,Romaine (Hearts),3 count,,,,,Yes,,,,,,,,2.9,$/3 count,,,Midwest,retail,,,,,,,,61.0,3324,Weekly Grocery Store Specialty Crops Feature Activity,2026-09-26T14:36:16+00:00
60f720986f27a942,2016-03-11,Lettuce,Romaine (Hearts),3 count,,,,,No,,,,,,,,2.01,$/3 count,,,Midwest,retail,,,,,,,,275.0,3324,Weekly Grocery Store Specialty Crops Feature Activity,2026-09-26T14:36:16+00:00
21d739c08ee5daed,2016-03-11,Limes,,each,,,,,No,,,,,,,,0.25,$/each,0.25,per each,Midwest,retail,,,,,,,,131.0,3324,Weekly Grocery Store Specialty Crops Feature Activity,2026-09-26T14:36:16+00:00
0ade20b9c99c1b8d,2016-03-11,"Onions, Dry",RED,2 lb bag,,,,,No,,,,,,,,1.99,$/2 lb bag,0.995,per lb,Midwest,retail,,,,,,,,7.0,3324,Weekly Grocery Store Specialty Crops Feature Activity,2026-09-26T14:36:16+00:00
01dccaa3636167d2,2016-03-11,"Onions, Dry",RED,per lb,,,,,No,,,,,,,,0.89,$/per lb,0.89,per lb,Midwest,retail,,,,,,,,16.0,3324,Weekly Grocery Store Specialty Crops Feature Activity,2026-09-26T14:36:16+00:00
833817df587c5b4a,2016-03-11,"Onions, Dry",WHITE,2 lb bag,,,,,No,,,,,,,,1.99,$/2 lb bag,0.995,per lb,Midwest,retail,,,,,,,,7.0,3324,Weekly Grocery Store Specialty Crops Feature Activity,2026-09-26T14:36:16+00:00
e8efe5002389d271,2016-03-11,"Onions, Dry",WHITE,per lb,,,,,No,,,,,,,,0.81,$/per lb,0.81,per lb,Midwest,retail,,,,,,,,46.0,3324,Weekly Grocery Store Specialty Crops Feature Activity,2026-09-26T14:36:16+00:00
c5b2bd65607198a9,2016-03-11,"Onions, Dry",YELLOW,2 lb bag,,,,,Yes,,,,,,,,1.83,$/2 lb bag,0.915,per lb,Midwest,retail,,,,,,,,15.0,3324,Weekly Grocery Store Specialty Crops Feature Activity,2026-09-26T14:36:16+00:00
d9ca6dd8e29d45f1,2016-03-11,"Onions, Dry",YELLOW,2 lb bag,,,,,No,,,,,,,,1.06,$/2 lb bag,0.53,per lb,Midwest,retail,,,,,,,,22.0,3324,Weekly Grocery Store Specialty Crops Feature Activity,2026-09-26T14:36:16+00:00
14318ee785f13fc8,2016-03-11,"Onions, Dry",YELLOW,3 lb bag,,,,,No,,,,,,,,1.42,$/3 lb bag,0.4733,per lb,Midwest,retail,,,,,,,,1573.0,3324,Weekly Grocery Store Specialty Crops Feature Activity,2026-09-26T14:36:16+00:00
f799eb4e1df1b985,2016-03-11,"Onions, Dry",YELLOW,3 lb bag,,,,,Yes,,,,,,,,2.56,$/3 lb bag,0.8533,per lb,Midwest,retail,,,,,,,,275.0,3324,Weekly Grocery Store Specialty Crops Feature Activity,2026-09-26T14:36:16+00:00
7d6e16fff106509d,2016-03-11,"Onions, Dry",YELLOW,5 lb bag,,,,,No,,,,,,,,2.04,$/5 lb bag,0.408,per lb,Midwest,retail,,,,,,,,64.0,3324,Weekly Grocery Store Specialty Crops Feature Activity,2026-09-26T14:36:16+00:00
32d2c4228565f420,2016-03-11,"Onions, Dry",YELLOW,per lb,,,,,No,,,,,,,,0.69,$/per lb,0.69,per lb,Midwest,retail,,,,,,,,70.0,3324,Weekly Grocery Store Specialty Crops Feature Activity,2026-09-26T14:36:16+00:00
4f75a6ca7b7f401b,2016-03-11,"Onions, Dry",YELLOW MARKED SWEET,per lb,,,,,No,,,,,,,,1.01,$/per lb,1.01,per lb,Midwest,retail,,,,,,,,1131.0,3324,Weekly Grocery Store Specialty Crops Feature Activity,2026-09-26T14:36:16+00:00
5bcc833ece7abbc4,2016-03-11,"Peppers, Bell Type",GREEN,each,,,,,No,,,,,,,,1.01,$/each,1.01,per each,Midwest,retail,,,,,,,,239.0,3324,Weekly Grocery Store Specialty Crops Feature Activity,2026-09-26T14:36:16+00:00
4b99b9fcbc002ad9,2016-03-11,"Peppers, Bell Type",GREEN,per lb,,,,,No,,,,,,,,1.24,$/per lb,1.24,per lb,Midwest,retail,,,,,,,,41.0,3324,Weekly Grocery Store Specialty Crops Feature Activity,2026-09-26T14:36:16+00:00
d9997516eabfad44,2016-03-11,"Peppers, Bell Type",ORANGE,each,,,,,No,,,,,,,,1.31,$/each,1.31,per each,Midwest,retail,,,,,,,,557.0,3324,Weekly Grocery Store Specialty Crops Feature Activity,2026-09-26T14:36:16+00:00
95ea709dd8b13d98,2016-03-11,"Peppers, Bell Type",ORANGE,per lb,,,,,No,,,,,,,,2.61,$/per lb,2.61,per lb,Midwest,retail,,,,,,,,29.0,3324,Weekly Grocery Store Specialty Crops Feature Activity,2026-09-26T14:36:16+00:00
84ecbf842d824bf1,2016-03-11,"Peppers, Bell Type",RED,each,,,,,No,,,,,,,,1.34,$/each,1.34,per each,Midwest,retail,,,,,,,,822.0,3324,Weekly Grocery Store Specialty Crops Feature Activity,2026-09-26T14:36:16+00:00
fd2edec316750871,2016-03-11,"Peppers, Bell Type",RED,each,,,,,Yes,,,,,,,,2.5,$/each,2.5,per each,Midwest,retail,,,,,,,,10.0,3324,Weekly Grocery Store Specialty Crops Feature Activity,2026-09-26T14:36:16+00:00
577e482ed9cfc2c6,2016-03-11,"Peppers, Bell Type",RED,per lb,,,,,No,,,,,,,,1.9,$/per lb,1.9,per lb,Midwest,retail,,,,,,,,100.0,3324,Weekly Grocery Store Specialty Crops Feature Activity,2026-09-26T14:36:16+00:00
13ce7bef13f712af,2016-03-11,"Peppers, Bell Type",YELLOW,each,,,,,Yes,,,,,,,,2.5,$/each,2.5,per each,Midwest,retail,,,,,,,,10.0,3324,Weekly Grocery Store Specialty Crops Feature Activity,2026-09-26T14:36:16+00:00
5bd075534ea0cdb1,2016-03-11,"Peppers, Bell Type",YELLOW,each,,,,,No,,,,,,,,1.31,$/each,1.31,per each,Midwest,retail,,,,,,,,557.0,3324,Weekly Grocery Store Specialty Crops Feature Activity,2026-09-26T14:36:16+00:00
dc203e3d686c089a,2016-03-11,"Peppers, Bell Type",YELLOW,per lb,,,,,No,,,,,,,,2.01,$/per lb,2.01,per lb,Midwest,retail,,,,,,,,49.0,3324,Weekly Grocery Store Specialty Crops Feature Activity,2026-09-26T14:36:16+00:00
ed27ffb9ec2d9903,2016-03-11,Potatoes,ROUND RED,10 lb bag,,,,,No,,,,,,,,2.19,$/10 lb bag,0.219,per lb,Midwest,retail,,,,,,,,97.0,3324,Weekly Grocery Store Specialty Crops Feature Activity,2026-09-26T14:36:16+00:00
1ce477fda4310333,2016-03-11,Potatoes,ROUND RED,3 lb bag,,,,,No,,,,,,,,2.08,$/3 lb bag,0.6933,per lb,Midwest,retail,,,,,,,,291.0,3324,Weekly Grocery Store Specialty Crops Feature Activity,2026-09-26T14:36:16+00:00
fd818038a819ee43,2016-03-11,Potatoes,ROUND RED,3 lb bag,,,,,Yes,,,,,,,,3.9,$/3 lb bag,1.3,per lb,Midwest,retail,,,,,,,,117.0,3324,Weekly Grocery Store Specialty Crops Feature Activity,2026-09-26T14:36:16+00:00
560d040697c82084,2016-03-11,Potatoes,ROUND RED,5 lb bag,,,,,No,,,,,,,,1.63,$/5 lb bag,0.326,per lb,Midwest,retail,,,,,,,,1431.0,3324,Weekly Grocery Store Specialty Crops Feature Activity,2026-09-26T14:36:16+00:00
ca8b1ae509306e31,2016-03-11,Potatoes,ROUND RED,8 lb bag,,,,,No,,,,,,,,3.0,$/8 lb bag,0.375,per lb,Midwest,retail,,,,,,,,14.0,3324,Weekly Grocery Store Specialty Crops Feature Activity,2026-09-26T14:36:16+00:00
ac159e65b3738c63,2016-03-11,Potatoes,ROUND RED,per lb,,,,,No,,,,,,,,0.7,$/per lb,0.7,per lb,Midwest,retail,,,,,,,,461.0,3324,Weekly Grocery Store Specialty Crops Feature Activity,2026-09-26T14:36:16+00:00
032ffe7b95635ace,2016-03-11,Potatoes,ROUND WHITE,5 lb bag,,,,,No,,,,,,,,2.66,$/5 lb bag,0.532,per lb,Midwest,retail,,,,,,,,21.0,3324,Weekly Grocery Store Specialty Crops Feature Activity,2026-09-26T14:36:16+00:00
c962bc09a5981846,2016-03-11,Potatoes,RUSSET,10 lb bag,,,,,No,,,,,,,,2.27,$/10 lb bag,0.227,per lb,Midwest,retail,,,,,,,,912.0,3324,Weekly Grocery Store Specialty Crops Feature Activity,2026-09-26T14:36:16+00:00
a97dca2e50beb0a7,2016-03-11,Potatoes,RUSSET,3 lb bag,,,,,No,,,,,,,,1.0,$/3 lb bag,0.3333,per lb,Midwest,retail,,,,,,,,21.0,3324,Weekly Grocery Store Specialty Crops Feature Activity,2026-09-26T14:36:16+00:00
be1dc3b34230d7d9,2016-03-11,Potatoes,RUSSET,3 lb bag,,,,,Yes,,,,,,,,2.0,$/3 lb bag,0.6667,per lb,Midwest,retail,,,,,,,,285.0,3324,Weekly Grocery Store Specialty Crops Feature Activity,2026-09-26T14:36:16+00:00
1ced1b609e445a8f,2016-03-11,Potatoes,RUSSET,5 lb bag,,,,,No,,,,,,,,1.41,$/5 lb bag,0.282,per lb,Midwest,retail,,,,,,,,325.0,3324,Weekly Grocery Store Specialty Crops Feature Activity,2026-09-26T14:36:16+00:00
99c4778875265add,2016-03-11,Potatoes,RUSSET,5 lb bag,,,,,Yes,,,,,,,,4.99,$/5 lb bag,0.998,per lb,Midwest,retail,,,,,,,,61.0,3324,Weekly Grocery Store Specialty Crops Feature Activity,2026-09-26T14:36:16+00:00
d63abdc3bc3e2e98,2016-03-11,Potatoes,RUSSET,8 lb bag,,,,,No,,,,,,,,2.02,$/8 lb bag,0.2525,per lb,Midwest,retail,,,,,,,,146.0,3324,Weekly Grocery Store Specialty Crops Feature Activity,2026-09-26T14:36:16+00:00
89ffa8688baa6397,2016-03-11,Potatoes,RUSSET,per lb,,,,,No,,,,,,,,0.72,$/per lb,0.72,per lb,Midwest,retail,,,,,,,,33.0,3324,Weekly Grocery Store Specialty Crops Feature Activity,2026-09-26T14:36:16+00:00
91dbf8860021b896,2016-03-11,Potatoes,RUSSET,per lb,,,,,Yes,,,,,,,,1.39,$/per lb,1.39,per lb,Midwest,retail,,,,,,,,5.0,3324,Weekly Grocery Store Specialty Crops Feature Activity,2026-09-26T14:36:16+00:00
1157ab8ecf367d6e,2016-03-11,Potatoes,YELLOW TYPE,10 lb bag,,,,,No,,,,,,,,1.99,$/10 lb bag,0.199,per lb,Midwest,retail,,,,,,,,8.0,3324,Weekly Grocery Store Specialty Crops Feature Activity,2026-09-26T14:36:16+00:00
52d031a675d7bacd,2016-03-11,Potatoes,YELLOW TYPE,3 lb bag,,,,,No,,,,,,,,2.99,$/3 lb bag,0.9967,per lb,Midwest,retail,,,,,,,,7.0,3324,Weekly Grocery Store Specialty Crops Feature Activity,2026-09-26T14:36:16+00:00
0e3993d9ccb62569,2016-03-11,Potatoes,YELLOW TYPE,5 lb bag,,,,,No,,,,,,,,2.36,$/5 lb bag,0.472,per lb,Midwest,retail,,,,,,,,40.0,3324,Weekly Grocery Store Specialty Crops Feature Activity,2026-09-26T14:36:16+00:00
09e82419da63af41,2016-03-11,Potatoes,YELLOW TYPE,per lb,,,,,No,,,,,,,,0.88,$/per lb,0.88,per lb,Midwest,retail,,,,,,,,180.0,3324,Weekly Grocery Store Specialty Crops Feature Activity,2026-09-26T14:36:16+00:00
0156c92a38ba1a0c,2016-03-11,Strawberries,,1 lb package,,,,,Yes,,,,,,,,4.09,$/1 lb package,4.09,per lb,Midwest,retail,,,,,,,,59.0,3324,Weekly Grocery Store Specialty Crops Feature Activity,2026-09-26T14:36:16+00:00
ce49e56d59a5a1f5,2016-03-11,Strawberries,,1 lb package,,,,,No,,,,,,,,2.24,$/1 lb package,2.24,per lb,Midwest,retail,,,,,,,,1749.0,3324,Weekly Grocery Store Specialty Crops Feature Activity,2026-09-26T14:36:16+00:00
79c250c80e1d1b64,2016-03-11,Strawberries,,2 lb package,,,,,No,,,,,,,,5.77,$/2 lb package,2.885,per lb,Midwest,retail,,,,,,,,83.0,3324,Weekly Grocery Store Specialty Crops Feature Activity,2026-09-26T14:36:16+00:00
8c9cc09fa2be35e3,2016-03-11,Tomatoes,,per lb,,,,,No,,,,,,,,1.81,$/per lb,1.81,per lb,Midwest,retail,,,,,,,,181.0,3324,Weekly Grocery Store Specialty Crops Feature Activity,2026-09-26T14:36:16+00:00
fc4c7b2f5b7447e7,2016-03-11,Tomatoes,Cherry Type,1 pint package,,,,,No,,,,,,,,2.0,$/1 pint package,,,Midwest,retail,,,,,,,,11.0,3324,Weekly Grocery Store Specialty Crops Feature Activity,2026-09-26T14:36:16+00:00
5fe21d59c70aaff5,2016-03-11,Tomatoes,GRAPE TYPE,1 pint package,,,,,No,,,,,,,,2.34,$/1 pint package,,,Midwest,retail,,,,,,,,241.0,3324,Weekly Grocery Store Specialty Crops Feature Activity,2026-09-26T14:36:16+00:00
80fd8cbe0523cd08,2016-03-11,Tomatoes,GRAPE TYPE,1 pint package,,,,,Yes,,,,,,,,2.85,$/1 pint package,,,Midwest,retail,,,,,,,,122.0,3324,Weekly Grocery Store Specialty Crops Feature Activity,2026-09-26T14:36:16+00:00
b58187e91b861889,2016-03-11,Tomatoes,GRAPE TYPE,10 oz package,,,,,No,,,,,,,,2.01,$/10 oz package,3.216,per lb,Midwest,retail,,,,,,,,548.0,3324,Weekly Grocery Store Specialty Crops Feature Activity,2026-09-26T14:36:16+00:00
8dd4b413756727e0,2016-03-11,Tomatoes,Plum Type (Roma),per lb,,,,,No,,,,,,,,1.19,$/per lb,1.19,per lb,Midwest,retail,,,,,,,,822.0,3324,Weekly Grocery Store Specialty Crops Feature Activity,2026-09-26T14:36:16+00:00
386afd72bbd3c934,2016-03-11,Tomatoes,VINE RIPES,per lb,,,,,No,,,,,,,,1.38,$/per lb,1.38,per lb,Midwest,retail,,,,,,,,55.0,3324,Weekly Grocery Store Specialty Crops Feature Activity,2026-09-26T14:36:16+00:00
81706bbd136979b5,2016-03-11,Tomatoes,VINE RIPES,per lb,,,,,No,,,,,,,,1.45,$/per lb,1.45,per lb,Midwest,retail,,,environment=Greenhouse,,,,,40.0,3324,Weekly Grocery Store Specialty Crops Feature Activity,2026-09-26T14:36:16+00:00
8b834a73166cf765,2016-03-11,Tomatoes,VINE RIPES - ON THE VINE,per lb,,,,,No,,,,,,,,1.77,$/per lb,1.77,per lb,Midwest,retail,,,environment=Greenhouse,,,,,664.0,3324,Weekly Grocery Store Specialty Crops Feature Activity,2026-09-26T14:36:16+00:00
b633ba18b8e36a2b,2016-03-11,Tomatoes,VINE RIPES - ON THE VINE,per lb,,,,,Yes,,,,,,,,2.27,$/per lb,2.27,per lb,Midwest,retail,,,environment=Greenhouse,,,,,37.0,3324,Weekly Grocery Store Specialty Crops Feature Activity,2026-09-26T14:36:16+00:00
82ed115e8b5efcde,2016-03-11,Tomatoes,Vine Ripes - Heirloom Varieties,per lb,,,,,No,,,,,,,,1.99,$/per lb,1.99,per lb,Midwest,retail,,,,,,,,19.0,3324,Weekly Grocery Store Specialty Crops Feature Activity,2026-09-26T14:36:16+00:00
1c01975afe496794,2016-03-11,Avocados,HASS,each,,,,,Yes,,,,,,,,1.59,$/each,1.59,per each,National,retail,,,,,,,,2171.0,3324,Weekly Grocery Store Specialty Crops Feature Activity,2026-09-26T14:36:16+00:00
302c5c77a351a7b2,2016-03-11,Avocados,HASS,each,,,,,No,,,,,,,,1.05,$/each,1.05,per each,National,retail,,,,,,,,9651.0,3324,Weekly Grocery Store Specialty Crops Feature Activity,2026-09-26T14:36:16+00:00
ca93a47efd9d6663,2016-03-11,Avocados,HASS,per lb,,,,,No,,,,,,,,0.69,$/per lb,0.69,per lb,National,retail,,,,,,,,11.0,3324,Weekly Grocery Store Specialty Crops Feature Activity,2026-09-26T14:36:16+00:00
8c9fddc45f7ad9dc,2016-03-11,Avocados,VARIOUS GREENSKIN VARIETIES,each,,,,,Yes,,,,,,,,1.67,$/each,1.67,per each,National,retail,,,,,,,,5.0,3324,Weekly Grocery Store Specialty Crops Feature Activity,2026-09-26T14:36:16+00:00
ca5e01df733ca290,2016-03-11,Avocados,VARIOUS GREENSKIN VARIETIES,each,,,,,No,,,,,,,,1.05,$/each,1.05,per each,National,retail,,,,,,,,394.0,3324,Weekly Grocery Store Specialty Crops Feature Activity,2026-09-26T14:36:16+00:00
761a670f3cafd13d,2016-03-11,Avocados,VARIOUS GREENSKIN VARIETIES,per lb,,,,,No,,,,,,,,2.69,$/per lb,2.69,per lb,National,retail,,,,,,,,34.0,3324,Weekly Grocery Store Specialty Crops Feature Activity,2026-09-26T14:36:16+00:00
06f4f7933cf3635b,2016-03-11,Bananas,,per lb,,,,,No,,,,,,,,0.46,$/per lb,0.46,per lb,National,retail,,,,,,,,1095.0,3324,Weekly Grocery Store Specialty Crops Feature Activity,2026-09-26T14:36:16+00:00
9690acd5245dd385,2016-03-11,Bananas,,per lb,,,,,Yes,,,,,,,,0.77,$/per lb,0.77,per lb,National,retail,,,,,,,,559.0,3324,Weekly Grocery Store Specialty Crops Feature Activity,2026-09-26T14:36:16+00:00
6c8d412abf9c0916,2016-03-11,Blueberries,,1 pint package,,,,,No,,,,,,,,3.33,$/1 pint package,,,National,retail,,,,,,,,1122.0,3324,Weekly Grocery Store Specialty Crops Feature Activity,2026-09-26T14:36:16+00:00
335f6a3441584e35,2016-03-11,Blueberries,,18 oz package,,,,,No,,,,,,,,3.99,$/18 oz package,3.5467,per lb,National,retail,,,,,,,,160.0,3324,Weekly Grocery Store Specialty Crops Feature Activity,2026-09-26T14:36:16+00:00
53598694645a5db6,2016-03-11,Blueberries,,4.4 oz package,,,,,Yes,,,,,,,,3.4,$/4.4 oz package,12.3636,per lb,National,retail,,,,,,,,387.0,3324,Weekly Grocery Store Specialty Crops Feature Activity,2026-09-26T14:36:16+00:00
55b3a129d376aa6d,2016-03-11,Blueberries,,4.4 oz package,,,,,No,,,,,,,,2.99,$/4.4 oz package,10.8727,per lb,National,retail,,,,,,,,1038.0,3324,Weekly Grocery Store Specialty Crops Feature Activity,2026-09-26T14:36:16+00:00
a23dd145db1a2557,2016-03-11,Blueberries,,6 oz package,,,,,No,,,,,,,,2.7,$/6 oz package,7.2,per lb,National,retail,,,,,,,,4930.0,3324,Weekly Grocery Store Specialty Crops Feature Activity,2026-09-26T14:36:16+00:00
b551a14e8f18525f,2016-03-11,Blueberries,,6 oz package,,,,,Yes,,,,,,,,3.91,$/6 oz package,10.4267,per lb,National,retail,,,,,,,,900.0,3324,Weekly Grocery Store Specialty Crops Feature Activity,2026-09-26T14:36:16+00:00
44673d57442aeb3a,2016-03-11,Broccoli,,per bunch,,,,,Yes,,,,,,,,2.43,$/per bunch,,,National,retail,,,,,,,,889.0,3324,Weekly Grocery Store Specialty Crops Feature Activity,2026-09-26T14:36:16+00:00
bfb704870d9b8cc5,2016-03-11,Broccoli,,per bunch,,,,,No,,,,,,,,1.82,$/per bunch,,,National,retail,,,,,,,,1263.0,3324,Weekly Grocery Store Specialty Crops Feature Activity,2026-09-26T14:36:16+00:00
80669e2b1b4acab9,2016-03-11,Broccoli,,per lb,,,,,Yes,,,,,,,,2.42,$/per lb,2.42,per lb,National,retail,,,,,,,,999.0,3324,Weekly Grocery Store Specialty Crops Feature Activity,2026-09-26T14:36:16+00:00
ff3c24bb0ea2f779,2016-03-11,Broccoli,,per lb,,,,,No,,,,,,,,1.64,$/per lb,1.64,per lb,National,retail,,,,,,,,1666.0,3324,Weekly Grocery Store Specialty Crops Feature Activity,2026-09-26T14:36:16+00:00
22aae19661295ad3,2016-03-11,Broccoli,CROWN CUT,per lb,,,,,Yes,,,,,,,,1.41,$/per lb,1.41,per lb,National,retail,,,,,,,,24.0,3324,Weekly Grocery Store Specialty Crops Feature Activity,2026-09-26T14:36:16+00:00
48c77291bf848280,2016-03-11,Broccoli,CROWN CUT,per lb,,,,,No,,,,,,,,1.59,$/per lb,1.59,per lb,National,retail,,,,,,,,6317.0,3324,Weekly Grocery Store Specialty Crops Feature Activity,2026-09-26T14:36:16+00:00
e0bff9e76dcbfcb1,2016-03-11,Carrots,,1 lb bag,,,,,No,,,,,,,,0.8,$/1 lb bag,0.8,per lb,National,retail,,,,,,,,808.0,3324,Weekly Grocery Store Specialty Crops Feature Activity,2026-09-26T14:36:16+00:00
ff43cc666415844f,2016-03-11,Carrots,,1 lb bag,,,,,Yes,,,,,,,,1.28,$/1 lb bag,1.28,per lb,National,retail,,,,,,,,75.0,3324,Weekly Grocery Store Specialty Crops Feature Activity,2026-09-26T14:36:16+00:00
620aba23ea3960ff,2016-03-11,Carrots,,2 lb bag,,,,,No,,,,,,,,1.31,$/2 lb bag,0.655,per lb,National,retail,,,,,,,,696.0,3324,Weekly Grocery Store Specialty Crops Feature Activity,2026-09-26T14:36:16+00:00
8e1ed3ebf3bf30ab,2016-03-11,Carrots,,2 lb bag,,,,,Yes,,,,,,,,1.94,$/2 lb bag,0.97,per lb,National,retail,,,,,,,,387.0,3324,Weekly Grocery Store Specialty Crops Feature Activity,2026-09-26T14:36:16+00:00
152171e148b647d6,2016-03-11,Carrots,,per bunch,,,,,Yes,,,,,,,,1.89,$/per bunch,,,National,retail,,,,,,,,380.0,3324,Weekly Grocery Store Specialty Crops Feature Activity,2026-09-26T14:36:16+00:00
f22e723fb073e531,2016-03-11,Carrots,,per bunch,,,,,No,,,,,,,,1.5,$/per bunch,,,National,retail,,,,,,,,82.0,3324,Weekly Grocery Store Specialty Crops Feature Activity,2026-09-26T14:36:16+00:00
5bebdb9e82a02e87,2016-03-11,Carrots,,per lb,,,,,No,,,,,,,,0.48,$/per lb,0.48,per lb,National,retail,,,,,,,,115.0,3324,Weekly Grocery Store Specialty Crops Feature Activity,2026-09-26T14:36:16+00:00
4d292001b4705966,2016-03-11,Carrots,BABY PEELED,1 lb bag,,,,,No,,,,,,,,1.3,$/1 lb bag,1.3,per lb,National,retail,,,,,,,,3910.0,3324,Weekly Grocery Store Specialty Crops Feature Activity,2026-09-26T14:36:16+00:00
505534c68e2e0f76,2016-03-11,Carrots,BABY PEELED,1 lb bag,,,,,Yes,,,,,,,,1.43,$/1 lb bag,1.43,per lb,National,retail,,,,,,,,1838.0,3324,Weekly Grocery Store Specialty Crops Feature Activity,2026-09-26T14:36:16+00:00
7b6a6e59c67f0ad6,2016-03-11,Carrots,BABY PEELED,2 lb bag,,,,,No,,,,,,,,2.24,$/2 lb bag,1.12,per lb,National,retail,,,,,,,,1282.0,3324,Weekly Grocery Store Specialty Crops Feature Activity,2026-09-26T14:36:16+00:00
17e173cf27453704,2016-03-11,Celery,,each,,,,,Yes,,,,,,,,1.84,$/each,1.84,per each,National,retail,,,,,,,,1143.0,3324,Weekly Grocery Store Specialty Crops Feature Activity,2026-09-26T14:36:16+00:00
a8a9cc18533a8fb6,2016-03-11,Celery,,each,,,,,No,,,,,,,,1.38,$/each,1.38,per each,National,retail,,,,,,,,2027.0,3324,Weekly Grocery Store Specialty Crops Feature Activity,2026-09-26T14:36:16+00:00
1ab3864e0977d053,2016-03-11,Celery,,per lb,,,,,No,,,,,,,,0.92,$/per lb,0.92,per lb,National,retail,,,,,,,,202.0,3324,Weekly Grocery Store Specialty Crops Feature Activity,2026-09-26T14:36:16+00:00
46814203c2ec478b,2016-03-11,Celery,,per lb,,,,,Yes,,,,,,,,1.03,$/per lb,1.03,per lb,National,retail,,,,,,,,27.0,3324,Weekly Grocery Store Specialty Crops Feature Activity,2026-09-26T14:36:16+00:00
1784aba585f5b0f4,2016-03-11,Celery,HEARTS,each,,,,,No,,,,,,,,2.46,$/each,2.46,per each,National,retail,,,,,,,,538.0,3324,Weekly Grocery Store Specialty Crops Feature Activity,2026-09-26T14:36:16+00:00
8f1795d4ef19bbb0,2016-03-11,Celery,HEARTS,each,,,,,Yes,,,,,,,,3.55,$/each,3.55,per each,National,retail,,,,,,,,371.0,3324,Weekly Grocery Store Specialty Crops Feature Activity,2026-09-26T14:36:16+00:00
14deafe6e17f080d,2016-03-11,Cucumbers,,each,,,,,No,,,,,,,,0.65,$/each,0.65,per each,National,retail,,,,,,,,3126.0,3324,Weekly Grocery Store Specialty Crops Feature Activity,2026-09-26T14:36:16+00:00
272afa107d71b1fc,2016-03-11,Cucumbers,,each,,,,,Yes,,,,,,,,0.96,$/each,0.96,per each,National,retail,,,,,,,,87.0,3324,Weekly Grocery Store Specialty Crops Feature Activity,2026-09-26T14:36:16+00:00
69d92d3f613fbabd,2016-03-11,Cucumbers,LONG SEEDLESS,each,,,,,Yes,,,,,,,,2.49,$/each,2.49,per each,National,retail,,,environment=Greenhouse,,,,,114.0,3324,Weekly Grocery Store Specialty Crops Feature Activity,2026-09-26T14:36:16+00:00
845eb77d4b4e80fe,2016-03-11,Cucumbers,LONG SEEDLESS,each,,,,,No,,,,,,,,1.54,$/each,1.54,per each,National,retail,,,environment=Greenhouse,,,,,2022.0,3324,Weekly Grocery Store Specialty Crops Feature Activity,2026-09-26T14:36:16+00:00
5cccfd212af3ce25,2016-03-11,Grapes,BLACK SEEDLESS,per lb,,,,,No,,,,,,,,2.61,$/per lb,2.61,per lb,National,retail,,,,,,,,2200.0,3324,Weekly Grocery Store Specialty Crops Feature Activity,2026-09-26T14:36:16+00:00
65409123b3a8c14b,2016-03-11,Grapes,RED SEEDLESS,per lb,,,,,No,,,,,,,,2.46,$/per lb,2.46,per lb,National,retail,,,,,,,,7420.0,3324,Weekly Grocery Store Specialty Crops Feature Activity,2026-09-26T14:36:16+00:00
743d48766ae03d49,2016-03-11,Grapes,Red Globe Seeded Type,per lb,,,,,No,,,,,,,,2.06,$/per lb,2.06,per lb,National,retail,,,,,,,,1501.0,3324,Weekly Grocery Store Specialty Crops Feature Activity,2026-09-26T14:36:16+00:00
0f928fa4f67370c0,2016-03-11,Grapes,WHITE SEEDLESS TYPE,per lb,,,,,No,,,,,,,,2.3,$/per lb,2.3,per lb,National,retail,,,,,,,,7230.0,3324,Weekly Grocery Store Specialty Crops Feature Activity,2026-09-26T14:36:16+00:00
ef53df404db0f914,2016-03-11,Lemons,,2 lb bag,,,,,Yes,,,,,,,,3.58,$/2 lb bag,1.79,per lb,National,retail,,,,,,,,851.0,3324,Weekly Grocery Store Specialty Crops Feature Activity,2026-09-26T14:36:16+00:00
f85c51fa796f8e65,2016-03-11,Lemons,,2 lb bag,,,,,No,,,,,,,,3.18,$/2 lb bag,1.59,per lb,National,retail,,,,,,,,1472.0,3324,Weekly Grocery Store Specialty Crops Feature Activity,2026-09-26T14:36:16+00:00
14eaa318f292406a,2016-03-11,Lemons,,each,,,,,No,,,,,,,,0.5,$/each,0.5,per each,National,retail,,,,,,,,1581.0,3324,Weekly Grocery Store Specialty Crops Feature Activity,2026-09-26T14:36:16+00:00
9c4b92fa1c27c05e,2016-03-11,Lemons,,each,,,,,Yes,,,,,,,,0.9,$/each,0.9,per each,National,retail,,,,,,,,240.0,3324,Weekly Grocery Store Specialty Crops Feature Activity,2026-09-26T14:36:16+00:00
80e294e23ad759e3,2016-03-11,Lemons,,per lb,,,,,No,,,,,,,,0.94,$/per lb,0.94,per lb,National,retail,,,,,,,,24.0,3324,Weekly Grocery Store Specialty Crops Feature Activity,2026-09-26T14:36:16+00:00
4dffbb2ca6ab2e0e,2016-03-11,Lettuce,Boston,each,,,,,Yes,,,,,,,,2.15,$/each,2.15,per each,National,retail,,,,,,,,10.0,3324,Weekly Grocery Store Specialty Crops Feature Activity,2026-09-26T14:36:16+00:00
9b87363008f72d42,2016-03-11,Lettuce,Boston,each,,,,,No,,,,,,,,1.57,$/each,1.57,per each,National,retail,,,,,,,,13.0,3324,Weekly Grocery Store Specialty Crops Feature Activity,2026-09-26T14:36:16+00:00
7f457ec6402b3b17,2016-03-11,Lettuce,Boston,per lb,,,,,No,,,,,,,,1.29,$/per lb,1.29,per lb,National,retail,,,,,,,,8.0,3324,Weekly Grocery Store Specialty Crops Feature Activity,2026-09-26T14:36:16+00:00
d127de3e50ae309b,2016-03-11,Lettuce,Boston,per lb,,,,,Yes,,,,,,,,1.99,$/per lb,1.99,per lb,National,retail,,,,,,,,7.0,3324,Weekly Grocery Store Specialty Crops Feature Activity,2026-09-26T14:36:16+00:00
2646769b46be14ce,2016-03-11,Lettuce,Green Leaf,each,,,,,Yes,,,,,,,,1.49,$/each,1.49,per each,National,retail,,,,,,,,156.0,3324,Weekly Grocery Store Specialty Crops Feature Activity,2026-09-26T14:36:16+00:00
cfeb172fb0c5d148,2016-03-11,Lettuce,Green Leaf,each,,,,,No,,,,,,,,1.08,$/each,1.08,per each,National,retail,,,,,,,,1184.0,3324,Weekly Grocery Store Specialty Crops Feature Activity,2026-09-26T14:36:16+00:00
aadc2b36ff9b401f,2016-03-11,Lettuce,Green Leaf,per lb,,,,,Yes,,,,,,,,1.99,$/per lb,1.99,per lb,National,retail,,,,,,,,7.0,3324,Weekly Grocery Store Specialty Crops Feature Activity,2026-09-26T14:36:16+00:00
f89b7bc90095cbe1,2016-03-11,Lettuce,Green Leaf,per lb,,,,,No,,,,,,,,1.41,$/per lb,1.41,per lb,National,retail,,,,,,,,204.0,3324,Weekly Grocery Store Specialty Crops Feature Activity,2026-09-26T14:36:16+00:00
7849f68f70eeee6a,2016-03-11,Lettuce,Iceberg,each,,,,,Yes,,,,,,,,2.04,$/each,2.04,per each,National,retail,,,,,,,,49.0,3324,Weekly Grocery Store Specialty Crops Feature Activity,2026-09-26T14:36:16+00:00
a2a35afc967afb9d,2016-03-11,Lettuce,Iceberg,each,,,,,No,,,,,,,,1.1,$/each,1.1,per each,National,retail,,,,,,,,1879.0,3324,Weekly Grocery Store Specialty Crops Feature Activity,2026-09-26T14:36:16+00:00
f13b0ce9f4e09159,2016-03-11,Lettuce,Iceberg,per lb,,,,,No,,,,,,,,1.87,$/per lb,1.87,per lb,National,retail,,,,,,,,27.0,3324,Weekly Grocery Store Specialty Crops Feature Activity,2026-09-26T14:36:16+00:00
55427ff76a838dad,2016-03-11,Lettuce,Red Leaf,each,,,,,Yes,,,,,,,,1.51,$/each,1.51,per each,National,retail,,,,,,,,162.0,3324,Weekly Grocery Store Specialty Crops Feature Activity,2026-09-26T14:36:16+00:00
fab7bfd0b597e6aa,2016-03-11,Lettuce,Red Leaf,each,,,,,No,,,,,,,,1.09,$/each,1.09,per each,National,retail,,,,,,,,1206.0,3324,Weekly Grocery Store Specialty Crops Feature Activity,2026-09-26T14:36:16+00:00
0fe9f1d93a2e7fa4,2016-03-11,Lettuce,Red Leaf,per lb,,,,,Yes,,,,,,,,1.99,$/per lb,1.99,per lb,National,retail,,,,,,,,7.0,3324,Weekly Grocery Store Specialty Crops Feature Activity,2026-09-26T14:36:16+00:00
fde9b0ee7bca7ab8,2016-03-11,Lettuce,Red Leaf,per lb,,,,,No,,,,,,,,1.41,$/per lb,1.41,per lb,National,retail,,,,,,,,204.0,3324,Weekly Grocery Store Specialty Crops Feature Activity,2026-09-26T14:36:16+00:00
b2a0c4d4d1ef8862,2016-03-11,Lettuce,Romaine,3 count,,,,,No,,,,,,,,0.66,$/3 count,,,National,retail,,,,,,,,8.0,3324,Weekly Grocery Store Specialty Crops Feature Activity,2026-09-26T14:36:16+00:00
c5e0641b7015fced,2016-03-11,Lettuce,Romaine,each,,,,,Yes,,,,,,,,1.2,$/each,1.2,per each,National,retail,,,,,,,,83.0,3324,Weekly Grocery Store Specialty Crops Feature Activity,2026-09-26T14:36:16+00:00
f9ff8c64fecf5173,2016-03-11,Lettuce,Romaine,each,,,,,No,,,,,,,,1.09,$/each,1.09,per each,National,retail,,,,,,,,1319.0,3324,Weekly Grocery Store Specialty Crops Feature Activity,2026-09-26T14:36:16+00:00
fa64043bf8df70a6,2016-03-11,Lettuce,Romaine,per lb,,,,,No,,,,,,,,1.04,$/per lb,1.04,per lb,National,retail,,,,,,,,187.0,3324,Weekly Grocery Store Specialty Crops Feature Activity,2026-09-26T14:36:16+00:00
1a2420a52f94f774,2016-03-11,Lettuce,Romaine (Hearts),3 count,,,,,No,,,,,,,,2.62,$/3 count,,,National,retail,,,,,,,,2078.0,3324,Weekly Grocery Store Specialty Crops Feature Activity,2026-09-26T14:36:16+00:00
775b69f13bea9881,2016-03-11,Lettuce,Romaine (Hearts),3 count,,,,,Yes,,,,,,,,3.05,$/3 count,,,National,retail,,,,,,,,1308.0,3324,Weekly Grocery Store Specialty Crops Feature Activity,2026-09-26T14:36:16+00:00
002ab056a37afca1,2016-03-11,Limes,,each,,,,,No,,,,,,,,0.3,$/each,0.3,per each,National,retail,,,,,,,,561.0,3324,Weekly Grocery Store Specialty Crops Feature Activity,2026-09-26T14:36:16+00:00
a2429000eb7161bf,2016-03-11,Limes,,each,,,,,Yes,,,,,,,,0.4,$/each,0.4,per each,National,retail,,,,,,,,39.0,3324,Weekly Grocery Store Specialty Crops Feature Activity,2026-09-26T14:36:16+00:00
c2d6fbb52651e699,2016-03-11,Limes,,per lb,,,,,No,,,,,,,,0.87,$/per lb,0.87,per lb,National,retail,,,,,,,,103.0,3324,Weekly Grocery Store Specialty Crops Feature Activity,2026-09-26T14:36:16+00:00
eacdcf41630694ea,2016-03-11,Limes,,per lb,,,,,Yes,,,,,,,,1.99,$/per lb,1.99,per lb,National,retail,,,,,,,,221.0,3324,Weekly Grocery Store Specialty Crops Feature Activity,2026-09-26T14:36:16+00:00
1b492b4bd0d0f3a2,2016-03-11,"Onions, Dry",RED,2 lb bag,,,,,Yes,,,,,,,,3.99,$/2 lb bag,1.995,per lb,National,retail,,,,,,,,40.0,3324,Weekly Grocery Store Specialty Crops Feature Activity,2026-09-26T14:36:16+00:00
e571d3c15537c97b,2016-03-11,"Onions, Dry",RED,2 lb bag,,,,,No,,,,,,,,1.99,$/2 lb bag,0.995,per lb,National,retail,,,,,,,,311.0,3324,Weekly Grocery Store Specialty Crops Feature Activity,2026-09-26T14:36:16+00:00
5b3fd342a163726d,2016-03-11,"Onions, Dry",RED,3 lb bag,,,,,No,,,,,,,,1.38,$/3 lb bag,0.46,per lb,National,retail,,,,,,,,2.0,3324,Weekly Grocery Store Specialty Crops Feature Activity,2026-09-26T14:36:16+00:00
719dbdf884ea8162,2016-03-11,"Onions, Dry",RED,per lb,,,,,No,,,,,,,,1.02,$/per lb,1.02,per lb,National,retail,,,,,,,,220.0,3324,Weekly Grocery Store Specialty Crops Feature Activity,2026-09-26T14:36:16+00:00
8d75a65358c7b20f,2016-03-11,"Onions, Dry",WHITE,2 lb bag,,,,,No,,,,,,,,1.99,$/2 lb bag,0.995,per lb,National,retail,,,,,,,,7.0,3324,Weekly Grocery Store Specialty Crops Feature Activity,2026-09-26T14:36:16+00:00
701fefa1eb57dc3a,2016-03-11,"Onions, Dry",WHITE,per lb,,,,,Yes,,,,,,,,1.39,$/per lb,1.39,per lb,National,retail,,,,,,,,18.0,3324,Weekly Grocery Store Specialty Crops Feature Activity,2026-09-26T14:36:16+00:00
7db88ce41b2461cc,2016-03-11,"Onions, Dry",WHITE,per lb,,,,,No,,,,,,,,0.65,$/per lb,0.65,per lb,National,retail,,,,,,,,663.0,3324,Weekly Grocery Store Specialty Crops Feature Activity,2026-09-26T14:36:16+00:00
2b87c135a1a6e1e4,2016-03-11,"Onions, Dry",YELLOW,2 lb bag,,,,,No,,,,,,,,1.35,$/2 lb bag,0.675,per lb,National,retail,,,,,,,,278.0,3324,Weekly Grocery Store Specialty Crops Feature Activity,2026-09-26T14:36:16+00:00
6fdf1caf053ab04a,2016-03-11,"Onions, Dry",YELLOW,2 lb bag,,,,,Yes,,,,,,,,1.83,$/2 lb bag,0.915,per lb,National,retail,,,,,,,,15.0,3324,Weekly Grocery Store Specialty Crops Feature Activity,2026-09-26T14:36:16+00:00
6e9971ddca64658b,2016-03-11,"Onions, Dry",YELLOW,3 lb bag,,,,,No,,,,,,,,1.68,$/3 lb bag,0.56,per lb,National,retail,,,,,,,,4125.0,3324,Weekly Grocery Store Specialty Crops Feature Activity,2026-09-26T14:36:16+00:00
bf425bde093bc289,2016-03-11,"Onions, Dry",YELLOW,3 lb bag,,,,,Yes,,,,,,,,3.06,$/3 lb bag,1.02,per lb,National,retail,,,,,,,,908.0,3324,Weekly Grocery Store Specialty Crops Feature Activity,2026-09-26T14:36:16+00:00
404658bab058074b,2016-03-11,"Onions, Dry",YELLOW,5 lb bag,,,,,No,,,,,,,,2.61,$/5 lb bag,0.522,per lb,National,retail,,,,,,,,258.0,3324,Weekly Grocery Store Specialty Crops Feature Activity,2026-09-26T14:36:16+00:00
4a6c8f9a0a2e548a,2016-03-11,"Onions, Dry",YELLOW,per lb,,,,,Yes,,,,,,,,1.24,$/per lb,1.24,per lb,National,retail,,,,,,,,345.0,3324,Weekly Grocery Store Specialty Crops Feature Activity,2026-09-26T14:36:16+00:00
5d1ac2b3fe1bc84e,2016-03-11,"Onions, Dry",YELLOW,per lb,,,,,No,,,,,,,,0.66,$/per lb,0.66,per lb,National,retail,,,,,,,,1034.0,3324,Weekly Grocery Store Specialty Crops Feature Activity,2026-09-26T14:36:16+00:00
92331d180e267a42,2016-03-11,"Onions, Dry",YELLOW MARKED SWEET,2 lb bag,,,,,Yes,,,,,,,,2.99,$/2 lb bag,1.495,per lb,National,retail,,,,,,,,7.0,3324,Weekly Grocery Store Specialty Crops Feature Activity,2026-09-26T14:36:16+00:00
a3d20fd7896fc311,2016-03-11,"Onions, Dry",YELLOW MARKED SWEET,2 lb bag,,,,,No,,,,,,,,1.49,$/2 lb bag,0.745,per lb,National,retail,,,,,,,,36.0,3324,Weekly Grocery Store Specialty Crops Feature Activity,2026-09-26T14:36:16+00:00
e43af7aecb620ae0,2016-03-11,"Onions, Dry",YELLOW MARKED SWEET,3 lb bag,,,,,No,,,,,,,,1.9,$/3 lb bag,0.6333,per lb,National,retail,,,,,,,,244.0,3324,Weekly Grocery Store Specialty Crops Feature Activity,2026-09-26T14:36:16+00:00
0e69def1937778e5,2016-03-11,"Onions, Dry",YELLOW MARKED SWEET,per lb,,,,,No,,,,,,,,1.09,$/per lb,1.09,per lb,National,retail,,,,,,,,3491.0,3324,Weekly Grocery Store Specialty Crops Feature Activity,2026-09-26T14:36:16+00:00
12b5d0d0cf789d6c,2016-03-11,"Peppers, Bell Type",GREEN,each,,,,,No,,,,,,,,1.28,$/each,1.28,per each,National,retail,,,,,,,,879.0,3324,Weekly Grocery Store Specialty Crops Feature Activity,2026-09-26T14:36:16+00:00
7e4fffdd6e204990,2016-03-11,"Peppers, Bell Type",GREEN,each,,,,,Yes,,,,,,,,1.99,$/each,1.99,per each,National,retail,,,,,,,,75.0,3324,Weekly Grocery Store Specialty Crops Feature Activity,2026-09-26T14:36:16+00:00
637034e274f8fe94,2016-03-11,"Peppers, Bell Type",GREEN,per lb,,,,,No,,,,,,,,1.29,$/per lb,1.29,per lb,National,retail,,,,,,,,55.0,3324,Weekly Grocery Store Specialty Crops Feature Activity,2026-09-26T14:36:16+00:00
0711cedf5a90b6e3,2016-03-11,"Peppers, Bell Type",ORANGE,each,,,,,No,,,,,,,,1.63,$/each,1.63,per each,National,retail,,,environment=Greenhouse,,,,,816.0,3324,Weekly Grocery Store Specialty Crops Feature Activity,2026-09-26T14:36:16+00:00
2b6d1ef6cabf09fd,2016-03-11,"Peppers, Bell Type",ORANGE,each,,,,,No,,,,,,,,1.63,$/each,1.63,per each,National,retail,,,,,,,,1674.0,3324,Weekly Grocery Store Specialty Crops Feature Activity,2026-09-26T14:36:16+00:00
52d2a094a92ee325,2016-03-11,"Peppers, Bell Type",ORANGE,each,,,,,Yes,,,,,,,,2.02,$/each,2.02,per each,National,retail,,,,,,,,142.0,3324,Weekly Grocery Store Specialty Crops Feature Activity,2026-09-26T14:36:16+00:00
641fe9ad5683b335,2016-03-11,"Peppers, Bell Type",ORANGE,per lb,,,,,Yes,,,,,,,,4.29,$/per lb,4.29,per lb,National,retail,,,,,,,,1.0,3324,Weekly Grocery Store Specialty Crops Feature Activity,2026-09-26T14:36:16+00:00
cc9905d560fc256d,2016-03-11,"Peppers, Bell Type",ORANGE,per lb,,,,,No,,,,,,,,3.14,$/per lb,3.14,per lb,National,retail,,,,,,,,192.0,3324,Weekly Grocery Store Specialty Crops Feature Activity,2026-09-26T14:36:16+00:00
04a9a95ed7e7c72e,2016-03-11,"Peppers, Bell Type",RED,each,,,,,No,,,,,,,,1.54,$/each,1.54,per each,National,retail,,,,,,,,2270.0,3324,Weekly Grocery Store Specialty Crops Feature Activity,2026-09-26T14:36:16+00:00
b730cd71a5d418d6,2016-03-11,"Peppers, Bell Type",RED,each,,,,,Yes,,,,,,,,2.11,$/each,2.11,per each,National,retail,,,,,,,,177.0,3324,Weekly Grocery Store Specialty Crops Feature Activity,2026-09-26T14:36:16+00:00
e5bc28fcbdbf3efa,2016-03-11,"Peppers, Bell Type",RED,each,,,,,No,,,,,,,,1.54,$/each,1.54,per each,National,retail,,,environment=Greenhouse,,,,,816.0,3324,Weekly Grocery Store Specialty Crops Feature Activity,2026-09-26T14:36:16+00:00
08a4b37d52f35990,2016-03-11,"Peppers, Bell Type",RED,per lb,,,,,Yes,,,,,,,,4.29,$/per lb,4.29,per lb,National,retail,,,,,,,,1.0,3324,Weekly Grocery Store Specialty Crops Feature Activity,2026-09-26T14:36:16+00:00
d11ed9e86db26e76,2016-03-11,"Peppers, Bell Type",RED,per lb,,,,,No,,,,,,,,2.73,$/per lb,2.73,per lb,National,retail,,,,,,,,423.0,3324,Weekly Grocery Store Specialty Crops Feature Activity,2026-09-26T14:36:16+00:00
3c6583e84fbbbafe,2016-03-11,"Peppers, Bell Type",YELLOW,each,,,,,Yes,,,,,,,,2.11,$/each,2.11,per each,National,retail,,,,,,,,177.0,3324,Weekly Grocery Store Specialty Crops Feature Activity,2026-09-26T14:36:16+00:00
3f55bda22f9539bc,2016-03-11,"Peppers, Bell Type",YELLOW,each,,,,,No,,,,,,,,1.63,$/each,1.63,per each,National,retail,,,,,,,,1674.0,3324,Weekly Grocery Store Specialty Crops Feature Activity,2026-09-26T14:36:16+00:00
fe8de7de1a672005,2016-03-11,"Peppers, Bell Type",YELLOW,each,,,,,No,,,,,,,,1.63,$/each,1.63,per each,National,retail,,,environment=Greenhouse,,,,,816.0,3324,Weekly Grocery Store Specialty Crops Feature Activity,2026-09-26T14:36:16+00:00
28dc05fda44e0b38,2016-03-11,"Peppers, Bell Type",YELLOW,per lb,,,,,No,,,,,,,,2.95,$/per lb,2.95,per lb,National,retail,,,,,,,,212.0,3324,Weekly Grocery Store Specialty Crops Feature Activity,2026-09-26T14:36:16+00:00
b82eb8725ede3f4c,2016-03-11,"Peppers, Bell Type",YELLOW,per lb,,,,,Yes,,,,,,,,4.29,$/per lb,4.29,per lb,National,retail,,,,,,,,1.0,3324,Weekly Grocery Store Specialty Crops Feature Activity,2026-09-26T14:36:16+00:00
341f8db49a2cc92e,2016-03-11,Potatoes,ROUND RED,10 lb bag,,,,,No,,,,,,,,2.19,$/10 lb bag,0.219,per lb,National,retail,,,,,,,,97.0,3324,Weekly Grocery Store Specialty Crops Feature Activity,2026-09-26T14:36:16+00:00
6003bccbefa8e9ae,2016-03-11,Potatoes,ROUND RED,3 lb bag,,,,,No,,,,,,,,2.16,$/3 lb bag,0.72,per lb,National,retail,,,,,,,,763.0,3324,Weekly Grocery Store Specialty Crops Feature Activity,2026-09-26T14:36:16+00:00
7a5dd39e4445f21b,2016-03-11,Potatoes,ROUND RED,3 lb bag,,,,,Yes,,,,,,,,3.33,$/3 lb bag,1.11,per lb,National,retail,,,,,,,,290.0,3324,Weekly Grocery Store Specialty Crops Feature Activity,2026-09-26T14:36:16+00:00
b0364a1a09538ae5,2016-03-11,Potatoes,ROUND RED,5 lb bag,,,,,No,,,,,,,,2.24,$/5 lb bag,0.448,per lb,National,retail,,,,,,,,4461.0,3324,Weekly Grocery Store Specialty Crops Feature Activity,2026-09-26T14:36:16+00:00
e4411b8b5c124fa2,2016-03-11,Potatoes,ROUND RED,5 lb bag,,,,,Yes,,,,,,,,4.99,$/5 lb bag,0.998,per lb,National,retail,,,,,,,,59.0,3324,Weekly Grocery Store Specialty Crops Feature Activity,2026-09-26T14:36:16+00:00
b2da2598736f4b7d,2016-03-11,Potatoes,ROUND RED,8 lb bag,,,,,No,,,,,,,,2.99,$/8 lb bag,0.3738,per lb,National,retail,,,,,,,,26.0,3324,Weekly Grocery Store Specialty Crops Feature Activity,2026-09-26T14:36:16+00:00
ed222d69faa5975f,2016-03-11,Potatoes,ROUND RED,per lb,,,,,No,,,,,,,,0.75,$/per lb,0.75,per lb,National,retail,,,,,,,,2199.0,3324,Weekly Grocery Store Specialty Crops Feature Activity,2026-09-26T14:36:16+00:00
ef09c03548a181a6,2016-03-11,Potatoes,ROUND RED,per lb,,,,,Yes,,,,,,,,0.99,$/per lb,0.99,per lb,National,retail,,,,,,,,9.0,3324,Weekly Grocery Store Specialty Crops Feature Activity,2026-09-26T14:36:16+00:00
58bbcf131e538d49,2016-03-11,Potatoes,ROUND WHITE,10 lb bag,,,,,No,,,,,,,,2.47,$/10 lb bag,0.247,per lb,National,retail,,,,,,,,396.0,3324,Weekly Grocery Store Specialty Crops Feature Activity,2026-09-26T14:36:16+00:00
1f805b2590339837,2016-03-11,Potatoes,ROUND WHITE,5 lb bag,,,,,No,,,,,,,,2.19,$/5 lb bag,0.438,per lb,National,retail,,,,,,,,1973.0,3324,Weekly Grocery Store Specialty Crops Feature Activity,2026-09-26T14:36:16+00:00
e8f54f8c5445ebdd,2016-03-11,Potatoes,ROUND WHITE,per lb,,,,,No,,,,,,,,0.83,$/per lb,0.83,per lb,National,retail,,,,,,,,47.0,3324,Weekly Grocery Store Specialty Crops Feature Activity,2026-09-26T14:36:16+00:00
0701dd8c5d47f9c3,2016-03-11,Potatoes,RUSSET,10 lb bag,,,,,No,,,,,,,,2.67,$/10 lb bag,0.267,per lb,National,retail,,,,,,,,3198.0,3324,Weekly Grocery Store Specialty Crops Feature Activity,2026-09-26T14:36:16+00:00
086b26214bb82a37,2016-03-11,Potatoes,RUSSET,3 lb bag,,,,,No,,,,,,,,0.99,$/3 lb bag,0.33,per lb,National,retail,,,,,,,,94.0,3324,Weekly Grocery Store Specialty Crops Feature Activity,2026-09-26T14:36:16+00:00
552a9bcc8e32dce5,2016-03-11,Potatoes,RUSSET,3 lb bag,,,,,Yes,,,,,,,,2.14,$/3 lb bag,0.7133,per lb,National,retail,,,,,,,,1080.0,3324,Weekly Grocery Store Specialty Crops Feature Activity,2026-09-26T14:36:16+00:00
5263a4e42189ae94,2016-03-11,Potatoes,RUSSET,5 lb bag,,,,,Yes,,,,,,,,4.13,$/5 lb bag,0.826,per lb,National,retail,,,,,,,,270.0,3324,Weekly Grocery Store Specialty Crops Feature Activity,2026-09-26T14:36:16+00:00
a7afa332b29fd0ca,2016-03-11,Potatoes,RUSSET,5 lb bag,,,,,No,,,,,,,,1.97,$/5 lb bag,0.394,per lb,National,retail,,,,,,,,1519.0,3324,Weekly Grocery Store Specialty Crops Feature Activity,2026-09-26T14:36:16+00:00
6c39de0674f90729,2016-03-11,Potatoes,RUSSET,8 lb bag,,,,,No,,,,,,,,2.35,$/8 lb bag,0.2938,per lb,National,retail,,,,,,,,252.0,3324,Weekly Grocery Store Specialty Crops Feature Activity,2026-09-26T14:36:16+00:00
792960039034d6f1,2016-03-11,Potatoes,RUSSET,per lb,,,,,No,,,,,,,,0.78,$/per lb,0.78,per lb,National,retail,,,,,,,,987.0,3324,Weekly Grocery Store Specialty Crops Feature Activity,2026-09-26T14:36:16+00:00
8c4671f8f5e49599,2016-03-11,Potatoes,RUSSET,per lb,,,,,Yes,,,,,,,,1.39,$/per lb,1.39,per lb,National,retail,,,,,,,,5.0,3324,Weekly Grocery Store Specialty Crops Feature Activity,2026-09-26T14:36:16+00:00
b4dd6c901cbc800f,2016-03-11,Potatoes,YELLOW TYPE,10 lb bag,,,,,No,,,,,,,,1.99,$/10 lb bag,0.199,per lb,National,retail,,,,,,,,8.0,3324,Weekly Grocery Store Specialty Crops Feature Activity,2026-09-26T14:36:16+00:00
305395a110379a56,2016-03-11,Potatoes,YELLOW TYPE,3 lb bag,,,,,No,,,,,,,,1.66,$/3 lb bag,0.5533,per lb,National,retail,,,,,,,,64.0,3324,Weekly Grocery Store Specialty Crops Feature Activity,2026-09-26T14:36:16+00:00
714c0de193f37870,2016-03-11,Potatoes,YELLOW TYPE,3 lb bag,,,,,Yes,,,,,,,,2.51,$/3 lb bag,0.8367,per lb,National,retail,,,,,,,,300.0,3324,Weekly Grocery Store Specialty Crops Feature Activity,2026-09-26T14:36:16+00:00
6814c33a38c53335,2016-03-11,Potatoes,YELLOW TYPE,5 lb bag,,,,,Yes,,,,,,,,3.99,$/5 lb bag,0.798,per lb,National,retail,,,,,,,,136.0,3324,Weekly Grocery Store Specialty Crops Feature Activity,2026-09-26T14:36:16+00:00
7548c71a75ed4b7b,2016-03-11,Potatoes,YELLOW TYPE,5 lb bag,,,,,No,,,,,,,,2.65,$/5 lb bag,0.53,per lb,National,retail,,,,,,,,607.0,3324,Weekly Grocery Store Specialty Crops Feature Activity,2026-09-26T14:36:16+00:00
212ab5c583e70579,2016-03-11,Potatoes,YELLOW TYPE,per lb,,,,,No,,,,,,,,0.84,$/per lb,0.84,per lb,National,retail,,,,,,,,298.0,3324,Weekly Grocery Store Specialty Crops Feature Activity,2026-09-26T14:36:16+00:00
48b38efd189abc18,2016-03-11,Potatoes,YELLOW TYPE,per lb,,,,,Yes,,,,,,,,1.0,$/per lb,1.0,per lb,National,retail,,,,,,,,28.0,3324,Weekly Grocery Store Specialty Crops Feature Activity,2026-09-26T14:36:16+00:00
00e8d46086edb790,2016-03-11,Strawberries,,1 lb package,,,,,Yes,,,,,,,,4.04,$/1 lb package,4.04,per lb,National,retail,,,,,,,,1849.0,3324,Weekly Grocery Store Specialty Crops Feature Activity,2026-09-26T14:36:16+00:00
112792522721cda9,2016-03-11,Strawberries,,1 lb package,,,,,No,,,,,,,,2.23,$/1 lb package,2.23,per lb,National,retail,,,,,,,,11246.0,3324,Weekly Grocery Store Specialty Crops Feature Activity,2026-09-26T14:36:16+00:00
82651b5b7a80a057,2016-03-11,Strawberries,,2 lb package,,,,,No,,,,,,,,4.9,$/2 lb package,2.45,per lb,National,retail,,,,,,,,1204.0,3324,Weekly Grocery Store Specialty Crops Feature Activity,2026-09-26T14:36:16+00:00
a2605035d44d55d7,2016-03-11,Tomatoes,,per lb,,,,,Yes,,,,,,,,2.99,$/per lb,2.99,per lb,National,retail,,,,,,,,230.0,3324,Weekly Grocery Store Specialty Crops Feature Activity,2026-09-26T14:36:16+00:00
b5a86009fd83dd78,2016-03-11,Tomatoes,,per lb,,,,,No,,,,,,,,1.23,$/per lb,1.23,per lb,National,retail,,,,,,,,1078.0,3324,Weekly Grocery Store Specialty Crops Feature Activity,2026-09-26T14:36:16+00:00
23a5f09d8a49a344,2016-03-11,Tomatoes,Cherry Type,1 pint package,,,,,Yes,,,,,,,,3.0,$/1 pint package,,,National,retail,,,,,,,,66.0,3324,Weekly Grocery Store Specialty Crops Feature Activity,2026-09-26T14:36:16+00:00
29fc918cc225b6f7,2016-03-11,Tomatoes,Cherry Type,1 pint package,,,,,No,,,,,,,,2.0,$/1 pint package,,,National,retail,,,,,,,,11.0,3324,Weekly Grocery Store Specialty Crops Feature Activity,2026-09-26T14:36:16+00:00
bac856b4d24fe215,2016-03-11,Tomatoes,GRAPE TYPE,1 pint package,,,,,No,,,,,,,,2.32,$/1 pint package,,,National,retail,,,,,,,,3239.0,3324,Weekly Grocery Store Specialty Crops Feature Activity,2026-09-26T14:36:16+00:00
f62e9a4347887e47,2016-03-11,Tomatoes,GRAPE TYPE,1 pint package,,,,,Yes,,,,,,,,2.72,$/1 pint package,,,National,retail,,,,,,,,1188.0,3324,Weekly Grocery Store Specialty Crops Feature Activity,2026-09-26T14:36:16+00:00
2e7a6aab6ab5298a,2016-03-11,Tomatoes,GRAPE TYPE,10 oz package,,,,,Yes,,,,,,,,2.56,$/10 oz package,4.096,per lb,National,retail,,,,,,,,179.0,3324,Weekly Grocery Store Specialty Crops Feature Activity,2026-09-26T14:36:16+00:00
8b63accff7328411,2016-03-11,Tomatoes,GRAPE TYPE,10 oz package,,,,,No,,,,,,,,2.05,$/10 oz package,3.28,per lb,National,retail,,,,,,,,744.0,3324,Weekly Grocery Store Specialty Crops Feature Activity,2026-09-26T14:36:16+00:00
1797aa880f57b75b,2016-03-11,Tomatoes,Plum Type (Roma),per lb,,,,,Yes,,,,,,,,1.22,$/per lb,1.22,per lb,National,retail,,,,,,,,156.0,3324,Weekly Grocery Store Specialty Crops Feature Activity,2026-09-26T14:36:16+00:00
78211c4f4f7a74c0,2016-03-11,Tomatoes,Plum Type (Roma),per lb,,,,,No,,,,,,,,1.12,$/per lb,1.12,per lb,National,retail,,,,,,,,3921.0,3324,Weekly Grocery Store Specialty Crops Feature Activity,2026-09-26T14:36:16+00:00
a8ed04d54ddab477,2016-03-11,Tomatoes,VINE RIPES,per lb,,,,,No,,,,,,,,1.96,$/per lb,1.96,per lb,National,retail,,,environment=Greenhouse,,,,,885.0,3324,Weekly Grocery Store Specialty Crops Feature Activity,2026-09-26T14:36:16+00:00
ce67181286f8c3e9,2016-03-11,Tomatoes,VINE RIPES,per lb,,,,,Yes,,,,,,,,2.99,$/per lb,2.99,per lb,National,retail,,,,,,,,5.0,3324,Weekly Grocery Store Specialty Crops Feature Activity,2026-09-26T14:36:16+00:00
f1c8771c4eb0380a,2016-03-11,Tomatoes,VINE RIPES,per lb,,,,,No,,,,,,,,1.96,$/per lb,1.96,per lb,National,retail,,,,,,,,639.0,3324,Weekly Grocery Store Specialty Crops Feature Activity,2026-09-26T14:36:16+00:00
c33ce7f2b1a29ef5,2016-03-11,Tomatoes,VINE RIPES - ON THE VINE,per lb,,,,,No,,,,,,,,1.98,$/per lb,1.98,per lb,National,retail,,,environment=Greenhouse,,,,,3445.0,3324,Weekly Grocery Store Specialty Crops Feature Activity,2026-09-26T14:36:16+00:00
e8fe40524f84be9a,2016-03-11,Tomatoes,VINE RIPES - ON THE VINE,per lb,,,,,Yes,,,,,,,,2.67,$/per lb,2.67,per lb,National,retail,,,environment=Greenhouse,,,,,828.0,3324,Weekly Grocery Store Specialty Crops Feature Activity,2026-09-26T14:36:16+00:00
4283af78c526a986,2016-03-11,Tomatoes,Vine Ripes - Heirloom Varieties,per lb,,,,,Yes,,,,,,,,3.97,$/per lb,3.97,per lb,National,retail,,,,,,,,184.0,3324,Weekly Grocery Store Specialty Crops Feature Activity,2026-09-26T14:36:16+00:00
7018ad0276f78033,2016-03-11,Tomatoes,Vine Ripes - Heirloom Varieties,per lb,,,,,No,,,,,,,,1.99,$/per lb,1.99,per lb,National,retail,,,,,,,,19.0,3324,Weekly Grocery Store Specialty Crops Feature Activity,2026-09-26T14:36:16+00:00
03dcdaa2a53e32f3,2016-03-11,Avocados,HASS,each,,,,,Yes,,,,,,,,1.67,$/each,1.67,per each,Northeast,retail,,,,,,,,132.0,3324,Weekly Grocery Store Specialty Crops Feature Activity,2026-09-26T14:36:16+00:00
6ff00cf1648e49bb,2016-03-11,Avocados,HASS,each,,,,,No,,,,,,,,1.08,$/each,1.08,per each,Northeast,retail,,,,,,,,2203.0,3324,Weekly Grocery Store Specialty Crops Feature Activity,2026-09-26T14:36:16+00:00
53f396c2e0c0d53f,2016-03-11,Avocados,VARIOUS GREENSKIN VARIETIES,each,,,,,No,,,,,,,,1.25,$/each,1.25,per each,Northeast,retail,,,,,,,,167.0,3324,Weekly Grocery Store Specialty Crops Feature Activity,2026-09-26T14:36:16+00:00
7d7db8b96fab3d10,2016-03-11,Avocados,VARIOUS GREENSKIN VARIETIES,each,,,,,Yes,,,,,,,,1.67,$/each,1.67,per each,Northeast,retail,,,,,,,,5.0,3324,Weekly Grocery Store Specialty Crops Feature Activity,2026-09-26T14:36:16+00:00
4faf9f12fb8b5cd9,2016-03-11,Bananas,,per lb,,,,,Yes,,,,,,,,0.8,$/per lb,0.8,per lb,Northeast,retail,,,,,,,,256.0,3324,Weekly Grocery Store Specialty Crops Feature Activity,2026-09-26T14:36:16+00:00
aba9e89a5e1ecfef,2016-03-11,Bananas,,per lb,,,,,No,,,,,,,,0.5,$/per lb,0.5,per lb,Northeast,retail,,,,,,,,352.0,3324,Weekly Grocery Store Specialty Crops Feature Activity,2026-09-26T14:36:16+00:00
d30336a88da1ce53,2016-03-11,Blueberries,,1 pint package,,,,,No,,,,,,,,3.54,$/1 pint package,,,Northeast,retail,,,,,,,,71.0,3324,Weekly Grocery Store Specialty Crops Feature Activity,2026-09-26T14:36:16+00:00
d34ce4082d7a764d,2016-03-11,Blueberries,,4.4 oz package,,,,,Yes,,,,,,,,2.64,$/4.4 oz package,9.6,per lb,Northeast,retail,,,,,,,,165.0,3324,Weekly Grocery Store Specialty Crops Feature Activity,2026-09-26T14:36:16+00:00
de974d228fcf0e2a,2016-03-11,Blueberries,,4.4 oz package,,,,,No,,,,,,,,2.99,$/4.4 oz package,10.8727,per lb,Northeast,retail,,,,,,,,667.0,3324,Weekly Grocery Store Specialty Crops Feature Activity,2026-09-26T14:36:16+00:00
43c646e35223c36d,2016-03-11,Blueberries,,6 oz package,,,,,No,,,,,,,,2.58,$/6 oz package,6.88,per lb,Northeast,retail,,,,,,,,745.0,3324,Weekly Grocery Store Specialty Crops Feature Activity,2026-09-26T14:36:16+00:00
d5e398e1d98b53f1,2016-03-11,Blueberries,,6 oz package,,,,,Yes,,,,,,,,3.99,$/6 oz package,10.64,per lb,Northeast,retail,,,,,,,,667.0,3324,Weekly Grocery Store Specialty Crops Feature Activity,2026-09-26T14:36:16+00:00
3aec7185a2ab594f,2016-03-11,Broccoli,,per bunch,,,,,Yes,,,,,,,,2.79,$/per bunch,,,Northeast,retail,,,,,,,,360.0,3324,Weekly Grocery Store Specialty Crops Feature Activity,2026-09-26T14:36:16+00:00
99e18a1f031307aa,2016-03-11,Broccoli,,per bunch,,,,,No,,,,,,,,1.66,$/per bunch,,,Northeast,retail,,,,,,,,354.0,3324,Weekly Grocery Store Specialty Crops Feature Activity,2026-09-26T14:36:16+00:00
20ba63edd1d14e38,2016-03-11,Broccoli,,per lb,,,,,No,,,,,,,,1.69,$/per lb,1.69,per lb,Northeast,retail,,,,,,,,396.0,3324,Weekly Grocery Store Specialty Crops Feature Activity,2026-09-26T14:36:16+00:00
37aa2a00798019b6,2016-03-11,Broccoli,,per lb,,,,,Yes,,,,,,,,2.99,$/per lb,2.99,per lb,Northeast,retail,,,,,,,,543.0,3324,Weekly Grocery Store Specialty Crops Feature Activity,2026-09-26T14:36:16+00:00
6b156ffcabd49561,2016-03-11,Broccoli,CROWN CUT,per lb,,,,,No,,,,,,,,1.74,$/per lb,1.74,per lb,Northeast,retail,,,,,,,,2111.0,3324,Weekly Grocery Store Specialty Crops Feature Activity,2026-09-26T14:36:16+00:00
02944b3df415a590,2016-03-11,Carrots,,1 lb bag,,,,,No,,,,,,,,1.11,$/1 lb bag,1.11,per lb,Northeast,retail,,,,,,,,210.0,3324,Weekly Grocery Store Specialty Crops Feature Activity,2026-09-26T14:36:16+00:00
cde94bba9afa6ad6,2016-03-11,Carrots,,1 lb bag,,,,,Yes,,,,,,,,1.28,$/1 lb bag,1.28,per lb,Northeast,retail,,,,,,,,67.0,3324,Weekly Grocery Store Specialty Crops Feature Activity,2026-09-26T14:36:16+00:00
9040c2f3e5ce93d1,2016-03-11,Carrots,,2 lb bag,,,,,No,,,,,,,,1.49,$/2 lb bag,0.745,per lb,Northeast,retail,,,,,,,,262.0,3324,Weekly Grocery Store Specialty Crops Feature Activity,2026-09-26T14:36:16+00:00
a10a5a59c89ef5d1,2016-03-11,Carrots,,2 lb bag,,,,,Yes,,,,,,,,2.04,$/2 lb bag,1.02,per lb,Northeast,retail,,,,,,,,272.0,3324,Weekly Grocery Store Specialty Crops Feature Activity,2026-09-26T14:36:16+00:00
76a67bd339c816b4,2016-03-11,Carrots,,per bunch,,,,,No,,,,,,,,1.5,$/per bunch,,,Northeast,retail,,,,,,,,82.0,3324,Weekly Grocery Store Specialty Crops Feature Activity,2026-09-26T14:36:16+00:00
e1d62f1d9830e4ae,2016-03-11,Carrots,,per bunch,,,,,Yes,,,,,,,,1.49,$/per bunch,,,Northeast,retail,,,,,,,,16.0,3324,Weekly Grocery Store Specialty Crops Feature Activity,2026-09-26T14:36:16+00:00
c454402cafeb7dd9,2016-03-11,Carrots,BABY PEELED,1 lb bag,,,,,Yes,,,,,,,,1.77,$/1 lb bag,1.77,per lb,Northeast,retail,,,,,,,,392.0,3324,Weekly Grocery Store Specialty Crops Feature Activity,2026-09-26T14:36:16+00:00
cac9228f12ed7185,2016-03-11,Carrots,BABY PEELED,1 lb bag,,,,,No,,,,,,,,1.22,$/1 lb bag,1.22,per lb,Northeast,retail,,,,,,,,980.0,3324,Weekly Grocery Store Specialty Crops Feature Activity,2026-09-26T14:36:16+00:00
b332480a3047bd79,2016-03-11,Carrots,BABY PEELED,2 lb bag,,,,,No,,,,,,,,2.45,$/2 lb bag,1.225,per lb,Northeast,retail,,,,,,,,259.0,3324,Weekly Grocery Store Specialty Crops Feature Activity,2026-09-26T14:36:16+00:00
d70b9157f69b709b,2016-03-11,Celery,,each,,,,,Yes,,,,,,,,2.15,$/each,2.15,per each,Northeast,retail,,,,,,,,119.0,3324,Weekly Grocery Store Specialty Crops Feature Activity,2026-09-26T14:36:16+00:00
db06715bff05efbf,2016-03-11,Celery,,each,,,,,No,,,,,,,,1.6,$/each,1.6,per each,Northeast,retail,,,,,,,,577.0,3324,Weekly Grocery Store Specialty Crops Feature Activity,2026-09-26T14:36:16+00:00
bb4c9065cfc31250,2016-03-11,Celery,HEARTS,each,,,,,Yes,,,,,,,,3.63,$/each,3.63,per each,Northeast,retail,,,,,,,,338.0,3324,Weekly Grocery Store Specialty Crops Feature Activity,2026-09-26T14:36:16+00:00
e6fc30fcc8d0c033,2016-03-11,Celery,HEARTS,each,,,,,No,,,,,,,,2.38,$/each,2.38,per each,Northeast,retail,,,,,,,,473.0,3324,Weekly Grocery Store Specialty Crops Feature Activity,2026-09-26T14:36:16+00:00
9c40096ac5ce450f,2016-03-11,Cucumbers,,each,,,,,No,,,,,,,,0.78,$/each,0.78,per each,Northeast,retail,,,,,,,,997.0,3324,Weekly Grocery Store Specialty Crops Feature Activity,2026-09-26T14:36:16+00:00
4b5ef5723596ab6a,2016-03-11,Cucumbers,LONG SEEDLESS,each,,,,,No,,,,,,,,1.71,$/each,1.71,per each,Northeast,retail,,,environment=Greenhouse,,,,,1093.0,3324,Weekly Grocery Store Specialty Crops Feature Activity,2026-09-26T14:36:16+00:00
dec6b81a8aed8f68,2016-03-11,Grapes,BLACK SEEDLESS,per lb,,,,,No,,,,,,,,2.99,$/per lb,2.99,per lb,Northeast,retail,,,,,,,,459.0,3324,Weekly Grocery Store Specialty Crops Feature Activity,2026-09-26T14:36:16+00:00
fac031632ad5e6bc,2016-03-11,Grapes,RED SEEDLESS,per lb,,,,,No,,,,,,,,2.66,$/per lb,2.66,per lb,Northeast,retail,,,,,,,,1249.0,3324,Weekly Grocery Store Specialty Crops Feature Activity,2026-09-26T14:36:16+00:00
da77a3acee6eb623,2016-03-11,Grapes,Red Globe Seeded Type,per lb,,,,,No,,,,,,,,2.3,$/per lb,2.3,per lb,Northeast,retail,,,,,,,,528.0,3324,Weekly Grocery Store Specialty Crops Feature Activity,2026-09-26T14:36:16+00:00
627c1293dba56c2b,2016-03-11,Grapes,WHITE SEEDLESS TYPE,per lb,,,,,No,,,,,,,,2.32,$/per lb,2.32,per lb,Northeast,retail,,,,,,,,1170.0,3324,Weekly Grocery Store Specialty Crops Feature Activity,2026-09-26T14:36:16+00:00
009a5f98ada85615,2016-03-11,Lemons,,2 lb bag,,,,,Yes,,,,,,,,4.5,$/2 lb bag,2.25,per lb,Northeast,retail,,,,,,,,185.0,3324,Weekly Grocery Store Specialty Crops Feature Activity,2026-09-26T14:36:16+00:00
b33627bdd596fd15,2016-03-11,Lemons,,2 lb bag,,,,,No,,,,,,,,3.49,$/2 lb bag,1.745,per lb,Northeast,retail,,,,,,,,8.0,3324,Weekly Grocery Store Specialty Crops Feature Activity,2026-09-26T14:36:16+00:00
74d09ac1c45789cb,2016-03-11,Lemons,,each,,,,,No,,,,,,,,0.46,$/each,0.46,per each,Northeast,retail,,,,,,,,301.0,3324,Weekly Grocery Store Specialty Crops Feature Activity,2026-09-26T14:36:16+00:00
8b8ae9a12d6844a3,2016-03-11,Lemons,,each,,,,,Yes,,,,,,,,1.0,$/each,1.0,per each,Northeast,retail,,,,,,,,149.0,3324,Weekly Grocery Store Specialty Crops Feature Activity,2026-09-26T14:36:16+00:00
76e49501b1a58f5d,2016-03-11,Lettuce,Boston,per lb,,,,,No,,,,,,,,1.29,$/per lb,1.29,per lb,Northeast,retail,,,,,,,,8.0,3324,Weekly Grocery Store Specialty Crops Feature Activity,2026-09-26T14:36:16+00:00
3bb3df5daa579412,2016-03-11,Lettuce,Green Leaf,each,,,,,Yes,,,,,,,,1.49,$/each,1.49,per each,Northeast,retail,,,,,,,,8.0,3324,Weekly Grocery Store Specialty Crops Feature Activity,2026-09-26T14:36:16+00:00
bc47625b138b8798,2016-03-11,Lettuce,Green Leaf,each,,,,,No,,,,,,,,1.02,$/each,1.02,per each,Northeast,retail,,,,,,,,82.0,3324,Weekly Grocery Store Specialty Crops Feature Activity,2026-09-26T14:36:16+00:00
fde71708b24476da,2016-03-11,Lettuce,Green Leaf,per lb,,,,,No,,,,,,,,1.41,$/per lb,1.41,per lb,Northeast,retail,,,,,,,,204.0,3324,Weekly Grocery Store Specialty Crops Feature Activity,2026-09-26T14:36:16+00:00
90eb0263052aef75,2016-03-11,Lettuce,Iceberg,each,,,,,Yes,,,,,,,,2.04,$/each,2.04,per each,Northeast,retail,,,,,,,,49.0,3324,Weekly Grocery Store Specialty Crops Feature Activity,2026-09-26T14:36:16+00:00
a3ee1e8b4188c973,2016-03-11,Lettuce,Iceberg,each,,,,,No,,,,,,,,1.31,$/each,1.31,per each,Northeast,retail,,,,,,,,658.0,3324,Weekly Grocery Store Specialty Crops Feature Activity,2026-09-26T14:36:16+00:00
33bffa9ff3a534a8,2016-03-11,Lettuce,Red Leaf,each,,,,,Yes,,,,,,,,1.7,$/each,1.7,per each,Northeast,retail,,,,,,,,14.0,3324,Weekly Grocery Store Specialty Crops Feature Activity,2026-09-26T14:36:16+00:00
c79308648dad5a00,2016-03-11,Lettuce,Red Leaf,each,,,,,No,,,,,,,,1.02,$/each,1.02,per each,Northeast,retail,,,,,,,,82.0,3324,Weekly Grocery Store Specialty Crops Feature Activity,2026-09-26T14:36:16+00:00
0f8fbfd4e797bfd0,2016-03-11,Lettuce,Red Leaf,per lb,,,,,No,,,,,,,,1.41,$/per lb,1.41,per lb,Northeast,retail,,,,,,,,204.0,3324,Weekly Grocery Store Specialty Crops Feature Activity,2026-09-26T14:36:16+00:00
c6c06380fb8b716d,2016-03-11,Lettuce,Romaine,3 count,,,,,No,,,,,,,,0.66,$/3 count,,,Northeast,retail,,,,,,,,8.0,3324,Weekly Grocery Store Specialty Crops Feature Activity,2026-09-26T14:36:16+00:00
125353f65736dd87,2016-03-11,Lettuce,Romaine,each,,,,,Yes,,,,,,,,1.69,$/each,1.69,per each,Northeast,retail,,,,,,,,8.0,3324,Weekly Grocery Store Specialty Crops Feature Activity,2026-09-26T14:36:16+00:00
4359c7f1caf631c1,2016-03-11,Lettuce,Romaine,each,,,,,No,,,,,,,,1.07,$/each,1.07,per each,Northeast,retail,,,,,,,,122.0,3324,Weekly Grocery Store Specialty Crops Feature Activity,2026-09-26T14:36:16+00:00
698b85d4b324f20f,2016-03-11,Lettuce,Romaine,per lb,,,,,No,,,,,,,,1.29,$/per lb,1.29,per lb,Northeast,retail,,,,,,,,55.0,3324,Weekly Grocery Store Specialty Crops Feature Activity,2026-09-26T14:36:16+00:00
af9744a7a74d6306,2016-03-11,Lettuce,Romaine (Hearts),3 count,,,,,Yes,,,,,,,,3.0,$/3 count,,,Northeast,retail,,,,,,,,482.0,3324,Weekly Grocery Store Specialty Crops Feature Activity,2026-09-26T14:36:16+00:00
ceb4cacbb797e5bb,2016-03-11,Lettuce,Romaine (Hearts),3 count,,,,,No,,,,,,,,2.85,$/3 count,,,Northeast,retail,,,,,,,,1378.0,3324,Weekly Grocery Store Specialty Crops Feature Activity,2026-09-26T14:36:16+00:00
6d4c8784efe4d91f,2016-03-11,Limes,,each,,,,,No,,,,,,,,0.41,$/each,0.41,per each,Northeast,retail,,,,,,,,163.0,3324,Weekly Grocery Store Specialty Crops Feature Activity,2026-09-26T14:36:16+00:00
70a56a590677d194,2016-03-11,Limes,,per lb,,,,,Yes,,,,,,,,1.99,$/per lb,1.99,per lb,Northeast,retail,,,,,,,,221.0,3324,Weekly Grocery Store Specialty Crops Feature Activity,2026-09-26T14:36:16+00:00
db16709b4ce21eee,2016-03-11,"Onions, Dry",RED,2 lb bag,,,,,No,,,,,,,,1.99,$/2 lb bag,0.995,per lb,Northeast,retail,,,,,,,,304.0,3324,Weekly Grocery Store Specialty Crops Feature Activity,2026-09-26T14:36:16+00:00
f53c9d257198278f,2016-03-11,"Onions, Dry",RED,per lb,,,,,No,,,,,,,,0.94,$/per lb,0.94,per lb,Northeast,retail,,,,,,,,44.0,3324,Weekly Grocery Store Specialty Crops Feature Activity,2026-09-26T14:36:16+00:00
8ea37897a2e49621,2016-03-11,"Onions, Dry",WHITE,per lb,,,,,No,,,,,,,,0.5,$/per lb,0.5,per lb,Northeast,retail,,,,,,,,16.0,3324,Weekly Grocery Store Specialty Crops Feature Activity,2026-09-26T14:36:16+00:00
0d65d7fc06a61d3b,2016-03-11,"Onions, Dry",YELLOW,2 lb bag,,,,,No,,,,,,,,1.38,$/2 lb bag,0.69,per lb,Northeast,retail,,,,,,,,256.0,3324,Weekly Grocery Store Specialty Crops Feature Activity,2026-09-26T14:36:16+00:00
6e61d7a7d96e7c18,2016-03-11,"Onions, Dry",YELLOW,3 lb bag,,,,,No,,,,,,,,1.84,$/3 lb bag,0.6133,per lb,Northeast,retail,,,,,,,,1379.0,3324,Weekly Grocery Store Specialty Crops Feature Activity,2026-09-26T14:36:16+00:00
8c46d0f41a125bc4,2016-03-11,"Onions, Dry",YELLOW,3 lb bag,,,,,Yes,,,,,,,,3.65,$/3 lb bag,1.2167,per lb,Northeast,retail,,,,,,,,378.0,3324,Weekly Grocery Store Specialty Crops Feature Activity,2026-09-26T14:36:16+00:00
2dda1d975cb64b20,2016-03-11,"Onions, Dry",YELLOW,5 lb bag,,,,,No,,,,,,,,2.79,$/5 lb bag,0.558,per lb,Northeast,retail,,,,,,,,194.0,3324,Weekly Grocery Store Specialty Crops Feature Activity,2026-09-26T14:36:16+00:00
73faf63716104af8,2016-03-11,"Onions, Dry",YELLOW,per lb,,,,,Yes,,,,,,,,1.29,$/per lb,1.29,per lb,Northeast,retail,,,,,,,,16.0,3324,Weekly Grocery Store Specialty Crops Feature Activity,2026-09-26T14:36:16+00:00
b289570cde4262f0,2016-03-11,"Onions, Dry",YELLOW,per lb,,,,,No,,,,,,,,0.72,$/per lb,0.72,per lb,Northeast,retail,,,,,,,,107.0,3324,Weekly Grocery Store Specialty Crops Feature Activity,2026-09-26T14:36:16+00:00
14ec0985c0105415,2016-03-11,"Onions, Dry",YELLOW MARKED SWEET,2 lb bag,,,,,Yes,,,,,,,,2.99,$/2 lb bag,1.495,per lb,Northeast,retail,,,,,,,,7.0,3324,Weekly Grocery Store Specialty Crops Feature Activity,2026-09-26T14:36:16+00:00
56a6510f0c09aafe,2016-03-11,"Onions, Dry",YELLOW MARKED SWEET,per lb,,,,,No,,,,,,,,1.3,$/per lb,1.3,per lb,Northeast,retail,,,,,,,,742.0,3324,Weekly Grocery Store Specialty Crops Feature Activity,2026-09-26T14:36:16+00:00
6b75ef5bbe49beca,2016-03-11,"Peppers, Bell Type",GREEN,each,,,,,No,,,,,,,,1.6,$/each,1.6,per each,Northeast,retail,,,,,,,,314.0,3324,Weekly Grocery Store Specialty Crops Feature Activity,2026-09-26T14:36:16+00:00
2f9a8741c52d5e95,2016-03-11,"Peppers, Bell Type",ORANGE,each,,,,,No,,,,,,,,2.5,$/each,2.5,per each,Northeast,retail,,,,,,,,16.0,3324,Weekly Grocery Store Specialty Crops Feature Activity,2026-09-26T14:36:16+00:00
360b2f43662113ad,2016-03-11,"Peppers, Bell Type",ORANGE,each,,,,,No,,,,,,,,1.66,$/each,1.66,per each,Northeast,retail,,,environment=Greenhouse,,,,,667.0,3324,Weekly Grocery Store Specialty Crops Feature Activity,2026-09-26T14:36:16+00:00
1ad45dbff1b2b0fc,2016-03-11,"Peppers, Bell Type",ORANGE,per lb,,,,,No,,,,,,,,3.43,$/per lb,3.43,per lb,Northeast,retail,,,,,,,,88.0,3324,Weekly Grocery Store Specialty Crops Feature Activity,2026-09-26T14:36:16+00:00
2dd7831b260db0d4,2016-03-11,"Peppers, Bell Type",RED,each,,,,,No,,,,,,,,1.66,$/each,1.66,per each,Northeast,retail,,,environment=Greenhouse,,,,,667.0,3324,Weekly Grocery Store Specialty Crops Feature Activity,2026-09-26T14:36:16+00:00
673e729ba1709da6,2016-03-11,"Peppers, Bell Type",RED,each,,,,,No,,,,,,,,1.36,$/each,1.36,per each,Northeast,retail,,,,,,,,183.0,3324,Weekly Grocery Store Specialty Crops Feature Activity,2026-09-26T14:36:16+00:00
4f64be8907f8daa1,2016-03-11,"Peppers, Bell Type",RED,per lb,,,,,No,,,,,,,,3.0,$/per lb,3.0,per lb,Northeast,retail,,,,,,,,311.0,3324,Weekly Grocery Store Specialty Crops Feature Activity,2026-09-26T14:36:16+00:00
07494104084ba803,2016-03-11,"Peppers, Bell Type",YELLOW,each,,,,,No,,,,,,,,2.5,$/each,2.5,per each,Northeast,retail,,,,,,,,16.0,3324,Weekly Grocery Store Specialty Crops Feature Activity,2026-09-26T14:36:16+00:00
24781c7211481a5b,2016-03-11,"Peppers, Bell Type",YELLOW,each,,,,,No,,,,,,,,1.66,$/each,1.66,per each,Northeast,retail,,,environment=Greenhouse,,,,,667.0,3324,Weekly Grocery Store Specialty Crops Feature Activity,2026-09-26T14:36:16+00:00
00045e84cc8a4b2b,2016-03-11,"Peppers, Bell Type",YELLOW,per lb,,,,,No,,,,,,,,3.43,$/per lb,3.43,per lb,Northeast,retail,,,,,,,,88.0,3324,Weekly Grocery Store Specialty Crops Feature Activity,2026-09-26T14:36:16+00:00
13c4ddc5cbba07b2,2016-03-11,Potatoes,ROUND RED,3 lb bag,,,,,Yes,,,,,,,,2.95,$/3 lb bag,0.9833,per lb,Northeast,retail,,,,,,,,173.0,3324,Weekly Grocery Store Specialty Crops Feature Activity,2026-09-26T14:36:16+00:00
17a0d80c56c526f9,2016-03-11,Potatoes,ROUND RED,3 lb bag,,,,,No,,,,,,,,2.99,$/3 lb bag,0.9967,per lb,Northeast,retail,,,,,,,,14.0,3324,Weekly Grocery Store Specialty Crops Feature Activity,2026-09-26T14:36:16+00:00
52fe2cd019ce0d7f,2016-03-11,Potatoes,ROUND RED,5 lb bag,,,,,Yes,,,,,,,,4.99,$/5 lb bag,0.998,per lb,Northeast,retail,,,,,,,,59.0,3324,Weekly Grocery Store Specialty Crops Feature Activity,2026-09-26T14:36:16+00:00
91f9634ad102c72c,2016-03-11,Potatoes,ROUND RED,5 lb bag,,,,,No,,,,,,,,2.17,$/5 lb bag,0.434,per lb,Northeast,retail,,,,,,,,901.0,3324,Weekly Grocery Store Specialty Crops Feature Activity,2026-09-26T14:36:16+00:00
eb9f2d5987020d8e,2016-03-11,Potatoes,ROUND RED,per lb,,,,,No,,,,,,,,0.85,$/per lb,0.85,per lb,Northeast,retail,,,,,,,,475.0,3324,Weekly Grocery Store Specialty Crops Feature Activity,2026-09-26T14:36:16+00:00
263d60bf51580ee5,2016-03-11,Potatoes,ROUND WHITE,10 lb bag,,,,,No,,,,,,,,2.47,$/10 lb bag,0.247,per lb,Northeast,retail,,,,,,,,396.0,3324,Weekly Grocery Store Specialty Crops Feature Activity,2026-09-26T14:36:16+00:00
89b5d4f0f98f49c0,2016-03-11,Potatoes,ROUND WHITE,5 lb bag,,,,,No,,,,,,,,2.05,$/5 lb bag,0.41,per lb,Northeast,retail,,,,,,,,1475.0,3324,Weekly Grocery Store Specialty Crops Feature Activity,2026-09-26T14:36:16+00:00
d258392423c61866,2016-03-11,Potatoes,ROUND WHITE,per lb,,,,,No,,,,,,,,0.97,$/per lb,0.97,per lb,Northeast,retail,,,,,,,,17.0,3324,Weekly Grocery Store Specialty Crops Feature Activity,2026-09-26T14:36:16+00:00
42562266492da309,2016-03-11,Potatoes,RUSSET,10 lb bag,,,,,No,,,,,,,,2.66,$/10 lb bag,0.266,per lb,Northeast,retail,,,,,,,,235.0,3324,Weekly Grocery Store Specialty Crops Feature Activity,2026-09-26T14:36:16+00:00
636b5052f2dcdfa0,2016-03-11,Potatoes,RUSSET,3 lb bag,,,,,No,,,,,,,,0.99,$/3 lb bag,0.33,per lb,Northeast,retail,,,,,,,,28.0,3324,Weekly Grocery Store Specialty Crops Feature Activity,2026-09-26T14:36:16+00:00
b60e9b9e80cbdf8a,2016-03-11,Potatoes,RUSSET,3 lb bag,,,,,Yes,,,,,,,,3.06,$/3 lb bag,1.02,per lb,Northeast,retail,,,,,,,,191.0,3324,Weekly Grocery Store Specialty Crops Feature Activity,2026-09-26T14:36:16+00:00
8990e2ea04d9bb0c,2016-03-11,Potatoes,RUSSET,5 lb bag,,,,,Yes,,,,,,,,4.91,$/5 lb bag,0.982,per lb,Northeast,retail,,,,,,,,112.0,3324,Weekly Grocery Store Specialty Crops Feature Activity,2026-09-26T14:36:16+00:00
f448bed60ef2ca36,2016-03-11,Potatoes,RUSSET,5 lb bag,,,,,No,,,,,,,,2.04,$/5 lb bag,0.408,per lb,Northeast,retail,,,,,,,,344.0,3324,Weekly Grocery Store Specialty Crops Feature Activity,2026-09-26T14:36:16+00:00
42b271699dd3ffd4,2016-03-11,Potatoes,RUSSET,per lb,,,,,No,,,,,,,,1.08,$/per lb,1.08,per lb,Northeast,retail,,,,,,,,448.0,3324,Weekly Grocery Store Specialty Crops Feature Activity,2026-09-26T14:36:16+00:00
e9749f08e1902740,2016-03-11,Potatoes,YELLOW TYPE,3 lb bag,,,,,Yes,,,,,,,,2.99,$/3 lb bag,0.9967,per lb,Northeast,retail,,,,,,,,157.0,3324,Weekly Grocery Store Specialty Crops Feature Activity,2026-09-26T14:36:16+00:00
8c63b40e52f4f6b4,2016-03-11,Potatoes,YELLOW TYPE,5 lb bag,,,,,Yes,,,,,,,,3.99,$/5 lb bag,0.798,per lb,Northeast,retail,,,,,,,,136.0,3324,Weekly Grocery Store Specialty Crops Feature Activity,2026-09-26T14:36:16+00:00
e8b6b7b8da0be1f9,2016-03-11,Potatoes,YELLOW TYPE,5 lb bag,,,,,No,,,,,,,,2.2,$/5 lb bag,0.44,per lb,Northeast,retail,,,,,,,,41.0,3324,Weekly Grocery Store Specialty Crops Feature Activity,2026-09-26T14:36:16+00:00
46f3c53209b4aa64,2016-03-11,Strawberries,,1 lb package,,,,,Yes,,,,,,,,4.0,$/1 lb package,4.0,per lb,Northeast,retail,,,,,,,,841.0,3324,Weekly Grocery Store Specialty Crops Feature Activity,2026-09-26T14:36:16+00:00
b26c35aa28f90c00,2016-03-11,Strawberries,,1 lb package,,,,,No,,,,,,,,2.44,$/1 lb package,2.44,per lb,Northeast,retail,,,,,,,,2660.0,3324,Weekly Grocery Store Specialty Crops Feature Activity,2026-09-26T14:36:16+00:00
7dfea23206f21b7d,2016-03-11,Strawberries,,2 lb package,,,,,No,,,,,,,,4.28,$/2 lb package,2.14,per lb,Northeast,retail,,,,,,,,117.0,3324,Weekly Grocery Store Specialty Crops Feature Activity,2026-09-26T14:36:16+00:00
34117ad73dab3281,2016-03-11,Tomatoes,,per lb,,,,,Yes,,,,,,,,2.99,$/per lb,2.99,per lb,Northeast,retail,,,,,,,,16.0,3324,Weekly Grocery Store Specialty Crops Feature Activity,2026-09-26T14:36:16+00:00
90ecbb34dd093bd0,2016-03-11,Tomatoes,,per lb,,,,,No,,,,,,,,1.18,$/per lb,1.18,per lb,Northeast,retail,,,,,,,,13.0,3324,Weekly Grocery Store Specialty Crops Feature Activity,2026-09-26T14:36:16+00:00
2dbfe0b6dbb9cef8,2016-03-11,Tomatoes,GRAPE TYPE,1 pint package,,,,,Yes,,,,,,,,2.74,$/1 pint package,,,Northeast,retail,,,,,,,,342.0,3324,Weekly Grocery Store Specialty Crops Feature Activity,2026-09-26T14:36:16+00:00
8bcc762da61dfa7b,2016-03-11,Tomatoes,GRAPE TYPE,1 pint package,,,,,No,,,,,,,,2.31,$/1 pint package,,,Northeast,retail,,,,,,,,1362.0,3324,Weekly Grocery Store Specialty Crops Feature Activity,2026-09-26T14:36:16+00:00
244942adeb4cd57e,2016-03-11,Tomatoes,GRAPE TYPE,10 oz package,,,,,No,,,,,,,,1.66,$/10 oz package,2.656,per lb,Northeast,retail,,,,,,,,88.0,3324,Weekly Grocery Store Specialty Crops Feature Activity,2026-09-26T14:36:16+00:00
29371d469eb28cc8,2016-03-11,Tomatoes,GRAPE TYPE,10 oz package,,,,,Yes,,,,,,,,2.99,$/10 oz package,4.784,per lb,Northeast,retail,,,,,,,,22.0,3324,Weekly Grocery Store Specialty Crops Feature Activity,2026-09-26T14:36:16+00:00
d955bdb5d4345914,2016-03-11,Tomatoes,Plum Type (Roma),per lb,,,,,No,,,,,,,,1.44,$/per lb,1.44,per lb,Northeast,retail,,,,,,,,520.0,3324,Weekly Grocery Store Specialty Crops Feature Activity,2026-09-26T14:36:16+00:00
2cab9a830e6903ec,2016-03-11,Tomatoes,VINE RIPES,per lb,,,,,Yes,,,,,,,,2.99,$/per lb,2.99,per lb,Northeast,retail,,,,,,,,5.0,3324,Weekly Grocery Store Specialty Crops Feature Activity,2026-09-26T14:36:16+00:00
48452ab860dda047,2016-03-11,Tomatoes,VINE RIPES,per lb,,,,,No,,,,,,,,1.98,$/per lb,1.98,per lb,Northeast,retail,,,,,,,,429.0,3324,Weekly Grocery Store Specialty Crops Feature Activity,2026-09-26T14:36:16+00:00
ab52cbdc5f358ac6,2016-03-11,Tomatoes,VINE RIPES,per lb,,,,,No,,,,,,,,2.01,$/per lb,2.01,per lb,Northeast,retail,,,environment=Greenhouse,,,,,151.0,3324,Weekly Grocery Store Specialty Crops Feature Activity,2026-09-26T14:36:16+00:00
76d144c37f011bb7,2016-03-11,Tomatoes,VINE RIPES - ON THE VINE,per lb,,,,,No,,,,,,,,2.45,$/per lb,2.45,per lb,Northeast,retail,,,environment=Greenhouse,,,,,825.0,3324,Weekly Grocery Store Specialty Crops Feature Activity,2026-09-26T14:36:16+00:00
ad1f4741d74eaf0b,2016-03-11,Tomatoes,VINE RIPES - ON THE VINE,per lb,,,,,Yes,,,,,,,,2.99,$/per lb,2.99,per lb,Northeast,retail,,,environment=Greenhouse,,,,,200.0,3324,Weekly Grocery Store Specialty Crops Feature Activity,2026-09-26T14:36:16+00:00
614b4954f6f058db,2016-03-11,Avocados,HASS,each,,,,,Yes,,,,,,,,1.97,$/each,1.97,per each,Northwest,retail,,,,,,,,52.0,3324,Weekly Grocery Store Specialty Crops Feature Activity,2026-09-26T14:36:16+00:00
748b4f5eefce99f5,2016-03-11,Avocados,HASS,each,,,,,No,,,,,,,,1.19,$/each,1.19,per each,Northwest,retail,,,,,,,,337.0,3324,Weekly Grocery Store Specialty Crops Feature Activity,2026-09-26T14:36:16+00:00
1b259343c1596775,2016-03-11,Avocados,VARIOUS GREENSKIN VARIETIES,each,,,,,No,,,,,,,,1.25,$/each,1.25,per each,Northwest,retail,,,,,,,,121.0,3324,Weekly Grocery Store Specialty Crops Feature Activity,2026-09-26T14:36:16+00:00
9168e07beb0cdc35,2016-03-11,Bananas,,per lb,,,,,Yes,,,,,,,,0.82,$/per lb,0.82,per lb,Northwest,retail,,,,,,,,103.0,3324,Weekly Grocery Store Specialty Crops Feature Activity,2026-09-26T14:36:16+00:00
ba338d381d60a523,2016-03-11,Bananas,,per lb,,,,,No,,,,,,,,0.49,$/per lb,0.49,per lb,Northwest,retail,,,,,,,,11.0,3324,Weekly Grocery Store Specialty Crops Feature Activity,2026-09-26T14:36:16+00:00
325664f3c779df66,2016-03-11,Blueberries,,1 pint package,,,,,No,,,,,,,,4.99,$/1 pint package,,,Northwest,retail,,,,,,,,6.0,3324,Weekly Grocery Store Specialty Crops Feature Activity,2026-09-26T14:36:16+00:00
c791f2d1649aa66d,2016-03-11,Blueberries,,18 oz package,,,,,No,,,,,,,,3.99,$/18 oz package,3.5467,per lb,Northwest,retail,,,,,,,,121.0,3324,Weekly Grocery Store Specialty Crops Feature Activity,2026-09-26T14:36:16+00:00
ca44dc20deb24fe5,2016-03-11,Blueberries,,6 oz package,,,,,No,,,,,,,,2.42,$/6 oz package,6.4533,per lb,Northwest,retail,,,,,,,,495.0,3324,Weekly Grocery Store Specialty Crops Feature Activity,2026-09-26T14:36:16+00:00
d3e6a3369c5f22ff,2016-03-11,Blueberries,,6 oz package,,,,,Yes,,,,,,,,2.98,$/6 oz package,7.9467,per lb,Northwest,retail,,,,,,,,2.0,3324,Weekly Grocery Store Specialty Crops Feature Activity,2026-09-26T14:36:16+00:00
33600c920be10181,2016-03-11,Broccoli,,per bunch,,,,,No,,,,,,,,0.89,$/per bunch,,,Northwest,retail,,,,,,,,6.0,3324,Weekly Grocery Store Specialty Crops Feature Activity,2026-09-26T14:36:16+00:00
a0a42569462ea7c6,2016-03-11,Broccoli,,per lb,,,,,No,,,,,,,,0.85,$/per lb,0.85,per lb,Northwest,retail,,,,,,,,95.0,3324,Weekly Grocery Store Specialty Crops Feature Activity,2026-09-26T14:36:16+00:00
28b4d9a66f96db8a,2016-03-11,Broccoli,CROWN CUT,per lb,,,,,No,,,,,,,,1.6,$/per lb,1.6,per lb,Northwest,retail,,,,,,,,364.0,3324,Weekly Grocery Store Specialty Crops Feature Activity,2026-09-26T14:36:16+00:00
5fce28764a9c38af,2016-03-11,Broccoli,CROWN CUT,per lb,,,,,Yes,,,,,,,,1.29,$/per lb,1.29,per lb,Northwest,retail,,,,,,,,17.0,3324,Weekly Grocery Store Specialty Crops Feature Activity,2026-09-26T14:36:16+00:00
1be2d7951e164060,2016-03-11,Carrots,,2 lb bag,,,,,No,,,,,,,,1.36,$/2 lb bag,0.68,per lb,Northwest,retail,,,,,,,,110.0,3324,Weekly Grocery Store Specialty Crops Feature Activity,2026-09-26T14:36:16+00:00
c5c3e5f218756a21,2016-03-11,Carrots,,2 lb bag,,,,,Yes,,,,,,,,1.52,$/2 lb bag,0.76,per lb,Northwest,retail,,,,,,,,7.0,3324,Weekly Grocery Store Specialty Crops Feature Activity,2026-09-26T14:36:16+00:00
7b1711e7f874826b,2016-03-11,Carrots,,per bunch,,,,,Yes,,,,,,,,1.87,$/per bunch,,,Northwest,retail,,,,,,,,91.0,3324,Weekly Grocery Store Specialty Crops Feature Activity,2026-09-26T14:36:16+00:00
b62ebf9363ca02c9,2016-03-11,Carrots,,per lb,,,,,No,,,,,,,,0.69,$/per lb,0.69,per lb,Northwest,retail,,,,,,,,28.0,3324,Weekly Grocery Store Specialty Crops Feature Activity,2026-09-26T14:36:16+00:00
97e1cb168ae585bc,2016-03-11,Carrots,BABY PEELED,1 lb bag,,,,,Yes,,,,,,,,1.64,$/1 lb bag,1.64,per lb,Northwest,retail,,,,,,,,141.0,3324,Weekly Grocery Store Specialty Crops Feature Activity,2026-09-26T14:36:16+00:00
a6d5019cda65977f,2016-03-11,Carrots,BABY PEELED,1 lb bag,,,,,No,,,,,,,,1.61,$/1 lb bag,1.61,per lb,Northwest,retail,,,,,,,,546.0,3324,Weekly Grocery Store Specialty Crops Feature Activity,2026-09-26T14:36:16+00:00
16b75863f2f95037,2016-03-11,Celery,,each,,,,,Yes,,,,,,,,1.29,$/each,1.29,per each,Northwest,retail,,,,,,,,39.0,3324,Weekly Grocery Store Specialty Crops Feature Activity,2026-09-26T14:36:16+00:00
a3e7d32c9c4a0538,2016-03-11,Celery,,each,,,,,No,,,,,,,,1.13,$/each,1.13,per each,Northwest,retail,,,,,,,,7.0,3324,Weekly Grocery Store Specialty Crops Feature Activity,2026-09-26T14:36:16+00:00
b633d980d10bf6ce,2016-03-11,Celery,,per lb,,,,,Yes,,,,,,,,1.03,$/per lb,1.03,per lb,Northwest,retail,,,,,,,,27.0,3324,Weekly Grocery Store Specialty Crops Feature Activity,2026-09-26T14:36:16+00:00
df60de14b58b71bc,2016-03-11,Celery,,per lb,,,,,No,,,,,,,,0.8,$/per lb,0.8,per lb,Northwest,retail,,,,,,,,41.0,3324,Weekly Grocery Store Specialty Crops Feature Activity,2026-09-26T14:36:16+00:00
386df1c58de52647,2016-03-11,Cucumbers,,each,,,,,No,,,,,,,,0.59,$/each,0.59,per each,Northwest,retail,,,,,,,,32.0,3324,Weekly Grocery Store Specialty Crops Feature Activity,2026-09-26T14:36:16+00:00
be7b5fd612f1a290,2016-03-11,Cucumbers,LONG SEEDLESS,each,,,,,No,,,,,,,,1.37,$/each,1.37,per each,Northwest,retail,,,environment=Greenhouse,,,,,41.0,3324,Weekly Grocery Store Specialty Crops Feature Activity,2026-09-26T14:36:16+00:00
ea3509170b2a1579,2016-03-11,Grapes,BLACK SEEDLESS,per lb,,,,,No,,,,,,,,2.49,$/per lb,2.49,per lb,Northwest,retail,,,,,,,,15.0,3324,Weekly Grocery Store Specialty Crops Feature Activity,2026-09-26T14:36:16+00:00
ad8b674359851153,2016-03-11,Grapes,RED SEEDLESS,per lb,,,,,No,,,,,,,,2.48,$/per lb,2.48,per lb,Northwest,retail,,,,,,,,175.0,3324,Weekly Grocery Store Specialty Crops Feature Activity,2026-09-26T14:36:16+00:00
fbe60eee3fc65eb3,2016-03-11,Grapes,WHITE SEEDLESS TYPE,per lb,,,,,No,,,,,,,,2.48,$/per lb,2.48,per lb,Northwest,retail,,,,,,,,175.0,3324,Weekly Grocery Store Specialty Crops Feature Activity,2026-09-26T14:36:16+00:00
17befa2077a5eebe,2016-03-11,Lemons,,each,,,,,No,,,,,,,,0.62,$/each,0.62,per each,Northwest,retail,,,,,,,,158.0,3324,Weekly Grocery Store Specialty Crops Feature Activity,2026-09-26T14:36:16+00:00
def5fd2624705810,2016-03-11,Lemons,,each,,,,,Yes,,,,,,,,0.73,$/each,0.73,per each,Northwest,retail,,,,,,,,91.0,3324,Weekly Grocery Store Specialty Crops Feature Activity,2026-09-26T14:36:16+00:00
1a6bcb2427aa4828,2016-03-11,Lettuce,Boston,each,,,,,No,,,,,,,,1.39,$/each,1.39,per each,Northwest,retail,,,,,,,,5.0,3324,Weekly Grocery Store Specialty Crops Feature Activity,2026-09-26T14:36:16+00:00
3a181e70e340a6ea,2016-03-11,Lettuce,Green Leaf,each,,,,,Yes,,,,,,,,2.0,$/each,2.0,per each,Northwest,retail,,,,,,,,39.0,3324,Weekly Grocery Store Specialty Crops Feature Activity,2026-09-26T14:36:16+00:00
d0421216c095e2c1,2016-03-11,Lettuce,Green Leaf,each,,,,,No,,,,,,,,0.95,$/each,0.95,per each,Northwest,retail,,,,,,,,21.0,3324,Weekly Grocery Store Specialty Crops Feature Activity,2026-09-26T14:36:16+00:00
c972ffa8553c9859,2016-03-11,Lettuce,Iceberg,each,,,,,No,,,,,,,,0.99,$/each,0.99,per each,Northwest,retail,,,,,,,,82.0,3324,Weekly Grocery Store Specialty Crops Feature Activity,2026-09-26T14:36:16+00:00
6c5a5659f0d2f7ea,2016-03-11,Lettuce,Red Leaf,each,,,,,Yes,,,,,,,,2.0,$/each,2.0,per each,Northwest,retail,,,,,,,,39.0,3324,Weekly Grocery Store Specialty Crops Feature Activity,2026-09-26T14:36:16+00:00
dcbfc5ab6e74ebb7,2016-03-11,Lettuce,Red Leaf,each,,,,,No,,,,,,,,1.03,$/each,1.03,per each,Northwest,retail,,,,,,,,26.0,3324,Weekly Grocery Store Specialty Crops Feature Activity,2026-09-26T14:36:16+00:00
6008761e426e9b66,2016-03-11,Lettuce,Romaine,each,,,,,No,,,,,,,,1.03,$/each,1.03,per each,Northwest,retail,,,,,,,,26.0,3324,Weekly Grocery Store Specialty Crops Feature Activity,2026-09-26T14:36:16+00:00
d06eebfb134600fd,2016-03-11,Lettuce,Romaine (Hearts),3 count,,,,,Yes,,,,,,,,3.0,$/3 count,,,Northwest,retail,,,,,,,,279.0,3324,Weekly Grocery Store Specialty Crops Feature Activity,2026-09-26T14:36:16+00:00
01ba8cc5711c033a,2016-03-11,Limes,,each,,,,,No,,,,,,,,0.38,$/each,0.38,per each,Northwest,retail,,,,,,,,78.0,3324,Weekly Grocery Store Specialty Crops Feature Activity,2026-09-26T14:36:16+00:00
6002282f9c55fa59,2016-03-11,Limes,,each,,,,,Yes,,,,,,,,0.4,$/each,0.4,per each,Northwest,retail,,,,,,,,39.0,3324,Weekly Grocery Store Specialty Crops Feature Activity,2026-09-26T14:36:16+00:00
f3001b80950edaa7,2016-03-11,"Onions, Dry",RED,per lb,,,,,No,,,,,,,,1.24,$/per lb,1.24,per lb,Northwest,retail,,,,,,,,39.0,3324,Weekly Grocery Store Specialty Crops Feature Activity,2026-09-26T14:36:16+00:00
27af9e0925479217,2016-03-11,"Onions, Dry",WHITE,per lb,,,,,No,,,,,,,,0.85,$/per lb,0.85,per lb,Northwest,retail,,,,,,,,11.0,3324,Weekly Grocery Store Specialty Crops Feature Activity,2026-09-26T14:36:16+00:00
d19f3c1f65e06e2c,2016-03-11,"Onions, Dry",WHITE,per lb,,,,,Yes,,,,,,,,1.39,$/per lb,1.39,per lb,Northwest,retail,,,,,,,,18.0,3324,Weekly Grocery Store Specialty Crops Feature Activity,2026-09-26T14:36:16+00:00
b316af456e5d9d47,2016-03-11,"Onions, Dry",YELLOW,per lb,,,,,Yes,,,,,,,,0.9,$/per lb,0.9,per lb,Northwest,retail,,,,,,,,40.0,3324,Weekly Grocery Store Specialty Crops Feature Activity,2026-09-26T14:36:16+00:00
d6d09ea81d05a117,2016-03-11,"Onions, Dry",YELLOW,per lb,,,,,No,,,,,,,,0.54,$/per lb,0.54,per lb,Northwest,retail,,,,,,,,207.0,3324,Weekly Grocery Store Specialty Crops Feature Activity,2026-09-26T14:36:16+00:00
b4725429ba6ec669,2016-03-11,"Onions, Dry",YELLOW MARKED SWEET,3 lb bag,,,,,No,,,,,,,,1.39,$/3 lb bag,0.4633,per lb,Northwest,retail,,,,,,,,9.0,3324,Weekly Grocery Store Specialty Crops Feature Activity,2026-09-26T14:36:16+00:00
c7a5ec4a6877a55b,2016-03-11,"Onions, Dry",YELLOW MARKED SWEET,per lb,,,,,No,,,,,,,,1.28,$/per lb,1.28,per lb,Northwest,retail,,,,,,,,40.0,3324,Weekly Grocery Store Specialty Crops Feature Activity,2026-09-26T14:36:16+00:00
2318a33e5544dc9c,2016-03-11,"Peppers, Bell Type",ORANGE,each,,,,,No,,,,,,,,1.68,$/each,1.68,per each,Northwest,retail,,,,,,,,413.0,3324,Weekly Grocery Store Specialty Crops Feature Activity,2026-09-26T14:36:16+00:00
db114933a6e61818,2016-03-11,"Peppers, Bell Type",ORANGE,each,,,,,Yes,,,,,,,,2.5,$/each,2.5,per each,Northwest,retail,,,,,,,,5.0,3324,Weekly Grocery Store Specialty Crops Feature Activity,2026-09-26T14:36:16+00:00
0243a69ab80ffec1,2016-03-11,"Peppers, Bell Type",ORANGE,per lb,,,,,Yes,,,,,,,,4.29,$/per lb,4.29,per lb,Northwest,retail,,,,,,,,1.0,3324,Weekly Grocery Store Specialty Crops Feature Activity,2026-09-26T14:36:16+00:00
ee5496fab325ddf1,2016-03-11,"Peppers, Bell Type",RED,each,,,,,Yes,,,,,,,,2.5,$/each,2.5,per each,Northwest,retail,,,,,,,,5.0,3324,Weekly Grocery Store Specialty Crops Feature Activity,2026-09-26T14:36:16+00:00
fb5472424fd96bf5,2016-03-11,"Peppers, Bell Type",RED,each,,,,,No,,,,,,,,1.68,$/each,1.68,per each,Northwest,retail,,,,,,,,413.0,3324,Weekly Grocery Store Specialty Crops Feature Activity,2026-09-26T14:36:16+00:00
2645a0a5be1b67f8,2016-03-11,"Peppers, Bell Type",RED,per lb,,,,,Yes,,,,,,,,4.29,$/per lb,4.29,per lb,Northwest,retail,,,,,,,,1.0,3324,Weekly Grocery Store Specialty Crops Feature Activity,2026-09-26T14:36:16+00:00
13bf0cf2c98ae8ec,2016-03-11,"Peppers, Bell Type",YELLOW,each,,,,,Yes,,,,,,,,2.5,$/each,2.5,per each,Northwest,retail,,,,,,,,5.0,3324,Weekly Grocery Store Specialty Crops Feature Activity,2026-09-26T14:36:16+00:00
e75d8baeca1265d2,2016-03-11,"Peppers, Bell Type",YELLOW,each,,,,,No,,,,,,,,1.68,$/each,1.68,per each,Northwest,retail,,,,,,,,413.0,3324,Weekly Grocery Store Specialty Crops Feature Activity,2026-09-26T14:36:16+00:00
f9d90ea4dc771063,2016-03-11,"Peppers, Bell Type",YELLOW,per lb,,,,,Yes,,,,,,,,4.29,$/per lb,4.29,per lb,Northwest,retail,,,,,,,,1.0,3324,Weekly Grocery Store Specialty Crops Feature Activity,2026-09-26T14:36:16+00:00
c01a13be756034cd,2016-03-11,Potatoes,ROUND RED,5 lb bag,,,,,No,,,,,,,,1.82,$/5 lb bag,0.364,per lb,Northwest,retail,,,,,,,,19.0,3324,Weekly Grocery Store Specialty Crops Feature Activity,2026-09-26T14:36:16+00:00
2041111152d95ca3,2016-03-11,Potatoes,ROUND RED,per lb,,,,,Yes,,,,,,,,0.99,$/per lb,0.99,per lb,Northwest,retail,,,,,,,,9.0,3324,Weekly Grocery Store Specialty Crops Feature Activity,2026-09-26T14:36:16+00:00
d9bbc205fdd04071,2016-03-11,Potatoes,ROUND RED,per lb,,,,,No,,,,,,,,0.62,$/per lb,0.62,per lb,Northwest,retail,,,,,,,,484.0,3324,Weekly Grocery Store Specialty Crops Feature Activity,2026-09-26T14:36:16+00:00
2e3ea56f6bd23c64,2016-03-11,Potatoes,ROUND WHITE,per lb,,,,,No,,,,,,,,1.49,$/per lb,1.49,per lb,Northwest,retail,,,,,,,,5.0,3324,Weekly Grocery Store Specialty Crops Feature Activity,2026-09-26T14:36:16+00:00
77c1a9dae52cdbfa,2016-03-11,Potatoes,RUSSET,10 lb bag,,,,,No,,,,,,,,1.97,$/10 lb bag,0.197,per lb,Northwest,retail,,,,,,,,42.0,3324,Weekly Grocery Store Specialty Crops Feature Activity,2026-09-26T14:36:16+00:00
eb75f6a474b2df0f,2016-03-11,Potatoes,RUSSET,3 lb bag,,,,,Yes,,,,,,,,1.99,$/3 lb bag,0.6633,per lb,Northwest,retail,,,,,,,,15.0,3324,Weekly Grocery Store Specialty Crops Feature Activity,2026-09-26T14:36:16+00:00
84ea20d703e99553,2016-03-11,Potatoes,RUSSET,per lb,,,,,No,,,,,,,,0.65,$/per lb,0.65,per lb,Northwest,retail,,,,,,,,92.0,3324,Weekly Grocery Store Specialty Crops Feature Activity,2026-09-26T14:36:16+00:00
f594a0ab3fe198bc,2016-03-11,Potatoes,YELLOW TYPE,3 lb bag,,,,,Yes,,,,,,,,1.99,$/3 lb bag,0.6633,per lb,Northwest,retail,,,,,,,,2.0,3324,Weekly Grocery Store Specialty Crops Feature Activity,2026-09-26T14:36:16+00:00
fcc5b94ac6d6d53b,2016-03-11,Potatoes,YELLOW TYPE,5 lb bag,,,,,No,,,,,,,,1.88,$/5 lb bag,0.376,per lb,Northwest,retail,,,,,,,,2.0,3324,Weekly Grocery Store Specialty Crops Feature Activity,2026-09-26T14:36:16+00:00
a982a011901c9f8f,2016-03-11,Potatoes,YELLOW TYPE,per lb,,,,,Yes,,,,,,,,1.0,$/per lb,1.0,per lb,Northwest,retail,,,,,,,,28.0,3324,Weekly Grocery Store Specialty Crops Feature Activity,2026-09-26T14:36:16+00:00
de08f4f6e9f24466,2016-03-11,Potatoes,YELLOW TYPE,per lb,,,,,No,,,,,,,,0.72,$/per lb,0.72,per lb,Northwest,retail,,,,,,,,27.0,3324,Weekly Grocery Store Specialty Crops Feature Activity,2026-09-26T14:36:16+00:00
2adc7bd1cd551d2f,2016-03-11,Strawberries,,1 lb package,,,,,No,,,,,,,,2.58,$/1 lb package,2.58,per lb,Northwest,retail,,,,,,,,522.0,3324,Weekly Grocery Store Specialty Crops Feature Activity,2026-09-26T14:36:16+00:00
679ad1f475fc95b6,2016-03-11,Strawberries,,1 lb package,,,,,Yes,,,,,,,,5.11,$/1 lb package,5.11,per lb,Northwest,retail,,,,,,,,60.0,3324,Weekly Grocery Store Specialty Crops Feature Activity,2026-09-26T14:36:16+00:00
068bfae73cbd6bf4,2016-03-11,Strawberries,,2 lb package,,,,,No,,,,,,,,5.99,$/2 lb package,2.995,per lb,Northwest,retail,,,,,,,,28.0,3324,Weekly Grocery Store Specialty Crops Feature Activity,2026-09-26T14:36:16+00:00
f8b4d6971450453c,2016-03-11,Tomatoes,,per lb,,,,,No,,,,,,,,0.99,$/per lb,0.99,per lb,Northwest,retail,,,,,,,,37.0,3324,Weekly Grocery Store Specialty Crops Feature Activity,2026-09-26T14:36:16+00:00
0e456f765876ae5a,2016-03-11,Tomatoes,Cherry Type,1 pint package,,,,,Yes,,,,,,,,3.0,$/1 pint package,,,Northwest,retail,,,,,,,,39.0,3324,Weekly Grocery Store Specialty Crops Feature Activity,2026-09-26T14:36:16+00:00
0353f34847c5d3b3,2016-03-11,Tomatoes,GRAPE TYPE,1 pint package,,,,,Yes,,,,,,,,3.0,$/1 pint package,,,Northwest,retail,,,,,,,,39.0,3324,Weekly Grocery Store Specialty Crops Feature Activity,2026-09-26T14:36:16+00:00
fada783e169cca38,2016-03-11,Tomatoes,GRAPE TYPE,1 pint package,,,,,No,,,,,,,,2.83,$/1 pint package,,,Northwest,retail,,,,,,,,36.0,3324,Weekly Grocery Store Specialty Crops Feature Activity,2026-09-26T14:36:16+00:00
246e8c5169dd4876,2016-03-11,Tomatoes,GRAPE TYPE,10 oz package,,,,,No,,,,,,,,2.94,$/10 oz package,4.704,per lb,Northwest,retail,,,,,,,,19.0,3324,Weekly Grocery Store Specialty Crops Feature Activity,2026-09-26T14:36:16+00:00
90856dc5b98da5fb,2016-03-11,Tomatoes,GRAPE TYPE,10 oz package,,,,,Yes,,,,,,,,2.51,$/10 oz package,4.016,per lb,Northwest,retail,,,,,,,,67.0,3324,Weekly Grocery Store Specialty Crops Feature Activity,2026-09-26T14:36:16+00:00
766f9631309fb508,2016-03-11,Tomatoes,Plum Type (Roma),per lb,,,,,No,,,,,,,,1.08,$/per lb,1.08,per lb,Northwest,retail,,,,,,,,28.0,3324,Weekly Grocery Store Specialty Crops Feature Activity,2026-09-26T14:36:16+00:00
a43c4b8af4295d9c,2016-03-11,Tomatoes,Plum Type (Roma),per lb,,,,,Yes,,,,,,,,1.49,$/per lb,1.49,per lb,Northwest,retail,,,,,,,,65.0,3324,Weekly Grocery Store Specialty Crops Feature Activity,2026-09-26T14:36:16+00:00
3c36a3bbde8cc386,2016-03-11,Tomatoes,VINE RIPES,per lb,,,,,No,,,,,,,,2.81,$/per lb,2.81,per lb,Northwest,retail,,,,,,,,102.0,3324,Weekly Grocery Store Specialty Crops Feature Activity,2026-09-26T14:36:16+00:00
6f5030af547c1383,2016-03-11,Tomatoes,VINE RIPES - ON THE VINE,per lb,,,,,Yes,,,,,,,,2.64,$/per lb,2.64,per lb,Northwest,retail,,,environment=Greenhouse,,,,,48.0,3324,Weekly Grocery Store Specialty Crops Feature Activity,2026-09-26T14:36:16+00:00
7b49739ef917aaf9,2016-03-11,Tomatoes,VINE RIPES - ON THE VINE,per lb,,,,,No,,,,,,,,2.09,$/per lb,2.09,per lb,Northwest,retail,,,environment=Greenhouse,,,,,248.0,3324,Weekly Grocery Store Specialty Crops Feature Activity,2026-09-26T14:36:16+00:00
479167c7f9cb16cf,2016-03-11,Tomatoes,Vine Ripes - Heirloom Varieties,per lb,,,,,Yes,,,,,,,,3.99,$/per lb,3.99,per lb,Northwest,retail,,,,,,,,10.0,3324,Weekly Grocery Store Specialty Crops Feature Activity,2026-09-26T14:36:16+00:00
30c7e0216642ef2d,2016-03-11,Avocados,HASS,each,,,,,No,,,,,,,,0.96,$/each,0.96,per each,Southcentral,retail,,,,,,,,1746.0,3324,Weekly Grocery Store Specialty Crops Feature Activity,2026-09-26T14:36:16+00:00
7d963d6078ae6345,2016-03-11,Avocados,HASS,each,,,,,Yes,,,,,,,,1.16,$/each,1.16,per each,Southcentral,retail,,,,,,,,341.0,3324,Weekly Grocery Store Specialty Crops Feature Activity,2026-09-26T14:36:16+00:00
c7d03750b995e882,2016-03-11,Avocados,VARIOUS GREENSKIN VARIETIES,each,,,,,No,,,,,,,,0.69,$/each,0.69,per each,Southcentral,retail,,,,,,,,23.0,3324,Weekly Grocery Store Specialty Crops Feature Activity,2026-09-26T14:36:16+00:00
22c36924d7353011,2016-03-11,Bananas,,per lb,,,,,No,,,,,,,,0.4,$/per lb,0.4,per lb,Southcentral,retail,,,,,,,,225.0,3324,Weekly Grocery Store Specialty Crops Feature Activity,2026-09-26T14:36:16+00:00
c302ff4e392a2a31,2016-03-11,Bananas,,per lb,,,,,Yes,,,,,,,,0.69,$/per lb,0.69,per lb,Southcentral,retail,,,,,,,,31.0,3324,Weekly Grocery Store Specialty Crops Feature Activity,2026-09-26T14:36:16+00:00
cb6efbcf21ff64bf,2016-03-11,Blueberries,,1 pint package,,,,,No,,,,,,,,3.99,$/1 pint package,,,Southcentral,retail,,,,,,,,40.0,3324,Weekly Grocery Store Specialty Crops Feature Activity,2026-09-26T14:36:16+00:00
44c5420fdfc7bf88,2016-03-11,Blueberries,,4.4 oz package,,,,,No,,,,,,,,3.0,$/4.4 oz package,10.9091,per lb,Southcentral,retail,,,,,,,,52.0,3324,Weekly Grocery Store Specialty Crops Feature Activity,2026-09-26T14:36:16+00:00
0bf215bac095098d,2016-03-11,Blueberries,,6 oz package,,,,,Yes,,,,,,,,3.51,$/6 oz package,9.36,per lb,Southcentral,retail,,,,,,,,79.0,3324,Weekly Grocery Store Specialty Crops Feature Activity,2026-09-26T14:36:16+00:00
5855e51c482aada2,2016-03-11,Blueberries,,6 oz package,,,,,No,,,,,,,,2.69,$/6 oz package,7.1733,per lb,Southcentral,retail,,,,,,,,796.0,3324,Weekly Grocery Store Specialty Crops Feature Activity,2026-09-26T14:36:16+00:00
5fdcec85f980505c,2016-03-11,Broccoli,,per bunch,,,,,Yes,,,,,,,,1.99,$/per bunch,,,Southcentral,retail,,,,,,,,221.0,3324,Weekly Grocery Store Specialty Crops Feature Activity,2026-09-26T14:36:16+00:00
c043e3331ac9a52d,2016-03-11,Broccoli,,per bunch,,,,,No,,,,,,,,1.84,$/per bunch,,,Southcentral,retail,,,,,,,,154.0,3324,Weekly Grocery Store Specialty Crops Feature Activity,2026-09-26T14:36:16+00:00
0423680b5b9d46fd,2016-03-11,Broccoli,,per lb,,,,,No,,,,,,,,1.5,$/per lb,1.5,per lb,Southcentral,retail,,,,,,,,57.0,3324,Weekly Grocery Store Specialty Crops Feature Activity,2026-09-26T14:36:16+00:00
9976e46b8233189d,2016-03-11,Broccoli,CROWN CUT,per lb,,,,,No,,,,,,,,1.43,$/per lb,1.43,per lb,Southcentral,retail,,,,,,,,738.0,3324,Weekly Grocery Store Specialty Crops Feature Activity,2026-09-26T14:36:16+00:00
b453908096418d54,2016-03-11,Carrots,,1 lb bag,,,,,No,,,,,,,,0.99,$/1 lb bag,0.99,per lb,Southcentral,retail,,,,,,,,121.0,3324,Weekly Grocery Store Specialty Crops Feature Activity,2026-09-26T14:36:16+00:00
ca10a400207b09cf,2016-03-11,Carrots,,2 lb bag,,,,,No,,,,,,,,1.19,$/2 lb bag,0.595,per lb,Southcentral,retail,,,,,,,,33.0,3324,Weekly Grocery Store Specialty Crops Feature Activity,2026-09-26T14:36:16+00:00
8f19c987e7796488,2016-03-11,Carrots,,per bunch,,,,,Yes,,,,,,,,3.75,$/per bunch,,,Southcentral,retail,,,,,,,,41.0,3324,Weekly Grocery Store Specialty Crops Feature Activity,2026-09-26T14:36:16+00:00
8f8297dc39b5755d,2016-03-11,Carrots,,per lb,,,,,No,,,,,,,,0.5,$/per lb,0.5,per lb,Southcentral,retail,,,,,,,,23.0,3324,Weekly Grocery Store Specialty Crops Feature Activity,2026-09-26T14:36:16+00:00
2b176f0dd566df96,2016-03-11,Carrots,BABY PEELED,1 lb bag,,,,,Yes,,,,,,,,1.69,$/1 lb bag,1.69,per lb,Southcentral,retail,,,,,,,,137.0,3324,Weekly Grocery Store Specialty Crops Feature Activity,2026-09-26T14:36:16+00:00
3404fd623c1c2c86,2016-03-11,Carrots,BABY PEELED,1 lb bag,,,,,No,,,,,,,,1.25,$/1 lb bag,1.25,per lb,Southcentral,retail,,,,,,,,582.0,3324,Weekly Grocery Store Specialty Crops Feature Activity,2026-09-26T14:36:16+00:00
0b3ec6a44411d45b,2016-03-11,Carrots,BABY PEELED,2 lb bag,,,,,No,,,,,,,,2.5,$/2 lb bag,1.25,per lb,Southcentral,retail,,,,,,,,153.0,3324,Weekly Grocery Store Specialty Crops Feature Activity,2026-09-26T14:36:16+00:00
37a6f0b2be121c0f,2016-03-11,Celery,,each,,,,,Yes,,,,,,,,1.92,$/each,1.92,per each,Southcentral,retail,,,,,,,,50.0,3324,Weekly Grocery Store Specialty Crops Feature Activity,2026-09-26T14:36:16+00:00
e403e32243bcb35b,2016-03-11,Celery,,each,,,,,No,,,,,,,,1.36,$/each,1.36,per each,Southcentral,retail,,,,,,,,366.0,3324,Weekly Grocery Store Specialty Crops Feature Activity,2026-09-26T14:36:16+00:00
9958024ebd7d8f4c,2016-03-11,Celery,,per lb,,,,,No,,,,,,,,0.99,$/per lb,0.99,per lb,Southcentral,retail,,,,,,,,141.0,3324,Weekly Grocery Store Specialty Crops Feature Activity,2026-09-26T14:36:16+00:00
970de401cace4520,2016-03-11,Celery,HEARTS,each,,,,,No,,,,,,,,3.29,$/each,3.29,per each,Southcentral,retail,,,,,,,,47.0,3324,Weekly Grocery Store Specialty Crops Feature Activity,2026-09-26T14:36:16+00:00
ee8df89920d2cb69,2016-03-11,Cucumbers,,each,,,,,Yes,,,,,,,,0.98,$/each,0.98,per each,Southcentral,retail,,,,,,,,73.0,3324,Weekly Grocery Store Specialty Crops Feature Activity,2026-09-26T14:36:16+00:00
fabaaf4134d5aba5,2016-03-11,Cucumbers,,each,,,,,No,,,,,,,,0.72,$/each,0.72,per each,Southcentral,retail,,,,,,,,679.0,3324,Weekly Grocery Store Specialty Crops Feature Activity,2026-09-26T14:36:16+00:00
1bcdc856aff53a58,2016-03-11,Cucumbers,LONG SEEDLESS,each,,,,,No,,,,,,,,2.5,$/each,2.5,per each,Southcentral,retail,,,environment=Greenhouse,,,,,40.0,3324,Weekly Grocery Store Specialty Crops Feature Activity,2026-09-26T14:36:16+00:00
2917644b678b13c1,2016-03-11,Grapes,BLACK SEEDLESS,per lb,,,,,No,,,,,,,,2.74,$/per lb,2.74,per lb,Southcentral,retail,,,,,,,,249.0,3324,Weekly Grocery Store Specialty Crops Feature Activity,2026-09-26T14:36:16+00:00
a3656fe5f40e0d28,2016-03-11,Grapes,RED SEEDLESS,per lb,,,,,No,,,,,,,,2.6,$/per lb,2.6,per lb,Southcentral,retail,,,,,,,,937.0,3324,Weekly Grocery Store Specialty Crops Feature Activity,2026-09-26T14:36:16+00:00
4f862927066f89a1,2016-03-11,Grapes,Red Globe Seeded Type,per lb,,,,,No,,,,,,,,1.59,$/per lb,1.59,per lb,Southcentral,retail,,,,,,,,152.0,3324,Weekly Grocery Store Specialty Crops Feature Activity,2026-09-26T14:36:16+00:00
ead10dec78878201,2016-03-11,Grapes,WHITE SEEDLESS TYPE,per lb,,,,,No,,,,,,,,2.51,$/per lb,2.51,per lb,Southcentral,retail,,,,,,,,1024.0,3324,Weekly Grocery Store Specialty Crops Feature Activity,2026-09-26T14:36:16+00:00
12055d654d672914,2016-03-11,Lemons,,2 lb bag,,,,,No,,,,,,,,2.98,$/2 lb bag,1.49,per lb,Southcentral,retail,,,,,,,,8.0,3324,Weekly Grocery Store Specialty Crops Feature Activity,2026-09-26T14:36:16+00:00
3c489a7c2918024f,2016-03-11,Lemons,,each,,,,,No,,,,,,,,0.54,$/each,0.54,per each,Southcentral,retail,,,,,,,,499.0,3324,Weekly Grocery Store Specialty Crops Feature Activity,2026-09-26T14:36:16+00:00
19b0a3f77952c5ea,2016-03-11,Lettuce,Green Leaf,each,,,,,No,,,,,,,,1.06,$/each,1.06,per each,Southcentral,retail,,,,,,,,253.0,3324,Weekly Grocery Store Specialty Crops Feature Activity,2026-09-26T14:36:16+00:00
539e67fce8075fb7,2016-03-11,Lettuce,Green Leaf,each,,,,,Yes,,,,,,,,1.5,$/each,1.5,per each,Southcentral,retail,,,,,,,,5.0,3324,Weekly Grocery Store Specialty Crops Feature Activity,2026-09-26T14:36:16+00:00
f85678f71d832cd8,2016-03-11,Lettuce,Iceberg,each,,,,,No,,,,,,,,0.94,$/each,0.94,per each,Southcentral,retail,,,,,,,,173.0,3324,Weekly Grocery Store Specialty Crops Feature Activity,2026-09-26T14:36:16+00:00
28aef814a9694f60,2016-03-11,Lettuce,Red Leaf,each,,,,,No,,,,,,,,1.07,$/each,1.07,per each,Southcentral,retail,,,,,,,,279.0,3324,Weekly Grocery Store Specialty Crops Feature Activity,2026-09-26T14:36:16+00:00
960f69893c91755e,2016-03-11,Lettuce,Red Leaf,each,,,,,Yes,,,,,,,,1.5,$/each,1.5,per each,Southcentral,retail,,,,,,,,5.0,3324,Weekly Grocery Store Specialty Crops Feature Activity,2026-09-26T14:36:16+00:00
c6bfbbc045355482,2016-03-11,Lettuce,Romaine,each,,,,,No,,,,,,,,1.19,$/each,1.19,per each,Southcentral,retail,,,,,,,,365.0,3324,Weekly Grocery Store Specialty Crops Feature Activity,2026-09-26T14:36:16+00:00
07385a5f8f56444b,2016-03-11,Lettuce,Romaine (Hearts),3 count,,,,,Yes,,,,,,,,3.52,$/3 count,,,Southcentral,retail,,,,,,,,138.0,3324,Weekly Grocery Store Specialty Crops Feature Activity,2026-09-26T14:36:16+00:00
3e227a193bf1cf47,2016-03-11,Lettuce,Romaine (Hearts),3 count,,,,,No,,,,,,,,1.89,$/3 count,,,Southcentral,retail,,,,,,,,100.0,3324,Weekly Grocery Store Specialty Crops Feature Activity,2026-09-26T14:36:16+00:00
334601e92b9ffe77,2016-03-11,Limes,,each,,,,,No,,,,,,,,0.21,$/each,0.21,per each,Southcentral,retail,,,,,,,,123.0,3324,Weekly Grocery Store Specialty Crops Feature Activity,2026-09-26T14:36:16+00:00
8da68f84408396a7,2016-03-11,"Onions, Dry",RED,2 lb bag,,,,,Yes,,,,,,,,3.99,$/2 lb bag,1.995,per lb,Southcentral,retail,,,,,,,,40.0,3324,Weekly Grocery Store Specialty Crops Feature Activity,2026-09-26T14:36:16+00:00
6a0b3a7c6833da6a,2016-03-11,"Onions, Dry",RED,per lb,,,,,No,,,,,,,,0.99,$/per lb,0.99,per lb,Southcentral,retail,,,,,,,,121.0,3324,Weekly Grocery Store Specialty Crops Feature Activity,2026-09-26T14:36:16+00:00
2babf95ebae4801c,2016-03-11,"Onions, Dry",WHITE,per lb,,,,,No,,,,,,,,0.88,$/per lb,0.88,per lb,Southcentral,retail,,,,,,,,145.0,3324,Weekly Grocery Store Specialty Crops Feature Activity,2026-09-26T14:36:16+00:00
6e1d2da379e5d21d,2016-03-11,"Onions, Dry",YELLOW,3 lb bag,,,,,No,,,,,,,,1.75,$/3 lb bag,0.5833,per lb,Southcentral,retail,,,,,,,,271.0,3324,Weekly Grocery Store Specialty Crops Feature Activity,2026-09-26T14:36:16+00:00
ddf0d0930de0e009,2016-03-11,"Onions, Dry",YELLOW,3 lb bag,,,,,Yes,,,,,,,,2.69,$/3 lb bag,0.8967,per lb,Southcentral,retail,,,,,,,,210.0,3324,Weekly Grocery Store Specialty Crops Feature Activity,2026-09-26T14:36:16+00:00
d5ac8ce6ada171fd,2016-03-11,"Onions, Dry",YELLOW,per lb,,,,,No,,,,,,,,0.72,$/per lb,0.72,per lb,Southcentral,retail,,,,,,,,278.0,3324,Weekly Grocery Store Specialty Crops Feature Activity,2026-09-26T14:36:16+00:00
37eee0069f92925a,2016-03-11,"Onions, Dry",YELLOW MARKED SWEET,3 lb bag,,,,,No,,,,,,,,2.08,$/3 lb bag,0.6933,per lb,Southcentral,retail,,,,,,,,174.0,3324,Weekly Grocery Store Specialty Crops Feature Activity,2026-09-26T14:36:16+00:00
658f40eb390a27dd,2016-03-11,"Onions, Dry",YELLOW MARKED SWEET,per lb,,,,,No,,,,,,,,1.0,$/per lb,1.0,per lb,Southcentral,retail,,,,,,,,659.0,3324,Weekly Grocery Store Specialty Crops Feature Activity,2026-09-26T14:36:16+00:00
18ddcad6b25317a9,2016-03-11,"Peppers, Bell Type",ORANGE,each,,,,,No,,,,,,,,1.69,$/each,1.69,per each,Southcentral,retail,,,,,,,,272.0,3324,Weekly Grocery Store Specialty Crops Feature Activity,2026-09-26T14:36:16+00:00
56498bbbd5d89906,2016-03-11,"Peppers, Bell Type",ORANGE,each,,,,,No,,,,,,,,1.5,$/each,1.5,per each,Southcentral,retail,,,environment=Greenhouse,,,,,54.0,3324,Weekly Grocery Store Specialty Crops Feature Activity,2026-09-26T14:36:16+00:00
089e05c7af17dc3d,2016-03-11,"Peppers, Bell Type",RED,each,,,,,No,,,,,,,,1.5,$/each,1.5,per each,Southcentral,retail,,,environment=Greenhouse,,,,,54.0,3324,Weekly Grocery Store Specialty Crops Feature Activity,2026-09-26T14:36:16+00:00
7f6d87c7f022728c,2016-03-11,"Peppers, Bell Type",RED,each,,,,,No,,,,,,,,1.64,$/each,1.64,per each,Southcentral,retail,,,,,,,,312.0,3324,Weekly Grocery Store Specialty Crops Feature Activity,2026-09-26T14:36:16+00:00
34a7fd9928995389,2016-03-11,"Peppers, Bell Type",YELLOW,each,,,,,No,,,,,,,,1.5,$/each,1.5,per each,Southcentral,retail,,,environment=Greenhouse,,,,,54.0,3324,Weekly Grocery Store Specialty Crops Feature Activity,2026-09-26T14:36:16+00:00
e46e469bba3e5b16,2016-03-11,"Peppers, Bell Type",YELLOW,each,,,,,No,,,,,,,,1.69,$/each,1.69,per each,Southcentral,retail,,,,,,,,272.0,3324,Weekly Grocery Store Specialty Crops Feature Activity,2026-09-26T14:36:16+00:00
16a709f20f226111,2016-03-11,Potatoes,ROUND RED,3 lb bag,,,,,No,,,,,,,,2.16,$/3 lb bag,0.72,per lb,Southcentral,retail,,,,,,,,306.0,3324,Weekly Grocery Store Specialty Crops Feature Activity,2026-09-26T14:36:16+00:00
735ad877dc27f2c4,2016-03-11,Potatoes,ROUND RED,5 lb bag,,,,,No,,,,,,,,1.97,$/5 lb bag,0.394,per lb,Southcentral,retail,,,,,,,,419.0,3324,Weekly Grocery Store Specialty Crops Feature Activity,2026-09-26T14:36:16+00:00
0a27993fe936966b,2016-03-11,Potatoes,ROUND RED,per lb,,,,,No,,,,,,,,0.81,$/per lb,0.81,per lb,Southcentral,retail,,,,,,,,288.0,3324,Weekly Grocery Store Specialty Crops Feature Activity,2026-09-26T14:36:16+00:00
6039f8213925a258,2016-03-11,Potatoes,ROUND WHITE,per lb,,,,,No,,,,,,,,0.77,$/per lb,0.77,per lb,Southcentral,retail,,,,,,,,16.0,3324,Weekly Grocery Store Specialty Crops Feature Activity,2026-09-26T14:36:16+00:00
89953b3d53a75b51,2016-03-11,Potatoes,RUSSET,10 lb bag,,,,,No,,,,,,,,3.08,$/10 lb bag,0.308,per lb,Southcentral,retail,,,,,,,,369.0,3324,Weekly Grocery Store Specialty Crops Feature Activity,2026-09-26T14:36:16+00:00
0b7ad3c889ba45ce,2016-03-11,Potatoes,RUSSET,3 lb bag,,,,,Yes,,,,,,,,1.5,$/3 lb bag,0.5,per lb,Southcentral,retail,,,,,,,,99.0,3324,Weekly Grocery Store Specialty Crops Feature Activity,2026-09-26T14:36:16+00:00
2a0cdd68c64ad00c,2016-03-11,Potatoes,RUSSET,5 lb bag,,,,,Yes,,,,,,,,2.68,$/5 lb bag,0.536,per lb,Southcentral,retail,,,,,,,,81.0,3324,Weekly Grocery Store Specialty Crops Feature Activity,2026-09-26T14:36:16+00:00
c079c58736a3c428,2016-03-11,Potatoes,RUSSET,5 lb bag,,,,,No,,,,,,,,1.48,$/5 lb bag,0.296,per lb,Southcentral,retail,,,,,,,,278.0,3324,Weekly Grocery Store Specialty Crops Feature Activity,2026-09-26T14:36:16+00:00
6219b8adeff1a91c,2016-03-11,Potatoes,RUSSET,8 lb bag,,,,,No,,,,,,,,2.9,$/8 lb bag,0.3625,per lb,Southcentral,retail,,,,,,,,83.0,3324,Weekly Grocery Store Specialty Crops Feature Activity,2026-09-26T14:36:16+00:00
519fdec111b3252a,2016-03-11,Potatoes,RUSSET,per lb,,,,,No,,,,,,,,0.67,$/per lb,0.67,per lb,Southcentral,retail,,,,,,,,30.0,3324,Weekly Grocery Store Specialty Crops Feature Activity,2026-09-26T14:36:16+00:00
2cc4ecac15d43409,2016-03-11,Potatoes,YELLOW TYPE,3 lb bag,,,,,No,,,,,,,,1.49,$/3 lb bag,0.4967,per lb,Southcentral,retail,,,,,,,,57.0,3324,Weekly Grocery Store Specialty Crops Feature Activity,2026-09-26T14:36:16+00:00
4b7f71ad9a7be854,2016-03-11,Potatoes,YELLOW TYPE,3 lb bag,,,,,Yes,,,,,,,,1.99,$/3 lb bag,0.6633,per lb,Southcentral,retail,,,,,,,,141.0,3324,Weekly Grocery Store Specialty Crops Feature Activity,2026-09-26T14:36:16+00:00
e452e9c61aa23a6a,2016-03-11,Potatoes,YELLOW TYPE,5 lb bag,,,,,No,,,,,,,,2.07,$/5 lb bag,0.414,per lb,Southcentral,retail,,,,,,,,203.0,3324,Weekly Grocery Store Specialty Crops Feature Activity,2026-09-26T14:36:16+00:00
7d80c20012cfdbc6,2016-03-11,Potatoes,YELLOW TYPE,per lb,,,,,No,,,,,,,,0.88,$/per lb,0.88,per lb,Southcentral,retail,,,,,,,,40.0,3324,Weekly Grocery Store Specialty Crops Feature Activity,2026-09-26T14:36:16+00:00
4eac0eb054aaa9e3,2016-03-11,Strawberries,,1 lb package,,,,,Yes,,,,,,,,3.87,$/1 lb package,3.87,per lb,Southcentral,retail,,,,,,,,366.0,3324,Weekly Grocery Store Specialty Crops Feature Activity,2026-09-26T14:36:16+00:00
a1e71904771ea34b,2016-03-11,Strawberries,,1 lb package,,,,,No,,,,,,,,2.13,$/1 lb package,2.13,per lb,Southcentral,retail,,,,,,,,1433.0,3324,Weekly Grocery Store Specialty Crops Feature Activity,2026-09-26T14:36:16+00:00
13a1ef0ccc2805db,2016-03-11,Strawberries,,2 lb package,,,,,No,,,,,,,,4.23,$/2 lb package,2.115,per lb,Southcentral,retail,,,,,,,,232.0,3324,Weekly Grocery Store Specialty Crops Feature Activity,2026-09-26T14:36:16+00:00
0bfc53935891be04,2016-03-11,Tomatoes,,per lb,,,,,No,,,,,,,,1.21,$/per lb,1.21,per lb,Southcentral,retail,,,,,,,,155.0,3324,Weekly Grocery Store Specialty Crops Feature Activity,2026-09-26T14:36:16+00:00
c65fd138c8b850e6,2016-03-11,Tomatoes,GRAPE TYPE,1 pint package,,,,,Yes,,,,,,,,2.99,$/1 pint package,,,Southcentral,retail,,,,,,,,47.0,3324,Weekly Grocery Store Specialty Crops Feature Activity,2026-09-26T14:36:16+00:00
8f98a25d315c11f1,2016-03-11,Tomatoes,GRAPE TYPE,10 oz package,,,,,No,,,,,,,,2.5,$/10 oz package,4.0,per lb,Southcentral,retail,,,,,,,,73.0,3324,Weekly Grocery Store Specialty Crops Feature Activity,2026-09-26T14:36:16+00:00
4a6e5666a6c49288,2016-03-11,Tomatoes,Plum Type (Roma),per lb,,,,,Yes,,,,,,,,0.98,$/per lb,0.98,per lb,Southcentral,retail,,,,,,,,73.0,3324,Weekly Grocery Store Specialty Crops Feature Activity,2026-09-26T14:36:16+00:00
55e0e35f50972c23,2016-03-11,Tomatoes,Plum Type (Roma),per lb,,,,,No,,,,,,,,0.84,$/per lb,0.84,per lb,Southcentral,retail,,,,,,,,461.0,3324,Weekly Grocery Store Specialty Crops Feature Activity,2026-09-26T14:36:16+00:00
82405a4ffc62a785,2016-03-11,Tomatoes,VINE RIPES,per lb,,,,,No,,,,,,,,1.23,$/per lb,1.23,per lb,Southcentral,retail,,,,,,,,29.0,3324,Weekly Grocery Store Specialty Crops Feature Activity,2026-09-26T14:36:16+00:00
9e127263625ce806,2016-03-11,Tomatoes,VINE RIPES,per lb,,,,,No,,,,,,,,1.46,$/per lb,1.46,per lb,Southcentral,retail,,,environment=Greenhouse,,,,,247.0,3324,Weekly Grocery Store Specialty Crops Feature Activity,2026-09-26T14:36:16+00:00
232f5366ed96eece,2016-03-11,Tomatoes,VINE RIPES - ON THE VINE,per lb,,,,,No,,,,,,,,1.85,$/per lb,1.85,per lb,Southcentral,retail,,,environment=Greenhouse,,,,,714.0,3324,Weekly Grocery Store Specialty Crops Feature Activity,2026-09-26T14:36:16+00:00
cc2e5125959d7ccc,2016-03-11,Tomatoes,VINE RIPES - ON THE VINE,per lb,,,,,Yes,,,,,,,,2.76,$/per lb,2.76,per lb,Southcentral,retail,,,environment=Greenhouse,,,,,234.0,3324,Weekly Grocery Store Specialty Crops Feature Activity,2026-09-26T14:36:16+00:00
9d0af1a126b723f0,2016-03-11,Avocados,HASS,each,,,,,Yes,,,,,,,,1.75,$/each,1.75,per each,Southeast,retail,,,,,,,,425.0,3324,Weekly Grocery Store Specialty Crops Feature Activity,2026-09-26T14:36:16+00:00
cc3a3cb0b47bd1f7,2016-03-11,Avocados,HASS,each,,,,,No,,,,,,,,1.12,$/each,1.12,per each,Southeast,retail,,,,,,,,3275.0,3324,Weekly Grocery Store Specialty Crops Feature Activity,2026-09-26T14:36:16+00:00
106f06cc3cea14c1,2016-03-11,Avocados,VARIOUS GREENSKIN VARIETIES,each,,,,,No,,,,,,,,1.0,$/each,1.0,per each,Southeast,retail,,,,,,,,9.0,3324,Weekly Grocery Store Specialty Crops Feature Activity,2026-09-26T14:36:16+00:00
d04805f279f9b057,2016-03-11,Bananas,,per lb,,,,,No,,,,,,,,0.47,$/per lb,0.47,per lb,Southeast,retail,,,,,,,,153.0,3324,Weekly Grocery Store Specialty Crops Feature Activity,2026-09-26T14:36:16+00:00
6e122755b6eeb958,2016-03-11,Blueberries,,1 pint package,,,,,No,,,,,,,,3.24,$/1 pint package,,,Southeast,retail,,,,,,,,514.0,3324,Weekly Grocery Store Specialty Crops Feature Activity,2026-09-26T14:36:16+00:00
0b747780f154d706,2016-03-11,Blueberries,,4.4 oz package,,,,,Yes,,,,,,,,3.99,$/4.4 oz package,14.5091,per lb,Southeast,retail,,,,,,,,214.0,3324,Weekly Grocery Store Specialty Crops Feature Activity,2026-09-26T14:36:16+00:00
0c6531a77da645bc,2016-03-11,Blueberries,,4.4 oz package,,,,,No,,,,,,,,3.0,$/4.4 oz package,10.9091,per lb,Southeast,retail,,,,,,,,319.0,3324,Weekly Grocery Store Specialty Crops Feature Activity,2026-09-26T14:36:16+00:00
c6b6a886aad5cc9f,2016-03-11,Blueberries,,6 oz package,,,,,No,,,,,,,,2.98,$/6 oz package,7.9467,per lb,Southeast,retail,,,,,,,,1618.0,3324,Weekly Grocery Store Specialty Crops Feature Activity,2026-09-26T14:36:16+00:00
d49876fc663ea6b4,2016-03-11,Blueberries,,6 oz package,,,,,Yes,,,,,,,,3.9,$/6 oz package,10.4,per lb,Southeast,retail,,,,,,,,104.0,3324,Weekly Grocery Store Specialty Crops Feature Activity,2026-09-26T14:36:16+00:00
018b220e7485fa97,2016-03-11,Broccoli,,per bunch,,,,,Yes,,,,,,,,2.99,$/per bunch,,,Southeast,retail,,,,,,,,35.0,3324,Weekly Grocery Store Specialty Crops Feature Activity,2026-09-26T14:36:16+00:00
e0200cf92fc61a8d,2016-03-11,Broccoli,,per bunch,,,,,No,,,,,,,,2.11,$/per bunch,,,Southeast,retail,,,,,,,,439.0,3324,Weekly Grocery Store Specialty Crops Feature Activity,2026-09-26T14:36:16+00:00
6b2886e8134e9bc5,2016-03-11,Broccoli,,per lb,,,,,Yes,,,,,,,,2.99,$/per lb,2.99,per lb,Southeast,retail,,,,,,,,60.0,3324,Weekly Grocery Store Specialty Crops Feature Activity,2026-09-26T14:36:16+00:00
f2389ce6a924812e,2016-03-11,Broccoli,,per lb,,,,,No,,,,,,,,2.34,$/per lb,2.34,per lb,Southeast,retail,,,,,,,,592.0,3324,Weekly Grocery Store Specialty Crops Feature Activity,2026-09-26T14:36:16+00:00
16028302390e74f6,2016-03-11,Broccoli,CROWN CUT,per lb,,,,,No,,,,,,,,1.5,$/per lb,1.5,per lb,Southeast,retail,,,,,,,,1921.0,3324,Weekly Grocery Store Specialty Crops Feature Activity,2026-09-26T14:36:16+00:00
968c018f3ebf5754,2016-03-11,Carrots,,1 lb bag,,,,,No,,,,,,,,0.69,$/1 lb bag,0.69,per lb,Southeast,retail,,,,,,,,61.0,3324,Weekly Grocery Store Specialty Crops Feature Activity,2026-09-26T14:36:16+00:00
c16d1e7b495d7f50,2016-03-11,Carrots,,2 lb bag,,,,,No,,,,,,,,1.59,$/2 lb bag,0.795,per lb,Southeast,retail,,,,,,,,7.0,3324,Weekly Grocery Store Specialty Crops Feature Activity,2026-09-26T14:36:16+00:00
f2541a1f9e590015,2016-03-11,Carrots,,per bunch,,,,,Yes,,,,,,,,1.59,$/per bunch,,,Southeast,retail,,,,,,,,223.0,3324,Weekly Grocery Store Specialty Crops Feature Activity,2026-09-26T14:36:16+00:00
3960d9bddbd59dd5,2016-03-11,Carrots,BABY PEELED,1 lb bag,,,,,No,,,,,,,,1.41,$/1 lb bag,1.41,per lb,Southeast,retail,,,,,,,,568.0,3324,Weekly Grocery Store Specialty Crops Feature Activity,2026-09-26T14:36:16+00:00
e8109e05c62c4f8c,2016-03-11,Carrots,BABY PEELED,1 lb bag,,,,,Yes,,,,,,,,1.79,$/1 lb bag,1.79,per lb,Southeast,retail,,,,,,,,17.0,3324,Weekly Grocery Store Specialty Crops Feature Activity,2026-09-26T14:36:16+00:00
3173a5be03cbf33b,2016-03-11,Carrots,BABY PEELED,2 lb bag,,,,,No,,,,,,,,2.5,$/2 lb bag,1.25,per lb,Southeast,retail,,,,,,,,17.0,3324,Weekly Grocery Store Specialty Crops Feature Activity,2026-09-26T14:36:16+00:00
08875b17b27e03f4,2016-03-11,Celery,,each,,,,,Yes,,,,,,,,2.83,$/each,2.83,per each,Southeast,retail,,,,,,,,206.0,3324,Weekly Grocery Store Specialty Crops Feature Activity,2026-09-26T14:36:16+00:00
e48a20e54ce22aa0,2016-03-11,Celery,,each,,,,,No,,,,,,,,1.33,$/each,1.33,per each,Southeast,retail,,,,,,,,78.0,3324,Weekly Grocery Store Specialty Crops Feature Activity,2026-09-26T14:36:16+00:00
9feeb6960fe06e84,2016-03-11,Celery,HEARTS,each,,,,,Yes,,,,,,,,3.49,$/each,3.49,per each,Southeast,retail,,,,,,,,17.0,3324,Weekly Grocery Store Specialty Crops Feature Activity,2026-09-26T14:36:16+00:00
d77b7f546e5138d0,2016-03-11,Celery,HEARTS,each,,,,,No,,,,,,,,1.99,$/each,1.99,per each,Southeast,retail,,,,,,,,11.0,3324,Weekly Grocery Store Specialty Crops Feature Activity,2026-09-26T14:36:16+00:00
9c71f355167b2ee9,2016-03-11,Cucumbers,,each,,,,,Yes,,,,,,,,0.98,$/each,0.98,per each,Southeast,retail,,,,,,,,7.0,3324,Weekly Grocery Store Specialty Crops Feature Activity,2026-09-26T14:36:16+00:00
f85b4cc4f6e1474b,2016-03-11,Cucumbers,,each,,,,,No,,,,,,,,0.52,$/each,0.52,per each,Southeast,retail,,,,,,,,433.0,3324,Weekly Grocery Store Specialty Crops Feature Activity,2026-09-26T14:36:16+00:00
7132c5fd6bbffb31,2016-03-11,Cucumbers,LONG SEEDLESS,each,,,,,No,,,,,,,,1.27,$/each,1.27,per each,Southeast,retail,,,environment=Greenhouse,,,,,531.0,3324,Weekly Grocery Store Specialty Crops Feature Activity,2026-09-26T14:36:16+00:00
debda1f8f6abe0d8,2016-03-11,Cucumbers,LONG SEEDLESS,each,,,,,Yes,,,,,,,,2.49,$/each,2.49,per each,Southeast,retail,,,environment=Greenhouse,,,,,114.0,3324,Weekly Grocery Store Specialty Crops Feature Activity,2026-09-26T14:36:16+00:00
d4d64936e729d6d8,2016-03-11,Grapes,BLACK SEEDLESS,per lb,,,,,No,,,,,,,,2.35,$/per lb,2.35,per lb,Southeast,retail,,,,,,,,1099.0,3324,Weekly Grocery Store Specialty Crops Feature Activity,2026-09-26T14:36:16+00:00
a91bcf23199a5873,2016-03-11,Grapes,RED SEEDLESS,per lb,,,,,No,,,,,,,,2.36,$/per lb,2.36,per lb,Southeast,retail,,,,,,,,2731.0,3324,Weekly Grocery Store Specialty Crops Feature Activity,2026-09-26T14:36:16+00:00
18ac6e53d2afa81b,2016-03-11,Grapes,Red Globe Seeded Type,per lb,,,,,No,,,,,,,,1.89,$/per lb,1.89,per lb,Southeast,retail,,,,,,,,147.0,3324,Weekly Grocery Store Specialty Crops Feature Activity,2026-09-26T14:36:16+00:00
8f48059e12f91b8f,2016-03-11,Grapes,WHITE SEEDLESS TYPE,per lb,,,,,No,,,,,,,,2.3,$/per lb,2.3,per lb,Southeast,retail,,,,,,,,2258.0,3324,Weekly Grocery Store Specialty Crops Feature Activity,2026-09-26T14:36:16+00:00
236f344cd866fbf1,2016-03-11,Lemons,,2 lb bag,,,,,No,,,,,,,,3.17,$/2 lb bag,1.585,per lb,Southeast,retail,,,,,,,,1363.0,3324,Weekly Grocery Store Specialty Crops Feature Activity,2026-09-26T14:36:16+00:00
3b2bb99559fa785a,2016-03-11,Lemons,,2 lb bag,,,,,Yes,,,,,,,,3.41,$/2 lb bag,1.705,per lb,Southeast,retail,,,,,,,,259.0,3324,Weekly Grocery Store Specialty Crops Feature Activity,2026-09-26T14:36:16+00:00
f269b0c7fecd2e23,2016-03-11,Lemons,,each,,,,,No,,,,,,,,0.3,$/each,0.3,per each,Southeast,retail,,,,,,,,28.0,3324,Weekly Grocery Store Specialty Crops Feature Activity,2026-09-26T14:36:16+00:00
c4c22a4e52617236,2016-03-11,Lettuce,Green Leaf,each,,,,,Yes,,,,,,,,1.99,$/each,1.99,per each,Southeast,retail,,,,,,,,4.0,3324,Weekly Grocery Store Specialty Crops Feature Activity,2026-09-26T14:36:16+00:00
e50e0c5954f0ecd6,2016-03-11,Lettuce,Green Leaf,each,,,,,No,,,,,,,,1.46,$/each,1.46,per each,Southeast,retail,,,,,,,,74.0,3324,Weekly Grocery Store Specialty Crops Feature Activity,2026-09-26T14:36:16+00:00
398cbe334db73b31,2016-03-11,Lettuce,Iceberg,each,,,,,No,,,,,,,,1.21,$/each,1.21,per each,Southeast,retail,,,,,,,,92.0,3324,Weekly Grocery Store Specialty Crops Feature Activity,2026-09-26T14:36:16+00:00
2633874b94627e52,2016-03-11,Lettuce,Red Leaf,each,,,,,Yes,,,,,,,,1.99,$/each,1.99,per each,Southeast,retail,,,,,,,,4.0,3324,Weekly Grocery Store Specialty Crops Feature Activity,2026-09-26T14:36:16+00:00
dbdf092bc71d585c,2016-03-11,Lettuce,Red Leaf,each,,,,,No,,,,,,,,1.46,$/each,1.46,per each,Southeast,retail,,,,,,,,74.0,3324,Weekly Grocery Store Specialty Crops Feature Activity,2026-09-26T14:36:16+00:00
a4899a16a376f10c,2016-03-11,Lettuce,Romaine,each,,,,,No,,,,,,,,1.46,$/each,1.46,per each,Southeast,retail,,,,,,,,74.0,3324,Weekly Grocery Store Specialty Crops Feature Activity,2026-09-26T14:36:16+00:00
0f111bae712ffc83,2016-03-11,Lettuce,Romaine (Hearts),3 count,,,,,Yes,,,,,,,,2.99,$/3 count,,,Southeast,retail,,,,,,,,214.0,3324,Weekly Grocery Store Specialty Crops Feature Activity,2026-09-26T14:36:16+00:00
257929d56adf7207,2016-03-11,Lettuce,Romaine (Hearts),3 count,,,,,No,,,,,,,,2.4,$/3 count,,,Southeast,retail,,,,,,,,311.0,3324,Weekly Grocery Store Specialty Crops Feature Activity,2026-09-26T14:36:16+00:00
19eaad6171e3a136,2016-03-11,Limes,,each,,,,,No,,,,,,,,0.25,$/each,0.25,per each,Southeast,retail,,,,,,,,4.0,3324,Weekly Grocery Store Specialty Crops Feature Activity,2026-09-26T14:36:16+00:00
1f02fd2a29f16e0d,2016-03-11,Limes,,per lb,,,,,No,,,,,,,,0.84,$/per lb,0.84,per lb,Southeast,retail,,,,,,,,31.0,3324,Weekly Grocery Store Specialty Crops Feature Activity,2026-09-26T14:36:16+00:00
76dabb5d2ec0651a,2016-03-11,"Onions, Dry",RED,3 lb bag,,,,,No,,,,,,,,1.38,$/3 lb bag,0.46,per lb,Southeast,retail,,,,,,,,2.0,3324,Weekly Grocery Store Specialty Crops Feature Activity,2026-09-26T14:36:16+00:00
44fecc0c9ad11ad2,2016-03-11,"Onions, Dry",WHITE,per lb,,,,,No,,,,,,,,0.57,$/per lb,0.57,per lb,Southeast,retail,,,,,,,,234.0,3324,Weekly Grocery Store Specialty Crops Feature Activity,2026-09-26T14:36:16+00:00
4e2f9353a068deb7,2016-03-11,"Onions, Dry",YELLOW,3 lb bag,,,,,Yes,,,,,,,,2.99,$/3 lb bag,0.9967,per lb,Southeast,retail,,,,,,,,45.0,3324,Weekly Grocery Store Specialty Crops Feature Activity,2026-09-26T14:36:16+00:00
b0a9a9ed4bcac084,2016-03-11,"Onions, Dry",YELLOW,3 lb bag,,,,,No,,,,,,,,1.86,$/3 lb bag,0.62,per lb,Southeast,retail,,,,,,,,885.0,3324,Weekly Grocery Store Specialty Crops Feature Activity,2026-09-26T14:36:16+00:00
0d54e696d7a1ea9a,2016-03-11,"Onions, Dry",YELLOW,per lb,,,,,No,,,,,,,,0.82,$/per lb,0.82,per lb,Southeast,retail,,,,,,,,133.0,3324,Weekly Grocery Store Specialty Crops Feature Activity,2026-09-26T14:36:16+00:00
dedd99c7e59193e8,2016-03-11,"Onions, Dry",YELLOW,per lb,,,,,Yes,,,,,,,,1.29,$/per lb,1.29,per lb,Southeast,retail,,,,,,,,214.0,3324,Weekly Grocery Store Specialty Crops Feature Activity,2026-09-26T14:36:16+00:00
53639803a3593a63,2016-03-11,"Onions, Dry",YELLOW MARKED SWEET,2 lb bag,,,,,No,,,,,,,,1.49,$/2 lb bag,0.745,per lb,Southeast,retail,,,,,,,,36.0,3324,Weekly Grocery Store Specialty Crops Feature Activity,2026-09-26T14:36:16+00:00
316942caffc275c6,2016-03-11,"Onions, Dry",YELLOW MARKED SWEET,3 lb bag,,,,,No,,,,,,,,1.46,$/3 lb bag,0.4867,per lb,Southeast,retail,,,,,,,,61.0,3324,Weekly Grocery Store Specialty Crops Feature Activity,2026-09-26T14:36:16+00:00
d4e8068861e6554b,2016-03-11,"Onions, Dry",YELLOW MARKED SWEET,per lb,,,,,No,,,,,,,,1.08,$/per lb,1.08,per lb,Southeast,retail,,,,,,,,815.0,3324,Weekly Grocery Store Specialty Crops Feature Activity,2026-09-26T14:36:16+00:00
3f2d94e1a549b77b,2016-03-11,"Peppers, Bell Type",GREEN,each,,,,,No,,,,,,,,1.77,$/each,1.77,per each,Southeast,retail,,,,,,,,113.0,3324,Weekly Grocery Store Specialty Crops Feature Activity,2026-09-26T14:36:16+00:00
8013b9b03f3ccf29,2016-03-11,"Peppers, Bell Type",ORANGE,each,,,,,No,,,,,,,,1.66,$/each,1.66,per each,Southeast,retail,,,environment=Greenhouse,,,,,95.0,3324,Weekly Grocery Store Specialty Crops Feature Activity,2026-09-26T14:36:16+00:00
93ad7257400c24c6,2016-03-11,"Peppers, Bell Type",ORANGE,each,,,,,No,,,,,,,,1.91,$/each,1.91,per each,Southeast,retail,,,,,,,,383.0,3324,Weekly Grocery Store Specialty Crops Feature Activity,2026-09-26T14:36:16+00:00
717bb758891cee61,2016-03-11,"Peppers, Bell Type",RED,each,,,,,No,,,,,,,,1.66,$/each,1.66,per each,Southeast,retail,,,environment=Greenhouse,,,,,95.0,3324,Weekly Grocery Store Specialty Crops Feature Activity,2026-09-26T14:36:16+00:00
a9b6415b5d46824b,2016-03-11,"Peppers, Bell Type",RED,each,,,,,No,,,,,,,,1.91,$/each,1.91,per each,Southeast,retail,,,,,,,,383.0,3324,Weekly Grocery Store Specialty Crops Feature Activity,2026-09-26T14:36:16+00:00
db71406ad0a15156,2016-03-11,"Peppers, Bell Type",RED,each,,,,,Yes,,,,,,,,2.5,$/each,2.5,per each,Southeast,retail,,,,,,,,25.0,3324,Weekly Grocery Store Specialty Crops Feature Activity,2026-09-26T14:36:16+00:00
5b99cf1a4343f281,2016-03-11,"Peppers, Bell Type",RED,per lb,,,,,No,,,,,,,,1.49,$/per lb,1.49,per lb,Southeast,retail,,,,,,,,2.0,3324,Weekly Grocery Store Specialty Crops Feature Activity,2026-09-26T14:36:16+00:00
ad6f0c2a5972752e,2016-03-11,"Peppers, Bell Type",YELLOW,each,,,,,No,,,,,,,,1.66,$/each,1.66,per each,Southeast,retail,,,environment=Greenhouse,,,,,95.0,3324,Weekly Grocery Store Specialty Crops Feature Activity,2026-09-26T14:36:16+00:00
d8a6f42a9183976d,2016-03-11,"Peppers, Bell Type",YELLOW,each,,,,,Yes,,,,,,,,2.5,$/each,2.5,per each,Southeast,retail,,,,,,,,25.0,3324,Weekly Grocery Store Specialty Crops Feature Activity,2026-09-26T14:36:16+00:00
f42155b315d1af45,2016-03-11,"Peppers, Bell Type",YELLOW,each,,,,,No,,,,,,,,1.91,$/each,1.91,per each,Southeast,retail,,,,,,,,383.0,3324,Weekly Grocery Store Specialty Crops Feature Activity,2026-09-26T14:36:16+00:00
9bb768af7424dec5,2016-03-11,Potatoes,ROUND RED,3 lb bag,,,,,No,,,,,,,,2.43,$/3 lb bag,0.81,per lb,Southeast,retail,,,,,,,,137.0,3324,Weekly Grocery Store Specialty Crops Feature Activity,2026-09-26T14:36:16+00:00
17c19017a7288bbc,2016-03-11,Potatoes,ROUND RED,5 lb bag,,,,,No,,,,,,,,2.83,$/5 lb bag,0.566,per lb,Southeast,retail,,,,,,,,1537.0,3324,Weekly Grocery Store Specialty Crops Feature Activity,2026-09-26T14:36:16+00:00
2a15c39ed2eef6bf,2016-03-11,Potatoes,ROUND RED,8 lb bag,,,,,No,,,,,,,,2.99,$/8 lb bag,0.3738,per lb,Southeast,retail,,,,,,,,12.0,3324,Weekly Grocery Store Specialty Crops Feature Activity,2026-09-26T14:36:16+00:00
c10c1c6a0549a336,2016-03-11,Potatoes,ROUND RED,per lb,,,,,No,,,,,,,,0.94,$/per lb,0.94,per lb,Southeast,retail,,,,,,,,256.0,3324,Weekly Grocery Store Specialty Crops Feature Activity,2026-09-26T14:36:16+00:00
4f0f605690990c75,2016-03-11,Potatoes,ROUND WHITE,5 lb bag,,,,,No,,,,,,,,2.62,$/5 lb bag,0.524,per lb,Southeast,retail,,,,,,,,477.0,3324,Weekly Grocery Store Specialty Crops Feature Activity,2026-09-26T14:36:16+00:00
31e7e4e1d9f56728,2016-03-11,Potatoes,RUSSET,10 lb bag,,,,,No,,,,,,,,3.12,$/10 lb bag,0.312,per lb,Southeast,retail,,,,,,,,1336.0,3324,Weekly Grocery Store Specialty Crops Feature Activity,2026-09-26T14:36:16+00:00
8f66d48837fc3768,2016-03-11,Potatoes,RUSSET,3 lb bag,,,,,Yes,,,,,,,,1.99,$/3 lb bag,0.6633,per lb,Southeast,retail,,,,,,,,394.0,3324,Weekly Grocery Store Specialty Crops Feature Activity,2026-09-26T14:36:16+00:00
cf1bf3ffce30de0b,2016-03-11,Potatoes,RUSSET,3 lb bag,,,,,No,,,,,,,,0.99,$/3 lb bag,0.33,per lb,Southeast,retail,,,,,,,,45.0,3324,Weekly Grocery Store Specialty Crops Feature Activity,2026-09-26T14:36:16+00:00
05ba31e1cfc44a1a,2016-03-11,Potatoes,RUSSET,5 lb bag,,,,,No,,,,,,,,2.62,$/5 lb bag,0.524,per lb,Southeast,retail,,,,,,,,457.0,3324,Weekly Grocery Store Specialty Crops Feature Activity,2026-09-26T14:36:16+00:00
a796bfc1153a090a,2016-03-11,Potatoes,RUSSET,8 lb bag,,,,,No,,,,,,,,2.5,$/8 lb bag,0.3125,per lb,Southeast,retail,,,,,,,,23.0,3324,Weekly Grocery Store Specialty Crops Feature Activity,2026-09-26T14:36:16+00:00
80cf95f3e0a2fd54,2016-03-11,Potatoes,RUSSET,per lb,,,,,No,,,,,,,,0.63,$/per lb,0.63,per lb,Southeast,retail,,,,,,,,89.0,3324,Weekly Grocery Store Specialty Crops Feature Activity,2026-09-26T14:36:16+00:00
cc321fdb7f0ca650,2016-03-11,Potatoes,YELLOW TYPE,5 lb bag,,,,,No,,,,,,,,3.12,$/5 lb bag,0.624,per lb,Southeast,retail,,,,,,,,321.0,3324,Weekly Grocery Store Specialty Crops Feature Activity,2026-09-26T14:36:16+00:00
13a10a88f12b44f7,2016-03-11,Strawberries,,1 lb package,,,,,No,,,,,,,,2.15,$/1 lb package,2.15,per lb,Southeast,retail,,,,,,,,4116.0,3324,Weekly Grocery Store Specialty Crops Feature Activity,2026-09-26T14:36:16+00:00
53aab83b5a4055fd,2016-03-11,Strawberries,,1 lb package,,,,,Yes,,,,,,,,3.84,$/1 lb package,3.84,per lb,Southeast,retail,,,,,,,,129.0,3324,Weekly Grocery Store Specialty Crops Feature Activity,2026-09-26T14:36:16+00:00
baf8341996165823,2016-03-11,Strawberries,,2 lb package,,,,,No,,,,,,,,5.89,$/2 lb package,2.945,per lb,Southeast,retail,,,,,,,,116.0,3324,Weekly Grocery Store Specialty Crops Feature Activity,2026-09-26T14:36:16+00:00
21276f3a06c2a137,2016-03-11,Tomatoes,,per lb,,,,,Yes,,,,,,,,2.99,$/per lb,2.99,per lb,Southeast,retail,,,,,,,,214.0,3324,Weekly Grocery Store Specialty Crops Feature Activity,2026-09-26T14:36:16+00:00
9387df6c3342efcd,2016-03-11,Tomatoes,,per lb,,,,,No,,,,,,,,1.03,$/per lb,1.03,per lb,Southeast,retail,,,,,,,,152.0,3324,Weekly Grocery Store Specialty Crops Feature Activity,2026-09-26T14:36:16+00:00
22dcb1e0d4c57dc2,2016-03-11,Tomatoes,GRAPE TYPE,1 pint package,,,,,Yes,,,,,,,,1.99,$/1 pint package,,,Southeast,retail,,,,,,,,214.0,3324,Weekly Grocery Store Specialty Crops Feature Activity,2026-09-26T14:36:16+00:00
4459197407dc3f7a,2016-03-11,Tomatoes,GRAPE TYPE,1 pint package,,,,,No,,,,,,,,2.35,$/1 pint package,,,Southeast,retail,,,,,,,,1473.0,3324,Weekly Grocery Store Specialty Crops Feature Activity,2026-09-26T14:36:16+00:00
420b1167273fe281,2016-03-11,Tomatoes,GRAPE TYPE,10 oz package,,,,,Yes,,,,,,,,2.5,$/10 oz package,4.0,per lb,Southeast,retail,,,,,,,,90.0,3324,Weekly Grocery Store Specialty Crops Feature Activity,2026-09-26T14:36:16+00:00
53bb026601bd8a36,2016-03-11,Tomatoes,Plum Type (Roma),per lb,,,,,Yes,,,,,,,,0.98,$/per lb,0.98,per lb,Southeast,retail,,,,,,,,7.0,3324,Weekly Grocery Store Specialty Crops Feature Activity,2026-09-26T14:36:16+00:00
ecd65839a01e1f57,2016-03-11,Tomatoes,Plum Type (Roma),per lb,,,,,No,,,,,,,,1.19,$/per lb,1.19,per lb,Southeast,retail,,,,,,,,1517.0,3324,Weekly Grocery Store Specialty Crops Feature Activity,2026-09-26T14:36:16+00:00
0cd4adfd15d4ac6d,2016-03-11,Tomatoes,VINE RIPES,per lb,,,,,No,,,,,,,,2.3,$/per lb,2.3,per lb,Southeast,retail,,,environment=Greenhouse,,,,,302.0,3324,Weekly Grocery Store Specialty Crops Feature Activity,2026-09-26T14:36:16+00:00
e01f1fd8a1447092,2016-03-11,Tomatoes,VINE RIPES,per lb,,,,,No,,,,,,,,1.55,$/per lb,1.55,per lb,Southeast,retail,,,,,,,,17.0,3324,Weekly Grocery Store Specialty Crops Feature Activity,2026-09-26T14:36:16+00:00
bd7d34d199210601,2016-03-11,Tomatoes,VINE RIPES - ON THE VINE,per lb,,,,,No,,,,,,,,1.53,$/per lb,1.53,per lb,Southeast,retail,,,environment=Greenhouse,,,,,463.0,3324,Weekly Grocery Store Specialty Crops Feature Activity,2026-09-26T14:36:16+00:00
e3c2fe18d27f6ebf,2016-03-11,Tomatoes,VINE RIPES - ON THE VINE,per lb,,,,,Yes,,,,,,,,2.99,$/per lb,2.99,per lb,Southeast,retail,,,environment=Greenhouse,,,,,4.0,3324,Weekly Grocery Store Specialty Crops Feature Activity,2026-09-26T14:36:16+00:00
4164c64a95eccf2d,2016-03-11,Avocados,HASS,each,,,,,Yes,,,,,,,,1.66,$/each,1.66,per each,Southwest,retail,,,,,,,,1065.0,3324,Weekly Grocery Store Specialty Crops Feature Activity,2026-09-26T14:36:16+00:00
dc2fa0e7619d3ca6,2016-03-11,Avocados,HASS,each,,,,,No,,,,,,,,0.91,$/each,0.91,per each,Southwest,retail,,,,,,,,1158.0,3324,Weekly Grocery Store Specialty Crops Feature Activity,2026-09-26T14:36:16+00:00
169d14b59ba0e275,2016-03-11,Avocados,HASS,per lb,,,,,No,,,,,,,,0.69,$/per lb,0.69,per lb,Southwest,retail,,,,,,,,8.0,3324,Weekly Grocery Store Specialty Crops Feature Activity,2026-09-26T14:36:16+00:00
ca099458b4c1268b,2016-03-11,Avocados,VARIOUS GREENSKIN VARIETIES,each,,,,,No,,,,,,,,0.25,$/each,0.25,per each,Southwest,retail,,,,,,,,48.0,3324,Weekly Grocery Store Specialty Crops Feature Activity,2026-09-26T14:36:16+00:00
46318daaa62b1fe9,2016-03-11,Bananas,,per lb,,,,,Yes,,,,,,,,0.89,$/per lb,0.89,per lb,Southwest,retail,,,,,,,,15.0,3324,Weekly Grocery Store Specialty Crops Feature Activity,2026-09-26T14:36:16+00:00
84497b4d0a7e8fc0,2016-03-11,Bananas,,per lb,,,,,No,,,,,,,,0.69,$/per lb,0.69,per lb,Southwest,retail,,,,,,,,44.0,3324,Weekly Grocery Store Specialty Crops Feature Activity,2026-09-26T14:36:16+00:00
330439951f757086,2016-03-11,Blueberries,,1 pint package,,,,,No,,,,,,,,2.99,$/1 pint package,,,Southwest,retail,,,,,,,,73.0,3324,Weekly Grocery Store Specialty Crops Feature Activity,2026-09-26T14:36:16+00:00
a121136385214b64,2016-03-11,Blueberries,,6 oz package,,,,,Yes,,,,,,,,3.85,$/6 oz package,10.2667,per lb,Southwest,retail,,,,,,,,14.0,3324,Weekly Grocery Store Specialty Crops Feature Activity,2026-09-26T14:36:16+00:00
b0d14a0068dbe84f,2016-03-11,Blueberries,,6 oz package,,,,,No,,,,,,,,2.56,$/6 oz package,6.8267,per lb,Southwest,retail,,,,,,,,880.0,3324,Weekly Grocery Store Specialty Crops Feature Activity,2026-09-26T14:36:16+00:00
b7a3d85e6de73dba,2016-03-11,Broccoli,,per bunch,,,,,No,,,,,,,,1.48,$/per bunch,,,Southwest,retail,,,,,,,,47.0,3324,Weekly Grocery Store Specialty Crops Feature Activity,2026-09-26T14:36:16+00:00
1086b7ba9d7f81ff,2016-03-11,Broccoli,,per lb,,,,,Yes,,,,,,,,1.24,$/per lb,1.24,per lb,Southwest,retail,,,,,,,,239.0,3324,Weekly Grocery Store Specialty Crops Feature Activity,2026-09-26T14:36:16+00:00
d6c28430469e0c9c,2016-03-11,Broccoli,,per lb,,,,,No,,,,,,,,0.97,$/per lb,0.97,per lb,Southwest,retail,,,,,,,,499.0,3324,Weekly Grocery Store Specialty Crops Feature Activity,2026-09-26T14:36:16+00:00
4cc9d26cf2bbe336,2016-03-11,Broccoli,CROWN CUT,per lb,,,,,Yes,,,,,,,,1.69,$/per lb,1.69,per lb,Southwest,retail,,,,,,,,7.0,3324,Weekly Grocery Store Specialty Crops Feature Activity,2026-09-26T14:36:16+00:00
fb9cd68bd42ea154,2016-03-11,Broccoli,CROWN CUT,per lb,,,,,No,,,,,,,,2.18,$/per lb,2.18,per lb,Southwest,retail,,,,,,,,411.0,3324,Weekly Grocery Store Specialty Crops Feature Activity,2026-09-26T14:36:16+00:00
31bbfd255b186b1d,2016-03-11,Carrots,,1 lb bag,,,,,No,,,,,,,,0.99,$/1 lb bag,0.99,per lb,Southwest,retail,,,,,,,,62.0,3324,Weekly Grocery Store Specialty Crops Feature Activity,2026-09-26T14:36:16+00:00
144444ccb7a2acfc,2016-03-11,Carrots,,2 lb bag,,,,,No,,,,,,,,0.99,$/2 lb bag,0.495,per lb,Southwest,retail,,,,,,,,2.0,3324,Weekly Grocery Store Specialty Crops Feature Activity,2026-09-26T14:36:16+00:00
efc4ba24bb88747f,2016-03-11,Carrots,,2 lb bag,,,,,Yes,,,,,,,,1.69,$/2 lb bag,0.845,per lb,Southwest,retail,,,,,,,,75.0,3324,Weekly Grocery Store Specialty Crops Feature Activity,2026-09-26T14:36:16+00:00
c2b657d908484542,2016-03-11,Carrots,,per bunch,,,,,Yes,,,,,,,,1.99,$/per bunch,,,Southwest,retail,,,,,,,,9.0,3324,Weekly Grocery Store Specialty Crops Feature Activity,2026-09-26T14:36:16+00:00
3f91964828251c7d,2016-03-11,Carrots,,per lb,,,,,No,,,,,,,,0.38,$/per lb,0.38,per lb,Southwest,retail,,,,,,,,64.0,3324,Weekly Grocery Store Specialty Crops Feature Activity,2026-09-26T14:36:16+00:00
1b290d85e4932b0d,2016-03-11,Carrots,BABY PEELED,1 lb bag,,,,,No,,,,,,,,1.25,$/1 lb bag,1.25,per lb,Southwest,retail,,,,,,,,493.0,3324,Weekly Grocery Store Specialty Crops Feature Activity,2026-09-26T14:36:16+00:00
c95067a189b662e3,2016-03-11,Carrots,BABY PEELED,1 lb bag,,,,,Yes,,,,,,,,1.49,$/1 lb bag,1.49,per lb,Southwest,retail,,,,,,,,250.0,3324,Weekly Grocery Store Specialty Crops Feature Activity,2026-09-26T14:36:16+00:00
ba43aa94153f0254,2016-03-11,Carrots,BABY PEELED,2 lb bag,,,,,No,,,,,,,,1.99,$/2 lb bag,0.995,per lb,Southwest,retail,,,,,,,,307.0,3324,Weekly Grocery Store Specialty Crops Feature Activity,2026-09-26T14:36:16+00:00
cf9abf25e1239464,2016-03-11,Celery,,each,,,,,No,,,,,,,,0.96,$/each,0.96,per each,Southwest,retail,,,,,,,,294.0,3324,Weekly Grocery Store Specialty Crops Feature Activity,2026-09-26T14:36:16+00:00
d16585a5ff9f5dfb,2016-03-11,Celery,,each,,,,,Yes,,,,,,,,1.65,$/each,1.65,per each,Southwest,retail,,,,,,,,368.0,3324,Weekly Grocery Store Specialty Crops Feature Activity,2026-09-26T14:36:16+00:00
1c23c4c17908f628,2016-03-11,Celery,,per lb,,,,,No,,,,,,,,0.62,$/per lb,0.62,per lb,Southwest,retail,,,,,,,,17.0,3324,Weekly Grocery Store Specialty Crops Feature Activity,2026-09-26T14:36:16+00:00
7ff193cd9bfcfd9d,2016-03-11,Cucumbers,,each,,,,,No,,,,,,,,0.44,$/each,0.44,per each,Southwest,retail,,,,,,,,564.0,3324,Weekly Grocery Store Specialty Crops Feature Activity,2026-09-26T14:36:16+00:00
25f8766ba45965e3,2016-03-11,Grapes,BLACK SEEDLESS,per lb,,,,,No,,,,,,,,2.83,$/per lb,2.83,per lb,Southwest,retail,,,,,,,,378.0,3324,Weekly Grocery Store Specialty Crops Feature Activity,2026-09-26T14:36:16+00:00
b4805dbd7c448c73,2016-03-11,Grapes,RED SEEDLESS,per lb,,,,,No,,,,,,,,2.6,$/per lb,2.6,per lb,Southwest,retail,,,,,,,,750.0,3324,Weekly Grocery Store Specialty Crops Feature Activity,2026-09-26T14:36:16+00:00
b61c8d9724425a7f,2016-03-11,Grapes,WHITE SEEDLESS TYPE,per lb,,,,,No,,,,,,,,2.27,$/per lb,2.27,per lb,Southwest,retail,,,,,,,,1233.0,3324,Weekly Grocery Store Specialty Crops Feature Activity,2026-09-26T14:36:16+00:00
9a3dddadc4c738d2,2016-03-11,Lemons,,each,,,,,No,,,,,,,,0.45,$/each,0.45,per each,Southwest,retail,,,,,,,,409.0,3324,Weekly Grocery Store Specialty Crops Feature Activity,2026-09-26T14:36:16+00:00
7f3c27584505380b,2016-03-11,Lemons,,per lb,,,,,No,,,,,,,,0.94,$/per lb,0.94,per lb,Southwest,retail,,,,,,,,24.0,3324,Weekly Grocery Store Specialty Crops Feature Activity,2026-09-26T14:36:16+00:00
0a6b5924ea62eb73,2016-03-11,Lettuce,Boston,each,,,,,Yes,,,,,,,,1.69,$/each,1.69,per each,Southwest,retail,,,,,,,,8.0,3324,Weekly Grocery Store Specialty Crops Feature Activity,2026-09-26T14:36:16+00:00
6454382395963530,2016-03-11,Lettuce,Boston,each,,,,,No,,,,,,,,1.69,$/each,1.69,per each,Southwest,retail,,,,,,,,8.0,3324,Weekly Grocery Store Specialty Crops Feature Activity,2026-09-26T14:36:16+00:00
b707f8f503f91114,2016-03-11,Lettuce,Green Leaf,each,,,,,Yes,,,,,,,,1.16,$/each,1.16,per each,Southwest,retail,,,,,,,,80.0,3324,Weekly Grocery Store Specialty Crops Feature Activity,2026-09-26T14:36:16+00:00
d2bf9f639c968e6f,2016-03-11,Lettuce,Green Leaf,each,,,,,No,,,,,,,,0.96,$/each,0.96,per each,Southwest,retail,,,,,,,,409.0,3324,Weekly Grocery Store Specialty Crops Feature Activity,2026-09-26T14:36:16+00:00
f30c2af890bf32be,2016-03-11,Lettuce,Iceberg,each,,,,,No,,,,,,,,0.89,$/each,0.89,per each,Southwest,retail,,,,,,,,502.0,3324,Weekly Grocery Store Specialty Crops Feature Activity,2026-09-26T14:36:16+00:00
2c5bb223f60f3427,2016-03-11,Lettuce,Red Leaf,each,,,,,Yes,,,,,,,,1.16,$/each,1.16,per each,Southwest,retail,,,,,,,,80.0,3324,Weekly Grocery Store Specialty Crops Feature Activity,2026-09-26T14:36:16+00:00
7f35fa40c64da906,2016-03-11,Lettuce,Red Leaf,each,,,,,No,,,,,,,,0.97,$/each,0.97,per each,Southwest,retail,,,,,,,,400.0,3324,Weekly Grocery Store Specialty Crops Feature Activity,2026-09-26T14:36:16+00:00
3b52e081001a4c46,2016-03-11,Lettuce,Romaine,each,,,,,Yes,,,,,,,,0.99,$/each,0.99,per each,Southwest,retail,,,,,,,,63.0,3324,Weekly Grocery Store Specialty Crops Feature Activity,2026-09-26T14:36:16+00:00
b4402125fe4191cb,2016-03-11,Lettuce,Romaine,each,,,,,No,,,,,,,,0.96,$/each,0.96,per each,Southwest,retail,,,,,,,,409.0,3324,Weekly Grocery Store Specialty Crops Feature Activity,2026-09-26T14:36:16+00:00
598b3f5c9eaf5e80,2016-03-11,Lettuce,Romaine (Hearts),3 count,,,,,No,,,,,,,,2.05,$/3 count,,,Southwest,retail,,,,,,,,14.0,3324,Weekly Grocery Store Specialty Crops Feature Activity,2026-09-26T14:36:16+00:00
8a4ef51e8da88c37,2016-03-11,Lettuce,Romaine (Hearts),3 count,,,,,Yes,,,,,,,,2.99,$/3 count,,,Southwest,retail,,,,,,,,107.0,3324,Weekly Grocery Store Specialty Crops Feature Activity,2026-09-26T14:36:16+00:00
b676022e09861fac,2016-03-11,Limes,,each,,,,,No,,,,,,,,0.2,$/each,0.2,per each,Southwest,retail,,,,,,,,62.0,3324,Weekly Grocery Store Specialty Crops Feature Activity,2026-09-26T14:36:16+00:00
d08e097f5a891191,2016-03-11,Limes,,per lb,,,,,No,,,,,,,,0.89,$/per lb,0.89,per lb,Southwest,retail,,,,,,,,72.0,3324,Weekly Grocery Store Specialty Crops Feature Activity,2026-09-26T14:36:16+00:00
75848ff3845d633e,2016-03-11,"Onions, Dry",WHITE,per lb,,,,,No,,,,,,,,0.56,$/per lb,0.56,per lb,Southwest,retail,,,,,,,,211.0,3324,Weekly Grocery Store Specialty Crops Feature Activity,2026-09-26T14:36:16+00:00
03cecb57ab57e4e7,2016-03-11,"Onions, Dry",YELLOW,3 lb bag,,,,,No,,,,,,,,1.29,$/3 lb bag,0.43,per lb,Southwest,retail,,,,,,,,17.0,3324,Weekly Grocery Store Specialty Crops Feature Activity,2026-09-26T14:36:16+00:00
08e02c535ce0f063,2016-03-11,"Onions, Dry",YELLOW,per lb,,,,,No,,,,,,,,0.55,$/per lb,0.55,per lb,Southwest,retail,,,,,,,,239.0,3324,Weekly Grocery Store Specialty Crops Feature Activity,2026-09-26T14:36:16+00:00
2890544261d3315b,2016-03-11,"Onions, Dry",YELLOW,per lb,,,,,Yes,,,,,,,,1.29,$/per lb,1.29,per lb,Southwest,retail,,,,,,,,75.0,3324,Weekly Grocery Store Specialty Crops Feature Activity,2026-09-26T14:36:16+00:00
be38b41d1fed9204,2016-03-11,"Onions, Dry",YELLOW MARKED SWEET,per lb,,,,,No,,,,,,,,1.42,$/per lb,1.42,per lb,Southwest,retail,,,,,,,,13.0,3324,Weekly Grocery Store Specialty Crops Feature Activity,2026-09-26T14:36:16+00:00
2c08084e680e1fa7,2016-03-11,"Peppers, Bell Type",GREEN,each,,,,,No,,,,,,,,0.85,$/each,0.85,per each,Southwest,retail,,,,,,,,213.0,3324,Weekly Grocery Store Specialty Crops Feature Activity,2026-09-26T14:36:16+00:00
f5a63ddd28626468,2016-03-11,"Peppers, Bell Type",GREEN,each,,,,,Yes,,,,,,,,1.99,$/each,1.99,per each,Southwest,retail,,,,,,,,75.0,3324,Weekly Grocery Store Specialty Crops Feature Activity,2026-09-26T14:36:16+00:00
17ef5e6b66b0003e,2016-03-11,"Peppers, Bell Type",GREEN,per lb,,,,,No,,,,,,,,1.43,$/per lb,1.43,per lb,Southwest,retail,,,,,,,,14.0,3324,Weekly Grocery Store Specialty Crops Feature Activity,2026-09-26T14:36:16+00:00
6d836a45fb292ac5,2016-03-11,"Peppers, Bell Type",ORANGE,each,,,,,Yes,,,,,,,,2.0,$/each,2.0,per each,Southwest,retail,,,,,,,,137.0,3324,Weekly Grocery Store Specialty Crops Feature Activity,2026-09-26T14:36:16+00:00
7ab6d9d1041ebb72,2016-03-11,"Peppers, Bell Type",ORANGE,per lb,,,,,No,,,,,,,,2.99,$/per lb,2.99,per lb,Southwest,retail,,,,,,,,73.0,3324,Weekly Grocery Store Specialty Crops Feature Activity,2026-09-26T14:36:16+00:00
79eec92e7fc425f7,2016-03-11,"Peppers, Bell Type",RED,each,,,,,No,,,,,,,,0.5,$/each,0.5,per each,Southwest,retail,,,,,,,,124.0,3324,Weekly Grocery Store Specialty Crops Feature Activity,2026-09-26T14:36:16+00:00
d683d6fb652226fd,2016-03-11,"Peppers, Bell Type",RED,each,,,,,Yes,,,,,,,,2.0,$/each,2.0,per each,Southwest,retail,,,,,,,,137.0,3324,Weekly Grocery Store Specialty Crops Feature Activity,2026-09-26T14:36:16+00:00
6aa13774463a11cc,2016-03-11,"Peppers, Bell Type",RED,per lb,,,,,No,,,,,,,,2.99,$/per lb,2.99,per lb,Southwest,retail,,,,,,,,8.0,3324,Weekly Grocery Store Specialty Crops Feature Activity,2026-09-26T14:36:16+00:00
75e83331261b817c,2016-03-11,"Peppers, Bell Type",YELLOW,each,,,,,Yes,,,,,,,,2.0,$/each,2.0,per each,Southwest,retail,,,,,,,,137.0,3324,Weekly Grocery Store Specialty Crops Feature Activity,2026-09-26T14:36:16+00:00
68a67bd1494be006,2016-03-11,"Peppers, Bell Type",YELLOW,per lb,,,,,No,,,,,,,,2.99,$/per lb,2.99,per lb,Southwest,retail,,,,,,,,73.0,3324,Weekly Grocery Store Specialty Crops Feature Activity,2026-09-26T14:36:16+00:00
ea85e080a8ad57b8,2016-03-11,Potatoes,ROUND RED,3 lb bag,,,,,No,,,,,,,,0.33,$/3 lb bag,0.11,per lb,Southwest,retail,,,,,,,,15.0,3324,Weekly Grocery Store Specialty Crops Feature Activity,2026-09-26T14:36:16+00:00
aec1c3fe22883b2b,2016-03-11,Potatoes,ROUND RED,5 lb bag,,,,,No,,,,,,,,3.5,$/5 lb bag,0.7,per lb,Southwest,retail,,,,,,,,120.0,3324,Weekly Grocery Store Specialty Crops Feature Activity,2026-09-26T14:36:16+00:00
44ea60589b12cf8a,2016-03-11,Potatoes,ROUND RED,per lb,,,,,No,,,,,,,,0.61,$/per lb,0.61,per lb,Southwest,retail,,,,,,,,184.0,3324,Weekly Grocery Store Specialty Crops Feature Activity,2026-09-26T14:36:16+00:00
36175e26d5f459cf,2016-03-11,Potatoes,ROUND WHITE,per lb,,,,,No,,,,,,,,0.33,$/per lb,0.33,per lb,Southwest,retail,,,,,,,,9.0,3324,Weekly Grocery Store Specialty Crops Feature Activity,2026-09-26T14:36:16+00:00
2586ad45f1b71e5d,2016-03-11,Potatoes,RUSSET,10 lb bag,,,,,No,,,,,,,,1.52,$/10 lb bag,0.152,per lb,Southwest,retail,,,,,,,,304.0,3324,Weekly Grocery Store Specialty Crops Feature Activity,2026-09-26T14:36:16+00:00
9713d3b336247714,2016-03-11,Potatoes,RUSSET,3 lb bag,,,,,Yes,,,,,,,,1.99,$/3 lb bag,0.6633,per lb,Southwest,retail,,,,,,,,96.0,3324,Weekly Grocery Store Specialty Crops Feature Activity,2026-09-26T14:36:16+00:00
a3a3fc5b25acf18e,2016-03-11,Potatoes,RUSSET,5 lb bag,,,,,No,,,,,,,,1.96,$/5 lb bag,0.392,per lb,Southwest,retail,,,,,,,,115.0,3324,Weekly Grocery Store Specialty Crops Feature Activity,2026-09-26T14:36:16+00:00
b32c5ad139d0fbc4,2016-03-11,Potatoes,RUSSET,5 lb bag,,,,,Yes,,,,,,,,2.77,$/5 lb bag,0.554,per lb,Southwest,retail,,,,,,,,16.0,3324,Weekly Grocery Store Specialty Crops Feature Activity,2026-09-26T14:36:16+00:00
9c22632b7edc5440,2016-03-11,Potatoes,RUSSET,per lb,,,,,No,,,,,,,,0.42,$/per lb,0.42,per lb,Southwest,retail,,,,,,,,289.0,3324,Weekly Grocery Store Specialty Crops Feature Activity,2026-09-26T14:36:16+00:00
186eecf372e6ebd0,2016-03-11,Potatoes,YELLOW TYPE,per lb,,,,,No,,,,,,,,0.68,$/per lb,0.68,per lb,Southwest,retail,,,,,,,,27.0,3324,Weekly Grocery Store Specialty Crops Feature Activity,2026-09-26T14:36:16+00:00
94e5bac7e4c76248,2016-03-11,Strawberries,,1 lb package,,,,,No,,,,,,,,1.86,$/1 lb package,1.86,per lb,Southwest,retail,,,,,,,,734.0,3324,Weekly Grocery Store Specialty Crops Feature Activity,2026-09-26T14:36:16+00:00
fc2aa60d35f54e11,2016-03-11,Strawberries,,1 lb package,,,,,Yes,,,,,,,,4.18,$/1 lb package,4.18,per lb,Southwest,retail,,,,,,,,391.0,3324,Weekly Grocery Store Specialty Crops Feature Activity,2026-09-26T14:36:16+00:00
167028c3ff3234dd,2016-03-11,Strawberries,,2 lb package,,,,,No,,,,,,,,4.92,$/2 lb package,2.46,per lb,Southwest,retail,,,,,,,,601.0,3324,Weekly Grocery Store Specialty Crops Feature Activity,2026-09-26T14:36:16+00:00
3a811655fcc32b0b,2016-03-11,Tomatoes,,per lb,,,,,No,,,,,,,,1.11,$/per lb,1.11,per lb,Southwest,retail,,,,,,,,519.0,3324,Weekly Grocery Store Specialty Crops Feature Activity,2026-09-26T14:36:16+00:00
3f997e18288e0f25,2016-03-11,Tomatoes,GRAPE TYPE,1 pint package,,,,,No,,,,,,,,2.0,$/1 pint package,,,Southwest,retail,,,,,,,,119.0,3324,Weekly Grocery Store Specialty Crops Feature Activity,2026-09-26T14:36:16+00:00
6e8d3973f9f63bf7,2016-03-11,Tomatoes,GRAPE TYPE,1 pint package,,,,,Yes,,,,,,,,2.99,$/1 pint package,,,Southwest,retail,,,,,,,,422.0,3324,Weekly Grocery Store Specialty Crops Feature Activity,2026-09-26T14:36:16+00:00
d9ae387aadbfbe63,2016-03-11,Tomatoes,GRAPE TYPE,10 oz package,,,,,No,,,,,,,,2.5,$/10 oz package,4.0,per lb,Southwest,retail,,,,,,,,16.0,3324,Weekly Grocery Store Specialty Crops Feature Activity,2026-09-26T14:36:16+00:00
20e67c71e9456abb,2016-03-11,Tomatoes,Plum Type (Roma),per lb,,,,,No,,,,,,,,0.73,$/per lb,0.73,per lb,Southwest,retail,,,,,,,,509.0,3324,Weekly Grocery Store Specialty Crops Feature Activity,2026-09-26T14:36:16+00:00
5002ccc48ec596e8,2016-03-11,Tomatoes,Plum Type (Roma),per lb,,,,,Yes,,,,,,,,1.49,$/per lb,1.49,per lb,Southwest,retail,,,,,,,,8.0,3324,Weekly Grocery Store Specialty Crops Feature Activity,2026-09-26T14:36:16+00:00
394bbda908317830,2016-03-11,Tomatoes,VINE RIPES,per lb,,,,,No,,,,,,,,1.99,$/per lb,1.99,per lb,Southwest,retail,,,,,,,,7.0,3324,Weekly Grocery Store Specialty Crops Feature Activity,2026-09-26T14:36:16+00:00
93844fc6f592c1a5,2016-03-11,Tomatoes,VINE RIPES,per lb,,,,,No,,,,,,,,1.99,$/per lb,1.99,per lb,Southwest,retail,,,environment=Greenhouse,,,,,145.0,3324,Weekly Grocery Store Specialty Crops Feature Activity,2026-09-26T14:36:16+00:00
24218adec5d92b2b,2016-03-11,Tomatoes,VINE RIPES - ON THE VINE,per lb,,,,,Yes,,,,,,,,2.43,$/per lb,2.43,per lb,Southwest,retail,,,environment=Greenhouse,,,,,305.0,3324,Weekly Grocery Store Specialty Crops Feature Activity,2026-09-26T14:36:16+00:00
c550fba7c2a0c1e2,2016-03-11,Tomatoes,VINE RIPES - ON THE VINE,per lb,,,,,No,,,,,,,,2.01,$/per lb,2.01,per lb,Southwest,retail,,,environment=Greenhouse,,,,,496.0,3324,Weekly Grocery Store Specialty Crops Feature Activity,2026-09-26T14:36:16+00:00
10d7dc97c8f7ed31,2016-03-11,Tomatoes,Vine Ripes - Heirloom Varieties,per lb,,,,,Yes,,,,,,,,3.97,$/per lb,3.97,per lb,Southwest,retail,,,,,,,,174.0,3324,Weekly Grocery Store Specialty Crops Feature Activity,2026-09-26T14:36:16+00:00
6838eb786cc59764,2016-03-18,Avocados,HASS,each,,,,,No,,,,,,,,1.98,$/each,1.98,per each,Alaska,retail,,,,,,,,29.0,3324,Weekly Grocery Store Specialty Crops Feature Activity,2026-09-26T14:36:16+00:00
c80832aaccb10ed6,2016-03-18,Avocados,HASS,each,,,,,Yes,,,,,,,,1.87,$/each,1.87,per each,Alaska,retail,,,,,,,,14.0,3324,Weekly Grocery Store Specialty Crops Feature Activity,2026-09-26T14:36:16+00:00
5ec7cbdcfe3c463e,2016-03-18,Blueberries,,6 oz package,,,,,No,,,,,,,,3.0,$/6 oz package,8.0,per lb,Alaska,retail,,,,,,,,11.0,3324,Weekly Grocery Store Specialty Crops Feature Activity,2026-09-26T14:36:16+00:00
38dda23af3550bba,2016-03-18,Broccoli,CROWN CUT,per lb,,,,,No,,,,,,,,1.8,$/per lb,1.8,per lb,Alaska,retail,,,,,,,,43.0,3324,Weekly Grocery Store Specialty Crops Feature Activity,2026-09-26T14:36:16+00:00
800e0d06e58f16be,2016-03-18,Carrots,,2 lb bag,,,,,No,,,,,,,,3.15,$/2 lb bag,1.575,per lb,Alaska,retail,,,,,,,,34.0,3324,Weekly Grocery Store Specialty Crops Feature Activity,2026-09-26T14:36:16+00:00
357e6c8515192132,2016-03-18,Carrots,BABY PEELED,1 lb bag,,,,,Yes,,,,,,,,2.19,$/1 lb bag,2.19,per lb,Alaska,retail,,,,,,,,27.0,3324,Weekly Grocery Store Specialty Crops Feature Activity,2026-09-26T14:36:16+00:00
7b08a0488cd80ced,2016-03-18,Carrots,BABY PEELED,1 lb bag,,,,,No,,,,,,,,1.42,$/1 lb bag,1.42,per lb,Alaska,retail,,,,,,,,16.0,3324,Weekly Grocery Store Specialty Crops Feature Activity,2026-09-26T14:36:16+00:00
ca6b01731e6a0293,2016-03-18,Cucumbers,,each,,,,,No,,,,,,,,1.15,$/each,1.15,per each,Alaska,retail,,,,,,,,33.0,3324,Weekly Grocery Store Specialty Crops Feature Activity,2026-09-26T14:36:16+00:00
610195fc6b6caafc,2016-03-18,Grapes,BLACK SEEDLESS,per lb,,,,,No,,,,,,,,2.99,$/per lb,2.99,per lb,Alaska,retail,,,,,,,,11.0,3324,Weekly Grocery Store Specialty Crops Feature Activity,2026-09-26T14:36:16+00:00
5999bb584214cbd1,2016-03-18,Grapes,RED SEEDLESS,per lb,,,,,No,,,,,,,,2.99,$/per lb,2.99,per lb,Alaska,retail,,,,,,,,38.0,3324,Weekly Grocery Store Specialty Crops Feature Activity,2026-09-26T14:36:16+00:00
10ebcf632d66d8a4,2016-03-18,Grapes,WHITE SEEDLESS TYPE,per lb,,,,,No,,,,,,,,3.02,$/per lb,3.02,per lb,Alaska,retail,,,,,,,,44.0,3324,Weekly Grocery Store Specialty Crops Feature Activity,2026-09-26T14:36:16+00:00
e888fb5d2880cac2,2016-03-18,Lemons,,each,,,,,No,,,,,,,,0.58,$/each,0.58,per each,Alaska,retail,,,,,,,,2.0,3324,Weekly Grocery Store Specialty Crops Feature Activity,2026-09-26T14:36:16+00:00
fd027978ac31d2d8,2016-03-18,Lettuce,Green Leaf,each,,,,,No,,,,,,,,1.48,$/each,1.48,per each,Alaska,retail,,,,,,,,2.0,3324,Weekly Grocery Store Specialty Crops Feature Activity,2026-09-26T14:36:16+00:00
b5d8d578c5624868,2016-03-18,Lettuce,Iceberg,each,,,,,No,,,,,,,,1.79,$/each,1.79,per each,Alaska,retail,,,,,,,,27.0,3324,Weekly Grocery Store Specialty Crops Feature Activity,2026-09-26T14:36:16+00:00
ff3677b75c5d3dbb,2016-03-18,Lettuce,Red Leaf,each,,,,,No,,,,,,,,1.48,$/each,1.48,per each,Alaska,retail,,,,,,,,2.0,3324,Weekly Grocery Store Specialty Crops Feature Activity,2026-09-26T14:36:16+00:00
1678511d7b833ef8,2016-03-18,Lettuce,Romaine,each,,,,,No,,,,,,,,1.68,$/each,1.68,per each,Alaska,retail,,,,,,,,2.0,3324,Weekly Grocery Store Specialty Crops Feature Activity,2026-09-26T14:36:16+00:00
e723550c4e0f4479,2016-03-18,Lettuce,Romaine,each,,,,,Yes,,,,,,,,1.98,$/each,1.98,per each,Alaska,retail,,,,,,,,3.0,3324,Weekly Grocery Store Specialty Crops Feature Activity,2026-09-26T14:36:16+00:00
e0c9bdd146ecd051,2016-03-18,Lettuce,Romaine (Hearts),3 count,,,,,Yes,,,,,,,,4.49,$/3 count,,,Alaska,retail,,,,,,,,27.0,3324,Weekly Grocery Store Specialty Crops Feature Activity,2026-09-26T14:36:16+00:00
054a5d18097176d7,2016-03-18,Limes,,each,,,,,No,,,,,,,,0.58,$/each,0.58,per each,Alaska,retail,,,,,,,,2.0,3324,Weekly Grocery Store Specialty Crops Feature Activity,2026-09-26T14:36:16+00:00
98fe872b8f53a324,2016-03-18,"Onions, Dry",YELLOW,3 lb bag,,,,,No,,,,,,,,1.66,$/3 lb bag,0.5533,per lb,Alaska,retail,,,,,,,,6.0,3324,Weekly Grocery Store Specialty Crops Feature Activity,2026-09-26T14:36:16+00:00
45db0812727ee4c6,2016-03-18,"Onions, Dry",YELLOW,per lb,,,,,No,,,,,,,,1.44,$/per lb,1.44,per lb,Alaska,retail,,,,,,,,33.0,3324,Weekly Grocery Store Specialty Crops Feature Activity,2026-09-26T14:36:16+00:00
cb14d983013a1685,2016-03-18,"Peppers, Bell Type",GREEN,each,,,,,No,,,,,,,,1.25,$/each,1.25,per each,Alaska,retail,,,,,,,,27.0,3324,Weekly Grocery Store Specialty Crops Feature Activity,2026-09-26T14:36:16+00:00
ac8859e78e60e405,2016-03-18,Potatoes,ROUND RED,3 lb bag,,,,,Yes,,,,,,,,5.99,$/3 lb bag,1.9967,per lb,Alaska,retail,,,,,,,,27.0,3324,Weekly Grocery Store Specialty Crops Feature Activity,2026-09-26T14:36:16+00:00
9384a14213cc1add,2016-03-18,Potatoes,ROUND RED,5 lb bag,,,,,No,,,,,,,,6.15,$/5 lb bag,1.23,per lb,Alaska,retail,,,,,,,,31.0,3324,Weekly Grocery Store Specialty Crops Feature Activity,2026-09-26T14:36:16+00:00
de4aac6b01a1f96b,2016-03-18,Potatoes,ROUND RED,5 lb bag,,,,,Yes,,,,,,,,4.48,$/5 lb bag,0.896,per lb,Alaska,retail,,,,,,,,2.0,3324,Weekly Grocery Store Specialty Crops Feature Activity,2026-09-26T14:36:16+00:00
ec440b2e2c8d5d47,2016-03-18,Potatoes,ROUND RED,per lb,,,,,No,,,,,,,,0.98,$/per lb,0.98,per lb,Alaska,retail,,,,,,,,40.0,3324,Weekly Grocery Store Specialty Crops Feature Activity,2026-09-26T14:36:16+00:00
98c8b3eab4007f76,2016-03-18,Potatoes,RUSSET,3 lb bag,,,,,Yes,,,,,,,,5.99,$/3 lb bag,1.9967,per lb,Alaska,retail,,,,,,,,27.0,3324,Weekly Grocery Store Specialty Crops Feature Activity,2026-09-26T14:36:16+00:00
6696ca205df09567,2016-03-18,Potatoes,YELLOW TYPE,3 lb bag,,,,,Yes,,,,,,,,5.99,$/3 lb bag,1.9967,per lb,Alaska,retail,,,,,,,,27.0,3324,Weekly Grocery Store Specialty Crops Feature Activity,2026-09-26T14:36:16+00:00
db527c3ff9721301,2016-03-18,Potatoes,YELLOW TYPE,5 lb bag,,,,,No,,,,,,,,6.15,$/5 lb bag,1.23,per lb,Alaska,retail,,,,,,,,31.0,3324,Weekly Grocery Store Specialty Crops Feature Activity,2026-09-26T14:36:16+00:00
cb5e50c9418903da,2016-03-18,Potatoes,YELLOW TYPE,per lb,,,,,No,,,,,,,,0.99,$/per lb,0.99,per lb,Alaska,retail,,,,,,,,11.0,3324,Weekly Grocery Store Specialty Crops Feature Activity,2026-09-26T14:36:16+00:00
e21936dc0c41f5bb,2016-03-18,Tomatoes,GRAPE TYPE,1 pint package,,,,,Yes,,,,,,,,3.99,$/1 pint package,,,Alaska,retail,,,,,,,,27.0,3324,Weekly Grocery Store Specialty Crops Feature Activity,2026-09-26T14:36:16+00:00
c91bba200edd897a,2016-03-18,Tomatoes,GRAPE TYPE,10 oz package,,,,,Yes,,,,,,,,3.0,$/10 oz package,4.8,per lb,Alaska,retail,,,,,,,,11.0,3324,Weekly Grocery Store Specialty Crops Feature Activity,2026-09-26T14:36:16+00:00
c719de9f2363f295,2016-03-18,Tomatoes,VINE RIPES - ON THE VINE,per lb,,,,,No,,,,,,,,1.54,$/per lb,1.54,per lb,Alaska,retail,,,environment=Greenhouse,,,,,5.0,3324,Weekly Grocery Store Specialty Crops Feature Activity,2026-09-26T14:36:16+00:00
9be4fc7ce1a4c74b,2016-03-18,Avocados,HASS,each,,,,,No,,,,,,,,1.4,$/each,1.4,per each,Hawaii,retail,,,,,,,,7.0,3324,Weekly Grocery Store Specialty Crops Feature Activity,2026-09-26T14:36:16+00:00
105561026c4f6609,2016-03-18,Broccoli,CROWN CUT,per lb,,,,,No,,,,,,,,2.76,$/per lb,2.76,per lb,Hawaii,retail,,,,,,,,37.0,3324,Weekly Grocery Store Specialty Crops Feature Activity,2026-09-26T14:36:16+00:00
d90a8a64cdc22a2e,2016-03-18,Carrots,,2 lb bag,,,,,No,,,,,,,,2.29,$/2 lb bag,1.145,per lb,Hawaii,retail,,,,,,,,3.0,3324,Weekly Grocery Store Specialty Crops Feature Activity,2026-09-26T14:36:16+00:00
9af3e914b37b3b53,2016-03-18,Carrots,BABY PEELED,1 lb bag,,,,,No,,,,,,,,1.79,$/1 lb bag,1.79,per lb,Hawaii,retail,,,,,,,,6.0,3324,Weekly Grocery Store Specialty Crops Feature Activity,2026-09-26T14:36:16+00:00
f558b62811eaaf5c,2016-03-18,Carrots,BABY PEELED,1 lb bag,,,,,Yes,,,,,,,,3.29,$/1 lb bag,3.29,per lb,Hawaii,retail,,,,,,,,27.0,3324,Weekly Grocery Store Specialty Crops Feature Activity,2026-09-26T14:36:16+00:00
7c3e55cd30155238,2016-03-18,Cucumbers,,per lb,,,,,No,,,,,,,,1.99,$/per lb,1.99,per lb,Hawaii,retail,,,,,,,,34.0,3324,Weekly Grocery Store Specialty Crops Feature Activity,2026-09-26T14:36:16+00:00
ff2596a8654e68f2,2016-03-18,Grapes,WHITE SEEDLESS TYPE,per lb,,,,,No,,,,,,,,3.89,$/per lb,3.89,per lb,Hawaii,retail,,,,,,,,30.0,3324,Weekly Grocery Store Specialty Crops Feature Activity,2026-09-26T14:36:16+00:00
6aa78a2d1d2c0790,2016-03-18,Lettuce,Iceberg,per lb,,,,,No,,,,,,,,1.99,$/per lb,1.99,per lb,Hawaii,retail,,,,,,,,34.0,3324,Weekly Grocery Store Specialty Crops Feature Activity,2026-09-26T14:36:16+00:00
e75fdf5c4d74e16a,2016-03-18,Lettuce,Romaine,per lb,,,,,No,,,,,,,,1.76,$/per lb,1.76,per lb,Hawaii,retail,,,,,,,,9.0,3324,Weekly Grocery Store Specialty Crops Feature Activity,2026-09-26T14:36:16+00:00
abca1cbe0dc7e8d2,2016-03-18,"Onions, Dry",YELLOW MARKED SWEET,per lb,,,,,No,,,,,,,,2.82,$/per lb,2.82,per lb,Hawaii,retail,,,,,,,,30.0,3324,Weekly Grocery Store Specialty Crops Feature Activity,2026-09-26T14:36:16+00:00
03bb624146fd904d,2016-03-18,"Peppers, Bell Type",GREEN,per lb,,,,,No,,,,,,,,2.02,$/per lb,2.02,per lb,Hawaii,retail,,,,,,,,30.0,3324,Weekly Grocery Store Specialty Crops Feature Activity,2026-09-26T14:36:16+00:00
caf2f8f48a817ce6,2016-03-18,Potatoes,ROUND RED,per lb,,,,,No,,,,,,,,0.89,$/per lb,0.89,per lb,Hawaii,retail,,,,,,,,6.0,3324,Weekly Grocery Store Specialty Crops Feature Activity,2026-09-26T14:36:16+00:00
9c20c224abac7f9a,2016-03-18,Potatoes,RUSSET,per lb,,,,,No,,,,,,,,1.49,$/per lb,1.49,per lb,Hawaii,retail,,,,,,,,3.0,3324,Weekly Grocery Store Specialty Crops Feature Activity,2026-09-26T14:36:16+00:00
41951d44030abb77,2016-03-18,Strawberries,,1 lb package,,,,,No,,,,,,,,6.29,$/1 lb package,6.29,per lb,Hawaii,retail,,,,,,,,34.0,3324,Weekly Grocery Store Specialty Crops Feature Activity,2026-09-26T14:36:16+00:00
b8750d3ba04de804,2016-03-18,Strawberries,,1 lb package,,,,,Yes,,,,,,,,5.99,$/1 lb package,5.99,per lb,Hawaii,retail,,,,,,,,27.0,3324,Weekly Grocery Store Specialty Crops Feature Activity,2026-09-26T14:36:16+00:00
039ad9089a1ee56e,2016-03-18,Tomatoes,,per lb,,,,,Yes,,,,,,,,1.99,$/per lb,1.99,per lb,Hawaii,retail,,,,,,,,3.0,3324,Weekly Grocery Store Specialty Crops Feature Activity,2026-09-26T14:36:16+00:00
cbf0b23d177f58f2,2016-03-18,Tomatoes,,per lb,,,,,No,,,,,,,,2.82,$/per lb,2.82,per lb,Hawaii,retail,,,,,,,,61.0,3324,Weekly Grocery Store Specialty Crops Feature Activity,2026-09-26T14:36:16+00:00
b075e14c43812a54,2016-03-18,Tomatoes,Plum Type (Roma),per lb,,,,,No,,,,,,,,1.99,$/per lb,1.99,per lb,Hawaii,retail,,,,,,,,6.0,3324,Weekly Grocery Store Specialty Crops Feature Activity,2026-09-26T14:36:16+00:00
2b783bb7bb1df072,2016-03-18,Tomatoes,VINE RIPES - ON THE VINE,per lb,,,,,No,,,,,,,,2.99,$/per lb,2.99,per lb,Hawaii,retail,,,environment=Greenhouse,,,,,3.0,3324,Weekly Grocery Store Specialty Crops Feature Activity,2026-09-26T14:36:16+00:00
a7ee1d9cb7d3cd13,2016-03-18,Avocados,HASS,each,,,,,Yes,,,,,,,,1.46,$/each,1.46,per each,Midwest,retail,,,,,,,,304.0,3324,Weekly Grocery Store Specialty Crops Feature Activity,2026-09-26T14:36:16+00:00
dfc6c5a8f4906861,2016-03-18,Avocados,HASS,each,,,,,No,,,,,,,,1.09,$/each,1.09,per each,Midwest,retail,,,,,,,,1540.0,3324,Weekly Grocery Store Specialty Crops Feature Activity,2026-09-26T14:36:16+00:00
d27592f86e8f0651,2016-03-18,Avocados,HASS,per lb,,,,,No,,,,,,,,0.88,$/per lb,0.88,per lb,Midwest,retail,,,,,,,,8.0,3324,Weekly Grocery Store Specialty Crops Feature Activity,2026-09-26T14:36:16+00:00
df9de42f3875f9b3,2016-03-18,Avocados,VARIOUS GREENSKIN VARIETIES,each,,,,,No,,,,,,,,0.96,$/each,0.96,per each,Midwest,retail,,,,,,,,67.0,3324,Weekly Grocery Store Specialty Crops Feature Activity,2026-09-26T14:36:16+00:00
0a940bc700877bc1,2016-03-18,Avocados,VARIOUS GREENSKIN VARIETIES,per lb,,,,,No,,,,,,,,0.89,$/per lb,0.89,per lb,Midwest,retail,,,,,,,,8.0,3324,Weekly Grocery Store Specialty Crops Feature Activity,2026-09-26T14:36:16+00:00
3fb1c330ce48ee3d,2016-03-18,Bananas,,per lb,,,,,Yes,,,,,,,,0.72,$/per lb,0.72,per lb,Midwest,retail,,,,,,,,219.0,3324,Weekly Grocery Store Specialty Crops Feature Activity,2026-09-26T14:36:16+00:00
abbcdc54990a393a,2016-03-18,Bananas,,per lb,,,,,No,,,,,,,,0.47,$/per lb,0.47,per lb,Midwest,retail,,,,,,,,83.0,3324,Weekly Grocery Store Specialty Crops Feature Activity,2026-09-26T14:36:16+00:00
5c0381ba9a494ba2,2016-03-18,Blueberries,,1 pint package,,,,,No,,,,,,,,2.84,$/1 pint package,,,Midwest,retail,,,,,,,,46.0,3324,Weekly Grocery Store Specialty Crops Feature Activity,2026-09-26T14:36:16+00:00
7cb237f0af63c83b,2016-03-18,Blueberries,,6 oz package,,,,,Yes,,,,,,,,3.47,$/6 oz package,9.2533,per lb,Midwest,retail,,,,,,,,37.0,3324,Weekly Grocery Store Specialty Crops Feature Activity,2026-09-26T14:36:16+00:00
c6de162e97c74b98,2016-03-18,Blueberries,,6 oz package,,,,,No,,,,,,,,2.41,$/6 oz package,6.4267,per lb,Midwest,retail,,,,,,,,581.0,3324,Weekly Grocery Store Specialty Crops Feature Activity,2026-09-26T14:36:16+00:00
156bff40fa1efee3,2016-03-18,Broccoli,,per bunch,,,,,Yes,,,,,,,,2.5,$/per bunch,,,Midwest,retail,,,,,,,,35.0,3324,Weekly Grocery Store Specialty Crops Feature Activity,2026-09-26T14:36:16+00:00
cbee2b58d32d0eeb,2016-03-18,Broccoli,,per bunch,,,,,No,,,,,,,,1.76,$/per bunch,,,Midwest,retail,,,,,,,,135.0,3324,Weekly Grocery Store Specialty Crops Feature Activity,2026-09-26T14:36:16+00:00
18d5c3848ec78ab6,2016-03-18,Broccoli,,per lb,,,,,Yes,,,,,,,,1.11,$/per lb,1.11,per lb,Midwest,retail,,,,,,,,17.0,3324,Weekly Grocery Store Specialty Crops Feature Activity,2026-09-26T14:36:16+00:00
44870998e6a3cf8e,2016-03-18,Broccoli,,per lb,,,,,No,,,,,,,,0.97,$/per lb,0.97,per lb,Midwest,retail,,,,,,,,56.0,3324,Weekly Grocery Store Specialty Crops Feature Activity,2026-09-26T14:36:16+00:00
3acbed363be2cece,2016-03-18,Broccoli,CROWN CUT,per lb,,,,,No,,,,,,,,1.36,$/per lb,1.36,per lb,Midwest,retail,,,,,,,,423.0,3324,Weekly Grocery Store Specialty Crops Feature Activity,2026-09-26T14:36:16+00:00
13a731810743e18a,2016-03-18,Carrots,,1 lb bag,,,,,Yes,,,,,,,,0.99,$/1 lb bag,0.99,per lb,Midwest,retail,,,,,,,,12.0,3324,Weekly Grocery Store Specialty Crops Feature Activity,2026-09-26T14:36:16+00:00
e9947f81f3d46e6c,2016-03-18,Carrots,,1 lb bag,,,,,No,,,,,,,,0.67,$/1 lb bag,0.67,per lb,Midwest,retail,,,,,,,,39.0,3324,Weekly Grocery Store Specialty Crops Feature Activity,2026-09-26T14:36:16+00:00
674ed8fc9402d252,2016-03-18,Carrots,,2 lb bag,,,,,No,,,,,,,,1.46,$/2 lb bag,0.73,per lb,Midwest,retail,,,,,,,,165.0,3324,Weekly Grocery Store Specialty Crops Feature Activity,2026-09-26T14:36:16+00:00
4e6dc21d5bb7720e,2016-03-18,Carrots,BABY PEELED,1 lb bag,,,,,No,,,,,,,,1.07,$/1 lb bag,1.07,per lb,Midwest,retail,,,,,,,,1093.0,3324,Weekly Grocery Store Specialty Crops Feature Activity,2026-09-26T14:36:16+00:00
8f39996f784b6db5,2016-03-18,Carrots,BABY PEELED,1 lb bag,,,,,Yes,,,,,,,,1.5,$/1 lb bag,1.5,per lb,Midwest,retail,,,,,,,,22.0,3324,Weekly Grocery Store Specialty Crops Feature Activity,2026-09-26T14:36:16+00:00
3b07fefb4c6e7e83,2016-03-18,Carrots,BABY PEELED,2 lb bag,,,,,Yes,,,,,,,,2.99,$/2 lb bag,1.495,per lb,Midwest,retail,,,,,,,,12.0,3324,Weekly Grocery Store Specialty Crops Feature Activity,2026-09-26T14:36:16+00:00
aa33bd147f8dddcc,2016-03-18,Carrots,BABY PEELED,2 lb bag,,,,,No,,,,,,,,2.29,$/2 lb bag,1.145,per lb,Midwest,retail,,,,,,,,785.0,3324,Weekly Grocery Store Specialty Crops Feature Activity,2026-09-26T14:36:16+00:00
1b9722a4507a2ae0,2016-03-18,Celery,,each,,,,,No,,,,,,,,1.19,$/each,1.19,per each,Midwest,retail,,,,,,,,549.0,3324,Weekly Grocery Store Specialty Crops Feature Activity,2026-09-26T14:36:16+00:00
5f4f020b7c89729b,2016-03-18,Celery,,each,,,,,Yes,,,,,,,,1.92,$/each,1.92,per each,Midwest,retail,,,,,,,,68.0,3324,Weekly Grocery Store Specialty Crops Feature Activity,2026-09-26T14:36:16+00:00
b3dbbbd353950150,2016-03-18,Celery,,per lb,,,,,No,,,,,,,,0.39,$/per lb,0.39,per lb,Midwest,retail,,,,,,,,8.0,3324,Weekly Grocery Store Specialty Crops Feature Activity,2026-09-26T14:36:16+00:00
a06f6e489e0b0908,2016-03-18,Celery,HEARTS,each,,,,,No,,,,,,,,1.63,$/each,1.63,per each,Midwest,retail,,,,,,,,19.0,3324,Weekly Grocery Store Specialty Crops Feature Activity,2026-09-26T14:36:16+00:00
f82f6fe75570c91e,2016-03-18,Celery,HEARTS,each,,,,,Yes,,,,,,,,1.88,$/each,1.88,per each,Midwest,retail,,,,,,,,8.0,3324,Weekly Grocery Store Specialty Crops Feature Activity,2026-09-26T14:36:16+00:00
8e8b139c50930bfa,2016-03-18,Cucumbers,,each,,,,,Yes,,,,,,,,1.24,$/each,1.24,per each,Midwest,retail,,,,,,,,19.0,3324,Weekly Grocery Store Specialty Crops Feature Activity,2026-09-26T14:36:16+00:00
e3f32bf1fd415686,2016-03-18,Cucumbers,,each,,,,,No,,,,,,,,0.51,$/each,0.51,per each,Midwest,retail,,,,,,,,410.0,3324,Weekly Grocery Store Specialty Crops Feature Activity,2026-09-26T14:36:16+00:00
42d1f63fa3f6d749,2016-03-18,Cucumbers,LONG SEEDLESS,each,,,,,Yes,,,,,,,,2.5,$/each,2.5,per each,Midwest,retail,,,environment=Greenhouse,,,,,98.0,3324,Weekly Grocery Store Specialty Crops Feature Activity,2026-09-26T14:36:16+00:00
b25ba1a39482e600,2016-03-18,Cucumbers,LONG SEEDLESS,each,,,,,No,,,,,,,,1.25,$/each,1.25,per each,Midwest,retail,,,environment=Greenhouse,,,,,529.0,3324,Weekly Grocery Store Specialty Crops Feature Activity,2026-09-26T14:36:16+00:00
36bef0198f4c3840,2016-03-18,Cucumbers,LONG SEEDLESS,per lb,,,,,No,,,,,,,,1.49,$/per lb,1.49,per lb,Midwest,retail,,,environment=Greenhouse,,,,,7.0,3324,Weekly Grocery Store Specialty Crops Feature Activity,2026-09-26T14:36:16+00:00
c2ee3b501b00c149,2016-03-18,Grapes,BLACK SEEDLESS,per lb,,,,,No,,,,,,,,1.65,$/per lb,1.65,per lb,Midwest,retail,,,,,,,,345.0,3324,Weekly Grocery Store Specialty Crops Feature Activity,2026-09-26T14:36:16+00:00
5a1bb2ff05408025,2016-03-18,Grapes,RED SEEDLESS,per lb,,,,,No,,,,,,,,1.76,$/per lb,1.76,per lb,Midwest,retail,,,,,,,,1665.0,3324,Weekly Grocery Store Specialty Crops Feature Activity,2026-09-26T14:36:16+00:00
844726a32987293f,2016-03-18,Grapes,Red Globe Seeded Type,per lb,,,,,No,,,,,,,,1.52,$/per lb,1.52,per lb,Midwest,retail,,,,,,,,627.0,3324,Weekly Grocery Store Specialty Crops Feature Activity,2026-09-26T14:36:16+00:00
536fb4d1d5adc525,2016-03-18,Grapes,WHITE SEEDLESS TYPE,per lb,,,,,No,,,,,,,,1.92,$/per lb,1.92,per lb,Midwest,retail,,,,,,,,2579.0,3324,Weekly Grocery Store Specialty Crops Feature Activity,2026-09-26T14:36:16+00:00
f5c80391c2932fe5,2016-03-18,Lemons,,2 lb bag,,,,,No,,,,,,,,2.43,$/2 lb bag,1.215,per lb,Midwest,retail,,,,,,,,1680.0,3324,Weekly Grocery Store Specialty Crops Feature Activity,2026-09-26T14:36:16+00:00
fe48e8e6883f6a6f,2016-03-18,Lemons,,2 lb bag,,,,,Yes,,,,,,,,2.99,$/2 lb bag,1.495,per lb,Midwest,retail,,,,,,,,410.0,3324,Weekly Grocery Store Specialty Crops Feature Activity,2026-09-26T14:36:16+00:00
9fddda470a663554,2016-03-18,Lemons,,each,,,,,Yes,,,,,,,,0.67,$/each,0.67,per each,Midwest,retail,,,,,,,,11.0,3324,Weekly Grocery Store Specialty Crops Feature Activity,2026-09-26T14:36:16+00:00
f1e183ac89437675,2016-03-18,Lemons,,each,,,,,No,,,,,,,,0.6,$/each,0.6,per each,Midwest,retail,,,,,,,,271.0,3324,Weekly Grocery Store Specialty Crops Feature Activity,2026-09-26T14:36:16+00:00
8975bf829ce50c0b,2016-03-18,Lettuce,Green Leaf,each,,,,,Yes,,,,,,,,0.89,$/each,0.89,per each,Midwest,retail,,,,,,,,8.0,3324,Weekly Grocery Store Specialty Crops Feature Activity,2026-09-26T14:36:16+00:00
c164b5b3173d75f3,2016-03-18,Lettuce,Green Leaf,each,,,,,No,,,,,,,,1.0,$/each,1.0,per each,Midwest,retail,,,,,,,,145.0,3324,Weekly Grocery Store Specialty Crops Feature Activity,2026-09-26T14:36:16+00:00
986e8b8bd3a15d22,2016-03-18,Lettuce,Green Leaf,per lb,,,,,No,,,,,,,,1.17,$/per lb,1.17,per lb,Midwest,retail,,,,,,,,255.0,3324,Weekly Grocery Store Specialty Crops Feature Activity,2026-09-26T14:36:16+00:00
c612245a82811128,2016-03-18,Lettuce,Iceberg,each,,,,,No,,,,,,,,0.97,$/each,0.97,per each,Midwest,retail,,,,,,,,407.0,3324,Weekly Grocery Store Specialty Crops Feature Activity,2026-09-26T14:36:16+00:00
64e419a357eddd5d,2016-03-18,Lettuce,Red Leaf,each,,,,,No,,,,,,,,0.98,$/each,0.98,per each,Midwest,retail,,,,,,,,136.0,3324,Weekly Grocery Store Specialty Crops Feature Activity,2026-09-26T14:36:16+00:00
68f139db570cf298,2016-03-18,Lettuce,Red Leaf,each,,,,,Yes,,,,,,,,0.89,$/each,0.89,per each,Midwest,retail,,,,,,,,8.0,3324,Weekly Grocery Store Specialty Crops Feature Activity,2026-09-26T14:36:16+00:00
2c0deb5236fa0714,2016-03-18,Lettuce,Red Leaf,per lb,,,,,No,,,,,,,,1.17,$/per lb,1.17,per lb,Midwest,retail,,,,,,,,255.0,3324,Weekly Grocery Store Specialty Crops Feature Activity,2026-09-26T14:36:16+00:00
f749d8599ff3b729,2016-03-18,Lettuce,Romaine,each,,,,,No,,,,,,,,0.99,$/each,0.99,per each,Midwest,retail,,,,,,,,135.0,3324,Weekly Grocery Store Specialty Crops Feature Activity,2026-09-26T14:36:16+00:00
1c49d5124d9f1d0a,2016-03-18,Lettuce,Romaine,per lb,,,,,Yes,,,,,,,,1.99,$/per lb,1.99,per lb,Midwest,retail,,,,,,,,11.0,3324,Weekly Grocery Store Specialty Crops Feature Activity,2026-09-26T14:36:16+00:00
d8d979aa1a29b440,2016-03-18,Lettuce,Romaine,per lb,,,,,No,,,,,,,,0.95,$/per lb,0.95,per lb,Midwest,retail,,,,,,,,45.0,3324,Weekly Grocery Store Specialty Crops Feature Activity,2026-09-26T14:36:16+00:00
202df7d7eed6f9a5,2016-03-18,Lettuce,Romaine (Hearts),3 count,,,,,No,,,,,,,,2.03,$/3 count,,,Midwest,retail,,,,,,,,301.0,3324,Weekly Grocery Store Specialty Crops Feature Activity,2026-09-26T14:36:16+00:00
94043f34cd0edf67,2016-03-18,Lettuce,Romaine (Hearts),3 count,,,,,Yes,,,,,,,,2.59,$/3 count,,,Midwest,retail,,,,,,,,233.0,3324,Weekly Grocery Store Specialty Crops Feature Activity,2026-09-26T14:36:16+00:00
85e83abb2d725454,2016-03-18,Limes,,each,,,,,No,,,,,,,,0.39,$/each,0.39,per each,Midwest,retail,,,,,,,,66.0,3324,Weekly Grocery Store Specialty Crops Feature Activity,2026-09-26T14:36:16+00:00
5b6b5172486dc79f,2016-03-18,"Onions, Dry",WHITE,per lb,,,,,No,,,,,,,,0.83,$/per lb,0.83,per lb,Midwest,retail,,,,,,,,16.0,3324,Weekly Grocery Store Specialty Crops Feature Activity,2026-09-26T14:36:16+00:00
a02519968a7e0705,2016-03-18,"Onions, Dry",YELLOW,2 lb bag,,,,,No,,,,,,,,1.13,$/2 lb bag,0.565,per lb,Midwest,retail,,,,,,,,44.0,3324,Weekly Grocery Store Specialty Crops Feature Activity,2026-09-26T14:36:16+00:00
4059693d19c63600,2016-03-18,"Onions, Dry",YELLOW,3 lb bag,,,,,No,,,,,,,,1.7,$/3 lb bag,0.5667,per lb,Midwest,retail,,,,,,,,495.0,3324,Weekly Grocery Store Specialty Crops Feature Activity,2026-09-26T14:36:16+00:00
a086a3728e4660b3,2016-03-18,"Onions, Dry",YELLOW,3 lb bag,,,,,Yes,,,,,,,,3.24,$/3 lb bag,1.08,per lb,Midwest,retail,,,,,,,,151.0,3324,Weekly Grocery Store Specialty Crops Feature Activity,2026-09-26T14:36:16+00:00
9295078723eddfdb,2016-03-18,"Onions, Dry",YELLOW,5 lb bag,,,,,No,,,,,,,,3.0,$/5 lb bag,0.6,per lb,Midwest,retail,,,,,,,,30.0,3324,Weekly Grocery Store Specialty Crops Feature Activity,2026-09-26T14:36:16+00:00
d6847f24504faccc,2016-03-18,"Onions, Dry",YELLOW,per lb,,,,,No,,,,,,,,0.51,$/per lb,0.51,per lb,Midwest,retail,,,,,,,,121.0,3324,Weekly Grocery Store Specialty Crops Feature Activity,2026-09-26T14:36:16+00:00
1a455af993f669a6,2016-03-18,"Onions, Dry",YELLOW MARKED SWEET,2 lb bag,,,,,No,,,,,,,,1.88,$/2 lb bag,0.94,per lb,Midwest,retail,,,,,,,,123.0,3324,Weekly Grocery Store Specialty Crops Feature Activity,2026-09-26T14:36:16+00:00
344ad77815b1f202,2016-03-18,"Onions, Dry",YELLOW MARKED SWEET,per lb,,,,,No,,,,,,,,0.91,$/per lb,0.91,per lb,Midwest,retail,,,,,,,,526.0,3324,Weekly Grocery Store Specialty Crops Feature Activity,2026-09-26T14:36:16+00:00
c362bf18300cfba5,2016-03-18,"Peppers, Bell Type",GREEN,each,,,,,No,,,,,,,,1.19,$/each,1.19,per each,Midwest,retail,,,,,,,,18.0,3324,Weekly Grocery Store Specialty Crops Feature Activity,2026-09-26T14:36:16+00:00
f83d942d0634ff1c,2016-03-18,"Peppers, Bell Type",GREEN,per lb,,,,,No,,,,,,,,0.99,$/per lb,0.99,per lb,Midwest,retail,,,,,,,,180.0,3324,Weekly Grocery Store Specialty Crops Feature Activity,2026-09-26T14:36:16+00:00
8f567c34a48ddf5d,2016-03-18,"Peppers, Bell Type",ORANGE,each,,,,,No,,,,,,,,1.14,$/each,1.14,per each,Midwest,retail,,,,,,,,228.0,3324,Weekly Grocery Store Specialty Crops Feature Activity,2026-09-26T14:36:16+00:00
0c442994fa0597fc,2016-03-18,"Peppers, Bell Type",RED,each,,,,,No,,,,,,,,1.13,$/each,1.13,per each,Midwest,retail,,,,,,,,246.0,3324,Weekly Grocery Store Specialty Crops Feature Activity,2026-09-26T14:36:16+00:00
2ba8ad956bf8fdc1,2016-03-18,"Peppers, Bell Type",RED,per lb,,,,,No,,,,,,,,1.38,$/per lb,1.38,per lb,Midwest,retail,,,,,,,,75.0,3324,Weekly Grocery Store Specialty Crops Feature Activity,2026-09-26T14:36:16+00:00
96b3dcf33b115eba,2016-03-18,"Peppers, Bell Type",YELLOW,each,,,,,No,,,,,,,,1.14,$/each,1.14,per each,Midwest,retail,,,,,,,,228.0,3324,Weekly Grocery Store Specialty Crops Feature Activity,2026-09-26T14:36:16+00:00
24194b1d5bc11d94,2016-03-18,Potatoes,ROUND RED,3 lb bag,,,,,No,,,,,,,,2.37,$/3 lb bag,0.79,per lb,Midwest,retail,,,,,,,,113.0,3324,Weekly Grocery Store Specialty Crops Feature Activity,2026-09-26T14:36:16+00:00
1f43fd24d8115d1c,2016-03-18,Potatoes,ROUND RED,5 lb bag,,,,,No,,,,,,,,2.24,$/5 lb bag,0.448,per lb,Midwest,retail,,,,,,,,823.0,3324,Weekly Grocery Store Specialty Crops Feature Activity,2026-09-26T14:36:16+00:00
cf4672bde3ba746d,2016-03-18,Potatoes,ROUND RED,per lb,,,,,No,,,,,,,,0.8,$/per lb,0.8,per lb,Midwest,retail,,,,,,,,74.0,3324,Weekly Grocery Store Specialty Crops Feature Activity,2026-09-26T14:36:16+00:00
21fbaba3e1259acc,2016-03-18,Potatoes,RUSSET,10 lb bag,,,,,No,,,,,,,,2.55,$/10 lb bag,0.255,per lb,Midwest,retail,,,,,,,,359.0,3324,Weekly Grocery Store Specialty Crops Feature Activity,2026-09-26T14:36:16+00:00
6472149490783e2c,2016-03-18,Potatoes,RUSSET,3 lb bag,,,,,No,,,,,,,,1.99,$/3 lb bag,0.6633,per lb,Midwest,retail,,,,,,,,98.0,3324,Weekly Grocery Store Specialty Crops Feature Activity,2026-09-26T14:36:16+00:00
ee797ba708fc60dd,2016-03-18,Potatoes,RUSSET,3 lb bag,,,,,Yes,,,,,,,,2.06,$/3 lb bag,0.6867,per lb,Midwest,retail,,,,,,,,271.0,3324,Weekly Grocery Store Specialty Crops Feature Activity,2026-09-26T14:36:16+00:00
42720efb237b102f,2016-03-18,Potatoes,RUSSET,5 lb bag,,,,,Yes,,,,,,,,0.99,$/5 lb bag,0.198,per lb,Midwest,retail,,,,,,,,11.0,3324,Weekly Grocery Store Specialty Crops Feature Activity,2026-09-26T14:36:16+00:00
4a2f12bad369a435,2016-03-18,Potatoes,RUSSET,5 lb bag,,,,,No,,,,,,,,1.98,$/5 lb bag,0.396,per lb,Midwest,retail,,,,,,,,543.0,3324,Weekly Grocery Store Specialty Crops Feature Activity,2026-09-26T14:36:16+00:00
6ea1b038e64adc98,2016-03-18,Potatoes,RUSSET,8 lb bag,,,,,No,,,,,,,,2.07,$/8 lb bag,0.2587,per lb,Midwest,retail,,,,,,,,793.0,3324,Weekly Grocery Store Specialty Crops Feature Activity,2026-09-26T14:36:16+00:00
2cda8a8969735717,2016-03-18,Potatoes,RUSSET,per lb,,,,,No,,,,,,,,0.6,$/per lb,0.6,per lb,Midwest,retail,,,,,,,,56.0,3324,Weekly Grocery Store Specialty Crops Feature Activity,2026-09-26T14:36:16+00:00
4f83875f30f0fc68,2016-03-18,Potatoes,YELLOW TYPE,3 lb bag,,,,,Yes,,,,,,,,2.39,$/3 lb bag,0.7967,per lb,Midwest,retail,,,,,,,,8.0,3324,Weekly Grocery Store Specialty Crops Feature Activity,2026-09-26T14:36:16+00:00
81bf8e767dc50e42,2016-03-18,Potatoes,YELLOW TYPE,3 lb bag,,,,,No,,,,,,,,0.95,$/3 lb bag,0.3167,per lb,Midwest,retail,,,,,,,,13.0,3324,Weekly Grocery Store Specialty Crops Feature Activity,2026-09-26T14:36:16+00:00
a73dade8811abe20,2016-03-18,Potatoes,YELLOW TYPE,5 lb bag,,,,,No,,,,,,,,2.51,$/5 lb bag,0.502,per lb,Midwest,retail,,,,,,,,351.0,3324,Weekly Grocery Store Specialty Crops Feature Activity,2026-09-26T14:36:16+00:00
dd5224325d9ac1ea,2016-03-18,Potatoes,YELLOW TYPE,5 lb bag,,,,,Yes,,,,,,,,3.99,$/5 lb bag,0.798,per lb,Midwest,retail,,,,,,,,11.0,3324,Weekly Grocery Store Specialty Crops Feature Activity,2026-09-26T14:36:16+00:00
62991dad8d7d3a71,2016-03-18,Strawberries,,1 lb package,,,,,No,,,,,,,,2.02,$/1 lb package,2.02,per lb,Midwest,retail,,,,,,,,1957.0,3324,Weekly Grocery Store Specialty Crops Feature Activity,2026-09-26T14:36:16+00:00
e0347cec3b1c51df,2016-03-18,Strawberries,,1 lb package,,,,,Yes,,,,,,,,4.63,$/1 lb package,4.63,per lb,Midwest,retail,,,,,,,,127.0,3324,Weekly Grocery Store Specialty Crops Feature Activity,2026-09-26T14:36:16+00:00
6c97b02099e0c492,2016-03-18,Tomatoes,,per lb,,,,,No,,,,,,,,1.63,$/per lb,1.63,per lb,Midwest,retail,,,,,,,,116.0,3324,Weekly Grocery Store Specialty Crops Feature Activity,2026-09-26T14:36:16+00:00
b91aaae81c5ee1b9,2016-03-18,Tomatoes,,per lb,,,,,Yes,,,,,,,,1.5,$/per lb,1.5,per lb,Midwest,retail,,,,,,,,199.0,3324,Weekly Grocery Store Specialty Crops Feature Activity,2026-09-26T14:36:16+00:00
355394cb3f1a6801,2016-03-18,Tomatoes,GRAPE TYPE,1 pint package,,,,,Yes,,,,,,,,2.61,$/1 pint package,,,Midwest,retail,,,,,,,,60.0,3324,Weekly Grocery Store Specialty Crops Feature Activity,2026-09-26T14:36:16+00:00
453d0188cc34d92d,2016-03-18,Tomatoes,GRAPE TYPE,1 pint package,,,,,No,,,,,,,,2.95,$/1 pint package,,,Midwest,retail,,,,,,,,393.0,3324,Weekly Grocery Store Specialty Crops Feature Activity,2026-09-26T14:36:16+00:00
e56fa054e8436741,2016-03-18,Tomatoes,GRAPE TYPE,10 oz package,,,,,No,,,,,,,,2.99,$/10 oz package,4.784,per lb,Midwest,retail,,,,,,,,3.0,3324,Weekly Grocery Store Specialty Crops Feature Activity,2026-09-26T14:36:16+00:00
fc428fc1d03d28f3,2016-03-18,Tomatoes,GRAPE TYPE,10 oz package,,,,,Yes,,,,,,,,2.75,$/10 oz package,4.4,per lb,Midwest,retail,,,,,,,,30.0,3324,Weekly Grocery Store Specialty Crops Feature Activity,2026-09-26T14:36:16+00:00
0ae01afb17d9dd34,2016-03-18,Tomatoes,Plum Type (Roma),per lb,,,,,No,,,,,,,,1.14,$/per lb,1.14,per lb,Midwest,retail,,,,,,,,673.0,3324,Weekly Grocery Store Specialty Crops Feature Activity,2026-09-26T14:36:16+00:00
26f5aacf33f8c49c,2016-03-18,Tomatoes,Plum Type (Roma),per lb,,,,,Yes,,,,,,,,1.49,$/per lb,1.49,per lb,Midwest,retail,,,,,,,,22.0,3324,Weekly Grocery Store Specialty Crops Feature Activity,2026-09-26T14:36:16+00:00
ac5ad7b4ef552a04,2016-03-18,Tomatoes,VINE RIPES,per lb,,,,,No,,,,,,,,1.24,$/per lb,1.24,per lb,Midwest,retail,,,,,,,,46.0,3324,Weekly Grocery Store Specialty Crops Feature Activity,2026-09-26T14:36:16+00:00
bed8ae45cf46fba2,2016-03-18,Tomatoes,VINE RIPES,per lb,,,,,No,,,,,,,,1.62,$/per lb,1.62,per lb,Midwest,retail,,,environment=Greenhouse,,,,,352.0,3324,Weekly Grocery Store Specialty Crops Feature Activity,2026-09-26T14:36:16+00:00
d8ed625a0ec19343,2016-03-18,Tomatoes,VINE RIPES,per lb,,,,,Yes,,,,,,,,1.29,$/per lb,1.29,per lb,Midwest,retail,,,,,,,,5.0,3324,Weekly Grocery Store Specialty Crops Feature Activity,2026-09-26T14:36:16+00:00
d3332097b80f48b5,2016-03-18,Tomatoes,VINE RIPES - ON THE VINE,per lb,,,,,No,,,,,,,,1.49,$/per lb,1.49,per lb,Midwest,retail,,,environment=Greenhouse,,,,,416.0,3324,Weekly Grocery Store Specialty Crops Feature Activity,2026-09-26T14:36:16+00:00
d7e40d631d71bcec,2016-03-18,Tomatoes,VINE RIPES - ON THE VINE,per lb,,,,,Yes,,,,,,,,2.39,$/per lb,2.39,per lb,Midwest,retail,,,environment=Greenhouse,,,,,3.0,3324,Weekly Grocery Store Specialty Crops Feature Activity,2026-09-26T14:36:16+00:00
6e63c4a346ebacc6,2016-03-18,Avocados,HASS,each,,,,,Yes,,,,,,,,1.66,$/each,1.66,per each,National,retail,,,,,,,,1944.0,3324,Weekly Grocery Store Specialty Crops Feature Activity,2026-09-26T14:36:16+00:00
b0d8c2c7a7bfe28d,2016-03-18,Avocados,HASS,each,,,,,No,,,,,,,,1.08,$/each,1.08,per each,National,retail,,,,,,,,10501.0,3324,Weekly Grocery Store Specialty Crops Feature Activity,2026-09-26T14:36:16+00:00
ffe7c0b2001200e9,2016-03-18,Avocados,HASS,per lb,,,,,No,,,,,,,,0.64,$/per lb,0.64,per lb,National,retail,,,,,,,,13.0,3324,Weekly Grocery Store Specialty Crops Feature Activity,2026-09-26T14:36:16+00:00
b27bc2a6e4444f2e,2016-03-18,Avocados,VARIOUS GREENSKIN VARIETIES,each,,,,,No,,,,,,,,1.29,$/each,1.29,per each,National,retail,,,,,,,,362.0,3324,Weekly Grocery Store Specialty Crops Feature Activity,2026-09-26T14:36:16+00:00
30f8d22b898c807a,2016-03-18,Avocados,VARIOUS GREENSKIN VARIETIES,per lb,,,,,No,,,,,,,,0.89,$/per lb,0.89,per lb,National,retail,,,,,,,,8.0,3324,Weekly Grocery Store Specialty Crops Feature Activity,2026-09-26T14:36:16+00:00
b69fc2809ea4283e,2016-03-18,Bananas,,per lb,,,,,Yes,,,,,,,,0.73,$/per lb,0.73,per lb,National,retail,,,,,,,,1156.0,3324,Weekly Grocery Store Specialty Crops Feature Activity,2026-09-26T14:36:16+00:00
cd51ec495a89f105,2016-03-18,Bananas,,per lb,,,,,No,,,,,,,,0.47,$/per lb,0.47,per lb,National,retail,,,,,,,,1057.0,3324,Weekly Grocery Store Specialty Crops Feature Activity,2026-09-26T14:36:16+00:00
82b0b0213b6f8697,2016-03-18,Blueberries,,1 pint package,,,,,No,,,,,,,,3.35,$/1 pint package,,,National,retail,,,,,,,,1795.0,3324,Weekly Grocery Store Specialty Crops Feature Activity,2026-09-26T14:36:16+00:00
68546cb420e0495f,2016-03-18,Blueberries,,18 oz package,,,,,No,,,,,,,,5.99,$/18 oz package,5.3244,per lb,National,retail,,,,,,,,5.0,3324,Weekly Grocery Store Specialty Crops Feature Activity,2026-09-26T14:36:16+00:00
9c0197c37306a967,2016-03-18,Blueberries,,4.4 oz package,,,,,Yes,,,,,,,,3.01,$/4.4 oz package,10.9455,per lb,National,retail,,,,,,,,467.0,3324,Weekly Grocery Store Specialty Crops Feature Activity,2026-09-26T14:36:16+00:00
6028c957e88f1f12,2016-03-18,Blueberries,,6 oz package,,,,,No,,,,,,,,2.5,$/6 oz package,6.6667,per lb,National,retail,,,,,,,,2601.0,3324,Weekly Grocery Store Specialty Crops Feature Activity,2026-09-26T14:36:16+00:00
ade946eda6ad3bd3,2016-03-18,Blueberries,,6 oz package,,,,,Yes,,,,,,,,3.88,$/6 oz package,10.3467,per lb,National,retail,,,,,,,,494.0,3324,Weekly Grocery Store Specialty Crops Feature Activity,2026-09-26T14:36:16+00:00
0437747520f5e3f7,2016-03-18,Broccoli,,per bunch,,,,,No,,,,,,,,2.12,$/per bunch,,,National,retail,,,,,,,,2087.0,3324,Weekly Grocery Store Specialty Crops Feature Activity,2026-09-26T14:36:16+00:00
f6d8536eafa9cdf4,2016-03-18,Broccoli,,per bunch,,,,,Yes,,,,,,,,2.69,$/per bunch,,,National,retail,,,,,,,,379.0,3324,Weekly Grocery Store Specialty Crops Feature Activity,2026-09-26T14:36:16+00:00
1726c6f93bf19f9c,2016-03-18,Broccoli,,per lb,,,,,Yes,,,,,,,,1.46,$/per lb,1.46,per lb,National,retail,,,,,,,,154.0,3324,Weekly Grocery Store Specialty Crops Feature Activity,2026-09-26T14:36:16+00:00
199016e8c1da8a64,2016-03-18,Broccoli,,per lb,,,,,No,,,,,,,,1.38,$/per lb,1.38,per lb,National,retail,,,,,,,,790.0,3324,Weekly Grocery Store Specialty Crops Feature Activity,2026-09-26T14:36:16+00:00
ee2af4df95b281f4,2016-03-18,Broccoli,BABY HYBRID TYPE,per bunch,,,,,Yes,,,,,,,,3.99,$/per bunch,,,National,retail,,,,,,,,8.0,3324,Weekly Grocery Store Specialty Crops Feature Activity,2026-09-26T14:36:16+00:00
17b2570dce7ad758,2016-03-18,Broccoli,CROWN CUT,per lb,,,,,No,,,,,,,,1.43,$/per lb,1.43,per lb,National,retail,,,,,,,,4037.0,3324,Weekly Grocery Store Specialty Crops Feature Activity,2026-09-26T14:36:16+00:00
a68d2f8167c5ca59,2016-03-18,Broccoli,CROWN CUT,per lb,,,,,Yes,,,,,,,,2.99,$/per lb,2.99,per lb,National,retail,,,,,,,,126.0,3324,Weekly Grocery Store Specialty Crops Feature Activity,2026-09-26T14:36:16+00:00
528a9e18ac218546,2016-03-18,Carrots,,1 lb bag,,,,,No,,,,,,,,1.44,$/1 lb bag,1.44,per lb,National,retail,,,,,,,,555.0,3324,Weekly Grocery Store Specialty Crops Feature Activity,2026-09-26T14:36:16+00:00
724f593543c792e4,2016-03-18,Carrots,,1 lb bag,,,,,Yes,,,,,,,,1.12,$/1 lb bag,1.12,per lb,National,retail,,,,,,,,23.0,3324,Weekly Grocery Store Specialty Crops Feature Activity,2026-09-26T14:36:16+00:00
540c1b1b576f5e29,2016-03-18,Carrots,,2 lb bag,,,,,Yes,,,,,,,,1.95,$/2 lb bag,0.975,per lb,National,retail,,,,,,,,490.0,3324,Weekly Grocery Store Specialty Crops Feature Activity,2026-09-26T14:36:16+00:00
fcbebe53e4d72181,2016-03-18,Carrots,,2 lb bag,,,,,No,,,,,,,,1.31,$/2 lb bag,0.655,per lb,National,retail,,,,,,,,693.0,3324,Weekly Grocery Store Specialty Crops Feature Activity,2026-09-26T14:36:16+00:00
5795b58d2bbf0135,2016-03-18,Carrots,,per bunch,,,,,Yes,,,,,,,,1.44,$/per bunch,,,National,retail,,,,,,,,645.0,3324,Weekly Grocery Store Specialty Crops Feature Activity,2026-09-26T14:36:16+00:00
5bbbc7e2f09c51fe,2016-03-18,Carrots,,per bunch,,,,,No,,,,,,,,2.0,$/per bunch,,,National,retail,,,,,,,,82.0,3324,Weekly Grocery Store Specialty Crops Feature Activity,2026-09-26T14:36:16+00:00
9b0080142a888181,2016-03-18,Carrots,,per lb,,,,,No,,,,,,,,0.36,$/per lb,0.36,per lb,National,retail,,,,,,,,131.0,3324,Weekly Grocery Store Specialty Crops Feature Activity,2026-09-26T14:36:16+00:00
1dbf8c0d23a183ec,2016-03-18,Carrots,BABY PEELED,1 lb bag,,,,,Yes,,,,,,,,1.81,$/1 lb bag,1.81,per lb,National,retail,,,,,,,,633.0,3324,Weekly Grocery Store Specialty Crops Feature Activity,2026-09-26T14:36:16+00:00
8e96df46ecca095b,2016-03-18,Carrots,BABY PEELED,1 lb bag,,,,,No,,,,,,,,1.21,$/1 lb bag,1.21,per lb,National,retail,,,,,,,,5629.0,3324,Weekly Grocery Store Specialty Crops Feature Activity,2026-09-26T14:36:16+00:00
b3a7b90ce4ffce99,2016-03-18,Carrots,BABY PEELED,2 lb bag,,,,,Yes,,,,,,,,2.99,$/2 lb bag,1.495,per lb,National,retail,,,,,,,,12.0,3324,Weekly Grocery Store Specialty Crops Feature Activity,2026-09-26T14:36:16+00:00
de2d00bf326e07f5,2016-03-18,Carrots,BABY PEELED,2 lb bag,,,,,No,,,,,,,,2.27,$/2 lb bag,1.135,per lb,National,retail,,,,,,,,2780.0,3324,Weekly Grocery Store Specialty Crops Feature Activity,2026-09-26T14:36:16+00:00
7cf2ff4fe462af6c,2016-03-18,Celery,,each,,,,,Yes,,,,,,,,1.96,$/each,1.96,per each,National,retail,,,,,,,,174.0,3324,Weekly Grocery Store Specialty Crops Feature Activity,2026-09-26T14:36:16+00:00
873e5571b83252be,2016-03-18,Celery,,each,,,,,No,,,,,,,,1.31,$/each,1.31,per each,National,retail,,,,,,,,2122.0,3324,Weekly Grocery Store Specialty Crops Feature Activity,2026-09-26T14:36:16+00:00
20459caeb3a381cf,2016-03-18,Celery,,per lb,,,,,Yes,,,,,,,,1.04,$/per lb,1.04,per lb,National,retail,,,,,,,,24.0,3324,Weekly Grocery Store Specialty Crops Feature Activity,2026-09-26T14:36:16+00:00
47001dc41c6c1cea,2016-03-18,Celery,,per lb,,,,,No,,,,,,,,0.62,$/per lb,0.62,per lb,National,retail,,,,,,,,20.0,3324,Weekly Grocery Store Specialty Crops Feature Activity,2026-09-26T14:36:16+00:00
59bcf6c212184497,2016-03-18,Celery,HEARTS,each,,,,,No,,,,,,,,2.17,$/each,2.17,per each,National,retail,,,,,,,,1093.0,3324,Weekly Grocery Store Specialty Crops Feature Activity,2026-09-26T14:36:16+00:00
8f204a5f621e5290,2016-03-18,Celery,HEARTS,each,,,,,Yes,,,,,,,,3.44,$/each,3.44,per each,National,retail,,,,,,,,236.0,3324,Weekly Grocery Store Specialty Crops Feature Activity,2026-09-26T14:36:16+00:00
f9e35db2a1eda105,2016-03-18,Celery,HEARTS,per lb,,,,,Yes,,,,,,,,3.37,$/per lb,3.37,per lb,National,retail,,,,,,,,118.0,3324,Weekly Grocery Store Specialty Crops Feature Activity,2026-09-26T14:36:16+00:00
bfca2c3f33769626,2016-03-18,Cucumbers,,each,,,,,No,,,,,,,,0.73,$/each,0.73,per each,National,retail,,,,,,,,2666.0,3324,Weekly Grocery Store Specialty Crops Feature Activity,2026-09-26T14:36:16+00:00
d294d26457aea656,2016-03-18,Cucumbers,,each,,,,,Yes,,,,,,,,1.04,$/each,1.04,per each,National,retail,,,,,,,,740.0,3324,Weekly Grocery Store Specialty Crops Feature Activity,2026-09-26T14:36:16+00:00
8a0db93cf3ecb428,2016-03-18,Cucumbers,,per lb,,,,,No,,,,,,,,1.99,$/per lb,1.99,per lb,National,retail,,,,,,,,34.0,3324,Weekly Grocery Store Specialty Crops Feature Activity,2026-09-26T14:36:16+00:00
0277ce08a577d84e,2016-03-18,Cucumbers,LONG SEEDLESS,each,,,,,Yes,,,,,,,,2.26,$/each,2.26,per each,National,retail,,,environment=Greenhouse,,,,,188.0,3324,Weekly Grocery Store Specialty Crops Feature Activity,2026-09-26T14:36:16+00:00
321535b8546bcc49,2016-03-18,Cucumbers,LONG SEEDLESS,each,,,,,No,,,,,,,,1.33,$/each,1.33,per each,National,retail,,,environment=Greenhouse,,,,,1593.0,3324,Weekly Grocery Store Specialty Crops Feature Activity,2026-09-26T14:36:16+00:00
2b9d0bcbd11613f1,2016-03-18,Cucumbers,LONG SEEDLESS,per lb,,,,,No,,,,,,,,1.56,$/per lb,1.56,per lb,National,retail,,,environment=Greenhouse,,,,,11.0,3324,Weekly Grocery Store Specialty Crops Feature Activity,2026-09-26T14:36:16+00:00
7373d8f77d8f90ae,2016-03-18,Grapes,BLACK SEEDLESS,per lb,,,,,No,,,,,,,,2.38,$/per lb,2.38,per lb,National,retail,,,,,,,,2411.0,3324,Weekly Grocery Store Specialty Crops Feature Activity,2026-09-26T14:36:16+00:00
95c623a05508c842,2016-03-18,Grapes,RED SEEDLESS,per lb,,,,,No,,,,,,,,2.14,$/per lb,2.14,per lb,National,retail,,,,,,,,9315.0,3324,Weekly Grocery Store Specialty Crops Feature Activity,2026-09-26T14:36:16+00:00
3b1a24a724f4fa1f,2016-03-18,Grapes,Red Globe Seeded Type,per lb,,,,,No,,,,,,,,2.19,$/per lb,2.19,per lb,National,retail,,,,,,,,4009.0,3324,Weekly Grocery Store Specialty Crops Feature Activity,2026-09-26T14:36:16+00:00
21beebb021bc185d,2016-03-18,Grapes,WHITE SEEDLESS TYPE,per lb,,,,,No,,,,,,,,2.23,$/per lb,2.23,per lb,National,retail,,,,,,,,12365.0,3324,Weekly Grocery Store Specialty Crops Feature Activity,2026-09-26T14:36:16+00:00
8d1aa028893bc6d6,2016-03-18,Lemons,,2 lb bag,,,,,No,,,,,,,,2.65,$/2 lb bag,1.325,per lb,National,retail,,,,,,,,2744.0,3324,Weekly Grocery Store Specialty Crops Feature Activity,2026-09-26T14:36:16+00:00
9f9ba15eb7d943ce,2016-03-18,Lemons,,2 lb bag,,,,,Yes,,,,,,,,3.37,$/2 lb bag,1.685,per lb,National,retail,,,,,,,,904.0,3324,Weekly Grocery Store Specialty Crops Feature Activity,2026-09-26T14:36:16+00:00
9031ec9e306870a6,2016-03-18,Lemons,,each,,,,,No,,,,,,,,0.53,$/each,0.53,per each,National,retail,,,,,,,,1405.0,3324,Weekly Grocery Store Specialty Crops Feature Activity,2026-09-26T14:36:16+00:00
fa5c2a44bd7e0f32,2016-03-18,Lemons,,each,,,,,Yes,,,,,,,,0.91,$/each,0.91,per each,National,retail,,,,,,,,300.0,3324,Weekly Grocery Store Specialty Crops Feature Activity,2026-09-26T14:36:16+00:00
138fdf33915d9cdb,2016-03-18,Lemons,,per lb,,,,,No,,,,,,,,1.9,$/per lb,1.9,per lb,National,retail,,,,,,,,151.0,3324,Weekly Grocery Store Specialty Crops Feature Activity,2026-09-26T14:36:16+00:00
0236b0f6772e01f1,2016-03-18,Lettuce,Boston,each,,,,,No,,,,,,,,1.98,$/each,1.98,per each,National,retail,,,,,,,,235.0,3324,Weekly Grocery Store Specialty Crops Feature Activity,2026-09-26T14:36:16+00:00
63fd2de58d8e655e,2016-03-18,Lettuce,Boston,per lb,,,,,No,,,,,,,,1.29,$/per lb,1.29,per lb,National,retail,,,,,,,,8.0,3324,Weekly Grocery Store Specialty Crops Feature Activity,2026-09-26T14:36:16+00:00
064d42f5f23f6834,2016-03-18,Lettuce,Green Leaf,each,,,,,No,,,,,,,,1.13,$/each,1.13,per each,National,retail,,,,,,,,2191.0,3324,Weekly Grocery Store Specialty Crops Feature Activity,2026-09-26T14:36:16+00:00
da985444353b2f7a,2016-03-18,Lettuce,Green Leaf,each,,,,,Yes,,,,,,,,1.62,$/each,1.62,per each,National,retail,,,,,,,,191.0,3324,Weekly Grocery Store Specialty Crops Feature Activity,2026-09-26T14:36:16+00:00
22d5d25ef1c7a938,2016-03-18,Lettuce,Green Leaf,per lb,,,,,No,,,,,,,,1.2,$/per lb,1.2,per lb,National,retail,,,,,,,,337.0,3324,Weekly Grocery Store Specialty Crops Feature Activity,2026-09-26T14:36:16+00:00
90755cc905c48052,2016-03-18,Lettuce,Iceberg,each,,,,,No,,,,,,,,1.09,$/each,1.09,per each,National,retail,,,,,,,,2355.0,3324,Weekly Grocery Store Specialty Crops Feature Activity,2026-09-26T14:36:16+00:00
027ec59ab898354b,2016-03-18,Lettuce,Iceberg,per lb,,,,,No,,,,,,,,0.6,$/per lb,0.6,per lb,National,retail,,,,,,,,75.0,3324,Weekly Grocery Store Specialty Crops Feature Activity,2026-09-26T14:36:16+00:00
3b47b17ca1ef8f23,2016-03-18,Lettuce,Red Leaf,each,,,,,No,,,,,,,,1.13,$/each,1.13,per each,National,retail,,,,,,,,2142.0,3324,Weekly Grocery Store Specialty Crops Feature Activity,2026-09-26T14:36:16+00:00
70b3d6081c93c303,2016-03-18,Lettuce,Red Leaf,each,,,,,Yes,,,,,,,,1.6,$/each,1.6,per each,National,retail,,,,,,,,185.0,3324,Weekly Grocery Store Specialty Crops Feature Activity,2026-09-26T14:36:16+00:00
3161840df2285ac2,2016-03-18,Lettuce,Red Leaf,per lb,,,,,No,,,,,,,,1.2,$/per lb,1.2,per lb,National,retail,,,,,,,,337.0,3324,Weekly Grocery Store Specialty Crops Feature Activity,2026-09-26T14:36:16+00:00
23341955884df07a,2016-03-18,Lettuce,Romaine,each,,,,,Yes,,,,,,,,1.61,$/each,1.61,per each,National,retail,,,,,,,,183.0,3324,Weekly Grocery Store Specialty Crops Feature Activity,2026-09-26T14:36:16+00:00
d07ecd603d925b38,2016-03-18,Lettuce,Romaine,each,,,,,No,,,,,,,,1.12,$/each,1.12,per each,National,retail,,,,,,,,2314.0,3324,Weekly Grocery Store Specialty Crops Feature Activity,2026-09-26T14:36:16+00:00
850b02f1c5b53243,2016-03-18,Lettuce,Romaine,per lb,,,,,No,,,,,,,,1.33,$/per lb,1.33,per lb,National,retail,,,,,,,,129.0,3324,Weekly Grocery Store Specialty Crops Feature Activity,2026-09-26T14:36:16+00:00
f7a7968e330ce408,2016-03-18,Lettuce,Romaine,per lb,,,,,Yes,,,,,,,,1.99,$/per lb,1.99,per lb,National,retail,,,,,,,,11.0,3324,Weekly Grocery Store Specialty Crops Feature Activity,2026-09-26T14:36:16+00:00
4ed19c93b98b95a5,2016-03-18,Lettuce,Romaine (Hearts),3 count,,,,,No,,,,,,,,2.69,$/3 count,,,National,retail,,,,,,,,1816.0,3324,Weekly Grocery Store Specialty Crops Feature Activity,2026-09-26T14:36:16+00:00
995f2945120db695,2016-03-18,Lettuce,Romaine (Hearts),3 count,,,,,Yes,,,,,,,,3.4,$/3 count,,,National,retail,,,,,,,,1898.0,3324,Weekly Grocery Store Specialty Crops Feature Activity,2026-09-26T14:36:16+00:00
0d2deeb8390ff912,2016-03-18,Limes,,each,,,,,No,,,,,,,,0.33,$/each,0.33,per each,National,retail,,,,,,,,989.0,3324,Weekly Grocery Store Specialty Crops Feature Activity,2026-09-26T14:36:16+00:00
b3867b23e6ab221b,2016-03-18,Limes,,per lb,,,,,No,,,,,,,,0.74,$/per lb,0.74,per lb,National,retail,,,,,,,,67.0,3324,Weekly Grocery Store Specialty Crops Feature Activity,2026-09-26T14:36:16+00:00
a16ce86b52ab4275,2016-03-18,"Onions, Dry",RED,2 lb bag,,,,,No,,,,,,,,1.99,$/2 lb bag,0.995,per lb,National,retail,,,,,,,,47.0,3324,Weekly Grocery Store Specialty Crops Feature Activity,2026-09-26T14:36:16+00:00
bb4b5ae8627a1134,2016-03-18,"Onions, Dry",RED,3 lb bag,,,,,Yes,,,,,,,,4.49,$/3 lb bag,1.4967,per lb,National,retail,,,,,,,,6.0,3324,Weekly Grocery Store Specialty Crops Feature Activity,2026-09-26T14:36:16+00:00
2bb968676fb600fb,2016-03-18,"Onions, Dry",RED,per lb,,,,,No,,,,,,,,1.37,$/per lb,1.37,per lb,National,retail,,,,,,,,516.0,3324,Weekly Grocery Store Specialty Crops Feature Activity,2026-09-26T14:36:16+00:00
bf47d9e336f9e786,2016-03-18,"Onions, Dry",WHITE,2 lb bag,,,,,No,,,,,,,,1.17,$/2 lb bag,0.585,per lb,National,retail,,,,,,,,277.0,3324,Weekly Grocery Store Specialty Crops Feature Activity,2026-09-26T14:36:16+00:00
4ccea2ff2e52a0e8,2016-03-18,"Onions, Dry",WHITE,per lb,,,,,Yes,,,,,,,,1.39,$/per lb,1.39,per lb,National,retail,,,,,,,,18.0,3324,Weekly Grocery Store Specialty Crops Feature Activity,2026-09-26T14:36:16+00:00
a2af6efe138d66f4,2016-03-18,"Onions, Dry",WHITE,per lb,,,,,No,,,,,,,,1.18,$/per lb,1.18,per lb,National,retail,,,,,,,,577.0,3324,Weekly Grocery Store Specialty Crops Feature Activity,2026-09-26T14:36:16+00:00
255f1a828e9fec98,2016-03-18,"Onions, Dry",YELLOW,2 lb bag,,,,,No,,,,,,,,1.31,$/2 lb bag,0.655,per lb,National,retail,,,,,,,,794.0,3324,Weekly Grocery Store Specialty Crops Feature Activity,2026-09-26T14:36:16+00:00
96041bc808ea66f7,2016-03-18,"Onions, Dry",YELLOW,3 lb bag,,,,,No,,,,,,,,1.73,$/3 lb bag,0.5767,per lb,National,retail,,,,,,,,2107.0,3324,Weekly Grocery Store Specialty Crops Feature Activity,2026-09-26T14:36:16+00:00
f6bbbc76e26cb56e,2016-03-18,"Onions, Dry",YELLOW,3 lb bag,,,,,Yes,,,,,,,,2.72,$/3 lb bag,0.9067,per lb,National,retail,,,,,,,,597.0,3324,Weekly Grocery Store Specialty Crops Feature Activity,2026-09-26T14:36:16+00:00
2d677339455197f5,2016-03-18,"Onions, Dry",YELLOW,5 lb bag,,,,,No,,,,,,,,2.97,$/5 lb bag,0.594,per lb,National,retail,,,,,,,,266.0,3324,Weekly Grocery Store Specialty Crops Feature Activity,2026-09-26T14:36:16+00:00
71594d0a8c33e1e3,2016-03-18,"Onions, Dry",YELLOW,per lb,,,,,Yes,,,,,,,,1.22,$/per lb,1.22,per lb,National,retail,,,,,,,,300.0,3324,Weekly Grocery Store Specialty Crops Feature Activity,2026-09-26T14:36:16+00:00
7622a3fb70801459,2016-03-18,"Onions, Dry",YELLOW,per lb,,,,,No,,,,,,,,0.88,$/per lb,0.88,per lb,National,retail,,,,,,,,1286.0,3324,Weekly Grocery Store Specialty Crops Feature Activity,2026-09-26T14:36:16+00:00
2af808c2bc8858b5,2016-03-18,"Onions, Dry",YELLOW MARKED SWEET,2 lb bag,,,,,No,,,,,,,,1.88,$/2 lb bag,0.94,per lb,National,retail,,,,,,,,123.0,3324,Weekly Grocery Store Specialty Crops Feature Activity,2026-09-26T14:36:16+00:00
c010836de55cf1ab,2016-03-18,"Onions, Dry",YELLOW MARKED SWEET,2 lb bag,,,,,Yes,,,,,,,,2.99,$/2 lb bag,1.495,per lb,National,retail,,,,,,,,5.0,3324,Weekly Grocery Store Specialty Crops Feature Activity,2026-09-26T14:36:16+00:00
93393e565aaa4409,2016-03-18,"Onions, Dry",YELLOW MARKED SWEET,3 lb bag,,,,,No,,,,,,,,2.29,$/3 lb bag,0.7633,per lb,National,retail,,,,,,,,36.0,3324,Weekly Grocery Store Specialty Crops Feature Activity,2026-09-26T14:36:16+00:00
9b6fff2a0b3a7b39,2016-03-18,"Onions, Dry",YELLOW MARKED SWEET,per lb,,,,,No,,,,,,,,1.16,$/per lb,1.16,per lb,National,retail,,,,,,,,2349.0,3324,Weekly Grocery Store Specialty Crops Feature Activity,2026-09-26T14:36:16+00:00
6b2699843a563e6c,2016-03-18,"Peppers, Bell Type",GREEN,each,,,,,No,,,,,,,,1.28,$/each,1.28,per each,National,retail,,,,,,,,772.0,3324,Weekly Grocery Store Specialty Crops Feature Activity,2026-09-26T14:36:16+00:00
91f30159311ebaf0,2016-03-18,"Peppers, Bell Type",GREEN,each,,,,,Yes,,,,,,,,1.49,$/each,1.49,per each,National,retail,,,,,,,,167.0,3324,Weekly Grocery Store Specialty Crops Feature Activity,2026-09-26T14:36:16+00:00
454bbc9b62986cac,2016-03-18,"Peppers, Bell Type",GREEN,per lb,,,,,No,,,,,,,,1.03,$/per lb,1.03,per lb,National,retail,,,,,,,,243.0,3324,Weekly Grocery Store Specialty Crops Feature Activity,2026-09-26T14:36:16+00:00
6782ce08039fe721,2016-03-18,"Peppers, Bell Type",ORANGE,each,,,,,No,,,,,,,,1.27,$/each,1.27,per each,National,retail,,,,,,,,967.0,3324,Weekly Grocery Store Specialty Crops Feature Activity,2026-09-26T14:36:16+00:00
c20e3d56b6f5284c,2016-03-18,"Peppers, Bell Type",ORANGE,each,,,,,No,,,,,,,,1.27,$/each,1.27,per each,National,retail,,,environment=Greenhouse,,,,,142.0,3324,Weekly Grocery Store Specialty Crops Feature Activity,2026-09-26T14:36:16+00:00
7a77233138ebe319,2016-03-18,"Peppers, Bell Type",ORANGE,per lb,,,,,No,,,,,,,,2.74,$/per lb,2.74,per lb,National,retail,,,,,,,,31.0,3324,Weekly Grocery Store Specialty Crops Feature Activity,2026-09-26T14:36:16+00:00
f2a9595f706602ab,2016-03-18,"Peppers, Bell Type",ORANGE,per lb,,,,,No,,,,,,,,2.74,$/per lb,2.74,per lb,National,retail,,,environment=Greenhouse,,,,,8.0,3324,Weekly Grocery Store Specialty Crops Feature Activity,2026-09-26T14:36:16+00:00
7517befb8bdb5d19,2016-03-18,"Peppers, Bell Type",RED,each,,,,,No,,,,,,,,1.38,$/each,1.38,per each,National,retail,,,environment=Greenhouse,,,,,142.0,3324,Weekly Grocery Store Specialty Crops Feature Activity,2026-09-26T14:36:16+00:00
a01e3b67054ffc66,2016-03-18,"Peppers, Bell Type",RED,each,,,,,No,,,,,,,,1.38,$/each,1.38,per each,National,retail,,,,,,,,1699.0,3324,Weekly Grocery Store Specialty Crops Feature Activity,2026-09-26T14:36:16+00:00
b4443e292d186b56,2016-03-18,"Peppers, Bell Type",RED,each,,,,,Yes,,,,,,,,2.0,$/each,2.0,per each,National,retail,,,environment=Greenhouse,,,,,18.0,3324,Weekly Grocery Store Specialty Crops Feature Activity,2026-09-26T14:36:16+00:00
326f830e0b25916f,2016-03-18,"Peppers, Bell Type",RED,per lb,,,,,No,,,,,,,,2.21,$/per lb,2.21,per lb,National,retail,,,environment=Greenhouse,,,,,8.0,3324,Weekly Grocery Store Specialty Crops Feature Activity,2026-09-26T14:36:16+00:00
abcc527bb3ef33b2,2016-03-18,"Peppers, Bell Type",RED,per lb,,,,,Yes,,,,,,,,3.99,$/per lb,3.99,per lb,National,retail,,,,,,,,10.0,3324,Weekly Grocery Store Specialty Crops Feature Activity,2026-09-26T14:36:16+00:00
e901b4d548306528,2016-03-18,"Peppers, Bell Type",RED,per lb,,,,,No,,,,,,,,2.21,$/per lb,2.21,per lb,National,retail,,,,,,,,1495.0,3324,Weekly Grocery Store Specialty Crops Feature Activity,2026-09-26T14:36:16+00:00
7897e0da6664d86f,2016-03-18,"Peppers, Bell Type",YELLOW,each,,,,,No,,,,,,,,1.27,$/each,1.27,per each,National,retail,,,,,,,,1045.0,3324,Weekly Grocery Store Specialty Crops Feature Activity,2026-09-26T14:36:16+00:00
ccb6a8ec32f36e5a,2016-03-18,"Peppers, Bell Type",YELLOW,each,,,,,No,,,,,,,,1.27,$/each,1.27,per each,National,retail,,,environment=Greenhouse,,,,,142.0,3324,Weekly Grocery Store Specialty Crops Feature Activity,2026-09-26T14:36:16+00:00
79365e1f4debae9f,2016-03-18,"Peppers, Bell Type",YELLOW,per lb,,,,,No,,,,,,,,3.2,$/per lb,3.2,per lb,National,retail,,,,,,,,31.0,3324,Weekly Grocery Store Specialty Crops Feature Activity,2026-09-26T14:36:16+00:00
a3c6b6661b52d566,2016-03-18,"Peppers, Bell Type",YELLOW,per lb,,,,,No,,,,,,,,3.2,$/per lb,3.2,per lb,National,retail,,,environment=Greenhouse,,,,,8.0,3324,Weekly Grocery Store Specialty Crops Feature Activity,2026-09-26T14:36:16+00:00
2a007e30ff3aa8ad,2016-03-18,Potatoes,ROUND RED,10 lb bag,,,,,No,,,,,,,,2.17,$/10 lb bag,0.217,per lb,National,retail,,,,,,,,2.0,3324,Weekly Grocery Store Specialty Crops Feature Activity,2026-09-26T14:36:16+00:00
14c2fd5c20d2189f,2016-03-18,Potatoes,ROUND RED,3 lb bag,,,,,Yes,,,,,,,,4.18,$/3 lb bag,1.3933,per lb,National,retail,,,,,,,,670.0,3324,Weekly Grocery Store Specialty Crops Feature Activity,2026-09-26T14:36:16+00:00
a8d722261d08d45f,2016-03-18,Potatoes,ROUND RED,3 lb bag,,,,,No,,,,,,,,2.66,$/3 lb bag,0.8867,per lb,National,retail,,,,,,,,415.0,3324,Weekly Grocery Store Specialty Crops Feature Activity,2026-09-26T14:36:16+00:00
0cdd2de05adbfb5e,2016-03-18,Potatoes,ROUND RED,5 lb bag,,,,,Yes,,,,,,,,4.48,$/5 lb bag,0.896,per lb,National,retail,,,,,,,,2.0,3324,Weekly Grocery Store Specialty Crops Feature Activity,2026-09-26T14:36:16+00:00
e93f6ae1bc5a949f,2016-03-18,Potatoes,ROUND RED,5 lb bag,,,,,No,,,,,,,,2.5,$/5 lb bag,0.5,per lb,National,retail,,,,,,,,5409.0,3324,Weekly Grocery Store Specialty Crops Feature Activity,2026-09-26T14:36:16+00:00
3bd04d3e7770a8cb,2016-03-18,Potatoes,ROUND RED,per lb,,,,,Yes,,,,,,,,0.98,$/per lb,0.98,per lb,National,retail,,,,,,,,5.0,3324,Weekly Grocery Store Specialty Crops Feature Activity,2026-09-26T14:36:16+00:00
a1de2e5811e6adc6,2016-03-18,Potatoes,ROUND RED,per lb,,,,,No,,,,,,,,0.71,$/per lb,0.71,per lb,National,retail,,,,,,,,1821.0,3324,Weekly Grocery Store Specialty Crops Feature Activity,2026-09-26T14:36:16+00:00
86dfc7893576cf22,2016-03-18,Potatoes,ROUND WHITE,3 lb bag,,,,,No,,,,,,,,2.5,$/3 lb bag,0.8333,per lb,National,retail,,,,,,,,20.0,3324,Weekly Grocery Store Specialty Crops Feature Activity,2026-09-26T14:36:16+00:00
165773ca12383df3,2016-03-18,Potatoes,ROUND WHITE,5 lb bag,,,,,No,,,,,,,,2.09,$/5 lb bag,0.418,per lb,National,retail,,,,,,,,855.0,3324,Weekly Grocery Store Specialty Crops Feature Activity,2026-09-26T14:36:16+00:00
47bfbe806bdcbeb6,2016-03-18,Potatoes,ROUND WHITE,per lb,,,,,No,,,,,,,,0.99,$/per lb,0.99,per lb,National,retail,,,,,,,,152.0,3324,Weekly Grocery Store Specialty Crops Feature Activity,2026-09-26T14:36:16+00:00
5c4cb04665bb6c28,2016-03-18,Potatoes,RUSSET,10 lb bag,,,,,No,,,,,,,,3.33,$/10 lb bag,0.333,per lb,National,retail,,,,,,,,1743.0,3324,Weekly Grocery Store Specialty Crops Feature Activity,2026-09-26T14:36:16+00:00
3f94167e6a5ffc7d,2016-03-18,Potatoes,RUSSET,3 lb bag,,,,,No,,,,,,,,1.99,$/3 lb bag,0.6633,per lb,National,retail,,,,,,,,98.0,3324,Weekly Grocery Store Specialty Crops Feature Activity,2026-09-26T14:36:16+00:00
80bde8c26a440526,2016-03-18,Potatoes,RUSSET,3 lb bag,,,,,Yes,,,,,,,,2.83,$/3 lb bag,0.9433,per lb,National,retail,,,,,,,,2006.0,3324,Weekly Grocery Store Specialty Crops Feature Activity,2026-09-26T14:36:16+00:00
d85c27bce5472307,2016-03-18,Potatoes,RUSSET,5 lb bag,,,,,Yes,,,,,,,,2.68,$/5 lb bag,0.536,per lb,National,retail,,,,,,,,175.0,3324,Weekly Grocery Store Specialty Crops Feature Activity,2026-09-26T14:36:16+00:00
e5092d2bbf66c450,2016-03-18,Potatoes,RUSSET,5 lb bag,,,,,No,,,,,,,,1.82,$/5 lb bag,0.364,per lb,National,retail,,,,,,,,2450.0,3324,Weekly Grocery Store Specialty Crops Feature Activity,2026-09-26T14:36:16+00:00
d81738d506764f10,2016-03-18,Potatoes,RUSSET,8 lb bag,,,,,No,,,,,,,,2.07,$/8 lb bag,0.2587,per lb,National,retail,,,,,,,,1599.0,3324,Weekly Grocery Store Specialty Crops Feature Activity,2026-09-26T14:36:16+00:00
773121ed6dec2d95,2016-03-18,Potatoes,RUSSET,per lb,,,,,No,,,,,,,,0.71,$/per lb,0.71,per lb,National,retail,,,,,,,,1354.0,3324,Weekly Grocery Store Specialty Crops Feature Activity,2026-09-26T14:36:16+00:00
cc75fceee50115ee,2016-03-18,Potatoes,RUSSET,per lb,,,,,Yes,,,,,,,,0.99,$/per lb,0.99,per lb,National,retail,,,,,,,,8.0,3324,Weekly Grocery Store Specialty Crops Feature Activity,2026-09-26T14:36:16+00:00
e17534570ec74aea,2016-03-18,Potatoes,YELLOW TYPE,3 lb bag,,,,,No,,,,,,,,0.95,$/3 lb bag,0.3167,per lb,National,retail,,,,,,,,13.0,3324,Weekly Grocery Store Specialty Crops Feature Activity,2026-09-26T14:36:16+00:00
f3c818a71039720e,2016-03-18,Potatoes,YELLOW TYPE,3 lb bag,,,,,Yes,,,,,,,,3.62,$/3 lb bag,1.2067,per lb,National,retail,,,,,,,,491.0,3324,Weekly Grocery Store Specialty Crops Feature Activity,2026-09-26T14:36:16+00:00
835205ff6497c49f,2016-03-18,Potatoes,YELLOW TYPE,5 lb bag,,,,,No,,,,,,,,3.07,$/5 lb bag,0.614,per lb,National,retail,,,,,,,,2505.0,3324,Weekly Grocery Store Specialty Crops Feature Activity,2026-09-26T14:36:16+00:00
c4d375e07853c948,2016-03-18,Potatoes,YELLOW TYPE,5 lb bag,,,,,Yes,,,,,,,,3.99,$/5 lb bag,0.798,per lb,National,retail,,,,,,,,11.0,3324,Weekly Grocery Store Specialty Crops Feature Activity,2026-09-26T14:36:16+00:00
eccb85cd3b2f5e85,2016-03-18,Potatoes,YELLOW TYPE,per lb,,,,,No,,,,,,,,0.82,$/per lb,0.82,per lb,National,retail,,,,,,,,589.0,3324,Weekly Grocery Store Specialty Crops Feature Activity,2026-09-26T14:36:16+00:00
f4cdffd14ade16d1,2016-03-18,Potatoes,YELLOW TYPE,per lb,,,,,Yes,,,,,,,,0.99,$/per lb,0.99,per lb,National,retail,,,,,,,,18.0,3324,Weekly Grocery Store Specialty Crops Feature Activity,2026-09-26T14:36:16+00:00
00871bf3901c4014,2016-03-18,Strawberries,,1 lb package,,,,,No,,,,,,,,2.23,$/1 lb package,2.23,per lb,National,retail,,,,,,,,8466.0,3324,Weekly Grocery Store Specialty Crops Feature Activity,2026-09-26T14:36:16+00:00
31c86449f99f1a68,2016-03-18,Strawberries,,1 lb package,,,,,Yes,,,,,,,,3.62,$/1 lb package,3.62,per lb,National,retail,,,,,,,,3437.0,3324,Weekly Grocery Store Specialty Crops Feature Activity,2026-09-26T14:36:16+00:00
514fbeedb927082d,2016-03-18,Strawberries,,2 lb package,,,,,No,,,,,,,,4.03,$/2 lb package,2.015,per lb,National,retail,,,,,,,,456.0,3324,Weekly Grocery Store Specialty Crops Feature Activity,2026-09-26T14:36:16+00:00
cdf9926e53f8c843,2016-03-18,Tomatoes,,per lb,,,,,No,,,,,,,,1.16,$/per lb,1.16,per lb,National,retail,,,,,,,,976.0,3324,Weekly Grocery Store Specialty Crops Feature Activity,2026-09-26T14:36:16+00:00
ff7afacc3fe2a029,2016-03-18,Tomatoes,,per lb,,,,,Yes,,,,,,,,2.24,$/per lb,2.24,per lb,National,retail,,,,,,,,574.0,3324,Weekly Grocery Store Specialty Crops Feature Activity,2026-09-26T14:36:16+00:00
56bdf36eec734c0f,2016-03-18,Tomatoes,GRAPE TYPE,1 pint package,,,,,Yes,,,,,,,,3.07,$/1 pint package,,,National,retail,,,,,,,,1556.0,3324,Weekly Grocery Store Specialty Crops Feature Activity,2026-09-26T14:36:16+00:00
fb9701bcd407df9b,2016-03-18,Tomatoes,GRAPE TYPE,1 pint package,,,,,No,,,,,,,,2.16,$/1 pint package,,,National,retail,,,,,,,,4067.0,3324,Weekly Grocery Store Specialty Crops Feature Activity,2026-09-26T14:36:16+00:00
c4ee95417041a250,2016-03-18,Tomatoes,GRAPE TYPE,10 oz package,,,,,Yes,,,,,,,,3.01,$/10 oz package,4.816,per lb,National,retail,,,,,,,,555.0,3324,Weekly Grocery Store Specialty Crops Feature Activity,2026-09-26T14:36:16+00:00
e22875ef2f17b62a,2016-03-18,Tomatoes,GRAPE TYPE,10 oz package,,,,,No,,,,,,,,2.2,$/10 oz package,3.52,per lb,National,retail,,,,,,,,517.0,3324,Weekly Grocery Store Specialty Crops Feature Activity,2026-09-26T14:36:16+00:00
2af80bfb87bd0687,2016-03-18,Tomatoes,Plum Type (Roma),per lb,,,,,No,,,,,,,,1.14,$/per lb,1.14,per lb,National,retail,,,,,,,,2829.0,3324,Weekly Grocery Store Specialty Crops Feature Activity,2026-09-26T14:36:16+00:00
a4d6f167a00c6e98,2016-03-18,Tomatoes,Plum Type (Roma),per lb,,,,,Yes,,,,,,,,1.2,$/per lb,1.2,per lb,National,retail,,,,,,,,51.0,3324,Weekly Grocery Store Specialty Crops Feature Activity,2026-09-26T14:36:16+00:00
3ebc0705a983fae9,2016-03-18,Tomatoes,VINE RIPES,per lb,,,,,Yes,,,,,,,,2.44,$/per lb,2.44,per lb,National,retail,,,environment=Greenhouse,,,,,262.0,3324,Weekly Grocery Store Specialty Crops Feature Activity,2026-09-26T14:36:16+00:00
47b09ad3cfee4d38,2016-03-18,Tomatoes,VINE RIPES,per lb,,,,,No,,,,,,,,1.78,$/per lb,1.78,per lb,National,retail,,,,,,,,636.0,3324,Weekly Grocery Store Specialty Crops Feature Activity,2026-09-26T14:36:16+00:00
69243b4588d56180,2016-03-18,Tomatoes,VINE RIPES,per lb,,,,,No,,,,,,,,1.78,$/per lb,1.78,per lb,National,retail,,,environment=Greenhouse,,,,,1058.0,3324,Weekly Grocery Store Specialty Crops Feature Activity,2026-09-26T14:36:16+00:00
fb5a33989e12d968,2016-03-18,Tomatoes,VINE RIPES,per lb,,,,,Yes,,,,,,,,2.44,$/per lb,2.44,per lb,National,retail,,,,,,,,219.0,3324,Weekly Grocery Store Specialty Crops Feature Activity,2026-09-26T14:36:16+00:00
f1c49dc222854513,2016-03-18,Tomatoes,VINE RIPES - ON THE VINE,per lb,,,,,No,,,,,,,,1.8,$/per lb,1.8,per lb,National,retail,,,environment=Greenhouse,,,,,5782.0,3324,Weekly Grocery Store Specialty Crops Feature Activity,2026-09-26T14:36:16+00:00
fcf3978174866ca6,2016-03-18,Tomatoes,VINE RIPES - ON THE VINE,per lb,,,,,Yes,,,,,,,,2.35,$/per lb,2.35,per lb,National,retail,,,environment=Greenhouse,,,,,518.0,3324,Weekly Grocery Store Specialty Crops Feature Activity,2026-09-26T14:36:16+00:00
9dfcc1d8cde254a7,2016-03-18,Tomatoes,Vine Ripes - Heirloom Varieties,per lb,,,,,Yes,,,,,,,,3.71,$/per lb,3.71,per lb,National,retail,,,,,,,,18.0,3324,Weekly Grocery Store Specialty Crops Feature Activity,2026-09-26T14:36:16+00:00
1934ac51fe5f022b,2016-03-18,Avocados,HASS,each,,,,,No,,,,,,,,1.2,$/each,1.2,per each,Northeast,retail,,,,,,,,1724.0,3324,Weekly Grocery Store Specialty Crops Feature Activity,2026-09-26T14:36:16+00:00
6cbc275cb1945aaf,2016-03-18,Avocados,HASS,each,,,,,Yes,,,,,,,,1.76,$/each,1.76,per each,Northeast,retail,,,,,,,,355.0,3324,Weekly Grocery Store Specialty Crops Feature Activity,2026-09-26T14:36:16+00:00
57bcd0bdeea8e456,2016-03-18,Avocados,VARIOUS GREENSKIN VARIETIES,each,,,,,No,,,,,,,,1.25,$/each,1.25,per each,Northeast,retail,,,,,,,,167.0,3324,Weekly Grocery Store Specialty Crops Feature Activity,2026-09-26T14:36:16+00:00
41a7ff1cdc6d7a96,2016-03-18,Bananas,,per lb,,,,,Yes,,,,,,,,0.82,$/per lb,0.82,per lb,Northeast,retail,,,,,,,,356.0,3324,Weekly Grocery Store Specialty Crops Feature Activity,2026-09-26T14:36:16+00:00
7dff0de7416a2b46,2016-03-18,Bananas,,per lb,,,,,No,,,,,,,,0.42,$/per lb,0.42,per lb,Northeast,retail,,,,,,,,511.0,3324,Weekly Grocery Store Specialty Crops Feature Activity,2026-09-26T14:36:16+00:00
3cfba88d362cecbc,2016-03-18,Blueberries,,1 pint package,,,,,No,,,,,,,,3.57,$/1 pint package,,,Northeast,retail,,,,,,,,410.0,3324,Weekly Grocery Store Specialty Crops Feature Activity,2026-09-26T14:36:16+00:00
c45cb27d321c811f,2016-03-18,Blueberries,,4.4 oz package,,,,,Yes,,,,,,,,3.01,$/4.4 oz package,10.9455,per lb,Northeast,retail,,,,,,,,467.0,3324,Weekly Grocery Store Specialty Crops Feature Activity,2026-09-26T14:36:16+00:00
0bc25ad3c4150990,2016-03-18,Blueberries,,6 oz package,,,,,Yes,,,,,,,,3.99,$/6 oz package,10.64,per lb,Northeast,retail,,,,,,,,16.0,3324,Weekly Grocery Store Specialty Crops Feature Activity,2026-09-26T14:36:16+00:00
33c89481c85a004f,2016-03-18,Blueberries,,6 oz package,,,,,No,,,,,,,,3.09,$/6 oz package,8.24,per lb,Northeast,retail,,,,,,,,169.0,3324,Weekly Grocery Store Specialty Crops Feature Activity,2026-09-26T14:36:16+00:00
00ff1aed3007efc8,2016-03-18,Broccoli,,per bunch,,,,,Yes,,,,,,,,2.76,$/per bunch,,,Northeast,retail,,,,,,,,322.0,3324,Weekly Grocery Store Specialty Crops Feature Activity,2026-09-26T14:36:16+00:00
431c16351603119b,2016-03-18,Broccoli,,per bunch,,,,,No,,,,,,,,1.54,$/per bunch,,,Northeast,retail,,,,,,,,557.0,3324,Weekly Grocery Store Specialty Crops Feature Activity,2026-09-26T14:36:16+00:00
99124ecd47b76d58,2016-03-18,Broccoli,,per lb,,,,,No,,,,,,,,1.69,$/per lb,1.69,per lb,Northeast,retail,,,,,,,,396.0,3324,Weekly Grocery Store Specialty Crops Feature Activity,2026-09-26T14:36:16+00:00
9cfe858fa0557c33,2016-03-18,Broccoli,,per lb,,,,,Yes,,,,,,,,2.99,$/per lb,2.99,per lb,Northeast,retail,,,,,,,,20.0,3324,Weekly Grocery Store Specialty Crops Feature Activity,2026-09-26T14:36:16+00:00
52ef193eaead0343,2016-03-18,Broccoli,BABY HYBRID TYPE,per bunch,,,,,Yes,,,,,,,,3.99,$/per bunch,,,Northeast,retail,,,,,,,,8.0,3324,Weekly Grocery Store Specialty Crops Feature Activity,2026-09-26T14:36:16+00:00
2d87a76b90a2a043,2016-03-18,Broccoli,CROWN CUT,per lb,,,,,No,,,,,,,,1.67,$/per lb,1.67,per lb,Northeast,retail,,,,,,,,1733.0,3324,Weekly Grocery Store Specialty Crops Feature Activity,2026-09-26T14:36:16+00:00
feeadfb9dcf83e92,2016-03-18,Broccoli,CROWN CUT,per lb,,,,,Yes,,,,,,,,2.99,$/per lb,2.99,per lb,Northeast,retail,,,,,,,,84.0,3324,Weekly Grocery Store Specialty Crops Feature Activity,2026-09-26T14:36:16+00:00
7ced04dbec673f84,2016-03-18,Carrots,,1 lb bag,,,,,No,,,,,,,,0.67,$/1 lb bag,0.67,per lb,Northeast,retail,,,,,,,,194.0,3324,Weekly Grocery Store Specialty Crops Feature Activity,2026-09-26T14:36:16+00:00
827d69068639ddff,2016-03-18,Carrots,,1 lb bag,,,,,Yes,,,,,,,,1.5,$/1 lb bag,1.5,per lb,Northeast,retail,,,,,,,,6.0,3324,Weekly Grocery Store Specialty Crops Feature Activity,2026-09-26T14:36:16+00:00
762b58f0604bc79e,2016-03-18,Carrots,,2 lb bag,,,,,Yes,,,,,,,,2.15,$/2 lb bag,1.075,per lb,Northeast,retail,,,,,,,,235.0,3324,Weekly Grocery Store Specialty Crops Feature Activity,2026-09-26T14:36:16+00:00
81c20d802f707ef1,2016-03-18,Carrots,,2 lb bag,,,,,No,,,,,,,,1.18,$/2 lb bag,0.59,per lb,Northeast,retail,,,,,,,,115.0,3324,Weekly Grocery Store Specialty Crops Feature Activity,2026-09-26T14:36:16+00:00
4354c7aec7e681b5,2016-03-18,Carrots,,per bunch,,,,,No,,,,,,,,2.0,$/per bunch,,,Northeast,retail,,,,,,,,82.0,3324,Weekly Grocery Store Specialty Crops Feature Activity,2026-09-26T14:36:16+00:00
fba1aaa680b99fcc,2016-03-18,Carrots,,per bunch,,,,,Yes,,,,,,,,2.28,$/per bunch,,,Northeast,retail,,,,,,,,34.0,3324,Weekly Grocery Store Specialty Crops Feature Activity,2026-09-26T14:36:16+00:00
9245bed272d33c7b,2016-03-18,Carrots,BABY PEELED,1 lb bag,,,,,Yes,,,,,,,,1.97,$/1 lb bag,1.97,per lb,Northeast,retail,,,,,,,,367.0,3324,Weekly Grocery Store Specialty Crops Feature Activity,2026-09-26T14:36:16+00:00
e75bd08472c1a096,2016-03-18,Carrots,BABY PEELED,1 lb bag,,,,,No,,,,,,,,1.36,$/1 lb bag,1.36,per lb,Northeast,retail,,,,,,,,1035.0,3324,Weekly Grocery Store Specialty Crops Feature Activity,2026-09-26T14:36:16+00:00
53ca021316a9fb4b,2016-03-18,Carrots,BABY PEELED,2 lb bag,,,,,No,,,,,,,,2.28,$/2 lb bag,1.14,per lb,Northeast,retail,,,,,,,,1131.0,3324,Weekly Grocery Store Specialty Crops Feature Activity,2026-09-26T14:36:16+00:00
1d8ad932fa1d2b08,2016-03-18,Celery,,each,,,,,No,,,,,,,,1.45,$/each,1.45,per each,Northeast,retail,,,,,,,,1084.0,3324,Weekly Grocery Store Specialty Crops Feature Activity,2026-09-26T14:36:16+00:00
ce9e94ee5a2204e2,2016-03-18,Celery,,each,,,,,Yes,,,,,,,,1.97,$/each,1.97,per each,Northeast,retail,,,,,,,,64.0,3324,Weekly Grocery Store Specialty Crops Feature Activity,2026-09-26T14:36:16+00:00
312343c0cc9b0319,2016-03-18,Celery,HEARTS,each,,,,,No,,,,,,,,2.19,$/each,2.19,per each,Northeast,retail,,,,,,,,885.0,3324,Weekly Grocery Store Specialty Crops Feature Activity,2026-09-26T14:36:16+00:00
59f8c2fe89c0ae2d,2016-03-18,Celery,HEARTS,each,,,,,Yes,,,,,,,,3.89,$/each,3.89,per each,Northeast,retail,,,,,,,,161.0,3324,Weekly Grocery Store Specialty Crops Feature Activity,2026-09-26T14:36:16+00:00
7a0f9b17a72c7526,2016-03-18,Celery,HEARTS,per lb,,,,,Yes,,,,,,,,3.98,$/per lb,3.98,per lb,Northeast,retail,,,,,,,,45.0,3324,Weekly Grocery Store Specialty Crops Feature Activity,2026-09-26T14:36:16+00:00
bf029a97f16900e0,2016-03-18,Cucumbers,,each,,,,,No,,,,,,,,0.78,$/each,0.78,per each,Northeast,retail,,,,,,,,725.0,3324,Weekly Grocery Store Specialty Crops Feature Activity,2026-09-26T14:36:16+00:00
972aebae34ddc49c,2016-03-18,Cucumbers,LONG SEEDLESS,each,,,,,No,,,,,,,,1.71,$/each,1.71,per each,Northeast,retail,,,environment=Greenhouse,,,,,432.0,3324,Weekly Grocery Store Specialty Crops Feature Activity,2026-09-26T14:36:16+00:00
4e8c449b9026fdfb,2016-03-18,Cucumbers,LONG SEEDLESS,per lb,,,,,No,,,,,,,,1.69,$/per lb,1.69,per lb,Northeast,retail,,,environment=Greenhouse,,,,,4.0,3324,Weekly Grocery Store Specialty Crops Feature Activity,2026-09-26T14:36:16+00:00
2dd6e864bf22910f,2016-03-18,Grapes,BLACK SEEDLESS,per lb,,,,,No,,,,,,,,2.84,$/per lb,2.84,per lb,Northeast,retail,,,,,,,,305.0,3324,Weekly Grocery Store Specialty Crops Feature Activity,2026-09-26T14:36:16+00:00
906d78a4b986c52c,2016-03-18,Grapes,RED SEEDLESS,per lb,,,,,No,,,,,,,,2.18,$/per lb,2.18,per lb,Northeast,retail,,,,,,,,1091.0,3324,Weekly Grocery Store Specialty Crops Feature Activity,2026-09-26T14:36:16+00:00
1a6ddf0d71f935cd,2016-03-18,Grapes,Red Globe Seeded Type,per lb,,,,,No,,,,,,,,2.69,$/per lb,2.69,per lb,Northeast,retail,,,,,,,,1446.0,3324,Weekly Grocery Store Specialty Crops Feature Activity,2026-09-26T14:36:16+00:00
ae292a0ca0533cd5,2016-03-18,Grapes,WHITE SEEDLESS TYPE,per lb,,,,,No,,,,,,,,2.58,$/per lb,2.58,per lb,Northeast,retail,,,,,,,,2439.0,3324,Weekly Grocery Store Specialty Crops Feature Activity,2026-09-26T14:36:16+00:00
5d5f118e42c5d083,2016-03-18,Lemons,,2 lb bag,,,,,No,,,,,,,,3.09,$/2 lb bag,1.545,per lb,Northeast,retail,,,,,,,,230.0,3324,Weekly Grocery Store Specialty Crops Feature Activity,2026-09-26T14:36:16+00:00
ab84dc8ebfa67efe,2016-03-18,Lemons,,2 lb bag,,,,,Yes,,,,,,,,3.99,$/2 lb bag,1.995,per lb,Northeast,retail,,,,,,,,55.0,3324,Weekly Grocery Store Specialty Crops Feature Activity,2026-09-26T14:36:16+00:00
366c69a034e7a919,2016-03-18,Lemons,,each,,,,,Yes,,,,,,,,0.98,$/each,0.98,per each,Northeast,retail,,,,,,,,211.0,3324,Weekly Grocery Store Specialty Crops Feature Activity,2026-09-26T14:36:16+00:00
92ecee1e3e3b2466,2016-03-18,Lemons,,each,,,,,No,,,,,,,,0.62,$/each,0.62,per each,Northeast,retail,,,,,,,,517.0,3324,Weekly Grocery Store Specialty Crops Feature Activity,2026-09-26T14:36:16+00:00
6e7124ece4b8ea23,2016-03-18,Lemons,,per lb,,,,,No,,,,,,,,2.03,$/per lb,2.03,per lb,Northeast,retail,,,,,,,,123.0,3324,Weekly Grocery Store Specialty Crops Feature Activity,2026-09-26T14:36:16+00:00
dadc5fd39a11b909,2016-03-18,Lettuce,Boston,each,,,,,No,,,,,,,,1.99,$/each,1.99,per each,Northeast,retail,,,,,,,,227.0,3324,Weekly Grocery Store Specialty Crops Feature Activity,2026-09-26T14:36:16+00:00
7ed51026a661fe57,2016-03-18,Lettuce,Boston,per lb,,,,,No,,,,,,,,1.29,$/per lb,1.29,per lb,Northeast,retail,,,,,,,,8.0,3324,Weekly Grocery Store Specialty Crops Feature Activity,2026-09-26T14:36:16+00:00
c0b1283d40010bb3,2016-03-18,Lettuce,Green Leaf,each,,,,,Yes,,,,,,,,1.95,$/each,1.95,per each,Northeast,retail,,,,,,,,55.0,3324,Weekly Grocery Store Specialty Crops Feature Activity,2026-09-26T14:36:16+00:00
e0ee47a4ed4e2726,2016-03-18,Lettuce,Green Leaf,each,,,,,No,,,,,,,,1.45,$/each,1.45,per each,Northeast,retail,,,,,,,,143.0,3324,Weekly Grocery Store Specialty Crops Feature Activity,2026-09-26T14:36:16+00:00
ed8effe710424f6d,2016-03-18,Lettuce,Green Leaf,per lb,,,,,No,,,,,,,,1.31,$/per lb,1.31,per lb,Northeast,retail,,,,,,,,60.0,3324,Weekly Grocery Store Specialty Crops Feature Activity,2026-09-26T14:36:16+00:00
27c2c3293a1c2877,2016-03-18,Lettuce,Iceberg,each,,,,,No,,,,,,,,1.27,$/each,1.27,per each,Northeast,retail,,,,,,,,514.0,3324,Weekly Grocery Store Specialty Crops Feature Activity,2026-09-26T14:36:16+00:00
51eaee52665b3c68,2016-03-18,Lettuce,Iceberg,per lb,,,,,No,,,,,,,,0.97,$/per lb,0.97,per lb,Northeast,retail,,,,,,,,17.0,3324,Weekly Grocery Store Specialty Crops Feature Activity,2026-09-26T14:36:16+00:00
a2817c9e2936b21b,2016-03-18,Lettuce,Red Leaf,each,,,,,No,,,,,,,,1.45,$/each,1.45,per each,Northeast,retail,,,,,,,,143.0,3324,Weekly Grocery Store Specialty Crops Feature Activity,2026-09-26T14:36:16+00:00
f1b983c7069d56ff,2016-03-18,Lettuce,Red Leaf,each,,,,,Yes,,,,,,,,1.94,$/each,1.94,per each,Northeast,retail,,,,,,,,49.0,3324,Weekly Grocery Store Specialty Crops Feature Activity,2026-09-26T14:36:16+00:00
93a4cd222df33687,2016-03-18,Lettuce,Red Leaf,per lb,,,,,No,,,,,,,,1.31,$/per lb,1.31,per lb,Northeast,retail,,,,,,,,60.0,3324,Weekly Grocery Store Specialty Crops Feature Activity,2026-09-26T14:36:16+00:00
7c41e5ee110dd10d,2016-03-18,Lettuce,Romaine,each,,,,,No,,,,,,,,1.43,$/each,1.43,per each,Northeast,retail,,,,,,,,163.0,3324,Weekly Grocery Store Specialty Crops Feature Activity,2026-09-26T14:36:16+00:00
ae0d6a39727240cc,2016-03-18,Lettuce,Romaine,each,,,,,Yes,,,,,,,,1.94,$/each,1.94,per each,Northeast,retail,,,,,,,,49.0,3324,Weekly Grocery Store Specialty Crops Feature Activity,2026-09-26T14:36:16+00:00
f372e051d9059190,2016-03-18,Lettuce,Romaine,per lb,,,,,No,,,,,,,,1.57,$/per lb,1.57,per lb,Northeast,retail,,,,,,,,73.0,3324,Weekly Grocery Store Specialty Crops Feature Activity,2026-09-26T14:36:16+00:00
a846c5c5b29b2d64,2016-03-18,Lettuce,Romaine (Hearts),3 count,,,,,No,,,,,,,,2.72,$/3 count,,,Northeast,retail,,,,,,,,753.0,3324,Weekly Grocery Store Specialty Crops Feature Activity,2026-09-26T14:36:16+00:00
ad58d7d48b850f2a,2016-03-18,Lettuce,Romaine (Hearts),3 count,,,,,Yes,,,,,,,,3.74,$/3 count,,,Northeast,retail,,,,,,,,1080.0,3324,Weekly Grocery Store Specialty Crops Feature Activity,2026-09-26T14:36:16+00:00
42b07e87a8c249ab,2016-03-18,Limes,,each,,,,,No,,,,,,,,0.41,$/each,0.41,per each,Northeast,retail,,,,,,,,279.0,3324,Weekly Grocery Store Specialty Crops Feature Activity,2026-09-26T14:36:16+00:00
301110ee9e8ab9c2,2016-03-18,"Onions, Dry",RED,2 lb bag,,,,,No,,,,,,,,1.99,$/2 lb bag,0.995,per lb,Northeast,retail,,,,,,,,47.0,3324,Weekly Grocery Store Specialty Crops Feature Activity,2026-09-26T14:36:16+00:00
cfabfa15146bc76a,2016-03-18,"Onions, Dry",RED,3 lb bag,,,,,Yes,,,,,,,,4.49,$/3 lb bag,1.4967,per lb,Northeast,retail,,,,,,,,6.0,3324,Weekly Grocery Store Specialty Crops Feature Activity,2026-09-26T14:36:16+00:00
791970e5d1a9a97f,2016-03-18,"Onions, Dry",RED,per lb,,,,,No,,,,,,,,1.44,$/per lb,1.44,per lb,Northeast,retail,,,,,,,,387.0,3324,Weekly Grocery Store Specialty Crops Feature Activity,2026-09-26T14:36:16+00:00
cf508bfd195d767b,2016-03-18,"Onions, Dry",WHITE,2 lb bag,,,,,No,,,,,,,,1.74,$/2 lb bag,0.87,per lb,Northeast,retail,,,,,,,,63.0,3324,Weekly Grocery Store Specialty Crops Feature Activity,2026-09-26T14:36:16+00:00
aa605461be401544,2016-03-18,"Onions, Dry",WHITE,per lb,,,,,No,,,,,,,,1.69,$/per lb,1.69,per lb,Northeast,retail,,,,,,,,161.0,3324,Weekly Grocery Store Specialty Crops Feature Activity,2026-09-26T14:36:16+00:00
7cc1ab700e79e917,2016-03-18,"Onions, Dry",YELLOW,2 lb bag,,,,,No,,,,,,,,1.37,$/2 lb bag,0.685,per lb,Northeast,retail,,,,,,,,646.0,3324,Weekly Grocery Store Specialty Crops Feature Activity,2026-09-26T14:36:16+00:00
0858ad4994484844,2016-03-18,"Onions, Dry",YELLOW,3 lb bag,,,,,Yes,,,,,,,,3.04,$/3 lb bag,1.0133,per lb,Northeast,retail,,,,,,,,165.0,3324,Weekly Grocery Store Specialty Crops Feature Activity,2026-09-26T14:36:16+00:00
b2b47e8e80ef3a02,2016-03-18,"Onions, Dry",YELLOW,3 lb bag,,,,,No,,,,,,,,1.89,$/3 lb bag,0.63,per lb,Northeast,retail,,,,,,,,843.0,3324,Weekly Grocery Store Specialty Crops Feature Activity,2026-09-26T14:36:16+00:00
0eec77aa0416e9ca,2016-03-18,"Onions, Dry",YELLOW,5 lb bag,,,,,No,,,,,,,,3.06,$/5 lb bag,0.612,per lb,Northeast,retail,,,,,,,,196.0,3324,Weekly Grocery Store Specialty Crops Feature Activity,2026-09-26T14:36:16+00:00
87d4e37711abf55e,2016-03-18,"Onions, Dry",YELLOW,per lb,,,,,Yes,,,,,,,,1.29,$/per lb,1.29,per lb,Northeast,retail,,,,,,,,16.0,3324,Weekly Grocery Store Specialty Crops Feature Activity,2026-09-26T14:36:16+00:00
ccc9dc90f3e5a4ff,2016-03-18,"Onions, Dry",YELLOW,per lb,,,,,No,,,,,,,,1.66,$/per lb,1.66,per lb,Northeast,retail,,,,,,,,169.0,3324,Weekly Grocery Store Specialty Crops Feature Activity,2026-09-26T14:36:16+00:00
9f28c7a19038e54c,2016-03-18,"Onions, Dry",YELLOW MARKED SWEET,2 lb bag,,,,,Yes,,,,,,,,2.99,$/2 lb bag,1.495,per lb,Northeast,retail,,,,,,,,5.0,3324,Weekly Grocery Store Specialty Crops Feature Activity,2026-09-26T14:36:16+00:00
63b546684c8f0b88,2016-03-18,"Onions, Dry",YELLOW MARKED SWEET,per lb,,,,,No,,,,,,,,1.54,$/per lb,1.54,per lb,Northeast,retail,,,,,,,,490.0,3324,Weekly Grocery Store Specialty Crops Feature Activity,2026-09-26T14:36:16+00:00
d25f5d5de3fa81b8,2016-03-18,"Peppers, Bell Type",GREEN,each,,,,,No,,,,,,,,1.6,$/each,1.6,per each,Northeast,retail,,,,,,,,314.0,3324,Weekly Grocery Store Specialty Crops Feature Activity,2026-09-26T14:36:16+00:00
eaed5b10e363d1b4,2016-03-18,"Peppers, Bell Type",GREEN,per lb,,,,,No,,,,,,,,1.38,$/per lb,1.38,per lb,Northeast,retail,,,,,,,,11.0,3324,Weekly Grocery Store Specialty Crops Feature Activity,2026-09-26T14:36:16+00:00
8a640d735b7f1100,2016-03-18,"Peppers, Bell Type",ORANGE,each,,,,,No,,,,,,,,1.66,$/each,1.66,per each,Northeast,retail,,,environment=Greenhouse,,,,,16.0,3324,Weekly Grocery Store Specialty Crops Feature Activity,2026-09-26T14:36:16+00:00
99ffc820617589a7,2016-03-18,"Peppers, Bell Type",ORANGE,each,,,,,No,,,,,,,,1.0,$/each,1.0,per each,Northeast,retail,,,,,,,,39.0,3324,Weekly Grocery Store Specialty Crops Feature Activity,2026-09-26T14:36:16+00:00
4878fea73d33d18a,2016-03-18,"Peppers, Bell Type",ORANGE,per lb,,,,,No,,,,,,,,2.99,$/per lb,2.99,per lb,Northeast,retail,,,environment=Greenhouse,,,,,8.0,3324,Weekly Grocery Store Specialty Crops Feature Activity,2026-09-26T14:36:16+00:00
c082a43c9d37753a,2016-03-18,"Peppers, Bell Type",ORANGE,per lb,,,,,No,,,,,,,,3.97,$/per lb,3.97,per lb,Northeast,retail,,,,,,,,17.0,3324,Weekly Grocery Store Specialty Crops Feature Activity,2026-09-26T14:36:16+00:00
368b57c4ae2d5d23,2016-03-18,"Peppers, Bell Type",RED,each,,,,,No,,,,,,,,1.66,$/each,1.66,per each,Northeast,retail,,,environment=Greenhouse,,,,,16.0,3324,Weekly Grocery Store Specialty Crops Feature Activity,2026-09-26T14:36:16+00:00
f69c1cc2d8f18d66,2016-03-18,"Peppers, Bell Type",RED,each,,,,,No,,,,,,,,1.66,$/each,1.66,per each,Northeast,retail,,,,,,,,323.0,3324,Weekly Grocery Store Specialty Crops Feature Activity,2026-09-26T14:36:16+00:00
134981fb91b2b7f5,2016-03-18,"Peppers, Bell Type",RED,per lb,,,,,No,,,,,,,,2.99,$/per lb,2.99,per lb,Northeast,retail,,,environment=Greenhouse,,,,,8.0,3324,Weekly Grocery Store Specialty Crops Feature Activity,2026-09-26T14:36:16+00:00
6a0e836dc6803ae2,2016-03-18,"Peppers, Bell Type",RED,per lb,,,,,No,,,,,,,,2.6,$/per lb,2.6,per lb,Northeast,retail,,,,,,,,1091.0,3324,Weekly Grocery Store Specialty Crops Feature Activity,2026-09-26T14:36:16+00:00
d353c6530edde273,2016-03-18,"Peppers, Bell Type",YELLOW,each,,,,,No,,,,,,,,1.66,$/each,1.66,per each,Northeast,retail,,,environment=Greenhouse,,,,,16.0,3324,Weekly Grocery Store Specialty Crops Feature Activity,2026-09-26T14:36:16+00:00
dface1e558ade08a,2016-03-18,"Peppers, Bell Type",YELLOW,each,,,,,No,,,,,,,,1.0,$/each,1.0,per each,Northeast,retail,,,,,,,,39.0,3324,Weekly Grocery Store Specialty Crops Feature Activity,2026-09-26T14:36:16+00:00
78353ba404cad57a,2016-03-18,"Peppers, Bell Type",YELLOW,per lb,,,,,No,,,,,,,,3.97,$/per lb,3.97,per lb,Northeast,retail,,,,,,,,17.0,3324,Weekly Grocery Store Specialty Crops Feature Activity,2026-09-26T14:36:16+00:00
e38c55459932d4c7,2016-03-18,"Peppers, Bell Type",YELLOW,per lb,,,,,No,,,,,,,,2.99,$/per lb,2.99,per lb,Northeast,retail,,,environment=Greenhouse,,,,,8.0,3324,Weekly Grocery Store Specialty Crops Feature Activity,2026-09-26T14:36:16+00:00
9f1510b02d5653a0,2016-03-18,Potatoes,ROUND RED,3 lb bag,,,,,Yes,,,,,,,,3.47,$/3 lb bag,1.1567,per lb,Northeast,retail,,,,,,,,304.0,3324,Weekly Grocery Store Specialty Crops Feature Activity,2026-09-26T14:36:16+00:00
fe1dc9f3bca8b27e,2016-03-18,Potatoes,ROUND RED,3 lb bag,,,,,No,,,,,,,,2.5,$/3 lb bag,0.8333,per lb,Northeast,retail,,,,,,,,20.0,3324,Weekly Grocery Store Specialty Crops Feature Activity,2026-09-26T14:36:16+00:00
4239ba8bbd520dcd,2016-03-18,Potatoes,ROUND RED,5 lb bag,,,,,No,,,,,,,,2.6,$/5 lb bag,0.52,per lb,Northeast,retail,,,,,,,,1627.0,3324,Weekly Grocery Store Specialty Crops Feature Activity,2026-09-26T14:36:16+00:00
033a7e4e705e0622,2016-03-18,Potatoes,ROUND RED,per lb,,,,,No,,,,,,,,0.81,$/per lb,0.81,per lb,Northeast,retail,,,,,,,,230.0,3324,Weekly Grocery Store Specialty Crops Feature Activity,2026-09-26T14:36:16+00:00
3b6d61b0140f85ff,2016-03-18,Potatoes,ROUND WHITE,3 lb bag,,,,,No,,,,,,,,2.5,$/3 lb bag,0.8333,per lb,Northeast,retail,,,,,,,,20.0,3324,Weekly Grocery Store Specialty Crops Feature Activity,2026-09-26T14:36:16+00:00
98a9a0e66aacee76,2016-03-18,Potatoes,ROUND WHITE,5 lb bag,,,,,No,,,,,,,,1.79,$/5 lb bag,0.358,per lb,Northeast,retail,,,,,,,,635.0,3324,Weekly Grocery Store Specialty Crops Feature Activity,2026-09-26T14:36:16+00:00
88cfa28ea6fd5fa9,2016-03-18,Potatoes,RUSSET,10 lb bag,,,,,No,,,,,,,,3.86,$/10 lb bag,0.386,per lb,Northeast,retail,,,,,,,,760.0,3324,Weekly Grocery Store Specialty Crops Feature Activity,2026-09-26T14:36:16+00:00
f22264878d469694,2016-03-18,Potatoes,RUSSET,3 lb bag,,,,,Yes,,,,,,,,3.44,$/3 lb bag,1.1467,per lb,Northeast,retail,,,,,,,,325.0,3324,Weekly Grocery Store Specialty Crops Feature Activity,2026-09-26T14:36:16+00:00
dfdc9b2d58fa5559,2016-03-18,Potatoes,RUSSET,5 lb bag,,,,,Yes,,,,,,,,3.58,$/5 lb bag,0.716,per lb,Northeast,retail,,,,,,,,45.0,3324,Weekly Grocery Store Specialty Crops Feature Activity,2026-09-26T14:36:16+00:00
e788805432d0b792,2016-03-18,Potatoes,RUSSET,5 lb bag,,,,,No,,,,,,,,1.87,$/5 lb bag,0.374,per lb,Northeast,retail,,,,,,,,631.0,3324,Weekly Grocery Store Specialty Crops Feature Activity,2026-09-26T14:36:16+00:00
e77efdad307b95ee,2016-03-18,Potatoes,RUSSET,8 lb bag,,,,,No,,,,,,,,2.0,$/8 lb bag,0.25,per lb,Northeast,retail,,,,,,,,214.0,3324,Weekly Grocery Store Specialty Crops Feature Activity,2026-09-26T14:36:16+00:00
859fecb407f23fa0,2016-03-18,Potatoes,RUSSET,per lb,,,,,No,,,,,,,,0.97,$/per lb,0.97,per lb,Northeast,retail,,,,,,,,287.0,3324,Weekly Grocery Store Specialty Crops Feature Activity,2026-09-26T14:36:16+00:00
dcb356b51d66edbb,2016-03-18,Potatoes,YELLOW TYPE,3 lb bag,,,,,Yes,,,,,,,,3.5,$/3 lb bag,1.1667,per lb,Northeast,retail,,,,,,,,322.0,3324,Weekly Grocery Store Specialty Crops Feature Activity,2026-09-26T14:36:16+00:00
62154380fcf4ed90,2016-03-18,Potatoes,YELLOW TYPE,5 lb bag,,,,,No,,,,,,,,3.89,$/5 lb bag,0.778,per lb,Northeast,retail,,,,,,,,545.0,3324,Weekly Grocery Store Specialty Crops Feature Activity,2026-09-26T14:36:16+00:00
9f3257cdf3410f49,2016-03-18,Potatoes,YELLOW TYPE,per lb,,,,,No,,,,,,,,0.99,$/per lb,0.99,per lb,Northeast,retail,,,,,,,,62.0,3324,Weekly Grocery Store Specialty Crops Feature Activity,2026-09-26T14:36:16+00:00
5430950f66c3b260,2016-03-18,Strawberries,,1 lb package,,,,,No,,,,,,,,2.3,$/1 lb package,2.3,per lb,Northeast,retail,,,,,,,,1824.0,3324,Weekly Grocery Store Specialty Crops Feature Activity,2026-09-26T14:36:16+00:00
63b23651b26a14e7,2016-03-18,Strawberries,,1 lb package,,,,,Yes,,,,,,,,4.09,$/1 lb package,4.09,per lb,Northeast,retail,,,,,,,,488.0,3324,Weekly Grocery Store Specialty Crops Feature Activity,2026-09-26T14:36:16+00:00
3c4d14a3e7cac0b3,2016-03-18,Strawberries,,2 lb package,,,,,No,,,,,,,,3.99,$/2 lb package,1.995,per lb,Northeast,retail,,,,,,,,8.0,3324,Weekly Grocery Store Specialty Crops Feature Activity,2026-09-26T14:36:16+00:00
44450278e4048864,2016-03-18,Tomatoes,,per lb,,,,,Yes,,,,,,,,2.75,$/per lb,2.75,per lb,Northeast,retail,,,,,,,,21.0,3324,Weekly Grocery Store Specialty Crops Feature Activity,2026-09-26T14:36:16+00:00
91aebc918553dc61,2016-03-18,Tomatoes,,per lb,,,,,No,,,,,,,,1.37,$/per lb,1.37,per lb,Northeast,retail,,,,,,,,21.0,3324,Weekly Grocery Store Specialty Crops Feature Activity,2026-09-26T14:36:16+00:00
08d54adb9b36df43,2016-03-18,Tomatoes,GRAPE TYPE,1 pint package,,,,,Yes,,,,,,,,3.34,$/1 pint package,,,Northeast,retail,,,,,,,,862.0,3324,Weekly Grocery Store Specialty Crops Feature Activity,2026-09-26T14:36:16+00:00
f2ea79f7b1f3c0c4,2016-03-18,Tomatoes,GRAPE TYPE,1 pint package,,,,,No,,,,,,,,2.08,$/1 pint package,,,Northeast,retail,,,,,,,,1317.0,3324,Weekly Grocery Store Specialty Crops Feature Activity,2026-09-26T14:36:16+00:00
dd1aa348fccac7c7,2016-03-18,Tomatoes,GRAPE TYPE,10 oz package,,,,,Yes,,,,,,,,3.47,$/10 oz package,5.552,per lb,Northeast,retail,,,,,,,,162.0,3324,Weekly Grocery Store Specialty Crops Feature Activity,2026-09-26T14:36:16+00:00
0c221ce0e72503e1,2016-03-18,Tomatoes,Plum Type (Roma),per lb,,,,,No,,,,,,,,1.74,$/per lb,1.74,per lb,Northeast,retail,,,,,,,,455.0,3324,Weekly Grocery Store Specialty Crops Feature Activity,2026-09-26T14:36:16+00:00
253bc1f1b1a3caba,2016-03-18,Tomatoes,VINE RIPES,per lb,,,,,No,,,,,,,,2.04,$/per lb,2.04,per lb,Northeast,retail,,,,,,,,281.0,3324,Weekly Grocery Store Specialty Crops Feature Activity,2026-09-26T14:36:16+00:00
85a48188907a08cd,2016-03-18,Tomatoes,VINE RIPES,per lb,,,,,No,,,,,,,,1.59,$/per lb,1.59,per lb,Northeast,retail,,,environment=Greenhouse,,,,,104.0,3324,Weekly Grocery Store Specialty Crops Feature Activity,2026-09-26T14:36:16+00:00
b2c6ccd9cc563539,2016-03-18,Tomatoes,VINE RIPES,per lb,,,,,Yes,,,,,,,,2.62,$/per lb,2.62,per lb,Northeast,retail,,,,,,,,186.0,3324,Weekly Grocery Store Specialty Crops Feature Activity,2026-09-26T14:36:16+00:00
d1db5c7346b57b0e,2016-03-18,Tomatoes,VINE RIPES,per lb,,,,,Yes,,,,,,,,1.99,$/per lb,1.99,per lb,Northeast,retail,,,environment=Greenhouse,,,,,28.0,3324,Weekly Grocery Store Specialty Crops Feature Activity,2026-09-26T14:36:16+00:00
7de216638c4438ee,2016-03-18,Tomatoes,VINE RIPES - ON THE VINE,per lb,,,,,No,,,,,,,,2.24,$/per lb,2.24,per lb,Northeast,retail,,,environment=Greenhouse,,,,,1281.0,3324,Weekly Grocery Store Specialty Crops Feature Activity,2026-09-26T14:36:16+00:00
d2c11fbfd7512622,2016-03-18,Avocados,HASS,each,,,,,No,,,,,,,,1.32,$/each,1.32,per each,Northwest,retail,,,,,,,,778.0,3324,Weekly Grocery Store Specialty Crops Feature Activity,2026-09-26T14:36:16+00:00
d33820d7b77c6187,2016-03-18,Avocados,HASS,each,,,,,Yes,,,,,,,,1.48,$/each,1.48,per each,Northwest,retail,,,,,,,,158.0,3324,Weekly Grocery Store Specialty Crops Feature Activity,2026-09-26T14:36:16+00:00
018c5f8626257d99,2016-03-18,Bananas,,per lb,,,,,No,,,,,,,,0.49,$/per lb,0.49,per lb,Northwest,retail,,,,,,,,75.0,3324,Weekly Grocery Store Specialty Crops Feature Activity,2026-09-26T14:36:16+00:00
0684ed15e5cd5e74,2016-03-18,Bananas,,per lb,,,,,Yes,,,,,,,,0.69,$/per lb,0.69,per lb,Northwest,retail,,,,,,,,2.0,3324,Weekly Grocery Store Specialty Crops Feature Activity,2026-09-26T14:36:16+00:00
8a3a6cbc39a515f9,2016-03-18,Blueberries,,18 oz package,,,,,No,,,,,,,,5.99,$/18 oz package,5.3244,per lb,Northwest,retail,,,,,,,,5.0,3324,Weekly Grocery Store Specialty Crops Feature Activity,2026-09-26T14:36:16+00:00
5a020075543e9c4a,2016-03-18,Blueberries,,6 oz package,,,,,No,,,,,,,,2.98,$/6 oz package,7.9467,per lb,Northwest,retail,,,,,,,,233.0,3324,Weekly Grocery Store Specialty Crops Feature Activity,2026-09-26T14:36:16+00:00
4fbba26d2d4f2964,2016-03-18,Broccoli,,per lb,,,,,Yes,,,,,,,,1.21,$/per lb,1.21,per lb,Northwest,retail,,,,,,,,54.0,3324,Weekly Grocery Store Specialty Crops Feature Activity,2026-09-26T14:36:16+00:00
f871b32feb7b7964,2016-03-18,Broccoli,,per lb,,,,,No,,,,,,,,0.99,$/per lb,0.99,per lb,Northwest,retail,,,,,,,,65.0,3324,Weekly Grocery Store Specialty Crops Feature Activity,2026-09-26T14:36:16+00:00
cb947b081895d03c,2016-03-18,Broccoli,CROWN CUT,per lb,,,,,No,,,,,,,,1.08,$/per lb,1.08,per lb,Northwest,retail,,,,,,,,467.0,3324,Weekly Grocery Store Specialty Crops Feature Activity,2026-09-26T14:36:16+00:00
4985f52bf7684c25,2016-03-18,Carrots,,1 lb bag,,,,,No,,,,,,,,0.5,$/1 lb bag,0.5,per lb,Northwest,retail,,,,,,,,2.0,3324,Weekly Grocery Store Specialty Crops Feature Activity,2026-09-26T14:36:16+00:00
290c4ae23dca72a0,2016-03-18,Carrots,,2 lb bag,,,,,No,,,,,,,,1.39,$/2 lb bag,0.695,per lb,Northwest,retail,,,,,,,,58.0,3324,Weekly Grocery Store Specialty Crops Feature Activity,2026-09-26T14:36:16+00:00
e16abbe7bf48f51f,2016-03-18,Carrots,,per bunch,,,,,Yes,,,,,,,,1.87,$/per bunch,,,Northwest,retail,,,,,,,,15.0,3324,Weekly Grocery Store Specialty Crops Feature Activity,2026-09-26T14:36:16+00:00
2be4c71d0acbc770,2016-03-18,Carrots,BABY PEELED,1 lb bag,,,,,No,,,,,,,,1.61,$/1 lb bag,1.61,per lb,Northwest,retail,,,,,,,,572.0,3324,Weekly Grocery Store Specialty Crops Feature Activity,2026-09-26T14:36:16+00:00
a747389d014bbd7b,2016-03-18,Celery,,per lb,,,,,No,,,,,,,,0.78,$/per lb,0.78,per lb,Northwest,retail,,,,,,,,12.0,3324,Weekly Grocery Store Specialty Crops Feature Activity,2026-09-26T14:36:16+00:00
be8014909b6672d8,2016-03-18,Celery,,per lb,,,,,Yes,,,,,,,,1.04,$/per lb,1.04,per lb,Northwest,retail,,,,,,,,24.0,3324,Weekly Grocery Store Specialty Crops Feature Activity,2026-09-26T14:36:16+00:00
47c1330e390ac6d7,2016-03-18,Celery,HEARTS,each,,,,,Yes,,,,,,,,2.0,$/each,2.0,per each,Northwest,retail,,,,,,,,12.0,3324,Weekly Grocery Store Specialty Crops Feature Activity,2026-09-26T14:36:16+00:00
a8cf91e00d68ce5b,2016-03-18,Cucumbers,,each,,,,,No,,,,,,,,0.92,$/each,0.92,per each,Northwest,retail,,,,,,,,447.0,3324,Weekly Grocery Store Specialty Crops Feature Activity,2026-09-26T14:36:16+00:00
fcaa31fbc54f78de,2016-03-18,Cucumbers,,each,,,,,Yes,,,,,,,,0.88,$/each,0.88,per each,Northwest,retail,,,,,,,,33.0,3324,Weekly Grocery Store Specialty Crops Feature Activity,2026-09-26T14:36:16+00:00
a7c05d6884a03c45,2016-03-18,Cucumbers,LONG SEEDLESS,each,,,,,No,,,,,,,,1.67,$/each,1.67,per each,Northwest,retail,,,environment=Greenhouse,,,,,5.0,3324,Weekly Grocery Store Specialty Crops Feature Activity,2026-09-26T14:36:16+00:00
d66c2b9d8741ecf0,2016-03-18,Grapes,BLACK SEEDLESS,per lb,,,,,No,,,,,,,,3.54,$/per lb,3.54,per lb,Northwest,retail,,,,,,,,122.0,3324,Weekly Grocery Store Specialty Crops Feature Activity,2026-09-26T14:36:16+00:00
341800cf72be5647,2016-03-18,Grapes,RED SEEDLESS,per lb,,,,,No,,,,,,,,2.43,$/per lb,2.43,per lb,Northwest,retail,,,,,,,,731.0,3324,Weekly Grocery Store Specialty Crops Feature Activity,2026-09-26T14:36:16+00:00
987055aa6b0f027d,2016-03-18,Grapes,WHITE SEEDLESS TYPE,per lb,,,,,No,,,,,,,,2.48,$/per lb,2.48,per lb,Northwest,retail,,,,,,,,819.0,3324,Weekly Grocery Store Specialty Crops Feature Activity,2026-09-26T14:36:16+00:00
2612efe88e602c7f,2016-03-18,Lemons,,each,,,,,Yes,,,,,,,,0.76,$/each,0.76,per each,Northwest,retail,,,,,,,,63.0,3324,Weekly Grocery Store Specialty Crops Feature Activity,2026-09-26T14:36:16+00:00
598a416d3d4c85c9,2016-03-18,Lemons,,each,,,,,No,,,,,,,,0.79,$/each,0.79,per each,Northwest,retail,,,,,,,,39.0,3324,Weekly Grocery Store Specialty Crops Feature Activity,2026-09-26T14:36:16+00:00
c8fbc547b2bbc6f6,2016-03-18,Lettuce,Green Leaf,each,,,,,No,,,,,,,,0.97,$/each,0.97,per each,Northwest,retail,,,,,,,,135.0,3324,Weekly Grocery Store Specialty Crops Feature Activity,2026-09-26T14:36:16+00:00
0a30ec20705f0441,2016-03-18,Lettuce,Iceberg,each,,,,,No,,,,,,,,1.49,$/each,1.49,per each,Northwest,retail,,,,,,,,285.0,3324,Weekly Grocery Store Specialty Crops Feature Activity,2026-09-26T14:36:16+00:00
68404b2157cdc7ba,2016-03-18,Lettuce,Red Leaf,each,,,,,No,,,,,,,,0.97,$/each,0.97,per each,Northwest,retail,,,,,,,,135.0,3324,Weekly Grocery Store Specialty Crops Feature Activity,2026-09-26T14:36:16+00:00
135c7b79e1666f90,2016-03-18,Lettuce,Romaine,each,,,,,No,,,,,,,,0.99,$/each,0.99,per each,Northwest,retail,,,,,,,,114.0,3324,Weekly Grocery Store Specialty Crops Feature Activity,2026-09-26T14:36:16+00:00
33c811c8b9ff9762,2016-03-18,Lettuce,Romaine (Hearts),3 count,,,,,Yes,,,,,,,,2.98,$/3 count,,,Northwest,retail,,,,,,,,39.0,3324,Weekly Grocery Store Specialty Crops Feature Activity,2026-09-26T14:36:16+00:00
5dca4d4b4eb3705c,2016-03-18,Lettuce,Romaine (Hearts),3 count,,,,,No,,,,,,,,3.99,$/3 count,,,Northwest,retail,,,,,,,,279.0,3324,Weekly Grocery Store Specialty Crops Feature Activity,2026-09-26T14:36:16+00:00
6ad061fb1f30754c,2016-03-18,Limes,,each,,,,,No,,,,,,,,0.44,$/each,0.44,per each,Northwest,retail,,,,,,,,80.0,3324,Weekly Grocery Store Specialty Crops Feature Activity,2026-09-26T14:36:16+00:00
5f02a8d7cda3473d,2016-03-18,"Onions, Dry",WHITE,per lb,,,,,Yes,,,,,,,,1.39,$/per lb,1.39,per lb,Northwest,retail,,,,,,,,18.0,3324,Weekly Grocery Store Specialty Crops Feature Activity,2026-09-26T14:36:16+00:00
14313cf252b9c177,2016-03-18,"Onions, Dry",YELLOW,3 lb bag,,,,,No,,,,,,,,1.79,$/3 lb bag,0.5967,per lb,Northwest,retail,,,,,,,,30.0,3324,Weekly Grocery Store Specialty Crops Feature Activity,2026-09-26T14:36:16+00:00
0a03ccd1e0f39627,2016-03-18,"Onions, Dry",YELLOW,per lb,,,,,No,,,,,,,,0.41,$/per lb,0.41,per lb,Northwest,retail,,,,,,,,11.0,3324,Weekly Grocery Store Specialty Crops Feature Activity,2026-09-26T14:36:16+00:00
990a66afc24cd0c7,2016-03-18,"Onions, Dry",YELLOW,per lb,,,,,Yes,,,,,,,,0.99,$/per lb,0.99,per lb,Northwest,retail,,,,,,,,65.0,3324,Weekly Grocery Store Specialty Crops Feature Activity,2026-09-26T14:36:16+00:00
6bfe6442920de9cc,2016-03-18,"Onions, Dry",YELLOW MARKED SWEET,per lb,,,,,No,,,,,,,,0.98,$/per lb,0.98,per lb,Northwest,retail,,,,,,,,2.0,3324,Weekly Grocery Store Specialty Crops Feature Activity,2026-09-26T14:36:16+00:00
cf8afddaa2dbf2a8,2016-03-18,"Peppers, Bell Type",GREEN,each,,,,,No,,,,,,,,0.99,$/each,0.99,per each,Northwest,retail,,,,,,,,283.0,3324,Weekly Grocery Store Specialty Crops Feature Activity,2026-09-26T14:36:16+00:00
0a2b6c8b04bdeaf4,2016-03-18,"Peppers, Bell Type",ORANGE,each,,,,,No,,,,,,,,1.33,$/each,1.33,per each,Northwest,retail,,,,,,,,93.0,3324,Weekly Grocery Store Specialty Crops Feature Activity,2026-09-26T14:36:16+00:00
ea0a253104bece5d,2016-03-18,"Peppers, Bell Type",ORANGE,each,,,,,No,,,,,,,,1.5,$/each,1.5,per each,Northwest,retail,,,environment=Greenhouse,,,,,9.0,3324,Weekly Grocery Store Specialty Crops Feature Activity,2026-09-26T14:36:16+00:00
a3bb26c34dc7e750,2016-03-18,"Peppers, Bell Type",RED,each,,,,,No,,,,,,,,1.33,$/each,1.33,per each,Northwest,retail,,,,,,,,93.0,3324,Weekly Grocery Store Specialty Crops Feature Activity,2026-09-26T14:36:16+00:00
bf972e361f31d432,2016-03-18,"Peppers, Bell Type",RED,each,,,,,No,,,,,,,,1.5,$/each,1.5,per each,Northwest,retail,,,environment=Greenhouse,,,,,9.0,3324,Weekly Grocery Store Specialty Crops Feature Activity,2026-09-26T14:36:16+00:00
f1b42982f4c6eae1,2016-03-18,"Peppers, Bell Type",RED,each,,,,,Yes,,,,,,,,2.0,$/each,2.0,per each,Northwest,retail,,,environment=Greenhouse,,,,,18.0,3324,Weekly Grocery Store Specialty Crops Feature Activity,2026-09-26T14:36:16+00:00
42fd9ed60d58b2e0,2016-03-18,"Peppers, Bell Type",RED,per lb,,,,,Yes,,,,,,,,3.99,$/per lb,3.99,per lb,Northwest,retail,,,,,,,,10.0,3324,Weekly Grocery Store Specialty Crops Feature Activity,2026-09-26T14:36:16+00:00
266bc9d8109ce81e,2016-03-18,"Peppers, Bell Type",YELLOW,each,,,,,No,,,,,,,,1.33,$/each,1.33,per each,Northwest,retail,,,,,,,,93.0,3324,Weekly Grocery Store Specialty Crops Feature Activity,2026-09-26T14:36:16+00:00
b0415e42c8a88a69,2016-03-18,"Peppers, Bell Type",YELLOW,each,,,,,No,,,,,,,,1.5,$/each,1.5,per each,Northwest,retail,,,environment=Greenhouse,,,,,9.0,3324,Weekly Grocery Store Specialty Crops Feature Activity,2026-09-26T14:36:16+00:00
0063529107d4cd25,2016-03-18,Potatoes,ROUND RED,3 lb bag,,,,,Yes,,,,,,,,5.0,$/3 lb bag,1.6667,per lb,Northwest,retail,,,,,,,,279.0,3324,Weekly Grocery Store Specialty Crops Feature Activity,2026-09-26T14:36:16+00:00
bd4cdad20cb55c72,2016-03-18,Potatoes,ROUND RED,5 lb bag,,,,,No,,,,,,,,2.08,$/5 lb bag,0.416,per lb,Northwest,retail,,,,,,,,144.0,3324,Weekly Grocery Store Specialty Crops Feature Activity,2026-09-26T14:36:16+00:00
17864f26a07df6c5,2016-03-18,Potatoes,ROUND RED,per lb,,,,,No,,,,,,,,0.58,$/per lb,0.58,per lb,Northwest,retail,,,,,,,,147.0,3324,Weekly Grocery Store Specialty Crops Feature Activity,2026-09-26T14:36:16+00:00
95b3befbd055fbfe,2016-03-18,Potatoes,ROUND WHITE,per lb,,,,,No,,,,,,,,0.99,$/per lb,0.99,per lb,Northwest,retail,,,,,,,,2.0,3324,Weekly Grocery Store Specialty Crops Feature Activity,2026-09-26T14:36:16+00:00
eeec21d582853141,2016-03-18,Potatoes,RUSSET,3 lb bag,,,,,Yes,,,,,,,,4.32,$/3 lb bag,1.44,per lb,Northwest,retail,,,,,,,,360.0,3324,Weekly Grocery Store Specialty Crops Feature Activity,2026-09-26T14:36:16+00:00
9f9f53b5e2b262d1,2016-03-18,Potatoes,RUSSET,5 lb bag,,,,,No,,,,,,,,1.5,$/5 lb bag,0.3,per lb,Northwest,retail,,,,,,,,65.0,3324,Weekly Grocery Store Specialty Crops Feature Activity,2026-09-26T14:36:16+00:00
e1f3dbf40960eb4f,2016-03-18,Potatoes,RUSSET,per lb,,,,,No,,,,,,,,0.47,$/per lb,0.47,per lb,Northwest,retail,,,,,,,,130.0,3324,Weekly Grocery Store Specialty Crops Feature Activity,2026-09-26T14:36:16+00:00
500ae085868614d1,2016-03-18,Potatoes,YELLOW TYPE,per lb,,,,,Yes,,,,,,,,0.99,$/per lb,0.99,per lb,Northwest,retail,,,,,,,,18.0,3324,Weekly Grocery Store Specialty Crops Feature Activity,2026-09-26T14:36:16+00:00
5146a4d0da4a63b4,2016-03-18,Potatoes,YELLOW TYPE,per lb,,,,,No,,,,,,,,0.6,$/per lb,0.6,per lb,Northwest,retail,,,,,,,,123.0,3324,Weekly Grocery Store Specialty Crops Feature Activity,2026-09-26T14:36:16+00:00
75318ae60fc8c77e,2016-03-18,Strawberries,,1 lb package,,,,,No,,,,,,,,2.83,$/1 lb package,2.83,per lb,Northwest,retail,,,,,,,,163.0,3324,Weekly Grocery Store Specialty Crops Feature Activity,2026-09-26T14:36:16+00:00
a00edebdc496668f,2016-03-18,Strawberries,,1 lb package,,,,,Yes,,,,,,,,4.0,$/1 lb package,4.0,per lb,Northwest,retail,,,,,,,,130.0,3324,Weekly Grocery Store Specialty Crops Feature Activity,2026-09-26T14:36:16+00:00
04907928b580c34b,2016-03-18,Strawberries,,2 lb package,,,,,No,,,,,,,,4.45,$/2 lb package,2.225,per lb,Northwest,retail,,,,,,,,170.0,3324,Weekly Grocery Store Specialty Crops Feature Activity,2026-09-26T14:36:16+00:00
1422c9bb5227778f,2016-03-18,Tomatoes,,per lb,,,,,Yes,,,,,,,,2.98,$/per lb,2.98,per lb,Northwest,retail,,,,,,,,6.0,3324,Weekly Grocery Store Specialty Crops Feature Activity,2026-09-26T14:36:16+00:00
b0c26da5f8936349,2016-03-18,Tomatoes,,per lb,,,,,No,,,,,,,,1.29,$/per lb,1.29,per lb,Northwest,retail,,,,,,,,68.0,3324,Weekly Grocery Store Specialty Crops Feature Activity,2026-09-26T14:36:16+00:00
42c1d928b6f9374b,2016-03-18,Tomatoes,GRAPE TYPE,1 pint package,,,,,No,,,,,,,,1.77,$/1 pint package,,,Northwest,retail,,,,,,,,4.0,3324,Weekly Grocery Store Specialty Crops Feature Activity,2026-09-26T14:36:16+00:00
46f045ef6627450d,2016-03-18,Tomatoes,GRAPE TYPE,1 pint package,,,,,Yes,,,,,,,,2.99,$/1 pint package,,,Northwest,retail,,,,,,,,279.0,3324,Weekly Grocery Store Specialty Crops Feature Activity,2026-09-26T14:36:16+00:00
4a2f6cd8f706bb80,2016-03-18,Tomatoes,GRAPE TYPE,10 oz package,,,,,Yes,,,,,,,,2.5,$/10 oz package,4.0,per lb,Northwest,retail,,,,,,,,121.0,3324,Weekly Grocery Store Specialty Crops Feature Activity,2026-09-26T14:36:16+00:00
f36a5922c9feacde,2016-03-18,Tomatoes,GRAPE TYPE,10 oz package,,,,,No,,,,,,,,1.99,$/10 oz package,3.184,per lb,Northwest,retail,,,,,,,,68.0,3324,Weekly Grocery Store Specialty Crops Feature Activity,2026-09-26T14:36:16+00:00
1cfd643a7dc82689,2016-03-18,Tomatoes,Plum Type (Roma),per lb,,,,,No,,,,,,,,1.08,$/per lb,1.08,per lb,Northwest,retail,,,,,,,,233.0,3324,Weekly Grocery Store Specialty Crops Feature Activity,2026-09-26T14:36:16+00:00
d7dee40fee38ea22,2016-03-18,Tomatoes,Plum Type (Roma),per lb,,,,,Yes,,,,,,,,0.98,$/per lb,0.98,per lb,Northwest,retail,,,,,,,,29.0,3324,Weekly Grocery Store Specialty Crops Feature Activity,2026-09-26T14:36:16+00:00
e748bf205f1be819,2016-03-18,Tomatoes,VINE RIPES - ON THE VINE,per lb,,,,,No,,,,,,,,1.93,$/per lb,1.93,per lb,Northwest,retail,,,environment=Greenhouse,,,,,84.0,3324,Weekly Grocery Store Specialty Crops Feature Activity,2026-09-26T14:36:16+00:00
f50f1d1e8161de54,2016-03-18,Tomatoes,VINE RIPES - ON THE VINE,per lb,,,,,Yes,,,,,,,,3.49,$/per lb,3.49,per lb,Northwest,retail,,,environment=Greenhouse,,,,,75.0,3324,Weekly Grocery Store Specialty Crops Feature Activity,2026-09-26T14:36:16+00:00
66865b60ab1a034b,2016-03-18,Avocados,HASS,each,,,,,No,,,,,,,,1.05,$/each,1.05,per each,Southcentral,retail,,,,,,,,1848.0,3324,Weekly Grocery Store Specialty Crops Feature Activity,2026-09-26T14:36:16+00:00
7a8a98d7569d5515,2016-03-18,Avocados,HASS,each,,,,,Yes,,,,,,,,1.09,$/each,1.09,per each,Southcentral,retail,,,,,,,,109.0,3324,Weekly Grocery Store Specialty Crops Feature Activity,2026-09-26T14:36:16+00:00
3cabdfad3fd26a4c,2016-03-18,Bananas,,per lb,,,,,No,,,,,,,,0.57,$/per lb,0.57,per lb,Southcentral,retail,,,,,,,,125.0,3324,Weekly Grocery Store Specialty Crops Feature Activity,2026-09-26T14:36:16+00:00
4a3e17776bca50b9,2016-03-18,Bananas,,per lb,,,,,Yes,,,,,,,,0.66,$/per lb,0.66,per lb,Southcentral,retail,,,,,,,,446.0,3324,Weekly Grocery Store Specialty Crops Feature Activity,2026-09-26T14:36:16+00:00
e44f1953506c2230,2016-03-18,Blueberries,,6 oz package,,,,,Yes,,,,,,,,3.92,$/6 oz package,10.4533,per lb,Southcentral,retail,,,,,,,,411.0,3324,Weekly Grocery Store Specialty Crops Feature Activity,2026-09-26T14:36:16+00:00
f617552722b1f244,2016-03-18,Blueberries,,6 oz package,,,,,No,,,,,,,,2.47,$/6 oz package,6.5867,per lb,Southcentral,retail,,,,,,,,489.0,3324,Weekly Grocery Store Specialty Crops Feature Activity,2026-09-26T14:36:16+00:00
1b6e26a99eb44daf,2016-03-18,Broccoli,,per bunch,,,,,No,,,,,,,,2.03,$/per bunch,,,Southcentral,retail,,,,,,,,114.0,3324,Weekly Grocery Store Specialty Crops Feature Activity,2026-09-26T14:36:16+00:00
0de77f088c1cba6d,2016-03-18,Broccoli,CROWN CUT,per lb,,,,,No,,,,,,,,1.14,$/per lb,1.14,per lb,Southcentral,retail,,,,,,,,408.0,3324,Weekly Grocery Store Specialty Crops Feature Activity,2026-09-26T14:36:16+00:00
3dc32a55595ee714,2016-03-18,Carrots,,1 lb bag,,,,,Yes,,,,,,,,0.98,$/1 lb bag,0.98,per lb,Southcentral,retail,,,,,,,,5.0,3324,Weekly Grocery Store Specialty Crops Feature Activity,2026-09-26T14:36:16+00:00
3f479cba073e0fe1,2016-03-18,Carrots,,1 lb bag,,,,,No,,,,,,,,2.5,$/1 lb bag,2.5,per lb,Southcentral,retail,,,,,,,,231.0,3324,Weekly Grocery Store Specialty Crops Feature Activity,2026-09-26T14:36:16+00:00
59ce59cb0b8341dc,2016-03-18,Carrots,,2 lb bag,,,,,No,,,,,,,,1.29,$/2 lb bag,0.645,per lb,Southcentral,retail,,,,,,,,50.0,3324,Weekly Grocery Store Specialty Crops Feature Activity,2026-09-26T14:36:16+00:00
c334cbc9abd9576f,2016-03-18,Carrots,,2 lb bag,,,,,Yes,,,,,,,,1.72,$/2 lb bag,0.86,per lb,Southcentral,retail,,,,,,,,246.0,3324,Weekly Grocery Store Specialty Crops Feature Activity,2026-09-26T14:36:16+00:00
c3b5bf349c55f622,2016-03-18,Carrots,,per bunch,,,,,Yes,,,,,,,,0.99,$/per bunch,,,Southcentral,retail,,,,,,,,141.0,3324,Weekly Grocery Store Specialty Crops Feature Activity,2026-09-26T14:36:16+00:00
2f0e4f7f7dfb4884,2016-03-18,Carrots,BABY PEELED,1 lb bag,,,,,No,,,,,,,,0.99,$/1 lb bag,0.99,per lb,Southcentral,retail,,,,,,,,862.0,3324,Weekly Grocery Store Specialty Crops Feature Activity,2026-09-26T14:36:16+00:00
fedd66247d1b4280,2016-03-18,Carrots,BABY PEELED,1 lb bag,,,,,Yes,,,,,,,,1.5,$/1 lb bag,1.5,per lb,Southcentral,retail,,,,,,,,25.0,3324,Weekly Grocery Store Specialty Crops Feature Activity,2026-09-26T14:36:16+00:00
e509ccfdb276bfd2,2016-03-18,Carrots,BABY PEELED,2 lb bag,,,,,No,,,,,,,,2.49,$/2 lb bag,1.245,per lb,Southcentral,retail,,,,,,,,120.0,3324,Weekly Grocery Store Specialty Crops Feature Activity,2026-09-26T14:36:16+00:00
428a9a194163b846,2016-03-18,Celery,,each,,,,,No,,,,,,,,1.22,$/each,1.22,per each,Southcentral,retail,,,,,,,,170.0,3324,Weekly Grocery Store Specialty Crops Feature Activity,2026-09-26T14:36:16+00:00
acb3365688313089,2016-03-18,Celery,,each,,,,,Yes,,,,,,,,2.0,$/each,2.0,per each,Southcentral,retail,,,,,,,,25.0,3324,Weekly Grocery Store Specialty Crops Feature Activity,2026-09-26T14:36:16+00:00
0de85864a4a8ecbe,2016-03-18,Cucumbers,,each,,,,,No,,,,,,,,0.6,$/each,0.6,per each,Southcentral,retail,,,,,,,,531.0,3324,Weekly Grocery Store Specialty Crops Feature Activity,2026-09-26T14:36:16+00:00
e603aa2b0e4c446f,2016-03-18,Cucumbers,,each,,,,,Yes,,,,,,,,1.26,$/each,1.26,per each,Southcentral,retail,,,,,,,,261.0,3324,Weekly Grocery Store Specialty Crops Feature Activity,2026-09-26T14:36:16+00:00
2371ade42a947923,2016-03-18,Grapes,BLACK SEEDLESS,per lb,,,,,No,,,,,,,,2.19,$/per lb,2.19,per lb,Southcentral,retail,,,,,,,,244.0,3324,Weekly Grocery Store Specialty Crops Feature Activity,2026-09-26T14:36:16+00:00
3bca7027a56e5da1,2016-03-18,Grapes,RED SEEDLESS,per lb,,,,,No,,,,,,,,2.13,$/per lb,2.13,per lb,Southcentral,retail,,,,,,,,1450.0,3324,Weekly Grocery Store Specialty Crops Feature Activity,2026-09-26T14:36:16+00:00
362d172e2f3ff44e,2016-03-18,Grapes,Red Globe Seeded Type,per lb,,,,,No,,,,,,,,1.87,$/per lb,1.87,per lb,Southcentral,retail,,,,,,,,347.0,3324,Weekly Grocery Store Specialty Crops Feature Activity,2026-09-26T14:36:16+00:00
269a445722ae24af,2016-03-18,Grapes,WHITE SEEDLESS TYPE,per lb,,,,,No,,,,,,,,2.17,$/per lb,2.17,per lb,Southcentral,retail,,,,,,,,2078.0,3324,Weekly Grocery Store Specialty Crops Feature Activity,2026-09-26T14:36:16+00:00
1dd536e08fedde5f,2016-03-18,Lemons,,2 lb bag,,,,,Yes,,,,,,,,3.99,$/2 lb bag,1.995,per lb,Southcentral,retail,,,,,,,,36.0,3324,Weekly Grocery Store Specialty Crops Feature Activity,2026-09-26T14:36:16+00:00
898c03199b6206e9,2016-03-18,Lemons,,2 lb bag,,,,,No,,,,,,,,2.93,$/2 lb bag,1.465,per lb,Southcentral,retail,,,,,,,,315.0,3324,Weekly Grocery Store Specialty Crops Feature Activity,2026-09-26T14:36:16+00:00
e085b47413e4806f,2016-03-18,Lemons,,each,,,,,No,,,,,,,,0.37,$/each,0.37,per each,Southcentral,retail,,,,,,,,407.0,3324,Weekly Grocery Store Specialty Crops Feature Activity,2026-09-26T14:36:16+00:00
c20c1e99da202630,2016-03-18,Lemons,,per lb,,,,,No,,,,,,,,1.99,$/per lb,1.99,per lb,Southcentral,retail,,,,,,,,15.0,3324,Weekly Grocery Store Specialty Crops Feature Activity,2026-09-26T14:36:16+00:00
81f99a9c011e41ca,2016-03-18,Lettuce,Green Leaf,each,,,,,No,,,,,,,,1.01,$/each,1.01,per each,Southcentral,retail,,,,,,,,255.0,3324,Weekly Grocery Store Specialty Crops Feature Activity,2026-09-26T14:36:16+00:00
a36c3d071b907357,2016-03-18,Lettuce,Iceberg,each,,,,,No,,,,,,,,1.03,$/each,1.03,per each,Southcentral,retail,,,,,,,,424.0,3324,Weekly Grocery Store Specialty Crops Feature Activity,2026-09-26T14:36:16+00:00
9bb8acdee240a9d9,2016-03-18,Lettuce,Red Leaf,each,,,,,No,,,,,,,,0.99,$/each,0.99,per each,Southcentral,retail,,,,,,,,215.0,3324,Weekly Grocery Store Specialty Crops Feature Activity,2026-09-26T14:36:16+00:00
3c70da25f9d62570,2016-03-18,Lettuce,Romaine,each,,,,,Yes,,,,,,,,1.49,$/each,1.49,per each,Southcentral,retail,,,,,,,,11.0,3324,Weekly Grocery Store Specialty Crops Feature Activity,2026-09-26T14:36:16+00:00
407ab18a02beecf9,2016-03-18,Lettuce,Romaine,each,,,,,No,,,,,,,,1.0,$/each,1.0,per each,Southcentral,retail,,,,,,,,221.0,3324,Weekly Grocery Store Specialty Crops Feature Activity,2026-09-26T14:36:16+00:00
b8525606c6d6c520,2016-03-18,Lettuce,Romaine (Hearts),3 count,,,,,No,,,,,,,,3.2,$/3 count,,,Southcentral,retail,,,,,,,,148.0,3324,Weekly Grocery Store Specialty Crops Feature Activity,2026-09-26T14:36:16+00:00
bc4d857920d7413a,2016-03-18,Lettuce,Romaine (Hearts),3 count,,,,,Yes,,,,,,,,2.52,$/3 count,,,Southcentral,retail,,,,,,,,104.0,3324,Weekly Grocery Store Specialty Crops Feature Activity,2026-09-26T14:36:16+00:00
d567324ea853df4e,2016-03-18,Limes,,each,,,,,No,,,,,,,,0.27,$/each,0.27,per each,Southcentral,retail,,,,,,,,455.0,3324,Weekly Grocery Store Specialty Crops Feature Activity,2026-09-26T14:36:16+00:00
af97c35f74e2c41b,2016-03-18,"Onions, Dry",WHITE,per lb,,,,,No,,,,,,,,1.09,$/per lb,1.09,per lb,Southcentral,retail,,,,,,,,313.0,3324,Weekly Grocery Store Specialty Crops Feature Activity,2026-09-26T14:36:16+00:00
0e3f3164927b5534,2016-03-18,"Onions, Dry",YELLOW,2 lb bag,,,,,No,,,,,,,,1.0,$/2 lb bag,0.5,per lb,Southcentral,retail,,,,,,,,3.0,3324,Weekly Grocery Store Specialty Crops Feature Activity,2026-09-26T14:36:16+00:00
2f081a6599d979d9,2016-03-18,"Onions, Dry",YELLOW,3 lb bag,,,,,Yes,,,,,,,,2.5,$/3 lb bag,0.8333,per lb,Southcentral,retail,,,,,,,,25.0,3324,Weekly Grocery Store Specialty Crops Feature Activity,2026-09-26T14:36:16+00:00
4428e5877899638e,2016-03-18,"Onions, Dry",YELLOW,3 lb bag,,,,,No,,,,,,,,1.75,$/3 lb bag,0.5833,per lb,Southcentral,retail,,,,,,,,220.0,3324,Weekly Grocery Store Specialty Crops Feature Activity,2026-09-26T14:36:16+00:00
8d53e90ddbac387d,2016-03-18,"Onions, Dry",YELLOW,5 lb bag,,,,,No,,,,,,,,2.49,$/5 lb bag,0.498,per lb,Southcentral,retail,,,,,,,,40.0,3324,Weekly Grocery Store Specialty Crops Feature Activity,2026-09-26T14:36:16+00:00
00d9121d79431106,2016-03-18,"Onions, Dry",YELLOW,per lb,,,,,Yes,,,,,,,,0.98,$/per lb,0.98,per lb,Southcentral,retail,,,,,,,,5.0,3324,Weekly Grocery Store Specialty Crops Feature Activity,2026-09-26T14:36:16+00:00
aa0140ab239fb4b3,2016-03-18,"Onions, Dry",YELLOW,per lb,,,,,No,,,,,,,,0.85,$/per lb,0.85,per lb,Southcentral,retail,,,,,,,,648.0,3324,Weekly Grocery Store Specialty Crops Feature Activity,2026-09-26T14:36:16+00:00
8a7dda0a32e17aac,2016-03-18,"Onions, Dry",YELLOW MARKED SWEET,per lb,,,,,No,,,,,,,,1.05,$/per lb,1.05,per lb,Southcentral,retail,,,,,,,,778.0,3324,Weekly Grocery Store Specialty Crops Feature Activity,2026-09-26T14:36:16+00:00
f7bb52c70438883e,2016-03-18,"Peppers, Bell Type",GREEN,each,,,,,No,,,,,,,,0.58,$/each,0.58,per each,Southcentral,retail,,,,,,,,20.0,3324,Weekly Grocery Store Specialty Crops Feature Activity,2026-09-26T14:36:16+00:00
3717ce36b04ea8bd,2016-03-18,"Peppers, Bell Type",ORANGE,each,,,,,No,,,,,,,,1.59,$/each,1.59,per each,Southcentral,retail,,,,,,,,210.0,3324,Weekly Grocery Store Specialty Crops Feature Activity,2026-09-26T14:36:16+00:00
48285c9af4ecb836,2016-03-18,"Peppers, Bell Type",RED,each,,,,,No,,,,,,,,1.48,$/each,1.48,per each,Southcentral,retail,,,,,,,,506.0,3324,Weekly Grocery Store Specialty Crops Feature Activity,2026-09-26T14:36:16+00:00
b6079bf52ba6d673,2016-03-18,"Peppers, Bell Type",RED,per lb,,,,,No,,,,,,,,0.98,$/per lb,0.98,per lb,Southcentral,retail,,,,,,,,305.0,3324,Weekly Grocery Store Specialty Crops Feature Activity,2026-09-26T14:36:16+00:00
1b5c2871cebf6107,2016-03-18,"Peppers, Bell Type",YELLOW,each,,,,,No,,,,,,,,1.59,$/each,1.59,per each,Southcentral,retail,,,,,,,,210.0,3324,Weekly Grocery Store Specialty Crops Feature Activity,2026-09-26T14:36:16+00:00
f5943a1df84560e8,2016-03-18,Potatoes,ROUND RED,3 lb bag,,,,,No,,,,,,,,2.79,$/3 lb bag,0.93,per lb,Southcentral,retail,,,,,,,,282.0,3324,Weekly Grocery Store Specialty Crops Feature Activity,2026-09-26T14:36:16+00:00
cf29e45100791b2a,2016-03-18,Potatoes,ROUND RED,5 lb bag,,,,,No,,,,,,,,1.97,$/5 lb bag,0.394,per lb,Southcentral,retail,,,,,,,,735.0,3324,Weekly Grocery Store Specialty Crops Feature Activity,2026-09-26T14:36:16+00:00
4c85be7762ebe9e4,2016-03-18,Potatoes,ROUND RED,per lb,,,,,No,,,,,,,,0.7,$/per lb,0.7,per lb,Southcentral,retail,,,,,,,,475.0,3324,Weekly Grocery Store Specialty Crops Feature Activity,2026-09-26T14:36:16+00:00
a8c3c4ebb0f1170b,2016-03-18,Potatoes,ROUND RED,per lb,,,,,Yes,,,,,,,,0.98,$/per lb,0.98,per lb,Southcentral,retail,,,,,,,,5.0,3324,Weekly Grocery Store Specialty Crops Feature Activity,2026-09-26T14:36:16+00:00
844df8aa5625dcad,2016-03-18,Potatoes,ROUND WHITE,per lb,,,,,No,,,,,,,,0.99,$/per lb,0.99,per lb,Southcentral,retail,,,,,,,,141.0,3324,Weekly Grocery Store Specialty Crops Feature Activity,2026-09-26T14:36:16+00:00
9c8ef3e477bea1c7,2016-03-18,Potatoes,RUSSET,10 lb bag,,,,,No,,,,,,,,3.21,$/10 lb bag,0.321,per lb,Southcentral,retail,,,,,,,,273.0,3324,Weekly Grocery Store Specialty Crops Feature Activity,2026-09-26T14:36:16+00:00
fa177e76e5fd6344,2016-03-18,Potatoes,RUSSET,3 lb bag,,,,,Yes,,,,,,,,1.99,$/3 lb bag,0.6633,per lb,Southcentral,retail,,,,,,,,235.0,3324,Weekly Grocery Store Specialty Crops Feature Activity,2026-09-26T14:36:16+00:00
86cdc94fe86b979c,2016-03-18,Potatoes,RUSSET,5 lb bag,,,,,No,,,,,,,,1.59,$/5 lb bag,0.318,per lb,Southcentral,retail,,,,,,,,673.0,3324,Weekly Grocery Store Specialty Crops Feature Activity,2026-09-26T14:36:16+00:00
13b48d7c8b104792,2016-03-18,Potatoes,RUSSET,8 lb bag,,,,,No,,,,,,,,3.4,$/8 lb bag,0.425,per lb,Southcentral,retail,,,,,,,,46.0,3324,Weekly Grocery Store Specialty Crops Feature Activity,2026-09-26T14:36:16+00:00
e2667aa486ba7ba7,2016-03-18,Potatoes,RUSSET,per lb,,,,,No,,,,,,,,0.69,$/per lb,0.69,per lb,Southcentral,retail,,,,,,,,346.0,3324,Weekly Grocery Store Specialty Crops Feature Activity,2026-09-26T14:36:16+00:00
33a0095a3d4b2258,2016-03-18,Potatoes,YELLOW TYPE,3 lb bag,,,,,Yes,,,,,,,,3.99,$/3 lb bag,1.33,per lb,Southcentral,retail,,,,,,,,74.0,3324,Weekly Grocery Store Specialty Crops Feature Activity,2026-09-26T14:36:16+00:00
0218559c8fc4f4fc,2016-03-18,Potatoes,YELLOW TYPE,5 lb bag,,,,,No,,,,,,,,2.76,$/5 lb bag,0.552,per lb,Southcentral,retail,,,,,,,,338.0,3324,Weekly Grocery Store Specialty Crops Feature Activity,2026-09-26T14:36:16+00:00
639cd03a5b8de2b0,2016-03-18,Potatoes,YELLOW TYPE,per lb,,,,,No,,,,,,,,0.99,$/per lb,0.99,per lb,Southcentral,retail,,,,,,,,195.0,3324,Weekly Grocery Store Specialty Crops Feature Activity,2026-09-26T14:36:16+00:00
10ea885eeed90f9d,2016-03-18,Strawberries,,1 lb package,,,,,Yes,,,,,,,,3.23,$/1 lb package,3.23,per lb,Southcentral,retail,,,,,,,,498.0,3324,Weekly Grocery Store Specialty Crops Feature Activity,2026-09-26T14:36:16+00:00
122524a7ae33d440,2016-03-18,Strawberries,,1 lb package,,,,,No,,,,,,,,2.56,$/1 lb package,2.56,per lb,Southcentral,retail,,,,,,,,1366.0,3324,Weekly Grocery Store Specialty Crops Feature Activity,2026-09-26T14:36:16+00:00
43e15c16920df408,2016-03-18,Strawberries,,2 lb package,,,,,No,,,,,,,,3.57,$/2 lb package,1.785,per lb,Southcentral,retail,,,,,,,,156.0,3324,Weekly Grocery Store Specialty Crops Feature Activity,2026-09-26T14:36:16+00:00
c2475e9f95b219fb,2016-03-18,Tomatoes,,per lb,,,,,No,,,,,,,,1.14,$/per lb,1.14,per lb,Southcentral,retail,,,,,,,,351.0,3324,Weekly Grocery Store Specialty Crops Feature Activity,2026-09-26T14:36:16+00:00
1046ffc4bbfa3cf2,2016-03-18,Tomatoes,GRAPE TYPE,1 pint package,,,,,No,,,,,,,,1.0,$/1 pint package,,,Southcentral,retail,,,,,,,,3.0,3324,Weekly Grocery Store Specialty Crops Feature Activity,2026-09-26T14:36:16+00:00
412b695231d20deb,2016-03-18,Tomatoes,GRAPE TYPE,10 oz package,,,,,No,,,,,,,,2.3,$/10 oz package,3.68,per lb,Southcentral,retail,,,,,,,,337.0,3324,Weekly Grocery Store Specialty Crops Feature Activity,2026-09-26T14:36:16+00:00
6eb9f68233cd0263,2016-03-18,Tomatoes,GRAPE TYPE,10 oz package,,,,,Yes,,,,,,,,2.99,$/10 oz package,4.784,per lb,Southcentral,retail,,,,,,,,231.0,3324,Weekly Grocery Store Specialty Crops Feature Activity,2026-09-26T14:36:16+00:00
85dbfe8282ef8048,2016-03-18,Tomatoes,Plum Type (Roma),per lb,,,,,No,,,,,,,,0.95,$/per lb,0.95,per lb,Southcentral,retail,,,,,,,,756.0,3324,Weekly Grocery Store Specialty Crops Feature Activity,2026-09-26T14:36:16+00:00
2170d36a0efdc9d8,2016-03-18,Tomatoes,VINE RIPES,per lb,,,,,Yes,,,,,,,,1.99,$/per lb,1.99,per lb,Southcentral,retail,,,environment=Greenhouse,,,,,30.0,3324,Weekly Grocery Store Specialty Crops Feature Activity,2026-09-26T14:36:16+00:00
54b7605d8b92466b,2016-03-18,Tomatoes,VINE RIPES,per lb,,,,,No,,,,,,,,1.36,$/per lb,1.36,per lb,Southcentral,retail,,,environment=Greenhouse,,,,,123.0,3324,Weekly Grocery Store Specialty Crops Feature Activity,2026-09-26T14:36:16+00:00
db8d6fd640daf644,2016-03-18,Tomatoes,VINE RIPES,per lb,,,,,No,,,,,,,,1.49,$/per lb,1.49,per lb,Southcentral,retail,,,,,,,,11.0,3324,Weekly Grocery Store Specialty Crops Feature Activity,2026-09-26T14:36:16+00:00
44de6874a21bcf17,2016-03-18,Tomatoes,VINE RIPES - ON THE VINE,per lb,,,,,Yes,,,,,,,,2.34,$/per lb,2.34,per lb,Southcentral,retail,,,environment=Greenhouse,,,,,175.0,3324,Weekly Grocery Store Specialty Crops Feature Activity,2026-09-26T14:36:16+00:00
ec2f41a4327f6841,2016-03-18,Tomatoes,VINE RIPES - ON THE VINE,per lb,,,,,No,,,,,,,,1.42,$/per lb,1.42,per lb,Southcentral,retail,,,environment=Greenhouse,,,,,232.0,3324,Weekly Grocery Store Specialty Crops Feature Activity,2026-09-26T14:36:16+00:00
96a11a9c32457615,2016-03-18,Avocados,HASS,each,,,,,Yes,,,,,,,,1.84,$/each,1.84,per each,Southeast,retail,,,,,,,,308.0,3324,Weekly Grocery Store Specialty Crops Feature Activity,2026-09-26T14:36:16+00:00
96e445974f62d212,2016-03-18,Avocados,HASS,each,,,,,No,,,,,,,,1.04,$/each,1.04,per each,Southeast,retail,,,,,,,,2959.0,3324,Weekly Grocery Store Specialty Crops Feature Activity,2026-09-26T14:36:16+00:00
c5efee6c6ab30728,2016-03-18,Bananas,,per lb,,,,,No,,,,,,,,0.43,$/per lb,0.43,per lb,Southeast,retail,,,,,,,,139.0,3324,Weekly Grocery Store Specialty Crops Feature Activity,2026-09-26T14:36:16+00:00
d1773953b0a2aab8,2016-03-18,Bananas,,per lb,,,,,Yes,,,,,,,,0.79,$/per lb,0.79,per lb,Southeast,retail,,,,,,,,60.0,3324,Weekly Grocery Store Specialty Crops Feature Activity,2026-09-26T14:36:16+00:00
0ae5b7f8e69a2a1c,2016-03-18,Blueberries,,1 pint package,,,,,No,,,,,,,,3.3,$/1 pint package,,,Southeast,retail,,,,,,,,1339.0,3324,Weekly Grocery Store Specialty Crops Feature Activity,2026-09-26T14:36:16+00:00
0895d4c749e81ae4,2016-03-18,Blueberries,,6 oz package,,,,,Yes,,,,,,,,2.99,$/6 oz package,7.9733,per lb,Southeast,retail,,,,,,,,9.0,3324,Weekly Grocery Store Specialty Crops Feature Activity,2026-09-26T14:36:16+00:00
3026d19a7fdfdc8d,2016-03-18,Blueberries,,6 oz package,,,,,No,,,,,,,,2.54,$/6 oz package,6.7733,per lb,Southeast,retail,,,,,,,,207.0,3324,Weekly Grocery Store Specialty Crops Feature Activity,2026-09-26T14:36:16+00:00
1addbfe076137d8f,2016-03-18,Broccoli,,per bunch,,,,,Yes,,,,,,,,1.99,$/per bunch,,,Southeast,retail,,,,,,,,13.0,3324,Weekly Grocery Store Specialty Crops Feature Activity,2026-09-26T14:36:16+00:00
fcfe18db948b237e,2016-03-18,Broccoli,,per bunch,,,,,No,,,,,,,,2.41,$/per bunch,,,Southeast,retail,,,,,,,,1281.0,3324,Weekly Grocery Store Specialty Crops Feature Activity,2026-09-26T14:36:16+00:00
b32fc4476b05ec2f,2016-03-18,Broccoli,,per lb,,,,,No,,,,,,,,1.69,$/per lb,1.69,per lb,Southeast,retail,,,,,,,,60.0,3324,Weekly Grocery Store Specialty Crops Feature Activity,2026-09-26T14:36:16+00:00
411494db6406377b,2016-03-18,Broccoli,CROWN CUT,per lb,,,,,No,,,,,,,,1.47,$/per lb,1.47,per lb,Southeast,retail,,,,,,,,599.0,3324,Weekly Grocery Store Specialty Crops Feature Activity,2026-09-26T14:36:16+00:00
c755ddaf31a64728,2016-03-18,Broccoli,CROWN CUT,per lb,,,,,Yes,,,,,,,,2.99,$/per lb,2.99,per lb,Southeast,retail,,,,,,,,42.0,3324,Weekly Grocery Store Specialty Crops Feature Activity,2026-09-26T14:36:16+00:00
3aac821f5776695b,2016-03-18,Carrots,,1 lb bag,,,,,No,,,,,,,,0.76,$/1 lb bag,0.76,per lb,Southeast,retail,,,,,,,,82.0,3324,Weekly Grocery Store Specialty Crops Feature Activity,2026-09-26T14:36:16+00:00
6e19aafabfe4d43e,2016-03-18,Carrots,,2 lb bag,,,,,No,,,,,,,,1.4,$/2 lb bag,0.7,per lb,Southeast,retail,,,,,,,,119.0,3324,Weekly Grocery Store Specialty Crops Feature Activity,2026-09-26T14:36:16+00:00
c2cd78a71294f171,2016-03-18,Carrots,,2 lb bag,,,,,Yes,,,,,,,,2.99,$/2 lb bag,1.495,per lb,Southeast,retail,,,,,,,,9.0,3324,Weekly Grocery Store Specialty Crops Feature Activity,2026-09-26T14:36:16+00:00
2e467a598b98196b,2016-03-18,Carrots,,per bunch,,,,,Yes,,,,,,,,1.49,$/per bunch,,,Southeast,retail,,,,,,,,214.0,3324,Weekly Grocery Store Specialty Crops Feature Activity,2026-09-26T14:36:16+00:00
c9e22c05c2a664fc,2016-03-18,Carrots,BABY PEELED,1 lb bag,,,,,No,,,,,,,,1.22,$/1 lb bag,1.22,per lb,Southeast,retail,,,,,,,,1678.0,3324,Weekly Grocery Store Specialty Crops Feature Activity,2026-09-26T14:36:16+00:00
e69776c958636fd5,2016-03-18,Carrots,BABY PEELED,1 lb bag,,,,,Yes,,,,,,,,1.57,$/1 lb bag,1.57,per lb,Southeast,retail,,,,,,,,151.0,3324,Weekly Grocery Store Specialty Crops Feature Activity,2026-09-26T14:36:16+00:00
aaba2d93f7b18b32,2016-03-18,Carrots,BABY PEELED,2 lb bag,,,,,No,,,,,,,,2.15,$/2 lb bag,1.075,per lb,Southeast,retail,,,,,,,,185.0,3324,Weekly Grocery Store Specialty Crops Feature Activity,2026-09-26T14:36:16+00:00
a2a8ab5930d80a70,2016-03-18,Celery,,each,,,,,Yes,,,,,,,,1.99,$/each,1.99,per each,Southeast,retail,,,,,,,,17.0,3324,Weekly Grocery Store Specialty Crops Feature Activity,2026-09-26T14:36:16+00:00
af0b64262e07084d,2016-03-18,Celery,,each,,,,,No,,,,,,,,1.25,$/each,1.25,per each,Southeast,retail,,,,,,,,114.0,3324,Weekly Grocery Store Specialty Crops Feature Activity,2026-09-26T14:36:16+00:00
ab90f9a28bfe9525,2016-03-18,Celery,HEARTS,each,,,,,No,,,,,,,,2.16,$/each,2.16,per each,Southeast,retail,,,,,,,,189.0,3324,Weekly Grocery Store Specialty Crops Feature Activity,2026-09-26T14:36:16+00:00
df942e54483f214d,2016-03-18,Celery,HEARTS,each,,,,,Yes,,,,,,,,3.99,$/each,3.99,per each,Southeast,retail,,,,,,,,7.0,3324,Weekly Grocery Store Specialty Crops Feature Activity,2026-09-26T14:36:16+00:00
827f92b1b5997123,2016-03-18,Cucumbers,,each,,,,,No,,,,,,,,0.58,$/each,0.58,per each,Southeast,retail,,,,,,,,94.0,3324,Weekly Grocery Store Specialty Crops Feature Activity,2026-09-26T14:36:16+00:00
8ec83c3a4f06ef05,2016-03-18,Cucumbers,,each,,,,,Yes,,,,,,,,1.0,$/each,1.0,per each,Southeast,retail,,,,,,,,25.0,3324,Weekly Grocery Store Specialty Crops Feature Activity,2026-09-26T14:36:16+00:00
42022df7de3489e0,2016-03-18,Cucumbers,LONG SEEDLESS,each,,,,,No,,,,,,,,1.1,$/each,1.1,per each,Southeast,retail,,,environment=Greenhouse,,,,,406.0,3324,Weekly Grocery Store Specialty Crops Feature Activity,2026-09-26T14:36:16+00:00
dea4f2edc0683361,2016-03-18,Cucumbers,LONG SEEDLESS,each,,,,,Yes,,,,,,,,2.0,$/each,2.0,per each,Southeast,retail,,,environment=Greenhouse,,,,,90.0,3324,Weekly Grocery Store Specialty Crops Feature Activity,2026-09-26T14:36:16+00:00
c9213d906f23b70e,2016-03-18,Grapes,BLACK SEEDLESS,per lb,,,,,No,,,,,,,,2.43,$/per lb,2.43,per lb,Southeast,retail,,,,,,,,1002.0,3324,Weekly Grocery Store Specialty Crops Feature Activity,2026-09-26T14:36:16+00:00
d361ba8352aaf4d3,2016-03-18,Grapes,RED SEEDLESS,per lb,,,,,No,,,,,,,,2.31,$/per lb,2.31,per lb,Southeast,retail,,,,,,,,3342.0,3324,Weekly Grocery Store Specialty Crops Feature Activity,2026-09-26T14:36:16+00:00
9f29579df32f7475,2016-03-18,Grapes,Red Globe Seeded Type,per lb,,,,,No,,,,,,,,2.13,$/per lb,2.13,per lb,Southeast,retail,,,,,,,,1472.0,3324,Weekly Grocery Store Specialty Crops Feature Activity,2026-09-26T14:36:16+00:00
e73c28cd8c40787f,2016-03-18,Grapes,WHITE SEEDLESS TYPE,per lb,,,,,No,,,,,,,,2.22,$/per lb,2.22,per lb,Southeast,retail,,,,,,,,3138.0,3324,Weekly Grocery Store Specialty Crops Feature Activity,2026-09-26T14:36:16+00:00
363c95327e3983df,2016-03-18,Lemons,,2 lb bag,,,,,No,,,,,,,,3.01,$/2 lb bag,1.505,per lb,Southeast,retail,,,,,,,,519.0,3324,Weekly Grocery Store Specialty Crops Feature Activity,2026-09-26T14:36:16+00:00
676cf57aa20c1855,2016-03-18,Lemons,,2 lb bag,,,,,Yes,,,,,,,,3.61,$/2 lb bag,1.805,per lb,Southeast,retail,,,,,,,,403.0,3324,Weekly Grocery Store Specialty Crops Feature Activity,2026-09-26T14:36:16+00:00
37a1170599969f0f,2016-03-18,Lemons,,each,,,,,No,,,,,,,,0.45,$/each,0.45,per each,Southeast,retail,,,,,,,,160.0,3324,Weekly Grocery Store Specialty Crops Feature Activity,2026-09-26T14:36:16+00:00
174be3f738e0fe33,2016-03-18,Lettuce,Green Leaf,each,,,,,No,,,,,,,,1.28,$/each,1.28,per each,Southeast,retail,,,,,,,,1030.0,3324,Weekly Grocery Store Specialty Crops Feature Activity,2026-09-26T14:36:16+00:00
7e12d7fb6a8f06d8,2016-03-18,Lettuce,Green Leaf,per lb,,,,,No,,,,,,,,1.26,$/per lb,1.26,per lb,Southeast,retail,,,,,,,,22.0,3324,Weekly Grocery Store Specialty Crops Feature Activity,2026-09-26T14:36:16+00:00
a4d9361983bf4a4f,2016-03-18,Lettuce,Iceberg,each,,,,,No,,,,,,,,1.16,$/each,1.16,per each,Southeast,retail,,,,,,,,167.0,3324,Weekly Grocery Store Specialty Crops Feature Activity,2026-09-26T14:36:16+00:00
36f8fbeef77efa64,2016-03-18,Lettuce,Iceberg,per lb,,,,,No,,,,,,,,0.33,$/per lb,0.33,per lb,Southeast,retail,,,,,,,,24.0,3324,Weekly Grocery Store Specialty Crops Feature Activity,2026-09-26T14:36:16+00:00
d9a2d710412f3601,2016-03-18,Lettuce,Red Leaf,each,,,,,No,,,,,,,,1.28,$/each,1.28,per each,Southeast,retail,,,,,,,,1030.0,3324,Weekly Grocery Store Specialty Crops Feature Activity,2026-09-26T14:36:16+00:00
ce8e7cb6d68e9686,2016-03-18,Lettuce,Red Leaf,per lb,,,,,No,,,,,,,,1.26,$/per lb,1.26,per lb,Southeast,retail,,,,,,,,22.0,3324,Weekly Grocery Store Specialty Crops Feature Activity,2026-09-26T14:36:16+00:00
d95a1aea178d71f0,2016-03-18,Lettuce,Romaine,each,,,,,No,,,,,,,,1.29,$/each,1.29,per each,Southeast,retail,,,,,,,,1016.0,3324,Weekly Grocery Store Specialty Crops Feature Activity,2026-09-26T14:36:16+00:00
6ba6b60fd97008a4,2016-03-18,Lettuce,Romaine,per lb,,,,,No,,,,,,,,0.99,$/per lb,0.99,per lb,Southeast,retail,,,,,,,,2.0,3324,Weekly Grocery Store Specialty Crops Feature Activity,2026-09-26T14:36:16+00:00
21a8c929fe6267aa,2016-03-18,Lettuce,Romaine (Hearts),3 count,,,,,No,,,,,,,,2.05,$/3 count,,,Southeast,retail,,,,,,,,257.0,3324,Weekly Grocery Store Specialty Crops Feature Activity,2026-09-26T14:36:16+00:00
59f9133f3ec8602f,2016-03-18,Lettuce,Romaine (Hearts),3 count,,,,,Yes,,,,,,,,3.31,$/3 count,,,Southeast,retail,,,,,,,,326.0,3324,Weekly Grocery Store Specialty Crops Feature Activity,2026-09-26T14:36:16+00:00
501fe0d77c7e6634,2016-03-18,Limes,,each,,,,,No,,,,,,,,0.39,$/each,0.39,per each,Southeast,retail,,,,,,,,11.0,3324,Weekly Grocery Store Specialty Crops Feature Activity,2026-09-26T14:36:16+00:00
1136ed22fc3f1f03,2016-03-18,"Onions, Dry",RED,per lb,,,,,No,,,,,,,,1.51,$/per lb,1.51,per lb,Southeast,retail,,,,,,,,84.0,3324,Weekly Grocery Store Specialty Crops Feature Activity,2026-09-26T14:36:16+00:00
021a159166783dec,2016-03-18,"Onions, Dry",WHITE,2 lb bag,,,,,No,,,,,,,,1.0,$/2 lb bag,0.5,per lb,Southeast,retail,,,,,,,,214.0,3324,Weekly Grocery Store Specialty Crops Feature Activity,2026-09-26T14:36:16+00:00
6b96921d1fc058f9,2016-03-18,"Onions, Dry",WHITE,per lb,,,,,No,,,,,,,,0.99,$/per lb,0.99,per lb,Southeast,retail,,,,,,,,14.0,3324,Weekly Grocery Store Specialty Crops Feature Activity,2026-09-26T14:36:16+00:00
2bed7058363db5ce,2016-03-18,"Onions, Dry",YELLOW,2 lb bag,,,,,No,,,,,,,,1.02,$/2 lb bag,0.51,per lb,Southeast,retail,,,,,,,,62.0,3324,Weekly Grocery Store Specialty Crops Feature Activity,2026-09-26T14:36:16+00:00
27746b124c25cbb6,2016-03-18,"Onions, Dry",YELLOW,3 lb bag,,,,,No,,,,,,,,1.49,$/3 lb bag,0.4967,per lb,Southeast,retail,,,,,,,,513.0,3324,Weekly Grocery Store Specialty Crops Feature Activity,2026-09-26T14:36:16+00:00
21f66e0251cc0e4d,2016-03-18,"Onions, Dry",YELLOW,per lb,,,,,Yes,,,,,,,,1.29,$/per lb,1.29,per lb,Southeast,retail,,,,,,,,214.0,3324,Weekly Grocery Store Specialty Crops Feature Activity,2026-09-26T14:36:16+00:00
8b525b74369dc36e,2016-03-18,"Onions, Dry",YELLOW,per lb,,,,,No,,,,,,,,0.95,$/per lb,0.95,per lb,Southeast,retail,,,,,,,,104.0,3324,Weekly Grocery Store Specialty Crops Feature Activity,2026-09-26T14:36:16+00:00
841fa1e71341a244,2016-03-18,"Onions, Dry",YELLOW MARKED SWEET,3 lb bag,,,,,No,,,,,,,,2.29,$/3 lb bag,0.7633,per lb,Southeast,retail,,,,,,,,36.0,3324,Weekly Grocery Store Specialty Crops Feature Activity,2026-09-26T14:36:16+00:00
a6ed93953f81bf22,2016-03-18,"Onions, Dry",YELLOW MARKED SWEET,per lb,,,,,No,,,,,,,,1.28,$/per lb,1.28,per lb,Southeast,retail,,,,,,,,458.0,3324,Weekly Grocery Store Specialty Crops Feature Activity,2026-09-26T14:36:16+00:00
00dcf4c8961181b6,2016-03-18,"Peppers, Bell Type",GREEN,each,,,,,No,,,,,,,,1.99,$/each,1.99,per each,Southeast,retail,,,,,,,,60.0,3324,Weekly Grocery Store Specialty Crops Feature Activity,2026-09-26T14:36:16+00:00
379b562badffaae6,2016-03-18,"Peppers, Bell Type",ORANGE,each,,,,,No,,,,,,,,1.5,$/each,1.5,per each,Southeast,retail,,,environment=Greenhouse,,,,,10.0,3324,Weekly Grocery Store Specialty Crops Feature Activity,2026-09-26T14:36:16+00:00
d9c180c4fc610454,2016-03-18,"Peppers, Bell Type",ORANGE,each,,,,,No,,,,,,,,1.41,$/each,1.41,per each,Southeast,retail,,,,,,,,100.0,3324,Weekly Grocery Store Specialty Crops Feature Activity,2026-09-26T14:36:16+00:00
39c6357338dc85bb,2016-03-18,"Peppers, Bell Type",ORANGE,per lb,,,,,No,,,,,,,,1.28,$/per lb,1.28,per lb,Southeast,retail,,,,,,,,5.0,3324,Weekly Grocery Store Specialty Crops Feature Activity,2026-09-26T14:36:16+00:00
963e2e8e32dad112,2016-03-18,"Peppers, Bell Type",RED,each,,,,,No,,,,,,,,1.5,$/each,1.5,per each,Southeast,retail,,,environment=Greenhouse,,,,,10.0,3324,Weekly Grocery Store Specialty Crops Feature Activity,2026-09-26T14:36:16+00:00
d7550ba11b475383,2016-03-18,"Peppers, Bell Type",RED,each,,,,,No,,,,,,,,1.67,$/each,1.67,per each,Southeast,retail,,,,,,,,150.0,3324,Weekly Grocery Store Specialty Crops Feature Activity,2026-09-26T14:36:16+00:00
18705465dff094a4,2016-03-18,"Peppers, Bell Type",RED,per lb,,,,,No,,,,,,,,1.2,$/per lb,1.2,per lb,Southeast,retail,,,,,,,,7.0,3324,Weekly Grocery Store Specialty Crops Feature Activity,2026-09-26T14:36:16+00:00
7a9c494795f8a1e3,2016-03-18,"Peppers, Bell Type",YELLOW,each,,,,,No,,,,,,,,1.42,$/each,1.42,per each,Southeast,retail,,,,,,,,115.0,3324,Weekly Grocery Store Specialty Crops Feature Activity,2026-09-26T14:36:16+00:00
97a84a7a437ea341,2016-03-18,"Peppers, Bell Type",YELLOW,each,,,,,No,,,,,,,,1.5,$/each,1.5,per each,Southeast,retail,,,environment=Greenhouse,,,,,10.0,3324,Weekly Grocery Store Specialty Crops Feature Activity,2026-09-26T14:36:16+00:00
575308cdb9110b3d,2016-03-18,"Peppers, Bell Type",YELLOW,per lb,,,,,No,,,,,,,,1.28,$/per lb,1.28,per lb,Southeast,retail,,,,,,,,5.0,3324,Weekly Grocery Store Specialty Crops Feature Activity,2026-09-26T14:36:16+00:00
cab44b74e1254314,2016-03-18,Potatoes,ROUND RED,10 lb bag,,,,,No,,,,,,,,2.17,$/10 lb bag,0.217,per lb,Southeast,retail,,,,,,,,2.0,3324,Weekly Grocery Store Specialty Crops Feature Activity,2026-09-26T14:36:16+00:00
f23e88228876255d,2016-03-18,Potatoes,ROUND RED,3 lb bag,,,,,Yes,,,,,,,,3.99,$/3 lb bag,1.33,per lb,Southeast,retail,,,,,,,,60.0,3324,Weekly Grocery Store Specialty Crops Feature Activity,2026-09-26T14:36:16+00:00
d2ef70705b7166d0,2016-03-18,Potatoes,ROUND RED,5 lb bag,,,,,No,,,,,,,,2.74,$/5 lb bag,0.548,per lb,Southeast,retail,,,,,,,,1735.0,3324,Weekly Grocery Store Specialty Crops Feature Activity,2026-09-26T14:36:16+00:00
ae6b8e09f83a22f3,2016-03-18,Potatoes,ROUND RED,per lb,,,,,No,,,,,,,,0.98,$/per lb,0.98,per lb,Southeast,retail,,,,,,,,225.0,3324,Weekly Grocery Store Specialty Crops Feature Activity,2026-09-26T14:36:16+00:00
cbd859685ea0ec7b,2016-03-18,Potatoes,ROUND WHITE,5 lb bag,,,,,No,,,,,,,,2.97,$/5 lb bag,0.594,per lb,Southeast,retail,,,,,,,,220.0,3324,Weekly Grocery Store Specialty Crops Feature Activity,2026-09-26T14:36:16+00:00
101a29a2c4fd6822,2016-03-18,Potatoes,RUSSET,10 lb bag,,,,,No,,,,,,,,3.63,$/10 lb bag,0.363,per lb,Southeast,retail,,,,,,,,266.0,3324,Weekly Grocery Store Specialty Crops Feature Activity,2026-09-26T14:36:16+00:00
c5fba223c2a4bb66,2016-03-18,Potatoes,RUSSET,3 lb bag,,,,,Yes,,,,,,,,2.47,$/3 lb bag,0.8233,per lb,Southeast,retail,,,,,,,,692.0,3324,Weekly Grocery Store Specialty Crops Feature Activity,2026-09-26T14:36:16+00:00
90b00c440621dcd9,2016-03-18,Potatoes,RUSSET,5 lb bag,,,,,No,,,,,,,,2.21,$/5 lb bag,0.442,per lb,Southeast,retail,,,,,,,,241.0,3324,Weekly Grocery Store Specialty Crops Feature Activity,2026-09-26T14:36:16+00:00
cd863ad17c97c1a3,2016-03-18,Potatoes,RUSSET,8 lb bag,,,,,No,,,,,,,,1.99,$/8 lb bag,0.2487,per lb,Southeast,retail,,,,,,,,546.0,3324,Weekly Grocery Store Specialty Crops Feature Activity,2026-09-26T14:36:16+00:00
4aa2f215d413f1a7,2016-03-18,Potatoes,RUSSET,per lb,,,,,No,,,,,,,,0.76,$/per lb,0.76,per lb,Southeast,retail,,,,,,,,54.0,3324,Weekly Grocery Store Specialty Crops Feature Activity,2026-09-26T14:36:16+00:00
d59193401ca1c2ef,2016-03-18,Potatoes,YELLOW TYPE,3 lb bag,,,,,Yes,,,,,,,,3.99,$/3 lb bag,1.33,per lb,Southeast,retail,,,,,,,,60.0,3324,Weekly Grocery Store Specialty Crops Feature Activity,2026-09-26T14:36:16+00:00
16f2aec23ca0b338,2016-03-18,Potatoes,YELLOW TYPE,5 lb bag,,,,,No,,,,,,,,3.0,$/5 lb bag,0.6,per lb,Southeast,retail,,,,,,,,1201.0,3324,Weekly Grocery Store Specialty Crops Feature Activity,2026-09-26T14:36:16+00:00
ad989050c747d7cc,2016-03-18,Strawberries,,1 lb package,,,,,Yes,,,,,,,,3.3,$/1 lb package,3.3,per lb,Southeast,retail,,,,,,,,1362.0,3324,Weekly Grocery Store Specialty Crops Feature Activity,2026-09-26T14:36:16+00:00
aedfc937ceefccb0,2016-03-18,Strawberries,,1 lb package,,,,,No,,,,,,,,2.0,$/1 lb package,2.0,per lb,Southeast,retail,,,,,,,,1998.0,3324,Weekly Grocery Store Specialty Crops Feature Activity,2026-09-26T14:36:16+00:00
25f2d061e7beff17,2016-03-18,Strawberries,,2 lb package,,,,,No,,,,,,,,3.99,$/2 lb package,1.995,per lb,Southeast,retail,,,,,,,,120.0,3324,Weekly Grocery Store Specialty Crops Feature Activity,2026-09-26T14:36:16+00:00
02443fac8b623cd5,2016-03-18,Tomatoes,,per lb,,,,,Yes,,,,,,,,2.84,$/per lb,2.84,per lb,Southeast,retail,,,,,,,,252.0,3324,Weekly Grocery Store Specialty Crops Feature Activity,2026-09-26T14:36:16+00:00
09018a4ec06aec64,2016-03-18,Tomatoes,,per lb,,,,,No,,,,,,,,1.24,$/per lb,1.24,per lb,Southeast,retail,,,,,,,,109.0,3324,Weekly Grocery Store Specialty Crops Feature Activity,2026-09-26T14:36:16+00:00
08eef7ef7c63f8d1,2016-03-18,Tomatoes,GRAPE TYPE,1 pint package,,,,,No,,,,,,,,2.09,$/1 pint package,,,Southeast,retail,,,,,,,,2184.0,3324,Weekly Grocery Store Specialty Crops Feature Activity,2026-09-26T14:36:16+00:00
849073cd9c0525d5,2016-03-18,Tomatoes,GRAPE TYPE,1 pint package,,,,,Yes,,,,,,,,2.51,$/1 pint package,,,Southeast,retail,,,,,,,,328.0,3324,Weekly Grocery Store Specialty Crops Feature Activity,2026-09-26T14:36:16+00:00
24840a73e8874cfe,2016-03-18,Tomatoes,GRAPE TYPE,10 oz package,,,,,No,,,,,,,,1.99,$/10 oz package,3.184,per lb,Southeast,retail,,,,,,,,109.0,3324,Weekly Grocery Store Specialty Crops Feature Activity,2026-09-26T14:36:16+00:00
cb28247dd5c282eb,2016-03-18,Tomatoes,Plum Type (Roma),per lb,,,,,No,,,,,,,,1.23,$/per lb,1.23,per lb,Southeast,retail,,,,,,,,224.0,3324,Weekly Grocery Store Specialty Crops Feature Activity,2026-09-26T14:36:16+00:00
c196c2ee957b07aa,2016-03-18,Tomatoes,VINE RIPES,per lb,,,,,Yes,,,,,,,,1.99,$/per lb,1.99,per lb,Southeast,retail,,,,,,,,20.0,3324,Weekly Grocery Store Specialty Crops Feature Activity,2026-09-26T14:36:16+00:00
c986184abc4e7ea0,2016-03-18,Tomatoes,VINE RIPES,per lb,,,,,No,,,,,,,,1.41,$/per lb,1.41,per lb,Southeast,retail,,,,,,,,251.0,3324,Weekly Grocery Store Specialty Crops Feature Activity,2026-09-26T14:36:16+00:00
e6fa50085907b1aa,2016-03-18,Tomatoes,VINE RIPES,per lb,,,,,No,,,,,,,,2.45,$/per lb,2.45,per lb,Southeast,retail,,,environment=Greenhouse,,,,,235.0,3324,Weekly Grocery Store Specialty Crops Feature Activity,2026-09-26T14:36:16+00:00
f9faeacf31ebfb34,2016-03-18,Tomatoes,VINE RIPES,per lb,,,,,Yes,,,,,,,,2.48,$/per lb,2.48,per lb,Southeast,retail,,,environment=Greenhouse,,,,,195.0,3324,Weekly Grocery Store Specialty Crops Feature Activity,2026-09-26T14:36:16+00:00
02a5e2d41be322d4,2016-03-18,Tomatoes,VINE RIPES - ON THE VINE,per lb,,,,,Yes,,,,,,,,1.98,$/per lb,1.98,per lb,Southeast,retail,,,environment=Greenhouse,,,,,7.0,3324,Weekly Grocery Store Specialty Crops Feature Activity,2026-09-26T14:36:16+00:00
4eec0c520602d2eb,2016-03-18,Tomatoes,VINE RIPES - ON THE VINE,per lb,,,,,No,,,,,,,,1.73,$/per lb,1.73,per lb,Southeast,retail,,,environment=Greenhouse,,,,,2656.0,3324,Weekly Grocery Store Specialty Crops Feature Activity,2026-09-26T14:36:16+00:00
66748211683efb70,2016-03-18,Avocados,HASS,each,,,,,Yes,,,,,,,,1.74,$/each,1.74,per each,Southwest,retail,,,,,,,,696.0,3324,Weekly Grocery Store Specialty Crops Feature Activity,2026-09-26T14:36:16+00:00
84b41c1938292a81,2016-03-18,Avocados,HASS,each,,,,,No,,,,,,,,0.96,$/each,0.96,per each,Southwest,retail,,,,,,,,1616.0,3324,Weekly Grocery Store Specialty Crops Feature Activity,2026-09-26T14:36:16+00:00
e36698fb1c80a968,2016-03-18,Avocados,HASS,per lb,,,,,No,,,,,,,,0.25,$/per lb,0.25,per lb,Southwest,retail,,,,,,,,5.0,3324,Weekly Grocery Store Specialty Crops Feature Activity,2026-09-26T14:36:16+00:00
f21d092184f17d42,2016-03-18,Avocados,VARIOUS GREENSKIN VARIETIES,each,,,,,No,,,,,,,,1.51,$/each,1.51,per each,Southwest,retail,,,,,,,,128.0,3324,Weekly Grocery Store Specialty Crops Feature Activity,2026-09-26T14:36:16+00:00
0cb4df355c189779,2016-03-18,Bananas,,per lb,,,,,Yes,,,,,,,,0.79,$/per lb,0.79,per lb,Southwest,retail,,,,,,,,73.0,3324,Weekly Grocery Store Specialty Crops Feature Activity,2026-09-26T14:36:16+00:00
92ca8471767db281,2016-03-18,Bananas,,per lb,,,,,No,,,,,,,,0.59,$/per lb,0.59,per lb,Southwest,retail,,,,,,,,124.0,3324,Weekly Grocery Store Specialty Crops Feature Activity,2026-09-26T14:36:16+00:00
373caeb658d8b677,2016-03-18,Blueberries,,6 oz package,,,,,No,,,,,,,,2.33,$/6 oz package,6.2133,per lb,Southwest,retail,,,,,,,,911.0,3324,Weekly Grocery Store Specialty Crops Feature Activity,2026-09-26T14:36:16+00:00
cf60775a397cb7d9,2016-03-18,Blueberries,,6 oz package,,,,,Yes,,,,,,,,3.92,$/6 oz package,10.4533,per lb,Southwest,retail,,,,,,,,21.0,3324,Weekly Grocery Store Specialty Crops Feature Activity,2026-09-26T14:36:16+00:00
b05c5fadaa497b0a,2016-03-18,Broccoli,,per bunch,,,,,Yes,,,,,,,,1.99,$/per bunch,,,Southwest,retail,,,,,,,,9.0,3324,Weekly Grocery Store Specialty Crops Feature Activity,2026-09-26T14:36:16+00:00
0c898b3524e1a713,2016-03-18,Broccoli,,per lb,,,,,Yes,,,,,,,,1.29,$/per lb,1.29,per lb,Southwest,retail,,,,,,,,63.0,3324,Weekly Grocery Store Specialty Crops Feature Activity,2026-09-26T14:36:16+00:00
93e0c9c828cedd34,2016-03-18,Broccoli,,per lb,,,,,No,,,,,,,,0.93,$/per lb,0.93,per lb,Southwest,retail,,,,,,,,213.0,3324,Weekly Grocery Store Specialty Crops Feature Activity,2026-09-26T14:36:16+00:00
9eaca1867e840cdf,2016-03-18,Broccoli,CROWN CUT,per lb,,,,,No,,,,,,,,0.99,$/per lb,0.99,per lb,Southwest,retail,,,,,,,,327.0,3324,Weekly Grocery Store Specialty Crops Feature Activity,2026-09-26T14:36:16+00:00
1aec91a68239118a,2016-03-18,Carrots,,1 lb bag,,,,,No,,,,,,,,0.39,$/1 lb bag,0.39,per lb,Southwest,retail,,,,,,,,7.0,3324,Weekly Grocery Store Specialty Crops Feature Activity,2026-09-26T14:36:16+00:00
db689ba9c860eb91,2016-03-18,Carrots,,2 lb bag,,,,,No,,,,,,,,1.13,$/2 lb bag,0.565,per lb,Southwest,retail,,,,,,,,149.0,3324,Weekly Grocery Store Specialty Crops Feature Activity,2026-09-26T14:36:16+00:00
b2b150c7c32f0c57,2016-03-18,Carrots,,per bunch,,,,,Yes,,,,,,,,1.5,$/per bunch,,,Southwest,retail,,,,,,,,241.0,3324,Weekly Grocery Store Specialty Crops Feature Activity,2026-09-26T14:36:16+00:00
a8d6c2223194f9c3,2016-03-18,Carrots,,per lb,,,,,No,,,,,,,,0.36,$/per lb,0.36,per lb,Southwest,retail,,,,,,,,131.0,3324,Weekly Grocery Store Specialty Crops Feature Activity,2026-09-26T14:36:16+00:00
a800b3a743513dce,2016-03-18,Carrots,BABY PEELED,1 lb bag,,,,,Yes,,,,,,,,1.19,$/1 lb bag,1.19,per lb,Southwest,retail,,,,,,,,14.0,3324,Weekly Grocery Store Specialty Crops Feature Activity,2026-09-26T14:36:16+00:00
b53f49ef053da30f,2016-03-18,Carrots,BABY PEELED,1 lb bag,,,,,No,,,,,,,,1.05,$/1 lb bag,1.05,per lb,Southwest,retail,,,,,,,,367.0,3324,Weekly Grocery Store Specialty Crops Feature Activity,2026-09-26T14:36:16+00:00
cc37e06ec5f54e09,2016-03-18,Carrots,BABY PEELED,2 lb bag,,,,,No,,,,,,,,2.21,$/2 lb bag,1.105,per lb,Southwest,retail,,,,,,,,559.0,3324,Weekly Grocery Store Specialty Crops Feature Activity,2026-09-26T14:36:16+00:00
87a35ba9e6b6c5d5,2016-03-18,Celery,,each,,,,,No,,,,,,,,0.96,$/each,0.96,per each,Southwest,retail,,,,,,,,205.0,3324,Weekly Grocery Store Specialty Crops Feature Activity,2026-09-26T14:36:16+00:00
ef8b1f692eda4139,2016-03-18,Celery,HEARTS,each,,,,,Yes,,,,,,,,2.5,$/each,2.5,per each,Southwest,retail,,,,,,,,48.0,3324,Weekly Grocery Store Specialty Crops Feature Activity,2026-09-26T14:36:16+00:00
d5ec5d3e57504d92,2016-03-18,Celery,HEARTS,per lb,,,,,Yes,,,,,,,,3.0,$/per lb,3.0,per lb,Southwest,retail,,,,,,,,73.0,3324,Weekly Grocery Store Specialty Crops Feature Activity,2026-09-26T14:36:16+00:00
43b3ee51edafa95a,2016-03-18,Cucumbers,,each,,,,,Yes,,,,,,,,0.91,$/each,0.91,per each,Southwest,retail,,,,,,,,402.0,3324,Weekly Grocery Store Specialty Crops Feature Activity,2026-09-26T14:36:16+00:00
b4dccc06472b290e,2016-03-18,Cucumbers,,each,,,,,No,,,,,,,,0.83,$/each,0.83,per each,Southwest,retail,,,,,,,,426.0,3324,Weekly Grocery Store Specialty Crops Feature Activity,2026-09-26T14:36:16+00:00
4344b4a7313e3196,2016-03-18,Cucumbers,LONG SEEDLESS,each,,,,,No,,,,,,,,1.21,$/each,1.21,per each,Southwest,retail,,,environment=Greenhouse,,,,,221.0,3324,Weekly Grocery Store Specialty Crops Feature Activity,2026-09-26T14:36:16+00:00
b4ab221eebfd56f5,2016-03-18,Grapes,BLACK SEEDLESS,per lb,,,,,No,,,,,,,,2.27,$/per lb,2.27,per lb,Southwest,retail,,,,,,,,382.0,3324,Weekly Grocery Store Specialty Crops Feature Activity,2026-09-26T14:36:16+00:00
6cd890b9a62b2330,2016-03-18,Grapes,RED SEEDLESS,per lb,,,,,No,,,,,,,,2.03,$/per lb,2.03,per lb,Southwest,retail,,,,,,,,998.0,3324,Weekly Grocery Store Specialty Crops Feature Activity,2026-09-26T14:36:16+00:00
7c70f5db41fc9bc2,2016-03-18,Grapes,Red Globe Seeded Type,per lb,,,,,No,,,,,,,,1.31,$/per lb,1.31,per lb,Southwest,retail,,,,,,,,117.0,3324,Weekly Grocery Store Specialty Crops Feature Activity,2026-09-26T14:36:16+00:00
9986faf6ce1a9171,2016-03-18,Grapes,WHITE SEEDLESS TYPE,per lb,,,,,No,,,,,,,,2.14,$/per lb,2.14,per lb,Southwest,retail,,,,,,,,1238.0,3324,Weekly Grocery Store Specialty Crops Feature Activity,2026-09-26T14:36:16+00:00
d963820841848a62,2016-03-18,Lemons,,each,,,,,No,,,,,,,,0.5,$/each,0.5,per each,Southwest,retail,,,,,,,,9.0,3324,Weekly Grocery Store Specialty Crops Feature Activity,2026-09-26T14:36:16+00:00
dfc574d3d24eeccc,2016-03-18,Lemons,,each,,,,,Yes,,,,,,,,0.79,$/each,0.79,per each,Southwest,retail,,,,,,,,15.0,3324,Weekly Grocery Store Specialty Crops Feature Activity,2026-09-26T14:36:16+00:00
9786b325c9e0b213,2016-03-18,Lemons,,per lb,,,,,No,,,,,,,,0.52,$/per lb,0.52,per lb,Southwest,retail,,,,,,,,13.0,3324,Weekly Grocery Store Specialty Crops Feature Activity,2026-09-26T14:36:16+00:00
a8e953a53a22a7aa,2016-03-18,Lettuce,Boston,each,,,,,No,,,,,,,,1.69,$/each,1.69,per each,Southwest,retail,,,,,,,,8.0,3324,Weekly Grocery Store Specialty Crops Feature Activity,2026-09-26T14:36:16+00:00
404950afaa666d56,2016-03-18,Lettuce,Green Leaf,each,,,,,Yes,,,,,,,,1.52,$/each,1.52,per each,Southwest,retail,,,,,,,,128.0,3324,Weekly Grocery Store Specialty Crops Feature Activity,2026-09-26T14:36:16+00:00
cb2616c2a134ae3e,2016-03-18,Lettuce,Green Leaf,each,,,,,No,,,,,,,,0.84,$/each,0.84,per each,Southwest,retail,,,,,,,,481.0,3324,Weekly Grocery Store Specialty Crops Feature Activity,2026-09-26T14:36:16+00:00
8cde016ac9a5cdbb,2016-03-18,Lettuce,Iceberg,each,,,,,No,,,,,,,,0.82,$/each,0.82,per each,Southwest,retail,,,,,,,,531.0,3324,Weekly Grocery Store Specialty Crops Feature Activity,2026-09-26T14:36:16+00:00
c5cc4aad9f2a8b8a,2016-03-18,Lettuce,Red Leaf,each,,,,,No,,,,,,,,0.84,$/each,0.84,per each,Southwest,retail,,,,,,,,481.0,3324,Weekly Grocery Store Specialty Crops Feature Activity,2026-09-26T14:36:16+00:00
e42d640b691ef3e4,2016-03-18,Lettuce,Red Leaf,each,,,,,Yes,,,,,,,,1.52,$/each,1.52,per each,Southwest,retail,,,,,,,,128.0,3324,Weekly Grocery Store Specialty Crops Feature Activity,2026-09-26T14:36:16+00:00
5664ce467385d326,2016-03-18,Lettuce,Romaine,each,,,,,Yes,,,,,,,,1.49,$/each,1.49,per each,Southwest,retail,,,,,,,,120.0,3324,Weekly Grocery Store Specialty Crops Feature Activity,2026-09-26T14:36:16+00:00
8e835fa99b3fd8f6,2016-03-18,Lettuce,Romaine,each,,,,,No,,,,,,,,0.89,$/each,0.89,per each,Southwest,retail,,,,,,,,663.0,3324,Weekly Grocery Store Specialty Crops Feature Activity,2026-09-26T14:36:16+00:00
75c182f74832555d,2016-03-18,Lettuce,Romaine (Hearts),3 count,,,,,No,,,,,,,,1.39,$/3 count,,,Southwest,retail,,,,,,,,78.0,3324,Weekly Grocery Store Specialty Crops Feature Activity,2026-09-26T14:36:16+00:00
ab6add6af1fd380f,2016-03-18,Lettuce,Romaine (Hearts),3 count,,,,,Yes,,,,,,,,2.91,$/3 count,,,Southwest,retail,,,,,,,,89.0,3324,Weekly Grocery Store Specialty Crops Feature Activity,2026-09-26T14:36:16+00:00
c332f6ee61ca6a87,2016-03-18,Limes,,each,,,,,No,,,,,,,,0.2,$/each,0.2,per each,Southwest,retail,,,,,,,,96.0,3324,Weekly Grocery Store Specialty Crops Feature Activity,2026-09-26T14:36:16+00:00
aab5f914134ba475,2016-03-18,Limes,,per lb,,,,,No,,,,,,,,0.74,$/per lb,0.74,per lb,Southwest,retail,,,,,,,,67.0,3324,Weekly Grocery Store Specialty Crops Feature Activity,2026-09-26T14:36:16+00:00
58e4076072ddfe3f,2016-03-18,"Onions, Dry",RED,per lb,,,,,No,,,,,,,,0.49,$/per lb,0.49,per lb,Southwest,retail,,,,,,,,45.0,3324,Weekly Grocery Store Specialty Crops Feature Activity,2026-09-26T14:36:16+00:00
1dceda8ddd71cdee,2016-03-18,"Onions, Dry",WHITE,per lb,,,,,No,,,,,,,,0.55,$/per lb,0.55,per lb,Southwest,retail,,,,,,,,73.0,3324,Weekly Grocery Store Specialty Crops Feature Activity,2026-09-26T14:36:16+00:00
45d47aaed22f9d83,2016-03-18,"Onions, Dry",YELLOW,2 lb bag,,,,,No,,,,,,,,1.0,$/2 lb bag,0.5,per lb,Southwest,retail,,,,,,,,39.0,3324,Weekly Grocery Store Specialty Crops Feature Activity,2026-09-26T14:36:16+00:00
7e214edb80023f20,2016-03-18,"Onions, Dry",YELLOW,3 lb bag,,,,,Yes,,,,,,,,2.23,$/3 lb bag,0.7433,per lb,Southwest,retail,,,,,,,,256.0,3324,Weekly Grocery Store Specialty Crops Feature Activity,2026-09-26T14:36:16+00:00
562ad7a7ebc55c13,2016-03-18,"Onions, Dry",YELLOW,per lb,,,,,No,,,,,,,,0.51,$/per lb,0.51,per lb,Southwest,retail,,,,,,,,200.0,3324,Weekly Grocery Store Specialty Crops Feature Activity,2026-09-26T14:36:16+00:00
fb450461bd1b4688,2016-03-18,"Onions, Dry",YELLOW MARKED SWEET,per lb,,,,,No,,,,,,,,0.81,$/per lb,0.81,per lb,Southwest,retail,,,,,,,,65.0,3324,Weekly Grocery Store Specialty Crops Feature Activity,2026-09-26T14:36:16+00:00
87cd06f9725d6bb6,2016-03-18,"Peppers, Bell Type",GREEN,each,,,,,Yes,,,,,,,,1.49,$/each,1.49,per each,Southwest,retail,,,,,,,,167.0,3324,Weekly Grocery Store Specialty Crops Feature Activity,2026-09-26T14:36:16+00:00
97bdaa11ceaa97fe,2016-03-18,"Peppers, Bell Type",GREEN,each,,,,,No,,,,,,,,0.45,$/each,0.45,per each,Southwest,retail,,,,,,,,50.0,3324,Weekly Grocery Store Specialty Crops Feature Activity,2026-09-26T14:36:16+00:00
3d55900f06074565,2016-03-18,"Peppers, Bell Type",GREEN,per lb,,,,,No,,,,,,,,1.2,$/per lb,1.2,per lb,Southwest,retail,,,,,,,,22.0,3324,Weekly Grocery Store Specialty Crops Feature Activity,2026-09-26T14:36:16+00:00
40aceeeab824932b,2016-03-18,"Peppers, Bell Type",ORANGE,each,,,,,No,,,,,,,,0.99,$/each,0.99,per each,Southwest,retail,,,,,,,,297.0,3324,Weekly Grocery Store Specialty Crops Feature Activity,2026-09-26T14:36:16+00:00
646876f6f2418c77,2016-03-18,"Peppers, Bell Type",ORANGE,each,,,,,No,,,,,,,,1.5,$/each,1.5,per each,Southwest,retail,,,environment=Greenhouse,,,,,107.0,3324,Weekly Grocery Store Specialty Crops Feature Activity,2026-09-26T14:36:16+00:00
1fa264090fd2267d,2016-03-18,"Peppers, Bell Type",ORANGE,per lb,,,,,No,,,,,,,,0.99,$/per lb,0.99,per lb,Southwest,retail,,,,,,,,9.0,3324,Weekly Grocery Store Specialty Crops Feature Activity,2026-09-26T14:36:16+00:00
b7219f1cf3c484f9,2016-03-18,"Peppers, Bell Type",RED,each,,,,,No,,,,,,,,1.03,$/each,1.03,per each,Southwest,retail,,,,,,,,381.0,3324,Weekly Grocery Store Specialty Crops Feature Activity,2026-09-26T14:36:16+00:00
b8eeb4acff452f86,2016-03-18,"Peppers, Bell Type",RED,each,,,,,No,,,,,,,,1.5,$/each,1.5,per each,Southwest,retail,,,environment=Greenhouse,,,,,107.0,3324,Weekly Grocery Store Specialty Crops Feature Activity,2026-09-26T14:36:16+00:00
d674f3596a9a8b3e,2016-03-18,"Peppers, Bell Type",RED,per lb,,,,,No,,,,,,,,2.85,$/per lb,2.85,per lb,Southwest,retail,,,,,,,,17.0,3324,Weekly Grocery Store Specialty Crops Feature Activity,2026-09-26T14:36:16+00:00
4b3872904d2f0d9e,2016-03-18,"Peppers, Bell Type",YELLOW,each,,,,,No,,,,,,,,1.5,$/each,1.5,per each,Southwest,retail,,,environment=Greenhouse,,,,,107.0,3324,Weekly Grocery Store Specialty Crops Feature Activity,2026-09-26T14:36:16+00:00
bf0d2cdf9aaeca9b,2016-03-18,"Peppers, Bell Type",YELLOW,each,,,,,No,,,,,,,,1.03,$/each,1.03,per each,Southwest,retail,,,,,,,,360.0,3324,Weekly Grocery Store Specialty Crops Feature Activity,2026-09-26T14:36:16+00:00
f28f379bbd5b692d,2016-03-18,"Peppers, Bell Type",YELLOW,per lb,,,,,No,,,,,,,,2.99,$/per lb,2.99,per lb,Southwest,retail,,,,,,,,9.0,3324,Weekly Grocery Store Specialty Crops Feature Activity,2026-09-26T14:36:16+00:00
81a3294ae92a1e3c,2016-03-18,Potatoes,ROUND RED,5 lb bag,,,,,No,,,,,,,,2.75,$/5 lb bag,0.55,per lb,Southwest,retail,,,,,,,,314.0,3324,Weekly Grocery Store Specialty Crops Feature Activity,2026-09-26T14:36:16+00:00
84d566b69422cafc,2016-03-18,Potatoes,ROUND RED,per lb,,,,,No,,,,,,,,0.59,$/per lb,0.59,per lb,Southwest,retail,,,,,,,,624.0,3324,Weekly Grocery Store Specialty Crops Feature Activity,2026-09-26T14:36:16+00:00
40ff914feddc91d7,2016-03-18,Potatoes,ROUND WHITE,per lb,,,,,No,,,,,,,,0.99,$/per lb,0.99,per lb,Southwest,retail,,,,,,,,9.0,3324,Weekly Grocery Store Specialty Crops Feature Activity,2026-09-26T14:36:16+00:00
cb7a66ba86069941,2016-03-18,Potatoes,RUSSET,10 lb bag,,,,,No,,,,,,,,1.44,$/10 lb bag,0.144,per lb,Southwest,retail,,,,,,,,85.0,3324,Weekly Grocery Store Specialty Crops Feature Activity,2026-09-26T14:36:16+00:00
13a64bfd33520685,2016-03-18,Potatoes,RUSSET,3 lb bag,,,,,Yes,,,,,,,,1.99,$/3 lb bag,0.6633,per lb,Southwest,retail,,,,,,,,96.0,3324,Weekly Grocery Store Specialty Crops Feature Activity,2026-09-26T14:36:16+00:00
4465640ea2d4d4a6,2016-03-18,Potatoes,RUSSET,5 lb bag,,,,,No,,,,,,,,1.67,$/5 lb bag,0.334,per lb,Southwest,retail,,,,,,,,297.0,3324,Weekly Grocery Store Specialty Crops Feature Activity,2026-09-26T14:36:16+00:00
9e4036232d566a94,2016-03-18,Potatoes,RUSSET,5 lb bag,,,,,Yes,,,,,,,,2.5,$/5 lb bag,0.5,per lb,Southwest,retail,,,,,,,,119.0,3324,Weekly Grocery Store Specialty Crops Feature Activity,2026-09-26T14:36:16+00:00
56e80fadf71a986b,2016-03-18,Potatoes,RUSSET,per lb,,,,,No,,,,,,,,0.64,$/per lb,0.64,per lb,Southwest,retail,,,,,,,,478.0,3324,Weekly Grocery Store Specialty Crops Feature Activity,2026-09-26T14:36:16+00:00
ebc87390af72314a,2016-03-18,Potatoes,RUSSET,per lb,,,,,Yes,,,,,,,,0.99,$/per lb,0.99,per lb,Southwest,retail,,,,,,,,8.0,3324,Weekly Grocery Store Specialty Crops Feature Activity,2026-09-26T14:36:16+00:00
bcbd25389d223423,2016-03-18,Potatoes,YELLOW TYPE,5 lb bag,,,,,No,,,,,,,,1.5,$/5 lb bag,0.3,per lb,Southwest,retail,,,,,,,,39.0,3324,Weekly Grocery Store Specialty Crops Feature Activity,2026-09-26T14:36:16+00:00
22be0ba1298eff1d,2016-03-18,Potatoes,YELLOW TYPE,per lb,,,,,No,,,,,,,,0.75,$/per lb,0.75,per lb,Southwest,retail,,,,,,,,198.0,3324,Weekly Grocery Store Specialty Crops Feature Activity,2026-09-26T14:36:16+00:00
3051ba2de7384c25,2016-03-18,Strawberries,,1 lb package,,,,,Yes,,,,,,,,3.89,$/1 lb package,3.89,per lb,Southwest,retail,,,,,,,,805.0,3324,Weekly Grocery Store Specialty Crops Feature Activity,2026-09-26T14:36:16+00:00
7ab9a17ab810771c,2016-03-18,Strawberries,,1 lb package,,,,,No,,,,,,,,2.45,$/1 lb package,2.45,per lb,Southwest,retail,,,,,,,,1124.0,3324,Weekly Grocery Store Specialty Crops Feature Activity,2026-09-26T14:36:16+00:00
c5b79237d5c40a2c,2016-03-18,Strawberries,,2 lb package,,,,,No,,,,,,,,5.99,$/2 lb package,2.995,per lb,Southwest,retail,,,,,,,,2.0,3324,Weekly Grocery Store Specialty Crops Feature Activity,2026-09-26T14:36:16+00:00
51417ba8035a4233,2016-03-18,Tomatoes,,per lb,,,,,No,,,,,,,,0.86,$/per lb,0.86,per lb,Southwest,retail,,,,,,,,250.0,3324,Weekly Grocery Store Specialty Crops Feature Activity,2026-09-26T14:36:16+00:00
56199905fe4da4e6,2016-03-18,Tomatoes,,per lb,,,,,Yes,,,,,,,,2.03,$/per lb,2.03,per lb,Southwest,retail,,,,,,,,93.0,3324,Weekly Grocery Store Specialty Crops Feature Activity,2026-09-26T14:36:16+00:00
5e79ad776420c08f,2016-03-18,Tomatoes,GRAPE TYPE,1 pint package,,,,,No,,,,,,,,1.79,$/1 pint package,,,Southwest,retail,,,,,,,,166.0,3324,Weekly Grocery Store Specialty Crops Feature Activity,2026-09-26T14:36:16+00:00
e04209cb3abfee84,2016-03-18,Tomatoes,Plum Type (Roma),per lb,,,,,No,,,,,,,,0.83,$/per lb,0.83,per lb,Southwest,retail,,,,,,,,482.0,3324,Weekly Grocery Store Specialty Crops Feature Activity,2026-09-26T14:36:16+00:00
5c4a41158d37413f,2016-03-18,Tomatoes,VINE RIPES,per lb,,,,,No,,,,,,,,1.13,$/per lb,1.13,per lb,Southwest,retail,,,,,,,,47.0,3324,Weekly Grocery Store Specialty Crops Feature Activity,2026-09-26T14:36:16+00:00
7d8ad48146346f89,2016-03-18,Tomatoes,VINE RIPES,per lb,,,,,No,,,,,,,,1.99,$/per lb,1.99,per lb,Southwest,retail,,,environment=Greenhouse,,,,,244.0,3324,Weekly Grocery Store Specialty Crops Feature Activity,2026-09-26T14:36:16+00:00
9d25184632f3b18c,2016-03-18,Tomatoes,VINE RIPES,per lb,,,,,Yes,,,,,,,,2.99,$/per lb,2.99,per lb,Southwest,retail,,,,,,,,8.0,3324,Weekly Grocery Store Specialty Crops Feature Activity,2026-09-26T14:36:16+00:00
d982f1bd927dadf0,2016-03-18,Tomatoes,VINE RIPES,per lb,,,,,Yes,,,,,,,,1.99,$/per lb,1.99,per lb,Southwest,retail,,,environment=Greenhouse,,,,,9.0,3324,Weekly Grocery Store Specialty Crops Feature Activity,2026-09-26T14:36:16+00:00
31ebadea74f787b1,2016-03-18,Tomatoes,VINE RIPES - ON THE VINE,per lb,,,,,No,,,,,,,,1.62,$/per lb,1.62,per lb,Southwest,retail,,,environment=Greenhouse,,,,,1105.0,3324,Weekly Grocery Store Specialty Crops Feature Activity,2026-09-26T14:36:16+00:00
8dec624c6d982b58,2016-03-18,Tomatoes,VINE RIPES - ON THE VINE,per lb,,,,,Yes,,,,,,,,2.04,$/per lb,2.04,per lb,Southwest,retail,,,environment=Greenhouse,,,,,258.0,3324,Weekly Grocery Store Specialty Crops Feature Activity,2026-09-26T14:36:16+00:00
47dedba917eddcd9,2016-03-18,Tomatoes,Vine Ripes - Heirloom Varieties,per lb,,,,,Yes,,,,,,,,3.71,$/per lb,3.71,per lb,Southwest,retail,,,,,,,,18.0,3324,Weekly Grocery Store Specialty Crops Feature Activity,2026-09-26T14:36:16+00:00
8fd6ca2823873ab4,2016-03-25,Avocados,HASS,each,,,,,Yes,,,,,,,,1.25,$/each,1.25,per each,Alaska,retail,,,,,,,,3.0,3324,Weekly Grocery Store Specialty Crops Feature Activity,2026-09-26T14:36:16+00:00
b5b0b1f2418a26f2,2016-03-25,Avocados,HASS,each,,,,,No,,,,,,,,1.25,$/each,1.25,per each,Alaska,retail,,,,,,,,11.0,3324,Weekly Grocery Store Specialty Crops Feature Activity,2026-09-26T14:36:16+00:00
d158bb90d67b7d80,2016-03-25,Blueberries,,1 pint package,,,,,No,,,,,,,,3.57,$/1 pint package,,,Alaska,retail,,,,,,,,6.0,3324,Weekly Grocery Store Specialty Crops Feature Activity,2026-09-26T14:36:16+00:00
76ed769d1c5a46da,2016-03-25,Blueberries,,18 oz package,,,,,No,,,,,,,,7.99,$/18 oz package,7.1022,per lb,Alaska,retail,,,,,,,,27.0,3324,Weekly Grocery Store Specialty Crops Feature Activity,2026-09-26T14:36:16+00:00
9a8e6ab5aedaaffa,2016-03-25,Blueberries,,6 oz package,,,,,No,,,,,,,,3.5,$/6 oz package,9.3333,per lb,Alaska,retail,,,,,,,,27.0,3324,Weekly Grocery Store Specialty Crops Feature Activity,2026-09-26T14:36:16+00:00
3fe9db04e5164e02,2016-03-25,Broccoli,,per lb,,,,,No,,,,,,,,1.28,$/per lb,1.28,per lb,Alaska,retail,,,,,,,,3.0,3324,Weekly Grocery Store Specialty Crops Feature Activity,2026-09-26T14:36:16+00:00
7befe600280d241e,2016-03-25,Broccoli,,per lb,,,,,Yes,,,,,,,,2.49,$/per lb,2.49,per lb,Alaska,retail,,,,,,,,27.0,3324,Weekly Grocery Store Specialty Crops Feature Activity,2026-09-26T14:36:16+00:00
f4609dfd8dd4f551,2016-03-25,Broccoli,CROWN CUT,per lb,,,,,No,,,,,,,,2.52,$/per lb,2.52,per lb,Alaska,retail,,,,,,,,30.0,3324,Weekly Grocery Store Specialty Crops Feature Activity,2026-09-26T14:36:16+00:00
d179599db52e86d5,2016-03-25,Carrots,,per bunch,,,,,Yes,,,,,,,,1.99,$/per bunch,,,Alaska,retail,,,,,,,,11.0,3324,Weekly Grocery Store Specialty Crops Feature Activity,2026-09-26T14:36:16+00:00
77b5b708e0c32719,2016-03-25,Carrots,BABY PEELED,1 lb bag,,,,,Yes,,,,,,,,1.99,$/1 lb bag,1.99,per lb,Alaska,retail,,,,,,,,2.0,3324,Weekly Grocery Store Specialty Crops Feature Activity,2026-09-26T14:36:16+00:00
4cbdc42adc4c4947,2016-03-25,Carrots,BABY PEELED,2 lb bag,,,,,No,,,,,,,,2.49,$/2 lb bag,1.245,per lb,Alaska,retail,,,,,,,,2.0,3324,Weekly Grocery Store Specialty Crops Feature Activity,2026-09-26T14:36:16+00:00
db9ca4eeb8819ec9,2016-03-25,Celery,,each,,,,,No,,,,,,,,2.9,$/each,2.9,per each,Alaska,retail,,,,,,,,30.0,3324,Weekly Grocery Store Specialty Crops Feature Activity,2026-09-26T14:36:16+00:00
99311a9f20f59a18,2016-03-25,Grapes,RED SEEDLESS,per lb,,,,,No,,,,,,,,3.49,$/per lb,3.49,per lb,Alaska,retail,,,,,,,,2.0,3324,Weekly Grocery Store Specialty Crops Feature Activity,2026-09-26T14:36:16+00:00
224aae4181dac490,2016-03-25,Grapes,WHITE SEEDLESS TYPE,per lb,,,,,No,,,,,,,,3.49,$/per lb,3.49,per lb,Alaska,retail,,,,,,,,2.0,3324,Weekly Grocery Store Specialty Crops Feature Activity,2026-09-26T14:36:16+00:00
93c679ec829f33ff,2016-03-25,Lettuce,Green Leaf,per lb,,,,,No,,,,,,,,1.99,$/per lb,1.99,per lb,Alaska,retail,,,,,,,,27.0,3324,Weekly Grocery Store Specialty Crops Feature Activity,2026-09-26T14:36:16+00:00
d1cca6c48f6fc9a6,2016-03-25,Lettuce,Iceberg,each,,,,,No,,,,,,,,2.78,$/each,2.78,per each,Alaska,retail,,,,,,,,30.0,3324,Weekly Grocery Store Specialty Crops Feature Activity,2026-09-26T14:36:16+00:00
3b1205434e28278d,2016-03-25,Lettuce,Red Leaf,per lb,,,,,No,,,,,,,,1.99,$/per lb,1.99,per lb,Alaska,retail,,,,,,,,27.0,3324,Weekly Grocery Store Specialty Crops Feature Activity,2026-09-26T14:36:16+00:00
5ae221d19dcd0388,2016-03-25,Lettuce,Romaine,per lb,,,,,No,,,,,,,,1.99,$/per lb,1.99,per lb,Alaska,retail,,,,,,,,27.0,3324,Weekly Grocery Store Specialty Crops Feature Activity,2026-09-26T14:36:16+00:00
ba5c84afc97cd07a,2016-03-25,"Onions, Dry",RED,per lb,,,,,No,,,,,,,,1.18,$/per lb,1.18,per lb,Alaska,retail,,,,,,,,3.0,3324,Weekly Grocery Store Specialty Crops Feature Activity,2026-09-26T14:36:16+00:00
35afd1cc0027c100,2016-03-25,"Onions, Dry",YELLOW MARKED SWEET,per lb,,,,,No,,,,,,,,1.49,$/per lb,1.49,per lb,Alaska,retail,,,,,,,,27.0,3324,Weekly Grocery Store Specialty Crops Feature Activity,2026-09-26T14:36:16+00:00
97fe9bc8202fae0d,2016-03-25,"Peppers, Bell Type",ORANGE,each,,,,,No,,,,,,,,1.69,$/each,1.69,per each,Alaska,retail,,,environment=Greenhouse,,,,,9.0,3324,Weekly Grocery Store Specialty Crops Feature Activity,2026-09-26T14:36:16+00:00
b4aaebeb7ae1d47b,2016-03-25,"Peppers, Bell Type",ORANGE,each,,,,,No,,,,,,,,2.0,$/each,2.0,per each,Alaska,retail,,,,,,,,27.0,3324,Weekly Grocery Store Specialty Crops Feature Activity,2026-09-26T14:36:16+00:00
a7fb49fc93f65289,2016-03-25,"Peppers, Bell Type",ORANGE,per lb,,,,,No,,,,,,,,3.49,$/per lb,3.49,per lb,Alaska,retail,,,,,,,,2.0,3324,Weekly Grocery Store Specialty Crops Feature Activity,2026-09-26T14:36:16+00:00
0889385c6608ba74,2016-03-25,"Peppers, Bell Type",RED,each,,,,,No,,,,,,,,1.69,$/each,1.69,per each,Alaska,retail,,,environment=Greenhouse,,,,,9.0,3324,Weekly Grocery Store Specialty Crops Feature Activity,2026-09-26T14:36:16+00:00
1775749f2c89b96b,2016-03-25,"Peppers, Bell Type",RED,each,,,,,No,,,,,,,,2.0,$/each,2.0,per each,Alaska,retail,,,,,,,,27.0,3324,Weekly Grocery Store Specialty Crops Feature Activity,2026-09-26T14:36:16+00:00
65b5c3629961d94b,2016-03-25,"Peppers, Bell Type",RED,per lb,,,,,No,,,,,,,,3.49,$/per lb,3.49,per lb,Alaska,retail,,,,,,,,2.0,3324,Weekly Grocery Store Specialty Crops Feature Activity,2026-09-26T14:36:16+00:00
5ebe0e0e9f1e05ae,2016-03-25,"Peppers, Bell Type",YELLOW,each,,,,,No,,,,,,,,1.69,$/each,1.69,per each,Alaska,retail,,,environment=Greenhouse,,,,,9.0,3324,Weekly Grocery Store Specialty Crops Feature Activity,2026-09-26T14:36:16+00:00
f37612b3bb55086e,2016-03-25,"Peppers, Bell Type",YELLOW,each,,,,,No,,,,,,,,2.0,$/each,2.0,per each,Alaska,retail,,,,,,,,27.0,3324,Weekly Grocery Store Specialty Crops Feature Activity,2026-09-26T14:36:16+00:00
53b601c0821922c9,2016-03-25,"Peppers, Bell Type",YELLOW,per lb,,,,,No,,,,,,,,3.49,$/per lb,3.49,per lb,Alaska,retail,,,,,,,,2.0,3324,Weekly Grocery Store Specialty Crops Feature Activity,2026-09-26T14:36:16+00:00
772d3c83d92c679d,2016-03-25,Potatoes,RUSSET,5 lb bag,,,,,No,,,,,,,,2.0,$/5 lb bag,0.4,per lb,Alaska,retail,,,,,,,,6.0,3324,Weekly Grocery Store Specialty Crops Feature Activity,2026-09-26T14:36:16+00:00
20f2c1ca07d8537c,2016-03-25,Potatoes,RUSSET,8 lb bag,,,,,Yes,,,,,,,,3.49,$/8 lb bag,0.4363,per lb,Alaska,retail,,,,,,,,2.0,3324,Weekly Grocery Store Specialty Crops Feature Activity,2026-09-26T14:36:16+00:00
739bfce1ffc6a631,2016-03-25,Potatoes,RUSSET,per lb,,,,,No,,,,,,,,1.34,$/per lb,1.34,per lb,Alaska,retail,,,,,,,,30.0,3324,Weekly Grocery Store Specialty Crops Feature Activity,2026-09-26T14:36:16+00:00
8477b71976b98ca1,2016-03-25,Strawberries,,1 lb package,,,,,No,,,,,,,,3.74,$/1 lb package,3.74,per lb,Alaska,retail,,,,,,,,86.0,3324,Weekly Grocery Store Specialty Crops Feature Activity,2026-09-26T14:36:16+00:00
b6ca5ca41c5e8cac,2016-03-25,Strawberries,,1 lb package,,,,,Yes,,,,,,,,5.92,$/1 lb package,5.92,per lb,Alaska,retail,,,,,,,,29.0,3324,Weekly Grocery Store Specialty Crops Feature Activity,2026-09-26T14:36:16+00:00
4393e48059ba2bc4,2016-03-25,Strawberries,,2 lb package,,,,,No,,,,,,,,4.99,$/2 lb package,2.495,per lb,Alaska,retail,,,,,,,,27.0,3324,Weekly Grocery Store Specialty Crops Feature Activity,2026-09-26T14:36:16+00:00
8ecaebbf9a973906,2016-03-25,Tomatoes,VINE RIPES,per lb,,,,,No,,,,,,,,1.48,$/per lb,1.48,per lb,Alaska,retail,,,,,,,,3.0,3324,Weekly Grocery Store Specialty Crops Feature Activity,2026-09-26T14:36:16+00:00
8b6639f2e6617d28,2016-03-25,Tomatoes,VINE RIPES - ON THE VINE,per lb,,,,,No,,,,,,,,2.8,$/per lb,2.8,per lb,Alaska,retail,,,environment=Greenhouse,,,,,38.0,3324,Weekly Grocery Store Specialty Crops Feature Activity,2026-09-26T14:36:16+00:00
21ef1dd98cd16b26,2016-03-25,Avocados,HASS,each,,,,,No,,,,,,,,2.15,$/each,2.15,per each,Hawaii,retail,,,,,,,,54.0,3324,Weekly Grocery Store Specialty Crops Feature Activity,2026-09-26T14:36:16+00:00
d4b21bc1667ba61f,2016-03-25,Avocados,VARIOUS GREENSKIN VARIETIES,per lb,,,,,No,,,,,,,,2.69,$/per lb,2.69,per lb,Hawaii,retail,,,,,,,,34.0,3324,Weekly Grocery Store Specialty Crops Feature Activity,2026-09-26T14:36:16+00:00
0976a57f4883d542,2016-03-25,Bananas,,per lb,,,,,No,,,,,,,,1.19,$/per lb,1.19,per lb,Hawaii,retail,,,,,,,,3.0,3324,Weekly Grocery Store Specialty Crops Feature Activity,2026-09-26T14:36:16+00:00
4b8de7f499693579,2016-03-25,Broccoli,CROWN CUT,per lb,,,,,No,,,,,,,,2.39,$/per lb,2.39,per lb,Hawaii,retail,,,,,,,,24.0,3324,Weekly Grocery Store Specialty Crops Feature Activity,2026-09-26T14:36:16+00:00
24888d74ca455a05,2016-03-25,Carrots,BABY PEELED,1 lb bag,,,,,No,,,,,,,,2.25,$/1 lb bag,2.25,per lb,Hawaii,retail,,,,,,,,61.0,3324,Weekly Grocery Store Specialty Crops Feature Activity,2026-09-26T14:36:16+00:00
c594f11c3c73e9c6,2016-03-25,Celery,,per lb,,,,,No,,,,,,,,1.67,$/per lb,1.67,per lb,Hawaii,retail,,,,,,,,33.0,3324,Weekly Grocery Store Specialty Crops Feature Activity,2026-09-26T14:36:16+00:00
7492ebb1aeaa757d,2016-03-25,Grapes,RED SEEDLESS,per lb,,,,,No,,,,,,,,2.77,$/per lb,2.77,per lb,Hawaii,retail,,,,,,,,64.0,3324,Weekly Grocery Store Specialty Crops Feature Activity,2026-09-26T14:36:16+00:00
0b48d06647916504,2016-03-25,Grapes,Red Globe Seeded Type,per lb,,,,,No,,,,,,,,2.79,$/per lb,2.79,per lb,Hawaii,retail,,,,,,,,34.0,3324,Weekly Grocery Store Specialty Crops Feature Activity,2026-09-26T14:36:16+00:00
2bbef395d974cb53,2016-03-25,Grapes,WHITE SEEDLESS TYPE,per lb,,,,,No,,,,,,,,1.99,$/per lb,1.99,per lb,Hawaii,retail,,,,,,,,3.0,3324,Weekly Grocery Store Specialty Crops Feature Activity,2026-09-26T14:36:16+00:00
ef4f33181f26d247,2016-03-25,Lettuce,Iceberg,per lb,,,,,No,,,,,,,,1.79,$/per lb,1.79,per lb,Hawaii,retail,,,,,,,,3.0,3324,Weekly Grocery Store Specialty Crops Feature Activity,2026-09-26T14:36:16+00:00
fa24f3fc212d71ac,2016-03-25,Lettuce,Romaine,per lb,,,,,No,,,,,,,,1.32,$/per lb,1.32,per lb,Hawaii,retail,,,,,,,,58.0,3324,Weekly Grocery Store Specialty Crops Feature Activity,2026-09-26T14:36:16+00:00
29c308a75d04f8d8,2016-03-25,"Onions, Dry",YELLOW MARKED SWEET,per lb,,,,,No,,,,,,,,2.95,$/per lb,2.95,per lb,Hawaii,retail,,,,,,,,88.0,3324,Weekly Grocery Store Specialty Crops Feature Activity,2026-09-26T14:36:16+00:00
134d1c87d80a26e9,2016-03-25,"Peppers, Bell Type",GREEN,per lb,,,,,No,,,,,,,,2.41,$/per lb,2.41,per lb,Hawaii,retail,,,,,,,,36.0,3324,Weekly Grocery Store Specialty Crops Feature Activity,2026-09-26T14:36:16+00:00
337da5983025eede,2016-03-25,"Peppers, Bell Type",RED,per lb,,,,,No,,,,,,,,4.99,$/per lb,4.99,per lb,Hawaii,retail,,,,,,,,34.0,3324,Weekly Grocery Store Specialty Crops Feature Activity,2026-09-26T14:36:16+00:00
6c28dd57fe5e89a8,2016-03-25,Potatoes,ROUND RED,per lb,,,,,No,,,,,,,,1.49,$/per lb,1.49,per lb,Hawaii,retail,,,,,,,,27.0,3324,Weekly Grocery Store Specialty Crops Feature Activity,2026-09-26T14:36:16+00:00
9c9d558fe9598bc5,2016-03-25,Potatoes,RUSSET,5 lb bag,,,,,No,,,,,,,,1.98,$/5 lb bag,0.396,per lb,Hawaii,retail,,,,,,,,3.0,3324,Weekly Grocery Store Specialty Crops Feature Activity,2026-09-26T14:36:16+00:00
f0577e9debfc7fbb,2016-03-25,Potatoes,YELLOW TYPE,per lb,,,,,No,,,,,,,,1.49,$/per lb,1.49,per lb,Hawaii,retail,,,,,,,,27.0,3324,Weekly Grocery Store Specialty Crops Feature Activity,2026-09-26T14:36:16+00:00
a2e111d56c9f7c15,2016-03-25,Strawberries,,1 lb package,,,,,No,,,,,,,,2.55,$/1 lb package,2.55,per lb,Hawaii,retail,,,,,,,,31.0,3324,Weekly Grocery Store Specialty Crops Feature Activity,2026-09-26T14:36:16+00:00
d2516656c62e433d,2016-03-25,Strawberries,,2 lb package,,,,,No,,,,,,,,6.0,$/2 lb package,3.0,per lb,Hawaii,retail,,,,,,,,27.0,3324,Weekly Grocery Store Specialty Crops Feature Activity,2026-09-26T14:36:16+00:00
cb20f922e5b03c27,2016-03-25,Tomatoes,,per lb,,,,,No,,,,,,,,2.67,$/per lb,2.67,per lb,Hawaii,retail,,,,,,,,30.0,3324,Weekly Grocery Store Specialty Crops Feature Activity,2026-09-26T14:36:16+00:00
bcab08d10789b493,2016-03-25,Tomatoes,GRAPE TYPE,1 pint package,,,,,No,,,,,,,,4.99,$/1 pint package,,,Hawaii,retail,,,,,,,,27.0,3324,Weekly Grocery Store Specialty Crops Feature Activity,2026-09-26T14:36:16+00:00
76306eae867d3c93,2016-03-25,Tomatoes,VINE RIPES - ON THE VINE,per lb,,,,,Yes,,,,,,,,3.99,$/per lb,3.99,per lb,Hawaii,retail,,,environment=Greenhouse,,,,,27.0,3324,Weekly Grocery Store Specialty Crops Feature Activity,2026-09-26T14:36:16+00:00
0bcd62051a006aec,2016-03-25,Avocados,HASS,each,,,,,Yes,,,,,,,,1.46,$/each,1.46,per each,Midwest,retail,,,,,,,,114.0,3324,Weekly Grocery Store Specialty Crops Feature Activity,2026-09-26T14:36:16+00:00
5d673b57bc47b87c,2016-03-25,Avocados,HASS,each,,,,,No,,,,,,,,1.1,$/each,1.1,per each,Midwest,retail,,,,,,,,645.0,3324,Weekly Grocery Store Specialty Crops Feature Activity,2026-09-26T14:36:16+00:00
18a32dc2160573a3,2016-03-25,Avocados,VARIOUS GREENSKIN VARIETIES,each,,,,,No,,,,,,,,1.0,$/each,1.0,per each,Midwest,retail,,,,,,,,30.0,3324,Weekly Grocery Store Specialty Crops Feature Activity,2026-09-26T14:36:16+00:00
4f5a9a85a2ca23a8,2016-03-25,Bananas,,per lb,,,,,No,,,,,,,,0.42,$/per lb,0.42,per lb,Midwest,retail,,,,,,,,26.0,3324,Weekly Grocery Store Specialty Crops Feature Activity,2026-09-26T14:36:16+00:00
6e5ffe8f867072c2,2016-03-25,Bananas,,per lb,,,,,Yes,,,,,,,,0.69,$/per lb,0.69,per lb,Midwest,retail,,,,,,,,26.0,3324,Weekly Grocery Store Specialty Crops Feature Activity,2026-09-26T14:36:16+00:00
f4984e9b1bf7c586,2016-03-25,Blueberries,,6 oz package,,,,,No,,,,,,,,2.6,$/6 oz package,6.9333,per lb,Midwest,retail,,,,,,,,403.0,3324,Weekly Grocery Store Specialty Crops Feature Activity,2026-09-26T14:36:16+00:00
f4a01df53654deef,2016-03-25,Blueberries,,6 oz package,,,,,Yes,,,,,,,,3.72,$/6 oz package,9.92,per lb,Midwest,retail,,,,,,,,25.0,3324,Weekly Grocery Store Specialty Crops Feature Activity,2026-09-26T14:36:16+00:00
aeabb519b093dcb2,2016-03-25,Broccoli,,per bunch,,,,,No,,,,,,,,1.76,$/per bunch,,,Midwest,retail,,,,,,,,395.0,3324,Weekly Grocery Store Specialty Crops Feature Activity,2026-09-26T14:36:16+00:00
b1646cc26c5fed83,2016-03-25,Broccoli,,per bunch,,,,,Yes,,,,,,,,2.53,$/per bunch,,,Midwest,retail,,,,,,,,76.0,3324,Weekly Grocery Store Specialty Crops Feature Activity,2026-09-26T14:36:16+00:00
1600e079833b9059,2016-03-25,Broccoli,,per lb,,,,,No,,,,,,,,0.97,$/per lb,0.97,per lb,Midwest,retail,,,,,,,,386.0,3324,Weekly Grocery Store Specialty Crops Feature Activity,2026-09-26T14:36:16+00:00
8a5336f4f7cbece7,2016-03-25,Broccoli,,per lb,,,,,Yes,,,,,,,,1.5,$/per lb,1.5,per lb,Midwest,retail,,,,,,,,15.0,3324,Weekly Grocery Store Specialty Crops Feature Activity,2026-09-26T14:36:16+00:00
735eb5053186c8ff,2016-03-25,Broccoli,CROWN CUT,per lb,,,,,No,,,,,,,,1.21,$/per lb,1.21,per lb,Midwest,retail,,,,,,,,948.0,3324,Weekly Grocery Store Specialty Crops Feature Activity,2026-09-26T14:36:16+00:00
a84e50db5344cf01,2016-03-25,Carrots,,1 lb bag,,,,,No,,,,,,,,0.66,$/1 lb bag,0.66,per lb,Midwest,retail,,,,,,,,122.0,3324,Weekly Grocery Store Specialty Crops Feature Activity,2026-09-26T14:36:16+00:00
1f46ed76d868b7a4,2016-03-25,Carrots,,2 lb bag,,,,,No,,,,,,,,1.2,$/2 lb bag,0.6,per lb,Midwest,retail,,,,,,,,14.0,3324,Weekly Grocery Store Specialty Crops Feature Activity,2026-09-26T14:36:16+00:00
bdc121d29589c79c,2016-03-25,Carrots,,2 lb bag,,,,,Yes,,,,,,,,2.99,$/2 lb bag,1.495,per lb,Midwest,retail,,,,,,,,10.0,3324,Weekly Grocery Store Specialty Crops Feature Activity,2026-09-26T14:36:16+00:00
eeb3eece48a43102,2016-03-25,Carrots,,per bunch,,,,,Yes,,,,,,,,2.0,$/per bunch,,,Midwest,retail,,,,,,,,12.0,3324,Weekly Grocery Store Specialty Crops Feature Activity,2026-09-26T14:36:16+00:00
e193d07f30059441,2016-03-25,Carrots,BABY PEELED,1 lb bag,,,,,No,,,,,,,,0.94,$/1 lb bag,0.94,per lb,Midwest,retail,,,,,,,,1719.0,3324,Weekly Grocery Store Specialty Crops Feature Activity,2026-09-26T14:36:16+00:00
e3346d471c7a2162,2016-03-25,Carrots,BABY PEELED,1 lb bag,,,,,Yes,,,,,,,,1.5,$/1 lb bag,1.5,per lb,Midwest,retail,,,,,,,,139.0,3324,Weekly Grocery Store Specialty Crops Feature Activity,2026-09-26T14:36:16+00:00
3b8db8340cc13031,2016-03-25,Carrots,BABY PEELED,2 lb bag,,,,,No,,,,,,,,2.34,$/2 lb bag,1.17,per lb,Midwest,retail,,,,,,,,781.0,3324,Weekly Grocery Store Specialty Crops Feature Activity,2026-09-26T14:36:16+00:00
c32bfdfe5e67574a,2016-03-25,Carrots,BABY PEELED,2 lb bag,,,,,Yes,,,,,,,,2.99,$/2 lb bag,1.495,per lb,Midwest,retail,,,,,,,,80.0,3324,Weekly Grocery Store Specialty Crops Feature Activity,2026-09-26T14:36:16+00:00
1152cb270c3bd36d,2016-03-25,Celery,,each,,,,,Yes,,,,,,,,1.65,$/each,1.65,per each,Midwest,retail,,,,,,,,253.0,3324,Weekly Grocery Store Specialty Crops Feature Activity,2026-09-26T14:36:16+00:00
d20a706e0db1a8c6,2016-03-25,Celery,,each,,,,,No,,,,,,,,1.06,$/each,1.06,per each,Midwest,retail,,,,,,,,1798.0,3324,Weekly Grocery Store Specialty Crops Feature Activity,2026-09-26T14:36:16+00:00
aa91fde6f25216dc,2016-03-25,Celery,,per lb,,,,,Yes,,,,,,,,1.79,$/per lb,1.79,per lb,Midwest,retail,,,,,,,,69.0,3324,Weekly Grocery Store Specialty Crops Feature Activity,2026-09-26T14:36:16+00:00
b3159e8749d3cd46,2016-03-25,Celery,,per lb,,,,,No,,,,,,,,0.89,$/per lb,0.89,per lb,Midwest,retail,,,,,,,,8.0,3324,Weekly Grocery Store Specialty Crops Feature Activity,2026-09-26T14:36:16+00:00
3426dacb7e26fc1a,2016-03-25,Celery,HEARTS,each,,,,,Yes,,,,,,,,0.99,$/each,0.99,per each,Midwest,retail,,,,,,,,15.0,3324,Weekly Grocery Store Specialty Crops Feature Activity,2026-09-26T14:36:16+00:00
87057b128daf1f6d,2016-03-25,Celery,HEARTS,each,,,,,No,,,,,,,,0.95,$/each,0.95,per each,Midwest,retail,,,,,,,,13.0,3324,Weekly Grocery Store Specialty Crops Feature Activity,2026-09-26T14:36:16+00:00
4c43b6a677561c67,2016-03-25,Cucumbers,,each,,,,,Yes,,,,,,,,0.99,$/each,0.99,per each,Midwest,retail,,,,,,,,262.0,3324,Weekly Grocery Store Specialty Crops Feature Activity,2026-09-26T14:36:16+00:00
83ff0906ba1b29b0,2016-03-25,Cucumbers,,each,,,,,No,,,,,,,,0.63,$/each,0.63,per each,Midwest,retail,,,,,,,,368.0,3324,Weekly Grocery Store Specialty Crops Feature Activity,2026-09-26T14:36:16+00:00
32edc0caa75e65a4,2016-03-25,Cucumbers,LONG SEEDLESS,each,,,,,No,,,,,,,,1.34,$/each,1.34,per each,Midwest,retail,,,environment=Greenhouse,,,,,583.0,3324,Weekly Grocery Store Specialty Crops Feature Activity,2026-09-26T14:36:16+00:00
9004c5f904d64fea,2016-03-25,Cucumbers,LONG SEEDLESS,each,,,,,Yes,,,,,,,,1.29,$/each,1.29,per each,Midwest,retail,,,environment=Greenhouse,,,,,15.0,3324,Weekly Grocery Store Specialty Crops Feature Activity,2026-09-26T14:36:16+00:00
c441fc7166edf83d,2016-03-25,Grapes,BLACK SEEDLESS,per lb,,,,,No,,,,,,,,2.76,$/per lb,2.76,per lb,Midwest,retail,,,,,,,,334.0,3324,Weekly Grocery Store Specialty Crops Feature Activity,2026-09-26T14:36:16+00:00
25390f728177c47b,2016-03-25,Grapes,RED SEEDLESS,per lb,,,,,No,,,,,,,,2.26,$/per lb,2.26,per lb,Midwest,retail,,,,,,,,1194.0,3324,Weekly Grocery Store Specialty Crops Feature Activity,2026-09-26T14:36:16+00:00
60b3a0cce5992c96,2016-03-25,Grapes,Red Globe Seeded Type,per lb,,,,,No,,,,,,,,2.04,$/per lb,2.04,per lb,Midwest,retail,,,,,,,,126.0,3324,Weekly Grocery Store Specialty Crops Feature Activity,2026-09-26T14:36:16+00:00
9f02a427c6fbe5ea,2016-03-25,Grapes,WHITE SEEDLESS TYPE,per lb,,,,,No,,,,,,,,2.06,$/per lb,2.06,per lb,Midwest,retail,,,,,,,,1381.0,3324,Weekly Grocery Store Specialty Crops Feature Activity,2026-09-26T14:36:16+00:00
71c8a0ded703c161,2016-03-25,Lemons,,2 lb bag,,,,,Yes,,,,,,,,3.8,$/2 lb bag,1.9,per lb,Midwest,retail,,,,,,,,121.0,3324,Weekly Grocery Store Specialty Crops Feature Activity,2026-09-26T14:36:16+00:00
d6a4de4d0f34146f,2016-03-25,Lemons,,each,,,,,No,,,,,,,,0.57,$/each,0.57,per each,Midwest,retail,,,,,,,,350.0,3324,Weekly Grocery Store Specialty Crops Feature Activity,2026-09-26T14:36:16+00:00
64b311570d209e97,2016-03-25,Lettuce,Green Leaf,each,,,,,No,,,,,,,,0.99,$/each,0.99,per each,Midwest,retail,,,,,,,,102.0,3324,Weekly Grocery Store Specialty Crops Feature Activity,2026-09-26T14:36:16+00:00
fd9fe4e6d341d398,2016-03-25,Lettuce,Green Leaf,per lb,,,,,No,,,,,,,,1.29,$/per lb,1.29,per lb,Midwest,retail,,,,,,,,7.0,3324,Weekly Grocery Store Specialty Crops Feature Activity,2026-09-26T14:36:16+00:00
004eec9f761b2e20,2016-03-25,Lettuce,Iceberg,each,,,,,No,,,,,,,,0.99,$/each,0.99,per each,Midwest,retail,,,,,,,,237.0,3324,Weekly Grocery Store Specialty Crops Feature Activity,2026-09-26T14:36:16+00:00
3494ab6bf3eac805,2016-03-25,Lettuce,Iceberg,each,,,,,Yes,,,,,,,,1.99,$/each,1.99,per each,Midwest,retail,,,,,,,,11.0,3324,Weekly Grocery Store Specialty Crops Feature Activity,2026-09-26T14:36:16+00:00
ebacc3eaf53694d8,2016-03-25,Lettuce,Red Leaf,each,,,,,No,,,,,,,,0.99,$/each,0.99,per each,Midwest,retail,,,,,,,,102.0,3324,Weekly Grocery Store Specialty Crops Feature Activity,2026-09-26T14:36:16+00:00
cc2f460315b2e965,2016-03-25,Lettuce,Red Leaf,per lb,,,,,No,,,,,,,,1.29,$/per lb,1.29,per lb,Midwest,retail,,,,,,,,7.0,3324,Weekly Grocery Store Specialty Crops Feature Activity,2026-09-26T14:36:16+00:00
14c2ad66b897140d,2016-03-25,Lettuce,Romaine,3 count,,,,,Yes,,,,,,,,2.99,$/3 count,,,Midwest,retail,,,,,,,,28.0,3324,Weekly Grocery Store Specialty Crops Feature Activity,2026-09-26T14:36:16+00:00
fec52443245faad8,2016-03-25,Lettuce,Romaine,each,,,,,No,,,,,,,,0.97,$/each,0.97,per each,Midwest,retail,,,,,,,,116.0,3324,Weekly Grocery Store Specialty Crops Feature Activity,2026-09-26T14:36:16+00:00
271dae20e667aea8,2016-03-25,Lettuce,Romaine,per lb,,,,,No,,,,,,,,1.18,$/per lb,1.18,per lb,Midwest,retail,,,,,,,,142.0,3324,Weekly Grocery Store Specialty Crops Feature Activity,2026-09-26T14:36:16+00:00
5ef39c6470d0de51,2016-03-25,Lettuce,Romaine (Hearts),3 count,,,,,Yes,,,,,,,,2.3,$/3 count,,,Midwest,retail,,,,,,,,169.0,3324,Weekly Grocery Store Specialty Crops Feature Activity,2026-09-26T14:36:16+00:00
7b521057e4bdd2ea,2016-03-25,Lettuce,Romaine (Hearts),3 count,,,,,No,,,,,,,,2.18,$/3 count,,,Midwest,retail,,,,,,,,318.0,3324,Weekly Grocery Store Specialty Crops Feature Activity,2026-09-26T14:36:16+00:00
0d4b010342626d4c,2016-03-25,Limes,,each,,,,,No,,,,,,,,0.31,$/each,0.31,per each,Midwest,retail,,,,,,,,138.0,3324,Weekly Grocery Store Specialty Crops Feature Activity,2026-09-26T14:36:16+00:00
131fb126448c3faf,2016-03-25,"Onions, Dry",RED,2 lb bag,,,,,No,,,,,,,,1.69,$/2 lb bag,0.845,per lb,Midwest,retail,,,,,,,,7.0,3324,Weekly Grocery Store Specialty Crops Feature Activity,2026-09-26T14:36:16+00:00
53006a6f81bdc920,2016-03-25,"Onions, Dry",WHITE,2 lb bag,,,,,No,,,,,,,,1.69,$/2 lb bag,0.845,per lb,Midwest,retail,,,,,,,,7.0,3324,Weekly Grocery Store Specialty Crops Feature Activity,2026-09-26T14:36:16+00:00
e12cabfed7c3311d,2016-03-25,"Onions, Dry",WHITE,per lb,,,,,No,,,,,,,,0.78,$/per lb,0.78,per lb,Midwest,retail,,,,,,,,17.0,3324,Weekly Grocery Store Specialty Crops Feature Activity,2026-09-26T14:36:16+00:00
acf6f0609861810d,2016-03-25,"Onions, Dry",YELLOW,2 lb bag,,,,,Yes,,,,,,,,1.59,$/2 lb bag,0.795,per lb,Midwest,retail,,,,,,,,8.0,3324,Weekly Grocery Store Specialty Crops Feature Activity,2026-09-26T14:36:16+00:00
b4d2d92e646d27d4,2016-03-25,"Onions, Dry",YELLOW,2 lb bag,,,,,No,,,,,,,,0.99,$/2 lb bag,0.495,per lb,Midwest,retail,,,,,,,,38.0,3324,Weekly Grocery Store Specialty Crops Feature Activity,2026-09-26T14:36:16+00:00
af14081fc66ac024,2016-03-25,"Onions, Dry",YELLOW,3 lb bag,,,,,No,,,,,,,,1.65,$/3 lb bag,0.55,per lb,Midwest,retail,,,,,,,,146.0,3324,Weekly Grocery Store Specialty Crops Feature Activity,2026-09-26T14:36:16+00:00
b67726a7e4401e71,2016-03-25,"Onions, Dry",YELLOW,per lb,,,,,Yes,,,,,,,,0.99,$/per lb,0.99,per lb,Midwest,retail,,,,,,,,13.0,3324,Weekly Grocery Store Specialty Crops Feature Activity,2026-09-26T14:36:16+00:00
c6445b38160a7d72,2016-03-25,"Onions, Dry",YELLOW,per lb,,,,,No,,,,,,,,0.87,$/per lb,0.87,per lb,Midwest,retail,,,,,,,,32.0,3324,Weekly Grocery Store Specialty Crops Feature Activity,2026-09-26T14:36:16+00:00
513a9dddbe8f7bbe,2016-03-25,"Onions, Dry",YELLOW MARKED SWEET,5 lb bag,,,,,No,,,,,,,,2.99,$/5 lb bag,0.598,per lb,Midwest,retail,,,,,,,,98.0,3324,Weekly Grocery Store Specialty Crops Feature Activity,2026-09-26T14:36:16+00:00
1b9842687ea24f93,2016-03-25,"Onions, Dry",YELLOW MARKED SWEET,per lb,,,,,No,,,,,,,,0.96,$/per lb,0.96,per lb,Midwest,retail,,,,,,,,1124.0,3324,Weekly Grocery Store Specialty Crops Feature Activity,2026-09-26T14:36:16+00:00
affd36341607698a,2016-03-25,"Peppers, Bell Type",GREEN,each,,,,,No,,,,,,,,0.99,$/each,0.99,per each,Midwest,retail,,,,,,,,8.0,3324,Weekly Grocery Store Specialty Crops Feature Activity,2026-09-26T14:36:16+00:00
84f3907ea20be498,2016-03-25,"Peppers, Bell Type",GREEN,per lb,,,,,Yes,,,,,,,,1.49,$/per lb,1.49,per lb,Midwest,retail,,,,,,,,5.0,3324,Weekly Grocery Store Specialty Crops Feature Activity,2026-09-26T14:36:16+00:00
60e2f9860a1e347d,2016-03-25,"Peppers, Bell Type",ORANGE,each,,,,,Yes,,,,,,,,2.22,$/each,2.22,per each,Midwest,retail,,,,,,,,22.0,3324,Weekly Grocery Store Specialty Crops Feature Activity,2026-09-26T14:36:16+00:00
e7b35de523662128,2016-03-25,"Peppers, Bell Type",ORANGE,each,,,,,No,,,,,,,,2.0,$/each,2.0,per each,Midwest,retail,,,environment=Greenhouse,,,,,180.0,3324,Weekly Grocery Store Specialty Crops Feature Activity,2026-09-26T14:36:16+00:00
fa243df4ef3a2955,2016-03-25,"Peppers, Bell Type",ORANGE,each,,,,,No,,,,,,,,1.4,$/each,1.4,per each,Midwest,retail,,,,,,,,180.0,3324,Weekly Grocery Store Specialty Crops Feature Activity,2026-09-26T14:36:16+00:00
448bb422197e1814,2016-03-25,"Peppers, Bell Type",ORANGE,per lb,,,,,No,,,,,,,,2.88,$/per lb,2.88,per lb,Midwest,retail,,,,,,,,20.0,3324,Weekly Grocery Store Specialty Crops Feature Activity,2026-09-26T14:36:16+00:00
75d2cabdbc0315f0,2016-03-25,"Peppers, Bell Type",RED,each,,,,,No,,,,,,,,2.0,$/each,2.0,per each,Midwest,retail,,,environment=Greenhouse,,,,,180.0,3324,Weekly Grocery Store Specialty Crops Feature Activity,2026-09-26T14:36:16+00:00
865625057773a027,2016-03-25,"Peppers, Bell Type",RED,each,,,,,No,,,,,,,,1.36,$/each,1.36,per each,Midwest,retail,,,,,,,,364.0,3324,Weekly Grocery Store Specialty Crops Feature Activity,2026-09-26T14:36:16+00:00
9f9acc0efd7e19e0,2016-03-25,"Peppers, Bell Type",RED,each,,,,,Yes,,,,,,,,2.22,$/each,2.22,per each,Midwest,retail,,,,,,,,22.0,3324,Weekly Grocery Store Specialty Crops Feature Activity,2026-09-26T14:36:16+00:00
05b02f5b916bccf6,2016-03-25,"Peppers, Bell Type",RED,per lb,,,,,Yes,,,,,,,,2.79,$/per lb,2.79,per lb,Midwest,retail,,,,,,,,7.0,3324,Weekly Grocery Store Specialty Crops Feature Activity,2026-09-26T14:36:16+00:00
5a30a3e4f1532155,2016-03-25,"Peppers, Bell Type",RED,per lb,,,,,No,,,,,,,,2.1,$/per lb,2.1,per lb,Midwest,retail,,,,,,,,39.0,3324,Weekly Grocery Store Specialty Crops Feature Activity,2026-09-26T14:36:16+00:00
bf3e0f1934c2c5ec,2016-03-25,"Peppers, Bell Type",YELLOW,each,,,,,Yes,,,,,,,,2.22,$/each,2.22,per each,Midwest,retail,,,,,,,,22.0,3324,Weekly Grocery Store Specialty Crops Feature Activity,2026-09-26T14:36:16+00:00
df9da4e0f51a9eec,2016-03-25,"Peppers, Bell Type",YELLOW,each,,,,,No,,,,,,,,1.4,$/each,1.4,per each,Midwest,retail,,,,,,,,180.0,3324,Weekly Grocery Store Specialty Crops Feature Activity,2026-09-26T14:36:16+00:00
efdf42fcf4cf64f4,2016-03-25,"Peppers, Bell Type",YELLOW,each,,,,,No,,,,,,,,2.0,$/each,2.0,per each,Midwest,retail,,,environment=Greenhouse,,,,,180.0,3324,Weekly Grocery Store Specialty Crops Feature Activity,2026-09-26T14:36:16+00:00
42c25a6f471ed796,2016-03-25,"Peppers, Bell Type",YELLOW,per lb,,,,,No,,,,,,,,2.88,$/per lb,2.88,per lb,Midwest,retail,,,,,,,,20.0,3324,Weekly Grocery Store Specialty Crops Feature Activity,2026-09-26T14:36:16+00:00
fc849679df667ee6,2016-03-25,Potatoes,ROUND RED,10 lb bag,,,,,No,,,,,,,,1.98,$/10 lb bag,0.198,per lb,Midwest,retail,,,,,,,,13.0,3324,Weekly Grocery Store Specialty Crops Feature Activity,2026-09-26T14:36:16+00:00
724d64f81c73d19c,2016-03-25,Potatoes,ROUND RED,3 lb bag,,,,,No,,,,,,,,2.99,$/3 lb bag,0.9967,per lb,Midwest,retail,,,,,,,,343.0,3324,Weekly Grocery Store Specialty Crops Feature Activity,2026-09-26T14:36:16+00:00
a15be7483d8d6549,2016-03-25,Potatoes,ROUND RED,3 lb bag,,,,,Yes,,,,,,,,3.29,$/3 lb bag,1.0967,per lb,Midwest,retail,,,,,,,,106.0,3324,Weekly Grocery Store Specialty Crops Feature Activity,2026-09-26T14:36:16+00:00
788ded09c113bfb9,2016-03-25,Potatoes,ROUND RED,5 lb bag,,,,,No,,,,,,,,2.29,$/5 lb bag,0.458,per lb,Midwest,retail,,,,,,,,760.0,3324,Weekly Grocery Store Specialty Crops Feature Activity,2026-09-26T14:36:16+00:00
4ee528a399929b07,2016-03-25,Potatoes,ROUND RED,8 lb bag,,,,,No,,,,,,,,2.5,$/8 lb bag,0.3125,per lb,Midwest,retail,,,,,,,,42.0,3324,Weekly Grocery Store Specialty Crops Feature Activity,2026-09-26T14:36:16+00:00
a7d444deaaa04988,2016-03-25,Potatoes,ROUND RED,per lb,,,,,No,,,,,,,,1.25,$/per lb,1.25,per lb,Midwest,retail,,,,,,,,19.0,3324,Weekly Grocery Store Specialty Crops Feature Activity,2026-09-26T14:36:16+00:00
e145572954775574,2016-03-25,Potatoes,ROUND WHITE,5 lb bag,,,,,No,,,,,,,,1.55,$/5 lb bag,0.31,per lb,Midwest,retail,,,,,,,,32.0,3324,Weekly Grocery Store Specialty Crops Feature Activity,2026-09-26T14:36:16+00:00
f38a0e1f2a184fa2,2016-03-25,Potatoes,RUSSET,10 lb bag,,,,,No,,,,,,,,2.04,$/10 lb bag,0.204,per lb,Midwest,retail,,,,,,,,1130.0,3324,Weekly Grocery Store Specialty Crops Feature Activity,2026-09-26T14:36:16+00:00
84982609f3583b10,2016-03-25,Potatoes,RUSSET,3 lb bag,,,,,Yes,,,,,,,,2.02,$/3 lb bag,0.6733,per lb,Midwest,retail,,,,,,,,434.0,3324,Weekly Grocery Store Specialty Crops Feature Activity,2026-09-26T14:36:16+00:00
d676644a9e9f7552,2016-03-25,Potatoes,RUSSET,5 lb bag,,,,,No,,,,,,,,2.09,$/5 lb bag,0.418,per lb,Midwest,retail,,,,,,,,1182.0,3324,Weekly Grocery Store Specialty Crops Feature Activity,2026-09-26T14:36:16+00:00
7cba46c3b5d97f52,2016-03-25,Potatoes,RUSSET,8 lb bag,,,,,No,,,,,,,,2.82,$/8 lb bag,0.3525,per lb,Midwest,retail,,,,,,,,908.0,3324,Weekly Grocery Store Specialty Crops Feature Activity,2026-09-26T14:36:16+00:00
7384ce25f33a973d,2016-03-25,Potatoes,RUSSET,per lb,,,,,No,,,,,,,,0.55,$/per lb,0.55,per lb,Midwest,retail,,,,,,,,44.0,3324,Weekly Grocery Store Specialty Crops Feature Activity,2026-09-26T14:36:16+00:00
70a1a83c040ba829,2016-03-25,Potatoes,YELLOW TYPE,10 lb bag,,,,,No,,,,,,,,2.99,$/10 lb bag,0.299,per lb,Midwest,retail,,,,,,,,5.0,3324,Weekly Grocery Store Specialty Crops Feature Activity,2026-09-26T14:36:16+00:00
40073208a6dae0c9,2016-03-25,Potatoes,YELLOW TYPE,3 lb bag,,,,,No,,,,,,,,0.99,$/3 lb bag,0.33,per lb,Midwest,retail,,,,,,,,8.0,3324,Weekly Grocery Store Specialty Crops Feature Activity,2026-09-26T14:36:16+00:00
72bf4f8041bb29dd,2016-03-25,Potatoes,YELLOW TYPE,5 lb bag,,,,,No,,,,,,,,2.6,$/5 lb bag,0.52,per lb,Midwest,retail,,,,,,,,238.0,3324,Weekly Grocery Store Specialty Crops Feature Activity,2026-09-26T14:36:16+00:00
2cc458150a2825ea,2016-03-25,Potatoes,YELLOW TYPE,per lb,,,,,No,,,,,,,,0.5,$/per lb,0.5,per lb,Midwest,retail,,,,,,,,4.0,3324,Weekly Grocery Store Specialty Crops Feature Activity,2026-09-26T14:36:16+00:00
10f0fd0121bd5d23,2016-03-25,Strawberries,,1 lb package,,,,,Yes,,,,,,,,4.1,$/1 lb package,4.1,per lb,Midwest,retail,,,,,,,,339.0,3324,Weekly Grocery Store Specialty Crops Feature Activity,2026-09-26T14:36:16+00:00
45b3514568c2b999,2016-03-25,Strawberries,,1 lb package,,,,,No,,,,,,,,2.16,$/1 lb package,2.16,per lb,Midwest,retail,,,,,,,,3213.0,3324,Weekly Grocery Store Specialty Crops Feature Activity,2026-09-26T14:36:16+00:00
d48c14b0d7c882c2,2016-03-25,Strawberries,,2 lb package,,,,,No,,,,,,,,5.27,$/2 lb package,2.635,per lb,Midwest,retail,,,,,,,,91.0,3324,Weekly Grocery Store Specialty Crops Feature Activity,2026-09-26T14:36:16+00:00
a4baba01ce6ac934,2016-03-25,Tomatoes,,per lb,,,,,No,,,,,,,,1.54,$/per lb,1.54,per lb,Midwest,retail,,,,,,,,127.0,3324,Weekly Grocery Store Specialty Crops Feature Activity,2026-09-26T14:36:16+00:00
e791eb15d1ca5da1,2016-03-25,Tomatoes,Cherry Type,1 pint package,,,,,No,,,,,,,,2.5,$/1 pint package,,,Midwest,retail,,,,,,,,7.0,3324,Weekly Grocery Store Specialty Crops Feature Activity,2026-09-26T14:36:16+00:00
b4d689eb71e9b5a6,2016-03-25,Tomatoes,GRAPE TYPE,1 pint package,,,,,No,,,,,,,,1.76,$/1 pint package,,,Midwest,retail,,,,,,,,88.0,3324,Weekly Grocery Store Specialty Crops Feature Activity,2026-09-26T14:36:16+00:00
d70b874dc2a394d5,2016-03-25,Tomatoes,GRAPE TYPE,1 pint package,,,,,Yes,,,,,,,,3.02,$/1 pint package,,,Midwest,retail,,,,,,,,91.0,3324,Weekly Grocery Store Specialty Crops Feature Activity,2026-09-26T14:36:16+00:00
d79b35ea68aa2975,2016-03-25,Tomatoes,GRAPE TYPE,10 oz package,,,,,Yes,,,,,,,,2.77,$/10 oz package,4.432,per lb,Midwest,retail,,,,,,,,340.0,3324,Weekly Grocery Store Specialty Crops Feature Activity,2026-09-26T14:36:16+00:00
da6825a64462ba82,2016-03-25,Tomatoes,GRAPE TYPE,10 oz package,,,,,No,,,,,,,,2.0,$/10 oz package,3.2,per lb,Midwest,retail,,,,,,,,673.0,3324,Weekly Grocery Store Specialty Crops Feature Activity,2026-09-26T14:36:16+00:00
36bc17e007e5fbd9,2016-03-25,Tomatoes,Plum Type (Roma),per lb,,,,,Yes,,,,,,,,0.99,$/per lb,0.99,per lb,Midwest,retail,,,,,,,,180.0,3324,Weekly Grocery Store Specialty Crops Feature Activity,2026-09-26T14:36:16+00:00
69f33acfdf3415d5,2016-03-25,Tomatoes,Plum Type (Roma),per lb,,,,,No,,,,,,,,1.6,$/per lb,1.6,per lb,Midwest,retail,,,,,,,,143.0,3324,Weekly Grocery Store Specialty Crops Feature Activity,2026-09-26T14:36:16+00:00
ea0088515c23a59e,2016-03-25,Tomatoes,VINE RIPES,per lb,,,,,No,,,,,,,,1.59,$/per lb,1.59,per lb,Midwest,retail,,,environment=Greenhouse,,,,,165.0,3324,Weekly Grocery Store Specialty Crops Feature Activity,2026-09-26T14:36:16+00:00
4650c08e4519ff6c,2016-03-25,Tomatoes,VINE RIPES - ON THE VINE,per lb,,,,,No,,,,,,,,1.89,$/per lb,1.89,per lb,Midwest,retail,,,environment=Greenhouse,,,,,455.0,3324,Weekly Grocery Store Specialty Crops Feature Activity,2026-09-26T14:36:16+00:00
cbf122e2f1b1a834,2016-03-25,Tomatoes,VINE RIPES - ON THE VINE,per lb,,,,,Yes,,,,,,,,2.99,$/per lb,2.99,per lb,Midwest,retail,,,environment=Greenhouse,,,,,12.0,3324,Weekly Grocery Store Specialty Crops Feature Activity,2026-09-26T14:36:16+00:00
22a5a15307ea2705,2016-03-25,Avocados,HASS,each,,,,,No,,,,,,,,1.16,$/each,1.16,per each,National,retail,,,,,,,,6239.0,3324,Weekly Grocery Store Specialty Crops Feature Activity,2026-09-26T14:36:16+00:00
49d9dcd87dcf3d05,2016-03-25,Avocados,HASS,each,,,,,Yes,,,,,,,,1.58,$/each,1.58,per each,National,retail,,,,,,,,906.0,3324,Weekly Grocery Store Specialty Crops Feature Activity,2026-09-26T14:36:16+00:00
e0222e02381d94ea,2016-03-25,Avocados,VARIOUS GREENSKIN VARIETIES,each,,,,,No,,,,,,,,0.78,$/each,0.78,per each,National,retail,,,,,,,,222.0,3324,Weekly Grocery Store Specialty Crops Feature Activity,2026-09-26T14:36:16+00:00
e9e74108bffc1b5d,2016-03-25,Avocados,VARIOUS GREENSKIN VARIETIES,each,,,,,Yes,,,,,,,,1.14,$/each,1.14,per each,National,retail,,,,,,,,16.0,3324,Weekly Grocery Store Specialty Crops Feature Activity,2026-09-26T14:36:16+00:00
d4ac5647e4b83ca8,2016-03-25,Avocados,VARIOUS GREENSKIN VARIETIES,per lb,,,,,No,,,,,,,,2.69,$/per lb,2.69,per lb,National,retail,,,,,,,,34.0,3324,Weekly Grocery Store Specialty Crops Feature Activity,2026-09-26T14:36:16+00:00
2d3f90e48d749016,2016-03-25,Bananas,,per lb,,,,,No,,,,,,,,0.48,$/per lb,0.48,per lb,National,retail,,,,,,,,1642.0,3324,Weekly Grocery Store Specialty Crops Feature Activity,2026-09-26T14:36:16+00:00
bc046492ed9cbd59,2016-03-25,Bananas,,per lb,,,,,Yes,,,,,,,,0.67,$/per lb,0.67,per lb,National,retail,,,,,,,,535.0,3324,Weekly Grocery Store Specialty Crops Feature Activity,2026-09-26T14:36:16+00:00
86441b764834863d,2016-03-25,Blueberries,,1 pint package,,,,,No,,,,,,,,2.93,$/1 pint package,,,National,retail,,,,,,,,2091.0,3324,Weekly Grocery Store Specialty Crops Feature Activity,2026-09-26T14:36:16+00:00
108ee3f323068180,2016-03-25,Blueberries,,18 oz package,,,,,No,,,,,,,,6.99,$/18 oz package,6.2133,per lb,National,retail,,,,,,,,306.0,3324,Weekly Grocery Store Specialty Crops Feature Activity,2026-09-26T14:36:16+00:00
113cef48a2f70df0,2016-03-25,Blueberries,,4.4 oz package,,,,,Yes,,,,,,,,3.99,$/4.4 oz package,14.5091,per lb,National,retail,,,,,,,,70.0,3324,Weekly Grocery Store Specialty Crops Feature Activity,2026-09-26T14:36:16+00:00
2363dc69d2605b28,2016-03-25,Blueberries,,4.4 oz package,,,,,No,,,,,,,,3.17,$/4.4 oz package,11.5273,per lb,National,retail,,,,,,,,460.0,3324,Weekly Grocery Store Specialty Crops Feature Activity,2026-09-26T14:36:16+00:00
5aa07e75cfde6e20,2016-03-25,Blueberries,,6 oz package,,,,,No,,,,,,,,2.8,$/6 oz package,7.4667,per lb,National,retail,,,,,,,,3884.0,3324,Weekly Grocery Store Specialty Crops Feature Activity,2026-09-26T14:36:16+00:00
dc74db60993863a9,2016-03-25,Blueberries,,6 oz package,,,,,Yes,,,,,,,,4.66,$/6 oz package,12.4267,per lb,National,retail,,,,,,,,149.0,3324,Weekly Grocery Store Specialty Crops Feature Activity,2026-09-26T14:36:16+00:00
90f7c7699644a5aa,2016-03-25,Broccoli,,per bunch,,,,,Yes,,,,,,,,2.55,$/per bunch,,,National,retail,,,,,,,,1236.0,3324,Weekly Grocery Store Specialty Crops Feature Activity,2026-09-26T14:36:16+00:00
bc9cc817e019e7c7,2016-03-25,Broccoli,,per bunch,,,,,No,,,,,,,,2.09,$/per bunch,,,National,retail,,,,,,,,2814.0,3324,Weekly Grocery Store Specialty Crops Feature Activity,2026-09-26T14:36:16+00:00
66967a828dc30a81,2016-03-25,Broccoli,,per lb,,,,,No,,,,,,,,1.47,$/per lb,1.47,per lb,National,retail,,,,,,,,1473.0,3324,Weekly Grocery Store Specialty Crops Feature Activity,2026-09-26T14:36:16+00:00
d2cad19f008fac30,2016-03-25,Broccoli,,per lb,,,,,Yes,,,,,,,,1.95,$/per lb,1.95,per lb,National,retail,,,,,,,,1264.0,3324,Weekly Grocery Store Specialty Crops Feature Activity,2026-09-26T14:36:16+00:00
69e50c9c260ebe22,2016-03-25,Broccoli,BABY HYBRID TYPE,per bunch,,,,,No,,,,,,,,1.67,$/per bunch,,,National,retail,,,,,,,,62.0,3324,Weekly Grocery Store Specialty Crops Feature Activity,2026-09-26T14:36:16+00:00
dcf5470ba54d7825,2016-03-25,Broccoli,CROWN CUT,per lb,,,,,No,,,,,,,,1.39,$/per lb,1.39,per lb,National,retail,,,,,,,,4810.0,3324,Weekly Grocery Store Specialty Crops Feature Activity,2026-09-26T14:36:16+00:00
1183008f491bc9f0,2016-03-25,Carrots,,1 lb bag,,,,,No,,,,,,,,0.84,$/1 lb bag,0.84,per lb,National,retail,,,,,,,,323.0,3324,Weekly Grocery Store Specialty Crops Feature Activity,2026-09-26T14:36:16+00:00
afea74bc7843877a,2016-03-25,Carrots,,1 lb bag,,,,,Yes,,,,,,,,1.0,$/1 lb bag,1.0,per lb,National,retail,,,,,,,,762.0,3324,Weekly Grocery Store Specialty Crops Feature Activity,2026-09-26T14:36:16+00:00
3365beaf21aa673d,2016-03-25,Carrots,,2 lb bag,,,,,Yes,,,,,,,,1.7,$/2 lb bag,0.85,per lb,National,retail,,,,,,,,403.0,3324,Weekly Grocery Store Specialty Crops Feature Activity,2026-09-26T14:36:16+00:00
6292789fb2442564,2016-03-25,Carrots,,2 lb bag,,,,,No,,,,,,,,1.45,$/2 lb bag,0.725,per lb,National,retail,,,,,,,,401.0,3324,Weekly Grocery Store Specialty Crops Feature Activity,2026-09-26T14:36:16+00:00
894a9b2fc1ac8e09,2016-03-25,Carrots,,per bunch,,,,,No,,,,,,,,1.56,$/per bunch,,,National,retail,,,,,,,,7.0,3324,Weekly Grocery Store Specialty Crops Feature Activity,2026-09-26T14:36:16+00:00
f419834edf0d23ca,2016-03-25,Carrots,,per bunch,,,,,Yes,,,,,,,,1.52,$/per bunch,,,National,retail,,,,,,,,591.0,3324,Weekly Grocery Store Specialty Crops Feature Activity,2026-09-26T14:36:16+00:00
74fd42afe1dcc453,2016-03-25,Carrots,,per lb,,,,,Yes,,,,,,,,0.99,$/per lb,0.99,per lb,National,retail,,,,,,,,16.0,3324,Weekly Grocery Store Specialty Crops Feature Activity,2026-09-26T14:36:16+00:00
ba8d6c0beb6507ba,2016-03-25,Carrots,,per lb,,,,,No,,,,,,,,0.33,$/per lb,0.33,per lb,National,retail,,,,,,,,93.0,3324,Weekly Grocery Store Specialty Crops Feature Activity,2026-09-26T14:36:16+00:00
ad0e632f2b47f016,2016-03-25,Carrots,BABY PEELED,1 lb bag,,,,,Yes,,,,,,,,1.6,$/1 lb bag,1.6,per lb,National,retail,,,,,,,,977.0,3324,Weekly Grocery Store Specialty Crops Feature Activity,2026-09-26T14:36:16+00:00
d11f2fc1df54b7e6,2016-03-25,Carrots,BABY PEELED,1 lb bag,,,,,No,,,,,,,,1.2,$/1 lb bag,1.2,per lb,National,retail,,,,,,,,6607.0,3324,Weekly Grocery Store Specialty Crops Feature Activity,2026-09-26T14:36:16+00:00
4666e3d89650bf0b,2016-03-25,Carrots,BABY PEELED,2 lb bag,,,,,Yes,,,,,,,,2.53,$/2 lb bag,1.265,per lb,National,retail,,,,,,,,140.0,3324,Weekly Grocery Store Specialty Crops Feature Activity,2026-09-26T14:36:16+00:00
922d486c598bdd54,2016-03-25,Carrots,BABY PEELED,2 lb bag,,,,,No,,,,,,,,2.46,$/2 lb bag,1.23,per lb,National,retail,,,,,,,,4137.0,3324,Weekly Grocery Store Specialty Crops Feature Activity,2026-09-26T14:36:16+00:00
52d6f51a45087abc,2016-03-25,Celery,,each,,,,,No,,,,,,,,1.18,$/each,1.18,per each,National,retail,,,,,,,,5840.0,3324,Weekly Grocery Store Specialty Crops Feature Activity,2026-09-26T14:36:16+00:00
60eb5302e1fdb395,2016-03-25,Celery,,each,,,,,Yes,,,,,,,,1.79,$/each,1.79,per each,National,retail,,,,,,,,597.0,3324,Weekly Grocery Store Specialty Crops Feature Activity,2026-09-26T14:36:16+00:00
3ae21fae6638f089,2016-03-25,Celery,,per lb,,,,,No,,,,,,,,0.9,$/per lb,0.9,per lb,National,retail,,,,,,,,382.0,3324,Weekly Grocery Store Specialty Crops Feature Activity,2026-09-26T14:36:16+00:00
fe5422ffa758c7f5,2016-03-25,Celery,,per lb,,,,,Yes,,,,,,,,1.58,$/per lb,1.58,per lb,National,retail,,,,,,,,174.0,3324,Weekly Grocery Store Specialty Crops Feature Activity,2026-09-26T14:36:16+00:00
206aa33d0bb334de,2016-03-25,Celery,HEARTS,each,,,,,No,,,,,,,,2.59,$/each,2.59,per each,National,retail,,,,,,,,905.0,3324,Weekly Grocery Store Specialty Crops Feature Activity,2026-09-26T14:36:16+00:00
56186e9d45155154,2016-03-25,Celery,HEARTS,each,,,,,Yes,,,,,,,,3.22,$/each,3.22,per each,National,retail,,,,,,,,1366.0,3324,Weekly Grocery Store Specialty Crops Feature Activity,2026-09-26T14:36:16+00:00
43fc79d9b1bf97fe,2016-03-25,Celery,HEARTS,per lb,,,,,No,,,,,,,,2.32,$/per lb,2.32,per lb,National,retail,,,,,,,,25.0,3324,Weekly Grocery Store Specialty Crops Feature Activity,2026-09-26T14:36:16+00:00
822fb7df57076325,2016-03-25,Celery,HEARTS,per lb,,,,,Yes,,,,,,,,3.49,$/per lb,3.49,per lb,National,retail,,,,,,,,16.0,3324,Weekly Grocery Store Specialty Crops Feature Activity,2026-09-26T14:36:16+00:00
3b9e73026783388e,2016-03-25,Cucumbers,,each,,,,,No,,,,,,,,0.71,$/each,0.71,per each,National,retail,,,,,,,,2205.0,3324,Weekly Grocery Store Specialty Crops Feature Activity,2026-09-26T14:36:16+00:00
edcd10069568257e,2016-03-25,Cucumbers,,each,,,,,Yes,,,,,,,,1.02,$/each,1.02,per each,National,retail,,,,,,,,574.0,3324,Weekly Grocery Store Specialty Crops Feature Activity,2026-09-26T14:36:16+00:00
e4749de521c85995,2016-03-25,Cucumbers,,per lb,,,,,No,,,,,,,,0.79,$/per lb,0.79,per lb,National,retail,,,,,,,,9.0,3324,Weekly Grocery Store Specialty Crops Feature Activity,2026-09-26T14:36:16+00:00
9bfe99604d0a4cdc,2016-03-25,Cucumbers,LONG SEEDLESS,each,,,,,No,,,,,,,,1.5,$/each,1.5,per each,National,retail,,,environment=Greenhouse,,,,,2426.0,3324,Weekly Grocery Store Specialty Crops Feature Activity,2026-09-26T14:36:16+00:00
be0637d535eec030,2016-03-25,Cucumbers,LONG SEEDLESS,each,,,,,Yes,,,,,,,,2.43,$/each,2.43,per each,National,retail,,,environment=Greenhouse,,,,,242.0,3324,Weekly Grocery Store Specialty Crops Feature Activity,2026-09-26T14:36:16+00:00
a6012b81fe580be1,2016-03-25,Cucumbers,LONG SEEDLESS,per lb,,,,,No,,,,,,,,1.69,$/per lb,1.69,per lb,National,retail,,,environment=Greenhouse,,,,,4.0,3324,Weekly Grocery Store Specialty Crops Feature Activity,2026-09-26T14:36:16+00:00
84a63c806b2f7944,2016-03-25,Grapes,BLACK SEEDLESS,per lb,,,,,No,,,,,,,,2.76,$/per lb,2.76,per lb,National,retail,,,,,,,,2011.0,3324,Weekly Grocery Store Specialty Crops Feature Activity,2026-09-26T14:36:16+00:00
bba949cbb75a432e,2016-03-25,Grapes,RED SEEDLESS,per lb,,,,,No,,,,,,,,2.36,$/per lb,2.36,per lb,National,retail,,,,,,,,8104.0,3324,Weekly Grocery Store Specialty Crops Feature Activity,2026-09-26T14:36:16+00:00
561b776aa35097e8,2016-03-25,Grapes,Red Globe Seeded Type,per lb,,,,,No,,,,,,,,2.02,$/per lb,2.02,per lb,National,retail,,,,,,,,882.0,3324,Weekly Grocery Store Specialty Crops Feature Activity,2026-09-26T14:36:16+00:00
29b7262591912e22,2016-03-25,Grapes,WHITE SEEDLESS TYPE,per lb,,,,,No,,,,,,,,2.46,$/per lb,2.46,per lb,National,retail,,,,,,,,7693.0,3324,Weekly Grocery Store Specialty Crops Feature Activity,2026-09-26T14:36:16+00:00
dbe45f36b70da611,2016-03-25,Lemons,,2 lb bag,,,,,No,,,,,,,,3.46,$/2 lb bag,1.73,per lb,National,retail,,,,,,,,214.0,3324,Weekly Grocery Store Specialty Crops Feature Activity,2026-09-26T14:36:16+00:00
f9595f6650a06b75,2016-03-25,Lemons,,2 lb bag,,,,,Yes,,,,,,,,4.39,$/2 lb bag,2.195,per lb,National,retail,,,,,,,,239.0,3324,Weekly Grocery Store Specialty Crops Feature Activity,2026-09-26T14:36:16+00:00
395c2ef58054eb1d,2016-03-25,Lemons,,each,,,,,Yes,,,,,,,,0.91,$/each,0.91,per each,National,retail,,,,,,,,185.0,3324,Weekly Grocery Store Specialty Crops Feature Activity,2026-09-26T14:36:16+00:00
aec9cafed3e04718,2016-03-25,Lemons,,each,,,,,No,,,,,,,,0.55,$/each,0.55,per each,National,retail,,,,,,,,3113.0,3324,Weekly Grocery Store Specialty Crops Feature Activity,2026-09-26T14:36:16+00:00
be26c689f5294ea6,2016-03-25,Lemons,,per lb,,,,,No,,,,,,,,1.76,$/per lb,1.76,per lb,National,retail,,,,,,,,115.0,3324,Weekly Grocery Store Specialty Crops Feature Activity,2026-09-26T14:36:16+00:00
2a56c21a040c20f8,2016-03-25,Lettuce,Boston,each,,,,,No,,,,,,,,1.69,$/each,1.69,per each,National,retail,,,,,,,,8.0,3324,Weekly Grocery Store Specialty Crops Feature Activity,2026-09-26T14:36:16+00:00
6cca877e18208226,2016-03-25,Lettuce,Green Leaf,each,,,,,Yes,,,,,,,,1.88,$/each,1.88,per each,National,retail,,,,,,,,47.0,3324,Weekly Grocery Store Specialty Crops Feature Activity,2026-09-26T14:36:16+00:00
bd956d90834beb5b,2016-03-25,Lettuce,Green Leaf,each,,,,,No,,,,,,,,1.09,$/each,1.09,per each,National,retail,,,,,,,,1343.0,3324,Weekly Grocery Store Specialty Crops Feature Activity,2026-09-26T14:36:16+00:00
c3608b27b3732eb7,2016-03-25,Lettuce,Green Leaf,per lb,,,,,No,,,,,,,,1.38,$/per lb,1.38,per lb,National,retail,,,,,,,,179.0,3324,Weekly Grocery Store Specialty Crops Feature Activity,2026-09-26T14:36:16+00:00
61e3658104759410,2016-03-25,Lettuce,Iceberg,each,,,,,Yes,,,,,,,,2.75,$/each,2.75,per each,National,retail,,,,,,,,64.0,3324,Weekly Grocery Store Specialty Crops Feature Activity,2026-09-26T14:36:16+00:00
9925faf91f3b3a06,2016-03-25,Lettuce,Iceberg,each,,,,,No,,,,,,,,1.06,$/each,1.06,per each,National,retail,,,,,,,,1952.0,3324,Weekly Grocery Store Specialty Crops Feature Activity,2026-09-26T14:36:16+00:00
fb5071fa95b72565,2016-03-25,Lettuce,Iceberg,per lb,,,,,No,,,,,,,,1.79,$/per lb,1.79,per lb,National,retail,,,,,,,,3.0,3324,Weekly Grocery Store Specialty Crops Feature Activity,2026-09-26T14:36:16+00:00
32c072840a977b3e,2016-03-25,Lettuce,Red Leaf,each,,,,,No,,,,,,,,1.09,$/each,1.09,per each,National,retail,,,,,,,,1269.0,3324,Weekly Grocery Store Specialty Crops Feature Activity,2026-09-26T14:36:16+00:00
dd844b9e65a87f58,2016-03-25,Lettuce,Red Leaf,each,,,,,Yes,,,,,,,,1.88,$/each,1.88,per each,National,retail,,,,,,,,47.0,3324,Weekly Grocery Store Specialty Crops Feature Activity,2026-09-26T14:36:16+00:00
1def79b83d4cb6b2,2016-03-25,Lettuce,Red Leaf,per lb,,,,,No,,,,,,,,1.38,$/per lb,1.38,per lb,National,retail,,,,,,,,179.0,3324,Weekly Grocery Store Specialty Crops Feature Activity,2026-09-26T14:36:16+00:00
4e42291074ea192d,2016-03-25,Lettuce,Red Leaf,per lb,,,,,Yes,,,,,,,,1.99,$/per lb,1.99,per lb,National,retail,,,,,,,,6.0,3324,Weekly Grocery Store Specialty Crops Feature Activity,2026-09-26T14:36:16+00:00
0d339ae9c6d2e200,2016-03-25,Lettuce,Romaine,3 count,,,,,Yes,,,,,,,,2.99,$/3 count,,,National,retail,,,,,,,,28.0,3324,Weekly Grocery Store Specialty Crops Feature Activity,2026-09-26T14:36:16+00:00
07e9a0b0d2ffd4d0,2016-03-25,Lettuce,Romaine,each,,,,,No,,,,,,,,1.19,$/each,1.19,per each,National,retail,,,,,,,,1128.0,3324,Weekly Grocery Store Specialty Crops Feature Activity,2026-09-26T14:36:16+00:00
ca2c949652c7ce2a,2016-03-25,Lettuce,Romaine,each,,,,,Yes,,,,,,,,1.75,$/each,1.75,per each,National,retail,,,,,,,,22.0,3324,Weekly Grocery Store Specialty Crops Feature Activity,2026-09-26T14:36:16+00:00
c6c89940e161ce39,2016-03-25,Lettuce,Romaine,per lb,,,,,No,,,,,,,,1.32,$/per lb,1.32,per lb,National,retail,,,,,,,,376.0,3324,Weekly Grocery Store Specialty Crops Feature Activity,2026-09-26T14:36:16+00:00
7facd8837268e471,2016-03-25,Lettuce,Romaine (Hearts),3 count,,,,,Yes,,,,,,,,3.05,$/3 count,,,National,retail,,,,,,,,1404.0,3324,Weekly Grocery Store Specialty Crops Feature Activity,2026-09-26T14:36:16+00:00
d72791f2e87b76e8,2016-03-25,Lettuce,Romaine (Hearts),3 count,,,,,No,,,,,,,,2.52,$/3 count,,,National,retail,,,,,,,,2182.0,3324,Weekly Grocery Store Specialty Crops Feature Activity,2026-09-26T14:36:16+00:00
011653a537d68891,2016-03-25,Limes,,each,,,,,No,,,,,,,,0.33,$/each,0.33,per each,National,retail,,,,,,,,1735.0,3324,Weekly Grocery Store Specialty Crops Feature Activity,2026-09-26T14:36:16+00:00
532932662d6828f3,2016-03-25,Limes,,per lb,,,,,Yes,,,,,,,,3.49,$/per lb,3.49,per lb,National,retail,,,,,,,,8.0,3324,Weekly Grocery Store Specialty Crops Feature Activity,2026-09-26T14:36:16+00:00
6ce4f3c7e651dc88,2016-03-25,Limes,,per lb,,,,,No,,,,,,,,0.57,$/per lb,0.57,per lb,National,retail,,,,,,,,133.0,3324,Weekly Grocery Store Specialty Crops Feature Activity,2026-09-26T14:36:16+00:00
a80fd1cad6b9e5ea,2016-03-25,"Onions, Dry",RED,2 lb bag,,,,,No,,,,,,,,1.33,$/2 lb bag,0.665,per lb,National,retail,,,,,,,,22.0,3324,Weekly Grocery Store Specialty Crops Feature Activity,2026-09-26T14:36:16+00:00
7a1e9482b8dccd0a,2016-03-25,"Onions, Dry",RED,per lb,,,,,Yes,,,,,,,,0.98,$/per lb,0.98,per lb,National,retail,,,,,,,,2.0,3324,Weekly Grocery Store Specialty Crops Feature Activity,2026-09-26T14:36:16+00:00
f88d54a1ec63e1a9,2016-03-25,"Onions, Dry",RED,per lb,,,,,No,,,,,,,,1.28,$/per lb,1.28,per lb,National,retail,,,,,,,,392.0,3324,Weekly Grocery Store Specialty Crops Feature Activity,2026-09-26T14:36:16+00:00
259b2d5ba375cfa4,2016-03-25,"Onions, Dry",WHITE,2 lb bag,,,,,No,,,,,,,,1.69,$/2 lb bag,0.845,per lb,National,retail,,,,,,,,7.0,3324,Weekly Grocery Store Specialty Crops Feature Activity,2026-09-26T14:36:16+00:00
44fb64ec869f7d9e,2016-03-25,"Onions, Dry",WHITE,per lb,,,,,No,,,,,,,,0.73,$/per lb,0.73,per lb,National,retail,,,,,,,,875.0,3324,Weekly Grocery Store Specialty Crops Feature Activity,2026-09-26T14:36:16+00:00
e7f6f897181a0e0d,2016-03-25,"Onions, Dry",YELLOW,2 lb bag,,,,,Yes,,,,,,,,1.59,$/2 lb bag,0.795,per lb,National,retail,,,,,,,,8.0,3324,Weekly Grocery Store Specialty Crops Feature Activity,2026-09-26T14:36:16+00:00
fbc3391e8112cb2a,2016-03-25,"Onions, Dry",YELLOW,2 lb bag,,,,,No,,,,,,,,1.33,$/2 lb bag,0.665,per lb,National,retail,,,,,,,,484.0,3324,Weekly Grocery Store Specialty Crops Feature Activity,2026-09-26T14:36:16+00:00
3538a851f109ccd5,2016-03-25,"Onions, Dry",YELLOW,3 lb bag,,,,,Yes,,,,,,,,3.35,$/3 lb bag,1.1167,per lb,National,retail,,,,,,,,256.0,3324,Weekly Grocery Store Specialty Crops Feature Activity,2026-09-26T14:36:16+00:00
665dd8d02bf733c9,2016-03-25,"Onions, Dry",YELLOW,3 lb bag,,,,,No,,,,,,,,2.32,$/3 lb bag,0.7733,per lb,National,retail,,,,,,,,1854.0,3324,Weekly Grocery Store Specialty Crops Feature Activity,2026-09-26T14:36:16+00:00
87c3d1c82a4e0306,2016-03-25,"Onions, Dry",YELLOW,5 lb bag,,,,,No,,,,,,,,2.37,$/5 lb bag,0.474,per lb,National,retail,,,,,,,,41.0,3324,Weekly Grocery Store Specialty Crops Feature Activity,2026-09-26T14:36:16+00:00
02f770d01e20696e,2016-03-25,"Onions, Dry",YELLOW,per lb,,,,,No,,,,,,,,0.78,$/per lb,0.78,per lb,National,retail,,,,,,,,610.0,3324,Weekly Grocery Store Specialty Crops Feature Activity,2026-09-26T14:36:16+00:00
29a22c6ce8847243,2016-03-25,"Onions, Dry",YELLOW,per lb,,,,,Yes,,,,,,,,1.25,$/per lb,1.25,per lb,National,retail,,,,,,,,340.0,3324,Weekly Grocery Store Specialty Crops Feature Activity,2026-09-26T14:36:16+00:00
0608d574f709ac79,2016-03-25,"Onions, Dry",YELLOW MARKED SWEET,3 lb bag,,,,,No,,,,,,,,1.69,$/3 lb bag,0.5633,per lb,National,retail,,,,,,,,1163.0,3324,Weekly Grocery Store Specialty Crops Feature Activity,2026-09-26T14:36:16+00:00
bc95549b7eeb4c75,2016-03-25,"Onions, Dry",YELLOW MARKED SWEET,5 lb bag,,,,,No,,,,,,,,3.68,$/5 lb bag,0.736,per lb,National,retail,,,,,,,,339.0,3324,Weekly Grocery Store Specialty Crops Feature Activity,2026-09-26T14:36:16+00:00
b7fdcec308ad5e32,2016-03-25,"Onions, Dry",YELLOW MARKED SWEET,per lb,,,,,No,,,,,,,,1.12,$/per lb,1.12,per lb,National,retail,,,,,,,,4224.0,3324,Weekly Grocery Store Specialty Crops Feature Activity,2026-09-26T14:36:16+00:00
051722ec11a24cd3,2016-03-25,"Peppers, Bell Type",GREEN,each,,,,,No,,,,,,,,0.97,$/each,0.97,per each,National,retail,,,,,,,,417.0,3324,Weekly Grocery Store Specialty Crops Feature Activity,2026-09-26T14:36:16+00:00
7d8f789f4a6836c5,2016-03-25,"Peppers, Bell Type",GREEN,per lb,,,,,No,,,,,,,,1.69,$/per lb,1.69,per lb,National,retail,,,,,,,,529.0,3324,Weekly Grocery Store Specialty Crops Feature Activity,2026-09-26T14:36:16+00:00
e16b45afab7422fe,2016-03-25,"Peppers, Bell Type",GREEN,per lb,,,,,Yes,,,,,,,,1.49,$/per lb,1.49,per lb,National,retail,,,,,,,,5.0,3324,Weekly Grocery Store Specialty Crops Feature Activity,2026-09-26T14:36:16+00:00
868984fde9fc9de2,2016-03-25,"Peppers, Bell Type",ORANGE,each,,,,,Yes,,,,,,,,2.18,$/each,2.18,per each,National,retail,,,,,,,,27.0,3324,Weekly Grocery Store Specialty Crops Feature Activity,2026-09-26T14:36:16+00:00
dd742ad25d35d2e7,2016-03-25,"Peppers, Bell Type",ORANGE,each,,,,,No,,,,,,,,1.39,$/each,1.39,per each,National,retail,,,,,,,,2211.0,3324,Weekly Grocery Store Specialty Crops Feature Activity,2026-09-26T14:36:16+00:00
e571a49bb5d81420,2016-03-25,"Peppers, Bell Type",ORANGE,each,,,,,No,,,,,,,,1.39,$/each,1.39,per each,National,retail,,,environment=Greenhouse,,,,,1056.0,3324,Weekly Grocery Store Specialty Crops Feature Activity,2026-09-26T14:36:16+00:00
2ba9ec25e79f4878,2016-03-25,"Peppers, Bell Type",ORANGE,per lb,,,,,No,,,,,,,,2.69,$/per lb,2.69,per lb,National,retail,,,,,,,,51.0,3324,Weekly Grocery Store Specialty Crops Feature Activity,2026-09-26T14:36:16+00:00
e456e3b408e3d74c,2016-03-25,"Peppers, Bell Type",ORANGE,per lb,,,,,No,,,,,,,,2.69,$/per lb,2.69,per lb,National,retail,,,environment=Greenhouse,,,,,22.0,3324,Weekly Grocery Store Specialty Crops Feature Activity,2026-09-26T14:36:16+00:00
0a88645e6e946e4b,2016-03-25,"Peppers, Bell Type",RED,each,,,,,No,,,,,,,,1.3,$/each,1.3,per each,National,retail,,,,,,,,3528.0,3324,Weekly Grocery Store Specialty Crops Feature Activity,2026-09-26T14:36:16+00:00
8543543604a112f1,2016-03-25,"Peppers, Bell Type",RED,each,,,,,Yes,,,,,,,,1.88,$/each,1.88,per each,National,retail,,,,,,,,695.0,3324,Weekly Grocery Store Specialty Crops Feature Activity,2026-09-26T14:36:16+00:00
fca64fbd89893513,2016-03-25,"Peppers, Bell Type",RED,each,,,,,No,,,,,,,,1.3,$/each,1.3,per each,National,retail,,,environment=Greenhouse,,,,,1070.0,3324,Weekly Grocery Store Specialty Crops Feature Activity,2026-09-26T14:36:16+00:00
8d486b4a71aa56d0,2016-03-25,"Peppers, Bell Type",RED,per lb,,,,,Yes,,,,,,,,3.16,$/per lb,3.16,per lb,National,retail,,,,,,,,26.0,3324,Weekly Grocery Store Specialty Crops Feature Activity,2026-09-26T14:36:16+00:00
99459116c432e79d,2016-03-25,"Peppers, Bell Type",RED,per lb,,,,,No,,,,,,,,2.53,$/per lb,2.53,per lb,National,retail,,,,,,,,705.0,3324,Weekly Grocery Store Specialty Crops Feature Activity,2026-09-26T14:36:16+00:00
b7eb1fb21bc525ae,2016-03-25,"Peppers, Bell Type",RED,per lb,,,,,No,,,,,,,,2.53,$/per lb,2.53,per lb,National,retail,,,environment=Greenhouse,,,,,67.0,3324,Weekly Grocery Store Specialty Crops Feature Activity,2026-09-26T14:36:16+00:00
3f5aa6dc4e2e9a91,2016-03-25,"Peppers, Bell Type",YELLOW,each,,,,,No,,,,,,,,1.4,$/each,1.4,per each,National,retail,,,environment=Greenhouse,,,,,1056.0,3324,Weekly Grocery Store Specialty Crops Feature Activity,2026-09-26T14:36:16+00:00
8cedc1f2018b2b51,2016-03-25,"Peppers, Bell Type",YELLOW,each,,,,,No,,,,,,,,1.4,$/each,1.4,per each,National,retail,,,,,,,,2314.0,3324,Weekly Grocery Store Specialty Crops Feature Activity,2026-09-26T14:36:16+00:00
b9d4c6c0b0b6c1c6,2016-03-25,"Peppers, Bell Type",YELLOW,each,,,,,Yes,,,,,,,,2.18,$/each,2.18,per each,National,retail,,,,,,,,27.0,3324,Weekly Grocery Store Specialty Crops Feature Activity,2026-09-26T14:36:16+00:00
851bc6125076a52c,2016-03-25,"Peppers, Bell Type",YELLOW,per lb,,,,,No,,,,,,,,2.69,$/per lb,2.69,per lb,National,retail,,,,,,,,51.0,3324,Weekly Grocery Store Specialty Crops Feature Activity,2026-09-26T14:36:16+00:00
9aa6afcc5cf7bcce,2016-03-25,"Peppers, Bell Type",YELLOW,per lb,,,,,No,,,,,,,,2.69,$/per lb,2.69,per lb,National,retail,,,environment=Greenhouse,,,,,22.0,3324,Weekly Grocery Store Specialty Crops Feature Activity,2026-09-26T14:36:16+00:00
d2888fde40359860,2016-03-25,Potatoes,ROUND RED,10 lb bag,,,,,No,,,,,,,,1.98,$/10 lb bag,0.198,per lb,National,retail,,,,,,,,13.0,3324,Weekly Grocery Store Specialty Crops Feature Activity,2026-09-26T14:36:16+00:00
1e06a294d0509311,2016-03-25,Potatoes,ROUND RED,3 lb bag,,,,,Yes,,,,,,,,3.47,$/3 lb bag,1.1567,per lb,National,retail,,,,,,,,576.0,3324,Weekly Grocery Store Specialty Crops Feature Activity,2026-09-26T14:36:16+00:00
e1c90130f1e5a40b,2016-03-25,Potatoes,ROUND RED,3 lb bag,,,,,No,,,,,,,,2.79,$/3 lb bag,0.93,per lb,National,retail,,,,,,,,1324.0,3324,Weekly Grocery Store Specialty Crops Feature Activity,2026-09-26T14:36:16+00:00
9f452e375f0d128b,2016-03-25,Potatoes,ROUND RED,5 lb bag,,,,,Yes,,,,,,,,5.99,$/5 lb bag,1.198,per lb,National,retail,,,,,,,,8.0,3324,Weekly Grocery Store Specialty Crops Feature Activity,2026-09-26T14:36:16+00:00
a7856e122cb4eefd,2016-03-25,Potatoes,ROUND RED,5 lb bag,,,,,No,,,,,,,,2.87,$/5 lb bag,0.574,per lb,National,retail,,,,,,,,3155.0,3324,Weekly Grocery Store Specialty Crops Feature Activity,2026-09-26T14:36:16+00:00
9e6f8bb235c25839,2016-03-25,Potatoes,ROUND RED,8 lb bag,,,,,No,,,,,,,,2.5,$/8 lb bag,0.3125,per lb,National,retail,,,,,,,,42.0,3324,Weekly Grocery Store Specialty Crops Feature Activity,2026-09-26T14:36:16+00:00
303a3d782eacf763,2016-03-25,Potatoes,ROUND RED,per lb,,,,,No,,,,,,,,0.73,$/per lb,0.73,per lb,National,retail,,,,,,,,570.0,3324,Weekly Grocery Store Specialty Crops Feature Activity,2026-09-26T14:36:16+00:00
5970a8d113962931,2016-03-25,Potatoes,ROUND RED,per lb,,,,,Yes,,,,,,,,0.98,$/per lb,0.98,per lb,National,retail,,,,,,,,5.0,3324,Weekly Grocery Store Specialty Crops Feature Activity,2026-09-26T14:36:16+00:00
858fe0871df68594,2016-03-25,Potatoes,ROUND WHITE,10 lb bag,,,,,No,,,,,,,,2.63,$/10 lb bag,0.263,per lb,National,retail,,,,,,,,87.0,3324,Weekly Grocery Store Specialty Crops Feature Activity,2026-09-26T14:36:16+00:00
d6b21e3a7c9213a8,2016-03-25,Potatoes,ROUND WHITE,5 lb bag,,,,,No,,,,,,,,2.1,$/5 lb bag,0.42,per lb,National,retail,,,,,,,,1994.0,3324,Weekly Grocery Store Specialty Crops Feature Activity,2026-09-26T14:36:16+00:00
84889f1c1d7ffda5,2016-03-25,Potatoes,ROUND WHITE,8 lb bag,,,,,No,,,,,,,,4.97,$/8 lb bag,0.6212,per lb,National,retail,,,,,,,,167.0,3324,Weekly Grocery Store Specialty Crops Feature Activity,2026-09-26T14:36:16+00:00
df1e986dc886b9a2,2016-03-25,Potatoes,RUSSET,10 lb bag,,,,,No,,,,,,,,2.32,$/10 lb bag,0.232,per lb,National,retail,,,,,,,,3794.0,3324,Weekly Grocery Store Specialty Crops Feature Activity,2026-09-26T14:36:16+00:00
be60e22bf886940e,2016-03-25,Potatoes,RUSSET,3 lb bag,,,,,No,,,,,,,,1.92,$/3 lb bag,0.64,per lb,National,retail,,,,,,,,80.0,3324,Weekly Grocery Store Specialty Crops Feature Activity,2026-09-26T14:36:16+00:00
f66ae710c38a3a63,2016-03-25,Potatoes,RUSSET,3 lb bag,,,,,Yes,,,,,,,,2.61,$/3 lb bag,0.87,per lb,National,retail,,,,,,,,1628.0,3324,Weekly Grocery Store Specialty Crops Feature Activity,2026-09-26T14:36:16+00:00
2e9fabb588ca9cd9,2016-03-25,Potatoes,RUSSET,5 lb bag,,,,,No,,,,,,,,2.48,$/5 lb bag,0.496,per lb,National,retail,,,environment=Greenhouse,,,,,118.0,3324,Weekly Grocery Store Specialty Crops Feature Activity,2026-09-26T14:36:16+00:00
7c1e3f23c09c5d1b,2016-03-25,Potatoes,RUSSET,5 lb bag,,,,,Yes,,,,,,,,2.99,$/5 lb bag,0.598,per lb,National,retail,,,,,,,,203.0,3324,Weekly Grocery Store Specialty Crops Feature Activity,2026-09-26T14:36:16+00:00
86ee0e23f045c52e,2016-03-25,Potatoes,RUSSET,5 lb bag,,,,,No,,,,,,,,2.48,$/5 lb bag,0.496,per lb,National,retail,,,,,,,,5243.0,3324,Weekly Grocery Store Specialty Crops Feature Activity,2026-09-26T14:36:16+00:00
13dfa871a741bcd2,2016-03-25,Potatoes,RUSSET,8 lb bag,,,,,No,,,,,,,,2.99,$/8 lb bag,0.3738,per lb,National,retail,,,,,,,,2437.0,3324,Weekly Grocery Store Specialty Crops Feature Activity,2026-09-26T14:36:16+00:00
c35546432f3f03f3,2016-03-25,Potatoes,RUSSET,8 lb bag,,,,,Yes,,,,,,,,3.49,$/8 lb bag,0.4363,per lb,National,retail,,,,,,,,2.0,3324,Weekly Grocery Store Specialty Crops Feature Activity,2026-09-26T14:36:16+00:00
c3a9061e8b77d60f,2016-03-25,Potatoes,RUSSET,per lb,,,,,No,,,,,,,,0.73,$/per lb,0.73,per lb,National,retail,,,,,,,,1173.0,3324,Weekly Grocery Store Specialty Crops Feature Activity,2026-09-26T14:36:16+00:00
ecfac51d8268cd72,2016-03-25,Potatoes,RUSSET,per lb,,,,,Yes,,,,,,,,0.98,$/per lb,0.98,per lb,National,retail,,,,,,,,5.0,3324,Weekly Grocery Store Specialty Crops Feature Activity,2026-09-26T14:36:16+00:00
379f1aa54fec8613,2016-03-25,Potatoes,YELLOW TYPE,10 lb bag,,,,,No,,,,,,,,2.99,$/10 lb bag,0.299,per lb,National,retail,,,,,,,,5.0,3324,Weekly Grocery Store Specialty Crops Feature Activity,2026-09-26T14:36:16+00:00
9326d05db2162846,2016-03-25,Potatoes,YELLOW TYPE,3 lb bag,,,,,No,,,,,,,,1.62,$/3 lb bag,0.54,per lb,National,retail,,,,,,,,87.0,3324,Weekly Grocery Store Specialty Crops Feature Activity,2026-09-26T14:36:16+00:00
9f2826bb2e9edc89,2016-03-25,Potatoes,YELLOW TYPE,3 lb bag,,,,,Yes,,,,,,,,3.51,$/3 lb bag,1.17,per lb,National,retail,,,,,,,,470.0,3324,Weekly Grocery Store Specialty Crops Feature Activity,2026-09-26T14:36:16+00:00
4a36ea0283e9a269,2016-03-25,Potatoes,YELLOW TYPE,5 lb bag,,,,,Yes,,,,,,,,5.99,$/5 lb bag,1.198,per lb,National,retail,,,,,,,,8.0,3324,Weekly Grocery Store Specialty Crops Feature Activity,2026-09-26T14:36:16+00:00
7badf6bee0a151c6,2016-03-25,Potatoes,YELLOW TYPE,5 lb bag,,,,,No,,,,,,,,2.82,$/5 lb bag,0.564,per lb,National,retail,,,,,,,,939.0,3324,Weekly Grocery Store Specialty Crops Feature Activity,2026-09-26T14:36:16+00:00
195e697ae30d37b7,2016-03-25,Potatoes,YELLOW TYPE,per lb,,,,,Yes,,,,,,,,0.98,$/per lb,0.98,per lb,National,retail,,,,,,,,5.0,3324,Weekly Grocery Store Specialty Crops Feature Activity,2026-09-26T14:36:16+00:00
56c92b2953189ea8,2016-03-25,Potatoes,YELLOW TYPE,per lb,,,,,No,,,,,,,,0.77,$/per lb,0.77,per lb,National,retail,,,,,,,,280.0,3324,Weekly Grocery Store Specialty Crops Feature Activity,2026-09-26T14:36:16+00:00
0ffd285ce4227619,2016-03-25,Strawberries,,1 lb package,,,,,Yes,,,,,,,,3.63,$/1 lb package,3.63,per lb,National,retail,,,,,,,,5634.0,3324,Weekly Grocery Store Specialty Crops Feature Activity,2026-09-26T14:36:16+00:00
ab5e80711ede94e3,2016-03-25,Strawberries,,1 lb package,,,,,No,,,,,,,,2.1,$/1 lb package,2.1,per lb,National,retail,,,,,,,,14646.0,3324,Weekly Grocery Store Specialty Crops Feature Activity,2026-09-26T14:36:16+00:00
8f73db1925aa5387,2016-03-25,Strawberries,,2 lb package,,,,,No,,,,,,,,4.54,$/2 lb package,2.27,per lb,National,retail,,,,,,,,1774.0,3324,Weekly Grocery Store Specialty Crops Feature Activity,2026-09-26T14:36:16+00:00
62a05a7d8719c00f,2016-03-25,Tomatoes,,per lb,,,,,Yes,,,,,,,,2.99,$/per lb,2.99,per lb,National,retail,,,,,,,,21.0,3324,Weekly Grocery Store Specialty Crops Feature Activity,2026-09-26T14:36:16+00:00
9af4382aae373974,2016-03-25,Tomatoes,,per lb,,,,,No,,,,,,,,1.16,$/per lb,1.16,per lb,National,retail,,,,,,,,684.0,3324,Weekly Grocery Store Specialty Crops Feature Activity,2026-09-26T14:36:16+00:00
5421f862214a63cb,2016-03-25,Tomatoes,Cherry Type,1 pint package,,,,,No,,,,,,,,2.5,$/1 pint package,,,National,retail,,,,,,,,15.0,3324,Weekly Grocery Store Specialty Crops Feature Activity,2026-09-26T14:36:16+00:00
47aa3e5404d1c7d6,2016-03-25,Tomatoes,GRAPE TYPE,1 pint package,,,,,No,,,,,,,,2.09,$/1 pint package,,,National,retail,,,,,,,,2465.0,3324,Weekly Grocery Store Specialty Crops Feature Activity,2026-09-26T14:36:16+00:00
7ae0a52588b1514b,2016-03-25,Tomatoes,GRAPE TYPE,1 pint package,,,,,Yes,,,,,,,,3.09,$/1 pint package,,,National,retail,,,,,,,,783.0,3324,Weekly Grocery Store Specialty Crops Feature Activity,2026-09-26T14:36:16+00:00
24f076cb769a19a4,2016-03-25,Tomatoes,GRAPE TYPE,10 oz package,,,,,Yes,,,,,,,,2.89,$/10 oz package,4.624,per lb,National,retail,,,,,,,,729.0,3324,Weekly Grocery Store Specialty Crops Feature Activity,2026-09-26T14:36:16+00:00
d495b8f3e46e33e8,2016-03-25,Tomatoes,GRAPE TYPE,10 oz package,,,,,No,,,,,,,,2.03,$/10 oz package,3.248,per lb,National,retail,,,,,,,,1616.0,3324,Weekly Grocery Store Specialty Crops Feature Activity,2026-09-26T14:36:16+00:00
7c0f6b14cdebab6b,2016-03-25,Tomatoes,Plum Type (Roma),per lb,,,,,Yes,,,,,,,,1.37,$/per lb,1.37,per lb,National,retail,,,,,,,,292.0,3324,Weekly Grocery Store Specialty Crops Feature Activity,2026-09-26T14:36:16+00:00
f9a36a6e32fb0f64,2016-03-25,Tomatoes,Plum Type (Roma),per lb,,,,,No,,,,,,,,1.27,$/per lb,1.27,per lb,National,retail,,,,,,,,1033.0,3324,Weekly Grocery Store Specialty Crops Feature Activity,2026-09-26T14:36:16+00:00
3d65e7cf4973d2ce,2016-03-25,Tomatoes,VINE RIPES,per lb,,,,,No,,,,,,,,1.65,$/per lb,1.65,per lb,National,retail,,,,,,,,308.0,3324,Weekly Grocery Store Specialty Crops Feature Activity,2026-09-26T14:36:16+00:00
73dd853f984259f9,2016-03-25,Tomatoes,VINE RIPES,per lb,,,,,Yes,,,,,,,,2.78,$/per lb,2.78,per lb,National,retail,,,,,,,,255.0,3324,Weekly Grocery Store Specialty Crops Feature Activity,2026-09-26T14:36:16+00:00
9a68101a3d5e8c6f,2016-03-25,Tomatoes,VINE RIPES,per lb,,,,,No,,,,,,,,1.65,$/per lb,1.65,per lb,National,retail,,,environment=Greenhouse,,,,,536.0,3324,Weekly Grocery Store Specialty Crops Feature Activity,2026-09-26T14:36:16+00:00
3da791876d82a0f5,2016-03-25,Tomatoes,VINE RIPES - ON THE VINE,per lb,,,,,No,,,,,,,,2.03,$/per lb,2.03,per lb,National,retail,,,environment=Greenhouse,,,,,7117.0,3324,Weekly Grocery Store Specialty Crops Feature Activity,2026-09-26T14:36:16+00:00
832f8aa901325b32,2016-03-25,Tomatoes,VINE RIPES - ON THE VINE,per lb,,,,,Yes,,,,,,,,2.44,$/per lb,2.44,per lb,National,retail,,,environment=Greenhouse,,,,,434.0,3324,Weekly Grocery Store Specialty Crops Feature Activity,2026-09-26T14:36:16+00:00
56d48927b078ead9,2016-03-25,Tomatoes,Vine Ripes - Heirloom Varieties,per lb,,,,,Yes,,,,,,,,3.7,$/per lb,3.7,per lb,National,retail,,,,,,,,14.0,3324,Weekly Grocery Store Specialty Crops Feature Activity,2026-09-26T14:36:16+00:00
d90ab532a1f83a1d,2016-03-25,Tomatoes,Vine Ripes - Heirloom Varieties,per lb,,,,,No,,,,,,,,1.78,$/per lb,1.78,per lb,National,retail,,,,,,,,195.0,3324,Weekly Grocery Store Specialty Crops Feature Activity,2026-09-26T14:36:16+00:00
58c2eebfb0539f5b,2016-03-25,Avocados,HASS,each,,,,,Yes,,,,,,,,1.6,$/each,1.6,per each,Northeast,retail,,,,,,,,220.0,3324,Weekly Grocery Store Specialty Crops Feature Activity,2026-09-26T14:36:16+00:00
8fdfbb19370b8889,2016-03-25,Avocados,HASS,each,,,,,No,,,,,,,,1.19,$/each,1.19,per each,Northeast,retail,,,,,,,,1042.0,3324,Weekly Grocery Store Specialty Crops Feature Activity,2026-09-26T14:36:16+00:00
8fbf98f486f8938e,2016-03-25,Bananas,,per lb,,,,,Yes,,,,,,,,0.71,$/per lb,0.71,per lb,Northeast,retail,,,,,,,,191.0,3324,Weekly Grocery Store Specialty Crops Feature Activity,2026-09-26T14:36:16+00:00
c4a140ec3fd2209a,2016-03-25,Bananas,,per lb,,,,,No,,,,,,,,0.46,$/per lb,0.46,per lb,Northeast,retail,,,,,,,,1062.0,3324,Weekly Grocery Store Specialty Crops Feature Activity,2026-09-26T14:36:16+00:00
a8c0a0a83ffadb54,2016-03-25,Blueberries,,4.4 oz package,,,,,Yes,,,,,,,,3.99,$/4.4 oz package,14.5091,per lb,Northeast,retail,,,,,,,,53.0,3324,Weekly Grocery Store Specialty Crops Feature Activity,2026-09-26T14:36:16+00:00
2c2d9763cf6df0bb,2016-03-25,Blueberries,,6 oz package,,,,,No,,,,,,,,2.91,$/6 oz package,7.76,per lb,Northeast,retail,,,,,,,,479.0,3324,Weekly Grocery Store Specialty Crops Feature Activity,2026-09-26T14:36:16+00:00
3386cace0105868a,2016-03-25,Broccoli,,per bunch,,,,,No,,,,,,,,1.07,$/per bunch,,,Northeast,retail,,,,,,,,373.0,3324,Weekly Grocery Store Specialty Crops Feature Activity,2026-09-26T14:36:16+00:00
b9fb76a2490d53b4,2016-03-25,Broccoli,,per bunch,,,,,Yes,,,,,,,,2.74,$/per bunch,,,Northeast,retail,,,,,,,,842.0,3324,Weekly Grocery Store Specialty Crops Feature Activity,2026-09-26T14:36:16+00:00
72e4150a816732f1,2016-03-25,Broccoli,,per lb,,,,,No,,,,,,,,0.79,$/per lb,0.79,per lb,Northeast,retail,,,,,,,,32.0,3324,Weekly Grocery Store Specialty Crops Feature Activity,2026-09-26T14:36:16+00:00
aa15b80d44d27f16,2016-03-25,Broccoli,,per lb,,,,,Yes,,,,,,,,2.51,$/per lb,2.51,per lb,Northeast,retail,,,,,,,,416.0,3324,Weekly Grocery Store Specialty Crops Feature Activity,2026-09-26T14:36:16+00:00
6e4195a68536e2e2,2016-03-25,Broccoli,CROWN CUT,per lb,,,,,No,,,,,,,,1.61,$/per lb,1.61,per lb,Northeast,retail,,,,,,,,1077.0,3324,Weekly Grocery Store Specialty Crops Feature Activity,2026-09-26T14:36:16+00:00
963f35f65b994786,2016-03-25,Carrots,,1 lb bag,,,,,No,,,,,,,,1.14,$/1 lb bag,1.14,per lb,Northeast,retail,,,,,,,,122.0,3324,Weekly Grocery Store Specialty Crops Feature Activity,2026-09-26T14:36:16+00:00
a87d2d78c21c83ad,2016-03-25,Carrots,,1 lb bag,,,,,Yes,,,,,,,,1.0,$/1 lb bag,1.0,per lb,Northeast,retail,,,,,,,,667.0,3324,Weekly Grocery Store Specialty Crops Feature Activity,2026-09-26T14:36:16+00:00
87669d7c7fff4d51,2016-03-25,Carrots,,2 lb bag,,,,,No,,,,,,,,1.49,$/2 lb bag,0.745,per lb,Northeast,retail,,,,,,,,255.0,3324,Weekly Grocery Store Specialty Crops Feature Activity,2026-09-26T14:36:16+00:00
cd201fe36d5bb216,2016-03-25,Carrots,,2 lb bag,,,,,Yes,,,,,,,,1.99,$/2 lb bag,0.995,per lb,Northeast,retail,,,,,,,,137.0,3324,Weekly Grocery Store Specialty Crops Feature Activity,2026-09-26T14:36:16+00:00
31895e34014b1307,2016-03-25,Carrots,,per bunch,,,,,No,,,,,,,,1.99,$/per bunch,,,Northeast,retail,,,,,,,,5.0,3324,Weekly Grocery Store Specialty Crops Feature Activity,2026-09-26T14:36:16+00:00
9a4416ef32f5dcb5,2016-03-25,Carrots,,per bunch,,,,,Yes,,,,,,,,1.49,$/per bunch,,,Northeast,retail,,,,,,,,16.0,3324,Weekly Grocery Store Specialty Crops Feature Activity,2026-09-26T14:36:16+00:00
e961f8c2857da0a8,2016-03-25,Carrots,,per lb,,,,,Yes,,,,,,,,0.99,$/per lb,0.99,per lb,Northeast,retail,,,,,,,,16.0,3324,Weekly Grocery Store Specialty Crops Feature Activity,2026-09-26T14:36:16+00:00
12156abf2fd913af,2016-03-25,Carrots,BABY PEELED,1 lb bag,,,,,No,,,,,,,,1.55,$/1 lb bag,1.55,per lb,Northeast,retail,,,,,,,,935.0,3324,Weekly Grocery Store Specialty Crops Feature Activity,2026-09-26T14:36:16+00:00
fdb50e460aa857de,2016-03-25,Carrots,BABY PEELED,1 lb bag,,,,,Yes,,,,,,,,1.89,$/1 lb bag,1.89,per lb,Northeast,retail,,,,,,,,245.0,3324,Weekly Grocery Store Specialty Crops Feature Activity,2026-09-26T14:36:16+00:00
7cb2498363ac0c7f,2016-03-25,Carrots,BABY PEELED,2 lb bag,,,,,No,,,,,,,,2.44,$/2 lb bag,1.22,per lb,Northeast,retail,,,,,,,,1203.0,3324,Weekly Grocery Store Specialty Crops Feature Activity,2026-09-26T14:36:16+00:00
ec1ccf0e6b2b2e4d,2016-03-25,Carrots,BABY PEELED,2 lb bag,,,,,Yes,,,,,,,,1.99,$/2 lb bag,0.995,per lb,Northeast,retail,,,,,,,,20.0,3324,Weekly Grocery Store Specialty Crops Feature Activity,2026-09-26T14:36:16+00:00
b5d2fcbf009d00f4,2016-03-25,Celery,,each,,,,,Yes,,,,,,,,2.9,$/each,2.9,per each,Northeast,retail,,,,,,,,87.0,3324,Weekly Grocery Store Specialty Crops Feature Activity,2026-09-26T14:36:16+00:00
b86d80ee9937dc70,2016-03-25,Celery,,each,,,,,No,,,,,,,,1.4,$/each,1.4,per each,Northeast,retail,,,,,,,,1983.0,3324,Weekly Grocery Store Specialty Crops Feature Activity,2026-09-26T14:36:16+00:00
0c4a11e49bcbda32,2016-03-25,Celery,HEARTS,each,,,,,No,,,,,,,,2.6,$/each,2.6,per each,Northeast,retail,,,,,,,,700.0,3324,Weekly Grocery Store Specialty Crops Feature Activity,2026-09-26T14:36:16+00:00
3d214ac247a63654,2016-03-25,Celery,HEARTS,each,,,,,Yes,,,,,,,,3.4,$/each,3.4,per each,Northeast,retail,,,,,,,,1036.0,3324,Weekly Grocery Store Specialty Crops Feature Activity,2026-09-26T14:36:16+00:00
b526082e13ae6c35,2016-03-25,Celery,HEARTS,per lb,,,,,No,,,,,,,,2.32,$/per lb,2.32,per lb,Northeast,retail,,,,,,,,25.0,3324,Weekly Grocery Store Specialty Crops Feature Activity,2026-09-26T14:36:16+00:00
ecdebb971126cbea,2016-03-25,Celery,HEARTS,per lb,,,,,Yes,,,,,,,,3.49,$/per lb,3.49,per lb,Northeast,retail,,,,,,,,16.0,3324,Weekly Grocery Store Specialty Crops Feature Activity,2026-09-26T14:36:16+00:00
c4c3e9d9d39e3dae,2016-03-25,Cucumbers,,each,,,,,No,,,,,,,,0.96,$/each,0.96,per each,Northeast,retail,,,,,,,,342.0,3324,Weekly Grocery Store Specialty Crops Feature Activity,2026-09-26T14:36:16+00:00
21c5b8b691c00f6b,2016-03-25,Cucumbers,LONG SEEDLESS,each,,,,,No,,,,,,,,1.92,$/each,1.92,per each,Northeast,retail,,,environment=Greenhouse,,,,,595.0,3324,Weekly Grocery Store Specialty Crops Feature Activity,2026-09-26T14:36:16+00:00
ed8f310e5e894b7d,2016-03-25,Cucumbers,LONG SEEDLESS,each,,,,,Yes,,,,,,,,2.5,$/each,2.5,per each,Northeast,retail,,,environment=Greenhouse,,,,,227.0,3324,Weekly Grocery Store Specialty Crops Feature Activity,2026-09-26T14:36:16+00:00
39f9c7d28436669f,2016-03-25,Cucumbers,LONG SEEDLESS,per lb,,,,,No,,,,,,,,1.69,$/per lb,1.69,per lb,Northeast,retail,,,environment=Greenhouse,,,,,4.0,3324,Weekly Grocery Store Specialty Crops Feature Activity,2026-09-26T14:36:16+00:00
f3c77428ccee70d6,2016-03-25,Grapes,BLACK SEEDLESS,per lb,,,,,No,,,,,,,,2.51,$/per lb,2.51,per lb,Northeast,retail,,,,,,,,551.0,3324,Weekly Grocery Store Specialty Crops Feature Activity,2026-09-26T14:36:16+00:00
41726e646a7a9b51,2016-03-25,Grapes,RED SEEDLESS,per lb,,,,,No,,,,,,,,2.47,$/per lb,2.47,per lb,Northeast,retail,,,,,,,,1716.0,3324,Weekly Grocery Store Specialty Crops Feature Activity,2026-09-26T14:36:16+00:00
255bf9bccd6c403e,2016-03-25,Grapes,Red Globe Seeded Type,per lb,,,,,No,,,,,,,,2.03,$/per lb,2.03,per lb,Northeast,retail,,,,,,,,400.0,3324,Weekly Grocery Store Specialty Crops Feature Activity,2026-09-26T14:36:16+00:00
46ca86046548b184,2016-03-25,Grapes,WHITE SEEDLESS TYPE,per lb,,,,,No,,,,,,,,2.49,$/per lb,2.49,per lb,Northeast,retail,,,,,,,,1847.0,3324,Weekly Grocery Store Specialty Crops Feature Activity,2026-09-26T14:36:16+00:00
691dac58aad03fa4,2016-03-25,Lemons,,2 lb bag,,,,,Yes,,,,,,,,4.99,$/2 lb bag,2.495,per lb,Northeast,retail,,,,,,,,118.0,3324,Weekly Grocery Store Specialty Crops Feature Activity,2026-09-26T14:36:16+00:00
f94cac98839973ef,2016-03-25,Lemons,,2 lb bag,,,,,No,,,,,,,,3.92,$/2 lb bag,1.96,per lb,Northeast,retail,,,,,,,,147.0,3324,Weekly Grocery Store Specialty Crops Feature Activity,2026-09-26T14:36:16+00:00
198798ac81267f69,2016-03-25,Lemons,,each,,,,,No,,,,,,,,0.54,$/each,0.54,per each,Northeast,retail,,,,,,,,1041.0,3324,Weekly Grocery Store Specialty Crops Feature Activity,2026-09-26T14:36:16+00:00
c636029af8ffe3ea,2016-03-25,Lemons,,each,,,,,Yes,,,,,,,,0.99,$/each,0.99,per each,Northeast,retail,,,,,,,,149.0,3324,Weekly Grocery Store Specialty Crops Feature Activity,2026-09-26T14:36:16+00:00
2a857fb222d45e88,2016-03-25,Lemons,,per lb,,,,,No,,,,,,,,2.05,$/per lb,2.05,per lb,Northeast,retail,,,,,,,,82.0,3324,Weekly Grocery Store Specialty Crops Feature Activity,2026-09-26T14:36:16+00:00
5bbc1500493678d4,2016-03-25,Lettuce,Green Leaf,each,,,,,Yes,,,,,,,,1.93,$/each,1.93,per each,Northeast,retail,,,,,,,,38.0,3324,Weekly Grocery Store Specialty Crops Feature Activity,2026-09-26T14:36:16+00:00
b888fa429c6149cc,2016-03-25,Lettuce,Green Leaf,each,,,,,No,,,,,,,,1.02,$/each,1.02,per each,Northeast,retail,,,,,,,,84.0,3324,Weekly Grocery Store Specialty Crops Feature Activity,2026-09-26T14:36:16+00:00
04a579b79688fa32,2016-03-25,Lettuce,Green Leaf,per lb,,,,,No,,,,,,,,1.27,$/per lb,1.27,per lb,Northeast,retail,,,,,,,,145.0,3324,Weekly Grocery Store Specialty Crops Feature Activity,2026-09-26T14:36:16+00:00
35118f71ef63f78b,2016-03-25,Lettuce,Iceberg,each,,,,,Yes,,,,,,,,2.99,$/each,2.99,per each,Northeast,retail,,,,,,,,44.0,3324,Weekly Grocery Store Specialty Crops Feature Activity,2026-09-26T14:36:16+00:00
6e74add96f54aa42,2016-03-25,Lettuce,Iceberg,each,,,,,No,,,,,,,,1.3,$/each,1.3,per each,Northeast,retail,,,,,,,,556.0,3324,Weekly Grocery Store Specialty Crops Feature Activity,2026-09-26T14:36:16+00:00
9c96e59823054466,2016-03-25,Lettuce,Red Leaf,each,,,,,Yes,,,,,,,,1.93,$/each,1.93,per each,Northeast,retail,,,,,,,,38.0,3324,Weekly Grocery Store Specialty Crops Feature Activity,2026-09-26T14:36:16+00:00
c075e42fb33f4216,2016-03-25,Lettuce,Red Leaf,each,,,,,No,,,,,,,,0.99,$/each,0.99,per each,Northeast,retail,,,,,,,,44.0,3324,Weekly Grocery Store Specialty Crops Feature Activity,2026-09-26T14:36:16+00:00
239ad1c5dc432845,2016-03-25,Lettuce,Red Leaf,per lb,,,,,No,,,,,,,,1.27,$/per lb,1.27,per lb,Northeast,retail,,,,,,,,145.0,3324,Weekly Grocery Store Specialty Crops Feature Activity,2026-09-26T14:36:16+00:00
dc45febf7c5f4a0b,2016-03-25,Lettuce,Red Leaf,per lb,,,,,Yes,,,,,,,,1.99,$/per lb,1.99,per lb,Northeast,retail,,,,,,,,6.0,3324,Weekly Grocery Store Specialty Crops Feature Activity,2026-09-26T14:36:16+00:00
27cdc7b1d2128421,2016-03-25,Lettuce,Romaine,each,,,,,No,,,,,,,,1.03,$/each,1.03,per each,Northeast,retail,,,,,,,,58.0,3324,Weekly Grocery Store Specialty Crops Feature Activity,2026-09-26T14:36:16+00:00
c057610b242b94aa,2016-03-25,Lettuce,Romaine,per lb,,,,,No,,,,,,,,1.46,$/per lb,1.46,per lb,Northeast,retail,,,,,,,,149.0,3324,Weekly Grocery Store Specialty Crops Feature Activity,2026-09-26T14:36:16+00:00
4cf1998be40a75fa,2016-03-25,Lettuce,Romaine (Hearts),3 count,,,,,Yes,,,,,,,,3.37,$/3 count,,,Northeast,retail,,,,,,,,744.0,3324,Weekly Grocery Store Specialty Crops Feature Activity,2026-09-26T14:36:16+00:00
6a620c31429c5481,2016-03-25,Lettuce,Romaine (Hearts),3 count,,,,,No,,,,,,,,2.75,$/3 count,,,Northeast,retail,,,,,,,,1240.0,3324,Weekly Grocery Store Specialty Crops Feature Activity,2026-09-26T14:36:16+00:00
1443b7b0fe48b645,2016-03-25,Limes,,each,,,,,No,,,,,,,,0.35,$/each,0.35,per each,Northeast,retail,,,,,,,,252.0,3324,Weekly Grocery Store Specialty Crops Feature Activity,2026-09-26T14:36:16+00:00
898c03060ff533af,2016-03-25,Limes,,per lb,,,,,Yes,,,,,,,,3.49,$/per lb,3.49,per lb,Northeast,retail,,,,,,,,8.0,3324,Weekly Grocery Store Specialty Crops Feature Activity,2026-09-26T14:36:16+00:00
3a4be6a4cb7a217b,2016-03-25,"Onions, Dry",RED,2 lb bag,,,,,No,,,,,,,,1.24,$/2 lb bag,0.62,per lb,Northeast,retail,,,,,,,,10.0,3324,Weekly Grocery Store Specialty Crops Feature Activity,2026-09-26T14:36:16+00:00
6478bbb1c27f7d9f,2016-03-25,"Onions, Dry",RED,per lb,,,,,No,,,,,,,,1.28,$/per lb,1.28,per lb,Northeast,retail,,,,,,,,115.0,3324,Weekly Grocery Store Specialty Crops Feature Activity,2026-09-26T14:36:16+00:00
ac4e5ad5aac01d25,2016-03-25,"Onions, Dry",WHITE,per lb,,,,,No,,,,,,,,1.15,$/per lb,1.15,per lb,Northeast,retail,,,,,,,,50.0,3324,Weekly Grocery Store Specialty Crops Feature Activity,2026-09-26T14:36:16+00:00
53eeb0697c540429,2016-03-25,"Onions, Dry",YELLOW,2 lb bag,,,,,No,,,,,,,,1.47,$/2 lb bag,0.735,per lb,Northeast,retail,,,,,,,,330.0,3324,Weekly Grocery Store Specialty Crops Feature Activity,2026-09-26T14:36:16+00:00
948221d3a5b85263,2016-03-25,"Onions, Dry",YELLOW,3 lb bag,,,,,Yes,,,,,,,,3.35,$/3 lb bag,1.1167,per lb,Northeast,retail,,,,,,,,256.0,3324,Weekly Grocery Store Specialty Crops Feature Activity,2026-09-26T14:36:16+00:00
e84104bfd12b6ba4,2016-03-25,"Onions, Dry",YELLOW,3 lb bag,,,,,No,,,,,,,,2.43,$/3 lb bag,0.81,per lb,Northeast,retail,,,,,,,,1234.0,3324,Weekly Grocery Store Specialty Crops Feature Activity,2026-09-26T14:36:16+00:00
42d7e04f9c40634c,2016-03-25,"Onions, Dry",YELLOW,5 lb bag,,,,,No,,,,,,,,2.37,$/5 lb bag,0.474,per lb,Northeast,retail,,,,,,,,41.0,3324,Weekly Grocery Store Specialty Crops Feature Activity,2026-09-26T14:36:16+00:00
7ef5cbd096e39f19,2016-03-25,"Onions, Dry",YELLOW,per lb,,,,,No,,,,,,,,0.8,$/per lb,0.8,per lb,Northeast,retail,,,,,,,,236.0,3324,Weekly Grocery Store Specialty Crops Feature Activity,2026-09-26T14:36:16+00:00
b0169b9522a08505,2016-03-25,"Onions, Dry",YELLOW,per lb,,,,,Yes,,,,,,,,1.29,$/per lb,1.29,per lb,Northeast,retail,,,,,,,,16.0,3324,Weekly Grocery Store Specialty Crops Feature Activity,2026-09-26T14:36:16+00:00
19e07a1187c3d989,2016-03-25,"Onions, Dry",YELLOW MARKED SWEET,3 lb bag,,,,,No,,,,,,,,2.99,$/3 lb bag,0.9967,per lb,Northeast,retail,,,,,,,,84.0,3324,Weekly Grocery Store Specialty Crops Feature Activity,2026-09-26T14:36:16+00:00
79dfe5038a866639,2016-03-25,"Onions, Dry",YELLOW MARKED SWEET,per lb,,,,,No,,,,,,,,1.38,$/per lb,1.38,per lb,Northeast,retail,,,,,,,,745.0,3324,Weekly Grocery Store Specialty Crops Feature Activity,2026-09-26T14:36:16+00:00
3c6a663a2426fc8e,2016-03-25,"Peppers, Bell Type",GREEN,each,,,,,No,,,,,,,,1.25,$/each,1.25,per each,Northeast,retail,,,,,,,,167.0,3324,Weekly Grocery Store Specialty Crops Feature Activity,2026-09-26T14:36:16+00:00
f288095f2448d1ac,2016-03-25,"Peppers, Bell Type",GREEN,per lb,,,,,No,,,,,,,,1.74,$/per lb,1.74,per lb,Northeast,retail,,,,,,,,469.0,3324,Weekly Grocery Store Specialty Crops Feature Activity,2026-09-26T14:36:16+00:00
538d9315eab37820,2016-03-25,"Peppers, Bell Type",ORANGE,each,,,,,No,,,,,,,,1.0,$/each,1.0,per each,Northeast,retail,,,environment=Greenhouse,,,,,667.0,3324,Weekly Grocery Store Specialty Crops Feature Activity,2026-09-26T14:36:16+00:00
a8952631e5860784,2016-03-25,"Peppers, Bell Type",ORANGE,each,,,,,No,,,,,,,,1.44,$/each,1.44,per each,Northeast,retail,,,,,,,,126.0,3324,Weekly Grocery Store Specialty Crops Feature Activity,2026-09-26T14:36:16+00:00
3b1f99e1a89ff76c,2016-03-25,"Peppers, Bell Type",ORANGE,per lb,,,,,No,,,,,,,,2.97,$/per lb,2.97,per lb,Northeast,retail,,,,,,,,20.0,3324,Weekly Grocery Store Specialty Crops Feature Activity,2026-09-26T14:36:16+00:00
9a3e91344fc68493,2016-03-25,"Peppers, Bell Type",ORANGE,per lb,,,,,No,,,,,,,,2.99,$/per lb,2.99,per lb,Northeast,retail,,,environment=Greenhouse,,,,,22.0,3324,Weekly Grocery Store Specialty Crops Feature Activity,2026-09-26T14:36:16+00:00
79fa39381a5b5c23,2016-03-25,"Peppers, Bell Type",RED,each,,,,,No,,,,,,,,1.38,$/each,1.38,per each,Northeast,retail,,,,,,,,393.0,3324,Weekly Grocery Store Specialty Crops Feature Activity,2026-09-26T14:36:16+00:00
85c45ce9bfecfab9,2016-03-25,"Peppers, Bell Type",RED,each,,,,,No,,,,,,,,1.0,$/each,1.0,per each,Northeast,retail,,,environment=Greenhouse,,,,,667.0,3324,Weekly Grocery Store Specialty Crops Feature Activity,2026-09-26T14:36:16+00:00
3799114a0c58ad8e,2016-03-25,"Peppers, Bell Type",RED,per lb,,,,,Yes,,,,,,,,2.49,$/per lb,2.49,per lb,Northeast,retail,,,,,,,,8.0,3324,Weekly Grocery Store Specialty Crops Feature Activity,2026-09-26T14:36:16+00:00
4296327e3d81b74b,2016-03-25,"Peppers, Bell Type",RED,per lb,,,,,No,,,,,,,,2.46,$/per lb,2.46,per lb,Northeast,retail,,,,,,,,611.0,3324,Weekly Grocery Store Specialty Crops Feature Activity,2026-09-26T14:36:16+00:00
8d164fa17a05d071,2016-03-25,"Peppers, Bell Type",RED,per lb,,,,,No,,,,,,,,3.65,$/per lb,3.65,per lb,Northeast,retail,,,environment=Greenhouse,,,,,67.0,3324,Weekly Grocery Store Specialty Crops Feature Activity,2026-09-26T14:36:16+00:00
8e4dfa686b30870f,2016-03-25,"Peppers, Bell Type",YELLOW,each,,,,,No,,,,,,,,1.0,$/each,1.0,per each,Northeast,retail,,,environment=Greenhouse,,,,,667.0,3324,Weekly Grocery Store Specialty Crops Feature Activity,2026-09-26T14:36:16+00:00
d1cda068a57b58f2,2016-03-25,"Peppers, Bell Type",YELLOW,each,,,,,No,,,,,,,,1.44,$/each,1.44,per each,Northeast,retail,,,,,,,,126.0,3324,Weekly Grocery Store Specialty Crops Feature Activity,2026-09-26T14:36:16+00:00
b4e08a6a55179545,2016-03-25,"Peppers, Bell Type",YELLOW,per lb,,,,,No,,,,,,,,2.99,$/per lb,2.99,per lb,Northeast,retail,,,environment=Greenhouse,,,,,22.0,3324,Weekly Grocery Store Specialty Crops Feature Activity,2026-09-26T14:36:16+00:00
e55af6b0857f1428,2016-03-25,"Peppers, Bell Type",YELLOW,per lb,,,,,No,,,,,,,,2.97,$/per lb,2.97,per lb,Northeast,retail,,,,,,,,20.0,3324,Weekly Grocery Store Specialty Crops Feature Activity,2026-09-26T14:36:16+00:00
031911880a87dd9e,2016-03-25,Potatoes,ROUND RED,3 lb bag,,,,,Yes,,,,,,,,3.22,$/3 lb bag,1.0733,per lb,Northeast,retail,,,,,,,,292.0,3324,Weekly Grocery Store Specialty Crops Feature Activity,2026-09-26T14:36:16+00:00
99ba0dc12a6ef264,2016-03-25,Potatoes,ROUND RED,3 lb bag,,,,,No,,,,,,,,2.99,$/3 lb bag,0.9967,per lb,Northeast,retail,,,,,,,,253.0,3324,Weekly Grocery Store Specialty Crops Feature Activity,2026-09-26T14:36:16+00:00
72872bd8a6adffbe,2016-03-25,Potatoes,ROUND RED,5 lb bag,,,,,No,,,,,,,,3.09,$/5 lb bag,0.618,per lb,Northeast,retail,,,,,,,,236.0,3324,Weekly Grocery Store Specialty Crops Feature Activity,2026-09-26T14:36:16+00:00
cdd448aabe5929a0,2016-03-25,Potatoes,ROUND RED,5 lb bag,,,,,Yes,,,,,,,,5.99,$/5 lb bag,1.198,per lb,Northeast,retail,,,,,,,,8.0,3324,Weekly Grocery Store Specialty Crops Feature Activity,2026-09-26T14:36:16+00:00
2c9f9321e1840f56,2016-03-25,Potatoes,ROUND RED,per lb,,,,,No,,,,,,,,1.21,$/per lb,1.21,per lb,Northeast,retail,,,,,,,,79.0,3324,Weekly Grocery Store Specialty Crops Feature Activity,2026-09-26T14:36:16+00:00
4c75ad2484c18bde,2016-03-25,Potatoes,ROUND WHITE,10 lb bag,,,,,No,,,,,,,,2.49,$/10 lb bag,0.249,per lb,Northeast,retail,,,,,,,,63.0,3324,Weekly Grocery Store Specialty Crops Feature Activity,2026-09-26T14:36:16+00:00
4d969e0647e29440,2016-03-25,Potatoes,ROUND WHITE,5 lb bag,,,,,No,,,,,,,,2.28,$/5 lb bag,0.456,per lb,Northeast,retail,,,,,,,,736.0,3324,Weekly Grocery Store Specialty Crops Feature Activity,2026-09-26T14:36:16+00:00
4b5060cdddd1c3f3,2016-03-25,Potatoes,ROUND WHITE,8 lb bag,,,,,No,,,,,,,,4.97,$/8 lb bag,0.6212,per lb,Northeast,retail,,,,,,,,167.0,3324,Weekly Grocery Store Specialty Crops Feature Activity,2026-09-26T14:36:16+00:00
92d740f58822cd31,2016-03-25,Potatoes,RUSSET,10 lb bag,,,,,No,,,,,,,,2.53,$/10 lb bag,0.253,per lb,Northeast,retail,,,,,,,,463.0,3324,Weekly Grocery Store Specialty Crops Feature Activity,2026-09-26T14:36:16+00:00
40672512cef5325f,2016-03-25,Potatoes,RUSSET,3 lb bag,,,,,Yes,,,,,,,,3.21,$/3 lb bag,1.07,per lb,Northeast,retail,,,,,,,,308.0,3324,Weekly Grocery Store Specialty Crops Feature Activity,2026-09-26T14:36:16+00:00
7d1c50fea12214d4,2016-03-25,Potatoes,RUSSET,5 lb bag,,,,,No,,,,,,,,2.39,$/5 lb bag,0.478,per lb,Northeast,retail,,,,,,,,1466.0,3324,Weekly Grocery Store Specialty Crops Feature Activity,2026-09-26T14:36:16+00:00
c768530c0f37d02b,2016-03-25,Potatoes,RUSSET,5 lb bag,,,,,Yes,,,,,,,,3.49,$/5 lb bag,0.698,per lb,Northeast,retail,,,,,,,,4.0,3324,Weekly Grocery Store Specialty Crops Feature Activity,2026-09-26T14:36:16+00:00
224e6c0748fa17ff,2016-03-25,Potatoes,RUSSET,8 lb bag,,,,,No,,,,,,,,3.33,$/8 lb bag,0.4163,per lb,Northeast,retail,,,,,,,,477.0,3324,Weekly Grocery Store Specialty Crops Feature Activity,2026-09-26T14:36:16+00:00
476066ef156132da,2016-03-25,Potatoes,RUSSET,per lb,,,,,No,,,,,,,,1.04,$/per lb,1.04,per lb,Northeast,retail,,,,,,,,355.0,3324,Weekly Grocery Store Specialty Crops Feature Activity,2026-09-26T14:36:16+00:00
6c55c31563b91dda,2016-03-25,Potatoes,YELLOW TYPE,3 lb bag,,,,,Yes,,,,,,,,3.22,$/3 lb bag,1.0733,per lb,Northeast,retail,,,,,,,,292.0,3324,Weekly Grocery Store Specialty Crops Feature Activity,2026-09-26T14:36:16+00:00
6c49f9faee1b7026,2016-03-25,Potatoes,YELLOW TYPE,5 lb bag,,,,,Yes,,,,,,,,5.99,$/5 lb bag,1.198,per lb,Northeast,retail,,,,,,,,8.0,3324,Weekly Grocery Store Specialty Crops Feature Activity,2026-09-26T14:36:16+00:00
b86c0d138fca4ab4,2016-03-25,Potatoes,YELLOW TYPE,5 lb bag,,,,,No,,,,,,,,2.75,$/5 lb bag,0.55,per lb,Northeast,retail,,,,,,,,246.0,3324,Weekly Grocery Store Specialty Crops Feature Activity,2026-09-26T14:36:16+00:00
440247c176d34909,2016-03-25,Strawberries,,1 lb package,,,,,No,,,,,,,,2.3,$/1 lb package,2.3,per lb,Northeast,retail,,,,,,,,2102.0,3324,Weekly Grocery Store Specialty Crops Feature Activity,2026-09-26T14:36:16+00:00
73e2e5610b0e0270,2016-03-25,Strawberries,,1 lb package,,,,,Yes,,,,,,,,3.94,$/1 lb package,3.94,per lb,Northeast,retail,,,,,,,,1712.0,3324,Weekly Grocery Store Specialty Crops Feature Activity,2026-09-26T14:36:16+00:00
20ece708d9107468,2016-03-25,Strawberries,,2 lb package,,,,,No,,,,,,,,4.14,$/2 lb package,2.07,per lb,Northeast,retail,,,,,,,,39.0,3324,Weekly Grocery Store Specialty Crops Feature Activity,2026-09-26T14:36:16+00:00
54175b33f37db139,2016-03-25,Tomatoes,,per lb,,,,,Yes,,,,,,,,2.99,$/per lb,2.99,per lb,Northeast,retail,,,,,,,,16.0,3324,Weekly Grocery Store Specialty Crops Feature Activity,2026-09-26T14:36:16+00:00
87bbda39e50ea194,2016-03-25,Tomatoes,,per lb,,,,,No,,,,,,,,1.14,$/per lb,1.14,per lb,Northeast,retail,,,,,,,,68.0,3324,Weekly Grocery Store Specialty Crops Feature Activity,2026-09-26T14:36:16+00:00
74cfa2fde5da7504,2016-03-25,Tomatoes,Cherry Type,1 pint package,,,,,No,,,,,,,,2.5,$/1 pint package,,,Northeast,retail,,,,,,,,8.0,3324,Weekly Grocery Store Specialty Crops Feature Activity,2026-09-26T14:36:16+00:00
c5510ce85d3066d6,2016-03-25,Tomatoes,GRAPE TYPE,1 pint package,,,,,Yes,,,,,,,,3.66,$/1 pint package,,,Northeast,retail,,,,,,,,364.0,3324,Weekly Grocery Store Specialty Crops Feature Activity,2026-09-26T14:36:16+00:00
ef07e3f377f918b1,2016-03-25,Tomatoes,GRAPE TYPE,1 pint package,,,,,No,,,,,,,,2.24,$/1 pint package,,,Northeast,retail,,,,,,,,556.0,3324,Weekly Grocery Store Specialty Crops Feature Activity,2026-09-26T14:36:16+00:00
3e21845e9ec75ee8,2016-03-25,Tomatoes,GRAPE TYPE,10 oz package,,,,,No,,,,,,,,2.5,$/10 oz package,4.0,per lb,Northeast,retail,,,,,,,,82.0,3324,Weekly Grocery Store Specialty Crops Feature Activity,2026-09-26T14:36:16+00:00
aab1d0b105646569,2016-03-25,Tomatoes,Plum Type (Roma),per lb,,,,,No,,,,,,,,1.69,$/per lb,1.69,per lb,Northeast,retail,,,,,,,,311.0,3324,Weekly Grocery Store Specialty Crops Feature Activity,2026-09-26T14:36:16+00:00
ad431b552f447175,2016-03-25,Tomatoes,VINE RIPES,per lb,,,,,No,,,,,,,,1.68,$/per lb,1.68,per lb,Northeast,retail,,,environment=Greenhouse,,,,,176.0,3324,Weekly Grocery Store Specialty Crops Feature Activity,2026-09-26T14:36:16+00:00
de23fa972adeacc3,2016-03-25,Tomatoes,VINE RIPES,per lb,,,,,No,,,,,,,,2.38,$/per lb,2.38,per lb,Northeast,retail,,,,,,,,127.0,3324,Weekly Grocery Store Specialty Crops Feature Activity,2026-09-26T14:36:16+00:00
e5cfaace80170f6f,2016-03-25,Tomatoes,VINE RIPES,per lb,,,,,Yes,,,,,,,,1.49,$/per lb,1.49,per lb,Northeast,retail,,,,,,,,33.0,3324,Weekly Grocery Store Specialty Crops Feature Activity,2026-09-26T14:36:16+00:00
64dd183cd4dcad07,2016-03-25,Tomatoes,VINE RIPES - ON THE VINE,per lb,,,,,No,,,,,,,,2.21,$/per lb,2.21,per lb,Northeast,retail,,,environment=Greenhouse,,,,,2390.0,3324,Weekly Grocery Store Specialty Crops Feature Activity,2026-09-26T14:36:16+00:00
dd5f430ef2267e90,2016-03-25,Tomatoes,VINE RIPES - ON THE VINE,per lb,,,,,Yes,,,,,,,,2.05,$/per lb,2.05,per lb,Northeast,retail,,,environment=Greenhouse,,,,,87.0,3324,Weekly Grocery Store Specialty Crops Feature Activity,2026-09-26T14:36:16+00:00
58b7a16caae94fe5,2016-03-25,Avocados,HASS,each,,,,,Yes,,,,,,,,1.36,$/each,1.36,per each,Northwest,retail,,,,,,,,104.0,3324,Weekly Grocery Store Specialty Crops Feature Activity,2026-09-26T14:36:16+00:00
d20e76bb54fe993a,2016-03-25,Avocados,HASS,each,,,,,No,,,,,,,,1.57,$/each,1.57,per each,Northwest,retail,,,,,,,,243.0,3324,Weekly Grocery Store Specialty Crops Feature Activity,2026-09-26T14:36:16+00:00
59a0501fe5543bf9,2016-03-25,Avocados,VARIOUS GREENSKIN VARIETIES,each,,,,,No,,,,,,,,0.99,$/each,0.99,per each,Northwest,retail,,,,,,,,121.0,3324,Weekly Grocery Store Specialty Crops Feature Activity,2026-09-26T14:36:16+00:00
63d408afeeb0efef,2016-03-25,Bananas,,per lb,,,,,Yes,,,,,,,,0.79,$/per lb,0.79,per lb,Northwest,retail,,,,,,,,4.0,3324,Weekly Grocery Store Specialty Crops Feature Activity,2026-09-26T14:36:16+00:00
b634e2835ac80554,2016-03-25,Blueberries,,18 oz package,,,,,No,,,,,,,,6.99,$/18 oz package,6.2133,per lb,Northwest,retail,,,,,,,,279.0,3324,Weekly Grocery Store Specialty Crops Feature Activity,2026-09-26T14:36:16+00:00
2a133ce17dab719a,2016-03-25,Blueberries,,6 oz package,,,,,No,,,,,,,,2.88,$/6 oz package,7.68,per lb,Northwest,retail,,,,,,,,492.0,3324,Weekly Grocery Store Specialty Crops Feature Activity,2026-09-26T14:36:16+00:00
49af8e6322bda0db,2016-03-25,Broccoli,,per lb,,,,,No,,,,,,,,1.08,$/per lb,1.08,per lb,Northwest,retail,,,,,,,,31.0,3324,Weekly Grocery Store Specialty Crops Feature Activity,2026-09-26T14:36:16+00:00
96405b75b183f6af,2016-03-25,Broccoli,,per lb,,,,,Yes,,,,,,,,1.96,$/per lb,1.96,per lb,Northwest,retail,,,,,,,,295.0,3324,Weekly Grocery Store Specialty Crops Feature Activity,2026-09-26T14:36:16+00:00
ffcd7af7a4d31039,2016-03-25,Broccoli,CROWN CUT,per lb,,,,,No,,,,,,,,0.99,$/per lb,0.99,per lb,Northwest,retail,,,,,,,,149.0,3324,Weekly Grocery Store Specialty Crops Feature Activity,2026-09-26T14:36:16+00:00
f1bf062da9eefd05,2016-03-25,Carrots,,1 lb bag,,,,,No,,,,,,,,0.98,$/1 lb bag,0.98,per lb,Northwest,retail,,,,,,,,2.0,3324,Weekly Grocery Store Specialty Crops Feature Activity,2026-09-26T14:36:16+00:00
216326173b0bcc9d,2016-03-25,Carrots,,2 lb bag,,,,,Yes,,,,,,,,1.5,$/2 lb bag,0.75,per lb,Northwest,retail,,,,,,,,15.0,3324,Weekly Grocery Store Specialty Crops Feature Activity,2026-09-26T14:36:16+00:00
22e8d6ae147d15a4,2016-03-25,Carrots,,per bunch,,,,,No,,,,,,,,0.5,$/per bunch,,,Northwest,retail,,,,,,,,2.0,3324,Weekly Grocery Store Specialty Crops Feature Activity,2026-09-26T14:36:16+00:00
d484b7fdca4650ba,2016-03-25,Carrots,,per bunch,,,,,Yes,,,,,,,,1.52,$/per bunch,,,Northwest,retail,,,,,,,,162.0,3324,Weekly Grocery Store Specialty Crops Feature Activity,2026-09-26T14:36:16+00:00
574517ff89d1e935,2016-03-25,Carrots,BABY PEELED,1 lb bag,,,,,Yes,,,,,,,,1.5,$/1 lb bag,1.5,per lb,Northwest,retail,,,,,,,,75.0,3324,Weekly Grocery Store Specialty Crops Feature Activity,2026-09-26T14:36:16+00:00
adeeafd0e4d28c90,2016-03-25,Carrots,BABY PEELED,1 lb bag,,,,,No,,,,,,,,1.39,$/1 lb bag,1.39,per lb,Northwest,retail,,,,,,,,132.0,3324,Weekly Grocery Store Specialty Crops Feature Activity,2026-09-26T14:36:16+00:00
604a9744d98b53c2,2016-03-25,Carrots,BABY PEELED,2 lb bag,,,,,No,,,,,,,,2.72,$/2 lb bag,1.36,per lb,Northwest,retail,,,,,,,,221.0,3324,Weekly Grocery Store Specialty Crops Feature Activity,2026-09-26T14:36:16+00:00
31e4f3ece95e08df,2016-03-25,Celery,,each,,,,,No,,,,,,,,0.98,$/each,0.98,per each,Northwest,retail,,,,,,,,2.0,3324,Weekly Grocery Store Specialty Crops Feature Activity,2026-09-26T14:36:16+00:00
9e4ab260d71a806a,2016-03-25,Celery,,each,,,,,Yes,,,,,,,,1.5,$/each,1.5,per each,Northwest,retail,,,,,,,,15.0,3324,Weekly Grocery Store Specialty Crops Feature Activity,2026-09-26T14:36:16+00:00
2766f9ed44ca1846,2016-03-25,Celery,,per lb,,,,,No,,,,,,,,0.85,$/per lb,0.85,per lb,Northwest,retail,,,,,,,,177.0,3324,Weekly Grocery Store Specialty Crops Feature Activity,2026-09-26T14:36:16+00:00
52582c5a09df61a8,2016-03-25,Celery,,per lb,,,,,Yes,,,,,,,,1.07,$/per lb,1.07,per lb,Northwest,retail,,,,,,,,15.0,3324,Weekly Grocery Store Specialty Crops Feature Activity,2026-09-26T14:36:16+00:00
3e17b158ca0cd58b,2016-03-25,Cucumbers,,each,,,,,No,,,,,,,,0.82,$/each,0.82,per each,Northwest,retail,,,,,,,,11.0,3324,Weekly Grocery Store Specialty Crops Feature Activity,2026-09-26T14:36:16+00:00
53462106634b0c66,2016-03-25,Cucumbers,,each,,,,,Yes,,,,,,,,1.25,$/each,1.25,per each,Northwest,retail,,,,,,,,66.0,3324,Weekly Grocery Store Specialty Crops Feature Activity,2026-09-26T14:36:16+00:00
85f8ba05dcdcecae,2016-03-25,Cucumbers,LONG SEEDLESS,each,,,,,No,,,,,,,,1.46,$/each,1.46,per each,Northwest,retail,,,environment=Greenhouse,,,,,77.0,3324,Weekly Grocery Store Specialty Crops Feature Activity,2026-09-26T14:36:16+00:00
b516feab7d8ca6d3,2016-03-25,Grapes,BLACK SEEDLESS,per lb,,,,,No,,,,,,,,2.98,$/per lb,2.98,per lb,Northwest,retail,,,,,,,,96.0,3324,Weekly Grocery Store Specialty Crops Feature Activity,2026-09-26T14:36:16+00:00
d9262d3e21677977,2016-03-25,Grapes,RED SEEDLESS,per lb,,,,,No,,,,,,,,2.64,$/per lb,2.64,per lb,Northwest,retail,,,,,,,,192.0,3324,Weekly Grocery Store Specialty Crops Feature Activity,2026-09-26T14:36:16+00:00
a026697e3a80cd3e,2016-03-25,Grapes,WHITE SEEDLESS TYPE,per lb,,,,,No,,,,,,,,2.69,$/per lb,2.69,per lb,Northwest,retail,,,,,,,,178.0,3324,Weekly Grocery Store Specialty Crops Feature Activity,2026-09-26T14:36:16+00:00
f760c4473b511d82,2016-03-25,Lemons,,each,,,,,No,,,,,,,,0.78,$/each,0.78,per each,Northwest,retail,,,,,,,,41.0,3324,Weekly Grocery Store Specialty Crops Feature Activity,2026-09-26T14:36:16+00:00
0b33fceb325e459f,2016-03-25,Lettuce,Green Leaf,each,,,,,Yes,,,,,,,,1.69,$/each,1.69,per each,Northwest,retail,,,,,,,,1.0,3324,Weekly Grocery Store Specialty Crops Feature Activity,2026-09-26T14:36:16+00:00
819ff8e5e20bf9a3,2016-03-25,Lettuce,Green Leaf,each,,,,,No,,,,,,,,1.48,$/each,1.48,per each,Northwest,retail,,,,,,,,283.0,3324,Weekly Grocery Store Specialty Crops Feature Activity,2026-09-26T14:36:16+00:00
5065534187a425b6,2016-03-25,Lettuce,Iceberg,each,,,,,No,,,,,,,,0.96,$/each,0.96,per each,Northwest,retail,,,,,,,,46.0,3324,Weekly Grocery Store Specialty Crops Feature Activity,2026-09-26T14:36:16+00:00
54de2dc5b9e2d42c,2016-03-25,Lettuce,Red Leaf,each,,,,,Yes,,,,,,,,1.69,$/each,1.69,per each,Northwest,retail,,,,,,,,1.0,3324,Weekly Grocery Store Specialty Crops Feature Activity,2026-09-26T14:36:16+00:00
cb1bc453efae9250,2016-03-25,Lettuce,Red Leaf,each,,,,,No,,,,,,,,1.48,$/each,1.48,per each,Northwest,retail,,,,,,,,283.0,3324,Weekly Grocery Store Specialty Crops Feature Activity,2026-09-26T14:36:16+00:00
bd883b7317458418,2016-03-25,Lettuce,Romaine,each,,,,,Yes,,,,,,,,1.69,$/each,1.69,per each,Northwest,retail,,,,,,,,1.0,3324,Weekly Grocery Store Specialty Crops Feature Activity,2026-09-26T14:36:16+00:00
e308f51b31dbb87c,2016-03-25,Lettuce,Romaine,each,,,,,No,,,,,,,,1.49,$/each,1.49,per each,Northwest,retail,,,,,,,,346.0,3324,Weekly Grocery Store Specialty Crops Feature Activity,2026-09-26T14:36:16+00:00
500e7c6176e0216b,2016-03-25,Lettuce,Romaine (Hearts),3 count,,,,,No,,,,,,,,2.71,$/3 count,,,Northwest,retail,,,,,,,,21.0,3324,Weekly Grocery Store Specialty Crops Feature Activity,2026-09-26T14:36:16+00:00
e9ac64de2da02759,2016-03-25,Lettuce,Romaine (Hearts),3 count,,,,,Yes,,,,,,,,2.49,$/3 count,,,Northwest,retail,,,,,,,,17.0,3324,Weekly Grocery Store Specialty Crops Feature Activity,2026-09-26T14:36:16+00:00
ee79319b479f21fd,2016-03-25,"Onions, Dry",RED,per lb,,,,,Yes,,,,,,,,0.98,$/per lb,0.98,per lb,Northwest,retail,,,,,,,,2.0,3324,Weekly Grocery Store Specialty Crops Feature Activity,2026-09-26T14:36:16+00:00
76e880e1fc5f9754,2016-03-25,"Onions, Dry",YELLOW,per lb,,,,,Yes,,,,,,,,0.81,$/per lb,0.81,per lb,Northwest,retail,,,,,,,,20.0,3324,Weekly Grocery Store Specialty Crops Feature Activity,2026-09-26T14:36:16+00:00
3f99fe852d4795de,2016-03-25,"Onions, Dry",YELLOW MARKED SWEET,per lb,,,,,No,,,,,,,,1.3,$/per lb,1.3,per lb,Northwest,retail,,,,,,,,538.0,3324,Weekly Grocery Store Specialty Crops Feature Activity,2026-09-26T14:36:16+00:00
03ffcd15a8c76686,2016-03-25,"Peppers, Bell Type",GREEN,each,,,,,No,,,,,,,,0.59,$/each,0.59,per each,Northwest,retail,,,,,,,,5.0,3324,Weekly Grocery Store Specialty Crops Feature Activity,2026-09-26T14:36:16+00:00
5dab840ea381e6d7,2016-03-25,"Peppers, Bell Type",ORANGE,each,,,,,No,,,,,,,,1.47,$/each,1.47,per each,Northwest,retail,,,,,,,,296.0,3324,Weekly Grocery Store Specialty Crops Feature Activity,2026-09-26T14:36:16+00:00
e3901e1e196fb2ef,2016-03-25,"Peppers, Bell Type",RED,each,,,,,No,,,,,,,,1.47,$/each,1.47,per each,Northwest,retail,,,,,,,,296.0,3324,Weekly Grocery Store Specialty Crops Feature Activity,2026-09-26T14:36:16+00:00
b6bcad8f28b93f5a,2016-03-25,"Peppers, Bell Type",RED,per lb,,,,,Yes,,,,,,,,3.88,$/per lb,3.88,per lb,Northwest,retail,,,,,,,,11.0,3324,Weekly Grocery Store Specialty Crops Feature Activity,2026-09-26T14:36:16+00:00
e6a57efd9f91a10d,2016-03-25,"Peppers, Bell Type",YELLOW,each,,,,,No,,,,,,,,1.47,$/each,1.47,per each,Northwest,retail,,,,,,,,296.0,3324,Weekly Grocery Store Specialty Crops Feature Activity,2026-09-26T14:36:16+00:00
32d3298b64896ee1,2016-03-25,Potatoes,ROUND RED,per lb,,,,,No,,,,,,,,0.69,$/per lb,0.69,per lb,Northwest,retail,,,,,,,,142.0,3324,Weekly Grocery Store Specialty Crops Feature Activity,2026-09-26T14:36:16+00:00
263c87688e78a342,2016-03-25,Potatoes,RUSSET,10 lb bag,,,,,No,,,,,,,,1.75,$/10 lb bag,0.175,per lb,Northwest,retail,,,,,,,,156.0,3324,Weekly Grocery Store Specialty Crops Feature Activity,2026-09-26T14:36:16+00:00
d042b24658d71a41,2016-03-25,Potatoes,RUSSET,3 lb bag,,,,,Yes,,,,,,,,1.99,$/3 lb bag,0.6633,per lb,Northwest,retail,,,,,,,,2.0,3324,Weekly Grocery Store Specialty Crops Feature Activity,2026-09-26T14:36:16+00:00
11406302b1726d0b,2016-03-25,Potatoes,RUSSET,5 lb bag,,,,,No,,,,,,,,1.35,$/5 lb bag,0.27,per lb,Northwest,retail,,,,,,,,114.0,3324,Weekly Grocery Store Specialty Crops Feature Activity,2026-09-26T14:36:16+00:00
844ba4d1d4aedb40,2016-03-25,Potatoes,YELLOW TYPE,per lb,,,,,No,,,,,,,,0.69,$/per lb,0.69,per lb,Northwest,retail,,,,,,,,142.0,3324,Weekly Grocery Store Specialty Crops Feature Activity,2026-09-26T14:36:16+00:00
12f33a6c8f577a0b,2016-03-25,Strawberries,,1 lb package,,,,,No,,,,,,,,2.47,$/1 lb package,2.47,per lb,Northwest,retail,,,,,,,,809.0,3324,Weekly Grocery Store Specialty Crops Feature Activity,2026-09-26T14:36:16+00:00
5f88e0601f94a22c,2016-03-25,Strawberries,,1 lb package,,,,,Yes,,,,,,,,4.81,$/1 lb package,4.81,per lb,Northwest,retail,,,,,,,,417.0,3324,Weekly Grocery Store Specialty Crops Feature Activity,2026-09-26T14:36:16+00:00
02f82145ab08ebc6,2016-03-25,Strawberries,,2 lb package,,,,,No,,,,,,,,4.39,$/2 lb package,2.195,per lb,Northwest,retail,,,,,,,,465.0,3324,Weekly Grocery Store Specialty Crops Feature Activity,2026-09-26T14:36:16+00:00
abd6485992b9efb9,2016-03-25,Tomatoes,,per lb,,,,,Yes,,,,,,,,2.98,$/per lb,2.98,per lb,Northwest,retail,,,,,,,,5.0,3324,Weekly Grocery Store Specialty Crops Feature Activity,2026-09-26T14:36:16+00:00
c9bc5ac4d4c3e131,2016-03-25,Tomatoes,,per lb,,,,,No,,,,,,,,1.31,$/per lb,1.31,per lb,Northwest,retail,,,,,,,,18.0,3324,Weekly Grocery Store Specialty Crops Feature Activity,2026-09-26T14:36:16+00:00
cc6b70b779d33255,2016-03-25,Tomatoes,GRAPE TYPE,10 oz package,,,,,No,,,,,,,,1.89,$/10 oz package,3.024,per lb,Northwest,retail,,,,,,,,39.0,3324,Weekly Grocery Store Specialty Crops Feature Activity,2026-09-26T14:36:16+00:00
f594849f54c4edd4,2016-03-25,Tomatoes,GRAPE TYPE,10 oz package,,,,,Yes,,,,,,,,2.99,$/10 oz package,4.784,per lb,Northwest,retail,,,,,,,,85.0,3324,Weekly Grocery Store Specialty Crops Feature Activity,2026-09-26T14:36:16+00:00
034382278be42535,2016-03-25,Tomatoes,VINE RIPES,per lb,,,,,No,,,,,,,,1.49,$/per lb,1.49,per lb,Northwest,retail,,,,,,,,37.0,3324,Weekly Grocery Store Specialty Crops Feature Activity,2026-09-26T14:36:16+00:00
dcf5ec62b8565adb,2016-03-25,Tomatoes,VINE RIPES - ON THE VINE,per lb,,,,,No,,,,,,,,2.43,$/per lb,2.43,per lb,Northwest,retail,,,environment=Greenhouse,,,,,609.0,3324,Weekly Grocery Store Specialty Crops Feature Activity,2026-09-26T14:36:16+00:00
f366d3b2b5408425,2016-03-25,Tomatoes,VINE RIPES - ON THE VINE,per lb,,,,,Yes,,,,,,,,2.79,$/per lb,2.79,per lb,Northwest,retail,,,environment=Greenhouse,,,,,105.0,3324,Weekly Grocery Store Specialty Crops Feature Activity,2026-09-26T14:36:16+00:00
6f28e8e5f667e3a6,2016-03-25,Avocados,HASS,each,,,,,Yes,,,,,,,,1.18,$/each,1.18,per each,Southcentral,retail,,,,,,,,42.0,3324,Weekly Grocery Store Specialty Crops Feature Activity,2026-09-26T14:36:16+00:00
8ac671d141c8b531,2016-03-25,Avocados,HASS,each,,,,,No,,,,,,,,1.2,$/each,1.2,per each,Southcentral,retail,,,,,,,,1480.0,3324,Weekly Grocery Store Specialty Crops Feature Activity,2026-09-26T14:36:16+00:00
6b9301370a9b78a8,2016-03-25,Avocados,VARIOUS GREENSKIN VARIETIES,each,,,,,No,,,,,,,,0.69,$/each,0.69,per each,Southcentral,retail,,,,,,,,23.0,3324,Weekly Grocery Store Specialty Crops Feature Activity,2026-09-26T14:36:16+00:00
0409e6419ec8e0fb,2016-03-25,Bananas,,per lb,,,,,Yes,,,,,,,,0.64,$/per lb,0.64,per lb,Southcentral,retail,,,,,,,,305.0,3324,Weekly Grocery Store Specialty Crops Feature Activity,2026-09-26T14:36:16+00:00
53803e2be7d06812,2016-03-25,Bananas,,per lb,,,,,No,,,,,,,,0.55,$/per lb,0.55,per lb,Southcentral,retail,,,,,,,,263.0,3324,Weekly Grocery Store Specialty Crops Feature Activity,2026-09-26T14:36:16+00:00
b89d1acb81b7d708,2016-03-25,Blueberries,,4.4 oz package,,,,,No,,,,,,,,3.5,$/4.4 oz package,12.7273,per lb,Southcentral,retail,,,,,,,,52.0,3324,Weekly Grocery Store Specialty Crops Feature Activity,2026-09-26T14:36:16+00:00
bb0478d96fbb6efa,2016-03-25,Blueberries,,6 oz package,,,,,No,,,,,,,,2.23,$/6 oz package,5.9467,per lb,Southcentral,retail,,,,,,,,753.0,3324,Weekly Grocery Store Specialty Crops Feature Activity,2026-09-26T14:36:16+00:00
7d3a98f6c79f3079,2016-03-25,Broccoli,,per bunch,,,,,Yes,,,,,,,,1.77,$/per bunch,,,Southcentral,retail,,,,,,,,199.0,3324,Weekly Grocery Store Specialty Crops Feature Activity,2026-09-26T14:36:16+00:00
967d337f81c0ad4b,2016-03-25,Broccoli,,per bunch,,,,,No,,,,,,,,1.99,$/per bunch,,,Southcentral,retail,,,,,,,,263.0,3324,Weekly Grocery Store Specialty Crops Feature Activity,2026-09-26T14:36:16+00:00
0a5d5d49420e0495,2016-03-25,Broccoli,,per lb,,,,,Yes,,,,,,,,1.49,$/per lb,1.49,per lb,Southcentral,retail,,,,,,,,25.0,3324,Weekly Grocery Store Specialty Crops Feature Activity,2026-09-26T14:36:16+00:00
4adeae7728a86225,2016-03-25,Broccoli,CROWN CUT,per lb,,,,,No,,,,,,,,1.15,$/per lb,1.15,per lb,Southcentral,retail,,,,,,,,535.0,3324,Weekly Grocery Store Specialty Crops Feature Activity,2026-09-26T14:36:16+00:00
2ab1e790fabd88fe,2016-03-25,Carrots,,2 lb bag,,,,,Yes,,,,,,,,1.5,$/2 lb bag,0.75,per lb,Southcentral,retail,,,,,,,,25.0,3324,Weekly Grocery Store Specialty Crops Feature Activity,2026-09-26T14:36:16+00:00
2e770c62efb6eaae,2016-03-25,Carrots,BABY PEELED,1 lb bag,,,,,No,,,,,,,,1.13,$/1 lb bag,1.13,per lb,Southcentral,retail,,,,,,,,1016.0,3324,Weekly Grocery Store Specialty Crops Feature Activity,2026-09-26T14:36:16+00:00
dcfc25e5f5cd5c35,2016-03-25,Carrots,BABY PEELED,1 lb bag,,,,,Yes,,,,,,,,1.5,$/1 lb bag,1.5,per lb,Southcentral,retail,,,,,,,,23.0,3324,Weekly Grocery Store Specialty Crops Feature Activity,2026-09-26T14:36:16+00:00
08965b697bd611d0,2016-03-25,Carrots,BABY PEELED,2 lb bag,,,,,Yes,,,,,,,,1.89,$/2 lb bag,0.945,per lb,Southcentral,retail,,,,,,,,40.0,3324,Weekly Grocery Store Specialty Crops Feature Activity,2026-09-26T14:36:16+00:00
d03286fa0757d700,2016-03-25,Carrots,BABY PEELED,2 lb bag,,,,,No,,,,,,,,2.44,$/2 lb bag,1.22,per lb,Southcentral,retail,,,,,,,,325.0,3324,Weekly Grocery Store Specialty Crops Feature Activity,2026-09-26T14:36:16+00:00
344fdecc82b43897,2016-03-25,Celery,,each,,,,,Yes,,,,,,,,1.99,$/each,1.99,per each,Southcentral,retail,,,,,,,,26.0,3324,Weekly Grocery Store Specialty Crops Feature Activity,2026-09-26T14:36:16+00:00
87c4a22f547d9aba,2016-03-25,Celery,,each,,,,,No,,,,,,,,1.04,$/each,1.04,per each,Southcentral,retail,,,,,,,,769.0,3324,Weekly Grocery Store Specialty Crops Feature Activity,2026-09-26T14:36:16+00:00
e23a0e961fce9e5a,2016-03-25,Celery,,per lb,,,,,No,,,,,,,,0.95,$/per lb,0.95,per lb,Southcentral,retail,,,,,,,,164.0,3324,Weekly Grocery Store Specialty Crops Feature Activity,2026-09-26T14:36:16+00:00
5ad9517586dd7161,2016-03-25,Celery,HEARTS,each,,,,,No,,,,,,,,2.0,$/each,2.0,per each,Southcentral,retail,,,,,,,,8.0,3324,Weekly Grocery Store Specialty Crops Feature Activity,2026-09-26T14:36:16+00:00
3b344f58ed370887,2016-03-25,Cucumbers,,each,,,,,Yes,,,,,,,,0.98,$/each,0.98,per each,Southcentral,retail,,,,,,,,5.0,3324,Weekly Grocery Store Specialty Crops Feature Activity,2026-09-26T14:36:16+00:00
fb308d6e4c60424a,2016-03-25,Cucumbers,,each,,,,,No,,,,,,,,0.67,$/each,0.67,per each,Southcentral,retail,,,,,,,,226.0,3324,Weekly Grocery Store Specialty Crops Feature Activity,2026-09-26T14:36:16+00:00
7e26d6544babbaa1,2016-03-25,Cucumbers,LONG SEEDLESS,each,,,,,No,,,,,,,,1.57,$/each,1.57,per each,Southcentral,retail,,,environment=Greenhouse,,,,,280.0,3324,Weekly Grocery Store Specialty Crops Feature Activity,2026-09-26T14:36:16+00:00
10e25f5b9c76cb2a,2016-03-25,Grapes,BLACK SEEDLESS,per lb,,,,,No,,,,,,,,2.78,$/per lb,2.78,per lb,Southcentral,retail,,,,,,,,270.0,3324,Weekly Grocery Store Specialty Crops Feature Activity,2026-09-26T14:36:16+00:00
9493360e710d85ee,2016-03-25,Grapes,RED SEEDLESS,per lb,,,,,No,,,,,,,,2.53,$/per lb,2.53,per lb,Southcentral,retail,,,,,,,,1150.0,3324,Weekly Grocery Store Specialty Crops Feature Activity,2026-09-26T14:36:16+00:00
052b678f00abbe50,2016-03-25,Grapes,Red Globe Seeded Type,per lb,,,,,No,,,,,,,,1.99,$/per lb,1.99,per lb,Southcentral,retail,,,,,,,,89.0,3324,Weekly Grocery Store Specialty Crops Feature Activity,2026-09-26T14:36:16+00:00
86c76e17aa992e2f,2016-03-25,Grapes,WHITE SEEDLESS TYPE,per lb,,,,,No,,,,,,,,2.47,$/per lb,2.47,per lb,Southcentral,retail,,,,,,,,1231.0,3324,Weekly Grocery Store Specialty Crops Feature Activity,2026-09-26T14:36:16+00:00
56e5ddda280979e9,2016-03-25,Lemons,,2 lb bag,,,,,No,,,,,,,,2.45,$/2 lb bag,1.225,per lb,Southcentral,retail,,,,,,,,67.0,3324,Weekly Grocery Store Specialty Crops Feature Activity,2026-09-26T14:36:16+00:00
606de57152793302,2016-03-25,Lemons,,each,,,,,No,,,,,,,,0.25,$/each,0.25,per each,Southcentral,retail,,,,,,,,405.0,3324,Weekly Grocery Store Specialty Crops Feature Activity,2026-09-26T14:36:16+00:00
d1551aa75acc65d7,2016-03-25,Lemons,,each,,,,,Yes,,,,,,,,0.98,$/each,0.98,per each,Southcentral,retail,,,,,,,,5.0,3324,Weekly Grocery Store Specialty Crops Feature Activity,2026-09-26T14:36:16+00:00
e4b6b2aaa7fc0bc4,2016-03-25,Lemons,,per lb,,,,,No,,,,,,,,1.99,$/per lb,1.99,per lb,Southcentral,retail,,,,,,,,6.0,3324,Weekly Grocery Store Specialty Crops Feature Activity,2026-09-26T14:36:16+00:00
309773806bf7c042,2016-03-25,Lettuce,Green Leaf,each,,,,,No,,,,,,,,1.14,$/each,1.14,per each,Southcentral,retail,,,,,,,,405.0,3324,Weekly Grocery Store Specialty Crops Feature Activity,2026-09-26T14:36:16+00:00
fb30f514372de2ce,2016-03-25,Lettuce,Iceberg,each,,,,,No,,,,,,,,1.03,$/each,1.03,per each,Southcentral,retail,,,,,,,,331.0,3324,Weekly Grocery Store Specialty Crops Feature Activity,2026-09-26T14:36:16+00:00
7b528633993bb6f2,2016-03-25,Lettuce,Red Leaf,each,,,,,No,,,,,,,,1.14,$/each,1.14,per each,Southcentral,retail,,,,,,,,371.0,3324,Weekly Grocery Store Specialty Crops Feature Activity,2026-09-26T14:36:16+00:00
ec07c1bc457166ee,2016-03-25,Lettuce,Romaine,each,,,,,No,,,,,,,,1.22,$/each,1.22,per each,Southcentral,retail,,,,,,,,261.0,3324,Weekly Grocery Store Specialty Crops Feature Activity,2026-09-26T14:36:16+00:00
58477e5cd29a1b8a,2016-03-25,Lettuce,Romaine (Hearts),3 count,,,,,Yes,,,,,,,,2.85,$/3 count,,,Southcentral,retail,,,,,,,,169.0,3324,Weekly Grocery Store Specialty Crops Feature Activity,2026-09-26T14:36:16+00:00
9e3651d5f113169c,2016-03-25,Lettuce,Romaine (Hearts),3 count,,,,,No,,,,,,,,2.14,$/3 count,,,Southcentral,retail,,,,,,,,139.0,3324,Weekly Grocery Store Specialty Crops Feature Activity,2026-09-26T14:36:16+00:00
fdeb51c3ef150db1,2016-03-25,Limes,,each,,,,,No,,,,,,,,0.28,$/each,0.28,per each,Southcentral,retail,,,,,,,,81.0,3324,Weekly Grocery Store Specialty Crops Feature Activity,2026-09-26T14:36:16+00:00
1e6cdb48978c2d65,2016-03-25,"Onions, Dry",WHITE,per lb,,,,,No,,,,,,,,0.84,$/per lb,0.84,per lb,Southcentral,retail,,,,,,,,432.0,3324,Weekly Grocery Store Specialty Crops Feature Activity,2026-09-26T14:36:16+00:00
de8e1962e9e45f67,2016-03-25,"Onions, Dry",YELLOW,2 lb bag,,,,,No,,,,,,,,1.0,$/2 lb bag,0.5,per lb,Southcentral,retail,,,,,,,,3.0,3324,Weekly Grocery Store Specialty Crops Feature Activity,2026-09-26T14:36:16+00:00
88bb1998b4290764,2016-03-25,"Onions, Dry",YELLOW,3 lb bag,,,,,No,,,,,,,,2.1,$/3 lb bag,0.7,per lb,Southcentral,retail,,,,,,,,208.0,3324,Weekly Grocery Store Specialty Crops Feature Activity,2026-09-26T14:36:16+00:00
71fc7ec7dea03b2a,2016-03-25,"Onions, Dry",YELLOW,per lb,,,,,No,,,,,,,,1.33,$/per lb,1.33,per lb,Southcentral,retail,,,,,,,,79.0,3324,Weekly Grocery Store Specialty Crops Feature Activity,2026-09-26T14:36:16+00:00
95b088230ee0d55c,2016-03-25,"Onions, Dry",YELLOW MARKED SWEET,3 lb bag,,,,,No,,,,,,,,2.5,$/3 lb bag,0.8333,per lb,Southcentral,retail,,,,,,,,16.0,3324,Weekly Grocery Store Specialty Crops Feature Activity,2026-09-26T14:36:16+00:00
2eaeb2418068f724,2016-03-25,"Onions, Dry",YELLOW MARKED SWEET,5 lb bag,,,,,No,,,,,,,,3.76,$/5 lb bag,0.752,per lb,Southcentral,retail,,,,,,,,37.0,3324,Weekly Grocery Store Specialty Crops Feature Activity,2026-09-26T14:36:16+00:00
c5ca49ba7a58d4fc,2016-03-25,"Onions, Dry",YELLOW MARKED SWEET,per lb,,,,,No,,,,,,,,1.02,$/per lb,1.02,per lb,Southcentral,retail,,,,,,,,851.0,3324,Weekly Grocery Store Specialty Crops Feature Activity,2026-09-26T14:36:16+00:00
1909fde2c07d082a,2016-03-25,"Peppers, Bell Type",ORANGE,each,,,,,No,,,,,,,,1.38,$/each,1.38,per each,Southcentral,retail,,,environment=Greenhouse,,,,,105.0,3324,Weekly Grocery Store Specialty Crops Feature Activity,2026-09-26T14:36:16+00:00
790dc0b58dcdd1ff,2016-03-25,"Peppers, Bell Type",ORANGE,each,,,,,Yes,,,,,,,,2.0,$/each,2.0,per each,Southcentral,retail,,,,,,,,5.0,3324,Weekly Grocery Store Specialty Crops Feature Activity,2026-09-26T14:36:16+00:00
fd05b6b89689bcf0,2016-03-25,"Peppers, Bell Type",ORANGE,each,,,,,No,,,,,,,,1.75,$/each,1.75,per each,Southcentral,retail,,,,,,,,168.0,3324,Weekly Grocery Store Specialty Crops Feature Activity,2026-09-26T14:36:16+00:00
065fb0e102d038cc,2016-03-25,"Peppers, Bell Type",RED,each,,,,,No,,,,,,,,1.39,$/each,1.39,per each,Southcentral,retail,,,environment=Greenhouse,,,,,119.0,3324,Weekly Grocery Store Specialty Crops Feature Activity,2026-09-26T14:36:16+00:00
90ce6415d594a4c2,2016-03-25,"Peppers, Bell Type",RED,each,,,,,No,,,,,,,,1.15,$/each,1.15,per each,Southcentral,retail,,,,,,,,572.0,3324,Weekly Grocery Store Specialty Crops Feature Activity,2026-09-26T14:36:16+00:00
bcf5a6670edbad2a,2016-03-25,"Peppers, Bell Type",RED,each,,,,,Yes,,,,,,,,2.0,$/each,2.0,per each,Southcentral,retail,,,,,,,,5.0,3324,Weekly Grocery Store Specialty Crops Feature Activity,2026-09-26T14:36:16+00:00
490a89a6673b248b,2016-03-25,"Peppers, Bell Type",YELLOW,each,,,,,Yes,,,,,,,,2.0,$/each,2.0,per each,Southcentral,retail,,,,,,,,5.0,3324,Weekly Grocery Store Specialty Crops Feature Activity,2026-09-26T14:36:16+00:00
54d8d04dc3c32cce,2016-03-25,"Peppers, Bell Type",YELLOW,each,,,,,No,,,,,,,,1.38,$/each,1.38,per each,Southcentral,retail,,,environment=Greenhouse,,,,,105.0,3324,Weekly Grocery Store Specialty Crops Feature Activity,2026-09-26T14:36:16+00:00
a9cf83b1425a869b,2016-03-25,"Peppers, Bell Type",YELLOW,each,,,,,No,,,,,,,,1.8,$/each,1.8,per each,Southcentral,retail,,,,,,,,208.0,3324,Weekly Grocery Store Specialty Crops Feature Activity,2026-09-26T14:36:16+00:00
ad951b0760447996,2016-03-25,Potatoes,ROUND RED,3 lb bag,,,,,No,,,,,,,,2.54,$/3 lb bag,0.8467,per lb,Southcentral,retail,,,,,,,,207.0,3324,Weekly Grocery Store Specialty Crops Feature Activity,2026-09-26T14:36:16+00:00
2ddec49fb5e9af68,2016-03-25,Potatoes,ROUND RED,5 lb bag,,,,,No,,,,,,,,2.66,$/5 lb bag,0.532,per lb,Southcentral,retail,,,,,,,,651.0,3324,Weekly Grocery Store Specialty Crops Feature Activity,2026-09-26T14:36:16+00:00
448a7446d6df6c32,2016-03-25,Potatoes,ROUND RED,per lb,,,,,No,,,,,,,,0.78,$/per lb,0.78,per lb,Southcentral,retail,,,,,,,,152.0,3324,Weekly Grocery Store Specialty Crops Feature Activity,2026-09-26T14:36:16+00:00
e7ec544fe89deaaa,2016-03-25,Potatoes,ROUND RED,per lb,,,,,Yes,,,,,,,,0.98,$/per lb,0.98,per lb,Southcentral,retail,,,,,,,,5.0,3324,Weekly Grocery Store Specialty Crops Feature Activity,2026-09-26T14:36:16+00:00
c41e3c083dd13f59,2016-03-25,Potatoes,ROUND WHITE,10 lb bag,,,,,No,,,,,,,,2.99,$/10 lb bag,0.299,per lb,Southcentral,retail,,,,,,,,24.0,3324,Weekly Grocery Store Specialty Crops Feature Activity,2026-09-26T14:36:16+00:00
2aa196d0af7f2d9f,2016-03-25,Potatoes,ROUND WHITE,5 lb bag,,,,,No,,,,,,,,2.93,$/5 lb bag,0.586,per lb,Southcentral,retail,,,,,,,,77.0,3324,Weekly Grocery Store Specialty Crops Feature Activity,2026-09-26T14:36:16+00:00
d566d086c29a3e4b,2016-03-25,Potatoes,RUSSET,10 lb bag,,,,,No,,,,,,,,2.45,$/10 lb bag,0.245,per lb,Southcentral,retail,,,,,,,,715.0,3324,Weekly Grocery Store Specialty Crops Feature Activity,2026-09-26T14:36:16+00:00
1624347a68fbb1b3,2016-03-25,Potatoes,RUSSET,3 lb bag,,,,,No,,,,,,,,1.99,$/3 lb bag,0.6633,per lb,Southcentral,retail,,,,,,,,74.0,3324,Weekly Grocery Store Specialty Crops Feature Activity,2026-09-26T14:36:16+00:00
941c35633ea6142c,2016-03-25,Potatoes,RUSSET,3 lb bag,,,,,Yes,,,,,,,,2.19,$/3 lb bag,0.73,per lb,Southcentral,retail,,,,,,,,177.0,3324,Weekly Grocery Store Specialty Crops Feature Activity,2026-09-26T14:36:16+00:00
1cf5040044761831,2016-03-25,Potatoes,RUSSET,5 lb bag,,,,,Yes,,,,,,,,2.98,$/5 lb bag,0.596,per lb,Southcentral,retail,,,,,,,,73.0,3324,Weekly Grocery Store Specialty Crops Feature Activity,2026-09-26T14:36:16+00:00
a21fccc7cdf77176,2016-03-25,Potatoes,RUSSET,5 lb bag,,,,,No,,,,,,,,2.22,$/5 lb bag,0.444,per lb,Southcentral,retail,,,,,,,,307.0,3324,Weekly Grocery Store Specialty Crops Feature Activity,2026-09-26T14:36:16+00:00
cf4cce3bf6750f7a,2016-03-25,Potatoes,RUSSET,5 lb bag,,,,,No,,,,,,,,1.5,$/5 lb bag,0.3,per lb,Southcentral,retail,,,environment=Greenhouse,,,,,118.0,3324,Weekly Grocery Store Specialty Crops Feature Activity,2026-09-26T14:36:16+00:00
f8e8fc7f141739ce,2016-03-25,Potatoes,RUSSET,8 lb bag,,,,,No,,,,,,,,2.84,$/8 lb bag,0.355,per lb,Southcentral,retail,,,,,,,,331.0,3324,Weekly Grocery Store Specialty Crops Feature Activity,2026-09-26T14:36:16+00:00
8e86f4a678b52aad,2016-03-25,Potatoes,RUSSET,per lb,,,,,Yes,,,,,,,,0.98,$/per lb,0.98,per lb,Southcentral,retail,,,,,,,,5.0,3324,Weekly Grocery Store Specialty Crops Feature Activity,2026-09-26T14:36:16+00:00
a7a20748fdd7da63,2016-03-25,Potatoes,RUSSET,per lb,,,,,No,,,,,,,,0.5,$/per lb,0.5,per lb,Southcentral,retail,,,,,,,,277.0,3324,Weekly Grocery Store Specialty Crops Feature Activity,2026-09-26T14:36:16+00:00
318fb6ac25d40981,2016-03-25,Potatoes,YELLOW TYPE,5 lb bag,,,,,No,,,,,,,,2.95,$/5 lb bag,0.59,per lb,Southcentral,retail,,,,,,,,227.0,3324,Weekly Grocery Store Specialty Crops Feature Activity,2026-09-26T14:36:16+00:00
5e134e4d95bb99df,2016-03-25,Potatoes,YELLOW TYPE,per lb,,,,,No,,,,,,,,0.94,$/per lb,0.94,per lb,Southcentral,retail,,,,,,,,94.0,3324,Weekly Grocery Store Specialty Crops Feature Activity,2026-09-26T14:36:16+00:00
815093a9600a6502,2016-03-25,Potatoes,YELLOW TYPE,per lb,,,,,Yes,,,,,,,,0.98,$/per lb,0.98,per lb,Southcentral,retail,,,,,,,,5.0,3324,Weekly Grocery Store Specialty Crops Feature Activity,2026-09-26T14:36:16+00:00
406728170b9286c9,2016-03-25,Strawberries,,1 lb package,,,,,Yes,,,,,,,,3.31,$/1 lb package,3.31,per lb,Southcentral,retail,,,,,,,,1022.0,3324,Weekly Grocery Store Specialty Crops Feature Activity,2026-09-26T14:36:16+00:00
b87aa84cd0b35d86,2016-03-25,Strawberries,,1 lb package,,,,,No,,,,,,,,2.04,$/1 lb package,2.04,per lb,Southcentral,retail,,,,,,,,2481.0,3324,Weekly Grocery Store Specialty Crops Feature Activity,2026-09-26T14:36:16+00:00
b9209ce9e7366349,2016-03-25,Strawberries,,2 lb package,,,,,No,,,,,,,,4.1,$/2 lb package,2.05,per lb,Southcentral,retail,,,,,,,,303.0,3324,Weekly Grocery Store Specialty Crops Feature Activity,2026-09-26T14:36:16+00:00
b553c57db418ce75,2016-03-25,Tomatoes,,per lb,,,,,No,,,,,,,,1.19,$/per lb,1.19,per lb,Southcentral,retail,,,,,,,,84.0,3324,Weekly Grocery Store Specialty Crops Feature Activity,2026-09-26T14:36:16+00:00
b13467c8b2d6cd0e,2016-03-25,Tomatoes,GRAPE TYPE,1 pint package,,,,,Yes,,,,,,,,2.99,$/1 pint package,,,Southcentral,retail,,,,,,,,23.0,3324,Weekly Grocery Store Specialty Crops Feature Activity,2026-09-26T14:36:16+00:00
f70a85948d970f73,2016-03-25,Tomatoes,GRAPE TYPE,1 pint package,,,,,No,,,,,,,,1.9,$/1 pint package,,,Southcentral,retail,,,,,,,,32.0,3324,Weekly Grocery Store Specialty Crops Feature Activity,2026-09-26T14:36:16+00:00
031c5b54c0a62294,2016-03-25,Tomatoes,GRAPE TYPE,10 oz package,,,,,No,,,,,,,,2.04,$/10 oz package,3.264,per lb,Southcentral,retail,,,,,,,,546.0,3324,Weekly Grocery Store Specialty Crops Feature Activity,2026-09-26T14:36:16+00:00
a4493be3df291cb8,2016-03-25,Tomatoes,Plum Type (Roma),per lb,,,,,No,,,,,,,,0.88,$/per lb,0.88,per lb,Southcentral,retail,,,,,,,,231.0,3324,Weekly Grocery Store Specialty Crops Feature Activity,2026-09-26T14:36:16+00:00
ed23f79bc83eea77,2016-03-25,Tomatoes,Plum Type (Roma),per lb,,,,,Yes,,,,,,,,1.99,$/per lb,1.99,per lb,Southcentral,retail,,,,,,,,112.0,3324,Weekly Grocery Store Specialty Crops Feature Activity,2026-09-26T14:36:16+00:00
fd9d007950c43c9e,2016-03-25,Tomatoes,VINE RIPES,per lb,,,,,No,,,,,,,,1.41,$/per lb,1.41,per lb,Southcentral,retail,,,environment=Greenhouse,,,,,173.0,3324,Weekly Grocery Store Specialty Crops Feature Activity,2026-09-26T14:36:16+00:00
fd3d30cb68d950cc,2016-03-25,Tomatoes,VINE RIPES - ON THE VINE,per lb,,,,,No,,,,,,,,1.71,$/per lb,1.71,per lb,Southcentral,retail,,,environment=Greenhouse,,,,,536.0,3324,Weekly Grocery Store Specialty Crops Feature Activity,2026-09-26T14:36:16+00:00
5fe61e2435c31aa1,2016-03-25,Avocados,HASS,each,,,,,Yes,,,,,,,,1.94,$/each,1.94,per each,Southeast,retail,,,,,,,,245.0,3324,Weekly Grocery Store Specialty Crops Feature Activity,2026-09-26T14:36:16+00:00
e6f40b3934ac85cd,2016-03-25,Avocados,HASS,each,,,,,No,,,,,,,,1.16,$/each,1.16,per each,Southeast,retail,,,,,,,,681.0,3324,Weekly Grocery Store Specialty Crops Feature Activity,2026-09-26T14:36:16+00:00
e5f3a8d1548ed6ef,2016-03-25,Avocados,VARIOUS GREENSKIN VARIETIES,each,,,,,Yes,,,,,,,,1.25,$/each,1.25,per each,Southeast,retail,,,,,,,,9.0,3324,Weekly Grocery Store Specialty Crops Feature Activity,2026-09-26T14:36:16+00:00
5df457c633233873,2016-03-25,Bananas,,per lb,,,,,No,,,,,,,,0.47,$/per lb,0.47,per lb,Southeast,retail,,,,,,,,154.0,3324,Weekly Grocery Store Specialty Crops Feature Activity,2026-09-26T14:36:16+00:00
8462e3ed218ba522,2016-03-25,Blueberries,,1 pint package,,,,,No,,,,,,,,2.93,$/1 pint package,,,Southeast,retail,,,,,,,,2085.0,3324,Weekly Grocery Store Specialty Crops Feature Activity,2026-09-26T14:36:16+00:00
1bc30ca2b01f4047,2016-03-25,Blueberries,,4.4 oz package,,,,,No,,,,,,,,3.39,$/4.4 oz package,12.3273,per lb,Southeast,retail,,,,,,,,286.0,3324,Weekly Grocery Store Specialty Crops Feature Activity,2026-09-26T14:36:16+00:00
b4a18f8e2c1c0836,2016-03-25,Blueberries,,4.4 oz package,,,,,Yes,,,,,,,,3.99,$/4.4 oz package,14.5091,per lb,Southeast,retail,,,,,,,,17.0,3324,Weekly Grocery Store Specialty Crops Feature Activity,2026-09-26T14:36:16+00:00
74a7bdb1a117c19f,2016-03-25,Blueberries,,6 oz package,,,,,No,,,,,,,,3.22,$/6 oz package,8.5867,per lb,Southeast,retail,,,,,,,,1338.0,3324,Weekly Grocery Store Specialty Crops Feature Activity,2026-09-26T14:36:16+00:00
2dbc33d441a9efaa,2016-03-25,Broccoli,,per bunch,,,,,Yes,,,,,,,,2.45,$/per bunch,,,Southeast,retail,,,,,,,,102.0,3324,Weekly Grocery Store Specialty Crops Feature Activity,2026-09-26T14:36:16+00:00
8af51a7e05687983,2016-03-25,Broccoli,,per bunch,,,,,No,,,,,,,,2.4,$/per bunch,,,Southeast,retail,,,,,,,,1744.0,3324,Weekly Grocery Store Specialty Crops Feature Activity,2026-09-26T14:36:16+00:00
b181e9b19087729b,2016-03-25,Broccoli,,per lb,,,,,No,,,,,,,,2.5,$/per lb,2.5,per lb,Southeast,retail,,,,,,,,499.0,3324,Weekly Grocery Store Specialty Crops Feature Activity,2026-09-26T14:36:16+00:00
de6f15d8365f317c,2016-03-25,Broccoli,,per lb,,,,,Yes,,,,,,,,1.49,$/per lb,1.49,per lb,Southeast,retail,,,,,,,,90.0,3324,Weekly Grocery Store Specialty Crops Feature Activity,2026-09-26T14:36:16+00:00
5f2b38bf0bf59a70,2016-03-25,Broccoli,BABY HYBRID TYPE,per bunch,,,,,No,,,,,,,,1.67,$/per bunch,,,Southeast,retail,,,,,,,,62.0,3324,Weekly Grocery Store Specialty Crops Feature Activity,2026-09-26T14:36:16+00:00
f99ba82405793d44,2016-03-25,Broccoli,CROWN CUT,per lb,,,,,No,,,,,,,,1.53,$/per lb,1.53,per lb,Southeast,retail,,,,,,,,1621.0,3324,Weekly Grocery Store Specialty Crops Feature Activity,2026-09-26T14:36:16+00:00
787745e927622eaa,2016-03-25,Carrots,,1 lb bag,,,,,Yes,,,,,,,,0.99,$/1 lb bag,0.99,per lb,Southeast,retail,,,,,,,,95.0,3324,Weekly Grocery Store Specialty Crops Feature Activity,2026-09-26T14:36:16+00:00
90d1c63035782adf,2016-03-25,Carrots,,1 lb bag,,,,,No,,,,,,,,0.68,$/1 lb bag,0.68,per lb,Southeast,retail,,,,,,,,66.0,3324,Weekly Grocery Store Specialty Crops Feature Activity,2026-09-26T14:36:16+00:00
c9a2aa8a3215b248,2016-03-25,Carrots,,2 lb bag,,,,,No,,,,,,,,1.41,$/2 lb bag,0.705,per lb,Southeast,retail,,,,,,,,132.0,3324,Weekly Grocery Store Specialty Crops Feature Activity,2026-09-26T14:36:16+00:00
f92de8451e1b71bf,2016-03-25,Carrots,,per bunch,,,,,Yes,,,,,,,,1.49,$/per bunch,,,Southeast,retail,,,,,,,,214.0,3324,Weekly Grocery Store Specialty Crops Feature Activity,2026-09-26T14:36:16+00:00
1c0ae0105d9c248b,2016-03-25,Carrots,BABY PEELED,1 lb bag,,,,,No,,,,,,,,1.23,$/1 lb bag,1.23,per lb,Southeast,retail,,,,,,,,2209.0,3324,Weekly Grocery Store Specialty Crops Feature Activity,2026-09-26T14:36:16+00:00
94cca8b7fcb364dd,2016-03-25,Carrots,BABY PEELED,1 lb bag,,,,,Yes,,,,,,,,1.51,$/1 lb bag,1.51,per lb,Southeast,retail,,,,,,,,411.0,3324,Weekly Grocery Store Specialty Crops Feature Activity,2026-09-26T14:36:16+00:00
5e318c2917fbf02a,2016-03-25,Carrots,BABY PEELED,2 lb bag,,,,,No,,,,,,,,2.75,$/2 lb bag,1.375,per lb,Southeast,retail,,,,,,,,1106.0,3324,Weekly Grocery Store Specialty Crops Feature Activity,2026-09-26T14:36:16+00:00
85373d8f3ebfd806,2016-03-25,Celery,,each,,,,,No,,,,,,,,1.18,$/each,1.18,per each,Southeast,retail,,,,,,,,861.0,3324,Weekly Grocery Store Specialty Crops Feature Activity,2026-09-26T14:36:16+00:00
11d3d6757004dcb3,2016-03-25,Celery,,per lb,,,,,Yes,,,,,,,,1.5,$/per lb,1.5,per lb,Southeast,retail,,,,,,,,90.0,3324,Weekly Grocery Store Specialty Crops Feature Activity,2026-09-26T14:36:16+00:00
352b5eeb66519ac8,2016-03-25,Celery,HEARTS,each,,,,,Yes,,,,,,,,3.64,$/each,3.64,per each,Southeast,retail,,,,,,,,137.0,3324,Weekly Grocery Store Specialty Crops Feature Activity,2026-09-26T14:36:16+00:00
62dedcf423a7c332,2016-03-25,Celery,HEARTS,each,,,,,No,,,,,,,,2.5,$/each,2.5,per each,Southeast,retail,,,,,,,,109.0,3324,Weekly Grocery Store Specialty Crops Feature Activity,2026-09-26T14:36:16+00:00
f75e80659fefe502,2016-03-25,Cucumbers,,each,,,,,No,,,,,,,,0.69,$/each,0.69,per each,Southeast,retail,,,,,,,,1026.0,3324,Weekly Grocery Store Specialty Crops Feature Activity,2026-09-26T14:36:16+00:00
5a7edcd50b3d0b23,2016-03-25,Cucumbers,LONG SEEDLESS,each,,,,,No,,,,,,,,1.3,$/each,1.3,per each,Southeast,retail,,,environment=Greenhouse,,,,,512.0,3324,Weekly Grocery Store Specialty Crops Feature Activity,2026-09-26T14:36:16+00:00
8c7931c0bff41c79,2016-03-25,Grapes,BLACK SEEDLESS,per lb,,,,,No,,,,,,,,1.86,$/per lb,1.86,per lb,Southeast,retail,,,,,,,,226.0,3324,Weekly Grocery Store Specialty Crops Feature Activity,2026-09-26T14:36:16+00:00
468b8df18d6b045f,2016-03-25,Grapes,RED SEEDLESS,per lb,,,,,No,,,,,,,,2.09,$/per lb,2.09,per lb,Southeast,retail,,,,,,,,2993.0,3324,Weekly Grocery Store Specialty Crops Feature Activity,2026-09-26T14:36:16+00:00
157491f41148195b,2016-03-25,Grapes,Red Globe Seeded Type,per lb,,,,,No,,,,,,,,2.29,$/per lb,2.29,per lb,Southeast,retail,,,,,,,,183.0,3324,Weekly Grocery Store Specialty Crops Feature Activity,2026-09-26T14:36:16+00:00
d7e4cfd0e5c4c101,2016-03-25,Grapes,WHITE SEEDLESS TYPE,per lb,,,,,No,,,,,,,,2.5,$/per lb,2.5,per lb,Southeast,retail,,,,,,,,2094.0,3324,Weekly Grocery Store Specialty Crops Feature Activity,2026-09-26T14:36:16+00:00
dfe07fb7e2f63554,2016-03-25,Lemons,,each,,,,,No,,,,,,,,0.66,$/each,0.66,per each,Southeast,retail,,,,,,,,1139.0,3324,Weekly Grocery Store Specialty Crops Feature Activity,2026-09-26T14:36:16+00:00
f84fb2cad8587067,2016-03-25,Lemons,,each,,,,,Yes,,,,,,,,0.5,$/each,0.5,per each,Southeast,retail,,,,,,,,31.0,3324,Weekly Grocery Store Specialty Crops Feature Activity,2026-09-26T14:36:16+00:00
ffe9bc779be8b909,2016-03-25,Lemons,,per lb,,,,,No,,,,,,,,1.59,$/per lb,1.59,per lb,Southeast,retail,,,,,,,,5.0,3324,Weekly Grocery Store Specialty Crops Feature Activity,2026-09-26T14:36:16+00:00
6620455f1eea4c89,2016-03-25,Lettuce,Iceberg,each,,,,,Yes,,,,,,,,2.5,$/each,2.5,per each,Southeast,retail,,,,,,,,9.0,3324,Weekly Grocery Store Specialty Crops Feature Activity,2026-09-26T14:36:16+00:00
e84536b7b523bdf6,2016-03-25,Lettuce,Iceberg,each,,,,,No,,,,,,,,0.97,$/each,0.97,per each,Southeast,retail,,,,,,,,349.0,3324,Weekly Grocery Store Specialty Crops Feature Activity,2026-09-26T14:36:16+00:00
43ffa3453d0e108d,2016-03-25,Lettuce,Romaine (Hearts),3 count,,,,,No,,,,,,,,2.24,$/3 count,,,Southeast,retail,,,,,,,,417.0,3324,Weekly Grocery Store Specialty Crops Feature Activity,2026-09-26T14:36:16+00:00
a814ca33b359a390,2016-03-25,Lettuce,Romaine (Hearts),3 count,,,,,Yes,,,,,,,,2.99,$/3 count,,,Southeast,retail,,,,,,,,214.0,3324,Weekly Grocery Store Specialty Crops Feature Activity,2026-09-26T14:36:16+00:00
9d609b757d0925ca,2016-03-25,Limes,,each,,,,,No,,,,,,,,0.35,$/each,0.35,per each,Southeast,retail,,,,,,,,1103.0,3324,Weekly Grocery Store Specialty Crops Feature Activity,2026-09-26T14:36:16+00:00
757fdf774b976644,2016-03-25,"Onions, Dry",RED,per lb,,,,,No,,,,,,,,1.49,$/per lb,1.49,per lb,Southeast,retail,,,,,,,,214.0,3324,Weekly Grocery Store Specialty Crops Feature Activity,2026-09-26T14:36:16+00:00
4b8b71c1b17137ea,2016-03-25,"Onions, Dry",WHITE,per lb,,,,,No,,,,,,,,0.5,$/per lb,0.5,per lb,Southeast,retail,,,,,,,,214.0,3324,Weekly Grocery Store Specialty Crops Feature Activity,2026-09-26T14:36:16+00:00
21661c45fadbc983,2016-03-25,"Onions, Dry",YELLOW,2 lb bag,,,,,No,,,,,,,,1.05,$/2 lb bag,0.525,per lb,Southeast,retail,,,,,,,,74.0,3324,Weekly Grocery Store Specialty Crops Feature Activity,2026-09-26T14:36:16+00:00
6209bf8db167cdc5,2016-03-25,"Onions, Dry",YELLOW,3 lb bag,,,,,No,,,,,,,,2.33,$/3 lb bag,0.7767,per lb,Southeast,retail,,,,,,,,261.0,3324,Weekly Grocery Store Specialty Crops Feature Activity,2026-09-26T14:36:16+00:00
44296f82b4f71ed5,2016-03-25,"Onions, Dry",YELLOW,per lb,,,,,Yes,,,,,,,,1.29,$/per lb,1.29,per lb,Southeast,retail,,,,,,,,216.0,3324,Weekly Grocery Store Specialty Crops Feature Activity,2026-09-26T14:36:16+00:00
cd0094556024f9ae,2016-03-25,"Onions, Dry",YELLOW,per lb,,,,,No,,,,,,,,0.7,$/per lb,0.7,per lb,Southeast,retail,,,,,,,,52.0,3324,Weekly Grocery Store Specialty Crops Feature Activity,2026-09-26T14:36:16+00:00
35b073e52f1ba05d,2016-03-25,"Onions, Dry",YELLOW MARKED SWEET,3 lb bag,,,,,No,,,,,,,,1.57,$/3 lb bag,0.5233,per lb,Southeast,retail,,,,,,,,1063.0,3324,Weekly Grocery Store Specialty Crops Feature Activity,2026-09-26T14:36:16+00:00
bda8ab4374cef3be,2016-03-25,"Onions, Dry",YELLOW MARKED SWEET,5 lb bag,,,,,No,,,,,,,,3.99,$/5 lb bag,0.798,per lb,Southeast,retail,,,,,,,,204.0,3324,Weekly Grocery Store Specialty Crops Feature Activity,2026-09-26T14:36:16+00:00
6c98b6ed325741e0,2016-03-25,"Onions, Dry",YELLOW MARKED SWEET,per lb,,,,,No,,,,,,,,1.12,$/per lb,1.12,per lb,Southeast,retail,,,,,,,,587.0,3324,Weekly Grocery Store Specialty Crops Feature Activity,2026-09-26T14:36:16+00:00
9b9538b9973b0b72,2016-03-25,"Peppers, Bell Type",GREEN,each,,,,,No,,,,,,,,0.97,$/each,0.97,per each,Southeast,retail,,,,,,,,104.0,3324,Weekly Grocery Store Specialty Crops Feature Activity,2026-09-26T14:36:16+00:00
efa459c03b8ae114,2016-03-25,"Peppers, Bell Type",GREEN,per lb,,,,,No,,,,,,,,0.78,$/per lb,0.78,per lb,Southeast,retail,,,,,,,,24.0,3324,Weekly Grocery Store Specialty Crops Feature Activity,2026-09-26T14:36:16+00:00
49aa296d6a8b7989,2016-03-25,"Peppers, Bell Type",ORANGE,each,,,,,No,,,,,,,,1.0,$/each,1.0,per each,Southeast,retail,,,environment=Greenhouse,,,,,95.0,3324,Weekly Grocery Store Specialty Crops Feature Activity,2026-09-26T14:36:16+00:00
8259f5dc9d271737,2016-03-25,"Peppers, Bell Type",ORANGE,each,,,,,No,,,,,,,,1.52,$/each,1.52,per each,Southeast,retail,,,,,,,,1245.0,3324,Weekly Grocery Store Specialty Crops Feature Activity,2026-09-26T14:36:16+00:00
2f1fb5e53176a267,2016-03-25,"Peppers, Bell Type",RED,each,,,,,No,,,,,,,,1.0,$/each,1.0,per each,Southeast,retail,,,environment=Greenhouse,,,,,95.0,3324,Weekly Grocery Store Specialty Crops Feature Activity,2026-09-26T14:36:16+00:00
8ea65b4801ab536b,2016-03-25,"Peppers, Bell Type",RED,each,,,,,No,,,,,,,,1.52,$/each,1.52,per each,Southeast,retail,,,,,,,,1252.0,3324,Weekly Grocery Store Specialty Crops Feature Activity,2026-09-26T14:36:16+00:00
7d7d584c0d20b973,2016-03-25,"Peppers, Bell Type",RED,per lb,,,,,No,,,,,,,,1.99,$/per lb,1.99,per lb,Southeast,retail,,,,,,,,2.0,3324,Weekly Grocery Store Specialty Crops Feature Activity,2026-09-26T14:36:16+00:00
3155c65f59cf9673,2016-03-25,"Peppers, Bell Type",YELLOW,each,,,,,No,,,,,,,,1.0,$/each,1.0,per each,Southeast,retail,,,environment=Greenhouse,,,,,95.0,3324,Weekly Grocery Store Specialty Crops Feature Activity,2026-09-26T14:36:16+00:00
965fd8520b2dedc9,2016-03-25,"Peppers, Bell Type",YELLOW,each,,,,,No,,,,,,,,1.52,$/each,1.52,per each,Southeast,retail,,,,,,,,1245.0,3324,Weekly Grocery Store Specialty Crops Feature Activity,2026-09-26T14:36:16+00:00
be1341fbd2a1a6a5,2016-03-25,Potatoes,ROUND RED,3 lb bag,,,,,No,,,,,,,,2.75,$/3 lb bag,0.9167,per lb,Southeast,retail,,,,,,,,347.0,3324,Weekly Grocery Store Specialty Crops Feature Activity,2026-09-26T14:36:16+00:00
508e7bfe692128f7,2016-03-25,Potatoes,ROUND RED,5 lb bag,,,,,No,,,,,,,,3.33,$/5 lb bag,0.666,per lb,Southeast,retail,,,,,,,,1286.0,3324,Weekly Grocery Store Specialty Crops Feature Activity,2026-09-26T14:36:16+00:00
d8a53b7aaae1f6ae,2016-03-25,Potatoes,ROUND RED,per lb,,,,,No,,,,,,,,0.25,$/per lb,0.25,per lb,Southeast,retail,,,,,,,,33.0,3324,Weekly Grocery Store Specialty Crops Feature Activity,2026-09-26T14:36:16+00:00
aaec923142e59dd1,2016-03-25,Potatoes,ROUND WHITE,5 lb bag,,,,,No,,,,,,,,1.95,$/5 lb bag,0.39,per lb,Southeast,retail,,,,,,,,1110.0,3324,Weekly Grocery Store Specialty Crops Feature Activity,2026-09-26T14:36:16+00:00
b8c39f79d11045af,2016-03-25,Potatoes,RUSSET,10 lb bag,,,,,No,,,,,,,,3.05,$/10 lb bag,0.305,per lb,Southeast,retail,,,,,,,,739.0,3324,Weekly Grocery Store Specialty Crops Feature Activity,2026-09-26T14:36:16+00:00
9a323930d73efb1d,2016-03-25,Potatoes,RUSSET,3 lb bag,,,,,Yes,,,,,,,,2.42,$/3 lb bag,0.8067,per lb,Southeast,retail,,,,,,,,529.0,3324,Weekly Grocery Store Specialty Crops Feature Activity,2026-09-26T14:36:16+00:00
308be1d559fc1fde,2016-03-25,Potatoes,RUSSET,5 lb bag,,,,,No,,,,,,,,2.95,$/5 lb bag,0.59,per lb,Southeast,retail,,,,,,,,2126.0,3324,Weekly Grocery Store Specialty Crops Feature Activity,2026-09-26T14:36:16+00:00
d15e75d30fc59283,2016-03-25,Potatoes,RUSSET,5 lb bag,,,,,Yes,,,,,,,,2.98,$/5 lb bag,0.596,per lb,Southeast,retail,,,,,,,,7.0,3324,Weekly Grocery Store Specialty Crops Feature Activity,2026-09-26T14:36:16+00:00
75457f9cd2cdb82a,2016-03-25,Potatoes,RUSSET,8 lb bag,,,,,No,,,,,,,,3.04,$/8 lb bag,0.38,per lb,Southeast,retail,,,,,,,,721.0,3324,Weekly Grocery Store Specialty Crops Feature Activity,2026-09-26T14:36:16+00:00
ddd8aa9d8ae35294,2016-03-25,Potatoes,RUSSET,per lb,,,,,No,,,,,,,,0.86,$/per lb,0.86,per lb,Southeast,retail,,,,,,,,86.0,3324,Weekly Grocery Store Specialty Crops Feature Activity,2026-09-26T14:36:16+00:00
11438ae75049f5ec,2016-03-25,Potatoes,YELLOW TYPE,3 lb bag,,,,,No,,,,,,,,1.57,$/3 lb bag,0.5233,per lb,Southeast,retail,,,,,,,,73.0,3324,Weekly Grocery Store Specialty Crops Feature Activity,2026-09-26T14:36:16+00:00
ffcb855df5d03988,2016-03-25,Potatoes,YELLOW TYPE,5 lb bag,,,,,No,,,,,,,,2.98,$/5 lb bag,0.596,per lb,Southeast,retail,,,,,,,,228.0,3324,Weekly Grocery Store Specialty Crops Feature Activity,2026-09-26T14:36:16+00:00
021491ae7a462307,2016-03-25,Strawberries,,1 lb package,,,,,Yes,,,,,,,,3.07,$/1 lb package,3.07,per lb,Southeast,retail,,,,,,,,1503.0,3324,Weekly Grocery Store Specialty Crops Feature Activity,2026-09-26T14:36:16+00:00
aa91b48d5381328e,2016-03-25,Strawberries,,1 lb package,,,,,No,,,,,,,,1.96,$/1 lb package,1.96,per lb,Southeast,retail,,,,,,,,4506.0,3324,Weekly Grocery Store Specialty Crops Feature Activity,2026-09-26T14:36:16+00:00
0ca3ba96b13873a0,2016-03-25,Strawberries,,2 lb package,,,,,No,,,,,,,,4.99,$/2 lb package,2.495,per lb,Southeast,retail,,,,,,,,104.0,3324,Weekly Grocery Store Specialty Crops Feature Activity,2026-09-26T14:36:16+00:00
61566568f184bf2b,2016-03-25,Tomatoes,,per lb,,,,,No,,,,,,,,1.16,$/per lb,1.16,per lb,Southeast,retail,,,,,,,,17.0,3324,Weekly Grocery Store Specialty Crops Feature Activity,2026-09-26T14:36:16+00:00
91e41e9a95be17fb,2016-03-25,Tomatoes,GRAPE TYPE,1 pint package,,,,,Yes,,,,,,,,2.43,$/1 pint package,,,Southeast,retail,,,,,,,,305.0,3324,Weekly Grocery Store Specialty Crops Feature Activity,2026-09-26T14:36:16+00:00
a08fbccf1dd6c89d,2016-03-25,Tomatoes,GRAPE TYPE,1 pint package,,,,,No,,,,,,,,2.05,$/1 pint package,,,Southeast,retail,,,,,,,,1608.0,3324,Weekly Grocery Store Specialty Crops Feature Activity,2026-09-26T14:36:16+00:00
0ab2fa7a56153cc9,2016-03-25,Tomatoes,GRAPE TYPE,10 oz package,,,,,Yes,,,,,,,,2.99,$/10 oz package,4.784,per lb,Southeast,retail,,,,,,,,304.0,3324,Weekly Grocery Store Specialty Crops Feature Activity,2026-09-26T14:36:16+00:00
7700362f070ffcf6,2016-03-25,Tomatoes,GRAPE TYPE,10 oz package,,,,,No,,,,,,,,1.94,$/10 oz package,3.104,per lb,Southeast,retail,,,,,,,,156.0,3324,Weekly Grocery Store Specialty Crops Feature Activity,2026-09-26T14:36:16+00:00
736d556019a3b6ab,2016-03-25,Tomatoes,Plum Type (Roma),per lb,,,,,No,,,,,,,,1.28,$/per lb,1.28,per lb,Southeast,retail,,,,,,,,76.0,3324,Weekly Grocery Store Specialty Crops Feature Activity,2026-09-26T14:36:16+00:00
8516f8c48cfd2463,2016-03-25,Tomatoes,VINE RIPES,per lb,,,,,No,,,,,,,,1.36,$/per lb,1.36,per lb,Southeast,retail,,,,,,,,141.0,3324,Weekly Grocery Store Specialty Crops Feature Activity,2026-09-26T14:36:16+00:00
a14efdbe7beee9ef,2016-03-25,Tomatoes,VINE RIPES,per lb,,,,,Yes,,,,,,,,2.99,$/per lb,2.99,per lb,Southeast,retail,,,,,,,,214.0,3324,Weekly Grocery Store Specialty Crops Feature Activity,2026-09-26T14:36:16+00:00
ebb4716a5ce28da3,2016-03-25,Tomatoes,VINE RIPES,per lb,,,,,No,,,,,,,,1.86,$/per lb,1.86,per lb,Southeast,retail,,,environment=Greenhouse,,,,,22.0,3324,Weekly Grocery Store Specialty Crops Feature Activity,2026-09-26T14:36:16+00:00
b4608d5491bc60d4,2016-03-25,Tomatoes,VINE RIPES - ON THE VINE,per lb,,,,,No,,,,,,,,1.81,$/per lb,1.81,per lb,Southeast,retail,,,environment=Greenhouse,,,,,1992.0,3324,Weekly Grocery Store Specialty Crops Feature Activity,2026-09-26T14:36:16+00:00
faf578cad43de582,2016-03-25,Tomatoes,VINE RIPES - ON THE VINE,per lb,,,,,Yes,,,,,,,,2.99,$/per lb,2.99,per lb,Southeast,retail,,,environment=Greenhouse,,,,,84.0,3324,Weekly Grocery Store Specialty Crops Feature Activity,2026-09-26T14:36:16+00:00
12764e97ba95ac62,2016-03-25,Tomatoes,Vine Ripes - Heirloom Varieties,per lb,,,,,No,,,,,,,,1.78,$/per lb,1.78,per lb,Southeast,retail,,,,,,,,195.0,3324,Weekly Grocery Store Specialty Crops Feature Activity,2026-09-26T14:36:16+00:00
51ab7fe52ad80239,2016-03-25,Avocados,HASS,each,,,,,No,,,,,,,,1.09,$/each,1.09,per each,Southwest,retail,,,,,,,,2083.0,3324,Weekly Grocery Store Specialty Crops Feature Activity,2026-09-26T14:36:16+00:00
e197ad91a6b8002e,2016-03-25,Avocados,HASS,each,,,,,Yes,,,,,,,,1.34,$/each,1.34,per each,Southwest,retail,,,,,,,,178.0,3324,Weekly Grocery Store Specialty Crops Feature Activity,2026-09-26T14:36:16+00:00
2ac39053533e7bab,2016-03-25,Avocados,VARIOUS GREENSKIN VARIETIES,each,,,,,No,,,,,,,,0.16,$/each,0.16,per each,Southwest,retail,,,,,,,,48.0,3324,Weekly Grocery Store Specialty Crops Feature Activity,2026-09-26T14:36:16+00:00
f8f79d45cfd767d5,2016-03-25,Avocados,VARIOUS GREENSKIN VARIETIES,each,,,,,Yes,,,,,,,,0.99,$/each,0.99,per each,Southwest,retail,,,,,,,,7.0,3324,Weekly Grocery Store Specialty Crops Feature Activity,2026-09-26T14:36:16+00:00
a5d0a238abaadd5e,2016-03-25,Bananas,,per lb,,,,,No,,,,,,,,0.53,$/per lb,0.53,per lb,Southwest,retail,,,,,,,,134.0,3324,Weekly Grocery Store Specialty Crops Feature Activity,2026-09-26T14:36:16+00:00
d344d227d911ad91,2016-03-25,Bananas,,per lb,,,,,Yes,,,,,,,,0.89,$/per lb,0.89,per lb,Southwest,retail,,,,,,,,9.0,3324,Weekly Grocery Store Specialty Crops Feature Activity,2026-09-26T14:36:16+00:00
eaf9bb48c95db2bd,2016-03-25,Blueberries,,4.4 oz package,,,,,No,,,,,,,,2.5,$/4.4 oz package,9.0909,per lb,Southwest,retail,,,,,,,,122.0,3324,Weekly Grocery Store Specialty Crops Feature Activity,2026-09-26T14:36:16+00:00
3855b3c93e87b09a,2016-03-25,Blueberries,,6 oz package,,,,,Yes,,,,,,,,4.85,$/6 oz package,12.9333,per lb,Southwest,retail,,,,,,,,124.0,3324,Weekly Grocery Store Specialty Crops Feature Activity,2026-09-26T14:36:16+00:00
bf9126906f82b8d8,2016-03-25,Blueberries,,6 oz package,,,,,No,,,,,,,,2.45,$/6 oz package,6.5333,per lb,Southwest,retail,,,,,,,,392.0,3324,Weekly Grocery Store Specialty Crops Feature Activity,2026-09-26T14:36:16+00:00
4318d6daa5e2db69,2016-03-25,Broccoli,,per bunch,,,,,No,,,,,,,,1.95,$/per bunch,,,Southwest,retail,,,,,,,,39.0,3324,Weekly Grocery Store Specialty Crops Feature Activity,2026-09-26T14:36:16+00:00
543dfe12461a39ce,2016-03-25,Broccoli,,per bunch,,,,,Yes,,,,,,,,2.99,$/per bunch,,,Southwest,retail,,,,,,,,17.0,3324,Weekly Grocery Store Specialty Crops Feature Activity,2026-09-26T14:36:16+00:00
5dd839d68d98111c,2016-03-25,Broccoli,,per lb,,,,,Yes,,,,,,,,1.51,$/per lb,1.51,per lb,Southwest,retail,,,,,,,,396.0,3324,Weekly Grocery Store Specialty Crops Feature Activity,2026-09-26T14:36:16+00:00
6466f74c8aa226cb,2016-03-25,Broccoli,,per lb,,,,,No,,,,,,,,0.91,$/per lb,0.91,per lb,Southwest,retail,,,,,,,,522.0,3324,Weekly Grocery Store Specialty Crops Feature Activity,2026-09-26T14:36:16+00:00
027fca554cf098b8,2016-03-25,Broccoli,CROWN CUT,per lb,,,,,No,,,,,,,,1.13,$/per lb,1.13,per lb,Southwest,retail,,,,,,,,426.0,3324,Weekly Grocery Store Specialty Crops Feature Activity,2026-09-26T14:36:16+00:00
f9b7a970f0bf4517,2016-03-25,Carrots,,1 lb bag,,,,,No,,,,,,,,0.42,$/1 lb bag,0.42,per lb,Southwest,retail,,,,,,,,11.0,3324,Weekly Grocery Store Specialty Crops Feature Activity,2026-09-26T14:36:16+00:00
203b7a6ed0424093,2016-03-25,Carrots,,2 lb bag,,,,,Yes,,,,,,,,1.5,$/2 lb bag,0.75,per lb,Southwest,retail,,,,,,,,216.0,3324,Weekly Grocery Store Specialty Crops Feature Activity,2026-09-26T14:36:16+00:00
14ca326da41425a5,2016-03-25,Carrots,,per bunch,,,,,Yes,,,,,,,,1.52,$/per bunch,,,Southwest,retail,,,,,,,,176.0,3324,Weekly Grocery Store Specialty Crops Feature Activity,2026-09-26T14:36:16+00:00
8853915352b9395f,2016-03-25,Carrots,,per lb,,,,,No,,,,,,,,0.33,$/per lb,0.33,per lb,Southwest,retail,,,,,,,,93.0,3324,Weekly Grocery Store Specialty Crops Feature Activity,2026-09-26T14:36:16+00:00
95275460d9c525c8,2016-03-25,Carrots,BABY PEELED,1 lb bag,,,,,No,,,,,,,,1.37,$/1 lb bag,1.37,per lb,Southwest,retail,,,,,,,,535.0,3324,Weekly Grocery Store Specialty Crops Feature Activity,2026-09-26T14:36:16+00:00
d35f8ee03f304291,2016-03-25,Carrots,BABY PEELED,1 lb bag,,,,,Yes,,,,,,,,1.47,$/1 lb bag,1.47,per lb,Southwest,retail,,,,,,,,82.0,3324,Weekly Grocery Store Specialty Crops Feature Activity,2026-09-26T14:36:16+00:00
cd2532cb89449c2f,2016-03-25,Carrots,BABY PEELED,2 lb bag,,,,,No,,,,,,,,1.99,$/2 lb bag,0.995,per lb,Southwest,retail,,,,,,,,499.0,3324,Weekly Grocery Store Specialty Crops Feature Activity,2026-09-26T14:36:16+00:00
0d3f3eac0960b2d5,2016-03-25,Celery,,each,,,,,No,,,,,,,,0.88,$/each,0.88,per each,Southwest,retail,,,,,,,,397.0,3324,Weekly Grocery Store Specialty Crops Feature Activity,2026-09-26T14:36:16+00:00
2736edad92b46814,2016-03-25,Celery,,each,,,,,Yes,,,,,,,,1.5,$/each,1.5,per each,Southwest,retail,,,,,,,,216.0,3324,Weekly Grocery Store Specialty Crops Feature Activity,2026-09-26T14:36:16+00:00
b6be30a9873f0121,2016-03-25,Celery,HEARTS,each,,,,,No,,,,,,,,3.0,$/each,3.0,per each,Southwest,retail,,,,,,,,75.0,3324,Weekly Grocery Store Specialty Crops Feature Activity,2026-09-26T14:36:16+00:00
eee3e9f4a4b37de2,2016-03-25,Celery,HEARTS,each,,,,,Yes,,,,,,,,1.99,$/each,1.99,per each,Southwest,retail,,,,,,,,178.0,3324,Weekly Grocery Store Specialty Crops Feature Activity,2026-09-26T14:36:16+00:00
33053b4d5ef36043,2016-03-25,Cucumbers,,each,,,,,No,,,,,,,,0.54,$/each,0.54,per each,Southwest,retail,,,,,,,,232.0,3324,Weekly Grocery Store Specialty Crops Feature Activity,2026-09-26T14:36:16+00:00
d6506090e25f7382,2016-03-25,Cucumbers,,each,,,,,Yes,,,,,,,,0.99,$/each,0.99,per each,Southwest,retail,,,,,,,,241.0,3324,Weekly Grocery Store Specialty Crops Feature Activity,2026-09-26T14:36:16+00:00
f12db217dd4541c7,2016-03-25,Cucumbers,,per lb,,,,,No,,,,,,,,0.79,$/per lb,0.79,per lb,Southwest,retail,,,,,,,,9.0,3324,Weekly Grocery Store Specialty Crops Feature Activity,2026-09-26T14:36:16+00:00
0c6bff6a3f06bfce,2016-03-25,Cucumbers,LONG SEEDLESS,each,,,,,No,,,,,,,,1.32,$/each,1.32,per each,Southwest,retail,,,environment=Greenhouse,,,,,379.0,3324,Weekly Grocery Store Specialty Crops Feature Activity,2026-09-26T14:36:16+00:00
26e182671573d534,2016-03-25,Grapes,BLACK SEEDLESS,per lb,,,,,No,,,,,,,,3.34,$/per lb,3.34,per lb,Southwest,retail,,,,,,,,534.0,3324,Weekly Grocery Store Specialty Crops Feature Activity,2026-09-26T14:36:16+00:00
13a91b27f84b3c1e,2016-03-25,Grapes,RED SEEDLESS,per lb,,,,,No,,,,,,,,2.99,$/per lb,2.99,per lb,Southwest,retail,,,,,,,,793.0,3324,Weekly Grocery Store Specialty Crops Feature Activity,2026-09-26T14:36:16+00:00
eee54327ed424433,2016-03-25,Grapes,Red Globe Seeded Type,per lb,,,,,No,,,,,,,,1.06,$/per lb,1.06,per lb,Southwest,retail,,,,,,,,50.0,3324,Weekly Grocery Store Specialty Crops Feature Activity,2026-09-26T14:36:16+00:00
7a50ea6a5cd524fd,2016-03-25,Grapes,WHITE SEEDLESS TYPE,per lb,,,,,No,,,,,,,,2.86,$/per lb,2.86,per lb,Southwest,retail,,,,,,,,957.0,3324,Weekly Grocery Store Specialty Crops Feature Activity,2026-09-26T14:36:16+00:00
ad6410801af4ccbf,2016-03-25,Lemons,,each,,,,,No,,,,,,,,0.48,$/each,0.48,per each,Southwest,retail,,,,,,,,137.0,3324,Weekly Grocery Store Specialty Crops Feature Activity,2026-09-26T14:36:16+00:00
cb97ee0582e27dff,2016-03-25,Lemons,,per lb,,,,,No,,,,,,,,0.64,$/per lb,0.64,per lb,Southwest,retail,,,,,,,,22.0,3324,Weekly Grocery Store Specialty Crops Feature Activity,2026-09-26T14:36:16+00:00
44e33673d2b15777,2016-03-25,Lettuce,Boston,each,,,,,No,,,,,,,,1.69,$/each,1.69,per each,Southwest,retail,,,,,,,,8.0,3324,Weekly Grocery Store Specialty Crops Feature Activity,2026-09-26T14:36:16+00:00
4a5d2de16eb33515,2016-03-25,Lettuce,Green Leaf,each,,,,,Yes,,,,,,,,1.69,$/each,1.69,per each,Southwest,retail,,,,,,,,8.0,3324,Weekly Grocery Store Specialty Crops Feature Activity,2026-09-26T14:36:16+00:00
8e56113f94d89269,2016-03-25,Lettuce,Green Leaf,each,,,,,No,,,,,,,,0.83,$/each,0.83,per each,Southwest,retail,,,,,,,,469.0,3324,Weekly Grocery Store Specialty Crops Feature Activity,2026-09-26T14:36:16+00:00
a465deeff29985b3,2016-03-25,Lettuce,Iceberg,each,,,,,No,,,,,,,,0.87,$/each,0.87,per each,Southwest,retail,,,,,,,,403.0,3324,Weekly Grocery Store Specialty Crops Feature Activity,2026-09-26T14:36:16+00:00
6b0f300cfece7ed0,2016-03-25,Lettuce,Red Leaf,each,,,,,No,,,,,,,,0.84,$/each,0.84,per each,Southwest,retail,,,,,,,,469.0,3324,Weekly Grocery Store Specialty Crops Feature Activity,2026-09-26T14:36:16+00:00
e775421a06a93899,2016-03-25,Lettuce,Red Leaf,each,,,,,Yes,,,,,,,,1.69,$/each,1.69,per each,Southwest,retail,,,,,,,,8.0,3324,Weekly Grocery Store Specialty Crops Feature Activity,2026-09-26T14:36:16+00:00
3971c1e9ec7d5d33,2016-03-25,Lettuce,Romaine,each,,,,,Yes,,,,,,,,1.75,$/each,1.75,per each,Southwest,retail,,,,,,,,21.0,3324,Weekly Grocery Store Specialty Crops Feature Activity,2026-09-26T14:36:16+00:00
e5ab02ef7ede357e,2016-03-25,Lettuce,Romaine,each,,,,,No,,,,,,,,0.96,$/each,0.96,per each,Southwest,retail,,,,,,,,347.0,3324,Weekly Grocery Store Specialty Crops Feature Activity,2026-09-26T14:36:16+00:00
3a69950281ef3dea,2016-03-25,Lettuce,Romaine (Hearts),3 count,,,,,Yes,,,,,,,,2.5,$/3 count,,,Southwest,retail,,,,,,,,91.0,3324,Weekly Grocery Store Specialty Crops Feature Activity,2026-09-26T14:36:16+00:00
7193384952b23f94,2016-03-25,Lettuce,Romaine (Hearts),3 count,,,,,No,,,,,,,,2.13,$/3 count,,,Southwest,retail,,,,,,,,47.0,3324,Weekly Grocery Store Specialty Crops Feature Activity,2026-09-26T14:36:16+00:00
de501415c6b9fca2,2016-03-25,Limes,,each,,,,,No,,,,,,,,0.24,$/each,0.24,per each,Southwest,retail,,,,,,,,161.0,3324,Weekly Grocery Store Specialty Crops Feature Activity,2026-09-26T14:36:16+00:00
a679cd7653927c0e,2016-03-25,Limes,,per lb,,,,,No,,,,,,,,0.57,$/per lb,0.57,per lb,Southwest,retail,,,,,,,,133.0,3324,Weekly Grocery Store Specialty Crops Feature Activity,2026-09-26T14:36:16+00:00
59767b1608812c27,2016-03-25,"Onions, Dry",RED,2 lb bag,,,,,No,,,,,,,,1.0,$/2 lb bag,0.5,per lb,Southwest,retail,,,,,,,,5.0,3324,Weekly Grocery Store Specialty Crops Feature Activity,2026-09-26T14:36:16+00:00
d3c22cb5dbab2af6,2016-03-25,"Onions, Dry",RED,per lb,,,,,No,,,,,,,,0.5,$/per lb,0.5,per lb,Southwest,retail,,,,,,,,60.0,3324,Weekly Grocery Store Specialty Crops Feature Activity,2026-09-26T14:36:16+00:00
155d4ed66bdfc47b,2016-03-25,"Onions, Dry",WHITE,per lb,,,,,No,,,,,,,,0.6,$/per lb,0.6,per lb,Southwest,retail,,,,,,,,162.0,3324,Weekly Grocery Store Specialty Crops Feature Activity,2026-09-26T14:36:16+00:00
8a05c8950e696d86,2016-03-25,"Onions, Dry",YELLOW,2 lb bag,,,,,No,,,,,,,,1.0,$/2 lb bag,0.5,per lb,Southwest,retail,,,,,,,,39.0,3324,Weekly Grocery Store Specialty Crops Feature Activity,2026-09-26T14:36:16+00:00
c0ae1024b9393c25,2016-03-25,"Onions, Dry",YELLOW,3 lb bag,,,,,No,,,,,,,,1.0,$/3 lb bag,0.3333,per lb,Southwest,retail,,,,,,,,5.0,3324,Weekly Grocery Store Specialty Crops Feature Activity,2026-09-26T14:36:16+00:00
a6c47f8eeb471df6,2016-03-25,"Onions, Dry",YELLOW,per lb,,,,,Yes,,,,,,,,1.29,$/per lb,1.29,per lb,Southwest,retail,,,,,,,,75.0,3324,Weekly Grocery Store Specialty Crops Feature Activity,2026-09-26T14:36:16+00:00
e1f70f99bdc2a64d,2016-03-25,"Onions, Dry",YELLOW,per lb,,,,,No,,,,,,,,0.55,$/per lb,0.55,per lb,Southwest,retail,,,,,,,,211.0,3324,Weekly Grocery Store Specialty Crops Feature Activity,2026-09-26T14:36:16+00:00
abec477904896672,2016-03-25,"Onions, Dry",YELLOW MARKED SWEET,per lb,,,,,No,,,,,,,,1.02,$/per lb,1.02,per lb,Southwest,retail,,,,,,,,264.0,3324,Weekly Grocery Store Specialty Crops Feature Activity,2026-09-26T14:36:16+00:00
7c49d26e74206cb8,2016-03-25,"Peppers, Bell Type",GREEN,each,,,,,No,,,,,,,,0.63,$/each,0.63,per each,Southwest,retail,,,,,,,,133.0,3324,Weekly Grocery Store Specialty Crops Feature Activity,2026-09-26T14:36:16+00:00
74f89f4f12b01b01,2016-03-25,"Peppers, Bell Type",ORANGE,each,,,,,No,,,,,,,,0.98,$/each,0.98,per each,Southwest,retail,,,,,,,,169.0,3324,Weekly Grocery Store Specialty Crops Feature Activity,2026-09-26T14:36:16+00:00
861e8a85c28b59c5,2016-03-25,"Peppers, Bell Type",ORANGE,per lb,,,,,No,,,,,,,,0.89,$/per lb,0.89,per lb,Southwest,retail,,,,,,,,9.0,3324,Weekly Grocery Store Specialty Crops Feature Activity,2026-09-26T14:36:16+00:00
073fb2498d7a8168,2016-03-25,"Peppers, Bell Type",RED,each,,,,,No,,,,,,,,0.97,$/each,0.97,per each,Southwest,retail,,,,,,,,624.0,3324,Weekly Grocery Store Specialty Crops Feature Activity,2026-09-26T14:36:16+00:00
644be388dc08c7b5,2016-03-25,"Peppers, Bell Type",RED,each,,,,,Yes,,,,,,,,1.86,$/each,1.86,per each,Southwest,retail,,,,,,,,668.0,3324,Weekly Grocery Store Specialty Crops Feature Activity,2026-09-26T14:36:16+00:00
686e3534c219fa08,2016-03-25,"Peppers, Bell Type",RED,per lb,,,,,No,,,,,,,,1.64,$/per lb,1.64,per lb,Southwest,retail,,,,,,,,17.0,3324,Weekly Grocery Store Specialty Crops Feature Activity,2026-09-26T14:36:16+00:00
cfc7adf419a51392,2016-03-25,"Peppers, Bell Type",YELLOW,each,,,,,No,,,,,,,,1.06,$/each,1.06,per each,Southwest,retail,,,,,,,,232.0,3324,Weekly Grocery Store Specialty Crops Feature Activity,2026-09-26T14:36:16+00:00
6e0c01078ab61cca,2016-03-25,"Peppers, Bell Type",YELLOW,per lb,,,,,No,,,,,,,,0.89,$/per lb,0.89,per lb,Southwest,retail,,,,,,,,9.0,3324,Weekly Grocery Store Specialty Crops Feature Activity,2026-09-26T14:36:16+00:00
4b82f8dc85d25df2,2016-03-25,Potatoes,ROUND RED,3 lb bag,,,,,No,,,,,,,,2.49,$/3 lb bag,0.83,per lb,Southwest,retail,,,,,,,,174.0,3324,Weekly Grocery Store Specialty Crops Feature Activity,2026-09-26T14:36:16+00:00
b4655eb5727126a1,2016-03-25,Potatoes,ROUND RED,3 lb bag,,,,,Yes,,,,,,,,3.99,$/3 lb bag,1.33,per lb,Southwest,retail,,,,,,,,178.0,3324,Weekly Grocery Store Specialty Crops Feature Activity,2026-09-26T14:36:16+00:00
c59bce9c8b48fece,2016-03-25,Potatoes,ROUND RED,5 lb bag,,,,,No,,,,,,,,2.66,$/5 lb bag,0.532,per lb,Southwest,retail,,,,,,,,222.0,3324,Weekly Grocery Store Specialty Crops Feature Activity,2026-09-26T14:36:16+00:00
73904ff919a52ea2,2016-03-25,Potatoes,ROUND RED,per lb,,,,,No,,,,,,,,0.43,$/per lb,0.43,per lb,Southwest,retail,,,,,,,,118.0,3324,Weekly Grocery Store Specialty Crops Feature Activity,2026-09-26T14:36:16+00:00
bd546b70a51962ad,2016-03-25,Potatoes,ROUND WHITE,5 lb bag,,,,,No,,,,,,,,1.5,$/5 lb bag,0.3,per lb,Southwest,retail,,,,,,,,39.0,3324,Weekly Grocery Store Specialty Crops Feature Activity,2026-09-26T14:36:16+00:00
71db5365d738c6a7,2016-03-25,Potatoes,RUSSET,10 lb bag,,,,,No,,,,,,,,1.79,$/10 lb bag,0.179,per lb,Southwest,retail,,,,,,,,591.0,3324,Weekly Grocery Store Specialty Crops Feature Activity,2026-09-26T14:36:16+00:00
8cae4f5dbcad696f,2016-03-25,Potatoes,RUSSET,3 lb bag,,,,,No,,,,,,,,1.0,$/3 lb bag,0.3333,per lb,Southwest,retail,,,,,,,,6.0,3324,Weekly Grocery Store Specialty Crops Feature Activity,2026-09-26T14:36:16+00:00
95d0cd1478808e07,2016-03-25,Potatoes,RUSSET,3 lb bag,,,,,Yes,,,,,,,,3.99,$/3 lb bag,1.33,per lb,Southwest,retail,,,,,,,,178.0,3324,Weekly Grocery Store Specialty Crops Feature Activity,2026-09-26T14:36:16+00:00
de311fe3685cb99b,2016-03-25,Potatoes,RUSSET,5 lb bag,,,,,No,,,,,,,,1.5,$/5 lb bag,0.3,per lb,Southwest,retail,,,,,,,,39.0,3324,Weekly Grocery Store Specialty Crops Feature Activity,2026-09-26T14:36:16+00:00
f7e0b7ff9e28c9d4,2016-03-25,Potatoes,RUSSET,5 lb bag,,,,,Yes,,,,,,,,2.98,$/5 lb bag,0.596,per lb,Southwest,retail,,,,,,,,119.0,3324,Weekly Grocery Store Specialty Crops Feature Activity,2026-09-26T14:36:16+00:00
86f46ed4ea055565,2016-03-25,Potatoes,RUSSET,per lb,,,,,No,,,,,,,,0.61,$/per lb,0.61,per lb,Southwest,retail,,,,,,,,381.0,3324,Weekly Grocery Store Specialty Crops Feature Activity,2026-09-26T14:36:16+00:00
763c784ddf56fe21,2016-03-25,Potatoes,YELLOW TYPE,3 lb bag,,,,,No,,,,,,,,2.99,$/3 lb bag,0.9967,per lb,Southwest,retail,,,,,,,,6.0,3324,Weekly Grocery Store Specialty Crops Feature Activity,2026-09-26T14:36:16+00:00
9438ea75aa0a5273,2016-03-25,Potatoes,YELLOW TYPE,3 lb bag,,,,,Yes,,,,,,,,3.99,$/3 lb bag,1.33,per lb,Southwest,retail,,,,,,,,178.0,3324,Weekly Grocery Store Specialty Crops Feature Activity,2026-09-26T14:36:16+00:00
05e0e5602104dc88,2016-03-25,Potatoes,YELLOW TYPE,per lb,,,,,No,,,,,,,,0.5,$/per lb,0.5,per lb,Southwest,retail,,,,,,,,13.0,3324,Weekly Grocery Store Specialty Crops Feature Activity,2026-09-26T14:36:16+00:00
706fba0b369120b7,2016-03-25,Strawberries,,1 lb package,,,,,No,,,,,,,,2.05,$/1 lb package,2.05,per lb,Southwest,retail,,,,,,,,1418.0,3324,Weekly Grocery Store Specialty Crops Feature Activity,2026-09-26T14:36:16+00:00
e5267bdf453568e1,2016-03-25,Strawberries,,1 lb package,,,,,Yes,,,,,,,,3.58,$/1 lb package,3.58,per lb,Southwest,retail,,,,,,,,612.0,3324,Weekly Grocery Store Specialty Crops Feature Activity,2026-09-26T14:36:16+00:00
45222ad69bdaebe0,2016-03-25,Strawberries,,2 lb package,,,,,No,,,,,,,,4.68,$/2 lb package,2.34,per lb,Southwest,retail,,,,,,,,718.0,3324,Weekly Grocery Store Specialty Crops Feature Activity,2026-09-26T14:36:16+00:00
b8a213d8b299b1e4,2016-03-25,Tomatoes,,per lb,,,,,No,,,,,,,,1.0,$/per lb,1.0,per lb,Southwest,retail,,,,,,,,340.0,3324,Weekly Grocery Store Specialty Crops Feature Activity,2026-09-26T14:36:16+00:00
72485a0b64d6fa93,2016-03-25,Tomatoes,GRAPE TYPE,1 pint package,,,,,No,,,,,,,,2.15,$/1 pint package,,,Southwest,retail,,,,,,,,154.0,3324,Weekly Grocery Store Specialty Crops Feature Activity,2026-09-26T14:36:16+00:00
cc019e05af4aad49,2016-03-25,Tomatoes,GRAPE TYPE,10 oz package,,,,,No,,,,,,,,1.99,$/10 oz package,3.184,per lb,Southwest,retail,,,,,,,,120.0,3324,Weekly Grocery Store Specialty Crops Feature Activity,2026-09-26T14:36:16+00:00
c06ab1f4d4b727b9,2016-03-25,Tomatoes,Plum Type (Roma),per lb,,,,,No,,,,,,,,0.94,$/per lb,0.94,per lb,Southwest,retail,,,,,,,,272.0,3324,Weekly Grocery Store Specialty Crops Feature Activity,2026-09-26T14:36:16+00:00
bd2a9a02fc4a6168,2016-03-25,Tomatoes,VINE RIPES,per lb,,,,,Yes,,,,,,,,2.49,$/per lb,2.49,per lb,Southwest,retail,,,,,,,,8.0,3324,Weekly Grocery Store Specialty Crops Feature Activity,2026-09-26T14:36:16+00:00
4da72be9e1b7de25,2016-03-25,Tomatoes,VINE RIPES - ON THE VINE,per lb,,,,,No,,,,,,,,2.01,$/per lb,2.01,per lb,Southwest,retail,,,environment=Greenhouse,,,,,1097.0,3324,Weekly Grocery Store Specialty Crops Feature Activity,2026-09-26T14:36:16+00:00
d339e687483b8f6f,2016-03-25,Tomatoes,VINE RIPES - ON THE VINE,per lb,,,,,Yes,,,,,,,,1.98,$/per lb,1.98,per lb,Southwest,retail,,,environment=Greenhouse,,,,,119.0,3324,Weekly Grocery Store Specialty Crops Feature Activity,2026-09-26T14:36:16+00:00
102945eb7d84bde8,2016-03-25,Tomatoes,Vine Ripes - Heirloom Varieties,per lb,,,,,Yes,,,,,,,,3.7,$/per lb,3.7,per lb,Southwest,retail,,,,,,,,14.0,3324,Weekly Grocery Store Specialty Crops Feature Activity,2026-09-26T14:36:16+00:00
