row_id,report_date,commodity,variety,pack_size,count_size,item_size,properties,grade,organic,appearance,condition,quality,low_price,high_price,mostly_low_price,mostly_high_price,unit_price,price_unit,normalized_price,normalized_unit,market,market_type,origin,origin_detail,other_attributes,reporter_comment,market_tone,volume,volume_unit,store_count,report_id,report_title,fetched_at
0259f0e1eeef56f9,2016-02-05,Avocados,HASS,each,,,,,No,,,,,,,,1.7,$/each,1.7,per each,Alaska,retail,,,,,,,,77.0,3324,Weekly Grocery Store Specialty Crops Feature Activity,2026-09-26T14:36:16+00:00
08dc87baae3b0a2a,2016-02-05,Blueberries,,18 oz package,,,,,No,,,,,,,,5.99,$/18 oz package,5.3244,per lb,Alaska,retail,,,,,,,,11.0,3324,Weekly Grocery Store Specialty Crops Feature Activity,2026-09-26T14:36:16+00:00
eabce832783343b0,2016-02-05,Broccoli,,per bunch,,,,,Yes,,,,,,,,3.48,$/per bunch,,,Alaska,retail,,,,,,,,2.0,3324,Weekly Grocery Store Specialty Crops Feature Activity,2026-09-26T14:36:16+00:00
22e4003ab6da0d46,2016-02-05,Broccoli,,per lb,,,,,No,,,,,,,,1.28,$/per lb,1.28,per lb,Alaska,retail,,,,,,,,3.0,3324,Weekly Grocery Store Specialty Crops Feature Activity,2026-09-26T14:36:16+00:00
b511e505c6ba054a,2016-02-05,Broccoli,,per lb,,,,,Yes,,,,,,,,2.49,$/per lb,2.49,per lb,Alaska,retail,,,,,,,,11.0,3324,Weekly Grocery Store Specialty Crops Feature Activity,2026-09-26T14:36:16+00:00
b437266cced5bda6,2016-02-05,Broccoli,CROWN CUT,per lb,,,,,No,,,,,,,,1.98,$/per lb,1.98,per lb,Alaska,retail,,,,,,,,2.0,3324,Weekly Grocery Store Specialty Crops Feature Activity,2026-09-26T14:36:16+00:00
28bab55ce81c58e3,2016-02-05,Carrots,BABY PEELED,1 lb bag,,,,,No,,,,,,,,1.3,$/1 lb bag,1.3,per lb,Alaska,retail,,,,,,,,5.0,3324,Weekly Grocery Store Specialty Crops Feature Activity,2026-09-26T14:36:16+00:00
2cdcdb095184a40f,2016-02-05,Carrots,BABY PEELED,1 lb bag,,,,,Yes,,,,,,,,2.25,$/1 lb bag,2.25,per lb,Alaska,retail,,,,,,,,38.0,3324,Weekly Grocery Store Specialty Crops Feature Activity,2026-09-26T14:36:16+00:00
ec5df2689039f794,2016-02-05,Carrots,BABY PEELED,2 lb bag,,,,,No,,,,,,,,2.42,$/2 lb bag,1.21,per lb,Alaska,retail,,,,,,,,6.0,3324,Weekly Grocery Store Specialty Crops Feature Activity,2026-09-26T14:36:16+00:00
5a0efaa7de028bfa,2016-02-05,Celery,,each,,,,,Yes,,,,,,,,2.98,$/each,2.98,per each,Alaska,retail,,,,,,,,2.0,3324,Weekly Grocery Store Specialty Crops Feature Activity,2026-09-26T14:36:16+00:00
c20f27794081af82,2016-02-05,Grapes,RED SEEDLESS,per lb,,,,,No,,,,,,,,3.99,$/per lb,3.99,per lb,Alaska,retail,,,,,,,,27.0,3324,Weekly Grocery Store Specialty Crops Feature Activity,2026-09-26T14:36:16+00:00
70dfa5a96577659c,2016-02-05,Grapes,WHITE SEEDLESS TYPE,per lb,,,,,No,,,,,,,,3.99,$/per lb,3.99,per lb,Alaska,retail,,,,,,,,27.0,3324,Weekly Grocery Store Specialty Crops Feature Activity,2026-09-26T14:36:16+00:00
6ee82724820cdbc4,2016-02-05,Lemons,,each,,,,,Yes,,,,,,,,0.88,$/each,0.88,per each,Alaska,retail,,,,,,,,2.0,3324,Weekly Grocery Store Specialty Crops Feature Activity,2026-09-26T14:36:16+00:00
ecbf1b3ae89eae90,2016-02-05,Lemons,,each,,,,,No,,,,,,,,1.15,$/each,1.15,per each,Alaska,retail,,,,,,,,32.0,3324,Weekly Grocery Store Specialty Crops Feature Activity,2026-09-26T14:36:16+00:00
b97b37ef7f236a25,2016-02-05,Lettuce,Boston,each,,,,,No,,,,,,,,2.48,$/each,2.48,per each,Alaska,retail,,,environment=Greenhouse,,,,,2.0,3324,Weekly Grocery Store Specialty Crops Feature Activity,2026-09-26T14:36:16+00:00
536b11381ccde420,2016-02-05,Limes,,each,,,,,No,,,,,,,,0.35,$/each,0.35,per each,Alaska,retail,,,,,,,,32.0,3324,Weekly Grocery Store Specialty Crops Feature Activity,2026-09-26T14:36:16+00:00
c3c775ea59258382,2016-02-05,"Onions, Dry",WHITE,per lb,,,,,No,,,,,,,,0.88,$/per lb,0.88,per lb,Alaska,retail,,,,,,,,2.0,3324,Weekly Grocery Store Specialty Crops Feature Activity,2026-09-26T14:36:16+00:00
c099491673ba7eac,2016-02-05,"Onions, Dry",YELLOW,3 lb bag,,,,,Yes,,,,,,,,3.99,$/3 lb bag,1.33,per lb,Alaska,retail,,,,,,,,27.0,3324,Weekly Grocery Store Specialty Crops Feature Activity,2026-09-26T14:36:16+00:00
f8a4a94887a37f63,2016-02-05,"Onions, Dry",YELLOW,per lb,,,,,Yes,,,,,,,,1.49,$/per lb,1.49,per lb,Alaska,retail,,,,,,,,11.0,3324,Weekly Grocery Store Specialty Crops Feature Activity,2026-09-26T14:36:16+00:00
fd295b0937b09b50,2016-02-05,"Onions, Dry",YELLOW,per lb,,,,,No,,,,,,,,1.69,$/per lb,1.69,per lb,Alaska,retail,,,,,,,,28.0,3324,Weekly Grocery Store Specialty Crops Feature Activity,2026-09-26T14:36:16+00:00
3cab0dca7a0eefff,2016-02-05,Potatoes,ROUND RED,per lb,,,,,No,,,,,,,,0.88,$/per lb,0.88,per lb,Alaska,retail,,,,,,,,2.0,3324,Weekly Grocery Store Specialty Crops Feature Activity,2026-09-26T14:36:16+00:00
64f2e9bb6fad1885,2016-02-05,Potatoes,RUSSET,10 lb bag,,,,,No,,,,,,,,4.49,$/10 lb bag,0.449,per lb,Alaska,retail,,,,,,,,33.0,3324,Weekly Grocery Store Specialty Crops Feature Activity,2026-09-26T14:36:16+00:00
3b6cfc1cc5f9c54b,2016-02-05,Potatoes,RUSSET,per lb,,,,,No,,,,,,,,1.32,$/per lb,1.32,per lb,Alaska,retail,,,,,,,,31.0,3324,Weekly Grocery Store Specialty Crops Feature Activity,2026-09-26T14:36:16+00:00
814c327012a31e19,2016-02-05,Strawberries,,1 lb package,,,,,No,,,,,,,,4.99,$/1 lb package,4.99,per lb,Alaska,retail,,,,,,,,27.0,3324,Weekly Grocery Store Specialty Crops Feature Activity,2026-09-26T14:36:16+00:00
46c196a1d1c0a2e8,2016-02-05,Tomatoes,GRAPE TYPE,1 pint package,,,,,No,,,,,,,,3.28,$/1 pint package,,,Alaska,retail,,,,,,,,2.0,3324,Weekly Grocery Store Specialty Crops Feature Activity,2026-09-26T14:36:16+00:00
ac798573a8e8c1f7,2016-02-05,Tomatoes,GRAPE TYPE,10 oz package,,,,,Yes,,,,,,,,2.5,$/10 oz package,4.0,per lb,Alaska,retail,,,,,,,,11.0,3324,Weekly Grocery Store Specialty Crops Feature Activity,2026-09-26T14:36:16+00:00
d67611f71a8ee273,2016-02-05,Tomatoes,Plum Type (Roma),per lb,,,,,No,,,,,,,,1.26,$/per lb,1.26,per lb,Alaska,retail,,,,,,,,5.0,3324,Weekly Grocery Store Specialty Crops Feature Activity,2026-09-26T14:36:16+00:00
4f875c6f9d98b8dd,2016-02-05,Tomatoes,VINE RIPES - ON THE VINE,per lb,,,,,No,,,,,,,,2.99,$/per lb,2.99,per lb,Alaska,retail,,,environment=Greenhouse,,,,,27.0,3324,Weekly Grocery Store Specialty Crops Feature Activity,2026-09-26T14:36:16+00:00
f3eed7275ff5f407,2016-02-05,Avocados,HASS,each,,,,,No,,,,,,,,1.26,$/each,1.26,per each,Hawaii,retail,,,,,,,,58.0,3324,Weekly Grocery Store Specialty Crops Feature Activity,2026-09-26T14:36:16+00:00
af2a74034cee10fa,2016-02-05,Avocados,VARIOUS GREENSKIN VARIETIES,per lb,,,,,No,,,,,,,,2.69,$/per lb,2.69,per lb,Hawaii,retail,,,,,,,,34.0,3324,Weekly Grocery Store Specialty Crops Feature Activity,2026-09-26T14:36:16+00:00
28fa1c10d6ef0848,2016-02-05,Bananas,,per lb,,,,,No,,,,,,,,0.87,$/per lb,0.87,per lb,Hawaii,retail,,,,,,,,3.0,3324,Weekly Grocery Store Specialty Crops Feature Activity,2026-09-26T14:36:16+00:00
2374c3cff0c325a3,2016-02-05,Blueberries,,1 pint package,,,,,No,,,,,,,,3.33,$/1 pint package,,,Hawaii,retail,,,,,,,,3.0,3324,Weekly Grocery Store Specialty Crops Feature Activity,2026-09-26T14:36:16+00:00
83598d9b7c41c252,2016-02-05,Blueberries,,18 oz package,,,,,No,,,,,,,,8.29,$/18 oz package,7.3689,per lb,Hawaii,retail,,,,,,,,34.0,3324,Weekly Grocery Store Specialty Crops Feature Activity,2026-09-26T14:36:16+00:00
8b2f218289f77af1,2016-02-05,Broccoli,CROWN CUT,per lb,,,,,No,,,,,,,,2.63,$/per lb,2.63,per lb,Hawaii,retail,,,,,,,,54.0,3324,Weekly Grocery Store Specialty Crops Feature Activity,2026-09-26T14:36:16+00:00
f06726410a0209ad,2016-02-05,Carrots,,2 lb bag,,,,,No,,,,,,,,2.29,$/2 lb bag,1.145,per lb,Hawaii,retail,,,,,,,,3.0,3324,Weekly Grocery Store Specialty Crops Feature Activity,2026-09-26T14:36:16+00:00
edf9b628a9d9c5e2,2016-02-05,Carrots,,per lb,,,,,No,,,,,,,,1.39,$/per lb,1.39,per lb,Hawaii,retail,,,,,,,,24.0,3324,Weekly Grocery Store Specialty Crops Feature Activity,2026-09-26T14:36:16+00:00
8871cd7106046b6c,2016-02-05,Carrots,BABY PEELED,1 lb bag,,,,,Yes,,,,,,,,3.29,$/1 lb bag,3.29,per lb,Hawaii,retail,,,,,,,,27.0,3324,Weekly Grocery Store Specialty Crops Feature Activity,2026-09-26T14:36:16+00:00
dc315a1b63e911a4,2016-02-05,Carrots,BABY PEELED,1 lb bag,,,,,No,,,,,,,,2.15,$/1 lb bag,2.15,per lb,Hawaii,retail,,,,,,,,44.0,3324,Weekly Grocery Store Specialty Crops Feature Activity,2026-09-26T14:36:16+00:00
6b43e506c4cf7603,2016-02-05,Celery,,per lb,,,,,No,,,,,,,,1.99,$/per lb,1.99,per lb,Hawaii,retail,,,,,,,,3.0,3324,Weekly Grocery Store Specialty Crops Feature Activity,2026-09-26T14:36:16+00:00
2d8f5f598a993098,2016-02-05,Cucumbers,,per lb,,,,,No,,,,,,,,1.97,$/per lb,1.97,per lb,Hawaii,retail,,,,,,,,64.0,3324,Weekly Grocery Store Specialty Crops Feature Activity,2026-09-26T14:36:16+00:00
3c991faf9406c802,2016-02-05,Grapes,WHITE SEEDLESS TYPE,per lb,,,,,No,,,,,,,,3.99,$/per lb,3.99,per lb,Hawaii,retail,,,,,,,,3.0,3324,Weekly Grocery Store Specialty Crops Feature Activity,2026-09-26T14:36:16+00:00
bf0f38bf6a984538,2016-02-05,Lettuce,Green Leaf,each,,,,,No,,,,,,,,2.99,$/each,2.99,per each,Hawaii,retail,,,,,,,,24.0,3324,Weekly Grocery Store Specialty Crops Feature Activity,2026-09-26T14:36:16+00:00
ddd5791444397efa,2016-02-05,Lettuce,Red Leaf,each,,,,,No,,,,,,,,2.29,$/each,2.29,per each,Hawaii,retail,,,,,,,,24.0,3324,Weekly Grocery Store Specialty Crops Feature Activity,2026-09-26T14:36:16+00:00
d468f4732d8ba466,2016-02-05,Lettuce,Romaine,per lb,,,,,No,,,,,,,,2.07,$/per lb,2.07,per lb,Hawaii,retail,,,,,,,,37.0,3324,Weekly Grocery Store Specialty Crops Feature Activity,2026-09-26T14:36:16+00:00
1883dca2624dade1,2016-02-05,"Onions, Dry",YELLOW,per lb,,,,,No,,,,,,,,1.68,$/per lb,1.68,per lb,Hawaii,retail,,,,,,,,27.0,3324,Weekly Grocery Store Specialty Crops Feature Activity,2026-09-26T14:36:16+00:00
0889bca4a2f8bd42,2016-02-05,"Peppers, Bell Type",GREEN,per lb,,,,,No,,,,,,,,2.38,$/per lb,2.38,per lb,Hawaii,retail,,,,,,,,70.0,3324,Weekly Grocery Store Specialty Crops Feature Activity,2026-09-26T14:36:16+00:00
001a60be5f3157f2,2016-02-05,Potatoes,ROUND RED,per lb,,,,,No,,,,,,,,1.39,$/per lb,1.39,per lb,Hawaii,retail,,,,,,,,24.0,3324,Weekly Grocery Store Specialty Crops Feature Activity,2026-09-26T14:36:16+00:00
a96a5b6eb2415fd4,2016-02-05,Potatoes,RUSSET,per lb,,,,,No,,,,,,,,1.75,$/per lb,1.75,per lb,Hawaii,retail,,,,,,,,36.0,3324,Weekly Grocery Store Specialty Crops Feature Activity,2026-09-26T14:36:16+00:00
956f870d8362e2ac,2016-02-05,Potatoes,YELLOW TYPE,per lb,,,,,No,,,,,,,,1.39,$/per lb,1.39,per lb,Hawaii,retail,,,,,,,,24.0,3324,Weekly Grocery Store Specialty Crops Feature Activity,2026-09-26T14:36:16+00:00
48094cfc6cdfda79,2016-02-05,Strawberries,,1 lb package,,,,,No,,,,,,,,5.29,$/1 lb package,5.29,per lb,Hawaii,retail,,,,,,,,34.0,3324,Weekly Grocery Store Specialty Crops Feature Activity,2026-09-26T14:36:16+00:00
e28060c4d94bebe1,2016-02-05,Tomatoes,,per lb,,,,,No,,,,,,,,3.69,$/per lb,3.69,per lb,Hawaii,retail,,,,,,,,34.0,3324,Weekly Grocery Store Specialty Crops Feature Activity,2026-09-26T14:36:16+00:00
2a37b385db0d3e7e,2016-02-05,Tomatoes,GRAPE TYPE,1 pint package,,,,,Yes,,,,,,,,3.0,$/1 pint package,,,Hawaii,retail,,,,,,,,3.0,3324,Weekly Grocery Store Specialty Crops Feature Activity,2026-09-26T14:36:16+00:00
693c98f1e1d1ed33,2016-02-05,Tomatoes,GRAPE TYPE,10 oz package,,,,,No,,,,,,,,2.99,$/10 oz package,4.784,per lb,Hawaii,retail,,,,,,,,24.0,3324,Weekly Grocery Store Specialty Crops Feature Activity,2026-09-26T14:36:16+00:00
615bd7dd0e0ddc7f,2016-02-05,Tomatoes,VINE RIPES - ON THE VINE,per lb,,,,,No,,,,,,,,1.87,$/per lb,1.87,per lb,Hawaii,retail,,,environment=Greenhouse,,,,,3.0,3324,Weekly Grocery Store Specialty Crops Feature Activity,2026-09-26T14:36:16+00:00
8d7ec88f66459537,2016-02-05,Avocados,HASS,each,,,,,Yes,,,,,,,,1.44,$/each,1.44,per each,Midwest,retail,,,,,,,,607.0,3324,Weekly Grocery Store Specialty Crops Feature Activity,2026-09-26T14:36:16+00:00
a63011eb2fbcef67,2016-02-05,Avocados,HASS,each,,,,,No,,,,,,,,0.81,$/each,0.81,per each,Midwest,retail,,,,,,,,4563.0,3324,Weekly Grocery Store Specialty Crops Feature Activity,2026-09-26T14:36:16+00:00
a9f1505e328b1b80,2016-02-05,Avocados,VARIOUS GREENSKIN VARIETIES,each,,,,,No,,,,,,,,1.04,$/each,1.04,per each,Midwest,retail,,,,,,,,287.0,3324,Weekly Grocery Store Specialty Crops Feature Activity,2026-09-26T14:36:16+00:00
19c26c91dcf955f4,2016-02-05,Bananas,,per lb,,,,,Yes,,,,,,,,0.96,$/per lb,0.96,per lb,Midwest,retail,,,,,,,,57.0,3324,Weekly Grocery Store Specialty Crops Feature Activity,2026-09-26T14:36:16+00:00
a96940575845365b,2016-02-05,Bananas,,per lb,,,,,No,,,,,,,,0.44,$/per lb,0.44,per lb,Midwest,retail,,,,,,,,107.0,3324,Weekly Grocery Store Specialty Crops Feature Activity,2026-09-26T14:36:16+00:00
975e0aac4806d1c0,2016-02-05,Blueberries,,1 pint package,,,,,No,,,,,,,,3.16,$/1 pint package,,,Midwest,retail,,,,,,,,978.0,3324,Weekly Grocery Store Specialty Crops Feature Activity,2026-09-26T14:36:16+00:00
4d7e5905c1d5cc75,2016-02-05,Blueberries,,18 oz package,,,,,No,,,,,,,,6.99,$/18 oz package,6.2133,per lb,Midwest,retail,,,,,,,,26.0,3324,Weekly Grocery Store Specialty Crops Feature Activity,2026-09-26T14:36:16+00:00
030d1beb80ac0387,2016-02-05,Blueberries,,6 oz package,,,,,No,,,,,,,,3.23,$/6 oz package,8.6133,per lb,Midwest,retail,,,,,,,,155.0,3324,Weekly Grocery Store Specialty Crops Feature Activity,2026-09-26T14:36:16+00:00
7950c2f8784b3638,2016-02-05,Broccoli,,per bunch,,,,,No,,,,,,,,1.77,$/per bunch,,,Midwest,retail,,,,,,,,155.0,3324,Weekly Grocery Store Specialty Crops Feature Activity,2026-09-26T14:36:16+00:00
8c4ab7281b11d729,2016-02-05,Broccoli,,per lb,,,,,Yes,,,,,,,,1.99,$/per lb,1.99,per lb,Midwest,retail,,,,,,,,12.0,3324,Weekly Grocery Store Specialty Crops Feature Activity,2026-09-26T14:36:16+00:00
c1a20d24ae892c1c,2016-02-05,Broccoli,,per lb,,,,,No,,,,,,,,1.48,$/per lb,1.48,per lb,Midwest,retail,,,,,,,,4.0,3324,Weekly Grocery Store Specialty Crops Feature Activity,2026-09-26T14:36:16+00:00
77788530f629704f,2016-02-05,Broccoli,CROWN CUT,per lb,,,,,Yes,,,,,,,,0.99,$/per lb,0.99,per lb,Midwest,retail,,,,,,,,10.0,3324,Weekly Grocery Store Specialty Crops Feature Activity,2026-09-26T14:36:16+00:00
7f345ee890db9e3a,2016-02-05,Broccoli,CROWN CUT,per lb,,,,,No,,,,,,,,1.31,$/per lb,1.31,per lb,Midwest,retail,,,,,,,,555.0,3324,Weekly Grocery Store Specialty Crops Feature Activity,2026-09-26T14:36:16+00:00
204bcc2c4d74ea9c,2016-02-05,Carrots,,1 lb bag,,,,,No,,,,,,,,1.12,$/1 lb bag,1.12,per lb,Midwest,retail,,,,,,,,118.0,3324,Weekly Grocery Store Specialty Crops Feature Activity,2026-09-26T14:36:16+00:00
77cc7576b878710e,2016-02-05,Carrots,,2 lb bag,,,,,No,,,,,,,,1.53,$/2 lb bag,0.765,per lb,Midwest,retail,,,,,,,,148.0,3324,Weekly Grocery Store Specialty Crops Feature Activity,2026-09-26T14:36:16+00:00
62df980ac6d6430a,2016-02-05,Carrots,BABY PEELED,1 lb bag,,,,,Yes,,,,,,,,1.61,$/1 lb bag,1.61,per lb,Midwest,retail,,,,,,,,105.0,3324,Weekly Grocery Store Specialty Crops Feature Activity,2026-09-26T14:36:16+00:00
7685ab6558683bf1,2016-02-05,Carrots,BABY PEELED,1 lb bag,,,,,No,,,,,,,,1.03,$/1 lb bag,1.03,per lb,Midwest,retail,,,,,,,,2870.0,3324,Weekly Grocery Store Specialty Crops Feature Activity,2026-09-26T14:36:16+00:00
6bd67e36a8fa976e,2016-02-05,Carrots,BABY PEELED,2 lb bag,,,,,No,,,,,,,,2.45,$/2 lb bag,1.225,per lb,Midwest,retail,,,,,,,,365.0,3324,Weekly Grocery Store Specialty Crops Feature Activity,2026-09-26T14:36:16+00:00
107404ef4949024c,2016-02-05,Celery,,each,,,,,No,,,,,,,,0.85,$/each,0.85,per each,Midwest,retail,,,,,,,,665.0,3324,Weekly Grocery Store Specialty Crops Feature Activity,2026-09-26T14:36:16+00:00
fe251d5cb38fa4f8,2016-02-05,Celery,,each,,,,,Yes,,,,,,,,1.49,$/each,1.49,per each,Midwest,retail,,,,,,,,7.0,3324,Weekly Grocery Store Specialty Crops Feature Activity,2026-09-26T14:36:16+00:00
3b5739fe7db1b72f,2016-02-05,Celery,,per lb,,,,,Yes,,,,,,,,0.99,$/per lb,0.99,per lb,Midwest,retail,,,,,,,,5.0,3324,Weekly Grocery Store Specialty Crops Feature Activity,2026-09-26T14:36:16+00:00
1cc76a252396f84a,2016-02-05,Celery,HEARTS,per lb,,,,,No,,,,,,,,2.29,$/per lb,2.29,per lb,Midwest,retail,,,,,,,,3.0,3324,Weekly Grocery Store Specialty Crops Feature Activity,2026-09-26T14:36:16+00:00
a733588d382723e2,2016-02-05,Cucumbers,,each,,,,,No,,,,,,,,0.56,$/each,0.56,per each,Midwest,retail,,,,,,,,77.0,3324,Weekly Grocery Store Specialty Crops Feature Activity,2026-09-26T14:36:16+00:00
229b53408d4c1c6c,2016-02-05,Cucumbers,,per lb,,,,,No,,,,,,,,0.49,$/per lb,0.49,per lb,Midwest,retail,,,,,,,,6.0,3324,Weekly Grocery Store Specialty Crops Feature Activity,2026-09-26T14:36:16+00:00
a5f67754e6400483,2016-02-05,Cucumbers,LONG SEEDLESS,each,,,,,No,,,,,,,,1.7,$/each,1.7,per each,Midwest,retail,,,environment=Greenhouse,,,,,304.0,3324,Weekly Grocery Store Specialty Crops Feature Activity,2026-09-26T14:36:16+00:00
176f43e1263a1e70,2016-02-05,Cucumbers,LONG SEEDLESS,per lb,,,,,No,,,,,,,,0.49,$/per lb,0.49,per lb,Midwest,retail,,,environment=Greenhouse,,,,,8.0,3324,Weekly Grocery Store Specialty Crops Feature Activity,2026-09-26T14:36:16+00:00
0b58b35b4277b5a1,2016-02-05,Grapes,BLACK SEEDLESS,per lb,,,,,No,,,,,,,,2.69,$/per lb,2.69,per lb,Midwest,retail,,,,,,,,19.0,3324,Weekly Grocery Store Specialty Crops Feature Activity,2026-09-26T14:36:16+00:00
f5c644becd63b046,2016-02-05,Grapes,RED SEEDLESS,per lb,,,,,No,,,,,,,,2.46,$/per lb,2.46,per lb,Midwest,retail,,,,,,,,1494.0,3324,Weekly Grocery Store Specialty Crops Feature Activity,2026-09-26T14:36:16+00:00
54ef3107d07ca102,2016-02-05,Grapes,Red Globe Seeded Type,per lb,,,,,No,,,,,,,,2.42,$/per lb,2.42,per lb,Midwest,retail,,,,,,,,163.0,3324,Weekly Grocery Store Specialty Crops Feature Activity,2026-09-26T14:36:16+00:00
4a698f820b3f86e7,2016-02-05,Grapes,WHITE SEEDLESS TYPE,per lb,,,,,No,,,,,,,,2.27,$/per lb,2.27,per lb,Midwest,retail,,,,,,,,872.0,3324,Weekly Grocery Store Specialty Crops Feature Activity,2026-09-26T14:36:16+00:00
13ff0126dc505bd3,2016-02-05,Lemons,,2 lb bag,,,,,Yes,,,,,,,,3.23,$/2 lb bag,1.615,per lb,Midwest,retail,,,,,,,,131.0,3324,Weekly Grocery Store Specialty Crops Feature Activity,2026-09-26T14:36:16+00:00
8a6645d64c0642ca,2016-02-05,Lemons,,2 lb bag,,,,,No,,,,,,,,2.41,$/2 lb bag,1.205,per lb,Midwest,retail,,,,,,,,371.0,3324,Weekly Grocery Store Specialty Crops Feature Activity,2026-09-26T14:36:16+00:00
27624bc317ff5294,2016-02-05,Lemons,,each,,,,,No,,,,,,,,0.55,$/each,0.55,per each,Midwest,retail,,,,,,,,581.0,3324,Weekly Grocery Store Specialty Crops Feature Activity,2026-09-26T14:36:16+00:00
ea56149f21d859df,2016-02-05,Lemons,,per lb,,,,,No,,,,,,,,1.7,$/per lb,1.7,per lb,Midwest,retail,,,,,,,,20.0,3324,Weekly Grocery Store Specialty Crops Feature Activity,2026-09-26T14:36:16+00:00
a238e498ff664c60,2016-02-05,Lettuce,Green Leaf,each,,,,,No,,,,,,,,0.99,$/each,0.99,per each,Midwest,retail,,,,,,,,10.0,3324,Weekly Grocery Store Specialty Crops Feature Activity,2026-09-26T14:36:16+00:00
d177fa0b33ed7935,2016-02-05,Lettuce,Green Leaf,each,,,,,Yes,,,,,,,,1.16,$/each,1.16,per each,Midwest,retail,,,,,,,,19.0,3324,Weekly Grocery Store Specialty Crops Feature Activity,2026-09-26T14:36:16+00:00
d1dc7432d07e2335,2016-02-05,Lettuce,Green Leaf,per lb,,,,,No,,,,,,,,1.67,$/per lb,1.67,per lb,Midwest,retail,,,,,,,,118.0,3324,Weekly Grocery Store Specialty Crops Feature Activity,2026-09-26T14:36:16+00:00
17130a473b06ee1a,2016-02-05,Lettuce,Iceberg,each,,,,,Yes,,,,,,,,1.49,$/each,1.49,per each,Midwest,retail,,,,,,,,7.0,3324,Weekly Grocery Store Specialty Crops Feature Activity,2026-09-26T14:36:16+00:00
3224b439e36bd6d9,2016-02-05,Lettuce,Iceberg,each,,,,,No,,,,,,,,1.08,$/each,1.08,per each,Midwest,retail,,,,,,,,207.0,3324,Weekly Grocery Store Specialty Crops Feature Activity,2026-09-26T14:36:16+00:00
8e2301ace9ca5670,2016-02-05,Lettuce,Red Leaf,each,,,,,Yes,,,,,,,,1.16,$/each,1.16,per each,Midwest,retail,,,,,,,,19.0,3324,Weekly Grocery Store Specialty Crops Feature Activity,2026-09-26T14:36:16+00:00
a39d6180cfe47573,2016-02-05,Lettuce,Red Leaf,each,,,,,No,,,,,,,,0.99,$/each,0.99,per each,Midwest,retail,,,,,,,,10.0,3324,Weekly Grocery Store Specialty Crops Feature Activity,2026-09-26T14:36:16+00:00
dfaf0a6629ab7cc2,2016-02-05,Lettuce,Red Leaf,per lb,,,,,No,,,,,,,,1.67,$/per lb,1.67,per lb,Midwest,retail,,,,,,,,118.0,3324,Weekly Grocery Store Specialty Crops Feature Activity,2026-09-26T14:36:16+00:00
bd7bb635b245fdfc,2016-02-05,Lettuce,Romaine,each,,,,,No,,,,,,,,0.83,$/each,0.83,per each,Midwest,retail,,,,,,,,16.0,3324,Weekly Grocery Store Specialty Crops Feature Activity,2026-09-26T14:36:16+00:00
e10ac79849d39a6d,2016-02-05,Lettuce,Romaine,each,,,,,Yes,,,,,,,,0.99,$/each,0.99,per each,Midwest,retail,,,,,,,,7.0,3324,Weekly Grocery Store Specialty Crops Feature Activity,2026-09-26T14:36:16+00:00
cd8a0d3adba69024,2016-02-05,Lettuce,Romaine,per lb,,,,,No,,,,,,,,1.49,$/per lb,1.49,per lb,Midwest,retail,,,,,,,,12.0,3324,Weekly Grocery Store Specialty Crops Feature Activity,2026-09-26T14:36:16+00:00
467b0faf09b92a60,2016-02-05,Lettuce,Romaine (Hearts),3 count,,,,,Yes,,,,,,,,2.71,$/3 count,,,Midwest,retail,,,,,,,,91.0,3324,Weekly Grocery Store Specialty Crops Feature Activity,2026-09-26T14:36:16+00:00
ed0c090c313accd9,2016-02-05,Lettuce,Romaine (Hearts),3 count,,,,,No,,,,,,,,2.68,$/3 count,,,Midwest,retail,,,,,,,,76.0,3324,Weekly Grocery Store Specialty Crops Feature Activity,2026-09-26T14:36:16+00:00
4241f79e6e0bd5a4,2016-02-05,Limes,,each,,,,,No,,,,,,,,0.37,$/each,0.37,per each,Midwest,retail,,,,,,,,757.0,3324,Weekly Grocery Store Specialty Crops Feature Activity,2026-09-26T14:36:16+00:00
d7dd75265b95cedd,2016-02-05,Limes,,per lb,,,,,No,,,,,,,,1.44,$/per lb,1.44,per lb,Midwest,retail,,,,,,,,26.0,3324,Weekly Grocery Store Specialty Crops Feature Activity,2026-09-26T14:36:16+00:00
d33e46f99344e4de,2016-02-05,"Onions, Dry",RED,2 lb bag,,,,,No,,,,,,,,1.87,$/2 lb bag,0.935,per lb,Midwest,retail,,,,,,,,257.0,3324,Weekly Grocery Store Specialty Crops Feature Activity,2026-09-26T14:36:16+00:00
5a9a5f982d26b516,2016-02-05,"Onions, Dry",RED,per lb,,,,,No,,,,,,,,1.02,$/per lb,1.02,per lb,Midwest,retail,,,,,,,,366.0,3324,Weekly Grocery Store Specialty Crops Feature Activity,2026-09-26T14:36:16+00:00
9424e0fe6cd89eee,2016-02-05,"Onions, Dry",WHITE,2 lb bag,,,,,No,,,,,,,,1.87,$/2 lb bag,0.935,per lb,Midwest,retail,,,,,,,,257.0,3324,Weekly Grocery Store Specialty Crops Feature Activity,2026-09-26T14:36:16+00:00
14ee9be02f9de23a,2016-02-05,"Onions, Dry",WHITE,per lb,,,,,No,,,,,,,,0.92,$/per lb,0.92,per lb,Midwest,retail,,,,,,,,357.0,3324,Weekly Grocery Store Specialty Crops Feature Activity,2026-09-26T14:36:16+00:00
2b02aedf2c6f913f,2016-02-05,"Onions, Dry",YELLOW,2 lb bag,,,,,Yes,,,,,,,,2.49,$/2 lb bag,1.245,per lb,Midwest,retail,,,,,,,,106.0,3324,Weekly Grocery Store Specialty Crops Feature Activity,2026-09-26T14:36:16+00:00
bd4d38191e5b1b53,2016-02-05,"Onions, Dry",YELLOW,2 lb bag,,,,,No,,,,,,,,0.99,$/2 lb bag,0.495,per lb,Midwest,retail,,,,,,,,122.0,3324,Weekly Grocery Store Specialty Crops Feature Activity,2026-09-26T14:36:16+00:00
09c9ca57364ff18d,2016-02-05,"Onions, Dry",YELLOW,3 lb bag,,,,,Yes,,,,,,,,3.99,$/3 lb bag,1.33,per lb,Midwest,retail,,,,,,,,9.0,3324,Weekly Grocery Store Specialty Crops Feature Activity,2026-09-26T14:36:16+00:00
c1a2e58338369362,2016-02-05,"Onions, Dry",YELLOW,3 lb bag,,,,,No,,,,,,,,1.47,$/3 lb bag,0.49,per lb,Midwest,retail,,,,,,,,732.0,3324,Weekly Grocery Store Specialty Crops Feature Activity,2026-09-26T14:36:16+00:00
2fccad9385ada6c0,2016-02-05,"Onions, Dry",YELLOW,5 lb bag,,,,,No,,,,,,,,2.8,$/5 lb bag,0.56,per lb,Midwest,retail,,,,,,,,35.0,3324,Weekly Grocery Store Specialty Crops Feature Activity,2026-09-26T14:36:16+00:00
6a888a801cb6841c,2016-02-05,"Onions, Dry",YELLOW,per lb,,,,,No,,,,,,,,0.86,$/per lb,0.86,per lb,Midwest,retail,,,,,,,,127.0,3324,Weekly Grocery Store Specialty Crops Feature Activity,2026-09-26T14:36:16+00:00
2cfa388016e79da7,2016-02-05,"Onions, Dry",YELLOW MARKED SWEET,2 lb bag,,,,,No,,,,,,,,1.89,$/2 lb bag,0.945,per lb,Midwest,retail,,,,,,,,256.0,3324,Weekly Grocery Store Specialty Crops Feature Activity,2026-09-26T14:36:16+00:00
540dd814c7d7d253,2016-02-05,"Onions, Dry",YELLOW MARKED SWEET,per lb,,,,,No,,,,,,,,1.01,$/per lb,1.01,per lb,Midwest,retail,,,,,,,,1329.0,3324,Weekly Grocery Store Specialty Crops Feature Activity,2026-09-26T14:36:16+00:00
11bb8306cf04128c,2016-02-05,"Peppers, Bell Type",GREEN,each,,,,,No,,,,,,,,0.79,$/each,0.79,per each,Midwest,retail,,,,,,,,7.0,3324,Weekly Grocery Store Specialty Crops Feature Activity,2026-09-26T14:36:16+00:00
2aa2bfc2d1b3d3dc,2016-02-05,"Peppers, Bell Type",GREEN,per lb,,,,,No,,,,,,,,1.38,$/per lb,1.38,per lb,Midwest,retail,,,,,,,,34.0,3324,Weekly Grocery Store Specialty Crops Feature Activity,2026-09-26T14:36:16+00:00
0c4ba723b21db730,2016-02-05,"Peppers, Bell Type",ORANGE,each,,,,,No,,,,,,,,1.3,$/each,1.3,per each,Midwest,retail,,,,,,,,214.0,3324,Weekly Grocery Store Specialty Crops Feature Activity,2026-09-26T14:36:16+00:00
cf0468e0857e5d5b,2016-02-05,"Peppers, Bell Type",ORANGE,per lb,,,,,No,,,,,,,,2.92,$/per lb,2.92,per lb,Midwest,retail,,,,,,,,56.0,3324,Weekly Grocery Store Specialty Crops Feature Activity,2026-09-26T14:36:16+00:00
b988a5b0c91fdaee,2016-02-05,"Peppers, Bell Type",RED,each,,,,,No,,,,,,,,1.18,$/each,1.18,per each,Midwest,retail,,,,,,,,474.0,3324,Weekly Grocery Store Specialty Crops Feature Activity,2026-09-26T14:36:16+00:00
26a9d3fac1625d79,2016-02-05,"Peppers, Bell Type",RED,per lb,,,,,Yes,,,,,,,,2.69,$/per lb,2.69,per lb,Midwest,retail,,,,,,,,7.0,3324,Weekly Grocery Store Specialty Crops Feature Activity,2026-09-26T14:36:16+00:00
58b45a152da15204,2016-02-05,"Peppers, Bell Type",RED,per lb,,,,,No,,,,,,,,2.01,$/per lb,2.01,per lb,Midwest,retail,,,,,,,,223.0,3324,Weekly Grocery Store Specialty Crops Feature Activity,2026-09-26T14:36:16+00:00
5a75a871005d2e63,2016-02-05,"Peppers, Bell Type",YELLOW,each,,,,,No,,,,,,,,1.3,$/each,1.3,per each,Midwest,retail,,,,,,,,214.0,3324,Weekly Grocery Store Specialty Crops Feature Activity,2026-09-26T14:36:16+00:00
242a5b41b6ed089b,2016-02-05,"Peppers, Bell Type",YELLOW,per lb,,,,,No,,,,,,,,2.92,$/per lb,2.92,per lb,Midwest,retail,,,,,,,,56.0,3324,Weekly Grocery Store Specialty Crops Feature Activity,2026-09-26T14:36:16+00:00
986660d0e8a7d278,2016-02-05,"Peppers, Bell Type",YELLOW,per lb,,,,,Yes,,,,,,,,2.69,$/per lb,2.69,per lb,Midwest,retail,,,,,,,,7.0,3324,Weekly Grocery Store Specialty Crops Feature Activity,2026-09-26T14:36:16+00:00
52cf18c5a0359e0d,2016-02-05,Potatoes,ROUND RED,3 lb bag,,,,,Yes,,,,,,,,2.51,$/3 lb bag,0.8367,per lb,Midwest,retail,,,,,,,,25.0,3324,Weekly Grocery Store Specialty Crops Feature Activity,2026-09-26T14:36:16+00:00
964e401f38f8d450,2016-02-05,Potatoes,ROUND RED,3 lb bag,,,,,No,,,,,,,,2.78,$/3 lb bag,0.9267,per lb,Midwest,retail,,,,,,,,49.0,3324,Weekly Grocery Store Specialty Crops Feature Activity,2026-09-26T14:36:16+00:00
c4020d706745d482,2016-02-05,Potatoes,ROUND RED,5 lb bag,,,,,No,,,,,,,,2.38,$/5 lb bag,0.476,per lb,Midwest,retail,,,,,,,,557.0,3324,Weekly Grocery Store Specialty Crops Feature Activity,2026-09-26T14:36:16+00:00
82a22e955ea15647,2016-02-05,Potatoes,RUSSET,10 lb bag,,,,,No,,,,,,,,3.2,$/10 lb bag,0.32,per lb,Midwest,retail,,,,,,,,605.0,3324,Weekly Grocery Store Specialty Crops Feature Activity,2026-09-26T14:36:16+00:00
29599a0a69193e0e,2016-02-05,Potatoes,RUSSET,3 lb bag,,,,,Yes,,,,,,,,2.55,$/3 lb bag,0.85,per lb,Midwest,retail,,,,,,,,221.0,3324,Weekly Grocery Store Specialty Crops Feature Activity,2026-09-26T14:36:16+00:00
5fb159e18a6bfec4,2016-02-05,Potatoes,RUSSET,3 lb bag,,,,,No,,,,,,,,1.07,$/3 lb bag,0.3567,per lb,Midwest,retail,,,,,,,,20.0,3324,Weekly Grocery Store Specialty Crops Feature Activity,2026-09-26T14:36:16+00:00
6e5e0102d6179727,2016-02-05,Potatoes,RUSSET,5 lb bag,,,,,No,,,,,,,,2.14,$/5 lb bag,0.428,per lb,Midwest,retail,,,,,,,,744.0,3324,Weekly Grocery Store Specialty Crops Feature Activity,2026-09-26T14:36:16+00:00
d68671300e2abf71,2016-02-05,Potatoes,RUSSET,5 lb bag,,,,,Yes,,,,,,,,4.99,$/5 lb bag,0.998,per lb,Midwest,retail,,,,,,,,9.0,3324,Weekly Grocery Store Specialty Crops Feature Activity,2026-09-26T14:36:16+00:00
2f5422ec0b1b29f3,2016-02-05,Potatoes,RUSSET,8 lb bag,,,,,No,,,,,,,,2.22,$/8 lb bag,0.2775,per lb,Midwest,retail,,,,,,,,47.0,3324,Weekly Grocery Store Specialty Crops Feature Activity,2026-09-26T14:36:16+00:00
0449dd8afa5d887f,2016-02-05,Potatoes,RUSSET,per lb,,,,,No,,,,,,,,0.5,$/per lb,0.5,per lb,Midwest,retail,,,,,,,,92.0,3324,Weekly Grocery Store Specialty Crops Feature Activity,2026-09-26T14:36:16+00:00
a93956b7803f1772,2016-02-05,Potatoes,RUSSET,per lb,,,,,Yes,,,,,,,,1.24,$/per lb,1.24,per lb,Midwest,retail,,,,,,,,8.0,3324,Weekly Grocery Store Specialty Crops Feature Activity,2026-09-26T14:36:16+00:00
e1134f90096a31a0,2016-02-05,Potatoes,YELLOW TYPE,3 lb bag,,,,,Yes,,,,,,,,3.34,$/3 lb bag,1.1133,per lb,Midwest,retail,,,,,,,,133.0,3324,Weekly Grocery Store Specialty Crops Feature Activity,2026-09-26T14:36:16+00:00
f9d8c444679499eb,2016-02-05,Potatoes,YELLOW TYPE,3 lb bag,,,,,No,,,,,,,,2.16,$/3 lb bag,0.72,per lb,Midwest,retail,,,,,,,,44.0,3324,Weekly Grocery Store Specialty Crops Feature Activity,2026-09-26T14:36:16+00:00
06d2a66a55e14cf9,2016-02-05,Potatoes,YELLOW TYPE,5 lb bag,,,,,No,,,,,,,,2.18,$/5 lb bag,0.436,per lb,Midwest,retail,,,,,,,,1073.0,3324,Weekly Grocery Store Specialty Crops Feature Activity,2026-09-26T14:36:16+00:00
c9d6bfe13c7a475e,2016-02-05,Potatoes,YELLOW TYPE,8 lb bag,,,,,No,,,,,,,,0.99,$/8 lb bag,0.1237,per lb,Midwest,retail,,,,,,,,8.0,3324,Weekly Grocery Store Specialty Crops Feature Activity,2026-09-26T14:36:16+00:00
edd50a94ab4fc62b,2016-02-05,Strawberries,,1 lb package,,,,,No,,,,,,,,2.52,$/1 lb package,2.52,per lb,Midwest,retail,,,,,,,,737.0,3324,Weekly Grocery Store Specialty Crops Feature Activity,2026-09-26T14:36:16+00:00
0cc882aef34f1f5c,2016-02-05,Tomatoes,,per lb,,,,,No,,,,,,,,1.59,$/per lb,1.59,per lb,Midwest,retail,,,,,,,,22.0,3324,Weekly Grocery Store Specialty Crops Feature Activity,2026-09-26T14:36:16+00:00
3776264da850ccbc,2016-02-05,Tomatoes,Cherry Type,1 pint package,,,,,No,,,,,,,,2.5,$/1 pint package,,,Midwest,retail,,,,,,,,14.0,3324,Weekly Grocery Store Specialty Crops Feature Activity,2026-09-26T14:36:16+00:00
559d13b3fd208f61,2016-02-05,Tomatoes,GRAPE TYPE,1 pint package,,,,,Yes,,,,,,,,2.88,$/1 pint package,,,Midwest,retail,,,,,,,,80.0,3324,Weekly Grocery Store Specialty Crops Feature Activity,2026-09-26T14:36:16+00:00
b761170520d15848,2016-02-05,Tomatoes,GRAPE TYPE,1 pint package,,,,,No,,,,,,,,1.06,$/1 pint package,,,Midwest,retail,,,,,,,,635.0,3324,Weekly Grocery Store Specialty Crops Feature Activity,2026-09-26T14:36:16+00:00
782f7d23b261b9c5,2016-02-05,Tomatoes,GRAPE TYPE,10 oz package,,,,,Yes,,,,,,,,2.99,$/10 oz package,4.784,per lb,Midwest,retail,,,,,,,,22.0,3324,Weekly Grocery Store Specialty Crops Feature Activity,2026-09-26T14:36:16+00:00
fd388cddb46f5595,2016-02-05,Tomatoes,GRAPE TYPE,10 oz package,,,,,No,,,,,,,,2.05,$/10 oz package,3.28,per lb,Midwest,retail,,,,,,,,104.0,3324,Weekly Grocery Store Specialty Crops Feature Activity,2026-09-26T14:36:16+00:00
28c44c7f424d0745,2016-02-05,Tomatoes,Plum Type (Roma),per lb,,,,,Yes,,,,,,,,0.94,$/per lb,0.94,per lb,Midwest,retail,,,,,,,,14.0,3324,Weekly Grocery Store Specialty Crops Feature Activity,2026-09-26T14:36:16+00:00
69ae6c1794de1636,2016-02-05,Tomatoes,Plum Type (Roma),per lb,,,,,No,,,,,,,,1.29,$/per lb,1.29,per lb,Midwest,retail,,,,,,,,1504.0,3324,Weekly Grocery Store Specialty Crops Feature Activity,2026-09-26T14:36:16+00:00
321ddb5d44298239,2016-02-05,Tomatoes,VINE RIPES,per lb,,,,,No,,,,,,,,1.25,$/per lb,1.25,per lb,Midwest,retail,,,,,,,,19.0,3324,Weekly Grocery Store Specialty Crops Feature Activity,2026-09-26T14:36:16+00:00
a1879fe33a7d58d0,2016-02-05,Tomatoes,VINE RIPES,per lb,,,,,Yes,,,,,,,,3.49,$/per lb,3.49,per lb,Midwest,retail,,,,,,,,22.0,3324,Weekly Grocery Store Specialty Crops Feature Activity,2026-09-26T14:36:16+00:00
d31b1d8502679773,2016-02-05,Tomatoes,VINE RIPES,per lb,,,,,No,,,,,,,,2.99,$/per lb,2.99,per lb,Midwest,retail,,,environment=Greenhouse,,,,,180.0,3324,Weekly Grocery Store Specialty Crops Feature Activity,2026-09-26T14:36:16+00:00
7517903c33c74034,2016-02-05,Tomatoes,VINE RIPES - ON THE VINE,per lb,,,,,No,,,,,,,,2.24,$/per lb,2.24,per lb,Midwest,retail,,,environment=Greenhouse,,,,,93.0,3324,Weekly Grocery Store Specialty Crops Feature Activity,2026-09-26T14:36:16+00:00
0b833dbbda534eb0,2016-02-05,Avocados,HASS,each,,,,,Yes,,,,,,,,1.47,$/each,1.47,per each,National,retail,,,,,,,,2246.0,3324,Weekly Grocery Store Specialty Crops Feature Activity,2026-09-26T14:36:16+00:00
3129a481c192a020,2016-02-05,Avocados,HASS,each,,,,,No,,,,,,,,0.84,$/each,0.84,per each,National,retail,,,,,,,,20635.0,3324,Weekly Grocery Store Specialty Crops Feature Activity,2026-09-26T14:36:16+00:00
8da7c1a9a1ffa501,2016-02-05,Avocados,VARIOUS GREENSKIN VARIETIES,each,,,,,Yes,,,,,,,,1.5,$/each,1.5,per each,National,retail,,,,,,,,9.0,3324,Weekly Grocery Store Specialty Crops Feature Activity,2026-09-26T14:36:16+00:00
a480b90a70ed7877,2016-02-05,Avocados,VARIOUS GREENSKIN VARIETIES,each,,,,,No,,,,,,,,1.05,$/each,1.05,per each,National,retail,,,,,,,,293.0,3324,Weekly Grocery Store Specialty Crops Feature Activity,2026-09-26T14:36:16+00:00
4036deda8ef9a1e3,2016-02-05,Avocados,VARIOUS GREENSKIN VARIETIES,per lb,,,,,No,,,,,,,,2.69,$/per lb,2.69,per lb,National,retail,,,,,,,,34.0,3324,Weekly Grocery Store Specialty Crops Feature Activity,2026-09-26T14:36:16+00:00
65400883bcf468dc,2016-02-05,Bananas,,per lb,,,,,Yes,,,,,,,,0.82,$/per lb,0.82,per lb,National,retail,,,,,,,,1001.0,3324,Weekly Grocery Store Specialty Crops Feature Activity,2026-09-26T14:36:16+00:00
e3226472cc6229a9,2016-02-05,Bananas,,per lb,,,,,No,,,,,,,,0.51,$/per lb,0.51,per lb,National,retail,,,,,,,,995.0,3324,Weekly Grocery Store Specialty Crops Feature Activity,2026-09-26T14:36:16+00:00
5e3cb4bb432c5960,2016-02-05,Blueberries,,1 pint package,,,,,No,,,,,,,,2.96,$/1 pint package,,,National,retail,,,,,,,,5816.0,3324,Weekly Grocery Store Specialty Crops Feature Activity,2026-09-26T14:36:16+00:00
8a99e82d26ee20e5,2016-02-05,Blueberries,,18 oz package,,,,,No,,,,,,,,5.29,$/18 oz package,4.7022,per lb,National,retail,,,,,,,,819.0,3324,Weekly Grocery Store Specialty Crops Feature Activity,2026-09-26T14:36:16+00:00
422246f80b45114f,2016-02-05,Blueberries,,4.4 oz package,,,,,Yes,,,,,,,,3.96,$/4.4 oz package,14.4,per lb,National,retail,,,,,,,,1057.0,3324,Weekly Grocery Store Specialty Crops Feature Activity,2026-09-26T14:36:16+00:00
228086f8d9d979a7,2016-02-05,Blueberries,,6 oz package,,,,,Yes,,,,,,,,3.47,$/6 oz package,9.2533,per lb,National,retail,,,,,,,,133.0,3324,Weekly Grocery Store Specialty Crops Feature Activity,2026-09-26T14:36:16+00:00
a81f77f8a856901e,2016-02-05,Blueberries,,6 oz package,,,,,No,,,,,,,,2.77,$/6 oz package,7.3867,per lb,National,retail,,,,,,,,2219.0,3324,Weekly Grocery Store Specialty Crops Feature Activity,2026-09-26T14:36:16+00:00
5d4bb3f8c79cd8dd,2016-02-05,Broccoli,,per bunch,,,,,Yes,,,,,,,,2.97,$/per bunch,,,National,retail,,,,,,,,478.0,3324,Weekly Grocery Store Specialty Crops Feature Activity,2026-09-26T14:36:16+00:00
838b5aac5a92e928,2016-02-05,Broccoli,,per bunch,,,,,No,,,,,,,,1.84,$/per bunch,,,National,retail,,,,,,,,1174.0,3324,Weekly Grocery Store Specialty Crops Feature Activity,2026-09-26T14:36:16+00:00
1d6bca9487fd9698,2016-02-05,Broccoli,,per lb,,,,,No,,,,,,,,0.97,$/per lb,0.97,per lb,National,retail,,,,,,,,579.0,3324,Weekly Grocery Store Specialty Crops Feature Activity,2026-09-26T14:36:16+00:00
8886f36305e532a5,2016-02-05,Broccoli,,per lb,,,,,Yes,,,,,,,,1.52,$/per lb,1.52,per lb,National,retail,,,,,,,,461.0,3324,Weekly Grocery Store Specialty Crops Feature Activity,2026-09-26T14:36:16+00:00
526066ece7c5b31e,2016-02-05,Broccoli,BABY HYBRID TYPE,per bunch,,,,,Yes,,,,,,,,2.5,$/per bunch,,,National,retail,,,,,,,,7.0,3324,Weekly Grocery Store Specialty Crops Feature Activity,2026-09-26T14:36:16+00:00
747e7575bff05337,2016-02-05,Broccoli,CROWN CUT,per lb,,,,,Yes,,,,,,,,1.32,$/per lb,1.32,per lb,National,retail,,,,,,,,15.0,3324,Weekly Grocery Store Specialty Crops Feature Activity,2026-09-26T14:36:16+00:00
a07f9e699f31bb02,2016-02-05,Broccoli,CROWN CUT,per lb,,,,,No,,,,,,,,1.65,$/per lb,1.65,per lb,National,retail,,,,,,,,4157.0,3324,Weekly Grocery Store Specialty Crops Feature Activity,2026-09-26T14:36:16+00:00
18178cd5b2cd59e4,2016-02-05,Carrots,,1 lb bag,,,,,No,,,,,,,,0.83,$/1 lb bag,0.83,per lb,National,retail,,,,,,,,410.0,3324,Weekly Grocery Store Specialty Crops Feature Activity,2026-09-26T14:36:16+00:00
69d2435c3961faee,2016-02-05,Carrots,,1 lb bag,,,,,Yes,,,,,,,,1.05,$/1 lb bag,1.05,per lb,National,retail,,,,,,,,211.0,3324,Weekly Grocery Store Specialty Crops Feature Activity,2026-09-26T14:36:16+00:00
762a29bee54b31b7,2016-02-05,Carrots,,2 lb bag,,,,,No,,,,,,,,0.94,$/2 lb bag,0.47,per lb,National,retail,,,,,,,,455.0,3324,Weekly Grocery Store Specialty Crops Feature Activity,2026-09-26T14:36:16+00:00
e4b93ff962c34320,2016-02-05,Carrots,,2 lb bag,,,,,Yes,,,,,,,,1.81,$/2 lb bag,0.905,per lb,National,retail,,,,,,,,181.0,3324,Weekly Grocery Store Specialty Crops Feature Activity,2026-09-26T14:36:16+00:00
1fe25884ae40608a,2016-02-05,Carrots,,per bunch,,,,,Yes,,,,,,,,2.34,$/per bunch,,,National,retail,,,,,,,,126.0,3324,Weekly Grocery Store Specialty Crops Feature Activity,2026-09-26T14:36:16+00:00
9f9490ba371a2fcf,2016-02-05,Carrots,,per bunch,,,,,No,,,,,,,,1.49,$/per bunch,,,National,retail,,,,,,,,59.0,3324,Weekly Grocery Store Specialty Crops Feature Activity,2026-09-26T14:36:16+00:00
f3e0274d2143f00b,2016-02-05,Carrots,,per lb,,,,,No,,,,,,,,0.35,$/per lb,0.35,per lb,National,retail,,,,,,,,77.0,3324,Weekly Grocery Store Specialty Crops Feature Activity,2026-09-26T14:36:16+00:00
3b54e750b5780555,2016-02-05,Carrots,BABY PEELED,1 lb bag,,,,,No,,,,,,,,1.21,$/1 lb bag,1.21,per lb,National,retail,,,,,,,,8978.0,3324,Weekly Grocery Store Specialty Crops Feature Activity,2026-09-26T14:36:16+00:00
a1aa15d7d274d2fc,2016-02-05,Carrots,BABY PEELED,1 lb bag,,,,,Yes,,,,,,,,1.7,$/1 lb bag,1.7,per lb,National,retail,,,,,,,,2220.0,3324,Weekly Grocery Store Specialty Crops Feature Activity,2026-09-26T14:36:16+00:00
db7b378c78db9922,2016-02-05,Carrots,BABY PEELED,2 lb bag,,,,,No,,,,,,,,2.33,$/2 lb bag,1.165,per lb,National,retail,,,,,,,,2618.0,3324,Weekly Grocery Store Specialty Crops Feature Activity,2026-09-26T14:36:16+00:00
f93ebc93791326f3,2016-02-05,Carrots,BABY PEELED,2 lb bag,,,,,Yes,,,,,,,,3.15,$/2 lb bag,1.575,per lb,National,retail,,,,,,,,111.0,3324,Weekly Grocery Store Specialty Crops Feature Activity,2026-09-26T14:36:16+00:00
ca5febf60f0e5ad5,2016-02-05,Celery,,each,,,,,Yes,,,,,,,,1.76,$/each,1.76,per each,National,retail,,,,,,,,17.0,3324,Weekly Grocery Store Specialty Crops Feature Activity,2026-09-26T14:36:16+00:00
fde398352fceff98,2016-02-05,Celery,,each,,,,,No,,,,,,,,1.23,$/each,1.23,per each,National,retail,,,,,,,,2291.0,3324,Weekly Grocery Store Specialty Crops Feature Activity,2026-09-26T14:36:16+00:00
71c51cdadf6cd5e9,2016-02-05,Celery,,per lb,,,,,Yes,,,,,,,,1.35,$/per lb,1.35,per lb,National,retail,,,,,,,,15.0,3324,Weekly Grocery Store Specialty Crops Feature Activity,2026-09-26T14:36:16+00:00
bb82b3c8581d85b4,2016-02-05,Celery,,per lb,,,,,No,,,,,,,,1.99,$/per lb,1.99,per lb,National,retail,,,,,,,,3.0,3324,Weekly Grocery Store Specialty Crops Feature Activity,2026-09-26T14:36:16+00:00
1166fc4b171b2b2b,2016-02-05,Celery,HEARTS,each,,,,,Yes,,,,,,,,3.99,$/each,3.99,per each,National,retail,,,,,,,,4.0,3324,Weekly Grocery Store Specialty Crops Feature Activity,2026-09-26T14:36:16+00:00
97258d96306da598,2016-02-05,Celery,HEARTS,each,,,,,No,,,,,,,,2.79,$/each,2.79,per each,National,retail,,,,,,,,495.0,3324,Weekly Grocery Store Specialty Crops Feature Activity,2026-09-26T14:36:16+00:00
86de54807ce9c84f,2016-02-05,Celery,HEARTS,per lb,,,,,No,,,,,,,,2.29,$/per lb,2.29,per lb,National,retail,,,,,,,,1005.0,3324,Weekly Grocery Store Specialty Crops Feature Activity,2026-09-26T14:36:16+00:00
3daacbd5f306d863,2016-02-05,Cucumbers,,each,,,,,Yes,,,,,,,,1.39,$/each,1.39,per each,National,retail,,,,,,,,5.0,3324,Weekly Grocery Store Specialty Crops Feature Activity,2026-09-26T14:36:16+00:00
66b64fca47b85ef1,2016-02-05,Cucumbers,,each,,,,,No,,,,,,,,0.74,$/each,0.74,per each,National,retail,,,,,,,,1246.0,3324,Weekly Grocery Store Specialty Crops Feature Activity,2026-09-26T14:36:16+00:00
f1c74ac4d0ba1baa,2016-02-05,Cucumbers,,per lb,,,,,No,,,,,,,,0.49,$/per lb,0.49,per lb,National,retail,,,,,,,,70.0,3324,Weekly Grocery Store Specialty Crops Feature Activity,2026-09-26T14:36:16+00:00
58ff7947a48f6c8e,2016-02-05,Cucumbers,LONG SEEDLESS,each,,,,,No,,,,,,,,1.45,$/each,1.45,per each,National,retail,,,environment=Greenhouse,,,,,2118.0,3324,Weekly Grocery Store Specialty Crops Feature Activity,2026-09-26T14:36:16+00:00
cbeab26e52b5e1bd,2016-02-05,Cucumbers,LONG SEEDLESS,per lb,,,,,No,,,,,,,,0.49,$/per lb,0.49,per lb,National,retail,,,environment=Greenhouse,,,,,8.0,3324,Weekly Grocery Store Specialty Crops Feature Activity,2026-09-26T14:36:16+00:00
cb660a9056c52da1,2016-02-05,Grapes,BLACK SEEDLESS,per lb,,,,,No,,,,,,,,2.68,$/per lb,2.68,per lb,National,retail,,,,,,,,176.0,3324,Weekly Grocery Store Specialty Crops Feature Activity,2026-09-26T14:36:16+00:00
a61d38ccd715e8f8,2016-02-05,Grapes,RED SEEDLESS,per lb,,,,,No,,,,,,,,2.54,$/per lb,2.54,per lb,National,retail,,,,,,,,8842.0,3324,Weekly Grocery Store Specialty Crops Feature Activity,2026-09-26T14:36:16+00:00
00b67fb4a5894855,2016-02-05,Grapes,Red Globe Seeded Type,per lb,,,,,No,,,,,,,,2.42,$/per lb,2.42,per lb,National,retail,,,,,,,,1296.0,3324,Weekly Grocery Store Specialty Crops Feature Activity,2026-09-26T14:36:16+00:00
105cb99fb1628a61,2016-02-05,Grapes,WHITE SEEDLESS TYPE,per lb,,,,,No,,,,,,,,2.65,$/per lb,2.65,per lb,National,retail,,,,,,,,3629.0,3324,Weekly Grocery Store Specialty Crops Feature Activity,2026-09-26T14:36:16+00:00
9e9e4e22dcb7c35d,2016-02-05,Lemons,,2 lb bag,,,,,No,,,,,,,,3.07,$/2 lb bag,1.535,per lb,National,retail,,,,,,,,676.0,3324,Weekly Grocery Store Specialty Crops Feature Activity,2026-09-26T14:36:16+00:00
f1ab4c1ca3635087,2016-02-05,Lemons,,2 lb bag,,,,,Yes,,,,,,,,3.64,$/2 lb bag,1.82,per lb,National,retail,,,,,,,,388.0,3324,Weekly Grocery Store Specialty Crops Feature Activity,2026-09-26T14:36:16+00:00
75bef651201650de,2016-02-05,Lemons,,each,,,,,No,,,,,,,,0.57,$/each,0.57,per each,National,retail,,,,,,,,3682.0,3324,Weekly Grocery Store Specialty Crops Feature Activity,2026-09-26T14:36:16+00:00
d4d572104b27b880,2016-02-05,Lemons,,each,,,,,Yes,,,,,,,,0.72,$/each,0.72,per each,National,retail,,,,,,,,492.0,3324,Weekly Grocery Store Specialty Crops Feature Activity,2026-09-26T14:36:16+00:00
9f880b80381d0978,2016-02-05,Lemons,,per lb,,,,,No,,,,,,,,1.7,$/per lb,1.7,per lb,National,retail,,,,,,,,20.0,3324,Weekly Grocery Store Specialty Crops Feature Activity,2026-09-26T14:36:16+00:00
9f94619f6e06c5ea,2016-02-05,Lemons,,per lb,,,,,Yes,,,,,,,,1.49,$/per lb,1.49,per lb,National,retail,,,,,,,,13.0,3324,Weekly Grocery Store Specialty Crops Feature Activity,2026-09-26T14:36:16+00:00
f1e4931344dbfc07,2016-02-05,Lettuce,Boston,each,,,,,No,,,,,,,,2.49,$/each,2.49,per each,National,retail,,,environment=Greenhouse,,,,,11.0,3324,Weekly Grocery Store Specialty Crops Feature Activity,2026-09-26T14:36:16+00:00
1670942e8d0ac9f9,2016-02-05,Lettuce,Green Leaf,each,,,,,No,,,,,,,,1.34,$/each,1.34,per each,National,retail,,,,,,,,2018.0,3324,Weekly Grocery Store Specialty Crops Feature Activity,2026-09-26T14:36:16+00:00
20a9367a1d1d92cc,2016-02-05,Lettuce,Green Leaf,each,,,,,Yes,,,,,,,,1.82,$/each,1.82,per each,National,retail,,,,,,,,374.0,3324,Weekly Grocery Store Specialty Crops Feature Activity,2026-09-26T14:36:16+00:00
d781765bdd5a9016,2016-02-05,Lettuce,Green Leaf,per lb,,,,,No,,,,,,,,1.65,$/per lb,1.65,per lb,National,retail,,,,,,,,134.0,3324,Weekly Grocery Store Specialty Crops Feature Activity,2026-09-26T14:36:16+00:00
8144b7d285b394f1,2016-02-05,Lettuce,Iceberg,each,,,,,Yes,,,,,,,,1.49,$/each,1.49,per each,National,retail,,,,,,,,7.0,3324,Weekly Grocery Store Specialty Crops Feature Activity,2026-09-26T14:36:16+00:00
ffc92952f5486d51,2016-02-05,Lettuce,Iceberg,each,,,,,No,,,,,,,,1.07,$/each,1.07,per each,National,retail,,,,,,,,1017.0,3324,Weekly Grocery Store Specialty Crops Feature Activity,2026-09-26T14:36:16+00:00
7c1aeb9dbb1a777d,2016-02-05,Lettuce,Red Leaf,each,,,,,Yes,,,,,,,,1.82,$/each,1.82,per each,National,retail,,,,,,,,374.0,3324,Weekly Grocery Store Specialty Crops Feature Activity,2026-09-26T14:36:16+00:00
89a501a1d88d38c3,2016-02-05,Lettuce,Red Leaf,each,,,,,No,,,,,,,,1.34,$/each,1.34,per each,National,retail,,,,,,,,1945.0,3324,Weekly Grocery Store Specialty Crops Feature Activity,2026-09-26T14:36:16+00:00
8855a8ccb505575b,2016-02-05,Lettuce,Red Leaf,per lb,,,,,No,,,,,,,,1.64,$/per lb,1.64,per lb,National,retail,,,,,,,,135.0,3324,Weekly Grocery Store Specialty Crops Feature Activity,2026-09-26T14:36:16+00:00
872c53140fe7a54b,2016-02-05,Lettuce,Romaine,each,,,,,No,,,,,,,,1.01,$/each,1.01,per each,National,retail,,,,,,,,696.0,3324,Weekly Grocery Store Specialty Crops Feature Activity,2026-09-26T14:36:16+00:00
b6b23f4104de25ec,2016-02-05,Lettuce,Romaine,each,,,,,Yes,,,,,,,,1.66,$/each,1.66,per each,National,retail,,,,,,,,138.0,3324,Weekly Grocery Store Specialty Crops Feature Activity,2026-09-26T14:36:16+00:00
0d1dd142691c1d02,2016-02-05,Lettuce,Romaine,per lb,,,,,No,,,,,,,,1.59,$/per lb,1.59,per lb,National,retail,,,,,,,,155.0,3324,Weekly Grocery Store Specialty Crops Feature Activity,2026-09-26T14:36:16+00:00
cb5ce2f670e8efca,2016-02-05,Lettuce,Romaine (Hearts),3 count,,,,,No,,,,,,,,2.68,$/3 count,,,National,retail,,,,,,,,1056.0,3324,Weekly Grocery Store Specialty Crops Feature Activity,2026-09-26T14:36:16+00:00
fde2f43a286b85c4,2016-02-05,Lettuce,Romaine (Hearts),3 count,,,,,Yes,,,,,,,,3.39,$/3 count,,,National,retail,,,,,,,,660.0,3324,Weekly Grocery Store Specialty Crops Feature Activity,2026-09-26T14:36:16+00:00
23307a885e9b08bd,2016-02-05,Limes,,each,,,,,No,,,,,,,,0.3,$/each,0.3,per each,National,retail,,,,,,,,5274.0,3324,Weekly Grocery Store Specialty Crops Feature Activity,2026-09-26T14:36:16+00:00
489efb44df2ef7c1,2016-02-05,Limes,,each,,,,,Yes,,,,,,,,0.79,$/each,0.79,per each,National,retail,,,,,,,,62.0,3324,Weekly Grocery Store Specialty Crops Feature Activity,2026-09-26T14:36:16+00:00
c5982dbb24cb47db,2016-02-05,Limes,,per lb,,,,,Yes,,,,,,,,1.49,$/per lb,1.49,per lb,National,retail,,,,,,,,13.0,3324,Weekly Grocery Store Specialty Crops Feature Activity,2026-09-26T14:36:16+00:00
fc02cdcd8242cc28,2016-02-05,Limes,,per lb,,,,,No,,,,,,,,0.64,$/per lb,0.64,per lb,National,retail,,,,,,,,343.0,3324,Weekly Grocery Store Specialty Crops Feature Activity,2026-09-26T14:36:16+00:00
6b25ceb8bfd2425c,2016-02-05,"Onions, Dry",RED,2 lb bag,,,,,No,,,,,,,,1.56,$/2 lb bag,0.78,per lb,National,retail,,,,,,,,562.0,3324,Weekly Grocery Store Specialty Crops Feature Activity,2026-09-26T14:36:16+00:00
74ee3147d5718e8b,2016-02-05,"Onions, Dry",RED,3 lb bag,,,,,Yes,,,,,,,,3.99,$/3 lb bag,1.33,per lb,National,retail,,,,,,,,5.0,3324,Weekly Grocery Store Specialty Crops Feature Activity,2026-09-26T14:36:16+00:00
6b4e6197395fbc62,2016-02-05,"Onions, Dry",RED,per lb,,,,,No,,,,,,,,1.13,$/per lb,1.13,per lb,National,retail,,,,,,,,1502.0,3324,Weekly Grocery Store Specialty Crops Feature Activity,2026-09-26T14:36:16+00:00
e3f1283ce5ca92e2,2016-02-05,"Onions, Dry",RED,per lb,,,,,Yes,,,,,,,,0.98,$/per lb,0.98,per lb,National,retail,,,,,,,,6.0,3324,Weekly Grocery Store Specialty Crops Feature Activity,2026-09-26T14:36:16+00:00
ad8e04e1bf32602f,2016-02-05,"Onions, Dry",WHITE,2 lb bag,,,,,No,,,,,,,,1.87,$/2 lb bag,0.935,per lb,National,retail,,,,,,,,267.0,3324,Weekly Grocery Store Specialty Crops Feature Activity,2026-09-26T14:36:16+00:00
1b17f09341723987,2016-02-05,"Onions, Dry",WHITE,per lb,,,,,No,,,,,,,,1.02,$/per lb,1.02,per lb,National,retail,,,,,,,,1043.0,3324,Weekly Grocery Store Specialty Crops Feature Activity,2026-09-26T14:36:16+00:00
581deda99148bd93,2016-02-05,"Onions, Dry",YELLOW,2 lb bag,,,,,No,,,,,,,,1.02,$/2 lb bag,0.51,per lb,National,retail,,,,,,,,478.0,3324,Weekly Grocery Store Specialty Crops Feature Activity,2026-09-26T14:36:16+00:00
65fab3ca36807ecf,2016-02-05,"Onions, Dry",YELLOW,2 lb bag,,,,,Yes,,,,,,,,2.49,$/2 lb bag,1.245,per lb,National,retail,,,,,,,,106.0,3324,Weekly Grocery Store Specialty Crops Feature Activity,2026-09-26T14:36:16+00:00
e237f6f9512e9232,2016-02-05,"Onions, Dry",YELLOW,3 lb bag,,,,,No,,,,,,,,1.47,$/3 lb bag,0.49,per lb,National,retail,,,,,,,,2745.0,3324,Weekly Grocery Store Specialty Crops Feature Activity,2026-09-26T14:36:16+00:00
ffef1ccfc35266fe,2016-02-05,"Onions, Dry",YELLOW,3 lb bag,,,,,Yes,,,,,,,,3.43,$/3 lb bag,1.1433,per lb,National,retail,,,,,,,,1217.0,3324,Weekly Grocery Store Specialty Crops Feature Activity,2026-09-26T14:36:16+00:00
6d6ee59262b436e5,2016-02-05,"Onions, Dry",YELLOW,5 lb bag,,,,,No,,,,,,,,2.12,$/5 lb bag,0.424,per lb,National,retail,,,,,,,,106.0,3324,Weekly Grocery Store Specialty Crops Feature Activity,2026-09-26T14:36:16+00:00
edba72dee4c833be,2016-02-05,"Onions, Dry",YELLOW,5 lb bag,,,,,Yes,,,,,,,,2.99,$/5 lb bag,0.598,per lb,National,retail,,,,,,,,11.0,3324,Weekly Grocery Store Specialty Crops Feature Activity,2026-09-26T14:36:16+00:00
208f594b76d5066e,2016-02-05,"Onions, Dry",YELLOW,per lb,,,,,Yes,,,,,,,,0.99,$/per lb,0.99,per lb,National,retail,,,,,,,,132.0,3324,Weekly Grocery Store Specialty Crops Feature Activity,2026-09-26T14:36:16+00:00
c5fbf51028e04785,2016-02-05,"Onions, Dry",YELLOW,per lb,,,,,No,,,,,,,,0.81,$/per lb,0.81,per lb,National,retail,,,,,,,,1077.0,3324,Weekly Grocery Store Specialty Crops Feature Activity,2026-09-26T14:36:16+00:00
8d270a14a239fe9c,2016-02-05,"Onions, Dry",YELLOW MARKED SWEET,2 lb bag,,,,,No,,,,,,,,1.89,$/2 lb bag,0.945,per lb,National,retail,,,,,,,,256.0,3324,Weekly Grocery Store Specialty Crops Feature Activity,2026-09-26T14:36:16+00:00
48d0e025adb77d41,2016-02-05,"Onions, Dry",YELLOW MARKED SWEET,3 lb bag,,,,,Yes,,,,,,,,3.69,$/3 lb bag,1.23,per lb,National,retail,,,,,,,,6.0,3324,Weekly Grocery Store Specialty Crops Feature Activity,2026-09-26T14:36:16+00:00
c351cd27e751255c,2016-02-05,"Onions, Dry",YELLOW MARKED SWEET,3 lb bag,,,,,No,,,,,,,,2.61,$/3 lb bag,0.87,per lb,National,retail,,,,,,,,2036.0,3324,Weekly Grocery Store Specialty Crops Feature Activity,2026-09-26T14:36:16+00:00
2db76a52e6d2c1b8,2016-02-05,"Onions, Dry",YELLOW MARKED SWEET,per lb,,,,,No,,,,,,,,1.17,$/per lb,1.17,per lb,National,retail,,,,,,,,5634.0,3324,Weekly Grocery Store Specialty Crops Feature Activity,2026-09-26T14:36:16+00:00
0d4be493f5a008fa,2016-02-05,"Peppers, Bell Type",GREEN,each,,,,,No,,,,,,,,1.11,$/each,1.11,per each,National,retail,,,,,,,,208.0,3324,Weekly Grocery Store Specialty Crops Feature Activity,2026-09-26T14:36:16+00:00
7dc7d2898584659c,2016-02-05,"Peppers, Bell Type",GREEN,each,,,,,No,,,,,,,,1.11,$/each,1.11,per each,National,retail,,,environment=Greenhouse,,,,,137.0,3324,Weekly Grocery Store Specialty Crops Feature Activity,2026-09-26T14:36:16+00:00
c5f3848350f69725,2016-02-05,"Peppers, Bell Type",GREEN,per lb,,,,,No,,,,,,,,1.19,$/per lb,1.19,per lb,National,retail,,,,,,,,493.0,3324,Weekly Grocery Store Specialty Crops Feature Activity,2026-09-26T14:36:16+00:00
299898d11265ff17,2016-02-05,"Peppers, Bell Type",ORANGE,each,,,,,No,,,,,,,,1.3,$/each,1.3,per each,National,retail,,,,,,,,777.0,3324,Weekly Grocery Store Specialty Crops Feature Activity,2026-09-26T14:36:16+00:00
6974b15fea54e312,2016-02-05,"Peppers, Bell Type",ORANGE,each,,,,,No,,,,,,,,1.3,$/each,1.3,per each,National,retail,,,environment=Greenhouse,,,,,51.0,3324,Weekly Grocery Store Specialty Crops Feature Activity,2026-09-26T14:36:16+00:00
9d70da295c2c30a0,2016-02-05,"Peppers, Bell Type",ORANGE,each,,,,,Yes,,,,,,,,1.5,$/each,1.5,per each,National,retail,,,,,,,,9.0,3324,Weekly Grocery Store Specialty Crops Feature Activity,2026-09-26T14:36:16+00:00
a5dc649430fa6aba,2016-02-05,"Peppers, Bell Type",ORANGE,per lb,,,,,No,,,,,,,,3.01,$/per lb,3.01,per lb,National,retail,,,environment=Greenhouse,,,,,30.0,3324,Weekly Grocery Store Specialty Crops Feature Activity,2026-09-26T14:36:16+00:00
d8c61c45ddb13ea7,2016-02-05,"Peppers, Bell Type",ORANGE,per lb,,,,,No,,,,,,,,3.01,$/per lb,3.01,per lb,National,retail,,,,,,,,95.0,3324,Weekly Grocery Store Specialty Crops Feature Activity,2026-09-26T14:36:16+00:00
907cabe5195aa012,2016-02-05,"Peppers, Bell Type",RED,each,,,,,No,,,,,,,,1.2,$/each,1.2,per each,National,retail,,,environment=Greenhouse,,,,,51.0,3324,Weekly Grocery Store Specialty Crops Feature Activity,2026-09-26T14:36:16+00:00
b78f5469da587ca2,2016-02-05,"Peppers, Bell Type",RED,each,,,,,Yes,,,,,,,,1.5,$/each,1.5,per each,National,retail,,,,,,,,72.0,3324,Weekly Grocery Store Specialty Crops Feature Activity,2026-09-26T14:36:16+00:00
e157821cd8d4db3a,2016-02-05,"Peppers, Bell Type",RED,each,,,,,No,,,,,,,,1.2,$/each,1.2,per each,National,retail,,,,,,,,1879.0,3324,Weekly Grocery Store Specialty Crops Feature Activity,2026-09-26T14:36:16+00:00
8c3145d04875e01f,2016-02-05,"Peppers, Bell Type",RED,per lb,,,,,No,,,,,,,,2.61,$/per lb,2.61,per lb,National,retail,,,,,,,,1772.0,3324,Weekly Grocery Store Specialty Crops Feature Activity,2026-09-26T14:36:16+00:00
d12568b7364d9998,2016-02-05,"Peppers, Bell Type",RED,per lb,,,,,Yes,,,,,,,,4.03,$/per lb,4.03,per lb,National,retail,,,,,,,,23.0,3324,Weekly Grocery Store Specialty Crops Feature Activity,2026-09-26T14:36:16+00:00
f6cb324ec9cec15c,2016-02-05,"Peppers, Bell Type",RED,per lb,,,,,No,,,,,,,,2.61,$/per lb,2.61,per lb,National,retail,,,environment=Greenhouse,,,,,30.0,3324,Weekly Grocery Store Specialty Crops Feature Activity,2026-09-26T14:36:16+00:00
88fcf2d8963b03ca,2016-02-05,"Peppers, Bell Type",YELLOW,each,,,,,No,,,,,,,,1.3,$/each,1.3,per each,National,retail,,,,,,,,849.0,3324,Weekly Grocery Store Specialty Crops Feature Activity,2026-09-26T14:36:16+00:00
98d2657248f7b4d9,2016-02-05,"Peppers, Bell Type",YELLOW,each,,,,,No,,,,,,,,1.3,$/each,1.3,per each,National,retail,,,environment=Greenhouse,,,,,51.0,3324,Weekly Grocery Store Specialty Crops Feature Activity,2026-09-26T14:36:16+00:00
e4e992453b083046,2016-02-05,"Peppers, Bell Type",YELLOW,each,,,,,Yes,,,,,,,,1.5,$/each,1.5,per each,National,retail,,,,,,,,9.0,3324,Weekly Grocery Store Specialty Crops Feature Activity,2026-09-26T14:36:16+00:00
c2356ba2bdf14fc7,2016-02-05,"Peppers, Bell Type",YELLOW,per lb,,,,,No,,,,,,,,3.03,$/per lb,3.03,per lb,National,retail,,,,,,,,93.0,3324,Weekly Grocery Store Specialty Crops Feature Activity,2026-09-26T14:36:16+00:00
c307586b4c7fe1b5,2016-02-05,"Peppers, Bell Type",YELLOW,per lb,,,,,Yes,,,,,,,,2.69,$/per lb,2.69,per lb,National,retail,,,,,,,,7.0,3324,Weekly Grocery Store Specialty Crops Feature Activity,2026-09-26T14:36:16+00:00
f470050a18702d36,2016-02-05,"Peppers, Bell Type",YELLOW,per lb,,,,,No,,,,,,,,3.03,$/per lb,3.03,per lb,National,retail,,,environment=Greenhouse,,,,,30.0,3324,Weekly Grocery Store Specialty Crops Feature Activity,2026-09-26T14:36:16+00:00
97b1551cca565d28,2016-02-05,Potatoes,ROUND RED,3 lb bag,,,,,No,,,,,,,,2.04,$/3 lb bag,0.68,per lb,National,retail,,,,,,,,103.0,3324,Weekly Grocery Store Specialty Crops Feature Activity,2026-09-26T14:36:16+00:00
f15c3c5ccea44d04,2016-02-05,Potatoes,ROUND RED,3 lb bag,,,,,Yes,,,,,,,,3.69,$/3 lb bag,1.23,per lb,National,retail,,,,,,,,279.0,3324,Weekly Grocery Store Specialty Crops Feature Activity,2026-09-26T14:36:16+00:00
0fe772d8bee665fa,2016-02-05,Potatoes,ROUND RED,5 lb bag,,,,,No,,,,,,,,2.93,$/5 lb bag,0.586,per lb,National,retail,,,,,,,,4623.0,3324,Weekly Grocery Store Specialty Crops Feature Activity,2026-09-26T14:36:16+00:00
e777fdbf28576811,2016-02-05,Potatoes,ROUND RED,5 lb bag,,,,,Yes,,,,,,,,5.99,$/5 lb bag,1.198,per lb,National,retail,,,,,,,,8.0,3324,Weekly Grocery Store Specialty Crops Feature Activity,2026-09-26T14:36:16+00:00
3e0402e631d7ee99,2016-02-05,Potatoes,ROUND RED,per lb,,,,,No,,,,,,,,0.85,$/per lb,0.85,per lb,National,retail,,,,,,,,1089.0,3324,Weekly Grocery Store Specialty Crops Feature Activity,2026-09-26T14:36:16+00:00
70503cd92b5d8a47,2016-02-05,Potatoes,ROUND WHITE,5 lb bag,,,,,No,,,,,,,,2.83,$/5 lb bag,0.566,per lb,National,retail,,,,,,,,1779.0,3324,Weekly Grocery Store Specialty Crops Feature Activity,2026-09-26T14:36:16+00:00
6944c3527dfa7f32,2016-02-05,Potatoes,ROUND WHITE,8 lb bag,,,,,No,,,,,,,,2.98,$/8 lb bag,0.3725,per lb,National,retail,,,,,,,,45.0,3324,Weekly Grocery Store Specialty Crops Feature Activity,2026-09-26T14:36:16+00:00
ea97ad3e24502f58,2016-02-05,Potatoes,ROUND WHITE,per lb,,,,,No,,,,,,,,0.79,$/per lb,0.79,per lb,National,retail,,,,,,,,106.0,3324,Weekly Grocery Store Specialty Crops Feature Activity,2026-09-26T14:36:16+00:00
bbeba3177fc31c53,2016-02-05,Potatoes,RUSSET,10 lb bag,,,,,No,,,,,,,,3.05,$/10 lb bag,0.305,per lb,National,retail,,,,,,,,2030.0,3324,Weekly Grocery Store Specialty Crops Feature Activity,2026-09-26T14:36:16+00:00
5cb6b79ec676b957,2016-02-05,Potatoes,RUSSET,3 lb bag,,,,,No,,,,,,,,1.02,$/3 lb bag,0.34,per lb,National,retail,,,,,,,,34.0,3324,Weekly Grocery Store Specialty Crops Feature Activity,2026-09-26T14:36:16+00:00
a8560895fe1ab881,2016-02-05,Potatoes,RUSSET,3 lb bag,,,,,Yes,,,,,,,,2.24,$/3 lb bag,0.7467,per lb,National,retail,,,,,,,,1169.0,3324,Weekly Grocery Store Specialty Crops Feature Activity,2026-09-26T14:36:16+00:00
6bd33a623c12e9a2,2016-02-05,Potatoes,RUSSET,5 lb bag,,,,,Yes,,,,,,,,3.93,$/5 lb bag,0.786,per lb,National,retail,,,,,,,,708.0,3324,Weekly Grocery Store Specialty Crops Feature Activity,2026-09-26T14:36:16+00:00
81ea3082f274f5eb,2016-02-05,Potatoes,RUSSET,5 lb bag,,,,,No,,,,,,,,2.21,$/5 lb bag,0.442,per lb,National,retail,,,,,,,,3263.0,3324,Weekly Grocery Store Specialty Crops Feature Activity,2026-09-26T14:36:16+00:00
e379122c1fd72cce,2016-02-05,Potatoes,RUSSET,8 lb bag,,,,,No,,,,,,,,2.21,$/8 lb bag,0.2762,per lb,National,retail,,,,,,,,165.0,3324,Weekly Grocery Store Specialty Crops Feature Activity,2026-09-26T14:36:16+00:00
4ab1ab27291391fb,2016-02-05,Potatoes,RUSSET,per lb,,,,,No,,,,,,,,0.81,$/per lb,0.81,per lb,National,retail,,,,,,,,1845.0,3324,Weekly Grocery Store Specialty Crops Feature Activity,2026-09-26T14:36:16+00:00
a0e4d429a4e31682,2016-02-05,Potatoes,RUSSET,per lb,,,,,Yes,,,,,,,,1.01,$/per lb,1.01,per lb,National,retail,,,,,,,,99.0,3324,Weekly Grocery Store Specialty Crops Feature Activity,2026-09-26T14:36:16+00:00
011a2006599de39a,2016-02-05,Potatoes,YELLOW TYPE,3 lb bag,,,,,Yes,,,,,,,,3.74,$/3 lb bag,1.2467,per lb,National,retail,,,,,,,,340.0,3324,Weekly Grocery Store Specialty Crops Feature Activity,2026-09-26T14:36:16+00:00
853c70eb493a6a37,2016-02-05,Potatoes,YELLOW TYPE,3 lb bag,,,,,No,,,,,,,,2.16,$/3 lb bag,0.72,per lb,National,retail,,,,,,,,44.0,3324,Weekly Grocery Store Specialty Crops Feature Activity,2026-09-26T14:36:16+00:00
395e9b57efd43bab,2016-02-05,Potatoes,YELLOW TYPE,5 lb bag,,,,,Yes,,,,,,,,5.99,$/5 lb bag,1.198,per lb,National,retail,,,,,,,,8.0,3324,Weekly Grocery Store Specialty Crops Feature Activity,2026-09-26T14:36:16+00:00
d8fd17148e858a8a,2016-02-05,Potatoes,YELLOW TYPE,5 lb bag,,,,,No,,,,,,,,2.61,$/5 lb bag,0.522,per lb,National,retail,,,,,,,,3389.0,3324,Weekly Grocery Store Specialty Crops Feature Activity,2026-09-26T14:36:16+00:00
bb99ae4fb46573d1,2016-02-05,Potatoes,YELLOW TYPE,8 lb bag,,,,,No,,,,,,,,0.99,$/8 lb bag,0.1237,per lb,National,retail,,,,,,,,8.0,3324,Weekly Grocery Store Specialty Crops Feature Activity,2026-09-26T14:36:16+00:00
64ed529097a9d36e,2016-02-05,Potatoes,YELLOW TYPE,per lb,,,,,No,,,,,,,,0.72,$/per lb,0.72,per lb,National,retail,,,,,,,,202.0,3324,Weekly Grocery Store Specialty Crops Feature Activity,2026-09-26T14:36:16+00:00
2db7f04a64e3ddb8,2016-02-05,Strawberries,,1 lb package,,,,,No,,,,,,,,2.67,$/1 lb package,2.67,per lb,National,retail,,,,,,,,2535.0,3324,Weekly Grocery Store Specialty Crops Feature Activity,2026-09-26T14:36:16+00:00
3bd7d889af895edc,2016-02-05,Tomatoes,,per lb,,,,,No,,,,,,,,1.03,$/per lb,1.03,per lb,National,retail,,,,,,,,119.0,3324,Weekly Grocery Store Specialty Crops Feature Activity,2026-09-26T14:36:16+00:00
220edd3a54d51a21,2016-02-05,Tomatoes,Cherry Type,1 pint package,,,,,Yes,,,,,,,,3.99,$/1 pint package,,,National,retail,,,,,,,,9.0,3324,Weekly Grocery Store Specialty Crops Feature Activity,2026-09-26T14:36:16+00:00
5f6d1430ea3b63cb,2016-02-05,Tomatoes,Cherry Type,1 pint package,,,,,No,,,,,,,,2.5,$/1 pint package,,,National,retail,,,,,,,,14.0,3324,Weekly Grocery Store Specialty Crops Feature Activity,2026-09-26T14:36:16+00:00
5b628c3a73b84cb6,2016-02-05,Tomatoes,GRAPE TYPE,1 pint package,,,,,Yes,,,,,,,,3.14,$/1 pint package,,,National,retail,,,,,,,,2013.0,3324,Weekly Grocery Store Specialty Crops Feature Activity,2026-09-26T14:36:16+00:00
b893db127d3a4807,2016-02-05,Tomatoes,GRAPE TYPE,1 pint package,,,,,No,,,,,,,,2.06,$/1 pint package,,,National,retail,,,,,,,,2394.0,3324,Weekly Grocery Store Specialty Crops Feature Activity,2026-09-26T14:36:16+00:00
02e861dec390b808,2016-02-05,Tomatoes,GRAPE TYPE,10 oz package,,,,,Yes,,,,,,,,2.34,$/10 oz package,3.744,per lb,National,retail,,,,,,,,411.0,3324,Weekly Grocery Store Specialty Crops Feature Activity,2026-09-26T14:36:16+00:00
5813ed9449cbc5b7,2016-02-05,Tomatoes,GRAPE TYPE,10 oz package,,,,,No,,,,,,,,2.4,$/10 oz package,3.84,per lb,National,retail,,,,,,,,876.0,3324,Weekly Grocery Store Specialty Crops Feature Activity,2026-09-26T14:36:16+00:00
39f71661cf4fc3b9,2016-02-05,Tomatoes,Plum Type (Roma),per lb,,,,,No,,,,,,,,1.16,$/per lb,1.16,per lb,National,retail,,,,,,,,9684.0,3324,Weekly Grocery Store Specialty Crops Feature Activity,2026-09-26T14:36:16+00:00
77bbf47a3d9e36c8,2016-02-05,Tomatoes,Plum Type (Roma),per lb,,,,,Yes,,,,,,,,1.88,$/per lb,1.88,per lb,National,retail,,,,,,,,292.0,3324,Weekly Grocery Store Specialty Crops Feature Activity,2026-09-26T14:36:16+00:00
7ec2303ce0840a5d,2016-02-05,Tomatoes,VINE RIPES,per lb,,,,,No,,,,,,,,2.19,$/per lb,2.19,per lb,National,retail,,,environment=Greenhouse,,,,,228.0,3324,Weekly Grocery Store Specialty Crops Feature Activity,2026-09-26T14:36:16+00:00
83e5be54046b87a2,2016-02-05,Tomatoes,VINE RIPES,per lb,,,,,No,,,,,,,,2.19,$/per lb,2.19,per lb,National,retail,,,,,,,,551.0,3324,Weekly Grocery Store Specialty Crops Feature Activity,2026-09-26T14:36:16+00:00
dd96a870d1bcf432,2016-02-05,Tomatoes,VINE RIPES,per lb,,,,,Yes,,,,,,,,3.13,$/per lb,3.13,per lb,National,retail,,,,,,,,29.0,3324,Weekly Grocery Store Specialty Crops Feature Activity,2026-09-26T14:36:16+00:00
8d7ecd7a321bde47,2016-02-05,Tomatoes,VINE RIPES - ON THE VINE,per lb,,,,,Yes,,,,,,,,3.9,$/per lb,3.9,per lb,National,retail,,,environment=Greenhouse,,,,,373.0,3324,Weekly Grocery Store Specialty Crops Feature Activity,2026-09-26T14:36:16+00:00
d12825ffba5d2be1,2016-02-05,Tomatoes,VINE RIPES - ON THE VINE,per lb,,,,,No,,,,,,,,2.04,$/per lb,2.04,per lb,National,retail,,,environment=Greenhouse,,,,,699.0,3324,Weekly Grocery Store Specialty Crops Feature Activity,2026-09-26T14:36:16+00:00
9060fb48c6cb9195,2016-02-05,Tomatoes,Vine Ripes - Heirloom Varieties,per lb,,,,,No,,,,,,,,3.98,$/per lb,3.98,per lb,National,retail,,,,,,,,5.0,3324,Weekly Grocery Store Specialty Crops Feature Activity,2026-09-26T14:36:16+00:00
33fa6c55b357fedd,2016-02-05,Avocados,HASS,each,,,,,Yes,,,,,,,,1.64,$/each,1.64,per each,Northeast,retail,,,,,,,,680.0,3324,Weekly Grocery Store Specialty Crops Feature Activity,2026-09-26T14:36:16+00:00
737b3f6b95d61b30,2016-02-05,Avocados,HASS,each,,,,,No,,,,,,,,0.99,$/each,0.99,per each,Northeast,retail,,,,,,,,4071.0,3324,Weekly Grocery Store Specialty Crops Feature Activity,2026-09-26T14:36:16+00:00
9f76affe8bb21278,2016-02-05,Avocados,VARIOUS GREENSKIN VARIETIES,each,,,,,No,,,,,,,,1.25,$/each,1.25,per each,Northeast,retail,,,,,,,,4.0,3324,Weekly Grocery Store Specialty Crops Feature Activity,2026-09-26T14:36:16+00:00
31b20ed589ad8fbb,2016-02-05,Bananas,,per lb,,,,,Yes,,,,,,,,0.83,$/per lb,0.83,per lb,Northeast,retail,,,,,,,,709.0,3324,Weekly Grocery Store Specialty Crops Feature Activity,2026-09-26T14:36:16+00:00
b09e4e8f592c80e7,2016-02-05,Bananas,,per lb,,,,,No,,,,,,,,0.51,$/per lb,0.51,per lb,Northeast,retail,,,,,,,,743.0,3324,Weekly Grocery Store Specialty Crops Feature Activity,2026-09-26T14:36:16+00:00
5e927beb46b10a9c,2016-02-05,Blueberries,,1 pint package,,,,,No,,,,,,,,2.81,$/1 pint package,,,Northeast,retail,,,,,,,,1360.0,3324,Weekly Grocery Store Specialty Crops Feature Activity,2026-09-26T14:36:16+00:00
6feb96a39ee92532,2016-02-05,Blueberries,,18 oz package,,,,,No,,,,,,,,6.55,$/18 oz package,5.8222,per lb,Northeast,retail,,,,,,,,34.0,3324,Weekly Grocery Store Specialty Crops Feature Activity,2026-09-26T14:36:16+00:00
e7cd9a1e9e1db2c9,2016-02-05,Blueberries,,4.4 oz package,,,,,Yes,,,,,,,,3.79,$/4.4 oz package,13.7818,per lb,Northeast,retail,,,,,,,,165.0,3324,Weekly Grocery Store Specialty Crops Feature Activity,2026-09-26T14:36:16+00:00
9611b90dbc822e7d,2016-02-05,Blueberries,,6 oz package,,,,,No,,,,,,,,2.99,$/6 oz package,7.9733,per lb,Northeast,retail,,,,,,,,183.0,3324,Weekly Grocery Store Specialty Crops Feature Activity,2026-09-26T14:36:16+00:00
b3c50ca8ffbe163b,2016-02-05,Broccoli,,per bunch,,,,,No,,,,,,,,1.55,$/per bunch,,,Northeast,retail,,,,,,,,283.0,3324,Weekly Grocery Store Specialty Crops Feature Activity,2026-09-26T14:36:16+00:00
bb9cc60dca707d7a,2016-02-05,Broccoli,,per bunch,,,,,Yes,,,,,,,,3.06,$/per bunch,,,Northeast,retail,,,,,,,,162.0,3324,Weekly Grocery Store Specialty Crops Feature Activity,2026-09-26T14:36:16+00:00
cc8ae807fc9a8e32,2016-02-05,Broccoli,,per lb,,,,,Yes,,,,,,,,1.99,$/per lb,1.99,per lb,Northeast,retail,,,,,,,,15.0,3324,Weekly Grocery Store Specialty Crops Feature Activity,2026-09-26T14:36:16+00:00
0b014ea61532dd03,2016-02-05,Broccoli,CROWN CUT,per lb,,,,,No,,,,,,,,1.79,$/per lb,1.79,per lb,Northeast,retail,,,,,,,,663.0,3324,Weekly Grocery Store Specialty Crops Feature Activity,2026-09-26T14:36:16+00:00
0aed4fd4c69f5d09,2016-02-05,Carrots,,1 lb bag,,,,,Yes,,,,,,,,1.0,$/1 lb bag,1.0,per lb,Northeast,retail,,,,,,,,198.0,3324,Weekly Grocery Store Specialty Crops Feature Activity,2026-09-26T14:36:16+00:00
d473a3ee68bab893,2016-02-05,Carrots,,1 lb bag,,,,,No,,,,,,,,0.71,$/1 lb bag,0.71,per lb,Northeast,retail,,,,,,,,287.0,3324,Weekly Grocery Store Specialty Crops Feature Activity,2026-09-26T14:36:16+00:00
0eaf43b18473466b,2016-02-05,Carrots,,2 lb bag,,,,,Yes,,,,,,,,1.81,$/2 lb bag,0.905,per lb,Northeast,retail,,,,,,,,181.0,3324,Weekly Grocery Store Specialty Crops Feature Activity,2026-09-26T14:36:16+00:00
3219e6b7f77b47cb,2016-02-05,Carrots,,2 lb bag,,,,,No,,,,,,,,0.63,$/2 lb bag,0.315,per lb,Northeast,retail,,,,,,,,289.0,3324,Weekly Grocery Store Specialty Crops Feature Activity,2026-09-26T14:36:16+00:00
3fb9e00208f70f66,2016-02-05,Carrots,,per bunch,,,,,No,,,,,,,,1.49,$/per bunch,,,Northeast,retail,,,,,,,,59.0,3324,Weekly Grocery Store Specialty Crops Feature Activity,2026-09-26T14:36:16+00:00
a528a6d4917161eb,2016-02-05,Carrots,BABY PEELED,1 lb bag,,,,,No,,,,,,,,1.36,$/1 lb bag,1.36,per lb,Northeast,retail,,,,,,,,1200.0,3324,Weekly Grocery Store Specialty Crops Feature Activity,2026-09-26T14:36:16+00:00
c5352e8f917b82fb,2016-02-05,Carrots,BABY PEELED,1 lb bag,,,,,Yes,,,,,,,,2.04,$/1 lb bag,2.04,per lb,Northeast,retail,,,,,,,,456.0,3324,Weekly Grocery Store Specialty Crops Feature Activity,2026-09-26T14:36:16+00:00
868cd66000c1688f,2016-02-05,Carrots,BABY PEELED,2 lb bag,,,,,No,,,,,,,,2.21,$/2 lb bag,1.105,per lb,Northeast,retail,,,,,,,,1253.0,3324,Weekly Grocery Store Specialty Crops Feature Activity,2026-09-26T14:36:16+00:00
c7b0687b35959420,2016-02-05,Carrots,BABY PEELED,2 lb bag,,,,,Yes,,,,,,,,2.5,$/2 lb bag,1.25,per lb,Northeast,retail,,,,,,,,20.0,3324,Weekly Grocery Store Specialty Crops Feature Activity,2026-09-26T14:36:16+00:00
e56626a13e9be824,2016-02-05,Celery,HEARTS,each,,,,,No,,,,,,,,2.78,$/each,2.78,per each,Northeast,retail,,,,,,,,484.0,3324,Weekly Grocery Store Specialty Crops Feature Activity,2026-09-26T14:36:16+00:00
e6f46a66f733dc5a,2016-02-05,Celery,HEARTS,each,,,,,Yes,,,,,,,,3.99,$/each,3.99,per each,Northeast,retail,,,,,,,,4.0,3324,Weekly Grocery Store Specialty Crops Feature Activity,2026-09-26T14:36:16+00:00
7220ee75b723bbd0,2016-02-05,Cucumbers,,each,,,,,No,,,,,,,,0.93,$/each,0.93,per each,Northeast,retail,,,,,,,,401.0,3324,Weekly Grocery Store Specialty Crops Feature Activity,2026-09-26T14:36:16+00:00
d030fc0f1c434e89,2016-02-05,Cucumbers,LONG SEEDLESS,each,,,,,No,,,,,,,,1.71,$/each,1.71,per each,Northeast,retail,,,environment=Greenhouse,,,,,541.0,3324,Weekly Grocery Store Specialty Crops Feature Activity,2026-09-26T14:36:16+00:00
de8f147e28453ac5,2016-02-05,Grapes,BLACK SEEDLESS,per lb,,,,,No,,,,,,,,2.68,$/per lb,2.68,per lb,Northeast,retail,,,,,,,,128.0,3324,Weekly Grocery Store Specialty Crops Feature Activity,2026-09-26T14:36:16+00:00
54dd1a11323bed5b,2016-02-05,Grapes,RED SEEDLESS,per lb,,,,,No,,,,,,,,2.4,$/per lb,2.4,per lb,Northeast,retail,,,,,,,,1476.0,3324,Weekly Grocery Store Specialty Crops Feature Activity,2026-09-26T14:36:16+00:00
45362850bc6e6c30,2016-02-05,Grapes,Red Globe Seeded Type,per lb,,,,,No,,,,,,,,2.32,$/per lb,2.32,per lb,Northeast,retail,,,,,,,,79.0,3324,Weekly Grocery Store Specialty Crops Feature Activity,2026-09-26T14:36:16+00:00
99fadf6f7f6eba5b,2016-02-05,Grapes,WHITE SEEDLESS TYPE,per lb,,,,,No,,,,,,,,2.81,$/per lb,2.81,per lb,Northeast,retail,,,,,,,,919.0,3324,Weekly Grocery Store Specialty Crops Feature Activity,2026-09-26T14:36:16+00:00
93db914f51fe1c8c,2016-02-05,Lemons,,2 lb bag,,,,,Yes,,,,,,,,3.99,$/2 lb bag,1.995,per lb,Northeast,retail,,,,,,,,38.0,3324,Weekly Grocery Store Specialty Crops Feature Activity,2026-09-26T14:36:16+00:00
a35eaf66709e3a1a,2016-02-05,Lemons,,2 lb bag,,,,,No,,,,,,,,3.99,$/2 lb bag,1.995,per lb,Northeast,retail,,,,,,,,261.0,3324,Weekly Grocery Store Specialty Crops Feature Activity,2026-09-26T14:36:16+00:00
ce1afbdc2de03900,2016-02-05,Lemons,,each,,,,,Yes,,,,,,,,0.69,$/each,0.69,per each,Northeast,retail,,,,,,,,130.0,3324,Weekly Grocery Store Specialty Crops Feature Activity,2026-09-26T14:36:16+00:00
f5f4a7d46b2a1239,2016-02-05,Lemons,,each,,,,,No,,,,,,,,0.52,$/each,0.52,per each,Northeast,retail,,,,,,,,711.0,3324,Weekly Grocery Store Specialty Crops Feature Activity,2026-09-26T14:36:16+00:00
96a21c3aea2ffbce,2016-02-05,Lettuce,Green Leaf,each,,,,,Yes,,,,,,,,2.0,$/each,2.0,per each,Northeast,retail,,,,,,,,16.0,3324,Weekly Grocery Store Specialty Crops Feature Activity,2026-09-26T14:36:16+00:00
ea9c08555a06ed69,2016-02-05,Lettuce,Green Leaf,each,,,,,No,,,,,,,,1.5,$/each,1.5,per each,Northeast,retail,,,,,,,,246.0,3324,Weekly Grocery Store Specialty Crops Feature Activity,2026-09-26T14:36:16+00:00
904f34e0d69f7e2b,2016-02-05,Lettuce,Green Leaf,per lb,,,,,No,,,,,,,,1.47,$/per lb,1.47,per lb,Northeast,retail,,,,,,,,16.0,3324,Weekly Grocery Store Specialty Crops Feature Activity,2026-09-26T14:36:16+00:00
11344882f1f4274a,2016-02-05,Lettuce,Iceberg,each,,,,,No,,,,,,,,1.15,$/each,1.15,per each,Northeast,retail,,,,,,,,221.0,3324,Weekly Grocery Store Specialty Crops Feature Activity,2026-09-26T14:36:16+00:00
de96eb37d02a05dc,2016-02-05,Lettuce,Red Leaf,each,,,,,Yes,,,,,,,,2.0,$/each,2.0,per each,Northeast,retail,,,,,,,,16.0,3324,Weekly Grocery Store Specialty Crops Feature Activity,2026-09-26T14:36:16+00:00
fa835aad2291b420,2016-02-05,Lettuce,Red Leaf,each,,,,,No,,,,,,,,1.51,$/each,1.51,per each,Northeast,retail,,,,,,,,240.0,3324,Weekly Grocery Store Specialty Crops Feature Activity,2026-09-26T14:36:16+00:00
af649f4d897e96f1,2016-02-05,Lettuce,Red Leaf,per lb,,,,,No,,,,,,,,1.44,$/per lb,1.44,per lb,Northeast,retail,,,,,,,,17.0,3324,Weekly Grocery Store Specialty Crops Feature Activity,2026-09-26T14:36:16+00:00
325c29d35a305572,2016-02-05,Lettuce,Romaine,each,,,,,No,,,,,,,,1.37,$/each,1.37,per each,Northeast,retail,,,,,,,,20.0,3324,Weekly Grocery Store Specialty Crops Feature Activity,2026-09-26T14:36:16+00:00
3402f9778994171b,2016-02-05,Lettuce,Romaine,each,,,,,Yes,,,,,,,,2.49,$/each,2.49,per each,Northeast,retail,,,,,,,,6.0,3324,Weekly Grocery Store Specialty Crops Feature Activity,2026-09-26T14:36:16+00:00
12fecca3a708afc4,2016-02-05,Lettuce,Romaine,per lb,,,,,No,,,,,,,,1.6,$/per lb,1.6,per lb,Northeast,retail,,,,,,,,106.0,3324,Weekly Grocery Store Specialty Crops Feature Activity,2026-09-26T14:36:16+00:00
7d4e7958ec3b1334,2016-02-05,Lettuce,Romaine (Hearts),3 count,,,,,No,,,,,,,,2.95,$/3 count,,,Northeast,retail,,,,,,,,536.0,3324,Weekly Grocery Store Specialty Crops Feature Activity,2026-09-26T14:36:16+00:00
dce471d520f65c3d,2016-02-05,Lettuce,Romaine (Hearts),3 count,,,,,Yes,,,,,,,,3.96,$/3 count,,,Northeast,retail,,,,,,,,259.0,3324,Weekly Grocery Store Specialty Crops Feature Activity,2026-09-26T14:36:16+00:00
55d32e7949677d0a,2016-02-05,Limes,,each,,,,,Yes,,,,,,,,0.79,$/each,0.79,per each,Northeast,retail,,,,,,,,62.0,3324,Weekly Grocery Store Specialty Crops Feature Activity,2026-09-26T14:36:16+00:00
e162ea60a3ef6a9e,2016-02-05,Limes,,each,,,,,No,,,,,,,,0.28,$/each,0.28,per each,Northeast,retail,,,,,,,,947.0,3324,Weekly Grocery Store Specialty Crops Feature Activity,2026-09-26T14:36:16+00:00
e708852538647f54,2016-02-05,"Onions, Dry",RED,2 lb bag,,,,,No,,,,,,,,2.81,$/2 lb bag,1.405,per lb,Northeast,retail,,,,,,,,46.0,3324,Weekly Grocery Store Specialty Crops Feature Activity,2026-09-26T14:36:16+00:00
5894c3818b7574d0,2016-02-05,"Onions, Dry",RED,3 lb bag,,,,,Yes,,,,,,,,3.99,$/3 lb bag,1.33,per lb,Northeast,retail,,,,,,,,5.0,3324,Weekly Grocery Store Specialty Crops Feature Activity,2026-09-26T14:36:16+00:00
fe905b41d73d77b0,2016-02-05,"Onions, Dry",RED,per lb,,,,,No,,,,,,,,1.58,$/per lb,1.58,per lb,Northeast,retail,,,,,,,,233.0,3324,Weekly Grocery Store Specialty Crops Feature Activity,2026-09-26T14:36:16+00:00
cb15e07a18efb945,2016-02-05,"Onions, Dry",WHITE,per lb,,,,,No,,,,,,,,1.67,$/per lb,1.67,per lb,Northeast,retail,,,,,,,,177.0,3324,Weekly Grocery Store Specialty Crops Feature Activity,2026-09-26T14:36:16+00:00
315980ecc1e2f4fb,2016-02-05,"Onions, Dry",YELLOW,2 lb bag,,,,,No,,,,,,,,1.04,$/2 lb bag,0.52,per lb,Northeast,retail,,,,,,,,279.0,3324,Weekly Grocery Store Specialty Crops Feature Activity,2026-09-26T14:36:16+00:00
7e1f96891b869680,2016-02-05,"Onions, Dry",YELLOW,3 lb bag,,,,,Yes,,,,,,,,3.93,$/3 lb bag,1.31,per lb,Northeast,retail,,,,,,,,618.0,3324,Weekly Grocery Store Specialty Crops Feature Activity,2026-09-26T14:36:16+00:00
f73bc34305a82988,2016-02-05,"Onions, Dry",YELLOW,3 lb bag,,,,,No,,,,,,,,1.38,$/3 lb bag,0.46,per lb,Northeast,retail,,,,,,,,774.0,3324,Weekly Grocery Store Specialty Crops Feature Activity,2026-09-26T14:36:16+00:00
1b4b1cdb91184fc0,2016-02-05,"Onions, Dry",YELLOW,5 lb bag,,,,,Yes,,,,,,,,2.99,$/5 lb bag,0.598,per lb,Northeast,retail,,,,,,,,11.0,3324,Weekly Grocery Store Specialty Crops Feature Activity,2026-09-26T14:36:16+00:00
e631aefea931d70f,2016-02-05,"Onions, Dry",YELLOW,5 lb bag,,,,,No,,,,,,,,2.49,$/5 lb bag,0.498,per lb,Northeast,retail,,,,,,,,21.0,3324,Weekly Grocery Store Specialty Crops Feature Activity,2026-09-26T14:36:16+00:00
edea86b7780da7e8,2016-02-05,"Onions, Dry",YELLOW,per lb,,,,,No,,,,,,,,0.95,$/per lb,0.95,per lb,Northeast,retail,,,,,,,,204.0,3324,Weekly Grocery Store Specialty Crops Feature Activity,2026-09-26T14:36:16+00:00
d16670c0866b591c,2016-02-05,"Onions, Dry",YELLOW MARKED SWEET,3 lb bag,,,,,Yes,,,,,,,,3.69,$/3 lb bag,1.23,per lb,Northeast,retail,,,,,,,,6.0,3324,Weekly Grocery Store Specialty Crops Feature Activity,2026-09-26T14:36:16+00:00
fb72a2264dd92a73,2016-02-05,"Onions, Dry",YELLOW MARKED SWEET,3 lb bag,,,,,No,,,,,,,,3.85,$/3 lb bag,1.2833,per lb,Northeast,retail,,,,,,,,885.0,3324,Weekly Grocery Store Specialty Crops Feature Activity,2026-09-26T14:36:16+00:00
58f883eaf6d3b0c9,2016-02-05,"Onions, Dry",YELLOW MARKED SWEET,per lb,,,,,No,,,,,,,,1.48,$/per lb,1.48,per lb,Northeast,retail,,,,,,,,880.0,3324,Weekly Grocery Store Specialty Crops Feature Activity,2026-09-26T14:36:16+00:00
8f570bca2ec4d79e,2016-02-05,"Peppers, Bell Type",GREEN,each,,,,,No,,,,,,,,1.25,$/each,1.25,per each,Northeast,retail,,,,,,,,167.0,3324,Weekly Grocery Store Specialty Crops Feature Activity,2026-09-26T14:36:16+00:00
d1cd28b5c5bc4d64,2016-02-05,"Peppers, Bell Type",GREEN,each,,,,,No,,,,,,,,1.0,$/each,1.0,per each,Northeast,retail,,,environment=Greenhouse,,,,,137.0,3324,Weekly Grocery Store Specialty Crops Feature Activity,2026-09-26T14:36:16+00:00
ad89f95f86826f63,2016-02-05,"Peppers, Bell Type",GREEN,per lb,,,,,No,,,,,,,,1.15,$/per lb,1.15,per lb,Northeast,retail,,,,,,,,381.0,3324,Weekly Grocery Store Specialty Crops Feature Activity,2026-09-26T14:36:16+00:00
c054d882c8317f55,2016-02-05,"Peppers, Bell Type",ORANGE,each,,,,,No,,,,,,,,1.46,$/each,1.46,per each,Northeast,retail,,,,,,,,143.0,3324,Weekly Grocery Store Specialty Crops Feature Activity,2026-09-26T14:36:16+00:00
52701fb855636409,2016-02-05,"Peppers, Bell Type",ORANGE,per lb,,,,,No,,,,,,,,3.04,$/per lb,3.04,per lb,Northeast,retail,,,environment=Greenhouse,,,,,30.0,3324,Weekly Grocery Store Specialty Crops Feature Activity,2026-09-26T14:36:16+00:00
888baec1a10a5414,2016-02-05,"Peppers, Bell Type",ORANGE,per lb,,,,,No,,,,,,,,2.98,$/per lb,2.98,per lb,Northeast,retail,,,,,,,,29.0,3324,Weekly Grocery Store Specialty Crops Feature Activity,2026-09-26T14:36:16+00:00
2a2e8e32c5de264e,2016-02-05,"Peppers, Bell Type",RED,each,,,,,No,,,,,,,,1.35,$/each,1.35,per each,Northeast,retail,,,,,,,,310.0,3324,Weekly Grocery Store Specialty Crops Feature Activity,2026-09-26T14:36:16+00:00
304bd760624677a1,2016-02-05,"Peppers, Bell Type",RED,per lb,,,,,No,,,,,,,,3.04,$/per lb,3.04,per lb,Northeast,retail,,,environment=Greenhouse,,,,,30.0,3324,Weekly Grocery Store Specialty Crops Feature Activity,2026-09-26T14:36:16+00:00
960e59b7679c506d,2016-02-05,"Peppers, Bell Type",RED,per lb,,,,,Yes,,,,,,,,3.99,$/per lb,3.99,per lb,Northeast,retail,,,,,,,,6.0,3324,Weekly Grocery Store Specialty Crops Feature Activity,2026-09-26T14:36:16+00:00
980d3d89ad58af67,2016-02-05,"Peppers, Bell Type",RED,per lb,,,,,No,,,,,,,,2.69,$/per lb,2.69,per lb,Northeast,retail,,,,,,,,1436.0,3324,Weekly Grocery Store Specialty Crops Feature Activity,2026-09-26T14:36:16+00:00
18c88e2524fc8b43,2016-02-05,"Peppers, Bell Type",YELLOW,each,,,,,No,,,,,,,,1.46,$/each,1.46,per each,Northeast,retail,,,,,,,,143.0,3324,Weekly Grocery Store Specialty Crops Feature Activity,2026-09-26T14:36:16+00:00
61853d6200372c8e,2016-02-05,"Peppers, Bell Type",YELLOW,per lb,,,,,No,,,,,,,,2.98,$/per lb,2.98,per lb,Northeast,retail,,,,,,,,29.0,3324,Weekly Grocery Store Specialty Crops Feature Activity,2026-09-26T14:36:16+00:00
d48572357c7142bc,2016-02-05,"Peppers, Bell Type",YELLOW,per lb,,,,,No,,,,,,,,3.04,$/per lb,3.04,per lb,Northeast,retail,,,environment=Greenhouse,,,,,30.0,3324,Weekly Grocery Store Specialty Crops Feature Activity,2026-09-26T14:36:16+00:00
7df22b53249ead47,2016-02-05,Potatoes,ROUND RED,3 lb bag,,,,,Yes,,,,,,,,3.99,$/3 lb bag,1.33,per lb,Northeast,retail,,,,,,,,147.0,3324,Weekly Grocery Store Specialty Crops Feature Activity,2026-09-26T14:36:16+00:00
654cd6b3b77743b1,2016-02-05,Potatoes,ROUND RED,5 lb bag,,,,,Yes,,,,,,,,5.99,$/5 lb bag,1.198,per lb,Northeast,retail,,,,,,,,8.0,3324,Weekly Grocery Store Specialty Crops Feature Activity,2026-09-26T14:36:16+00:00
ffcd8a47c8953e65,2016-02-05,Potatoes,ROUND RED,5 lb bag,,,,,No,,,,,,,,3.15,$/5 lb bag,0.63,per lb,Northeast,retail,,,,,,,,1026.0,3324,Weekly Grocery Store Specialty Crops Feature Activity,2026-09-26T14:36:16+00:00
00b642e6282a4e0f,2016-02-05,Potatoes,ROUND RED,per lb,,,,,No,,,,,,,,0.94,$/per lb,0.94,per lb,Northeast,retail,,,,,,,,428.0,3324,Weekly Grocery Store Specialty Crops Feature Activity,2026-09-26T14:36:16+00:00
0dfe03b98fd08ccb,2016-02-05,Potatoes,ROUND WHITE,5 lb bag,,,,,No,,,,,,,,1.78,$/5 lb bag,0.356,per lb,Northeast,retail,,,,,,,,630.0,3324,Weekly Grocery Store Specialty Crops Feature Activity,2026-09-26T14:36:16+00:00
b59de16e3fc81433,2016-02-05,Potatoes,ROUND WHITE,8 lb bag,,,,,No,,,,,,,,2.98,$/8 lb bag,0.3725,per lb,Northeast,retail,,,,,,,,45.0,3324,Weekly Grocery Store Specialty Crops Feature Activity,2026-09-26T14:36:16+00:00
dcbf6934af03bc1a,2016-02-05,Potatoes,RUSSET,10 lb bag,,,,,No,,,,,,,,3.8,$/10 lb bag,0.38,per lb,Northeast,retail,,,,,,,,70.0,3324,Weekly Grocery Store Specialty Crops Feature Activity,2026-09-26T14:36:16+00:00
e1c40666b5628e5e,2016-02-05,Potatoes,RUSSET,3 lb bag,,,,,Yes,,,,,,,,2.99,$/3 lb bag,0.9967,per lb,Northeast,retail,,,,,,,,5.0,3324,Weekly Grocery Store Specialty Crops Feature Activity,2026-09-26T14:36:16+00:00
f843febd637621e9,2016-02-05,Potatoes,RUSSET,3 lb bag,,,,,No,,,,,,,,0.88,$/3 lb bag,0.2933,per lb,Northeast,retail,,,,,,,,3.0,3324,Weekly Grocery Store Specialty Crops Feature Activity,2026-09-26T14:36:16+00:00
22a9139be6100c73,2016-02-05,Potatoes,RUSSET,5 lb bag,,,,,Yes,,,,,,,,4.57,$/5 lb bag,0.914,per lb,Northeast,retail,,,,,,,,260.0,3324,Weekly Grocery Store Specialty Crops Feature Activity,2026-09-26T14:36:16+00:00
8d2de69ae7d650a0,2016-02-05,Potatoes,RUSSET,5 lb bag,,,,,No,,,,,,,,2.25,$/5 lb bag,0.45,per lb,Northeast,retail,,,,,,,,408.0,3324,Weekly Grocery Store Specialty Crops Feature Activity,2026-09-26T14:36:16+00:00
cb8f8c478219ac0f,2016-02-05,Potatoes,RUSSET,8 lb bag,,,,,No,,,,,,,,2.03,$/8 lb bag,0.2537,per lb,Northeast,retail,,,,,,,,77.0,3324,Weekly Grocery Store Specialty Crops Feature Activity,2026-09-26T14:36:16+00:00
19116a039ae2d828,2016-02-05,Potatoes,RUSSET,per lb,,,,,No,,,,,,,,0.95,$/per lb,0.95,per lb,Northeast,retail,,,,,,,,876.0,3324,Weekly Grocery Store Specialty Crops Feature Activity,2026-09-26T14:36:16+00:00
70fbbd4b69973c7f,2016-02-05,Potatoes,YELLOW TYPE,3 lb bag,,,,,Yes,,,,,,,,3.99,$/3 lb bag,1.33,per lb,Northeast,retail,,,,,,,,147.0,3324,Weekly Grocery Store Specialty Crops Feature Activity,2026-09-26T14:36:16+00:00
ade0fe7aaf27fc3a,2016-02-05,Potatoes,YELLOW TYPE,5 lb bag,,,,,Yes,,,,,,,,5.99,$/5 lb bag,1.198,per lb,Northeast,retail,,,,,,,,8.0,3324,Weekly Grocery Store Specialty Crops Feature Activity,2026-09-26T14:36:16+00:00
be24194de61dccb6,2016-02-05,Potatoes,YELLOW TYPE,5 lb bag,,,,,No,,,,,,,,3.42,$/5 lb bag,0.684,per lb,Northeast,retail,,,,,,,,961.0,3324,Weekly Grocery Store Specialty Crops Feature Activity,2026-09-26T14:36:16+00:00
6953ba77dee06d8e,2016-02-05,Strawberries,,1 lb package,,,,,No,,,,,,,,3.15,$/1 lb package,3.15,per lb,Northeast,retail,,,,,,,,752.0,3324,Weekly Grocery Store Specialty Crops Feature Activity,2026-09-26T14:36:16+00:00
3af7ff4f4e13876d,2016-02-05,Tomatoes,GRAPE TYPE,1 pint package,,,,,No,,,,,,,,2.62,$/1 pint package,,,Northeast,retail,,,,,,,,689.0,3324,Weekly Grocery Store Specialty Crops Feature Activity,2026-09-26T14:36:16+00:00
6f72cfc552b12d45,2016-02-05,Tomatoes,GRAPE TYPE,1 pint package,,,,,Yes,,,,,,,,3.49,$/1 pint package,,,Northeast,retail,,,,,,,,1092.0,3324,Weekly Grocery Store Specialty Crops Feature Activity,2026-09-26T14:36:16+00:00
aac4ebca03bfff50,2016-02-05,Tomatoes,GRAPE TYPE,10 oz package,,,,,No,,,,,,,,3.5,$/10 oz package,5.6,per lb,Northeast,retail,,,,,,,,167.0,3324,Weekly Grocery Store Specialty Crops Feature Activity,2026-09-26T14:36:16+00:00
bdc09ba1bb5f9248,2016-02-05,Tomatoes,Plum Type (Roma),per lb,,,,,No,,,,,,,,1.32,$/per lb,1.32,per lb,Northeast,retail,,,,,,,,1045.0,3324,Weekly Grocery Store Specialty Crops Feature Activity,2026-09-26T14:36:16+00:00
f8abaff8bca9d8db,2016-02-05,Tomatoes,Plum Type (Roma),per lb,,,,,Yes,,,,,,,,1.99,$/per lb,1.99,per lb,Northeast,retail,,,,,,,,31.0,3324,Weekly Grocery Store Specialty Crops Feature Activity,2026-09-26T14:36:16+00:00
76a0c837f43dbc06,2016-02-05,Tomatoes,VINE RIPES,per lb,,,,,No,,,,,,,,2.02,$/per lb,2.02,per lb,Northeast,retail,,,,,,,,387.0,3324,Weekly Grocery Store Specialty Crops Feature Activity,2026-09-26T14:36:16+00:00
e5524e11711db058,2016-02-05,Tomatoes,VINE RIPES,per lb,,,,,No,,,,,,,,2.99,$/per lb,2.99,per lb,Northeast,retail,,,environment=Greenhouse,,,,,8.0,3324,Weekly Grocery Store Specialty Crops Feature Activity,2026-09-26T14:36:16+00:00
44523dca465ae3f0,2016-02-05,Tomatoes,VINE RIPES - ON THE VINE,per lb,,,,,No,,,,,,,,2.53,$/per lb,2.53,per lb,Northeast,retail,,,environment=Greenhouse,,,,,100.0,3324,Weekly Grocery Store Specialty Crops Feature Activity,2026-09-26T14:36:16+00:00
6d156cea1dc3cae9,2016-02-05,Tomatoes,VINE RIPES - ON THE VINE,per lb,,,,,Yes,,,,,,,,3.84,$/per lb,3.84,per lb,Northeast,retail,,,environment=Greenhouse,,,,,54.0,3324,Weekly Grocery Store Specialty Crops Feature Activity,2026-09-26T14:36:16+00:00
1b10dbc881edc7ce,2016-02-05,Avocados,HASS,each,,,,,Yes,,,,,,,,1.81,$/each,1.81,per each,Northwest,retail,,,,,,,,127.0,3324,Weekly Grocery Store Specialty Crops Feature Activity,2026-09-26T14:36:16+00:00
e9bfa4cd0c2065e6,2016-02-05,Avocados,HASS,each,,,,,No,,,,,,,,0.96,$/each,0.96,per each,Northwest,retail,,,,,,,,760.0,3324,Weekly Grocery Store Specialty Crops Feature Activity,2026-09-26T14:36:16+00:00
c4172c25ee047923,2016-02-05,Avocados,VARIOUS GREENSKIN VARIETIES,each,,,,,Yes,,,,,,,,1.5,$/each,1.5,per each,Northwest,retail,,,,,,,,9.0,3324,Weekly Grocery Store Specialty Crops Feature Activity,2026-09-26T14:36:16+00:00
8ae55fb8494d736d,2016-02-05,Blueberries,,1 pint package,,,,,No,,,,,,,,4.47,$/1 pint package,,,Northwest,retail,,,,,,,,62.0,3324,Weekly Grocery Store Specialty Crops Feature Activity,2026-09-26T14:36:16+00:00
d7489cc4b496fe38,2016-02-05,Blueberries,,18 oz package,,,,,No,,,,,,,,4.94,$/18 oz package,4.3911,per lb,Northwest,retail,,,,,,,,212.0,3324,Weekly Grocery Store Specialty Crops Feature Activity,2026-09-26T14:36:16+00:00
4d797e1eecc70e77,2016-02-05,Blueberries,,4.4 oz package,,,,,Yes,,,,,,,,3.99,$/4.4 oz package,14.5091,per lb,Northwest,retail,,,,,,,,2.0,3324,Weekly Grocery Store Specialty Crops Feature Activity,2026-09-26T14:36:16+00:00
be94db1f0850b25f,2016-02-05,Blueberries,,6 oz package,,,,,No,,,,,,,,2.54,$/6 oz package,6.7733,per lb,Northwest,retail,,,,,,,,105.0,3324,Weekly Grocery Store Specialty Crops Feature Activity,2026-09-26T14:36:16+00:00
7a67da1f3db11f8d,2016-02-05,Broccoli,,per lb,,,,,No,,,,,,,,0.98,$/per lb,0.98,per lb,Northwest,retail,,,,,,,,50.0,3324,Weekly Grocery Store Specialty Crops Feature Activity,2026-09-26T14:36:16+00:00
f13236e8bc2b5cbf,2016-02-05,Broccoli,,per lb,,,,,Yes,,,,,,,,1.97,$/per lb,1.97,per lb,Northwest,retail,,,,,,,,196.0,3324,Weekly Grocery Store Specialty Crops Feature Activity,2026-09-26T14:36:16+00:00
b0048dd96604fe4f,2016-02-05,Broccoli,CROWN CUT,per lb,,,,,No,,,,,,,,1.22,$/per lb,1.22,per lb,Northwest,retail,,,,,,,,95.0,3324,Weekly Grocery Store Specialty Crops Feature Activity,2026-09-26T14:36:16+00:00
05a63ffc8175a661,2016-02-05,Carrots,,1 lb bag,,,,,No,,,,,,,,0.98,$/1 lb bag,0.98,per lb,Northwest,retail,,,,,,,,5.0,3324,Weekly Grocery Store Specialty Crops Feature Activity,2026-09-26T14:36:16+00:00
615cbbae2502098e,2016-02-05,Carrots,,2 lb bag,,,,,No,,,,,,,,0.99,$/2 lb bag,0.495,per lb,Northwest,retail,,,,,,,,8.0,3324,Weekly Grocery Store Specialty Crops Feature Activity,2026-09-26T14:36:16+00:00
400fc22555ae2646,2016-02-05,Carrots,,per bunch,,,,,Yes,,,,,,,,2.32,$/per bunch,,,Northwest,retail,,,,,,,,111.0,3324,Weekly Grocery Store Specialty Crops Feature Activity,2026-09-26T14:36:16+00:00
69efd5fb8446feb7,2016-02-05,Carrots,BABY PEELED,1 lb bag,,,,,Yes,,,,,,,,1.73,$/1 lb bag,1.73,per lb,Northwest,retail,,,,,,,,486.0,3324,Weekly Grocery Store Specialty Crops Feature Activity,2026-09-26T14:36:16+00:00
e5d7012f4ca82c79,2016-02-05,Carrots,BABY PEELED,1 lb bag,,,,,No,,,,,,,,1.24,$/1 lb bag,1.24,per lb,Northwest,retail,,,,,,,,202.0,3324,Weekly Grocery Store Specialty Crops Feature Activity,2026-09-26T14:36:16+00:00
3e667d20a6d2b630,2016-02-05,Carrots,BABY PEELED,2 lb bag,,,,,No,,,,,,,,2.33,$/2 lb bag,1.165,per lb,Northwest,retail,,,,,,,,126.0,3324,Weekly Grocery Store Specialty Crops Feature Activity,2026-09-26T14:36:16+00:00
4bb306b68d4d1842,2016-02-05,Carrots,BABY PEELED,2 lb bag,,,,,Yes,,,,,,,,3.29,$/2 lb bag,1.645,per lb,Northwest,retail,,,,,,,,91.0,3324,Weekly Grocery Store Specialty Crops Feature Activity,2026-09-26T14:36:16+00:00
6173e512a49eba8e,2016-02-05,Celery,,per lb,,,,,Yes,,,,,,,,1.53,$/per lb,1.53,per lb,Northwest,retail,,,,,,,,10.0,3324,Weekly Grocery Store Specialty Crops Feature Activity,2026-09-26T14:36:16+00:00
aad52fc9850088c4,2016-02-05,Cucumbers,,each,,,,,No,,,,,,,,0.82,$/each,0.82,per each,Northwest,retail,,,,,,,,54.0,3324,Weekly Grocery Store Specialty Crops Feature Activity,2026-09-26T14:36:16+00:00
a82321efe45af2c6,2016-02-05,Cucumbers,LONG SEEDLESS,each,,,,,No,,,,,,,,1.67,$/each,1.67,per each,Northwest,retail,,,environment=Greenhouse,,,,,5.0,3324,Weekly Grocery Store Specialty Crops Feature Activity,2026-09-26T14:36:16+00:00
025f9b6b424916a4,2016-02-05,Grapes,RED SEEDLESS,per lb,,,,,No,,,,,,,,3.83,$/per lb,3.83,per lb,Northwest,retail,,,,,,,,412.0,3324,Weekly Grocery Store Specialty Crops Feature Activity,2026-09-26T14:36:16+00:00
dc39f3426538af74,2016-02-05,Grapes,WHITE SEEDLESS TYPE,per lb,,,,,No,,,,,,,,3.98,$/per lb,3.98,per lb,Northwest,retail,,,,,,,,352.0,3324,Weekly Grocery Store Specialty Crops Feature Activity,2026-09-26T14:36:16+00:00
111f5e704836a4da,2016-02-05,Lemons,,each,,,,,Yes,,,,,,,,0.78,$/each,0.78,per each,Northwest,retail,,,,,,,,27.0,3324,Weekly Grocery Store Specialty Crops Feature Activity,2026-09-26T14:36:16+00:00
f744070c7b7d8eb0,2016-02-05,Lemons,,each,,,,,No,,,,,,,,0.87,$/each,0.87,per each,Northwest,retail,,,,,,,,494.0,3324,Weekly Grocery Store Specialty Crops Feature Activity,2026-09-26T14:36:16+00:00
f303ebd9fb8510a7,2016-02-05,Lemons,,per lb,,,,,Yes,,,,,,,,1.49,$/per lb,1.49,per lb,Northwest,retail,,,,,,,,13.0,3324,Weekly Grocery Store Specialty Crops Feature Activity,2026-09-26T14:36:16+00:00
0164c91ce0e5c91d,2016-02-05,Lettuce,Green Leaf,each,,,,,No,,,,,,,,1.15,$/each,1.15,per each,Northwest,retail,,,,,,,,22.0,3324,Weekly Grocery Store Specialty Crops Feature Activity,2026-09-26T14:36:16+00:00
91f10b1f4b5d15f7,2016-02-05,Lettuce,Red Leaf,each,,,,,No,,,,,,,,1.15,$/each,1.15,per each,Northwest,retail,,,,,,,,22.0,3324,Weekly Grocery Store Specialty Crops Feature Activity,2026-09-26T14:36:16+00:00
7a65afd12172f1ad,2016-02-05,Lettuce,Romaine,each,,,,,No,,,,,,,,1.06,$/each,1.06,per each,Northwest,retail,,,,,,,,20.0,3324,Weekly Grocery Store Specialty Crops Feature Activity,2026-09-26T14:36:16+00:00
673fcde9f9cefce8,2016-02-05,Lettuce,Romaine (Hearts),3 count,,,,,Yes,,,,,,,,2.84,$/3 count,,,Northwest,retail,,,,,,,,40.0,3324,Weekly Grocery Store Specialty Crops Feature Activity,2026-09-26T14:36:16+00:00
717e73dcafd86c8e,2016-02-05,Limes,,each,,,,,No,,,,,,,,0.32,$/each,0.32,per each,Northwest,retail,,,,,,,,568.0,3324,Weekly Grocery Store Specialty Crops Feature Activity,2026-09-26T14:36:16+00:00
9af84dfa7f96b3bb,2016-02-05,Limes,,per lb,,,,,Yes,,,,,,,,1.49,$/per lb,1.49,per lb,Northwest,retail,,,,,,,,13.0,3324,Weekly Grocery Store Specialty Crops Feature Activity,2026-09-26T14:36:16+00:00
51e80534d8d41141,2016-02-05,"Onions, Dry",RED,per lb,,,,,Yes,,,,,,,,0.99,$/per lb,0.99,per lb,Northwest,retail,,,,,,,,1.0,3324,Weekly Grocery Store Specialty Crops Feature Activity,2026-09-26T14:36:16+00:00
27a640a65a8f6fb3,2016-02-05,"Onions, Dry",WHITE,per lb,,,,,No,,,,,,,,0.98,$/per lb,0.98,per lb,Northwest,retail,,,,,,,,8.0,3324,Weekly Grocery Store Specialty Crops Feature Activity,2026-09-26T14:36:16+00:00
babb7d6bc5acb2b1,2016-02-05,"Onions, Dry",YELLOW,2 lb bag,,,,,No,,,,,,,,1.0,$/2 lb bag,0.5,per lb,Northwest,retail,,,,,,,,2.0,3324,Weekly Grocery Store Specialty Crops Feature Activity,2026-09-26T14:36:16+00:00
82164071c140b690,2016-02-05,"Onions, Dry",YELLOW,3 lb bag,,,,,Yes,,,,,,,,2.98,$/3 lb bag,0.9933,per lb,Northwest,retail,,,,,,,,297.0,3324,Weekly Grocery Store Specialty Crops Feature Activity,2026-09-26T14:36:16+00:00
98f0e73b0cfc0641,2016-02-05,"Onions, Dry",YELLOW,per lb,,,,,No,,,,,,,,0.74,$/per lb,0.74,per lb,Northwest,retail,,,,,,,,81.0,3324,Weekly Grocery Store Specialty Crops Feature Activity,2026-09-26T14:36:16+00:00
dced0790e74adfe4,2016-02-05,"Onions, Dry",YELLOW,per lb,,,,,Yes,,,,,,,,0.99,$/per lb,0.99,per lb,Northwest,retail,,,,,,,,121.0,3324,Weekly Grocery Store Specialty Crops Feature Activity,2026-09-26T14:36:16+00:00
5d60601ef27a6f13,2016-02-05,"Onions, Dry",YELLOW MARKED SWEET,per lb,,,,,No,,,,,,,,1.46,$/per lb,1.46,per lb,Northwest,retail,,,,,,,,371.0,3324,Weekly Grocery Store Specialty Crops Feature Activity,2026-09-26T14:36:16+00:00
47b31ae218ade6db,2016-02-05,"Peppers, Bell Type",GREEN,each,,,,,No,,,,,,,,1.5,$/each,1.5,per each,Northwest,retail,,,,,,,,9.0,3324,Weekly Grocery Store Specialty Crops Feature Activity,2026-09-26T14:36:16+00:00
9cf313cc88cf216d,2016-02-05,"Peppers, Bell Type",ORANGE,each,,,,,Yes,,,,,,,,1.5,$/each,1.5,per each,Northwest,retail,,,,,,,,9.0,3324,Weekly Grocery Store Specialty Crops Feature Activity,2026-09-26T14:36:16+00:00
ac30854f5c9c5099,2016-02-05,"Peppers, Bell Type",ORANGE,each,,,,,No,,,,,,,,1.42,$/each,1.42,per each,Northwest,retail,,,,,,,,47.0,3324,Weekly Grocery Store Specialty Crops Feature Activity,2026-09-26T14:36:16+00:00
0c4535c6e4766e81,2016-02-05,"Peppers, Bell Type",ORANGE,per lb,,,,,No,,,,,,,,3.99,$/per lb,3.99,per lb,Northwest,retail,,,,,,,,8.0,3324,Weekly Grocery Store Specialty Crops Feature Activity,2026-09-26T14:36:16+00:00
4adbb112febb0795,2016-02-05,"Peppers, Bell Type",RED,each,,,,,No,,,,,,,,1.43,$/each,1.43,per each,Northwest,retail,,,,,,,,56.0,3324,Weekly Grocery Store Specialty Crops Feature Activity,2026-09-26T14:36:16+00:00
73f0fef0711e4d6e,2016-02-05,"Peppers, Bell Type",RED,each,,,,,Yes,,,,,,,,1.5,$/each,1.5,per each,Northwest,retail,,,,,,,,9.0,3324,Weekly Grocery Store Specialty Crops Feature Activity,2026-09-26T14:36:16+00:00
c96613dfad1a31d2,2016-02-05,"Peppers, Bell Type",RED,per lb,,,,,Yes,,,,,,,,4.99,$/per lb,4.99,per lb,Northwest,retail,,,,,,,,10.0,3324,Weekly Grocery Store Specialty Crops Feature Activity,2026-09-26T14:36:16+00:00
fde941e2ad775953,2016-02-05,"Peppers, Bell Type",RED,per lb,,,,,No,,,,,,,,3.99,$/per lb,3.99,per lb,Northwest,retail,,,,,,,,8.0,3324,Weekly Grocery Store Specialty Crops Feature Activity,2026-09-26T14:36:16+00:00
3ac3d0125f475ad3,2016-02-05,"Peppers, Bell Type",YELLOW,each,,,,,Yes,,,,,,,,1.5,$/each,1.5,per each,Northwest,retail,,,,,,,,9.0,3324,Weekly Grocery Store Specialty Crops Feature Activity,2026-09-26T14:36:16+00:00
a1be9bc878f5e6fa,2016-02-05,"Peppers, Bell Type",YELLOW,each,,,,,No,,,,,,,,1.43,$/each,1.43,per each,Northwest,retail,,,,,,,,56.0,3324,Weekly Grocery Store Specialty Crops Feature Activity,2026-09-26T14:36:16+00:00
29f18cc6318a58ad,2016-02-05,"Peppers, Bell Type",YELLOW,per lb,,,,,No,,,,,,,,3.99,$/per lb,3.99,per lb,Northwest,retail,,,,,,,,8.0,3324,Weekly Grocery Store Specialty Crops Feature Activity,2026-09-26T14:36:16+00:00
3fa8a2555d6e5dd2,2016-02-05,Potatoes,ROUND RED,5 lb bag,,,,,No,,,,,,,,1.88,$/5 lb bag,0.376,per lb,Northwest,retail,,,,,,,,2.0,3324,Weekly Grocery Store Specialty Crops Feature Activity,2026-09-26T14:36:16+00:00
9767ed936bca5b1e,2016-02-05,Potatoes,RUSSET,10 lb bag,,,,,No,,,,,,,,2.55,$/10 lb bag,0.255,per lb,Northwest,retail,,,,,,,,32.0,3324,Weekly Grocery Store Specialty Crops Feature Activity,2026-09-26T14:36:16+00:00
bac1b649fddbb1a7,2016-02-05,Potatoes,RUSSET,3 lb bag,,,,,No,,,,,,,,1.0,$/3 lb bag,0.3333,per lb,Northwest,retail,,,,,,,,9.0,3324,Weekly Grocery Store Specialty Crops Feature Activity,2026-09-26T14:36:16+00:00
46a09623a8ab71ec,2016-02-05,Potatoes,RUSSET,5 lb bag,,,,,No,,,,,,,,2.45,$/5 lb bag,0.49,per lb,Northwest,retail,,,,,,,,294.0,3324,Weekly Grocery Store Specialty Crops Feature Activity,2026-09-26T14:36:16+00:00
e9a09ae10e774b19,2016-02-05,Potatoes,RUSSET,5 lb bag,,,,,Yes,,,,,,,,2.9,$/5 lb bag,0.58,per lb,Northwest,retail,,,,,,,,11.0,3324,Weekly Grocery Store Specialty Crops Feature Activity,2026-09-26T14:36:16+00:00
3bbc2724bc61de5c,2016-02-05,Potatoes,RUSSET,per lb,,,,,No,,,,,,,,0.57,$/per lb,0.57,per lb,Northwest,retail,,,,,,,,166.0,3324,Weekly Grocery Store Specialty Crops Feature Activity,2026-09-26T14:36:16+00:00
8edde0677a7fe1ac,2016-02-05,Potatoes,RUSSET,per lb,,,,,Yes,,,,,,,,0.99,$/per lb,0.99,per lb,Northwest,retail,,,,,,,,18.0,3324,Weekly Grocery Store Specialty Crops Feature Activity,2026-09-26T14:36:16+00:00
4fec1b5f686f2c5c,2016-02-05,Potatoes,YELLOW TYPE,5 lb bag,,,,,No,,,,,,,,1.88,$/5 lb bag,0.376,per lb,Northwest,retail,,,,,,,,2.0,3324,Weekly Grocery Store Specialty Crops Feature Activity,2026-09-26T14:36:16+00:00
f2178a709bff357b,2016-02-05,Potatoes,YELLOW TYPE,per lb,,,,,No,,,,,,,,1.29,$/per lb,1.29,per lb,Northwest,retail,,,,,,,,5.0,3324,Weekly Grocery Store Specialty Crops Feature Activity,2026-09-26T14:36:16+00:00
26ce5a0ab296b1ab,2016-02-05,Strawberries,,1 lb package,,,,,No,,,,,,,,3.99,$/1 lb package,3.99,per lb,Northwest,retail,,,,,,,,279.0,3324,Weekly Grocery Store Specialty Crops Feature Activity,2026-09-26T14:36:16+00:00
5e52fd9e3ee06869,2016-02-05,Tomatoes,Cherry Type,1 pint package,,,,,Yes,,,,,,,,3.99,$/1 pint package,,,Northwest,retail,,,,,,,,9.0,3324,Weekly Grocery Store Specialty Crops Feature Activity,2026-09-26T14:36:16+00:00
3d23f08c6388681e,2016-02-05,Tomatoes,GRAPE TYPE,1 pint package,,,,,Yes,,,,,,,,3.72,$/1 pint package,,,Northwest,retail,,,,,,,,11.0,3324,Weekly Grocery Store Specialty Crops Feature Activity,2026-09-26T14:36:16+00:00
7abdb4ece6dc080a,2016-02-05,Tomatoes,GRAPE TYPE,1 pint package,,,,,No,,,,,,,,2.65,$/1 pint package,,,Northwest,retail,,,,,,,,17.0,3324,Weekly Grocery Store Specialty Crops Feature Activity,2026-09-26T14:36:16+00:00
81767e918babf728,2016-02-05,Tomatoes,GRAPE TYPE,10 oz package,,,,,Yes,,,,,,,,2.05,$/10 oz package,3.28,per lb,Northwest,retail,,,,,,,,166.0,3324,Weekly Grocery Store Specialty Crops Feature Activity,2026-09-26T14:36:16+00:00
b49b228dec6499bb,2016-02-05,Tomatoes,GRAPE TYPE,10 oz package,,,,,No,,,,,,,,2.27,$/10 oz package,3.632,per lb,Northwest,retail,,,,,,,,117.0,3324,Weekly Grocery Store Specialty Crops Feature Activity,2026-09-26T14:36:16+00:00
55a6d29425cdce2d,2016-02-05,Tomatoes,Plum Type (Roma),per lb,,,,,No,,,,,,,,1.22,$/per lb,1.22,per lb,Northwest,retail,,,,,,,,821.0,3324,Weekly Grocery Store Specialty Crops Feature Activity,2026-09-26T14:36:16+00:00
6bccb7a69aca9b73,2016-02-05,Tomatoes,Plum Type (Roma),per lb,,,,,Yes,,,,,,,,1.48,$/per lb,1.48,per lb,Northwest,retail,,,,,,,,33.0,3324,Weekly Grocery Store Specialty Crops Feature Activity,2026-09-26T14:36:16+00:00
2e97253123485d93,2016-02-05,Tomatoes,Vine Ripes - Heirloom Varieties,per lb,,,,,No,,,,,,,,3.98,$/per lb,3.98,per lb,Northwest,retail,,,,,,,,5.0,3324,Weekly Grocery Store Specialty Crops Feature Activity,2026-09-26T14:36:16+00:00
00a7af94e99e3f0a,2016-02-05,Avocados,HASS,each,,,,,No,,,,,,,,0.77,$/each,0.77,per each,Southcentral,retail,,,,,,,,3330.0,3324,Weekly Grocery Store Specialty Crops Feature Activity,2026-09-26T14:36:16+00:00
d1e9232fbaedcc44,2016-02-05,Avocados,HASS,each,,,,,Yes,,,,,,,,1.27,$/each,1.27,per each,Southcentral,retail,,,,,,,,455.0,3324,Weekly Grocery Store Specialty Crops Feature Activity,2026-09-26T14:36:16+00:00
c9fcb0125f847fad,2016-02-05,Bananas,,per lb,,,,,No,,,,,,,,0.49,$/per lb,0.49,per lb,Southcentral,retail,,,,,,,,29.0,3324,Weekly Grocery Store Specialty Crops Feature Activity,2026-09-26T14:36:16+00:00
39432f77277ce7a7,2016-02-05,Blueberries,,1 pint package,,,,,No,,,,,,,,2.79,$/1 pint package,,,Southcentral,retail,,,,,,,,730.0,3324,Weekly Grocery Store Specialty Crops Feature Activity,2026-09-26T14:36:16+00:00
850c61be1c32f429,2016-02-05,Blueberries,,18 oz package,,,,,No,,,,,,,,6.99,$/18 oz package,6.2133,per lb,Southcentral,retail,,,,,,,,14.0,3324,Weekly Grocery Store Specialty Crops Feature Activity,2026-09-26T14:36:16+00:00
79d017b8b7680a4d,2016-02-05,Blueberries,,4.4 oz package,,,,,Yes,,,,,,,,3.99,$/4.4 oz package,14.5091,per lb,Southcentral,retail,,,,,,,,251.0,3324,Weekly Grocery Store Specialty Crops Feature Activity,2026-09-26T14:36:16+00:00
09635a70b000579a,2016-02-05,Blueberries,,6 oz package,,,,,No,,,,,,,,2.87,$/6 oz package,7.6533,per lb,Southcentral,retail,,,,,,,,402.0,3324,Weekly Grocery Store Specialty Crops Feature Activity,2026-09-26T14:36:16+00:00
08df632679d9d197,2016-02-05,Broccoli,,per bunch,,,,,Yes,,,,,,,,1.5,$/per bunch,,,Southcentral,retail,,,,,,,,73.0,3324,Weekly Grocery Store Specialty Crops Feature Activity,2026-09-26T14:36:16+00:00
89a393424cad8e23,2016-02-05,Broccoli,,per bunch,,,,,No,,,,,,,,1.51,$/per bunch,,,Southcentral,retail,,,,,,,,254.0,3324,Weekly Grocery Store Specialty Crops Feature Activity,2026-09-26T14:36:16+00:00
5c2124ad87c7d4cc,2016-02-05,Broccoli,,per lb,,,,,No,,,,,,,,1.29,$/per lb,1.29,per lb,Southcentral,retail,,,,,,,,6.0,3324,Weekly Grocery Store Specialty Crops Feature Activity,2026-09-26T14:36:16+00:00
17967db680632107,2016-02-05,Broccoli,CROWN CUT,per lb,,,,,No,,,,,,,,1.26,$/per lb,1.26,per lb,Southcentral,retail,,,,,,,,517.0,3324,Weekly Grocery Store Specialty Crops Feature Activity,2026-09-26T14:36:16+00:00
7f9a95a38bcdf9aa,2016-02-05,Carrots,BABY PEELED,1 lb bag,,,,,Yes,,,,,,,,1.46,$/1 lb bag,1.46,per lb,Southcentral,retail,,,,,,,,470.0,3324,Weekly Grocery Store Specialty Crops Feature Activity,2026-09-26T14:36:16+00:00
ef55ec63dd77771e,2016-02-05,Carrots,BABY PEELED,1 lb bag,,,,,No,,,,,,,,1.24,$/1 lb bag,1.24,per lb,Southcentral,retail,,,,,,,,1336.0,3324,Weekly Grocery Store Specialty Crops Feature Activity,2026-09-26T14:36:16+00:00
7ba288ff75f3a95b,2016-02-05,Carrots,BABY PEELED,2 lb bag,,,,,No,,,,,,,,2.38,$/2 lb bag,1.19,per lb,Southcentral,retail,,,,,,,,266.0,3324,Weekly Grocery Store Specialty Crops Feature Activity,2026-09-26T14:36:16+00:00
c2712c4ceb9cf05c,2016-02-05,Celery,,each,,,,,No,,,,,,,,1.23,$/each,1.23,per each,Southcentral,retail,,,,,,,,440.0,3324,Weekly Grocery Store Specialty Crops Feature Activity,2026-09-26T14:36:16+00:00
c5c9dd358dcf0fd4,2016-02-05,Cucumbers,,each,,,,,No,,,,,,,,0.87,$/each,0.87,per each,Southcentral,retail,,,,,,,,150.0,3324,Weekly Grocery Store Specialty Crops Feature Activity,2026-09-26T14:36:16+00:00
19ef5db3b39e7116,2016-02-05,Grapes,BLACK SEEDLESS,per lb,,,,,No,,,,,,,,2.69,$/per lb,2.69,per lb,Southcentral,retail,,,,,,,,29.0,3324,Weekly Grocery Store Specialty Crops Feature Activity,2026-09-26T14:36:16+00:00
bb45ebc901ec7547,2016-02-05,Grapes,RED SEEDLESS,per lb,,,,,No,,,,,,,,2.67,$/per lb,2.67,per lb,Southcentral,retail,,,,,,,,1012.0,3324,Weekly Grocery Store Specialty Crops Feature Activity,2026-09-26T14:36:16+00:00
2f27f6b01331c6ba,2016-02-05,Grapes,Red Globe Seeded Type,per lb,,,,,No,,,,,,,,2.41,$/per lb,2.41,per lb,Southcentral,retail,,,,,,,,81.0,3324,Weekly Grocery Store Specialty Crops Feature Activity,2026-09-26T14:36:16+00:00
ca86b098e0ce23fc,2016-02-05,Grapes,WHITE SEEDLESS TYPE,per lb,,,,,No,,,,,,,,2.91,$/per lb,2.91,per lb,Southcentral,retail,,,,,,,,625.0,3324,Weekly Grocery Store Specialty Crops Feature Activity,2026-09-26T14:36:16+00:00
bf6e7e50f02f25a7,2016-02-05,Lemons,,2 lb bag,,,,,Yes,,,,,,,,3.99,$/2 lb bag,1.995,per lb,Southcentral,retail,,,,,,,,74.0,3324,Weekly Grocery Store Specialty Crops Feature Activity,2026-09-26T14:36:16+00:00
cda45083617357ef,2016-02-05,Lemons,,2 lb bag,,,,,No,,,,,,,,3.18,$/2 lb bag,1.59,per lb,Southcentral,retail,,,,,,,,20.0,3324,Weekly Grocery Store Specialty Crops Feature Activity,2026-09-26T14:36:16+00:00
2cd54e128e336801,2016-02-05,Lemons,,each,,,,,Yes,,,,,,,,0.79,$/each,0.79,per each,Southcentral,retail,,,,,,,,110.0,3324,Weekly Grocery Store Specialty Crops Feature Activity,2026-09-26T14:36:16+00:00
da02d82b7f2d7374,2016-02-05,Lemons,,each,,,,,No,,,,,,,,0.28,$/each,0.28,per each,Southcentral,retail,,,,,,,,451.0,3324,Weekly Grocery Store Specialty Crops Feature Activity,2026-09-26T14:36:16+00:00
b333a17cc7f7f73d,2016-02-05,Lettuce,Green Leaf,each,,,,,Yes,,,,,,,,1.53,$/each,1.53,per each,Southcentral,retail,,,,,,,,78.0,3324,Weekly Grocery Store Specialty Crops Feature Activity,2026-09-26T14:36:16+00:00
bd8944994bb597d3,2016-02-05,Lettuce,Green Leaf,each,,,,,No,,,,,,,,1.22,$/each,1.22,per each,Southcentral,retail,,,,,,,,117.0,3324,Weekly Grocery Store Specialty Crops Feature Activity,2026-09-26T14:36:16+00:00
c267b939a40f188a,2016-02-05,Lettuce,Iceberg,each,,,,,No,,,,,,,,1.28,$/each,1.28,per each,Southcentral,retail,,,,,,,,95.0,3324,Weekly Grocery Store Specialty Crops Feature Activity,2026-09-26T14:36:16+00:00
cd7032cd7570352d,2016-02-05,Lettuce,Red Leaf,each,,,,,Yes,,,,,,,,1.53,$/each,1.53,per each,Southcentral,retail,,,,,,,,78.0,3324,Weekly Grocery Store Specialty Crops Feature Activity,2026-09-26T14:36:16+00:00
de65ac17b7b4bd0f,2016-02-05,Lettuce,Red Leaf,each,,,,,No,,,,,,,,1.04,$/each,1.04,per each,Southcentral,retail,,,,,,,,83.0,3324,Weekly Grocery Store Specialty Crops Feature Activity,2026-09-26T14:36:16+00:00
25a4d49cf1388546,2016-02-05,Lettuce,Romaine,each,,,,,Yes,,,,,,,,1.63,$/each,1.63,per each,Southcentral,retail,,,,,,,,99.0,3324,Weekly Grocery Store Specialty Crops Feature Activity,2026-09-26T14:36:16+00:00
82b3ba8b61fd1c19,2016-02-05,Lettuce,Romaine,each,,,,,No,,,,,,,,1.07,$/each,1.07,per each,Southcentral,retail,,,,,,,,102.0,3324,Weekly Grocery Store Specialty Crops Feature Activity,2026-09-26T14:36:16+00:00
eee9c216ba7fc69c,2016-02-05,Lettuce,Romaine (Hearts),3 count,,,,,Yes,,,,,,,,3.0,$/3 count,,,Southcentral,retail,,,,,,,,228.0,3324,Weekly Grocery Store Specialty Crops Feature Activity,2026-09-26T14:36:16+00:00
065e362d3ef6bd3e,2016-02-05,Limes,,each,,,,,No,,,,,,,,0.2,$/each,0.2,per each,Southcentral,retail,,,,,,,,830.0,3324,Weekly Grocery Store Specialty Crops Feature Activity,2026-09-26T14:36:16+00:00
8c6ceb6d6d67dc2b,2016-02-05,Limes,,per lb,,,,,No,,,,,,,,0.77,$/per lb,0.77,per lb,Southcentral,retail,,,,,,,,11.0,3324,Weekly Grocery Store Specialty Crops Feature Activity,2026-09-26T14:36:16+00:00
cecabb7d28cbbdde,2016-02-05,"Onions, Dry",RED,per lb,,,,,Yes,,,,,,,,0.98,$/per lb,0.98,per lb,Southcentral,retail,,,,,,,,5.0,3324,Weekly Grocery Store Specialty Crops Feature Activity,2026-09-26T14:36:16+00:00
f323158cd8fd2969,2016-02-05,"Onions, Dry",RED,per lb,,,,,No,,,,,,,,1.25,$/per lb,1.25,per lb,Southcentral,retail,,,,,,,,106.0,3324,Weekly Grocery Store Specialty Crops Feature Activity,2026-09-26T14:36:16+00:00
3d39f7afe0f207ed,2016-02-05,"Onions, Dry",WHITE,per lb,,,,,No,,,,,,,,1.08,$/per lb,1.08,per lb,Southcentral,retail,,,,,,,,158.0,3324,Weekly Grocery Store Specialty Crops Feature Activity,2026-09-26T14:36:16+00:00
23e344db15452dfc,2016-02-05,"Onions, Dry",YELLOW,2 lb bag,,,,,No,,,,,,,,1.0,$/2 lb bag,0.5,per lb,Southcentral,retail,,,,,,,,73.0,3324,Weekly Grocery Store Specialty Crops Feature Activity,2026-09-26T14:36:16+00:00
22a9bdb4bebeca87,2016-02-05,"Onions, Dry",YELLOW,3 lb bag,,,,,No,,,,,,,,1.55,$/3 lb bag,0.5167,per lb,Southcentral,retail,,,,,,,,484.0,3324,Weekly Grocery Store Specialty Crops Feature Activity,2026-09-26T14:36:16+00:00
4a1f00c78bc02fbc,2016-02-05,"Onions, Dry",YELLOW,3 lb bag,,,,,Yes,,,,,,,,2.58,$/3 lb bag,0.86,per lb,Southcentral,retail,,,,,,,,147.0,3324,Weekly Grocery Store Specialty Crops Feature Activity,2026-09-26T14:36:16+00:00
94ec5f5af036b761,2016-02-05,"Onions, Dry",YELLOW,per lb,,,,,No,,,,,,,,0.76,$/per lb,0.76,per lb,Southcentral,retail,,,,,,,,469.0,3324,Weekly Grocery Store Specialty Crops Feature Activity,2026-09-26T14:36:16+00:00
965e9b4282d223b5,2016-02-05,"Onions, Dry",YELLOW MARKED SWEET,per lb,,,,,No,,,,,,,,1.05,$/per lb,1.05,per lb,Southcentral,retail,,,,,,,,675.0,3324,Weekly Grocery Store Specialty Crops Feature Activity,2026-09-26T14:36:16+00:00
ff01703e0c74cb18,2016-02-05,"Peppers, Bell Type",GREEN,each,,,,,No,,,,,,,,0.5,$/each,0.5,per each,Southcentral,retail,,,,,,,,16.0,3324,Weekly Grocery Store Specialty Crops Feature Activity,2026-09-26T14:36:16+00:00
0e6e8ba1fd7e5740,2016-02-05,"Peppers, Bell Type",ORANGE,each,,,,,No,,,,,,,,1.25,$/each,1.25,per each,Southcentral,retail,,,environment=Greenhouse,,,,,51.0,3324,Weekly Grocery Store Specialty Crops Feature Activity,2026-09-26T14:36:16+00:00
f2ccb49a49a7706f,2016-02-05,"Peppers, Bell Type",ORANGE,each,,,,,No,,,,,,,,1.53,$/each,1.53,per each,Southcentral,retail,,,,,,,,75.0,3324,Weekly Grocery Store Specialty Crops Feature Activity,2026-09-26T14:36:16+00:00
a11f74d438822937,2016-02-05,"Peppers, Bell Type",RED,each,,,,,No,,,,,,,,1.07,$/each,1.07,per each,Southcentral,retail,,,,,,,,485.0,3324,Weekly Grocery Store Specialty Crops Feature Activity,2026-09-26T14:36:16+00:00
d5a861e24c9f0704,2016-02-05,"Peppers, Bell Type",RED,each,,,,,No,,,,,,,,1.25,$/each,1.25,per each,Southcentral,retail,,,environment=Greenhouse,,,,,51.0,3324,Weekly Grocery Store Specialty Crops Feature Activity,2026-09-26T14:36:16+00:00
0cc6fb09c2aa7868,2016-02-05,"Peppers, Bell Type",YELLOW,each,,,,,No,,,,,,,,1.25,$/each,1.25,per each,Southcentral,retail,,,environment=Greenhouse,,,,,51.0,3324,Weekly Grocery Store Specialty Crops Feature Activity,2026-09-26T14:36:16+00:00
d9d03cc0713638c7,2016-02-05,"Peppers, Bell Type",YELLOW,each,,,,,No,,,,,,,,1.53,$/each,1.53,per each,Southcentral,retail,,,,,,,,75.0,3324,Weekly Grocery Store Specialty Crops Feature Activity,2026-09-26T14:36:16+00:00
ab7313355c20aaab,2016-02-05,Potatoes,ROUND RED,5 lb bag,,,,,No,,,,,,,,2.38,$/5 lb bag,0.476,per lb,Southcentral,retail,,,,,,,,574.0,3324,Weekly Grocery Store Specialty Crops Feature Activity,2026-09-26T14:36:16+00:00
a043054ce5554ac5,2016-02-05,Potatoes,ROUND RED,per lb,,,,,No,,,,,,,,0.59,$/per lb,0.59,per lb,Southcentral,retail,,,,,,,,8.0,3324,Weekly Grocery Store Specialty Crops Feature Activity,2026-09-26T14:36:16+00:00
afcea59e06a0705b,2016-02-05,Potatoes,RUSSET,10 lb bag,,,,,No,,,,,,,,3.09,$/10 lb bag,0.309,per lb,Southcentral,retail,,,,,,,,481.0,3324,Weekly Grocery Store Specialty Crops Feature Activity,2026-09-26T14:36:16+00:00
9794190b2cfb5621,2016-02-05,Potatoes,RUSSET,3 lb bag,,,,,Yes,,,,,,,,1.99,$/3 lb bag,0.6633,per lb,Southcentral,retail,,,,,,,,210.0,3324,Weekly Grocery Store Specialty Crops Feature Activity,2026-09-26T14:36:16+00:00
df5edef2cd5b8993,2016-02-05,Potatoes,RUSSET,5 lb bag,,,,,Yes,,,,,,,,2.99,$/5 lb bag,0.598,per lb,Southcentral,retail,,,,,,,,47.0,3324,Weekly Grocery Store Specialty Crops Feature Activity,2026-09-26T14:36:16+00:00
eb1443e9969ea432,2016-02-05,Potatoes,RUSSET,5 lb bag,,,,,No,,,,,,,,1.9,$/5 lb bag,0.38,per lb,Southcentral,retail,,,,,,,,286.0,3324,Weekly Grocery Store Specialty Crops Feature Activity,2026-09-26T14:36:16+00:00
31f89032502a255c,2016-02-05,Potatoes,RUSSET,8 lb bag,,,,,No,,,,,,,,1.99,$/8 lb bag,0.2487,per lb,Southcentral,retail,,,,,,,,9.0,3324,Weekly Grocery Store Specialty Crops Feature Activity,2026-09-26T14:36:16+00:00
52052a54c15a2bb6,2016-02-05,Potatoes,RUSSET,per lb,,,,,No,,,,,,,,0.61,$/per lb,0.61,per lb,Southcentral,retail,,,,,,,,305.0,3324,Weekly Grocery Store Specialty Crops Feature Activity,2026-09-26T14:36:16+00:00
afc4877cda63a23b,2016-02-05,Potatoes,RUSSET,per lb,,,,,Yes,,,,,,,,0.99,$/per lb,0.99,per lb,Southcentral,retail,,,,,,,,68.0,3324,Weekly Grocery Store Specialty Crops Feature Activity,2026-09-26T14:36:16+00:00
3728b1aedad575f0,2016-02-05,Potatoes,YELLOW TYPE,5 lb bag,,,,,No,,,,,,,,2.34,$/5 lb bag,0.468,per lb,Southcentral,retail,,,,,,,,518.0,3324,Weekly Grocery Store Specialty Crops Feature Activity,2026-09-26T14:36:16+00:00
6d7344af777de410,2016-02-05,Strawberries,,1 lb package,,,,,No,,,,,,,,2.5,$/1 lb package,2.5,per lb,Southcentral,retail,,,,,,,,169.0,3324,Weekly Grocery Store Specialty Crops Feature Activity,2026-09-26T14:36:16+00:00
9291c8048c307bdc,2016-02-05,Tomatoes,GRAPE TYPE,1 pint package,,,,,No,,,,,,,,2.41,$/1 pint package,,,Southcentral,retail,,,,,,,,135.0,3324,Weekly Grocery Store Specialty Crops Feature Activity,2026-09-26T14:36:16+00:00
f30edc8e5ffdc1a1,2016-02-05,Tomatoes,GRAPE TYPE,1 pint package,,,,,Yes,,,,,,,,2.99,$/1 pint package,,,Southcentral,retail,,,,,,,,111.0,3324,Weekly Grocery Store Specialty Crops Feature Activity,2026-09-26T14:36:16+00:00
284c4a209b5aa15e,2016-02-05,Tomatoes,GRAPE TYPE,10 oz package,,,,,No,,,,,,,,2.37,$/10 oz package,3.792,per lb,Southcentral,retail,,,,,,,,142.0,3324,Weekly Grocery Store Specialty Crops Feature Activity,2026-09-26T14:36:16+00:00
21c9d21675e7c4dc,2016-02-05,Tomatoes,Plum Type (Roma),per lb,,,,,No,,,,,,,,1.01,$/per lb,1.01,per lb,Southcentral,retail,,,,,,,,1793.0,3324,Weekly Grocery Store Specialty Crops Feature Activity,2026-09-26T14:36:16+00:00
3cabcebca88e5969,2016-02-05,Tomatoes,VINE RIPES,per lb,,,,,No,,,,,,,,1.96,$/per lb,1.96,per lb,Southcentral,retail,,,,,,,,12.0,3324,Weekly Grocery Store Specialty Crops Feature Activity,2026-09-26T14:36:16+00:00
41c6c435ea11f98e,2016-02-05,Tomatoes,VINE RIPES,per lb,,,,,No,,,,,,,,2.99,$/per lb,2.99,per lb,Southcentral,retail,,,environment=Greenhouse,,,,,40.0,3324,Weekly Grocery Store Specialty Crops Feature Activity,2026-09-26T14:36:16+00:00
c3c03a4f7c822353,2016-02-05,Tomatoes,VINE RIPES - ON THE VINE,per lb,,,,,No,,,,,,,,1.79,$/per lb,1.79,per lb,Southcentral,retail,,,environment=Greenhouse,,,,,11.0,3324,Weekly Grocery Store Specialty Crops Feature Activity,2026-09-26T14:36:16+00:00
c4dc86282baad927,2016-02-05,Tomatoes,VINE RIPES - ON THE VINE,per lb,,,,,Yes,,,,,,,,1.98,$/per lb,1.98,per lb,Southcentral,retail,,,environment=Greenhouse,,,,,73.0,3324,Weekly Grocery Store Specialty Crops Feature Activity,2026-09-26T14:36:16+00:00
6e4fa02a057e455f,2016-02-05,Avocados,HASS,each,,,,,No,,,,,,,,0.78,$/each,0.78,per each,Southeast,retail,,,,,,,,5609.0,3324,Weekly Grocery Store Specialty Crops Feature Activity,2026-09-26T14:36:16+00:00
a4e2950c858b60fd,2016-02-05,Avocados,HASS,each,,,,,Yes,,,,,,,,1.43,$/each,1.43,per each,Southeast,retail,,,,,,,,49.0,3324,Weekly Grocery Store Specialty Crops Feature Activity,2026-09-26T14:36:16+00:00
f0d89ac147ded875,2016-02-05,Avocados,VARIOUS GREENSKIN VARIETIES,each,,,,,No,,,,,,,,0.99,$/each,0.99,per each,Southeast,retail,,,,,,,,2.0,3324,Weekly Grocery Store Specialty Crops Feature Activity,2026-09-26T14:36:16+00:00
53f3be4c277886ac,2016-02-05,Bananas,,per lb,,,,,Yes,,,,,,,,0.79,$/per lb,0.79,per lb,Southeast,retail,,,,,,,,235.0,3324,Weekly Grocery Store Specialty Crops Feature Activity,2026-09-26T14:36:16+00:00
e761a29dce2e209b,2016-02-05,Bananas,,per lb,,,,,No,,,,,,,,0.49,$/per lb,0.49,per lb,Southeast,retail,,,,,,,,52.0,3324,Weekly Grocery Store Specialty Crops Feature Activity,2026-09-26T14:36:16+00:00
e9f07458a3288bd6,2016-02-05,Blueberries,,1 pint package,,,,,No,,,,,,,,2.94,$/1 pint package,,,Southeast,retail,,,,,,,,2527.0,3324,Weekly Grocery Store Specialty Crops Feature Activity,2026-09-26T14:36:16+00:00
9fe4fc236feedb99,2016-02-05,Blueberries,,18 oz package,,,,,No,,,,,,,,6.99,$/18 oz package,6.2133,per lb,Southeast,retail,,,,,,,,104.0,3324,Weekly Grocery Store Specialty Crops Feature Activity,2026-09-26T14:36:16+00:00
a0b81c5051b86395,2016-02-05,Blueberries,,4.4 oz package,,,,,Yes,,,,,,,,3.99,$/4.4 oz package,14.5091,per lb,Southeast,retail,,,,,,,,398.0,3324,Weekly Grocery Store Specialty Crops Feature Activity,2026-09-26T14:36:16+00:00
913f2960d24aaa89,2016-02-05,Blueberries,,6 oz package,,,,,Yes,,,,,,,,3.49,$/6 oz package,9.3067,per lb,Southeast,retail,,,,,,,,4.0,3324,Weekly Grocery Store Specialty Crops Feature Activity,2026-09-26T14:36:16+00:00
df70dc02ac74caad,2016-02-05,Blueberries,,6 oz package,,,,,No,,,,,,,,3.01,$/6 oz package,8.0267,per lb,Southeast,retail,,,,,,,,341.0,3324,Weekly Grocery Store Specialty Crops Feature Activity,2026-09-26T14:36:16+00:00
0c4f498b381b7e39,2016-02-05,Broccoli,,per bunch,,,,,No,,,,,,,,2.23,$/per bunch,,,Southeast,retail,,,,,,,,473.0,3324,Weekly Grocery Store Specialty Crops Feature Activity,2026-09-26T14:36:16+00:00
965cf6fbf4793cce,2016-02-05,Broccoli,,per bunch,,,,,Yes,,,,,,,,3.43,$/per bunch,,,Southeast,retail,,,,,,,,221.0,3324,Weekly Grocery Store Specialty Crops Feature Activity,2026-09-26T14:36:16+00:00
dcbfa7f5c43cbab7,2016-02-05,Broccoli,,per lb,,,,,Yes,,,,,,,,1.43,$/per lb,1.43,per lb,Southeast,retail,,,,,,,,45.0,3324,Weekly Grocery Store Specialty Crops Feature Activity,2026-09-26T14:36:16+00:00
e721f2053ee75fd0,2016-02-05,Broccoli,,per lb,,,,,No,,,,,,,,1.99,$/per lb,1.99,per lb,Southeast,retail,,,,,,,,10.0,3324,Weekly Grocery Store Specialty Crops Feature Activity,2026-09-26T14:36:16+00:00
11b08fb962ccf972,2016-02-05,Broccoli,CROWN CUT,per lb,,,,,No,,,,,,,,1.67,$/per lb,1.67,per lb,Southeast,retail,,,,,,,,1956.0,3324,Weekly Grocery Store Specialty Crops Feature Activity,2026-09-26T14:36:16+00:00
df03b379defb2341,2016-02-05,Carrots,,1 lb bag,,,,,Yes,,,,,,,,1.8,$/1 lb bag,1.8,per lb,Southeast,retail,,,,,,,,13.0,3324,Weekly Grocery Store Specialty Crops Feature Activity,2026-09-26T14:36:16+00:00
34ab3281294ff3e0,2016-02-05,Carrots,BABY PEELED,1 lb bag,,,,,No,,,,,,,,1.28,$/1 lb bag,1.28,per lb,Southeast,retail,,,,,,,,2590.0,3324,Weekly Grocery Store Specialty Crops Feature Activity,2026-09-26T14:36:16+00:00
6e44e0e34bce8d13,2016-02-05,Carrots,BABY PEELED,1 lb bag,,,,,Yes,,,,,,,,1.73,$/1 lb bag,1.73,per lb,Southeast,retail,,,,,,,,21.0,3324,Weekly Grocery Store Specialty Crops Feature Activity,2026-09-26T14:36:16+00:00
215cdf2ef1c1f030,2016-02-05,Carrots,BABY PEELED,2 lb bag,,,,,No,,,,,,,,2.07,$/2 lb bag,1.035,per lb,Southeast,retail,,,,,,,,112.0,3324,Weekly Grocery Store Specialty Crops Feature Activity,2026-09-26T14:36:16+00:00
bcedd04e1eb0509e,2016-02-05,Celery,,each,,,,,No,,,,,,,,1.47,$/each,1.47,per each,Southeast,retail,,,,,,,,1145.0,3324,Weekly Grocery Store Specialty Crops Feature Activity,2026-09-26T14:36:16+00:00
a3ee315b2cebd5f5,2016-02-05,Celery,HEARTS,each,,,,,No,,,,,,,,2.99,$/each,2.99,per each,Southeast,retail,,,,,,,,11.0,3324,Weekly Grocery Store Specialty Crops Feature Activity,2026-09-26T14:36:16+00:00
784b890e53037c40,2016-02-05,Celery,HEARTS,per lb,,,,,No,,,,,,,,2.29,$/per lb,2.29,per lb,Southeast,retail,,,,,,,,1002.0,3324,Weekly Grocery Store Specialty Crops Feature Activity,2026-09-26T14:36:16+00:00
7030e5a701f6d455,2016-02-05,Cucumbers,,each,,,,,No,,,,,,,,0.71,$/each,0.71,per each,Southeast,retail,,,,,,,,102.0,3324,Weekly Grocery Store Specialty Crops Feature Activity,2026-09-26T14:36:16+00:00
98f0a8bdb735b15f,2016-02-05,Cucumbers,LONG SEEDLESS,each,,,,,No,,,,,,,,1.28,$/each,1.28,per each,Southeast,retail,,,environment=Greenhouse,,,,,1260.0,3324,Weekly Grocery Store Specialty Crops Feature Activity,2026-09-26T14:36:16+00:00
de7358ae95d22159,2016-02-05,Grapes,RED SEEDLESS,per lb,,,,,No,,,,,,,,2.46,$/per lb,2.46,per lb,Southeast,retail,,,,,,,,4191.0,3324,Weekly Grocery Store Specialty Crops Feature Activity,2026-09-26T14:36:16+00:00
caf6e7e380bb3ae4,2016-02-05,Grapes,Red Globe Seeded Type,per lb,,,,,No,,,,,,,,2.43,$/per lb,2.43,per lb,Southeast,retail,,,,,,,,952.0,3324,Weekly Grocery Store Specialty Crops Feature Activity,2026-09-26T14:36:16+00:00
ae011dcbdda7bcf4,2016-02-05,Grapes,WHITE SEEDLESS TYPE,per lb,,,,,No,,,,,,,,2.14,$/per lb,2.14,per lb,Southeast,retail,,,,,,,,775.0,3324,Weekly Grocery Store Specialty Crops Feature Activity,2026-09-26T14:36:16+00:00
d7682ab430b3a072,2016-02-05,Lemons,,2 lb bag,,,,,No,,,,,,,,2.98,$/2 lb bag,1.49,per lb,Southeast,retail,,,,,,,,24.0,3324,Weekly Grocery Store Specialty Crops Feature Activity,2026-09-26T14:36:16+00:00
f7d9057a2b25a88e,2016-02-05,Lemons,,2 lb bag,,,,,Yes,,,,,,,,3.75,$/2 lb bag,1.875,per lb,Southeast,retail,,,,,,,,145.0,3324,Weekly Grocery Store Specialty Crops Feature Activity,2026-09-26T14:36:16+00:00
2a7e75cc5d180a0c,2016-02-05,Lemons,,each,,,,,Yes,,,,,,,,0.69,$/each,0.69,per each,Southeast,retail,,,,,,,,214.0,3324,Weekly Grocery Store Specialty Crops Feature Activity,2026-09-26T14:36:16+00:00
9e9bd617ad799358,2016-02-05,Lemons,,each,,,,,No,,,,,,,,0.64,$/each,0.64,per each,Southeast,retail,,,,,,,,1229.0,3324,Weekly Grocery Store Specialty Crops Feature Activity,2026-09-26T14:36:16+00:00
2263984afb9300b0,2016-02-05,Lettuce,Green Leaf,each,,,,,Yes,,,,,,,,1.98,$/each,1.98,per each,Southeast,retail,,,,,,,,221.0,3324,Weekly Grocery Store Specialty Crops Feature Activity,2026-09-26T14:36:16+00:00
a28cf36a85935c8d,2016-02-05,Lettuce,Green Leaf,each,,,,,No,,,,,,,,1.41,$/each,1.41,per each,Southeast,retail,,,,,,,,1191.0,3324,Weekly Grocery Store Specialty Crops Feature Activity,2026-09-26T14:36:16+00:00
f12cec1ed3f010f6,2016-02-05,Lettuce,Iceberg,each,,,,,No,,,,,,,,1.03,$/each,1.03,per each,Southeast,retail,,,,,,,,84.0,3324,Weekly Grocery Store Specialty Crops Feature Activity,2026-09-26T14:36:16+00:00
7e214ed435a3a831,2016-02-05,Lettuce,Red Leaf,each,,,,,Yes,,,,,,,,1.98,$/each,1.98,per each,Southeast,retail,,,,,,,,221.0,3324,Weekly Grocery Store Specialty Crops Feature Activity,2026-09-26T14:36:16+00:00
bfd66606af122acd,2016-02-05,Lettuce,Red Leaf,each,,,,,No,,,,,,,,1.43,$/each,1.43,per each,Southeast,retail,,,,,,,,1158.0,3324,Weekly Grocery Store Specialty Crops Feature Activity,2026-09-26T14:36:16+00:00
075438aa42291b38,2016-02-05,Lettuce,Romaine,each,,,,,Yes,,,,,,,,1.5,$/each,1.5,per each,Southeast,retail,,,,,,,,7.0,3324,Weekly Grocery Store Specialty Crops Feature Activity,2026-09-26T14:36:16+00:00
f2ab311ef99c1b17,2016-02-05,Lettuce,Romaine,each,,,,,No,,,,,,,,0.99,$/each,0.99,per each,Southeast,retail,,,,,,,,120.0,3324,Weekly Grocery Store Specialty Crops Feature Activity,2026-09-26T14:36:16+00:00
a58022600161dfe9,2016-02-05,Lettuce,Romaine (Hearts),3 count,,,,,Yes,,,,,,,,3.99,$/3 count,,,Southeast,retail,,,,,,,,42.0,3324,Weekly Grocery Store Specialty Crops Feature Activity,2026-09-26T14:36:16+00:00
f2314c59fe67751a,2016-02-05,Lettuce,Romaine (Hearts),3 count,,,,,No,,,,,,,,1.99,$/3 count,,,Southeast,retail,,,,,,,,216.0,3324,Weekly Grocery Store Specialty Crops Feature Activity,2026-09-26T14:36:16+00:00
ec032679ac12dc92,2016-02-05,Limes,,each,,,,,No,,,,,,,,0.36,$/each,0.36,per each,Southeast,retail,,,,,,,,1330.0,3324,Weekly Grocery Store Specialty Crops Feature Activity,2026-09-26T14:36:16+00:00
48a1b2c8bff3f264,2016-02-05,"Onions, Dry",RED,2 lb bag,,,,,No,,,,,,,,1.03,$/2 lb bag,0.515,per lb,Southeast,retail,,,,,,,,259.0,3324,Weekly Grocery Store Specialty Crops Feature Activity,2026-09-26T14:36:16+00:00
063e19a555669713,2016-02-05,"Onions, Dry",RED,per lb,,,,,No,,,,,,,,1.03,$/per lb,1.03,per lb,Southeast,retail,,,,,,,,789.0,3324,Weekly Grocery Store Specialty Crops Feature Activity,2026-09-26T14:36:16+00:00
a29ce800e1a31d3e,2016-02-05,"Onions, Dry",WHITE,2 lb bag,,,,,No,,,,,,,,1.99,$/2 lb bag,0.995,per lb,Southeast,retail,,,,,,,,10.0,3324,Weekly Grocery Store Specialty Crops Feature Activity,2026-09-26T14:36:16+00:00
439613e5c4266c87,2016-02-05,"Onions, Dry",WHITE,per lb,,,,,No,,,,,,,,0.6,$/per lb,0.6,per lb,Southeast,retail,,,,,,,,270.0,3324,Weekly Grocery Store Specialty Crops Feature Activity,2026-09-26T14:36:16+00:00
fe6d1fff18bf44f4,2016-02-05,"Onions, Dry",YELLOW,2 lb bag,,,,,No,,,,,,,,0.79,$/2 lb bag,0.395,per lb,Southeast,retail,,,,,,,,2.0,3324,Weekly Grocery Store Specialty Crops Feature Activity,2026-09-26T14:36:16+00:00
7ceb801c3f596eb8,2016-02-05,"Onions, Dry",YELLOW,3 lb bag,,,,,No,,,,,,,,1.52,$/3 lb bag,0.5067,per lb,Southeast,retail,,,,,,,,715.0,3324,Weekly Grocery Store Specialty Crops Feature Activity,2026-09-26T14:36:16+00:00
a585bebfe29ac8a4,2016-02-05,"Onions, Dry",YELLOW,3 lb bag,,,,,Yes,,,,,,,,2.89,$/3 lb bag,0.9633,per lb,Southeast,retail,,,,,,,,12.0,3324,Weekly Grocery Store Specialty Crops Feature Activity,2026-09-26T14:36:16+00:00
ef2c825eb64206be,2016-02-05,"Onions, Dry",YELLOW,per lb,,,,,No,,,,,,,,1.08,$/per lb,1.08,per lb,Southeast,retail,,,,,,,,85.0,3324,Weekly Grocery Store Specialty Crops Feature Activity,2026-09-26T14:36:16+00:00
db682f4e395e5fa9,2016-02-05,"Onions, Dry",YELLOW MARKED SWEET,3 lb bag,,,,,No,,,,,,,,1.66,$/3 lb bag,0.5533,per lb,Southeast,retail,,,,,,,,1151.0,3324,Weekly Grocery Store Specialty Crops Feature Activity,2026-09-26T14:36:16+00:00
0711accee66b95c6,2016-02-05,"Onions, Dry",YELLOW MARKED SWEET,per lb,,,,,No,,,,,,,,1.06,$/per lb,1.06,per lb,Southeast,retail,,,,,,,,1821.0,3324,Weekly Grocery Store Specialty Crops Feature Activity,2026-09-26T14:36:16+00:00
6b3d126a79b40d71,2016-02-05,"Peppers, Bell Type",ORANGE,each,,,,,No,,,,,,,,1.55,$/each,1.55,per each,Southeast,retail,,,,,,,,59.0,3324,Weekly Grocery Store Specialty Crops Feature Activity,2026-09-26T14:36:16+00:00
bd4ee18d1f3f6fa3,2016-02-05,"Peppers, Bell Type",ORANGE,per lb,,,,,No,,,,,,,,1.99,$/per lb,1.99,per lb,Southeast,retail,,,,,,,,2.0,3324,Weekly Grocery Store Specialty Crops Feature Activity,2026-09-26T14:36:16+00:00
abdf2f886484f7b4,2016-02-05,"Peppers, Bell Type",RED,each,,,,,No,,,,,,,,1.41,$/each,1.41,per each,Southeast,retail,,,,,,,,111.0,3324,Weekly Grocery Store Specialty Crops Feature Activity,2026-09-26T14:36:16+00:00
a8d409fd759e1929,2016-02-05,"Peppers, Bell Type",RED,per lb,,,,,No,,,,,,,,2.48,$/per lb,2.48,per lb,Southeast,retail,,,,,,,,97.0,3324,Weekly Grocery Store Specialty Crops Feature Activity,2026-09-26T14:36:16+00:00
f546ecf74fa24d70,2016-02-05,"Peppers, Bell Type",YELLOW,each,,,,,No,,,,,,,,1.55,$/each,1.55,per each,Southeast,retail,,,,,,,,59.0,3324,Weekly Grocery Store Specialty Crops Feature Activity,2026-09-26T14:36:16+00:00
0125f26532a68d55,2016-02-05,Potatoes,ROUND RED,3 lb bag,,,,,No,,,,,,,,1.44,$/3 lb bag,0.48,per lb,Southeast,retail,,,,,,,,44.0,3324,Weekly Grocery Store Specialty Crops Feature Activity,2026-09-26T14:36:16+00:00
13de5e2189527c04,2016-02-05,Potatoes,ROUND RED,3 lb bag,,,,,Yes,,,,,,,,3.55,$/3 lb bag,1.1833,per lb,Southeast,retail,,,,,,,,107.0,3324,Weekly Grocery Store Specialty Crops Feature Activity,2026-09-26T14:36:16+00:00
0a1fd3cb04d23230,2016-02-05,Potatoes,ROUND RED,5 lb bag,,,,,No,,,,,,,,3.09,$/5 lb bag,0.618,per lb,Southeast,retail,,,,,,,,2447.0,3324,Weekly Grocery Store Specialty Crops Feature Activity,2026-09-26T14:36:16+00:00
96b177e65a1a3f95,2016-02-05,Potatoes,ROUND WHITE,5 lb bag,,,,,No,,,,,,,,3.42,$/5 lb bag,0.684,per lb,Southeast,retail,,,,,,,,1143.0,3324,Weekly Grocery Store Specialty Crops Feature Activity,2026-09-26T14:36:16+00:00
ed69da4ded1035a7,2016-02-05,Potatoes,RUSSET,10 lb bag,,,,,No,,,,,,,,3.46,$/10 lb bag,0.346,per lb,Southeast,retail,,,,,,,,529.0,3324,Weekly Grocery Store Specialty Crops Feature Activity,2026-09-26T14:36:16+00:00
3d7323a880913ab6,2016-02-05,Potatoes,RUSSET,3 lb bag,,,,,No,,,,,,,,0.88,$/3 lb bag,0.2933,per lb,Southeast,retail,,,,,,,,2.0,3324,Weekly Grocery Store Specialty Crops Feature Activity,2026-09-26T14:36:16+00:00
e3319b0fd0699be2,2016-02-05,Potatoes,RUSSET,3 lb bag,,,,,Yes,,,,,,,,2.26,$/3 lb bag,0.7533,per lb,Southeast,retail,,,,,,,,613.0,3324,Weekly Grocery Store Specialty Crops Feature Activity,2026-09-26T14:36:16+00:00
66a78b2987852a60,2016-02-05,Potatoes,RUSSET,5 lb bag,,,,,No,,,,,,,,2.25,$/5 lb bag,0.45,per lb,Southeast,retail,,,,,,,,1361.0,3324,Weekly Grocery Store Specialty Crops Feature Activity,2026-09-26T14:36:16+00:00
df489c38f58f2795,2016-02-05,Potatoes,RUSSET,8 lb bag,,,,,No,,,,,,,,2.69,$/8 lb bag,0.3362,per lb,Southeast,retail,,,,,,,,32.0,3324,Weekly Grocery Store Specialty Crops Feature Activity,2026-09-26T14:36:16+00:00
591294d60639d631,2016-02-05,Potatoes,RUSSET,per lb,,,,,No,,,,,,,,0.84,$/per lb,0.84,per lb,Southeast,retail,,,,,,,,315.0,3324,Weekly Grocery Store Specialty Crops Feature Activity,2026-09-26T14:36:16+00:00
516d7061edf33f7c,2016-02-05,Potatoes,YELLOW TYPE,3 lb bag,,,,,Yes,,,,,,,,3.99,$/3 lb bag,1.33,per lb,Southeast,retail,,,,,,,,60.0,3324,Weekly Grocery Store Specialty Crops Feature Activity,2026-09-26T14:36:16+00:00
cb308354cb0c2fc1,2016-02-05,Potatoes,YELLOW TYPE,5 lb bag,,,,,No,,,,,,,,2.42,$/5 lb bag,0.484,per lb,Southeast,retail,,,,,,,,818.0,3324,Weekly Grocery Store Specialty Crops Feature Activity,2026-09-26T14:36:16+00:00
64c33a97681ee4f1,2016-02-05,Strawberries,,1 lb package,,,,,No,,,,,,,,1.51,$/1 lb package,1.51,per lb,Southeast,retail,,,,,,,,512.0,3324,Weekly Grocery Store Specialty Crops Feature Activity,2026-09-26T14:36:16+00:00
acd5bdfc566ffe31,2016-02-05,Tomatoes,,per lb,,,,,No,,,,,,,,1.99,$/per lb,1.99,per lb,Southeast,retail,,,,,,,,7.0,3324,Weekly Grocery Store Specialty Crops Feature Activity,2026-09-26T14:36:16+00:00
13b782cacafe6302,2016-02-05,Tomatoes,GRAPE TYPE,1 pint package,,,,,Yes,,,,,,,,2.67,$/1 pint package,,,Southeast,retail,,,,,,,,391.0,3324,Weekly Grocery Store Specialty Crops Feature Activity,2026-09-26T14:36:16+00:00
d3116aed3efe8f24,2016-02-05,Tomatoes,GRAPE TYPE,1 pint package,,,,,No,,,,,,,,2.43,$/1 pint package,,,Southeast,retail,,,,,,,,378.0,3324,Weekly Grocery Store Specialty Crops Feature Activity,2026-09-26T14:36:16+00:00
af9f8a87427c935a,2016-02-05,Tomatoes,GRAPE TYPE,10 oz package,,,,,No,,,,,,,,1.99,$/10 oz package,3.184,per lb,Southeast,retail,,,,,,,,90.0,3324,Weekly Grocery Store Specialty Crops Feature Activity,2026-09-26T14:36:16+00:00
4c6ec2db2e57f104,2016-02-05,Tomatoes,Plum Type (Roma),per lb,,,,,Yes,,,,,,,,1.99,$/per lb,1.99,per lb,Southeast,retail,,,,,,,,214.0,3324,Weekly Grocery Store Specialty Crops Feature Activity,2026-09-26T14:36:16+00:00
8dcb6ab80c98ef58,2016-02-05,Tomatoes,Plum Type (Roma),per lb,,,,,No,,,,,,,,1.17,$/per lb,1.17,per lb,Southeast,retail,,,,,,,,3572.0,3324,Weekly Grocery Store Specialty Crops Feature Activity,2026-09-26T14:36:16+00:00
2b900f9f76615f29,2016-02-05,Tomatoes,VINE RIPES,per lb,,,,,No,,,,,,,,1.47,$/per lb,1.47,per lb,Southeast,retail,,,,,,,,86.0,3324,Weekly Grocery Store Specialty Crops Feature Activity,2026-09-26T14:36:16+00:00
5a59e257d4f4d757,2016-02-05,Tomatoes,VINE RIPES,per lb,,,,,Yes,,,,,,,,1.98,$/per lb,1.98,per lb,Southeast,retail,,,,,,,,7.0,3324,Weekly Grocery Store Specialty Crops Feature Activity,2026-09-26T14:36:16+00:00
b54de3a6d695108a,2016-02-05,Tomatoes,VINE RIPES - ON THE VINE,per lb,,,,,No,,,,,,,,1.44,$/per lb,1.44,per lb,Southeast,retail,,,environment=Greenhouse,,,,,274.0,3324,Weekly Grocery Store Specialty Crops Feature Activity,2026-09-26T14:36:16+00:00
f23b8b59f94f84d9,2016-02-05,Avocados,HASS,each,,,,,No,,,,,,,,0.85,$/each,0.85,per each,Southwest,retail,,,,,,,,2167.0,3324,Weekly Grocery Store Specialty Crops Feature Activity,2026-09-26T14:36:16+00:00
fa90dfc9f95a0117,2016-02-05,Avocados,HASS,each,,,,,Yes,,,,,,,,1.34,$/each,1.34,per each,Southwest,retail,,,,,,,,328.0,3324,Weekly Grocery Store Specialty Crops Feature Activity,2026-09-26T14:36:16+00:00
96de81a698ce3fc7,2016-02-05,Bananas,,per lb,,,,,No,,,,,,,,0.64,$/per lb,0.64,per lb,Southwest,retail,,,,,,,,61.0,3324,Weekly Grocery Store Specialty Crops Feature Activity,2026-09-26T14:36:16+00:00
64537d0fae7f253d,2016-02-05,Blueberries,,1 pint package,,,,,No,,,,,,,,3.63,$/1 pint package,,,Southwest,retail,,,,,,,,156.0,3324,Weekly Grocery Store Specialty Crops Feature Activity,2026-09-26T14:36:16+00:00
a55de4a27c378665,2016-02-05,Blueberries,,18 oz package,,,,,No,,,,,,,,4.73,$/18 oz package,4.2044,per lb,Southwest,retail,,,,,,,,384.0,3324,Weekly Grocery Store Specialty Crops Feature Activity,2026-09-26T14:36:16+00:00
182780738a3f2ada,2016-02-05,Blueberries,,4.4 oz package,,,,,Yes,,,,,,,,3.99,$/4.4 oz package,14.5091,per lb,Southwest,retail,,,,,,,,241.0,3324,Weekly Grocery Store Specialty Crops Feature Activity,2026-09-26T14:36:16+00:00
39e03de034b5c82d,2016-02-05,Blueberries,,6 oz package,,,,,No,,,,,,,,2.56,$/6 oz package,6.8267,per lb,Southwest,retail,,,,,,,,1033.0,3324,Weekly Grocery Store Specialty Crops Feature Activity,2026-09-26T14:36:16+00:00
e532d61ad6d1f520,2016-02-05,Blueberries,,6 oz package,,,,,Yes,,,,,,,,3.47,$/6 oz package,9.2533,per lb,Southwest,retail,,,,,,,,129.0,3324,Weekly Grocery Store Specialty Crops Feature Activity,2026-09-26T14:36:16+00:00
803153806ee5f272,2016-02-05,Broccoli,,per bunch,,,,,Yes,,,,,,,,2.47,$/per bunch,,,Southwest,retail,,,,,,,,20.0,3324,Weekly Grocery Store Specialty Crops Feature Activity,2026-09-26T14:36:16+00:00
f2ef1880bc2a08d6,2016-02-05,Broccoli,,per bunch,,,,,No,,,,,,,,0.99,$/per bunch,,,Southwest,retail,,,,,,,,9.0,3324,Weekly Grocery Store Specialty Crops Feature Activity,2026-09-26T14:36:16+00:00
2581dcb7cbd325b4,2016-02-05,Broccoli,,per lb,,,,,Yes,,,,,,,,0.98,$/per lb,0.98,per lb,Southwest,retail,,,,,,,,182.0,3324,Weekly Grocery Store Specialty Crops Feature Activity,2026-09-26T14:36:16+00:00
b8c40d23d902a52e,2016-02-05,Broccoli,,per lb,,,,,No,,,,,,,,0.94,$/per lb,0.94,per lb,Southwest,retail,,,,,,,,506.0,3324,Weekly Grocery Store Specialty Crops Feature Activity,2026-09-26T14:36:16+00:00
021263a74f21efec,2016-02-05,Broccoli,BABY HYBRID TYPE,per bunch,,,,,Yes,,,,,,,,2.5,$/per bunch,,,Southwest,retail,,,,,,,,7.0,3324,Weekly Grocery Store Specialty Crops Feature Activity,2026-09-26T14:36:16+00:00
a7481af5b628d5a9,2016-02-05,Broccoli,CROWN CUT,per lb,,,,,No,,,,,,,,2.6,$/per lb,2.6,per lb,Southwest,retail,,,,,,,,315.0,3324,Weekly Grocery Store Specialty Crops Feature Activity,2026-09-26T14:36:16+00:00
fe9dd9905516bcc8,2016-02-05,Broccoli,CROWN CUT,per lb,,,,,Yes,,,,,,,,1.99,$/per lb,1.99,per lb,Southwest,retail,,,,,,,,5.0,3324,Weekly Grocery Store Specialty Crops Feature Activity,2026-09-26T14:36:16+00:00
8243e25839fe30fe,2016-02-05,Carrots,,2 lb bag,,,,,No,,,,,,,,0.99,$/2 lb bag,0.495,per lb,Southwest,retail,,,,,,,,7.0,3324,Weekly Grocery Store Specialty Crops Feature Activity,2026-09-26T14:36:16+00:00
33d722c16570010c,2016-02-05,Carrots,,per bunch,,,,,Yes,,,,,,,,2.49,$/per bunch,,,Southwest,retail,,,,,,,,15.0,3324,Weekly Grocery Store Specialty Crops Feature Activity,2026-09-26T14:36:16+00:00
ab987541df3f854f,2016-02-05,Carrots,,per lb,,,,,No,,,,,,,,0.35,$/per lb,0.35,per lb,Southwest,retail,,,,,,,,53.0,3324,Weekly Grocery Store Specialty Crops Feature Activity,2026-09-26T14:36:16+00:00
301cc5bac981e668,2016-02-05,Carrots,BABY PEELED,1 lb bag,,,,,No,,,,,,,,1.32,$/1 lb bag,1.32,per lb,Southwest,retail,,,,,,,,731.0,3324,Weekly Grocery Store Specialty Crops Feature Activity,2026-09-26T14:36:16+00:00
72a21dc0d5817897,2016-02-05,Carrots,BABY PEELED,1 lb bag,,,,,Yes,,,,,,,,1.63,$/1 lb bag,1.63,per lb,Southwest,retail,,,,,,,,617.0,3324,Weekly Grocery Store Specialty Crops Feature Activity,2026-09-26T14:36:16+00:00
c2eaf40dcf9ccf80,2016-02-05,Carrots,BABY PEELED,2 lb bag,,,,,No,,,,,,,,2.57,$/2 lb bag,1.285,per lb,Southwest,retail,,,,,,,,490.0,3324,Weekly Grocery Store Specialty Crops Feature Activity,2026-09-26T14:36:16+00:00
3d7ab46a9857acd0,2016-02-05,Celery,,each,,,,,Yes,,,,,,,,1.99,$/each,1.99,per each,Southwest,retail,,,,,,,,8.0,3324,Weekly Grocery Store Specialty Crops Feature Activity,2026-09-26T14:36:16+00:00
c8e4c981cd1aa637,2016-02-05,Celery,,each,,,,,No,,,,,,,,0.79,$/each,0.79,per each,Southwest,retail,,,,,,,,41.0,3324,Weekly Grocery Store Specialty Crops Feature Activity,2026-09-26T14:36:16+00:00
29b684373fff46ef,2016-02-05,Cucumbers,,each,,,,,No,,,,,,,,0.57,$/each,0.57,per each,Southwest,retail,,,,,,,,462.0,3324,Weekly Grocery Store Specialty Crops Feature Activity,2026-09-26T14:36:16+00:00
ac900b66db1c6c68,2016-02-05,Cucumbers,,each,,,,,Yes,,,,,,,,1.39,$/each,1.39,per each,Southwest,retail,,,,,,,,5.0,3324,Weekly Grocery Store Specialty Crops Feature Activity,2026-09-26T14:36:16+00:00
888c736b2271dbad,2016-02-05,Cucumbers,LONG SEEDLESS,each,,,,,No,,,,,,,,1.99,$/each,1.99,per each,Southwest,retail,,,environment=Greenhouse,,,,,8.0,3324,Weekly Grocery Store Specialty Crops Feature Activity,2026-09-26T14:36:16+00:00
d4245855be22f521,2016-02-05,Grapes,RED SEEDLESS,per lb,,,,,No,,,,,,,,2.74,$/per lb,2.74,per lb,Southwest,retail,,,,,,,,230.0,3324,Weekly Grocery Store Specialty Crops Feature Activity,2026-09-26T14:36:16+00:00
96a5fa978036d6c7,2016-02-05,Grapes,Red Globe Seeded Type,per lb,,,,,No,,,,,,,,2.29,$/per lb,2.29,per lb,Southwest,retail,,,,,,,,21.0,3324,Weekly Grocery Store Specialty Crops Feature Activity,2026-09-26T14:36:16+00:00
eb83cf4212a8d878,2016-02-05,Grapes,WHITE SEEDLESS TYPE,per lb,,,,,No,,,,,,,,1.96,$/per lb,1.96,per lb,Southwest,retail,,,,,,,,56.0,3324,Weekly Grocery Store Specialty Crops Feature Activity,2026-09-26T14:36:16+00:00
7ac00dad02278de3,2016-02-05,Lemons,,each,,,,,Yes,,,,,,,,0.69,$/each,0.69,per each,Southwest,retail,,,,,,,,9.0,3324,Weekly Grocery Store Specialty Crops Feature Activity,2026-09-26T14:36:16+00:00
bf289202735b7ceb,2016-02-05,Lemons,,each,,,,,No,,,,,,,,0.21,$/each,0.21,per each,Southwest,retail,,,,,,,,184.0,3324,Weekly Grocery Store Specialty Crops Feature Activity,2026-09-26T14:36:16+00:00
76f99c8a90c82dae,2016-02-05,Lettuce,Boston,each,,,,,No,,,,,,,,2.49,$/each,2.49,per each,Southwest,retail,,,environment=Greenhouse,,,,,9.0,3324,Weekly Grocery Store Specialty Crops Feature Activity,2026-09-26T14:36:16+00:00
a468e9035004baa1,2016-02-05,Lettuce,Green Leaf,each,,,,,No,,,,,,,,1.0,$/each,1.0,per each,Southwest,retail,,,,,,,,408.0,3324,Weekly Grocery Store Specialty Crops Feature Activity,2026-09-26T14:36:16+00:00
ebd2e5d083d436d6,2016-02-05,Lettuce,Green Leaf,each,,,,,Yes,,,,,,,,1.7,$/each,1.7,per each,Southwest,retail,,,,,,,,40.0,3324,Weekly Grocery Store Specialty Crops Feature Activity,2026-09-26T14:36:16+00:00
359fbfafaf673e05,2016-02-05,Lettuce,Iceberg,each,,,,,No,,,,,,,,0.98,$/each,0.98,per each,Southwest,retail,,,,,,,,410.0,3324,Weekly Grocery Store Specialty Crops Feature Activity,2026-09-26T14:36:16+00:00
48d45428606ea146,2016-02-05,Lettuce,Red Leaf,each,,,,,Yes,,,,,,,,1.7,$/each,1.7,per each,Southwest,retail,,,,,,,,40.0,3324,Weekly Grocery Store Specialty Crops Feature Activity,2026-09-26T14:36:16+00:00
8c9b1bd0173822b5,2016-02-05,Lettuce,Red Leaf,each,,,,,No,,,,,,,,1.0,$/each,1.0,per each,Southwest,retail,,,,,,,,408.0,3324,Weekly Grocery Store Specialty Crops Feature Activity,2026-09-26T14:36:16+00:00
1418fcfc99a093af,2016-02-05,Lettuce,Romaine,each,,,,,Yes,,,,,,,,1.86,$/each,1.86,per each,Southwest,retail,,,,,,,,19.0,3324,Weekly Grocery Store Specialty Crops Feature Activity,2026-09-26T14:36:16+00:00
1c7f2c6c9513b74e,2016-02-05,Lettuce,Romaine,each,,,,,No,,,,,,,,1.0,$/each,1.0,per each,Southwest,retail,,,,,,,,418.0,3324,Weekly Grocery Store Specialty Crops Feature Activity,2026-09-26T14:36:16+00:00
fb63f91741c804a0,2016-02-05,Lettuce,Romaine (Hearts),3 count,,,,,No,,,,,,,,2.72,$/3 count,,,Southwest,retail,,,,,,,,228.0,3324,Weekly Grocery Store Specialty Crops Feature Activity,2026-09-26T14:36:16+00:00
787c0efd5531ae21,2016-02-05,Limes,,each,,,,,No,,,,,,,,0.27,$/each,0.27,per each,Southwest,retail,,,,,,,,810.0,3324,Weekly Grocery Store Specialty Crops Feature Activity,2026-09-26T14:36:16+00:00
0a0de29e6cacf529,2016-02-05,Limes,,per lb,,,,,No,,,,,,,,0.57,$/per lb,0.57,per lb,Southwest,retail,,,,,,,,306.0,3324,Weekly Grocery Store Specialty Crops Feature Activity,2026-09-26T14:36:16+00:00
1c09593fd8bb8a52,2016-02-05,"Onions, Dry",RED,per lb,,,,,No,,,,,,,,1.69,$/per lb,1.69,per lb,Southwest,retail,,,,,,,,8.0,3324,Weekly Grocery Store Specialty Crops Feature Activity,2026-09-26T14:36:16+00:00
9f792aad5c6bf018,2016-02-05,"Onions, Dry",WHITE,per lb,,,,,No,,,,,,,,1.41,$/per lb,1.41,per lb,Southwest,retail,,,,,,,,71.0,3324,Weekly Grocery Store Specialty Crops Feature Activity,2026-09-26T14:36:16+00:00
5f6509138ffba9a1,2016-02-05,"Onions, Dry",YELLOW,3 lb bag,,,,,Yes,,,,,,,,2.99,$/3 lb bag,0.9967,per lb,Southwest,retail,,,,,,,,107.0,3324,Weekly Grocery Store Specialty Crops Feature Activity,2026-09-26T14:36:16+00:00
c2bcdad8655e8127,2016-02-05,"Onions, Dry",YELLOW,3 lb bag,,,,,No,,,,,,,,1.21,$/3 lb bag,0.4033,per lb,Southwest,retail,,,,,,,,40.0,3324,Weekly Grocery Store Specialty Crops Feature Activity,2026-09-26T14:36:16+00:00
1bcf04ecd8d4027c,2016-02-05,"Onions, Dry",YELLOW,5 lb bag,,,,,No,,,,,,,,1.49,$/5 lb bag,0.298,per lb,Southwest,retail,,,,,,,,50.0,3324,Weekly Grocery Store Specialty Crops Feature Activity,2026-09-26T14:36:16+00:00
cb821a76652dd7c4,2016-02-05,"Onions, Dry",YELLOW,per lb,,,,,No,,,,,,,,0.32,$/per lb,0.32,per lb,Southwest,retail,,,,,,,,56.0,3324,Weekly Grocery Store Specialty Crops Feature Activity,2026-09-26T14:36:16+00:00
545cfdcd2c995305,2016-02-05,"Onions, Dry",YELLOW MARKED SWEET,per lb,,,,,No,,,,,,,,1.42,$/per lb,1.42,per lb,Southwest,retail,,,,,,,,558.0,3324,Weekly Grocery Store Specialty Crops Feature Activity,2026-09-26T14:36:16+00:00
6a9b09e2ba2568fc,2016-02-05,"Peppers, Bell Type",GREEN,each,,,,,No,,,,,,,,0.99,$/each,0.99,per each,Southwest,retail,,,,,,,,9.0,3324,Weekly Grocery Store Specialty Crops Feature Activity,2026-09-26T14:36:16+00:00
5ce73affa36677e2,2016-02-05,"Peppers, Bell Type",GREEN,per lb,,,,,No,,,,,,,,1.99,$/per lb,1.99,per lb,Southwest,retail,,,,,,,,8.0,3324,Weekly Grocery Store Specialty Crops Feature Activity,2026-09-26T14:36:16+00:00
dded75b3e1941b39,2016-02-05,"Peppers, Bell Type",ORANGE,each,,,,,No,,,,,,,,1.06,$/each,1.06,per each,Southwest,retail,,,,,,,,239.0,3324,Weekly Grocery Store Specialty Crops Feature Activity,2026-09-26T14:36:16+00:00
3444ffa3e3bcb086,2016-02-05,"Peppers, Bell Type",RED,each,,,,,Yes,,,,,,,,1.5,$/each,1.5,per each,Southwest,retail,,,,,,,,63.0,3324,Weekly Grocery Store Specialty Crops Feature Activity,2026-09-26T14:36:16+00:00
8be1b30949334e95,2016-02-05,"Peppers, Bell Type",RED,each,,,,,No,,,,,,,,1.2,$/each,1.2,per each,Southwest,retail,,,,,,,,443.0,3324,Weekly Grocery Store Specialty Crops Feature Activity,2026-09-26T14:36:16+00:00
800e818ba816ed0b,2016-02-05,"Peppers, Bell Type",RED,per lb,,,,,No,,,,,,,,2.69,$/per lb,2.69,per lb,Southwest,retail,,,,,,,,8.0,3324,Weekly Grocery Store Specialty Crops Feature Activity,2026-09-26T14:36:16+00:00
7b04f8407e47cd76,2016-02-05,"Peppers, Bell Type",YELLOW,each,,,,,No,,,,,,,,1.1,$/each,1.1,per each,Southwest,retail,,,,,,,,302.0,3324,Weekly Grocery Store Specialty Crops Feature Activity,2026-09-26T14:36:16+00:00
0c04a0afcbdd9ee3,2016-02-05,Potatoes,ROUND RED,3 lb bag,,,,,No,,,,,,,,1.0,$/3 lb bag,0.3333,per lb,Southwest,retail,,,,,,,,10.0,3324,Weekly Grocery Store Specialty Crops Feature Activity,2026-09-26T14:36:16+00:00
dfbfa839516d66ae,2016-02-05,Potatoes,ROUND RED,5 lb bag,,,,,No,,,,,,,,1.99,$/5 lb bag,0.398,per lb,Southwest,retail,,,,,,,,17.0,3324,Weekly Grocery Store Specialty Crops Feature Activity,2026-09-26T14:36:16+00:00
738fd830f4eeeb68,2016-02-05,Potatoes,ROUND RED,per lb,,,,,No,,,,,,,,0.79,$/per lb,0.79,per lb,Southwest,retail,,,,,,,,627.0,3324,Weekly Grocery Store Specialty Crops Feature Activity,2026-09-26T14:36:16+00:00
f9c526edc55e8d5d,2016-02-05,Potatoes,ROUND WHITE,5 lb bag,,,,,No,,,,,,,,0.98,$/5 lb bag,0.196,per lb,Southwest,retail,,,,,,,,6.0,3324,Weekly Grocery Store Specialty Crops Feature Activity,2026-09-26T14:36:16+00:00
22059fe4cfb45556,2016-02-05,Potatoes,ROUND WHITE,per lb,,,,,No,,,,,,,,0.79,$/per lb,0.79,per lb,Southwest,retail,,,,,,,,106.0,3324,Weekly Grocery Store Specialty Crops Feature Activity,2026-09-26T14:36:16+00:00
c3286272848fac0c,2016-02-05,Potatoes,RUSSET,10 lb bag,,,,,No,,,,,,,,1.75,$/10 lb bag,0.175,per lb,Southwest,retail,,,,,,,,280.0,3324,Weekly Grocery Store Specialty Crops Feature Activity,2026-09-26T14:36:16+00:00
15a21ec1008cb1ac,2016-02-05,Potatoes,RUSSET,3 lb bag,,,,,Yes,,,,,,,,1.99,$/3 lb bag,0.6633,per lb,Southwest,retail,,,,,,,,120.0,3324,Weekly Grocery Store Specialty Crops Feature Activity,2026-09-26T14:36:16+00:00
3f6c20b3334e4c0a,2016-02-05,Potatoes,RUSSET,5 lb bag,,,,,Yes,,,,,,,,3.61,$/5 lb bag,0.722,per lb,Southwest,retail,,,,,,,,381.0,3324,Weekly Grocery Store Specialty Crops Feature Activity,2026-09-26T14:36:16+00:00
742dd5d7365a3993,2016-02-05,Potatoes,RUSSET,5 lb bag,,,,,No,,,,,,,,2.27,$/5 lb bag,0.454,per lb,Southwest,retail,,,,,,,,170.0,3324,Weekly Grocery Store Specialty Crops Feature Activity,2026-09-26T14:36:16+00:00
9ac351846c050923,2016-02-05,Potatoes,RUSSET,per lb,,,,,Yes,,,,,,,,0.99,$/per lb,0.99,per lb,Southwest,retail,,,,,,,,5.0,3324,Weekly Grocery Store Specialty Crops Feature Activity,2026-09-26T14:36:16+00:00
9da0410ba141951c,2016-02-05,Potatoes,RUSSET,per lb,,,,,No,,,,,,,,0.74,$/per lb,0.74,per lb,Southwest,retail,,,,,,,,24.0,3324,Weekly Grocery Store Specialty Crops Feature Activity,2026-09-26T14:36:16+00:00
e6781272a9f5170e,2016-02-05,Potatoes,YELLOW TYPE,5 lb bag,,,,,No,,,,,,,,1.99,$/5 lb bag,0.398,per lb,Southwest,retail,,,,,,,,17.0,3324,Weekly Grocery Store Specialty Crops Feature Activity,2026-09-26T14:36:16+00:00
761ac17911e226cf,2016-02-05,Potatoes,YELLOW TYPE,per lb,,,,,No,,,,,,,,0.7,$/per lb,0.7,per lb,Southwest,retail,,,,,,,,173.0,3324,Weekly Grocery Store Specialty Crops Feature Activity,2026-09-26T14:36:16+00:00
8978465de713847a,2016-02-05,Strawberries,,1 lb package,,,,,No,,,,,,,,3.3,$/1 lb package,3.3,per lb,Southwest,retail,,,,,,,,25.0,3324,Weekly Grocery Store Specialty Crops Feature Activity,2026-09-26T14:36:16+00:00
b02a4951c14d820f,2016-02-05,Tomatoes,,per lb,,,,,No,,,,,,,,0.69,$/per lb,0.69,per lb,Southwest,retail,,,,,,,,56.0,3324,Weekly Grocery Store Specialty Crops Feature Activity,2026-09-26T14:36:16+00:00
99e0152ad0d0bf18,2016-02-05,Tomatoes,GRAPE TYPE,1 pint package,,,,,No,,,,,,,,2.16,$/1 pint package,,,Southwest,retail,,,,,,,,538.0,3324,Weekly Grocery Store Specialty Crops Feature Activity,2026-09-26T14:36:16+00:00
a39b89c075a0e53f,2016-02-05,Tomatoes,GRAPE TYPE,1 pint package,,,,,Yes,,,,,,,,2.64,$/1 pint package,,,Southwest,retail,,,,,,,,325.0,3324,Weekly Grocery Store Specialty Crops Feature Activity,2026-09-26T14:36:16+00:00
71266a24cacc507c,2016-02-05,Tomatoes,GRAPE TYPE,10 oz package,,,,,Yes,,,,,,,,2.49,$/10 oz package,3.984,per lb,Southwest,retail,,,,,,,,212.0,3324,Weekly Grocery Store Specialty Crops Feature Activity,2026-09-26T14:36:16+00:00
c1c47c3457d00058,2016-02-05,Tomatoes,GRAPE TYPE,10 oz package,,,,,No,,,,,,,,2.03,$/10 oz package,3.248,per lb,Southwest,retail,,,,,,,,232.0,3324,Weekly Grocery Store Specialty Crops Feature Activity,2026-09-26T14:36:16+00:00
9613983783dd1314,2016-02-05,Tomatoes,Plum Type (Roma),per lb,,,,,No,,,,,,,,1.01,$/per lb,1.01,per lb,Southwest,retail,,,,,,,,944.0,3324,Weekly Grocery Store Specialty Crops Feature Activity,2026-09-26T14:36:16+00:00
838b6b39ec5b6ee0,2016-02-05,Tomatoes,VINE RIPES,per lb,,,,,No,,,,,,,,1.5,$/per lb,1.5,per lb,Southwest,retail,,,,,,,,47.0,3324,Weekly Grocery Store Specialty Crops Feature Activity,2026-09-26T14:36:16+00:00
7068b00e9b293a42,2016-02-05,Tomatoes,VINE RIPES - ON THE VINE,per lb,,,,,Yes,,,,,,,,4.49,$/per lb,4.49,per lb,Southwest,retail,,,environment=Greenhouse,,,,,246.0,3324,Weekly Grocery Store Specialty Crops Feature Activity,2026-09-26T14:36:16+00:00
96f1705f4f552a65,2016-02-05,Tomatoes,VINE RIPES - ON THE VINE,per lb,,,,,No,,,,,,,,2.58,$/per lb,2.58,per lb,Southwest,retail,,,environment=Greenhouse,,,,,191.0,3324,Weekly Grocery Store Specialty Crops Feature Activity,2026-09-26T14:36:16+00:00
e2b41af1f1f8cee7,2016-02-12,Avocados,HASS,each,,,,,Yes,,,,,,,,2.36,$/each,2.36,per each,Alaska,retail,,,,,,,,38.0,3324,Weekly Grocery Store Specialty Crops Feature Activity,2026-09-26T14:36:16+00:00
6757f6b12a2f9b3c,2016-02-12,Bananas,,per lb,,,,,Yes,,,,,,,,1.0,$/per lb,1.0,per lb,Alaska,retail,,,,,,,,2.0,3324,Weekly Grocery Store Specialty Crops Feature Activity,2026-09-26T14:36:16+00:00
daf0e88520038116,2016-02-12,Bananas,,per lb,,,,,No,,,,,,,,0.75,$/per lb,0.75,per lb,Alaska,retail,,,,,,,,2.0,3324,Weekly Grocery Store Specialty Crops Feature Activity,2026-09-26T14:36:16+00:00
d1f92a64736623f0,2016-02-12,Blueberries,,18 oz package,,,,,No,,,,,,,,8.5,$/18 oz package,7.5556,per lb,Alaska,retail,,,,,,,,55.0,3324,Weekly Grocery Store Specialty Crops Feature Activity,2026-09-26T14:36:16+00:00
db69e4de55d5cf49,2016-02-12,Blueberries,,6 oz package,,,,,No,,,,,,,,4.49,$/6 oz package,11.9733,per lb,Alaska,retail,,,,,,,,27.0,3324,Weekly Grocery Store Specialty Crops Feature Activity,2026-09-26T14:36:16+00:00
582e36cb033f9fa6,2016-02-12,Broccoli,BABY HYBRID TYPE,per bunch,,,,,Yes,,,,,,,,1.98,$/per bunch,,,Alaska,retail,,,,,,,,3.0,3324,Weekly Grocery Store Specialty Crops Feature Activity,2026-09-26T14:36:16+00:00
8a973fb3b8aed8c8,2016-02-12,Carrots,,2 lb bag,,,,,No,,,,,,,,1.49,$/2 lb bag,0.745,per lb,Alaska,retail,,,,,,,,1.0,3324,Weekly Grocery Store Specialty Crops Feature Activity,2026-09-26T14:36:16+00:00
4012448100625360,2016-02-12,Carrots,BABY PEELED,1 lb bag,,,,,No,,,,,,,,1.5,$/1 lb bag,1.5,per lb,Alaska,retail,,,,,,,,11.0,3324,Weekly Grocery Store Specialty Crops Feature Activity,2026-09-26T14:36:16+00:00
9fdb0ecf8d720aac,2016-02-12,Carrots,BABY PEELED,1 lb bag,,,,,Yes,,,,,,,,0.99,$/1 lb bag,0.99,per lb,Alaska,retail,,,,,,,,1.0,3324,Weekly Grocery Store Specialty Crops Feature Activity,2026-09-26T14:36:16+00:00
12f6e93c7e521379,2016-02-12,Grapes,RED SEEDLESS,per lb,,,,,No,,,,,,,,3.5,$/per lb,3.5,per lb,Alaska,retail,,,,,,,,2.0,3324,Weekly Grocery Store Specialty Crops Feature Activity,2026-09-26T14:36:16+00:00
fefa6adec3606d5b,2016-02-12,Grapes,Red Globe Seeded Type,per lb,,,,,No,,,,,,,,2.88,$/per lb,2.88,per lb,Alaska,retail,,,,,,,,3.0,3324,Weekly Grocery Store Specialty Crops Feature Activity,2026-09-26T14:36:16+00:00
ba451435a107630e,2016-02-12,Grapes,WHITE SEEDLESS TYPE,per lb,,,,,No,,,,,,,,3.5,$/per lb,3.5,per lb,Alaska,retail,,,,,,,,2.0,3324,Weekly Grocery Store Specialty Crops Feature Activity,2026-09-26T14:36:16+00:00
e55ba81bbcc672fe,2016-02-12,Lettuce,Green Leaf,each,,,,,No,,,,,,,,1.5,$/each,1.5,per each,Alaska,retail,,,,,,,,3.0,3324,Weekly Grocery Store Specialty Crops Feature Activity,2026-09-26T14:36:16+00:00
10de9d8939ec808a,2016-02-12,Lettuce,Iceberg,each,,,,,No,,,,,,,,2.99,$/each,2.99,per each,Alaska,retail,,,,,,,,28.0,3324,Weekly Grocery Store Specialty Crops Feature Activity,2026-09-26T14:36:16+00:00
735917782f84d2d8,2016-02-12,Lettuce,Red Leaf,each,,,,,No,,,,,,,,1.5,$/each,1.5,per each,Alaska,retail,,,,,,,,3.0,3324,Weekly Grocery Store Specialty Crops Feature Activity,2026-09-26T14:36:16+00:00
e3e5805a66e058af,2016-02-12,Lettuce,Romaine,each,,,,,No,,,,,,,,2.0,$/each,2.0,per each,Alaska,retail,,,,,,,,2.0,3324,Weekly Grocery Store Specialty Crops Feature Activity,2026-09-26T14:36:16+00:00
4b9148fe5b384246,2016-02-12,"Onions, Dry",YELLOW,per lb,,,,,No,,,,,,,,0.75,$/per lb,0.75,per lb,Alaska,retail,,,,,,,,2.0,3324,Weekly Grocery Store Specialty Crops Feature Activity,2026-09-26T14:36:16+00:00
80e208eda7f380b5,2016-02-12,"Onions, Dry",YELLOW MARKED SWEET,per lb,,,,,No,,,,,,,,1.21,$/per lb,1.21,per lb,Alaska,retail,,,,,,,,6.0,3324,Weekly Grocery Store Specialty Crops Feature Activity,2026-09-26T14:36:16+00:00
aff158803a63cdee,2016-02-12,"Peppers, Bell Type",GREEN,per lb,,,,,No,,,,,,,,1.6,$/per lb,1.6,per lb,Alaska,retail,,,,,,,,2.0,3324,Weekly Grocery Store Specialty Crops Feature Activity,2026-09-26T14:36:16+00:00
88a6a3adeb3ff765,2016-02-12,"Peppers, Bell Type",ORANGE,each,,,,,No,,,,,,,,1.5,$/each,1.5,per each,Alaska,retail,,,,,,,,6.0,3324,Weekly Grocery Store Specialty Crops Feature Activity,2026-09-26T14:36:16+00:00
e4e3ffda122d8bde,2016-02-12,"Peppers, Bell Type",RED,each,,,,,No,,,,,,,,1.5,$/each,1.5,per each,Alaska,retail,,,,,,,,6.0,3324,Weekly Grocery Store Specialty Crops Feature Activity,2026-09-26T14:36:16+00:00
0fbc4c005ab98b3c,2016-02-12,"Peppers, Bell Type",YELLOW,each,,,,,No,,,,,,,,1.5,$/each,1.5,per each,Alaska,retail,,,,,,,,6.0,3324,Weekly Grocery Store Specialty Crops Feature Activity,2026-09-26T14:36:16+00:00
6c047a4d9fe12339,2016-02-12,Potatoes,ROUND RED,5 lb bag,,,,,No,,,,,,,,2.66,$/5 lb bag,0.532,per lb,Alaska,retail,,,,,,,,6.0,3324,Weekly Grocery Store Specialty Crops Feature Activity,2026-09-26T14:36:16+00:00
c45b826de6993009,2016-02-12,Potatoes,RUSSET,10 lb bag,,,,,No,,,,,,,,4.49,$/10 lb bag,0.449,per lb,Alaska,retail,,,,,,,,27.0,3324,Weekly Grocery Store Specialty Crops Feature Activity,2026-09-26T14:36:16+00:00
3f39695d54399b8c,2016-02-12,Potatoes,RUSSET,5 lb bag,,,,,No,,,,,,,,2.11,$/5 lb bag,0.422,per lb,Alaska,retail,,,,,,,,4.0,3324,Weekly Grocery Store Specialty Crops Feature Activity,2026-09-26T14:36:16+00:00
dce99b4f383bb472,2016-02-12,Potatoes,YELLOW TYPE,5 lb bag,,,,,No,,,,,,,,2.66,$/5 lb bag,0.532,per lb,Alaska,retail,,,,,,,,6.0,3324,Weekly Grocery Store Specialty Crops Feature Activity,2026-09-26T14:36:16+00:00
95ab756b145939af,2016-02-12,Strawberries,,1 lb package,,,,,No,,,,,,,,4.04,$/1 lb package,4.04,per lb,Alaska,retail,,,,,,,,38.0,3324,Weekly Grocery Store Specialty Crops Feature Activity,2026-09-26T14:36:16+00:00
cb0088e6fce05109,2016-02-12,Strawberries,,1 lb package,,,,,Yes,,,,,,,,7.13,$/1 lb package,7.13,per lb,Alaska,retail,,,,,,,,29.0,3324,Weekly Grocery Store Specialty Crops Feature Activity,2026-09-26T14:36:16+00:00
7a3ee46dd484b528,2016-02-12,Tomatoes,GRAPE TYPE,1 pint package,,,,,No,,,,,,,,2.82,$/1 pint package,,,Alaska,retail,,,,,,,,6.0,3324,Weekly Grocery Store Specialty Crops Feature Activity,2026-09-26T14:36:16+00:00
db1a6c768af186a3,2016-02-12,Tomatoes,GRAPE TYPE,10 oz package,,,,,Yes,,,,,,,,3.0,$/10 oz package,4.8,per lb,Alaska,retail,,,,,,,,11.0,3324,Weekly Grocery Store Specialty Crops Feature Activity,2026-09-26T14:36:16+00:00
8199a4cf1becaba9,2016-02-12,Tomatoes,VINE RIPES,per lb,,,,,No,,,,,,,,3.49,$/per lb,3.49,per lb,Alaska,retail,,,environment=Greenhouse,,,,,27.0,3324,Weekly Grocery Store Specialty Crops Feature Activity,2026-09-26T14:36:16+00:00
e33d0367927a6c9c,2016-02-12,Avocados,HASS,each,,,,,No,,,,,,,,2.29,$/each,2.29,per each,Hawaii,retail,,,,,,,,51.0,3324,Weekly Grocery Store Specialty Crops Feature Activity,2026-09-26T14:36:16+00:00
852556fcf990d610,2016-02-12,Bananas,,per lb,,,,,No,,,,,,,,1.19,$/per lb,1.19,per lb,Hawaii,retail,,,,,,,,6.0,3324,Weekly Grocery Store Specialty Crops Feature Activity,2026-09-26T14:36:16+00:00
38a4c87aef2bac2c,2016-02-12,Blueberries,,1 pint package,,,,,No,,,,,,,,3.33,$/1 pint package,,,Hawaii,retail,,,,,,,,3.0,3324,Weekly Grocery Store Specialty Crops Feature Activity,2026-09-26T14:36:16+00:00
7ec0255dc28f06b9,2016-02-12,Blueberries,,6 oz package,,,,,No,,,,,,,,3.99,$/6 oz package,10.64,per lb,Hawaii,retail,,,,,,,,24.0,3324,Weekly Grocery Store Specialty Crops Feature Activity,2026-09-26T14:36:16+00:00
7195950745881de4,2016-02-12,Broccoli,,per lb,,,,,No,,,,,,,,1.29,$/per lb,1.29,per lb,Hawaii,retail,,,,,,,,34.0,3324,Weekly Grocery Store Specialty Crops Feature Activity,2026-09-26T14:36:16+00:00
1a119535e6bbb80b,2016-02-12,Broccoli,CROWN CUT,per lb,,,,,No,,,,,,,,2.58,$/per lb,2.58,per lb,Hawaii,retail,,,,,,,,51.0,3324,Weekly Grocery Store Specialty Crops Feature Activity,2026-09-26T14:36:16+00:00
d3b5b5e560a4e0a7,2016-02-12,Carrots,,per lb,,,,,No,,,,,,,,0.99,$/per lb,0.99,per lb,Hawaii,retail,,,,,,,,6.0,3324,Weekly Grocery Store Specialty Crops Feature Activity,2026-09-26T14:36:16+00:00
051f0d16499e1c57,2016-02-12,Carrots,BABY PEELED,1 lb bag,,,,,No,,,,,,,,1.89,$/1 lb bag,1.89,per lb,Hawaii,retail,,,,,,,,24.0,3324,Weekly Grocery Store Specialty Crops Feature Activity,2026-09-26T14:36:16+00:00
b7c006242410cb81,2016-02-12,Carrots,BABY PEELED,1 lb bag,,,,,Yes,,,,,,,,2.19,$/1 lb bag,2.19,per lb,Hawaii,retail,,,,,,,,24.0,3324,Weekly Grocery Store Specialty Crops Feature Activity,2026-09-26T14:36:16+00:00
d5a22ce950e69b07,2016-02-12,Cucumbers,,per lb,,,,,No,,,,,,,,1.79,$/per lb,1.79,per lb,Hawaii,retail,,,,,,,,24.0,3324,Weekly Grocery Store Specialty Crops Feature Activity,2026-09-26T14:36:16+00:00
0a6e36196ff22a36,2016-02-12,Grapes,RED SEEDLESS,per lb,,,,,No,,,,,,,,3.98,$/per lb,3.98,per lb,Hawaii,retail,,,,,,,,3.0,3324,Weekly Grocery Store Specialty Crops Feature Activity,2026-09-26T14:36:16+00:00
b51225f6a8e6765d,2016-02-12,Lemons,,each,,,,,No,,,,,,,,1.29,$/each,1.29,per each,Hawaii,retail,,,,,,,,27.0,3324,Weekly Grocery Store Specialty Crops Feature Activity,2026-09-26T14:36:16+00:00
d1a4ce6d51fe96a5,2016-02-12,Lettuce,Green Leaf,each,,,,,No,,,,,,,,2.49,$/each,2.49,per each,Hawaii,retail,,,,,,,,34.0,3324,Weekly Grocery Store Specialty Crops Feature Activity,2026-09-26T14:36:16+00:00
a533fe16b95bf828,2016-02-12,Lettuce,Iceberg,each,,,,,No,,,,,,,,2.49,$/each,2.49,per each,Hawaii,retail,,,,,,,,3.0,3324,Weekly Grocery Store Specialty Crops Feature Activity,2026-09-26T14:36:16+00:00
e6776e8d5b0932af,2016-02-12,Lettuce,Iceberg,per lb,,,,,No,,,,,,,,1.89,$/per lb,1.89,per lb,Hawaii,retail,,,,,,,,24.0,3324,Weekly Grocery Store Specialty Crops Feature Activity,2026-09-26T14:36:16+00:00
f4d4ce49a743e132,2016-02-12,Lettuce,Red Leaf,each,,,,,No,,,,,,,,2.49,$/each,2.49,per each,Hawaii,retail,,,,,,,,34.0,3324,Weekly Grocery Store Specialty Crops Feature Activity,2026-09-26T14:36:16+00:00
8595f24e8d376080,2016-02-12,"Onions, Dry",RED,per lb,,,,,No,,,,,,,,1.89,$/per lb,1.89,per lb,Hawaii,retail,,,,,,,,24.0,3324,Weekly Grocery Store Specialty Crops Feature Activity,2026-09-26T14:36:16+00:00
b49ef852249518a1,2016-02-12,"Onions, Dry",YELLOW,3 lb bag,,,,,No,,,,,,,,2.69,$/3 lb bag,0.8967,per lb,Hawaii,retail,,,,,,,,6.0,3324,Weekly Grocery Store Specialty Crops Feature Activity,2026-09-26T14:36:16+00:00
452ad7d505b6a4b9,2016-02-12,"Onions, Dry",YELLOW MARKED SWEET,per lb,,,,,No,,,,,,,,2.44,$/per lb,2.44,per lb,Hawaii,retail,,,,,,,,54.0,3324,Weekly Grocery Store Specialty Crops Feature Activity,2026-09-26T14:36:16+00:00
80f402e36242b7df,2016-02-12,"Peppers, Bell Type",GREEN,per lb,,,,,No,,,,,,,,2.99,$/per lb,2.99,per lb,Hawaii,retail,,,,,,,,27.0,3324,Weekly Grocery Store Specialty Crops Feature Activity,2026-09-26T14:36:16+00:00
a0f9234582f361a5,2016-02-12,"Peppers, Bell Type",RED,per lb,,,,,No,,,,,,,,5.29,$/per lb,5.29,per lb,Hawaii,retail,,,,,,,,34.0,3324,Weekly Grocery Store Specialty Crops Feature Activity,2026-09-26T14:36:16+00:00
ce45e6105b36a919,2016-02-12,Potatoes,RUSSET,5 lb bag,,,,,No,,,,,,,,2.99,$/5 lb bag,0.598,per lb,Hawaii,retail,,,,,,,,24.0,3324,Weekly Grocery Store Specialty Crops Feature Activity,2026-09-26T14:36:16+00:00
a62f40bc5c7ddb8e,2016-02-12,Strawberries,,1 lb package,,,,,No,,,,,,,,3.41,$/1 lb package,3.41,per lb,Hawaii,retail,,,,,,,,7.0,3324,Weekly Grocery Store Specialty Crops Feature Activity,2026-09-26T14:36:16+00:00
b1d541c255e4fd63,2016-02-12,Tomatoes,,per lb,,,,,No,,,,,,,,1.98,$/per lb,1.98,per lb,Hawaii,retail,,,,,,,,3.0,3324,Weekly Grocery Store Specialty Crops Feature Activity,2026-09-26T14:36:16+00:00
8a2d441bfab58543,2016-02-12,Tomatoes,Plum Type (Roma),per lb,,,,,No,,,,,,,,1.99,$/per lb,1.99,per lb,Hawaii,retail,,,,,,,,6.0,3324,Weekly Grocery Store Specialty Crops Feature Activity,2026-09-26T14:36:16+00:00
16904879b1e19f56,2016-02-12,Tomatoes,VINE RIPES - ON THE VINE,per lb,,,,,No,,,,,,,,2.59,$/per lb,2.59,per lb,Hawaii,retail,,,environment=Greenhouse,,,,,24.0,3324,Weekly Grocery Store Specialty Crops Feature Activity,2026-09-26T14:36:16+00:00
68a362be6e87427f,2016-02-12,Tomatoes,VINE RIPES - ON THE VINE,per lb,,,,,Yes,,,,,,,,2.99,$/per lb,2.99,per lb,Hawaii,retail,,,environment=Greenhouse,,,,,3.0,3324,Weekly Grocery Store Specialty Crops Feature Activity,2026-09-26T14:36:16+00:00
a03a5fa21a015c85,2016-02-12,Tomatoes,Vine Ripes - Heirloom Varieties,per lb,,,,,Yes,,,,,,,,5.99,$/per lb,5.99,per lb,Hawaii,retail,,,,,,,,27.0,3324,Weekly Grocery Store Specialty Crops Feature Activity,2026-09-26T14:36:16+00:00
ac68f4eda24661f7,2016-02-12,Avocados,HASS,each,,,,,Yes,,,,,,,,1.38,$/each,1.38,per each,Midwest,retail,,,,,,,,132.0,3324,Weekly Grocery Store Specialty Crops Feature Activity,2026-09-26T14:36:16+00:00
ac903a2064620904,2016-02-12,Avocados,HASS,each,,,,,No,,,,,,,,0.88,$/each,0.88,per each,Midwest,retail,,,,,,,,1127.0,3324,Weekly Grocery Store Specialty Crops Feature Activity,2026-09-26T14:36:16+00:00
14ef266db060c67f,2016-02-12,Avocados,VARIOUS GREENSKIN VARIETIES,each,,,,,No,,,,,,,,1.16,$/each,1.16,per each,Midwest,retail,,,,,,,,23.0,3324,Weekly Grocery Store Specialty Crops Feature Activity,2026-09-26T14:36:16+00:00
389affe05166843f,2016-02-12,Avocados,VARIOUS GREENSKIN VARIETIES,per lb,,,,,No,,,,,,,,0.79,$/per lb,0.79,per lb,Midwest,retail,,,,,,,,6.0,3324,Weekly Grocery Store Specialty Crops Feature Activity,2026-09-26T14:36:16+00:00
535d55790c072c63,2016-02-12,Bananas,,per lb,,,,,No,,,,,,,,0.3,$/per lb,0.3,per lb,Midwest,retail,,,,,,,,770.0,3324,Weekly Grocery Store Specialty Crops Feature Activity,2026-09-26T14:36:16+00:00
e03b89318163c772,2016-02-12,Bananas,,per lb,,,,,Yes,,,,,,,,0.84,$/per lb,0.84,per lb,Midwest,retail,,,,,,,,152.0,3324,Weekly Grocery Store Specialty Crops Feature Activity,2026-09-26T14:36:16+00:00
cbe6d1bb832f9d65,2016-02-12,Blueberries,,1 pint package,,,,,No,,,,,,,,2.81,$/1 pint package,,,Midwest,retail,,,,,,,,2491.0,3324,Weekly Grocery Store Specialty Crops Feature Activity,2026-09-26T14:36:16+00:00
5679f51d77ca97a8,2016-02-12,Blueberries,,4.4 oz package,,,,,Yes,,,,,,,,2.99,$/4.4 oz package,10.8727,per lb,Midwest,retail,,,,,,,,137.0,3324,Weekly Grocery Store Specialty Crops Feature Activity,2026-09-26T14:36:16+00:00
5b364ac95e42fd27,2016-02-12,Blueberries,,6 oz package,,,,,No,,,,,,,,2.66,$/6 oz package,7.0933,per lb,Midwest,retail,,,,,,,,87.0,3324,Weekly Grocery Store Specialty Crops Feature Activity,2026-09-26T14:36:16+00:00
be559cad2758549b,2016-02-12,Blueberries,,6 oz package,,,,,Yes,,,,,,,,4.76,$/6 oz package,12.6933,per lb,Midwest,retail,,,,,,,,206.0,3324,Weekly Grocery Store Specialty Crops Feature Activity,2026-09-26T14:36:16+00:00
33d6c7c154ed2aeb,2016-02-12,Broccoli,,per bunch,,,,,Yes,,,,,,,,2.04,$/per bunch,,,Midwest,retail,,,,,,,,243.0,3324,Weekly Grocery Store Specialty Crops Feature Activity,2026-09-26T14:36:16+00:00
5fe0067bfffa6d45,2016-02-12,Broccoli,,per bunch,,,,,No,,,,,,,,1.83,$/per bunch,,,Midwest,retail,,,,,,,,237.0,3324,Weekly Grocery Store Specialty Crops Feature Activity,2026-09-26T14:36:16+00:00
3437449b8b07f273,2016-02-12,Broccoli,,per lb,,,,,Yes,,,,,,,,1.52,$/per lb,1.52,per lb,Midwest,retail,,,,,,,,141.0,3324,Weekly Grocery Store Specialty Crops Feature Activity,2026-09-26T14:36:16+00:00
61b5ce567599edff,2016-02-12,Broccoli,,per lb,,,,,No,,,,,,,,1.29,$/per lb,1.29,per lb,Midwest,retail,,,,,,,,60.0,3324,Weekly Grocery Store Specialty Crops Feature Activity,2026-09-26T14:36:16+00:00
808b0a4db20d83d1,2016-02-12,Broccoli,CROWN CUT,per lb,,,,,No,,,,,,,,1.41,$/per lb,1.41,per lb,Midwest,retail,,,,,,,,618.0,3324,Weekly Grocery Store Specialty Crops Feature Activity,2026-09-26T14:36:16+00:00
96f60f3e5092eb0c,2016-02-12,Carrots,,1 lb bag,,,,,No,,,,,,,,0.7,$/1 lb bag,0.7,per lb,Midwest,retail,,,,,,,,161.0,3324,Weekly Grocery Store Specialty Crops Feature Activity,2026-09-26T14:36:16+00:00
a4d6e3310af57201,2016-02-12,Carrots,,1 lb bag,,,,,Yes,,,,,,,,0.99,$/1 lb bag,0.99,per lb,Midwest,retail,,,,,,,,19.0,3324,Weekly Grocery Store Specialty Crops Feature Activity,2026-09-26T14:36:16+00:00
16d5fc6ffdb0825b,2016-02-12,Carrots,,2 lb bag,,,,,Yes,,,,,,,,1.66,$/2 lb bag,0.83,per lb,Midwest,retail,,,,,,,,6.0,3324,Weekly Grocery Store Specialty Crops Feature Activity,2026-09-26T14:36:16+00:00
416bb5249721b73a,2016-02-12,Carrots,,2 lb bag,,,,,No,,,,,,,,0.99,$/2 lb bag,0.495,per lb,Midwest,retail,,,,,,,,42.0,3324,Weekly Grocery Store Specialty Crops Feature Activity,2026-09-26T14:36:16+00:00
cbd4cc166dfab2f4,2016-02-12,Carrots,,per bunch,,,,,Yes,,,,,,,,0.99,$/per bunch,,,Midwest,retail,,,,,,,,15.0,3324,Weekly Grocery Store Specialty Crops Feature Activity,2026-09-26T14:36:16+00:00
cf784498792fadbd,2016-02-12,Carrots,BABY PEELED,1 lb bag,,,,,Yes,,,,,,,,1.34,$/1 lb bag,1.34,per lb,Midwest,retail,,,,,,,,736.0,3324,Weekly Grocery Store Specialty Crops Feature Activity,2026-09-26T14:36:16+00:00
e0e92fd2862cfa3b,2016-02-12,Carrots,BABY PEELED,1 lb bag,,,,,No,,,,,,,,1.05,$/1 lb bag,1.05,per lb,Midwest,retail,,,,,,,,380.0,3324,Weekly Grocery Store Specialty Crops Feature Activity,2026-09-26T14:36:16+00:00
52605669a35c8a53,2016-02-12,Carrots,BABY PEELED,2 lb bag,,,,,No,,,,,,,,2.23,$/2 lb bag,1.115,per lb,Midwest,retail,,,,,,,,440.0,3324,Weekly Grocery Store Specialty Crops Feature Activity,2026-09-26T14:36:16+00:00
1d539cd3c61f2399,2016-02-12,Celery,,each,,,,,No,,,,,,,,1.59,$/each,1.59,per each,Midwest,retail,,,,,,,,144.0,3324,Weekly Grocery Store Specialty Crops Feature Activity,2026-09-26T14:36:16+00:00
859606cb3d53ede6,2016-02-12,Celery,,each,,,,,Yes,,,,,,,,1.99,$/each,1.99,per each,Midwest,retail,,,,,,,,25.0,3324,Weekly Grocery Store Specialty Crops Feature Activity,2026-09-26T14:36:16+00:00
0ee690fbf3710cb8,2016-02-12,Celery,,per lb,,,,,Yes,,,,,,,,0.99,$/per lb,0.99,per lb,Midwest,retail,,,,,,,,7.0,3324,Weekly Grocery Store Specialty Crops Feature Activity,2026-09-26T14:36:16+00:00
b75259ce6528a411,2016-02-12,Celery,,per lb,,,,,No,,,,,,,,0.69,$/per lb,0.69,per lb,Midwest,retail,,,,,,,,16.0,3324,Weekly Grocery Store Specialty Crops Feature Activity,2026-09-26T14:36:16+00:00
0ec5e33eeaa63fc0,2016-02-12,Celery,HEARTS,each,,,,,No,,,,,,,,3.49,$/each,3.49,per each,Midwest,retail,,,,,,,,75.0,3324,Weekly Grocery Store Specialty Crops Feature Activity,2026-09-26T14:36:16+00:00
c7ce36350c1786ff,2016-02-12,Celery,HEARTS,each,,,,,Yes,,,,,,,,2.0,$/each,2.0,per each,Midwest,retail,,,,,,,,213.0,3324,Weekly Grocery Store Specialty Crops Feature Activity,2026-09-26T14:36:16+00:00
f492297d7b8a6b6a,2016-02-12,Cucumbers,,each,,,,,No,,,,,,,,0.74,$/each,0.74,per each,Midwest,retail,,,,,,,,288.0,3324,Weekly Grocery Store Specialty Crops Feature Activity,2026-09-26T14:36:16+00:00
3aa8936998f3c5b1,2016-02-12,Cucumbers,,per lb,,,,,No,,,,,,,,0.61,$/per lb,0.61,per lb,Midwest,retail,,,,,,,,15.0,3324,Weekly Grocery Store Specialty Crops Feature Activity,2026-09-26T14:36:16+00:00
5ee91f5ee0d3207b,2016-02-12,Cucumbers,LONG SEEDLESS,each,,,,,No,,,,,,,,1.58,$/each,1.58,per each,Midwest,retail,,,environment=Greenhouse,,,,,227.0,3324,Weekly Grocery Store Specialty Crops Feature Activity,2026-09-26T14:36:16+00:00
8b75a4baeefb15d6,2016-02-12,Grapes,BLACK SEEDLESS,per lb,,,,,No,,,,,,,,2.99,$/per lb,2.99,per lb,Midwest,retail,,,,,,,,6.0,3324,Weekly Grocery Store Specialty Crops Feature Activity,2026-09-26T14:36:16+00:00
5e62f7ab70e9fb95,2016-02-12,Grapes,RED SEEDLESS,per lb,,,,,No,,,,,,,,2.22,$/per lb,2.22,per lb,Midwest,retail,,,,,,,,1499.0,3324,Weekly Grocery Store Specialty Crops Feature Activity,2026-09-26T14:36:16+00:00
11fec985b70db208,2016-02-12,Grapes,Red Globe Seeded Type,per lb,,,,,No,,,,,,,,2.03,$/per lb,2.03,per lb,Midwest,retail,,,,,,,,18.0,3324,Weekly Grocery Store Specialty Crops Feature Activity,2026-09-26T14:36:16+00:00
57dca6cfd2b094a2,2016-02-12,Grapes,WHITE SEEDLESS TYPE,per lb,,,,,No,,,,,,,,2.12,$/per lb,2.12,per lb,Midwest,retail,,,,,,,,680.0,3324,Weekly Grocery Store Specialty Crops Feature Activity,2026-09-26T14:36:16+00:00
2846efc1bbbb8607,2016-02-12,Lemons,,2 lb bag,,,,,Yes,,,,,,,,3.12,$/2 lb bag,1.56,per lb,Midwest,retail,,,,,,,,158.0,3324,Weekly Grocery Store Specialty Crops Feature Activity,2026-09-26T14:36:16+00:00
99e448b0e5ed96a5,2016-02-12,Lemons,,2 lb bag,,,,,No,,,,,,,,3.42,$/2 lb bag,1.71,per lb,Midwest,retail,,,,,,,,228.0,3324,Weekly Grocery Store Specialty Crops Feature Activity,2026-09-26T14:36:16+00:00
6a5f79764299c4c3,2016-02-12,Lemons,,each,,,,,No,,,,,,,,0.66,$/each,0.66,per each,Midwest,retail,,,,,,,,320.0,3324,Weekly Grocery Store Specialty Crops Feature Activity,2026-09-26T14:36:16+00:00
de9aa7317491b3c5,2016-02-12,Lemons,,each,,,,,Yes,,,,,,,,0.89,$/each,0.89,per each,Midwest,retail,,,,,,,,123.0,3324,Weekly Grocery Store Specialty Crops Feature Activity,2026-09-26T14:36:16+00:00
4a1fe85201efe801,2016-02-12,Lettuce,Green Leaf,each,,,,,Yes,,,,,,,,1.99,$/each,1.99,per each,Midwest,retail,,,,,,,,12.0,3324,Weekly Grocery Store Specialty Crops Feature Activity,2026-09-26T14:36:16+00:00
b5d2a8966fdd61a2,2016-02-12,Lettuce,Green Leaf,each,,,,,No,,,,,,,,1.24,$/each,1.24,per each,Midwest,retail,,,,,,,,243.0,3324,Weekly Grocery Store Specialty Crops Feature Activity,2026-09-26T14:36:16+00:00
fb53eecc08fc457c,2016-02-12,Lettuce,Green Leaf,per lb,,,,,No,,,,,,,,1.24,$/per lb,1.24,per lb,Midwest,retail,,,,,,,,24.0,3324,Weekly Grocery Store Specialty Crops Feature Activity,2026-09-26T14:36:16+00:00
56ba21669a53adbb,2016-02-12,Lettuce,Iceberg,each,,,,,No,,,,,,,,1.02,$/each,1.02,per each,Midwest,retail,,,,,,,,306.0,3324,Weekly Grocery Store Specialty Crops Feature Activity,2026-09-26T14:36:16+00:00
1296adc7adda6f0b,2016-02-12,Lettuce,Iceberg,per lb,,,,,No,,,,,,,,1.48,$/per lb,1.48,per lb,Midwest,retail,,,,,,,,13.0,3324,Weekly Grocery Store Specialty Crops Feature Activity,2026-09-26T14:36:16+00:00
88a77f1857c6a146,2016-02-12,Lettuce,Red Leaf,each,,,,,No,,,,,,,,1.24,$/each,1.24,per each,Midwest,retail,,,,,,,,243.0,3324,Weekly Grocery Store Specialty Crops Feature Activity,2026-09-26T14:36:16+00:00
a1cdf7ad3f29ca32,2016-02-12,Lettuce,Red Leaf,each,,,,,Yes,,,,,,,,1.99,$/each,1.99,per each,Midwest,retail,,,,,,,,12.0,3324,Weekly Grocery Store Specialty Crops Feature Activity,2026-09-26T14:36:16+00:00
858b2dfc1cde359b,2016-02-12,Lettuce,Red Leaf,per lb,,,,,No,,,,,,,,1.24,$/per lb,1.24,per lb,Midwest,retail,,,,,,,,24.0,3324,Weekly Grocery Store Specialty Crops Feature Activity,2026-09-26T14:36:16+00:00
9f2327d340191e4f,2016-02-12,Lettuce,Romaine,3 count,,,,,No,,,,,,,,2.79,$/3 count,,,Midwest,retail,,,,,,,,35.0,3324,Weekly Grocery Store Specialty Crops Feature Activity,2026-09-26T14:36:16+00:00
387eb23f2bd57805,2016-02-12,Lettuce,Romaine,each,,,,,No,,,,,,,,1.28,$/each,1.28,per each,Midwest,retail,,,,,,,,236.0,3324,Weekly Grocery Store Specialty Crops Feature Activity,2026-09-26T14:36:16+00:00
aecedd9d1c9f2690,2016-02-12,Lettuce,Romaine,each,,,,,Yes,,,,,,,,1.99,$/each,1.99,per each,Midwest,retail,,,,,,,,12.0,3324,Weekly Grocery Store Specialty Crops Feature Activity,2026-09-26T14:36:16+00:00
61eec21bcb76a50e,2016-02-12,Lettuce,Romaine,per lb,,,,,No,,,,,,,,1.34,$/per lb,1.34,per lb,Midwest,retail,,,,,,,,163.0,3324,Weekly Grocery Store Specialty Crops Feature Activity,2026-09-26T14:36:16+00:00
1414f61e83730e66,2016-02-12,Lettuce,Romaine (Hearts),3 count,,,,,No,,,,,,,,2.19,$/3 count,,,Midwest,retail,,,,,,,,421.0,3324,Weekly Grocery Store Specialty Crops Feature Activity,2026-09-26T14:36:16+00:00
45d4effc9eca16af,2016-02-12,Lettuce,Romaine (Hearts),3 count,,,,,Yes,,,,,,,,2.37,$/3 count,,,Midwest,retail,,,,,,,,456.0,3324,Weekly Grocery Store Specialty Crops Feature Activity,2026-09-26T14:36:16+00:00
289a298033fee557,2016-02-12,Limes,,each,,,,,No,,,,,,,,0.34,$/each,0.34,per each,Midwest,retail,,,,,,,,286.0,3324,Weekly Grocery Store Specialty Crops Feature Activity,2026-09-26T14:36:16+00:00
1f51e3b30dc5d032,2016-02-12,Limes,,per lb,,,,,No,,,,,,,,0.59,$/per lb,0.59,per lb,Midwest,retail,,,,,,,,6.0,3324,Weekly Grocery Store Specialty Crops Feature Activity,2026-09-26T14:36:16+00:00
16725534741e1a6a,2016-02-12,"Onions, Dry",RED,3 lb bag,,,,,Yes,,,,,,,,1.99,$/3 lb bag,0.6633,per lb,Midwest,retail,,,,,,,,7.0,3324,Weekly Grocery Store Specialty Crops Feature Activity,2026-09-26T14:36:16+00:00
2f0cce2f554f7b5a,2016-02-12,"Onions, Dry",RED,per lb,,,,,No,,,,,,,,1.49,$/per lb,1.49,per lb,Midwest,retail,,,,,,,,3.0,3324,Weekly Grocery Store Specialty Crops Feature Activity,2026-09-26T14:36:16+00:00
f33a5a4565da90dd,2016-02-12,"Onions, Dry",WHITE,per lb,,,,,No,,,,,,,,1.49,$/per lb,1.49,per lb,Midwest,retail,,,,,,,,3.0,3324,Weekly Grocery Store Specialty Crops Feature Activity,2026-09-26T14:36:16+00:00
726efd7b6ff33059,2016-02-12,"Onions, Dry",YELLOW,2 lb bag,,,,,No,,,,,,,,0.99,$/2 lb bag,0.495,per lb,Midwest,retail,,,,,,,,124.0,3324,Weekly Grocery Store Specialty Crops Feature Activity,2026-09-26T14:36:16+00:00
0ee3098093bfde60,2016-02-12,"Onions, Dry",YELLOW,3 lb bag,,,,,Yes,,,,,,,,2.49,$/3 lb bag,0.83,per lb,Midwest,retail,,,,,,,,12.0,3324,Weekly Grocery Store Specialty Crops Feature Activity,2026-09-26T14:36:16+00:00
577fa17d0acf6a9d,2016-02-12,"Onions, Dry",YELLOW,3 lb bag,,,,,No,,,,,,,,1.17,$/3 lb bag,0.39,per lb,Midwest,retail,,,,,,,,1318.0,3324,Weekly Grocery Store Specialty Crops Feature Activity,2026-09-26T14:36:16+00:00
0e818f38c1d151cf,2016-02-12,"Onions, Dry",YELLOW,5 lb bag,,,,,No,,,,,,,,2.98,$/5 lb bag,0.596,per lb,Midwest,retail,,,,,,,,7.0,3324,Weekly Grocery Store Specialty Crops Feature Activity,2026-09-26T14:36:16+00:00
272f7aa2ad958eb7,2016-02-12,"Onions, Dry",YELLOW,per lb,,,,,No,,,,,,,,0.91,$/per lb,0.91,per lb,Midwest,retail,,,,,,,,49.0,3324,Weekly Grocery Store Specialty Crops Feature Activity,2026-09-26T14:36:16+00:00
7f556ad827d66257,2016-02-12,"Onions, Dry",YELLOW MARKED SWEET,2 lb bag,,,,,No,,,,,,,,1.99,$/2 lb bag,0.995,per lb,Midwest,retail,,,,,,,,15.0,3324,Weekly Grocery Store Specialty Crops Feature Activity,2026-09-26T14:36:16+00:00
bbbbd861cd62b136,2016-02-12,"Onions, Dry",YELLOW MARKED SWEET,5 lb bag,,,,,No,,,,,,,,2.99,$/5 lb bag,0.598,per lb,Midwest,retail,,,,,,,,10.0,3324,Weekly Grocery Store Specialty Crops Feature Activity,2026-09-26T14:36:16+00:00
2a74f813d0e23f38,2016-02-12,"Onions, Dry",YELLOW MARKED SWEET,per lb,,,,,No,,,,,,,,0.91,$/per lb,0.91,per lb,Midwest,retail,,,,,,,,533.0,3324,Weekly Grocery Store Specialty Crops Feature Activity,2026-09-26T14:36:16+00:00
a1bcccecbe2259f9,2016-02-12,"Peppers, Bell Type",GREEN,each,,,,,No,,,,,,,,1.0,$/each,1.0,per each,Midwest,retail,,,,,,,,9.0,3324,Weekly Grocery Store Specialty Crops Feature Activity,2026-09-26T14:36:16+00:00
084e5472dd96786e,2016-02-12,"Peppers, Bell Type",ORANGE,each,,,,,No,,,,,,,,1.59,$/each,1.59,per each,Midwest,retail,,,,,,,,340.0,3324,Weekly Grocery Store Specialty Crops Feature Activity,2026-09-26T14:36:16+00:00
b494423a3d5ffcdf,2016-02-12,"Peppers, Bell Type",ORANGE,each,,,,,Yes,,,,,,,,1.99,$/each,1.99,per each,Midwest,retail,,,,,,,,12.0,3324,Weekly Grocery Store Specialty Crops Feature Activity,2026-09-26T14:36:16+00:00
646f7e65285f2ce0,2016-02-12,"Peppers, Bell Type",ORANGE,per lb,,,,,No,,,,,,,,2.97,$/per lb,2.97,per lb,Midwest,retail,,,,,,,,38.0,3324,Weekly Grocery Store Specialty Crops Feature Activity,2026-09-26T14:36:16+00:00
56ed2e6fd66aa286,2016-02-12,"Peppers, Bell Type",RED,each,,,,,Yes,,,,,,,,1.99,$/each,1.99,per each,Midwest,retail,,,,,,,,12.0,3324,Weekly Grocery Store Specialty Crops Feature Activity,2026-09-26T14:36:16+00:00
58bbc3e43ce220b1,2016-02-12,"Peppers, Bell Type",RED,each,,,,,No,,,,,,,,1.39,$/each,1.39,per each,Midwest,retail,,,,,,,,602.0,3324,Weekly Grocery Store Specialty Crops Feature Activity,2026-09-26T14:36:16+00:00
58306669477370aa,2016-02-12,"Peppers, Bell Type",RED,per lb,,,,,No,,,,,,,,2.18,$/per lb,2.18,per lb,Midwest,retail,,,,,,,,116.0,3324,Weekly Grocery Store Specialty Crops Feature Activity,2026-09-26T14:36:16+00:00
135dee6370ed2ba5,2016-02-12,"Peppers, Bell Type",YELLOW,each,,,,,Yes,,,,,,,,1.99,$/each,1.99,per each,Midwest,retail,,,,,,,,12.0,3324,Weekly Grocery Store Specialty Crops Feature Activity,2026-09-26T14:36:16+00:00
3f39105c37efbe15,2016-02-12,"Peppers, Bell Type",YELLOW,each,,,,,No,,,,,,,,1.6,$/each,1.6,per each,Midwest,retail,,,,,,,,381.0,3324,Weekly Grocery Store Specialty Crops Feature Activity,2026-09-26T14:36:16+00:00
185727e237bc8929,2016-02-12,"Peppers, Bell Type",YELLOW,per lb,,,,,No,,,,,,,,2.97,$/per lb,2.97,per lb,Midwest,retail,,,,,,,,38.0,3324,Weekly Grocery Store Specialty Crops Feature Activity,2026-09-26T14:36:16+00:00
b0fa197623c88579,2016-02-12,Potatoes,ROUND RED,10 lb bag,,,,,No,,,,,,,,1.77,$/10 lb bag,0.177,per lb,Midwest,retail,,,,,,,,9.0,3324,Weekly Grocery Store Specialty Crops Feature Activity,2026-09-26T14:36:16+00:00
49d08bf50ef0793b,2016-02-12,Potatoes,ROUND RED,3 lb bag,,,,,No,,,,,,,,2.49,$/3 lb bag,0.83,per lb,Midwest,retail,,,,,,,,46.0,3324,Weekly Grocery Store Specialty Crops Feature Activity,2026-09-26T14:36:16+00:00
f205af1c746f52b7,2016-02-12,Potatoes,ROUND RED,3 lb bag,,,,,Yes,,,,,,,,3.9,$/3 lb bag,1.3,per lb,Midwest,retail,,,,,,,,117.0,3324,Weekly Grocery Store Specialty Crops Feature Activity,2026-09-26T14:36:16+00:00
3f5452a33e776540,2016-02-12,Potatoes,ROUND RED,5 lb bag,,,,,No,,,,,,,,2.86,$/5 lb bag,0.572,per lb,Midwest,retail,,,,,,,,1079.0,3324,Weekly Grocery Store Specialty Crops Feature Activity,2026-09-26T14:36:16+00:00
5f596386285cdef7,2016-02-12,Potatoes,ROUND RED,5 lb bag,,,,,Yes,,,,,,,,3.99,$/5 lb bag,0.798,per lb,Midwest,retail,,,,,,,,180.0,3324,Weekly Grocery Store Specialty Crops Feature Activity,2026-09-26T14:36:16+00:00
4c98cac7098eff5b,2016-02-12,Potatoes,ROUND RED,per lb,,,,,No,,,,,,,,0.69,$/per lb,0.69,per lb,Midwest,retail,,,,,,,,24.0,3324,Weekly Grocery Store Specialty Crops Feature Activity,2026-09-26T14:36:16+00:00
634f2f7b335a99d9,2016-02-12,Potatoes,RUSSET,10 lb bag,,,,,No,,,,,,,,2.73,$/10 lb bag,0.273,per lb,Midwest,retail,,,,,,,,293.0,3324,Weekly Grocery Store Specialty Crops Feature Activity,2026-09-26T14:36:16+00:00
fd2e7772beaa087d,2016-02-12,Potatoes,RUSSET,10 lb bag,,,,,Yes,,,,,,,,3.99,$/10 lb bag,0.399,per lb,Midwest,retail,,,,,,,,180.0,3324,Weekly Grocery Store Specialty Crops Feature Activity,2026-09-26T14:36:16+00:00
be686359a936ffe4,2016-02-12,Potatoes,RUSSET,3 lb bag,,,,,No,,,,,,,,1.99,$/3 lb bag,0.6633,per lb,Midwest,retail,,,,,,,,127.0,3324,Weekly Grocery Store Specialty Crops Feature Activity,2026-09-26T14:36:16+00:00
d4c266c2fd0a8b88,2016-02-12,Potatoes,RUSSET,3 lb bag,,,,,Yes,,,,,,,,2.02,$/3 lb bag,0.6733,per lb,Midwest,retail,,,,,,,,172.0,3324,Weekly Grocery Store Specialty Crops Feature Activity,2026-09-26T14:36:16+00:00
372f24a01de4f45e,2016-02-12,Potatoes,RUSSET,5 lb bag,,,,,Yes,,,,,,,,3.99,$/5 lb bag,0.798,per lb,Midwest,retail,,,,,,,,3.0,3324,Weekly Grocery Store Specialty Crops Feature Activity,2026-09-26T14:36:16+00:00
c75a05721d25aafb,2016-02-12,Potatoes,RUSSET,5 lb bag,,,,,No,,,,,,,,2.13,$/5 lb bag,0.426,per lb,Midwest,retail,,,,,,,,554.0,3324,Weekly Grocery Store Specialty Crops Feature Activity,2026-09-26T14:36:16+00:00
d4ae9f176e553870,2016-02-12,Potatoes,RUSSET,8 lb bag,,,,,No,,,,,,,,2.67,$/8 lb bag,0.3337,per lb,Midwest,retail,,,,,,,,388.0,3324,Weekly Grocery Store Specialty Crops Feature Activity,2026-09-26T14:36:16+00:00
7f39f003bc2a2256,2016-02-12,Potatoes,RUSSET,per lb,,,,,Yes,,,,,,,,1.0,$/per lb,1.0,per lb,Midwest,retail,,,,,,,,27.0,3324,Weekly Grocery Store Specialty Crops Feature Activity,2026-09-26T14:36:16+00:00
fdda4a3c8761ab99,2016-02-12,Potatoes,RUSSET,per lb,,,,,No,,,,,,,,0.58,$/per lb,0.58,per lb,Midwest,retail,,,,,,,,172.0,3324,Weekly Grocery Store Specialty Crops Feature Activity,2026-09-26T14:36:16+00:00
6fb3e2ecbdfe725b,2016-02-12,Potatoes,YELLOW TYPE,10 lb bag,,,,,No,,,,,,,,2.37,$/10 lb bag,0.237,per lb,Midwest,retail,,,,,,,,13.0,3324,Weekly Grocery Store Specialty Crops Feature Activity,2026-09-26T14:36:16+00:00
6c0edd8fde64a73d,2016-02-12,Potatoes,YELLOW TYPE,3 lb bag,,,,,No,,,,,,,,0.97,$/3 lb bag,0.3233,per lb,Midwest,retail,,,,,,,,21.0,3324,Weekly Grocery Store Specialty Crops Feature Activity,2026-09-26T14:36:16+00:00
51a9a9dee76160b1,2016-02-12,Potatoes,YELLOW TYPE,5 lb bag,,,,,Yes,,,,,,,,3.99,$/5 lb bag,0.798,per lb,Midwest,retail,,,,,,,,183.0,3324,Weekly Grocery Store Specialty Crops Feature Activity,2026-09-26T14:36:16+00:00
ce552213cb62fb0d,2016-02-12,Potatoes,YELLOW TYPE,5 lb bag,,,,,No,,,,,,,,2.62,$/5 lb bag,0.524,per lb,Midwest,retail,,,,,,,,1433.0,3324,Weekly Grocery Store Specialty Crops Feature Activity,2026-09-26T14:36:16+00:00
9ce713a7d652589c,2016-02-12,Potatoes,YELLOW TYPE,per lb,,,,,No,,,,,,,,0.69,$/per lb,0.69,per lb,Midwest,retail,,,,,,,,19.0,3324,Weekly Grocery Store Specialty Crops Feature Activity,2026-09-26T14:36:16+00:00
46a5f1a3e6ac0333,2016-02-12,Strawberries,,1 lb package,,,,,No,,,,,,,,2.48,$/1 lb package,2.48,per lb,Midwest,retail,,,,,,,,1338.0,3324,Weekly Grocery Store Specialty Crops Feature Activity,2026-09-26T14:36:16+00:00
637831758de41ac1,2016-02-12,Tomatoes,,per lb,,,,,No,,,,,,,,1.98,$/per lb,1.98,per lb,Midwest,retail,,,,,,,,176.0,3324,Weekly Grocery Store Specialty Crops Feature Activity,2026-09-26T14:36:16+00:00
98a7f49533ad903b,2016-02-12,Tomatoes,,per lb,,,,,Yes,,,,,,,,1.99,$/per lb,1.99,per lb,Midwest,retail,,,,,,,,3.0,3324,Weekly Grocery Store Specialty Crops Feature Activity,2026-09-26T14:36:16+00:00
8c076aa0a51c36b2,2016-02-12,Tomatoes,GRAPE TYPE,1 pint package,,,,,Yes,,,,,,,,3.13,$/1 pint package,,,Midwest,retail,,,,,,,,45.0,3324,Weekly Grocery Store Specialty Crops Feature Activity,2026-09-26T14:36:16+00:00
e6de77b0954957b2,2016-02-12,Tomatoes,GRAPE TYPE,1 pint package,,,,,No,,,,,,,,2.31,$/1 pint package,,,Midwest,retail,,,,,,,,54.0,3324,Weekly Grocery Store Specialty Crops Feature Activity,2026-09-26T14:36:16+00:00
3333ea247db72f32,2016-02-12,Tomatoes,GRAPE TYPE,10 oz package,,,,,No,,,,,,,,2.42,$/10 oz package,3.872,per lb,Midwest,retail,,,,,,,,104.0,3324,Weekly Grocery Store Specialty Crops Feature Activity,2026-09-26T14:36:16+00:00
c401ce072b5f3002,2016-02-12,Tomatoes,GRAPE TYPE,10 oz package,,,,,Yes,,,,,,,,3.24,$/10 oz package,5.184,per lb,Midwest,retail,,,,,,,,14.0,3324,Weekly Grocery Store Specialty Crops Feature Activity,2026-09-26T14:36:16+00:00
4f1d21250b25ca41,2016-02-12,Tomatoes,Plum Type (Roma),per lb,,,,,No,,,,,,,,1.27,$/per lb,1.27,per lb,Midwest,retail,,,,,,,,421.0,3324,Weekly Grocery Store Specialty Crops Feature Activity,2026-09-26T14:36:16+00:00
84d1b8dd714b5ebd,2016-02-12,Tomatoes,VINE RIPES,per lb,,,,,No,,,,,,,,1.47,$/per lb,1.47,per lb,Midwest,retail,,,,,,,,232.0,3324,Weekly Grocery Store Specialty Crops Feature Activity,2026-09-26T14:36:16+00:00
967b7cf52e213087,2016-02-12,Tomatoes,VINE RIPES,per lb,,,,,No,,,,,,,,2.07,$/per lb,2.07,per lb,Midwest,retail,,,environment=Greenhouse,,,,,88.0,3324,Weekly Grocery Store Specialty Crops Feature Activity,2026-09-26T14:36:16+00:00
37d35d10ca285359,2016-02-12,Tomatoes,VINE RIPES - ON THE VINE,per lb,,,,,Yes,,,,,,,,2.85,$/per lb,2.85,per lb,Midwest,retail,,,environment=Greenhouse,,,,,15.0,3324,Weekly Grocery Store Specialty Crops Feature Activity,2026-09-26T14:36:16+00:00
46031e82bf713ba4,2016-02-12,Tomatoes,VINE RIPES - ON THE VINE,per lb,,,,,No,,,,,,,,2.31,$/per lb,2.31,per lb,Midwest,retail,,,environment=Greenhouse,,,,,99.0,3324,Weekly Grocery Store Specialty Crops Feature Activity,2026-09-26T14:36:16+00:00
73ab5e8ddf4bf176,2016-02-12,Avocados,HASS,each,,,,,Yes,,,,,,,,1.77,$/each,1.77,per each,National,retail,,,,,,,,2714.0,3324,Weekly Grocery Store Specialty Crops Feature Activity,2026-09-26T14:36:16+00:00
b97af6df8685e734,2016-02-12,Avocados,HASS,each,,,,,No,,,,,,,,1.09,$/each,1.09,per each,National,retail,,,,,,,,6876.0,3324,Weekly Grocery Store Specialty Crops Feature Activity,2026-09-26T14:36:16+00:00
a2015a6d5aeb6d97,2016-02-12,Avocados,VARIOUS GREENSKIN VARIETIES,each,,,,,No,,,,,,,,0.9,$/each,0.9,per each,National,retail,,,,,,,,165.0,3324,Weekly Grocery Store Specialty Crops Feature Activity,2026-09-26T14:36:16+00:00
b87e1ac0a7096965,2016-02-12,Avocados,VARIOUS GREENSKIN VARIETIES,each,,,,,Yes,,,,,,,,1.54,$/each,1.54,per each,National,retail,,,,,,,,146.0,3324,Weekly Grocery Store Specialty Crops Feature Activity,2026-09-26T14:36:16+00:00
6215076f027876da,2016-02-12,Avocados,VARIOUS GREENSKIN VARIETIES,per lb,,,,,No,,,,,,,,0.79,$/per lb,0.79,per lb,National,retail,,,,,,,,6.0,3324,Weekly Grocery Store Specialty Crops Feature Activity,2026-09-26T14:36:16+00:00
303266db3c1b90d6,2016-02-12,Bananas,,per lb,,,,,Yes,,,,,,,,0.74,$/per lb,0.74,per lb,National,retail,,,,,,,,1750.0,3324,Weekly Grocery Store Specialty Crops Feature Activity,2026-09-26T14:36:16+00:00
ecf3643e5cb8bf99,2016-02-12,Bananas,,per lb,,,,,No,,,,,,,,0.39,$/per lb,0.39,per lb,National,retail,,,,,,,,2421.0,3324,Weekly Grocery Store Specialty Crops Feature Activity,2026-09-26T14:36:16+00:00
46dfbfbe02d3315a,2016-02-12,Blueberries,,1 pint package,,,,,No,,,,,,,,3.05,$/1 pint package,,,National,retail,,,,,,,,7990.0,3324,Weekly Grocery Store Specialty Crops Feature Activity,2026-09-26T14:36:16+00:00
e52d2199c99b1168,2016-02-12,Blueberries,,18 oz package,,,,,No,,,,,,,,5.27,$/18 oz package,4.6844,per lb,National,retail,,,,,,,,1247.0,3324,Weekly Grocery Store Specialty Crops Feature Activity,2026-09-26T14:36:16+00:00
5df8ea66bd3d92ad,2016-02-12,Blueberries,,4.4 oz package,,,,,Yes,,,,,,,,4.02,$/4.4 oz package,14.6182,per lb,National,retail,,,,,,,,1574.0,3324,Weekly Grocery Store Specialty Crops Feature Activity,2026-09-26T14:36:16+00:00
ae9f43a2581f75f8,2016-02-12,Blueberries,,6 oz package,,,,,Yes,,,,,,,,4.36,$/6 oz package,11.6267,per lb,National,retail,,,,,,,,578.0,3324,Weekly Grocery Store Specialty Crops Feature Activity,2026-09-26T14:36:16+00:00
e18f5e350b4a1426,2016-02-12,Blueberries,,6 oz package,,,,,No,,,,,,,,2.71,$/6 oz package,7.2267,per lb,National,retail,,,,,,,,3678.0,3324,Weekly Grocery Store Specialty Crops Feature Activity,2026-09-26T14:36:16+00:00
07543147b4b77b2c,2016-02-12,Broccoli,,per bunch,,,,,No,,,,,,,,1.99,$/per bunch,,,National,retail,,,,,,,,1097.0,3324,Weekly Grocery Store Specialty Crops Feature Activity,2026-09-26T14:36:16+00:00
164a74ee587201d6,2016-02-12,Broccoli,,per bunch,,,,,Yes,,,,,,,,2.96,$/per bunch,,,National,retail,,,,,,,,804.0,3324,Weekly Grocery Store Specialty Crops Feature Activity,2026-09-26T14:36:16+00:00
654e8c625234dfae,2016-02-12,Broccoli,,per lb,,,,,Yes,,,,,,,,1.5,$/per lb,1.5,per lb,National,retail,,,,,,,,353.0,3324,Weekly Grocery Store Specialty Crops Feature Activity,2026-09-26T14:36:16+00:00
967338bf724efd3a,2016-02-12,Broccoli,,per lb,,,,,No,,,,,,,,1.1,$/per lb,1.1,per lb,National,retail,,,,,,,,806.0,3324,Weekly Grocery Store Specialty Crops Feature Activity,2026-09-26T14:36:16+00:00
be2216062220d9a5,2016-02-12,Broccoli,BABY HYBRID TYPE,per bunch,,,,,Yes,,,,,,,,1.78,$/per bunch,,,National,retail,,,,,,,,15.0,3324,Weekly Grocery Store Specialty Crops Feature Activity,2026-09-26T14:36:16+00:00
3675a86ef6da8695,2016-02-12,Broccoli,CROWN CUT,per lb,,,,,No,,,,,,,,1.47,$/per lb,1.47,per lb,National,retail,,,,,,,,2985.0,3324,Weekly Grocery Store Specialty Crops Feature Activity,2026-09-26T14:36:16+00:00
275b248900df993e,2016-02-12,Carrots,,1 lb bag,,,,,Yes,,,,,,,,1.12,$/1 lb bag,1.12,per lb,National,retail,,,,,,,,456.0,3324,Weekly Grocery Store Specialty Crops Feature Activity,2026-09-26T14:36:16+00:00
ec90025c17699d66,2016-02-12,Carrots,,1 lb bag,,,,,No,,,,,,,,0.78,$/1 lb bag,0.78,per lb,National,retail,,,,,,,,323.0,3324,Weekly Grocery Store Specialty Crops Feature Activity,2026-09-26T14:36:16+00:00
6f043a8578b2fe53,2016-02-12,Carrots,,2 lb bag,,,,,Yes,,,,,,,,2.04,$/2 lb bag,1.02,per lb,National,retail,,,,,,,,186.0,3324,Weekly Grocery Store Specialty Crops Feature Activity,2026-09-26T14:36:16+00:00
ec98efbe54806e22,2016-02-12,Carrots,,2 lb bag,,,,,No,,,,,,,,1.43,$/2 lb bag,0.715,per lb,National,retail,,,,,,,,177.0,3324,Weekly Grocery Store Specialty Crops Feature Activity,2026-09-26T14:36:16+00:00
2c8de7e2f15d88ac,2016-02-12,Carrots,,per bunch,,,,,Yes,,,,,,,,1.66,$/per bunch,,,National,retail,,,,,,,,35.0,3324,Weekly Grocery Store Specialty Crops Feature Activity,2026-09-26T14:36:16+00:00
a2260f2655d17222,2016-02-12,Carrots,,per bunch,,,,,No,,,,,,,,0.99,$/per bunch,,,National,retail,,,,,,,,6.0,3324,Weekly Grocery Store Specialty Crops Feature Activity,2026-09-26T14:36:16+00:00
c31a147d36a3257c,2016-02-12,Carrots,,per lb,,,,,No,,,,,,,,0.42,$/per lb,0.42,per lb,National,retail,,,,,,,,73.0,3324,Weekly Grocery Store Specialty Crops Feature Activity,2026-09-26T14:36:16+00:00
09893f1edf439523,2016-02-12,Carrots,BABY PEELED,1 lb bag,,,,,Yes,,,,,,,,1.57,$/1 lb bag,1.57,per lb,National,retail,,,,,,,,3288.0,3324,Weekly Grocery Store Specialty Crops Feature Activity,2026-09-26T14:36:16+00:00
4dfbd904b4a4ae12,2016-02-12,Carrots,BABY PEELED,1 lb bag,,,,,No,,,,,,,,1.49,$/1 lb bag,1.49,per lb,National,retail,,,,,,,,4162.0,3324,Weekly Grocery Store Specialty Crops Feature Activity,2026-09-26T14:36:16+00:00
606e5402bb48ff14,2016-02-12,Carrots,BABY PEELED,2 lb bag,,,,,No,,,,,,,,2.15,$/2 lb bag,1.075,per lb,National,retail,,,,,,,,926.0,3324,Weekly Grocery Store Specialty Crops Feature Activity,2026-09-26T14:36:16+00:00
37d9984e587df7c4,2016-02-12,Celery,,each,,,,,No,,,,,,,,1.41,$/each,1.41,per each,National,retail,,,,,,,,487.0,3324,Weekly Grocery Store Specialty Crops Feature Activity,2026-09-26T14:36:16+00:00
49cea86229bf31ba,2016-02-12,Celery,,each,,,,,Yes,,,,,,,,1.93,$/each,1.93,per each,National,retail,,,,,,,,40.0,3324,Weekly Grocery Store Specialty Crops Feature Activity,2026-09-26T14:36:16+00:00
3d3c319e7a763d1e,2016-02-12,Celery,,per lb,,,,,Yes,,,,,,,,0.99,$/per lb,0.99,per lb,National,retail,,,,,,,,7.0,3324,Weekly Grocery Store Specialty Crops Feature Activity,2026-09-26T14:36:16+00:00
6102d3e3f28b1639,2016-02-12,Celery,,per lb,,,,,No,,,,,,,,0.79,$/per lb,0.79,per lb,National,retail,,,,,,,,33.0,3324,Weekly Grocery Store Specialty Crops Feature Activity,2026-09-26T14:36:16+00:00
052493bb3be6d36a,2016-02-12,Celery,HEARTS,each,,,,,Yes,,,,,,,,2.31,$/each,2.31,per each,National,retail,,,,,,,,269.0,3324,Weekly Grocery Store Specialty Crops Feature Activity,2026-09-26T14:36:16+00:00
5b75bccc5b90c0af,2016-02-12,Celery,HEARTS,each,,,,,No,,,,,,,,3.27,$/each,3.27,per each,National,retail,,,,,,,,103.0,3324,Weekly Grocery Store Specialty Crops Feature Activity,2026-09-26T14:36:16+00:00
8db9a2bb82ce1cba,2016-02-12,Cucumbers,,each,,,,,No,,,,,,,,0.74,$/each,0.74,per each,National,retail,,,,,,,,2835.0,3324,Weekly Grocery Store Specialty Crops Feature Activity,2026-09-26T14:36:16+00:00
9057e53ffd24aeda,2016-02-12,Cucumbers,,per lb,,,,,No,,,,,,,,0.68,$/per lb,0.68,per lb,National,retail,,,,,,,,48.0,3324,Weekly Grocery Store Specialty Crops Feature Activity,2026-09-26T14:36:16+00:00
8ffd9876be62ed8f,2016-02-12,Cucumbers,LONG SEEDLESS,each,,,,,No,,,,,,,,1.64,$/each,1.64,per each,National,retail,,,environment=Greenhouse,,,,,2214.0,3324,Weekly Grocery Store Specialty Crops Feature Activity,2026-09-26T14:36:16+00:00
2348f687a76a658c,2016-02-12,Grapes,BLACK SEEDLESS,per lb,,,,,No,,,,,,,,2.54,$/per lb,2.54,per lb,National,retail,,,,,,,,801.0,3324,Weekly Grocery Store Specialty Crops Feature Activity,2026-09-26T14:36:16+00:00
d09574f0e0731dec,2016-02-12,Grapes,RED SEEDLESS,per lb,,,,,No,,,,,,,,2.56,$/per lb,2.56,per lb,National,retail,,,,,,,,6045.0,3324,Weekly Grocery Store Specialty Crops Feature Activity,2026-09-26T14:36:16+00:00
0ceccf743d7679f3,2016-02-12,Grapes,Red Globe Seeded Type,per lb,,,,,No,,,,,,,,2.2,$/per lb,2.2,per lb,National,retail,,,,,,,,1671.0,3324,Weekly Grocery Store Specialty Crops Feature Activity,2026-09-26T14:36:16+00:00
903988ab182b28e0,2016-02-12,Grapes,WHITE SEEDLESS TYPE,per lb,,,,,No,,,,,,,,2.26,$/per lb,2.26,per lb,National,retail,,,,,,,,2126.0,3324,Weekly Grocery Store Specialty Crops Feature Activity,2026-09-26T14:36:16+00:00
64a40cd1ff0ae9b1,2016-02-12,Lemons,,2 lb bag,,,,,Yes,,,,,,,,3.53,$/2 lb bag,1.765,per lb,National,retail,,,,,,,,441.0,3324,Weekly Grocery Store Specialty Crops Feature Activity,2026-09-26T14:36:16+00:00
bb44f327b2fd7a96,2016-02-12,Lemons,,2 lb bag,,,,,No,,,,,,,,3.33,$/2 lb bag,1.665,per lb,National,retail,,,,,,,,665.0,3324,Weekly Grocery Store Specialty Crops Feature Activity,2026-09-26T14:36:16+00:00
4c003927480de11b,2016-02-12,Lemons,,each,,,,,Yes,,,,,,,,0.77,$/each,0.77,per each,National,retail,,,,,,,,403.0,3324,Weekly Grocery Store Specialty Crops Feature Activity,2026-09-26T14:36:16+00:00
c3bf696f90e010f6,2016-02-12,Lemons,,each,,,,,No,,,,,,,,0.52,$/each,0.52,per each,National,retail,,,,,,,,1542.0,3324,Weekly Grocery Store Specialty Crops Feature Activity,2026-09-26T14:36:16+00:00
7fd31cad08ac0d87,2016-02-12,Lemons,,per lb,,,,,No,,,,,,,,1.81,$/per lb,1.81,per lb,National,retail,,,,,,,,96.0,3324,Weekly Grocery Store Specialty Crops Feature Activity,2026-09-26T14:36:16+00:00
00ce6b1c63a41948,2016-02-12,Lettuce,Boston,each,,,,,No,,,,,,,,2.0,$/each,2.0,per each,National,retail,,,,,,,,332.0,3324,Weekly Grocery Store Specialty Crops Feature Activity,2026-09-26T14:36:16+00:00
674cbebd27299e0c,2016-02-12,Lettuce,Boston,each,,,,,Yes,,,,,,,,3.79,$/each,3.79,per each,National,retail,,,,,,,,81.0,3324,Weekly Grocery Store Specialty Crops Feature Activity,2026-09-26T14:36:16+00:00
f90647d924d31a27,2016-02-12,Lettuce,Boston,each,,,,,No,,,,,,,,1.69,$/each,1.69,per each,National,retail,,,environment=Greenhouse,,,,,37.0,3324,Weekly Grocery Store Specialty Crops Feature Activity,2026-09-26T14:36:16+00:00
017f0bd0f07de522,2016-02-12,Lettuce,Boston,per lb,,,,,No,,,,,,,,1.49,$/per lb,1.49,per lb,National,retail,,,,,,,,8.0,3324,Weekly Grocery Store Specialty Crops Feature Activity,2026-09-26T14:36:16+00:00
01867393cbf80136,2016-02-12,Lettuce,Green Leaf,each,,,,,No,,,,,,,,1.21,$/each,1.21,per each,National,retail,,,,,,,,871.0,3324,Weekly Grocery Store Specialty Crops Feature Activity,2026-09-26T14:36:16+00:00
5a08f6980c98f980,2016-02-12,Lettuce,Green Leaf,each,,,,,Yes,,,,,,,,1.93,$/each,1.93,per each,National,retail,,,,,,,,369.0,3324,Weekly Grocery Store Specialty Crops Feature Activity,2026-09-26T14:36:16+00:00
586566d6cd57772f,2016-02-12,Lettuce,Green Leaf,per lb,,,,,No,,,,,,,,1.11,$/per lb,1.11,per lb,National,retail,,,,,,,,120.0,3324,Weekly Grocery Store Specialty Crops Feature Activity,2026-09-26T14:36:16+00:00
70fddfce58284b30,2016-02-12,Lettuce,Iceberg,each,,,,,No,,,,,,,,1.04,$/each,1.04,per each,National,retail,,,,,,,,1744.0,3324,Weekly Grocery Store Specialty Crops Feature Activity,2026-09-26T14:36:16+00:00
71e5bffa1caf4d2b,2016-02-12,Lettuce,Iceberg,each,,,,,Yes,,,,,,,,2.45,$/each,2.45,per each,National,retail,,,,,,,,181.0,3324,Weekly Grocery Store Specialty Crops Feature Activity,2026-09-26T14:36:16+00:00
69aa5753047eb086,2016-02-12,Lettuce,Iceberg,per lb,,,,,No,,,,,,,,1.48,$/per lb,1.48,per lb,National,retail,,,,,,,,37.0,3324,Weekly Grocery Store Specialty Crops Feature Activity,2026-09-26T14:36:16+00:00
4a9531ddcfef2134,2016-02-12,Lettuce,Red Leaf,each,,,,,No,,,,,,,,1.24,$/each,1.24,per each,National,retail,,,,,,,,876.0,3324,Weekly Grocery Store Specialty Crops Feature Activity,2026-09-26T14:36:16+00:00
d8a9a4e6a908e0e1,2016-02-12,Lettuce,Red Leaf,each,,,,,Yes,,,,,,,,1.93,$/each,1.93,per each,National,retail,,,,,,,,357.0,3324,Weekly Grocery Store Specialty Crops Feature Activity,2026-09-26T14:36:16+00:00
5e34bdd0b1861b11,2016-02-12,Lettuce,Red Leaf,per lb,,,,,No,,,,,,,,1.11,$/per lb,1.11,per lb,National,retail,,,,,,,,120.0,3324,Weekly Grocery Store Specialty Crops Feature Activity,2026-09-26T14:36:16+00:00
3a1c0f129226f037,2016-02-12,Lettuce,Romaine,3 count,,,,,No,,,,,,,,2.79,$/3 count,,,National,retail,,,,,,,,35.0,3324,Weekly Grocery Store Specialty Crops Feature Activity,2026-09-26T14:36:16+00:00
d969b7062f72d732,2016-02-12,Lettuce,Romaine,each,,,,,Yes,,,,,,,,1.99,$/each,1.99,per each,National,retail,,,,,,,,17.0,3324,Weekly Grocery Store Specialty Crops Feature Activity,2026-09-26T14:36:16+00:00
f207fcd4cd1d3e36,2016-02-12,Lettuce,Romaine,each,,,,,No,,,,,,,,1.17,$/each,1.17,per each,National,retail,,,,,,,,859.0,3324,Weekly Grocery Store Specialty Crops Feature Activity,2026-09-26T14:36:16+00:00
a1fa9b9cb77da32e,2016-02-12,Lettuce,Romaine,per lb,,,,,No,,,,,,,,1.45,$/per lb,1.45,per lb,National,retail,,,,,,,,234.0,3324,Weekly Grocery Store Specialty Crops Feature Activity,2026-09-26T14:36:16+00:00
650d68675bb40747,2016-02-12,Lettuce,Romaine (Hearts),3 count,,,,,Yes,,,,,,,,3.46,$/3 count,,,National,retail,,,,,,,,2262.0,3324,Weekly Grocery Store Specialty Crops Feature Activity,2026-09-26T14:36:16+00:00
d9ba48743804e7fc,2016-02-12,Lettuce,Romaine (Hearts),3 count,,,,,No,,,,,,,,2.52,$/3 count,,,National,retail,,,,,,,,1750.0,3324,Weekly Grocery Store Specialty Crops Feature Activity,2026-09-26T14:36:16+00:00
4d566e3d133b05ba,2016-02-12,Limes,,each,,,,,Yes,,,,,,,,0.25,$/each,0.25,per each,National,retail,,,,,,,,2.0,3324,Weekly Grocery Store Specialty Crops Feature Activity,2026-09-26T14:36:16+00:00
cdeff923f4b1cb4a,2016-02-12,Limes,,each,,,,,No,,,,,,,,0.32,$/each,0.32,per each,National,retail,,,,,,,,1101.0,3324,Weekly Grocery Store Specialty Crops Feature Activity,2026-09-26T14:36:16+00:00
46989c7b3e0c4924,2016-02-12,Limes,,per lb,,,,,Yes,,,,,,,,1.99,$/per lb,1.99,per lb,National,retail,,,,,,,,222.0,3324,Weekly Grocery Store Specialty Crops Feature Activity,2026-09-26T14:36:16+00:00
a77c1becefa88299,2016-02-12,Limes,,per lb,,,,,No,,,,,,,,0.51,$/per lb,0.51,per lb,National,retail,,,,,,,,221.0,3324,Weekly Grocery Store Specialty Crops Feature Activity,2026-09-26T14:36:16+00:00
ae22ba4d8abebc31,2016-02-12,"Onions, Dry",RED,2 lb bag,,,,,No,,,,,,,,1.9,$/2 lb bag,0.95,per lb,National,retail,,,,,,,,501.0,3324,Weekly Grocery Store Specialty Crops Feature Activity,2026-09-26T14:36:16+00:00
49e82909a9b67e7d,2016-02-12,"Onions, Dry",RED,3 lb bag,,,,,Yes,,,,,,,,2.98,$/3 lb bag,0.9933,per lb,National,retail,,,,,,,,120.0,3324,Weekly Grocery Store Specialty Crops Feature Activity,2026-09-26T14:36:16+00:00
87764a11dde4cd1e,2016-02-12,"Onions, Dry",RED,per lb,,,,,No,,,,,,,,1.25,$/per lb,1.25,per lb,National,retail,,,,,,,,514.0,3324,Weekly Grocery Store Specialty Crops Feature Activity,2026-09-26T14:36:16+00:00
d1eecee9d2960e50,2016-02-12,"Onions, Dry",RED,per lb,,,,,Yes,,,,,,,,0.8,$/per lb,0.8,per lb,National,retail,,,,,,,,69.0,3324,Weekly Grocery Store Specialty Crops Feature Activity,2026-09-26T14:36:16+00:00
880d38c1d2e9b93b,2016-02-12,"Onions, Dry",WHITE,2 lb bag,,,,,No,,,,,,,,2.5,$/2 lb bag,1.25,per lb,National,retail,,,,,,,,9.0,3324,Weekly Grocery Store Specialty Crops Feature Activity,2026-09-26T14:36:16+00:00
65d1cc6964f26b55,2016-02-12,"Onions, Dry",WHITE,3 lb bag,,,,,No,,,,,,,,2.0,$/3 lb bag,0.6667,per lb,National,retail,,,,,,,,161.0,3324,Weekly Grocery Store Specialty Crops Feature Activity,2026-09-26T14:36:16+00:00
765c6d0a9326ce74,2016-02-12,"Onions, Dry",WHITE,per lb,,,,,No,,,,,,,,0.75,$/per lb,0.75,per lb,National,retail,,,,,,,,317.0,3324,Weekly Grocery Store Specialty Crops Feature Activity,2026-09-26T14:36:16+00:00
82174e234f847406,2016-02-12,"Onions, Dry",YELLOW,2 lb bag,,,,,No,,,,,,,,1.37,$/2 lb bag,0.685,per lb,National,retail,,,,,,,,514.0,3324,Weekly Grocery Store Specialty Crops Feature Activity,2026-09-26T14:36:16+00:00
6287a36b0b1a1f24,2016-02-12,"Onions, Dry",YELLOW,3 lb bag,,,,,No,,,,,,,,1.48,$/3 lb bag,0.4933,per lb,National,retail,,,,,,,,4618.0,3324,Weekly Grocery Store Specialty Crops Feature Activity,2026-09-26T14:36:16+00:00
fb23ce3947e8fa27,2016-02-12,"Onions, Dry",YELLOW,3 lb bag,,,,,Yes,,,,,,,,3.95,$/3 lb bag,1.3167,per lb,National,retail,,,,,,,,749.0,3324,Weekly Grocery Store Specialty Crops Feature Activity,2026-09-26T14:36:16+00:00
3a9ea8d42337d32d,2016-02-12,"Onions, Dry",YELLOW,5 lb bag,,,,,No,,,,,,,,2.64,$/5 lb bag,0.528,per lb,National,retail,,,,,,,,142.0,3324,Weekly Grocery Store Specialty Crops Feature Activity,2026-09-26T14:36:16+00:00
122c420b13fd0b44,2016-02-12,"Onions, Dry",YELLOW,per lb,,,,,Yes,,,,,,,,1.18,$/per lb,1.18,per lb,National,retail,,,,,,,,37.0,3324,Weekly Grocery Store Specialty Crops Feature Activity,2026-09-26T14:36:16+00:00
51dffd656677b3c1,2016-02-12,"Onions, Dry",YELLOW,per lb,,,,,No,,,,,,,,0.78,$/per lb,0.78,per lb,National,retail,,,,,,,,711.0,3324,Weekly Grocery Store Specialty Crops Feature Activity,2026-09-26T14:36:16+00:00
0962aaf9f05931a9,2016-02-12,"Onions, Dry",YELLOW MARKED SWEET,2 lb bag,,,,,No,,,,,,,,1.99,$/2 lb bag,0.995,per lb,National,retail,,,,,,,,29.0,3324,Weekly Grocery Store Specialty Crops Feature Activity,2026-09-26T14:36:16+00:00
79cb2dab45cae879,2016-02-12,"Onions, Dry",YELLOW MARKED SWEET,3 lb bag,,,,,No,,,,,,,,2.88,$/3 lb bag,0.96,per lb,National,retail,,,,,,,,1405.0,3324,Weekly Grocery Store Specialty Crops Feature Activity,2026-09-26T14:36:16+00:00
bd02475b68cfc22c,2016-02-12,"Onions, Dry",YELLOW MARKED SWEET,5 lb bag,,,,,No,,,,,,,,3.79,$/5 lb bag,0.758,per lb,National,retail,,,,,,,,50.0,3324,Weekly Grocery Store Specialty Crops Feature Activity,2026-09-26T14:36:16+00:00
0e8652019cf84e3d,2016-02-12,"Onions, Dry",YELLOW MARKED SWEET,per lb,,,,,Yes,,,,,,,,1.05,$/per lb,1.05,per lb,National,retail,,,,,,,,77.0,3324,Weekly Grocery Store Specialty Crops Feature Activity,2026-09-26T14:36:16+00:00
c06945c7d93d6ae2,2016-02-12,"Onions, Dry",YELLOW MARKED SWEET,per lb,,,,,No,,,,,,,,1.02,$/per lb,1.02,per lb,National,retail,,,,,,,,3686.0,3324,Weekly Grocery Store Specialty Crops Feature Activity,2026-09-26T14:36:16+00:00
889da16cf0e12c5d,2016-02-12,"Peppers, Bell Type",GREEN,each,,,,,No,,,,,,,,0.96,$/each,0.96,per each,National,retail,,,,,,,,1129.0,3324,Weekly Grocery Store Specialty Crops Feature Activity,2026-09-26T14:36:16+00:00
d0baa1edc57e8ce5,2016-02-12,"Peppers, Bell Type",GREEN,each,,,,,Yes,,,,,,,,1.99,$/each,1.99,per each,National,retail,,,,,,,,20.0,3324,Weekly Grocery Store Specialty Crops Feature Activity,2026-09-26T14:36:16+00:00
11fcaabc8a6bdfe3,2016-02-12,"Peppers, Bell Type",GREEN,per lb,,,,,No,,,,,,,,1.66,$/per lb,1.66,per lb,National,retail,,,,,,,,406.0,3324,Weekly Grocery Store Specialty Crops Feature Activity,2026-09-26T14:36:16+00:00
04746641629d1858,2016-02-12,"Peppers, Bell Type",ORANGE,each,,,,,Yes,,,,,,,,1.99,$/each,1.99,per each,National,retail,,,,,,,,149.0,3324,Weekly Grocery Store Specialty Crops Feature Activity,2026-09-26T14:36:16+00:00
265db7a6e8336519,2016-02-12,"Peppers, Bell Type",ORANGE,each,,,,,No,,,,,,,,1.41,$/each,1.41,per each,National,retail,,,,,,,,2597.0,3324,Weekly Grocery Store Specialty Crops Feature Activity,2026-09-26T14:36:16+00:00
e0f28cd6ab6f2896,2016-02-12,"Peppers, Bell Type",ORANGE,each,,,,,No,,,,,,,,1.41,$/each,1.41,per each,National,retail,,,environment=Greenhouse,,,,,1021.0,3324,Weekly Grocery Store Specialty Crops Feature Activity,2026-09-26T14:36:16+00:00
3edf518bf378cb83,2016-02-12,"Peppers, Bell Type",ORANGE,per lb,,,,,No,,,,,,,,3.02,$/per lb,3.02,per lb,National,retail,,,,,,,,89.0,3324,Weekly Grocery Store Specialty Crops Feature Activity,2026-09-26T14:36:16+00:00
866072b06e9217fa,2016-02-12,"Peppers, Bell Type",ORANGE,per lb,,,,,No,,,,,,,,3.02,$/per lb,3.02,per lb,National,retail,,,environment=Greenhouse,,,,,45.0,3324,Weekly Grocery Store Specialty Crops Feature Activity,2026-09-26T14:36:16+00:00
5ec8ce10be12e4c4,2016-02-12,"Peppers, Bell Type",RED,each,,,,,Yes,,,,,,,,1.99,$/each,1.99,per each,National,retail,,,,,,,,178.0,3324,Weekly Grocery Store Specialty Crops Feature Activity,2026-09-26T14:36:16+00:00
6b7e8383ebeb3dc2,2016-02-12,"Peppers, Bell Type",RED,each,,,,,No,,,,,,,,1.33,$/each,1.33,per each,National,retail,,,,,,,,4171.0,3324,Weekly Grocery Store Specialty Crops Feature Activity,2026-09-26T14:36:16+00:00
d61bc416277ff22a,2016-02-12,"Peppers, Bell Type",RED,each,,,,,No,,,,,,,,1.33,$/each,1.33,per each,National,retail,,,environment=Greenhouse,,,,,1021.0,3324,Weekly Grocery Store Specialty Crops Feature Activity,2026-09-26T14:36:16+00:00
41a2d2a6793d03fd,2016-02-12,"Peppers, Bell Type",RED,per lb,,,,,Yes,,,,,,,,4.88,$/per lb,4.88,per lb,National,retail,,,,,,,,11.0,3324,Weekly Grocery Store Specialty Crops Feature Activity,2026-09-26T14:36:16+00:00
4370bb78aa96b41d,2016-02-12,"Peppers, Bell Type",RED,per lb,,,,,No,,,,,,,,2.35,$/per lb,2.35,per lb,National,retail,,,environment=Greenhouse,,,,,45.0,3324,Weekly Grocery Store Specialty Crops Feature Activity,2026-09-26T14:36:16+00:00
f4cad6892a24df7c,2016-02-12,"Peppers, Bell Type",RED,per lb,,,,,No,,,,,,,,2.35,$/per lb,2.35,per lb,National,retail,,,,,,,,1078.0,3324,Weekly Grocery Store Specialty Crops Feature Activity,2026-09-26T14:36:16+00:00
081c55f1250c4521,2016-02-12,"Peppers, Bell Type",YELLOW,each,,,,,No,,,,,,,,1.4,$/each,1.4,per each,National,retail,,,environment=Greenhouse,,,,,1021.0,3324,Weekly Grocery Store Specialty Crops Feature Activity,2026-09-26T14:36:16+00:00
497dc736d997420a,2016-02-12,"Peppers, Bell Type",YELLOW,each,,,,,No,,,,,,,,1.4,$/each,1.4,per each,National,retail,,,,,,,,2884.0,3324,Weekly Grocery Store Specialty Crops Feature Activity,2026-09-26T14:36:16+00:00
58ea893d986bc069,2016-02-12,"Peppers, Bell Type",YELLOW,each,,,,,Yes,,,,,,,,1.99,$/each,1.99,per each,National,retail,,,,,,,,169.0,3324,Weekly Grocery Store Specialty Crops Feature Activity,2026-09-26T14:36:16+00:00
127ea13456683708,2016-02-12,"Peppers, Bell Type",YELLOW,per lb,,,,,No,,,,,,,,3.02,$/per lb,3.02,per lb,National,retail,,,,,,,,89.0,3324,Weekly Grocery Store Specialty Crops Feature Activity,2026-09-26T14:36:16+00:00
2c87b79c242cee70,2016-02-12,"Peppers, Bell Type",YELLOW,per lb,,,,,No,,,,,,,,3.02,$/per lb,3.02,per lb,National,retail,,,environment=Greenhouse,,,,,45.0,3324,Weekly Grocery Store Specialty Crops Feature Activity,2026-09-26T14:36:16+00:00
ff12e512ceb42146,2016-02-12,Potatoes,ROUND RED,10 lb bag,,,,,No,,,,,,,,2.85,$/10 lb bag,0.285,per lb,National,retail,,,,,,,,80.0,3324,Weekly Grocery Store Specialty Crops Feature Activity,2026-09-26T14:36:16+00:00
05001967fb78ade0,2016-02-12,Potatoes,ROUND RED,3 lb bag,,,,,Yes,,,,,,,,3.44,$/3 lb bag,1.1467,per lb,National,retail,,,,,,,,421.0,3324,Weekly Grocery Store Specialty Crops Feature Activity,2026-09-26T14:36:16+00:00
126a61a8134fc7e3,2016-02-12,Potatoes,ROUND RED,3 lb bag,,,,,No,,,,,,,,2.62,$/3 lb bag,0.8733,per lb,National,retail,,,,,,,,441.0,3324,Weekly Grocery Store Specialty Crops Feature Activity,2026-09-26T14:36:16+00:00
377cab279137a5b8,2016-02-12,Potatoes,ROUND RED,5 lb bag,,,,,Yes,,,,,,,,3.99,$/5 lb bag,0.798,per lb,National,retail,,,,,,,,242.0,3324,Weekly Grocery Store Specialty Crops Feature Activity,2026-09-26T14:36:16+00:00
d3f8a8f1b7710fc8,2016-02-12,Potatoes,ROUND RED,5 lb bag,,,,,No,,,,,,,,2.67,$/5 lb bag,0.534,per lb,National,retail,,,,,,,,2301.0,3324,Weekly Grocery Store Specialty Crops Feature Activity,2026-09-26T14:36:16+00:00
10436d709fcc8a45,2016-02-12,Potatoes,ROUND RED,per lb,,,,,Yes,,,,,,,,0.99,$/per lb,0.99,per lb,National,retail,,,,,,,,61.0,3324,Weekly Grocery Store Specialty Crops Feature Activity,2026-09-26T14:36:16+00:00
4c87d9c1a093121d,2016-02-12,Potatoes,ROUND RED,per lb,,,,,No,,,,,,,,0.8,$/per lb,0.8,per lb,National,retail,,,,,,,,1364.0,3324,Weekly Grocery Store Specialty Crops Feature Activity,2026-09-26T14:36:16+00:00
9b84dd07a2326dd6,2016-02-12,Potatoes,ROUND WHITE,3 lb bag,,,,,Yes,,,,,,,,2.99,$/3 lb bag,0.9967,per lb,National,retail,,,,,,,,20.0,3324,Weekly Grocery Store Specialty Crops Feature Activity,2026-09-26T14:36:16+00:00
c3c18a8c3e77f883,2016-02-12,Potatoes,ROUND WHITE,5 lb bag,,,,,No,,,,,,,,2.0,$/5 lb bag,0.4,per lb,National,retail,,,,,,,,278.0,3324,Weekly Grocery Store Specialty Crops Feature Activity,2026-09-26T14:36:16+00:00
8b150d09ad1621f5,2016-02-12,Potatoes,ROUND WHITE,per lb,,,,,No,,,,,,,,0.73,$/per lb,0.73,per lb,National,retail,,,,,,,,53.0,3324,Weekly Grocery Store Specialty Crops Feature Activity,2026-09-26T14:36:16+00:00
81e4967d839dc9e9,2016-02-12,Potatoes,RUSSET,10 lb bag,,,,,Yes,,,,,,,,3.99,$/10 lb bag,0.399,per lb,National,retail,,,,,,,,180.0,3324,Weekly Grocery Store Specialty Crops Feature Activity,2026-09-26T14:36:16+00:00
dcb27e14fc336f86,2016-02-12,Potatoes,RUSSET,10 lb bag,,,,,No,,,,,,,,2.96,$/10 lb bag,0.296,per lb,National,retail,,,,,,,,1866.0,3324,Weekly Grocery Store Specialty Crops Feature Activity,2026-09-26T14:36:16+00:00
37971d721acc7a1d,2016-02-12,Potatoes,RUSSET,3 lb bag,,,,,Yes,,,,,,,,2.46,$/3 lb bag,0.82,per lb,National,retail,,,,,,,,840.0,3324,Weekly Grocery Store Specialty Crops Feature Activity,2026-09-26T14:36:16+00:00
df9ea7c55ba8a830,2016-02-12,Potatoes,RUSSET,3 lb bag,,,,,No,,,,,,,,1.99,$/3 lb bag,0.6633,per lb,National,retail,,,,,,,,247.0,3324,Weekly Grocery Store Specialty Crops Feature Activity,2026-09-26T14:36:16+00:00
6e1e4deedc53a759,2016-02-12,Potatoes,RUSSET,5 lb bag,,,,,No,,,,,,,,2.44,$/5 lb bag,0.488,per lb,National,retail,,,,,,,,3736.0,3324,Weekly Grocery Store Specialty Crops Feature Activity,2026-09-26T14:36:16+00:00
e3b8b5f9a2eb4e5e,2016-02-12,Potatoes,RUSSET,5 lb bag,,,,,Yes,,,,,,,,4.2,$/5 lb bag,0.84,per lb,National,retail,,,,,,,,525.0,3324,Weekly Grocery Store Specialty Crops Feature Activity,2026-09-26T14:36:16+00:00
d3a4fce91f80c3ff,2016-02-12,Potatoes,RUSSET,8 lb bag,,,,,No,,,,,,,,2.61,$/8 lb bag,0.3262,per lb,National,retail,,,,,,,,460.0,3324,Weekly Grocery Store Specialty Crops Feature Activity,2026-09-26T14:36:16+00:00
0f349c8622fca64e,2016-02-12,Potatoes,RUSSET,per lb,,,,,Yes,,,,,,,,0.99,$/per lb,0.99,per lb,National,retail,,,,,,,,57.0,3324,Weekly Grocery Store Specialty Crops Feature Activity,2026-09-26T14:36:16+00:00
ba96651a3e76ab35,2016-02-12,Potatoes,RUSSET,per lb,,,,,No,,,,,,,,0.8,$/per lb,0.8,per lb,National,retail,,,,,,,,3073.0,3324,Weekly Grocery Store Specialty Crops Feature Activity,2026-09-26T14:36:16+00:00
18cae56059509b65,2016-02-12,Potatoes,YELLOW TYPE,10 lb bag,,,,,No,,,,,,,,2.37,$/10 lb bag,0.237,per lb,National,retail,,,,,,,,13.0,3324,Weekly Grocery Store Specialty Crops Feature Activity,2026-09-26T14:36:16+00:00
43cd01db15e0e6f7,2016-02-12,Potatoes,YELLOW TYPE,3 lb bag,,,,,No,,,,,,,,1.13,$/3 lb bag,0.3767,per lb,National,retail,,,,,,,,30.0,3324,Weekly Grocery Store Specialty Crops Feature Activity,2026-09-26T14:36:16+00:00
e037aeb8875a2c89,2016-02-12,Potatoes,YELLOW TYPE,3 lb bag,,,,,Yes,,,,,,,,3.27,$/3 lb bag,1.09,per lb,National,retail,,,,,,,,304.0,3324,Weekly Grocery Store Specialty Crops Feature Activity,2026-09-26T14:36:16+00:00
5b4ec9e2bc711014,2016-02-12,Potatoes,YELLOW TYPE,5 lb bag,,,,,Yes,,,,,,,,3.99,$/5 lb bag,0.798,per lb,National,retail,,,,,,,,274.0,3324,Weekly Grocery Store Specialty Crops Feature Activity,2026-09-26T14:36:16+00:00
846ea7d6339d25b6,2016-02-12,Potatoes,YELLOW TYPE,5 lb bag,,,,,No,,,,,,,,2.38,$/5 lb bag,0.476,per lb,National,retail,,,,,,,,3509.0,3324,Weekly Grocery Store Specialty Crops Feature Activity,2026-09-26T14:36:16+00:00
89c3626331eb564b,2016-02-12,Potatoes,YELLOW TYPE,per lb,,,,,No,,,,,,,,0.76,$/per lb,0.76,per lb,National,retail,,,,,,,,658.0,3324,Weekly Grocery Store Specialty Crops Feature Activity,2026-09-26T14:36:16+00:00
bdd2d346d389d5b3,2016-02-12,Potatoes,YELLOW TYPE,per lb,,,,,Yes,,,,,,,,0.99,$/per lb,0.99,per lb,National,retail,,,,,,,,61.0,3324,Weekly Grocery Store Specialty Crops Feature Activity,2026-09-26T14:36:16+00:00
3bcc17d86f9730d9,2016-02-12,Strawberries,,1 lb package,,,,,Yes,,,,,,,,5.96,$/1 lb package,5.96,per lb,National,retail,,,,,,,,317.0,3324,Weekly Grocery Store Specialty Crops Feature Activity,2026-09-26T14:36:16+00:00
cc64f7a14396d336,2016-02-12,Strawberries,,1 lb package,,,,,No,,,,,,,,2.55,$/1 lb package,2.55,per lb,National,retail,,,,,,,,5112.0,3324,Weekly Grocery Store Specialty Crops Feature Activity,2026-09-26T14:36:16+00:00
dc11d5a6c6c32b85,2016-02-12,Tomatoes,,per lb,,,,,Yes,,,,,,,,1.99,$/per lb,1.99,per lb,National,retail,,,,,,,,94.0,3324,Weekly Grocery Store Specialty Crops Feature Activity,2026-09-26T14:36:16+00:00
fbef48a6e659c6d5,2016-02-12,Tomatoes,,per lb,,,,,No,,,,,,,,1.75,$/per lb,1.75,per lb,National,retail,,,,,,,,305.0,3324,Weekly Grocery Store Specialty Crops Feature Activity,2026-09-26T14:36:16+00:00
55ce2467a13a1943,2016-02-12,Tomatoes,Cherry Type,1 pint package,,,,,No,,,,,,,,2.99,$/1 pint package,,,National,retail,,,,,,,,7.0,3324,Weekly Grocery Store Specialty Crops Feature Activity,2026-09-26T14:36:16+00:00
258727c5bf02ad98,2016-02-12,Tomatoes,GRAPE TYPE,1 pint package,,,,,No,,,,,,,,2.65,$/1 pint package,,,National,retail,,,,,,,,724.0,3324,Weekly Grocery Store Specialty Crops Feature Activity,2026-09-26T14:36:16+00:00
b4ea55667c206ae1,2016-02-12,Tomatoes,GRAPE TYPE,1 pint package,,,,,Yes,,,,,,,,3.13,$/1 pint package,,,National,retail,,,,,,,,1474.0,3324,Weekly Grocery Store Specialty Crops Feature Activity,2026-09-26T14:36:16+00:00
c77f1e243b38b58e,2016-02-12,Tomatoes,GRAPE TYPE,10 oz package,,,,,No,,,,,,,,2.22,$/10 oz package,3.552,per lb,National,retail,,,,,,,,961.0,3324,Weekly Grocery Store Specialty Crops Feature Activity,2026-09-26T14:36:16+00:00
ea207723936eda30,2016-02-12,Tomatoes,GRAPE TYPE,10 oz package,,,,,Yes,,,,,,,,2.51,$/10 oz package,4.016,per lb,National,retail,,,,,,,,526.0,3324,Weekly Grocery Store Specialty Crops Feature Activity,2026-09-26T14:36:16+00:00
5a0c64e332104199,2016-02-12,Tomatoes,Plum Type (Roma),per lb,,,,,Yes,,,,,,,,1.92,$/per lb,1.92,per lb,National,retail,,,,,,,,500.0,3324,Weekly Grocery Store Specialty Crops Feature Activity,2026-09-26T14:36:16+00:00
6a7bbbf0801a93e9,2016-02-12,Tomatoes,Plum Type (Roma),per lb,,,,,No,,,,,,,,1.34,$/per lb,1.34,per lb,National,retail,,,,,,,,3302.0,3324,Weekly Grocery Store Specialty Crops Feature Activity,2026-09-26T14:36:16+00:00
1a29b92da3c6a34c,2016-02-12,Tomatoes,VINE RIPES,per lb,,,,,No,,,,,,,,2.15,$/per lb,2.15,per lb,National,retail,,,,,,,,457.0,3324,Weekly Grocery Store Specialty Crops Feature Activity,2026-09-26T14:36:16+00:00
c9ce9598d374b3f8,2016-02-12,Tomatoes,VINE RIPES,per lb,,,,,No,,,,,,,,2.15,$/per lb,2.15,per lb,National,retail,,,environment=Greenhouse,,,,,935.0,3324,Weekly Grocery Store Specialty Crops Feature Activity,2026-09-26T14:36:16+00:00
0ef540ef4dc6051e,2016-02-12,Tomatoes,VINE RIPES - ON THE VINE,per lb,,,,,No,,,,,,,,2.08,$/per lb,2.08,per lb,National,retail,,,environment=Greenhouse,,,,,2345.0,3324,Weekly Grocery Store Specialty Crops Feature Activity,2026-09-26T14:36:16+00:00
392e16669a25a8e8,2016-02-12,Tomatoes,VINE RIPES - ON THE VINE,per lb,,,,,Yes,,,,,,,,3.4,$/per lb,3.4,per lb,National,retail,,,environment=Greenhouse,,,,,1099.0,3324,Weekly Grocery Store Specialty Crops Feature Activity,2026-09-26T14:36:16+00:00
ccab9fda54333172,2016-02-12,Tomatoes,Vine Ripes - Heirloom Varieties,per lb,,,,,Yes,,,,,,,,4.96,$/per lb,4.96,per lb,National,retail,,,,,,,,289.0,3324,Weekly Grocery Store Specialty Crops Feature Activity,2026-09-26T14:36:16+00:00
5f0c5ad7d6258355,2016-02-12,Avocados,HASS,each,,,,,No,,,,,,,,1.19,$/each,1.19,per each,Northeast,retail,,,,,,,,1334.0,3324,Weekly Grocery Store Specialty Crops Feature Activity,2026-09-26T14:36:16+00:00
78bff3fbbc581372,2016-02-12,Avocados,HASS,each,,,,,Yes,,,,,,,,1.82,$/each,1.82,per each,Northeast,retail,,,,,,,,1014.0,3324,Weekly Grocery Store Specialty Crops Feature Activity,2026-09-26T14:36:16+00:00
2377252ac564e91a,2016-02-12,Bananas,,per lb,,,,,No,,,,,,,,0.47,$/per lb,0.47,per lb,Northeast,retail,,,,,,,,824.0,3324,Weekly Grocery Store Specialty Crops Feature Activity,2026-09-26T14:36:16+00:00
72649e2784f6724f,2016-02-12,Bananas,,per lb,,,,,Yes,,,,,,,,0.72,$/per lb,0.72,per lb,Northeast,retail,,,,,,,,344.0,3324,Weekly Grocery Store Specialty Crops Feature Activity,2026-09-26T14:36:16+00:00
678f5d7957c70dc4,2016-02-12,Blueberries,,1 pint package,,,,,No,,,,,,,,3.2,$/1 pint package,,,Northeast,retail,,,,,,,,1945.0,3324,Weekly Grocery Store Specialty Crops Feature Activity,2026-09-26T14:36:16+00:00
75044d366a9b9732,2016-02-12,Blueberries,,18 oz package,,,,,No,,,,,,,,3.96,$/18 oz package,3.52,per lb,Northeast,retail,,,,,,,,172.0,3324,Weekly Grocery Store Specialty Crops Feature Activity,2026-09-26T14:36:16+00:00
ee791a220ad78001,2016-02-12,Blueberries,,4.4 oz package,,,,,Yes,,,,,,,,4.24,$/4.4 oz package,15.4182,per lb,Northeast,retail,,,,,,,,1048.0,3324,Weekly Grocery Store Specialty Crops Feature Activity,2026-09-26T14:36:16+00:00
d160e255753c4564,2016-02-12,Blueberries,,6 oz package,,,,,No,,,,,,,,3.13,$/6 oz package,8.3467,per lb,Northeast,retail,,,,,,,,126.0,3324,Weekly Grocery Store Specialty Crops Feature Activity,2026-09-26T14:36:16+00:00
fdba1bfe487aa487,2016-02-12,Blueberries,,6 oz package,,,,,Yes,,,,,,,,3.99,$/6 oz package,10.64,per lb,Northeast,retail,,,,,,,,94.0,3324,Weekly Grocery Store Specialty Crops Feature Activity,2026-09-26T14:36:16+00:00
6c6464600e03c884,2016-02-12,Broccoli,,per bunch,,,,,No,,,,,,,,1.58,$/per bunch,,,Northeast,retail,,,,,,,,311.0,3324,Weekly Grocery Store Specialty Crops Feature Activity,2026-09-26T14:36:16+00:00
912ff9baf67ef5dc,2016-02-12,Broccoli,,per bunch,,,,,Yes,,,,,,,,2.92,$/per bunch,,,Northeast,retail,,,,,,,,86.0,3324,Weekly Grocery Store Specialty Crops Feature Activity,2026-09-26T14:36:16+00:00
1a8efdd3241ae172,2016-02-12,Broccoli,,per lb,,,,,No,,,,,,,,1.99,$/per lb,1.99,per lb,Northeast,retail,,,,,,,,60.0,3324,Weekly Grocery Store Specialty Crops Feature Activity,2026-09-26T14:36:16+00:00
e4e427a6cc62adc1,2016-02-12,Broccoli,,per lb,,,,,Yes,,,,,,,,1.99,$/per lb,1.99,per lb,Northeast,retail,,,,,,,,15.0,3324,Weekly Grocery Store Specialty Crops Feature Activity,2026-09-26T14:36:16+00:00
a98761426bd34980,2016-02-12,Broccoli,CROWN CUT,per lb,,,,,No,,,,,,,,1.49,$/per lb,1.49,per lb,Northeast,retail,,,,,,,,777.0,3324,Weekly Grocery Store Specialty Crops Feature Activity,2026-09-26T14:36:16+00:00
4ed940f5a4f89d7a,2016-02-12,Carrots,,1 lb bag,,,,,Yes,,,,,,,,1.13,$/1 lb bag,1.13,per lb,Northeast,retail,,,,,,,,437.0,3324,Weekly Grocery Store Specialty Crops Feature Activity,2026-09-26T14:36:16+00:00
ac25b98608007746,2016-02-12,Carrots,,1 lb bag,,,,,No,,,,,,,,0.96,$/1 lb bag,0.96,per lb,Northeast,retail,,,,,,,,20.0,3324,Weekly Grocery Store Specialty Crops Feature Activity,2026-09-26T14:36:16+00:00
371af8304a314158,2016-02-12,Carrots,,2 lb bag,,,,,No,,,,,,,,1.79,$/2 lb bag,0.895,per lb,Northeast,retail,,,,,,,,62.0,3324,Weekly Grocery Store Specialty Crops Feature Activity,2026-09-26T14:36:16+00:00
b01aa5fb82510089,2016-02-12,Carrots,,2 lb bag,,,,,Yes,,,,,,,,2.06,$/2 lb bag,1.03,per lb,Northeast,retail,,,,,,,,179.0,3324,Weekly Grocery Store Specialty Crops Feature Activity,2026-09-26T14:36:16+00:00
98b3b42defaf9dab,2016-02-12,Carrots,,per bunch,,,,,No,,,,,,,,0.99,$/per bunch,,,Northeast,retail,,,,,,,,6.0,3324,Weekly Grocery Store Specialty Crops Feature Activity,2026-09-26T14:36:16+00:00
5545d1ebf3ec68f2,2016-02-12,Carrots,BABY PEELED,1 lb bag,,,,,Yes,,,,,,,,1.75,$/1 lb bag,1.75,per lb,Northeast,retail,,,,,,,,1481.0,3324,Weekly Grocery Store Specialty Crops Feature Activity,2026-09-26T14:36:16+00:00
82df5b7940d2d44a,2016-02-12,Carrots,BABY PEELED,1 lb bag,,,,,No,,,,,,,,1.49,$/1 lb bag,1.49,per lb,Northeast,retail,,,,,,,,1505.0,3324,Weekly Grocery Store Specialty Crops Feature Activity,2026-09-26T14:36:16+00:00
aa0b1eb04000f7a6,2016-02-12,Carrots,BABY PEELED,2 lb bag,,,,,No,,,,,,,,2.29,$/2 lb bag,1.145,per lb,Northeast,retail,,,,,,,,63.0,3324,Weekly Grocery Store Specialty Crops Feature Activity,2026-09-26T14:36:16+00:00
f3f79fa1eb679d1b,2016-02-12,Celery,,each,,,,,No,,,,,,,,1.77,$/each,1.77,per each,Northeast,retail,,,,,,,,79.0,3324,Weekly Grocery Store Specialty Crops Feature Activity,2026-09-26T14:36:16+00:00
9d97bfcb56b0fece,2016-02-12,Celery,HEARTS,each,,,,,No,,,,,,,,2.69,$/each,2.69,per each,Northeast,retail,,,,,,,,28.0,3324,Weekly Grocery Store Specialty Crops Feature Activity,2026-09-26T14:36:16+00:00
b071fcafdcfd6c74,2016-02-12,Celery,HEARTS,each,,,,,Yes,,,,,,,,3.49,$/each,3.49,per each,Northeast,retail,,,,,,,,39.0,3324,Weekly Grocery Store Specialty Crops Feature Activity,2026-09-26T14:36:16+00:00
eca684711b8305e3,2016-02-12,Cucumbers,,each,,,,,No,,,,,,,,0.97,$/each,0.97,per each,Northeast,retail,,,,,,,,766.0,3324,Weekly Grocery Store Specialty Crops Feature Activity,2026-09-26T14:36:16+00:00
82aafea503baeae5,2016-02-12,Cucumbers,LONG SEEDLESS,each,,,,,No,,,,,,,,1.82,$/each,1.82,per each,Northeast,retail,,,environment=Greenhouse,,,,,1168.0,3324,Weekly Grocery Store Specialty Crops Feature Activity,2026-09-26T14:36:16+00:00
179f38acf3815faf,2016-02-12,Grapes,BLACK SEEDLESS,per lb,,,,,No,,,,,,,,3.99,$/per lb,3.99,per lb,Northeast,retail,,,,,,,,20.0,3324,Weekly Grocery Store Specialty Crops Feature Activity,2026-09-26T14:36:16+00:00
5087abe6d2e9466e,2016-02-12,Grapes,RED SEEDLESS,per lb,,,,,No,,,,,,,,2.88,$/per lb,2.88,per lb,Northeast,retail,,,,,,,,903.0,3324,Weekly Grocery Store Specialty Crops Feature Activity,2026-09-26T14:36:16+00:00
7be302da00985efa,2016-02-12,Grapes,Red Globe Seeded Type,per lb,,,,,No,,,,,,,,1.9,$/per lb,1.9,per lb,Northeast,retail,,,,,,,,383.0,3324,Weekly Grocery Store Specialty Crops Feature Activity,2026-09-26T14:36:16+00:00
c8d44a200ee77cba,2016-02-12,Grapes,WHITE SEEDLESS TYPE,per lb,,,,,No,,,,,,,,2.25,$/per lb,2.25,per lb,Northeast,retail,,,,,,,,256.0,3324,Weekly Grocery Store Specialty Crops Feature Activity,2026-09-26T14:36:16+00:00
5086361c3953294a,2016-02-12,Lemons,,2 lb bag,,,,,No,,,,,,,,3.48,$/2 lb bag,1.74,per lb,Northeast,retail,,,,,,,,187.0,3324,Weekly Grocery Store Specialty Crops Feature Activity,2026-09-26T14:36:16+00:00
58e0aaea6ba1613d,2016-02-12,Lemons,,2 lb bag,,,,,Yes,,,,,,,,4.0,$/2 lb bag,2.0,per lb,Northeast,retail,,,,,,,,167.0,3324,Weekly Grocery Store Specialty Crops Feature Activity,2026-09-26T14:36:16+00:00
6cf2b66267fced8c,2016-02-12,Lemons,,each,,,,,No,,,,,,,,0.47,$/each,0.47,per each,Northeast,retail,,,,,,,,514.0,3324,Weekly Grocery Store Specialty Crops Feature Activity,2026-09-26T14:36:16+00:00
981277d39decf720,2016-02-12,Lemons,,each,,,,,Yes,,,,,,,,0.73,$/each,0.73,per each,Northeast,retail,,,,,,,,22.0,3324,Weekly Grocery Store Specialty Crops Feature Activity,2026-09-26T14:36:16+00:00
ceda49bd17e3d861,2016-02-12,Lettuce,Boston,each,,,,,No,,,,,,,,1.69,$/each,1.69,per each,Northeast,retail,,,environment=Greenhouse,,,,,37.0,3324,Weekly Grocery Store Specialty Crops Feature Activity,2026-09-26T14:36:16+00:00
9e32796ad8065d71,2016-02-12,Lettuce,Boston,per lb,,,,,No,,,,,,,,1.49,$/per lb,1.49,per lb,Northeast,retail,,,,,,,,8.0,3324,Weekly Grocery Store Specialty Crops Feature Activity,2026-09-26T14:36:16+00:00
186d63e710f224ab,2016-02-12,Lettuce,Green Leaf,each,,,,,Yes,,,,,,,,2.13,$/each,2.13,per each,Northeast,retail,,,,,,,,22.0,3324,Weekly Grocery Store Specialty Crops Feature Activity,2026-09-26T14:36:16+00:00
42f4523e1319ad67,2016-02-12,Lettuce,Green Leaf,per lb,,,,,No,,,,,,,,1.66,$/per lb,1.66,per lb,Northeast,retail,,,,,,,,12.0,3324,Weekly Grocery Store Specialty Crops Feature Activity,2026-09-26T14:36:16+00:00
098f37138e174b63,2016-02-12,Lettuce,Iceberg,each,,,,,Yes,,,,,,,,2.47,$/each,2.47,per each,Northeast,retail,,,,,,,,123.0,3324,Weekly Grocery Store Specialty Crops Feature Activity,2026-09-26T14:36:16+00:00
0d1f08f6baef9207,2016-02-12,Lettuce,Iceberg,each,,,,,No,,,,,,,,1.14,$/each,1.14,per each,Northeast,retail,,,,,,,,703.0,3324,Weekly Grocery Store Specialty Crops Feature Activity,2026-09-26T14:36:16+00:00
1530db7bd7cb3f8d,2016-02-12,Lettuce,Red Leaf,each,,,,,Yes,,,,,,,,2.13,$/each,2.13,per each,Northeast,retail,,,,,,,,22.0,3324,Weekly Grocery Store Specialty Crops Feature Activity,2026-09-26T14:36:16+00:00
fa32e7a9fa14b714,2016-02-12,Lettuce,Red Leaf,per lb,,,,,No,,,,,,,,1.66,$/per lb,1.66,per lb,Northeast,retail,,,,,,,,12.0,3324,Weekly Grocery Store Specialty Crops Feature Activity,2026-09-26T14:36:16+00:00
7129eec4863022d7,2016-02-12,Lettuce,Romaine,each,,,,,No,,,,,,,,1.39,$/each,1.39,per each,Northeast,retail,,,,,,,,20.0,3324,Weekly Grocery Store Specialty Crops Feature Activity,2026-09-26T14:36:16+00:00
324979de4974311a,2016-02-12,Lettuce,Romaine,per lb,,,,,No,,,,,,,,1.68,$/per lb,1.68,per lb,Northeast,retail,,,,,,,,71.0,3324,Weekly Grocery Store Specialty Crops Feature Activity,2026-09-26T14:36:16+00:00
5c2f0b28417e6595,2016-02-12,Lettuce,Romaine (Hearts),3 count,,,,,Yes,,,,,,,,3.87,$/3 count,,,Northeast,retail,,,,,,,,1193.0,3324,Weekly Grocery Store Specialty Crops Feature Activity,2026-09-26T14:36:16+00:00
967cf68e5d6d4237,2016-02-12,Lettuce,Romaine (Hearts),3 count,,,,,No,,,,,,,,2.84,$/3 count,,,Northeast,retail,,,,,,,,878.0,3324,Weekly Grocery Store Specialty Crops Feature Activity,2026-09-26T14:36:16+00:00
289386ea005997bd,2016-02-12,Limes,,each,,,,,No,,,,,,,,0.41,$/each,0.41,per each,Northeast,retail,,,,,,,,407.0,3324,Weekly Grocery Store Specialty Crops Feature Activity,2026-09-26T14:36:16+00:00
f216c483311492d5,2016-02-12,Limes,,per lb,,,,,Yes,,,,,,,,1.99,$/per lb,1.99,per lb,Northeast,retail,,,,,,,,221.0,3324,Weekly Grocery Store Specialty Crops Feature Activity,2026-09-26T14:36:16+00:00
fcc74edd15f61598,2016-02-12,"Onions, Dry",RED,2 lb bag,,,,,No,,,,,,,,1.86,$/2 lb bag,0.93,per lb,Northeast,retail,,,,,,,,473.0,3324,Weekly Grocery Store Specialty Crops Feature Activity,2026-09-26T14:36:16+00:00
6df3361e68fd0bcf,2016-02-12,"Onions, Dry",RED,3 lb bag,,,,,Yes,,,,,,,,3.99,$/3 lb bag,1.33,per lb,Northeast,retail,,,,,,,,6.0,3324,Weekly Grocery Store Specialty Crops Feature Activity,2026-09-26T14:36:16+00:00
d10a9c1f8b01a2b5,2016-02-12,"Onions, Dry",RED,per lb,,,,,No,,,,,,,,1.22,$/per lb,1.22,per lb,Northeast,retail,,,,,,,,327.0,3324,Weekly Grocery Store Specialty Crops Feature Activity,2026-09-26T14:36:16+00:00
9d61c5e2dde7d771,2016-02-12,"Onions, Dry",WHITE,3 lb bag,,,,,No,,,,,,,,2.0,$/3 lb bag,0.6667,per lb,Northeast,retail,,,,,,,,161.0,3324,Weekly Grocery Store Specialty Crops Feature Activity,2026-09-26T14:36:16+00:00
cc2f47c41477e21d,2016-02-12,"Onions, Dry",WHITE,per lb,,,,,No,,,,,,,,1.22,$/per lb,1.22,per lb,Northeast,retail,,,,,,,,78.0,3324,Weekly Grocery Store Specialty Crops Feature Activity,2026-09-26T14:36:16+00:00
33ffdbc644ab1a8a,2016-02-12,"Onions, Dry",YELLOW,2 lb bag,,,,,No,,,,,,,,1.56,$/2 lb bag,0.78,per lb,Northeast,retail,,,,,,,,351.0,3324,Weekly Grocery Store Specialty Crops Feature Activity,2026-09-26T14:36:16+00:00
5c7f939961214eb3,2016-02-12,"Onions, Dry",YELLOW,3 lb bag,,,,,No,,,,,,,,1.68,$/3 lb bag,0.56,per lb,Northeast,retail,,,,,,,,1240.0,3324,Weekly Grocery Store Specialty Crops Feature Activity,2026-09-26T14:36:16+00:00
b7d0d5b5991228b6,2016-02-12,"Onions, Dry",YELLOW,3 lb bag,,,,,Yes,,,,,,,,3.98,$/3 lb bag,1.3267,per lb,Northeast,retail,,,,,,,,633.0,3324,Weekly Grocery Store Specialty Crops Feature Activity,2026-09-26T14:36:16+00:00
b33697c9ca70c4ad,2016-02-12,"Onions, Dry",YELLOW,5 lb bag,,,,,No,,,,,,,,2.05,$/5 lb bag,0.41,per lb,Northeast,retail,,,,,,,,82.0,3324,Weekly Grocery Store Specialty Crops Feature Activity,2026-09-26T14:36:16+00:00
40776c327ad28d82,2016-02-12,"Onions, Dry",YELLOW,per lb,,,,,No,,,,,,,,0.99,$/per lb,0.99,per lb,Northeast,retail,,,,,,,,49.0,3324,Weekly Grocery Store Specialty Crops Feature Activity,2026-09-26T14:36:16+00:00
160eff86721bce01,2016-02-12,"Onions, Dry",YELLOW MARKED SWEET,3 lb bag,,,,,No,,,,,,,,3.92,$/3 lb bag,1.3067,per lb,Northeast,retail,,,,,,,,606.0,3324,Weekly Grocery Store Specialty Crops Feature Activity,2026-09-26T14:36:16+00:00
1f60e5d1205df2ae,2016-02-12,"Onions, Dry",YELLOW MARKED SWEET,per lb,,,,,Yes,,,,,,,,1.29,$/per lb,1.29,per lb,Northeast,retail,,,,,,,,16.0,3324,Weekly Grocery Store Specialty Crops Feature Activity,2026-09-26T14:36:16+00:00
4b358b2f6890bf34,2016-02-12,"Onions, Dry",YELLOW MARKED SWEET,per lb,,,,,No,,,,,,,,1.11,$/per lb,1.11,per lb,Northeast,retail,,,,,,,,1191.0,3324,Weekly Grocery Store Specialty Crops Feature Activity,2026-09-26T14:36:16+00:00
5d059de277f8003c,2016-02-12,"Peppers, Bell Type",GREEN,each,,,,,Yes,,,,,,,,1.99,$/each,1.99,per each,Northeast,retail,,,,,,,,20.0,3324,Weekly Grocery Store Specialty Crops Feature Activity,2026-09-26T14:36:16+00:00
da7a1f8a91921838,2016-02-12,"Peppers, Bell Type",GREEN,each,,,,,No,,,,,,,,1.39,$/each,1.39,per each,Northeast,retail,,,,,,,,251.0,3324,Weekly Grocery Store Specialty Crops Feature Activity,2026-09-26T14:36:16+00:00
4b836228ceec8e2b,2016-02-12,"Peppers, Bell Type",GREEN,per lb,,,,,No,,,,,,,,1.68,$/per lb,1.68,per lb,Northeast,retail,,,,,,,,354.0,3324,Weekly Grocery Store Specialty Crops Feature Activity,2026-09-26T14:36:16+00:00
90f9770e9fda4537,2016-02-12,"Peppers, Bell Type",ORANGE,each,,,,,No,,,,,,,,1.66,$/each,1.66,per each,Northeast,retail,,,environment=Greenhouse,,,,,804.0,3324,Weekly Grocery Store Specialty Crops Feature Activity,2026-09-26T14:36:16+00:00
d544c2bb556e1e5d,2016-02-12,"Peppers, Bell Type",ORANGE,each,,,,,No,,,,,,,,1.44,$/each,1.44,per each,Northeast,retail,,,,,,,,253.0,3324,Weekly Grocery Store Specialty Crops Feature Activity,2026-09-26T14:36:16+00:00
164fb990e7876791,2016-02-12,"Peppers, Bell Type",ORANGE,per lb,,,,,No,,,,,,,,2.99,$/per lb,2.99,per lb,Northeast,retail,,,environment=Greenhouse,,,,,45.0,3324,Weekly Grocery Store Specialty Crops Feature Activity,2026-09-26T14:36:16+00:00
9c4a99ddc6d8de8d,2016-02-12,"Peppers, Bell Type",ORANGE,per lb,,,,,No,,,,,,,,3.07,$/per lb,3.07,per lb,Northeast,retail,,,,,,,,51.0,3324,Weekly Grocery Store Specialty Crops Feature Activity,2026-09-26T14:36:16+00:00
535ce89e73d119b0,2016-02-12,"Peppers, Bell Type",RED,each,,,,,No,,,,,,,,1.36,$/each,1.36,per each,Northeast,retail,,,,,,,,420.0,3324,Weekly Grocery Store Specialty Crops Feature Activity,2026-09-26T14:36:16+00:00
5e0758d5fae962d7,2016-02-12,"Peppers, Bell Type",RED,each,,,,,No,,,,,,,,1.66,$/each,1.66,per each,Northeast,retail,,,environment=Greenhouse,,,,,804.0,3324,Weekly Grocery Store Specialty Crops Feature Activity,2026-09-26T14:36:16+00:00
a2259a27472766c0,2016-02-12,"Peppers, Bell Type",RED,each,,,,,Yes,,,,,,,,1.99,$/each,1.99,per each,Northeast,retail,,,,,,,,20.0,3324,Weekly Grocery Store Specialty Crops Feature Activity,2026-09-26T14:36:16+00:00
0d8210e5f470677a,2016-02-12,"Peppers, Bell Type",RED,per lb,,,,,No,,,,,,,,2.99,$/per lb,2.99,per lb,Northeast,retail,,,environment=Greenhouse,,,,,45.0,3324,Weekly Grocery Store Specialty Crops Feature Activity,2026-09-26T14:36:16+00:00
d3e49b709bbea76d,2016-02-12,"Peppers, Bell Type",RED,per lb,,,,,No,,,,,,,,2.34,$/per lb,2.34,per lb,Northeast,retail,,,,,,,,883.0,3324,Weekly Grocery Store Specialty Crops Feature Activity,2026-09-26T14:36:16+00:00
26917b46ba339752,2016-02-12,"Peppers, Bell Type",YELLOW,each,,,,,No,,,,,,,,1.66,$/each,1.66,per each,Northeast,retail,,,environment=Greenhouse,,,,,804.0,3324,Weekly Grocery Store Specialty Crops Feature Activity,2026-09-26T14:36:16+00:00
dcee841e3b0c24fb,2016-02-12,"Peppers, Bell Type",YELLOW,each,,,,,Yes,,,,,,,,1.99,$/each,1.99,per each,Northeast,retail,,,,,,,,20.0,3324,Weekly Grocery Store Specialty Crops Feature Activity,2026-09-26T14:36:16+00:00
f30b78ebf2a5cc51,2016-02-12,"Peppers, Bell Type",YELLOW,each,,,,,No,,,,,,,,1.44,$/each,1.44,per each,Northeast,retail,,,,,,,,253.0,3324,Weekly Grocery Store Specialty Crops Feature Activity,2026-09-26T14:36:16+00:00
49ed2a4108b2d835,2016-02-12,"Peppers, Bell Type",YELLOW,per lb,,,,,No,,,,,,,,2.99,$/per lb,2.99,per lb,Northeast,retail,,,environment=Greenhouse,,,,,45.0,3324,Weekly Grocery Store Specialty Crops Feature Activity,2026-09-26T14:36:16+00:00
4ca5656ccd9c0834,2016-02-12,"Peppers, Bell Type",YELLOW,per lb,,,,,No,,,,,,,,3.07,$/per lb,3.07,per lb,Northeast,retail,,,,,,,,51.0,3324,Weekly Grocery Store Specialty Crops Feature Activity,2026-09-26T14:36:16+00:00
e1ebf3d1c2c9c972,2016-02-12,Potatoes,ROUND RED,3 lb bag,,,,,No,,,,,,,,2.69,$/3 lb bag,0.8967,per lb,Northeast,retail,,,,,,,,18.0,3324,Weekly Grocery Store Specialty Crops Feature Activity,2026-09-26T14:36:16+00:00
e44864a86c011554,2016-02-12,Potatoes,ROUND RED,3 lb bag,,,,,Yes,,,,,,,,3.27,$/3 lb bag,1.09,per lb,Northeast,retail,,,,,,,,304.0,3324,Weekly Grocery Store Specialty Crops Feature Activity,2026-09-26T14:36:16+00:00
c8c39ba150a5379b,2016-02-12,Potatoes,ROUND RED,5 lb bag,,,,,No,,,,,,,,2.48,$/5 lb bag,0.496,per lb,Northeast,retail,,,,,,,,288.0,3324,Weekly Grocery Store Specialty Crops Feature Activity,2026-09-26T14:36:16+00:00
d6a9e7ec46005b5d,2016-02-12,Potatoes,ROUND RED,5 lb bag,,,,,Yes,,,,,,,,3.99,$/5 lb bag,0.798,per lb,Northeast,retail,,,,,,,,62.0,3324,Weekly Grocery Store Specialty Crops Feature Activity,2026-09-26T14:36:16+00:00
7276e4b54e8601ce,2016-02-12,Potatoes,ROUND RED,per lb,,,,,No,,,,,,,,1.04,$/per lb,1.04,per lb,Northeast,retail,,,,,,,,260.0,3324,Weekly Grocery Store Specialty Crops Feature Activity,2026-09-26T14:36:16+00:00
4208acfe9c1c1369,2016-02-12,Potatoes,ROUND WHITE,3 lb bag,,,,,Yes,,,,,,,,2.99,$/3 lb bag,0.9967,per lb,Northeast,retail,,,,,,,,20.0,3324,Weekly Grocery Store Specialty Crops Feature Activity,2026-09-26T14:36:16+00:00
161a4c81958192e1,2016-02-12,Potatoes,ROUND WHITE,5 lb bag,,,,,No,,,,,,,,2.04,$/5 lb bag,0.408,per lb,Northeast,retail,,,,,,,,256.0,3324,Weekly Grocery Store Specialty Crops Feature Activity,2026-09-26T14:36:16+00:00
e7d26476bdd561f6,2016-02-12,Potatoes,ROUND WHITE,per lb,,,,,No,,,,,,,,0.99,$/per lb,0.99,per lb,Northeast,retail,,,,,,,,20.0,3324,Weekly Grocery Store Specialty Crops Feature Activity,2026-09-26T14:36:16+00:00
d4f1e07d1da7c826,2016-02-12,Potatoes,RUSSET,10 lb bag,,,,,No,,,,,,,,3.72,$/10 lb bag,0.372,per lb,Northeast,retail,,,,,,,,33.0,3324,Weekly Grocery Store Specialty Crops Feature Activity,2026-09-26T14:36:16+00:00
bcb4ac825a728e7e,2016-02-12,Potatoes,RUSSET,3 lb bag,,,,,Yes,,,,,,,,3.27,$/3 lb bag,1.09,per lb,Northeast,retail,,,,,,,,304.0,3324,Weekly Grocery Store Specialty Crops Feature Activity,2026-09-26T14:36:16+00:00
7d07f72d7ca8713a,2016-02-12,Potatoes,RUSSET,5 lb bag,,,,,Yes,,,,,,,,4.86,$/5 lb bag,0.972,per lb,Northeast,retail,,,,,,,,294.0,3324,Weekly Grocery Store Specialty Crops Feature Activity,2026-09-26T14:36:16+00:00
a13703d477203138,2016-02-12,Potatoes,RUSSET,5 lb bag,,,,,No,,,,,,,,1.92,$/5 lb bag,0.384,per lb,Northeast,retail,,,,,,,,950.0,3324,Weekly Grocery Store Specialty Crops Feature Activity,2026-09-26T14:36:16+00:00
5c2ab34470c1abef,2016-02-12,Potatoes,RUSSET,8 lb bag,,,,,No,,,,,,,,1.99,$/8 lb bag,0.2487,per lb,Northeast,retail,,,,,,,,9.0,3324,Weekly Grocery Store Specialty Crops Feature Activity,2026-09-26T14:36:16+00:00
aa582aa1326a5182,2016-02-12,Potatoes,RUSSET,per lb,,,,,No,,,,,,,,1.04,$/per lb,1.04,per lb,Northeast,retail,,,,,,,,801.0,3324,Weekly Grocery Store Specialty Crops Feature Activity,2026-09-26T14:36:16+00:00
e7303dd7c4134582,2016-02-12,Potatoes,YELLOW TYPE,3 lb bag,,,,,Yes,,,,,,,,3.27,$/3 lb bag,1.09,per lb,Northeast,retail,,,,,,,,304.0,3324,Weekly Grocery Store Specialty Crops Feature Activity,2026-09-26T14:36:16+00:00
bcb2fddc77464e0b,2016-02-12,Potatoes,YELLOW TYPE,5 lb bag,,,,,No,,,,,,,,1.82,$/5 lb bag,0.364,per lb,Northeast,retail,,,,,,,,597.0,3324,Weekly Grocery Store Specialty Crops Feature Activity,2026-09-26T14:36:16+00:00
385becc7e09212e7,2016-02-12,Potatoes,YELLOW TYPE,per lb,,,,,No,,,,,,,,0.99,$/per lb,0.99,per lb,Northeast,retail,,,,,,,,16.0,3324,Weekly Grocery Store Specialty Crops Feature Activity,2026-09-26T14:36:16+00:00
a6be9c5786414c31,2016-02-12,Strawberries,,1 lb package,,,,,No,,,,,,,,2.85,$/1 lb package,2.85,per lb,Northeast,retail,,,,,,,,1026.0,3324,Weekly Grocery Store Specialty Crops Feature Activity,2026-09-26T14:36:16+00:00
59af489424074876,2016-02-12,Tomatoes,,per lb,,,,,No,,,,,,,,1.69,$/per lb,1.69,per lb,Northeast,retail,,,,,,,,10.0,3324,Weekly Grocery Store Specialty Crops Feature Activity,2026-09-26T14:36:16+00:00
41803591993ff548,2016-02-12,Tomatoes,GRAPE TYPE,1 pint package,,,,,Yes,,,,,,,,3.43,$/1 pint package,,,Northeast,retail,,,,,,,,786.0,3324,Weekly Grocery Store Specialty Crops Feature Activity,2026-09-26T14:36:16+00:00
5dd8e8bebdc0e23c,2016-02-12,Tomatoes,GRAPE TYPE,1 pint package,,,,,No,,,,,,,,2.25,$/1 pint package,,,Northeast,retail,,,,,,,,227.0,3324,Weekly Grocery Store Specialty Crops Feature Activity,2026-09-26T14:36:16+00:00
22b37e70b9ccd165,2016-02-12,Tomatoes,GRAPE TYPE,10 oz package,,,,,Yes,,,,,,,,2.5,$/10 oz package,4.0,per lb,Northeast,retail,,,,,,,,20.0,3324,Weekly Grocery Store Specialty Crops Feature Activity,2026-09-26T14:36:16+00:00
00be40bafc0d9685,2016-02-12,Tomatoes,Plum Type (Roma),per lb,,,,,No,,,,,,,,1.41,$/per lb,1.41,per lb,Northeast,retail,,,,,,,,640.0,3324,Weekly Grocery Store Specialty Crops Feature Activity,2026-09-26T14:36:16+00:00
126c0396360c1474,2016-02-12,Tomatoes,Plum Type (Roma),per lb,,,,,Yes,,,,,,,,1.7,$/per lb,1.7,per lb,Northeast,retail,,,,,,,,75.0,3324,Weekly Grocery Store Specialty Crops Feature Activity,2026-09-26T14:36:16+00:00
223fafaae2ada100,2016-02-12,Tomatoes,VINE RIPES,per lb,,,,,No,,,,,,,,1.89,$/per lb,1.89,per lb,Northeast,retail,,,environment=Greenhouse,,,,,329.0,3324,Weekly Grocery Store Specialty Crops Feature Activity,2026-09-26T14:36:16+00:00
f39ca495500a6c1f,2016-02-12,Tomatoes,VINE RIPES,per lb,,,,,No,,,,,,,,2.4,$/per lb,2.4,per lb,Northeast,retail,,,,,,,,51.0,3324,Weekly Grocery Store Specialty Crops Feature Activity,2026-09-26T14:36:16+00:00
af63af4603f8b573,2016-02-12,Tomatoes,VINE RIPES - ON THE VINE,per lb,,,,,Yes,,,,,,,,3.85,$/per lb,3.85,per lb,Northeast,retail,,,environment=Greenhouse,,,,,607.0,3324,Weekly Grocery Store Specialty Crops Feature Activity,2026-09-26T14:36:16+00:00
fcfff88eaf2c0a0c,2016-02-12,Tomatoes,VINE RIPES - ON THE VINE,per lb,,,,,No,,,,,,,,2.61,$/per lb,2.61,per lb,Northeast,retail,,,environment=Greenhouse,,,,,253.0,3324,Weekly Grocery Store Specialty Crops Feature Activity,2026-09-26T14:36:16+00:00
126c90192ee668ac,2016-02-12,Avocados,HASS,each,,,,,No,,,,,,,,1.66,$/each,1.66,per each,Northwest,retail,,,,,,,,185.0,3324,Weekly Grocery Store Specialty Crops Feature Activity,2026-09-26T14:36:16+00:00
32f72dc04bb699ce,2016-02-12,Avocados,HASS,each,,,,,Yes,,,,,,,,1.87,$/each,1.87,per each,Northwest,retail,,,,,,,,351.0,3324,Weekly Grocery Store Specialty Crops Feature Activity,2026-09-26T14:36:16+00:00
be6f919c3d7f6884,2016-02-12,Avocados,VARIOUS GREENSKIN VARIETIES,each,,,,,Yes,,,,,,,,1.5,$/each,1.5,per each,Northwest,retail,,,,,,,,121.0,3324,Weekly Grocery Store Specialty Crops Feature Activity,2026-09-26T14:36:16+00:00
f2542989eea526b7,2016-02-12,Avocados,VARIOUS GREENSKIN VARIETIES,each,,,,,No,,,,,,,,1.5,$/each,1.5,per each,Northwest,retail,,,,,,,,66.0,3324,Weekly Grocery Store Specialty Crops Feature Activity,2026-09-26T14:36:16+00:00
1cf53673e55100a9,2016-02-12,Bananas,,per lb,,,,,Yes,,,,,,,,0.69,$/per lb,0.69,per lb,Northwest,retail,,,,,,,,7.0,3324,Weekly Grocery Store Specialty Crops Feature Activity,2026-09-26T14:36:16+00:00
7ec894faa692748f,2016-02-12,Blueberries,,1 pint package,,,,,No,,,,,,,,3.4,$/1 pint package,,,Northwest,retail,,,,,,,,59.0,3324,Weekly Grocery Store Specialty Crops Feature Activity,2026-09-26T14:36:16+00:00
1e32b153d032da92,2016-02-12,Blueberries,,18 oz package,,,,,No,,,,,,,,7.27,$/18 oz package,6.4622,per lb,Northwest,retail,,,,,,,,402.0,3324,Weekly Grocery Store Specialty Crops Feature Activity,2026-09-26T14:36:16+00:00
53fdda0bd0bc4f53,2016-02-12,Blueberries,,6 oz package,,,,,Yes,,,,,,,,4.43,$/6 oz package,11.8133,per lb,Northwest,retail,,,,,,,,33.0,3324,Weekly Grocery Store Specialty Crops Feature Activity,2026-09-26T14:36:16+00:00
cdc7b9b166681c21,2016-02-12,Blueberries,,6 oz package,,,,,No,,,,,,,,3.55,$/6 oz package,9.4667,per lb,Northwest,retail,,,,,,,,583.0,3324,Weekly Grocery Store Specialty Crops Feature Activity,2026-09-26T14:36:16+00:00
06d3574e3c51fd35,2016-02-12,Broccoli,,per lb,,,,,No,,,,,,,,1.02,$/per lb,1.02,per lb,Northwest,retail,,,,,,,,81.0,3324,Weekly Grocery Store Specialty Crops Feature Activity,2026-09-26T14:36:16+00:00
c8cc24606ee63f55,2016-02-12,Broccoli,BABY HYBRID TYPE,per bunch,,,,,Yes,,,,,,,,1.78,$/per bunch,,,Northwest,retail,,,,,,,,12.0,3324,Weekly Grocery Store Specialty Crops Feature Activity,2026-09-26T14:36:16+00:00
c539c5cd09bada8f,2016-02-12,Broccoli,CROWN CUT,per lb,,,,,No,,,,,,,,1.35,$/per lb,1.35,per lb,Northwest,retail,,,,,,,,105.0,3324,Weekly Grocery Store Specialty Crops Feature Activity,2026-09-26T14:36:16+00:00
9c352e53564a248b,2016-02-12,Carrots,,2 lb bag,,,,,Yes,,,,,,,,1.59,$/2 lb bag,0.795,per lb,Northwest,retail,,,,,,,,1.0,3324,Weekly Grocery Store Specialty Crops Feature Activity,2026-09-26T14:36:16+00:00
e024fd075c97ac4c,2016-02-12,Carrots,,per bunch,,,,,Yes,,,,,,,,3.0,$/per bunch,,,Northwest,retail,,,,,,,,9.0,3324,Weekly Grocery Store Specialty Crops Feature Activity,2026-09-26T14:36:16+00:00
23df53549c024714,2016-02-12,Carrots,BABY PEELED,1 lb bag,,,,,Yes,,,,,,,,2.0,$/1 lb bag,2.0,per lb,Northwest,retail,,,,,,,,309.0,3324,Weekly Grocery Store Specialty Crops Feature Activity,2026-09-26T14:36:16+00:00
6ee68ee283453c7c,2016-02-12,Carrots,BABY PEELED,1 lb bag,,,,,No,,,,,,,,1.36,$/1 lb bag,1.36,per lb,Northwest,retail,,,,,,,,274.0,3324,Weekly Grocery Store Specialty Crops Feature Activity,2026-09-26T14:36:16+00:00
04cacf172b2f4343,2016-02-12,Carrots,BABY PEELED,2 lb bag,,,,,No,,,,,,,,2.17,$/2 lb bag,1.085,per lb,Northwest,retail,,,,,,,,8.0,3324,Weekly Grocery Store Specialty Crops Feature Activity,2026-09-26T14:36:16+00:00
94c52ccbbc7af835,2016-02-12,Celery,,per lb,,,,,No,,,,,,,,0.89,$/per lb,0.89,per lb,Northwest,retail,,,,,,,,17.0,3324,Weekly Grocery Store Specialty Crops Feature Activity,2026-09-26T14:36:16+00:00
ee3e0ffeb5f5cebf,2016-02-12,Cucumbers,,each,,,,,No,,,,,,,,0.97,$/each,0.97,per each,Northwest,retail,,,,,,,,98.0,3324,Weekly Grocery Store Specialty Crops Feature Activity,2026-09-26T14:36:16+00:00
4caa9589fa17064e,2016-02-12,Cucumbers,LONG SEEDLESS,each,,,,,No,,,,,,,,1.25,$/each,1.25,per each,Northwest,retail,,,environment=Greenhouse,,,,,12.0,3324,Weekly Grocery Store Specialty Crops Feature Activity,2026-09-26T14:36:16+00:00
90dce9d9d0b83e8f,2016-02-12,Grapes,RED SEEDLESS,per lb,,,,,No,,,,,,,,3.35,$/per lb,3.35,per lb,Northwest,retail,,,,,,,,190.0,3324,Weekly Grocery Store Specialty Crops Feature Activity,2026-09-26T14:36:16+00:00
fa7796efad8734cf,2016-02-12,Grapes,WHITE SEEDLESS TYPE,per lb,,,,,No,,,,,,,,3.35,$/per lb,3.35,per lb,Northwest,retail,,,,,,,,190.0,3324,Weekly Grocery Store Specialty Crops Feature Activity,2026-09-26T14:36:16+00:00
75a58cfc8ab1c056,2016-02-12,Lemons,,2 lb bag,,,,,Yes,,,,,,,,2.99,$/2 lb bag,1.495,per lb,Northwest,retail,,,,,,,,18.0,3324,Weekly Grocery Store Specialty Crops Feature Activity,2026-09-26T14:36:16+00:00
460a41600e0a7eaf,2016-02-12,Lemons,,each,,,,,Yes,,,,,,,,0.81,$/each,0.81,per each,Northwest,retail,,,,,,,,44.0,3324,Weekly Grocery Store Specialty Crops Feature Activity,2026-09-26T14:36:16+00:00
c319c8a87e79b3d1,2016-02-12,Lemons,,each,,,,,No,,,,,,,,0.72,$/each,0.72,per each,Northwest,retail,,,,,,,,8.0,3324,Weekly Grocery Store Specialty Crops Feature Activity,2026-09-26T14:36:16+00:00
5a1c2ba4d5a34f2b,2016-02-12,Lettuce,Green Leaf,each,,,,,Yes,,,,,,,,1.49,$/each,1.49,per each,Northwest,retail,,,,,,,,17.0,3324,Weekly Grocery Store Specialty Crops Feature Activity,2026-09-26T14:36:16+00:00
e71a3cc7e71e9cd2,2016-02-12,Lettuce,Green Leaf,each,,,,,No,,,,,,,,1.2,$/each,1.2,per each,Northwest,retail,,,,,,,,21.0,3324,Weekly Grocery Store Specialty Crops Feature Activity,2026-09-26T14:36:16+00:00
a8ea6de6db3514a1,2016-02-12,Lettuce,Red Leaf,each,,,,,No,,,,,,,,1.2,$/each,1.2,per each,Northwest,retail,,,,,,,,21.0,3324,Weekly Grocery Store Specialty Crops Feature Activity,2026-09-26T14:36:16+00:00
e9fdcfdd8f252158,2016-02-12,Lettuce,Red Leaf,each,,,,,Yes,,,,,,,,1.49,$/each,1.49,per each,Northwest,retail,,,,,,,,17.0,3324,Weekly Grocery Store Specialty Crops Feature Activity,2026-09-26T14:36:16+00:00
b2cfbd1345d84e49,2016-02-12,Lettuce,Romaine,each,,,,,No,,,,,,,,1.09,$/each,1.09,per each,Northwest,retail,,,,,,,,50.0,3324,Weekly Grocery Store Specialty Crops Feature Activity,2026-09-26T14:36:16+00:00
b13859c0f25c128d,2016-02-12,Lettuce,Romaine (Hearts),3 count,,,,,Yes,,,,,,,,3.1,$/3 count,,,Northwest,retail,,,,,,,,80.0,3324,Weekly Grocery Store Specialty Crops Feature Activity,2026-09-26T14:36:16+00:00
bd6a5353e1a1bfe3,2016-02-12,Limes,,each,,,,,Yes,,,,,,,,0.25,$/each,0.25,per each,Northwest,retail,,,,,,,,2.0,3324,Weekly Grocery Store Specialty Crops Feature Activity,2026-09-26T14:36:16+00:00
d3b9ba9ee76bec76,2016-02-12,Limes,,per lb,,,,,Yes,,,,,,,,1.99,$/per lb,1.99,per lb,Northwest,retail,,,,,,,,1.0,3324,Weekly Grocery Store Specialty Crops Feature Activity,2026-09-26T14:36:16+00:00
86104903c38aafcc,2016-02-12,"Onions, Dry",RED,per lb,,,,,Yes,,,,,,,,1.29,$/per lb,1.29,per lb,Northwest,retail,,,,,,,,1.0,3324,Weekly Grocery Store Specialty Crops Feature Activity,2026-09-26T14:36:16+00:00
04cd6360153748d3,2016-02-12,"Onions, Dry",YELLOW,per lb,,,,,Yes,,,,,,,,1.05,$/per lb,1.05,per lb,Northwest,retail,,,,,,,,5.0,3324,Weekly Grocery Store Specialty Crops Feature Activity,2026-09-26T14:36:16+00:00
bf1d2963a5bddc38,2016-02-12,"Onions, Dry",YELLOW,per lb,,,,,No,,,,,,,,0.72,$/per lb,0.72,per lb,Northwest,retail,,,,,,,,89.0,3324,Weekly Grocery Store Specialty Crops Feature Activity,2026-09-26T14:36:16+00:00
c56ebcf6d942dd36,2016-02-12,"Onions, Dry",YELLOW MARKED SWEET,per lb,,,,,Yes,,,,,,,,0.99,$/per lb,0.99,per lb,Northwest,retail,,,,,,,,61.0,3324,Weekly Grocery Store Specialty Crops Feature Activity,2026-09-26T14:36:16+00:00
dbf62b91a943d214,2016-02-12,"Onions, Dry",YELLOW MARKED SWEET,per lb,,,,,No,,,,,,,,1.02,$/per lb,1.02,per lb,Northwest,retail,,,,,,,,53.0,3324,Weekly Grocery Store Specialty Crops Feature Activity,2026-09-26T14:36:16+00:00
724abba49d0a3849,2016-02-12,"Peppers, Bell Type",GREEN,each,,,,,No,,,,,,,,0.96,$/each,0.96,per each,Northwest,retail,,,,,,,,11.0,3324,Weekly Grocery Store Specialty Crops Feature Activity,2026-09-26T14:36:16+00:00
4c60f4571020054b,2016-02-12,"Peppers, Bell Type",ORANGE,each,,,,,No,,,,,,,,1.52,$/each,1.52,per each,Northwest,retail,,,,,,,,102.0,3324,Weekly Grocery Store Specialty Crops Feature Activity,2026-09-26T14:36:16+00:00
054aa122652f0d62,2016-02-12,"Peppers, Bell Type",RED,each,,,,,No,,,,,,,,1.31,$/each,1.31,per each,Northwest,retail,,,,,,,,170.0,3324,Weekly Grocery Store Specialty Crops Feature Activity,2026-09-26T14:36:16+00:00
c6cad2a92107e0de,2016-02-12,"Peppers, Bell Type",RED,each,,,,,Yes,,,,,,,,2.0,$/each,2.0,per each,Northwest,retail,,,,,,,,9.0,3324,Weekly Grocery Store Specialty Crops Feature Activity,2026-09-26T14:36:16+00:00
ccccd25377740917,2016-02-12,"Peppers, Bell Type",RED,per lb,,,,,Yes,,,,,,,,4.88,$/per lb,4.88,per lb,Northwest,retail,,,,,,,,11.0,3324,Weekly Grocery Store Specialty Crops Feature Activity,2026-09-26T14:36:16+00:00
288c9683f3ab1959,2016-02-12,"Peppers, Bell Type",YELLOW,each,,,,,No,,,,,,,,1.52,$/each,1.52,per each,Northwest,retail,,,,,,,,102.0,3324,Weekly Grocery Store Specialty Crops Feature Activity,2026-09-26T14:36:16+00:00
f88b95b68cabea21,2016-02-12,Potatoes,ROUND RED,5 lb bag,,,,,No,,,,,,,,3.49,$/5 lb bag,0.698,per lb,Northwest,retail,,,,,,,,24.0,3324,Weekly Grocery Store Specialty Crops Feature Activity,2026-09-26T14:36:16+00:00
df33289533ab8bee,2016-02-12,Potatoes,ROUND RED,per lb,,,,,Yes,,,,,,,,0.99,$/per lb,0.99,per lb,Northwest,retail,,,,,,,,61.0,3324,Weekly Grocery Store Specialty Crops Feature Activity,2026-09-26T14:36:16+00:00
f1bb3f1b068c49f7,2016-02-12,Potatoes,ROUND RED,per lb,,,,,No,,,,,,,,0.51,$/per lb,0.51,per lb,Northwest,retail,,,,,,,,119.0,3324,Weekly Grocery Store Specialty Crops Feature Activity,2026-09-26T14:36:16+00:00
7abf3126e16e5e8f,2016-02-12,Potatoes,RUSSET,10 lb bag,,,,,No,,,,,,,,2.0,$/10 lb bag,0.2,per lb,Northwest,retail,,,,,,,,2.0,3324,Weekly Grocery Store Specialty Crops Feature Activity,2026-09-26T14:36:16+00:00
47e82b0ea3dc7b29,2016-02-12,Potatoes,RUSSET,3 lb bag,,,,,Yes,,,,,,,,1.99,$/3 lb bag,0.6633,per lb,Northwest,retail,,,,,,,,66.0,3324,Weekly Grocery Store Specialty Crops Feature Activity,2026-09-26T14:36:16+00:00
82152401c627b95c,2016-02-12,Potatoes,RUSSET,5 lb bag,,,,,No,,,,,,,,1.82,$/5 lb bag,0.364,per lb,Northwest,retail,,,,,,,,185.0,3324,Weekly Grocery Store Specialty Crops Feature Activity,2026-09-26T14:36:16+00:00
bba4c6467160cf47,2016-02-12,Potatoes,RUSSET,5 lb bag,,,,,Yes,,,,,,,,3.89,$/5 lb bag,0.778,per lb,Northwest,retail,,,,,,,,20.0,3324,Weekly Grocery Store Specialty Crops Feature Activity,2026-09-26T14:36:16+00:00
cca946053b463e33,2016-02-12,Potatoes,RUSSET,per lb,,,,,No,,,,,,,,0.45,$/per lb,0.45,per lb,Northwest,retail,,,,,,,,59.0,3324,Weekly Grocery Store Specialty Crops Feature Activity,2026-09-26T14:36:16+00:00
c41ef264dc9defe4,2016-02-12,Potatoes,YELLOW TYPE,5 lb bag,,,,,No,,,,,,,,3.49,$/5 lb bag,0.698,per lb,Northwest,retail,,,,,,,,24.0,3324,Weekly Grocery Store Specialty Crops Feature Activity,2026-09-26T14:36:16+00:00
f3ca18098d9b7653,2016-02-12,Potatoes,YELLOW TYPE,5 lb bag,,,,,Yes,,,,,,,,3.99,$/5 lb bag,0.798,per lb,Northwest,retail,,,,,,,,18.0,3324,Weekly Grocery Store Specialty Crops Feature Activity,2026-09-26T14:36:16+00:00
a7eb3332fcdf0066,2016-02-12,Potatoes,YELLOW TYPE,per lb,,,,,No,,,,,,,,0.71,$/per lb,0.71,per lb,Northwest,retail,,,,,,,,13.0,3324,Weekly Grocery Store Specialty Crops Feature Activity,2026-09-26T14:36:16+00:00
d52c169e4e610f4e,2016-02-12,Potatoes,YELLOW TYPE,per lb,,,,,Yes,,,,,,,,0.99,$/per lb,0.99,per lb,Northwest,retail,,,,,,,,61.0,3324,Weekly Grocery Store Specialty Crops Feature Activity,2026-09-26T14:36:16+00:00
7f58e64c38730817,2016-02-12,Strawberries,,1 lb package,,,,,No,,,,,,,,3.49,$/1 lb package,3.49,per lb,Northwest,retail,,,,,,,,231.0,3324,Weekly Grocery Store Specialty Crops Feature Activity,2026-09-26T14:36:16+00:00
d9fcb0f90ee1d09a,2016-02-12,Strawberries,,1 lb package,,,,,Yes,,,,,,,,5.99,$/1 lb package,5.99,per lb,Northwest,retail,,,,,,,,279.0,3324,Weekly Grocery Store Specialty Crops Feature Activity,2026-09-26T14:36:16+00:00
b469035517d483d8,2016-02-12,Tomatoes,,per lb,,,,,Yes,,,,,,,,1.99,$/per lb,1.99,per lb,Northwest,retail,,,,,,,,18.0,3324,Weekly Grocery Store Specialty Crops Feature Activity,2026-09-26T14:36:16+00:00
8d1c670cb8f4b08b,2016-02-12,Tomatoes,GRAPE TYPE,1 pint package,,,,,No,,,,,,,,1.99,$/1 pint package,,,Northwest,retail,,,,,,,,30.0,3324,Weekly Grocery Store Specialty Crops Feature Activity,2026-09-26T14:36:16+00:00
4d8f3482b414d782,2016-02-12,Tomatoes,GRAPE TYPE,10 oz package,,,,,No,,,,,,,,2.52,$/10 oz package,4.032,per lb,Northwest,retail,,,,,,,,172.0,3324,Weekly Grocery Store Specialty Crops Feature Activity,2026-09-26T14:36:16+00:00
16edc6e563ba8619,2016-02-12,Tomatoes,Plum Type (Roma),per lb,,,,,No,,,,,,,,1.64,$/per lb,1.64,per lb,Northwest,retail,,,,,,,,101.0,3324,Weekly Grocery Store Specialty Crops Feature Activity,2026-09-26T14:36:16+00:00
931b64a25809a271,2016-02-12,Tomatoes,Plum Type (Roma),per lb,,,,,Yes,,,,,,,,1.29,$/per lb,1.29,per lb,Northwest,retail,,,,,,,,16.0,3324,Weekly Grocery Store Specialty Crops Feature Activity,2026-09-26T14:36:16+00:00
51b84ea4b62dd5ab,2016-02-12,Tomatoes,VINE RIPES,per lb,,,,,No,,,,,,,,3.26,$/per lb,3.26,per lb,Northwest,retail,,,environment=Greenhouse,,,,,307.0,3324,Weekly Grocery Store Specialty Crops Feature Activity,2026-09-26T14:36:16+00:00
f593489743d6af75,2016-02-12,Tomatoes,VINE RIPES,per lb,,,,,No,,,,,,,,2.49,$/per lb,2.49,per lb,Northwest,retail,,,,,,,,11.0,3324,Weekly Grocery Store Specialty Crops Feature Activity,2026-09-26T14:36:16+00:00
5abd917d583ad8b4,2016-02-12,Tomatoes,VINE RIPES - ON THE VINE,per lb,,,,,No,,,,,,,,2.76,$/per lb,2.76,per lb,Northwest,retail,,,environment=Greenhouse,,,,,143.0,3324,Weekly Grocery Store Specialty Crops Feature Activity,2026-09-26T14:36:16+00:00
e6b97328b46969a1,2016-02-12,Tomatoes,VINE RIPES - ON THE VINE,per lb,,,,,Yes,,,,,,,,2.63,$/per lb,2.63,per lb,Northwest,retail,,,environment=Greenhouse,,,,,22.0,3324,Weekly Grocery Store Specialty Crops Feature Activity,2026-09-26T14:36:16+00:00
d4886d25eb00a0f4,2016-02-12,Avocados,HASS,each,,,,,Yes,,,,,,,,1.07,$/each,1.07,per each,Southcentral,retail,,,,,,,,89.0,3324,Weekly Grocery Store Specialty Crops Feature Activity,2026-09-26T14:36:16+00:00
e8a4dd06caa78dfc,2016-02-12,Avocados,HASS,each,,,,,No,,,,,,,,1.1,$/each,1.1,per each,Southcentral,retail,,,,,,,,1378.0,3324,Weekly Grocery Store Specialty Crops Feature Activity,2026-09-26T14:36:16+00:00
bcb88b535ae87645,2016-02-12,Avocados,VARIOUS GREENSKIN VARIETIES,each,,,,,No,,,,,,,,0.25,$/each,0.25,per each,Southcentral,retail,,,,,,,,23.0,3324,Weekly Grocery Store Specialty Crops Feature Activity,2026-09-26T14:36:16+00:00
55ebd9da21766672,2016-02-12,Bananas,,per lb,,,,,No,,,,,,,,0.33,$/per lb,0.33,per lb,Southcentral,retail,,,,,,,,254.0,3324,Weekly Grocery Store Specialty Crops Feature Activity,2026-09-26T14:36:16+00:00
74877caf3ab8d8e4,2016-02-12,Bananas,,per lb,,,,,Yes,,,,,,,,0.62,$/per lb,0.62,per lb,Southcentral,retail,,,,,,,,405.0,3324,Weekly Grocery Store Specialty Crops Feature Activity,2026-09-26T14:36:16+00:00
fdd8ce60fb976811,2016-02-12,Blueberries,,1 pint package,,,,,No,,,,,,,,2.93,$/1 pint package,,,Southcentral,retail,,,,,,,,841.0,3324,Weekly Grocery Store Specialty Crops Feature Activity,2026-09-26T14:36:16+00:00
4385e4c0c838f622,2016-02-12,Blueberries,,18 oz package,,,,,No,,,,,,,,5.14,$/18 oz package,4.5689,per lb,Southcentral,retail,,,,,,,,181.0,3324,Weekly Grocery Store Specialty Crops Feature Activity,2026-09-26T14:36:16+00:00
75d19de6646c0064,2016-02-12,Blueberries,,4.4 oz package,,,,,Yes,,,,,,,,2.5,$/4.4 oz package,9.0909,per lb,Southcentral,retail,,,,,,,,73.0,3324,Weekly Grocery Store Specialty Crops Feature Activity,2026-09-26T14:36:16+00:00
4872b0bfaf92c4f7,2016-02-12,Blueberries,,6 oz package,,,,,No,,,,,,,,3.03,$/6 oz package,8.08,per lb,Southcentral,retail,,,,,,,,549.0,3324,Weekly Grocery Store Specialty Crops Feature Activity,2026-09-26T14:36:16+00:00
b55ea5179f6780e5,2016-02-12,Blueberries,,6 oz package,,,,,Yes,,,,,,,,4.86,$/6 oz package,12.96,per lb,Southcentral,retail,,,,,,,,108.0,3324,Weekly Grocery Store Specialty Crops Feature Activity,2026-09-26T14:36:16+00:00
2789360be733c7ed,2016-02-12,Broccoli,,per bunch,,,,,No,,,,,,,,1.84,$/per bunch,,,Southcentral,retail,,,,,,,,141.0,3324,Weekly Grocery Store Specialty Crops Feature Activity,2026-09-26T14:36:16+00:00
33be0ebea5e393fd,2016-02-12,Broccoli,,per lb,,,,,No,,,,,,,,0.88,$/per lb,0.88,per lb,Southcentral,retail,,,,,,,,25.0,3324,Weekly Grocery Store Specialty Crops Feature Activity,2026-09-26T14:36:16+00:00
684562bb5e50b47d,2016-02-12,Broccoli,,per lb,,,,,Yes,,,,,,,,1.98,$/per lb,1.98,per lb,Southcentral,retail,,,,,,,,5.0,3324,Weekly Grocery Store Specialty Crops Feature Activity,2026-09-26T14:36:16+00:00
be46933b9c0ad5f1,2016-02-12,Broccoli,CROWN CUT,per lb,,,,,No,,,,,,,,1.5,$/per lb,1.5,per lb,Southcentral,retail,,,,,,,,741.0,3324,Weekly Grocery Store Specialty Crops Feature Activity,2026-09-26T14:36:16+00:00
03b015c85bb59e4b,2016-02-12,Carrots,,1 lb bag,,,,,No,,,,,,,,0.98,$/1 lb bag,0.98,per lb,Southcentral,retail,,,,,,,,61.0,3324,Weekly Grocery Store Specialty Crops Feature Activity,2026-09-26T14:36:16+00:00
cd200bcd08ed7038,2016-02-12,Carrots,,per bunch,,,,,Yes,,,,,,,,1.49,$/per bunch,,,Southcentral,retail,,,,,,,,11.0,3324,Weekly Grocery Store Specialty Crops Feature Activity,2026-09-26T14:36:16+00:00
6920bde026d29394,2016-02-12,Carrots,BABY PEELED,1 lb bag,,,,,No,,,,,,,,1.27,$/1 lb bag,1.27,per lb,Southcentral,retail,,,,,,,,429.0,3324,Weekly Grocery Store Specialty Crops Feature Activity,2026-09-26T14:36:16+00:00
b1a8f7bd7e03c222,2016-02-12,Carrots,BABY PEELED,1 lb bag,,,,,Yes,,,,,,,,0.99,$/1 lb bag,0.99,per lb,Southcentral,retail,,,,,,,,287.0,3324,Weekly Grocery Store Specialty Crops Feature Activity,2026-09-26T14:36:16+00:00
a734612dfae4717a,2016-02-12,Carrots,BABY PEELED,2 lb bag,,,,,No,,,,,,,,2.39,$/2 lb bag,1.195,per lb,Southcentral,retail,,,,,,,,51.0,3324,Weekly Grocery Store Specialty Crops Feature Activity,2026-09-26T14:36:16+00:00
4ab501c87d980bcb,2016-02-12,Celery,,each,,,,,Yes,,,,,,,,2.0,$/each,2.0,per each,Southcentral,retail,,,,,,,,5.0,3324,Weekly Grocery Store Specialty Crops Feature Activity,2026-09-26T14:36:16+00:00
9a906799c2e4d582,2016-02-12,Celery,,each,,,,,No,,,,,,,,1.48,$/each,1.48,per each,Southcentral,retail,,,,,,,,109.0,3324,Weekly Grocery Store Specialty Crops Feature Activity,2026-09-26T14:36:16+00:00
e8aa1a4036de46a0,2016-02-12,Cucumbers,,each,,,,,No,,,,,,,,0.67,$/each,0.67,per each,Southcentral,retail,,,,,,,,562.0,3324,Weekly Grocery Store Specialty Crops Feature Activity,2026-09-26T14:36:16+00:00
0667c898a0752981,2016-02-12,Grapes,BLACK SEEDLESS,per lb,,,,,No,,,,,,,,2.5,$/per lb,2.5,per lb,Southcentral,retail,,,,,,,,52.0,3324,Weekly Grocery Store Specialty Crops Feature Activity,2026-09-26T14:36:16+00:00
3de995012b0a5fb6,2016-02-12,Grapes,RED SEEDLESS,per lb,,,,,No,,,,,,,,2.38,$/per lb,2.38,per lb,Southcentral,retail,,,,,,,,620.0,3324,Weekly Grocery Store Specialty Crops Feature Activity,2026-09-26T14:36:16+00:00
e2fcc5312a252736,2016-02-12,Grapes,Red Globe Seeded Type,per lb,,,,,No,,,,,,,,2.01,$/per lb,2.01,per lb,Southcentral,retail,,,,,,,,370.0,3324,Weekly Grocery Store Specialty Crops Feature Activity,2026-09-26T14:36:16+00:00
2933c8ea29b63b99,2016-02-12,Grapes,WHITE SEEDLESS TYPE,per lb,,,,,No,,,,,,,,2.2,$/per lb,2.2,per lb,Southcentral,retail,,,,,,,,223.0,3324,Weekly Grocery Store Specialty Crops Feature Activity,2026-09-26T14:36:16+00:00
b85b5d709a16e8c6,2016-02-12,Lemons,,2 lb bag,,,,,Yes,,,,,,,,2.99,$/2 lb bag,1.495,per lb,Southcentral,retail,,,,,,,,68.0,3324,Weekly Grocery Store Specialty Crops Feature Activity,2026-09-26T14:36:16+00:00
dc186688d0a56afb,2016-02-12,Lemons,,2 lb bag,,,,,No,,,,,,,,3.28,$/2 lb bag,1.64,per lb,Southcentral,retail,,,,,,,,136.0,3324,Weekly Grocery Store Specialty Crops Feature Activity,2026-09-26T14:36:16+00:00
17d6966f55ad3842,2016-02-12,Lemons,,each,,,,,No,,,,,,,,0.36,$/each,0.36,per each,Southcentral,retail,,,,,,,,293.0,3324,Weekly Grocery Store Specialty Crops Feature Activity,2026-09-26T14:36:16+00:00
0d8ef73af9cd1da7,2016-02-12,Lemons,,per lb,,,,,No,,,,,,,,2.58,$/per lb,2.58,per lb,Southcentral,retail,,,,,,,,54.0,3324,Weekly Grocery Store Specialty Crops Feature Activity,2026-09-26T14:36:16+00:00
18dbe075e98ccda1,2016-02-12,Lettuce,Boston,each,,,,,Yes,,,,,,,,3.99,$/each,3.99,per each,Southcentral,retail,,,,,,,,73.0,3324,Weekly Grocery Store Specialty Crops Feature Activity,2026-09-26T14:36:16+00:00
33a15ed00d94fdd8,2016-02-12,Lettuce,Boston,each,,,,,No,,,,,,,,3.79,$/each,3.79,per each,Southcentral,retail,,,,,,,,26.0,3324,Weekly Grocery Store Specialty Crops Feature Activity,2026-09-26T14:36:16+00:00
66c0f7b80b4cff4c,2016-02-12,Lettuce,Green Leaf,each,,,,,Yes,,,,,,,,1.9,$/each,1.9,per each,Southcentral,retail,,,,,,,,79.0,3324,Weekly Grocery Store Specialty Crops Feature Activity,2026-09-26T14:36:16+00:00
c5e3a0a39b945568,2016-02-12,Lettuce,Green Leaf,each,,,,,No,,,,,,,,1.49,$/each,1.49,per each,Southcentral,retail,,,,,,,,85.0,3324,Weekly Grocery Store Specialty Crops Feature Activity,2026-09-26T14:36:16+00:00
6e7f415c0adf87d0,2016-02-12,Lettuce,Iceberg,each,,,,,No,,,,,,,,1.11,$/each,1.11,per each,Southcentral,retail,,,,,,,,69.0,3324,Weekly Grocery Store Specialty Crops Feature Activity,2026-09-26T14:36:16+00:00
9d124bc818667eaf,2016-02-12,Lettuce,Iceberg,each,,,,,Yes,,,,,,,,2.4,$/each,2.4,per each,Southcentral,retail,,,,,,,,58.0,3324,Weekly Grocery Store Specialty Crops Feature Activity,2026-09-26T14:36:16+00:00
8e31d919156b6184,2016-02-12,Lettuce,Red Leaf,each,,,,,Yes,,,,,,,,1.9,$/each,1.9,per each,Southcentral,retail,,,,,,,,79.0,3324,Weekly Grocery Store Specialty Crops Feature Activity,2026-09-26T14:36:16+00:00
bce2ca88604105ba,2016-02-12,Lettuce,Red Leaf,each,,,,,No,,,,,,,,1.52,$/each,1.52,per each,Southcentral,retail,,,,,,,,111.0,3324,Weekly Grocery Store Specialty Crops Feature Activity,2026-09-26T14:36:16+00:00
5f26dbdcdfd5d2c5,2016-02-12,Lettuce,Romaine,each,,,,,Yes,,,,,,,,2.0,$/each,2.0,per each,Southcentral,retail,,,,,,,,5.0,3324,Weekly Grocery Store Specialty Crops Feature Activity,2026-09-26T14:36:16+00:00
69e1d369497a0e93,2016-02-12,Lettuce,Romaine,each,,,,,No,,,,,,,,1.41,$/each,1.41,per each,Southcentral,retail,,,,,,,,96.0,3324,Weekly Grocery Store Specialty Crops Feature Activity,2026-09-26T14:36:16+00:00
69ee2f0463cafa1f,2016-02-12,Lettuce,Romaine (Hearts),3 count,,,,,Yes,,,,,,,,3.25,$/3 count,,,Southcentral,retail,,,,,,,,146.0,3324,Weekly Grocery Store Specialty Crops Feature Activity,2026-09-26T14:36:16+00:00
a6570147568aea39,2016-02-12,Lettuce,Romaine (Hearts),3 count,,,,,No,,,,,,,,2.5,$/3 count,,,Southcentral,retail,,,,,,,,110.0,3324,Weekly Grocery Store Specialty Crops Feature Activity,2026-09-26T14:36:16+00:00
1773753d0e562c4c,2016-02-12,Limes,,each,,,,,No,,,,,,,,0.23,$/each,0.23,per each,Southcentral,retail,,,,,,,,300.0,3324,Weekly Grocery Store Specialty Crops Feature Activity,2026-09-26T14:36:16+00:00
bc0afd5125675520,2016-02-12,Limes,,per lb,,,,,No,,,,,,,,0.5,$/per lb,0.5,per lb,Southcentral,retail,,,,,,,,11.0,3324,Weekly Grocery Store Specialty Crops Feature Activity,2026-09-26T14:36:16+00:00
67417b8d6c1c2bd3,2016-02-12,"Onions, Dry",RED,per lb,,,,,Yes,,,,,,,,0.79,$/per lb,0.79,per lb,Southcentral,retail,,,,,,,,68.0,3324,Weekly Grocery Store Specialty Crops Feature Activity,2026-09-26T14:36:16+00:00
c936595d46944cb2,2016-02-12,"Onions, Dry",RED,per lb,,,,,No,,,,,,,,1.54,$/per lb,1.54,per lb,Southcentral,retail,,,,,,,,48.0,3324,Weekly Grocery Store Specialty Crops Feature Activity,2026-09-26T14:36:16+00:00
93af73b8417afb2b,2016-02-12,"Onions, Dry",WHITE,per lb,,,,,No,,,,,,,,1.49,$/per lb,1.49,per lb,Southcentral,retail,,,,,,,,22.0,3324,Weekly Grocery Store Specialty Crops Feature Activity,2026-09-26T14:36:16+00:00
dcca6b1099d518f1,2016-02-12,"Onions, Dry",YELLOW,2 lb bag,,,,,No,,,,,,,,1.0,$/2 lb bag,0.5,per lb,Southcentral,retail,,,,,,,,8.0,3324,Weekly Grocery Store Specialty Crops Feature Activity,2026-09-26T14:36:16+00:00
3f8652fa08467ae7,2016-02-12,"Onions, Dry",YELLOW,3 lb bag,,,,,No,,,,,,,,1.54,$/3 lb bag,0.5133,per lb,Southcentral,retail,,,,,,,,735.0,3324,Weekly Grocery Store Specialty Crops Feature Activity,2026-09-26T14:36:16+00:00
57db9be44e322bed,2016-02-12,"Onions, Dry",YELLOW,per lb,,,,,No,,,,,,,,0.67,$/per lb,0.67,per lb,Southcentral,retail,,,,,,,,323.0,3324,Weekly Grocery Store Specialty Crops Feature Activity,2026-09-26T14:36:16+00:00
b83be4be8eea3219,2016-02-12,"Onions, Dry",YELLOW MARKED SWEET,3 lb bag,,,,,No,,,,,,,,2.38,$/3 lb bag,0.7933,per lb,Southcentral,retail,,,,,,,,54.0,3324,Weekly Grocery Store Specialty Crops Feature Activity,2026-09-26T14:36:16+00:00
c400fb224819673b,2016-02-12,"Onions, Dry",YELLOW MARKED SWEET,5 lb bag,,,,,No,,,,,,,,3.99,$/5 lb bag,0.798,per lb,Southcentral,retail,,,,,,,,40.0,3324,Weekly Grocery Store Specialty Crops Feature Activity,2026-09-26T14:36:16+00:00
4cf1cf063f31432c,2016-02-12,"Onions, Dry",YELLOW MARKED SWEET,per lb,,,,,No,,,,,,,,0.99,$/per lb,0.99,per lb,Southcentral,retail,,,,,,,,489.0,3324,Weekly Grocery Store Specialty Crops Feature Activity,2026-09-26T14:36:16+00:00
11f2bac282f7ca03,2016-02-12,"Peppers, Bell Type",GREEN,each,,,,,No,,,,,,,,0.78,$/each,0.78,per each,Southcentral,retail,,,,,,,,146.0,3324,Weekly Grocery Store Specialty Crops Feature Activity,2026-09-26T14:36:16+00:00
0bc545734f638438,2016-02-12,"Peppers, Bell Type",ORANGE,each,,,,,No,,,,,,,,1.36,$/each,1.36,per each,Southcentral,retail,,,,,,,,90.0,3324,Weekly Grocery Store Specialty Crops Feature Activity,2026-09-26T14:36:16+00:00
c10a3eddfbf9064f,2016-02-12,"Peppers, Bell Type",ORANGE,each,,,,,No,,,,,,,,1.05,$/each,1.05,per each,Southcentral,retail,,,environment=Greenhouse,,,,,60.0,3324,Weekly Grocery Store Specialty Crops Feature Activity,2026-09-26T14:36:16+00:00
711394ed20646002,2016-02-12,"Peppers, Bell Type",RED,each,,,,,No,,,,,,,,1.22,$/each,1.22,per each,Southcentral,retail,,,,,,,,623.0,3324,Weekly Grocery Store Specialty Crops Feature Activity,2026-09-26T14:36:16+00:00
d005627c001a9d51,2016-02-12,"Peppers, Bell Type",RED,each,,,,,No,,,,,,,,1.05,$/each,1.05,per each,Southcentral,retail,,,environment=Greenhouse,,,,,60.0,3324,Weekly Grocery Store Specialty Crops Feature Activity,2026-09-26T14:36:16+00:00
6025d88afcd7a814,2016-02-12,"Peppers, Bell Type",YELLOW,each,,,,,No,,,,,,,,1.05,$/each,1.05,per each,Southcentral,retail,,,environment=Greenhouse,,,,,60.0,3324,Weekly Grocery Store Specialty Crops Feature Activity,2026-09-26T14:36:16+00:00
9e6ad755d146ddb8,2016-02-12,"Peppers, Bell Type",YELLOW,each,,,,,No,,,,,,,,1.36,$/each,1.36,per each,Southcentral,retail,,,,,,,,90.0,3324,Weekly Grocery Store Specialty Crops Feature Activity,2026-09-26T14:36:16+00:00
9ba60abdb0b3da00,2016-02-12,Potatoes,ROUND RED,10 lb bag,,,,,No,,,,,,,,2.98,$/10 lb bag,0.298,per lb,Southcentral,retail,,,,,,,,26.0,3324,Weekly Grocery Store Specialty Crops Feature Activity,2026-09-26T14:36:16+00:00
1b7bb18888418815,2016-02-12,Potatoes,ROUND RED,3 lb bag,,,,,No,,,,,,,,2.69,$/3 lb bag,0.8967,per lb,Southcentral,retail,,,,,,,,263.0,3324,Weekly Grocery Store Specialty Crops Feature Activity,2026-09-26T14:36:16+00:00
9fc1391b7d8f224d,2016-02-12,Potatoes,ROUND RED,5 lb bag,,,,,No,,,,,,,,2.34,$/5 lb bag,0.468,per lb,Southcentral,retail,,,,,,,,680.0,3324,Weekly Grocery Store Specialty Crops Feature Activity,2026-09-26T14:36:16+00:00
d94dbaf900be6736,2016-02-12,Potatoes,ROUND RED,per lb,,,,,No,,,,,,,,0.73,$/per lb,0.73,per lb,Southcentral,retail,,,,,,,,51.0,3324,Weekly Grocery Store Specialty Crops Feature Activity,2026-09-26T14:36:16+00:00
d2778818563123dd,2016-02-12,Potatoes,ROUND WHITE,per lb,,,,,No,,,,,,,,0.73,$/per lb,0.73,per lb,Southcentral,retail,,,,,,,,15.0,3324,Weekly Grocery Store Specialty Crops Feature Activity,2026-09-26T14:36:16+00:00
3c957b38fe9dd647,2016-02-12,Potatoes,RUSSET,10 lb bag,,,,,No,,,,,,,,3.13,$/10 lb bag,0.313,per lb,Southcentral,retail,,,,,,,,255.0,3324,Weekly Grocery Store Specialty Crops Feature Activity,2026-09-26T14:36:16+00:00
d8fe7cb0eb1b5275,2016-02-12,Potatoes,RUSSET,5 lb bag,,,,,Yes,,,,,,,,3.99,$/5 lb bag,0.798,per lb,Southcentral,retail,,,,,,,,68.0,3324,Weekly Grocery Store Specialty Crops Feature Activity,2026-09-26T14:36:16+00:00
e946c2a6b5a5ff75,2016-02-12,Potatoes,RUSSET,5 lb bag,,,,,No,,,,,,,,1.87,$/5 lb bag,0.374,per lb,Southcentral,retail,,,,,,,,395.0,3324,Weekly Grocery Store Specialty Crops Feature Activity,2026-09-26T14:36:16+00:00
680afcdb9d4bd8df,2016-02-12,Potatoes,RUSSET,8 lb bag,,,,,No,,,,,,,,1.99,$/8 lb bag,0.2487,per lb,Southcentral,retail,,,,,,,,9.0,3324,Weekly Grocery Store Specialty Crops Feature Activity,2026-09-26T14:36:16+00:00
1c804a25ed233b69,2016-02-12,Potatoes,RUSSET,per lb,,,,,Yes,,,,,,,,0.98,$/per lb,0.98,per lb,Southcentral,retail,,,,,,,,30.0,3324,Weekly Grocery Store Specialty Crops Feature Activity,2026-09-26T14:36:16+00:00
80bb16c670d8b381,2016-02-12,Potatoes,RUSSET,per lb,,,,,No,,,,,,,,0.56,$/per lb,0.56,per lb,Southcentral,retail,,,,,,,,392.0,3324,Weekly Grocery Store Specialty Crops Feature Activity,2026-09-26T14:36:16+00:00
81fbaf5d032c5346,2016-02-12,Potatoes,YELLOW TYPE,3 lb bag,,,,,No,,,,,,,,1.5,$/3 lb bag,0.5,per lb,Southcentral,retail,,,,,,,,9.0,3324,Weekly Grocery Store Specialty Crops Feature Activity,2026-09-26T14:36:16+00:00
336c2300e8e2fa46,2016-02-12,Potatoes,YELLOW TYPE,5 lb bag,,,,,Yes,,,,,,,,3.99,$/5 lb bag,0.798,per lb,Southcentral,retail,,,,,,,,68.0,3324,Weekly Grocery Store Specialty Crops Feature Activity,2026-09-26T14:36:16+00:00
ca4798971e1a4365,2016-02-12,Potatoes,YELLOW TYPE,5 lb bag,,,,,No,,,,,,,,2.3,$/5 lb bag,0.46,per lb,Southcentral,retail,,,,,,,,564.0,3324,Weekly Grocery Store Specialty Crops Feature Activity,2026-09-26T14:36:16+00:00
ed16c788ee750d0c,2016-02-12,Potatoes,YELLOW TYPE,per lb,,,,,No,,,,,,,,0.76,$/per lb,0.76,per lb,Southcentral,retail,,,,,,,,45.0,3324,Weekly Grocery Store Specialty Crops Feature Activity,2026-09-26T14:36:16+00:00
f736f644e38bcaf5,2016-02-12,Strawberries,,1 lb package,,,,,No,,,,,,,,2.58,$/1 lb package,2.58,per lb,Southcentral,retail,,,,,,,,1161.0,3324,Weekly Grocery Store Specialty Crops Feature Activity,2026-09-26T14:36:16+00:00
03b94819d8c106bf,2016-02-12,Tomatoes,,per lb,,,,,No,,,,,,,,1.44,$/per lb,1.44,per lb,Southcentral,retail,,,,,,,,50.0,3324,Weekly Grocery Store Specialty Crops Feature Activity,2026-09-26T14:36:16+00:00
7a201ec0d2f037ac,2016-02-12,Tomatoes,,per lb,,,,,Yes,,,,,,,,1.99,$/per lb,1.99,per lb,Southcentral,retail,,,,,,,,68.0,3324,Weekly Grocery Store Specialty Crops Feature Activity,2026-09-26T14:36:16+00:00
6dc22a9348dce15f,2016-02-12,Tomatoes,GRAPE TYPE,1 pint package,,,,,No,,,,,,,,2.28,$/1 pint package,,,Southcentral,retail,,,,,,,,8.0,3324,Weekly Grocery Store Specialty Crops Feature Activity,2026-09-26T14:36:16+00:00
e2dd6aeca462992a,2016-02-12,Tomatoes,GRAPE TYPE,1 pint package,,,,,Yes,,,,,,,,2.65,$/1 pint package,,,Southcentral,retail,,,,,,,,108.0,3324,Weekly Grocery Store Specialty Crops Feature Activity,2026-09-26T14:36:16+00:00
354931a69618beb1,2016-02-12,Tomatoes,GRAPE TYPE,10 oz package,,,,,No,,,,,,,,2.11,$/10 oz package,3.376,per lb,Southcentral,retail,,,,,,,,351.0,3324,Weekly Grocery Store Specialty Crops Feature Activity,2026-09-26T14:36:16+00:00
badd17a0a0efa66a,2016-02-12,Tomatoes,GRAPE TYPE,10 oz package,,,,,Yes,,,,,,,,2.49,$/10 oz package,3.984,per lb,Southcentral,retail,,,,,,,,469.0,3324,Weekly Grocery Store Specialty Crops Feature Activity,2026-09-26T14:36:16+00:00
5a6f43f736a81fd7,2016-02-12,Tomatoes,Plum Type (Roma),per lb,,,,,No,,,,,,,,0.96,$/per lb,0.96,per lb,Southcentral,retail,,,,,,,,834.0,3324,Weekly Grocery Store Specialty Crops Feature Activity,2026-09-26T14:36:16+00:00
230f6c54cae158ef,2016-02-12,Tomatoes,VINE RIPES,per lb,,,,,No,,,,,,,,1.62,$/per lb,1.62,per lb,Southcentral,retail,,,,,,,,90.0,3324,Weekly Grocery Store Specialty Crops Feature Activity,2026-09-26T14:36:16+00:00
60f4869378a938c2,2016-02-12,Tomatoes,VINE RIPES,per lb,,,,,No,,,,,,,,1.92,$/per lb,1.92,per lb,Southcentral,retail,,,environment=Greenhouse,,,,,32.0,3324,Weekly Grocery Store Specialty Crops Feature Activity,2026-09-26T14:36:16+00:00
10ae1d7a16ed62d8,2016-02-12,Tomatoes,VINE RIPES - ON THE VINE,per lb,,,,,Yes,,,,,,,,2.99,$/per lb,2.99,per lb,Southcentral,retail,,,environment=Greenhouse,,,,,31.0,3324,Weekly Grocery Store Specialty Crops Feature Activity,2026-09-26T14:36:16+00:00
30292b6baf48bc51,2016-02-12,Tomatoes,VINE RIPES - ON THE VINE,per lb,,,,,No,,,,,,,,2.58,$/per lb,2.58,per lb,Southcentral,retail,,,environment=Greenhouse,,,,,223.0,3324,Weekly Grocery Store Specialty Crops Feature Activity,2026-09-26T14:36:16+00:00
3743089db85630c9,2016-02-12,Avocados,HASS,each,,,,,No,,,,,,,,0.96,$/each,0.96,per each,Southeast,retail,,,,,,,,1167.0,3324,Weekly Grocery Store Specialty Crops Feature Activity,2026-09-26T14:36:16+00:00
ea928c892ceae25a,2016-02-12,Avocados,HASS,each,,,,,Yes,,,,,,,,1.48,$/each,1.48,per each,Southeast,retail,,,,,,,,169.0,3324,Weekly Grocery Store Specialty Crops Feature Activity,2026-09-26T14:36:16+00:00
784a6c25e772b2ee,2016-02-12,Bananas,,per lb,,,,,Yes,,,,,,,,0.79,$/per lb,0.79,per lb,Southeast,retail,,,,,,,,231.0,3324,Weekly Grocery Store Specialty Crops Feature Activity,2026-09-26T14:36:16+00:00
843b48713325a01c,2016-02-12,Bananas,,per lb,,,,,No,,,,,,,,0.37,$/per lb,0.37,per lb,Southeast,retail,,,,,,,,414.0,3324,Weekly Grocery Store Specialty Crops Feature Activity,2026-09-26T14:36:16+00:00
7f28a42713689743,2016-02-12,Blueberries,,1 pint package,,,,,No,,,,,,,,3.22,$/1 pint package,,,Southeast,retail,,,,,,,,2477.0,3324,Weekly Grocery Store Specialty Crops Feature Activity,2026-09-26T14:36:16+00:00
616e4333bfa175c1,2016-02-12,Blueberries,,4.4 oz package,,,,,Yes,,,,,,,,4.11,$/4.4 oz package,14.9455,per lb,Southeast,retail,,,,,,,,316.0,3324,Weekly Grocery Store Specialty Crops Feature Activity,2026-09-26T14:36:16+00:00
a0a5329fcc7c9752,2016-02-12,Blueberries,,6 oz package,,,,,No,,,,,,,,2.52,$/6 oz package,6.72,per lb,Southeast,retail,,,,,,,,1087.0,3324,Weekly Grocery Store Specialty Crops Feature Activity,2026-09-26T14:36:16+00:00
61ecd592050e7fbb,2016-02-12,Broccoli,,per bunch,,,,,Yes,,,,,,,,3.49,$/per bunch,,,Southeast,retail,,,,,,,,214.0,3324,Weekly Grocery Store Specialty Crops Feature Activity,2026-09-26T14:36:16+00:00
bf663a23ed345f72,2016-02-12,Broccoli,,per bunch,,,,,No,,,,,,,,2.44,$/per bunch,,,Southeast,retail,,,,,,,,408.0,3324,Weekly Grocery Store Specialty Crops Feature Activity,2026-09-26T14:36:16+00:00
137b33b21ee17373,2016-02-12,Broccoli,,per lb,,,,,Yes,,,,,,,,0.99,$/per lb,0.99,per lb,Southeast,retail,,,,,,,,25.0,3324,Weekly Grocery Store Specialty Crops Feature Activity,2026-09-26T14:36:16+00:00
a8a336c660b0b8dc,2016-02-12,Broccoli,CROWN CUT,per lb,,,,,No,,,,,,,,1.6,$/per lb,1.6,per lb,Southeast,retail,,,,,,,,485.0,3324,Weekly Grocery Store Specialty Crops Feature Activity,2026-09-26T14:36:16+00:00
4dd8b01cf1464019,2016-02-12,Carrots,,1 lb bag,,,,,No,,,,,,,,0.74,$/1 lb bag,0.74,per lb,Southeast,retail,,,,,,,,81.0,3324,Weekly Grocery Store Specialty Crops Feature Activity,2026-09-26T14:36:16+00:00
5a9e879357b6ccd1,2016-02-12,Carrots,,2 lb bag,,,,,No,,,,,,,,1.37,$/2 lb bag,0.685,per lb,Southeast,retail,,,,,,,,72.0,3324,Weekly Grocery Store Specialty Crops Feature Activity,2026-09-26T14:36:16+00:00
7d58a329b6b28f6b,2016-02-12,Carrots,,per lb,,,,,No,,,,,,,,0.78,$/per lb,0.78,per lb,Southeast,retail,,,,,,,,14.0,3324,Weekly Grocery Store Specialty Crops Feature Activity,2026-09-26T14:36:16+00:00
0a8e3b2804b4f934,2016-02-12,Carrots,BABY PEELED,1 lb bag,,,,,Yes,,,,,,,,1.4,$/1 lb bag,1.4,per lb,Southeast,retail,,,,,,,,375.0,3324,Weekly Grocery Store Specialty Crops Feature Activity,2026-09-26T14:36:16+00:00
5141cc0776738db1,2016-02-12,Carrots,BABY PEELED,1 lb bag,,,,,No,,,,,,,,1.7,$/1 lb bag,1.7,per lb,Southeast,retail,,,,,,,,1525.0,3324,Weekly Grocery Store Specialty Crops Feature Activity,2026-09-26T14:36:16+00:00
003bcc6d645c435d,2016-02-12,Celery,,each,,,,,No,,,,,,,,0.98,$/each,0.98,per each,Southeast,retail,,,,,,,,7.0,3324,Weekly Grocery Store Specialty Crops Feature Activity,2026-09-26T14:36:16+00:00
7c6ff1e7685cf10d,2016-02-12,Celery,,each,,,,,Yes,,,,,,,,1.99,$/each,1.99,per each,Southeast,retail,,,,,,,,2.0,3324,Weekly Grocery Store Specialty Crops Feature Activity,2026-09-26T14:36:16+00:00
9942a836c0433407,2016-02-12,Celery,HEARTS,each,,,,,Yes,,,,,,,,3.49,$/each,3.49,per each,Southeast,retail,,,,,,,,17.0,3324,Weekly Grocery Store Specialty Crops Feature Activity,2026-09-26T14:36:16+00:00
a8a98e9e7a69a2cf,2016-02-12,Cucumbers,,each,,,,,No,,,,,,,,0.68,$/each,0.68,per each,Southeast,retail,,,,,,,,293.0,3324,Weekly Grocery Store Specialty Crops Feature Activity,2026-09-26T14:36:16+00:00
7d3dfc193b91752b,2016-02-12,Cucumbers,LONG SEEDLESS,each,,,,,No,,,,,,,,1.3,$/each,1.3,per each,Southeast,retail,,,environment=Greenhouse,,,,,351.0,3324,Weekly Grocery Store Specialty Crops Feature Activity,2026-09-26T14:36:16+00:00
2fb48e8de9c096e6,2016-02-12,Grapes,BLACK SEEDLESS,per lb,,,,,No,,,,,,,,2.5,$/per lb,2.5,per lb,Southeast,retail,,,,,,,,723.0,3324,Weekly Grocery Store Specialty Crops Feature Activity,2026-09-26T14:36:16+00:00
43ab9799d647ab73,2016-02-12,Grapes,RED SEEDLESS,per lb,,,,,No,,,,,,,,2.62,$/per lb,2.62,per lb,Southeast,retail,,,,,,,,2594.0,3324,Weekly Grocery Store Specialty Crops Feature Activity,2026-09-26T14:36:16+00:00
6816039f1d0bf324,2016-02-12,Grapes,Red Globe Seeded Type,per lb,,,,,No,,,,,,,,2.41,$/per lb,2.41,per lb,Southeast,retail,,,,,,,,891.0,3324,Weekly Grocery Store Specialty Crops Feature Activity,2026-09-26T14:36:16+00:00
825b9aa6c91507af,2016-02-12,Grapes,WHITE SEEDLESS TYPE,per lb,,,,,No,,,,,,,,2.15,$/per lb,2.15,per lb,Southeast,retail,,,,,,,,719.0,3324,Weekly Grocery Store Specialty Crops Feature Activity,2026-09-26T14:36:16+00:00
8a078b2d97753b15,2016-02-12,Lemons,,2 lb bag,,,,,Yes,,,,,,,,4.99,$/2 lb bag,2.495,per lb,Southeast,retail,,,,,,,,25.0,3324,Weekly Grocery Store Specialty Crops Feature Activity,2026-09-26T14:36:16+00:00
c0bada33aa4347a8,2016-02-12,Lemons,,2 lb bag,,,,,No,,,,,,,,2.99,$/2 lb bag,1.495,per lb,Southeast,retail,,,,,,,,114.0,3324,Weekly Grocery Store Specialty Crops Feature Activity,2026-09-26T14:36:16+00:00
d09e384135679add,2016-02-12,Lemons,,each,,,,,Yes,,,,,,,,0.69,$/each,0.69,per each,Southeast,retail,,,,,,,,214.0,3324,Weekly Grocery Store Specialty Crops Feature Activity,2026-09-26T14:36:16+00:00
f31086101f65941f,2016-02-12,Lemons,,each,,,,,No,,,,,,,,0.43,$/each,0.43,per each,Southeast,retail,,,,,,,,84.0,3324,Weekly Grocery Store Specialty Crops Feature Activity,2026-09-26T14:36:16+00:00
db61945677fa04e6,2016-02-12,Lemons,,per lb,,,,,No,,,,,,,,1.99,$/per lb,1.99,per lb,Southeast,retail,,,,,,,,6.0,3324,Weekly Grocery Store Specialty Crops Feature Activity,2026-09-26T14:36:16+00:00
0ca4edeee611e504,2016-02-12,Lettuce,Green Leaf,each,,,,,No,,,,,,,,1.18,$/each,1.18,per each,Southeast,retail,,,,,,,,229.0,3324,Weekly Grocery Store Specialty Crops Feature Activity,2026-09-26T14:36:16+00:00
497d6446bd6aa1ae,2016-02-12,Lettuce,Green Leaf,each,,,,,Yes,,,,,,,,1.99,$/each,1.99,per each,Southeast,retail,,,,,,,,226.0,3324,Weekly Grocery Store Specialty Crops Feature Activity,2026-09-26T14:36:16+00:00
187e3193d285bc19,2016-02-12,Lettuce,Green Leaf,per lb,,,,,No,,,,,,,,0.99,$/per lb,0.99,per lb,Southeast,retail,,,,,,,,84.0,3324,Weekly Grocery Store Specialty Crops Feature Activity,2026-09-26T14:36:16+00:00
e333080ddb3646a1,2016-02-12,Lettuce,Iceberg,each,,,,,No,,,,,,,,1.17,$/each,1.17,per each,Southeast,retail,,,,,,,,258.0,3324,Weekly Grocery Store Specialty Crops Feature Activity,2026-09-26T14:36:16+00:00
2dc5f35e004a1716,2016-02-12,Lettuce,Red Leaf,each,,,,,Yes,,,,,,,,2.0,$/each,2.0,per each,Southeast,retail,,,,,,,,214.0,3324,Weekly Grocery Store Specialty Crops Feature Activity,2026-09-26T14:36:16+00:00
9b6a0e642c3d4049,2016-02-12,Lettuce,Red Leaf,each,,,,,No,,,,,,,,1.26,$/each,1.26,per each,Southeast,retail,,,,,,,,208.0,3324,Weekly Grocery Store Specialty Crops Feature Activity,2026-09-26T14:36:16+00:00
884336aaeefd8f82,2016-02-12,Lettuce,Red Leaf,per lb,,,,,No,,,,,,,,0.99,$/per lb,0.99,per lb,Southeast,retail,,,,,,,,84.0,3324,Weekly Grocery Store Specialty Crops Feature Activity,2026-09-26T14:36:16+00:00
0eeca823573fd248,2016-02-12,Lettuce,Romaine,each,,,,,No,,,,,,,,1.22,$/each,1.22,per each,Southeast,retail,,,,,,,,196.0,3324,Weekly Grocery Store Specialty Crops Feature Activity,2026-09-26T14:36:16+00:00
971431d7330db642,2016-02-12,Lettuce,Romaine (Hearts),3 count,,,,,Yes,,,,,,,,3.66,$/3 count,,,Southeast,retail,,,,,,,,360.0,3324,Weekly Grocery Store Specialty Crops Feature Activity,2026-09-26T14:36:16+00:00
d1748384953ff520,2016-02-12,Lettuce,Romaine (Hearts),3 count,,,,,No,,,,,,,,2.16,$/3 count,,,Southeast,retail,,,,,,,,234.0,3324,Weekly Grocery Store Specialty Crops Feature Activity,2026-09-26T14:36:16+00:00
ffef7748d1976261,2016-02-12,Limes,,each,,,,,No,,,,,,,,0.17,$/each,0.17,per each,Southeast,retail,,,,,,,,90.0,3324,Weekly Grocery Store Specialty Crops Feature Activity,2026-09-26T14:36:16+00:00
f77ec18b0f79f01d,2016-02-12,"Onions, Dry",RED,2 lb bag,,,,,No,,,,,,,,2.7,$/2 lb bag,1.35,per lb,Southeast,retail,,,,,,,,28.0,3324,Weekly Grocery Store Specialty Crops Feature Activity,2026-09-26T14:36:16+00:00
6de084ba2d21f590,2016-02-12,"Onions, Dry",RED,per lb,,,,,No,,,,,,,,1.25,$/per lb,1.25,per lb,Southeast,retail,,,,,,,,98.0,3324,Weekly Grocery Store Specialty Crops Feature Activity,2026-09-26T14:36:16+00:00
686486a50c7d15d4,2016-02-12,"Onions, Dry",WHITE,2 lb bag,,,,,No,,,,,,,,2.5,$/2 lb bag,1.25,per lb,Southeast,retail,,,,,,,,9.0,3324,Weekly Grocery Store Specialty Crops Feature Activity,2026-09-26T14:36:16+00:00
01e9104139074e3f,2016-02-12,"Onions, Dry",WHITE,per lb,,,,,No,,,,,,,,0.5,$/per lb,0.5,per lb,Southeast,retail,,,,,,,,214.0,3324,Weekly Grocery Store Specialty Crops Feature Activity,2026-09-26T14:36:16+00:00
bc51b743e9f95a26,2016-02-12,"Onions, Dry",YELLOW,2 lb bag,,,,,No,,,,,,,,0.82,$/2 lb bag,0.41,per lb,Southeast,retail,,,,,,,,31.0,3324,Weekly Grocery Store Specialty Crops Feature Activity,2026-09-26T14:36:16+00:00
0132956af89f382e,2016-02-12,"Onions, Dry",YELLOW,3 lb bag,,,,,No,,,,,,,,1.56,$/3 lb bag,0.52,per lb,Southeast,retail,,,,,,,,1302.0,3324,Weekly Grocery Store Specialty Crops Feature Activity,2026-09-26T14:36:16+00:00
885e7cd1e3dc9069,2016-02-12,"Onions, Dry",YELLOW,3 lb bag,,,,,Yes,,,,,,,,3.99,$/3 lb bag,1.33,per lb,Southeast,retail,,,,,,,,95.0,3324,Weekly Grocery Store Specialty Crops Feature Activity,2026-09-26T14:36:16+00:00
f28ee29fd6bd4682,2016-02-12,"Onions, Dry",YELLOW,5 lb bag,,,,,No,,,,,,,,3.51,$/5 lb bag,0.702,per lb,Southeast,retail,,,,,,,,53.0,3324,Weekly Grocery Store Specialty Crops Feature Activity,2026-09-26T14:36:16+00:00
d25b6ee1448b1b09,2016-02-12,"Onions, Dry",YELLOW,per lb,,,,,No,,,,,,,,0.78,$/per lb,0.78,per lb,Southeast,retail,,,,,,,,60.0,3324,Weekly Grocery Store Specialty Crops Feature Activity,2026-09-26T14:36:16+00:00
da3955c6c610b1ce,2016-02-12,"Onions, Dry",YELLOW MARKED SWEET,2 lb bag,,,,,No,,,,,,,,1.99,$/2 lb bag,0.995,per lb,Southeast,retail,,,,,,,,14.0,3324,Weekly Grocery Store Specialty Crops Feature Activity,2026-09-26T14:36:16+00:00
b911b708f9a5fd8b,2016-02-12,"Onions, Dry",YELLOW MARKED SWEET,3 lb bag,,,,,No,,,,,,,,2.07,$/3 lb bag,0.69,per lb,Southeast,retail,,,,,,,,745.0,3324,Weekly Grocery Store Specialty Crops Feature Activity,2026-09-26T14:36:16+00:00
9d56fc15598f201a,2016-02-12,"Onions, Dry",YELLOW MARKED SWEET,per lb,,,,,No,,,,,,,,1.0,$/per lb,1.0,per lb,Southeast,retail,,,,,,,,1360.0,3324,Weekly Grocery Store Specialty Crops Feature Activity,2026-09-26T14:36:16+00:00
fd050d322d870f52,2016-02-12,"Peppers, Bell Type",GREEN,each,,,,,No,,,,,,,,1.54,$/each,1.54,per each,Southeast,retail,,,,,,,,120.0,3324,Weekly Grocery Store Specialty Crops Feature Activity,2026-09-26T14:36:16+00:00
aa597cc9229e7d49,2016-02-12,"Peppers, Bell Type",ORANGE,each,,,,,No,,,,,,,,1.66,$/each,1.66,per each,Southeast,retail,,,environment=Greenhouse,,,,,95.0,3324,Weekly Grocery Store Specialty Crops Feature Activity,2026-09-26T14:36:16+00:00
f98470f2226d9cee,2016-02-12,"Peppers, Bell Type",ORANGE,each,,,,,No,,,,,,,,1.37,$/each,1.37,per each,Southeast,retail,,,,,,,,1265.0,3324,Weekly Grocery Store Specialty Crops Feature Activity,2026-09-26T14:36:16+00:00
454571cfea176607,2016-02-12,"Peppers, Bell Type",RED,each,,,,,No,,,,,,,,1.66,$/each,1.66,per each,Southeast,retail,,,environment=Greenhouse,,,,,95.0,3324,Weekly Grocery Store Specialty Crops Feature Activity,2026-09-26T14:36:16+00:00
ffed63f6742fcd4e,2016-02-12,"Peppers, Bell Type",RED,each,,,,,No,,,,,,,,1.35,$/each,1.35,per each,Southeast,retail,,,,,,,,1338.0,3324,Weekly Grocery Store Specialty Crops Feature Activity,2026-09-26T14:36:16+00:00
5140edb6b68cdeab,2016-02-12,"Peppers, Bell Type",RED,per lb,,,,,No,,,,,,,,2.86,$/per lb,2.86,per lb,Southeast,retail,,,,,,,,22.0,3324,Weekly Grocery Store Specialty Crops Feature Activity,2026-09-26T14:36:16+00:00
d76038f34da51683,2016-02-12,"Peppers, Bell Type",YELLOW,each,,,,,No,,,,,,,,1.66,$/each,1.66,per each,Southeast,retail,,,environment=Greenhouse,,,,,95.0,3324,Weekly Grocery Store Specialty Crops Feature Activity,2026-09-26T14:36:16+00:00
e857f4f39c303f44,2016-02-12,"Peppers, Bell Type",YELLOW,each,,,,,No,,,,,,,,1.37,$/each,1.37,per each,Southeast,retail,,,,,,,,1280.0,3324,Weekly Grocery Store Specialty Crops Feature Activity,2026-09-26T14:36:16+00:00
6b43c5482ce2e405,2016-02-12,Potatoes,ROUND RED,10 lb bag,,,,,No,,,,,,,,2.99,$/10 lb bag,0.299,per lb,Southeast,retail,,,,,,,,45.0,3324,Weekly Grocery Store Specialty Crops Feature Activity,2026-09-26T14:36:16+00:00
2e8852de7bcf1bf4,2016-02-12,Potatoes,ROUND RED,3 lb bag,,,,,No,,,,,,,,2.5,$/3 lb bag,0.8333,per lb,Southeast,retail,,,,,,,,114.0,3324,Weekly Grocery Store Specialty Crops Feature Activity,2026-09-26T14:36:16+00:00
20816fc2b6d7310a,2016-02-12,Potatoes,ROUND RED,5 lb bag,,,,,No,,,,,,,,2.89,$/5 lb bag,0.578,per lb,Southeast,retail,,,,,,,,224.0,3324,Weekly Grocery Store Specialty Crops Feature Activity,2026-09-26T14:36:16+00:00
93a68de59fa30a28,2016-02-12,Potatoes,ROUND RED,per lb,,,,,No,,,,,,,,1.02,$/per lb,1.02,per lb,Southeast,retail,,,,,,,,432.0,3324,Weekly Grocery Store Specialty Crops Feature Activity,2026-09-26T14:36:16+00:00
4dc160f30cd132b8,2016-02-12,Potatoes,ROUND WHITE,5 lb bag,,,,,No,,,,,,,,1.5,$/5 lb bag,0.3,per lb,Southeast,retail,,,,,,,,22.0,3324,Weekly Grocery Store Specialty Crops Feature Activity,2026-09-26T14:36:16+00:00
049361e6d7c10f99,2016-02-12,Potatoes,RUSSET,10 lb bag,,,,,No,,,,,,,,3.22,$/10 lb bag,0.322,per lb,Southeast,retail,,,,,,,,1035.0,3324,Weekly Grocery Store Specialty Crops Feature Activity,2026-09-26T14:36:16+00:00
40de8826e1621cb4,2016-02-12,Potatoes,RUSSET,3 lb bag,,,,,No,,,,,,,,1.99,$/3 lb bag,0.6633,per lb,Southeast,retail,,,,,,,,120.0,3324,Weekly Grocery Store Specialty Crops Feature Activity,2026-09-26T14:36:16+00:00
f42da5ce3b58ed19,2016-02-12,Potatoes,RUSSET,3 lb bag,,,,,Yes,,,,,,,,1.99,$/3 lb bag,0.6633,per lb,Southeast,retail,,,,,,,,298.0,3324,Weekly Grocery Store Specialty Crops Feature Activity,2026-09-26T14:36:16+00:00
9458247f67a60058,2016-02-12,Potatoes,RUSSET,5 lb bag,,,,,No,,,,,,,,3.21,$/5 lb bag,0.642,per lb,Southeast,retail,,,,,,,,1441.0,3324,Weekly Grocery Store Specialty Crops Feature Activity,2026-09-26T14:36:16+00:00
b7a80332a1e69f07,2016-02-12,Potatoes,RUSSET,8 lb bag,,,,,No,,,,,,,,2.39,$/8 lb bag,0.2988,per lb,Southeast,retail,,,,,,,,54.0,3324,Weekly Grocery Store Specialty Crops Feature Activity,2026-09-26T14:36:16+00:00
cd4e683a36f57e6f,2016-02-12,Potatoes,RUSSET,per lb,,,,,No,,,,,,,,0.81,$/per lb,0.81,per lb,Southeast,retail,,,,,,,,1409.0,3324,Weekly Grocery Store Specialty Crops Feature Activity,2026-09-26T14:36:16+00:00
61f4526ac4471ef5,2016-02-12,Potatoes,YELLOW TYPE,5 lb bag,,,,,No,,,,,,,,2.4,$/5 lb bag,0.48,per lb,Southeast,retail,,,,,,,,868.0,3324,Weekly Grocery Store Specialty Crops Feature Activity,2026-09-26T14:36:16+00:00
150ff52541592506,2016-02-12,Potatoes,YELLOW TYPE,per lb,,,,,No,,,,,,,,0.99,$/per lb,0.99,per lb,Southeast,retail,,,,,,,,218.0,3324,Weekly Grocery Store Specialty Crops Feature Activity,2026-09-26T14:36:16+00:00
37b058848262b133,2016-02-12,Strawberries,,1 lb package,,,,,No,,,,,,,,2.29,$/1 lb package,2.29,per lb,Southeast,retail,,,,,,,,1043.0,3324,Weekly Grocery Store Specialty Crops Feature Activity,2026-09-26T14:36:16+00:00
b3374710dec0fe07,2016-02-12,Tomatoes,,per lb,,,,,No,,,,,,,,1.56,$/per lb,1.56,per lb,Southeast,retail,,,,,,,,41.0,3324,Weekly Grocery Store Specialty Crops Feature Activity,2026-09-26T14:36:16+00:00
97f599a00630f931,2016-02-12,Tomatoes,GRAPE TYPE,1 pint package,,,,,Yes,,,,,,,,2.67,$/1 pint package,,,Southeast,retail,,,,,,,,368.0,3324,Weekly Grocery Store Specialty Crops Feature Activity,2026-09-26T14:36:16+00:00
ff64ddd37389804b,2016-02-12,Tomatoes,GRAPE TYPE,1 pint package,,,,,No,,,,,,,,2.99,$/1 pint package,,,Southeast,retail,,,,,,,,386.0,3324,Weekly Grocery Store Specialty Crops Feature Activity,2026-09-26T14:36:16+00:00
c403994009c9990a,2016-02-12,Tomatoes,GRAPE TYPE,10 oz package,,,,,Yes,,,,,,,,2.49,$/10 oz package,3.984,per lb,Southeast,retail,,,,,,,,12.0,3324,Weekly Grocery Store Specialty Crops Feature Activity,2026-09-26T14:36:16+00:00
1ec093e3a0aab88b,2016-02-12,Tomatoes,Plum Type (Roma),per lb,,,,,No,,,,,,,,1.5,$/per lb,1.5,per lb,Southeast,retail,,,,,,,,509.0,3324,Weekly Grocery Store Specialty Crops Feature Activity,2026-09-26T14:36:16+00:00
943784a1dabc1748,2016-02-12,Tomatoes,Plum Type (Roma),per lb,,,,,Yes,,,,,,,,1.99,$/per lb,1.99,per lb,Southeast,retail,,,,,,,,409.0,3324,Weekly Grocery Store Specialty Crops Feature Activity,2026-09-26T14:36:16+00:00
d2c92cd93284b1fc,2016-02-12,Tomatoes,VINE RIPES,per lb,,,,,No,,,,,,,,2.06,$/per lb,2.06,per lb,Southeast,retail,,,,,,,,34.0,3324,Weekly Grocery Store Specialty Crops Feature Activity,2026-09-26T14:36:16+00:00
7fdf9c1759efe0cc,2016-02-12,Tomatoes,VINE RIPES - ON THE VINE,per lb,,,,,Yes,,,,,,,,3.61,$/per lb,3.61,per lb,Southeast,retail,,,environment=Greenhouse,,,,,153.0,3324,Weekly Grocery Store Specialty Crops Feature Activity,2026-09-26T14:36:16+00:00
cd520d315cbedda4,2016-02-12,Tomatoes,VINE RIPES - ON THE VINE,per lb,,,,,No,,,,,,,,1.71,$/per lb,1.71,per lb,Southeast,retail,,,environment=Greenhouse,,,,,1377.0,3324,Weekly Grocery Store Specialty Crops Feature Activity,2026-09-26T14:36:16+00:00
1b990d204b1f3e97,2016-02-12,Avocados,HASS,each,,,,,Yes,,,,,,,,1.86,$/each,1.86,per each,Southwest,retail,,,,,,,,921.0,3324,Weekly Grocery Store Specialty Crops Feature Activity,2026-09-26T14:36:16+00:00
f75dd4af13f6755c,2016-02-12,Avocados,HASS,each,,,,,No,,,,,,,,1.16,$/each,1.16,per each,Southwest,retail,,,,,,,,1634.0,3324,Weekly Grocery Store Specialty Crops Feature Activity,2026-09-26T14:36:16+00:00
bfb6e3d9f64c0e5c,2016-02-12,Avocados,VARIOUS GREENSKIN VARIETIES,each,,,,,No,,,,,,,,0.31,$/each,0.31,per each,Southwest,retail,,,,,,,,53.0,3324,Weekly Grocery Store Specialty Crops Feature Activity,2026-09-26T14:36:16+00:00
de0317b884bfd014,2016-02-12,Avocados,VARIOUS GREENSKIN VARIETIES,each,,,,,Yes,,,,,,,,1.72,$/each,1.72,per each,Southwest,retail,,,,,,,,25.0,3324,Weekly Grocery Store Specialty Crops Feature Activity,2026-09-26T14:36:16+00:00
5e1fb0e30fdc513a,2016-02-12,Bananas,,per lb,,,,,Yes,,,,,,,,0.79,$/per lb,0.79,per lb,Southwest,retail,,,,,,,,609.0,3324,Weekly Grocery Store Specialty Crops Feature Activity,2026-09-26T14:36:16+00:00
796eaa49fe194cb8,2016-02-12,Bananas,,per lb,,,,,No,,,,,,,,0.57,$/per lb,0.57,per lb,Southwest,retail,,,,,,,,151.0,3324,Weekly Grocery Store Specialty Crops Feature Activity,2026-09-26T14:36:16+00:00
3589e7456b38f57e,2016-02-12,Blueberries,,1 pint package,,,,,No,,,,,,,,3.12,$/1 pint package,,,Southwest,retail,,,,,,,,174.0,3324,Weekly Grocery Store Specialty Crops Feature Activity,2026-09-26T14:36:16+00:00
92bb12e7d61a16a5,2016-02-12,Blueberries,,18 oz package,,,,,No,,,,,,,,3.99,$/18 oz package,3.5467,per lb,Southwest,retail,,,,,,,,437.0,3324,Weekly Grocery Store Specialty Crops Feature Activity,2026-09-26T14:36:16+00:00
00016e709d9e5d91,2016-02-12,Blueberries,,6 oz package,,,,,No,,,,,,,,2.27,$/6 oz package,6.0533,per lb,Southwest,retail,,,,,,,,1195.0,3324,Weekly Grocery Store Specialty Crops Feature Activity,2026-09-26T14:36:16+00:00
d5d8ccb4488d2f78,2016-02-12,Blueberries,,6 oz package,,,,,Yes,,,,,,,,3.59,$/6 oz package,9.5733,per lb,Southwest,retail,,,,,,,,137.0,3324,Weekly Grocery Store Specialty Crops Feature Activity,2026-09-26T14:36:16+00:00
515d4df978ba1535,2016-02-12,Broccoli,,per bunch,,,,,Yes,,,,,,,,3.4,$/per bunch,,,Southwest,retail,,,,,,,,261.0,3324,Weekly Grocery Store Specialty Crops Feature Activity,2026-09-26T14:36:16+00:00
ace04d61bbb7dc1a,2016-02-12,Broccoli,,per lb,,,,,No,,,,,,,,1.01,$/per lb,1.01,per lb,Southwest,retail,,,,,,,,546.0,3324,Weekly Grocery Store Specialty Crops Feature Activity,2026-09-26T14:36:16+00:00
fabe0bce114fca0e,2016-02-12,Broccoli,,per lb,,,,,Yes,,,,,,,,1.49,$/per lb,1.49,per lb,Southwest,retail,,,,,,,,167.0,3324,Weekly Grocery Store Specialty Crops Feature Activity,2026-09-26T14:36:16+00:00
233a2af00f13aeed,2016-02-12,Broccoli,CROWN CUT,per lb,,,,,No,,,,,,,,1.17,$/per lb,1.17,per lb,Southwest,retail,,,,,,,,208.0,3324,Weekly Grocery Store Specialty Crops Feature Activity,2026-09-26T14:36:16+00:00
b81bc849a6c9359e,2016-02-12,Carrots,,per lb,,,,,No,,,,,,,,0.32,$/per lb,0.32,per lb,Southwest,retail,,,,,,,,53.0,3324,Weekly Grocery Store Specialty Crops Feature Activity,2026-09-26T14:36:16+00:00
c4671a7f09261a7c,2016-02-12,Carrots,BABY PEELED,1 lb bag,,,,,No,,,,,,,,0.99,$/1 lb bag,0.99,per lb,Southwest,retail,,,,,,,,14.0,3324,Weekly Grocery Store Specialty Crops Feature Activity,2026-09-26T14:36:16+00:00
ded2aadb911d09fc,2016-02-12,Carrots,BABY PEELED,1 lb bag,,,,,Yes,,,,,,,,1.5,$/1 lb bag,1.5,per lb,Southwest,retail,,,,,,,,75.0,3324,Weekly Grocery Store Specialty Crops Feature Activity,2026-09-26T14:36:16+00:00
1adc5d738916007b,2016-02-12,Carrots,BABY PEELED,2 lb bag,,,,,No,,,,,,,,1.99,$/2 lb bag,0.995,per lb,Southwest,retail,,,,,,,,364.0,3324,Weekly Grocery Store Specialty Crops Feature Activity,2026-09-26T14:36:16+00:00
cd99955765448e38,2016-02-12,Celery,,each,,,,,Yes,,,,,,,,1.69,$/each,1.69,per each,Southwest,retail,,,,,,,,8.0,3324,Weekly Grocery Store Specialty Crops Feature Activity,2026-09-26T14:36:16+00:00
d44a93bb77758b45,2016-02-12,Celery,,each,,,,,No,,,,,,,,1.02,$/each,1.02,per each,Southwest,retail,,,,,,,,148.0,3324,Weekly Grocery Store Specialty Crops Feature Activity,2026-09-26T14:36:16+00:00
6ce06852ad2b8ba5,2016-02-12,Cucumbers,,each,,,,,No,,,,,,,,0.57,$/each,0.57,per each,Southwest,retail,,,,,,,,828.0,3324,Weekly Grocery Store Specialty Crops Feature Activity,2026-09-26T14:36:16+00:00
2d08a3ba6234839e,2016-02-12,Cucumbers,,per lb,,,,,No,,,,,,,,0.79,$/per lb,0.79,per lb,Southwest,retail,,,,,,,,9.0,3324,Weekly Grocery Store Specialty Crops Feature Activity,2026-09-26T14:36:16+00:00
6822018063464320,2016-02-12,Cucumbers,LONG SEEDLESS,each,,,,,No,,,,,,,,1.47,$/each,1.47,per each,Southwest,retail,,,environment=Greenhouse,,,,,456.0,3324,Weekly Grocery Store Specialty Crops Feature Activity,2026-09-26T14:36:16+00:00
b12b7ca4aabc014b,2016-02-12,Grapes,RED SEEDLESS,per lb,,,,,No,,,,,,,,2.69,$/per lb,2.69,per lb,Southwest,retail,,,,,,,,234.0,3324,Weekly Grocery Store Specialty Crops Feature Activity,2026-09-26T14:36:16+00:00
a1c6ee4731a29494,2016-02-12,Grapes,Red Globe Seeded Type,per lb,,,,,No,,,,,,,,1.69,$/per lb,1.69,per lb,Southwest,retail,,,,,,,,6.0,3324,Weekly Grocery Store Specialty Crops Feature Activity,2026-09-26T14:36:16+00:00
13a51c24f90e4e2b,2016-02-12,Grapes,WHITE SEEDLESS TYPE,per lb,,,,,No,,,,,,,,1.96,$/per lb,1.96,per lb,Southwest,retail,,,,,,,,56.0,3324,Weekly Grocery Store Specialty Crops Feature Activity,2026-09-26T14:36:16+00:00
08044b3495cb71b7,2016-02-12,Lemons,,2 lb bag,,,,,Yes,,,,,,,,2.99,$/2 lb bag,1.495,per lb,Southwest,retail,,,,,,,,5.0,3324,Weekly Grocery Store Specialty Crops Feature Activity,2026-09-26T14:36:16+00:00
3f6df57e9c409138,2016-02-12,Lemons,,each,,,,,No,,,,,,,,0.63,$/each,0.63,per each,Southwest,retail,,,,,,,,296.0,3324,Weekly Grocery Store Specialty Crops Feature Activity,2026-09-26T14:36:16+00:00
be675557d4a7d536,2016-02-12,Lemons,,per lb,,,,,No,,,,,,,,0.64,$/per lb,0.64,per lb,Southwest,retail,,,,,,,,36.0,3324,Weekly Grocery Store Specialty Crops Feature Activity,2026-09-26T14:36:16+00:00
41ea2ba327defcda,2016-02-12,Lettuce,Boston,each,,,,,No,,,,,,,,1.85,$/each,1.85,per each,Southwest,retail,,,,,,,,306.0,3324,Weekly Grocery Store Specialty Crops Feature Activity,2026-09-26T14:36:16+00:00
f9bd466e95c9581e,2016-02-12,Lettuce,Boston,each,,,,,Yes,,,,,,,,1.99,$/each,1.99,per each,Southwest,retail,,,,,,,,8.0,3324,Weekly Grocery Store Specialty Crops Feature Activity,2026-09-26T14:36:16+00:00
0be68d4d95d17f9e,2016-02-12,Lettuce,Green Leaf,each,,,,,No,,,,,,,,0.93,$/each,0.93,per each,Southwest,retail,,,,,,,,256.0,3324,Weekly Grocery Store Specialty Crops Feature Activity,2026-09-26T14:36:16+00:00
55e0ae59016789be,2016-02-12,Lettuce,Green Leaf,each,,,,,Yes,,,,,,,,1.29,$/each,1.29,per each,Southwest,retail,,,,,,,,13.0,3324,Weekly Grocery Store Specialty Crops Feature Activity,2026-09-26T14:36:16+00:00
873f48e673d3c77a,2016-02-12,Lettuce,Iceberg,each,,,,,No,,,,,,,,0.79,$/each,0.79,per each,Southwest,retail,,,,,,,,377.0,3324,Weekly Grocery Store Specialty Crops Feature Activity,2026-09-26T14:36:16+00:00
86fe19727e76fd20,2016-02-12,Lettuce,Red Leaf,each,,,,,Yes,,,,,,,,1.29,$/each,1.29,per each,Southwest,retail,,,,,,,,13.0,3324,Weekly Grocery Store Specialty Crops Feature Activity,2026-09-26T14:36:16+00:00
87171ff134292183,2016-02-12,Lettuce,Red Leaf,each,,,,,No,,,,,,,,0.93,$/each,0.93,per each,Southwest,retail,,,,,,,,256.0,3324,Weekly Grocery Store Specialty Crops Feature Activity,2026-09-26T14:36:16+00:00
a0ac31e82f72bbdb,2016-02-12,Lettuce,Romaine,each,,,,,No,,,,,,,,0.93,$/each,0.93,per each,Southwest,retail,,,,,,,,259.0,3324,Weekly Grocery Store Specialty Crops Feature Activity,2026-09-26T14:36:16+00:00
3965c103d6f7618b,2016-02-12,Lettuce,Romaine (Hearts),3 count,,,,,Yes,,,,,,,,3.07,$/3 count,,,Southwest,retail,,,,,,,,27.0,3324,Weekly Grocery Store Specialty Crops Feature Activity,2026-09-26T14:36:16+00:00
ec62cd5accc6e222,2016-02-12,Lettuce,Romaine (Hearts),3 count,,,,,No,,,,,,,,2.0,$/3 count,,,Southwest,retail,,,,,,,,107.0,3324,Weekly Grocery Store Specialty Crops Feature Activity,2026-09-26T14:36:16+00:00
e34f663f09ba0824,2016-02-12,Limes,,each,,,,,No,,,,,,,,0.16,$/each,0.16,per each,Southwest,retail,,,,,,,,18.0,3324,Weekly Grocery Store Specialty Crops Feature Activity,2026-09-26T14:36:16+00:00
f84fa09d0885856a,2016-02-12,Limes,,per lb,,,,,No,,,,,,,,0.51,$/per lb,0.51,per lb,Southwest,retail,,,,,,,,204.0,3324,Weekly Grocery Store Specialty Crops Feature Activity,2026-09-26T14:36:16+00:00
6a00e044603063e1,2016-02-12,"Onions, Dry",RED,3 lb bag,,,,,Yes,,,,,,,,2.99,$/3 lb bag,0.9967,per lb,Southwest,retail,,,,,,,,107.0,3324,Weekly Grocery Store Specialty Crops Feature Activity,2026-09-26T14:36:16+00:00
3e2533eab61f12b6,2016-02-12,"Onions, Dry",RED,per lb,,,,,No,,,,,,,,1.01,$/per lb,1.01,per lb,Southwest,retail,,,,,,,,14.0,3324,Weekly Grocery Store Specialty Crops Feature Activity,2026-09-26T14:36:16+00:00
55a06ea7e406ec67,2016-02-12,"Onions, Dry",YELLOW,3 lb bag,,,,,No,,,,,,,,1.49,$/3 lb bag,0.4967,per lb,Southwest,retail,,,,,,,,17.0,3324,Weekly Grocery Store Specialty Crops Feature Activity,2026-09-26T14:36:16+00:00
7e0406a349fd73d4,2016-02-12,"Onions, Dry",YELLOW,3 lb bag,,,,,Yes,,,,,,,,2.75,$/3 lb bag,0.9167,per lb,Southwest,retail,,,,,,,,9.0,3324,Weekly Grocery Store Specialty Crops Feature Activity,2026-09-26T14:36:16+00:00
a4f407f065a5aee3,2016-02-12,"Onions, Dry",YELLOW,per lb,,,,,No,,,,,,,,0.93,$/per lb,0.93,per lb,Southwest,retail,,,,,,,,139.0,3324,Weekly Grocery Store Specialty Crops Feature Activity,2026-09-26T14:36:16+00:00
d04920563100e785,2016-02-12,"Onions, Dry",YELLOW,per lb,,,,,Yes,,,,,,,,1.2,$/per lb,1.2,per lb,Southwest,retail,,,,,,,,32.0,3324,Weekly Grocery Store Specialty Crops Feature Activity,2026-09-26T14:36:16+00:00
83f27d2459c4dec1,2016-02-12,"Peppers, Bell Type",GREEN,each,,,,,No,,,,,,,,0.7,$/each,0.7,per each,Southwest,retail,,,,,,,,592.0,3324,Weekly Grocery Store Specialty Crops Feature Activity,2026-09-26T14:36:16+00:00
05900653b48f0e95,2016-02-12,"Peppers, Bell Type",GREEN,per lb,,,,,No,,,,,,,,1.34,$/per lb,1.34,per lb,Southwest,retail,,,,,,,,23.0,3324,Weekly Grocery Store Specialty Crops Feature Activity,2026-09-26T14:36:16+00:00
33646df2755c1fc6,2016-02-12,"Peppers, Bell Type",ORANGE,each,,,,,No,,,,,,,,1.5,$/each,1.5,per each,Southwest,retail,,,environment=Greenhouse,,,,,62.0,3324,Weekly Grocery Store Specialty Crops Feature Activity,2026-09-26T14:36:16+00:00
42e3886164861b06,2016-02-12,"Peppers, Bell Type",ORANGE,each,,,,,No,,,,,,,,0.97,$/each,0.97,per each,Southwest,retail,,,,,,,,541.0,3324,Weekly Grocery Store Specialty Crops Feature Activity,2026-09-26T14:36:16+00:00
9604b187ee4a1970,2016-02-12,"Peppers, Bell Type",ORANGE,each,,,,,Yes,,,,,,,,1.99,$/each,1.99,per each,Southwest,retail,,,,,,,,137.0,3324,Weekly Grocery Store Specialty Crops Feature Activity,2026-09-26T14:36:16+00:00
440bb699d2422bcc,2016-02-12,"Peppers, Bell Type",RED,each,,,,,No,,,,,,,,1.5,$/each,1.5,per each,Southwest,retail,,,environment=Greenhouse,,,,,62.0,3324,Weekly Grocery Store Specialty Crops Feature Activity,2026-09-26T14:36:16+00:00
4f61ce9f3604b4e2,2016-02-12,"Peppers, Bell Type",RED,each,,,,,No,,,,,,,,1.02,$/each,1.02,per each,Southwest,retail,,,,,,,,1012.0,3324,Weekly Grocery Store Specialty Crops Feature Activity,2026-09-26T14:36:16+00:00
ae4cbc78c9e6ac9c,2016-02-12,"Peppers, Bell Type",RED,each,,,,,Yes,,,,,,,,1.99,$/each,1.99,per each,Southwest,retail,,,,,,,,137.0,3324,Weekly Grocery Store Specialty Crops Feature Activity,2026-09-26T14:36:16+00:00
2f07376f70c470f3,2016-02-12,"Peppers, Bell Type",RED,per lb,,,,,No,,,,,,,,1.52,$/per lb,1.52,per lb,Southwest,retail,,,,,,,,23.0,3324,Weekly Grocery Store Specialty Crops Feature Activity,2026-09-26T14:36:16+00:00
68e73bdad919cd67,2016-02-12,"Peppers, Bell Type",YELLOW,each,,,,,No,,,,,,,,1.5,$/each,1.5,per each,Southwest,retail,,,environment=Greenhouse,,,,,62.0,3324,Weekly Grocery Store Specialty Crops Feature Activity,2026-09-26T14:36:16+00:00
80e4d4b123b7cdae,2016-02-12,"Peppers, Bell Type",YELLOW,each,,,,,Yes,,,,,,,,1.99,$/each,1.99,per each,Southwest,retail,,,,,,,,137.0,3324,Weekly Grocery Store Specialty Crops Feature Activity,2026-09-26T14:36:16+00:00
867dcc86fbfa32be,2016-02-12,"Peppers, Bell Type",YELLOW,each,,,,,No,,,,,,,,1.03,$/each,1.03,per each,Southwest,retail,,,,,,,,772.0,3324,Weekly Grocery Store Specialty Crops Feature Activity,2026-09-26T14:36:16+00:00
60043cb3a884d7d8,2016-02-12,Potatoes,ROUND RED,per lb,,,,,No,,,,,,,,0.56,$/per lb,0.56,per lb,Southwest,retail,,,,,,,,478.0,3324,Weekly Grocery Store Specialty Crops Feature Activity,2026-09-26T14:36:16+00:00
355c1a037605c77a,2016-02-12,Potatoes,ROUND WHITE,per lb,,,,,No,,,,,,,,0.45,$/per lb,0.45,per lb,Southwest,retail,,,,,,,,18.0,3324,Weekly Grocery Store Specialty Crops Feature Activity,2026-09-26T14:36:16+00:00
3348f402116eb04d,2016-02-12,Potatoes,RUSSET,10 lb bag,,,,,No,,,,,,,,1.75,$/10 lb bag,0.175,per lb,Southwest,retail,,,,,,,,221.0,3324,Weekly Grocery Store Specialty Crops Feature Activity,2026-09-26T14:36:16+00:00
cdaa6e3d3afbb58a,2016-02-12,Potatoes,RUSSET,5 lb bag,,,,,Yes,,,,,,,,2.96,$/5 lb bag,0.592,per lb,Southwest,retail,,,,,,,,140.0,3324,Weekly Grocery Store Specialty Crops Feature Activity,2026-09-26T14:36:16+00:00
f9538a250810b013,2016-02-12,Potatoes,RUSSET,5 lb bag,,,,,No,,,,,,,,1.9,$/5 lb bag,0.38,per lb,Southwest,retail,,,,,,,,183.0,3324,Weekly Grocery Store Specialty Crops Feature Activity,2026-09-26T14:36:16+00:00
2a2d8e0f971fd539,2016-02-12,Potatoes,RUSSET,per lb,,,,,No,,,,,,,,0.57,$/per lb,0.57,per lb,Southwest,retail,,,,,,,,240.0,3324,Weekly Grocery Store Specialty Crops Feature Activity,2026-09-26T14:36:16+00:00
376eb04e2604f299,2016-02-12,Potatoes,YELLOW TYPE,5 lb bag,,,,,Yes,,,,,,,,3.99,$/5 lb bag,0.798,per lb,Southwest,retail,,,,,,,,5.0,3324,Weekly Grocery Store Specialty Crops Feature Activity,2026-09-26T14:36:16+00:00
a033cd2e1786ec32,2016-02-12,Potatoes,YELLOW TYPE,5 lb bag,,,,,No,,,,,,,,1.99,$/5 lb bag,0.398,per lb,Southwest,retail,,,,,,,,17.0,3324,Weekly Grocery Store Specialty Crops Feature Activity,2026-09-26T14:36:16+00:00
6474d116dff51472,2016-02-12,Potatoes,YELLOW TYPE,per lb,,,,,No,,,,,,,,0.61,$/per lb,0.61,per lb,Southwest,retail,,,,,,,,347.0,3324,Weekly Grocery Store Specialty Crops Feature Activity,2026-09-26T14:36:16+00:00
54c7b5ba05018fa6,2016-02-12,Strawberries,,1 lb package,,,,,No,,,,,,,,1.72,$/1 lb package,1.72,per lb,Southwest,retail,,,,,,,,268.0,3324,Weekly Grocery Store Specialty Crops Feature Activity,2026-09-26T14:36:16+00:00
e36a3b4d6d829a73,2016-02-12,Strawberries,,1 lb package,,,,,Yes,,,,,,,,4.99,$/1 lb package,4.99,per lb,Southwest,retail,,,,,,,,9.0,3324,Weekly Grocery Store Specialty Crops Feature Activity,2026-09-26T14:36:16+00:00
34e1efa1c7ccea8b,2016-02-12,Tomatoes,,per lb,,,,,Yes,,,,,,,,1.99,$/per lb,1.99,per lb,Southwest,retail,,,,,,,,5.0,3324,Weekly Grocery Store Specialty Crops Feature Activity,2026-09-26T14:36:16+00:00
4460143bc446caf6,2016-02-12,Tomatoes,,per lb,,,,,No,,,,,,,,1.15,$/per lb,1.15,per lb,Southwest,retail,,,,,,,,25.0,3324,Weekly Grocery Store Specialty Crops Feature Activity,2026-09-26T14:36:16+00:00
feb52430b519b6c8,2016-02-12,Tomatoes,Cherry Type,1 pint package,,,,,No,,,,,,,,2.99,$/1 pint package,,,Southwest,retail,,,,,,,,7.0,3324,Weekly Grocery Store Specialty Crops Feature Activity,2026-09-26T14:36:16+00:00
698b01df4315d0c4,2016-02-12,Tomatoes,GRAPE TYPE,1 pint package,,,,,No,,,,,,,,2.61,$/1 pint package,,,Southwest,retail,,,,,,,,13.0,3324,Weekly Grocery Store Specialty Crops Feature Activity,2026-09-26T14:36:16+00:00
d9cf49c3b3a4fc28,2016-02-12,Tomatoes,GRAPE TYPE,1 pint package,,,,,Yes,,,,,,,,2.99,$/1 pint package,,,Southwest,retail,,,,,,,,167.0,3324,Weekly Grocery Store Specialty Crops Feature Activity,2026-09-26T14:36:16+00:00
41c8e5d80450acd9,2016-02-12,Tomatoes,GRAPE TYPE,10 oz package,,,,,No,,,,,,,,2.13,$/10 oz package,3.408,per lb,Southwest,retail,,,,,,,,334.0,3324,Weekly Grocery Store Specialty Crops Feature Activity,2026-09-26T14:36:16+00:00
2de099719755d335,2016-02-12,Tomatoes,Plum Type (Roma),per lb,,,,,No,,,,,,,,1.56,$/per lb,1.56,per lb,Southwest,retail,,,,,,,,791.0,3324,Weekly Grocery Store Specialty Crops Feature Activity,2026-09-26T14:36:16+00:00
02bcad65d76a685e,2016-02-12,Tomatoes,VINE RIPES,per lb,,,,,No,,,,,,,,2.09,$/per lb,2.09,per lb,Southwest,retail,,,environment=Greenhouse,,,,,152.0,3324,Weekly Grocery Store Specialty Crops Feature Activity,2026-09-26T14:36:16+00:00
7e2d0058129f1704,2016-02-12,Tomatoes,VINE RIPES,per lb,,,,,No,,,,,,,,1.25,$/per lb,1.25,per lb,Southwest,retail,,,,,,,,39.0,3324,Weekly Grocery Store Specialty Crops Feature Activity,2026-09-26T14:36:16+00:00
0e58f70378aa3a22,2016-02-12,Tomatoes,VINE RIPES - ON THE VINE,per lb,,,,,No,,,,,,,,2.69,$/per lb,2.69,per lb,Southwest,retail,,,environment=Greenhouse,,,,,226.0,3324,Weekly Grocery Store Specialty Crops Feature Activity,2026-09-26T14:36:16+00:00
baae508f1abefb04,2016-02-12,Tomatoes,VINE RIPES - ON THE VINE,per lb,,,,,Yes,,,,,,,,2.42,$/per lb,2.42,per lb,Southwest,retail,,,environment=Greenhouse,,,,,268.0,3324,Weekly Grocery Store Specialty Crops Feature Activity,2026-09-26T14:36:16+00:00
308156e8db791194,2016-02-12,Tomatoes,Vine Ripes - Heirloom Varieties,per lb,,,,,Yes,,,,,,,,4.96,$/per lb,4.96,per lb,Southwest,retail,,,,,,,,262.0,3324,Weekly Grocery Store Specialty Crops Feature Activity,2026-09-26T14:36:16+00:00
3eec8392ea9984f8,2016-02-19,Avocados,HASS,each,,,,,No,,,,,,,,1.5,$/each,1.5,per each,Alaska,retail,,,,,,,,13.0,3324,Weekly Grocery Store Specialty Crops Feature Activity,2026-09-26T14:36:16+00:00
ec883beb79926815,2016-02-19,Blueberries,,18 oz package,,,,,No,,,,,,,,6.99,$/18 oz package,6.2133,per lb,Alaska,retail,,,,,,,,9.0,3324,Weekly Grocery Store Specialty Crops Feature Activity,2026-09-26T14:36:16+00:00
eeecb99e4e968ab8,2016-02-19,Broccoli,,per lb,,,,,No,,,,,,,,1.11,$/per lb,1.11,per lb,Alaska,retail,,,,,,,,4.0,3324,Weekly Grocery Store Specialty Crops Feature Activity,2026-09-26T14:36:16+00:00
47082e0216e84596,2016-02-19,Broccoli,CROWN CUT,per lb,,,,,No,,,,,,,,2.3,$/per lb,2.3,per lb,Alaska,retail,,,,,,,,50.0,3324,Weekly Grocery Store Specialty Crops Feature Activity,2026-09-26T14:36:16+00:00
70a22eaa5535b116,2016-02-19,Carrots,,2 lb bag,,,,,No,,,,,,,,1.5,$/2 lb bag,0.75,per lb,Alaska,retail,,,,,,,,2.0,3324,Weekly Grocery Store Specialty Crops Feature Activity,2026-09-26T14:36:16+00:00
8e0d26a8312a64ee,2016-02-19,Carrots,BABY PEELED,1 lb bag,,,,,No,,,,,,,,1.0,$/1 lb bag,1.0,per lb,Alaska,retail,,,,,,,,1.0,3324,Weekly Grocery Store Specialty Crops Feature Activity,2026-09-26T14:36:16+00:00
ca21ab1d86e429e2,2016-02-19,Carrots,BABY PEELED,1 lb bag,,,,,Yes,,,,,,,,1.5,$/1 lb bag,1.5,per lb,Alaska,retail,,,,,,,,11.0,3324,Weekly Grocery Store Specialty Crops Feature Activity,2026-09-26T14:36:16+00:00
a13f34ef37260b6e,2016-02-19,Celery,,each,,,,,No,,,,,,,,2.25,$/each,2.25,per each,Alaska,retail,,,,,,,,2.0,3324,Weekly Grocery Store Specialty Crops Feature Activity,2026-09-26T14:36:16+00:00
e3f18da28439c800,2016-02-19,Celery,,per lb,,,,,Yes,,,,,,,,0.98,$/per lb,0.98,per lb,Alaska,retail,,,,,,,,3.0,3324,Weekly Grocery Store Specialty Crops Feature Activity,2026-09-26T14:36:16+00:00
016dc2bd75e858c7,2016-02-19,Celery,HEARTS,each,,,,,Yes,,,,,,,,2.99,$/each,2.99,per each,Alaska,retail,,,,,,,,27.0,3324,Weekly Grocery Store Specialty Crops Feature Activity,2026-09-26T14:36:16+00:00
bc6b851630d108c7,2016-02-19,Cucumbers,,each,,,,,No,,,,,,,,1.25,$/each,1.25,per each,Alaska,retail,,,,,,,,27.0,3324,Weekly Grocery Store Specialty Crops Feature Activity,2026-09-26T14:36:16+00:00
c2bbfdb2f06d7d7c,2016-02-19,Cucumbers,LONG SEEDLESS,each,,,,,No,,,,,,,,1.99,$/each,1.99,per each,Alaska,retail,,,environment=Greenhouse,,,,,1.0,3324,Weekly Grocery Store Specialty Crops Feature Activity,2026-09-26T14:36:16+00:00
22078ff5b8470811,2016-02-19,Grapes,RED SEEDLESS,per lb,,,,,No,,,,,,,,3.99,$/per lb,3.99,per lb,Alaska,retail,,,,,,,,27.0,3324,Weekly Grocery Store Specialty Crops Feature Activity,2026-09-26T14:36:16+00:00
9c638408f4053046,2016-02-19,Grapes,WHITE SEEDLESS TYPE,per lb,,,,,No,,,,,,,,3.99,$/per lb,3.99,per lb,Alaska,retail,,,,,,,,27.0,3324,Weekly Grocery Store Specialty Crops Feature Activity,2026-09-26T14:36:16+00:00
8b78af054daaf79e,2016-02-19,Lemons,,each,,,,,No,,,,,,,,0.63,$/each,0.63,per each,Alaska,retail,,,,,,,,4.0,3324,Weekly Grocery Store Specialty Crops Feature Activity,2026-09-26T14:36:16+00:00
3ebca82130813d21,2016-02-19,Lettuce,Green Leaf,each,,,,,Yes,,,,,,,,2.2,$/each,2.2,per each,Alaska,retail,,,,,,,,2.0,3324,Weekly Grocery Store Specialty Crops Feature Activity,2026-09-26T14:36:16+00:00
64dbd62d8753ec2a,2016-02-19,Lettuce,Green Leaf,each,,,,,No,,,,,,,,2.99,$/each,2.99,per each,Alaska,retail,,,,,,,,28.0,3324,Weekly Grocery Store Specialty Crops Feature Activity,2026-09-26T14:36:16+00:00
016f0e1237c86dc3,2016-02-19,Lettuce,Iceberg,each,,,,,No,,,,,,,,1.25,$/each,1.25,per each,Alaska,retail,,,,,,,,2.0,3324,Weekly Grocery Store Specialty Crops Feature Activity,2026-09-26T14:36:16+00:00
758085263faf3b55,2016-02-19,Lettuce,Red Leaf,each,,,,,No,,,,,,,,2.99,$/each,2.99,per each,Alaska,retail,,,,,,,,28.0,3324,Weekly Grocery Store Specialty Crops Feature Activity,2026-09-26T14:36:16+00:00
a93e034fe0af00ed,2016-02-19,Lettuce,Red Leaf,each,,,,,Yes,,,,,,,,2.2,$/each,2.2,per each,Alaska,retail,,,,,,,,2.0,3324,Weekly Grocery Store Specialty Crops Feature Activity,2026-09-26T14:36:16+00:00
c35bad3e5b985fd3,2016-02-19,Lettuce,Romaine,each,,,,,No,,,,,,,,2.87,$/each,2.87,per each,Alaska,retail,,,,,,,,31.0,3324,Weekly Grocery Store Specialty Crops Feature Activity,2026-09-26T14:36:16+00:00
eadbc17769fe0b5c,2016-02-19,Lettuce,Romaine (Hearts),3 count,,,,,Yes,,,,,,,,3.99,$/3 count,,,Alaska,retail,,,,,,,,27.0,3324,Weekly Grocery Store Specialty Crops Feature Activity,2026-09-26T14:36:16+00:00
a866370c98ca0c8b,2016-02-19,Limes,,each,,,,,No,,,,,,,,0.5,$/each,0.5,per each,Alaska,retail,,,,,,,,29.0,3324,Weekly Grocery Store Specialty Crops Feature Activity,2026-09-26T14:36:16+00:00
62ed9be30d0c4c46,2016-02-19,"Onions, Dry",YELLOW MARKED SWEET,per lb,,,,,No,,,,,,,,1.82,$/per lb,1.82,per lb,Alaska,retail,,,,,,,,42.0,3324,Weekly Grocery Store Specialty Crops Feature Activity,2026-09-26T14:36:16+00:00
c54d6da3e32db321,2016-02-19,"Peppers, Bell Type",GREEN,each,,,,,No,,,,,,,,1.25,$/each,1.25,per each,Alaska,retail,,,,,,,,27.0,3324,Weekly Grocery Store Specialty Crops Feature Activity,2026-09-26T14:36:16+00:00
572394e815abc79f,2016-02-19,"Peppers, Bell Type",ORANGE,per lb,,,,,No,,,,,,,,3.5,$/per lb,3.5,per lb,Alaska,retail,,,,,,,,2.0,3324,Weekly Grocery Store Specialty Crops Feature Activity,2026-09-26T14:36:16+00:00
34291743afc85525,2016-02-19,"Peppers, Bell Type",RED,per lb,,,,,No,,,,,,,,3.5,$/per lb,3.5,per lb,Alaska,retail,,,,,,,,2.0,3324,Weekly Grocery Store Specialty Crops Feature Activity,2026-09-26T14:36:16+00:00
d558c3875b41efc7,2016-02-19,"Peppers, Bell Type",YELLOW,per lb,,,,,No,,,,,,,,3.5,$/per lb,3.5,per lb,Alaska,retail,,,,,,,,2.0,3324,Weekly Grocery Store Specialty Crops Feature Activity,2026-09-26T14:36:16+00:00
05617e31343edef1,2016-02-19,Potatoes,RUSSET,3 lb bag,,,,,Yes,,,,,,,,2.49,$/3 lb bag,0.83,per lb,Alaska,retail,,,,,,,,11.0,3324,Weekly Grocery Store Specialty Crops Feature Activity,2026-09-26T14:36:16+00:00
136586138b82234a,2016-02-19,Potatoes,RUSSET,per lb,,,,,No,,,,,,,,0.99,$/per lb,0.99,per lb,Alaska,retail,,,,,,,,27.0,3324,Weekly Grocery Store Specialty Crops Feature Activity,2026-09-26T14:36:16+00:00
16063359b8aff4c5,2016-02-19,Tomatoes,GRAPE TYPE,1 pint package,,,,,Yes,,,,,,,,3.68,$/1 pint package,,,Alaska,retail,,,,,,,,3.0,3324,Weekly Grocery Store Specialty Crops Feature Activity,2026-09-26T14:36:16+00:00
f9611d9fcae7d365,2016-02-19,Tomatoes,Plum Type (Roma),per lb,,,,,No,,,,,,,,2.05,$/per lb,2.05,per lb,Alaska,retail,,,,,,,,71.0,3324,Weekly Grocery Store Specialty Crops Feature Activity,2026-09-26T14:36:16+00:00
8a8e3b761344f710,2016-02-19,Tomatoes,VINE RIPES - ON THE VINE,per lb,,,,,No,,,,,,,,2.99,$/per lb,2.99,per lb,Alaska,retail,,,environment=Greenhouse,,,,,1.0,3324,Weekly Grocery Store Specialty Crops Feature Activity,2026-09-26T14:36:16+00:00
5bb094e46c4c20a3,2016-02-19,Avocados,HASS,each,,,,,No,,,,,,,,1.5,$/each,1.5,per each,Hawaii,retail,,,,,,,,31.0,3324,Weekly Grocery Store Specialty Crops Feature Activity,2026-09-26T14:36:16+00:00
c431db19436ab957,2016-02-19,Avocados,HASS,each,,,,,Yes,,,,,,,,3.0,$/each,3.0,per each,Hawaii,retail,,,,,,,,27.0,3324,Weekly Grocery Store Specialty Crops Feature Activity,2026-09-26T14:36:16+00:00
eea517fdac08d51b,2016-02-19,Bananas,,per lb,,,,,No,,,,,,,,0.98,$/per lb,0.98,per lb,Hawaii,retail,,,,,,,,3.0,3324,Weekly Grocery Store Specialty Crops Feature Activity,2026-09-26T14:36:16+00:00
97238cc032f48919,2016-02-19,Blueberries,,6 oz package,,,,,No,,,,,,,,2.5,$/6 oz package,6.6667,per lb,Hawaii,retail,,,,,,,,3.0,3324,Weekly Grocery Store Specialty Crops Feature Activity,2026-09-26T14:36:16+00:00
cfdf599164cb6bf6,2016-02-19,Broccoli,CROWN CUT,per lb,,,,,No,,,,,,,,2.61,$/per lb,2.61,per lb,Hawaii,retail,,,,,,,,27.0,3324,Weekly Grocery Store Specialty Crops Feature Activity,2026-09-26T14:36:16+00:00
6e630b0a22ab5eda,2016-02-19,Carrots,,1 lb bag,,,,,No,,,,,,,,1.39,$/1 lb bag,1.39,per lb,Hawaii,retail,,,,,,,,24.0,3324,Weekly Grocery Store Specialty Crops Feature Activity,2026-09-26T14:36:16+00:00
64376d69694c157f,2016-02-19,Carrots,,2 lb bag,,,,,No,,,,,,,,1.98,$/2 lb bag,0.99,per lb,Hawaii,retail,,,,,,,,3.0,3324,Weekly Grocery Store Specialty Crops Feature Activity,2026-09-26T14:36:16+00:00
68c713ba42c9c036,2016-02-19,Celery,,per lb,,,,,No,,,,,,,,1.99,$/per lb,1.99,per lb,Hawaii,retail,,,,,,,,3.0,3324,Weekly Grocery Store Specialty Crops Feature Activity,2026-09-26T14:36:16+00:00
d2090b798baf218f,2016-02-19,Cucumbers,,per lb,,,,,No,,,,,,,,1.97,$/per lb,1.97,per lb,Hawaii,retail,,,,,,,,37.0,3324,Weekly Grocery Store Specialty Crops Feature Activity,2026-09-26T14:36:16+00:00
5dcd6adeda42696e,2016-02-19,Cucumbers,LONG SEEDLESS,per lb,,,,,No,,,,,,,,1.99,$/per lb,1.99,per lb,Hawaii,retail,,,environment=Greenhouse,,,,,34.0,3324,Weekly Grocery Store Specialty Crops Feature Activity,2026-09-26T14:36:16+00:00
b7e3949cee2dba4c,2016-02-19,Grapes,RED SEEDLESS,per lb,,,,,No,,,,,,,,3.89,$/per lb,3.89,per lb,Hawaii,retail,,,,,,,,24.0,3324,Weekly Grocery Store Specialty Crops Feature Activity,2026-09-26T14:36:16+00:00
3629e04311d0a9a6,2016-02-19,Grapes,WHITE SEEDLESS TYPE,per lb,,,,,No,,,,,,,,3.9,$/per lb,3.9,per lb,Hawaii,retail,,,,,,,,27.0,3324,Weekly Grocery Store Specialty Crops Feature Activity,2026-09-26T14:36:16+00:00
ec66d2d73983aa03,2016-02-19,Lettuce,Iceberg,per lb,,,,,No,,,,,,,,1.91,$/per lb,1.91,per lb,Hawaii,retail,,,,,,,,58.0,3324,Weekly Grocery Store Specialty Crops Feature Activity,2026-09-26T14:36:16+00:00
7356387ec1fa03b6,2016-02-19,Lettuce,Romaine,per lb,,,,,No,,,,,,,,2.99,$/per lb,2.99,per lb,Hawaii,retail,,,,,,,,3.0,3324,Weekly Grocery Store Specialty Crops Feature Activity,2026-09-26T14:36:16+00:00
1a6ffc7f22bde193,2016-02-19,"Onions, Dry",RED,per lb,,,,,No,,,,,,,,1.89,$/per lb,1.89,per lb,Hawaii,retail,,,,,,,,24.0,3324,Weekly Grocery Store Specialty Crops Feature Activity,2026-09-26T14:36:16+00:00
94c5a273965ff8c5,2016-02-19,"Onions, Dry",YELLOW,per lb,,,,,No,,,,,,,,1.69,$/per lb,1.69,per lb,Hawaii,retail,,,,,,,,3.0,3324,Weekly Grocery Store Specialty Crops Feature Activity,2026-09-26T14:36:16+00:00
166e3552317037fb,2016-02-19,"Onions, Dry",YELLOW MARKED SWEET,per lb,,,,,No,,,,,,,,2.81,$/per lb,2.81,per lb,Hawaii,retail,,,,,,,,58.0,3324,Weekly Grocery Store Specialty Crops Feature Activity,2026-09-26T14:36:16+00:00
72ae53e6b2e8812b,2016-02-19,"Peppers, Bell Type",GREEN,per lb,,,,,No,,,,,,,,2.61,$/per lb,2.61,per lb,Hawaii,retail,,,,,,,,54.0,3324,Weekly Grocery Store Specialty Crops Feature Activity,2026-09-26T14:36:16+00:00
2514bfd3361901b2,2016-02-19,Potatoes,ROUND RED,per lb,,,,,No,,,,,,,,1.39,$/per lb,1.39,per lb,Hawaii,retail,,,,,,,,24.0,3324,Weekly Grocery Store Specialty Crops Feature Activity,2026-09-26T14:36:16+00:00
063985eab79a925b,2016-02-19,Potatoes,RUSSET,5 lb bag,,,,,No,,,,,,,,1.98,$/5 lb bag,0.396,per lb,Hawaii,retail,,,,,,,,3.0,3324,Weekly Grocery Store Specialty Crops Feature Activity,2026-09-26T14:36:16+00:00
6f3cdb10c96d56a0,2016-02-19,Potatoes,YELLOW TYPE,per lb,,,,,No,,,,,,,,1.39,$/per lb,1.39,per lb,Hawaii,retail,,,,,,,,24.0,3324,Weekly Grocery Store Specialty Crops Feature Activity,2026-09-26T14:36:16+00:00
713aad5394ad57a2,2016-02-19,Tomatoes,,per lb,,,,,No,,,,,,,,2.59,$/per lb,2.59,per lb,Hawaii,retail,,,,,,,,34.0,3324,Weekly Grocery Store Specialty Crops Feature Activity,2026-09-26T14:36:16+00:00
a7b86c8c410d9435,2016-02-19,Tomatoes,VINE RIPES - ON THE VINE,per lb,,,,,No,,,,,,,,2.63,$/per lb,2.63,per lb,Hawaii,retail,,,environment=Greenhouse,,,,,27.0,3324,Weekly Grocery Store Specialty Crops Feature Activity,2026-09-26T14:36:16+00:00
f4ae6d5a62f74d11,2016-02-19,Tomatoes,Vine Ripes - Heirloom Varieties,per lb,,,,,Yes,,,,,,,,5.99,$/per lb,5.99,per lb,Hawaii,retail,,,,,,,,27.0,3324,Weekly Grocery Store Specialty Crops Feature Activity,2026-09-26T14:36:16+00:00
37d02b22174af9ca,2016-02-19,Avocados,HASS,each,,,,,Yes,,,,,,,,1.02,$/each,1.02,per each,Midwest,retail,,,,,,,,19.0,3324,Weekly Grocery Store Specialty Crops Feature Activity,2026-09-26T14:36:16+00:00
762ff91486f50027,2016-02-19,Avocados,HASS,each,,,,,No,,,,,,,,1.11,$/each,1.11,per each,Midwest,retail,,,,,,,,1382.0,3324,Weekly Grocery Store Specialty Crops Feature Activity,2026-09-26T14:36:16+00:00
a4b290df2778c7ed,2016-02-19,Avocados,VARIOUS GREENSKIN VARIETIES,each,,,,,No,,,,,,,,1.06,$/each,1.06,per each,Midwest,retail,,,,,,,,133.0,3324,Weekly Grocery Store Specialty Crops Feature Activity,2026-09-26T14:36:16+00:00
0fbd4c44f83983d1,2016-02-19,Avocados,VARIOUS GREENSKIN VARIETIES,per lb,,,,,No,,,,,,,,0.99,$/per lb,0.99,per lb,Midwest,retail,,,,,,,,5.0,3324,Weekly Grocery Store Specialty Crops Feature Activity,2026-09-26T14:36:16+00:00
2c863ef3fd5f6c8d,2016-02-19,Bananas,,per lb,,,,,Yes,,,,,,,,0.69,$/per lb,0.69,per lb,Midwest,retail,,,,,,,,469.0,3324,Weekly Grocery Store Specialty Crops Feature Activity,2026-09-26T14:36:16+00:00
7fc7ae89555617e6,2016-02-19,Bananas,,per lb,,,,,No,,,,,,,,0.44,$/per lb,0.44,per lb,Midwest,retail,,,,,,,,388.0,3324,Weekly Grocery Store Specialty Crops Feature Activity,2026-09-26T14:36:16+00:00
8773016ed3635e98,2016-02-19,Blueberries,,1 pint package,,,,,No,,,,,,,,3.11,$/1 pint package,,,Midwest,retail,,,,,,,,505.0,3324,Weekly Grocery Store Specialty Crops Feature Activity,2026-09-26T14:36:16+00:00
08550b0c21d2edd4,2016-02-19,Blueberries,,18 oz package,,,,,No,,,,,,,,3.49,$/18 oz package,3.1022,per lb,Midwest,retail,,,,,,,,206.0,3324,Weekly Grocery Store Specialty Crops Feature Activity,2026-09-26T14:36:16+00:00
17339a856be03a3c,2016-02-19,Blueberries,,6 oz package,,,,,No,,,,,,,,2.47,$/6 oz package,6.5867,per lb,Midwest,retail,,,,,,,,70.0,3324,Weekly Grocery Store Specialty Crops Feature Activity,2026-09-26T14:36:16+00:00
22f712e8552c35c2,2016-02-19,Blueberries,,6 oz package,,,,,Yes,,,,,,,,4.06,$/6 oz package,10.8267,per lb,Midwest,retail,,,,,,,,33.0,3324,Weekly Grocery Store Specialty Crops Feature Activity,2026-09-26T14:36:16+00:00
74c1d3fc3c063bd2,2016-02-19,Broccoli,,per bunch,,,,,No,,,,,,,,1.84,$/per bunch,,,Midwest,retail,,,,,,,,384.0,3324,Weekly Grocery Store Specialty Crops Feature Activity,2026-09-26T14:36:16+00:00
79429e1c1b56bf36,2016-02-19,Broccoli,,per bunch,,,,,Yes,,,,,,,,3.24,$/per bunch,,,Midwest,retail,,,,,,,,87.0,3324,Weekly Grocery Store Specialty Crops Feature Activity,2026-09-26T14:36:16+00:00
08bcfa0437ff0e80,2016-02-19,Broccoli,,per lb,,,,,No,,,,,,,,0.99,$/per lb,0.99,per lb,Midwest,retail,,,,,,,,256.0,3324,Weekly Grocery Store Specialty Crops Feature Activity,2026-09-26T14:36:16+00:00
610d7d812fe62867,2016-02-19,Broccoli,,per lb,,,,,Yes,,,,,,,,1.72,$/per lb,1.72,per lb,Midwest,retail,,,,,,,,51.0,3324,Weekly Grocery Store Specialty Crops Feature Activity,2026-09-26T14:36:16+00:00
80bd8256975a5a7a,2016-02-19,Broccoli,BABY HYBRID TYPE,per bunch,,,,,Yes,,,,,,,,1.99,$/per bunch,,,Midwest,retail,,,,,,,,7.0,3324,Weekly Grocery Store Specialty Crops Feature Activity,2026-09-26T14:36:16+00:00
a6b5e649181cd712,2016-02-19,Broccoli,CROWN CUT,per lb,,,,,No,,,,,,,,1.28,$/per lb,1.28,per lb,Midwest,retail,,,,,,,,814.0,3324,Weekly Grocery Store Specialty Crops Feature Activity,2026-09-26T14:36:16+00:00
189a73b0461bd821,2016-02-19,Carrots,,1 lb bag,,,,,No,,,,,,,,0.6,$/1 lb bag,0.6,per lb,Midwest,retail,,,,,,,,33.0,3324,Weekly Grocery Store Specialty Crops Feature Activity,2026-09-26T14:36:16+00:00
2751117926953de4,2016-02-19,Carrots,,2 lb bag,,,,,No,,,,,,,,1.4,$/2 lb bag,0.7,per lb,Midwest,retail,,,,,,,,199.0,3324,Weekly Grocery Store Specialty Crops Feature Activity,2026-09-26T14:36:16+00:00
adcbbabddce6908b,2016-02-19,Carrots,,2 lb bag,,,,,Yes,,,,,,,,1.6,$/2 lb bag,0.8,per lb,Midwest,retail,,,,,,,,133.0,3324,Weekly Grocery Store Specialty Crops Feature Activity,2026-09-26T14:36:16+00:00
1d90b548c235eb00,2016-02-19,Carrots,,per bunch,,,,,Yes,,,,,,,,2.0,$/per bunch,,,Midwest,retail,,,,,,,,12.0,3324,Weekly Grocery Store Specialty Crops Feature Activity,2026-09-26T14:36:16+00:00
34c6324636388634,2016-02-19,Carrots,BABY PEELED,1 lb bag,,,,,No,,,,,,,,1.35,$/1 lb bag,1.35,per lb,Midwest,retail,,,,,,,,555.0,3324,Weekly Grocery Store Specialty Crops Feature Activity,2026-09-26T14:36:16+00:00
789057fb71f7564e,2016-02-19,Carrots,BABY PEELED,1 lb bag,,,,,Yes,,,,,,,,1.35,$/1 lb bag,1.35,per lb,Midwest,retail,,,,,,,,709.0,3324,Weekly Grocery Store Specialty Crops Feature Activity,2026-09-26T14:36:16+00:00
49369005794972bd,2016-02-19,Carrots,BABY PEELED,2 lb bag,,,,,No,,,,,,,,2.09,$/2 lb bag,1.045,per lb,Midwest,retail,,,,,,,,401.0,3324,Weekly Grocery Store Specialty Crops Feature Activity,2026-09-26T14:36:16+00:00
522a5b664f957d42,2016-02-19,Carrots,BABY PEELED,2 lb bag,,,,,Yes,,,,,,,,2.99,$/2 lb bag,1.495,per lb,Midwest,retail,,,,,,,,12.0,3324,Weekly Grocery Store Specialty Crops Feature Activity,2026-09-26T14:36:16+00:00
8b12ca0264bedee5,2016-02-19,Celery,,each,,,,,No,,,,,,,,1.56,$/each,1.56,per each,Midwest,retail,,,,,,,,152.0,3324,Weekly Grocery Store Specialty Crops Feature Activity,2026-09-26T14:36:16+00:00
8827a9c74d6b101a,2016-02-19,Celery,,per lb,,,,,No,,,,,,,,0.59,$/per lb,0.59,per lb,Midwest,retail,,,,,,,,5.0,3324,Weekly Grocery Store Specialty Crops Feature Activity,2026-09-26T14:36:16+00:00
bcad728319c29d0a,2016-02-19,Cucumbers,,each,,,,,No,,,,,,,,0.65,$/each,0.65,per each,Midwest,retail,,,,,,,,510.0,3324,Weekly Grocery Store Specialty Crops Feature Activity,2026-09-26T14:36:16+00:00
6b5f9e1eefdcc2b0,2016-02-19,Cucumbers,,per lb,,,,,No,,,,,,,,0.5,$/per lb,0.5,per lb,Midwest,retail,,,,,,,,13.0,3324,Weekly Grocery Store Specialty Crops Feature Activity,2026-09-26T14:36:16+00:00
f52676de01d6ad56,2016-02-19,Cucumbers,LONG SEEDLESS,each,,,,,No,,,,,,,,1.65,$/each,1.65,per each,Midwest,retail,,,environment=Greenhouse,,,,,143.0,3324,Weekly Grocery Store Specialty Crops Feature Activity,2026-09-26T14:36:16+00:00
2c7f38f5ffae595d,2016-02-19,Grapes,BLACK SEEDLESS,per lb,,,,,No,,,,,,,,2.04,$/per lb,2.04,per lb,Midwest,retail,,,,,,,,113.0,3324,Weekly Grocery Store Specialty Crops Feature Activity,2026-09-26T14:36:16+00:00
bfc27d1edd257dfc,2016-02-19,Grapes,RED SEEDLESS,per lb,,,,,No,,,,,,,,2.41,$/per lb,2.41,per lb,Midwest,retail,,,,,,,,1525.0,3324,Weekly Grocery Store Specialty Crops Feature Activity,2026-09-26T14:36:16+00:00
a1a35ec0c9de0d19,2016-02-19,Grapes,Red Globe Seeded Type,per lb,,,,,No,,,,,,,,2.29,$/per lb,2.29,per lb,Midwest,retail,,,,,,,,350.0,3324,Weekly Grocery Store Specialty Crops Feature Activity,2026-09-26T14:36:16+00:00
683f8dd39476b8ef,2016-02-19,Grapes,WHITE SEEDLESS TYPE,per lb,,,,,No,,,,,,,,2.4,$/per lb,2.4,per lb,Midwest,retail,,,,,,,,883.0,3324,Weekly Grocery Store Specialty Crops Feature Activity,2026-09-26T14:36:16+00:00
ba0380c5279170b6,2016-02-19,Lemons,,2 lb bag,,,,,Yes,,,,,,,,2.98,$/2 lb bag,1.49,per lb,Midwest,retail,,,,,,,,392.0,3324,Weekly Grocery Store Specialty Crops Feature Activity,2026-09-26T14:36:16+00:00
e68ef36aa3bb42b8,2016-02-19,Lemons,,2 lb bag,,,,,No,,,,,,,,2.99,$/2 lb bag,1.495,per lb,Midwest,retail,,,,,,,,1071.0,3324,Weekly Grocery Store Specialty Crops Feature Activity,2026-09-26T14:36:16+00:00
6d0f442831ecfbd5,2016-02-19,Lemons,,each,,,,,No,,,,,,,,0.66,$/each,0.66,per each,Midwest,retail,,,,,,,,526.0,3324,Weekly Grocery Store Specialty Crops Feature Activity,2026-09-26T14:36:16+00:00
ebde85a0356b3724,2016-02-19,Lemons,,each,,,,,Yes,,,,,,,,1.0,$/each,1.0,per each,Midwest,retail,,,,,,,,32.0,3324,Weekly Grocery Store Specialty Crops Feature Activity,2026-09-26T14:36:16+00:00
74d93088519a3cfc,2016-02-19,Lemons,,per lb,,,,,Yes,,,,,,,,1.99,$/per lb,1.99,per lb,Midwest,retail,,,,,,,,7.0,3324,Weekly Grocery Store Specialty Crops Feature Activity,2026-09-26T14:36:16+00:00
80f05b65db07f129,2016-02-19,Lemons,,per lb,,,,,No,,,,,,,,0.99,$/per lb,0.99,per lb,Midwest,retail,,,,,,,,8.0,3324,Weekly Grocery Store Specialty Crops Feature Activity,2026-09-26T14:36:16+00:00
9279324c315a1cdb,2016-02-19,Lettuce,Boston,per lb,,,,,Yes,,,,,,,,1.99,$/per lb,1.99,per lb,Midwest,retail,,,,,,,,12.0,3324,Weekly Grocery Store Specialty Crops Feature Activity,2026-09-26T14:36:16+00:00
8650f540fd183e21,2016-02-19,Lettuce,Green Leaf,each,,,,,No,,,,,,,,1.02,$/each,1.02,per each,Midwest,retail,,,,,,,,26.0,3324,Weekly Grocery Store Specialty Crops Feature Activity,2026-09-26T14:36:16+00:00
6f3e02940fa1f4f1,2016-02-19,Lettuce,Green Leaf,per lb,,,,,No,,,,,,,,1.48,$/per lb,1.48,per lb,Midwest,retail,,,,,,,,164.0,3324,Weekly Grocery Store Specialty Crops Feature Activity,2026-09-26T14:36:16+00:00
c683d2cc178a2a9f,2016-02-19,Lettuce,Iceberg,each,,,,,No,,,,,,,,0.98,$/each,0.98,per each,Midwest,retail,,,,,,,,474.0,3324,Weekly Grocery Store Specialty Crops Feature Activity,2026-09-26T14:36:16+00:00
1c55148a33f59bb3,2016-02-19,Lettuce,Red Leaf,each,,,,,No,,,,,,,,1.02,$/each,1.02,per each,Midwest,retail,,,,,,,,26.0,3324,Weekly Grocery Store Specialty Crops Feature Activity,2026-09-26T14:36:16+00:00
00a1a45647e3c14c,2016-02-19,Lettuce,Red Leaf,per lb,,,,,No,,,,,,,,1.48,$/per lb,1.48,per lb,Midwest,retail,,,,,,,,164.0,3324,Weekly Grocery Store Specialty Crops Feature Activity,2026-09-26T14:36:16+00:00
7dd19a85f9667fda,2016-02-19,Lettuce,Romaine,each,,,,,No,,,,,,,,0.93,$/each,0.93,per each,Midwest,retail,,,,,,,,48.0,3324,Weekly Grocery Store Specialty Crops Feature Activity,2026-09-26T14:36:16+00:00
8e393d6904b04452,2016-02-19,Lettuce,Romaine,per lb,,,,,No,,,,,,,,1.19,$/per lb,1.19,per lb,Midwest,retail,,,,,,,,32.0,3324,Weekly Grocery Store Specialty Crops Feature Activity,2026-09-26T14:36:16+00:00
ec073170126bbcfd,2016-02-19,Lettuce,Romaine,per lb,,,,,Yes,,,,,,,,1.29,$/per lb,1.29,per lb,Midwest,retail,,,,,,,,7.0,3324,Weekly Grocery Store Specialty Crops Feature Activity,2026-09-26T14:36:16+00:00
737933efe51ec3f6,2016-02-19,Lettuce,Romaine (Hearts),3 count,,,,,Yes,,,,,,,,2.65,$/3 count,,,Midwest,retail,,,,,,,,72.0,3324,Weekly Grocery Store Specialty Crops Feature Activity,2026-09-26T14:36:16+00:00
8089d091fef23288,2016-02-19,Lettuce,Romaine (Hearts),3 count,,,,,No,,,,,,,,2.31,$/3 count,,,Midwest,retail,,,,,,,,107.0,3324,Weekly Grocery Store Specialty Crops Feature Activity,2026-09-26T14:36:16+00:00
f6d623b60e14def9,2016-02-19,Limes,,each,,,,,No,,,,,,,,0.26,$/each,0.26,per each,Midwest,retail,,,,,,,,153.0,3324,Weekly Grocery Store Specialty Crops Feature Activity,2026-09-26T14:36:16+00:00
95f856d4b0c3d7b3,2016-02-19,Limes,,per lb,,,,,Yes,,,,,,,,1.99,$/per lb,1.99,per lb,Midwest,retail,,,,,,,,12.0,3324,Weekly Grocery Store Specialty Crops Feature Activity,2026-09-26T14:36:16+00:00
9a4be0bd2fb000cb,2016-02-19,Limes,,per lb,,,,,No,,,,,,,,0.69,$/per lb,0.69,per lb,Midwest,retail,,,,,,,,8.0,3324,Weekly Grocery Store Specialty Crops Feature Activity,2026-09-26T14:36:16+00:00
87ad3060a7fa4bd5,2016-02-19,"Onions, Dry",RED,2 lb bag,,,,,Yes,,,,,,,,2.49,$/2 lb bag,1.245,per lb,Midwest,retail,,,,,,,,7.0,3324,Weekly Grocery Store Specialty Crops Feature Activity,2026-09-26T14:36:16+00:00
50c7f72f580591cd,2016-02-19,"Onions, Dry",RED,per lb,,,,,No,,,,,,,,0.98,$/per lb,0.98,per lb,Midwest,retail,,,,,,,,9.0,3324,Weekly Grocery Store Specialty Crops Feature Activity,2026-09-26T14:36:16+00:00
7502a2f9c35222db,2016-02-19,"Onions, Dry",RED,per lb,,,,,Yes,,,,,,,,1.49,$/per lb,1.49,per lb,Midwest,retail,,,,,,,,6.0,3324,Weekly Grocery Store Specialty Crops Feature Activity,2026-09-26T14:36:16+00:00
c970db4cc2805641,2016-02-19,"Onions, Dry",WHITE,3 lb bag,,,,,No,,,,,,,,1.69,$/3 lb bag,0.5633,per lb,Midwest,retail,,,,,,,,8.0,3324,Weekly Grocery Store Specialty Crops Feature Activity,2026-09-26T14:36:16+00:00
052091e16fd60197,2016-02-19,"Onions, Dry",WHITE,per lb,,,,,No,,,,,,,,0.99,$/per lb,0.99,per lb,Midwest,retail,,,,,,,,17.0,3324,Weekly Grocery Store Specialty Crops Feature Activity,2026-09-26T14:36:16+00:00
8cfdaf83a0dd3163,2016-02-19,"Onions, Dry",YELLOW,2 lb bag,,,,,No,,,,,,,,0.93,$/2 lb bag,0.465,per lb,Midwest,retail,,,,,,,,64.0,3324,Weekly Grocery Store Specialty Crops Feature Activity,2026-09-26T14:36:16+00:00
73ec3193ca303663,2016-02-19,"Onions, Dry",YELLOW,3 lb bag,,,,,No,,,,,,,,1.18,$/3 lb bag,0.3933,per lb,Midwest,retail,,,,,,,,1129.0,3324,Weekly Grocery Store Specialty Crops Feature Activity,2026-09-26T14:36:16+00:00
751ccdbf44e204ed,2016-02-19,"Onions, Dry",YELLOW,3 lb bag,,,,,Yes,,,,,,,,2.95,$/3 lb bag,0.9833,per lb,Midwest,retail,,,,,,,,152.0,3324,Weekly Grocery Store Specialty Crops Feature Activity,2026-09-26T14:36:16+00:00
2c77e40b1bda47d4,2016-02-19,"Onions, Dry",YELLOW,per lb,,,,,No,,,,,,,,0.99,$/per lb,0.99,per lb,Midwest,retail,,,,,,,,8.0,3324,Weekly Grocery Store Specialty Crops Feature Activity,2026-09-26T14:36:16+00:00
602997451d3b50d5,2016-02-19,"Onions, Dry",YELLOW,per lb,,,,,Yes,,,,,,,,0.99,$/per lb,0.99,per lb,Midwest,retail,,,,,,,,12.0,3324,Weekly Grocery Store Specialty Crops Feature Activity,2026-09-26T14:36:16+00:00
f7ce050f93328f7e,2016-02-19,"Onions, Dry",YELLOW MARKED SWEET,2 lb bag,,,,,No,,,,,,,,1.57,$/2 lb bag,0.785,per lb,Midwest,retail,,,,,,,,113.0,3324,Weekly Grocery Store Specialty Crops Feature Activity,2026-09-26T14:36:16+00:00
6f63a9c25aa8a408,2016-02-19,"Onions, Dry",YELLOW MARKED SWEET,3 lb bag,,,,,No,,,,,,,,2.99,$/3 lb bag,0.9967,per lb,Midwest,retail,,,,,,,,12.0,3324,Weekly Grocery Store Specialty Crops Feature Activity,2026-09-26T14:36:16+00:00
3558b44422c1ef66,2016-02-19,"Onions, Dry",YELLOW MARKED SWEET,5 lb bag,,,,,No,,,,,,,,3.99,$/5 lb bag,0.798,per lb,Midwest,retail,,,,,,,,22.0,3324,Weekly Grocery Store Specialty Crops Feature Activity,2026-09-26T14:36:16+00:00
b23ffbaaae35435e,2016-02-19,"Onions, Dry",YELLOW MARKED SWEET,per lb,,,,,No,,,,,,,,1.0,$/per lb,1.0,per lb,Midwest,retail,,,,,,,,473.0,3324,Weekly Grocery Store Specialty Crops Feature Activity,2026-09-26T14:36:16+00:00
3650799fc8268eff,2016-02-19,"Peppers, Bell Type",GREEN,each,,,,,No,,,,,,,,0.87,$/each,0.87,per each,Midwest,retail,,,,,,,,186.0,3324,Weekly Grocery Store Specialty Crops Feature Activity,2026-09-26T14:36:16+00:00
9c28edce9f338b32,2016-02-19,"Peppers, Bell Type",ORANGE,each,,,,,No,,,,,,,,1.41,$/each,1.41,per each,Midwest,retail,,,,,,,,352.0,3324,Weekly Grocery Store Specialty Crops Feature Activity,2026-09-26T14:36:16+00:00
a94814a0a24aaf98,2016-02-19,"Peppers, Bell Type",ORANGE,each,,,,,Yes,,,,,,,,1.98,$/each,1.98,per each,Midwest,retail,,,,,,,,4.0,3324,Weekly Grocery Store Specialty Crops Feature Activity,2026-09-26T14:36:16+00:00
1f25aaf806b100f3,2016-02-19,"Peppers, Bell Type",ORANGE,per lb,,,,,No,,,,,,,,1.99,$/per lb,1.99,per lb,Midwest,retail,,,,,,,,62.0,3324,Weekly Grocery Store Specialty Crops Feature Activity,2026-09-26T14:36:16+00:00
1c1d76efda82f093,2016-02-19,"Peppers, Bell Type",RED,each,,,,,No,,,,,,,,1.39,$/each,1.39,per each,Midwest,retail,,,,,,,,394.0,3324,Weekly Grocery Store Specialty Crops Feature Activity,2026-09-26T14:36:16+00:00
b2e69ccf2533f229,2016-02-19,"Peppers, Bell Type",RED,each,,,,,Yes,,,,,,,,1.98,$/each,1.98,per each,Midwest,retail,,,,,,,,4.0,3324,Weekly Grocery Store Specialty Crops Feature Activity,2026-09-26T14:36:16+00:00
f2b76a6698a094e0,2016-02-19,"Peppers, Bell Type",RED,each,,,,,No,,,,,,,,1.68,$/each,1.68,per each,Midwest,retail,,,environment=Greenhouse,,,,,7.0,3324,Weekly Grocery Store Specialty Crops Feature Activity,2026-09-26T14:36:16+00:00
9eb2324d52863883,2016-02-19,"Peppers, Bell Type",RED,per lb,,,,,Yes,,,,,,,,3.11,$/per lb,3.11,per lb,Midwest,retail,,,,,,,,139.0,3324,Weekly Grocery Store Specialty Crops Feature Activity,2026-09-26T14:36:16+00:00
e38be50ca15662b9,2016-02-19,"Peppers, Bell Type",RED,per lb,,,,,No,,,,,,,,1.96,$/per lb,1.96,per lb,Midwest,retail,,,,,,,,244.0,3324,Weekly Grocery Store Specialty Crops Feature Activity,2026-09-26T14:36:16+00:00
16f669bdf272d850,2016-02-19,"Peppers, Bell Type",YELLOW,each,,,,,Yes,,,,,,,,1.98,$/each,1.98,per each,Midwest,retail,,,,,,,,4.0,3324,Weekly Grocery Store Specialty Crops Feature Activity,2026-09-26T14:36:16+00:00
5113d586e7d5a733,2016-02-19,"Peppers, Bell Type",YELLOW,each,,,,,No,,,,,,,,1.41,$/each,1.41,per each,Midwest,retail,,,,,,,,352.0,3324,Weekly Grocery Store Specialty Crops Feature Activity,2026-09-26T14:36:16+00:00
b2cf5e08b01444c8,2016-02-19,"Peppers, Bell Type",YELLOW,each,,,,,No,,,,,,,,1.68,$/each,1.68,per each,Midwest,retail,,,environment=Greenhouse,,,,,7.0,3324,Weekly Grocery Store Specialty Crops Feature Activity,2026-09-26T14:36:16+00:00
25cf2c415d52010e,2016-02-19,"Peppers, Bell Type",YELLOW,per lb,,,,,No,,,,,,,,1.99,$/per lb,1.99,per lb,Midwest,retail,,,,,,,,62.0,3324,Weekly Grocery Store Specialty Crops Feature Activity,2026-09-26T14:36:16+00:00
7c0a3f60804513bc,2016-02-19,"Peppers, Bell Type",YELLOW,per lb,,,,,Yes,,,,,,,,3.99,$/per lb,3.99,per lb,Midwest,retail,,,,,,,,22.0,3324,Weekly Grocery Store Specialty Crops Feature Activity,2026-09-26T14:36:16+00:00
850700808fd5da9c,2016-02-19,Potatoes,ROUND RED,10 lb bag,,,,,No,,,,,,,,2.48,$/10 lb bag,0.248,per lb,Midwest,retail,,,,,,,,13.0,3324,Weekly Grocery Store Specialty Crops Feature Activity,2026-09-26T14:36:16+00:00
479ff5d33dcbe43c,2016-02-19,Potatoes,ROUND RED,3 lb bag,,,,,Yes,,,,,,,,3.3,$/3 lb bag,1.1,per lb,Midwest,retail,,,,,,,,32.0,3324,Weekly Grocery Store Specialty Crops Feature Activity,2026-09-26T14:36:16+00:00
7a6acca98c1f1cf0,2016-02-19,Potatoes,ROUND RED,3 lb bag,,,,,No,,,,,,,,2.73,$/3 lb bag,0.91,per lb,Midwest,retail,,,,,,,,216.0,3324,Weekly Grocery Store Specialty Crops Feature Activity,2026-09-26T14:36:16+00:00
bf30f2ed7bac5857,2016-02-19,Potatoes,ROUND RED,5 lb bag,,,,,No,,,,,,,,2.34,$/5 lb bag,0.468,per lb,Midwest,retail,,,,,,,,454.0,3324,Weekly Grocery Store Specialty Crops Feature Activity,2026-09-26T14:36:16+00:00
f4c20095f5550f6b,2016-02-19,Potatoes,ROUND RED,per lb,,,,,No,,,,,,,,0.8,$/per lb,0.8,per lb,Midwest,retail,,,,,,,,56.0,3324,Weekly Grocery Store Specialty Crops Feature Activity,2026-09-26T14:36:16+00:00
92ba26b1345018d8,2016-02-19,Potatoes,ROUND WHITE,10 lb bag,,,,,No,,,,,,,,3.49,$/10 lb bag,0.349,per lb,Midwest,retail,,,,,,,,5.0,3324,Weekly Grocery Store Specialty Crops Feature Activity,2026-09-26T14:36:16+00:00
fde302b0b9b5c1eb,2016-02-19,Potatoes,ROUND WHITE,5 lb bag,,,,,No,,,,,,,,2.0,$/5 lb bag,0.4,per lb,Midwest,retail,,,,,,,,3.0,3324,Weekly Grocery Store Specialty Crops Feature Activity,2026-09-26T14:36:16+00:00
7ec8bf761b1ed9b7,2016-02-19,Potatoes,RUSSET,10 lb bag,,,,,No,,,,,,,,2.85,$/10 lb bag,0.285,per lb,Midwest,retail,,,,,,,,363.0,3324,Weekly Grocery Store Specialty Crops Feature Activity,2026-09-26T14:36:16+00:00
38148510a1f51bd1,2016-02-19,Potatoes,RUSSET,3 lb bag,,,,,Yes,,,,,,,,2.02,$/3 lb bag,0.6733,per lb,Midwest,retail,,,,,,,,302.0,3324,Weekly Grocery Store Specialty Crops Feature Activity,2026-09-26T14:36:16+00:00
74729cf2fb112c6f,2016-02-19,Potatoes,RUSSET,3 lb bag,,,,,No,,,,,,,,1.5,$/3 lb bag,0.5,per lb,Midwest,retail,,,,,,,,15.0,3324,Weekly Grocery Store Specialty Crops Feature Activity,2026-09-26T14:36:16+00:00
3af3a078e7042baf,2016-02-19,Potatoes,RUSSET,5 lb bag,,,,,No,,,,,,,,1.84,$/5 lb bag,0.368,per lb,Midwest,retail,,,,,,,,1313.0,3324,Weekly Grocery Store Specialty Crops Feature Activity,2026-09-26T14:36:16+00:00
502c2ce46f51d4d2,2016-02-19,Potatoes,RUSSET,5 lb bag,,,,,Yes,,,,,,,,2.52,$/5 lb bag,0.504,per lb,Midwest,retail,,,,,,,,216.0,3324,Weekly Grocery Store Specialty Crops Feature Activity,2026-09-26T14:36:16+00:00
d86af311d8d6f189,2016-02-19,Potatoes,RUSSET,8 lb bag,,,,,No,,,,,,,,1.96,$/8 lb bag,0.245,per lb,Midwest,retail,,,,,,,,775.0,3324,Weekly Grocery Store Specialty Crops Feature Activity,2026-09-26T14:36:16+00:00
888d7f4675bd0442,2016-02-19,Potatoes,RUSSET,per lb,,,,,No,,,,,,,,0.66,$/per lb,0.66,per lb,Midwest,retail,,,,,,,,218.0,3324,Weekly Grocery Store Specialty Crops Feature Activity,2026-09-26T14:36:16+00:00
addc0c781624a235,2016-02-19,Potatoes,RUSSET,per lb,,,,,Yes,,,,,,,,0.99,$/per lb,0.99,per lb,Midwest,retail,,,,,,,,12.0,3324,Weekly Grocery Store Specialty Crops Feature Activity,2026-09-26T14:36:16+00:00
d5e31db440274aec,2016-02-19,Potatoes,YELLOW TYPE,10 lb bag,,,,,No,,,,,,,,1.99,$/10 lb bag,0.199,per lb,Midwest,retail,,,,,,,,8.0,3324,Weekly Grocery Store Specialty Crops Feature Activity,2026-09-26T14:36:16+00:00
095ad1e3ffce1434,2016-02-19,Potatoes,YELLOW TYPE,3 lb bag,,,,,No,,,,,,,,2.0,$/3 lb bag,0.6667,per lb,Midwest,retail,,,,,,,,31.0,3324,Weekly Grocery Store Specialty Crops Feature Activity,2026-09-26T14:36:16+00:00
9f886114def54daf,2016-02-19,Potatoes,YELLOW TYPE,3 lb bag,,,,,Yes,,,,,,,,2.99,$/3 lb bag,0.9967,per lb,Midwest,retail,,,,,,,,16.0,3324,Weekly Grocery Store Specialty Crops Feature Activity,2026-09-26T14:36:16+00:00
292a146916be68c9,2016-02-19,Potatoes,YELLOW TYPE,5 lb bag,,,,,No,,,,,,,,2.55,$/5 lb bag,0.51,per lb,Midwest,retail,,,,,,,,179.0,3324,Weekly Grocery Store Specialty Crops Feature Activity,2026-09-26T14:36:16+00:00
b28249e2212f4d2e,2016-02-19,Potatoes,YELLOW TYPE,5 lb bag,,,,,Yes,,,,,,,,3.99,$/5 lb bag,0.798,per lb,Midwest,retail,,,,,,,,3.0,3324,Weekly Grocery Store Specialty Crops Feature Activity,2026-09-26T14:36:16+00:00
5fc743a24e916e46,2016-02-19,Potatoes,YELLOW TYPE,per lb,,,,,No,,,,,,,,0.57,$/per lb,0.57,per lb,Midwest,retail,,,,,,,,20.0,3324,Weekly Grocery Store Specialty Crops Feature Activity,2026-09-26T14:36:16+00:00
03f40c8ad096170d,2016-02-19,Strawberries,,1 lb package,,,,,Yes,,,,,,,,3.99,$/1 lb package,3.99,per lb,Midwest,retail,,,,,,,,90.0,3324,Weekly Grocery Store Specialty Crops Feature Activity,2026-09-26T14:36:16+00:00
04970c7e9763b918,2016-02-19,Strawberries,,1 lb package,,,,,No,,,,,,,,2.3,$/1 lb package,2.3,per lb,Midwest,retail,,,,,,,,1420.0,3324,Weekly Grocery Store Specialty Crops Feature Activity,2026-09-26T14:36:16+00:00
695de79c66611979,2016-02-19,Tomatoes,,per lb,,,,,No,,,,,,,,1.78,$/per lb,1.78,per lb,Midwest,retail,,,,,,,,202.0,3324,Weekly Grocery Store Specialty Crops Feature Activity,2026-09-26T14:36:16+00:00
b52f8fcf876f2f46,2016-02-19,Tomatoes,,per lb,,,,,Yes,,,,,,,,1.99,$/per lb,1.99,per lb,Midwest,retail,,,,,,,,3.0,3324,Weekly Grocery Store Specialty Crops Feature Activity,2026-09-26T14:36:16+00:00
613601ae05372341,2016-02-19,Tomatoes,GRAPE TYPE,1 pint package,,,,,No,,,,,,,,2.37,$/1 pint package,,,Midwest,retail,,,,,,,,121.0,3324,Weekly Grocery Store Specialty Crops Feature Activity,2026-09-26T14:36:16+00:00
d53fd524e57af9a2,2016-02-19,Tomatoes,GRAPE TYPE,10 oz package,,,,,No,,,,,,,,2.24,$/10 oz package,3.584,per lb,Midwest,retail,,,,,,,,420.0,3324,Weekly Grocery Store Specialty Crops Feature Activity,2026-09-26T14:36:16+00:00
34b4217afc8ae80c,2016-02-19,Tomatoes,Plum Type (Roma),per lb,,,,,No,,,,,,,,1.02,$/per lb,1.02,per lb,Midwest,retail,,,,,,,,1592.0,3324,Weekly Grocery Store Specialty Crops Feature Activity,2026-09-26T14:36:16+00:00
52698a24703fe8d3,2016-02-19,Tomatoes,VINE RIPES,per lb,,,,,No,,,,,,,,1.32,$/per lb,1.32,per lb,Midwest,retail,,,,,,,,12.0,3324,Weekly Grocery Store Specialty Crops Feature Activity,2026-09-26T14:36:16+00:00
db7b6d4a77496556,2016-02-19,Tomatoes,VINE RIPES,per lb,,,,,No,,,,,,,,1.99,$/per lb,1.99,per lb,Midwest,retail,,,environment=Greenhouse,,,,,16.0,3324,Weekly Grocery Store Specialty Crops Feature Activity,2026-09-26T14:36:16+00:00
519aee6810d5c615,2016-02-19,Tomatoes,VINE RIPES - ON THE VINE,per lb,,,,,No,,,,,,,,2.34,$/per lb,2.34,per lb,Midwest,retail,,,environment=Greenhouse,,,,,86.0,3324,Weekly Grocery Store Specialty Crops Feature Activity,2026-09-26T14:36:16+00:00
eb8abd9707effdb8,2016-02-19,Tomatoes,VINE RIPES - ON THE VINE,per lb,,,,,Yes,,,,,,,,2.18,$/per lb,2.18,per lb,Midwest,retail,,,environment=Greenhouse,,,,,36.0,3324,Weekly Grocery Store Specialty Crops Feature Activity,2026-09-26T14:36:16+00:00
8ac6047c79f32c2a,2016-02-19,Avocados,HASS,each,,,,,No,,,,,,,,1.13,$/each,1.13,per each,National,retail,,,,,,,,9347.0,3324,Weekly Grocery Store Specialty Crops Feature Activity,2026-09-26T14:36:16+00:00
e3f06b8be7f65613,2016-02-19,Avocados,HASS,each,,,,,Yes,,,,,,,,1.42,$/each,1.42,per each,National,retail,,,,,,,,1421.0,3324,Weekly Grocery Store Specialty Crops Feature Activity,2026-09-26T14:36:16+00:00
e52ed88135c0b11f,2016-02-19,Avocados,VARIOUS GREENSKIN VARIETIES,each,,,,,No,,,,,,,,1.2,$/each,1.2,per each,National,retail,,,,,,,,199.0,3324,Weekly Grocery Store Specialty Crops Feature Activity,2026-09-26T14:36:16+00:00
eef0e3bd8ff18c4f,2016-02-19,Avocados,VARIOUS GREENSKIN VARIETIES,each,,,,,Yes,,,,,,,,1.5,$/each,1.5,per each,National,retail,,,,,,,,9.0,3324,Weekly Grocery Store Specialty Crops Feature Activity,2026-09-26T14:36:16+00:00
47b83f7c6813ed9e,2016-02-19,Avocados,VARIOUS GREENSKIN VARIETIES,per lb,,,,,No,,,,,,,,0.99,$/per lb,0.99,per lb,National,retail,,,,,,,,5.0,3324,Weekly Grocery Store Specialty Crops Feature Activity,2026-09-26T14:36:16+00:00
66b5841b49bba2e9,2016-02-19,Bananas,,per lb,,,,,No,,,,,,,,0.46,$/per lb,0.46,per lb,National,retail,,,,,,,,1720.0,3324,Weekly Grocery Store Specialty Crops Feature Activity,2026-09-26T14:36:16+00:00
7582fef319502c44,2016-02-19,Bananas,,per lb,,,,,Yes,,,,,,,,0.73,$/per lb,0.73,per lb,National,retail,,,,,,,,1617.0,3324,Weekly Grocery Store Specialty Crops Feature Activity,2026-09-26T14:36:16+00:00
62da585ee334eb57,2016-02-19,Blueberries,,1 pint package,,,,,No,,,,,,,,3.22,$/1 pint package,,,National,retail,,,,,,,,4999.0,3324,Weekly Grocery Store Specialty Crops Feature Activity,2026-09-26T14:36:16+00:00
c99e7c8220944005,2016-02-19,Blueberries,,1 pint package,,,,,Yes,,,,,,,,2.99,$/1 pint package,,,National,retail,,,,,,,,44.0,3324,Weekly Grocery Store Specialty Crops Feature Activity,2026-09-26T14:36:16+00:00
3dcf7d3326cab10c,2016-02-19,Blueberries,,18 oz package,,,,,No,,,,,,,,5.8,$/18 oz package,5.1556,per lb,National,retail,,,,,,,,1079.0,3324,Weekly Grocery Store Specialty Crops Feature Activity,2026-09-26T14:36:16+00:00
c1b4f99cb19cb6f3,2016-02-19,Blueberries,,4.4 oz package,,,,,Yes,,,,,,,,3.97,$/4.4 oz package,14.4364,per lb,National,retail,,,,,,,,543.0,3324,Weekly Grocery Store Specialty Crops Feature Activity,2026-09-26T14:36:16+00:00
5086bd5a4f263eb6,2016-02-19,Blueberries,,6 oz package,,,,,No,,,,,,,,2.48,$/6 oz package,6.6133,per lb,National,retail,,,,,,,,1334.0,3324,Weekly Grocery Store Specialty Crops Feature Activity,2026-09-26T14:36:16+00:00
cedda7f101d44bf1,2016-02-19,Blueberries,,6 oz package,,,,,Yes,,,,,,,,4.17,$/6 oz package,11.12,per lb,National,retail,,,,,,,,408.0,3324,Weekly Grocery Store Specialty Crops Feature Activity,2026-09-26T14:36:16+00:00
1c4f20a1bd1068b8,2016-02-19,Broccoli,,per bunch,,,,,Yes,,,,,,,,2.71,$/per bunch,,,National,retail,,,,,,,,714.0,3324,Weekly Grocery Store Specialty Crops Feature Activity,2026-09-26T14:36:16+00:00
4afbe546b2d6f2b2,2016-02-19,Broccoli,,per bunch,,,,,No,,,,,,,,2.21,$/per bunch,,,National,retail,,,,,,,,1972.0,3324,Weekly Grocery Store Specialty Crops Feature Activity,2026-09-26T14:36:16+00:00
033c10a93ac7bc8b,2016-02-19,Broccoli,,per lb,,,,,No,,,,,,,,1.18,$/per lb,1.18,per lb,National,retail,,,,,,,,1205.0,3324,Weekly Grocery Store Specialty Crops Feature Activity,2026-09-26T14:36:16+00:00
57fa824d45b88107,2016-02-19,Broccoli,,per lb,,,,,Yes,,,,,,,,1.94,$/per lb,1.94,per lb,National,retail,,,,,,,,458.0,3324,Weekly Grocery Store Specialty Crops Feature Activity,2026-09-26T14:36:16+00:00
371d5ef6da0c4318,2016-02-19,Broccoli,BABY HYBRID TYPE,per bunch,,,,,Yes,,,,,,,,1.99,$/per bunch,,,National,retail,,,,,,,,7.0,3324,Weekly Grocery Store Specialty Crops Feature Activity,2026-09-26T14:36:16+00:00
22945ab6da47b007,2016-02-19,Broccoli,CROWN CUT,per lb,,,,,Yes,,,,,,,,2.94,$/per lb,2.94,per lb,National,retail,,,,,,,,138.0,3324,Weekly Grocery Store Specialty Crops Feature Activity,2026-09-26T14:36:16+00:00
4e599b1d55800947,2016-02-19,Broccoli,CROWN CUT,per lb,,,,,No,,,,,,,,1.47,$/per lb,1.47,per lb,National,retail,,,,,,,,5478.0,3324,Weekly Grocery Store Specialty Crops Feature Activity,2026-09-26T14:36:16+00:00
1b6bfe8366e7d59f,2016-02-19,Carrots,,1 lb bag,,,,,Yes,,,,,,,,1.2,$/1 lb bag,1.2,per lb,National,retail,,,,,,,,160.0,3324,Weekly Grocery Store Specialty Crops Feature Activity,2026-09-26T14:36:16+00:00
ffa01ba541f291c0,2016-02-19,Carrots,,1 lb bag,,,,,No,,,,,,,,0.73,$/1 lb bag,0.73,per lb,National,retail,,,,,,,,992.0,3324,Weekly Grocery Store Specialty Crops Feature Activity,2026-09-26T14:36:16+00:00
aee624fc0a016362,2016-02-19,Carrots,,2 lb bag,,,,,No,,,,,,,,1.13,$/2 lb bag,0.565,per lb,National,retail,,,,,,,,673.0,3324,Weekly Grocery Store Specialty Crops Feature Activity,2026-09-26T14:36:16+00:00
d79236c962546db9,2016-02-19,Carrots,,2 lb bag,,,,,Yes,,,,,,,,1.8,$/2 lb bag,0.9,per lb,National,retail,,,,,,,,270.0,3324,Weekly Grocery Store Specialty Crops Feature Activity,2026-09-26T14:36:16+00:00
2c3e176aecddff36,2016-02-19,Carrots,,per bunch,,,,,Yes,,,,,,,,1.69,$/per bunch,,,National,retail,,,,,,,,36.0,3324,Weekly Grocery Store Specialty Crops Feature Activity,2026-09-26T14:36:16+00:00
878c3e7c5f2abddf,2016-02-19,Carrots,,per bunch,,,,,No,,,,,,,,1.08,$/per bunch,,,National,retail,,,,,,,,107.0,3324,Weekly Grocery Store Specialty Crops Feature Activity,2026-09-26T14:36:16+00:00
c9b18d1674d4d8d1,2016-02-19,Carrots,,per lb,,,,,Yes,,,,,,,,3.99,$/per lb,3.99,per lb,National,retail,,,,,,,,90.0,3324,Weekly Grocery Store Specialty Crops Feature Activity,2026-09-26T14:36:16+00:00
dcd8fbcccf9e0b07,2016-02-19,Carrots,,per lb,,,,,No,,,,,,,,0.48,$/per lb,0.48,per lb,National,retail,,,,,,,,190.0,3324,Weekly Grocery Store Specialty Crops Feature Activity,2026-09-26T14:36:16+00:00
4cb415076f2c2117,2016-02-19,Carrots,BABY PEELED,1 lb bag,,,,,No,,,,,,,,1.26,$/1 lb bag,1.26,per lb,National,retail,,,,,,,,3857.0,3324,Weekly Grocery Store Specialty Crops Feature Activity,2026-09-26T14:36:16+00:00
c57ea3039a8e3808,2016-02-19,Carrots,BABY PEELED,1 lb bag,,,,,Yes,,,,,,,,1.59,$/1 lb bag,1.59,per lb,National,retail,,,,,,,,3491.0,3324,Weekly Grocery Store Specialty Crops Feature Activity,2026-09-26T14:36:16+00:00
77ba0f29f3c4f1af,2016-02-19,Carrots,BABY PEELED,2 lb bag,,,,,Yes,,,,,,,,2.52,$/2 lb bag,1.26,per lb,National,retail,,,,,,,,142.0,3324,Weekly Grocery Store Specialty Crops Feature Activity,2026-09-26T14:36:16+00:00
ea603a529738336f,2016-02-19,Carrots,BABY PEELED,2 lb bag,,,,,No,,,,,,,,2.13,$/2 lb bag,1.065,per lb,National,retail,,,,,,,,1431.0,3324,Weekly Grocery Store Specialty Crops Feature Activity,2026-09-26T14:36:16+00:00
750968a4e0397048,2016-02-19,Celery,,each,,,,,No,,,,,,,,1.41,$/each,1.41,per each,National,retail,,,,,,,,1246.0,3324,Weekly Grocery Store Specialty Crops Feature Activity,2026-09-26T14:36:16+00:00
dd864d1204708038,2016-02-19,Celery,,each,,,,,Yes,,,,,,,,2.16,$/each,2.16,per each,National,retail,,,,,,,,411.0,3324,Weekly Grocery Store Specialty Crops Feature Activity,2026-09-26T14:36:16+00:00
575a46ab5542e2c7,2016-02-19,Celery,,per lb,,,,,Yes,,,,,,,,1.29,$/per lb,1.29,per lb,National,retail,,,,,,,,12.0,3324,Weekly Grocery Store Specialty Crops Feature Activity,2026-09-26T14:36:16+00:00
59c1b6f2f8f693d9,2016-02-19,Celery,,per lb,,,,,No,,,,,,,,0.72,$/per lb,0.72,per lb,National,retail,,,,,,,,17.0,3324,Weekly Grocery Store Specialty Crops Feature Activity,2026-09-26T14:36:16+00:00
0f91ecf97ae0af80,2016-02-19,Celery,HEARTS,each,,,,,No,,,,,,,,2.87,$/each,2.87,per each,National,retail,,,,,,,,317.0,3324,Weekly Grocery Store Specialty Crops Feature Activity,2026-09-26T14:36:16+00:00
bcb870a61b1608bc,2016-02-19,Celery,HEARTS,each,,,,,Yes,,,,,,,,2.5,$/each,2.5,per each,National,retail,,,,,,,,390.0,3324,Weekly Grocery Store Specialty Crops Feature Activity,2026-09-26T14:36:16+00:00
12e1b67f903a020b,2016-02-19,Cucumbers,,each,,,,,Yes,,,,,,,,1.15,$/each,1.15,per each,National,retail,,,,,,,,288.0,3324,Weekly Grocery Store Specialty Crops Feature Activity,2026-09-26T14:36:16+00:00
893469f5c60d0682,2016-02-19,Cucumbers,,each,,,,,No,,,,,,,,0.72,$/each,0.72,per each,National,retail,,,,,,,,4071.0,3324,Weekly Grocery Store Specialty Crops Feature Activity,2026-09-26T14:36:16+00:00
c51c78d1005316b9,2016-02-19,Cucumbers,,per lb,,,,,No,,,,,,,,0.5,$/per lb,0.5,per lb,National,retail,,,,,,,,50.0,3324,Weekly Grocery Store Specialty Crops Feature Activity,2026-09-26T14:36:16+00:00
d0063230aacc1c47,2016-02-19,Cucumbers,LONG SEEDLESS,each,,,,,No,,,,,,,,1.68,$/each,1.68,per each,National,retail,,,environment=Greenhouse,,,,,1191.0,3324,Weekly Grocery Store Specialty Crops Feature Activity,2026-09-26T14:36:16+00:00
e44e2bf06e8814a9,2016-02-19,Cucumbers,LONG SEEDLESS,per lb,,,,,No,,,,,,,,1.99,$/per lb,1.99,per lb,National,retail,,,environment=Greenhouse,,,,,34.0,3324,Weekly Grocery Store Specialty Crops Feature Activity,2026-09-26T14:36:16+00:00
82158000bfb333ac,2016-02-19,Grapes,BLACK SEEDLESS,per lb,,,,,No,,,,,,,,2.81,$/per lb,2.81,per lb,National,retail,,,,,,,,552.0,3324,Weekly Grocery Store Specialty Crops Feature Activity,2026-09-26T14:36:16+00:00
1cf24c96acb7d58d,2016-02-19,Grapes,RED SEEDLESS,per lb,,,,,No,,,,,,,,2.59,$/per lb,2.59,per lb,National,retail,,,,,,,,7149.0,3324,Weekly Grocery Store Specialty Crops Feature Activity,2026-09-26T14:36:16+00:00
b4c9c06eef1514e8,2016-02-19,Grapes,Red Globe Seeded Type,per lb,,,,,No,,,,,,,,2.39,$/per lb,2.39,per lb,National,retail,,,,,,,,2073.0,3324,Weekly Grocery Store Specialty Crops Feature Activity,2026-09-26T14:36:16+00:00
ed0b29e85532dcd5,2016-02-19,Grapes,WHITE SEEDLESS TYPE,per lb,,,,,No,,,,,,,,2.65,$/per lb,2.65,per lb,National,retail,,,,,,,,3314.0,3324,Weekly Grocery Store Specialty Crops Feature Activity,2026-09-26T14:36:16+00:00
3c72c18f5e89fcd3,2016-02-19,Lemons,,2 lb bag,,,,,No,,,,,,,,3.09,$/2 lb bag,1.545,per lb,National,retail,,,,,,,,3042.0,3324,Weekly Grocery Store Specialty Crops Feature Activity,2026-09-26T14:36:16+00:00
9e160549e093f9b5,2016-02-19,Lemons,,2 lb bag,,,,,Yes,,,,,,,,3.34,$/2 lb bag,1.67,per lb,National,retail,,,,,,,,814.0,3324,Weekly Grocery Store Specialty Crops Feature Activity,2026-09-26T14:36:16+00:00
17e4f4b6d5659b36,2016-02-19,Lemons,,each,,,,,Yes,,,,,,,,0.66,$/each,0.66,per each,National,retail,,,,,,,,849.0,3324,Weekly Grocery Store Specialty Crops Feature Activity,2026-09-26T14:36:16+00:00
bb0eeadb3fc1602e,2016-02-19,Lemons,,each,,,,,No,,,,,,,,0.52,$/each,0.52,per each,National,retail,,,,,,,,1497.0,3324,Weekly Grocery Store Specialty Crops Feature Activity,2026-09-26T14:36:16+00:00
ab2c9c2f411bcde4,2016-02-19,Lemons,,per lb,,,,,No,,,,,,,,1.13,$/per lb,1.13,per lb,National,retail,,,,,,,,83.0,3324,Weekly Grocery Store Specialty Crops Feature Activity,2026-09-26T14:36:16+00:00
e8efac72a84b94a2,2016-02-19,Lemons,,per lb,,,,,Yes,,,,,,,,2.79,$/per lb,2.79,per lb,National,retail,,,,,,,,15.0,3324,Weekly Grocery Store Specialty Crops Feature Activity,2026-09-26T14:36:16+00:00
8b35df6019f2c7cf,2016-02-19,Lettuce,Boston,each,,,,,No,,,,,,,,1.39,$/each,1.39,per each,National,retail,,,,,,,,14.0,3324,Weekly Grocery Store Specialty Crops Feature Activity,2026-09-26T14:36:16+00:00
96e409344b606fcf,2016-02-19,Lettuce,Boston,per lb,,,,,Yes,,,,,,,,1.99,$/per lb,1.99,per lb,National,retail,,,,,,,,12.0,3324,Weekly Grocery Store Specialty Crops Feature Activity,2026-09-26T14:36:16+00:00
287accc350ab749d,2016-02-19,Lettuce,Green Leaf,each,,,,,Yes,,,,,,,,1.97,$/each,1.97,per each,National,retail,,,,,,,,388.0,3324,Weekly Grocery Store Specialty Crops Feature Activity,2026-09-26T14:36:16+00:00
e0e3a87adda757eb,2016-02-19,Lettuce,Green Leaf,each,,,,,No,,,,,,,,1.18,$/each,1.18,per each,National,retail,,,,,,,,1427.0,3324,Weekly Grocery Store Specialty Crops Feature Activity,2026-09-26T14:36:16+00:00
b3acf495682beb0d,2016-02-19,Lettuce,Green Leaf,per lb,,,,,No,,,,,,,,1.25,$/per lb,1.25,per lb,National,retail,,,,,,,,340.0,3324,Weekly Grocery Store Specialty Crops Feature Activity,2026-09-26T14:36:16+00:00
2939e818cc1da5f8,2016-02-19,Lettuce,Iceberg,each,,,,,No,,,,,,,,1.12,$/each,1.12,per each,National,retail,,,,,,,,2692.0,3324,Weekly Grocery Store Specialty Crops Feature Activity,2026-09-26T14:36:16+00:00
9925793619b186e7,2016-02-19,Lettuce,Iceberg,each,,,,,Yes,,,,,,,,1.99,$/each,1.99,per each,National,retail,,,,,,,,11.0,3324,Weekly Grocery Store Specialty Crops Feature Activity,2026-09-26T14:36:16+00:00
f2ea26a1cc205d02,2016-02-19,Lettuce,Iceberg,per lb,,,,,No,,,,,,,,1.49,$/per lb,1.49,per lb,National,retail,,,,,,,,62.0,3324,Weekly Grocery Store Specialty Crops Feature Activity,2026-09-26T14:36:16+00:00
81bf6174ffb5fd66,2016-02-19,Lettuce,Red Leaf,each,,,,,No,,,,,,,,1.18,$/each,1.18,per each,National,retail,,,,,,,,1372.0,3324,Weekly Grocery Store Specialty Crops Feature Activity,2026-09-26T14:36:16+00:00
932bc6c50d5a2685,2016-02-19,Lettuce,Red Leaf,each,,,,,Yes,,,,,,,,1.97,$/each,1.97,per each,National,retail,,,,,,,,388.0,3324,Weekly Grocery Store Specialty Crops Feature Activity,2026-09-26T14:36:16+00:00
8fa7eedf077ab840,2016-02-19,Lettuce,Red Leaf,per lb,,,,,No,,,,,,,,1.25,$/per lb,1.25,per lb,National,retail,,,,,,,,340.0,3324,Weekly Grocery Store Specialty Crops Feature Activity,2026-09-26T14:36:16+00:00
c1b81f98f3a86bb7,2016-02-19,Lettuce,Romaine,each,,,,,Yes,,,,,,,,2.0,$/each,2.0,per each,National,retail,,,,,,,,245.0,3324,Weekly Grocery Store Specialty Crops Feature Activity,2026-09-26T14:36:16+00:00
d5ce83741b61deab,2016-02-19,Lettuce,Romaine,each,,,,,No,,,,,,,,1.15,$/each,1.15,per each,National,retail,,,,,,,,1105.0,3324,Weekly Grocery Store Specialty Crops Feature Activity,2026-09-26T14:36:16+00:00
1d95d1888b52e822,2016-02-19,Lettuce,Romaine,per lb,,,,,No,,,,,,,,1.26,$/per lb,1.26,per lb,National,retail,,,,,,,,293.0,3324,Weekly Grocery Store Specialty Crops Feature Activity,2026-09-26T14:36:16+00:00
d182be3ee2a9cd5b,2016-02-19,Lettuce,Romaine,per lb,,,,,Yes,,,,,,,,1.29,$/per lb,1.29,per lb,National,retail,,,,,,,,7.0,3324,Weekly Grocery Store Specialty Crops Feature Activity,2026-09-26T14:36:16+00:00
80efcb0a9c9d4025,2016-02-19,Lettuce,Romaine (Hearts),3 count,,,,,Yes,,,,,,,,3.43,$/3 count,,,National,retail,,,,,,,,2852.0,3324,Weekly Grocery Store Specialty Crops Feature Activity,2026-09-26T14:36:16+00:00
c933d103f09fdd06,2016-02-19,Lettuce,Romaine (Hearts),3 count,,,,,No,,,,,,,,2.5,$/3 count,,,National,retail,,,,,,,,2367.0,3324,Weekly Grocery Store Specialty Crops Feature Activity,2026-09-26T14:36:16+00:00
7fdde57542053f62,2016-02-19,Limes,,each,,,,,No,,,,,,,,0.32,$/each,0.32,per each,National,retail,,,,,,,,1812.0,3324,Weekly Grocery Store Specialty Crops Feature Activity,2026-09-26T14:36:16+00:00
89b718d06693094e,2016-02-19,Limes,,per lb,,,,,No,,,,,,,,0.52,$/per lb,0.52,per lb,National,retail,,,,,,,,331.0,3324,Weekly Grocery Store Specialty Crops Feature Activity,2026-09-26T14:36:16+00:00
ee19d128bb60f5ab,2016-02-19,Limes,,per lb,,,,,Yes,,,,,,,,1.99,$/per lb,1.99,per lb,National,retail,,,,,,,,12.0,3324,Weekly Grocery Store Specialty Crops Feature Activity,2026-09-26T14:36:16+00:00
85c7749d83ea8750,2016-02-19,"Onions, Dry",RED,2 lb bag,,,,,No,,,,,,,,1.49,$/2 lb bag,0.745,per lb,National,retail,,,,,,,,5.0,3324,Weekly Grocery Store Specialty Crops Feature Activity,2026-09-26T14:36:16+00:00
afa89476277d9ebb,2016-02-19,"Onions, Dry",RED,2 lb bag,,,,,Yes,,,,,,,,2.49,$/2 lb bag,1.245,per lb,National,retail,,,,,,,,7.0,3324,Weekly Grocery Store Specialty Crops Feature Activity,2026-09-26T14:36:16+00:00
a841b6ea7f1b086a,2016-02-19,"Onions, Dry",RED,3 lb bag,,,,,Yes,,,,,,,,4.49,$/3 lb bag,1.4967,per lb,National,retail,,,,,,,,8.0,3324,Weekly Grocery Store Specialty Crops Feature Activity,2026-09-26T14:36:16+00:00
29bf0e4631e93989,2016-02-19,"Onions, Dry",RED,per lb,,,,,No,,,,,,,,1.12,$/per lb,1.12,per lb,National,retail,,,,,,,,1614.0,3324,Weekly Grocery Store Specialty Crops Feature Activity,2026-09-26T14:36:16+00:00
83ee11216155b09e,2016-02-19,"Onions, Dry",RED,per lb,,,,,Yes,,,,,,,,0.85,$/per lb,0.85,per lb,National,retail,,,,,,,,74.0,3324,Weekly Grocery Store Specialty Crops Feature Activity,2026-09-26T14:36:16+00:00
4e1176ba93fb9914,2016-02-19,"Onions, Dry",WHITE,2 lb bag,,,,,No,,,,,,,,1.29,$/2 lb bag,0.645,per lb,National,retail,,,,,,,,15.0,3324,Weekly Grocery Store Specialty Crops Feature Activity,2026-09-26T14:36:16+00:00
5656503b61d5add4,2016-02-19,"Onions, Dry",WHITE,3 lb bag,,,,,No,,,,,,,,1.69,$/3 lb bag,0.5633,per lb,National,retail,,,,,,,,8.0,3324,Weekly Grocery Store Specialty Crops Feature Activity,2026-09-26T14:36:16+00:00
b0dcec8c5524b544,2016-02-19,"Onions, Dry",WHITE,per lb,,,,,No,,,,,,,,1.05,$/per lb,1.05,per lb,National,retail,,,,,,,,506.0,3324,Weekly Grocery Store Specialty Crops Feature Activity,2026-09-26T14:36:16+00:00
beec5759613ec4f1,2016-02-19,"Onions, Dry",YELLOW,2 lb bag,,,,,No,,,,,,,,1.38,$/2 lb bag,0.69,per lb,National,retail,,,,,,,,680.0,3324,Weekly Grocery Store Specialty Crops Feature Activity,2026-09-26T14:36:16+00:00
497c80af9cabc20d,2016-02-19,"Onions, Dry",YELLOW,3 lb bag,,,,,No,,,,,,,,1.81,$/3 lb bag,0.6033,per lb,National,retail,,,,,,,,2729.0,3324,Weekly Grocery Store Specialty Crops Feature Activity,2026-09-26T14:36:16+00:00
5075c0dd1dda588e,2016-02-19,"Onions, Dry",YELLOW,3 lb bag,,,,,Yes,,,,,,,,3.67,$/3 lb bag,1.2233,per lb,National,retail,,,,,,,,1447.0,3324,Weekly Grocery Store Specialty Crops Feature Activity,2026-09-26T14:36:16+00:00
664e8e68999f5183,2016-02-19,"Onions, Dry",YELLOW,5 lb bag,,,,,No,,,,,,,,3.86,$/5 lb bag,0.772,per lb,National,retail,,,,,,,,631.0,3324,Weekly Grocery Store Specialty Crops Feature Activity,2026-09-26T14:36:16+00:00
54c1cd6347b5d61b,2016-02-19,"Onions, Dry",YELLOW,per lb,,,,,No,,,,,,,,0.89,$/per lb,0.89,per lb,National,retail,,,,,,,,878.0,3324,Weekly Grocery Store Specialty Crops Feature Activity,2026-09-26T14:36:16+00:00
5bcaa3673bf39bb5,2016-02-19,"Onions, Dry",YELLOW,per lb,,,,,Yes,,,,,,,,0.97,$/per lb,0.97,per lb,National,retail,,,,,,,,79.0,3324,Weekly Grocery Store Specialty Crops Feature Activity,2026-09-26T14:36:16+00:00
9e254a4d60bf4ec9,2016-02-19,"Onions, Dry",YELLOW MARKED SWEET,2 lb bag,,,,,No,,,,,,,,1.24,$/2 lb bag,0.62,per lb,National,retail,,,,,,,,452.0,3324,Weekly Grocery Store Specialty Crops Feature Activity,2026-09-26T14:36:16+00:00
bc2d559e2b6a09aa,2016-02-19,"Onions, Dry",YELLOW MARKED SWEET,3 lb bag,,,,,No,,,,,,,,3.45,$/3 lb bag,1.15,per lb,National,retail,,,,,,,,337.0,3324,Weekly Grocery Store Specialty Crops Feature Activity,2026-09-26T14:36:16+00:00
19217e4f3a6263c3,2016-02-19,"Onions, Dry",YELLOW MARKED SWEET,5 lb bag,,,,,No,,,,,,,,3.99,$/5 lb bag,0.798,per lb,National,retail,,,,,,,,22.0,3324,Weekly Grocery Store Specialty Crops Feature Activity,2026-09-26T14:36:16+00:00
14188fddbe3d11b9,2016-02-19,"Onions, Dry",YELLOW MARKED SWEET,per lb,,,,,No,,,,,,,,1.18,$/per lb,1.18,per lb,National,retail,,,,,,,,2462.0,3324,Weekly Grocery Store Specialty Crops Feature Activity,2026-09-26T14:36:16+00:00
b38bd30427202e00,2016-02-19,"Onions, Dry",YELLOW MARKED SWEET,per lb,,,,,Yes,,,,,,,,1.22,$/per lb,1.22,per lb,National,retail,,,,,,,,21.0,3324,Weekly Grocery Store Specialty Crops Feature Activity,2026-09-26T14:36:16+00:00
0d16a5d4d0ab25c5,2016-02-19,"Peppers, Bell Type",GREEN,each,,,,,No,,,,,,,,0.85,$/each,0.85,per each,National,retail,,,,,,,,1301.0,3324,Weekly Grocery Store Specialty Crops Feature Activity,2026-09-26T14:36:16+00:00
4fd583880681a8af,2016-02-19,"Peppers, Bell Type",GREEN,each,,,,,Yes,,,,,,,,1.03,$/each,1.03,per each,National,retail,,,,,,,,129.0,3324,Weekly Grocery Store Specialty Crops Feature Activity,2026-09-26T14:36:16+00:00
81aed0bbb161afb8,2016-02-19,"Peppers, Bell Type",GREEN,per lb,,,,,No,,,,,,,,2.25,$/per lb,2.25,per lb,National,retail,,,,,,,,251.0,3324,Weekly Grocery Store Specialty Crops Feature Activity,2026-09-26T14:36:16+00:00
e88886673c3c0e30,2016-02-19,"Peppers, Bell Type",GREEN,per lb,,,,,Yes,,,,,,,,2.69,$/per lb,2.69,per lb,National,retail,,,,,,,,1.0,3324,Weekly Grocery Store Specialty Crops Feature Activity,2026-09-26T14:36:16+00:00
19bf035e50e0409a,2016-02-19,"Peppers, Bell Type",ORANGE,each,,,,,No,,,,,,,,1.66,$/each,1.66,per each,National,retail,,,,,,,,1046.0,3324,Weekly Grocery Store Specialty Crops Feature Activity,2026-09-26T14:36:16+00:00
6dd4b1b812b4c36f,2016-02-19,"Peppers, Bell Type",ORANGE,each,,,,,Yes,,,,,,,,1.99,$/each,1.99,per each,National,retail,,,,,,,,107.0,3324,Weekly Grocery Store Specialty Crops Feature Activity,2026-09-26T14:36:16+00:00
d648e954670b9816,2016-02-19,"Peppers, Bell Type",ORANGE,each,,,,,No,,,,,,,,1.66,$/each,1.66,per each,National,retail,,,environment=Greenhouse,,,,,54.0,3324,Weekly Grocery Store Specialty Crops Feature Activity,2026-09-26T14:36:16+00:00
39260e2f886eeea4,2016-02-19,"Peppers, Bell Type",ORANGE,per lb,,,,,No,,,,,,,,2.74,$/per lb,2.74,per lb,National,retail,,,,,,,,144.0,3324,Weekly Grocery Store Specialty Crops Feature Activity,2026-09-26T14:36:16+00:00
8d53317b17fdba4e,2016-02-19,"Peppers, Bell Type",ORANGE,per lb,,,,,Yes,,,,,,,,3.89,$/per lb,3.89,per lb,National,retail,,,,,,,,1.0,3324,Weekly Grocery Store Specialty Crops Feature Activity,2026-09-26T14:36:16+00:00
8fc3bcc41e915a2c,2016-02-19,"Peppers, Bell Type",RED,each,,,,,No,,,,,,,,1.43,$/each,1.43,per each,National,retail,,,environment=Greenhouse,,,,,145.0,3324,Weekly Grocery Store Specialty Crops Feature Activity,2026-09-26T14:36:16+00:00
a3de9439e8ed6e5f,2016-02-19,"Peppers, Bell Type",RED,each,,,,,Yes,,,,,,,,1.99,$/each,1.99,per each,National,retail,,,,,,,,1352.0,3324,Weekly Grocery Store Specialty Crops Feature Activity,2026-09-26T14:36:16+00:00
ea0fd38f870564b6,2016-02-19,"Peppers, Bell Type",RED,each,,,,,No,,,,,,,,1.43,$/each,1.43,per each,National,retail,,,,,,,,2016.0,3324,Weekly Grocery Store Specialty Crops Feature Activity,2026-09-26T14:36:16+00:00
229c2ca35b78e2a4,2016-02-19,"Peppers, Bell Type",RED,per lb,,,,,Yes,,,,,,,,3.24,$/per lb,3.24,per lb,National,retail,,,,,,,,150.0,3324,Weekly Grocery Store Specialty Crops Feature Activity,2026-09-26T14:36:16+00:00
2adc5e44b1294c4d,2016-02-19,"Peppers, Bell Type",RED,per lb,,,,,No,,,,,,,,2.43,$/per lb,2.43,per lb,National,retail,,,,,,,,2089.0,3324,Weekly Grocery Store Specialty Crops Feature Activity,2026-09-26T14:36:16+00:00
ff593a2931e1147d,2016-02-19,"Peppers, Bell Type",RED,per lb,,,,,No,,,,,,,,2.43,$/per lb,2.43,per lb,National,retail,,,environment=Greenhouse,,,,,70.0,3324,Weekly Grocery Store Specialty Crops Feature Activity,2026-09-26T14:36:16+00:00
1de5078fc8611bd8,2016-02-19,"Peppers, Bell Type",YELLOW,each,,,,,Yes,,,,,,,,1.99,$/each,1.99,per each,National,retail,,,,,,,,107.0,3324,Weekly Grocery Store Specialty Crops Feature Activity,2026-09-26T14:36:16+00:00
ce5e61fd54815525,2016-02-19,"Peppers, Bell Type",YELLOW,each,,,,,No,,,,,,,,1.67,$/each,1.67,per each,National,retail,,,,,,,,1133.0,3324,Weekly Grocery Store Specialty Crops Feature Activity,2026-09-26T14:36:16+00:00
dfcada296a01910f,2016-02-19,"Peppers, Bell Type",YELLOW,each,,,,,No,,,,,,,,1.67,$/each,1.67,per each,National,retail,,,environment=Greenhouse,,,,,145.0,3324,Weekly Grocery Store Specialty Crops Feature Activity,2026-09-26T14:36:16+00:00
51051a94daed6387,2016-02-19,"Peppers, Bell Type",YELLOW,per lb,,,,,No,,,,,,,,2.76,$/per lb,2.76,per lb,National,retail,,,,,,,,161.0,3324,Weekly Grocery Store Specialty Crops Feature Activity,2026-09-26T14:36:16+00:00
5eba2e662f64ecd3,2016-02-19,"Peppers, Bell Type",YELLOW,per lb,,,,,No,,,,,,,,2.76,$/per lb,2.76,per lb,National,retail,,,environment=Greenhouse,,,,,63.0,3324,Weekly Grocery Store Specialty Crops Feature Activity,2026-09-26T14:36:16+00:00
c68034ede2955c3c,2016-02-19,"Peppers, Bell Type",YELLOW,per lb,,,,,Yes,,,,,,,,3.99,$/per lb,3.99,per lb,National,retail,,,,,,,,23.0,3324,Weekly Grocery Store Specialty Crops Feature Activity,2026-09-26T14:36:16+00:00
d28256187c2c78b0,2016-02-19,Potatoes,ROUND RED,10 lb bag,,,,,No,,,,,,,,2.48,$/10 lb bag,0.248,per lb,National,retail,,,,,,,,13.0,3324,Weekly Grocery Store Specialty Crops Feature Activity,2026-09-26T14:36:16+00:00
1942eb94d346aa21,2016-02-19,Potatoes,ROUND RED,3 lb bag,,,,,Yes,,,,,,,,3.32,$/3 lb bag,1.1067,per lb,National,retail,,,,,,,,236.0,3324,Weekly Grocery Store Specialty Crops Feature Activity,2026-09-26T14:36:16+00:00
288ff6eb9ef7b6ed,2016-02-19,Potatoes,ROUND RED,3 lb bag,,,,,No,,,,,,,,2.61,$/3 lb bag,0.87,per lb,National,retail,,,,,,,,417.0,3324,Weekly Grocery Store Specialty Crops Feature Activity,2026-09-26T14:36:16+00:00
720c2f5f2ee3b729,2016-02-19,Potatoes,ROUND RED,5 lb bag,,,,,Yes,,,,,,,,4.35,$/5 lb bag,0.87,per lb,National,retail,,,,,,,,45.0,3324,Weekly Grocery Store Specialty Crops Feature Activity,2026-09-26T14:36:16+00:00
d2d4874c242c0a4e,2016-02-19,Potatoes,ROUND RED,5 lb bag,,,,,No,,,,,,,,2.29,$/5 lb bag,0.458,per lb,National,retail,,,,,,,,2628.0,3324,Weekly Grocery Store Specialty Crops Feature Activity,2026-09-26T14:36:16+00:00
073c22ad45189a86,2016-02-19,Potatoes,ROUND RED,per lb,,,,,Yes,,,,,,,,1.29,$/per lb,1.29,per lb,National,retail,,,,,,,,9.0,3324,Weekly Grocery Store Specialty Crops Feature Activity,2026-09-26T14:36:16+00:00
69ab4fd265c67765,2016-02-19,Potatoes,ROUND RED,per lb,,,,,No,,,,,,,,0.91,$/per lb,0.91,per lb,National,retail,,,,,,,,890.0,3324,Weekly Grocery Store Specialty Crops Feature Activity,2026-09-26T14:36:16+00:00
1b5ab2a80e35dc17,2016-02-19,Potatoes,ROUND WHITE,10 lb bag,,,,,No,,,,,,,,3.49,$/10 lb bag,0.349,per lb,National,retail,,,,,,,,8.0,3324,Weekly Grocery Store Specialty Crops Feature Activity,2026-09-26T14:36:16+00:00
81d9a3924d261fbb,2016-02-19,Potatoes,ROUND WHITE,3 lb bag,,,,,No,,,,,,,,0.99,$/3 lb bag,0.33,per lb,National,retail,,,,,,,,13.0,3324,Weekly Grocery Store Specialty Crops Feature Activity,2026-09-26T14:36:16+00:00
500fb19898607ae5,2016-02-19,Potatoes,ROUND WHITE,5 lb bag,,,,,No,,,,,,,,2.03,$/5 lb bag,0.406,per lb,National,retail,,,,,,,,2647.0,3324,Weekly Grocery Store Specialty Crops Feature Activity,2026-09-26T14:36:16+00:00
4edf14e8dfbd520e,2016-02-19,Potatoes,ROUND WHITE,per lb,,,,,No,,,,,,,,0.5,$/per lb,0.5,per lb,National,retail,,,,,,,,44.0,3324,Weekly Grocery Store Specialty Crops Feature Activity,2026-09-26T14:36:16+00:00
296a4a118d4afa51,2016-02-19,Potatoes,RUSSET,10 lb bag,,,,,No,,,,,,,,2.67,$/10 lb bag,0.267,per lb,National,retail,,,,,,,,1146.0,3324,Weekly Grocery Store Specialty Crops Feature Activity,2026-09-26T14:36:16+00:00
6c50780f55529f10,2016-02-19,Potatoes,RUSSET,3 lb bag,,,,,No,,,,,,,,1.5,$/3 lb bag,0.5,per lb,National,retail,,,,,,,,15.0,3324,Weekly Grocery Store Specialty Crops Feature Activity,2026-09-26T14:36:16+00:00
d55ecdf7ca6250fb,2016-02-19,Potatoes,RUSSET,3 lb bag,,,,,Yes,,,,,,,,2.19,$/3 lb bag,0.73,per lb,National,retail,,,,,,,,1325.0,3324,Weekly Grocery Store Specialty Crops Feature Activity,2026-09-26T14:36:16+00:00
5ee4f15595b49d90,2016-02-19,Potatoes,RUSSET,5 lb bag,,,,,No,,,,,,,,2.07,$/5 lb bag,0.414,per lb,National,retail,,,,,,,,5540.0,3324,Weekly Grocery Store Specialty Crops Feature Activity,2026-09-26T14:36:16+00:00
b85b16bf79c67320,2016-02-19,Potatoes,RUSSET,5 lb bag,,,,,Yes,,,,,,,,3.36,$/5 lb bag,0.672,per lb,National,retail,,,,,,,,850.0,3324,Weekly Grocery Store Specialty Crops Feature Activity,2026-09-26T14:36:16+00:00
821c1028102b5c2c,2016-02-19,Potatoes,RUSSET,8 lb bag,,,,,No,,,,,,,,1.94,$/8 lb bag,0.2425,per lb,National,retail,,,,,,,,1738.0,3324,Weekly Grocery Store Specialty Crops Feature Activity,2026-09-26T14:36:16+00:00
80187fe8380d5dea,2016-02-19,Potatoes,RUSSET,per lb,,,,,Yes,,,,,,,,0.86,$/per lb,0.86,per lb,National,retail,,,,,,,,63.0,3324,Weekly Grocery Store Specialty Crops Feature Activity,2026-09-26T14:36:16+00:00
afddb96529aa7b07,2016-02-19,Potatoes,RUSSET,per lb,,,,,No,,,,,,,,0.76,$/per lb,0.76,per lb,National,retail,,,,,,,,2059.0,3324,Weekly Grocery Store Specialty Crops Feature Activity,2026-09-26T14:36:16+00:00
b39563e20ff58a0f,2016-02-19,Potatoes,YELLOW TYPE,10 lb bag,,,,,No,,,,,,,,1.99,$/10 lb bag,0.199,per lb,National,retail,,,,,,,,8.0,3324,Weekly Grocery Store Specialty Crops Feature Activity,2026-09-26T14:36:16+00:00
04d8379fd7b7fa36,2016-02-19,Potatoes,YELLOW TYPE,3 lb bag,,,,,No,,,,,,,,2.0,$/3 lb bag,0.6667,per lb,National,retail,,,,,,,,31.0,3324,Weekly Grocery Store Specialty Crops Feature Activity,2026-09-26T14:36:16+00:00
6bd9519e386a8e04,2016-02-19,Potatoes,YELLOW TYPE,3 lb bag,,,,,Yes,,,,,,,,3.26,$/3 lb bag,1.0867,per lb,National,retail,,,,,,,,218.0,3324,Weekly Grocery Store Specialty Crops Feature Activity,2026-09-26T14:36:16+00:00
0786eed2b3d6c006,2016-02-19,Potatoes,YELLOW TYPE,5 lb bag,,,,,Yes,,,,,,,,4.19,$/5 lb bag,0.838,per lb,National,retail,,,,,,,,107.0,3324,Weekly Grocery Store Specialty Crops Feature Activity,2026-09-26T14:36:16+00:00
b477454ad589eac1,2016-02-19,Potatoes,YELLOW TYPE,5 lb bag,,,,,No,,,,,,,,2.32,$/5 lb bag,0.464,per lb,National,retail,,,,,,,,2047.0,3324,Weekly Grocery Store Specialty Crops Feature Activity,2026-09-26T14:36:16+00:00
0318f4be9753d195,2016-02-19,Potatoes,YELLOW TYPE,per lb,,,,,Yes,,,,,,,,1.25,$/per lb,1.25,per lb,National,retail,,,,,,,,7.0,3324,Weekly Grocery Store Specialty Crops Feature Activity,2026-09-26T14:36:16+00:00
b26ad8519e76c3cc,2016-02-19,Potatoes,YELLOW TYPE,per lb,,,,,No,,,,,,,,0.8,$/per lb,0.8,per lb,National,retail,,,,,,,,249.0,3324,Weekly Grocery Store Specialty Crops Feature Activity,2026-09-26T14:36:16+00:00
1479df0caff9a339,2016-02-19,Strawberries,,1 lb package,,,,,Yes,,,,,,,,3.99,$/1 lb package,3.99,per lb,National,retail,,,,,,,,90.0,3324,Weekly Grocery Store Specialty Crops Feature Activity,2026-09-26T14:36:16+00:00
2e3e299890cfe4e7,2016-02-19,Strawberries,,1 lb package,,,,,No,,,,,,,,2.69,$/1 lb package,2.69,per lb,National,retail,,,,,,,,6043.0,3324,Weekly Grocery Store Specialty Crops Feature Activity,2026-09-26T14:36:16+00:00
a5641178fd536653,2016-02-19,Strawberries,,2 lb package,,,,,No,,,,,,,,6.99,$/2 lb package,3.495,per lb,National,retail,,,,,,,,161.0,3324,Weekly Grocery Store Specialty Crops Feature Activity,2026-09-26T14:36:16+00:00
3081a69bb4911870,2016-02-19,Tomatoes,,per lb,,,,,No,,,,,,,,1.9,$/per lb,1.9,per lb,National,retail,,,,,,,,732.0,3324,Weekly Grocery Store Specialty Crops Feature Activity,2026-09-26T14:36:16+00:00
5292b7ac5d75fb40,2016-02-19,Tomatoes,,per lb,,,,,Yes,,,,,,,,1.99,$/per lb,1.99,per lb,National,retail,,,,,,,,94.0,3324,Weekly Grocery Store Specialty Crops Feature Activity,2026-09-26T14:36:16+00:00
370a0bd98894de86,2016-02-19,Tomatoes,Cherry Type,1 pint package,,,,,No,,,,,,,,3.0,$/1 pint package,,,National,retail,,,,,,,,235.0,3324,Weekly Grocery Store Specialty Crops Feature Activity,2026-09-26T14:36:16+00:00
08bbb7c8186cdb6d,2016-02-19,Tomatoes,GRAPE TYPE,1 pint package,,,,,Yes,,,,,,,,3.09,$/1 pint package,,,National,retail,,,,,,,,1711.0,3324,Weekly Grocery Store Specialty Crops Feature Activity,2026-09-26T14:36:16+00:00
a15acfc8c726fcbe,2016-02-19,Tomatoes,GRAPE TYPE,1 pint package,,,,,No,,,,,,,,1.99,$/1 pint package,,,National,retail,,,,,,,,2329.0,3324,Weekly Grocery Store Specialty Crops Feature Activity,2026-09-26T14:36:16+00:00
c6be2db66a4d1c7b,2016-02-19,Tomatoes,GRAPE TYPE,10 oz package,,,,,No,,,,,,,,2.64,$/10 oz package,4.224,per lb,National,retail,,,,,,,,994.0,3324,Weekly Grocery Store Specialty Crops Feature Activity,2026-09-26T14:36:16+00:00
0d83c4cd7c6f9516,2016-02-19,Tomatoes,Plum Type (Roma),per lb,,,,,Yes,,,,,,,,1.8,$/per lb,1.8,per lb,National,retail,,,,,,,,341.0,3324,Weekly Grocery Store Specialty Crops Feature Activity,2026-09-26T14:36:16+00:00
3ab68754b23b233d,2016-02-19,Tomatoes,Plum Type (Roma),per lb,,,,,No,,,,,,,,1.18,$/per lb,1.18,per lb,National,retail,,,,,,,,6709.0,3324,Weekly Grocery Store Specialty Crops Feature Activity,2026-09-26T14:36:16+00:00
2260d781b9c0f868,2016-02-19,Tomatoes,VINE RIPES,per lb,,,,,No,,,,,,,,1.76,$/per lb,1.76,per lb,National,retail,,,,,,,,197.0,3324,Weekly Grocery Store Specialty Crops Feature Activity,2026-09-26T14:36:16+00:00
2b8db07bf49bd325,2016-02-19,Tomatoes,VINE RIPES,per lb,,,,,Yes,,,,,,,,2.88,$/per lb,2.88,per lb,National,retail,,,,,,,,195.0,3324,Weekly Grocery Store Specialty Crops Feature Activity,2026-09-26T14:36:16+00:00
83ee84391525a805,2016-02-19,Tomatoes,VINE RIPES,per lb,,,,,No,,,,,,,,1.76,$/per lb,1.76,per lb,National,retail,,,environment=Greenhouse,,,,,158.0,3324,Weekly Grocery Store Specialty Crops Feature Activity,2026-09-26T14:36:16+00:00
003cc89f04e4347e,2016-02-19,Tomatoes,VINE RIPES - ON THE VINE,per lb,,,,,No,,,,,,,,2.35,$/per lb,2.35,per lb,National,retail,,,environment=Greenhouse,,,,,1360.0,3324,Weekly Grocery Store Specialty Crops Feature Activity,2026-09-26T14:36:16+00:00
a6a8533379170876,2016-02-19,Tomatoes,VINE RIPES - ON THE VINE,per lb,,,,,Yes,,,,,,,,2.38,$/per lb,2.38,per lb,National,retail,,,environment=Greenhouse,,,,,310.0,3324,Weekly Grocery Store Specialty Crops Feature Activity,2026-09-26T14:36:16+00:00
6462ce1c8a362064,2016-02-19,Tomatoes,Vine Ripes - Heirloom Varieties,per lb,,,,,No,,,,,,,,1.68,$/per lb,1.68,per lb,National,retail,,,,,,,,195.0,3324,Weekly Grocery Store Specialty Crops Feature Activity,2026-09-26T14:36:16+00:00
e6343bb93d9e81e6,2016-02-19,Tomatoes,Vine Ripes - Heirloom Varieties,per lb,,,,,Yes,,,,,,,,4.62,$/per lb,4.62,per lb,National,retail,,,,,,,,428.0,3324,Weekly Grocery Store Specialty Crops Feature Activity,2026-09-26T14:36:16+00:00
047d6091b3df496c,2016-02-19,Avocados,HASS,each,,,,,Yes,,,,,,,,1.84,$/each,1.84,per each,Northeast,retail,,,,,,,,393.0,3324,Weekly Grocery Store Specialty Crops Feature Activity,2026-09-26T14:36:16+00:00
3c6e9df41bfab05d,2016-02-19,Avocados,HASS,each,,,,,No,,,,,,,,1.28,$/each,1.28,per each,Northeast,retail,,,,,,,,2247.0,3324,Weekly Grocery Store Specialty Crops Feature Activity,2026-09-26T14:36:16+00:00
d836678de67a8e4f,2016-02-19,Bananas,,per lb,,,,,Yes,,,,,,,,0.82,$/per lb,0.82,per lb,Northeast,retail,,,,,,,,375.0,3324,Weekly Grocery Store Specialty Crops Feature Activity,2026-09-26T14:36:16+00:00
eb4e7d336f67e5d2,2016-02-19,Bananas,,per lb,,,,,No,,,,,,,,0.45,$/per lb,0.45,per lb,Northeast,retail,,,,,,,,725.0,3324,Weekly Grocery Store Specialty Crops Feature Activity,2026-09-26T14:36:16+00:00
2cefa96f99d13a33,2016-02-19,Blueberries,,1 pint package,,,,,Yes,,,,,,,,2.99,$/1 pint package,,,Northeast,retail,,,,,,,,44.0,3324,Weekly Grocery Store Specialty Crops Feature Activity,2026-09-26T14:36:16+00:00
730884e217a9dc2d,2016-02-19,Blueberries,,1 pint package,,,,,No,,,,,,,,3.27,$/1 pint package,,,Northeast,retail,,,,,,,,853.0,3324,Weekly Grocery Store Specialty Crops Feature Activity,2026-09-26T14:36:16+00:00
af97641ee35c51c1,2016-02-19,Blueberries,,18 oz package,,,,,No,,,,,,,,6.95,$/18 oz package,6.1778,per lb,Northeast,retail,,,,,,,,338.0,3324,Weekly Grocery Store Specialty Crops Feature Activity,2026-09-26T14:36:16+00:00
46aceb5192de8caf,2016-02-19,Blueberries,,4.4 oz package,,,,,Yes,,,,,,,,3.99,$/4.4 oz package,14.5091,per lb,Northeast,retail,,,,,,,,224.0,3324,Weekly Grocery Store Specialty Crops Feature Activity,2026-09-26T14:36:16+00:00
09a26a590574d3c5,2016-02-19,Blueberries,,6 oz package,,,,,No,,,,,,,,3.99,$/6 oz package,10.64,per lb,Northeast,retail,,,,,,,,6.0,3324,Weekly Grocery Store Specialty Crops Feature Activity,2026-09-26T14:36:16+00:00
8e1e7c122192babc,2016-02-19,Blueberries,,6 oz package,,,,,Yes,,,,,,,,3.99,$/6 oz package,10.64,per lb,Northeast,retail,,,,,,,,138.0,3324,Weekly Grocery Store Specialty Crops Feature Activity,2026-09-26T14:36:16+00:00
2832258c0353e21f,2016-02-19,Broccoli,,per bunch,,,,,Yes,,,,,,,,2.3,$/per bunch,,,Northeast,retail,,,,,,,,345.0,3324,Weekly Grocery Store Specialty Crops Feature Activity,2026-09-26T14:36:16+00:00
379dc952cebff1ea,2016-02-19,Broccoli,,per bunch,,,,,No,,,,,,,,1.76,$/per bunch,,,Northeast,retail,,,,,,,,204.0,3324,Weekly Grocery Store Specialty Crops Feature Activity,2026-09-26T14:36:16+00:00
92ceb1c6f3da8ed1,2016-02-19,Broccoli,,per lb,,,,,Yes,,,,,,,,2.65,$/per lb,2.65,per lb,Northeast,retail,,,,,,,,107.0,3324,Weekly Grocery Store Specialty Crops Feature Activity,2026-09-26T14:36:16+00:00
58232d599bb5e0f2,2016-02-19,Broccoli,CROWN CUT,per lb,,,,,Yes,,,,,,,,2.94,$/per lb,2.94,per lb,Northeast,retail,,,,,,,,138.0,3324,Weekly Grocery Store Specialty Crops Feature Activity,2026-09-26T14:36:16+00:00
7ed88c30e2866065,2016-02-19,Broccoli,CROWN CUT,per lb,,,,,No,,,,,,,,1.46,$/per lb,1.46,per lb,Northeast,retail,,,,,,,,1748.0,3324,Weekly Grocery Store Specialty Crops Feature Activity,2026-09-26T14:36:16+00:00
6e35c91bfc56c7f3,2016-02-19,Carrots,,1 lb bag,,,,,Yes,,,,,,,,1.66,$/1 lb bag,1.66,per lb,Northeast,retail,,,,,,,,50.0,3324,Weekly Grocery Store Specialty Crops Feature Activity,2026-09-26T14:36:16+00:00
8f75c90a41e02b76,2016-02-19,Carrots,,1 lb bag,,,,,No,,,,,,,,0.76,$/1 lb bag,0.76,per lb,Northeast,retail,,,,,,,,322.0,3324,Weekly Grocery Store Specialty Crops Feature Activity,2026-09-26T14:36:16+00:00
84f3e37eb6d2152d,2016-02-19,Carrots,,2 lb bag,,,,,No,,,,,,,,1.99,$/2 lb bag,0.995,per lb,Northeast,retail,,,,,,,,19.0,3324,Weekly Grocery Store Specialty Crops Feature Activity,2026-09-26T14:36:16+00:00
f6b51aa14f348b15,2016-02-19,Carrots,,2 lb bag,,,,,Yes,,,,,,,,1.99,$/2 lb bag,0.995,per lb,Northeast,retail,,,,,,,,137.0,3324,Weekly Grocery Store Specialty Crops Feature Activity,2026-09-26T14:36:16+00:00
960e0270ee003e7e,2016-02-19,Carrots,,per bunch,,,,,No,,,,,,,,1.69,$/per bunch,,,Northeast,retail,,,,,,,,59.0,3324,Weekly Grocery Store Specialty Crops Feature Activity,2026-09-26T14:36:16+00:00
a891cf5cab2371ba,2016-02-19,Carrots,,per bunch,,,,,Yes,,,,,,,,0.99,$/per bunch,,,Northeast,retail,,,,,,,,11.0,3324,Weekly Grocery Store Specialty Crops Feature Activity,2026-09-26T14:36:16+00:00
61415bab181d5099,2016-02-19,Carrots,,per lb,,,,,No,,,,,,,,0.79,$/per lb,0.79,per lb,Northeast,retail,,,,,,,,60.0,3324,Weekly Grocery Store Specialty Crops Feature Activity,2026-09-26T14:36:16+00:00
57e003a9344a8603,2016-02-19,Carrots,BABY PEELED,1 lb bag,,,,,Yes,,,,,,,,1.89,$/1 lb bag,1.89,per lb,Northeast,retail,,,,,,,,1036.0,3324,Weekly Grocery Store Specialty Crops Feature Activity,2026-09-26T14:36:16+00:00
64a4d337c9da04fa,2016-02-19,Carrots,BABY PEELED,1 lb bag,,,,,No,,,,,,,,1.44,$/1 lb bag,1.44,per lb,Northeast,retail,,,,,,,,870.0,3324,Weekly Grocery Store Specialty Crops Feature Activity,2026-09-26T14:36:16+00:00
11b7294ec237506b,2016-02-19,Carrots,BABY PEELED,2 lb bag,,,,,Yes,,,,,,,,2.47,$/2 lb bag,1.235,per lb,Northeast,retail,,,,,,,,88.0,3324,Weekly Grocery Store Specialty Crops Feature Activity,2026-09-26T14:36:16+00:00
3d5bbfd3f4d93f6c,2016-02-19,Carrots,BABY PEELED,2 lb bag,,,,,No,,,,,,,,2.14,$/2 lb bag,1.07,per lb,Northeast,retail,,,,,,,,787.0,3324,Weekly Grocery Store Specialty Crops Feature Activity,2026-09-26T14:36:16+00:00
62e9070a6500f309,2016-02-19,Celery,,each,,,,,No,,,,,,,,1.74,$/each,1.74,per each,Northeast,retail,,,,,,,,548.0,3324,Weekly Grocery Store Specialty Crops Feature Activity,2026-09-26T14:36:16+00:00
b8d4d937731586e9,2016-02-19,Celery,,each,,,,,Yes,,,,,,,,2.77,$/each,2.77,per each,Northeast,retail,,,,,,,,200.0,3324,Weekly Grocery Store Specialty Crops Feature Activity,2026-09-26T14:36:16+00:00
5f0753752dab17f7,2016-02-19,Celery,HEARTS,each,,,,,Yes,,,,,,,,2.49,$/each,2.49,per each,Northeast,retail,,,,,,,,84.0,3324,Weekly Grocery Store Specialty Crops Feature Activity,2026-09-26T14:36:16+00:00
f08f602db8108939,2016-02-19,Celery,HEARTS,each,,,,,No,,,,,,,,2.63,$/each,2.63,per each,Northeast,retail,,,,,,,,103.0,3324,Weekly Grocery Store Specialty Crops Feature Activity,2026-09-26T14:36:16+00:00
5988e274b1cecf29,2016-02-19,Cucumbers,,each,,,,,No,,,,,,,,0.83,$/each,0.83,per each,Northeast,retail,,,,,,,,765.0,3324,Weekly Grocery Store Specialty Crops Feature Activity,2026-09-26T14:36:16+00:00
32cac901b4b43ef4,2016-02-19,Cucumbers,LONG SEEDLESS,each,,,,,No,,,,,,,,1.92,$/each,1.92,per each,Northeast,retail,,,environment=Greenhouse,,,,,701.0,3324,Weekly Grocery Store Specialty Crops Feature Activity,2026-09-26T14:36:16+00:00
1cba18712cc6f6f2,2016-02-19,Grapes,BLACK SEEDLESS,per lb,,,,,No,,,,,,,,3.03,$/per lb,3.03,per lb,Northeast,retail,,,,,,,,247.0,3324,Weekly Grocery Store Specialty Crops Feature Activity,2026-09-26T14:36:16+00:00
eb6c9b12f0935520,2016-02-19,Grapes,RED SEEDLESS,per lb,,,,,No,,,,,,,,2.82,$/per lb,2.82,per lb,Northeast,retail,,,,,,,,1395.0,3324,Weekly Grocery Store Specialty Crops Feature Activity,2026-09-26T14:36:16+00:00
7550f560cf6c8111,2016-02-19,Grapes,Red Globe Seeded Type,per lb,,,,,No,,,,,,,,2.93,$/per lb,2.93,per lb,Northeast,retail,,,,,,,,585.0,3324,Weekly Grocery Store Specialty Crops Feature Activity,2026-09-26T14:36:16+00:00
654cb8b081137981,2016-02-19,Grapes,WHITE SEEDLESS TYPE,per lb,,,,,No,,,,,,,,2.52,$/per lb,2.52,per lb,Northeast,retail,,,,,,,,295.0,3324,Weekly Grocery Store Specialty Crops Feature Activity,2026-09-26T14:36:16+00:00
0c7b1b114f6a0b9d,2016-02-19,Lemons,,2 lb bag,,,,,No,,,,,,,,3.21,$/2 lb bag,1.605,per lb,Northeast,retail,,,,,,,,778.0,3324,Weekly Grocery Store Specialty Crops Feature Activity,2026-09-26T14:36:16+00:00
bc033d2be8b7eb86,2016-02-19,Lemons,,2 lb bag,,,,,Yes,,,,,,,,3.49,$/2 lb bag,1.745,per lb,Northeast,retail,,,,,,,,88.0,3324,Weekly Grocery Store Specialty Crops Feature Activity,2026-09-26T14:36:16+00:00
0c8f8803f4f85f7d,2016-02-19,Lemons,,each,,,,,Yes,,,,,,,,0.68,$/each,0.68,per each,Northeast,retail,,,,,,,,100.0,3324,Weekly Grocery Store Specialty Crops Feature Activity,2026-09-26T14:36:16+00:00
9e85174fcc4164ee,2016-02-19,Lemons,,each,,,,,No,,,,,,,,0.45,$/each,0.45,per each,Northeast,retail,,,,,,,,236.0,3324,Weekly Grocery Store Specialty Crops Feature Activity,2026-09-26T14:36:16+00:00
90753ee6b5a23683,2016-02-19,Lemons,,per lb,,,,,Yes,,,,,,,,3.49,$/per lb,3.49,per lb,Northeast,retail,,,,,,,,8.0,3324,Weekly Grocery Store Specialty Crops Feature Activity,2026-09-26T14:36:16+00:00
e797bb1c700eb045,2016-02-19,Lettuce,Boston,each,,,,,No,,,,,,,,0.99,$/each,0.99,per each,Northeast,retail,,,,,,,,6.0,3324,Weekly Grocery Store Specialty Crops Feature Activity,2026-09-26T14:36:16+00:00
0ccbe99d67733d86,2016-02-19,Lettuce,Green Leaf,each,,,,,Yes,,,,,,,,2.0,$/each,2.0,per each,Northeast,retail,,,,,,,,16.0,3324,Weekly Grocery Store Specialty Crops Feature Activity,2026-09-26T14:36:16+00:00
1cff1c17a5e7ca6a,2016-02-19,Lettuce,Green Leaf,each,,,,,No,,,,,,,,1.08,$/each,1.08,per each,Northeast,retail,,,,,,,,274.0,3324,Weekly Grocery Store Specialty Crops Feature Activity,2026-09-26T14:36:16+00:00
7b2b0c0e47541c52,2016-02-19,Lettuce,Green Leaf,per lb,,,,,No,,,,,,,,1.05,$/per lb,1.05,per lb,Northeast,retail,,,,,,,,176.0,3324,Weekly Grocery Store Specialty Crops Feature Activity,2026-09-26T14:36:16+00:00
2ba90ef0f8c28871,2016-02-19,Lettuce,Iceberg,each,,,,,No,,,,,,,,1.12,$/each,1.12,per each,Northeast,retail,,,,,,,,152.0,3324,Weekly Grocery Store Specialty Crops Feature Activity,2026-09-26T14:36:16+00:00
9040532396ddc53d,2016-02-19,Lettuce,Red Leaf,each,,,,,Yes,,,,,,,,2.0,$/each,2.0,per each,Northeast,retail,,,,,,,,16.0,3324,Weekly Grocery Store Specialty Crops Feature Activity,2026-09-26T14:36:16+00:00
9a0086f8882318bf,2016-02-19,Lettuce,Red Leaf,each,,,,,No,,,,,,,,1.08,$/each,1.08,per each,Northeast,retail,,,,,,,,274.0,3324,Weekly Grocery Store Specialty Crops Feature Activity,2026-09-26T14:36:16+00:00
956f0467ee6843b7,2016-02-19,Lettuce,Red Leaf,per lb,,,,,No,,,,,,,,1.05,$/per lb,1.05,per lb,Northeast,retail,,,,,,,,176.0,3324,Weekly Grocery Store Specialty Crops Feature Activity,2026-09-26T14:36:16+00:00
bccb0885ef3a92be,2016-02-19,Lettuce,Romaine,each,,,,,No,,,,,,,,1.29,$/each,1.29,per each,Northeast,retail,,,,,,,,26.0,3324,Weekly Grocery Store Specialty Crops Feature Activity,2026-09-26T14:36:16+00:00
c81be15186c60585,2016-02-19,Lettuce,Romaine,each,,,,,Yes,,,,,,,,2.0,$/each,2.0,per each,Northeast,retail,,,,,,,,16.0,3324,Weekly Grocery Store Specialty Crops Feature Activity,2026-09-26T14:36:16+00:00
afae62d5a7c00627,2016-02-19,Lettuce,Romaine,per lb,,,,,No,,,,,,,,1.27,$/per lb,1.27,per lb,Northeast,retail,,,,,,,,256.0,3324,Weekly Grocery Store Specialty Crops Feature Activity,2026-09-26T14:36:16+00:00
285a9ffd298f2484,2016-02-19,Lettuce,Romaine (Hearts),3 count,,,,,No,,,,,,,,2.67,$/3 count,,,Northeast,retail,,,,,,,,857.0,3324,Weekly Grocery Store Specialty Crops Feature Activity,2026-09-26T14:36:16+00:00
8e8cf7867a91b8ae,2016-02-19,Lettuce,Romaine (Hearts),3 count,,,,,Yes,,,,,,,,3.83,$/3 count,,,Northeast,retail,,,,,,,,1242.0,3324,Weekly Grocery Store Specialty Crops Feature Activity,2026-09-26T14:36:16+00:00
4fdef3022a8065e0,2016-02-19,Limes,,each,,,,,No,,,,,,,,0.39,$/each,0.39,per each,Northeast,retail,,,,,,,,630.0,3324,Weekly Grocery Store Specialty Crops Feature Activity,2026-09-26T14:36:16+00:00
9d2bb5981b11315a,2016-02-19,"Onions, Dry",RED,2 lb bag,,,,,No,,,,,,,,1.49,$/2 lb bag,0.745,per lb,Northeast,retail,,,,,,,,5.0,3324,Weekly Grocery Store Specialty Crops Feature Activity,2026-09-26T14:36:16+00:00
27c65e19ca3056f1,2016-02-19,"Onions, Dry",RED,3 lb bag,,,,,Yes,,,,,,,,4.49,$/3 lb bag,1.4967,per lb,Northeast,retail,,,,,,,,8.0,3324,Weekly Grocery Store Specialty Crops Feature Activity,2026-09-26T14:36:16+00:00
45084e5e2782be63,2016-02-19,"Onions, Dry",RED,per lb,,,,,No,,,,,,,,1.34,$/per lb,1.34,per lb,Northeast,retail,,,,,,,,461.0,3324,Weekly Grocery Store Specialty Crops Feature Activity,2026-09-26T14:36:16+00:00
c5cb9b7b1a10ed7e,2016-02-19,"Onions, Dry",WHITE,per lb,,,,,No,,,,,,,,1.67,$/per lb,1.67,per lb,Northeast,retail,,,,,,,,177.0,3324,Weekly Grocery Store Specialty Crops Feature Activity,2026-09-26T14:36:16+00:00
ee266814654c9805,2016-02-19,"Onions, Dry",YELLOW,2 lb bag,,,,,No,,,,,,,,1.48,$/2 lb bag,0.74,per lb,Northeast,retail,,,,,,,,526.0,3324,Weekly Grocery Store Specialty Crops Feature Activity,2026-09-26T14:36:16+00:00
12acc01ad379af7b,2016-02-19,"Onions, Dry",YELLOW,3 lb bag,,,,,No,,,,,,,,2.41,$/3 lb bag,0.8033,per lb,Northeast,retail,,,,,,,,968.0,3324,Weekly Grocery Store Specialty Crops Feature Activity,2026-09-26T14:36:16+00:00
a09b90efc9b38be0,2016-02-19,"Onions, Dry",YELLOW,3 lb bag,,,,,Yes,,,,,,,,3.83,$/3 lb bag,1.2767,per lb,Northeast,retail,,,,,,,,1091.0,3324,Weekly Grocery Store Specialty Crops Feature Activity,2026-09-26T14:36:16+00:00
092e361da57ff7bf,2016-02-19,"Onions, Dry",YELLOW,5 lb bag,,,,,No,,,,,,,,3.86,$/5 lb bag,0.772,per lb,Northeast,retail,,,,,,,,596.0,3324,Weekly Grocery Store Specialty Crops Feature Activity,2026-09-26T14:36:16+00:00
349cd338b38d2902,2016-02-19,"Onions, Dry",YELLOW,per lb,,,,,No,,,,,,,,1.75,$/per lb,1.75,per lb,Northeast,retail,,,,,,,,167.0,3324,Weekly Grocery Store Specialty Crops Feature Activity,2026-09-26T14:36:16+00:00
f45eee5139177947,2016-02-19,"Onions, Dry",YELLOW MARKED SWEET,3 lb bag,,,,,No,,,,,,,,3.84,$/3 lb bag,1.28,per lb,Northeast,retail,,,,,,,,175.0,3324,Weekly Grocery Store Specialty Crops Feature Activity,2026-09-26T14:36:16+00:00
2f052c327fa2ba65,2016-02-19,"Onions, Dry",YELLOW MARKED SWEET,per lb,,,,,No,,,,,,,,1.44,$/per lb,1.44,per lb,Northeast,retail,,,,,,,,698.0,3324,Weekly Grocery Store Specialty Crops Feature Activity,2026-09-26T14:36:16+00:00
df4fd377cc3748c4,2016-02-19,"Onions, Dry",YELLOW MARKED SWEET,per lb,,,,,Yes,,,,,,,,1.29,$/per lb,1.29,per lb,Northeast,retail,,,,,,,,16.0,3324,Weekly Grocery Store Specialty Crops Feature Activity,2026-09-26T14:36:16+00:00
2d4054bbe7768a00,2016-02-19,"Peppers, Bell Type",GREEN,each,,,,,No,,,,,,,,1.25,$/each,1.25,per each,Northeast,retail,,,,,,,,167.0,3324,Weekly Grocery Store Specialty Crops Feature Activity,2026-09-26T14:36:16+00:00
dc6ae510941780c3,2016-02-19,"Peppers, Bell Type",GREEN,per lb,,,,,No,,,,,,,,2.4,$/per lb,2.4,per lb,Northeast,retail,,,,,,,,176.0,3324,Weekly Grocery Store Specialty Crops Feature Activity,2026-09-26T14:36:16+00:00
fb569953658359f8,2016-02-19,"Peppers, Bell Type",ORANGE,each,,,,,No,,,,,,,,1.54,$/each,1.54,per each,Northeast,retail,,,,,,,,139.0,3324,Weekly Grocery Store Specialty Crops Feature Activity,2026-09-26T14:36:16+00:00
7371165665155778,2016-02-19,"Peppers, Bell Type",ORANGE,per lb,,,,,No,,,,,,,,3.56,$/per lb,3.56,per lb,Northeast,retail,,,,,,,,62.0,3324,Weekly Grocery Store Specialty Crops Feature Activity,2026-09-26T14:36:16+00:00
b45167faead526ad,2016-02-19,"Peppers, Bell Type",RED,each,,,,,No,,,,,,,,1.38,$/each,1.38,per each,Northeast,retail,,,,,,,,325.0,3324,Weekly Grocery Store Specialty Crops Feature Activity,2026-09-26T14:36:16+00:00
aa52d94a6aa1f0ea,2016-02-19,"Peppers, Bell Type",RED,per lb,,,,,No,,,,,,,,2.99,$/per lb,2.99,per lb,Northeast,retail,,,environment=Greenhouse,,,,,70.0,3324,Weekly Grocery Store Specialty Crops Feature Activity,2026-09-26T14:36:16+00:00
fde8d77ba2678bc3,2016-02-19,"Peppers, Bell Type",RED,per lb,,,,,No,,,,,,,,2.48,$/per lb,2.48,per lb,Northeast,retail,,,,,,,,1770.0,3324,Weekly Grocery Store Specialty Crops Feature Activity,2026-09-26T14:36:16+00:00
1a96080367324e07,2016-02-19,"Peppers, Bell Type",YELLOW,each,,,,,No,,,,,,,,1.54,$/each,1.54,per each,Northeast,retail,,,,,,,,139.0,3324,Weekly Grocery Store Specialty Crops Feature Activity,2026-09-26T14:36:16+00:00
1e6a2429e84481fa,2016-02-19,"Peppers, Bell Type",YELLOW,per lb,,,,,No,,,,,,,,3.39,$/per lb,3.39,per lb,Northeast,retail,,,,,,,,74.0,3324,Weekly Grocery Store Specialty Crops Feature Activity,2026-09-26T14:36:16+00:00
87682be0092db6a4,2016-02-19,"Peppers, Bell Type",YELLOW,per lb,,,,,No,,,,,,,,2.99,$/per lb,2.99,per lb,Northeast,retail,,,environment=Greenhouse,,,,,63.0,3324,Weekly Grocery Store Specialty Crops Feature Activity,2026-09-26T14:36:16+00:00
335868d8cec01f03,2016-02-19,Potatoes,ROUND RED,3 lb bag,,,,,No,,,,,,,,2.48,$/3 lb bag,0.8267,per lb,Northeast,retail,,,,,,,,20.0,3324,Weekly Grocery Store Specialty Crops Feature Activity,2026-09-26T14:36:16+00:00
d8a43b06e20f94a6,2016-02-19,Potatoes,ROUND RED,3 lb bag,,,,,Yes,,,,,,,,2.99,$/3 lb bag,0.9967,per lb,Northeast,retail,,,,,,,,137.0,3324,Weekly Grocery Store Specialty Crops Feature Activity,2026-09-26T14:36:16+00:00
2374388aa8e7d0f1,2016-02-19,Potatoes,ROUND RED,5 lb bag,,,,,No,,,,,,,,2.92,$/5 lb bag,0.584,per lb,Northeast,retail,,,,,,,,502.0,3324,Weekly Grocery Store Specialty Crops Feature Activity,2026-09-26T14:36:16+00:00
6789f11ced732726,2016-02-19,Potatoes,ROUND RED,5 lb bag,,,,,Yes,,,,,,,,4.35,$/5 lb bag,0.87,per lb,Northeast,retail,,,,,,,,45.0,3324,Weekly Grocery Store Specialty Crops Feature Activity,2026-09-26T14:36:16+00:00
d578d6c867a2fbfe,2016-02-19,Potatoes,ROUND RED,per lb,,,,,No,,,,,,,,1.03,$/per lb,1.03,per lb,Northeast,retail,,,,,,,,451.0,3324,Weekly Grocery Store Specialty Crops Feature Activity,2026-09-26T14:36:16+00:00
a23e4be86e0c2aa1,2016-02-19,Potatoes,ROUND WHITE,10 lb bag,,,,,No,,,,,,,,3.49,$/10 lb bag,0.349,per lb,Northeast,retail,,,,,,,,3.0,3324,Weekly Grocery Store Specialty Crops Feature Activity,2026-09-26T14:36:16+00:00
cf9066f3b780d827,2016-02-19,Potatoes,ROUND WHITE,5 lb bag,,,,,No,,,,,,,,2.08,$/5 lb bag,0.416,per lb,Northeast,retail,,,,,,,,867.0,3324,Weekly Grocery Store Specialty Crops Feature Activity,2026-09-26T14:36:16+00:00
36463ce72777f207,2016-02-19,Potatoes,RUSSET,10 lb bag,,,,,No,,,,,,,,3.49,$/10 lb bag,0.349,per lb,Northeast,retail,,,,,,,,8.0,3324,Weekly Grocery Store Specialty Crops Feature Activity,2026-09-26T14:36:16+00:00
1cca7fa131f57e24,2016-02-19,Potatoes,RUSSET,3 lb bag,,,,,Yes,,,,,,,,2.99,$/3 lb bag,0.9967,per lb,Northeast,retail,,,,,,,,137.0,3324,Weekly Grocery Store Specialty Crops Feature Activity,2026-09-26T14:36:16+00:00
1765b8ca47dfc712,2016-02-19,Potatoes,RUSSET,5 lb bag,,,,,No,,,,,,,,2.45,$/5 lb bag,0.49,per lb,Northeast,retail,,,,,,,,1320.0,3324,Weekly Grocery Store Specialty Crops Feature Activity,2026-09-26T14:36:16+00:00
314603bacce242fd,2016-02-19,Potatoes,RUSSET,5 lb bag,,,,,Yes,,,,,,,,3.67,$/5 lb bag,0.734,per lb,Northeast,retail,,,,,,,,480.0,3324,Weekly Grocery Store Specialty Crops Feature Activity,2026-09-26T14:36:16+00:00
805826511ce32b4f,2016-02-19,Potatoes,RUSSET,8 lb bag,,,,,No,,,,,,,,1.99,$/8 lb bag,0.2487,per lb,Northeast,retail,,,,,,,,202.0,3324,Weekly Grocery Store Specialty Crops Feature Activity,2026-09-26T14:36:16+00:00
666ac89a20418942,2016-02-19,Potatoes,RUSSET,per lb,,,,,No,,,,,,,,1.05,$/per lb,1.05,per lb,Northeast,retail,,,,,,,,586.0,3324,Weekly Grocery Store Specialty Crops Feature Activity,2026-09-26T14:36:16+00:00
da3e80beb7e60662,2016-02-19,Potatoes,YELLOW TYPE,3 lb bag,,,,,Yes,,,,,,,,2.99,$/3 lb bag,0.9967,per lb,Northeast,retail,,,,,,,,137.0,3324,Weekly Grocery Store Specialty Crops Feature Activity,2026-09-26T14:36:16+00:00
298d71817eb308b2,2016-02-19,Potatoes,YELLOW TYPE,5 lb bag,,,,,No,,,,,,,,2.35,$/5 lb bag,0.47,per lb,Northeast,retail,,,,,,,,657.0,3324,Weekly Grocery Store Specialty Crops Feature Activity,2026-09-26T14:36:16+00:00
e624c5c1a1c6a43a,2016-02-19,Potatoes,YELLOW TYPE,5 lb bag,,,,,Yes,,,,,,,,5.61,$/5 lb bag,1.122,per lb,Northeast,retail,,,,,,,,13.0,3324,Weekly Grocery Store Specialty Crops Feature Activity,2026-09-26T14:36:16+00:00
47409ade9f1dc1ce,2016-02-19,Strawberries,,1 lb package,,,,,No,,,,,,,,2.98,$/1 lb package,2.98,per lb,Northeast,retail,,,,,,,,1051.0,3324,Weekly Grocery Store Specialty Crops Feature Activity,2026-09-26T14:36:16+00:00
33960cf20307b669,2016-02-19,Strawberries,,2 lb package,,,,,No,,,,,,,,6.99,$/2 lb package,3.495,per lb,Northeast,retail,,,,,,,,161.0,3324,Weekly Grocery Store Specialty Crops Feature Activity,2026-09-26T14:36:16+00:00
f21e66be21ee6b7d,2016-02-19,Tomatoes,,per lb,,,,,No,,,,,,,,2.56,$/per lb,2.56,per lb,Northeast,retail,,,,,,,,208.0,3324,Weekly Grocery Store Specialty Crops Feature Activity,2026-09-26T14:36:16+00:00
2264923c48d0e9b8,2016-02-19,Tomatoes,Cherry Type,1 pint package,,,,,No,,,,,,,,3.0,$/1 pint package,,,Northeast,retail,,,,,,,,16.0,3324,Weekly Grocery Store Specialty Crops Feature Activity,2026-09-26T14:36:16+00:00
02699f5d483cd9d0,2016-02-19,Tomatoes,GRAPE TYPE,1 pint package,,,,,Yes,,,,,,,,3.43,$/1 pint package,,,Northeast,retail,,,,,,,,798.0,3324,Weekly Grocery Store Specialty Crops Feature Activity,2026-09-26T14:36:16+00:00
b5630317c738aecb,2016-02-19,Tomatoes,GRAPE TYPE,1 pint package,,,,,No,,,,,,,,2.4,$/1 pint package,,,Northeast,retail,,,,,,,,429.0,3324,Weekly Grocery Store Specialty Crops Feature Activity,2026-09-26T14:36:16+00:00
741f8e66a15ab297,2016-02-19,Tomatoes,GRAPE TYPE,10 oz package,,,,,No,,,,,,,,3.42,$/10 oz package,5.472,per lb,Northeast,retail,,,,,,,,181.0,3324,Weekly Grocery Store Specialty Crops Feature Activity,2026-09-26T14:36:16+00:00
0ffbc15f35615900,2016-02-19,Tomatoes,Plum Type (Roma),per lb,,,,,Yes,,,,,,,,1.4,$/per lb,1.4,per lb,Northeast,retail,,,,,,,,75.0,3324,Weekly Grocery Store Specialty Crops Feature Activity,2026-09-26T14:36:16+00:00
a0b4af1cae15861c,2016-02-19,Tomatoes,Plum Type (Roma),per lb,,,,,No,,,,,,,,1.34,$/per lb,1.34,per lb,Northeast,retail,,,,,,,,862.0,3324,Weekly Grocery Store Specialty Crops Feature Activity,2026-09-26T14:36:16+00:00
2f1d3ab0b8535f9f,2016-02-19,Tomatoes,VINE RIPES,per lb,,,,,No,,,,,,,,1.64,$/per lb,1.64,per lb,Northeast,retail,,,,,,,,29.0,3324,Weekly Grocery Store Specialty Crops Feature Activity,2026-09-26T14:36:16+00:00
c5fa54e01b30ea9e,2016-02-19,Tomatoes,VINE RIPES,per lb,,,,,No,,,,,,,,1.82,$/per lb,1.82,per lb,Northeast,retail,,,environment=Greenhouse,,,,,47.0,3324,Weekly Grocery Store Specialty Crops Feature Activity,2026-09-26T14:36:16+00:00
61307c93c6d37152,2016-02-19,Tomatoes,VINE RIPES - ON THE VINE,per lb,,,,,Yes,,,,,,,,3.22,$/per lb,3.22,per lb,Northeast,retail,,,environment=Greenhouse,,,,,47.0,3324,Weekly Grocery Store Specialty Crops Feature Activity,2026-09-26T14:36:16+00:00
ff168094fd177161,2016-02-19,Tomatoes,VINE RIPES - ON THE VINE,per lb,,,,,No,,,,,,,,2.71,$/per lb,2.71,per lb,Northeast,retail,,,environment=Greenhouse,,,,,690.0,3324,Weekly Grocery Store Specialty Crops Feature Activity,2026-09-26T14:36:16+00:00
0953cdb29b4bf207,2016-02-19,Avocados,HASS,each,,,,,No,,,,,,,,1.07,$/each,1.07,per each,Northwest,retail,,,,,,,,454.0,3324,Weekly Grocery Store Specialty Crops Feature Activity,2026-09-26T14:36:16+00:00
b2c794856f41e256,2016-02-19,Avocados,HASS,each,,,,,Yes,,,,,,,,1.5,$/each,1.5,per each,Northwest,retail,,,,,,,,59.0,3324,Weekly Grocery Store Specialty Crops Feature Activity,2026-09-26T14:36:16+00:00
d10a034fc52d7325,2016-02-19,Avocados,VARIOUS GREENSKIN VARIETIES,each,,,,,No,,,,,,,,1.5,$/each,1.5,per each,Northwest,retail,,,,,,,,66.0,3324,Weekly Grocery Store Specialty Crops Feature Activity,2026-09-26T14:36:16+00:00
e3819c651ed7352d,2016-02-19,Avocados,VARIOUS GREENSKIN VARIETIES,each,,,,,Yes,,,,,,,,1.5,$/each,1.5,per each,Northwest,retail,,,,,,,,9.0,3324,Weekly Grocery Store Specialty Crops Feature Activity,2026-09-26T14:36:16+00:00
b41fb14d94c20ba6,2016-02-19,Bananas,,per lb,,,,,No,,,,,,,,0.49,$/per lb,0.49,per lb,Northwest,retail,,,,,,,,75.0,3324,Weekly Grocery Store Specialty Crops Feature Activity,2026-09-26T14:36:16+00:00
df670333476f7e89,2016-02-19,Bananas,,per lb,,,,,Yes,,,,,,,,0.82,$/per lb,0.82,per lb,Northwest,retail,,,,,,,,96.0,3324,Weekly Grocery Store Specialty Crops Feature Activity,2026-09-26T14:36:16+00:00
c5a2585493257554,2016-02-19,Blueberries,,1 pint package,,,,,No,,,,,,,,5.0,$/1 pint package,,,Northwest,retail,,,,,,,,39.0,3324,Weekly Grocery Store Specialty Crops Feature Activity,2026-09-26T14:36:16+00:00
32eff7d087902b9b,2016-02-19,Blueberries,,18 oz package,,,,,No,,,,,,,,5.76,$/18 oz package,5.12,per lb,Northwest,retail,,,,,,,,53.0,3324,Weekly Grocery Store Specialty Crops Feature Activity,2026-09-26T14:36:16+00:00
95b95fcdc1673c99,2016-02-19,Blueberries,,6 oz package,,,,,No,,,,,,,,2.51,$/6 oz package,6.6933,per lb,Northwest,retail,,,,,,,,136.0,3324,Weekly Grocery Store Specialty Crops Feature Activity,2026-09-26T14:36:16+00:00
a786883cbf71dfe5,2016-02-19,Blueberries,,6 oz package,,,,,Yes,,,,,,,,4.79,$/6 oz package,12.7733,per lb,Northwest,retail,,,,,,,,18.0,3324,Weekly Grocery Store Specialty Crops Feature Activity,2026-09-26T14:36:16+00:00
c1f4ae7d486e8627,2016-02-19,Broccoli,,per lb,,,,,Yes,,,,,,,,1.48,$/per lb,1.48,per lb,Northwest,retail,,,,,,,,12.0,3324,Weekly Grocery Store Specialty Crops Feature Activity,2026-09-26T14:36:16+00:00
e226b4923a664c8e,2016-02-19,Broccoli,,per lb,,,,,No,,,,,,,,1.09,$/per lb,1.09,per lb,Northwest,retail,,,,,,,,90.0,3324,Weekly Grocery Store Specialty Crops Feature Activity,2026-09-26T14:36:16+00:00
2165426d48e2da6d,2016-02-19,Broccoli,CROWN CUT,per lb,,,,,No,,,,,,,,1.27,$/per lb,1.27,per lb,Northwest,retail,,,,,,,,250.0,3324,Weekly Grocery Store Specialty Crops Feature Activity,2026-09-26T14:36:16+00:00
b1a9d6ba486be742,2016-02-19,Carrots,,2 lb bag,,,,,No,,,,,,,,1.19,$/2 lb bag,0.595,per lb,Northwest,retail,,,,,,,,39.0,3324,Weekly Grocery Store Specialty Crops Feature Activity,2026-09-26T14:36:16+00:00
d94df0ae5e5e9924,2016-02-19,Carrots,,per bunch,,,,,Yes,,,,,,,,2.0,$/per bunch,,,Northwest,retail,,,,,,,,13.0,3324,Weekly Grocery Store Specialty Crops Feature Activity,2026-09-26T14:36:16+00:00
2e327cc8e909f4c3,2016-02-19,Carrots,BABY PEELED,1 lb bag,,,,,Yes,,,,,,,,1.31,$/1 lb bag,1.31,per lb,Northwest,retail,,,,,,,,160.0,3324,Weekly Grocery Store Specialty Crops Feature Activity,2026-09-26T14:36:16+00:00
fe78a527bf1bfeb5,2016-02-19,Carrots,BABY PEELED,1 lb bag,,,,,No,,,,,,,,1.39,$/1 lb bag,1.39,per lb,Northwest,retail,,,,,,,,162.0,3324,Weekly Grocery Store Specialty Crops Feature Activity,2026-09-26T14:36:16+00:00
0621680fe5384eda,2016-02-19,Celery,,each,,,,,Yes,,,,,,,,0.98,$/each,0.98,per each,Northwest,retail,,,,,,,,2.0,3324,Weekly Grocery Store Specialty Crops Feature Activity,2026-09-26T14:36:16+00:00
b46c8dc9c2536779,2016-02-19,Celery,,per lb,,,,,Yes,,,,,,,,1.29,$/per lb,1.29,per lb,Northwest,retail,,,,,,,,9.0,3324,Weekly Grocery Store Specialty Crops Feature Activity,2026-09-26T14:36:16+00:00
d81b3e8ab4965849,2016-02-19,Celery,,per lb,,,,,No,,,,,,,,0.79,$/per lb,0.79,per lb,Northwest,retail,,,,,,,,9.0,3324,Weekly Grocery Store Specialty Crops Feature Activity,2026-09-26T14:36:16+00:00
f6c0913690944aa9,2016-02-19,Celery,HEARTS,each,,,,,Yes,,,,,,,,2.5,$/each,2.5,per each,Northwest,retail,,,,,,,,279.0,3324,Weekly Grocery Store Specialty Crops Feature Activity,2026-09-26T14:36:16+00:00
926a9606a0fa85ca,2016-02-19,Cucumbers,,each,,,,,No,,,,,,,,0.9,$/each,0.9,per each,Northwest,retail,,,,,,,,415.0,3324,Weekly Grocery Store Specialty Crops Feature Activity,2026-09-26T14:36:16+00:00
465fd23c2dc82670,2016-02-19,Cucumbers,LONG SEEDLESS,each,,,,,No,,,,,,,,1.76,$/each,1.76,per each,Northwest,retail,,,environment=Greenhouse,,,,,47.0,3324,Weekly Grocery Store Specialty Crops Feature Activity,2026-09-26T14:36:16+00:00
2bae697acb0f8651,2016-02-19,Grapes,RED SEEDLESS,per lb,,,,,No,,,,,,,,3.7,$/per lb,3.7,per lb,Northwest,retail,,,,,,,,414.0,3324,Weekly Grocery Store Specialty Crops Feature Activity,2026-09-26T14:36:16+00:00
805907c943093fb5,2016-02-19,Grapes,WHITE SEEDLESS TYPE,per lb,,,,,No,,,,,,,,3.75,$/per lb,3.75,per lb,Northwest,retail,,,,,,,,398.0,3324,Weekly Grocery Store Specialty Crops Feature Activity,2026-09-26T14:36:16+00:00
3f060dfbce4d902d,2016-02-19,Lemons,,2 lb bag,,,,,Yes,,,,,,,,3.09,$/2 lb bag,1.545,per lb,Northwest,retail,,,,,,,,20.0,3324,Weekly Grocery Store Specialty Crops Feature Activity,2026-09-26T14:36:16+00:00
82320c3f5dbe1123,2016-02-19,Lemons,,2 lb bag,,,,,No,,,,,,,,2.99,$/2 lb bag,1.495,per lb,Northwest,retail,,,,,,,,15.0,3324,Weekly Grocery Store Specialty Crops Feature Activity,2026-09-26T14:36:16+00:00
2c96fe2762d5cde0,2016-02-19,Lemons,,each,,,,,Yes,,,,,,,,0.75,$/each,0.75,per each,Northwest,retail,,,,,,,,52.0,3324,Weekly Grocery Store Specialty Crops Feature Activity,2026-09-26T14:36:16+00:00
87ce87b5de248f6b,2016-02-19,Lemons,,each,,,,,No,,,,,,,,0.64,$/each,0.64,per each,Northwest,retail,,,,,,,,113.0,3324,Weekly Grocery Store Specialty Crops Feature Activity,2026-09-26T14:36:16+00:00
3d16472b9f796cde,2016-02-19,Lettuce,Green Leaf,each,,,,,Yes,,,,,,,,1.6,$/each,1.6,per each,Northwest,retail,,,,,,,,10.0,3324,Weekly Grocery Store Specialty Crops Feature Activity,2026-09-26T14:36:16+00:00
98f7fe026241d085,2016-02-19,Lettuce,Green Leaf,each,,,,,No,,,,,,,,1.34,$/each,1.34,per each,Northwest,retail,,,,,,,,94.0,3324,Weekly Grocery Store Specialty Crops Feature Activity,2026-09-26T14:36:16+00:00
640e7b8ee82947f3,2016-02-19,Lettuce,Iceberg,each,,,,,No,,,,,,,,0.93,$/each,0.93,per each,Northwest,retail,,,,,,,,60.0,3324,Weekly Grocery Store Specialty Crops Feature Activity,2026-09-26T14:36:16+00:00
31fd954e71dab430,2016-02-19,Lettuce,Red Leaf,each,,,,,No,,,,,,,,1.34,$/each,1.34,per each,Northwest,retail,,,,,,,,94.0,3324,Weekly Grocery Store Specialty Crops Feature Activity,2026-09-26T14:36:16+00:00
4e74764739591a54,2016-02-19,Lettuce,Red Leaf,each,,,,,Yes,,,,,,,,1.6,$/each,1.6,per each,Northwest,retail,,,,,,,,10.0,3324,Weekly Grocery Store Specialty Crops Feature Activity,2026-09-26T14:36:16+00:00
a4d6f8bf79b84bc0,2016-02-19,Lettuce,Romaine,each,,,,,No,,,,,,,,1.37,$/each,1.37,per each,Northwest,retail,,,,,,,,88.0,3324,Weekly Grocery Store Specialty Crops Feature Activity,2026-09-26T14:36:16+00:00
eeb8e2d00a57bb25,2016-02-19,Lettuce,Romaine,each,,,,,Yes,,,,,,,,2.0,$/each,2.0,per each,Northwest,retail,,,,,,,,2.0,3324,Weekly Grocery Store Specialty Crops Feature Activity,2026-09-26T14:36:16+00:00
a5ba87edb2e3c2d0,2016-02-19,Lettuce,Romaine (Hearts),3 count,,,,,No,,,,,,,,2.99,$/3 count,,,Northwest,retail,,,,,,,,9.0,3324,Weekly Grocery Store Specialty Crops Feature Activity,2026-09-26T14:36:16+00:00
c341a79d7bc81322,2016-02-19,Lettuce,Romaine (Hearts),3 count,,,,,Yes,,,,,,,,3.0,$/3 count,,,Northwest,retail,,,,,,,,279.0,3324,Weekly Grocery Store Specialty Crops Feature Activity,2026-09-26T14:36:16+00:00
cfc4202575143873,2016-02-19,Limes,,each,,,,,No,,,,,,,,0.31,$/each,0.31,per each,Northwest,retail,,,,,,,,415.0,3324,Weekly Grocery Store Specialty Crops Feature Activity,2026-09-26T14:36:16+00:00
6440c217f6a0e7c7,2016-02-19,"Onions, Dry",YELLOW,per lb,,,,,No,,,,,,,,0.44,$/per lb,0.44,per lb,Northwest,retail,,,,,,,,41.0,3324,Weekly Grocery Store Specialty Crops Feature Activity,2026-09-26T14:36:16+00:00
2bda0afa6090ad61,2016-02-19,"Onions, Dry",YELLOW MARKED SWEET,per lb,,,,,No,,,,,,,,1.15,$/per lb,1.15,per lb,Northwest,retail,,,,,,,,126.0,3324,Weekly Grocery Store Specialty Crops Feature Activity,2026-09-26T14:36:16+00:00
a26827755cb964d3,2016-02-19,"Peppers, Bell Type",GREEN,each,,,,,No,,,,,,,,1.0,$/each,1.0,per each,Northwest,retail,,,,,,,,279.0,3324,Weekly Grocery Store Specialty Crops Feature Activity,2026-09-26T14:36:16+00:00
fffd64fa33d9ce36,2016-02-19,"Peppers, Bell Type",GREEN,each,,,,,Yes,,,,,,,,1.5,$/each,1.5,per each,Northwest,retail,,,,,,,,9.0,3324,Weekly Grocery Store Specialty Crops Feature Activity,2026-09-26T14:36:16+00:00
139278981ffedce2,2016-02-19,"Peppers, Bell Type",GREEN,per lb,,,,,Yes,,,,,,,,2.69,$/per lb,2.69,per lb,Northwest,retail,,,,,,,,1.0,3324,Weekly Grocery Store Specialty Crops Feature Activity,2026-09-26T14:36:16+00:00
51b59fd81c5fbf85,2016-02-19,"Peppers, Bell Type",ORANGE,each,,,,,No,,,,,,,,1.41,$/each,1.41,per each,Northwest,retail,,,,,,,,24.0,3324,Weekly Grocery Store Specialty Crops Feature Activity,2026-09-26T14:36:16+00:00
60acf8fb844d6c53,2016-02-19,"Peppers, Bell Type",ORANGE,each,,,,,Yes,,,,,,,,2.0,$/each,2.0,per each,Northwest,retail,,,,,,,,2.0,3324,Weekly Grocery Store Specialty Crops Feature Activity,2026-09-26T14:36:16+00:00
556f09f324814d76,2016-02-19,"Peppers, Bell Type",ORANGE,per lb,,,,,Yes,,,,,,,,3.89,$/per lb,3.89,per lb,Northwest,retail,,,,,,,,1.0,3324,Weekly Grocery Store Specialty Crops Feature Activity,2026-09-26T14:36:16+00:00
a2a418f5ebda13e2,2016-02-19,"Peppers, Bell Type",RED,each,,,,,No,,,,,,,,1.44,$/each,1.44,per each,Northwest,retail,,,,,,,,86.0,3324,Weekly Grocery Store Specialty Crops Feature Activity,2026-09-26T14:36:16+00:00
f3935fd5e297863d,2016-02-19,"Peppers, Bell Type",RED,each,,,,,Yes,,,,,,,,1.75,$/each,1.75,per each,Northwest,retail,,,,,,,,4.0,3324,Weekly Grocery Store Specialty Crops Feature Activity,2026-09-26T14:36:16+00:00
602e7709437bbe22,2016-02-19,"Peppers, Bell Type",RED,per lb,,,,,Yes,,,,,,,,4.89,$/per lb,4.89,per lb,Northwest,retail,,,,,,,,11.0,3324,Weekly Grocery Store Specialty Crops Feature Activity,2026-09-26T14:36:16+00:00
740ffb62e0ffa277,2016-02-19,"Peppers, Bell Type",YELLOW,each,,,,,Yes,,,,,,,,2.0,$/each,2.0,per each,Northwest,retail,,,,,,,,2.0,3324,Weekly Grocery Store Specialty Crops Feature Activity,2026-09-26T14:36:16+00:00
9e789011f9327a41,2016-02-19,"Peppers, Bell Type",YELLOW,each,,,,,No,,,,,,,,1.41,$/each,1.41,per each,Northwest,retail,,,,,,,,24.0,3324,Weekly Grocery Store Specialty Crops Feature Activity,2026-09-26T14:36:16+00:00
2f170d72b5dd5fe6,2016-02-19,"Peppers, Bell Type",YELLOW,per lb,,,,,Yes,,,,,,,,3.89,$/per lb,3.89,per lb,Northwest,retail,,,,,,,,1.0,3324,Weekly Grocery Store Specialty Crops Feature Activity,2026-09-26T14:36:16+00:00
6cf919222f59f262,2016-02-19,Potatoes,ROUND RED,5 lb bag,,,,,No,,,,,,,,2.75,$/5 lb bag,0.55,per lb,Northwest,retail,,,,,,,,23.0,3324,Weekly Grocery Store Specialty Crops Feature Activity,2026-09-26T14:36:16+00:00
dbc3e50e1b4d35fb,2016-02-19,Potatoes,ROUND RED,per lb,,,,,No,,,,,,,,0.89,$/per lb,0.89,per lb,Northwest,retail,,,,,,,,28.0,3324,Weekly Grocery Store Specialty Crops Feature Activity,2026-09-26T14:36:16+00:00
4b3d54a580ad4ff1,2016-02-19,Potatoes,RUSSET,10 lb bag,,,,,No,,,,,,,,1.58,$/10 lb bag,0.158,per lb,Northwest,retail,,,,,,,,95.0,3324,Weekly Grocery Store Specialty Crops Feature Activity,2026-09-26T14:36:16+00:00
fbde8bbd9b0edacb,2016-02-19,Potatoes,RUSSET,3 lb bag,,,,,Yes,,,,,,,,1.99,$/3 lb bag,0.6633,per lb,Northwest,retail,,,,,,,,187.0,3324,Weekly Grocery Store Specialty Crops Feature Activity,2026-09-26T14:36:16+00:00
1d6491c48b67e00a,2016-02-19,Potatoes,RUSSET,5 lb bag,,,,,Yes,,,,,,,,3.99,$/5 lb bag,0.798,per lb,Northwest,retail,,,,,,,,18.0,3324,Weekly Grocery Store Specialty Crops Feature Activity,2026-09-26T14:36:16+00:00
d068418ddc32065b,2016-02-19,Potatoes,RUSSET,5 lb bag,,,,,No,,,,,,,,1.68,$/5 lb bag,0.336,per lb,Northwest,retail,,,,,,,,92.0,3324,Weekly Grocery Store Specialty Crops Feature Activity,2026-09-26T14:36:16+00:00
53c966afb57071e6,2016-02-19,Potatoes,RUSSET,per lb,,,,,No,,,,,,,,0.53,$/per lb,0.53,per lb,Northwest,retail,,,,,,,,440.0,3324,Weekly Grocery Store Specialty Crops Feature Activity,2026-09-26T14:36:16+00:00
a41cd8c96b48bf4d,2016-02-19,Potatoes,RUSSET,per lb,,,,,Yes,,,,,,,,0.79,$/per lb,0.79,per lb,Northwest,retail,,,,,,,,39.0,3324,Weekly Grocery Store Specialty Crops Feature Activity,2026-09-26T14:36:16+00:00
70949b31d44e91db,2016-02-19,Potatoes,YELLOW TYPE,5 lb bag,,,,,Yes,,,,,,,,3.99,$/5 lb bag,0.798,per lb,Northwest,retail,,,,,,,,18.0,3324,Weekly Grocery Store Specialty Crops Feature Activity,2026-09-26T14:36:16+00:00
9db609a19fc30960,2016-02-19,Potatoes,YELLOW TYPE,5 lb bag,,,,,No,,,,,,,,2.75,$/5 lb bag,0.55,per lb,Northwest,retail,,,,,,,,23.0,3324,Weekly Grocery Store Specialty Crops Feature Activity,2026-09-26T14:36:16+00:00
41290af3878563b1,2016-02-19,Potatoes,YELLOW TYPE,per lb,,,,,Yes,,,,,,,,1.25,$/per lb,1.25,per lb,Northwest,retail,,,,,,,,7.0,3324,Weekly Grocery Store Specialty Crops Feature Activity,2026-09-26T14:36:16+00:00
80c74ce686e86fb4,2016-02-19,Potatoes,YELLOW TYPE,per lb,,,,,No,,,,,,,,0.89,$/per lb,0.89,per lb,Northwest,retail,,,,,,,,28.0,3324,Weekly Grocery Store Specialty Crops Feature Activity,2026-09-26T14:36:16+00:00
49007690d326b2e7,2016-02-19,Tomatoes,,per lb,,,,,Yes,,,,,,,,1.99,$/per lb,1.99,per lb,Northwest,retail,,,,,,,,18.0,3324,Weekly Grocery Store Specialty Crops Feature Activity,2026-09-26T14:36:16+00:00
7a80e05fbd70cf13,2016-02-19,Tomatoes,,per lb,,,,,No,,,,,,,,1.14,$/per lb,1.14,per lb,Northwest,retail,,,,,,,,46.0,3324,Weekly Grocery Store Specialty Crops Feature Activity,2026-09-26T14:36:16+00:00
0da352814cab7b88,2016-02-19,Tomatoes,GRAPE TYPE,10 oz package,,,,,No,,,,,,,,1.99,$/10 oz package,3.184,per lb,Northwest,retail,,,,,,,,15.0,3324,Weekly Grocery Store Specialty Crops Feature Activity,2026-09-26T14:36:16+00:00
5617137cbe34bd10,2016-02-19,Tomatoes,Plum Type (Roma),per lb,,,,,Yes,,,,,,,,1.52,$/per lb,1.52,per lb,Northwest,retail,,,,,,,,37.0,3324,Weekly Grocery Store Specialty Crops Feature Activity,2026-09-26T14:36:16+00:00
ab6906d85ac29b76,2016-02-19,Tomatoes,Plum Type (Roma),per lb,,,,,No,,,,,,,,1.33,$/per lb,1.33,per lb,Northwest,retail,,,,,,,,470.0,3324,Weekly Grocery Store Specialty Crops Feature Activity,2026-09-26T14:36:16+00:00
f45f6776f1f5cd92,2016-02-19,Tomatoes,VINE RIPES,per lb,,,,,No,,,,,,,,1.65,$/per lb,1.65,per lb,Northwest,retail,,,environment=Greenhouse,,,,,19.0,3324,Weekly Grocery Store Specialty Crops Feature Activity,2026-09-26T14:36:16+00:00
c34a51301e918c8c,2016-02-19,Tomatoes,VINE RIPES - ON THE VINE,per lb,,,,,Yes,,,,,,,,2.05,$/per lb,2.05,per lb,Northwest,retail,,,environment=Greenhouse,,,,,74.0,3324,Weekly Grocery Store Specialty Crops Feature Activity,2026-09-26T14:36:16+00:00
e3b037a9e1c8c9c4,2016-02-19,Tomatoes,VINE RIPES - ON THE VINE,per lb,,,,,No,,,,,,,,2.99,$/per lb,2.99,per lb,Northwest,retail,,,environment=Greenhouse,,,,,30.0,3324,Weekly Grocery Store Specialty Crops Feature Activity,2026-09-26T14:36:16+00:00
1847437909e0fdfa,2016-02-19,Tomatoes,Vine Ripes - Heirloom Varieties,per lb,,,,,Yes,,,,,,,,3.99,$/per lb,3.99,per lb,Northwest,retail,,,,,,,,10.0,3324,Weekly Grocery Store Specialty Crops Feature Activity,2026-09-26T14:36:16+00:00
257512b0897cc6d0,2016-02-19,Avocados,HASS,each,,,,,No,,,,,,,,1.03,$/each,1.03,per each,Southcentral,retail,,,,,,,,1793.0,3324,Weekly Grocery Store Specialty Crops Feature Activity,2026-09-26T14:36:16+00:00
b860425ebd18bfeb,2016-02-19,Avocados,HASS,each,,,,,Yes,,,,,,,,1.0,$/each,1.0,per each,Southcentral,retail,,,,,,,,211.0,3324,Weekly Grocery Store Specialty Crops Feature Activity,2026-09-26T14:36:16+00:00
06ff81a07e7d3f47,2016-02-19,Bananas,,per lb,,,,,Yes,,,,,,,,0.65,$/per lb,0.65,per lb,Southcentral,retail,,,,,,,,137.0,3324,Weekly Grocery Store Specialty Crops Feature Activity,2026-09-26T14:36:16+00:00
6921d2cb8cdd05b9,2016-02-19,Bananas,,per lb,,,,,No,,,,,,,,0.45,$/per lb,0.45,per lb,Southcentral,retail,,,,,,,,106.0,3324,Weekly Grocery Store Specialty Crops Feature Activity,2026-09-26T14:36:16+00:00
7015c10ec163ed38,2016-02-19,Blueberries,,1 pint package,,,,,No,,,,,,,,2.98,$/1 pint package,,,Southcentral,retail,,,,,,,,904.0,3324,Weekly Grocery Store Specialty Crops Feature Activity,2026-09-26T14:36:16+00:00
36de491f8dbbca17,2016-02-19,Blueberries,,18 oz package,,,,,No,,,,,,,,5.96,$/18 oz package,5.2978,per lb,Southcentral,retail,,,,,,,,164.0,3324,Weekly Grocery Store Specialty Crops Feature Activity,2026-09-26T14:36:16+00:00
5ad931d682aaaac1,2016-02-19,Blueberries,,4.4 oz package,,,,,Yes,,,,,,,,2.99,$/4.4 oz package,10.8727,per lb,Southcentral,retail,,,,,,,,11.0,3324,Weekly Grocery Store Specialty Crops Feature Activity,2026-09-26T14:36:16+00:00
7bca475df914231d,2016-02-19,Blueberries,,6 oz package,,,,,Yes,,,,,,,,4.79,$/6 oz package,12.7733,per lb,Southcentral,retail,,,,,,,,68.0,3324,Weekly Grocery Store Specialty Crops Feature Activity,2026-09-26T14:36:16+00:00
cf4f225dece4c4a0,2016-02-19,Blueberries,,6 oz package,,,,,No,,,,,,,,2.69,$/6 oz package,7.1733,per lb,Southcentral,retail,,,,,,,,61.0,3324,Weekly Grocery Store Specialty Crops Feature Activity,2026-09-26T14:36:16+00:00
a3a7aad583ce9e96,2016-02-19,Broccoli,,per bunch,,,,,Yes,,,,,,,,1.98,$/per bunch,,,Southcentral,retail,,,,,,,,5.0,3324,Weekly Grocery Store Specialty Crops Feature Activity,2026-09-26T14:36:16+00:00
d113ec8b455ee3a1,2016-02-19,Broccoli,,per bunch,,,,,No,,,,,,,,1.99,$/per bunch,,,Southcentral,retail,,,,,,,,87.0,3324,Weekly Grocery Store Specialty Crops Feature Activity,2026-09-26T14:36:16+00:00
81fca92e16f7ac54,2016-02-19,Broccoli,,per lb,,,,,Yes,,,,,,,,1.48,$/per lb,1.48,per lb,Southcentral,retail,,,,,,,,73.0,3324,Weekly Grocery Store Specialty Crops Feature Activity,2026-09-26T14:36:16+00:00
f7003b993a4fc3db,2016-02-19,Broccoli,,per lb,,,,,No,,,,,,,,1.0,$/per lb,1.0,per lb,Southcentral,retail,,,,,,,,127.0,3324,Weekly Grocery Store Specialty Crops Feature Activity,2026-09-26T14:36:16+00:00
f43c7c210d570bb7,2016-02-19,Broccoli,CROWN CUT,per lb,,,,,No,,,,,,,,1.2,$/per lb,1.2,per lb,Southcentral,retail,,,,,,,,409.0,3324,Weekly Grocery Store Specialty Crops Feature Activity,2026-09-26T14:36:16+00:00
674a4d67f720586d,2016-02-19,Carrots,,1 lb bag,,,,,Yes,,,,,,,,0.99,$/1 lb bag,0.99,per lb,Southcentral,retail,,,,,,,,110.0,3324,Weekly Grocery Store Specialty Crops Feature Activity,2026-09-26T14:36:16+00:00
716f5fe017341cda,2016-02-19,Carrots,,1 lb bag,,,,,No,,,,,,,,0.6,$/1 lb bag,0.6,per lb,Southcentral,retail,,,,,,,,125.0,3324,Weekly Grocery Store Specialty Crops Feature Activity,2026-09-26T14:36:16+00:00
1963c2da91347039,2016-02-19,Carrots,,2 lb bag,,,,,No,,,,,,,,1.43,$/2 lb bag,0.715,per lb,Southcentral,retail,,,,,,,,106.0,3324,Weekly Grocery Store Specialty Crops Feature Activity,2026-09-26T14:36:16+00:00
34a96df5b0cd20f7,2016-02-19,Carrots,BABY PEELED,1 lb bag,,,,,No,,,,,,,,1.39,$/1 lb bag,1.39,per lb,Southcentral,retail,,,,,,,,460.0,3324,Weekly Grocery Store Specialty Crops Feature Activity,2026-09-26T14:36:16+00:00
5d09e8c4aa351dd8,2016-02-19,Carrots,BABY PEELED,1 lb bag,,,,,Yes,,,,,,,,1.58,$/1 lb bag,1.58,per lb,Southcentral,retail,,,,,,,,239.0,3324,Weekly Grocery Store Specialty Crops Feature Activity,2026-09-26T14:36:16+00:00
893032b3e118bd92,2016-02-19,Carrots,BABY PEELED,2 lb bag,,,,,No,,,,,,,,2.33,$/2 lb bag,1.165,per lb,Southcentral,retail,,,,,,,,137.0,3324,Weekly Grocery Store Specialty Crops Feature Activity,2026-09-26T14:36:16+00:00
dc75a62090382e6a,2016-02-19,Celery,,each,,,,,No,,,,,,,,1.16,$/each,1.16,per each,Southcentral,retail,,,,,,,,200.0,3324,Weekly Grocery Store Specialty Crops Feature Activity,2026-09-26T14:36:16+00:00
faec7d91dfcdc18a,2016-02-19,Celery,,each,,,,,Yes,,,,,,,,1.48,$/each,1.48,per each,Southcentral,retail,,,,,,,,73.0,3324,Weekly Grocery Store Specialty Crops Feature Activity,2026-09-26T14:36:16+00:00
0b425d39e9daf293,2016-02-19,Cucumbers,,each,,,,,No,,,,,,,,0.67,$/each,0.67,per each,Southcentral,retail,,,,,,,,435.0,3324,Weekly Grocery Store Specialty Crops Feature Activity,2026-09-26T14:36:16+00:00
4deeb895324308de,2016-02-19,Cucumbers,,each,,,,,Yes,,,,,,,,2.0,$/each,2.0,per each,Southcentral,retail,,,,,,,,47.0,3324,Weekly Grocery Store Specialty Crops Feature Activity,2026-09-26T14:36:16+00:00
20677187fa2438d2,2016-02-19,Cucumbers,LONG SEEDLESS,each,,,,,No,,,,,,,,0.67,$/each,0.67,per each,Southcentral,retail,,,environment=Greenhouse,,,,,28.0,3324,Weekly Grocery Store Specialty Crops Feature Activity,2026-09-26T14:36:16+00:00
392f3c31272560dc,2016-02-19,Grapes,BLACK SEEDLESS,per lb,,,,,No,,,,,,,,2.98,$/per lb,2.98,per lb,Southcentral,retail,,,,,,,,73.0,3324,Weekly Grocery Store Specialty Crops Feature Activity,2026-09-26T14:36:16+00:00
85c28cecdcb1d2c0,2016-02-19,Grapes,RED SEEDLESS,per lb,,,,,No,,,,,,,,2.62,$/per lb,2.62,per lb,Southcentral,retail,,,,,,,,722.0,3324,Weekly Grocery Store Specialty Crops Feature Activity,2026-09-26T14:36:16+00:00
6789cdf2d29db572,2016-02-19,Grapes,Red Globe Seeded Type,per lb,,,,,No,,,,,,,,2.03,$/per lb,2.03,per lb,Southcentral,retail,,,,,,,,136.0,3324,Weekly Grocery Store Specialty Crops Feature Activity,2026-09-26T14:36:16+00:00
24e534233f04fa80,2016-02-19,Grapes,WHITE SEEDLESS TYPE,per lb,,,,,No,,,,,,,,2.54,$/per lb,2.54,per lb,Southcentral,retail,,,,,,,,517.0,3324,Weekly Grocery Store Specialty Crops Feature Activity,2026-09-26T14:36:16+00:00
0d977f576946bb4c,2016-02-19,Lemons,,2 lb bag,,,,,Yes,,,,,,,,2.99,$/2 lb bag,1.495,per lb,Southcentral,retail,,,,,,,,68.0,3324,Weekly Grocery Store Specialty Crops Feature Activity,2026-09-26T14:36:16+00:00
e3f5d351b5b69588,2016-02-19,Lemons,,2 lb bag,,,,,No,,,,,,,,3.49,$/2 lb bag,1.745,per lb,Southcentral,retail,,,,,,,,54.0,3324,Weekly Grocery Store Specialty Crops Feature Activity,2026-09-26T14:36:16+00:00
d92047db14653300,2016-02-19,Lemons,,each,,,,,No,,,,,,,,0.38,$/each,0.38,per each,Southcentral,retail,,,,,,,,394.0,3324,Weekly Grocery Store Specialty Crops Feature Activity,2026-09-26T14:36:16+00:00
e09699fe07be9d6d,2016-02-19,Lemons,,each,,,,,Yes,,,,,,,,0.61,$/each,0.61,per each,Southcentral,retail,,,,,,,,426.0,3324,Weekly Grocery Store Specialty Crops Feature Activity,2026-09-26T14:36:16+00:00
61aad3e2ef3a114f,2016-02-19,Lemons,,per lb,,,,,No,,,,,,,,1.55,$/per lb,1.55,per lb,Southcentral,retail,,,,,,,,41.0,3324,Weekly Grocery Store Specialty Crops Feature Activity,2026-09-26T14:36:16+00:00
1785fcd1bf50ea4c,2016-02-19,Lettuce,Green Leaf,each,,,,,Yes,,,,,,,,1.99,$/each,1.99,per each,Southcentral,retail,,,,,,,,126.0,3324,Weekly Grocery Store Specialty Crops Feature Activity,2026-09-26T14:36:16+00:00
bf837163b9070fc4,2016-02-19,Lettuce,Green Leaf,each,,,,,No,,,,,,,,1.25,$/each,1.25,per each,Southcentral,retail,,,,,,,,564.0,3324,Weekly Grocery Store Specialty Crops Feature Activity,2026-09-26T14:36:16+00:00
806ec9785b1b3906,2016-02-19,Lettuce,Iceberg,each,,,,,Yes,,,,,,,,1.99,$/each,1.99,per each,Southcentral,retail,,,,,,,,11.0,3324,Weekly Grocery Store Specialty Crops Feature Activity,2026-09-26T14:36:16+00:00
edb32126a432782f,2016-02-19,Lettuce,Iceberg,each,,,,,No,,,,,,,,1.04,$/each,1.04,per each,Southcentral,retail,,,,,,,,346.0,3324,Weekly Grocery Store Specialty Crops Feature Activity,2026-09-26T14:36:16+00:00
7a55f1fb78d0fe65,2016-02-19,Lettuce,Red Leaf,each,,,,,No,,,,,,,,1.27,$/each,1.27,per each,Southcentral,retail,,,,,,,,509.0,3324,Weekly Grocery Store Specialty Crops Feature Activity,2026-09-26T14:36:16+00:00
9b5bbeaf95795a4a,2016-02-19,Lettuce,Red Leaf,each,,,,,Yes,,,,,,,,1.99,$/each,1.99,per each,Southcentral,retail,,,,,,,,126.0,3324,Weekly Grocery Store Specialty Crops Feature Activity,2026-09-26T14:36:16+00:00
0a9f29c7a471ff11,2016-02-19,Lettuce,Romaine,each,,,,,No,,,,,,,,1.27,$/each,1.27,per each,Southcentral,retail,,,,,,,,468.0,3324,Weekly Grocery Store Specialty Crops Feature Activity,2026-09-26T14:36:16+00:00
e5d61c2f1cd2c5f0,2016-02-19,Lettuce,Romaine (Hearts),3 count,,,,,No,,,,,,,,2.91,$/3 count,,,Southcentral,retail,,,,,,,,65.0,3324,Weekly Grocery Store Specialty Crops Feature Activity,2026-09-26T14:36:16+00:00
f8c3e884cf18976d,2016-02-19,Lettuce,Romaine (Hearts),3 count,,,,,Yes,,,,,,,,3.21,$/3 count,,,Southcentral,retail,,,,,,,,394.0,3324,Weekly Grocery Store Specialty Crops Feature Activity,2026-09-26T14:36:16+00:00
b04c97c124cc69a6,2016-02-19,Limes,,each,,,,,No,,,,,,,,0.15,$/each,0.15,per each,Southcentral,retail,,,,,,,,110.0,3324,Weekly Grocery Store Specialty Crops Feature Activity,2026-09-26T14:36:16+00:00
7090d605626879da,2016-02-19,"Onions, Dry",RED,per lb,,,,,No,,,,,,,,1.49,$/per lb,1.49,per lb,Southcentral,retail,,,,,,,,54.0,3324,Weekly Grocery Store Specialty Crops Feature Activity,2026-09-26T14:36:16+00:00
f7fae8693c47172d,2016-02-19,"Onions, Dry",RED,per lb,,,,,Yes,,,,,,,,0.79,$/per lb,0.79,per lb,Southcentral,retail,,,,,,,,68.0,3324,Weekly Grocery Store Specialty Crops Feature Activity,2026-09-26T14:36:16+00:00
505b506046a35966,2016-02-19,"Onions, Dry",WHITE,per lb,,,,,No,,,,,,,,1.34,$/per lb,1.34,per lb,Southcentral,retail,,,,,,,,62.0,3324,Weekly Grocery Store Specialty Crops Feature Activity,2026-09-26T14:36:16+00:00
41923fd5a386a6e3,2016-02-19,"Onions, Dry",YELLOW,3 lb bag,,,,,No,,,,,,,,1.94,$/3 lb bag,0.6467,per lb,Southcentral,retail,,,,,,,,209.0,3324,Weekly Grocery Store Specialty Crops Feature Activity,2026-09-26T14:36:16+00:00
5a7a43065dce576e,2016-02-19,"Onions, Dry",YELLOW,3 lb bag,,,,,Yes,,,,,,,,2.98,$/3 lb bag,0.9933,per lb,Southcentral,retail,,,,,,,,5.0,3324,Weekly Grocery Store Specialty Crops Feature Activity,2026-09-26T14:36:16+00:00
4bc6b7c54550379f,2016-02-19,"Onions, Dry",YELLOW,per lb,,,,,No,,,,,,,,0.64,$/per lb,0.64,per lb,Southcentral,retail,,,,,,,,449.0,3324,Weekly Grocery Store Specialty Crops Feature Activity,2026-09-26T14:36:16+00:00
e284701cd6d1e854,2016-02-19,"Onions, Dry",YELLOW MARKED SWEET,3 lb bag,,,,,No,,,,,,,,3.29,$/3 lb bag,1.0967,per lb,Southcentral,retail,,,,,,,,42.0,3324,Weekly Grocery Store Specialty Crops Feature Activity,2026-09-26T14:36:16+00:00
1fda49ca56c17aec,2016-02-19,"Onions, Dry",YELLOW MARKED SWEET,per lb,,,,,Yes,,,,,,,,0.98,$/per lb,0.98,per lb,Southcentral,retail,,,,,,,,5.0,3324,Weekly Grocery Store Specialty Crops Feature Activity,2026-09-26T14:36:16+00:00
9cf04d47f83f0aa6,2016-02-19,"Onions, Dry",YELLOW MARKED SWEET,per lb,,,,,No,,,,,,,,1.1,$/per lb,1.1,per lb,Southcentral,retail,,,,,,,,554.0,3324,Weekly Grocery Store Specialty Crops Feature Activity,2026-09-26T14:36:16+00:00
b22038ab2edd122f,2016-02-19,"Peppers, Bell Type",GREEN,each,,,,,No,,,,,,,,0.73,$/each,0.73,per each,Southcentral,retail,,,,,,,,207.0,3324,Weekly Grocery Store Specialty Crops Feature Activity,2026-09-26T14:36:16+00:00
62e68f7fc4970c86,2016-02-19,"Peppers, Bell Type",ORANGE,each,,,,,No,,,,,,,,1.5,$/each,1.5,per each,Southcentral,retail,,,,,,,,290.0,3324,Weekly Grocery Store Specialty Crops Feature Activity,2026-09-26T14:36:16+00:00
87ce97b3c855c61b,2016-02-19,"Peppers, Bell Type",ORANGE,each,,,,,No,,,,,,,,1.5,$/each,1.5,per each,Southcentral,retail,,,environment=Greenhouse,,,,,54.0,3324,Weekly Grocery Store Specialty Crops Feature Activity,2026-09-26T14:36:16+00:00
889b1203d7b04284,2016-02-19,"Peppers, Bell Type",ORANGE,each,,,,,Yes,,,,,,,,1.98,$/each,1.98,per each,Southcentral,retail,,,,,,,,5.0,3324,Weekly Grocery Store Specialty Crops Feature Activity,2026-09-26T14:36:16+00:00
2acb461f2577ce61,2016-02-19,"Peppers, Bell Type",RED,each,,,,,Yes,,,,,,,,1.98,$/each,1.98,per each,Southcentral,retail,,,,,,,,5.0,3324,Weekly Grocery Store Specialty Crops Feature Activity,2026-09-26T14:36:16+00:00
9075f8fedb468606,2016-02-19,"Peppers, Bell Type",RED,each,,,,,No,,,,,,,,1.32,$/each,1.32,per each,Southcentral,retail,,,,,,,,559.0,3324,Weekly Grocery Store Specialty Crops Feature Activity,2026-09-26T14:36:16+00:00
fe8ede63a3683a24,2016-02-19,"Peppers, Bell Type",RED,each,,,,,No,,,,,,,,1.5,$/each,1.5,per each,Southcentral,retail,,,environment=Greenhouse,,,,,54.0,3324,Weekly Grocery Store Specialty Crops Feature Activity,2026-09-26T14:36:16+00:00
4b68279663505dcb,2016-02-19,"Peppers, Bell Type",YELLOW,each,,,,,Yes,,,,,,,,1.98,$/each,1.98,per each,Southcentral,retail,,,,,,,,5.0,3324,Weekly Grocery Store Specialty Crops Feature Activity,2026-09-26T14:36:16+00:00
4f9b9c95e1e5a023,2016-02-19,"Peppers, Bell Type",YELLOW,each,,,,,No,,,,,,,,1.5,$/each,1.5,per each,Southcentral,retail,,,,,,,,290.0,3324,Weekly Grocery Store Specialty Crops Feature Activity,2026-09-26T14:36:16+00:00
b69f4cfae42339a0,2016-02-19,"Peppers, Bell Type",YELLOW,each,,,,,No,,,,,,,,1.5,$/each,1.5,per each,Southcentral,retail,,,environment=Greenhouse,,,,,54.0,3324,Weekly Grocery Store Specialty Crops Feature Activity,2026-09-26T14:36:16+00:00
3fe6db166f67467d,2016-02-19,Potatoes,ROUND RED,3 lb bag,,,,,No,,,,,,,,2.5,$/3 lb bag,0.8333,per lb,Southcentral,retail,,,,,,,,61.0,3324,Weekly Grocery Store Specialty Crops Feature Activity,2026-09-26T14:36:16+00:00
3130f4378b6a2dc4,2016-02-19,Potatoes,ROUND RED,5 lb bag,,,,,No,,,,,,,,1.64,$/5 lb bag,0.328,per lb,Southcentral,retail,,,,,,,,391.0,3324,Weekly Grocery Store Specialty Crops Feature Activity,2026-09-26T14:36:16+00:00
c5fa87850ccfb99d,2016-02-19,Potatoes,ROUND RED,per lb,,,,,No,,,,,,,,0.86,$/per lb,0.86,per lb,Southcentral,retail,,,,,,,,79.0,3324,Weekly Grocery Store Specialty Crops Feature Activity,2026-09-26T14:36:16+00:00
9929feb381fb5ba0,2016-02-19,Potatoes,ROUND WHITE,5 lb bag,,,,,No,,,,,,,,2.0,$/5 lb bag,0.4,per lb,Southcentral,retail,,,,,,,,52.0,3324,Weekly Grocery Store Specialty Crops Feature Activity,2026-09-26T14:36:16+00:00
5b21d08e4e4250e6,2016-02-19,Potatoes,RUSSET,10 lb bag,,,,,No,,,,,,,,2.93,$/10 lb bag,0.293,per lb,Southcentral,retail,,,,,,,,485.0,3324,Weekly Grocery Store Specialty Crops Feature Activity,2026-09-26T14:36:16+00:00
4add407c80030755,2016-02-19,Potatoes,RUSSET,3 lb bag,,,,,Yes,,,,,,,,1.99,$/3 lb bag,0.6633,per lb,Southcentral,retail,,,,,,,,210.0,3324,Weekly Grocery Store Specialty Crops Feature Activity,2026-09-26T14:36:16+00:00
3dc471e6093269b7,2016-02-19,Potatoes,RUSSET,5 lb bag,,,,,No,,,,,,,,1.81,$/5 lb bag,0.362,per lb,Southcentral,retail,,,,,,,,333.0,3324,Weekly Grocery Store Specialty Crops Feature Activity,2026-09-26T14:36:16+00:00
dac2f332e9e22564,2016-02-19,Potatoes,RUSSET,5 lb bag,,,,,Yes,,,,,,,,3.54,$/5 lb bag,0.708,per lb,Southcentral,retail,,,,,,,,124.0,3324,Weekly Grocery Store Specialty Crops Feature Activity,2026-09-26T14:36:16+00:00
c48d529c74665f07,2016-02-19,Potatoes,RUSSET,8 lb bag,,,,,No,,,,,,,,1.79,$/8 lb bag,0.2238,per lb,Southcentral,retail,,,,,,,,169.0,3324,Weekly Grocery Store Specialty Crops Feature Activity,2026-09-26T14:36:16+00:00
dcc516b59b923a0d,2016-02-19,Potatoes,RUSSET,per lb,,,,,No,,,,,,,,0.65,$/per lb,0.65,per lb,Southcentral,retail,,,,,,,,251.0,3324,Weekly Grocery Store Specialty Crops Feature Activity,2026-09-26T14:36:16+00:00
24d5c858376a3479,2016-02-19,Potatoes,YELLOW TYPE,3 lb bag,,,,,Yes,,,,,,,,2.98,$/3 lb bag,0.9933,per lb,Southcentral,retail,,,,,,,,5.0,3324,Weekly Grocery Store Specialty Crops Feature Activity,2026-09-26T14:36:16+00:00
9bab6b12113dd3b3,2016-02-19,Potatoes,YELLOW TYPE,5 lb bag,,,,,No,,,,,,,,2.29,$/5 lb bag,0.458,per lb,Southcentral,retail,,,,,,,,140.0,3324,Weekly Grocery Store Specialty Crops Feature Activity,2026-09-26T14:36:16+00:00
bb56d5b33d2003fa,2016-02-19,Potatoes,YELLOW TYPE,5 lb bag,,,,,Yes,,,,,,,,3.99,$/5 lb bag,0.798,per lb,Southcentral,retail,,,,,,,,68.0,3324,Weekly Grocery Store Specialty Crops Feature Activity,2026-09-26T14:36:16+00:00
8232d5125efe15f8,2016-02-19,Strawberries,,1 lb package,,,,,No,,,,,,,,2.9,$/1 lb package,2.9,per lb,Southcentral,retail,,,,,,,,782.0,3324,Weekly Grocery Store Specialty Crops Feature Activity,2026-09-26T14:36:16+00:00
1ecff6e05a17156b,2016-02-19,Tomatoes,,per lb,,,,,Yes,,,,,,,,1.99,$/per lb,1.99,per lb,Southcentral,retail,,,,,,,,68.0,3324,Weekly Grocery Store Specialty Crops Feature Activity,2026-09-26T14:36:16+00:00
995c763909c96503,2016-02-19,Tomatoes,,per lb,,,,,No,,,,,,,,1.68,$/per lb,1.68,per lb,Southcentral,retail,,,,,,,,110.0,3324,Weekly Grocery Store Specialty Crops Feature Activity,2026-09-26T14:36:16+00:00
6f82b0564762c40d,2016-02-19,Tomatoes,GRAPE TYPE,1 pint package,,,,,No,,,,,,,,2.15,$/1 pint package,,,Southcentral,retail,,,,,,,,180.0,3324,Weekly Grocery Store Specialty Crops Feature Activity,2026-09-26T14:36:16+00:00
ff4e9bf5e379cf15,2016-02-19,Tomatoes,GRAPE TYPE,1 pint package,,,,,Yes,,,,,,,,2.59,$/1 pint package,,,Southcentral,retail,,,,,,,,124.0,3324,Weekly Grocery Store Specialty Crops Feature Activity,2026-09-26T14:36:16+00:00
75704134323cd302,2016-02-19,Tomatoes,GRAPE TYPE,10 oz package,,,,,No,,,,,,,,2.99,$/10 oz package,4.784,per lb,Southcentral,retail,,,,,,,,38.0,3324,Weekly Grocery Store Specialty Crops Feature Activity,2026-09-26T14:36:16+00:00
2723fa50d4ee1a06,2016-02-19,Tomatoes,Plum Type (Roma),per lb,,,,,No,,,,,,,,1.01,$/per lb,1.01,per lb,Southcentral,retail,,,,,,,,828.0,3324,Weekly Grocery Store Specialty Crops Feature Activity,2026-09-26T14:36:16+00:00
0f2c2a0d2f6e5595,2016-02-19,Tomatoes,VINE RIPES,per lb,,,,,No,,,,,,,,1.29,$/per lb,1.29,per lb,Southcentral,retail,,,environment=Greenhouse,,,,,51.0,3324,Weekly Grocery Store Specialty Crops Feature Activity,2026-09-26T14:36:16+00:00
9a75d2316553d68e,2016-02-19,Tomatoes,VINE RIPES,per lb,,,,,No,,,,,,,,1.99,$/per lb,1.99,per lb,Southcentral,retail,,,,,,,,73.0,3324,Weekly Grocery Store Specialty Crops Feature Activity,2026-09-26T14:36:16+00:00
cd6780e55ac792af,2016-02-19,Tomatoes,VINE RIPES - ON THE VINE,per lb,,,,,Yes,,,,,,,,2.86,$/per lb,2.86,per lb,Southcentral,retail,,,environment=Greenhouse,,,,,42.0,3324,Weekly Grocery Store Specialty Crops Feature Activity,2026-09-26T14:36:16+00:00
f7ad6906f5bc4f05,2016-02-19,Tomatoes,VINE RIPES - ON THE VINE,per lb,,,,,No,,,,,,,,2.11,$/per lb,2.11,per lb,Southcentral,retail,,,environment=Greenhouse,,,,,47.0,3324,Weekly Grocery Store Specialty Crops Feature Activity,2026-09-26T14:36:16+00:00
a7f7eafe07cc3f4b,2016-02-19,Avocados,HASS,each,,,,,Yes,,,,,,,,1.36,$/each,1.36,per each,Southeast,retail,,,,,,,,283.0,3324,Weekly Grocery Store Specialty Crops Feature Activity,2026-09-26T14:36:16+00:00
fc04d60a7c44eeb4,2016-02-19,Avocados,HASS,each,,,,,No,,,,,,,,1.18,$/each,1.18,per each,Southeast,retail,,,,,,,,1345.0,3324,Weekly Grocery Store Specialty Crops Feature Activity,2026-09-26T14:36:16+00:00
4521b4deede59cf4,2016-02-19,Bananas,,per lb,,,,,No,,,,,,,,0.47,$/per lb,0.47,per lb,Southeast,retail,,,,,,,,266.0,3324,Weekly Grocery Store Specialty Crops Feature Activity,2026-09-26T14:36:16+00:00
9f754951715f59e1,2016-02-19,Bananas,,per lb,,,,,Yes,,,,,,,,0.7,$/per lb,0.7,per lb,Southeast,retail,,,,,,,,525.0,3324,Weekly Grocery Store Specialty Crops Feature Activity,2026-09-26T14:36:16+00:00
2b17fb40741e990f,2016-02-19,Blueberries,,1 pint package,,,,,No,,,,,,,,3.28,$/1 pint package,,,Southeast,retail,,,,,,,,2690.0,3324,Weekly Grocery Store Specialty Crops Feature Activity,2026-09-26T14:36:16+00:00
37525129ff7f707a,2016-02-19,Blueberries,,18 oz package,,,,,No,,,,,,,,6.99,$/18 oz package,6.2133,per lb,Southeast,retail,,,,,,,,104.0,3324,Weekly Grocery Store Specialty Crops Feature Activity,2026-09-26T14:36:16+00:00
fa468e48f1fab3bc,2016-02-19,Blueberries,,4.4 oz package,,,,,Yes,,,,,,,,3.99,$/4.4 oz package,14.5091,per lb,Southeast,retail,,,,,,,,308.0,3324,Weekly Grocery Store Specialty Crops Feature Activity,2026-09-26T14:36:16+00:00
b5da17d85663843b,2016-02-19,Blueberries,,6 oz package,,,,,Yes,,,,,,,,3.99,$/6 oz package,10.64,per lb,Southeast,retail,,,,,,,,17.0,3324,Weekly Grocery Store Specialty Crops Feature Activity,2026-09-26T14:36:16+00:00
e987def9f70b899c,2016-02-19,Blueberries,,6 oz package,,,,,No,,,,,,,,2.92,$/6 oz package,7.7867,per lb,Southeast,retail,,,,,,,,47.0,3324,Weekly Grocery Store Specialty Crops Feature Activity,2026-09-26T14:36:16+00:00
24dd7d8d9fdb0e31,2016-02-19,Broccoli,,per bunch,,,,,No,,,,,,,,2.42,$/per bunch,,,Southeast,retail,,,,,,,,1278.0,3324,Weekly Grocery Store Specialty Crops Feature Activity,2026-09-26T14:36:16+00:00
596af3256cb171c5,2016-02-19,Broccoli,,per bunch,,,,,Yes,,,,,,,,3.16,$/per bunch,,,Southeast,retail,,,,,,,,256.0,3324,Weekly Grocery Store Specialty Crops Feature Activity,2026-09-26T14:36:16+00:00
003a5a0717dc7976,2016-02-19,Broccoli,,per lb,,,,,Yes,,,,,,,,2.17,$/per lb,2.17,per lb,Southeast,retail,,,,,,,,83.0,3324,Weekly Grocery Store Specialty Crops Feature Activity,2026-09-26T14:36:16+00:00
287136ba5367c005,2016-02-19,Broccoli,,per lb,,,,,No,,,,,,,,2.49,$/per lb,2.49,per lb,Southeast,retail,,,,,,,,60.0,3324,Weekly Grocery Store Specialty Crops Feature Activity,2026-09-26T14:36:16+00:00
94c33e6e45c66809,2016-02-19,Broccoli,CROWN CUT,per lb,,,,,No,,,,,,,,1.72,$/per lb,1.72,per lb,Southeast,retail,,,,,,,,1797.0,3324,Weekly Grocery Store Specialty Crops Feature Activity,2026-09-26T14:36:16+00:00
9089907281421ce6,2016-02-19,Carrots,,1 lb bag,,,,,No,,,,,,,,0.9,$/1 lb bag,0.9,per lb,Southeast,retail,,,,,,,,325.0,3324,Weekly Grocery Store Specialty Crops Feature Activity,2026-09-26T14:36:16+00:00
45cb94492c832de3,2016-02-19,Carrots,,2 lb bag,,,,,No,,,,,,,,0.71,$/2 lb bag,0.355,per lb,Southeast,retail,,,,,,,,265.0,3324,Weekly Grocery Store Specialty Crops Feature Activity,2026-09-26T14:36:16+00:00
3c5c28d7054d9931,2016-02-19,Carrots,,per lb,,,,,Yes,,,,,,,,3.99,$/per lb,3.99,per lb,Southeast,retail,,,,,,,,90.0,3324,Weekly Grocery Store Specialty Crops Feature Activity,2026-09-26T14:36:16+00:00
2ce2ddc843588de5,2016-02-19,Carrots,BABY PEELED,1 lb bag,,,,,Yes,,,,,,,,1.5,$/1 lb bag,1.5,per lb,Southeast,retail,,,,,,,,1311.0,3324,Weekly Grocery Store Specialty Crops Feature Activity,2026-09-26T14:36:16+00:00
a0e82ff9774e2f50,2016-02-19,Carrots,BABY PEELED,1 lb bag,,,,,No,,,,,,,,1.19,$/1 lb bag,1.19,per lb,Southeast,retail,,,,,,,,1032.0,3324,Weekly Grocery Store Specialty Crops Feature Activity,2026-09-26T14:36:16+00:00
08e67c4633dc0786,2016-02-19,Carrots,BABY PEELED,2 lb bag,,,,,No,,,,,,,,2.0,$/2 lb bag,1.0,per lb,Southeast,retail,,,,,,,,95.0,3324,Weekly Grocery Store Specialty Crops Feature Activity,2026-09-26T14:36:16+00:00
268b6cf520cddc46,2016-02-19,Carrots,BABY PEELED,2 lb bag,,,,,Yes,,,,,,,,2.49,$/2 lb bag,1.245,per lb,Southeast,retail,,,,,,,,42.0,3324,Weekly Grocery Store Specialty Crops Feature Activity,2026-09-26T14:36:16+00:00
576a8db8ee82847a,2016-02-19,Celery,,each,,,,,No,,,,,,,,1.22,$/each,1.22,per each,Southeast,retail,,,,,,,,63.0,3324,Weekly Grocery Store Specialty Crops Feature Activity,2026-09-26T14:36:16+00:00
73996615d65f3f1a,2016-02-19,Celery,,each,,,,,Yes,,,,,,,,2.79,$/each,2.79,per each,Southeast,retail,,,,,,,,17.0,3324,Weekly Grocery Store Specialty Crops Feature Activity,2026-09-26T14:36:16+00:00
9eccc13436173aaf,2016-02-19,Celery,HEARTS,each,,,,,No,,,,,,,,2.99,$/each,2.99,per each,Southeast,retail,,,,,,,,214.0,3324,Weekly Grocery Store Specialty Crops Feature Activity,2026-09-26T14:36:16+00:00
d3cf2d0892186e21,2016-02-19,Cucumbers,,each,,,,,No,,,,,,,,0.51,$/each,0.51,per each,Southeast,retail,,,,,,,,1055.0,3324,Weekly Grocery Store Specialty Crops Feature Activity,2026-09-26T14:36:16+00:00
7ad5fd2ac9db15e3,2016-02-19,Cucumbers,LONG SEEDLESS,each,,,,,No,,,,,,,,1.19,$/each,1.19,per each,Southeast,retail,,,environment=Greenhouse,,,,,271.0,3324,Weekly Grocery Store Specialty Crops Feature Activity,2026-09-26T14:36:16+00:00
ab94a8b410a3ce2d,2016-02-19,Grapes,RED SEEDLESS,per lb,,,,,No,,,,,,,,2.39,$/per lb,2.39,per lb,Southeast,retail,,,,,,,,2738.0,3324,Weekly Grocery Store Specialty Crops Feature Activity,2026-09-26T14:36:16+00:00
6c440d4b4175d9d2,2016-02-19,Grapes,Red Globe Seeded Type,per lb,,,,,No,,,,,,,,2.17,$/per lb,2.17,per lb,Southeast,retail,,,,,,,,996.0,3324,Weekly Grocery Store Specialty Crops Feature Activity,2026-09-26T14:36:16+00:00
bdb5943d63f430f9,2016-02-19,Grapes,WHITE SEEDLESS TYPE,per lb,,,,,No,,,,,,,,2.45,$/per lb,2.45,per lb,Southeast,retail,,,,,,,,759.0,3324,Weekly Grocery Store Specialty Crops Feature Activity,2026-09-26T14:36:16+00:00
b9a687e2d9da50d6,2016-02-19,Lemons,,2 lb bag,,,,,No,,,,,,,,2.99,$/2 lb bag,1.495,per lb,Southeast,retail,,,,,,,,901.0,3324,Weekly Grocery Store Specialty Crops Feature Activity,2026-09-26T14:36:16+00:00
3a5e565ef7c40e44,2016-02-19,Lemons,,each,,,,,Yes,,,,,,,,0.7,$/each,0.7,per each,Southeast,retail,,,,,,,,231.0,3324,Weekly Grocery Store Specialty Crops Feature Activity,2026-09-26T14:36:16+00:00
e5ecf05675773669,2016-02-19,Lemons,,each,,,,,No,,,,,,,,0.43,$/each,0.43,per each,Southeast,retail,,,,,,,,130.0,3324,Weekly Grocery Store Specialty Crops Feature Activity,2026-09-26T14:36:16+00:00
7feae7e75e200758,2016-02-19,Lettuce,Green Leaf,each,,,,,Yes,,,,,,,,2.0,$/each,2.0,per each,Southeast,retail,,,,,,,,214.0,3324,Weekly Grocery Store Specialty Crops Feature Activity,2026-09-26T14:36:16+00:00
f9f8ff031010e946,2016-02-19,Lettuce,Green Leaf,each,,,,,No,,,,,,,,1.01,$/each,1.01,per each,Southeast,retail,,,,,,,,215.0,3324,Weekly Grocery Store Specialty Crops Feature Activity,2026-09-26T14:36:16+00:00
a384f1d8dc595271,2016-02-19,Lettuce,Iceberg,each,,,,,No,,,,,,,,1.22,$/each,1.22,per each,Southeast,retail,,,,,,,,1477.0,3324,Weekly Grocery Store Specialty Crops Feature Activity,2026-09-26T14:36:16+00:00
d39ed133ef1ec1a7,2016-02-19,Lettuce,Iceberg,per lb,,,,,No,,,,,,,,1.49,$/per lb,1.49,per lb,Southeast,retail,,,,,,,,4.0,3324,Weekly Grocery Store Specialty Crops Feature Activity,2026-09-26T14:36:16+00:00
5e799dd9558c2e1c,2016-02-19,Lettuce,Red Leaf,each,,,,,No,,,,,,,,1.01,$/each,1.01,per each,Southeast,retail,,,,,,,,215.0,3324,Weekly Grocery Store Specialty Crops Feature Activity,2026-09-26T14:36:16+00:00
ad544916b0b07d92,2016-02-19,Lettuce,Red Leaf,each,,,,,Yes,,,,,,,,2.0,$/each,2.0,per each,Southeast,retail,,,,,,,,214.0,3324,Weekly Grocery Store Specialty Crops Feature Activity,2026-09-26T14:36:16+00:00
0596a183a33b5944,2016-02-19,Lettuce,Romaine,each,,,,,Yes,,,,,,,,2.0,$/each,2.0,per each,Southeast,retail,,,,,,,,214.0,3324,Weekly Grocery Store Specialty Crops Feature Activity,2026-09-26T14:36:16+00:00
f432513401f7b361,2016-02-19,Lettuce,Romaine,each,,,,,No,,,,,,,,1.01,$/each,1.01,per each,Southeast,retail,,,,,,,,215.0,3324,Weekly Grocery Store Specialty Crops Feature Activity,2026-09-26T14:36:16+00:00
40eecd76157059ca,2016-02-19,Lettuce,Romaine,per lb,,,,,No,,,,,,,,0.99,$/per lb,0.99,per lb,Southeast,retail,,,,,,,,2.0,3324,Weekly Grocery Store Specialty Crops Feature Activity,2026-09-26T14:36:16+00:00
2ba8482638f5fe2e,2016-02-19,Lettuce,Romaine (Hearts),3 count,,,,,No,,,,,,,,2.42,$/3 count,,,Southeast,retail,,,,,,,,1261.0,3324,Weekly Grocery Store Specialty Crops Feature Activity,2026-09-26T14:36:16+00:00
3a59a3cbf9f3d915,2016-02-19,Lettuce,Romaine (Hearts),3 count,,,,,Yes,,,,,,,,3.38,$/3 count,,,Southeast,retail,,,,,,,,353.0,3324,Weekly Grocery Store Specialty Crops Feature Activity,2026-09-26T14:36:16+00:00
b8429dd47ff3dc32,2016-02-19,Limes,,each,,,,,No,,,,,,,,0.14,$/each,0.14,per each,Southeast,retail,,,,,,,,2.0,3324,Weekly Grocery Store Specialty Crops Feature Activity,2026-09-26T14:36:16+00:00
356c0f02cebc9657,2016-02-19,"Onions, Dry",RED,per lb,,,,,No,,,,,,,,1.01,$/per lb,1.01,per lb,Southeast,retail,,,,,,,,1043.0,3324,Weekly Grocery Store Specialty Crops Feature Activity,2026-09-26T14:36:16+00:00
6214c274e508bc33,2016-02-19,"Onions, Dry",WHITE,2 lb bag,,,,,No,,,,,,,,1.29,$/2 lb bag,0.645,per lb,Southeast,retail,,,,,,,,15.0,3324,Weekly Grocery Store Specialty Crops Feature Activity,2026-09-26T14:36:16+00:00
a80fadfd4add9301,2016-02-19,"Onions, Dry",WHITE,per lb,,,,,No,,,,,,,,0.54,$/per lb,0.54,per lb,Southeast,retail,,,,,,,,250.0,3324,Weekly Grocery Store Specialty Crops Feature Activity,2026-09-26T14:36:16+00:00
252ed5131c8bec53,2016-02-19,"Onions, Dry",YELLOW,2 lb bag,,,,,No,,,,,,,,1.14,$/2 lb bag,0.57,per lb,Southeast,retail,,,,,,,,90.0,3324,Weekly Grocery Store Specialty Crops Feature Activity,2026-09-26T14:36:16+00:00
43405d42cbda3042,2016-02-19,"Onions, Dry",YELLOW,3 lb bag,,,,,No,,,,,,,,2.09,$/3 lb bag,0.6967,per lb,Southeast,retail,,,,,,,,410.0,3324,Weekly Grocery Store Specialty Crops Feature Activity,2026-09-26T14:36:16+00:00
d40aabc41bf276c4,2016-02-19,"Onions, Dry",YELLOW,3 lb bag,,,,,Yes,,,,,,,,3.36,$/3 lb bag,1.12,per lb,Southeast,retail,,,,,,,,199.0,3324,Weekly Grocery Store Specialty Crops Feature Activity,2026-09-26T14:36:16+00:00
f99f40889fcd74e5,2016-02-19,"Onions, Dry",YELLOW,5 lb bag,,,,,No,,,,,,,,3.99,$/5 lb bag,0.798,per lb,Southeast,retail,,,,,,,,35.0,3324,Weekly Grocery Store Specialty Crops Feature Activity,2026-09-26T14:36:16+00:00
1db477c4ab3b79bc,2016-02-19,"Onions, Dry",YELLOW,per lb,,,,,No,,,,,,,,1.0,$/per lb,1.0,per lb,Southeast,retail,,,,,,,,114.0,3324,Weekly Grocery Store Specialty Crops Feature Activity,2026-09-26T14:36:16+00:00
f9b3a7b0b5cbf698,2016-02-19,"Onions, Dry",YELLOW MARKED SWEET,2 lb bag,,,,,No,,,,,,,,1.13,$/2 lb bag,0.565,per lb,Southeast,retail,,,,,,,,339.0,3324,Weekly Grocery Store Specialty Crops Feature Activity,2026-09-26T14:36:16+00:00
39b0166f737bf150,2016-02-19,"Onions, Dry",YELLOW MARKED SWEET,3 lb bag,,,,,No,,,,,,,,2.93,$/3 lb bag,0.9767,per lb,Southeast,retail,,,,,,,,108.0,3324,Weekly Grocery Store Specialty Crops Feature Activity,2026-09-26T14:36:16+00:00
f2cf53a05952b09b,2016-02-19,"Onions, Dry",YELLOW MARKED SWEET,per lb,,,,,No,,,,,,,,1.06,$/per lb,1.06,per lb,Southeast,retail,,,,,,,,488.0,3324,Weekly Grocery Store Specialty Crops Feature Activity,2026-09-26T14:36:16+00:00
0b0f8b13aedc3b73,2016-02-19,"Peppers, Bell Type",GREEN,each,,,,,No,,,,,,,,0.84,$/each,0.84,per each,Southeast,retail,,,,,,,,29.0,3324,Weekly Grocery Store Specialty Crops Feature Activity,2026-09-26T14:36:16+00:00
4a9fac15fea6bd9a,2016-02-19,"Peppers, Bell Type",ORANGE,each,,,,,No,,,,,,,,2.35,$/each,2.35,per each,Southeast,retail,,,,,,,,241.0,3324,Weekly Grocery Store Specialty Crops Feature Activity,2026-09-26T14:36:16+00:00
02b1e55f3efb84a4,2016-02-19,"Peppers, Bell Type",RED,each,,,,,No,,,,,,,,1.96,$/each,1.96,per each,Southeast,retail,,,,,,,,453.0,3324,Weekly Grocery Store Specialty Crops Feature Activity,2026-09-26T14:36:16+00:00
56f119bf3c8d1db9,2016-02-19,"Peppers, Bell Type",RED,each,,,,,Yes,,,,,,,,1.99,$/each,1.99,per each,Southeast,retail,,,,,,,,1002.0,3324,Weekly Grocery Store Specialty Crops Feature Activity,2026-09-26T14:36:16+00:00
df1f0012e309f445,2016-02-19,"Peppers, Bell Type",RED,each,,,,,No,,,,,,,,1.47,$/each,1.47,per each,Southeast,retail,,,environment=Greenhouse,,,,,84.0,3324,Weekly Grocery Store Specialty Crops Feature Activity,2026-09-26T14:36:16+00:00
025a5f2f61b5ab8a,2016-02-19,"Peppers, Bell Type",RED,per lb,,,,,No,,,,,,,,2.45,$/per lb,2.45,per lb,Southeast,retail,,,,,,,,37.0,3324,Weekly Grocery Store Specialty Crops Feature Activity,2026-09-26T14:36:16+00:00
1b3a7125f917b731,2016-02-19,"Peppers, Bell Type",YELLOW,each,,,,,No,,,,,,,,2.26,$/each,2.26,per each,Southeast,retail,,,,,,,,328.0,3324,Weekly Grocery Store Specialty Crops Feature Activity,2026-09-26T14:36:16+00:00
a5ebfbc7ab5963cf,2016-02-19,"Peppers, Bell Type",YELLOW,each,,,,,No,,,,,,,,1.47,$/each,1.47,per each,Southeast,retail,,,environment=Greenhouse,,,,,84.0,3324,Weekly Grocery Store Specialty Crops Feature Activity,2026-09-26T14:36:16+00:00
6b50bb6d0d2aa0e1,2016-02-19,Potatoes,ROUND RED,3 lb bag,,,,,Yes,,,,,,,,3.99,$/3 lb bag,1.33,per lb,Southeast,retail,,,,,,,,67.0,3324,Weekly Grocery Store Specialty Crops Feature Activity,2026-09-26T14:36:16+00:00
970affb502ffc07b,2016-02-19,Potatoes,ROUND RED,3 lb bag,,,,,No,,,,,,,,2.47,$/3 lb bag,0.8233,per lb,Southeast,retail,,,,,,,,120.0,3324,Weekly Grocery Store Specialty Crops Feature Activity,2026-09-26T14:36:16+00:00
55b69c1dd873d88d,2016-02-19,Potatoes,ROUND RED,5 lb bag,,,,,No,,,,,,,,2.07,$/5 lb bag,0.414,per lb,Southeast,retail,,,,,,,,1138.0,3324,Weekly Grocery Store Specialty Crops Feature Activity,2026-09-26T14:36:16+00:00
34d90102a5754cb8,2016-02-19,Potatoes,ROUND WHITE,5 lb bag,,,,,No,,,,,,,,2.0,$/5 lb bag,0.4,per lb,Southeast,retail,,,,,,,,1725.0,3324,Weekly Grocery Store Specialty Crops Feature Activity,2026-09-26T14:36:16+00:00
81486b7ae7426ed1,2016-02-19,Potatoes,RUSSET,10 lb bag,,,,,No,,,,,,,,2.93,$/10 lb bag,0.293,per lb,Southeast,retail,,,,,,,,96.0,3324,Weekly Grocery Store Specialty Crops Feature Activity,2026-09-26T14:36:16+00:00
238aeeb168b3b8fa,2016-02-19,Potatoes,RUSSET,3 lb bag,,,,,Yes,,,,,,,,2.24,$/3 lb bag,0.7467,per lb,Southeast,retail,,,,,,,,478.0,3324,Weekly Grocery Store Specialty Crops Feature Activity,2026-09-26T14:36:16+00:00
7087bd9223882651,2016-02-19,Potatoes,RUSSET,5 lb bag,,,,,No,,,,,,,,2.1,$/5 lb bag,0.42,per lb,Southeast,retail,,,,,,,,1825.0,3324,Weekly Grocery Store Specialty Crops Feature Activity,2026-09-26T14:36:16+00:00
513114060591584c,2016-02-19,Potatoes,RUSSET,8 lb bag,,,,,No,,,,,,,,1.96,$/8 lb bag,0.245,per lb,Southeast,retail,,,,,,,,566.0,3324,Weekly Grocery Store Specialty Crops Feature Activity,2026-09-26T14:36:16+00:00
c05973e48cb61e9b,2016-02-19,Potatoes,RUSSET,per lb,,,,,Yes,,,,,,,,0.98,$/per lb,0.98,per lb,Southeast,retail,,,,,,,,7.0,3324,Weekly Grocery Store Specialty Crops Feature Activity,2026-09-26T14:36:16+00:00
da928ad5adc7aba0,2016-02-19,Potatoes,RUSSET,per lb,,,,,No,,,,,,,,0.58,$/per lb,0.58,per lb,Southeast,retail,,,,,,,,175.0,3324,Weekly Grocery Store Specialty Crops Feature Activity,2026-09-26T14:36:16+00:00
6a3cbd2d0962c143,2016-02-19,Potatoes,YELLOW TYPE,3 lb bag,,,,,Yes,,,,,,,,3.99,$/3 lb bag,1.33,per lb,Southeast,retail,,,,,,,,60.0,3324,Weekly Grocery Store Specialty Crops Feature Activity,2026-09-26T14:36:16+00:00
68de1329acff8e4d,2016-02-19,Potatoes,YELLOW TYPE,5 lb bag,,,,,No,,,,,,,,2.25,$/5 lb bag,0.45,per lb,Southeast,retail,,,,,,,,1048.0,3324,Weekly Grocery Store Specialty Crops Feature Activity,2026-09-26T14:36:16+00:00
abdcac029b43d6c9,2016-02-19,Strawberries,,1 lb package,,,,,No,,,,,,,,2.72,$/1 lb package,2.72,per lb,Southeast,retail,,,,,,,,2682.0,3324,Weekly Grocery Store Specialty Crops Feature Activity,2026-09-26T14:36:16+00:00
bf6218dc565e1e0c,2016-02-19,Tomatoes,,per lb,,,,,No,,,,,,,,1.6,$/per lb,1.6,per lb,Southeast,retail,,,,,,,,117.0,3324,Weekly Grocery Store Specialty Crops Feature Activity,2026-09-26T14:36:16+00:00
88d202d10b05ee9d,2016-02-19,Tomatoes,Cherry Type,1 pint package,,,,,No,,,,,,,,3.0,$/1 pint package,,,Southeast,retail,,,,,,,,214.0,3324,Weekly Grocery Store Specialty Crops Feature Activity,2026-09-26T14:36:16+00:00
20421b036ec046e6,2016-02-19,Tomatoes,GRAPE TYPE,1 pint package,,,,,No,,,,,,,,1.82,$/1 pint package,,,Southeast,retail,,,,,,,,1428.0,3324,Weekly Grocery Store Specialty Crops Feature Activity,2026-09-26T14:36:16+00:00
e309ebdf3a2fc686,2016-02-19,Tomatoes,GRAPE TYPE,1 pint package,,,,,Yes,,,,,,,,2.58,$/1 pint package,,,Southeast,retail,,,,,,,,355.0,3324,Weekly Grocery Store Specialty Crops Feature Activity,2026-09-26T14:36:16+00:00
2e14ae955aa611b6,2016-02-19,Tomatoes,Plum Type (Roma),per lb,,,,,Yes,,,,,,,,1.99,$/per lb,1.99,per lb,Southeast,retail,,,,,,,,214.0,3324,Weekly Grocery Store Specialty Crops Feature Activity,2026-09-26T14:36:16+00:00
ade1588ecdb5b2d9,2016-02-19,Tomatoes,Plum Type (Roma),per lb,,,,,No,,,,,,,,1.44,$/per lb,1.44,per lb,Southeast,retail,,,,,,,,1485.0,3324,Weekly Grocery Store Specialty Crops Feature Activity,2026-09-26T14:36:16+00:00
2db93029c2316e36,2016-02-19,Tomatoes,VINE RIPES,per lb,,,,,Yes,,,,,,,,2.88,$/per lb,2.88,per lb,Southeast,retail,,,,,,,,195.0,3324,Weekly Grocery Store Specialty Crops Feature Activity,2026-09-26T14:36:16+00:00
565db8385ab2c4e5,2016-02-19,Tomatoes,VINE RIPES,per lb,,,,,No,,,,,,,,1.85,$/per lb,1.85,per lb,Southeast,retail,,,,,,,,83.0,3324,Weekly Grocery Store Specialty Crops Feature Activity,2026-09-26T14:36:16+00:00
dd27cecf02140ff4,2016-02-19,Tomatoes,VINE RIPES,per lb,,,,,No,,,,,,,,1.99,$/per lb,1.99,per lb,Southeast,retail,,,environment=Greenhouse,,,,,17.0,3324,Weekly Grocery Store Specialty Crops Feature Activity,2026-09-26T14:36:16+00:00
5ac73f79133ef904,2016-02-19,Tomatoes,VINE RIPES - ON THE VINE,per lb,,,,,No,,,,,,,,1.76,$/per lb,1.76,per lb,Southeast,retail,,,environment=Greenhouse,,,,,347.0,3324,Weekly Grocery Store Specialty Crops Feature Activity,2026-09-26T14:36:16+00:00
f387d6f84223e31a,2016-02-19,Tomatoes,VINE RIPES - ON THE VINE,per lb,,,,,Yes,,,,,,,,2.73,$/per lb,2.73,per lb,Southeast,retail,,,environment=Greenhouse,,,,,27.0,3324,Weekly Grocery Store Specialty Crops Feature Activity,2026-09-26T14:36:16+00:00
12fa73b382679c4f,2016-02-19,Tomatoes,Vine Ripes - Heirloom Varieties,per lb,,,,,No,,,,,,,,1.68,$/per lb,1.68,per lb,Southeast,retail,,,,,,,,195.0,3324,Weekly Grocery Store Specialty Crops Feature Activity,2026-09-26T14:36:16+00:00
02bc53c546ddf33f,2016-02-19,Avocados,HASS,each,,,,,No,,,,,,,,1.03,$/each,1.03,per each,Southwest,retail,,,,,,,,2082.0,3324,Weekly Grocery Store Specialty Crops Feature Activity,2026-09-26T14:36:16+00:00
172147c4c7db3032,2016-02-19,Avocados,HASS,each,,,,,Yes,,,,,,,,1.28,$/each,1.28,per each,Southwest,retail,,,,,,,,429.0,3324,Weekly Grocery Store Specialty Crops Feature Activity,2026-09-26T14:36:16+00:00
77026271c8afd0ea,2016-02-19,Bananas,,per lb,,,,,Yes,,,,,,,,0.89,$/per lb,0.89,per lb,Southwest,retail,,,,,,,,15.0,3324,Weekly Grocery Store Specialty Crops Feature Activity,2026-09-26T14:36:16+00:00
a2817bdd021bac42,2016-02-19,Bananas,,per lb,,,,,No,,,,,,,,0.48,$/per lb,0.48,per lb,Southwest,retail,,,,,,,,157.0,3324,Weekly Grocery Store Specialty Crops Feature Activity,2026-09-26T14:36:16+00:00
bed1ac4dcb4b261e,2016-02-19,Blueberries,,1 pint package,,,,,No,,,,,,,,3.99,$/1 pint package,,,Southwest,retail,,,,,,,,8.0,3324,Weekly Grocery Store Specialty Crops Feature Activity,2026-09-26T14:36:16+00:00
99c529d6b93d61a3,2016-02-19,Blueberries,,18 oz package,,,,,No,,,,,,,,5.52,$/18 oz package,4.9067,per lb,Southwest,retail,,,,,,,,205.0,3324,Weekly Grocery Store Specialty Crops Feature Activity,2026-09-26T14:36:16+00:00
3f7ebddf31019fec,2016-02-19,Blueberries,,6 oz package,,,,,Yes,,,,,,,,4.02,$/6 oz package,10.72,per lb,Southwest,retail,,,,,,,,134.0,3324,Weekly Grocery Store Specialty Crops Feature Activity,2026-09-26T14:36:16+00:00
f31df47d11cd3feb,2016-02-19,Blueberries,,6 oz package,,,,,No,,,,,,,,2.43,$/6 oz package,6.48,per lb,Southwest,retail,,,,,,,,1011.0,3324,Weekly Grocery Store Specialty Crops Feature Activity,2026-09-26T14:36:16+00:00
51cb2fa5715efed0,2016-02-19,Broccoli,,per bunch,,,,,Yes,,,,,,,,2.0,$/per bunch,,,Southwest,retail,,,,,,,,21.0,3324,Weekly Grocery Store Specialty Crops Feature Activity,2026-09-26T14:36:16+00:00
a390509fb6b6381e,2016-02-19,Broccoli,,per bunch,,,,,No,,,,,,,,1.41,$/per bunch,,,Southwest,retail,,,,,,,,19.0,3324,Weekly Grocery Store Specialty Crops Feature Activity,2026-09-26T14:36:16+00:00
257be300939546c3,2016-02-19,Broccoli,,per lb,,,,,No,,,,,,,,1.18,$/per lb,1.18,per lb,Southwest,retail,,,,,,,,668.0,3324,Weekly Grocery Store Specialty Crops Feature Activity,2026-09-26T14:36:16+00:00
7689796301a1e231,2016-02-19,Broccoli,,per lb,,,,,Yes,,,,,,,,1.58,$/per lb,1.58,per lb,Southwest,retail,,,,,,,,132.0,3324,Weekly Grocery Store Specialty Crops Feature Activity,2026-09-26T14:36:16+00:00
4b41613d69ce6539,2016-02-19,Broccoli,CROWN CUT,per lb,,,,,No,,,,,,,,1.21,$/per lb,1.21,per lb,Southwest,retail,,,,,,,,383.0,3324,Weekly Grocery Store Specialty Crops Feature Activity,2026-09-26T14:36:16+00:00
0250a8eb9fe0b98c,2016-02-19,Carrots,,1 lb bag,,,,,No,,,,,,,,0.47,$/1 lb bag,0.47,per lb,Southwest,retail,,,,,,,,163.0,3324,Weekly Grocery Store Specialty Crops Feature Activity,2026-09-26T14:36:16+00:00
499e832678fb3373,2016-02-19,Carrots,,2 lb bag,,,,,No,,,,,,,,1.25,$/2 lb bag,0.625,per lb,Southwest,retail,,,,,,,,40.0,3324,Weekly Grocery Store Specialty Crops Feature Activity,2026-09-26T14:36:16+00:00
84c60d90e096dc1a,2016-02-19,Carrots,,per bunch,,,,,No,,,,,,,,0.33,$/per bunch,,,Southwest,retail,,,,,,,,48.0,3324,Weekly Grocery Store Specialty Crops Feature Activity,2026-09-26T14:36:16+00:00
a554e7d21f98321c,2016-02-19,Carrots,,per lb,,,,,No,,,,,,,,0.33,$/per lb,0.33,per lb,Southwest,retail,,,,,,,,130.0,3324,Weekly Grocery Store Specialty Crops Feature Activity,2026-09-26T14:36:16+00:00
b9d98e3470bbb349,2016-02-19,Carrots,BABY PEELED,1 lb bag,,,,,Yes,,,,,,,,1.68,$/1 lb bag,1.68,per lb,Southwest,retail,,,,,,,,25.0,3324,Weekly Grocery Store Specialty Crops Feature Activity,2026-09-26T14:36:16+00:00
e1a6bed7d4af1506,2016-02-19,Carrots,BABY PEELED,1 lb bag,,,,,No,,,,,,,,0.99,$/1 lb bag,0.99,per lb,Southwest,retail,,,,,,,,777.0,3324,Weekly Grocery Store Specialty Crops Feature Activity,2026-09-26T14:36:16+00:00
ff3f9e15ec86edfc,2016-02-19,Carrots,BABY PEELED,2 lb bag,,,,,No,,,,,,,,1.98,$/2 lb bag,0.99,per lb,Southwest,retail,,,,,,,,11.0,3324,Weekly Grocery Store Specialty Crops Feature Activity,2026-09-26T14:36:16+00:00
1ea2c4631ccbd28f,2016-02-19,Celery,,each,,,,,No,,,,,,,,0.88,$/each,0.88,per each,Southwest,retail,,,,,,,,281.0,3324,Weekly Grocery Store Specialty Crops Feature Activity,2026-09-26T14:36:16+00:00
e5a40a83bf679386,2016-02-19,Celery,,each,,,,,Yes,,,,,,,,1.48,$/each,1.48,per each,Southwest,retail,,,,,,,,119.0,3324,Weekly Grocery Store Specialty Crops Feature Activity,2026-09-26T14:36:16+00:00
1712b084f25c4f13,2016-02-19,Cucumbers,,each,,,,,No,,,,,,,,0.87,$/each,0.87,per each,Southwest,retail,,,,,,,,864.0,3324,Weekly Grocery Store Specialty Crops Feature Activity,2026-09-26T14:36:16+00:00
ad159680ffbb26bc,2016-02-19,Cucumbers,,each,,,,,Yes,,,,,,,,0.99,$/each,0.99,per each,Southwest,retail,,,,,,,,241.0,3324,Weekly Grocery Store Specialty Crops Feature Activity,2026-09-26T14:36:16+00:00
af1e1fa8307ba48d,2016-02-19,Grapes,BLACK SEEDLESS,per lb,,,,,No,,,,,,,,2.98,$/per lb,2.98,per lb,Southwest,retail,,,,,,,,119.0,3324,Weekly Grocery Store Specialty Crops Feature Activity,2026-09-26T14:36:16+00:00
02f3b1165807c584,2016-02-19,Grapes,RED SEEDLESS,per lb,,,,,No,,,,,,,,2.8,$/per lb,2.8,per lb,Southwest,retail,,,,,,,,304.0,3324,Weekly Grocery Store Specialty Crops Feature Activity,2026-09-26T14:36:16+00:00
e179113cb95ec86a,2016-02-19,Grapes,Red Globe Seeded Type,per lb,,,,,No,,,,,,,,0.99,$/per lb,0.99,per lb,Southwest,retail,,,,,,,,6.0,3324,Weekly Grocery Store Specialty Crops Feature Activity,2026-09-26T14:36:16+00:00
5b514e13c65002fb,2016-02-19,Grapes,WHITE SEEDLESS TYPE,per lb,,,,,No,,,,,,,,2.76,$/per lb,2.76,per lb,Southwest,retail,,,,,,,,408.0,3324,Weekly Grocery Store Specialty Crops Feature Activity,2026-09-26T14:36:16+00:00
7c07a5034c99b49c,2016-02-19,Lemons,,2 lb bag,,,,,No,,,,,,,,3.52,$/2 lb bag,1.76,per lb,Southwest,retail,,,,,,,,223.0,3324,Weekly Grocery Store Specialty Crops Feature Activity,2026-09-26T14:36:16+00:00
d3047be0b8edee33,2016-02-19,Lemons,,2 lb bag,,,,,Yes,,,,,,,,3.97,$/2 lb bag,1.985,per lb,Southwest,retail,,,,,,,,246.0,3324,Weekly Grocery Store Specialty Crops Feature Activity,2026-09-26T14:36:16+00:00
985580d4ff361d1b,2016-02-19,Lemons,,each,,,,,No,,,,,,,,0.49,$/each,0.49,per each,Southwest,retail,,,,,,,,94.0,3324,Weekly Grocery Store Specialty Crops Feature Activity,2026-09-26T14:36:16+00:00
f24aa76f759be79a,2016-02-19,Lemons,,each,,,,,Yes,,,,,,,,0.5,$/each,0.5,per each,Southwest,retail,,,,,,,,8.0,3324,Weekly Grocery Store Specialty Crops Feature Activity,2026-09-26T14:36:16+00:00
a8e890f80960069f,2016-02-19,Lemons,,per lb,,,,,No,,,,,,,,0.66,$/per lb,0.66,per lb,Southwest,retail,,,,,,,,34.0,3324,Weekly Grocery Store Specialty Crops Feature Activity,2026-09-26T14:36:16+00:00
f65df0821542d82e,2016-02-19,Lettuce,Boston,each,,,,,No,,,,,,,,1.69,$/each,1.69,per each,Southwest,retail,,,,,,,,8.0,3324,Weekly Grocery Store Specialty Crops Feature Activity,2026-09-26T14:36:16+00:00
1cf099e42f42c710,2016-02-19,Lettuce,Green Leaf,each,,,,,No,,,,,,,,1.01,$/each,1.01,per each,Southwest,retail,,,,,,,,226.0,3324,Weekly Grocery Store Specialty Crops Feature Activity,2026-09-26T14:36:16+00:00
51a7eb3b36b63d92,2016-02-19,Lettuce,Green Leaf,each,,,,,Yes,,,,,,,,1.7,$/each,1.7,per each,Southwest,retail,,,,,,,,20.0,3324,Weekly Grocery Store Specialty Crops Feature Activity,2026-09-26T14:36:16+00:00
079bfc35421b97ed,2016-02-19,Lettuce,Iceberg,each,,,,,No,,,,,,,,0.97,$/each,0.97,per each,Southwest,retail,,,,,,,,181.0,3324,Weekly Grocery Store Specialty Crops Feature Activity,2026-09-26T14:36:16+00:00
9b212fa0cc181330,2016-02-19,Lettuce,Red Leaf,each,,,,,Yes,,,,,,,,1.7,$/each,1.7,per each,Southwest,retail,,,,,,,,20.0,3324,Weekly Grocery Store Specialty Crops Feature Activity,2026-09-26T14:36:16+00:00
e10340b0b77abf0f,2016-02-19,Lettuce,Red Leaf,each,,,,,No,,,,,,,,1.01,$/each,1.01,per each,Southwest,retail,,,,,,,,226.0,3324,Weekly Grocery Store Specialty Crops Feature Activity,2026-09-26T14:36:16+00:00
240c3d99cf90193a,2016-02-19,Lettuce,Romaine,each,,,,,Yes,,,,,,,,1.99,$/each,1.99,per each,Southwest,retail,,,,,,,,13.0,3324,Weekly Grocery Store Specialty Crops Feature Activity,2026-09-26T14:36:16+00:00
4ba7dd298a3e2720,2016-02-19,Lettuce,Romaine,each,,,,,No,,,,,,,,0.97,$/each,0.97,per each,Southwest,retail,,,,,,,,229.0,3324,Weekly Grocery Store Specialty Crops Feature Activity,2026-09-26T14:36:16+00:00
455bccdf76e4e6b7,2016-02-19,Lettuce,Romaine (Hearts),3 count,,,,,No,,,,,,,,1.69,$/3 count,,,Southwest,retail,,,,,,,,68.0,3324,Weekly Grocery Store Specialty Crops Feature Activity,2026-09-26T14:36:16+00:00
a68cb4799161c452,2016-02-19,Lettuce,Romaine (Hearts),3 count,,,,,Yes,,,,,,,,2.99,$/3 count,,,Southwest,retail,,,,,,,,485.0,3324,Weekly Grocery Store Specialty Crops Feature Activity,2026-09-26T14:36:16+00:00
f6a3205550d54d83,2016-02-19,Limes,,each,,,,,No,,,,,,,,0.29,$/each,0.29,per each,Southwest,retail,,,,,,,,473.0,3324,Weekly Grocery Store Specialty Crops Feature Activity,2026-09-26T14:36:16+00:00
5354abbcd6cee952,2016-02-19,Limes,,per lb,,,,,No,,,,,,,,0.52,$/per lb,0.52,per lb,Southwest,retail,,,,,,,,323.0,3324,Weekly Grocery Store Specialty Crops Feature Activity,2026-09-26T14:36:16+00:00
ddfd3d5e4f3b1cc9,2016-02-19,"Onions, Dry",RED,per lb,,,,,No,,,,,,,,1.14,$/per lb,1.14,per lb,Southwest,retail,,,,,,,,23.0,3324,Weekly Grocery Store Specialty Crops Feature Activity,2026-09-26T14:36:16+00:00
9ed4603930753f68,2016-02-19,"Onions, Dry",YELLOW,3 lb bag,,,,,No,,,,,,,,0.99,$/3 lb bag,0.33,per lb,Southwest,retail,,,,,,,,13.0,3324,Weekly Grocery Store Specialty Crops Feature Activity,2026-09-26T14:36:16+00:00
20fa1992d88e4e8f,2016-02-19,"Onions, Dry",YELLOW,per lb,,,,,No,,,,,,,,0.64,$/per lb,0.64,per lb,Southwest,retail,,,,,,,,96.0,3324,Weekly Grocery Store Specialty Crops Feature Activity,2026-09-26T14:36:16+00:00
94d648691fa79521,2016-02-19,"Onions, Dry",YELLOW,per lb,,,,,Yes,,,,,,,,0.97,$/per lb,0.97,per lb,Southwest,retail,,,,,,,,67.0,3324,Weekly Grocery Store Specialty Crops Feature Activity,2026-09-26T14:36:16+00:00
fd2c2a8612041fbb,2016-02-19,"Onions, Dry",YELLOW MARKED SWEET,per lb,,,,,No,,,,,,,,1.47,$/per lb,1.47,per lb,Southwest,retail,,,,,,,,23.0,3324,Weekly Grocery Store Specialty Crops Feature Activity,2026-09-26T14:36:16+00:00
8412a8aafa04bcb1,2016-02-19,"Peppers, Bell Type",GREEN,each,,,,,No,,,,,,,,0.64,$/each,0.64,per each,Southwest,retail,,,,,,,,406.0,3324,Weekly Grocery Store Specialty Crops Feature Activity,2026-09-26T14:36:16+00:00
fa7b349052e24435,2016-02-19,"Peppers, Bell Type",GREEN,each,,,,,Yes,,,,,,,,1.0,$/each,1.0,per each,Southwest,retail,,,,,,,,120.0,3324,Weekly Grocery Store Specialty Crops Feature Activity,2026-09-26T14:36:16+00:00
7ff067e6ada0df53,2016-02-19,"Peppers, Bell Type",GREEN,per lb,,,,,No,,,,,,,,0.99,$/per lb,0.99,per lb,Southwest,retail,,,,,,,,21.0,3324,Weekly Grocery Store Specialty Crops Feature Activity,2026-09-26T14:36:16+00:00
d77be9837031a514,2016-02-19,"Peppers, Bell Type",ORANGE,each,,,,,Yes,,,,,,,,1.99,$/each,1.99,per each,Southwest,retail,,,,,,,,96.0,3324,Weekly Grocery Store Specialty Crops Feature Activity,2026-09-26T14:36:16+00:00
17f43f85d32984ab,2016-02-19,"Peppers, Bell Type",ORANGE,per lb,,,,,No,,,,,,,,2.49,$/per lb,2.49,per lb,Southwest,retail,,,,,,,,18.0,3324,Weekly Grocery Store Specialty Crops Feature Activity,2026-09-26T14:36:16+00:00
59978d91ccc75944,2016-02-19,"Peppers, Bell Type",RED,each,,,,,No,,,,,,,,0.61,$/each,0.61,per each,Southwest,retail,,,,,,,,199.0,3324,Weekly Grocery Store Specialty Crops Feature Activity,2026-09-26T14:36:16+00:00
cb5baa9bd4b4772d,2016-02-19,"Peppers, Bell Type",RED,each,,,,,Yes,,,,,,,,1.99,$/each,1.99,per each,Southwest,retail,,,,,,,,337.0,3324,Weekly Grocery Store Specialty Crops Feature Activity,2026-09-26T14:36:16+00:00
692586273a36fe56,2016-02-19,"Peppers, Bell Type",RED,per lb,,,,,No,,,,,,,,1.73,$/per lb,1.73,per lb,Southwest,retail,,,,,,,,36.0,3324,Weekly Grocery Store Specialty Crops Feature Activity,2026-09-26T14:36:16+00:00
675deb028f4ad5a3,2016-02-19,"Peppers, Bell Type",YELLOW,each,,,,,Yes,,,,,,,,1.99,$/each,1.99,per each,Southwest,retail,,,,,,,,96.0,3324,Weekly Grocery Store Specialty Crops Feature Activity,2026-09-26T14:36:16+00:00
241e3eb0fe27483b,2016-02-19,"Peppers, Bell Type",YELLOW,per lb,,,,,No,,,,,,,,2.14,$/per lb,2.14,per lb,Southwest,retail,,,,,,,,23.0,3324,Weekly Grocery Store Specialty Crops Feature Activity,2026-09-26T14:36:16+00:00
8112e54153b44150,2016-02-19,Potatoes,ROUND RED,5 lb bag,,,,,No,,,,,,,,3.5,$/5 lb bag,0.7,per lb,Southwest,retail,,,,,,,,120.0,3324,Weekly Grocery Store Specialty Crops Feature Activity,2026-09-26T14:36:16+00:00
14e58e2b3de0aa76,2016-02-19,Potatoes,ROUND RED,per lb,,,,,No,,,,,,,,0.72,$/per lb,0.72,per lb,Southwest,retail,,,,,,,,252.0,3324,Weekly Grocery Store Specialty Crops Feature Activity,2026-09-26T14:36:16+00:00
ab88f06d17482bcf,2016-02-19,Potatoes,ROUND RED,per lb,,,,,Yes,,,,,,,,1.29,$/per lb,1.29,per lb,Southwest,retail,,,,,,,,9.0,3324,Weekly Grocery Store Specialty Crops Feature Activity,2026-09-26T14:36:16+00:00
4ad659baf8166361,2016-02-19,Potatoes,ROUND WHITE,3 lb bag,,,,,No,,,,,,,,0.99,$/3 lb bag,0.33,per lb,Southwest,retail,,,,,,,,13.0,3324,Weekly Grocery Store Specialty Crops Feature Activity,2026-09-26T14:36:16+00:00
f29f3ac7440b5e1c,2016-02-19,Potatoes,ROUND WHITE,per lb,,,,,No,,,,,,,,0.5,$/per lb,0.5,per lb,Southwest,retail,,,,,,,,44.0,3324,Weekly Grocery Store Specialty Crops Feature Activity,2026-09-26T14:36:16+00:00
887da8957c9c5e60,2016-02-19,Potatoes,RUSSET,10 lb bag,,,,,No,,,,,,,,1.42,$/10 lb bag,0.142,per lb,Southwest,retail,,,,,,,,99.0,3324,Weekly Grocery Store Specialty Crops Feature Activity,2026-09-26T14:36:16+00:00
82843129e7716c99,2016-02-19,Potatoes,RUSSET,5 lb bag,,,,,No,,,,,,,,1.87,$/5 lb bag,0.374,per lb,Southwest,retail,,,,,,,,654.0,3324,Weekly Grocery Store Specialty Crops Feature Activity,2026-09-26T14:36:16+00:00
9fcf86ae66fda447,2016-02-19,Potatoes,RUSSET,5 lb bag,,,,,Yes,,,,,,,,3.41,$/5 lb bag,0.682,per lb,Southwest,retail,,,,,,,,12.0,3324,Weekly Grocery Store Specialty Crops Feature Activity,2026-09-26T14:36:16+00:00
28dc04caa4929973,2016-02-19,Potatoes,RUSSET,8 lb bag,,,,,No,,,,,,,,1.51,$/8 lb bag,0.1888,per lb,Southwest,retail,,,,,,,,26.0,3324,Weekly Grocery Store Specialty Crops Feature Activity,2026-09-26T14:36:16+00:00
b3fff24b32281ed2,2016-02-19,Potatoes,RUSSET,per lb,,,,,No,,,,,,,,0.79,$/per lb,0.79,per lb,Southwest,retail,,,,,,,,362.0,3324,Weekly Grocery Store Specialty Crops Feature Activity,2026-09-26T14:36:16+00:00
c8c18c906f173c4b,2016-02-19,Potatoes,RUSSET,per lb,,,,,Yes,,,,,,,,0.89,$/per lb,0.89,per lb,Southwest,retail,,,,,,,,5.0,3324,Weekly Grocery Store Specialty Crops Feature Activity,2026-09-26T14:36:16+00:00
75c6cfddd7fa9d6c,2016-02-19,Potatoes,YELLOW TYPE,5 lb bag,,,,,Yes,,,,,,,,3.99,$/5 lb bag,0.798,per lb,Southwest,retail,,,,,,,,5.0,3324,Weekly Grocery Store Specialty Crops Feature Activity,2026-09-26T14:36:16+00:00
45832d72c7e96e25,2016-02-19,Potatoes,YELLOW TYPE,per lb,,,,,No,,,,,,,,0.81,$/per lb,0.81,per lb,Southwest,retail,,,,,,,,177.0,3324,Weekly Grocery Store Specialty Crops Feature Activity,2026-09-26T14:36:16+00:00
bff5927ce01e4e8f,2016-02-19,Strawberries,,1 lb package,,,,,No,,,,,,,,2.63,$/1 lb package,2.63,per lb,Southwest,retail,,,,,,,,108.0,3324,Weekly Grocery Store Specialty Crops Feature Activity,2026-09-26T14:36:16+00:00
5a76b87a146a1108,2016-02-19,Tomatoes,,per lb,,,,,Yes,,,,,,,,1.99,$/per lb,1.99,per lb,Southwest,retail,,,,,,,,5.0,3324,Weekly Grocery Store Specialty Crops Feature Activity,2026-09-26T14:36:16+00:00
c11f3e64fcbaf137,2016-02-19,Tomatoes,,per lb,,,,,No,,,,,,,,0.79,$/per lb,0.79,per lb,Southwest,retail,,,,,,,,15.0,3324,Weekly Grocery Store Specialty Crops Feature Activity,2026-09-26T14:36:16+00:00
b789780474b3875e,2016-02-19,Tomatoes,Cherry Type,1 pint package,,,,,No,,,,,,,,2.99,$/1 pint package,,,Southwest,retail,,,,,,,,5.0,3324,Weekly Grocery Store Specialty Crops Feature Activity,2026-09-26T14:36:16+00:00
9d889724137a5df9,2016-02-19,Tomatoes,GRAPE TYPE,1 pint package,,,,,No,,,,,,,,1.93,$/1 pint package,,,Southwest,retail,,,,,,,,171.0,3324,Weekly Grocery Store Specialty Crops Feature Activity,2026-09-26T14:36:16+00:00
bbf6e3c7a48be3df,2016-02-19,Tomatoes,GRAPE TYPE,1 pint package,,,,,Yes,,,,,,,,3.01,$/1 pint package,,,Southwest,retail,,,,,,,,431.0,3324,Weekly Grocery Store Specialty Crops Feature Activity,2026-09-26T14:36:16+00:00
0b9771c1db887c00,2016-02-19,Tomatoes,GRAPE TYPE,10 oz package,,,,,No,,,,,,,,2.71,$/10 oz package,4.336,per lb,Southwest,retail,,,,,,,,340.0,3324,Weekly Grocery Store Specialty Crops Feature Activity,2026-09-26T14:36:16+00:00
2ca1025c6c9eca27,2016-02-19,Tomatoes,Plum Type (Roma),per lb,,,,,Yes,,,,,,,,1.69,$/per lb,1.69,per lb,Southwest,retail,,,,,,,,15.0,3324,Weekly Grocery Store Specialty Crops Feature Activity,2026-09-26T14:36:16+00:00
8b209b8371108021,2016-02-19,Tomatoes,Plum Type (Roma),per lb,,,,,No,,,,,,,,1.03,$/per lb,1.03,per lb,Southwest,retail,,,,,,,,1401.0,3324,Weekly Grocery Store Specialty Crops Feature Activity,2026-09-26T14:36:16+00:00
984d85e00a2560d8,2016-02-19,Tomatoes,VINE RIPES,per lb,,,,,No,,,,,,,,1.99,$/per lb,1.99,per lb,Southwest,retail,,,environment=Greenhouse,,,,,8.0,3324,Weekly Grocery Store Specialty Crops Feature Activity,2026-09-26T14:36:16+00:00
225728fc69a668a1,2016-02-19,Tomatoes,VINE RIPES - ON THE VINE,per lb,,,,,Yes,,,,,,,,1.91,$/per lb,1.91,per lb,Southwest,retail,,,environment=Greenhouse,,,,,84.0,3324,Weekly Grocery Store Specialty Crops Feature Activity,2026-09-26T14:36:16+00:00
e63386ad7366233c,2016-02-19,Tomatoes,VINE RIPES - ON THE VINE,per lb,,,,,No,,,,,,,,1.96,$/per lb,1.96,per lb,Southwest,retail,,,environment=Greenhouse,,,,,132.0,3324,Weekly Grocery Store Specialty Crops Feature Activity,2026-09-26T14:36:16+00:00
89b466b31979856f,2016-02-19,Tomatoes,Vine Ripes - Heirloom Varieties,per lb,,,,,Yes,,,,,,,,4.64,$/per lb,4.64,per lb,Southwest,retail,,,,,,,,391.0,3324,Weekly Grocery Store Specialty Crops Feature Activity,2026-09-26T14:36:16+00:00
29229a0af916ddca,2016-02-26,Avocados,HASS,each,,,,,No,,,,,,,,1.59,$/each,1.59,per each,Alaska,retail,,,,,,,,9.0,3324,Weekly Grocery Store Specialty Crops Feature Activity,2026-09-26T14:36:16+00:00
7980c8f531c5c229,2016-02-26,Bananas,,per lb,,,,,Yes,,,,,,,,1.25,$/per lb,1.25,per lb,Alaska,retail,,,,,,,,2.0,3324,Weekly Grocery Store Specialty Crops Feature Activity,2026-09-26T14:36:16+00:00
c6bc29ff48a815cc,2016-02-26,Blueberries,,18 oz package,,,,,No,,,,,,,,6.99,$/18 oz package,6.2133,per lb,Alaska,retail,,,,,,,,27.0,3324,Weekly Grocery Store Specialty Crops Feature Activity,2026-09-26T14:36:16+00:00
20fc6111f7ec9199,2016-02-26,Blueberries,,6 oz package,,,,,No,,,,,,,,3.96,$/6 oz package,10.56,per lb,Alaska,retail,,,,,,,,29.0,3324,Weekly Grocery Store Specialty Crops Feature Activity,2026-09-26T14:36:16+00:00
359d31136b541564,2016-02-26,Broccoli,,per lb,,,,,Yes,,,,,,,,2.25,$/per lb,2.25,per lb,Alaska,retail,,,,,,,,2.0,3324,Weekly Grocery Store Specialty Crops Feature Activity,2026-09-26T14:36:16+00:00
96d5d50521423776,2016-02-26,Broccoli,,per lb,,,,,No,,,,,,,,1.99,$/per lb,1.99,per lb,Alaska,retail,,,,,,,,27.0,3324,Weekly Grocery Store Specialty Crops Feature Activity,2026-09-26T14:36:16+00:00
92d282597aadf1d1,2016-02-26,Broccoli,CROWN CUT,per lb,,,,,No,,,,,,,,3.19,$/per lb,3.19,per lb,Alaska,retail,,,,,,,,30.0,3324,Weekly Grocery Store Specialty Crops Feature Activity,2026-09-26T14:36:16+00:00
6e81ce5c8b8ddc6d,2016-02-26,Carrots,,per bunch,,,,,Yes,,,,,,,,2.49,$/per bunch,,,Alaska,retail,,,,,,,,2.0,3324,Weekly Grocery Store Specialty Crops Feature Activity,2026-09-26T14:36:16+00:00
0d922d3b70cee5b0,2016-02-26,Carrots,BABY PEELED,1 lb bag,,,,,No,,,,,,,,1.38,$/1 lb bag,1.38,per lb,Alaska,retail,,,,,,,,15.0,3324,Weekly Grocery Store Specialty Crops Feature Activity,2026-09-26T14:36:16+00:00
b52fa1bdf001538d,2016-02-26,Carrots,BABY PEELED,2 lb bag,,,,,No,,,,,,,,2.99,$/2 lb bag,1.495,per lb,Alaska,retail,,,,,,,,27.0,3324,Weekly Grocery Store Specialty Crops Feature Activity,2026-09-26T14:36:16+00:00
d86e534885d9b518,2016-02-26,Celery,,each,,,,,No,,,,,,,,1.66,$/each,1.66,per each,Alaska,retail,,,,,,,,6.0,3324,Weekly Grocery Store Specialty Crops Feature Activity,2026-09-26T14:36:16+00:00
efe64f7d64030ee5,2016-02-26,Celery,,each,,,,,Yes,,,,,,,,1.28,$/each,1.28,per each,Alaska,retail,,,,,,,,3.0,3324,Weekly Grocery Store Specialty Crops Feature Activity,2026-09-26T14:36:16+00:00
3455c01da9e8d332,2016-02-26,Celery,HEARTS,each,,,,,Yes,,,,,,,,3.99,$/each,3.99,per each,Alaska,retail,,,,,,,,27.0,3324,Weekly Grocery Store Specialty Crops Feature Activity,2026-09-26T14:36:16+00:00
39b807b20801b090,2016-02-26,Cucumbers,,each,,,,,No,,,,,,,,1.0,$/each,1.0,per each,Alaska,retail,,,,,,,,2.0,3324,Weekly Grocery Store Specialty Crops Feature Activity,2026-09-26T14:36:16+00:00
8d8e38dad15559a2,2016-02-26,Grapes,RED SEEDLESS,per lb,,,,,No,,,,,,,,5.36,$/per lb,5.36,per lb,Alaska,retail,,,,,,,,30.0,3324,Weekly Grocery Store Specialty Crops Feature Activity,2026-09-26T14:36:16+00:00
0977a17e30c66686,2016-02-26,Grapes,WHITE SEEDLESS TYPE,per lb,,,,,No,,,,,,,,5.36,$/per lb,5.36,per lb,Alaska,retail,,,,,,,,30.0,3324,Weekly Grocery Store Specialty Crops Feature Activity,2026-09-26T14:36:16+00:00
6441d156f47eb2bf,2016-02-26,Lettuce,Iceberg,each,,,,,No,,,,,,,,3.57,$/each,3.57,per each,Alaska,retail,,,,,,,,31.0,3324,Weekly Grocery Store Specialty Crops Feature Activity,2026-09-26T14:36:16+00:00
1d9b2b553e361199,2016-02-26,Lettuce,Romaine (Hearts),3 count,,,,,Yes,,,,,,,,3.99,$/3 count,,,Alaska,retail,,,,,,,,27.0,3324,Weekly Grocery Store Specialty Crops Feature Activity,2026-09-26T14:36:16+00:00
07eca6f535d06e1b,2016-02-26,"Onions, Dry",YELLOW,3 lb bag,,,,,No,,,,,,,,1.68,$/3 lb bag,0.56,per lb,Alaska,retail,,,,,,,,3.0,3324,Weekly Grocery Store Specialty Crops Feature Activity,2026-09-26T14:36:16+00:00
249cbeb15e318507,2016-02-26,"Onions, Dry",YELLOW,per lb,,,,,No,,,,,,,,0.49,$/per lb,0.49,per lb,Alaska,retail,,,,,,,,2.0,3324,Weekly Grocery Store Specialty Crops Feature Activity,2026-09-26T14:36:16+00:00
f05c9b6a1992e485,2016-02-26,"Onions, Dry",YELLOW MARKED SWEET,per lb,,,,,No,,,,,,,,1.37,$/per lb,1.37,per lb,Alaska,retail,,,,,,,,6.0,3324,Weekly Grocery Store Specialty Crops Feature Activity,2026-09-26T14:36:16+00:00
34d57f4e8207e9bf,2016-02-26,"Peppers, Bell Type",ORANGE,each,,,,,No,,,,,,,,2.5,$/each,2.5,per each,Alaska,retail,,,,,,,,27.0,3324,Weekly Grocery Store Specialty Crops Feature Activity,2026-09-26T14:36:16+00:00
aa58ade80b5bec1d,2016-02-26,"Peppers, Bell Type",RED,each,,,,,No,,,,,,,,2.5,$/each,2.5,per each,Alaska,retail,,,,,,,,27.0,3324,Weekly Grocery Store Specialty Crops Feature Activity,2026-09-26T14:36:16+00:00
1d5046cb2266b181,2016-02-26,"Peppers, Bell Type",YELLOW,each,,,,,No,,,,,,,,2.5,$/each,2.5,per each,Alaska,retail,,,,,,,,27.0,3324,Weekly Grocery Store Specialty Crops Feature Activity,2026-09-26T14:36:16+00:00
f31e578daeb746ff,2016-02-26,Potatoes,RUSSET,10 lb bag,,,,,No,,,,,,,,4.49,$/10 lb bag,0.449,per lb,Alaska,retail,,,,,,,,27.0,3324,Weekly Grocery Store Specialty Crops Feature Activity,2026-09-26T14:36:16+00:00
9586ef740a33c62d,2016-02-26,Potatoes,RUSSET,per lb,,,,,No,,,,,,,,0.57,$/per lb,0.57,per lb,Alaska,retail,,,,,,,,8.0,3324,Weekly Grocery Store Specialty Crops Feature Activity,2026-09-26T14:36:16+00:00
8a86674678505c21,2016-02-26,Strawberries,,1 lb package,,,,,No,,,,,,,,4.78,$/1 lb package,4.78,per lb,Alaska,retail,,,,,,,,33.0,3324,Weekly Grocery Store Specialty Crops Feature Activity,2026-09-26T14:36:16+00:00
d9958e3d1c2652e1,2016-02-26,Strawberries,,1 lb package,,,,,Yes,,,,,,,,5.99,$/1 lb package,5.99,per lb,Alaska,retail,,,,,,,,27.0,3324,Weekly Grocery Store Specialty Crops Feature Activity,2026-09-26T14:36:16+00:00
bb8d097180faab0c,2016-02-26,Tomatoes,,per lb,,,,,No,,,,,,,,1.99,$/per lb,1.99,per lb,Alaska,retail,,,,,,,,9.0,3324,Weekly Grocery Store Specialty Crops Feature Activity,2026-09-26T14:36:16+00:00
1dbd0f0c5f48815c,2016-02-26,Tomatoes,GRAPE TYPE,1 pint package,,,,,No,,,,,,,,2.49,$/1 pint package,,,Alaska,retail,,,,,,,,6.0,3324,Weekly Grocery Store Specialty Crops Feature Activity,2026-09-26T14:36:16+00:00
c518395b7d752160,2016-02-26,Tomatoes,Plum Type (Roma),per lb,,,,,No,,,,,,,,1.69,$/per lb,1.69,per lb,Alaska,retail,,,,,,,,9.0,3324,Weekly Grocery Store Specialty Crops Feature Activity,2026-09-26T14:36:16+00:00
339fa6a61b80f82b,2016-02-26,Tomatoes,VINE RIPES,per lb,,,,,No,,,,,,,,2.99,$/per lb,2.99,per lb,Alaska,retail,,,environment=Greenhouse,,,,,27.0,3324,Weekly Grocery Store Specialty Crops Feature Activity,2026-09-26T14:36:16+00:00
66cd07d7bb746724,2016-02-26,Tomatoes,VINE RIPES - ON THE VINE,per lb,,,,,No,,,,,,,,1.98,$/per lb,1.98,per lb,Alaska,retail,,,environment=Greenhouse,,,,,3.0,3324,Weekly Grocery Store Specialty Crops Feature Activity,2026-09-26T14:36:16+00:00
932ace788035e76b,2016-02-26,Avocados,HASS,each,,,,,No,,,,,,,,2.12,$/each,2.12,per each,Hawaii,retail,,,,,,,,55.0,3324,Weekly Grocery Store Specialty Crops Feature Activity,2026-09-26T14:36:16+00:00
f47003ead0225eed,2016-02-26,Blueberries,,1 pint package,,,,,No,,,,,,,,4.99,$/1 pint package,,,Hawaii,retail,,,,,,,,27.0,3324,Weekly Grocery Store Specialty Crops Feature Activity,2026-09-26T14:36:16+00:00
98be426ee0e4b6e4,2016-02-26,Blueberries,,18 oz package,,,,,No,,,,,,,,5.99,$/18 oz package,5.3244,per lb,Hawaii,retail,,,,,,,,34.0,3324,Weekly Grocery Store Specialty Crops Feature Activity,2026-09-26T14:36:16+00:00
20daebc251895fef,2016-02-26,Blueberries,,6 oz package,,,,,No,,,,,,,,2.5,$/6 oz package,6.6667,per lb,Hawaii,retail,,,,,,,,24.0,3324,Weekly Grocery Store Specialty Crops Feature Activity,2026-09-26T14:36:16+00:00
9b36a4a7f5b6371c,2016-02-26,Broccoli,CROWN CUT,per lb,,,,,No,,,,,,,,2.89,$/per lb,2.89,per lb,Hawaii,retail,,,,,,,,24.0,3324,Weekly Grocery Store Specialty Crops Feature Activity,2026-09-26T14:36:16+00:00
4169ed9aa09b80fb,2016-02-26,Carrots,BABY PEELED,1 lb bag,,,,,No,,,,,,,,1.98,$/1 lb bag,1.98,per lb,Hawaii,retail,,,,,,,,67.0,3324,Weekly Grocery Store Specialty Crops Feature Activity,2026-09-26T14:36:16+00:00
fd337b1b656d8b79,2016-02-26,Carrots,BABY PEELED,1 lb bag,,,,,Yes,,,,,,,,2.39,$/1 lb bag,2.39,per lb,Hawaii,retail,,,,,,,,24.0,3324,Weekly Grocery Store Specialty Crops Feature Activity,2026-09-26T14:36:16+00:00
b9a0b0d3a44a86af,2016-02-26,Celery,,per lb,,,,,No,,,,,,,,1.75,$/per lb,1.75,per lb,Hawaii,retail,,,,,,,,30.0,3324,Weekly Grocery Store Specialty Crops Feature Activity,2026-09-26T14:36:16+00:00
236c9a998df31b09,2016-02-26,Cucumbers,,per lb,,,,,No,,,,,,,,1.99,$/per lb,1.99,per lb,Hawaii,retail,,,,,,,,27.0,3324,Weekly Grocery Store Specialty Crops Feature Activity,2026-09-26T14:36:16+00:00
df4593d9f25ed4ef,2016-02-26,Grapes,RED SEEDLESS,per lb,,,,,No,,,,,,,,3.77,$/per lb,3.77,per lb,Hawaii,retail,,,,,,,,27.0,3324,Weekly Grocery Store Specialty Crops Feature Activity,2026-09-26T14:36:16+00:00
c103f88cb4cc6369,2016-02-26,Grapes,Red Globe Seeded Type,per lb,,,,,No,,,,,,,,3.99,$/per lb,3.99,per lb,Hawaii,retail,,,,,,,,34.0,3324,Weekly Grocery Store Specialty Crops Feature Activity,2026-09-26T14:36:16+00:00
a7d885c706ec14f9,2016-02-26,Grapes,WHITE SEEDLESS TYPE,per lb,,,,,No,,,,,,,,3.99,$/per lb,3.99,per lb,Hawaii,retail,,,,,,,,24.0,3324,Weekly Grocery Store Specialty Crops Feature Activity,2026-09-26T14:36:16+00:00
1ce125f6e975e736,2016-02-26,Lettuce,Green Leaf,each,,,,,No,,,,,,,,2.49,$/each,2.49,per each,Hawaii,retail,,,,,,,,34.0,3324,Weekly Grocery Store Specialty Crops Feature Activity,2026-09-26T14:36:16+00:00
127de4ca7301b66a,2016-02-26,Lettuce,Iceberg,per lb,,,,,No,,,,,,,,1.79,$/per lb,1.79,per lb,Hawaii,retail,,,,,,,,3.0,3324,Weekly Grocery Store Specialty Crops Feature Activity,2026-09-26T14:36:16+00:00
d40c5d50ff78040e,2016-02-26,Lettuce,Red Leaf,each,,,,,No,,,,,,,,2.49,$/each,2.49,per each,Hawaii,retail,,,,,,,,34.0,3324,Weekly Grocery Store Specialty Crops Feature Activity,2026-09-26T14:36:16+00:00
d7665a74bef291ab,2016-02-26,"Onions, Dry",RED,per lb,,,,,No,,,,,,,,1.99,$/per lb,1.99,per lb,Hawaii,retail,,,,,,,,24.0,3324,Weekly Grocery Store Specialty Crops Feature Activity,2026-09-26T14:36:16+00:00
8268fbb02178350f,2016-02-26,"Onions, Dry",YELLOW MARKED SWEET,per lb,,,,,No,,,,,,,,1.73,$/per lb,1.73,per lb,Hawaii,retail,,,,,,,,54.0,3324,Weekly Grocery Store Specialty Crops Feature Activity,2026-09-26T14:36:16+00:00
96b00e066cb3eb32,2016-02-26,"Peppers, Bell Type",GREEN,per lb,,,,,No,,,,,,,,2.71,$/per lb,2.71,per lb,Hawaii,retail,,,,,,,,51.0,3324,Weekly Grocery Store Specialty Crops Feature Activity,2026-09-26T14:36:16+00:00
75d72090c43a5fbb,2016-02-26,"Peppers, Bell Type",ORANGE,per lb,,,,,Yes,,,,,,,,2.99,$/per lb,2.99,per lb,Hawaii,retail,,,,,,,,3.0,3324,Weekly Grocery Store Specialty Crops Feature Activity,2026-09-26T14:36:16+00:00
ae873797b028ad41,2016-02-26,"Peppers, Bell Type",RED,per lb,,,,,Yes,,,,,,,,2.99,$/per lb,2.99,per lb,Hawaii,retail,,,,,,,,3.0,3324,Weekly Grocery Store Specialty Crops Feature Activity,2026-09-26T14:36:16+00:00
de1e3707649cf418,2016-02-26,"Peppers, Bell Type",YELLOW,per lb,,,,,Yes,,,,,,,,2.99,$/per lb,2.99,per lb,Hawaii,retail,,,,,,,,3.0,3324,Weekly Grocery Store Specialty Crops Feature Activity,2026-09-26T14:36:16+00:00
193ce492f5b64775,2016-02-26,Strawberries,,1 lb package,,,,,No,,,,,,,,5.99,$/1 lb package,5.99,per lb,Hawaii,retail,,,,,,,,3.0,3324,Weekly Grocery Store Specialty Crops Feature Activity,2026-09-26T14:36:16+00:00
aca1f0e82ca8c95b,2016-02-26,Tomatoes,,per lb,,,,,No,,,,,,,,2.16,$/per lb,2.16,per lb,Hawaii,retail,,,,,,,,9.0,3324,Weekly Grocery Store Specialty Crops Feature Activity,2026-09-26T14:36:16+00:00
c548cee207b93460,2016-02-26,Tomatoes,GRAPE TYPE,10 oz package,,,,,No,,,,,,,,2.5,$/10 oz package,4.0,per lb,Hawaii,retail,,,,,,,,4.0,3324,Weekly Grocery Store Specialty Crops Feature Activity,2026-09-26T14:36:16+00:00
ffb262d2e382a5aa,2016-02-26,Tomatoes,Plum Type (Roma),per lb,,,,,No,,,,,,,,2.79,$/per lb,2.79,per lb,Hawaii,retail,,,,,,,,34.0,3324,Weekly Grocery Store Specialty Crops Feature Activity,2026-09-26T14:36:16+00:00
dd7c4905388f593d,2016-02-26,Avocados,HASS,each,,,,,Yes,,,,,,,,1.3,$/each,1.3,per each,Midwest,retail,,,,,,,,17.0,3324,Weekly Grocery Store Specialty Crops Feature Activity,2026-09-26T14:36:16+00:00
e77992cc43e2d25f,2016-02-26,Avocados,HASS,each,,,,,No,,,,,,,,1.17,$/each,1.17,per each,Midwest,retail,,,,,,,,1672.0,3324,Weekly Grocery Store Specialty Crops Feature Activity,2026-09-26T14:36:16+00:00
6a721705f276e109,2016-02-26,Avocados,VARIOUS GREENSKIN VARIETIES,each,,,,,No,,,,,,,,0.99,$/each,0.99,per each,Midwest,retail,,,,,,,,171.0,3324,Weekly Grocery Store Specialty Crops Feature Activity,2026-09-26T14:36:16+00:00
8108bebf1ac875a8,2016-02-26,Bananas,,per lb,,,,,No,,,,,,,,0.4,$/per lb,0.4,per lb,Midwest,retail,,,,,,,,276.0,3324,Weekly Grocery Store Specialty Crops Feature Activity,2026-09-26T14:36:16+00:00
e24c9c1712b7c1e5,2016-02-26,Bananas,,per lb,,,,,Yes,,,,,,,,2.94,$/per lb,2.94,per lb,Midwest,retail,,,,,,,,44.0,3324,Weekly Grocery Store Specialty Crops Feature Activity,2026-09-26T14:36:16+00:00
a988940635abc2a3,2016-02-26,Blueberries,,1 pint package,,,,,No,,,,,,,,2.49,$/1 pint package,,,Midwest,retail,,,,,,,,1950.0,3324,Weekly Grocery Store Specialty Crops Feature Activity,2026-09-26T14:36:16+00:00
76687135de564555,2016-02-26,Blueberries,,4.4 oz package,,,,,Yes,,,,,,,,2.82,$/4.4 oz package,10.2545,per lb,Midwest,retail,,,,,,,,23.0,3324,Weekly Grocery Store Specialty Crops Feature Activity,2026-09-26T14:36:16+00:00
acc4efa287b68ed5,2016-02-26,Blueberries,,6 oz package,,,,,No,,,,,,,,2.2,$/6 oz package,5.8667,per lb,Midwest,retail,,,,,,,,56.0,3324,Weekly Grocery Store Specialty Crops Feature Activity,2026-09-26T14:36:16+00:00
bf290653d6cc8e48,2016-02-26,Blueberries,,6 oz package,,,,,Yes,,,,,,,,3.35,$/6 oz package,8.9333,per lb,Midwest,retail,,,,,,,,15.0,3324,Weekly Grocery Store Specialty Crops Feature Activity,2026-09-26T14:36:16+00:00
35d4becc891627fa,2016-02-26,Broccoli,,per bunch,,,,,Yes,,,,,,,,2.22,$/per bunch,,,Midwest,retail,,,,,,,,43.0,3324,Weekly Grocery Store Specialty Crops Feature Activity,2026-09-26T14:36:16+00:00
56b64b26ff4bbd4d,2016-02-26,Broccoli,,per bunch,,,,,No,,,,,,,,1.23,$/per bunch,,,Midwest,retail,,,,,,,,239.0,3324,Weekly Grocery Store Specialty Crops Feature Activity,2026-09-26T14:36:16+00:00
d4699e5c6eaf85e0,2016-02-26,Broccoli,,per lb,,,,,Yes,,,,,,,,0.85,$/per lb,0.85,per lb,Midwest,retail,,,,,,,,23.0,3324,Weekly Grocery Store Specialty Crops Feature Activity,2026-09-26T14:36:16+00:00
f6eddd91b52ca5f2,2016-02-26,Broccoli,,per lb,,,,,No,,,,,,,,0.86,$/per lb,0.86,per lb,Midwest,retail,,,,,,,,78.0,3324,Weekly Grocery Store Specialty Crops Feature Activity,2026-09-26T14:36:16+00:00
472546b219b1d92f,2016-02-26,Broccoli,CROWN CUT,per lb,,,,,No,,,,,,,,1.33,$/per lb,1.33,per lb,Midwest,retail,,,,,,,,538.0,3324,Weekly Grocery Store Specialty Crops Feature Activity,2026-09-26T14:36:16+00:00
e607324da3c7db09,2016-02-26,Carrots,,1 lb bag,,,,,No,,,,,,,,0.68,$/1 lb bag,0.68,per lb,Midwest,retail,,,,,,,,141.0,3324,Weekly Grocery Store Specialty Crops Feature Activity,2026-09-26T14:36:16+00:00
20a603d3671c9e02,2016-02-26,Carrots,,2 lb bag,,,,,No,,,,,,,,1.64,$/2 lb bag,0.82,per lb,Midwest,retail,,,,,,,,209.0,3324,Weekly Grocery Store Specialty Crops Feature Activity,2026-09-26T14:36:16+00:00
6db6b2bae28d495a,2016-02-26,Carrots,,2 lb bag,,,,,Yes,,,,,,,,1.67,$/2 lb bag,0.835,per lb,Midwest,retail,,,,,,,,7.0,3324,Weekly Grocery Store Specialty Crops Feature Activity,2026-09-26T14:36:16+00:00
355aee5ac8041a3d,2016-02-26,Carrots,BABY PEELED,1 lb bag,,,,,No,,,,,,,,1.08,$/1 lb bag,1.08,per lb,Midwest,retail,,,,,,,,593.0,3324,Weekly Grocery Store Specialty Crops Feature Activity,2026-09-26T14:36:16+00:00
4e5439dce1496cf3,2016-02-26,Carrots,BABY PEELED,1 lb bag,,,,,Yes,,,,,,,,1.55,$/1 lb bag,1.55,per lb,Midwest,retail,,,,,,,,180.0,3324,Weekly Grocery Store Specialty Crops Feature Activity,2026-09-26T14:36:16+00:00
4eedc018377381e1,2016-02-26,Carrots,BABY PEELED,2 lb bag,,,,,No,,,,,,,,2.25,$/2 lb bag,1.125,per lb,Midwest,retail,,,,,,,,455.0,3324,Weekly Grocery Store Specialty Crops Feature Activity,2026-09-26T14:36:16+00:00
6ecfbc780130cd8e,2016-02-26,Celery,,each,,,,,No,,,,,,,,1.47,$/each,1.47,per each,Midwest,retail,,,,,,,,355.0,3324,Weekly Grocery Store Specialty Crops Feature Activity,2026-09-26T14:36:16+00:00
9783555298a4bc69,2016-02-26,Celery,,each,,,,,Yes,,,,,,,,1.43,$/each,1.43,per each,Midwest,retail,,,,,,,,51.0,3324,Weekly Grocery Store Specialty Crops Feature Activity,2026-09-26T14:36:16+00:00
50e6472981f81847,2016-02-26,Celery,,per lb,,,,,No,,,,,,,,0.79,$/per lb,0.79,per lb,Midwest,retail,,,,,,,,8.0,3324,Weekly Grocery Store Specialty Crops Feature Activity,2026-09-26T14:36:16+00:00
d0a3aa13dbdd28b9,2016-02-26,Celery,,per lb,,,,,Yes,,,,,,,,0.79,$/per lb,0.79,per lb,Midwest,retail,,,,,,,,5.0,3324,Weekly Grocery Store Specialty Crops Feature Activity,2026-09-26T14:36:16+00:00
0d0210db7e7636ee,2016-02-26,Celery,HEARTS,each,,,,,Yes,,,,,,,,2.39,$/each,2.39,per each,Midwest,retail,,,,,,,,115.0,3324,Weekly Grocery Store Specialty Crops Feature Activity,2026-09-26T14:36:16+00:00
a7737bc48df52416,2016-02-26,Celery,HEARTS,each,,,,,No,,,,,,,,2.59,$/each,2.59,per each,Midwest,retail,,,,,,,,30.0,3324,Weekly Grocery Store Specialty Crops Feature Activity,2026-09-26T14:36:16+00:00
b4b2e543fe68df3c,2016-02-26,Celery,HEARTS,per lb,,,,,Yes,,,,,,,,1.69,$/per lb,1.69,per lb,Midwest,retail,,,,,,,,8.0,3324,Weekly Grocery Store Specialty Crops Feature Activity,2026-09-26T14:36:16+00:00
c9215ebc02c8a4de,2016-02-26,Celery,HEARTS,per lb,,,,,No,,,,,,,,1.99,$/per lb,1.99,per lb,Midwest,retail,,,,,,,,3.0,3324,Weekly Grocery Store Specialty Crops Feature Activity,2026-09-26T14:36:16+00:00
53b76f900055e436,2016-02-26,Cucumbers,,each,,,,,No,,,,,,,,0.65,$/each,0.65,per each,Midwest,retail,,,,,,,,823.0,3324,Weekly Grocery Store Specialty Crops Feature Activity,2026-09-26T14:36:16+00:00
b36deb880da265db,2016-02-26,Cucumbers,,per lb,,,,,No,,,,,,,,0.39,$/per lb,0.39,per lb,Midwest,retail,,,,,,,,17.0,3324,Weekly Grocery Store Specialty Crops Feature Activity,2026-09-26T14:36:16+00:00
e9b71b643d6ac83b,2016-02-26,Cucumbers,LONG SEEDLESS,each,,,,,No,,,,,,,,1.54,$/each,1.54,per each,Midwest,retail,,,environment=Greenhouse,,,,,186.0,3324,Weekly Grocery Store Specialty Crops Feature Activity,2026-09-26T14:36:16+00:00
36f1acc643e35ab7,2016-02-26,Grapes,BLACK SEEDLESS,per lb,,,,,No,,,,,,,,2.99,$/per lb,2.99,per lb,Midwest,retail,,,,,,,,10.0,3324,Weekly Grocery Store Specialty Crops Feature Activity,2026-09-26T14:36:16+00:00
77add2ddefa34b41,2016-02-26,Grapes,RED SEEDLESS,per lb,,,,,No,,,,,,,,2.48,$/per lb,2.48,per lb,Midwest,retail,,,,,,,,1195.0,3324,Weekly Grocery Store Specialty Crops Feature Activity,2026-09-26T14:36:16+00:00
954b1c62a906d64a,2016-02-26,Grapes,Red Globe Seeded Type,per lb,,,,,No,,,,,,,,1.69,$/per lb,1.69,per lb,Midwest,retail,,,,,,,,8.0,3324,Weekly Grocery Store Specialty Crops Feature Activity,2026-09-26T14:36:16+00:00
700b0d07b6b154a5,2016-02-26,Grapes,WHITE SEEDLESS TYPE,per lb,,,,,No,,,,,,,,2.57,$/per lb,2.57,per lb,Midwest,retail,,,,,,,,1068.0,3324,Weekly Grocery Store Specialty Crops Feature Activity,2026-09-26T14:36:16+00:00
1c35fff4ce8bb572,2016-02-26,Lemons,,2 lb bag,,,,,Yes,,,,,,,,3.13,$/2 lb bag,1.565,per lb,Midwest,retail,,,,,,,,143.0,3324,Weekly Grocery Store Specialty Crops Feature Activity,2026-09-26T14:36:16+00:00
4d514e9170a030a1,2016-02-26,Lemons,,2 lb bag,,,,,No,,,,,,,,2.48,$/2 lb bag,1.24,per lb,Midwest,retail,,,,,,,,1299.0,3324,Weekly Grocery Store Specialty Crops Feature Activity,2026-09-26T14:36:16+00:00
9eea2d7f700cc972,2016-02-26,Lemons,,each,,,,,No,,,,,,,,0.47,$/each,0.47,per each,Midwest,retail,,,,,,,,258.0,3324,Weekly Grocery Store Specialty Crops Feature Activity,2026-09-26T14:36:16+00:00
d8b6e5ef37cd0331,2016-02-26,Lemons,,each,,,,,Yes,,,,,,,,0.74,$/each,0.74,per each,Midwest,retail,,,,,,,,23.0,3324,Weekly Grocery Store Specialty Crops Feature Activity,2026-09-26T14:36:16+00:00
668cfccd048a329a,2016-02-26,Lemons,,per lb,,,,,No,,,,,,,,0.89,$/per lb,0.89,per lb,Midwest,retail,,,,,,,,8.0,3324,Weekly Grocery Store Specialty Crops Feature Activity,2026-09-26T14:36:16+00:00
913408118460051b,2016-02-26,Lettuce,Green Leaf,each,,,,,Yes,,,,,,,,1.99,$/each,1.99,per each,Midwest,retail,,,,,,,,12.0,3324,Weekly Grocery Store Specialty Crops Feature Activity,2026-09-26T14:36:16+00:00
f533a40a64454e46,2016-02-26,Lettuce,Green Leaf,each,,,,,No,,,,,,,,0.99,$/each,0.99,per each,Midwest,retail,,,,,,,,175.0,3324,Weekly Grocery Store Specialty Crops Feature Activity,2026-09-26T14:36:16+00:00
f933e9385d15b7e3,2016-02-26,Lettuce,Green Leaf,per lb,,,,,No,,,,,,,,1.59,$/per lb,1.59,per lb,Midwest,retail,,,,,,,,119.0,3324,Weekly Grocery Store Specialty Crops Feature Activity,2026-09-26T14:36:16+00:00
0ef2810339ac9050,2016-02-26,Lettuce,Iceberg,each,,,,,Yes,,,,,,,,1.79,$/each,1.79,per each,Midwest,retail,,,,,,,,75.0,3324,Weekly Grocery Store Specialty Crops Feature Activity,2026-09-26T14:36:16+00:00
8d2eb55aff67ac1a,2016-02-26,Lettuce,Iceberg,each,,,,,No,,,,,,,,1.19,$/each,1.19,per each,Midwest,retail,,,,,,,,687.0,3324,Weekly Grocery Store Specialty Crops Feature Activity,2026-09-26T14:36:16+00:00
c2ca6f84f0d4b924,2016-02-26,Lettuce,Iceberg,per lb,,,,,No,,,,,,,,0.95,$/per lb,0.95,per lb,Midwest,retail,,,,,,,,39.0,3324,Weekly Grocery Store Specialty Crops Feature Activity,2026-09-26T14:36:16+00:00
06dc0a2c7456cde1,2016-02-26,Lettuce,Red Leaf,each,,,,,No,,,,,,,,0.99,$/each,0.99,per each,Midwest,retail,,,,,,,,175.0,3324,Weekly Grocery Store Specialty Crops Feature Activity,2026-09-26T14:36:16+00:00
fefb0509a8c278c9,2016-02-26,Lettuce,Red Leaf,each,,,,,Yes,,,,,,,,1.99,$/each,1.99,per each,Midwest,retail,,,,,,,,12.0,3324,Weekly Grocery Store Specialty Crops Feature Activity,2026-09-26T14:36:16+00:00
e414160ccfe69f22,2016-02-26,Lettuce,Red Leaf,per lb,,,,,No,,,,,,,,1.59,$/per lb,1.59,per lb,Midwest,retail,,,,,,,,119.0,3324,Weekly Grocery Store Specialty Crops Feature Activity,2026-09-26T14:36:16+00:00
4addcfe22b2f6db0,2016-02-26,Lettuce,Romaine,each,,,,,No,,,,,,,,0.99,$/each,0.99,per each,Midwest,retail,,,,,,,,183.0,3324,Weekly Grocery Store Specialty Crops Feature Activity,2026-09-26T14:36:16+00:00
044244d14b40a6e9,2016-02-26,Lettuce,Romaine,per lb,,,,,No,,,,,,,,1.37,$/per lb,1.37,per lb,Midwest,retail,,,,,,,,236.0,3324,Weekly Grocery Store Specialty Crops Feature Activity,2026-09-26T14:36:16+00:00
7d35b3f08fbd2890,2016-02-26,Lettuce,Romaine (Hearts),3 count,,,,,Yes,,,,,,,,2.64,$/3 count,,,Midwest,retail,,,,,,,,159.0,3324,Weekly Grocery Store Specialty Crops Feature Activity,2026-09-26T14:36:16+00:00
95ba257a1d4073e0,2016-02-26,Lettuce,Romaine (Hearts),3 count,,,,,No,,,,,,,,2.41,$/3 count,,,Midwest,retail,,,,,,,,732.0,3324,Weekly Grocery Store Specialty Crops Feature Activity,2026-09-26T14:36:16+00:00
45fb148dd79b4753,2016-02-26,Limes,,each,,,,,No,,,,,,,,0.35,$/each,0.35,per each,Midwest,retail,,,,,,,,126.0,3324,Weekly Grocery Store Specialty Crops Feature Activity,2026-09-26T14:36:16+00:00
77f2250c64d075cf,2016-02-26,Limes,,per lb,,,,,No,,,,,,,,0.99,$/per lb,0.99,per lb,Midwest,retail,,,,,,,,8.0,3324,Weekly Grocery Store Specialty Crops Feature Activity,2026-09-26T14:36:16+00:00
2c3c48ed092b2712,2016-02-26,"Onions, Dry",RED,per lb,,,,,No,,,,,,,,0.87,$/per lb,0.87,per lb,Midwest,retail,,,,,,,,75.0,3324,Weekly Grocery Store Specialty Crops Feature Activity,2026-09-26T14:36:16+00:00
ae532bdb5375ffc2,2016-02-26,"Onions, Dry",WHITE,3 lb bag,,,,,No,,,,,,,,1.69,$/3 lb bag,0.5633,per lb,Midwest,retail,,,,,,,,8.0,3324,Weekly Grocery Store Specialty Crops Feature Activity,2026-09-26T14:36:16+00:00
c799b900d401a2c6,2016-02-26,"Onions, Dry",WHITE,per lb,,,,,No,,,,,,,,0.87,$/per lb,0.87,per lb,Midwest,retail,,,,,,,,40.0,3324,Weekly Grocery Store Specialty Crops Feature Activity,2026-09-26T14:36:16+00:00
174a286f3d766576,2016-02-26,"Onions, Dry",YELLOW,2 lb bag,,,,,No,,,,,,,,1.04,$/2 lb bag,0.52,per lb,Midwest,retail,,,,,,,,82.0,3324,Weekly Grocery Store Specialty Crops Feature Activity,2026-09-26T14:36:16+00:00
40f292a376a56f4a,2016-02-26,"Onions, Dry",YELLOW,2 lb bag,,,,,Yes,,,,,,,,1.49,$/2 lb bag,0.745,per lb,Midwest,retail,,,,,,,,7.0,3324,Weekly Grocery Store Specialty Crops Feature Activity,2026-09-26T14:36:16+00:00
0c2f857bd191cb5f,2016-02-26,"Onions, Dry",YELLOW,3 lb bag,,,,,No,,,,,,,,1.59,$/3 lb bag,0.53,per lb,Midwest,retail,,,,,,,,750.0,3324,Weekly Grocery Store Specialty Crops Feature Activity,2026-09-26T14:36:16+00:00
65e73b19d3ec3693,2016-02-26,"Onions, Dry",YELLOW,3 lb bag,,,,,Yes,,,,,,,,2.5,$/3 lb bag,0.8333,per lb,Midwest,retail,,,,,,,,3.0,3324,Weekly Grocery Store Specialty Crops Feature Activity,2026-09-26T14:36:16+00:00
56472f93a0ac00ce,2016-02-26,"Onions, Dry",YELLOW,per lb,,,,,No,,,,,,,,0.81,$/per lb,0.81,per lb,Midwest,retail,,,,,,,,246.0,3324,Weekly Grocery Store Specialty Crops Feature Activity,2026-09-26T14:36:16+00:00
ba3c75ab78ead7ad,2016-02-26,"Onions, Dry",YELLOW MARKED SWEET,2 lb bag,,,,,No,,,,,,,,1.62,$/2 lb bag,0.81,per lb,Midwest,retail,,,,,,,,265.0,3324,Weekly Grocery Store Specialty Crops Feature Activity,2026-09-26T14:36:16+00:00
b80c226b3e5b4891,2016-02-26,"Onions, Dry",YELLOW MARKED SWEET,3 lb bag,,,,,No,,,,,,,,1.99,$/3 lb bag,0.6633,per lb,Midwest,retail,,,,,,,,148.0,3324,Weekly Grocery Store Specialty Crops Feature Activity,2026-09-26T14:36:16+00:00
c1b64c2a87d5bf23,2016-02-26,"Onions, Dry",YELLOW MARKED SWEET,per lb,,,,,No,,,,,,,,1.02,$/per lb,1.02,per lb,Midwest,retail,,,,,,,,563.0,3324,Weekly Grocery Store Specialty Crops Feature Activity,2026-09-26T14:36:16+00:00
92777b9e56191121,2016-02-26,"Peppers, Bell Type",GREEN,each,,,,,No,,,,,,,,0.8,$/each,0.8,per each,Midwest,retail,,,,,,,,85.0,3324,Weekly Grocery Store Specialty Crops Feature Activity,2026-09-26T14:36:16+00:00
d81862cd1734734e,2016-02-26,"Peppers, Bell Type",GREEN,each,,,,,Yes,,,,,,,,0.99,$/each,0.99,per each,Midwest,retail,,,,,,,,137.0,3324,Weekly Grocery Store Specialty Crops Feature Activity,2026-09-26T14:36:16+00:00
810ae4b2a8952eca,2016-02-26,"Peppers, Bell Type",GREEN,per lb,,,,,No,,,,,,,,1.73,$/per lb,1.73,per lb,Midwest,retail,,,,,,,,28.0,3324,Weekly Grocery Store Specialty Crops Feature Activity,2026-09-26T14:36:16+00:00
5d27a4b24d965ca4,2016-02-26,"Peppers, Bell Type",ORANGE,each,,,,,No,,,,,,,,1.53,$/each,1.53,per each,Midwest,retail,,,,,,,,352.0,3324,Weekly Grocery Store Specialty Crops Feature Activity,2026-09-26T14:36:16+00:00
66e8b5c4d45bc7f3,2016-02-26,"Peppers, Bell Type",ORANGE,per lb,,,,,Yes,,,,,,,,2.99,$/per lb,2.99,per lb,Midwest,retail,,,,,,,,8.0,3324,Weekly Grocery Store Specialty Crops Feature Activity,2026-09-26T14:36:16+00:00
c02ddf550e189dec,2016-02-26,"Peppers, Bell Type",ORANGE,per lb,,,,,No,,,,,,,,2.99,$/per lb,2.99,per lb,Midwest,retail,,,,,,,,22.0,3324,Weekly Grocery Store Specialty Crops Feature Activity,2026-09-26T14:36:16+00:00
dfd9ce4da30e0561,2016-02-26,"Peppers, Bell Type",RED,each,,,,,No,,,,,,,,1.5,$/each,1.5,per each,Midwest,retail,,,,,,,,405.0,3324,Weekly Grocery Store Specialty Crops Feature Activity,2026-09-26T14:36:16+00:00
453de5214994a880,2016-02-26,"Peppers, Bell Type",RED,per lb,,,,,No,,,,,,,,2.33,$/per lb,2.33,per lb,Midwest,retail,,,,,,,,75.0,3324,Weekly Grocery Store Specialty Crops Feature Activity,2026-09-26T14:36:16+00:00
a35b35d26f7fb7c1,2016-02-26,"Peppers, Bell Type",RED,per lb,,,,,Yes,,,,,,,,2.99,$/per lb,2.99,per lb,Midwest,retail,,,,,,,,8.0,3324,Weekly Grocery Store Specialty Crops Feature Activity,2026-09-26T14:36:16+00:00
cf12518185ba55ba,2016-02-26,"Peppers, Bell Type",YELLOW,each,,,,,No,,,,,,,,1.5,$/each,1.5,per each,Midwest,retail,,,,,,,,393.0,3324,Weekly Grocery Store Specialty Crops Feature Activity,2026-09-26T14:36:16+00:00
34395d2e52410016,2016-02-26,"Peppers, Bell Type",YELLOW,per lb,,,,,Yes,,,,,,,,2.99,$/per lb,2.99,per lb,Midwest,retail,,,,,,,,8.0,3324,Weekly Grocery Store Specialty Crops Feature Activity,2026-09-26T14:36:16+00:00
35ffc03ac46af152,2016-02-26,"Peppers, Bell Type",YELLOW,per lb,,,,,No,,,,,,,,2.99,$/per lb,2.99,per lb,Midwest,retail,,,,,,,,22.0,3324,Weekly Grocery Store Specialty Crops Feature Activity,2026-09-26T14:36:16+00:00
8171f0229979e516,2016-02-26,Potatoes,ROUND RED,3 lb bag,,,,,Yes,,,,,,,,3.34,$/3 lb bag,1.1133,per lb,Midwest,retail,,,,,,,,169.0,3324,Weekly Grocery Store Specialty Crops Feature Activity,2026-09-26T14:36:16+00:00
fbca64306b760f86,2016-02-26,Potatoes,ROUND RED,3 lb bag,,,,,No,,,,,,,,2.0,$/3 lb bag,0.6667,per lb,Midwest,retail,,,,,,,,44.0,3324,Weekly Grocery Store Specialty Crops Feature Activity,2026-09-26T14:36:16+00:00
c5ee6fcf702af2d4,2016-02-26,Potatoes,ROUND RED,5 lb bag,,,,,No,,,,,,,,2.2,$/5 lb bag,0.44,per lb,Midwest,retail,,,,,,,,295.0,3324,Weekly Grocery Store Specialty Crops Feature Activity,2026-09-26T14:36:16+00:00
c95007ac13cb45c5,2016-02-26,Potatoes,ROUND RED,5 lb bag,,,,,Yes,,,,,,,,5.98,$/5 lb bag,1.196,per lb,Midwest,retail,,,,,,,,13.0,3324,Weekly Grocery Store Specialty Crops Feature Activity,2026-09-26T14:36:16+00:00
f2b1de869ff871b2,2016-02-26,Potatoes,ROUND RED,per lb,,,,,No,,,,,,,,0.49,$/per lb,0.49,per lb,Midwest,retail,,,,,,,,8.0,3324,Weekly Grocery Store Specialty Crops Feature Activity,2026-09-26T14:36:16+00:00
f879fada88141913,2016-02-26,Potatoes,ROUND WHITE,5 lb bag,,,,,No,,,,,,,,1.99,$/5 lb bag,0.398,per lb,Midwest,retail,,,,,,,,15.0,3324,Weekly Grocery Store Specialty Crops Feature Activity,2026-09-26T14:36:16+00:00
17f0ca0991accc0d,2016-02-26,Potatoes,RUSSET,10 lb bag,,,,,No,,,,,,,,3.0,$/10 lb bag,0.3,per lb,Midwest,retail,,,,,,,,414.0,3324,Weekly Grocery Store Specialty Crops Feature Activity,2026-09-26T14:36:16+00:00
19f481f53d0108a6,2016-02-26,Potatoes,RUSSET,3 lb bag,,,,,No,,,,,,,,1.0,$/3 lb bag,0.3333,per lb,Midwest,retail,,,,,,,,6.0,3324,Weekly Grocery Store Specialty Crops Feature Activity,2026-09-26T14:36:16+00:00
d3ebbbb8832b9aee,2016-02-26,Potatoes,RUSSET,3 lb bag,,,,,Yes,,,,,,,,1.99,$/3 lb bag,0.6633,per lb,Midwest,retail,,,,,,,,503.0,3324,Weekly Grocery Store Specialty Crops Feature Activity,2026-09-26T14:36:16+00:00
1b44d5f94bfe027a,2016-02-26,Potatoes,RUSSET,5 lb bag,,,,,Yes,,,,,,,,3.99,$/5 lb bag,0.798,per lb,Midwest,retail,,,,,,,,9.0,3324,Weekly Grocery Store Specialty Crops Feature Activity,2026-09-26T14:36:16+00:00
21bbeb7eba5ad21f,2016-02-26,Potatoes,RUSSET,5 lb bag,,,,,No,,,,,,,,2.15,$/5 lb bag,0.43,per lb,Midwest,retail,,,,,,,,599.0,3324,Weekly Grocery Store Specialty Crops Feature Activity,2026-09-26T14:36:16+00:00
8a6722f03caaffd2,2016-02-26,Potatoes,RUSSET,8 lb bag,,,,,No,,,,,,,,2.12,$/8 lb bag,0.265,per lb,Midwest,retail,,,,,,,,776.0,3324,Weekly Grocery Store Specialty Crops Feature Activity,2026-09-26T14:36:16+00:00
476bf2a8067679ae,2016-02-26,Potatoes,RUSSET,per lb,,,,,No,,,,,,,,0.53,$/per lb,0.53,per lb,Midwest,retail,,,,,,,,61.0,3324,Weekly Grocery Store Specialty Crops Feature Activity,2026-09-26T14:36:16+00:00
bf2434a6646adaa2,2016-02-26,Potatoes,RUSSET,per lb,,,,,Yes,,,,,,,,1.99,$/per lb,1.99,per lb,Midwest,retail,,,,,,,,28.0,3324,Weekly Grocery Store Specialty Crops Feature Activity,2026-09-26T14:36:16+00:00
7ff195ca2e5e8c72,2016-02-26,Potatoes,YELLOW TYPE,3 lb bag,,,,,Yes,,,,,,,,2.4,$/3 lb bag,0.8,per lb,Midwest,retail,,,,,,,,35.0,3324,Weekly Grocery Store Specialty Crops Feature Activity,2026-09-26T14:36:16+00:00
b21cb9c7b4fb4e69,2016-02-26,Potatoes,YELLOW TYPE,3 lb bag,,,,,No,,,,,,,,1.49,$/3 lb bag,0.4967,per lb,Midwest,retail,,,,,,,,309.0,3324,Weekly Grocery Store Specialty Crops Feature Activity,2026-09-26T14:36:16+00:00
b99e306d3b90dc05,2016-02-26,Potatoes,YELLOW TYPE,5 lb bag,,,,,No,,,,,,,,2.75,$/5 lb bag,0.55,per lb,Midwest,retail,,,,,,,,155.0,3324,Weekly Grocery Store Specialty Crops Feature Activity,2026-09-26T14:36:16+00:00
a5d3e1b48a5ac528,2016-02-26,Potatoes,YELLOW TYPE,per lb,,,,,No,,,,,,,,0.49,$/per lb,0.49,per lb,Midwest,retail,,,,,,,,8.0,3324,Weekly Grocery Store Specialty Crops Feature Activity,2026-09-26T14:36:16+00:00
90c41f331f82425a,2016-02-26,Strawberries,,1 lb package,,,,,No,,,,,,,,2.15,$/1 lb package,2.15,per lb,Midwest,retail,,,,,,,,1573.0,3324,Weekly Grocery Store Specialty Crops Feature Activity,2026-09-26T14:36:16+00:00
e15e56cde7b17445,2016-02-26,Strawberries,,1 lb package,,,,,Yes,,,,,,,,2.98,$/1 lb package,2.98,per lb,Midwest,retail,,,,,,,,7.0,3324,Weekly Grocery Store Specialty Crops Feature Activity,2026-09-26T14:36:16+00:00
8564a8c07dccbd7c,2016-02-26,Tomatoes,,per lb,,,,,Yes,,,,,,,,2.74,$/per lb,2.74,per lb,Midwest,retail,,,,,,,,12.0,3324,Weekly Grocery Store Specialty Crops Feature Activity,2026-09-26T14:36:16+00:00
b32b61b745ac5da1,2016-02-26,Tomatoes,,per lb,,,,,No,,,,,,,,1.8,$/per lb,1.8,per lb,Midwest,retail,,,,,,,,285.0,3324,Weekly Grocery Store Specialty Crops Feature Activity,2026-09-26T14:36:16+00:00
13a03232f3e43697,2016-02-26,Tomatoes,GRAPE TYPE,1 pint package,,,,,Yes,,,,,,,,2.99,$/1 pint package,,,Midwest,retail,,,,,,,,8.0,3324,Weekly Grocery Store Specialty Crops Feature Activity,2026-09-26T14:36:16+00:00
a16764368ce75a5a,2016-02-26,Tomatoes,GRAPE TYPE,1 pint package,,,,,No,,,,,,,,2.02,$/1 pint package,,,Midwest,retail,,,,,,,,160.0,3324,Weekly Grocery Store Specialty Crops Feature Activity,2026-09-26T14:36:16+00:00
2c29ed974c29fc0a,2016-02-26,Tomatoes,GRAPE TYPE,10 oz package,,,,,No,,,,,,,,2.17,$/10 oz package,3.472,per lb,Midwest,retail,,,,,,,,995.0,3324,Weekly Grocery Store Specialty Crops Feature Activity,2026-09-26T14:36:16+00:00
e3220dbc0cde3e7c,2016-02-26,Tomatoes,GRAPE TYPE,10 oz package,,,,,Yes,,,,,,,,2.99,$/10 oz package,4.784,per lb,Midwest,retail,,,,,,,,250.0,3324,Weekly Grocery Store Specialty Crops Feature Activity,2026-09-26T14:36:16+00:00
69b37ee764b863e2,2016-02-26,Tomatoes,Plum Type (Roma),per lb,,,,,Yes,,,,,,,,1.57,$/per lb,1.57,per lb,Midwest,retail,,,,,,,,118.0,3324,Weekly Grocery Store Specialty Crops Feature Activity,2026-09-26T14:36:16+00:00
cf4997ba8923551b,2016-02-26,Tomatoes,Plum Type (Roma),per lb,,,,,No,,,,,,,,1.14,$/per lb,1.14,per lb,Midwest,retail,,,,,,,,713.0,3324,Weekly Grocery Store Specialty Crops Feature Activity,2026-09-26T14:36:16+00:00
14337ddbb04a2978,2016-02-26,Tomatoes,VINE RIPES,per lb,,,,,No,,,,,,,,1.9,$/per lb,1.9,per lb,Midwest,retail,,,environment=Greenhouse,,,,,87.0,3324,Weekly Grocery Store Specialty Crops Feature Activity,2026-09-26T14:36:16+00:00
2522135290d323c3,2016-02-26,Tomatoes,VINE RIPES,per lb,,,,,No,,,,,,,,1.74,$/per lb,1.74,per lb,Midwest,retail,,,,,,,,132.0,3324,Weekly Grocery Store Specialty Crops Feature Activity,2026-09-26T14:36:16+00:00
3bdacfe803119702,2016-02-26,Tomatoes,VINE RIPES - ON THE VINE,per lb,,,,,Yes,,,,,,,,2.27,$/per lb,2.27,per lb,Midwest,retail,,,environment=Greenhouse,,,,,23.0,3324,Weekly Grocery Store Specialty Crops Feature Activity,2026-09-26T14:36:16+00:00
dc9674b75f7a8d56,2016-02-26,Tomatoes,VINE RIPES - ON THE VINE,per lb,,,,,No,,,,,,,,1.95,$/per lb,1.95,per lb,Midwest,retail,,,environment=Greenhouse,,,,,558.0,3324,Weekly Grocery Store Specialty Crops Feature Activity,2026-09-26T14:36:16+00:00
6aed5ffd3119cc1c,2016-02-26,Avocados,HASS,each,,,,,No,,,,,,,,1.09,$/each,1.09,per each,National,retail,,,,,,,,12288.0,3324,Weekly Grocery Store Specialty Crops Feature Activity,2026-09-26T14:36:16+00:00
e3d300e83d0364ec,2016-02-26,Avocados,HASS,each,,,,,Yes,,,,,,,,1.63,$/each,1.63,per each,National,retail,,,,,,,,1970.0,3324,Weekly Grocery Store Specialty Crops Feature Activity,2026-09-26T14:36:16+00:00
98d33a793e9e6275,2016-02-26,Avocados,VARIOUS GREENSKIN VARIETIES,each,,,,,No,,,,,,,,0.8,$/each,0.8,per each,National,retail,,,,,,,,247.0,3324,Weekly Grocery Store Specialty Crops Feature Activity,2026-09-26T14:36:16+00:00
2158da77b45fd4f9,2016-02-26,Bananas,,per lb,,,,,No,,,,,,,,0.46,$/per lb,0.46,per lb,National,retail,,,,,,,,1407.0,3324,Weekly Grocery Store Specialty Crops Feature Activity,2026-09-26T14:36:16+00:00
94882fe1ff3b369b,2016-02-26,Bananas,,per lb,,,,,Yes,,,,,,,,0.97,$/per lb,0.97,per lb,National,retail,,,,,,,,547.0,3324,Weekly Grocery Store Specialty Crops Feature Activity,2026-09-26T14:36:16+00:00
1828617808e686fd,2016-02-26,Blueberries,,1 pint package,,,,,No,,,,,,,,2.98,$/1 pint package,,,National,retail,,,,,,,,7435.0,3324,Weekly Grocery Store Specialty Crops Feature Activity,2026-09-26T14:36:16+00:00
d5816552b1f07dd2,2016-02-26,Blueberries,,1 pint package,,,,,Yes,,,,,,,,3.99,$/1 pint package,,,National,retail,,,,,,,,42.0,3324,Weekly Grocery Store Specialty Crops Feature Activity,2026-09-26T14:36:16+00:00
edc3cf538c66d86e,2016-02-26,Blueberries,,18 oz package,,,,,No,,,,,,,,5.58,$/18 oz package,4.96,per lb,National,retail,,,,,,,,1286.0,3324,Weekly Grocery Store Specialty Crops Feature Activity,2026-09-26T14:36:16+00:00
50a0034a19760ff3,2016-02-26,Blueberries,,4.4 oz package,,,,,Yes,,,,,,,,3.94,$/4.4 oz package,14.3273,per lb,National,retail,,,,,,,,559.0,3324,Weekly Grocery Store Specialty Crops Feature Activity,2026-09-26T14:36:16+00:00
5dd3b463d2103ce2,2016-02-26,Blueberries,,6 oz package,,,,,No,,,,,,,,2.81,$/6 oz package,7.4933,per lb,National,retail,,,,,,,,1579.0,3324,Weekly Grocery Store Specialty Crops Feature Activity,2026-09-26T14:36:16+00:00
d929d6cb5f2b5528,2016-02-26,Blueberries,,6 oz package,,,,,Yes,,,,,,,,3.68,$/6 oz package,9.8133,per lb,National,retail,,,,,,,,763.0,3324,Weekly Grocery Store Specialty Crops Feature Activity,2026-09-26T14:36:16+00:00
498e439a3ab732e6,2016-02-26,Broccoli,,per bunch,,,,,No,,,,,,,,2.19,$/per bunch,,,National,retail,,,,,,,,2480.0,3324,Weekly Grocery Store Specialty Crops Feature Activity,2026-09-26T14:36:16+00:00
96f7216e9cd6c7e1,2016-02-26,Broccoli,,per bunch,,,,,Yes,,,,,,,,2.89,$/per bunch,,,National,retail,,,,,,,,626.0,3324,Weekly Grocery Store Specialty Crops Feature Activity,2026-09-26T14:36:16+00:00
a384ab8d8e0b442c,2016-02-26,Broccoli,,per lb,,,,,No,,,,,,,,1.65,$/per lb,1.65,per lb,National,retail,,,,,,,,1507.0,3324,Weekly Grocery Store Specialty Crops Feature Activity,2026-09-26T14:36:16+00:00
d46fa73f9a31d093,2016-02-26,Broccoli,,per lb,,,,,Yes,,,,,,,,1.35,$/per lb,1.35,per lb,National,retail,,,,,,,,396.0,3324,Weekly Grocery Store Specialty Crops Feature Activity,2026-09-26T14:36:16+00:00
529d285e1f218081,2016-02-26,Broccoli,BABY HYBRID TYPE,per bunch,,,,,No,,,,,,,,2.5,$/per bunch,,,National,retail,,,,,,,,499.0,3324,Weekly Grocery Store Specialty Crops Feature Activity,2026-09-26T14:36:16+00:00
0c90e5d97f4ad308,2016-02-26,Broccoli,CROWN CUT,per lb,,,,,Yes,,,,,,,,2.49,$/per lb,2.49,per lb,National,retail,,,,,,,,74.0,3324,Weekly Grocery Store Specialty Crops Feature Activity,2026-09-26T14:36:16+00:00
b65a6bd6e4774179,2016-02-26,Broccoli,CROWN CUT,per lb,,,,,No,,,,,,,,1.55,$/per lb,1.55,per lb,National,retail,,,,,,,,3667.0,3324,Weekly Grocery Store Specialty Crops Feature Activity,2026-09-26T14:36:16+00:00
2c66dae6f259ddad,2016-02-26,Carrots,,1 lb bag,,,,,No,,,,,,,,0.78,$/1 lb bag,0.78,per lb,National,retail,,,,,,,,495.0,3324,Weekly Grocery Store Specialty Crops Feature Activity,2026-09-26T14:36:16+00:00
baca59aa65553c1b,2016-02-26,Carrots,,1 lb bag,,,,,Yes,,,,,,,,1.53,$/1 lb bag,1.53,per lb,National,retail,,,,,,,,82.0,3324,Weekly Grocery Store Specialty Crops Feature Activity,2026-09-26T14:36:16+00:00
5c07b86e5767bbcd,2016-02-26,Carrots,,2 lb bag,,,,,Yes,,,,,,,,1.81,$/2 lb bag,0.905,per lb,National,retail,,,,,,,,150.0,3324,Weekly Grocery Store Specialty Crops Feature Activity,2026-09-26T14:36:16+00:00
639557f2d72d3120,2016-02-26,Carrots,,2 lb bag,,,,,No,,,,,,,,1.54,$/2 lb bag,0.77,per lb,National,retail,,,,,,,,479.0,3324,Weekly Grocery Store Specialty Crops Feature Activity,2026-09-26T14:36:16+00:00
0520abedd66a520e,2016-02-26,Carrots,,per bunch,,,,,Yes,,,,,,,,2.23,$/per bunch,,,National,retail,,,,,,,,68.0,3324,Weekly Grocery Store Specialty Crops Feature Activity,2026-09-26T14:36:16+00:00
f0754927725603d3,2016-02-26,Carrots,,per bunch,,,,,No,,,,,,,,1.7,$/per bunch,,,National,retail,,,,,,,,69.0,3324,Weekly Grocery Store Specialty Crops Feature Activity,2026-09-26T14:36:16+00:00
4208eeb8204def85,2016-02-26,Carrots,,per lb,,,,,Yes,,,,,,,,1.29,$/per lb,1.29,per lb,National,retail,,,,,,,,14.0,3324,Weekly Grocery Store Specialty Crops Feature Activity,2026-09-26T14:36:16+00:00
6b4dd0b6a46ded4a,2016-02-26,Carrots,,per lb,,,,,No,,,,,,,,0.38,$/per lb,0.38,per lb,National,retail,,,,,,,,87.0,3324,Weekly Grocery Store Specialty Crops Feature Activity,2026-09-26T14:36:16+00:00
050d2b5d1f9e1017,2016-02-26,Carrots,BABY PEELED,1 lb bag,,,,,Yes,,,,,,,,1.67,$/1 lb bag,1.67,per lb,National,retail,,,,,,,,2232.0,3324,Weekly Grocery Store Specialty Crops Feature Activity,2026-09-26T14:36:16+00:00
9f940014556d643a,2016-02-26,Carrots,BABY PEELED,1 lb bag,,,,,No,,,,,,,,1.38,$/1 lb bag,1.38,per lb,National,retail,,,,,,,,3954.0,3324,Weekly Grocery Store Specialty Crops Feature Activity,2026-09-26T14:36:16+00:00
18709ea7ee3e8e53,2016-02-26,Carrots,BABY PEELED,2 lb bag,,,,,Yes,,,,,,,,2.99,$/2 lb bag,1.495,per lb,National,retail,,,,,,,,42.0,3324,Weekly Grocery Store Specialty Crops Feature Activity,2026-09-26T14:36:16+00:00
7bc83804b1350a83,2016-02-26,Carrots,BABY PEELED,2 lb bag,,,,,No,,,,,,,,2.4,$/2 lb bag,1.2,per lb,National,retail,,,,,,,,1099.0,3324,Weekly Grocery Store Specialty Crops Feature Activity,2026-09-26T14:36:16+00:00
310c5fc3c3749f89,2016-02-26,Celery,,each,,,,,Yes,,,,,,,,1.79,$/each,1.79,per each,National,retail,,,,,,,,196.0,3324,Weekly Grocery Store Specialty Crops Feature Activity,2026-09-26T14:36:16+00:00
5663885415aed971,2016-02-26,Celery,,each,,,,,No,,,,,,,,1.37,$/each,1.37,per each,National,retail,,,,,,,,1073.0,3324,Weekly Grocery Store Specialty Crops Feature Activity,2026-09-26T14:36:16+00:00
1dca1161ca32cc6b,2016-02-26,Celery,,per lb,,,,,Yes,,,,,,,,0.79,$/per lb,0.79,per lb,National,retail,,,,,,,,5.0,3324,Weekly Grocery Store Specialty Crops Feature Activity,2026-09-26T14:36:16+00:00
2a38c7035becb85a,2016-02-26,Celery,,per lb,,,,,No,,,,,,,,0.91,$/per lb,0.91,per lb,National,retail,,,,,,,,143.0,3324,Weekly Grocery Store Specialty Crops Feature Activity,2026-09-26T14:36:16+00:00
13bc6f2ed4853aba,2016-02-26,Celery,HEARTS,each,,,,,No,,,,,,,,2.28,$/each,2.28,per each,National,retail,,,,,,,,620.0,3324,Weekly Grocery Store Specialty Crops Feature Activity,2026-09-26T14:36:16+00:00
cc4322e5649e4ef7,2016-02-26,Celery,HEARTS,each,,,,,Yes,,,,,,,,2.75,$/each,2.75,per each,National,retail,,,,,,,,326.0,3324,Weekly Grocery Store Specialty Crops Feature Activity,2026-09-26T14:36:16+00:00
11391387df85a107,2016-02-26,Celery,HEARTS,per lb,,,,,Yes,,,,,,,,1.69,$/per lb,1.69,per lb,National,retail,,,,,,,,8.0,3324,Weekly Grocery Store Specialty Crops Feature Activity,2026-09-26T14:36:16+00:00
e6a7e398af2d9362,2016-02-26,Celery,HEARTS,per lb,,,,,No,,,,,,,,1.99,$/per lb,1.99,per lb,National,retail,,,,,,,,3.0,3324,Weekly Grocery Store Specialty Crops Feature Activity,2026-09-26T14:36:16+00:00
07ada79f7b218264,2016-02-26,Cucumbers,,each,,,,,No,,,,,,,,0.7,$/each,0.7,per each,National,retail,,,,,,,,4561.0,3324,Weekly Grocery Store Specialty Crops Feature Activity,2026-09-26T14:36:16+00:00
c8d668cffc4261a2,2016-02-26,Cucumbers,,each,,,,,Yes,,,,,,,,1.5,$/each,1.5,per each,National,retail,,,,,,,,18.0,3324,Weekly Grocery Store Specialty Crops Feature Activity,2026-09-26T14:36:16+00:00
8de61bf56c1406bf,2016-02-26,Cucumbers,,per lb,,,,,No,,,,,,,,0.39,$/per lb,0.39,per lb,National,retail,,,,,,,,44.0,3324,Weekly Grocery Store Specialty Crops Feature Activity,2026-09-26T14:36:16+00:00
307b120176c350e3,2016-02-26,Cucumbers,LONG SEEDLESS,each,,,,,Yes,,,,,,,,3.49,$/each,3.49,per each,National,retail,,,environment=Greenhouse,,,,,6.0,3324,Weekly Grocery Store Specialty Crops Feature Activity,2026-09-26T14:36:16+00:00
b4980b160098b40a,2016-02-26,Cucumbers,LONG SEEDLESS,each,,,,,No,,,,,,,,1.42,$/each,1.42,per each,National,retail,,,,,,,,39.0,3324,Weekly Grocery Store Specialty Crops Feature Activity,2026-09-26T14:36:16+00:00
d873e6407d1f5250,2016-02-26,Cucumbers,LONG SEEDLESS,each,,,,,No,,,,,,,,1.42,$/each,1.42,per each,National,retail,,,environment=Greenhouse,,,,,2248.0,3324,Weekly Grocery Store Specialty Crops Feature Activity,2026-09-26T14:36:16+00:00
4656b91ac5862d43,2016-02-26,Grapes,BLACK SEEDLESS,per lb,,,,,No,,,,,,,,2.6,$/per lb,2.6,per lb,National,retail,,,,,,,,1735.0,3324,Weekly Grocery Store Specialty Crops Feature Activity,2026-09-26T14:36:16+00:00
18eac4f113036167,2016-02-26,Grapes,RED SEEDLESS,per lb,,,,,No,,,,,,,,2.53,$/per lb,2.53,per lb,National,retail,,,,,,,,6851.0,3324,Weekly Grocery Store Specialty Crops Feature Activity,2026-09-26T14:36:16+00:00
474778de33e3c16d,2016-02-26,Grapes,Red Globe Seeded Type,per lb,,,,,No,,,,,,,,2.25,$/per lb,2.25,per lb,National,retail,,,,,,,,717.0,3324,Weekly Grocery Store Specialty Crops Feature Activity,2026-09-26T14:36:16+00:00
9a319fd80dd5f09b,2016-02-26,Grapes,WHITE SEEDLESS TYPE,per lb,,,,,No,,,,,,,,2.56,$/per lb,2.56,per lb,National,retail,,,,,,,,4931.0,3324,Weekly Grocery Store Specialty Crops Feature Activity,2026-09-26T14:36:16+00:00
087e46b6d8ab9027,2016-02-26,Lemons,,2 lb bag,,,,,No,,,,,,,,2.63,$/2 lb bag,1.315,per lb,National,retail,,,,,,,,2524.0,3324,Weekly Grocery Store Specialty Crops Feature Activity,2026-09-26T14:36:16+00:00
64ca2ec581eb7962,2016-02-26,Lemons,,2 lb bag,,,,,Yes,,,,,,,,3.82,$/2 lb bag,1.91,per lb,National,retail,,,,,,,,689.0,3324,Weekly Grocery Store Specialty Crops Feature Activity,2026-09-26T14:36:16+00:00
af40687b4562e2f5,2016-02-26,Lemons,,each,,,,,No,,,,,,,,0.55,$/each,0.55,per each,National,retail,,,,,,,,3358.0,3324,Weekly Grocery Store Specialty Crops Feature Activity,2026-09-26T14:36:16+00:00
e22dcc9ba5feae45,2016-02-26,Lemons,,each,,,,,Yes,,,,,,,,0.7,$/each,0.7,per each,National,retail,,,,,,,,313.0,3324,Weekly Grocery Store Specialty Crops Feature Activity,2026-09-26T14:36:16+00:00
2e90d716726dc1ac,2016-02-26,Lemons,,per lb,,,,,No,,,,,,,,1.16,$/per lb,1.16,per lb,National,retail,,,,,,,,13.0,3324,Weekly Grocery Store Specialty Crops Feature Activity,2026-09-26T14:36:16+00:00
c2ab50c38619b976,2016-02-26,Lettuce,Boston,each,,,,,No,,,,,,,,1.29,$/each,1.29,per each,National,retail,,,,,,,,16.0,3324,Weekly Grocery Store Specialty Crops Feature Activity,2026-09-26T14:36:16+00:00
4ba19e7831801a2e,2016-02-26,Lettuce,Green Leaf,each,,,,,No,,,,,,,,1.09,$/each,1.09,per each,National,retail,,,,,,,,1882.0,3324,Weekly Grocery Store Specialty Crops Feature Activity,2026-09-26T14:36:16+00:00
781939bb1a06171f,2016-02-26,Lettuce,Green Leaf,each,,,,,Yes,,,,,,,,1.95,$/each,1.95,per each,National,retail,,,,,,,,287.0,3324,Weekly Grocery Store Specialty Crops Feature Activity,2026-09-26T14:36:16+00:00
635cff23f1cc99ff,2016-02-26,Lettuce,Green Leaf,per lb,,,,,No,,,,,,,,1.32,$/per lb,1.32,per lb,National,retail,,,,,,,,334.0,3324,Weekly Grocery Store Specialty Crops Feature Activity,2026-09-26T14:36:16+00:00
85c33df4d22fde0e,2016-02-26,Lettuce,Iceberg,each,,,,,Yes,,,,,,,,2.18,$/each,2.18,per each,National,retail,,,,,,,,220.0,3324,Weekly Grocery Store Specialty Crops Feature Activity,2026-09-26T14:36:16+00:00
f901837dee3c6f9f,2016-02-26,Lettuce,Iceberg,each,,,,,No,,,,,,,,1.13,$/each,1.13,per each,National,retail,,,,,,,,2513.0,3324,Weekly Grocery Store Specialty Crops Feature Activity,2026-09-26T14:36:16+00:00
f2f465c0d2e12c1b,2016-02-26,Lettuce,Iceberg,per lb,,,,,No,,,,,,,,0.96,$/per lb,0.96,per lb,National,retail,,,,,,,,81.0,3324,Weekly Grocery Store Specialty Crops Feature Activity,2026-09-26T14:36:16+00:00
a4c621d011478ec9,2016-02-26,Lettuce,Red Leaf,each,,,,,Yes,,,,,,,,1.95,$/each,1.95,per each,National,retail,,,,,,,,287.0,3324,Weekly Grocery Store Specialty Crops Feature Activity,2026-09-26T14:36:16+00:00
e211e18351520c47,2016-02-26,Lettuce,Red Leaf,each,,,,,No,,,,,,,,1.08,$/each,1.08,per each,National,retail,,,,,,,,1816.0,3324,Weekly Grocery Store Specialty Crops Feature Activity,2026-09-26T14:36:16+00:00
02b9133c91f19930,2016-02-26,Lettuce,Red Leaf,per lb,,,,,No,,,,,,,,1.32,$/per lb,1.32,per lb,National,retail,,,,,,,,328.0,3324,Weekly Grocery Store Specialty Crops Feature Activity,2026-09-26T14:36:16+00:00
a790aac178238000,2016-02-26,Lettuce,Romaine,3 count,,,,,Yes,,,,,,,,3.99,$/3 count,,,National,retail,,,,,,,,42.0,3324,Weekly Grocery Store Specialty Crops Feature Activity,2026-09-26T14:36:16+00:00
af4f4af3bc183aed,2016-02-26,Lettuce,Romaine,3 count,,,,,No,,,,,,,,2.0,$/3 count,,,National,retail,,,,,,,,8.0,3324,Weekly Grocery Store Specialty Crops Feature Activity,2026-09-26T14:36:16+00:00
69c1840c6be4cdbf,2016-02-26,Lettuce,Romaine,each,,,,,No,,,,,,,,1.05,$/each,1.05,per each,National,retail,,,,,,,,1614.0,3324,Weekly Grocery Store Specialty Crops Feature Activity,2026-09-26T14:36:16+00:00
9fc47c9e532af836,2016-02-26,Lettuce,Romaine,each,,,,,Yes,,,,,,,,2.78,$/each,2.78,per each,National,retail,,,,,,,,82.0,3324,Weekly Grocery Store Specialty Crops Feature Activity,2026-09-26T14:36:16+00:00
4a2ddf4d94cec33c,2016-02-26,Lettuce,Romaine,per lb,,,,,No,,,,,,,,1.26,$/per lb,1.26,per lb,National,retail,,,,,,,,481.0,3324,Weekly Grocery Store Specialty Crops Feature Activity,2026-09-26T14:36:16+00:00
03bfd5b602e74df0,2016-02-26,Lettuce,Romaine (Hearts),3 count,,,,,Yes,,,,,,,,3.5,$/3 count,,,National,retail,,,,,,,,1922.0,3324,Weekly Grocery Store Specialty Crops Feature Activity,2026-09-26T14:36:16+00:00
ea2f994aa5a4c515,2016-02-26,Lettuce,Romaine (Hearts),3 count,,,,,No,,,,,,,,2.46,$/3 count,,,National,retail,,,,,,,,2170.0,3324,Weekly Grocery Store Specialty Crops Feature Activity,2026-09-26T14:36:16+00:00
3d5b849920c8218b,2016-02-26,Limes,,each,,,,,Yes,,,,,,,,0.25,$/each,0.25,per each,National,retail,,,,,,,,59.0,3324,Weekly Grocery Store Specialty Crops Feature Activity,2026-09-26T14:36:16+00:00
9fe195788709ada6,2016-02-26,Limes,,each,,,,,No,,,,,,,,0.31,$/each,0.31,per each,National,retail,,,,,,,,2587.0,3324,Weekly Grocery Store Specialty Crops Feature Activity,2026-09-26T14:36:16+00:00
efc897cb70f323f3,2016-02-26,Limes,,per lb,,,,,No,,,,,,,,0.62,$/per lb,0.62,per lb,National,retail,,,,,,,,80.0,3324,Weekly Grocery Store Specialty Crops Feature Activity,2026-09-26T14:36:16+00:00
2ea4789fe0b9669d,2016-02-26,"Onions, Dry",RED,2 lb bag,,,,,No,,,,,,,,1.99,$/2 lb bag,0.995,per lb,National,retail,,,,,,,,304.0,3324,Weekly Grocery Store Specialty Crops Feature Activity,2026-09-26T14:36:16+00:00
7dfa894dd6c5e412,2016-02-26,"Onions, Dry",RED,3 lb bag,,,,,Yes,,,,,,,,4.49,$/3 lb bag,1.4967,per lb,National,retail,,,,,,,,6.0,3324,Weekly Grocery Store Specialty Crops Feature Activity,2026-09-26T14:36:16+00:00
0fda0fcfd4eea6cf,2016-02-26,"Onions, Dry",RED,per lb,,,,,No,,,,,,,,1.2,$/per lb,1.2,per lb,National,retail,,,,,,,,586.0,3324,Weekly Grocery Store Specialty Crops Feature Activity,2026-09-26T14:36:16+00:00
8c7ba4f269490a66,2016-02-26,"Onions, Dry",RED,per lb,,,,,Yes,,,,,,,,1.41,$/per lb,1.41,per lb,National,retail,,,,,,,,52.0,3324,Weekly Grocery Store Specialty Crops Feature Activity,2026-09-26T14:36:16+00:00
55ac51a08e24f70b,2016-02-26,"Onions, Dry",WHITE,3 lb bag,,,,,No,,,,,,,,1.69,$/3 lb bag,0.5633,per lb,National,retail,,,,,,,,8.0,3324,Weekly Grocery Store Specialty Crops Feature Activity,2026-09-26T14:36:16+00:00
cd68ddf7d6cb0939,2016-02-26,"Onions, Dry",WHITE,per lb,,,,,No,,,,,,,,0.78,$/per lb,0.78,per lb,National,retail,,,,,,,,714.0,3324,Weekly Grocery Store Specialty Crops Feature Activity,2026-09-26T14:36:16+00:00
564b3309c7244eeb,2016-02-26,"Onions, Dry",YELLOW,2 lb bag,,,,,Yes,,,,,,,,1.49,$/2 lb bag,0.745,per lb,National,retail,,,,,,,,7.0,3324,Weekly Grocery Store Specialty Crops Feature Activity,2026-09-26T14:36:16+00:00
ff7df98ccb3bc4ac,2016-02-26,"Onions, Dry",YELLOW,2 lb bag,,,,,No,,,,,,,,1.31,$/2 lb bag,0.655,per lb,National,retail,,,,,,,,820.0,3324,Weekly Grocery Store Specialty Crops Feature Activity,2026-09-26T14:36:16+00:00
7b5225d4ddec9f4b,2016-02-26,"Onions, Dry",YELLOW,3 lb bag,,,,,No,,,,,,,,2.09,$/3 lb bag,0.6967,per lb,National,retail,,,,,,,,4482.0,3324,Weekly Grocery Store Specialty Crops Feature Activity,2026-09-26T14:36:16+00:00
c4b641717fd573b6,2016-02-26,"Onions, Dry",YELLOW,3 lb bag,,,,,Yes,,,,,,,,2.59,$/3 lb bag,0.8633,per lb,National,retail,,,,,,,,116.0,3324,Weekly Grocery Store Specialty Crops Feature Activity,2026-09-26T14:36:16+00:00
04e1dfab8f581d85,2016-02-26,"Onions, Dry",YELLOW,5 lb bag,,,,,No,,,,,,,,3.81,$/5 lb bag,0.762,per lb,National,retail,,,,,,,,808.0,3324,Weekly Grocery Store Specialty Crops Feature Activity,2026-09-26T14:36:16+00:00
40840d3084cffb32,2016-02-26,"Onions, Dry",YELLOW,per lb,,,,,No,,,,,,,,0.76,$/per lb,0.76,per lb,National,retail,,,,,,,,700.0,3324,Weekly Grocery Store Specialty Crops Feature Activity,2026-09-26T14:36:16+00:00
646fbe3eefd4413c,2016-02-26,"Onions, Dry",YELLOW,per lb,,,,,Yes,,,,,,,,1.26,$/per lb,1.26,per lb,National,retail,,,,,,,,161.0,3324,Weekly Grocery Store Specialty Crops Feature Activity,2026-09-26T14:36:16+00:00
f7baef28014b7f85,2016-02-26,"Onions, Dry",YELLOW MARKED SWEET,2 lb bag,,,,,No,,,,,,,,1.62,$/2 lb bag,0.81,per lb,National,retail,,,,,,,,286.0,3324,Weekly Grocery Store Specialty Crops Feature Activity,2026-09-26T14:36:16+00:00
d52a98dc12d14a5e,2016-02-26,"Onions, Dry",YELLOW MARKED SWEET,3 lb bag,,,,,No,,,,,,,,2.95,$/3 lb bag,0.9833,per lb,National,retail,,,,,,,,357.0,3324,Weekly Grocery Store Specialty Crops Feature Activity,2026-09-26T14:36:16+00:00
38d3f7a63dc86eb8,2016-02-26,"Onions, Dry",YELLOW MARKED SWEET,5 lb bag,,,,,No,,,,,,,,3.99,$/5 lb bag,0.798,per lb,National,retail,,,,,,,,230.0,3324,Weekly Grocery Store Specialty Crops Feature Activity,2026-09-26T14:36:16+00:00
34bb4e85f001c84a,2016-02-26,"Onions, Dry",YELLOW MARKED SWEET,per lb,,,,,Yes,,,,,,,,0.99,$/per lb,0.99,per lb,National,retail,,,,,,,,18.0,3324,Weekly Grocery Store Specialty Crops Feature Activity,2026-09-26T14:36:16+00:00
953b7b2ad7b5504d,2016-02-26,"Onions, Dry",YELLOW MARKED SWEET,per lb,,,,,No,,,,,,,,1.19,$/per lb,1.19,per lb,National,retail,,,,,,,,2772.0,3324,Weekly Grocery Store Specialty Crops Feature Activity,2026-09-26T14:36:16+00:00
4b441a4b1aebfd49,2016-02-26,"Peppers, Bell Type",GREEN,each,,,,,Yes,,,,,,,,0.99,$/each,0.99,per each,National,retail,,,,,,,,137.0,3324,Weekly Grocery Store Specialty Crops Feature Activity,2026-09-26T14:36:16+00:00
b794f361a74c79b0,2016-02-26,"Peppers, Bell Type",GREEN,each,,,,,No,,,,,,,,0.82,$/each,0.82,per each,National,retail,,,,,,,,1758.0,3324,Weekly Grocery Store Specialty Crops Feature Activity,2026-09-26T14:36:16+00:00
4a1c03fb6f0bb856,2016-02-26,"Peppers, Bell Type",GREEN,per lb,,,,,No,,,,,,,,2.93,$/per lb,2.93,per lb,National,retail,,,,,,,,1210.0,3324,Weekly Grocery Store Specialty Crops Feature Activity,2026-09-26T14:36:16+00:00
2d52431916b459e6,2016-02-26,"Peppers, Bell Type",ORANGE,each,,,,,Yes,,,,,,,,1.99,$/each,1.99,per each,National,retail,,,,,,,,147.0,3324,Weekly Grocery Store Specialty Crops Feature Activity,2026-09-26T14:36:16+00:00
44a9754172ea643a,2016-02-26,"Peppers, Bell Type",ORANGE,each,,,,,No,,,,,,,,1.32,$/each,1.32,per each,National,retail,,,environment=Greenhouse,,,,,761.0,3324,Weekly Grocery Store Specialty Crops Feature Activity,2026-09-26T14:36:16+00:00
941a54f12c51a955,2016-02-26,"Peppers, Bell Type",ORANGE,each,,,,,No,,,,,,,,1.32,$/each,1.32,per each,National,retail,,,,,,,,2679.0,3324,Weekly Grocery Store Specialty Crops Feature Activity,2026-09-26T14:36:16+00:00
bf6484ba2379b8c5,2016-02-26,"Peppers, Bell Type",ORANGE,per lb,,,,,Yes,,,,,,,,2.99,$/per lb,2.99,per lb,National,retail,,,,,,,,241.0,3324,Weekly Grocery Store Specialty Crops Feature Activity,2026-09-26T14:36:16+00:00
d3080cd7e40f7952,2016-02-26,"Peppers, Bell Type",ORANGE,per lb,,,,,No,,,,,,,,2.99,$/per lb,2.99,per lb,National,retail,,,,,,,,78.0,3324,Weekly Grocery Store Specialty Crops Feature Activity,2026-09-26T14:36:16+00:00
0d26cd3937b45d92,2016-02-26,"Peppers, Bell Type",RED,each,,,,,No,,,,,,,,1.29,$/each,1.29,per each,National,retail,,,environment=Greenhouse,,,,,806.0,3324,Weekly Grocery Store Specialty Crops Feature Activity,2026-09-26T14:36:16+00:00
677c04f07cbf7a3b,2016-02-26,"Peppers, Bell Type",RED,each,,,,,Yes,,,,,,,,1.91,$/each,1.91,per each,National,retail,,,,,,,,232.0,3324,Weekly Grocery Store Specialty Crops Feature Activity,2026-09-26T14:36:16+00:00
bf3a4d063c5bb274,2016-02-26,"Peppers, Bell Type",RED,each,,,,,No,,,,,,,,1.29,$/each,1.29,per each,National,retail,,,,,,,,3480.0,3324,Weekly Grocery Store Specialty Crops Feature Activity,2026-09-26T14:36:16+00:00
b7421bc22f168ec4,2016-02-26,"Peppers, Bell Type",RED,per lb,,,,,Yes,,,,,,,,3.06,$/per lb,3.06,per lb,National,retail,,,,,,,,296.0,3324,Weekly Grocery Store Specialty Crops Feature Activity,2026-09-26T14:36:16+00:00
f5de39d32eae0fdc,2016-02-26,"Peppers, Bell Type",RED,per lb,,,,,No,,,,,,,,2.15,$/per lb,2.15,per lb,National,retail,,,,,,,,754.0,3324,Weekly Grocery Store Specialty Crops Feature Activity,2026-09-26T14:36:16+00:00
74eccde9ac55f809,2016-02-26,"Peppers, Bell Type",YELLOW,each,,,,,No,,,,,,,,1.32,$/each,1.32,per each,National,retail,,,environment=Greenhouse,,,,,806.0,3324,Weekly Grocery Store Specialty Crops Feature Activity,2026-09-26T14:36:16+00:00
b107b6710bfb7ac5,2016-02-26,"Peppers, Bell Type",YELLOW,each,,,,,No,,,,,,,,1.32,$/each,1.32,per each,National,retail,,,,,,,,2822.0,3324,Weekly Grocery Store Specialty Crops Feature Activity,2026-09-26T14:36:16+00:00
ed5af3b3621e24f5,2016-02-26,"Peppers, Bell Type",YELLOW,each,,,,,Yes,,,,,,,,2.2,$/each,2.2,per each,National,retail,,,,,,,,158.0,3324,Weekly Grocery Store Specialty Crops Feature Activity,2026-09-26T14:36:16+00:00
3aa068d7a343377d,2016-02-26,"Peppers, Bell Type",YELLOW,per lb,,,,,Yes,,,,,,,,2.99,$/per lb,2.99,per lb,National,retail,,,,,,,,241.0,3324,Weekly Grocery Store Specialty Crops Feature Activity,2026-09-26T14:36:16+00:00
6beaaf57d3eff8e1,2016-02-26,"Peppers, Bell Type",YELLOW,per lb,,,,,No,,,,,,,,2.99,$/per lb,2.99,per lb,National,retail,,,,,,,,78.0,3324,Weekly Grocery Store Specialty Crops Feature Activity,2026-09-26T14:36:16+00:00
8caa5ac00870cd1c,2016-02-26,Potatoes,ROUND RED,3 lb bag,,,,,Yes,,,,,,,,3.69,$/3 lb bag,1.23,per lb,National,retail,,,,,,,,271.0,3324,Weekly Grocery Store Specialty Crops Feature Activity,2026-09-26T14:36:16+00:00
a82a97ab8055bcb4,2016-02-26,Potatoes,ROUND RED,3 lb bag,,,,,No,,,,,,,,2.63,$/3 lb bag,0.8767,per lb,National,retail,,,,,,,,529.0,3324,Weekly Grocery Store Specialty Crops Feature Activity,2026-09-26T14:36:16+00:00
b2dad6ac6d3925a7,2016-02-26,Potatoes,ROUND RED,5 lb bag,,,,,Yes,,,,,,,,4.79,$/5 lb bag,0.958,per lb,National,retail,,,,,,,,121.0,3324,Weekly Grocery Store Specialty Crops Feature Activity,2026-09-26T14:36:16+00:00
d049554a73a78693,2016-02-26,Potatoes,ROUND RED,5 lb bag,,,,,No,,,,,,,,2.9,$/5 lb bag,0.58,per lb,National,retail,,,,,,,,2806.0,3324,Weekly Grocery Store Specialty Crops Feature Activity,2026-09-26T14:36:16+00:00
882a9cece19da099,2016-02-26,Potatoes,ROUND RED,per lb,,,,,No,,,,,,,,0.9,$/per lb,0.9,per lb,National,retail,,,,,,,,875.0,3324,Weekly Grocery Store Specialty Crops Feature Activity,2026-09-26T14:36:16+00:00
e757f86334884816,2016-02-26,Potatoes,ROUND WHITE,10 lb bag,,,,,No,,,,,,,,3.49,$/10 lb bag,0.349,per lb,National,retail,,,,,,,,19.0,3324,Weekly Grocery Store Specialty Crops Feature Activity,2026-09-26T14:36:16+00:00
0c09bf31256fc157,2016-02-26,Potatoes,ROUND WHITE,3 lb bag,,,,,No,,,,,,,,2.85,$/3 lb bag,0.95,per lb,National,retail,,,,,,,,184.0,3324,Weekly Grocery Store Specialty Crops Feature Activity,2026-09-26T14:36:16+00:00
1715fe8a3969b95c,2016-02-26,Potatoes,ROUND WHITE,5 lb bag,,,,,No,,,,,,,,2.23,$/5 lb bag,0.446,per lb,National,retail,,,,,,,,528.0,3324,Weekly Grocery Store Specialty Crops Feature Activity,2026-09-26T14:36:16+00:00
890c829cb0fe5c4f,2016-02-26,Potatoes,ROUND WHITE,per lb,,,,,No,,,,,,,,0.45,$/per lb,0.45,per lb,National,retail,,,,,,,,27.0,3324,Weekly Grocery Store Specialty Crops Feature Activity,2026-09-26T14:36:16+00:00
5c3e2aeba4d505aa,2016-02-26,Potatoes,RUSSET,10 lb bag,,,,,No,,,,,,,,3.19,$/10 lb bag,0.319,per lb,National,retail,,,,,,,,2756.0,3324,Weekly Grocery Store Specialty Crops Feature Activity,2026-09-26T14:36:16+00:00
c16c99d08af2901f,2016-02-26,Potatoes,RUSSET,3 lb bag,,,,,No,,,,,,,,1.0,$/3 lb bag,0.3333,per lb,National,retail,,,,,,,,124.0,3324,Weekly Grocery Store Specialty Crops Feature Activity,2026-09-26T14:36:16+00:00
d8e8e72c44844f61,2016-02-26,Potatoes,RUSSET,3 lb bag,,,,,Yes,,,,,,,,1.99,$/3 lb bag,0.6633,per lb,National,retail,,,,,,,,998.0,3324,Weekly Grocery Store Specialty Crops Feature Activity,2026-09-26T14:36:16+00:00
0683a5153e9896e5,2016-02-26,Potatoes,RUSSET,5 lb bag,,,,,Yes,,,,,,,,3.9,$/5 lb bag,0.78,per lb,National,retail,,,,,,,,586.0,3324,Weekly Grocery Store Specialty Crops Feature Activity,2026-09-26T14:36:16+00:00
bfde2bd1c79eeb0b,2016-02-26,Potatoes,RUSSET,5 lb bag,,,,,No,,,,,,,,2.15,$/5 lb bag,0.43,per lb,National,retail,,,,,,,,2794.0,3324,Weekly Grocery Store Specialty Crops Feature Activity,2026-09-26T14:36:16+00:00
379af7a383a0d77c,2016-02-26,Potatoes,RUSSET,8 lb bag,,,,,No,,,,,,,,2.04,$/8 lb bag,0.255,per lb,National,retail,,,,,,,,1772.0,3324,Weekly Grocery Store Specialty Crops Feature Activity,2026-09-26T14:36:16+00:00
3ff8c019f5b3e321,2016-02-26,Potatoes,RUSSET,per lb,,,,,No,,,,,,,,0.77,$/per lb,0.77,per lb,National,retail,,,,,,,,1957.0,3324,Weekly Grocery Store Specialty Crops Feature Activity,2026-09-26T14:36:16+00:00
8737b5fff0aee733,2016-02-26,Potatoes,RUSSET,per lb,,,,,Yes,,,,,,,,1.29,$/per lb,1.29,per lb,National,retail,,,,,,,,67.0,3324,Weekly Grocery Store Specialty Crops Feature Activity,2026-09-26T14:36:16+00:00
152362f0dfce98cc,2016-02-26,Potatoes,YELLOW TYPE,3 lb bag,,,,,Yes,,,,,,,,2.4,$/3 lb bag,0.8,per lb,National,retail,,,,,,,,35.0,3324,Weekly Grocery Store Specialty Crops Feature Activity,2026-09-26T14:36:16+00:00
d5b733db83279331,2016-02-26,Potatoes,YELLOW TYPE,3 lb bag,,,,,No,,,,,,,,1.78,$/3 lb bag,0.5933,per lb,National,retail,,,,,,,,582.0,3324,Weekly Grocery Store Specialty Crops Feature Activity,2026-09-26T14:36:16+00:00
ae71c408beba01c1,2016-02-26,Potatoes,YELLOW TYPE,5 lb bag,,,,,No,,,,,,,,3.35,$/5 lb bag,0.67,per lb,National,retail,,,,,,,,986.0,3324,Weekly Grocery Store Specialty Crops Feature Activity,2026-09-26T14:36:16+00:00
0977f0afa97258d0,2016-02-26,Potatoes,YELLOW TYPE,per lb,,,,,Yes,,,,,,,,1.29,$/per lb,1.29,per lb,National,retail,,,,,,,,6.0,3324,Weekly Grocery Store Specialty Crops Feature Activity,2026-09-26T14:36:16+00:00
f74379e9524b5637,2016-02-26,Potatoes,YELLOW TYPE,per lb,,,,,No,,,,,,,,0.97,$/per lb,0.97,per lb,National,retail,,,,,,,,307.0,3324,Weekly Grocery Store Specialty Crops Feature Activity,2026-09-26T14:36:16+00:00
99113346d61c283e,2016-02-26,Strawberries,,1 lb package,,,,,Yes,,,,,,,,4.52,$/1 lb package,4.52,per lb,National,retail,,,,,,,,2185.0,3324,Weekly Grocery Store Specialty Crops Feature Activity,2026-09-26T14:36:16+00:00
fb843ecdb19cca6a,2016-02-26,Strawberries,,1 lb package,,,,,No,,,,,,,,2.54,$/1 lb package,2.54,per lb,National,retail,,,,,,,,9149.0,3324,Weekly Grocery Store Specialty Crops Feature Activity,2026-09-26T14:36:16+00:00
695b1c8730de7242,2016-02-26,Strawberries,,2 lb package,,,,,No,,,,,,,,4.36,$/2 lb package,2.18,per lb,National,retail,,,,,,,,306.0,3324,Weekly Grocery Store Specialty Crops Feature Activity,2026-09-26T14:36:16+00:00
7510e0330ff7d1b2,2016-02-26,Tomatoes,,per lb,,,,,Yes,,,,,,,,2.25,$/per lb,2.25,per lb,National,retail,,,,,,,,123.0,3324,Weekly Grocery Store Specialty Crops Feature Activity,2026-09-26T14:36:16+00:00
db2a70738bbbe592,2016-02-26,Tomatoes,,per lb,,,,,No,,,,,,,,1.3,$/per lb,1.3,per lb,National,retail,,,,,,,,779.0,3324,Weekly Grocery Store Specialty Crops Feature Activity,2026-09-26T14:36:16+00:00
cd4a658873f0921f,2016-02-26,Tomatoes,Cherry Type,1 pint package,,,,,No,,,,,,,,3.0,$/1 pint package,,,National,retail,,,,,,,,235.0,3324,Weekly Grocery Store Specialty Crops Feature Activity,2026-09-26T14:36:16+00:00
32c0296a93025c8e,2016-02-26,Tomatoes,GRAPE TYPE,1 pint package,,,,,Yes,,,,,,,,2.47,$/1 pint package,,,National,retail,,,,,,,,1380.0,3324,Weekly Grocery Store Specialty Crops Feature Activity,2026-09-26T14:36:16+00:00
5664518e1033a9af,2016-02-26,Tomatoes,GRAPE TYPE,1 pint package,,,,,No,,,,,,,,2.47,$/1 pint package,,,National,retail,,,,,,,,993.0,3324,Weekly Grocery Store Specialty Crops Feature Activity,2026-09-26T14:36:16+00:00
4c50e09d0fd6419f,2016-02-26,Tomatoes,GRAPE TYPE,10 oz package,,,,,Yes,,,,,,,,2.99,$/10 oz package,4.784,per lb,National,retail,,,,,,,,255.0,3324,Weekly Grocery Store Specialty Crops Feature Activity,2026-09-26T14:36:16+00:00
ca4c4488b818707a,2016-02-26,Tomatoes,GRAPE TYPE,10 oz package,,,,,No,,,,,,,,2.16,$/10 oz package,3.456,per lb,National,retail,,,,,,,,3486.0,3324,Weekly Grocery Store Specialty Crops Feature Activity,2026-09-26T14:36:16+00:00
30035a3f9675f435,2016-02-26,Tomatoes,Plum Type (Roma),per lb,,,,,Yes,,,,,,,,1.74,$/per lb,1.74,per lb,National,retail,,,,,,,,505.0,3324,Weekly Grocery Store Specialty Crops Feature Activity,2026-09-26T14:36:16+00:00
6115fba4d8638590,2016-02-26,Tomatoes,Plum Type (Roma),per lb,,,,,No,,,,,,,,1.05,$/per lb,1.05,per lb,National,retail,,,,,,,,3242.0,3324,Weekly Grocery Store Specialty Crops Feature Activity,2026-09-26T14:36:16+00:00
6192bbf68af674d2,2016-02-26,Tomatoes,VINE RIPES,per lb,,,,,Yes,,,,,,,,2.99,$/per lb,2.99,per lb,National,retail,,,environment=Greenhouse,,,,,16.0,3324,Weekly Grocery Store Specialty Crops Feature Activity,2026-09-26T14:36:16+00:00
6b31483a93178983,2016-02-26,Tomatoes,VINE RIPES,per lb,,,,,No,,,,,,,,2.07,$/per lb,2.07,per lb,National,retail,,,,,,,,804.0,3324,Weekly Grocery Store Specialty Crops Feature Activity,2026-09-26T14:36:16+00:00
d39320746887e532,2016-02-26,Tomatoes,VINE RIPES,per lb,,,,,No,,,,,,,,2.07,$/per lb,2.07,per lb,National,retail,,,environment=Greenhouse,,,,,722.0,3324,Weekly Grocery Store Specialty Crops Feature Activity,2026-09-26T14:36:16+00:00
3d978a2912fb26e0,2016-02-26,Tomatoes,VINE RIPES - ON THE VINE,per lb,,,,,Yes,,,,,,,,2.88,$/per lb,2.88,per lb,National,retail,,,environment=Greenhouse,,,,,661.0,3324,Weekly Grocery Store Specialty Crops Feature Activity,2026-09-26T14:36:16+00:00
ef3a809b80cd8823,2016-02-26,Tomatoes,VINE RIPES - ON THE VINE,per lb,,,,,No,,,,,,,,1.91,$/per lb,1.91,per lb,National,retail,,,environment=Greenhouse,,,,,3234.0,3324,Weekly Grocery Store Specialty Crops Feature Activity,2026-09-26T14:36:16+00:00
ee59637254f33094,2016-02-26,Tomatoes,Vine Ripes - Heirloom Varieties,per lb,,,,,Yes,,,,,,,,3.34,$/per lb,3.34,per lb,National,retail,,,,,,,,28.0,3324,Weekly Grocery Store Specialty Crops Feature Activity,2026-09-26T14:36:16+00:00
8369c8f3e6e0be2c,2016-02-26,Avocados,HASS,each,,,,,Yes,,,,,,,,1.92,$/each,1.92,per each,Northeast,retail,,,,,,,,499.0,3324,Weekly Grocery Store Specialty Crops Feature Activity,2026-09-26T14:36:16+00:00
bc890559e5e4a522,2016-02-26,Avocados,HASS,each,,,,,No,,,,,,,,1.26,$/each,1.26,per each,Northeast,retail,,,,,,,,2152.0,3324,Weekly Grocery Store Specialty Crops Feature Activity,2026-09-26T14:36:16+00:00
0432f049ad4266c6,2016-02-26,Bananas,,per lb,,,,,No,,,,,,,,0.49,$/per lb,0.49,per lb,Northeast,retail,,,,,,,,512.0,3324,Weekly Grocery Store Specialty Crops Feature Activity,2026-09-26T14:36:16+00:00
e7ac5afcb7905ac9,2016-02-26,Bananas,,per lb,,,,,Yes,,,,,,,,0.8,$/per lb,0.8,per lb,Northeast,retail,,,,,,,,282.0,3324,Weekly Grocery Store Specialty Crops Feature Activity,2026-09-26T14:36:16+00:00
0fbb9e37532438cd,2016-02-26,Blueberries,,1 pint package,,,,,No,,,,,,,,2.94,$/1 pint package,,,Northeast,retail,,,,,,,,1367.0,3324,Weekly Grocery Store Specialty Crops Feature Activity,2026-09-26T14:36:16+00:00
6f50565f2b776758,2016-02-26,Blueberries,,18 oz package,,,,,No,,,,,,,,5.99,$/18 oz package,5.3244,per lb,Northeast,retail,,,,,,,,574.0,3324,Weekly Grocery Store Specialty Crops Feature Activity,2026-09-26T14:36:16+00:00
7e4bf11fe58fd1f2,2016-02-26,Blueberries,,4.4 oz package,,,,,Yes,,,,,,,,3.99,$/4.4 oz package,14.5091,per lb,Northeast,retail,,,,,,,,322.0,3324,Weekly Grocery Store Specialty Crops Feature Activity,2026-09-26T14:36:16+00:00
7db2b589f04c83bd,2016-02-26,Blueberries,,6 oz package,,,,,Yes,,,,,,,,3.99,$/6 oz package,10.64,per lb,Northeast,retail,,,,,,,,163.0,3324,Weekly Grocery Store Specialty Crops Feature Activity,2026-09-26T14:36:16+00:00
3c2aeef587a1e32d,2016-02-26,Broccoli,,per bunch,,,,,No,,,,,,,,1.88,$/per bunch,,,Northeast,retail,,,,,,,,150.0,3324,Weekly Grocery Store Specialty Crops Feature Activity,2026-09-26T14:36:16+00:00
cf5e2acfcbf10f66,2016-02-26,Broccoli,,per bunch,,,,,Yes,,,,,,,,2.63,$/per bunch,,,Northeast,retail,,,,,,,,361.0,3324,Weekly Grocery Store Specialty Crops Feature Activity,2026-09-26T14:36:16+00:00
58dab4c90a86ab5b,2016-02-26,Broccoli,,per lb,,,,,No,,,,,,,,1.91,$/per lb,1.91,per lb,Northeast,retail,,,,,,,,543.0,3324,Weekly Grocery Store Specialty Crops Feature Activity,2026-09-26T14:36:16+00:00
3cc7bca63d934fe2,2016-02-26,Broccoli,CROWN CUT,per lb,,,,,No,,,,,,,,1.66,$/per lb,1.66,per lb,Northeast,retail,,,,,,,,1029.0,3324,Weekly Grocery Store Specialty Crops Feature Activity,2026-09-26T14:36:16+00:00
fd2cc57b4cfc7955,2016-02-26,Broccoli,CROWN CUT,per lb,,,,,Yes,,,,,,,,2.49,$/per lb,2.49,per lb,Northeast,retail,,,,,,,,74.0,3324,Weekly Grocery Store Specialty Crops Feature Activity,2026-09-26T14:36:16+00:00
580c45e231787563,2016-02-26,Carrots,,1 lb bag,,,,,No,,,,,,,,1.08,$/1 lb bag,1.08,per lb,Northeast,retail,,,,,,,,12.0,3324,Weekly Grocery Store Specialty Crops Feature Activity,2026-09-26T14:36:16+00:00
a50685a1664b69aa,2016-02-26,Carrots,,1 lb bag,,,,,Yes,,,,,,,,1.53,$/1 lb bag,1.53,per lb,Northeast,retail,,,,,,,,82.0,3324,Weekly Grocery Store Specialty Crops Feature Activity,2026-09-26T14:36:16+00:00
dca17c97a84adbe1,2016-02-26,Carrots,,2 lb bag,,,,,No,,,,,,,,1.58,$/2 lb bag,0.79,per lb,Northeast,retail,,,,,,,,126.0,3324,Weekly Grocery Store Specialty Crops Feature Activity,2026-09-26T14:36:16+00:00
27ff5333ba7e4e29,2016-02-26,Carrots,,per bunch,,,,,No,,,,,,,,1.7,$/per bunch,,,Northeast,retail,,,,,,,,69.0,3324,Weekly Grocery Store Specialty Crops Feature Activity,2026-09-26T14:36:16+00:00
92a2ba2806a1e626,2016-02-26,Carrots,,per lb,,,,,Yes,,,,,,,,1.29,$/per lb,1.29,per lb,Northeast,retail,,,,,,,,14.0,3324,Weekly Grocery Store Specialty Crops Feature Activity,2026-09-26T14:36:16+00:00
9d57d0c60493ab9f,2016-02-26,Carrots,BABY PEELED,1 lb bag,,,,,Yes,,,,,,,,1.93,$/1 lb bag,1.93,per lb,Northeast,retail,,,,,,,,447.0,3324,Weekly Grocery Store Specialty Crops Feature Activity,2026-09-26T14:36:16+00:00
d614b91210056e16,2016-02-26,Carrots,BABY PEELED,1 lb bag,,,,,No,,,,,,,,1.54,$/1 lb bag,1.54,per lb,Northeast,retail,,,,,,,,1874.0,3324,Weekly Grocery Store Specialty Crops Feature Activity,2026-09-26T14:36:16+00:00
19f25bf6934c448a,2016-02-26,Carrots,BABY PEELED,2 lb bag,,,,,No,,,,,,,,2.93,$/2 lb bag,1.465,per lb,Northeast,retail,,,,,,,,72.0,3324,Weekly Grocery Store Specialty Crops Feature Activity,2026-09-26T14:36:16+00:00
3cade2499209c8b4,2016-02-26,Celery,,each,,,,,No,,,,,,,,1.76,$/each,1.76,per each,Northeast,retail,,,,,,,,237.0,3324,Weekly Grocery Store Specialty Crops Feature Activity,2026-09-26T14:36:16+00:00
c191495ef06c6dfd,2016-02-26,Celery,,each,,,,,Yes,,,,,,,,2.99,$/each,2.99,per each,Northeast,retail,,,,,,,,16.0,3324,Weekly Grocery Store Specialty Crops Feature Activity,2026-09-26T14:36:16+00:00
b61aafe8c423c97f,2016-02-26,Celery,HEARTS,each,,,,,Yes,,,,,,,,3.23,$/each,3.23,per each,Northeast,retail,,,,,,,,106.0,3324,Weekly Grocery Store Specialty Crops Feature Activity,2026-09-26T14:36:16+00:00
d3c35a1fb88f167a,2016-02-26,Celery,HEARTS,each,,,,,No,,,,,,,,2.33,$/each,2.33,per each,Northeast,retail,,,,,,,,418.0,3324,Weekly Grocery Store Specialty Crops Feature Activity,2026-09-26T14:36:16+00:00
b4072ffc6af095a5,2016-02-26,Cucumbers,,each,,,,,No,,,,,,,,0.76,$/each,0.76,per each,Northeast,retail,,,,,,,,1067.0,3324,Weekly Grocery Store Specialty Crops Feature Activity,2026-09-26T14:36:16+00:00
9a18583a678f338f,2016-02-26,Cucumbers,LONG SEEDLESS,each,,,,,Yes,,,,,,,,3.49,$/each,3.49,per each,Northeast,retail,,,environment=Greenhouse,,,,,6.0,3324,Weekly Grocery Store Specialty Crops Feature Activity,2026-09-26T14:36:16+00:00
e31d97b3a59702da,2016-02-26,Cucumbers,LONG SEEDLESS,each,,,,,No,,,,,,,,1.56,$/each,1.56,per each,Northeast,retail,,,environment=Greenhouse,,,,,1376.0,3324,Weekly Grocery Store Specialty Crops Feature Activity,2026-09-26T14:36:16+00:00
5357e6f74e51a332,2016-02-26,Grapes,BLACK SEEDLESS,per lb,,,,,No,,,,,,,,2.99,$/per lb,2.99,per lb,Northeast,retail,,,,,,,,178.0,3324,Weekly Grocery Store Specialty Crops Feature Activity,2026-09-26T14:36:16+00:00
bcfb939e12c60494,2016-02-26,Grapes,RED SEEDLESS,per lb,,,,,No,,,,,,,,2.65,$/per lb,2.65,per lb,Northeast,retail,,,,,,,,1222.0,3324,Weekly Grocery Store Specialty Crops Feature Activity,2026-09-26T14:36:16+00:00
242c4526afa6ecef,2016-02-26,Grapes,Red Globe Seeded Type,per lb,,,,,No,,,,,,,,2.35,$/per lb,2.35,per lb,Northeast,retail,,,,,,,,489.0,3324,Weekly Grocery Store Specialty Crops Feature Activity,2026-09-26T14:36:16+00:00
cb7109e690134c95,2016-02-26,Grapes,WHITE SEEDLESS TYPE,per lb,,,,,No,,,,,,,,2.68,$/per lb,2.68,per lb,Northeast,retail,,,,,,,,677.0,3324,Weekly Grocery Store Specialty Crops Feature Activity,2026-09-26T14:36:16+00:00
42cebdfa7fe91afd,2016-02-26,Lemons,,2 lb bag,,,,,No,,,,,,,,2.99,$/2 lb bag,1.495,per lb,Northeast,retail,,,,,,,,202.0,3324,Weekly Grocery Store Specialty Crops Feature Activity,2026-09-26T14:36:16+00:00
98deee5544c1fa41,2016-02-26,Lemons,,2 lb bag,,,,,Yes,,,,,,,,4.61,$/2 lb bag,2.305,per lb,Northeast,retail,,,,,,,,217.0,3324,Weekly Grocery Store Specialty Crops Feature Activity,2026-09-26T14:36:16+00:00
0e4f796c5d0cddb9,2016-02-26,Lemons,,each,,,,,No,,,,,,,,0.51,$/each,0.51,per each,Northeast,retail,,,,,,,,994.0,3324,Weekly Grocery Store Specialty Crops Feature Activity,2026-09-26T14:36:16+00:00
19ddc50a3962be64,2016-02-26,Lemons,,each,,,,,Yes,,,,,,,,0.72,$/each,0.72,per each,Northeast,retail,,,,,,,,31.0,3324,Weekly Grocery Store Specialty Crops Feature Activity,2026-09-26T14:36:16+00:00
6dabff29d7ad5539,2016-02-26,Lettuce,Boston,each,,,,,No,,,,,,,,0.88,$/each,0.88,per each,Northeast,retail,,,,,,,,8.0,3324,Weekly Grocery Store Specialty Crops Feature Activity,2026-09-26T14:36:16+00:00
aeaaf4d4c3e98e1e,2016-02-26,Lettuce,Green Leaf,each,,,,,Yes,,,,,,,,2.0,$/each,2.0,per each,Northeast,retail,,,,,,,,16.0,3324,Weekly Grocery Store Specialty Crops Feature Activity,2026-09-26T14:36:16+00:00
f19f9fe0c863f082,2016-02-26,Lettuce,Green Leaf,each,,,,,No,,,,,,,,1.24,$/each,1.24,per each,Northeast,retail,,,,,,,,93.0,3324,Weekly Grocery Store Specialty Crops Feature Activity,2026-09-26T14:36:16+00:00
76ac1de458681e2b,2016-02-26,Lettuce,Green Leaf,per lb,,,,,No,,,,,,,,1.44,$/per lb,1.44,per lb,Northeast,retail,,,,,,,,66.0,3324,Weekly Grocery Store Specialty Crops Feature Activity,2026-09-26T14:36:16+00:00
0fb3c9950f5fbf41,2016-02-26,Lettuce,Iceberg,each,,,,,No,,,,,,,,1.29,$/each,1.29,per each,Northeast,retail,,,,,,,,642.0,3324,Weekly Grocery Store Specialty Crops Feature Activity,2026-09-26T14:36:16+00:00
68a56951072fc2ab,2016-02-26,Lettuce,Iceberg,each,,,,,Yes,,,,,,,,2.49,$/each,2.49,per each,Northeast,retail,,,,,,,,129.0,3324,Weekly Grocery Store Specialty Crops Feature Activity,2026-09-26T14:36:16+00:00
0f4c7165f7c604fc,2016-02-26,Lettuce,Iceberg,per lb,,,,,No,,,,,,,,0.99,$/per lb,0.99,per lb,Northeast,retail,,,,,,,,33.0,3324,Weekly Grocery Store Specialty Crops Feature Activity,2026-09-26T14:36:16+00:00
8642cefa54d1bc12,2016-02-26,Lettuce,Red Leaf,each,,,,,No,,,,,,,,1.23,$/each,1.23,per each,Northeast,retail,,,,,,,,99.0,3324,Weekly Grocery Store Specialty Crops Feature Activity,2026-09-26T14:36:16+00:00
ff20aa3b7cbb4447,2016-02-26,Lettuce,Red Leaf,each,,,,,Yes,,,,,,,,2.0,$/each,2.0,per each,Northeast,retail,,,,,,,,16.0,3324,Weekly Grocery Store Specialty Crops Feature Activity,2026-09-26T14:36:16+00:00
66ba5ceb3853bb1b,2016-02-26,Lettuce,Red Leaf,per lb,,,,,No,,,,,,,,1.49,$/per lb,1.49,per lb,Northeast,retail,,,,,,,,60.0,3324,Weekly Grocery Store Specialty Crops Feature Activity,2026-09-26T14:36:16+00:00
5c4d7389d4cefdbb,2016-02-26,Lettuce,Romaine,3 count,,,,,No,,,,,,,,2.0,$/3 count,,,Northeast,retail,,,,,,,,8.0,3324,Weekly Grocery Store Specialty Crops Feature Activity,2026-09-26T14:36:16+00:00
28c829904229998f,2016-02-26,Lettuce,Romaine,each,,,,,Yes,,,,,,,,3.49,$/each,3.49,per each,Northeast,retail,,,,,,,,47.0,3324,Weekly Grocery Store Specialty Crops Feature Activity,2026-09-26T14:36:16+00:00
ed04d937f67dff0a,2016-02-26,Lettuce,Romaine,each,,,,,No,,,,,,,,1.35,$/each,1.35,per each,Northeast,retail,,,,,,,,143.0,3324,Weekly Grocery Store Specialty Crops Feature Activity,2026-09-26T14:36:16+00:00
778bc3f7b0796bd2,2016-02-26,Lettuce,Romaine,per lb,,,,,No,,,,,,,,1.36,$/per lb,1.36,per lb,Northeast,retail,,,,,,,,111.0,3324,Weekly Grocery Store Specialty Crops Feature Activity,2026-09-26T14:36:16+00:00
b814b0f50a5af6a7,2016-02-26,Lettuce,Romaine (Hearts),3 count,,,,,No,,,,,,,,2.63,$/3 count,,,Northeast,retail,,,,,,,,811.0,3324,Weekly Grocery Store Specialty Crops Feature Activity,2026-09-26T14:36:16+00:00
e3ab30e12d115cd7,2016-02-26,Lettuce,Romaine (Hearts),3 count,,,,,Yes,,,,,,,,3.62,$/3 count,,,Northeast,retail,,,,,,,,1406.0,3324,Weekly Grocery Store Specialty Crops Feature Activity,2026-09-26T14:36:16+00:00
4017bb61e715417a,2016-02-26,Limes,,each,,,,,Yes,,,,,,,,0.25,$/each,0.25,per each,Northeast,retail,,,,,,,,59.0,3324,Weekly Grocery Store Specialty Crops Feature Activity,2026-09-26T14:36:16+00:00
4e8bf38dff902397,2016-02-26,Limes,,each,,,,,No,,,,,,,,0.32,$/each,0.32,per each,Northeast,retail,,,,,,,,843.0,3324,Weekly Grocery Store Specialty Crops Feature Activity,2026-09-26T14:36:16+00:00
15baa17e231d002b,2016-02-26,"Onions, Dry",RED,2 lb bag,,,,,No,,,,,,,,1.99,$/2 lb bag,0.995,per lb,Northeast,retail,,,,,,,,304.0,3324,Weekly Grocery Store Specialty Crops Feature Activity,2026-09-26T14:36:16+00:00
000702d35d070da0,2016-02-26,"Onions, Dry",RED,3 lb bag,,,,,Yes,,,,,,,,4.49,$/3 lb bag,1.4967,per lb,Northeast,retail,,,,,,,,6.0,3324,Weekly Grocery Store Specialty Crops Feature Activity,2026-09-26T14:36:16+00:00
4bf24f01623e4a68,2016-02-26,"Onions, Dry",RED,per lb,,,,,No,,,,,,,,1.27,$/per lb,1.27,per lb,Northeast,retail,,,,,,,,204.0,3324,Weekly Grocery Store Specialty Crops Feature Activity,2026-09-26T14:36:16+00:00
31fcf698e6002ffb,2016-02-26,"Onions, Dry",WHITE,per lb,,,,,No,,,,,,,,0.84,$/per lb,0.84,per lb,Northeast,retail,,,,,,,,53.0,3324,Weekly Grocery Store Specialty Crops Feature Activity,2026-09-26T14:36:16+00:00
baee202cbceb5b27,2016-02-26,"Onions, Dry",YELLOW,2 lb bag,,,,,No,,,,,,,,1.35,$/2 lb bag,0.675,per lb,Northeast,retail,,,,,,,,723.0,3324,Weekly Grocery Store Specialty Crops Feature Activity,2026-09-26T14:36:16+00:00
690a321569cb0e55,2016-02-26,"Onions, Dry",YELLOW,3 lb bag,,,,,Yes,,,,,,,,2.99,$/3 lb bag,0.9967,per lb,Northeast,retail,,,,,,,,22.0,3324,Weekly Grocery Store Specialty Crops Feature Activity,2026-09-26T14:36:16+00:00
f20e30ca48334ac6,2016-02-26,"Onions, Dry",YELLOW,3 lb bag,,,,,No,,,,,,,,1.79,$/3 lb bag,0.5967,per lb,Northeast,retail,,,,,,,,629.0,3324,Weekly Grocery Store Specialty Crops Feature Activity,2026-09-26T14:36:16+00:00
47d0e91781e3309e,2016-02-26,"Onions, Dry",YELLOW,5 lb bag,,,,,No,,,,,,,,3.79,$/5 lb bag,0.758,per lb,Northeast,retail,,,,,,,,713.0,3324,Weekly Grocery Store Specialty Crops Feature Activity,2026-09-26T14:36:16+00:00
3988430bad46a128,2016-02-26,"Onions, Dry",YELLOW,per lb,,,,,Yes,,,,,,,,0.99,$/per lb,0.99,per lb,Northeast,retail,,,,,,,,16.0,3324,Weekly Grocery Store Specialty Crops Feature Activity,2026-09-26T14:36:16+00:00
be64a12848a9437c,2016-02-26,"Onions, Dry",YELLOW,per lb,,,,,No,,,,,,,,1.07,$/per lb,1.07,per lb,Northeast,retail,,,,,,,,11.0,3324,Weekly Grocery Store Specialty Crops Feature Activity,2026-09-26T14:36:16+00:00
068635557d5f975e,2016-02-26,"Onions, Dry",YELLOW MARKED SWEET,3 lb bag,,,,,No,,,,,,,,3.88,$/3 lb bag,1.2933,per lb,Northeast,retail,,,,,,,,171.0,3324,Weekly Grocery Store Specialty Crops Feature Activity,2026-09-26T14:36:16+00:00
371ec3d4a46ba879,2016-02-26,"Onions, Dry",YELLOW MARKED SWEET,5 lb bag,,,,,No,,,,,,,,3.99,$/5 lb bag,0.798,per lb,Northeast,retail,,,,,,,,16.0,3324,Weekly Grocery Store Specialty Crops Feature Activity,2026-09-26T14:36:16+00:00
4967e4990c94ec67,2016-02-26,"Onions, Dry",YELLOW MARKED SWEET,per lb,,,,,No,,,,,,,,1.33,$/per lb,1.33,per lb,Northeast,retail,,,,,,,,943.0,3324,Weekly Grocery Store Specialty Crops Feature Activity,2026-09-26T14:36:16+00:00
2d3f7840227054c8,2016-02-26,"Peppers, Bell Type",GREEN,each,,,,,No,,,,,,,,0.88,$/each,0.88,per each,Northeast,retail,,,,,,,,277.0,3324,Weekly Grocery Store Specialty Crops Feature Activity,2026-09-26T14:36:16+00:00
78873bac1e4fe312,2016-02-26,"Peppers, Bell Type",GREEN,per lb,,,,,No,,,,,,,,2.21,$/per lb,2.21,per lb,Northeast,retail,,,,,,,,48.0,3324,Weekly Grocery Store Specialty Crops Feature Activity,2026-09-26T14:36:16+00:00
054cd4be548a2a1e,2016-02-26,"Peppers, Bell Type",ORANGE,each,,,,,No,,,,,,,,1.24,$/each,1.24,per each,Northeast,retail,,,,,,,,231.0,3324,Weekly Grocery Store Specialty Crops Feature Activity,2026-09-26T14:36:16+00:00
9a7cfe3ee287696d,2016-02-26,"Peppers, Bell Type",ORANGE,each,,,,,No,,,,,,,,1.0,$/each,1.0,per each,Northeast,retail,,,environment=Greenhouse,,,,,559.0,3324,Weekly Grocery Store Specialty Crops Feature Activity,2026-09-26T14:36:16+00:00
5a74e1dd30f2a5fe,2016-02-26,"Peppers, Bell Type",ORANGE,per lb,,,,,Yes,,,,,,,,2.99,$/per lb,2.99,per lb,Northeast,retail,,,,,,,,52.0,3324,Weekly Grocery Store Specialty Crops Feature Activity,2026-09-26T14:36:16+00:00
be7469270377120e,2016-02-26,"Peppers, Bell Type",ORANGE,per lb,,,,,No,,,,,,,,2.99,$/per lb,2.99,per lb,Northeast,retail,,,,,,,,56.0,3324,Weekly Grocery Store Specialty Crops Feature Activity,2026-09-26T14:36:16+00:00
743b9d649c0772fd,2016-02-26,"Peppers, Bell Type",RED,each,,,,,No,,,,,,,,1.14,$/each,1.14,per each,Northeast,retail,,,,,,,,398.0,3324,Weekly Grocery Store Specialty Crops Feature Activity,2026-09-26T14:36:16+00:00
b3b125387453a2f2,2016-02-26,"Peppers, Bell Type",RED,each,,,,,No,,,,,,,,1.0,$/each,1.0,per each,Northeast,retail,,,environment=Greenhouse,,,,,559.0,3324,Weekly Grocery Store Specialty Crops Feature Activity,2026-09-26T14:36:16+00:00
dc98bd1aac33a4db,2016-02-26,"Peppers, Bell Type",RED,each,,,,,Yes,,,,,,,,4.99,$/each,4.99,per each,Northeast,retail,,,,,,,,11.0,3324,Weekly Grocery Store Specialty Crops Feature Activity,2026-09-26T14:36:16+00:00
309d781f25c92ab5,2016-02-26,"Peppers, Bell Type",RED,per lb,,,,,No,,,,,,,,2.17,$/per lb,2.17,per lb,Northeast,retail,,,,,,,,639.0,3324,Weekly Grocery Store Specialty Crops Feature Activity,2026-09-26T14:36:16+00:00
ee2115aaea275054,2016-02-26,"Peppers, Bell Type",RED,per lb,,,,,Yes,,,,,,,,2.99,$/per lb,2.99,per lb,Northeast,retail,,,,,,,,97.0,3324,Weekly Grocery Store Specialty Crops Feature Activity,2026-09-26T14:36:16+00:00
021404a1fbddb1b4,2016-02-26,"Peppers, Bell Type",YELLOW,each,,,,,No,,,,,,,,1.0,$/each,1.0,per each,Northeast,retail,,,environment=Greenhouse,,,,,559.0,3324,Weekly Grocery Store Specialty Crops Feature Activity,2026-09-26T14:36:16+00:00
2603576c2d4dac0c,2016-02-26,"Peppers, Bell Type",YELLOW,each,,,,,No,,,,,,,,1.24,$/each,1.24,per each,Northeast,retail,,,,,,,,231.0,3324,Weekly Grocery Store Specialty Crops Feature Activity,2026-09-26T14:36:16+00:00
2a06334e81fd2408,2016-02-26,"Peppers, Bell Type",YELLOW,each,,,,,Yes,,,,,,,,4.99,$/each,4.99,per each,Northeast,retail,,,,,,,,11.0,3324,Weekly Grocery Store Specialty Crops Feature Activity,2026-09-26T14:36:16+00:00
66a35060f9e80db2,2016-02-26,"Peppers, Bell Type",YELLOW,per lb,,,,,Yes,,,,,,,,2.99,$/per lb,2.99,per lb,Northeast,retail,,,,,,,,52.0,3324,Weekly Grocery Store Specialty Crops Feature Activity,2026-09-26T14:36:16+00:00
b4fae3212223c758,2016-02-26,"Peppers, Bell Type",YELLOW,per lb,,,,,No,,,,,,,,2.99,$/per lb,2.99,per lb,Northeast,retail,,,,,,,,56.0,3324,Weekly Grocery Store Specialty Crops Feature Activity,2026-09-26T14:36:16+00:00
b44d197f4dcb16c3,2016-02-26,Potatoes,ROUND RED,3 lb bag,,,,,No,,,,,,,,2.75,$/3 lb bag,0.9167,per lb,Northeast,retail,,,,,,,,324.0,3324,Weekly Grocery Store Specialty Crops Feature Activity,2026-09-26T14:36:16+00:00
7ba5fea1e682c587,2016-02-26,Potatoes,ROUND RED,5 lb bag,,,,,No,,,,,,,,3.33,$/5 lb bag,0.666,per lb,Northeast,retail,,,,,,,,817.0,3324,Weekly Grocery Store Specialty Crops Feature Activity,2026-09-26T14:36:16+00:00
844b87ba5d69760a,2016-02-26,Potatoes,ROUND RED,5 lb bag,,,,,Yes,,,,,,,,4.6,$/5 lb bag,0.92,per lb,Northeast,retail,,,,,,,,96.0,3324,Weekly Grocery Store Specialty Crops Feature Activity,2026-09-26T14:36:16+00:00
0c142b3200bc5e8b,2016-02-26,Potatoes,ROUND RED,per lb,,,,,No,,,,,,,,0.9,$/per lb,0.9,per lb,Northeast,retail,,,,,,,,519.0,3324,Weekly Grocery Store Specialty Crops Feature Activity,2026-09-26T14:36:16+00:00
ff46f1d5339bcb73,2016-02-26,Potatoes,ROUND WHITE,10 lb bag,,,,,No,,,,,,,,3.49,$/10 lb bag,0.349,per lb,Northeast,retail,,,,,,,,19.0,3324,Weekly Grocery Store Specialty Crops Feature Activity,2026-09-26T14:36:16+00:00
151126b5b58cb714,2016-02-26,Potatoes,ROUND WHITE,3 lb bag,,,,,No,,,,,,,,2.85,$/3 lb bag,0.95,per lb,Northeast,retail,,,,,,,,184.0,3324,Weekly Grocery Store Specialty Crops Feature Activity,2026-09-26T14:36:16+00:00
fc0bc3605076271a,2016-02-26,Potatoes,ROUND WHITE,5 lb bag,,,,,No,,,,,,,,2.32,$/5 lb bag,0.464,per lb,Northeast,retail,,,,,,,,403.0,3324,Weekly Grocery Store Specialty Crops Feature Activity,2026-09-26T14:36:16+00:00
75bb5b94203ae1d0,2016-02-26,Potatoes,RUSSET,10 lb bag,,,,,No,,,,,,,,3.98,$/10 lb bag,0.398,per lb,Northeast,retail,,,,,,,,621.0,3324,Weekly Grocery Store Specialty Crops Feature Activity,2026-09-26T14:36:16+00:00
45d083fdba1df8ec,2016-02-26,Potatoes,RUSSET,5 lb bag,,,,,Yes,,,,,,,,4.3,$/5 lb bag,0.86,per lb,Northeast,retail,,,,,,,,212.0,3324,Weekly Grocery Store Specialty Crops Feature Activity,2026-09-26T14:36:16+00:00
a9d754fd2fd4cd39,2016-02-26,Potatoes,RUSSET,5 lb bag,,,,,No,,,,,,,,2.17,$/5 lb bag,0.434,per lb,Northeast,retail,,,,,,,,1128.0,3324,Weekly Grocery Store Specialty Crops Feature Activity,2026-09-26T14:36:16+00:00
c31bb3dfa09f2e8a,2016-02-26,Potatoes,RUSSET,8 lb bag,,,,,No,,,,,,,,2.0,$/8 lb bag,0.25,per lb,Northeast,retail,,,,,,,,279.0,3324,Weekly Grocery Store Specialty Crops Feature Activity,2026-09-26T14:36:16+00:00
2544afe7381a3155,2016-02-26,Potatoes,RUSSET,per lb,,,,,No,,,,,,,,1.0,$/per lb,1.0,per lb,Northeast,retail,,,,,,,,692.0,3324,Weekly Grocery Store Specialty Crops Feature Activity,2026-09-26T14:36:16+00:00
96e3f80def559c7a,2016-02-26,Potatoes,YELLOW TYPE,3 lb bag,,,,,No,,,,,,,,2.4,$/3 lb bag,0.8,per lb,Northeast,retail,,,,,,,,174.0,3324,Weekly Grocery Store Specialty Crops Feature Activity,2026-09-26T14:36:16+00:00
fef27373b31bb4b2,2016-02-26,Potatoes,YELLOW TYPE,5 lb bag,,,,,No,,,,,,,,3.83,$/5 lb bag,0.766,per lb,Northeast,retail,,,,,,,,477.0,3324,Weekly Grocery Store Specialty Crops Feature Activity,2026-09-26T14:36:16+00:00
27690fb7928b1a94,2016-02-26,Potatoes,YELLOW TYPE,per lb,,,,,No,,,,,,,,0.99,$/per lb,0.99,per lb,Northeast,retail,,,,,,,,62.0,3324,Weekly Grocery Store Specialty Crops Feature Activity,2026-09-26T14:36:16+00:00
47cbc727bb6bf42d,2016-02-26,Strawberries,,1 lb package,,,,,No,,,,,,,,2.84,$/1 lb package,2.84,per lb,Northeast,retail,,,,,,,,1492.0,3324,Weekly Grocery Store Specialty Crops Feature Activity,2026-09-26T14:36:16+00:00
77162212ea241ca0,2016-02-26,Strawberries,,1 lb package,,,,,Yes,,,,,,,,4.99,$/1 lb package,4.99,per lb,Northeast,retail,,,,,,,,84.0,3324,Weekly Grocery Store Specialty Crops Feature Activity,2026-09-26T14:36:16+00:00
7be7c72f82dfc6e9,2016-02-26,Strawberries,,2 lb package,,,,,No,,,,,,,,4.36,$/2 lb package,2.18,per lb,Northeast,retail,,,,,,,,306.0,3324,Weekly Grocery Store Specialty Crops Feature Activity,2026-09-26T14:36:16+00:00
5a76760b116078bf,2016-02-26,Tomatoes,,per lb,,,,,No,,,,,,,,0.99,$/per lb,0.99,per lb,Northeast,retail,,,,,,,,17.0,3324,Weekly Grocery Store Specialty Crops Feature Activity,2026-09-26T14:36:16+00:00
88f2a4f9b1480cb3,2016-02-26,Tomatoes,Cherry Type,1 pint package,,,,,No,,,,,,,,3.0,$/1 pint package,,,Northeast,retail,,,,,,,,16.0,3324,Weekly Grocery Store Specialty Crops Feature Activity,2026-09-26T14:36:16+00:00
1fc550714b8b8885,2016-02-26,Tomatoes,GRAPE TYPE,1 pint package,,,,,No,,,,,,,,2.53,$/1 pint package,,,Northeast,retail,,,,,,,,425.0,3324,Weekly Grocery Store Specialty Crops Feature Activity,2026-09-26T14:36:16+00:00
2afa17a65bff0589,2016-02-26,Tomatoes,GRAPE TYPE,1 pint package,,,,,Yes,,,,,,,,2.99,$/1 pint package,,,Northeast,retail,,,,,,,,156.0,3324,Weekly Grocery Store Specialty Crops Feature Activity,2026-09-26T14:36:16+00:00
aea398cb2df188a3,2016-02-26,Tomatoes,GRAPE TYPE,10 oz package,,,,,No,,,,,,,,2.5,$/10 oz package,4.0,per lb,Northeast,retail,,,,,,,,253.0,3324,Weekly Grocery Store Specialty Crops Feature Activity,2026-09-26T14:36:16+00:00
c439a614322bdc34,2016-02-26,Tomatoes,GRAPE TYPE,10 oz package,,,,,Yes,,,,,,,,2.99,$/10 oz package,4.784,per lb,Northeast,retail,,,,,,,,5.0,3324,Weekly Grocery Store Specialty Crops Feature Activity,2026-09-26T14:36:16+00:00
7af4246c79439b6f,2016-02-26,Tomatoes,Plum Type (Roma),per lb,,,,,Yes,,,,,,,,1.99,$/per lb,1.99,per lb,Northeast,retail,,,,,,,,31.0,3324,Weekly Grocery Store Specialty Crops Feature Activity,2026-09-26T14:36:16+00:00
85e8e39573db2a95,2016-02-26,Tomatoes,Plum Type (Roma),per lb,,,,,No,,,,,,,,1.2,$/per lb,1.2,per lb,Northeast,retail,,,,,,,,436.0,3324,Weekly Grocery Store Specialty Crops Feature Activity,2026-09-26T14:36:16+00:00
37e74a848359d84b,2016-02-26,Tomatoes,VINE RIPES,per lb,,,,,Yes,,,,,,,,2.99,$/per lb,2.99,per lb,Northeast,retail,,,environment=Greenhouse,,,,,16.0,3324,Weekly Grocery Store Specialty Crops Feature Activity,2026-09-26T14:36:16+00:00
b090469e280bfdae,2016-02-26,Tomatoes,VINE RIPES,per lb,,,,,No,,,,,,,,2.73,$/per lb,2.73,per lb,Northeast,retail,,,,,,,,189.0,3324,Weekly Grocery Store Specialty Crops Feature Activity,2026-09-26T14:36:16+00:00
c30fa73e3c583bbb,2016-02-26,Tomatoes,VINE RIPES,per lb,,,,,No,,,,,,,,2.27,$/per lb,2.27,per lb,Northeast,retail,,,environment=Greenhouse,,,,,147.0,3324,Weekly Grocery Store Specialty Crops Feature Activity,2026-09-26T14:36:16+00:00
162d9ee4cc898a20,2016-02-26,Tomatoes,VINE RIPES - ON THE VINE,per lb,,,,,No,,,,,,,,2.51,$/per lb,2.51,per lb,Northeast,retail,,,environment=Greenhouse,,,,,715.0,3324,Weekly Grocery Store Specialty Crops Feature Activity,2026-09-26T14:36:16+00:00
1f1ba05c54225b1f,2016-02-26,Tomatoes,VINE RIPES - ON THE VINE,per lb,,,,,Yes,,,,,,,,3.17,$/per lb,3.17,per lb,Northeast,retail,,,environment=Greenhouse,,,,,213.0,3324,Weekly Grocery Store Specialty Crops Feature Activity,2026-09-26T14:36:16+00:00
1e7e763153e862b5,2016-02-26,Avocados,HASS,each,,,,,No,,,,,,,,1.17,$/each,1.17,per each,Northwest,retail,,,,,,,,347.0,3324,Weekly Grocery Store Specialty Crops Feature Activity,2026-09-26T14:36:16+00:00
8409df86bee2d0f8,2016-02-26,Avocados,HASS,each,,,,,Yes,,,,,,,,1.5,$/each,1.5,per each,Northwest,retail,,,,,,,,66.0,3324,Weekly Grocery Store Specialty Crops Feature Activity,2026-09-26T14:36:16+00:00
3dee4da673a2b082,2016-02-26,Bananas,,per lb,,,,,Yes,,,,,,,,0.89,$/per lb,0.89,per lb,Northwest,retail,,,,,,,,5.0,3324,Weekly Grocery Store Specialty Crops Feature Activity,2026-09-26T14:36:16+00:00
efc4bbfd335ccad1,2016-02-26,Bananas,,per lb,,,,,No,,,,,,,,0.48,$/per lb,0.48,per lb,Northwest,retail,,,,,,,,37.0,3324,Weekly Grocery Store Specialty Crops Feature Activity,2026-09-26T14:36:16+00:00
d89f5ff4894f7f5d,2016-02-26,Blueberries,,1 pint package,,,,,No,,,,,,,,3.65,$/1 pint package,,,Northwest,retail,,,,,,,,132.0,3324,Weekly Grocery Store Specialty Crops Feature Activity,2026-09-26T14:36:16+00:00
2e16598377a1709a,2016-02-26,Blueberries,,18 oz package,,,,,No,,,,,,,,5.6,$/18 oz package,4.9778,per lb,Northwest,retail,,,,,,,,352.0,3324,Weekly Grocery Store Specialty Crops Feature Activity,2026-09-26T14:36:16+00:00
9f49fd02667b3c1c,2016-02-26,Blueberries,,6 oz package,,,,,Yes,,,,,,,,4.43,$/6 oz package,11.8133,per lb,Northwest,retail,,,,,,,,33.0,3324,Weekly Grocery Store Specialty Crops Feature Activity,2026-09-26T14:36:16+00:00
e828ecc812434f68,2016-02-26,Blueberries,,6 oz package,,,,,No,,,,,,,,2.75,$/6 oz package,7.3333,per lb,Northwest,retail,,,,,,,,603.0,3324,Weekly Grocery Store Specialty Crops Feature Activity,2026-09-26T14:36:16+00:00
f2140d870cdcd960,2016-02-26,Broccoli,,per bunch,,,,,No,,,,,,,,1.48,$/per bunch,,,Northwest,retail,,,,,,,,15.0,3324,Weekly Grocery Store Specialty Crops Feature Activity,2026-09-26T14:36:16+00:00
1e9a11e0c0786926,2016-02-26,Broccoli,,per lb,,,,,Yes,,,,,,,,1.57,$/per lb,1.57,per lb,Northwest,retail,,,,,,,,104.0,3324,Weekly Grocery Store Specialty Crops Feature Activity,2026-09-26T14:36:16+00:00
a86e29f523328638,2016-02-26,Broccoli,,per lb,,,,,No,,,,,,,,1.78,$/per lb,1.78,per lb,Northwest,retail,,,,,,,,416.0,3324,Weekly Grocery Store Specialty Crops Feature Activity,2026-09-26T14:36:16+00:00
5b11d793156da6cb,2016-02-26,Broccoli,CROWN CUT,per lb,,,,,No,,,,,,,,1.33,$/per lb,1.33,per lb,Northwest,retail,,,,,,,,98.0,3324,Weekly Grocery Store Specialty Crops Feature Activity,2026-09-26T14:36:16+00:00
87bf3135d2f044b2,2016-02-26,Carrots,,2 lb bag,,,,,No,,,,,,,,1.44,$/2 lb bag,0.72,per lb,Northwest,retail,,,,,,,,100.0,3324,Weekly Grocery Store Specialty Crops Feature Activity,2026-09-26T14:36:16+00:00
beb3eef617811aa8,2016-02-26,Carrots,,2 lb bag,,,,,Yes,,,,,,,,1.79,$/2 lb bag,0.895,per lb,Northwest,retail,,,,,,,,15.0,3324,Weekly Grocery Store Specialty Crops Feature Activity,2026-09-26T14:36:16+00:00
c412f1952a58efc8,2016-02-26,Carrots,,per bunch,,,,,Yes,,,,,,,,2.17,$/per bunch,,,Northwest,retail,,,,,,,,46.0,3324,Weekly Grocery Store Specialty Crops Feature Activity,2026-09-26T14:36:16+00:00
6ddfa9a80f865e37,2016-02-26,Carrots,BABY PEELED,1 lb bag,,,,,Yes,,,,,,,,1.53,$/1 lb bag,1.53,per lb,Northwest,retail,,,,,,,,118.0,3324,Weekly Grocery Store Specialty Crops Feature Activity,2026-09-26T14:36:16+00:00
92f4869ddcb587bb,2016-02-26,Carrots,BABY PEELED,1 lb bag,,,,,No,,,,,,,,1.13,$/1 lb bag,1.13,per lb,Northwest,retail,,,,,,,,152.0,3324,Weekly Grocery Store Specialty Crops Feature Activity,2026-09-26T14:36:16+00:00
09491d7858a9d51a,2016-02-26,Carrots,BABY PEELED,2 lb bag,,,,,No,,,,,,,,2.49,$/2 lb bag,1.245,per lb,Northwest,retail,,,,,,,,283.0,3324,Weekly Grocery Store Specialty Crops Feature Activity,2026-09-26T14:36:16+00:00
84dd152cde44ae2b,2016-02-26,Celery,,each,,,,,Yes,,,,,,,,1.79,$/each,1.79,per each,Northwest,retail,,,,,,,,15.0,3324,Weekly Grocery Store Specialty Crops Feature Activity,2026-09-26T14:36:16+00:00
c17d0c93459873e7,2016-02-26,Celery,,each,,,,,No,,,,,,,,1.63,$/each,1.63,per each,Northwest,retail,,,,,,,,35.0,3324,Weekly Grocery Store Specialty Crops Feature Activity,2026-09-26T14:36:16+00:00
2d6a0026ed6e9a12,2016-02-26,Celery,,per lb,,,,,No,,,,,,,,0.92,$/per lb,0.92,per lb,Northwest,retail,,,,,,,,105.0,3324,Weekly Grocery Store Specialty Crops Feature Activity,2026-09-26T14:36:16+00:00
48adc28efae6e2f8,2016-02-26,Cucumbers,,each,,,,,No,,,,,,,,0.73,$/each,0.73,per each,Northwest,retail,,,,,,,,93.0,3324,Weekly Grocery Store Specialty Crops Feature Activity,2026-09-26T14:36:16+00:00
5c0cdae92cfaab31,2016-02-26,Cucumbers,,each,,,,,Yes,,,,,,,,1.5,$/each,1.5,per each,Northwest,retail,,,,,,,,18.0,3324,Weekly Grocery Store Specialty Crops Feature Activity,2026-09-26T14:36:16+00:00
69655ef8f084fc48,2016-02-26,Cucumbers,LONG SEEDLESS,each,,,,,No,,,,,,,,1.13,$/each,1.13,per each,Northwest,retail,,,environment=Greenhouse,,,,,21.0,3324,Weekly Grocery Store Specialty Crops Feature Activity,2026-09-26T14:36:16+00:00
e3f6cfdbd3cbdbdf,2016-02-26,Grapes,BLACK SEEDLESS,per lb,,,,,No,,,,,,,,3.99,$/per lb,3.99,per lb,Northwest,retail,,,,,,,,5.0,3324,Weekly Grocery Store Specialty Crops Feature Activity,2026-09-26T14:36:16+00:00
4d995f81f3c85101,2016-02-26,Grapes,RED SEEDLESS,per lb,,,,,No,,,,,,,,2.59,$/per lb,2.59,per lb,Northwest,retail,,,,,,,,276.0,3324,Weekly Grocery Store Specialty Crops Feature Activity,2026-09-26T14:36:16+00:00
5bdbd04f0ac6f8ba,2016-02-26,Grapes,WHITE SEEDLESS TYPE,per lb,,,,,No,,,,,,,,2.74,$/per lb,2.74,per lb,Northwest,retail,,,,,,,,224.0,3324,Weekly Grocery Store Specialty Crops Feature Activity,2026-09-26T14:36:16+00:00
98d1afc47364dadf,2016-02-26,Lemons,,2 lb bag,,,,,No,,,,,,,,2.99,$/2 lb bag,1.495,per lb,Northwest,retail,,,,,,,,2.0,3324,Weekly Grocery Store Specialty Crops Feature Activity,2026-09-26T14:36:16+00:00
b028964a1d91e272,2016-02-26,Lemons,,each,,,,,Yes,,,,,,,,0.73,$/each,0.73,per each,Northwest,retail,,,,,,,,45.0,3324,Weekly Grocery Store Specialty Crops Feature Activity,2026-09-26T14:36:16+00:00
faa9c70e13b69fd2,2016-02-26,Lemons,,each,,,,,No,,,,,,,,0.5,$/each,0.5,per each,Northwest,retail,,,,,,,,67.0,3324,Weekly Grocery Store Specialty Crops Feature Activity,2026-09-26T14:36:16+00:00
735351846c9f03c8,2016-02-26,Lettuce,Green Leaf,each,,,,,No,,,,,,,,1.24,$/each,1.24,per each,Northwest,retail,,,,,,,,223.0,3324,Weekly Grocery Store Specialty Crops Feature Activity,2026-09-26T14:36:16+00:00
ba8a3ead75954d51,2016-02-26,Lettuce,Green Leaf,each,,,,,Yes,,,,,,,,1.98,$/each,1.98,per each,Northwest,retail,,,,,,,,18.0,3324,Weekly Grocery Store Specialty Crops Feature Activity,2026-09-26T14:36:16+00:00
d5d1070eddcecb12,2016-02-26,Lettuce,Iceberg,each,,,,,No,,,,,,,,1.22,$/each,1.22,per each,Northwest,retail,,,,,,,,79.0,3324,Weekly Grocery Store Specialty Crops Feature Activity,2026-09-26T14:36:16+00:00
704e0f72388d259f,2016-02-26,Lettuce,Red Leaf,each,,,,,No,,,,,,,,1.24,$/each,1.24,per each,Northwest,retail,,,,,,,,223.0,3324,Weekly Grocery Store Specialty Crops Feature Activity,2026-09-26T14:36:16+00:00
9c1bc3e74981cf53,2016-02-26,Lettuce,Red Leaf,each,,,,,Yes,,,,,,,,1.98,$/each,1.98,per each,Northwest,retail,,,,,,,,18.0,3324,Weekly Grocery Store Specialty Crops Feature Activity,2026-09-26T14:36:16+00:00
290ca446424231de,2016-02-26,Lettuce,Romaine,each,,,,,No,,,,,,,,1.18,$/each,1.18,per each,Northwest,retail,,,,,,,,104.0,3324,Weekly Grocery Store Specialty Crops Feature Activity,2026-09-26T14:36:16+00:00
a6e93773cff60fc3,2016-02-26,Lettuce,Romaine,each,,,,,Yes,,,,,,,,1.98,$/each,1.98,per each,Northwest,retail,,,,,,,,18.0,3324,Weekly Grocery Store Specialty Crops Feature Activity,2026-09-26T14:36:16+00:00
3306a432d307c385,2016-02-26,Lettuce,Romaine (Hearts),3 count,,,,,Yes,,,,,,,,3.16,$/3 count,,,Northwest,retail,,,,,,,,196.0,3324,Weekly Grocery Store Specialty Crops Feature Activity,2026-09-26T14:36:16+00:00
95f8ee5fc68ad289,2016-02-26,Lettuce,Romaine (Hearts),3 count,,,,,No,,,,,,,,2.5,$/3 count,,,Northwest,retail,,,,,,,,12.0,3324,Weekly Grocery Store Specialty Crops Feature Activity,2026-09-26T14:36:16+00:00
11eae0a07dedaff5,2016-02-26,"Onions, Dry",RED,per lb,,,,,Yes,,,,,,,,1.39,$/per lb,1.39,per lb,Northwest,retail,,,,,,,,28.0,3324,Weekly Grocery Store Specialty Crops Feature Activity,2026-09-26T14:36:16+00:00
4f7cb1c0bcace29c,2016-02-26,"Onions, Dry",YELLOW,2 lb bag,,,,,No,,,,,,,,1.0,$/2 lb bag,0.5,per lb,Northwest,retail,,,,,,,,4.0,3324,Weekly Grocery Store Specialty Crops Feature Activity,2026-09-26T14:36:16+00:00
158d81b5799b9cd5,2016-02-26,"Onions, Dry",YELLOW,3 lb bag,,,,,Yes,,,,,,,,2.5,$/3 lb bag,0.8333,per lb,Northwest,retail,,,,,,,,18.0,3324,Weekly Grocery Store Specialty Crops Feature Activity,2026-09-26T14:36:16+00:00
2fe2a05ec1c32076,2016-02-26,"Onions, Dry",YELLOW,3 lb bag,,,,,No,,,,,,,,1.57,$/3 lb bag,0.5233,per lb,Northwest,retail,,,,,,,,204.0,3324,Weekly Grocery Store Specialty Crops Feature Activity,2026-09-26T14:36:16+00:00
41b7b1be91f6a73d,2016-02-26,"Onions, Dry",YELLOW,per lb,,,,,Yes,,,,,,,,1.23,$/per lb,1.23,per lb,Northwest,retail,,,,,,,,46.0,3324,Weekly Grocery Store Specialty Crops Feature Activity,2026-09-26T14:36:16+00:00
ee401ff9f1df0f38,2016-02-26,"Onions, Dry",YELLOW,per lb,,,,,No,,,,,,,,0.5,$/per lb,0.5,per lb,Northwest,retail,,,,,,,,70.0,3324,Weekly Grocery Store Specialty Crops Feature Activity,2026-09-26T14:36:16+00:00
87211d6a742b8682,2016-02-26,"Onions, Dry",YELLOW MARKED SWEET,per lb,,,,,Yes,,,,,,,,0.99,$/per lb,0.99,per lb,Northwest,retail,,,,,,,,18.0,3324,Weekly Grocery Store Specialty Crops Feature Activity,2026-09-26T14:36:16+00:00
995a869839270bcf,2016-02-26,"Onions, Dry",YELLOW MARKED SWEET,per lb,,,,,No,,,,,,,,1.21,$/per lb,1.21,per lb,Northwest,retail,,,,,,,,140.0,3324,Weekly Grocery Store Specialty Crops Feature Activity,2026-09-26T14:36:16+00:00
1e8c2f95095723a1,2016-02-26,"Peppers, Bell Type",ORANGE,each,,,,,No,,,,,,,,1.65,$/each,1.65,per each,Northwest,retail,,,,,,,,340.0,3324,Weekly Grocery Store Specialty Crops Feature Activity,2026-09-26T14:36:16+00:00
8d7d8a69e6975c12,2016-02-26,"Peppers, Bell Type",ORANGE,each,,,,,Yes,,,,,,,,2.5,$/each,2.5,per each,Northwest,retail,,,,,,,,5.0,3324,Weekly Grocery Store Specialty Crops Feature Activity,2026-09-26T14:36:16+00:00
4e8b7b7ff5dc226c,2016-02-26,"Peppers, Bell Type",ORANGE,per lb,,,,,Yes,,,,,,,,2.99,$/per lb,2.99,per lb,Northwest,retail,,,,,,,,13.0,3324,Weekly Grocery Store Specialty Crops Feature Activity,2026-09-26T14:36:16+00:00
0f5eaa33f75b9527,2016-02-26,"Peppers, Bell Type",RED,each,,,,,No,,,,,,,,1.63,$/each,1.63,per each,Northwest,retail,,,,,,,,373.0,3324,Weekly Grocery Store Specialty Crops Feature Activity,2026-09-26T14:36:16+00:00
2ecbcc645b7f82f6,2016-02-26,"Peppers, Bell Type",RED,each,,,,,Yes,,,,,,,,2.5,$/each,2.5,per each,Northwest,retail,,,,,,,,5.0,3324,Weekly Grocery Store Specialty Crops Feature Activity,2026-09-26T14:36:16+00:00
4f522628727df8d3,2016-02-26,"Peppers, Bell Type",RED,per lb,,,,,Yes,,,,,,,,3.86,$/per lb,3.86,per lb,Northwest,retail,,,,,,,,23.0,3324,Weekly Grocery Store Specialty Crops Feature Activity,2026-09-26T14:36:16+00:00
62f6d5f1375ab0ea,2016-02-26,"Peppers, Bell Type",YELLOW,each,,,,,No,,,,,,,,1.63,$/each,1.63,per each,Northwest,retail,,,,,,,,379.0,3324,Weekly Grocery Store Specialty Crops Feature Activity,2026-09-26T14:36:16+00:00
f4c6c515b7385458,2016-02-26,"Peppers, Bell Type",YELLOW,each,,,,,Yes,,,,,,,,2.5,$/each,2.5,per each,Northwest,retail,,,,,,,,5.0,3324,Weekly Grocery Store Specialty Crops Feature Activity,2026-09-26T14:36:16+00:00
f52279262573c0a8,2016-02-26,"Peppers, Bell Type",YELLOW,per lb,,,,,Yes,,,,,,,,2.99,$/per lb,2.99,per lb,Northwest,retail,,,,,,,,13.0,3324,Weekly Grocery Store Specialty Crops Feature Activity,2026-09-26T14:36:16+00:00
e1810fe6a4da82c1,2016-02-26,Potatoes,ROUND RED,5 lb bag,,,,,No,,,,,,,,2.0,$/5 lb bag,0.4,per lb,Northwest,retail,,,,,,,,2.0,3324,Weekly Grocery Store Specialty Crops Feature Activity,2026-09-26T14:36:16+00:00
e2219371cd2c7b3f,2016-02-26,Potatoes,ROUND RED,per lb,,,,,No,,,,,,,,0.59,$/per lb,0.59,per lb,Northwest,retail,,,,,,,,56.0,3324,Weekly Grocery Store Specialty Crops Feature Activity,2026-09-26T14:36:16+00:00
4c7b73700d0deb81,2016-02-26,Potatoes,RUSSET,10 lb bag,,,,,No,,,,,,,,2.99,$/10 lb bag,0.299,per lb,Northwest,retail,,,,,,,,281.0,3324,Weekly Grocery Store Specialty Crops Feature Activity,2026-09-26T14:36:16+00:00
b1c3f7418541ba9a,2016-02-26,Potatoes,RUSSET,3 lb bag,,,,,Yes,,,,,,,,1.99,$/3 lb bag,0.6633,per lb,Northwest,retail,,,,,,,,121.0,3324,Weekly Grocery Store Specialty Crops Feature Activity,2026-09-26T14:36:16+00:00
5b3f245799bde8b8,2016-02-26,Potatoes,RUSSET,5 lb bag,,,,,No,,,,,,,,1.77,$/5 lb bag,0.354,per lb,Northwest,retail,,,,,,,,222.0,3324,Weekly Grocery Store Specialty Crops Feature Activity,2026-09-26T14:36:16+00:00
f2b7b530b1c0d7c6,2016-02-26,Potatoes,RUSSET,per lb,,,,,Yes,,,,,,,,0.79,$/per lb,0.79,per lb,Northwest,retail,,,,,,,,39.0,3324,Weekly Grocery Store Specialty Crops Feature Activity,2026-09-26T14:36:16+00:00
f667899d1c6906cd,2016-02-26,Potatoes,RUSSET,per lb,,,,,No,,,,,,,,0.47,$/per lb,0.47,per lb,Northwest,retail,,,,,,,,88.0,3324,Weekly Grocery Store Specialty Crops Feature Activity,2026-09-26T14:36:16+00:00
2910b1f197cff5ef,2016-02-26,Potatoes,YELLOW TYPE,per lb,,,,,No,,,,,,,,0.59,$/per lb,0.59,per lb,Northwest,retail,,,,,,,,56.0,3324,Weekly Grocery Store Specialty Crops Feature Activity,2026-09-26T14:36:16+00:00
ba262cb6409af459,2016-02-26,Potatoes,YELLOW TYPE,per lb,,,,,Yes,,,,,,,,1.29,$/per lb,1.29,per lb,Northwest,retail,,,,,,,,6.0,3324,Weekly Grocery Store Specialty Crops Feature Activity,2026-09-26T14:36:16+00:00
71104f27de5ac627,2016-02-26,Strawberries,,1 lb package,,,,,No,,,,,,,,3.91,$/1 lb package,3.91,per lb,Northwest,retail,,,,,,,,504.0,3324,Weekly Grocery Store Specialty Crops Feature Activity,2026-09-26T14:36:16+00:00
9c5594ceb2d7f8f8,2016-02-26,Strawberries,,1 lb package,,,,,Yes,,,,,,,,4.99,$/1 lb package,4.99,per lb,Northwest,retail,,,,,,,,292.0,3324,Weekly Grocery Store Specialty Crops Feature Activity,2026-09-26T14:36:16+00:00
402dd6aa77ecbfc8,2016-02-26,Tomatoes,,per lb,,,,,No,,,,,,,,0.98,$/per lb,0.98,per lb,Northwest,retail,,,,,,,,16.0,3324,Weekly Grocery Store Specialty Crops Feature Activity,2026-09-26T14:36:16+00:00
4ecfed7b5431df9a,2016-02-26,Tomatoes,,per lb,,,,,Yes,,,,,,,,1.99,$/per lb,1.99,per lb,Northwest,retail,,,,,,,,18.0,3324,Weekly Grocery Store Specialty Crops Feature Activity,2026-09-26T14:36:16+00:00
be1d6578c4e70146,2016-02-26,Tomatoes,GRAPE TYPE,1 pint package,,,,,No,,,,,,,,2.49,$/1 pint package,,,Northwest,retail,,,,,,,,42.0,3324,Weekly Grocery Store Specialty Crops Feature Activity,2026-09-26T14:36:16+00:00
7dc6b662bc2f4ded,2016-02-26,Tomatoes,GRAPE TYPE,10 oz package,,,,,No,,,,,,,,2.16,$/10 oz package,3.456,per lb,Northwest,retail,,,,,,,,281.0,3324,Weekly Grocery Store Specialty Crops Feature Activity,2026-09-26T14:36:16+00:00
70eca3b4c96a0bf9,2016-02-26,Tomatoes,Plum Type (Roma),per lb,,,,,No,,,,,,,,0.96,$/per lb,0.96,per lb,Northwest,retail,,,,,,,,54.0,3324,Weekly Grocery Store Specialty Crops Feature Activity,2026-09-26T14:36:16+00:00
7608080cdd281a97,2016-02-26,Tomatoes,Plum Type (Roma),per lb,,,,,Yes,,,,,,,,1.43,$/per lb,1.43,per lb,Northwest,retail,,,,,,,,93.0,3324,Weekly Grocery Store Specialty Crops Feature Activity,2026-09-26T14:36:16+00:00
8c5a80be29fe6425,2016-02-26,Tomatoes,VINE RIPES,per lb,,,,,No,,,,,,,,1.88,$/per lb,1.88,per lb,Northwest,retail,,,,,,,,102.0,3324,Weekly Grocery Store Specialty Crops Feature Activity,2026-09-26T14:36:16+00:00
ca80d18db098a113,2016-02-26,Tomatoes,VINE RIPES,per lb,,,,,No,,,,,,,,2.74,$/per lb,2.74,per lb,Northwest,retail,,,environment=Greenhouse,,,,,318.0,3324,Weekly Grocery Store Specialty Crops Feature Activity,2026-09-26T14:36:16+00:00
b28bd2dcae731358,2016-02-26,Tomatoes,VINE RIPES - ON THE VINE,per lb,,,,,Yes,,,,,,,,2.49,$/per lb,2.49,per lb,Northwest,retail,,,environment=Greenhouse,,,,,121.0,3324,Weekly Grocery Store Specialty Crops Feature Activity,2026-09-26T14:36:16+00:00
ed1dc0a1046cf3b6,2016-02-26,Tomatoes,VINE RIPES - ON THE VINE,per lb,,,,,No,,,,,,,,2.47,$/per lb,2.47,per lb,Northwest,retail,,,environment=Greenhouse,,,,,151.0,3324,Weekly Grocery Store Specialty Crops Feature Activity,2026-09-26T14:36:16+00:00
f594af5430e54b73,2016-02-26,Tomatoes,Vine Ripes - Heirloom Varieties,per lb,,,,,Yes,,,,,,,,3.34,$/per lb,3.34,per lb,Northwest,retail,,,,,,,,28.0,3324,Weekly Grocery Store Specialty Crops Feature Activity,2026-09-26T14:36:16+00:00
97534c4f821a7863,2016-02-26,Avocados,HASS,each,,,,,No,,,,,,,,1.03,$/each,1.03,per each,Southcentral,retail,,,,,,,,2103.0,3324,Weekly Grocery Store Specialty Crops Feature Activity,2026-09-26T14:36:16+00:00
e52da8ce6e3df028,2016-02-26,Avocados,HASS,each,,,,,Yes,,,,,,,,1.26,$/each,1.26,per each,Southcentral,retail,,,,,,,,255.0,3324,Weekly Grocery Store Specialty Crops Feature Activity,2026-09-26T14:36:16+00:00
90d52f63f8b03703,2016-02-26,Avocados,VARIOUS GREENSKIN VARIETIES,each,,,,,No,,,,,,,,0.33,$/each,0.33,per each,Southcentral,retail,,,,,,,,23.0,3324,Weekly Grocery Store Specialty Crops Feature Activity,2026-09-26T14:36:16+00:00
984ed8b97ec422b9,2016-02-26,Bananas,,per lb,,,,,No,,,,,,,,0.39,$/per lb,0.39,per lb,Southcentral,retail,,,,,,,,284.0,3324,Weekly Grocery Store Specialty Crops Feature Activity,2026-09-26T14:36:16+00:00
08cdb797b34cccd4,2016-02-26,Blueberries,,1 pint package,,,,,No,,,,,,,,3.09,$/1 pint package,,,Southcentral,retail,,,,,,,,505.0,3324,Weekly Grocery Store Specialty Crops Feature Activity,2026-09-26T14:36:16+00:00
7bb7e4c1cf599904,2016-02-26,Blueberries,,18 oz package,,,,,No,,,,,,,,5.99,$/18 oz package,5.3244,per lb,Southcentral,retail,,,,,,,,75.0,3324,Weekly Grocery Store Specialty Crops Feature Activity,2026-09-26T14:36:16+00:00
4e2abd838fce86df,2016-02-26,Blueberries,,6 oz package,,,,,No,,,,,,,,3.1,$/6 oz package,8.2667,per lb,Southcentral,retail,,,,,,,,264.0,3324,Weekly Grocery Store Specialty Crops Feature Activity,2026-09-26T14:36:16+00:00
94eece924aac1825,2016-02-26,Blueberries,,6 oz package,,,,,Yes,,,,,,,,3.44,$/6 oz package,9.1733,per lb,Southcentral,retail,,,,,,,,324.0,3324,Weekly Grocery Store Specialty Crops Feature Activity,2026-09-26T14:36:16+00:00
d0a11e54184074bf,2016-02-26,Broccoli,,per bunch,,,,,No,,,,,,,,1.62,$/per bunch,,,Southcentral,retail,,,,,,,,352.0,3324,Weekly Grocery Store Specialty Crops Feature Activity,2026-09-26T14:36:16+00:00
ca6f6763398d6f52,2016-02-26,Broccoli,CROWN CUT,per lb,,,,,No,,,,,,,,1.24,$/per lb,1.24,per lb,Southcentral,retail,,,,,,,,625.0,3324,Weekly Grocery Store Specialty Crops Feature Activity,2026-09-26T14:36:16+00:00
9df0ccde32c32ff6,2016-02-26,Carrots,,1 lb bag,,,,,No,,,,,,,,0.89,$/1 lb bag,0.89,per lb,Southcentral,retail,,,,,,,,252.0,3324,Weekly Grocery Store Specialty Crops Feature Activity,2026-09-26T14:36:16+00:00
872ee612b42fec9f,2016-02-26,Carrots,,2 lb bag,,,,,Yes,,,,,,,,1.79,$/2 lb bag,0.895,per lb,Southcentral,retail,,,,,,,,25.0,3324,Weekly Grocery Store Specialty Crops Feature Activity,2026-09-26T14:36:16+00:00
80a9744e0ba5ec01,2016-02-26,Carrots,,per bunch,,,,,Yes,,,,,,,,1.98,$/per bunch,,,Southcentral,retail,,,,,,,,5.0,3324,Weekly Grocery Store Specialty Crops Feature Activity,2026-09-26T14:36:16+00:00
8c212ebe3bcdcbf4,2016-02-26,Carrots,BABY PEELED,1 lb bag,,,,,Yes,,,,,,,,1.65,$/1 lb bag,1.65,per lb,Southcentral,retail,,,,,,,,441.0,3324,Weekly Grocery Store Specialty Crops Feature Activity,2026-09-26T14:36:16+00:00
c79e16ebeee82be2,2016-02-26,Carrots,BABY PEELED,1 lb bag,,,,,No,,,,,,,,1.28,$/1 lb bag,1.28,per lb,Southcentral,retail,,,,,,,,382.0,3324,Weekly Grocery Store Specialty Crops Feature Activity,2026-09-26T14:36:16+00:00
d9e8f4bba3e30007,2016-02-26,Carrots,BABY PEELED,2 lb bag,,,,,No,,,,,,,,2.31,$/2 lb bag,1.155,per lb,Southcentral,retail,,,,,,,,88.0,3324,Weekly Grocery Store Specialty Crops Feature Activity,2026-09-26T14:36:16+00:00
656b30f5b7f42aef,2016-02-26,Celery,,each,,,,,Yes,,,,,,,,1.5,$/each,1.5,per each,Southcentral,retail,,,,,,,,5.0,3324,Weekly Grocery Store Specialty Crops Feature Activity,2026-09-26T14:36:16+00:00
7eb7345284654adf,2016-02-26,Celery,,each,,,,,No,,,,,,,,1.15,$/each,1.15,per each,Southcentral,retail,,,,,,,,113.0,3324,Weekly Grocery Store Specialty Crops Feature Activity,2026-09-26T14:36:16+00:00
80f9e2739ac6b487,2016-02-26,Celery,HEARTS,each,,,,,Yes,,,,,,,,2.47,$/each,2.47,per each,Southcentral,retail,,,,,,,,51.0,3324,Weekly Grocery Store Specialty Crops Feature Activity,2026-09-26T14:36:16+00:00
c7dac82141bde300,2016-02-26,Celery,HEARTS,each,,,,,No,,,,,,,,1.38,$/each,1.38,per each,Southcentral,retail,,,,,,,,40.0,3324,Weekly Grocery Store Specialty Crops Feature Activity,2026-09-26T14:36:16+00:00
9f9956b10d5b61d5,2016-02-26,Cucumbers,,each,,,,,No,,,,,,,,0.61,$/each,0.61,per each,Southcentral,retail,,,,,,,,660.0,3324,Weekly Grocery Store Specialty Crops Feature Activity,2026-09-26T14:36:16+00:00
dabf487607e40d35,2016-02-26,Cucumbers,LONG SEEDLESS,each,,,,,No,,,,,,,,1.5,$/each,1.5,per each,Southcentral,retail,,,environment=Greenhouse,,,,,25.0,3324,Weekly Grocery Store Specialty Crops Feature Activity,2026-09-26T14:36:16+00:00
da917f6dbddb932e,2016-02-26,Grapes,BLACK SEEDLESS,per lb,,,,,No,,,,,,,,2.62,$/per lb,2.62,per lb,Southcentral,retail,,,,,,,,276.0,3324,Weekly Grocery Store Specialty Crops Feature Activity,2026-09-26T14:36:16+00:00
28626e8461c3f0fb,2016-02-26,Grapes,RED SEEDLESS,per lb,,,,,No,,,,,,,,2.54,$/per lb,2.54,per lb,Southcentral,retail,,,,,,,,567.0,3324,Weekly Grocery Store Specialty Crops Feature Activity,2026-09-26T14:36:16+00:00
01fd3a97e2409c88,2016-02-26,Grapes,Red Globe Seeded Type,per lb,,,,,No,,,,,,,,2.29,$/per lb,2.29,per lb,Southcentral,retail,,,,,,,,63.0,3324,Weekly Grocery Store Specialty Crops Feature Activity,2026-09-26T14:36:16+00:00
5928024c75d094e6,2016-02-26,Grapes,WHITE SEEDLESS TYPE,per lb,,,,,No,,,,,,,,2.42,$/per lb,2.42,per lb,Southcentral,retail,,,,,,,,755.0,3324,Weekly Grocery Store Specialty Crops Feature Activity,2026-09-26T14:36:16+00:00
6274ec706bb1e593,2016-02-26,Lemons,,2 lb bag,,,,,No,,,,,,,,3.21,$/2 lb bag,1.605,per lb,Southcentral,retail,,,,,,,,252.0,3324,Weekly Grocery Store Specialty Crops Feature Activity,2026-09-26T14:36:16+00:00
333c8eb748702112,2016-02-26,Lemons,,each,,,,,No,,,,,,,,0.46,$/each,0.46,per each,Southcentral,retail,,,,,,,,387.0,3324,Weekly Grocery Store Specialty Crops Feature Activity,2026-09-26T14:36:16+00:00
0192ccf7e7d2debe,2016-02-26,Lettuce,Green Leaf,each,,,,,No,,,,,,,,1.04,$/each,1.04,per each,Southcentral,retail,,,,,,,,746.0,3324,Weekly Grocery Store Specialty Crops Feature Activity,2026-09-26T14:36:16+00:00
77212a2255940809,2016-02-26,Lettuce,Green Leaf,each,,,,,Yes,,,,,,,,1.5,$/each,1.5,per each,Southcentral,retail,,,,,,,,5.0,3324,Weekly Grocery Store Specialty Crops Feature Activity,2026-09-26T14:36:16+00:00
8123a345bdd54b3f,2016-02-26,Lettuce,Iceberg,each,,,,,Yes,,,,,,,,1.48,$/each,1.48,per each,Southcentral,retail,,,,,,,,16.0,3324,Weekly Grocery Store Specialty Crops Feature Activity,2026-09-26T14:36:16+00:00
97a12c5da294cee2,2016-02-26,Lettuce,Iceberg,each,,,,,No,,,,,,,,1.03,$/each,1.03,per each,Southcentral,retail,,,,,,,,649.0,3324,Weekly Grocery Store Specialty Crops Feature Activity,2026-09-26T14:36:16+00:00
30bd221309486272,2016-02-26,Lettuce,Red Leaf,each,,,,,Yes,,,,,,,,1.5,$/each,1.5,per each,Southcentral,retail,,,,,,,,5.0,3324,Weekly Grocery Store Specialty Crops Feature Activity,2026-09-26T14:36:16+00:00
9cdb4ce720123548,2016-02-26,Lettuce,Red Leaf,each,,,,,No,,,,,,,,1.03,$/each,1.03,per each,Southcentral,retail,,,,,,,,726.0,3324,Weekly Grocery Store Specialty Crops Feature Activity,2026-09-26T14:36:16+00:00
b17b79ef8e234b13,2016-02-26,Lettuce,Romaine,each,,,,,No,,,,,,,,1.04,$/each,1.04,per each,Southcentral,retail,,,,,,,,659.0,3324,Weekly Grocery Store Specialty Crops Feature Activity,2026-09-26T14:36:16+00:00
3999522504ca22d5,2016-02-26,Lettuce,Romaine (Hearts),3 count,,,,,Yes,,,,,,,,3.28,$/3 count,,,Southcentral,retail,,,,,,,,39.0,3324,Weekly Grocery Store Specialty Crops Feature Activity,2026-09-26T14:36:16+00:00
d69ae96e30e4844a,2016-02-26,Lettuce,Romaine (Hearts),3 count,,,,,No,,,,,,,,2.75,$/3 count,,,Southcentral,retail,,,,,,,,278.0,3324,Weekly Grocery Store Specialty Crops Feature Activity,2026-09-26T14:36:16+00:00
50f5a1d71ac5ec90,2016-02-26,Limes,,each,,,,,No,,,,,,,,0.24,$/each,0.24,per each,Southcentral,retail,,,,,,,,406.0,3324,Weekly Grocery Store Specialty Crops Feature Activity,2026-09-26T14:36:16+00:00
04c777d69179925a,2016-02-26,"Onions, Dry",RED,per lb,,,,,No,,,,,,,,1.67,$/per lb,1.67,per lb,Southcentral,retail,,,,,,,,115.0,3324,Weekly Grocery Store Specialty Crops Feature Activity,2026-09-26T14:36:16+00:00
202cc7e06e0a1857,2016-02-26,"Onions, Dry",WHITE,per lb,,,,,No,,,,,,,,1.07,$/per lb,1.07,per lb,Southcentral,retail,,,,,,,,31.0,3324,Weekly Grocery Store Specialty Crops Feature Activity,2026-09-26T14:36:16+00:00
04ef6ad1002d41f7,2016-02-26,"Onions, Dry",YELLOW,3 lb bag,,,,,No,,,,,,,,1.91,$/3 lb bag,0.6367,per lb,Southcentral,retail,,,,,,,,781.0,3324,Weekly Grocery Store Specialty Crops Feature Activity,2026-09-26T14:36:16+00:00
b2a72d5c45fa2159,2016-02-26,"Onions, Dry",YELLOW,3 lb bag,,,,,Yes,,,,,,,,2.5,$/3 lb bag,0.8333,per lb,Southcentral,retail,,,,,,,,68.0,3324,Weekly Grocery Store Specialty Crops Feature Activity,2026-09-26T14:36:16+00:00
409d664f4e71c93f,2016-02-26,"Onions, Dry",YELLOW,per lb,,,,,No,,,,,,,,0.47,$/per lb,0.47,per lb,Southcentral,retail,,,,,,,,61.0,3324,Weekly Grocery Store Specialty Crops Feature Activity,2026-09-26T14:36:16+00:00
4ce22d0b37d505c3,2016-02-26,"Onions, Dry",YELLOW MARKED SWEET,3 lb bag,,,,,No,,,,,,,,2.79,$/3 lb bag,0.93,per lb,Southcentral,retail,,,,,,,,26.0,3324,Weekly Grocery Store Specialty Crops Feature Activity,2026-09-26T14:36:16+00:00
632ad4e756bee7aa,2016-02-26,"Onions, Dry",YELLOW MARKED SWEET,per lb,,,,,No,,,,,,,,1.13,$/per lb,1.13,per lb,Southcentral,retail,,,,,,,,386.0,3324,Weekly Grocery Store Specialty Crops Feature Activity,2026-09-26T14:36:16+00:00
b942f2be41e5a93c,2016-02-26,"Peppers, Bell Type",GREEN,each,,,,,No,,,,,,,,0.96,$/each,0.96,per each,Southcentral,retail,,,,,,,,81.0,3324,Weekly Grocery Store Specialty Crops Feature Activity,2026-09-26T14:36:16+00:00
0c4305b52f7cc026,2016-02-26,"Peppers, Bell Type",ORANGE,each,,,,,No,,,,,,,,1.15,$/each,1.15,per each,Southcentral,retail,,,,,,,,666.0,3324,Weekly Grocery Store Specialty Crops Feature Activity,2026-09-26T14:36:16+00:00
3211b0cd1e9b8657,2016-02-26,"Peppers, Bell Type",ORANGE,each,,,,,Yes,,,,,,,,1.5,$/each,1.5,per each,Southcentral,retail,,,,,,,,5.0,3324,Weekly Grocery Store Specialty Crops Feature Activity,2026-09-26T14:36:16+00:00
58798ba292f0c1f9,2016-02-26,"Peppers, Bell Type",ORANGE,per lb,,,,,Yes,,,,,,,,2.99,$/per lb,2.99,per lb,Southcentral,retail,,,,,,,,61.0,3324,Weekly Grocery Store Specialty Crops Feature Activity,2026-09-26T14:36:16+00:00
54244320b83641d1,2016-02-26,"Peppers, Bell Type",RED,each,,,,,No,,,,,,,,1.15,$/each,1.15,per each,Southcentral,retail,,,,,,,,1152.0,3324,Weekly Grocery Store Specialty Crops Feature Activity,2026-09-26T14:36:16+00:00
f5ee934ab532bfe3,2016-02-26,"Peppers, Bell Type",RED,each,,,,,Yes,,,,,,,,1.5,$/each,1.5,per each,Southcentral,retail,,,,,,,,16.0,3324,Weekly Grocery Store Specialty Crops Feature Activity,2026-09-26T14:36:16+00:00
d1102a63e487a9a2,2016-02-26,"Peppers, Bell Type",RED,per lb,,,,,Yes,,,,,,,,2.99,$/per lb,2.99,per lb,Southcentral,retail,,,,,,,,61.0,3324,Weekly Grocery Store Specialty Crops Feature Activity,2026-09-26T14:36:16+00:00
6e3ba2fe7158d4ad,2016-02-26,"Peppers, Bell Type",YELLOW,each,,,,,No,,,,,,,,1.15,$/each,1.15,per each,Southcentral,retail,,,,,,,,666.0,3324,Weekly Grocery Store Specialty Crops Feature Activity,2026-09-26T14:36:16+00:00
e5dbcb57bf525fbb,2016-02-26,"Peppers, Bell Type",YELLOW,each,,,,,Yes,,,,,,,,1.5,$/each,1.5,per each,Southcentral,retail,,,,,,,,5.0,3324,Weekly Grocery Store Specialty Crops Feature Activity,2026-09-26T14:36:16+00:00
47e4491ce2b582ee,2016-02-26,"Peppers, Bell Type",YELLOW,per lb,,,,,Yes,,,,,,,,2.99,$/per lb,2.99,per lb,Southcentral,retail,,,,,,,,61.0,3324,Weekly Grocery Store Specialty Crops Feature Activity,2026-09-26T14:36:16+00:00
00fa0b147ab3e774,2016-02-26,Potatoes,ROUND RED,3 lb bag,,,,,Yes,,,,,,,,4.27,$/3 lb bag,1.4233,per lb,Southcentral,retail,,,,,,,,102.0,3324,Weekly Grocery Store Specialty Crops Feature Activity,2026-09-26T14:36:16+00:00
439c313b54faecce,2016-02-26,Potatoes,ROUND RED,3 lb bag,,,,,No,,,,,,,,2.68,$/3 lb bag,0.8933,per lb,Southcentral,retail,,,,,,,,96.0,3324,Weekly Grocery Store Specialty Crops Feature Activity,2026-09-26T14:36:16+00:00
2709ebc7b7b08306,2016-02-26,Potatoes,ROUND RED,5 lb bag,,,,,No,,,,,,,,2.47,$/5 lb bag,0.494,per lb,Southcentral,retail,,,,,,,,445.0,3324,Weekly Grocery Store Specialty Crops Feature Activity,2026-09-26T14:36:16+00:00
7f0dabcf9f6ca648,2016-02-26,Potatoes,ROUND RED,per lb,,,,,No,,,,,,,,0.97,$/per lb,0.97,per lb,Southcentral,retail,,,,,,,,60.0,3324,Weekly Grocery Store Specialty Crops Feature Activity,2026-09-26T14:36:16+00:00
8d9c8e9ee0a3c09b,2016-02-26,Potatoes,ROUND WHITE,per lb,,,,,No,,,,,,,,0.99,$/per lb,0.99,per lb,Southcentral,retail,,,,,,,,5.0,3324,Weekly Grocery Store Specialty Crops Feature Activity,2026-09-26T14:36:16+00:00
df3c8570e180a815,2016-02-26,Potatoes,RUSSET,10 lb bag,,,,,No,,,,,,,,2.61,$/10 lb bag,0.261,per lb,Southcentral,retail,,,,,,,,425.0,3324,Weekly Grocery Store Specialty Crops Feature Activity,2026-09-26T14:36:16+00:00
236dc50efbe90479,2016-02-26,Potatoes,RUSSET,3 lb bag,,,,,No,,,,,,,,1.0,$/3 lb bag,0.3333,per lb,Southcentral,retail,,,,,,,,118.0,3324,Weekly Grocery Store Specialty Crops Feature Activity,2026-09-26T14:36:16+00:00
7840bf926e568a55,2016-02-26,Potatoes,RUSSET,3 lb bag,,,,,Yes,,,,,,,,1.99,$/3 lb bag,0.6633,per lb,Southcentral,retail,,,,,,,,284.0,3324,Weekly Grocery Store Specialty Crops Feature Activity,2026-09-26T14:36:16+00:00
65d464f1d5498d47,2016-02-26,Potatoes,RUSSET,5 lb bag,,,,,No,,,,,,,,1.78,$/5 lb bag,0.356,per lb,Southcentral,retail,,,,,,,,446.0,3324,Weekly Grocery Store Specialty Crops Feature Activity,2026-09-26T14:36:16+00:00
418a090cb4fc07ce,2016-02-26,Potatoes,RUSSET,8 lb bag,,,,,No,,,,,,,,1.79,$/8 lb bag,0.2238,per lb,Southcentral,retail,,,,,,,,169.0,3324,Weekly Grocery Store Specialty Crops Feature Activity,2026-09-26T14:36:16+00:00
ea39f9041bdc2bfb,2016-02-26,Potatoes,RUSSET,per lb,,,,,No,,,,,,,,0.58,$/per lb,0.58,per lb,Southcentral,retail,,,,,,,,201.0,3324,Weekly Grocery Store Specialty Crops Feature Activity,2026-09-26T14:36:16+00:00
65596e7921cb1f60,2016-02-26,Potatoes,YELLOW TYPE,3 lb bag,,,,,No,,,,,,,,0.99,$/3 lb bag,0.33,per lb,Southcentral,retail,,,,,,,,57.0,3324,Weekly Grocery Store Specialty Crops Feature Activity,2026-09-26T14:36:16+00:00
c06f2a8abda6627c,2016-02-26,Potatoes,YELLOW TYPE,5 lb bag,,,,,No,,,,,,,,2.28,$/5 lb bag,0.456,per lb,Southcentral,retail,,,,,,,,53.0,3324,Weekly Grocery Store Specialty Crops Feature Activity,2026-09-26T14:36:16+00:00
e40f15ae12c729fb,2016-02-26,Potatoes,YELLOW TYPE,per lb,,,,,No,,,,,,,,0.5,$/per lb,0.5,per lb,Southcentral,retail,,,,,,,,11.0,3324,Weekly Grocery Store Specialty Crops Feature Activity,2026-09-26T14:36:16+00:00
040ffde6080a7776,2016-02-26,Strawberries,,1 lb package,,,,,Yes,,,,,,,,4.98,$/1 lb package,4.98,per lb,Southcentral,retail,,,,,,,,305.0,3324,Weekly Grocery Store Specialty Crops Feature Activity,2026-09-26T14:36:16+00:00
344243f76c4be1ac,2016-02-26,Strawberries,,1 lb package,,,,,No,,,,,,,,2.85,$/1 lb package,2.85,per lb,Southcentral,retail,,,,,,,,1178.0,3324,Weekly Grocery Store Specialty Crops Feature Activity,2026-09-26T14:36:16+00:00
2386c98ba2b6795c,2016-02-26,Tomatoes,,per lb,,,,,Yes,,,,,,,,2.06,$/per lb,2.06,per lb,Southcentral,retail,,,,,,,,79.0,3324,Weekly Grocery Store Specialty Crops Feature Activity,2026-09-26T14:36:16+00:00
547eaa470085338b,2016-02-26,Tomatoes,,per lb,,,,,No,,,,,,,,1.14,$/per lb,1.14,per lb,Southcentral,retail,,,,,,,,121.0,3324,Weekly Grocery Store Specialty Crops Feature Activity,2026-09-26T14:36:16+00:00
ba1c25f728c6ea99,2016-02-26,Tomatoes,GRAPE TYPE,1 pint package,,,,,No,,,,,,,,1.94,$/1 pint package,,,Southcentral,retail,,,,,,,,28.0,3324,Weekly Grocery Store Specialty Crops Feature Activity,2026-09-26T14:36:16+00:00
98fe628dbd742006,2016-02-26,Tomatoes,GRAPE TYPE,10 oz package,,,,,No,,,,,,,,2.03,$/10 oz package,3.248,per lb,Southcentral,retail,,,,,,,,601.0,3324,Weekly Grocery Store Specialty Crops Feature Activity,2026-09-26T14:36:16+00:00
16b85de04d1f0f65,2016-02-26,Tomatoes,Plum Type (Roma),per lb,,,,,No,,,,,,,,0.94,$/per lb,0.94,per lb,Southcentral,retail,,,,,,,,527.0,3324,Weekly Grocery Store Specialty Crops Feature Activity,2026-09-26T14:36:16+00:00
9c0ddd6250f1c526,2016-02-26,Tomatoes,VINE RIPES,per lb,,,,,No,,,,,,,,1.25,$/per lb,1.25,per lb,Southcentral,retail,,,,,,,,3.0,3324,Weekly Grocery Store Specialty Crops Feature Activity,2026-09-26T14:36:16+00:00
b35afae9ab0558d8,2016-02-26,Tomatoes,VINE RIPES,per lb,,,,,No,,,,,,,,1.43,$/per lb,1.43,per lb,Southcentral,retail,,,environment=Greenhouse,,,,,138.0,3324,Weekly Grocery Store Specialty Crops Feature Activity,2026-09-26T14:36:16+00:00
8cfffd41c47bba86,2016-02-26,Tomatoes,VINE RIPES - ON THE VINE,per lb,,,,,No,,,,,,,,2.1,$/per lb,2.1,per lb,Southcentral,retail,,,environment=Greenhouse,,,,,151.0,3324,Weekly Grocery Store Specialty Crops Feature Activity,2026-09-26T14:36:16+00:00
cd80c07dea20fe13,2016-02-26,Tomatoes,VINE RIPES - ON THE VINE,per lb,,,,,Yes,,,,,,,,2.98,$/per lb,2.98,per lb,Southcentral,retail,,,environment=Greenhouse,,,,,31.0,3324,Weekly Grocery Store Specialty Crops Feature Activity,2026-09-26T14:36:16+00:00
5bd86f93aa125d76,2016-02-26,Avocados,HASS,each,,,,,Yes,,,,,,,,1.97,$/each,1.97,per each,Southeast,retail,,,,,,,,221.0,3324,Weekly Grocery Store Specialty Crops Feature Activity,2026-09-26T14:36:16+00:00
5efae29840f02e97,2016-02-26,Avocados,HASS,each,,,,,No,,,,,,,,1.01,$/each,1.01,per each,Southeast,retail,,,,,,,,4283.0,3324,Weekly Grocery Store Specialty Crops Feature Activity,2026-09-26T14:36:16+00:00
d6989979aa2dda85,2016-02-26,Bananas,,per lb,,,,,No,,,,,,,,0.49,$/per lb,0.49,per lb,Southeast,retail,,,,,,,,163.0,3324,Weekly Grocery Store Specialty Crops Feature Activity,2026-09-26T14:36:16+00:00
ec995e8b73ac90ca,2016-02-26,Bananas,,per lb,,,,,Yes,,,,,,,,0.79,$/per lb,0.79,per lb,Southeast,retail,,,,,,,,214.0,3324,Weekly Grocery Store Specialty Crops Feature Activity,2026-09-26T14:36:16+00:00
419a52c4527f7a7f,2016-02-26,Blueberries,,1 pint package,,,,,Yes,,,,,,,,3.99,$/1 pint package,,,Southeast,retail,,,,,,,,42.0,3324,Weekly Grocery Store Specialty Crops Feature Activity,2026-09-26T14:36:16+00:00
bc5c0963e8cd210b,2016-02-26,Blueberries,,1 pint package,,,,,No,,,,,,,,3.19,$/1 pint package,,,Southeast,retail,,,,,,,,3104.0,3324,Weekly Grocery Store Specialty Crops Feature Activity,2026-09-26T14:36:16+00:00
a43eaf16383bf775,2016-02-26,Blueberries,,18 oz package,,,,,No,,,,,,,,5.99,$/18 oz package,5.3244,per lb,Southeast,retail,,,,,,,,95.0,3324,Weekly Grocery Store Specialty Crops Feature Activity,2026-09-26T14:36:16+00:00
83c3e243db4497c8,2016-02-26,Blueberries,,4.4 oz package,,,,,Yes,,,,,,,,3.99,$/4.4 oz package,14.5091,per lb,Southeast,retail,,,,,,,,214.0,3324,Weekly Grocery Store Specialty Crops Feature Activity,2026-09-26T14:36:16+00:00
b605f6f39ddd6e56,2016-02-26,Blueberries,,6 oz package,,,,,No,,,,,,,,2.49,$/6 oz package,6.64,per lb,Southeast,retail,,,,,,,,94.0,3324,Weekly Grocery Store Specialty Crops Feature Activity,2026-09-26T14:36:16+00:00
318e23f246997179,2016-02-26,Broccoli,,per bunch,,,,,No,,,,,,,,2.47,$/per bunch,,,Southeast,retail,,,,,,,,1724.0,3324,Weekly Grocery Store Specialty Crops Feature Activity,2026-09-26T14:36:16+00:00
f681a680b1c7483d,2016-02-26,Broccoli,,per bunch,,,,,Yes,,,,,,,,3.49,$/per bunch,,,Southeast,retail,,,,,,,,214.0,3324,Weekly Grocery Store Specialty Crops Feature Activity,2026-09-26T14:36:16+00:00
1d11f1a91fe452a0,2016-02-26,Broccoli,,per lb,,,,,No,,,,,,,,2.34,$/per lb,2.34,per lb,Southeast,retail,,,,,,,,85.0,3324,Weekly Grocery Store Specialty Crops Feature Activity,2026-09-26T14:36:16+00:00
c5192771bcc2a7b2,2016-02-26,Broccoli,,per lb,,,,,Yes,,,,,,,,0.99,$/per lb,0.99,per lb,Southeast,retail,,,,,,,,25.0,3324,Weekly Grocery Store Specialty Crops Feature Activity,2026-09-26T14:36:16+00:00
65221ff9030a5a8c,2016-02-26,Broccoli,BABY HYBRID TYPE,per bunch,,,,,No,,,,,,,,2.5,$/per bunch,,,Southeast,retail,,,,,,,,499.0,3324,Weekly Grocery Store Specialty Crops Feature Activity,2026-09-26T14:36:16+00:00
073985aa9a7dcc09,2016-02-26,Broccoli,CROWN CUT,per lb,,,,,No,,,,,,,,1.43,$/per lb,1.43,per lb,Southeast,retail,,,,,,,,897.0,3324,Weekly Grocery Store Specialty Crops Feature Activity,2026-09-26T14:36:16+00:00
716637e8b58e0199,2016-02-26,Carrots,,1 lb bag,,,,,No,,,,,,,,0.64,$/1 lb bag,0.64,per lb,Southeast,retail,,,,,,,,77.0,3324,Weekly Grocery Store Specialty Crops Feature Activity,2026-09-26T14:36:16+00:00
36ff256b0355b6c5,2016-02-26,Carrots,,2 lb bag,,,,,Yes,,,,,,,,2.29,$/2 lb bag,1.145,per lb,Southeast,retail,,,,,,,,7.0,3324,Weekly Grocery Store Specialty Crops Feature Activity,2026-09-26T14:36:16+00:00
a7371a0f928cb93c,2016-02-26,Carrots,,2 lb bag,,,,,No,,,,,,,,0.99,$/2 lb bag,0.495,per lb,Southeast,retail,,,,,,,,22.0,3324,Weekly Grocery Store Specialty Crops Feature Activity,2026-09-26T14:36:16+00:00
5a791e203f8a2349,2016-02-26,Carrots,BABY PEELED,1 lb bag,,,,,Yes,,,,,,,,1.51,$/1 lb bag,1.51,per lb,Southeast,retail,,,,,,,,278.0,3324,Weekly Grocery Store Specialty Crops Feature Activity,2026-09-26T14:36:16+00:00
cb93fb40ff78d6aa,2016-02-26,Carrots,BABY PEELED,1 lb bag,,,,,No,,,,,,,,1.46,$/1 lb bag,1.46,per lb,Southeast,retail,,,,,,,,544.0,3324,Weekly Grocery Store Specialty Crops Feature Activity,2026-09-26T14:36:16+00:00
20260db45168918e,2016-02-26,Carrots,BABY PEELED,2 lb bag,,,,,Yes,,,,,,,,2.99,$/2 lb bag,1.495,per lb,Southeast,retail,,,,,,,,42.0,3324,Weekly Grocery Store Specialty Crops Feature Activity,2026-09-26T14:36:16+00:00
9e35b8432bc1814d,2016-02-26,Carrots,BABY PEELED,2 lb bag,,,,,No,,,,,,,,2.47,$/2 lb bag,1.235,per lb,Southeast,retail,,,,,,,,174.0,3324,Weekly Grocery Store Specialty Crops Feature Activity,2026-09-26T14:36:16+00:00
8202b52395647660,2016-02-26,Celery,,each,,,,,Yes,,,,,,,,1.99,$/each,1.99,per each,Southeast,retail,,,,,,,,2.0,3324,Weekly Grocery Store Specialty Crops Feature Activity,2026-09-26T14:36:16+00:00
a4400af2881b36da,2016-02-26,Celery,,each,,,,,No,,,,,,,,1.21,$/each,1.21,per each,Southeast,retail,,,,,,,,77.0,3324,Weekly Grocery Store Specialty Crops Feature Activity,2026-09-26T14:36:16+00:00
52b5e2cbea9d45ef,2016-02-26,Celery,HEARTS,each,,,,,No,,,,,,,,2.0,$/each,2.0,per each,Southeast,retail,,,,,,,,84.0,3324,Weekly Grocery Store Specialty Crops Feature Activity,2026-09-26T14:36:16+00:00
6d49650a815dbb15,2016-02-26,Cucumbers,,each,,,,,No,,,,,,,,0.55,$/each,0.55,per each,Southeast,retail,,,,,,,,361.0,3324,Weekly Grocery Store Specialty Crops Feature Activity,2026-09-26T14:36:16+00:00
15c3998d61bd39d5,2016-02-26,Cucumbers,LONG SEEDLESS,each,,,,,No,,,,,,,,1.28,$/each,1.28,per each,Southeast,retail,,,,,,,,39.0,3324,Weekly Grocery Store Specialty Crops Feature Activity,2026-09-26T14:36:16+00:00
ecaf366da8c0abc5,2016-02-26,Cucumbers,LONG SEEDLESS,each,,,,,No,,,,,,,,1.12,$/each,1.12,per each,Southeast,retail,,,environment=Greenhouse,,,,,521.0,3324,Weekly Grocery Store Specialty Crops Feature Activity,2026-09-26T14:36:16+00:00
ea82683ee678be8c,2016-02-26,Grapes,BLACK SEEDLESS,per lb,,,,,No,,,,,,,,2.5,$/per lb,2.5,per lb,Southeast,retail,,,,,,,,723.0,3324,Weekly Grocery Store Specialty Crops Feature Activity,2026-09-26T14:36:16+00:00
ab578feeecb9404a,2016-02-26,Grapes,RED SEEDLESS,per lb,,,,,No,,,,,,,,2.64,$/per lb,2.64,per lb,Southeast,retail,,,,,,,,2325.0,3324,Weekly Grocery Store Specialty Crops Feature Activity,2026-09-26T14:36:16+00:00
b7a921e3f7f92b45,2016-02-26,Grapes,Red Globe Seeded Type,per lb,,,,,No,,,,,,,,1.97,$/per lb,1.97,per lb,Southeast,retail,,,,,,,,91.0,3324,Weekly Grocery Store Specialty Crops Feature Activity,2026-09-26T14:36:16+00:00
9f1f59372e748412,2016-02-26,Grapes,WHITE SEEDLESS TYPE,per lb,,,,,No,,,,,,,,2.46,$/per lb,2.46,per lb,Southeast,retail,,,,,,,,1603.0,3324,Weekly Grocery Store Specialty Crops Feature Activity,2026-09-26T14:36:16+00:00
5073026f4a37e114,2016-02-26,Lemons,,2 lb bag,,,,,No,,,,,,,,2.61,$/2 lb bag,1.305,per lb,Southeast,retail,,,,,,,,769.0,3324,Weekly Grocery Store Specialty Crops Feature Activity,2026-09-26T14:36:16+00:00
54705df06c9fa426,2016-02-26,Lemons,,2 lb bag,,,,,Yes,,,,,,,,3.6,$/2 lb bag,1.8,per lb,Southeast,retail,,,,,,,,329.0,3324,Weekly Grocery Store Specialty Crops Feature Activity,2026-09-26T14:36:16+00:00
529880b4ed2e8163,2016-02-26,Lemons,,each,,,,,No,,,,,,,,0.68,$/each,0.68,per each,Southeast,retail,,,,,,,,1034.0,3324,Weekly Grocery Store Specialty Crops Feature Activity,2026-09-26T14:36:16+00:00
cf78b1a8403881bb,2016-02-26,Lemons,,each,,,,,Yes,,,,,,,,0.69,$/each,0.69,per each,Southeast,retail,,,,,,,,214.0,3324,Weekly Grocery Store Specialty Crops Feature Activity,2026-09-26T14:36:16+00:00
c849bba5901ac062,2016-02-26,Lettuce,Green Leaf,each,,,,,No,,,,,,,,1.04,$/each,1.04,per each,Southeast,retail,,,,,,,,211.0,3324,Weekly Grocery Store Specialty Crops Feature Activity,2026-09-26T14:36:16+00:00
f56b375cc200e910,2016-02-26,Lettuce,Green Leaf,each,,,,,Yes,,,,,,,,2.0,$/each,2.0,per each,Southeast,retail,,,,,,,,214.0,3324,Weekly Grocery Store Specialty Crops Feature Activity,2026-09-26T14:36:16+00:00
530c498213e50917,2016-02-26,Lettuce,Green Leaf,per lb,,,,,No,,,,,,,,1.04,$/per lb,1.04,per lb,Southeast,retail,,,,,,,,149.0,3324,Weekly Grocery Store Specialty Crops Feature Activity,2026-09-26T14:36:16+00:00
95243fac94b3ffa1,2016-02-26,Lettuce,Iceberg,each,,,,,No,,,,,,,,0.99,$/each,0.99,per each,Southeast,retail,,,,,,,,200.0,3324,Weekly Grocery Store Specialty Crops Feature Activity,2026-09-26T14:36:16+00:00
1c50a4ce75bf1859,2016-02-26,Lettuce,Red Leaf,each,,,,,Yes,,,,,,,,2.0,$/each,2.0,per each,Southeast,retail,,,,,,,,214.0,3324,Weekly Grocery Store Specialty Crops Feature Activity,2026-09-26T14:36:16+00:00
39dc805e2a89b08f,2016-02-26,Lettuce,Red Leaf,each,,,,,No,,,,,,,,0.97,$/each,0.97,per each,Southeast,retail,,,,,,,,159.0,3324,Weekly Grocery Store Specialty Crops Feature Activity,2026-09-26T14:36:16+00:00
d305d014bc0d548d,2016-02-26,Lettuce,Red Leaf,per lb,,,,,No,,,,,,,,1.04,$/per lb,1.04,per lb,Southeast,retail,,,,,,,,149.0,3324,Weekly Grocery Store Specialty Crops Feature Activity,2026-09-26T14:36:16+00:00
1e88db94338e5174,2016-02-26,Lettuce,Romaine,3 count,,,,,Yes,,,,,,,,3.99,$/3 count,,,Southeast,retail,,,,,,,,42.0,3324,Weekly Grocery Store Specialty Crops Feature Activity,2026-09-26T14:36:16+00:00
55e8885892fde55d,2016-02-26,Lettuce,Romaine,each,,,,,No,,,,,,,,1.01,$/each,1.01,per each,Southeast,retail,,,,,,,,235.0,3324,Weekly Grocery Store Specialty Crops Feature Activity,2026-09-26T14:36:16+00:00
691d75a7c7760a12,2016-02-26,Lettuce,Romaine,per lb,,,,,No,,,,,,,,0.99,$/per lb,0.99,per lb,Southeast,retail,,,,,,,,134.0,3324,Weekly Grocery Store Specialty Crops Feature Activity,2026-09-26T14:36:16+00:00
2dfd10446e8bc38c,2016-02-26,Lettuce,Romaine (Hearts),3 count,,,,,Yes,,,,,,,,3.99,$/3 count,,,Southeast,retail,,,,,,,,95.0,3324,Weekly Grocery Store Specialty Crops Feature Activity,2026-09-26T14:36:16+00:00
75a991c5f8113896,2016-02-26,Lettuce,Romaine (Hearts),3 count,,,,,No,,,,,,,,1.91,$/3 count,,,Southeast,retail,,,,,,,,290.0,3324,Weekly Grocery Store Specialty Crops Feature Activity,2026-09-26T14:36:16+00:00
f66aee410b38637e,2016-02-26,Limes,,each,,,,,No,,,,,,,,0.33,$/each,0.33,per each,Southeast,retail,,,,,,,,1046.0,3324,Weekly Grocery Store Specialty Crops Feature Activity,2026-09-26T14:36:16+00:00
412bdc37f566c9cd,2016-02-26,"Onions, Dry",RED,per lb,,,,,No,,,,,,,,1.07,$/per lb,1.07,per lb,Southeast,retail,,,,,,,,117.0,3324,Weekly Grocery Store Specialty Crops Feature Activity,2026-09-26T14:36:16+00:00
5afccd76ccdc9c65,2016-02-26,"Onions, Dry",WHITE,per lb,,,,,No,,,,,,,,0.76,$/per lb,0.76,per lb,Southeast,retail,,,,,,,,498.0,3324,Weekly Grocery Store Specialty Crops Feature Activity,2026-09-26T14:36:16+00:00
24b7665cb0df18b5,2016-02-26,"Onions, Dry",YELLOW,2 lb bag,,,,,No,,,,,,,,0.95,$/2 lb bag,0.475,per lb,Southeast,retail,,,,,,,,11.0,3324,Weekly Grocery Store Specialty Crops Feature Activity,2026-09-26T14:36:16+00:00
92f407787ba126a0,2016-02-26,"Onions, Dry",YELLOW,3 lb bag,,,,,No,,,,,,,,2.6,$/3 lb bag,0.8667,per lb,Southeast,retail,,,,,,,,1658.0,3324,Weekly Grocery Store Specialty Crops Feature Activity,2026-09-26T14:36:16+00:00
e8e6dd49a6fa76fd,2016-02-26,"Onions, Dry",YELLOW,5 lb bag,,,,,No,,,,,,,,3.99,$/5 lb bag,0.798,per lb,Southeast,retail,,,,,,,,95.0,3324,Weekly Grocery Store Specialty Crops Feature Activity,2026-09-26T14:36:16+00:00
396fbcae6f5ad75c,2016-02-26,"Onions, Dry",YELLOW,per lb,,,,,No,,,,,,,,0.85,$/per lb,0.85,per lb,Southeast,retail,,,,,,,,122.0,3324,Weekly Grocery Store Specialty Crops Feature Activity,2026-09-26T14:36:16+00:00
41102d114d0675ed,2016-02-26,"Onions, Dry",YELLOW MARKED SWEET,2 lb bag,,,,,No,,,,,,,,1.5,$/2 lb bag,0.75,per lb,Southeast,retail,,,,,,,,14.0,3324,Weekly Grocery Store Specialty Crops Feature Activity,2026-09-26T14:36:16+00:00
39bbe8d14f751342,2016-02-26,"Onions, Dry",YELLOW MARKED SWEET,3 lb bag,,,,,No,,,,,,,,1.99,$/3 lb bag,0.6633,per lb,Southeast,retail,,,,,,,,12.0,3324,Weekly Grocery Store Specialty Crops Feature Activity,2026-09-26T14:36:16+00:00
94bc430586ab68a4,2016-02-26,"Onions, Dry",YELLOW MARKED SWEET,5 lb bag,,,,,No,,,,,,,,3.99,$/5 lb bag,0.798,per lb,Southeast,retail,,,,,,,,214.0,3324,Weekly Grocery Store Specialty Crops Feature Activity,2026-09-26T14:36:16+00:00
c46ee62ca64e8750,2016-02-26,"Onions, Dry",YELLOW MARKED SWEET,per lb,,,,,No,,,,,,,,1.33,$/per lb,1.33,per lb,Southeast,retail,,,,,,,,391.0,3324,Weekly Grocery Store Specialty Crops Feature Activity,2026-09-26T14:36:16+00:00
3785cc5d3badf30d,2016-02-26,"Peppers, Bell Type",GREEN,each,,,,,No,,,,,,,,0.81,$/each,0.81,per each,Southeast,retail,,,,,,,,1276.0,3324,Weekly Grocery Store Specialty Crops Feature Activity,2026-09-26T14:36:16+00:00
9d2dfb39f8315179,2016-02-26,"Peppers, Bell Type",GREEN,per lb,,,,,No,,,,,,,,2.99,$/per lb,2.99,per lb,Southeast,retail,,,,,,,,1083.0,3324,Weekly Grocery Store Specialty Crops Feature Activity,2026-09-26T14:36:16+00:00
587f29b5d458e6dc,2016-02-26,"Peppers, Bell Type",ORANGE,each,,,,,No,,,,,,,,1.0,$/each,1.0,per each,Southeast,retail,,,environment=Greenhouse,,,,,95.0,3324,Weekly Grocery Store Specialty Crops Feature Activity,2026-09-26T14:36:16+00:00
a41fc5bb4e5ddbca,2016-02-26,"Peppers, Bell Type",ORANGE,each,,,,,No,,,,,,,,1.93,$/each,1.93,per each,Southeast,retail,,,,,,,,465.0,3324,Weekly Grocery Store Specialty Crops Feature Activity,2026-09-26T14:36:16+00:00
efb71d5af7882dae,2016-02-26,"Peppers, Bell Type",ORANGE,per lb,,,,,Yes,,,,,,,,2.99,$/per lb,2.99,per lb,Southeast,retail,,,,,,,,58.0,3324,Weekly Grocery Store Specialty Crops Feature Activity,2026-09-26T14:36:16+00:00
6a10a0ec73cf1803,2016-02-26,"Peppers, Bell Type",RED,each,,,,,No,,,,,,,,1.92,$/each,1.92,per each,Southeast,retail,,,,,,,,469.0,3324,Weekly Grocery Store Specialty Crops Feature Activity,2026-09-26T14:36:16+00:00
8ab347b1e1c50fd3,2016-02-26,"Peppers, Bell Type",RED,each,,,,,No,,,,,,,,1.09,$/each,1.09,per each,Southeast,retail,,,environment=Greenhouse,,,,,140.0,3324,Weekly Grocery Store Specialty Crops Feature Activity,2026-09-26T14:36:16+00:00
18141a6379fd2f60,2016-02-26,"Peppers, Bell Type",RED,per lb,,,,,No,,,,,,,,1.79,$/per lb,1.79,per lb,Southeast,retail,,,,,,,,33.0,3324,Weekly Grocery Store Specialty Crops Feature Activity,2026-09-26T14:36:16+00:00
71d90959818ac87c,2016-02-26,"Peppers, Bell Type",RED,per lb,,,,,Yes,,,,,,,,2.99,$/per lb,2.99,per lb,Southeast,retail,,,,,,,,58.0,3324,Weekly Grocery Store Specialty Crops Feature Activity,2026-09-26T14:36:16+00:00
b646e4b15a56ab2f,2016-02-26,"Peppers, Bell Type",YELLOW,each,,,,,No,,,,,,,,1.93,$/each,1.93,per each,Southeast,retail,,,,,,,,465.0,3324,Weekly Grocery Store Specialty Crops Feature Activity,2026-09-26T14:36:16+00:00
cfc558b6107b200c,2016-02-26,"Peppers, Bell Type",YELLOW,each,,,,,No,,,,,,,,1.09,$/each,1.09,per each,Southeast,retail,,,environment=Greenhouse,,,,,140.0,3324,Weekly Grocery Store Specialty Crops Feature Activity,2026-09-26T14:36:16+00:00
ee338bcd7463133c,2016-02-26,"Peppers, Bell Type",YELLOW,per lb,,,,,Yes,,,,,,,,2.99,$/per lb,2.99,per lb,Southeast,retail,,,,,,,,58.0,3324,Weekly Grocery Store Specialty Crops Feature Activity,2026-09-26T14:36:16+00:00
b8ec8e7f9fc2b96b,2016-02-26,Potatoes,ROUND RED,3 lb bag,,,,,No,,,,,,,,2.36,$/3 lb bag,0.7867,per lb,Southeast,retail,,,,,,,,65.0,3324,Weekly Grocery Store Specialty Crops Feature Activity,2026-09-26T14:36:16+00:00
8cdfaeba8afa3865,2016-02-26,Potatoes,ROUND RED,5 lb bag,,,,,No,,,,,,,,3.0,$/5 lb bag,0.6,per lb,Southeast,retail,,,,,,,,1172.0,3324,Weekly Grocery Store Specialty Crops Feature Activity,2026-09-26T14:36:16+00:00
39bc006f60174fbb,2016-02-26,Potatoes,ROUND RED,per lb,,,,,No,,,,,,,,1.5,$/per lb,1.5,per lb,Southeast,retail,,,,,,,,7.0,3324,Weekly Grocery Store Specialty Crops Feature Activity,2026-09-26T14:36:16+00:00
148df5d689aae88d,2016-02-26,Potatoes,ROUND WHITE,5 lb bag,,,,,No,,,,,,,,1.92,$/5 lb bag,0.384,per lb,Southeast,retail,,,,,,,,110.0,3324,Weekly Grocery Store Specialty Crops Feature Activity,2026-09-26T14:36:16+00:00
a06dde57c414c2da,2016-02-26,Potatoes,RUSSET,10 lb bag,,,,,No,,,,,,,,3.56,$/10 lb bag,0.356,per lb,Southeast,retail,,,,,,,,652.0,3324,Weekly Grocery Store Specialty Crops Feature Activity,2026-09-26T14:36:16+00:00
9ce22ed49176d343,2016-02-26,Potatoes,RUSSET,3 lb bag,,,,,Yes,,,,,,,,1.99,$/3 lb bag,0.6633,per lb,Southeast,retail,,,,,,,,90.0,3324,Weekly Grocery Store Specialty Crops Feature Activity,2026-09-26T14:36:16+00:00
3158bd3e0a625a64,2016-02-26,Potatoes,RUSSET,5 lb bag,,,,,No,,,,,,,,2.75,$/5 lb bag,0.55,per lb,Southeast,retail,,,,,,,,389.0,3324,Weekly Grocery Store Specialty Crops Feature Activity,2026-09-26T14:36:16+00:00
3d72ab50c50f6a8d,2016-02-26,Potatoes,RUSSET,8 lb bag,,,,,No,,,,,,,,2.03,$/8 lb bag,0.2537,per lb,Southeast,retail,,,,,,,,531.0,3324,Weekly Grocery Store Specialty Crops Feature Activity,2026-09-26T14:36:16+00:00
cf1d159bd0deb8ce,2016-02-26,Potatoes,RUSSET,per lb,,,,,No,,,,,,,,0.7,$/per lb,0.7,per lb,Southeast,retail,,,,,,,,777.0,3324,Weekly Grocery Store Specialty Crops Feature Activity,2026-09-26T14:36:16+00:00
b5fe786ce2e3aa1a,2016-02-26,Potatoes,YELLOW TYPE,3 lb bag,,,,,No,,,,,,,,2.49,$/3 lb bag,0.83,per lb,Southeast,retail,,,,,,,,42.0,3324,Weekly Grocery Store Specialty Crops Feature Activity,2026-09-26T14:36:16+00:00
79a9ecd8fc49b4c8,2016-02-26,Potatoes,YELLOW TYPE,5 lb bag,,,,,No,,,,,,,,3.09,$/5 lb bag,0.618,per lb,Southeast,retail,,,,,,,,301.0,3324,Weekly Grocery Store Specialty Crops Feature Activity,2026-09-26T14:36:16+00:00
9fe6a74439ecdaf6,2016-02-26,Potatoes,YELLOW TYPE,per lb,,,,,No,,,,,,,,1.5,$/per lb,1.5,per lb,Southeast,retail,,,,,,,,7.0,3324,Weekly Grocery Store Specialty Crops Feature Activity,2026-09-26T14:36:16+00:00
53d9eb438f85b13d,2016-02-26,Strawberries,,1 lb package,,,,,Yes,,,,,,,,4.03,$/1 lb package,4.03,per lb,Southeast,retail,,,,,,,,1048.0,3324,Weekly Grocery Store Specialty Crops Feature Activity,2026-09-26T14:36:16+00:00
54ad9901ba1384ad,2016-02-26,Strawberries,,1 lb package,,,,,No,,,,,,,,2.28,$/1 lb package,2.28,per lb,Southeast,retail,,,,,,,,3359.0,3324,Weekly Grocery Store Specialty Crops Feature Activity,2026-09-26T14:36:16+00:00
1ab90a032855580b,2016-02-26,Tomatoes,,per lb,,,,,No,,,,,,,,1.09,$/per lb,1.09,per lb,Southeast,retail,,,,,,,,69.0,3324,Weekly Grocery Store Specialty Crops Feature Activity,2026-09-26T14:36:16+00:00
656d43e971f176ce,2016-02-26,Tomatoes,Cherry Type,1 pint package,,,,,No,,,,,,,,3.0,$/1 pint package,,,Southeast,retail,,,,,,,,214.0,3324,Weekly Grocery Store Specialty Crops Feature Activity,2026-09-26T14:36:16+00:00
1b7afbc13d0ac31d,2016-02-26,Tomatoes,GRAPE TYPE,1 pint package,,,,,No,,,,,,,,2.62,$/1 pint package,,,Southeast,retail,,,,,,,,315.0,3324,Weekly Grocery Store Specialty Crops Feature Activity,2026-09-26T14:36:16+00:00
e029d6f7992a7c82,2016-02-26,Tomatoes,GRAPE TYPE,1 pint package,,,,,Yes,,,,,,,,2.4,$/1 pint package,,,Southeast,retail,,,,,,,,1216.0,3324,Weekly Grocery Store Specialty Crops Feature Activity,2026-09-26T14:36:16+00:00
e98c315af0d4fbc3,2016-02-26,Tomatoes,GRAPE TYPE,10 oz package,,,,,No,,,,,,,,2.21,$/10 oz package,3.536,per lb,Southeast,retail,,,,,,,,682.0,3324,Weekly Grocery Store Specialty Crops Feature Activity,2026-09-26T14:36:16+00:00
9eddadeb23e38879,2016-02-26,Tomatoes,Plum Type (Roma),per lb,,,,,No,,,,,,,,1.05,$/per lb,1.05,per lb,Southeast,retail,,,,,,,,720.0,3324,Weekly Grocery Store Specialty Crops Feature Activity,2026-09-26T14:36:16+00:00
d8b4201394756b90,2016-02-26,Tomatoes,Plum Type (Roma),per lb,,,,,Yes,,,,,,,,1.99,$/per lb,1.99,per lb,Southeast,retail,,,,,,,,214.0,3324,Weekly Grocery Store Specialty Crops Feature Activity,2026-09-26T14:36:16+00:00
48a9c878e5a66154,2016-02-26,Tomatoes,VINE RIPES,per lb,,,,,No,,,,,,,,1.66,$/per lb,1.66,per lb,Southeast,retail,,,,,,,,269.0,3324,Weekly Grocery Store Specialty Crops Feature Activity,2026-09-26T14:36:16+00:00
bf072a409e401297,2016-02-26,Tomatoes,VINE RIPES,per lb,,,,,No,,,,,,,,1.99,$/per lb,1.99,per lb,Southeast,retail,,,environment=Greenhouse,,,,,5.0,3324,Weekly Grocery Store Specialty Crops Feature Activity,2026-09-26T14:36:16+00:00
b88dff338c6f1b34,2016-02-26,Tomatoes,VINE RIPES - ON THE VINE,per lb,,,,,No,,,,,,,,1.49,$/per lb,1.49,per lb,Southeast,retail,,,environment=Greenhouse,,,,,1330.0,3324,Weekly Grocery Store Specialty Crops Feature Activity,2026-09-26T14:36:16+00:00
1ef8dcaabe3cc15d,2016-02-26,Avocados,HASS,each,,,,,No,,,,,,,,1.06,$/each,1.06,per each,Southwest,retail,,,,,,,,1667.0,3324,Weekly Grocery Store Specialty Crops Feature Activity,2026-09-26T14:36:16+00:00
53819ef4d182f1b0,2016-02-26,Avocados,HASS,each,,,,,Yes,,,,,,,,1.51,$/each,1.51,per each,Southwest,retail,,,,,,,,912.0,3324,Weekly Grocery Store Specialty Crops Feature Activity,2026-09-26T14:36:16+00:00
ab143e71406cfec2,2016-02-26,Avocados,VARIOUS GREENSKIN VARIETIES,each,,,,,No,,,,,,,,0.37,$/each,0.37,per each,Southwest,retail,,,,,,,,53.0,3324,Weekly Grocery Store Specialty Crops Feature Activity,2026-09-26T14:36:16+00:00
4b895a0fef737d0e,2016-02-26,Bananas,,per lb,,,,,No,,,,,,,,0.54,$/per lb,0.54,per lb,Southwest,retail,,,,,,,,135.0,3324,Weekly Grocery Store Specialty Crops Feature Activity,2026-09-26T14:36:16+00:00
3486895914274293,2016-02-26,Blueberries,,1 pint package,,,,,No,,,,,,,,3.72,$/1 pint package,,,Southwest,retail,,,,,,,,350.0,3324,Weekly Grocery Store Specialty Crops Feature Activity,2026-09-26T14:36:16+00:00
ec385259d04ca1d9,2016-02-26,Blueberries,,18 oz package,,,,,No,,,,,,,,3.13,$/18 oz package,2.7822,per lb,Southwest,retail,,,,,,,,129.0,3324,Weekly Grocery Store Specialty Crops Feature Activity,2026-09-26T14:36:16+00:00
44922ad9dec5391c,2016-02-26,Blueberries,,6 oz package,,,,,No,,,,,,,,2.85,$/6 oz package,7.6,per lb,Southwest,retail,,,,,,,,509.0,3324,Weekly Grocery Store Specialty Crops Feature Activity,2026-09-26T14:36:16+00:00
bfb1caca7568cabc,2016-02-26,Blueberries,,6 oz package,,,,,Yes,,,,,,,,3.72,$/6 oz package,9.92,per lb,Southwest,retail,,,,,,,,228.0,3324,Weekly Grocery Store Specialty Crops Feature Activity,2026-09-26T14:36:16+00:00
f200b78ee2ce6edf,2016-02-26,Broccoli,,per bunch,,,,,Yes,,,,,,,,1.69,$/per bunch,,,Southwest,retail,,,,,,,,8.0,3324,Weekly Grocery Store Specialty Crops Feature Activity,2026-09-26T14:36:16+00:00
66b6a4c63c83c406,2016-02-26,Broccoli,,per lb,,,,,No,,,,,,,,1.1,$/per lb,1.1,per lb,Southwest,retail,,,,,,,,358.0,3324,Weekly Grocery Store Specialty Crops Feature Activity,2026-09-26T14:36:16+00:00
8db1ba4ed4b336ef,2016-02-26,Broccoli,,per lb,,,,,Yes,,,,,,,,1.34,$/per lb,1.34,per lb,Southwest,retail,,,,,,,,242.0,3324,Weekly Grocery Store Specialty Crops Feature Activity,2026-09-26T14:36:16+00:00
4a0ccda52a63623d,2016-02-26,Broccoli,CROWN CUT,per lb,,,,,No,,,,,,,,2.33,$/per lb,2.33,per lb,Southwest,retail,,,,,,,,426.0,3324,Weekly Grocery Store Specialty Crops Feature Activity,2026-09-26T14:36:16+00:00
f4e3ed40afd9f0f2,2016-02-26,Carrots,,1 lb bag,,,,,No,,,,,,,,0.33,$/1 lb bag,0.33,per lb,Southwest,retail,,,,,,,,13.0,3324,Weekly Grocery Store Specialty Crops Feature Activity,2026-09-26T14:36:16+00:00
14065223eb9cd3a5,2016-02-26,Carrots,,2 lb bag,,,,,No,,,,,,,,1.27,$/2 lb bag,0.635,per lb,Southwest,retail,,,,,,,,22.0,3324,Weekly Grocery Store Specialty Crops Feature Activity,2026-09-26T14:36:16+00:00
ea3a3d7b53e96708,2016-02-26,Carrots,,2 lb bag,,,,,Yes,,,,,,,,1.79,$/2 lb bag,0.895,per lb,Southwest,retail,,,,,,,,96.0,3324,Weekly Grocery Store Specialty Crops Feature Activity,2026-09-26T14:36:16+00:00
c14f6575b63cb699,2016-02-26,Carrots,,per bunch,,,,,Yes,,,,,,,,2.5,$/per bunch,,,Southwest,retail,,,,,,,,15.0,3324,Weekly Grocery Store Specialty Crops Feature Activity,2026-09-26T14:36:16+00:00
d5d6b7c41de7e60b,2016-02-26,Carrots,,per lb,,,,,No,,,,,,,,0.38,$/per lb,0.38,per lb,Southwest,retail,,,,,,,,87.0,3324,Weekly Grocery Store Specialty Crops Feature Activity,2026-09-26T14:36:16+00:00
11892d7b719c1397,2016-02-26,Carrots,BABY PEELED,1 lb bag,,,,,Yes,,,,,,,,1.62,$/1 lb bag,1.62,per lb,Southwest,retail,,,,,,,,744.0,3324,Weekly Grocery Store Specialty Crops Feature Activity,2026-09-26T14:36:16+00:00
94c16019e61858c8,2016-02-26,Carrots,BABY PEELED,1 lb bag,,,,,No,,,,,,,,1.05,$/1 lb bag,1.05,per lb,Southwest,retail,,,,,,,,327.0,3324,Weekly Grocery Store Specialty Crops Feature Activity,2026-09-26T14:36:16+00:00
00ad5702837b7379,2016-02-26,Celery,,each,,,,,No,,,,,,,,0.99,$/each,0.99,per each,Southwest,retail,,,,,,,,250.0,3324,Weekly Grocery Store Specialty Crops Feature Activity,2026-09-26T14:36:16+00:00
117d4555317776ab,2016-02-26,Celery,,each,,,,,Yes,,,,,,,,1.8,$/each,1.8,per each,Southwest,retail,,,,,,,,104.0,3324,Weekly Grocery Store Specialty Crops Feature Activity,2026-09-26T14:36:16+00:00
5a31d44a4f8df551,2016-02-26,Celery,HEARTS,each,,,,,No,,,,,,,,2.99,$/each,2.99,per each,Southwest,retail,,,,,,,,48.0,3324,Weekly Grocery Store Specialty Crops Feature Activity,2026-09-26T14:36:16+00:00
72bdd68474744ee0,2016-02-26,Celery,HEARTS,each,,,,,Yes,,,,,,,,2.99,$/each,2.99,per each,Southwest,retail,,,,,,,,27.0,3324,Weekly Grocery Store Specialty Crops Feature Activity,2026-09-26T14:36:16+00:00
2a0138cf7d416f56,2016-02-26,Cucumbers,,each,,,,,No,,,,,,,,0.74,$/each,0.74,per each,Southwest,retail,,,,,,,,1555.0,3324,Weekly Grocery Store Specialty Crops Feature Activity,2026-09-26T14:36:16+00:00
3457f2bede6e8cfe,2016-02-26,Cucumbers,LONG SEEDLESS,each,,,,,No,,,,,,,,0.98,$/each,0.98,per each,Southwest,retail,,,environment=Greenhouse,,,,,119.0,3324,Weekly Grocery Store Specialty Crops Feature Activity,2026-09-26T14:36:16+00:00
20d1d1ed201382e5,2016-02-26,Grapes,BLACK SEEDLESS,per lb,,,,,No,,,,,,,,2.58,$/per lb,2.58,per lb,Southwest,retail,,,,,,,,543.0,3324,Weekly Grocery Store Specialty Crops Feature Activity,2026-09-26T14:36:16+00:00
f62d61353949e6fb,2016-02-26,Grapes,RED SEEDLESS,per lb,,,,,No,,,,,,,,2.2,$/per lb,2.2,per lb,Southwest,retail,,,,,,,,1209.0,3324,Weekly Grocery Store Specialty Crops Feature Activity,2026-09-26T14:36:16+00:00
7d7bf9b6b3240c60,2016-02-26,Grapes,Red Globe Seeded Type,per lb,,,,,No,,,,,,,,1.48,$/per lb,1.48,per lb,Southwest,retail,,,,,,,,32.0,3324,Weekly Grocery Store Specialty Crops Feature Activity,2026-09-26T14:36:16+00:00
8f2e5ea4fe964ae8,2016-02-26,Grapes,WHITE SEEDLESS TYPE,per lb,,,,,No,,,,,,,,2.78,$/per lb,2.78,per lb,Southwest,retail,,,,,,,,550.0,3324,Weekly Grocery Store Specialty Crops Feature Activity,2026-09-26T14:36:16+00:00
611da3d006fd2a4f,2016-02-26,Lemons,,each,,,,,No,,,,,,,,0.48,$/each,0.48,per each,Southwest,retail,,,,,,,,618.0,3324,Weekly Grocery Store Specialty Crops Feature Activity,2026-09-26T14:36:16+00:00
705a41adb5a9b300,2016-02-26,Lemons,,per lb,,,,,No,,,,,,,,1.59,$/per lb,1.59,per lb,Southwest,retail,,,,,,,,5.0,3324,Weekly Grocery Store Specialty Crops Feature Activity,2026-09-26T14:36:16+00:00
f0221def67aa4f93,2016-02-26,Lettuce,Boston,each,,,,,No,,,,,,,,1.69,$/each,1.69,per each,Southwest,retail,,,,,,,,8.0,3324,Weekly Grocery Store Specialty Crops Feature Activity,2026-09-26T14:36:16+00:00
b8bbbcb92ca74898,2016-02-26,Lettuce,Green Leaf,each,,,,,No,,,,,,,,1.0,$/each,1.0,per each,Southwest,retail,,,,,,,,400.0,3324,Weekly Grocery Store Specialty Crops Feature Activity,2026-09-26T14:36:16+00:00
e15da7d2071f03bc,2016-02-26,Lettuce,Green Leaf,each,,,,,Yes,,,,,,,,1.53,$/each,1.53,per each,Southwest,retail,,,,,,,,22.0,3324,Weekly Grocery Store Specialty Crops Feature Activity,2026-09-26T14:36:16+00:00
8a39a77918ef9619,2016-02-26,Lettuce,Iceberg,each,,,,,No,,,,,,,,0.89,$/each,0.89,per each,Southwest,retail,,,,,,,,225.0,3324,Weekly Grocery Store Specialty Crops Feature Activity,2026-09-26T14:36:16+00:00
7f44696f968a182a,2016-02-26,Lettuce,Iceberg,per lb,,,,,No,,,,,,,,0.77,$/per lb,0.77,per lb,Southwest,retail,,,,,,,,6.0,3324,Weekly Grocery Store Specialty Crops Feature Activity,2026-09-26T14:36:16+00:00
4892fd4ecf6e9810,2016-02-26,Lettuce,Red Leaf,each,,,,,Yes,,,,,,,,1.53,$/each,1.53,per each,Southwest,retail,,,,,,,,22.0,3324,Weekly Grocery Store Specialty Crops Feature Activity,2026-09-26T14:36:16+00:00
6688bfadc1274b14,2016-02-26,Lettuce,Red Leaf,each,,,,,No,,,,,,,,1.0,$/each,1.0,per each,Southwest,retail,,,,,,,,400.0,3324,Weekly Grocery Store Specialty Crops Feature Activity,2026-09-26T14:36:16+00:00
7b05bd995ece5a6f,2016-02-26,Lettuce,Romaine,each,,,,,Yes,,,,,,,,1.68,$/each,1.68,per each,Southwest,retail,,,,,,,,17.0,3324,Weekly Grocery Store Specialty Crops Feature Activity,2026-09-26T14:36:16+00:00
8227e973ae1a73ab,2016-02-26,Lettuce,Romaine,each,,,,,No,,,,,,,,0.94,$/each,0.94,per each,Southwest,retail,,,,,,,,290.0,3324,Weekly Grocery Store Specialty Crops Feature Activity,2026-09-26T14:36:16+00:00
84f514880d8ae6be,2016-02-26,Lettuce,Romaine (Hearts),3 count,,,,,No,,,,,,,,1.75,$/3 count,,,Southwest,retail,,,,,,,,47.0,3324,Weekly Grocery Store Specialty Crops Feature Activity,2026-09-26T14:36:16+00:00
9be7815bff5f5930,2016-02-26,Limes,,each,,,,,No,,,,,,,,0.22,$/each,0.22,per each,Southwest,retail,,,,,,,,166.0,3324,Weekly Grocery Store Specialty Crops Feature Activity,2026-09-26T14:36:16+00:00
1d5618b516c79a43,2016-02-26,Limes,,per lb,,,,,No,,,,,,,,0.58,$/per lb,0.58,per lb,Southwest,retail,,,,,,,,72.0,3324,Weekly Grocery Store Specialty Crops Feature Activity,2026-09-26T14:36:16+00:00
25e2c1941cbabd2f,2016-02-26,"Onions, Dry",RED,per lb,,,,,No,,,,,,,,0.69,$/per lb,0.69,per lb,Southwest,retail,,,,,,,,51.0,3324,Weekly Grocery Store Specialty Crops Feature Activity,2026-09-26T14:36:16+00:00
a3ae9b86465186d9,2016-02-26,"Onions, Dry",RED,per lb,,,,,Yes,,,,,,,,1.43,$/per lb,1.43,per lb,Southwest,retail,,,,,,,,24.0,3324,Weekly Grocery Store Specialty Crops Feature Activity,2026-09-26T14:36:16+00:00
9b664d0967fc3539,2016-02-26,"Onions, Dry",WHITE,per lb,,,,,No,,,,,,,,0.74,$/per lb,0.74,per lb,Southwest,retail,,,,,,,,92.0,3324,Weekly Grocery Store Specialty Crops Feature Activity,2026-09-26T14:36:16+00:00
419e53a6ae75adba,2016-02-26,"Onions, Dry",YELLOW,3 lb bag,,,,,Yes,,,,,,,,2.5,$/3 lb bag,0.8333,per lb,Southwest,retail,,,,,,,,5.0,3324,Weekly Grocery Store Specialty Crops Feature Activity,2026-09-26T14:36:16+00:00
f15c1caa410b6d4e,2016-02-26,"Onions, Dry",YELLOW,3 lb bag,,,,,No,,,,,,,,1.99,$/3 lb bag,0.6633,per lb,Southwest,retail,,,,,,,,457.0,3324,Weekly Grocery Store Specialty Crops Feature Activity,2026-09-26T14:36:16+00:00
11d83790b193b9aa,2016-02-26,"Onions, Dry",YELLOW,per lb,,,,,No,,,,,,,,0.79,$/per lb,0.79,per lb,Southwest,retail,,,,,,,,188.0,3324,Weekly Grocery Store Specialty Crops Feature Activity,2026-09-26T14:36:16+00:00
f13e36c479bd1c9f,2016-02-26,"Onions, Dry",YELLOW,per lb,,,,,Yes,,,,,,,,1.32,$/per lb,1.32,per lb,Southwest,retail,,,,,,,,99.0,3324,Weekly Grocery Store Specialty Crops Feature Activity,2026-09-26T14:36:16+00:00
93abeeaa3a5e6366,2016-02-26,"Onions, Dry",YELLOW MARKED SWEET,2 lb bag,,,,,No,,,,,,,,1.99,$/2 lb bag,0.995,per lb,Southwest,retail,,,,,,,,7.0,3324,Weekly Grocery Store Specialty Crops Feature Activity,2026-09-26T14:36:16+00:00
c02f30af77cacdab,2016-02-26,"Onions, Dry",YELLOW MARKED SWEET,per lb,,,,,No,,,,,,,,0.94,$/per lb,0.94,per lb,Southwest,retail,,,,,,,,289.0,3324,Weekly Grocery Store Specialty Crops Feature Activity,2026-09-26T14:36:16+00:00
fe52ee3ea119d5c3,2016-02-26,"Peppers, Bell Type",GREEN,each,,,,,No,,,,,,,,0.5,$/each,0.5,per each,Southwest,retail,,,,,,,,39.0,3324,Weekly Grocery Store Specialty Crops Feature Activity,2026-09-26T14:36:16+00:00
092f44821ac1acee,2016-02-26,"Peppers, Bell Type",ORANGE,each,,,,,No,,,,,,,,1.5,$/each,1.5,per each,Southwest,retail,,,environment=Greenhouse,,,,,107.0,3324,Weekly Grocery Store Specialty Crops Feature Activity,2026-09-26T14:36:16+00:00
89e553671d407a76,2016-02-26,"Peppers, Bell Type",ORANGE,each,,,,,Yes,,,,,,,,1.99,$/each,1.99,per each,Southwest,retail,,,,,,,,137.0,3324,Weekly Grocery Store Specialty Crops Feature Activity,2026-09-26T14:36:16+00:00
e569f061ac5117d1,2016-02-26,"Peppers, Bell Type",ORANGE,each,,,,,No,,,,,,,,1.07,$/each,1.07,per each,Southwest,retail,,,,,,,,598.0,3324,Weekly Grocery Store Specialty Crops Feature Activity,2026-09-26T14:36:16+00:00
879126ff8321bccb,2016-02-26,"Peppers, Bell Type",ORANGE,per lb,,,,,Yes,,,,,,,,2.99,$/per lb,2.99,per lb,Southwest,retail,,,,,,,,46.0,3324,Weekly Grocery Store Specialty Crops Feature Activity,2026-09-26T14:36:16+00:00
2fb07375db071761,2016-02-26,"Peppers, Bell Type",RED,each,,,,,No,,,,,,,,1.5,$/each,1.5,per each,Southwest,retail,,,environment=Greenhouse,,,,,107.0,3324,Weekly Grocery Store Specialty Crops Feature Activity,2026-09-26T14:36:16+00:00
94af86b9478bda41,2016-02-26,"Peppers, Bell Type",RED,each,,,,,Yes,,,,,,,,1.76,$/each,1.76,per each,Southwest,retail,,,,,,,,200.0,3324,Weekly Grocery Store Specialty Crops Feature Activity,2026-09-26T14:36:16+00:00
dd55a1b7e4f8eaa3,2016-02-26,"Peppers, Bell Type",RED,each,,,,,No,,,,,,,,1.09,$/each,1.09,per each,Southwest,retail,,,,,,,,656.0,3324,Weekly Grocery Store Specialty Crops Feature Activity,2026-09-26T14:36:16+00:00
97937a65953ff431,2016-02-26,"Peppers, Bell Type",RED,per lb,,,,,Yes,,,,,,,,2.99,$/per lb,2.99,per lb,Southwest,retail,,,,,,,,46.0,3324,Weekly Grocery Store Specialty Crops Feature Activity,2026-09-26T14:36:16+00:00
d7c1fdbadbe8f3ea,2016-02-26,"Peppers, Bell Type",RED,per lb,,,,,No,,,,,,,,0.5,$/per lb,0.5,per lb,Southwest,retail,,,,,,,,7.0,3324,Weekly Grocery Store Specialty Crops Feature Activity,2026-09-26T14:36:16+00:00
7049682dcb5d4655,2016-02-26,"Peppers, Bell Type",YELLOW,each,,,,,Yes,,,,,,,,1.99,$/each,1.99,per each,Southwest,retail,,,,,,,,137.0,3324,Weekly Grocery Store Specialty Crops Feature Activity,2026-09-26T14:36:16+00:00
b23209a9c60c4148,2016-02-26,"Peppers, Bell Type",YELLOW,each,,,,,No,,,,,,,,1.5,$/each,1.5,per each,Southwest,retail,,,environment=Greenhouse,,,,,107.0,3324,Weekly Grocery Store Specialty Crops Feature Activity,2026-09-26T14:36:16+00:00
e4db7c8061ce04b0,2016-02-26,"Peppers, Bell Type",YELLOW,each,,,,,No,,,,,,,,1.09,$/each,1.09,per each,Southwest,retail,,,,,,,,661.0,3324,Weekly Grocery Store Specialty Crops Feature Activity,2026-09-26T14:36:16+00:00
df4ad8e3cd1c7fd7,2016-02-26,"Peppers, Bell Type",YELLOW,per lb,,,,,Yes,,,,,,,,2.99,$/per lb,2.99,per lb,Southwest,retail,,,,,,,,46.0,3324,Weekly Grocery Store Specialty Crops Feature Activity,2026-09-26T14:36:16+00:00
a6e71de701f0be4a,2016-02-26,Potatoes,ROUND RED,5 lb bag,,,,,No,,,,,,,,1.99,$/5 lb bag,0.398,per lb,Southwest,retail,,,,,,,,75.0,3324,Weekly Grocery Store Specialty Crops Feature Activity,2026-09-26T14:36:16+00:00
dcd571aa730fee3b,2016-02-26,Potatoes,ROUND RED,5 lb bag,,,,,Yes,,,,,,,,5.0,$/5 lb bag,1.0,per lb,Southwest,retail,,,,,,,,12.0,3324,Weekly Grocery Store Specialty Crops Feature Activity,2026-09-26T14:36:16+00:00
69f86ce540a081a9,2016-02-26,Potatoes,ROUND RED,per lb,,,,,No,,,,,,,,0.94,$/per lb,0.94,per lb,Southwest,retail,,,,,,,,225.0,3324,Weekly Grocery Store Specialty Crops Feature Activity,2026-09-26T14:36:16+00:00
f0d4d1ef987acd36,2016-02-26,Potatoes,ROUND WHITE,per lb,,,,,No,,,,,,,,0.33,$/per lb,0.33,per lb,Southwest,retail,,,,,,,,22.0,3324,Weekly Grocery Store Specialty Crops Feature Activity,2026-09-26T14:36:16+00:00
04b9c825be0a2d39,2016-02-26,Potatoes,RUSSET,10 lb bag,,,,,No,,,,,,,,2.18,$/10 lb bag,0.218,per lb,Southwest,retail,,,,,,,,336.0,3324,Weekly Grocery Store Specialty Crops Feature Activity,2026-09-26T14:36:16+00:00
334715416795e737,2016-02-26,Potatoes,RUSSET,5 lb bag,,,,,Yes,,,,,,,,3.66,$/5 lb bag,0.732,per lb,Southwest,retail,,,,,,,,365.0,3324,Weekly Grocery Store Specialty Crops Feature Activity,2026-09-26T14:36:16+00:00
595d4f2e64086d8f,2016-02-26,Potatoes,RUSSET,5 lb bag,,,,,No,,,,,,,,1.55,$/5 lb bag,0.31,per lb,Southwest,retail,,,,,,,,10.0,3324,Weekly Grocery Store Specialty Crops Feature Activity,2026-09-26T14:36:16+00:00
e9f2fec55ad9e29b,2016-02-26,Potatoes,RUSSET,8 lb bag,,,,,No,,,,,,,,1.79,$/8 lb bag,0.2238,per lb,Southwest,retail,,,,,,,,17.0,3324,Weekly Grocery Store Specialty Crops Feature Activity,2026-09-26T14:36:16+00:00
2b1562d20debd0b6,2016-02-26,Potatoes,RUSSET,per lb,,,,,No,,,,,,,,0.61,$/per lb,0.61,per lb,Southwest,retail,,,,,,,,130.0,3324,Weekly Grocery Store Specialty Crops Feature Activity,2026-09-26T14:36:16+00:00
90f9e5d357d5fda2,2016-02-26,Potatoes,YELLOW TYPE,per lb,,,,,No,,,,,,,,1.12,$/per lb,1.12,per lb,Southwest,retail,,,,,,,,163.0,3324,Weekly Grocery Store Specialty Crops Feature Activity,2026-09-26T14:36:16+00:00
24d9017136155f43,2016-02-26,Strawberries,,1 lb package,,,,,Yes,,,,,,,,4.99,$/1 lb package,4.99,per lb,Southwest,retail,,,,,,,,422.0,3324,Weekly Grocery Store Specialty Crops Feature Activity,2026-09-26T14:36:16+00:00
747b28c30ede4108,2016-02-26,Strawberries,,1 lb package,,,,,No,,,,,,,,2.55,$/1 lb package,2.55,per lb,Southwest,retail,,,,,,,,1007.0,3324,Weekly Grocery Store Specialty Crops Feature Activity,2026-09-26T14:36:16+00:00
109bf4b8b8d9326b,2016-02-26,Tomatoes,,per lb,,,,,Yes,,,,,,,,3.28,$/per lb,3.28,per lb,Southwest,retail,,,,,,,,14.0,3324,Weekly Grocery Store Specialty Crops Feature Activity,2026-09-26T14:36:16+00:00
bd08d4ce32e0bf54,2016-02-26,Tomatoes,,per lb,,,,,No,,,,,,,,0.91,$/per lb,0.91,per lb,Southwest,retail,,,,,,,,253.0,3324,Weekly Grocery Store Specialty Crops Feature Activity,2026-09-26T14:36:16+00:00
cf6f3f058f98ee73,2016-02-26,Tomatoes,Cherry Type,1 pint package,,,,,No,,,,,,,,2.99,$/1 pint package,,,Southwest,retail,,,,,,,,5.0,3324,Weekly Grocery Store Specialty Crops Feature Activity,2026-09-26T14:36:16+00:00
876d2a06d559d89c,2016-02-26,Tomatoes,GRAPE TYPE,1 pint package,,,,,No,,,,,,,,3.52,$/1 pint package,,,Southwest,retail,,,,,,,,17.0,3324,Weekly Grocery Store Specialty Crops Feature Activity,2026-09-26T14:36:16+00:00
4aebf1e193114188,2016-02-26,Tomatoes,GRAPE TYPE,10 oz package,,,,,No,,,,,,,,2.09,$/10 oz package,3.344,per lb,Southwest,retail,,,,,,,,670.0,3324,Weekly Grocery Store Specialty Crops Feature Activity,2026-09-26T14:36:16+00:00
031c720e89abe93d,2016-02-26,Tomatoes,Plum Type (Roma),per lb,,,,,No,,,,,,,,0.96,$/per lb,0.96,per lb,Southwest,retail,,,,,,,,749.0,3324,Weekly Grocery Store Specialty Crops Feature Activity,2026-09-26T14:36:16+00:00
0e13054d97ba0b0f,2016-02-26,Tomatoes,Plum Type (Roma),per lb,,,,,Yes,,,,,,,,1.52,$/per lb,1.52,per lb,Southwest,retail,,,,,,,,49.0,3324,Weekly Grocery Store Specialty Crops Feature Activity,2026-09-26T14:36:16+00:00
e29a293d4b08872b,2016-02-26,Tomatoes,VINE RIPES,per lb,,,,,No,,,,,,,,1.33,$/per lb,1.33,per lb,Southwest,retail,,,,,,,,109.0,3324,Weekly Grocery Store Specialty Crops Feature Activity,2026-09-26T14:36:16+00:00
c4ec019e2efe6102,2016-02-26,Tomatoes,VINE RIPES - ON THE VINE,per lb,,,,,Yes,,,,,,,,2.87,$/per lb,2.87,per lb,Southwest,retail,,,environment=Greenhouse,,,,,273.0,3324,Weekly Grocery Store Specialty Crops Feature Activity,2026-09-26T14:36:16+00:00
f027a0d503934521,2016-02-26,Tomatoes,VINE RIPES - ON THE VINE,per lb,,,,,No,,,,,,,,1.88,$/per lb,1.88,per lb,Southwest,retail,,,environment=Greenhouse,,,,,326.0,3324,Weekly Grocery Store Specialty Crops Feature Activity,2026-09-26T14:36:16+00:00
