row_id,report_date,commodity,variety,pack_size,count_size,item_size,properties,grade,organic,appearance,condition,quality,low_price,high_price,mostly_low_price,mostly_high_price,unit_price,price_unit,normalized_price,normalized_unit,market,market_type,origin,origin_detail,other_attributes,reporter_comment,market_tone,volume,volume_unit,store_count,report_id,report_title,fetched_at
96c7aa3f725e3744,2017-07-03,Beef,"Brisket, deckle-off, bnls (120  1)",Choice Cuts,,,,Choice,,,,,224.22,300.0,,,255.41,$/cwt,2.5541,per lb,National,wholesale,,,,,,164529.0,lb,,2453,National Daily Boxed Beef Cutout & Boxed Beef Cuts - Negotiated Sales - PM (PDF) (LM_XB403),2026-09-26T14:44:07+00:00
f1abd62aa37c1fbc,2017-07-03,Beef,"Brisket, deckle-off, bnls (120  1)",Select Cuts,,,,Select,,,,,224.14,276.75,,,237.06,$/cwt,2.3706,per lb,National,wholesale,,,,,,65480.0,lb,,2453,National Daily Boxed Beef Cutout & Boxed Beef Cuts - Negotiated Sales - PM (PDF) (LM_XB403),2026-09-26T14:44:07+00:00
83eba8d4df91933c,2017-07-03,Beef,"Brisket, point/off, bnls (120A  3)",Choice Cuts,,,,Choice,,,,,450.0,530.0,,,512.06,$/cwt,5.1206,per lb,National,wholesale,,,,,,7597.0,lb,,2453,National Daily Boxed Beef Cutout & Boxed Beef Cuts - Negotiated Sales - PM (PDF) (LM_XB403),2026-09-26T14:44:07+00:00
d9ef3a6b1acc14d4,2017-07-03,Beef,"Chuck, chuck tender (116B  1)",Choice Cuts,,,,Choice,,,,,210.0,237.0,,,231.05,$/cwt,2.3105,per lb,National,wholesale,,,,,,13061.0,lb,,2453,National Daily Boxed Beef Cutout & Boxed Beef Cuts - Negotiated Sales - PM (PDF) (LM_XB403),2026-09-26T14:44:07+00:00
e21356a520f95ee3,2017-07-03,Beef,"Chuck, chuck tender (116B  1)",Select Cuts,,,,Select,,,,,228.33,240.47,,,229.52,$/cwt,2.2952,per lb,National,wholesale,,,,,,7070.0,lb,,2453,National Daily Boxed Beef Cutout & Boxed Beef Cuts - Negotiated Sales - PM (PDF) (LM_XB403),2026-09-26T14:44:07+00:00
ce42ea0719b85dc8,2017-07-03,Beef,"Chuck, clod tender (114F  5)",Choice Cuts,,,,Choice,,,,,380.0,412.0,,,394.26,$/cwt,3.9426,per lb,National,wholesale,,,,,,7595.0,lb,,2453,National Daily Boxed Beef Cutout & Boxed Beef Cuts - Negotiated Sales - PM (PDF) (LM_XB403),2026-09-26T14:44:07+00:00
fadeea7e9f79134d,2017-07-03,Beef,"Chuck, clod tender (114F  5)",Select Cuts,,,,Select,,,,,359.77,362.19,,,361.69,$/cwt,3.6169,per lb,National,wholesale,,,,,,1857.0,lb,,2453,National Daily Boxed Beef Cutout & Boxed Beef Cuts - Negotiated Sales - PM (PDF) (LM_XB403),2026-09-26T14:44:07+00:00
62da14eec3f473cf,2017-07-03,Beef,"Chuck, clod, arm roast (114E  3)",Choice Cuts,,,,Choice,,,,,240.0,260.0,,,255.08,$/cwt,2.5508,per lb,National,wholesale,,,,,,14576.0,lb,,2453,National Daily Boxed Beef Cutout & Boxed Beef Cuts - Negotiated Sales - PM (PDF) (LM_XB403),2026-09-26T14:44:07+00:00
ab4be79cea64e55d,2017-07-03,Beef,"Chuck, clod, top blade (114D  3)",Choice Cuts,,,,Choice,,,,,299.0,346.53,,,316.93,$/cwt,3.1693,per lb,National,wholesale,,,,,,5434.0,lb,,2453,National Daily Boxed Beef Cutout & Boxed Beef Cuts - Negotiated Sales - PM (PDF) (LM_XB403),2026-09-26T14:44:07+00:00
984070789a54dcd0,2017-07-03,Beef,"Chuck, flap (116G  4)",Choice Cuts,,,,Choice,,,,,522.2,593.0,,,583.61,$/cwt,5.8361,per lb,National,wholesale,,,,,,45135.0,lb,,2453,National Daily Boxed Beef Cutout & Boxed Beef Cuts - Negotiated Sales - PM (PDF) (LM_XB403),2026-09-26T14:44:07+00:00
7fdd5ddf240f36ee,2017-07-03,Beef,"Chuck, flap (116G  4)",Select Cuts,,,,Select,,,,,465.98,520.94,,,493.54,$/cwt,4.9354,per lb,National,wholesale,,,,,,26315.0,lb,,2453,National Daily Boxed Beef Cutout & Boxed Beef Cuts - Negotiated Sales - PM (PDF) (LM_XB403),2026-09-26T14:44:07+00:00
9167485ec844899a,2017-07-03,Beef,"Chuck, roll, lxl, neck/off (116A  3)",Choice Cuts,,,,Choice,,,,,239.26,266.23,,,246.62,$/cwt,2.4662,per lb,National,wholesale,,,,,,434965.0,lb,,2453,National Daily Boxed Beef Cutout & Boxed Beef Cuts - Negotiated Sales - PM (PDF) (LM_XB403),2026-09-26T14:44:07+00:00
718a41e45e43f640,2017-07-03,Beef,"Chuck, roll, lxl, neck/off (116A  3)",Select Cuts,,,,Select,,,,,236.0,264.0,,,240.22,$/cwt,2.4022,per lb,National,wholesale,,,,,,448116.0,lb,,2453,National Daily Boxed Beef Cutout & Boxed Beef Cuts - Negotiated Sales - PM (PDF) (LM_XB403),2026-09-26T14:44:07+00:00
efa0a4ea46cfdb67,2017-07-03,Beef,"Chuck, semi-bnls, neck/off (113C  1)",Choice Cuts,,,,Choice,,,,,201.25,215.0,,,210.86,$/cwt,2.1086,per lb,National,wholesale,,,,,,35047.0,lb,,2453,National Daily Boxed Beef Cutout & Boxed Beef Cuts - Negotiated Sales - PM (PDF) (LM_XB403),2026-09-26T14:44:07+00:00
0346ec73601c26f1,2017-07-03,Beef,"Chuck, short rib (130  4)",Choice Cuts,,,,Choice,,,,,350.0,380.0,,,368.37,$/cwt,3.6837,per lb,National,wholesale,,,,,,57686.0,lb,,2453,National Daily Boxed Beef Cutout & Boxed Beef Cuts - Negotiated Sales - PM (PDF) (LM_XB403),2026-09-26T14:44:07+00:00
6cef1cbeaa17e85c,2017-07-03,Beef,"Chuck, short rib (130  4)",Select Cuts,,,,Select,,,,,350.0,389.0,,,361.35,$/cwt,3.6135,per lb,National,wholesale,,,,,,15300.0,lb,,2453,National Daily Boxed Beef Cutout & Boxed Beef Cuts - Negotiated Sales - PM (PDF) (LM_XB403),2026-09-26T14:44:07+00:00
9708032cf8c0ba90,2017-07-03,Beef,"Chuck, shoulder clod (114  1)",Choice Cuts,,,,Choice,,,,,203.0,220.2,,,206.14,$/cwt,2.0614,per lb,National,wholesale,,,,,,46971.0,lb,,2453,National Daily Boxed Beef Cutout & Boxed Beef Cuts - Negotiated Sales - PM (PDF) (LM_XB403),2026-09-26T14:44:07+00:00
acfb34adb8ca6b60,2017-07-03,Beef,"Chuck, shoulder clod (114  1)",Select Cuts,,,,Select,,,,,200.15,223.19,,,215.32,$/cwt,2.1532,per lb,National,wholesale,,,,,,84659.0,lb,,2453,National Daily Boxed Beef Cutout & Boxed Beef Cuts - Negotiated Sales - PM (PDF) (LM_XB403),2026-09-26T14:44:07+00:00
bdbd8e13242e6dc8,2017-07-03,Beef,"Chuck, shoulder clod, trmd (114A  3)",Choice Cuts,,,,Choice,,,,,220.41,236.0,,,222.13,$/cwt,2.2213,per lb,National,wholesale,,,,,,57863.0,lb,,2453,National Daily Boxed Beef Cutout & Boxed Beef Cuts - Negotiated Sales - PM (PDF) (LM_XB403),2026-09-26T14:44:07+00:00
7ae11989c9ac6591,2017-07-03,Beef,"Chuck, shoulder clod, trmd (114A  3)",Select Cuts,,,,Select,,,,,211.01,235.14,,,217.92,$/cwt,2.1792,per lb,National,wholesale,,,,,,107784.0,lb,,2453,National Daily Boxed Beef Cutout & Boxed Beef Cuts - Negotiated Sales - PM (PDF) (LM_XB403),2026-09-26T14:44:07+00:00
5f771155b79f8e10,2017-07-03,Beef,Cutout 600-900 lb,,,,,Choice,,,,,,,,,222.89,$/cwt,2.2289,per lb,National,wholesale,,,,,,,,,2453,National Daily Boxed Beef Cutout & Boxed Beef Cuts - Negotiated Sales - PM (PDF) (LM_XB403),2026-09-26T14:44:07+00:00
dec358de52326604,2017-07-03,Beef,Cutout 600-900 lb,,,,,Select,,,,,,,,,207.45,$/cwt,2.0745,per lb,National,wholesale,,,,,,,,,2453,National Daily Boxed Beef Cutout & Boxed Beef Cuts - Negotiated Sales - PM (PDF) (LM_XB403),2026-09-26T14:44:07+00:00
68b2d8743dc1e0c1,2017-07-03,Beef,"Flank, flank steak (193  4)",Choice Cuts,,,,Choice,,,,,490.97,520.0,,,501.86,$/cwt,5.0186,per lb,National,wholesale,,,,,,18662.0,lb,,2453,National Daily Boxed Beef Cutout & Boxed Beef Cuts - Negotiated Sales - PM (PDF) (LM_XB403),2026-09-26T14:44:07+00:00
44f892961bc52493,2017-07-03,Beef,"Flank, flank steak (193  4)",Select Cuts,,,,Select,,,,,409.93,424.0,,,412.26,$/cwt,4.1226,per lb,National,wholesale,,,,,,21192.0,lb,,2453,National Daily Boxed Beef Cutout & Boxed Beef Cuts - Negotiated Sales - PM (PDF) (LM_XB403),2026-09-26T14:44:07+00:00
0015833d139b3650,2017-07-03,Beef,Ground Beef 73%,Ground Beef,,,,,,,,,180.7,211.0,,,188.85,$/cwt,1.8885,per lb,National,wholesale,,,,,,99538.0,lb,,2453,National Daily Boxed Beef Cutout & Boxed Beef Cuts - Negotiated Sales - PM (PDF) (LM_XB403),2026-09-26T14:44:07+00:00
fe618682bd28c9f6,2017-07-03,Beef,Ground Beef 81%,Ground Beef,,,,,,,,,201.97,230.75,,,213.76,$/cwt,2.1376,per lb,National,wholesale,,,,,,253406.0,lb,,2453,National Daily Boxed Beef Cutout & Boxed Beef Cuts - Negotiated Sales - PM (PDF) (LM_XB403),2026-09-26T14:44:07+00:00
6e8f309575691aa0,2017-07-03,Beef,Ground Beef Chuck,Ground Beef,,,,,,,,,217.0,234.6,,,224.29,$/cwt,2.2429,per lb,National,wholesale,,,,,,90623.0,lb,,2453,National Daily Boxed Beef Cutout & Boxed Beef Cuts - Negotiated Sales - PM (PDF) (LM_XB403),2026-09-26T14:44:07+00:00
b6cbb7c0cb29980b,2017-07-03,Beef,"Loin, ball-tip, bnls, heavy (185B  1)",Choice Cuts,,,,Choice,,,,,295.0,325.75,,,305.87,$/cwt,3.0587,per lb,National,wholesale,,,,,,88782.0,lb,,2453,National Daily Boxed Beef Cutout & Boxed Beef Cuts - Negotiated Sales - PM (PDF) (LM_XB403),2026-09-26T14:44:07+00:00
db1a18593b85492c,2017-07-03,Beef,"Loin, ball-tip, bnls, heavy (185B  1)",Select Cuts,,,,Select,,,,,261.45,279.0,,,270.77,$/cwt,2.7077,per lb,National,wholesale,,,,,,13060.0,lb,,2453,National Daily Boxed Beef Cutout & Boxed Beef Cuts - Negotiated Sales - PM (PDF) (LM_XB403),2026-09-26T14:44:07+00:00
92e3e04df6a61222,2017-07-03,Beef,"Loin, bottom sirloin, flap (185A  4)",Choice Cuts,,,,Choice,,,,,510.0,600.0,,,549.88,$/cwt,5.4988,per lb,National,wholesale,,,,,,18414.0,lb,,2453,National Daily Boxed Beef Cutout & Boxed Beef Cuts - Negotiated Sales - PM (PDF) (LM_XB403),2026-09-26T14:44:07+00:00
975c51c07a0f4834,2017-07-03,Beef,"Loin, bottom sirloin, flap (185A  4)",Select Cuts,,,,Select,,,,,524.93,600.44,,,564.21,$/cwt,5.6421,per lb,National,wholesale,,,,,,10415.0,lb,,2453,National Daily Boxed Beef Cutout & Boxed Beef Cuts - Negotiated Sales - PM (PDF) (LM_XB403),2026-09-26T14:44:07+00:00
f954b69ecee0c607,2017-07-03,Beef,"Loin, short loin, 0x1 (174  3)",Choice Cuts,,,,Choice,,,,,548.7,578.93,,,557.67,$/cwt,5.5767,per lb,National,wholesale,,,,,,119360.0,lb,,2453,National Daily Boxed Beef Cutout & Boxed Beef Cuts - Negotiated Sales - PM (PDF) (LM_XB403),2026-09-26T14:44:07+00:00
41e889e988309f95,2017-07-03,Beef,"Loin, short loin, 0x1 (174  3)",Select Cuts,,,,Select,,,,,459.61,535.0,,,478.18,$/cwt,4.7818,per lb,National,wholesale,,,,,,76353.0,lb,,2453,National Daily Boxed Beef Cutout & Boxed Beef Cuts - Negotiated Sales - PM (PDF) (LM_XB403),2026-09-26T14:44:07+00:00
0a3da35721ead5c2,2017-07-03,Beef,"Loin, sirloin, tri-tip (185C  1)",Choice Cuts,,,,Choice,,,,,480.0,505.75,,,493.41,$/cwt,4.9341,per lb,National,wholesale,,,,,,4721.0,lb,,2453,National Daily Boxed Beef Cutout & Boxed Beef Cuts - Negotiated Sales - PM (PDF) (LM_XB403),2026-09-26T14:44:07+00:00
d4cea698f06a2a5b,2017-07-03,Beef,"Loin, sirloin, tri-tip (185C  1)",Select Cuts,,,,Select,,,,,363.67,375.0,,,372.29,$/cwt,3.7229,per lb,National,wholesale,,,,,,1837.0,lb,,2453,National Daily Boxed Beef Cutout & Boxed Beef Cuts - Negotiated Sales - PM (PDF) (LM_XB403),2026-09-26T14:44:07+00:00
2dfc1a53cf9c2f53,2017-07-03,Beef,"Loin, sirloin, tri-tip, pld (185D  4)",Choice Cuts,,,,Choice,,,,,667.0,707.0,,,680.2,$/cwt,6.802,per lb,National,wholesale,,,,,,9299.0,lb,,2453,National Daily Boxed Beef Cutout & Boxed Beef Cuts - Negotiated Sales - PM (PDF) (LM_XB403),2026-09-26T14:44:07+00:00
f18681af84db28cd,2017-07-03,Beef,"Loin, strip loin bnls. 1x1 (  1)",Choice Cuts,,,,Choice,,,,,620.0,620.04,,,620.01,$/cwt,6.2001,per lb,National,wholesale,,,,,,5406.0,lb,,2453,National Daily Boxed Beef Cutout & Boxed Beef Cuts - Negotiated Sales - PM (PDF) (LM_XB403),2026-09-26T14:44:07+00:00
e7db5202bce7b837,2017-07-03,Beef,"Loin, strip, bnls, 0x1 (180  3)",Choice Cuts,,,,Choice,,,,,630.0,690.0,,,649.71,$/cwt,6.4971,per lb,National,wholesale,,,,,,46686.0,lb,,2453,National Daily Boxed Beef Cutout & Boxed Beef Cuts - Negotiated Sales - PM (PDF) (LM_XB403),2026-09-26T14:44:07+00:00
17386a5c36e901c8,2017-07-03,Beef,"Loin, strip, bnls, 0x1 (180  3)",Select Cuts,,,,Select,,,,,458.7,514.0,,,468.6,$/cwt,4.686,per lb,National,wholesale,,,,,,49122.0,lb,,2453,National Daily Boxed Beef Cutout & Boxed Beef Cuts - Negotiated Sales - PM (PDF) (LM_XB403),2026-09-26T14:44:07+00:00
79b74fad4aca3eb9,2017-07-03,Beef,"Loin, tndrloin, trmd, heavy (189A  4)",Choice Cuts,,,,Choice,,,,,955.0,1158.5,,,977.07,$/cwt,9.7707,per lb,National,wholesale,,,,,,97960.0,lb,,2453,National Daily Boxed Beef Cutout & Boxed Beef Cuts - Negotiated Sales - PM (PDF) (LM_XB403),2026-09-26T14:44:07+00:00
3d4a4debdcb9ab49,2017-07-03,Beef,"Loin, tndrloin, trmd, heavy (189A  4)",Select Cuts,,,,Select,,,,,920.34,1010.0,,,946.45,$/cwt,9.4645,per lb,National,wholesale,,,,,,1197.0,lb,,2453,National Daily Boxed Beef Cutout & Boxed Beef Cuts - Negotiated Sales - PM (PDF) (LM_XB403),2026-09-26T14:44:07+00:00
a6ffebf41b3c99ba,2017-07-03,Beef,"Loin, top butt, CC (184B  3)",Choice Cuts,,,,Choice,,,,,467.66,560.0,,,505.02,$/cwt,5.0502,per lb,National,wholesale,,,,,,6222.0,lb,,2453,National Daily Boxed Beef Cutout & Boxed Beef Cuts - Negotiated Sales - PM (PDF) (LM_XB403),2026-09-26T14:44:07+00:00
721561b5c6ee7548,2017-07-03,Beef,"Loin, top butt, bnls, heavy (184  1)",Choice Cuts,,,,Choice,,,,,360.0,386.0,,,371.75,$/cwt,3.7175,per lb,National,wholesale,,,,,,2016.0,lb,,2453,National Daily Boxed Beef Cutout & Boxed Beef Cuts - Negotiated Sales - PM (PDF) (LM_XB403),2026-09-26T14:44:07+00:00
e4c811e016c984e0,2017-07-03,Beef,"Loin, top butt, bnls, heavy (184  1)",Select Cuts,,,,Select,,,,,264.85,295.0,,,271.02,$/cwt,2.7102,per lb,National,wholesale,,,,,,67141.0,lb,,2453,National Daily Boxed Beef Cutout & Boxed Beef Cuts - Negotiated Sales - PM (PDF) (LM_XB403),2026-09-26T14:44:07+00:00
8f93a89e1b591425,2017-07-03,Beef,"Loin, top butt, boneless (184  3)",Choice Cuts,,,,Choice,,,,,356.11,389.57,,,372.63,$/cwt,3.7263,per lb,National,wholesale,,,,,,32395.0,lb,,2453,National Daily Boxed Beef Cutout & Boxed Beef Cuts - Negotiated Sales - PM (PDF) (LM_XB403),2026-09-26T14:44:07+00:00
9d974bd3bb1cb9c3,2017-07-03,Beef,"Loin, top butt, boneless (184  3)",Select Cuts,,,,Select,,,,,270.27,332.0,,,288.9,$/cwt,2.889,per lb,National,wholesale,,,,,,163394.0,lb,,2453,National Daily Boxed Beef Cutout & Boxed Beef Cuts - Negotiated Sales - PM (PDF) (LM_XB403),2026-09-26T14:44:07+00:00
54eeb1447764e25f,2017-07-03,Beef,"Rib, ribeye, bnls, heavy (112A  3)",Choice Cuts,,,,Choice,,,,,748.2,860.0,,,807.23,$/cwt,8.0723,per lb,National,wholesale,,,,,,41586.0,lb,,2453,National Daily Boxed Beef Cutout & Boxed Beef Cuts - Negotiated Sales - PM (PDF) (LM_XB403),2026-09-26T14:44:07+00:00
09397913103aadcf,2017-07-03,Beef,"Rib, ribeye, bnls, heavy (112A  3)",Select Cuts,,,,Select,,,,,633.01,710.75,,,675.53,$/cwt,6.7553,per lb,National,wholesale,,,,,,70593.0,lb,,2453,National Daily Boxed Beef Cutout & Boxed Beef Cuts - Negotiated Sales - PM (PDF) (LM_XB403),2026-09-26T14:44:07+00:00
9edee761dd206a4c,2017-07-03,Beef,"Rib, ribeye, bnls, light (112A  3)",Choice Cuts,,,,Choice,,,,,735.62,822.0,,,777.44,$/cwt,7.7744,per lb,National,wholesale,,,,,,74139.0,lb,,2453,National Daily Boxed Beef Cutout & Boxed Beef Cuts - Negotiated Sales - PM (PDF) (LM_XB403),2026-09-26T14:44:07+00:00
4fccc732c2c30db1,2017-07-03,Beef,"Rib, ribeye, bnls, light (112A  3)",Select Cuts,,,,Select,,,,,641.0,707.0,,,658.55,$/cwt,6.5855,per lb,National,wholesale,,,,,,42636.0,lb,,2453,National Daily Boxed Beef Cutout & Boxed Beef Cuts - Negotiated Sales - PM (PDF) (LM_XB403),2026-09-26T14:44:07+00:00
418abe855bbaa30f,2017-07-03,Beef,"Rib, ribeye, lip-on, bn-in (109E  1)",Choice Cuts,,,,Choice,,,,,626.93,739.0,,,663.55,$/cwt,6.6355,per lb,National,wholesale,,,,,,107013.0,lb,,2453,National Daily Boxed Beef Cutout & Boxed Beef Cuts - Negotiated Sales - PM (PDF) (LM_XB403),2026-09-26T14:44:07+00:00
2224d1d815dc4f4f,2017-07-03,Beef,"Rib, ribeye, lip-on, bn-in (109E  1)",Select Cuts,,,,Select,,,,,582.66,597.7,,,588.0,$/cwt,5.88,per lb,National,wholesale,,,,,,19691.0,lb,,2453,National Daily Boxed Beef Cutout & Boxed Beef Cuts - Negotiated Sales - PM (PDF) (LM_XB403),2026-09-26T14:44:07+00:00
ee8cdaa9e8d64a75,2017-07-03,Beef,"Round, bottom gooseneck (170  1)",Choice Cuts,,,,Choice,,,,,201.2,214.0,,,208.41,$/cwt,2.0841,per lb,National,wholesale,,,,,,5019.0,lb,,2453,National Daily Boxed Beef Cutout & Boxed Beef Cuts - Negotiated Sales - PM (PDF) (LM_XB403),2026-09-26T14:44:07+00:00
0bfb40f8140d4049,2017-07-03,Beef,"Round, bottom gooseneck (170  1)",Select Cuts,,,,Select,,,,,190.33,215.0,,,209.0,$/cwt,2.09,per lb,National,wholesale,,,,,,6375.0,lb,,2453,National Daily Boxed Beef Cutout & Boxed Beef Cuts - Negotiated Sales - PM (PDF) (LM_XB403),2026-09-26T14:44:07+00:00
9996802fe10537d0,2017-07-03,Beef,"Round, eye of round (171C  3)",Choice Cuts,,,,Choice,,,,,218.87,245.0,,,228.64,$/cwt,2.2864,per lb,National,wholesale,,,,,,60196.0,lb,,2453,National Daily Boxed Beef Cutout & Boxed Beef Cuts - Negotiated Sales - PM (PDF) (LM_XB403),2026-09-26T14:44:07+00:00
b8d69cbe136e712f,2017-07-03,Beef,"Round, eye of round (171C  3)",Select Cuts,,,,Select,,,,,217.68,250.96,,,236.53,$/cwt,2.3653,per lb,National,wholesale,,,,,,63949.0,lb,,2453,National Daily Boxed Beef Cutout & Boxed Beef Cuts - Negotiated Sales - PM (PDF) (LM_XB403),2026-09-26T14:44:07+00:00
daff05ad56357360,2017-07-03,Beef,"Round, knuckle, peeled (167A  4)",Choice Cuts,,,,Choice,,,,,236.0,272.25,,,246.11,$/cwt,2.4611,per lb,National,wholesale,,,,,,58067.0,lb,,2453,National Daily Boxed Beef Cutout & Boxed Beef Cuts - Negotiated Sales - PM (PDF) (LM_XB403),2026-09-26T14:44:07+00:00
637d939ae520b93b,2017-07-03,Beef,"Round, knuckle, peeled (167A  4)",Select Cuts,,,,Select,,,,,237.0,276.3,,,250.21,$/cwt,2.5021,per lb,National,wholesale,,,,,,27122.0,lb,,2453,National Daily Boxed Beef Cutout & Boxed Beef Cuts - Negotiated Sales - PM (PDF) (LM_XB403),2026-09-26T14:44:07+00:00
456380668862198d,2017-07-03,Beef,"Round, outside round (171B  3)",Choice Cuts,,,,Choice,,,,,198.67,227.18,,,211.89,$/cwt,2.1189,per lb,National,wholesale,,,,,,153043.0,lb,,2453,National Daily Boxed Beef Cutout & Boxed Beef Cuts - Negotiated Sales - PM (PDF) (LM_XB403),2026-09-26T14:44:07+00:00
d8eade985a60f52f,2017-07-03,Beef,"Round, outside round (171B  3)",Select Cuts,,,,Select,,,,,210.0,231.0,,,216.52,$/cwt,2.1652,per lb,National,wholesale,,,,,,94690.0,lb,,2453,National Daily Boxed Beef Cutout & Boxed Beef Cuts - Negotiated Sales - PM (PDF) (LM_XB403),2026-09-26T14:44:07+00:00
b5f92ccdaf4f59af,2017-07-03,Beef,"Round, top inside round (168  1)",Choice Cuts,,,,Choice,,,,,234.61,250.0,,,244.5,$/cwt,2.445,per lb,National,wholesale,,,,,,4543.0,lb,,2453,National Daily Boxed Beef Cutout & Boxed Beef Cuts - Negotiated Sales - PM (PDF) (LM_XB403),2026-09-26T14:44:07+00:00
69ed39a8209188ca,2017-07-03,Beef,"Round, top inside round (168  1)",Select Cuts,,,,Select,,,,,234.97,241.67,,,239.19,$/cwt,2.3919,per lb,National,wholesale,,,,,,22430.0,lb,,2453,National Daily Boxed Beef Cutout & Boxed Beef Cuts - Negotiated Sales - PM (PDF) (LM_XB403),2026-09-26T14:44:07+00:00
aa04eda65e6d4219,2017-07-03,Beef,"Round, top inside round (168  3)",Choice Cuts,,,,Choice,,,,,238.6,258.54,,,244.95,$/cwt,2.4495,per lb,National,wholesale,,,,,,121631.0,lb,,2453,National Daily Boxed Beef Cutout & Boxed Beef Cuts - Negotiated Sales - PM (PDF) (LM_XB403),2026-09-26T14:44:07+00:00
53038fea5234f450,2017-07-03,Beef,"Round, top inside round (168  3)",Select Cuts,,,,Select,,,,,226.59,260.0,,,245.98,$/cwt,2.4598,per lb,National,wholesale,,,,,,13479.0,lb,,2453,National Daily Boxed Beef Cutout & Boxed Beef Cuts - Negotiated Sales - PM (PDF) (LM_XB403),2026-09-26T14:44:07+00:00
64fa741779ba87e1,2017-07-03,Beef,"Round, top inside, cap off (169A  5)",Choice Cuts,,,,Choice,,,,,318.75,340.0,,,333.46,$/cwt,3.3346,per lb,National,wholesale,,,,,,19439.0,lb,,2453,National Daily Boxed Beef Cutout & Boxed Beef Cuts - Negotiated Sales - PM (PDF) (LM_XB403),2026-09-26T14:44:07+00:00
7fa99eb9cca374a4,2017-07-03,Beef,"Round, top inside, cap off (169A  5)",Select Cuts,,,,Select,,,,,318.75,337.0,,,329.67,$/cwt,3.2967,per lb,National,wholesale,,,,,,24643.0,lb,,2453,National Daily Boxed Beef Cutout & Boxed Beef Cuts - Negotiated Sales - PM (PDF) (LM_XB403),2026-09-26T14:44:07+00:00
1f9be9243a441862,2017-07-03,Beef,"Round, top inside, denuded (169  5)",Choice Cuts,,,,Choice,,,,,290.0,308.0,,,301.24,$/cwt,3.0124,per lb,National,wholesale,,,,,,10110.0,lb,,2453,National Daily Boxed Beef Cutout & Boxed Beef Cuts - Negotiated Sales - PM (PDF) (LM_XB403),2026-09-26T14:44:07+00:00
41beb585abaf59a4,2017-07-03,Beef,"Round, top inside, denuded (169  5)",Select Cuts,,,,Select,,,,,265.0,292.5,,,267.46,$/cwt,2.6746,per lb,National,wholesale,,,,,,43123.0,lb,,2453,National Daily Boxed Beef Cutout & Boxed Beef Cuts - Negotiated Sales - PM (PDF) (LM_XB403),2026-09-26T14:44:07+00:00
b7e7e828b0ea482f,2017-07-03,Beef,"Short Plate, short rib (123A  3)",Choice Cuts,,,,Choice,,,,,479.93,571.0,,,531.2,$/cwt,5.312,per lb,National,wholesale,,,,,,27006.0,lb,,2453,National Daily Boxed Beef Cutout & Boxed Beef Cuts - Negotiated Sales - PM (PDF) (LM_XB403),2026-09-26T14:44:07+00:00
745466b121f4392f,2017-07-05,Beef,"Brisket, deckle-off, bnls (120  1)",Choice Cuts,,,,Choice,,,,,224.52,290.0,,,242.26,$/cwt,2.4226,per lb,National,wholesale,,,,,,167365.0,lb,,2453,National Daily Boxed Beef Cutout & Boxed Beef Cuts - Negotiated Sales - PM (PDF) (LM_XB403),2026-09-26T14:44:07+00:00
02f463dd046c4110,2017-07-05,Beef,"Brisket, deckle-off, bnls (120  1)",Select Cuts,,,,Select,,,,,225.65,254.35,,,247.94,$/cwt,2.4794,per lb,National,wholesale,,,,,,35885.0,lb,,2453,National Daily Boxed Beef Cutout & Boxed Beef Cuts - Negotiated Sales - PM (PDF) (LM_XB403),2026-09-26T14:44:07+00:00
4586bab170ad9ac9,2017-07-05,Beef,"Brisket, point/off, bnls (120A  3)",Choice Cuts,,,,Choice,,,,,395.0,458.25,,,416.9,$/cwt,4.169,per lb,National,wholesale,,,,,,14612.0,lb,,2453,National Daily Boxed Beef Cutout & Boxed Beef Cuts - Negotiated Sales - PM (PDF) (LM_XB403),2026-09-26T14:44:07+00:00
6b26cd7924fead8a,2017-07-05,Beef,"Chuck, chuck tender (116B  1)",Choice Cuts,,,,Choice,,,,,218.0,252.25,,,227.98,$/cwt,2.2798,per lb,National,wholesale,,,,,,90179.0,lb,,2453,National Daily Boxed Beef Cutout & Boxed Beef Cuts - Negotiated Sales - PM (PDF) (LM_XB403),2026-09-26T14:44:07+00:00
1320ba9611c47f5d,2017-07-05,Beef,"Chuck, chuck tender (116B  1)",Select Cuts,,,,Select,,,,,223.0,248.0,,,234.11,$/cwt,2.3411,per lb,National,wholesale,,,,,,8647.0,lb,,2453,National Daily Boxed Beef Cutout & Boxed Beef Cuts - Negotiated Sales - PM (PDF) (LM_XB403),2026-09-26T14:44:07+00:00
886267b9695c1c45,2017-07-05,Beef,"Chuck, clod tender (114F  5)",Choice Cuts,,,,Choice,,,,,380.0,400.0,,,385.74,$/cwt,3.8574,per lb,National,wholesale,,,,,,5577.0,lb,,2453,National Daily Boxed Beef Cutout & Boxed Beef Cuts - Negotiated Sales - PM (PDF) (LM_XB403),2026-09-26T14:44:07+00:00
66d7accb90b9556d,2017-07-05,Beef,"Chuck, clod, arm roast (114E  3)",Choice Cuts,,,,Choice,,,,,250.0,260.0,,,252.84,$/cwt,2.5284,per lb,National,wholesale,,,,,,36751.0,lb,,2453,National Daily Boxed Beef Cutout & Boxed Beef Cuts - Negotiated Sales - PM (PDF) (LM_XB403),2026-09-26T14:44:07+00:00
2a6f225e0d69a1cb,2017-07-05,Beef,"Chuck, flap (116G  4)",Choice Cuts,,,,Choice,,,,,497.71,525.75,,,502.7,$/cwt,5.027,per lb,National,wholesale,,,,,,19674.0,lb,,2453,National Daily Boxed Beef Cutout & Boxed Beef Cuts - Negotiated Sales - PM (PDF) (LM_XB403),2026-09-26T14:44:07+00:00
f83d2f8c1716fcdf,2017-07-05,Beef,"Chuck, flap (116G  4)",Select Cuts,,,,Select,,,,,442.71,479.6,,,445.07,$/cwt,4.4507,per lb,National,wholesale,,,,,,9182.0,lb,,2453,National Daily Boxed Beef Cutout & Boxed Beef Cuts - Negotiated Sales - PM (PDF) (LM_XB403),2026-09-26T14:44:07+00:00
c1989869341af6c5,2017-07-05,Beef,"Chuck, roll, lxl, neck/off (116A  3)",Choice Cuts,,,,Choice,,,,,239.26,268.0,,,252.71,$/cwt,2.5271,per lb,National,wholesale,,,,,,183054.0,lb,,2453,National Daily Boxed Beef Cutout & Boxed Beef Cuts - Negotiated Sales - PM (PDF) (LM_XB403),2026-09-26T14:44:07+00:00
9098d03e35a37fa8,2017-07-05,Beef,"Chuck, roll, lxl, neck/off (116A  3)",Select Cuts,,,,Select,,,,,235.0,263.0,,,242.37,$/cwt,2.4237,per lb,National,wholesale,,,,,,150585.0,lb,,2453,National Daily Boxed Beef Cutout & Boxed Beef Cuts - Negotiated Sales - PM (PDF) (LM_XB403),2026-09-26T14:44:07+00:00
315962123eaa6678,2017-07-05,Beef,"Chuck, semi-bnls, neck/off (113C  1)",Choice Cuts,,,,Choice,,,,,206.75,231.75,,,212.36,$/cwt,2.1236,per lb,National,wholesale,,,,,,12290.0,lb,,2453,National Daily Boxed Beef Cutout & Boxed Beef Cuts - Negotiated Sales - PM (PDF) (LM_XB403),2026-09-26T14:44:07+00:00
cbb761c648879fa3,2017-07-05,Beef,"Chuck, semi-bnls, neck/off (113C  1)",Select Cuts,,,,Select,,,,,215.0,215.0,,,215.0,$/cwt,2.15,per lb,National,wholesale,,,,,,1762.0,lb,,2453,National Daily Boxed Beef Cutout & Boxed Beef Cuts - Negotiated Sales - PM (PDF) (LM_XB403),2026-09-26T14:44:07+00:00
86232a0e39ebf03c,2017-07-05,Beef,"Chuck, short rib (130  4)",Choice Cuts,,,,Choice,,,,,354.35,378.54,,,363.15,$/cwt,3.6315,per lb,National,wholesale,,,,,,57493.0,lb,,2453,National Daily Boxed Beef Cutout & Boxed Beef Cuts - Negotiated Sales - PM (PDF) (LM_XB403),2026-09-26T14:44:07+00:00
fbc39c1cb8c0cee4,2017-07-05,Beef,"Chuck, short rib (130  4)",Select Cuts,,,,Select,,,,,342.0,368.0,,,355.8,$/cwt,3.558,per lb,National,wholesale,,,,,,26629.0,lb,,2453,National Daily Boxed Beef Cutout & Boxed Beef Cuts - Negotiated Sales - PM (PDF) (LM_XB403),2026-09-26T14:44:07+00:00
fe0e82a89bb5b671,2017-07-05,Beef,"Chuck, shoulder clod (114  1)",Choice Cuts,,,,Choice,,,,,204.0,221.75,,,208.99,$/cwt,2.0899,per lb,National,wholesale,,,,,,46062.0,lb,,2453,National Daily Boxed Beef Cutout & Boxed Beef Cuts - Negotiated Sales - PM (PDF) (LM_XB403),2026-09-26T14:44:07+00:00
48416ae302c2b0eb,2017-07-05,Beef,"Chuck, shoulder clod (114  1)",Select Cuts,,,,Select,,,,,200.0,212.5,,,204.69,$/cwt,2.0469,per lb,National,wholesale,,,,,,28489.0,lb,,2453,National Daily Boxed Beef Cutout & Boxed Beef Cuts - Negotiated Sales - PM (PDF) (LM_XB403),2026-09-26T14:44:07+00:00
aced33946fee0575,2017-07-05,Beef,"Chuck, shoulder clod, trmd (114A  3)",Choice Cuts,,,,Choice,,,,,219.0,238.0,,,226.13,$/cwt,2.2613,per lb,National,wholesale,,,,,,82389.0,lb,,2453,National Daily Boxed Beef Cutout & Boxed Beef Cuts - Negotiated Sales - PM (PDF) (LM_XB403),2026-09-26T14:44:07+00:00
12630127c9879d56,2017-07-05,Beef,"Chuck, shoulder clod, trmd (114A  3)",Select Cuts,,,,Select,,,,,223.5,229.4,,,225.11,$/cwt,2.2511,per lb,National,wholesale,,,,,,22415.0,lb,,2453,National Daily Boxed Beef Cutout & Boxed Beef Cuts - Negotiated Sales - PM (PDF) (LM_XB403),2026-09-26T14:44:07+00:00
a72de2f662eaa4ab,2017-07-05,Beef,Cutout 600-900 lb,,,,,Select,,,,,,,,,205.32,$/cwt,2.0532,per lb,National,wholesale,,,,,,,,,2453,National Daily Boxed Beef Cutout & Boxed Beef Cuts - Negotiated Sales - PM (PDF) (LM_XB403),2026-09-26T14:44:07+00:00
b978c0a03adba8e3,2017-07-05,Beef,Cutout 600-900 lb,,,,,Choice,,,,,,,,,222.58,$/cwt,2.2258,per lb,National,wholesale,,,,,,,,,2453,National Daily Boxed Beef Cutout & Boxed Beef Cuts - Negotiated Sales - PM (PDF) (LM_XB403),2026-09-26T14:44:07+00:00
f2708254aef78be4,2017-07-05,Beef,"Flank, flank steak (193  4)",Choice Cuts,,,,Choice,,,,,484.88,544.42,,,509.91,$/cwt,5.0991,per lb,National,wholesale,,,,,,20189.0,lb,,2453,National Daily Boxed Beef Cutout & Boxed Beef Cuts - Negotiated Sales - PM (PDF) (LM_XB403),2026-09-26T14:44:07+00:00
db1ec792e9447cb3,2017-07-05,Beef,"Flank, flank steak (193  4)",Select Cuts,,,,Select,,,,,407.0,430.0,,,412.65,$/cwt,4.1265,per lb,National,wholesale,,,,,,18212.0,lb,,2453,National Daily Boxed Beef Cutout & Boxed Beef Cuts - Negotiated Sales - PM (PDF) (LM_XB403),2026-09-26T14:44:07+00:00
c0d371fc20a2e9a3,2017-07-05,Beef,Ground Beef 73%,Ground Beef,,,,,,,,,184.0,211.0,,,199.44,$/cwt,1.9944,per lb,National,wholesale,,,,,,37450.0,lb,,2453,National Daily Boxed Beef Cutout & Boxed Beef Cuts - Negotiated Sales - PM (PDF) (LM_XB403),2026-09-26T14:44:07+00:00
5dcf82bcb1c75ac2,2017-07-05,Beef,Ground Beef 81%,Ground Beef,,,,,,,,,200.0,238.75,,,218.13,$/cwt,2.1813,per lb,National,wholesale,,,,,,185777.0,lb,,2453,National Daily Boxed Beef Cutout & Boxed Beef Cuts - Negotiated Sales - PM (PDF) (LM_XB403),2026-09-26T14:44:07+00:00
0fa1b92a4f36861d,2017-07-05,Beef,Ground Beef 93%,Ground Beef,,,,,,,,,320.0,333.73,,,326.12,$/cwt,3.2612,per lb,National,wholesale,,,,,,17537.0,lb,,2453,National Daily Boxed Beef Cutout & Boxed Beef Cuts - Negotiated Sales - PM (PDF) (LM_XB403),2026-09-26T14:44:07+00:00
2860473e2618cb12,2017-07-05,Beef,Ground Beef Chuck,Ground Beef,,,,,,,,,214.0,247.18,,,227.07,$/cwt,2.2707,per lb,National,wholesale,,,,,,13985.0,lb,,2453,National Daily Boxed Beef Cutout & Boxed Beef Cuts - Negotiated Sales - PM (PDF) (LM_XB403),2026-09-26T14:44:07+00:00
79b7d91a57dfb870,2017-07-05,Beef,Ground Beef Round,Ground Beef,,,,,,,,,271.5,290.71,,,277.81,$/cwt,2.7781,per lb,National,wholesale,,,,,,3562.0,lb,,2453,National Daily Boxed Beef Cutout & Boxed Beef Cuts - Negotiated Sales - PM (PDF) (LM_XB403),2026-09-26T14:44:07+00:00
cf3b171bdb29af5e,2017-07-05,Beef,"Loin, ball-tip, bnls, heavy (185B  1)",Choice Cuts,,,,Choice,,,,,290.0,337.25,,,305.0,$/cwt,3.05,per lb,National,wholesale,,,,,,102400.0,lb,,2453,National Daily Boxed Beef Cutout & Boxed Beef Cuts - Negotiated Sales - PM (PDF) (LM_XB403),2026-09-26T14:44:07+00:00
1883f3d894a66994,2017-07-05,Beef,"Loin, ball-tip, bnls, heavy (185B  1)",Select Cuts,,,,Select,,,,,251.0,330.0,,,270.86,$/cwt,2.7086,per lb,National,wholesale,,,,,,39235.0,lb,,2453,National Daily Boxed Beef Cutout & Boxed Beef Cuts - Negotiated Sales - PM (PDF) (LM_XB403),2026-09-26T14:44:07+00:00
e7e99bbf72ad1d66,2017-07-05,Beef,"Loin, bottom sirloin, flap (185A  4)",Choice Cuts,,,,Choice,,,,,500.0,716.5,,,549.65,$/cwt,5.4965,per lb,National,wholesale,,,,,,100592.0,lb,,2453,National Daily Boxed Beef Cutout & Boxed Beef Cuts - Negotiated Sales - PM (PDF) (LM_XB403),2026-09-26T14:44:07+00:00
a520691ac8bebddd,2017-07-05,Beef,"Loin, bottom sirloin, flap (185A  4)",Select Cuts,,,,Select,,,,,508.0,550.0,,,521.04,$/cwt,5.2104,per lb,National,wholesale,,,,,,14619.0,lb,,2453,National Daily Boxed Beef Cutout & Boxed Beef Cuts - Negotiated Sales - PM (PDF) (LM_XB403),2026-09-26T14:44:07+00:00
8fca4cfdccbc2e01,2017-07-05,Beef,"Loin, butt tender, trimmed (191A  4)",Choice Cuts,,,,Choice,,,,,870.0,958.22,,,887.41,$/cwt,8.8741,per lb,National,wholesale,,,,,,23499.0,lb,,2453,National Daily Boxed Beef Cutout & Boxed Beef Cuts - Negotiated Sales - PM (PDF) (LM_XB403),2026-09-26T14:44:07+00:00
d103709ae431d6f6,2017-07-05,Beef,"Loin, short loin, 0x1 (174  3)",Choice Cuts,,,,Choice,,,,,535.0,606.5,,,550.06,$/cwt,5.5006,per lb,National,wholesale,,,,,,70444.0,lb,,2453,National Daily Boxed Beef Cutout & Boxed Beef Cuts - Negotiated Sales - PM (PDF) (LM_XB403),2026-09-26T14:44:07+00:00
38ad829cd20dc61b,2017-07-05,Beef,"Loin, short loin, 0x1 (174  3)",Select Cuts,,,,Select,,,,,440.31,516.75,,,464.19,$/cwt,4.6419,per lb,National,wholesale,,,,,,40654.0,lb,,2453,National Daily Boxed Beef Cutout & Boxed Beef Cuts - Negotiated Sales - PM (PDF) (LM_XB403),2026-09-26T14:44:07+00:00
7f4c54df99c9c0cf,2017-07-05,Beef,"Loin, sirloin, tri-tip (185C  1)",Choice Cuts,,,,Choice,,,,,452.9,515.51,,,463.13,$/cwt,4.6313,per lb,National,wholesale,,,,,,162719.0,lb,,2453,National Daily Boxed Beef Cutout & Boxed Beef Cuts - Negotiated Sales - PM (PDF) (LM_XB403),2026-09-26T14:44:07+00:00
abd8e3d3330dd8c0,2017-07-05,Beef,"Loin, sirloin, tri-tip (185C  1)",Select Cuts,,,,Select,,,,,360.75,376.0,,,366.99,$/cwt,3.6699,per lb,National,wholesale,,,,,,9602.0,lb,,2453,National Daily Boxed Beef Cutout & Boxed Beef Cuts - Negotiated Sales - PM (PDF) (LM_XB403),2026-09-26T14:44:07+00:00
09cdf9416038507d,2017-07-05,Beef,"Loin, sirloin, tri-tip, pld (185D  4)",Choice Cuts,,,,Choice,,,,,667.0,704.0,,,683.26,$/cwt,6.8326,per lb,National,wholesale,,,,,,8780.0,lb,,2453,National Daily Boxed Beef Cutout & Boxed Beef Cuts - Negotiated Sales - PM (PDF) (LM_XB403),2026-09-26T14:44:07+00:00
23307888148addad,2017-07-05,Beef,"Loin, strip loin bnls. 1x1 (  1)",Choice Cuts,,,,Choice,,,,,610.0,610.0,,,610.0,$/cwt,6.1,per lb,National,wholesale,,,,,,2571.0,lb,,2453,National Daily Boxed Beef Cutout & Boxed Beef Cuts - Negotiated Sales - PM (PDF) (LM_XB403),2026-09-26T14:44:07+00:00
e99e05eca0782d1c,2017-07-05,Beef,"Loin, strip loin, 1x1 (175  3)",Choice Cuts,,,,Choice,,,,,524.63,570.0,,,551.62,$/cwt,5.5162,per lb,National,wholesale,,,,,,1988.0,lb,,2453,National Daily Boxed Beef Cutout & Boxed Beef Cuts - Negotiated Sales - PM (PDF) (LM_XB403),2026-09-26T14:44:07+00:00
205416ce508d7b4b,2017-07-05,Beef,"Loin, strip, bnls, 0x1 (180  3)",Choice Cuts,,,,Choice,,,,,594.56,685.0,,,644.96,$/cwt,6.4496,per lb,National,wholesale,,,,,,88806.0,lb,,2453,National Daily Boxed Beef Cutout & Boxed Beef Cuts - Negotiated Sales - PM (PDF) (LM_XB403),2026-09-26T14:44:07+00:00
1a5234afc864008d,2017-07-05,Beef,"Loin, strip, bnls, 0x1 (180  3)",Select Cuts,,,,Select,,,,,419.49,503.0,,,435.24,$/cwt,4.3524,per lb,National,wholesale,,,,,,391847.0,lb,,2453,National Daily Boxed Beef Cutout & Boxed Beef Cuts - Negotiated Sales - PM (PDF) (LM_XB403),2026-09-26T14:44:07+00:00
375dc62325d7c048,2017-07-05,Beef,"Loin, tndrloin, trmd, heavy (189A  4)",Choice Cuts,,,,Choice,,,,,968.0,1157.5,,,1023.27,$/cwt,10.2327,per lb,National,wholesale,,,,,,30424.0,lb,,2453,National Daily Boxed Beef Cutout & Boxed Beef Cuts - Negotiated Sales - PM (PDF) (LM_XB403),2026-09-26T14:44:07+00:00
a02faac3bb9e6a96,2017-07-05,Beef,"Loin, tndrloin, trmd, heavy (189A  4)",Select Cuts,,,,Select,,,,,873.88,1020.25,,,922.21,$/cwt,9.2221,per lb,National,wholesale,,,,,,22215.0,lb,,2453,National Daily Boxed Beef Cutout & Boxed Beef Cuts - Negotiated Sales - PM (PDF) (LM_XB403),2026-09-26T14:44:07+00:00
d509e32d46b884a1,2017-07-05,Beef,"Loin, top butt, CC (184B  3)",Choice Cuts,,,,Choice,,,,,484.66,515.0,,,488.68,$/cwt,4.8868,per lb,National,wholesale,,,,,,65036.0,lb,,2453,National Daily Boxed Beef Cutout & Boxed Beef Cuts - Negotiated Sales - PM (PDF) (LM_XB403),2026-09-26T14:44:07+00:00
a9f376496924c3f4,2017-07-05,Beef,"Loin, top butt, bnls, heavy (184  1)",Choice Cuts,,,,Choice,,,,,343.55,392.25,,,365.06,$/cwt,3.6506,per lb,National,wholesale,,,,,,8333.0,lb,,2453,National Daily Boxed Beef Cutout & Boxed Beef Cuts - Negotiated Sales - PM (PDF) (LM_XB403),2026-09-26T14:44:07+00:00
717e2b72a537d6b9,2017-07-05,Beef,"Loin, top butt, bnls, heavy (184  1)",Select Cuts,,,,Select,,,,,276.34,290.0,,,277.72,$/cwt,2.7772,per lb,National,wholesale,,,,,,76314.0,lb,,2453,National Daily Boxed Beef Cutout & Boxed Beef Cuts - Negotiated Sales - PM (PDF) (LM_XB403),2026-09-26T14:44:07+00:00
80bea984ea26305e,2017-07-05,Beef,"Loin, top butt, boneless (184  3)",Choice Cuts,,,,Choice,,,,,361.0,400.75,,,378.62,$/cwt,3.7862,per lb,National,wholesale,,,,,,84336.0,lb,,2453,National Daily Boxed Beef Cutout & Boxed Beef Cuts - Negotiated Sales - PM (PDF) (LM_XB403),2026-09-26T14:44:07+00:00
bfc3b4bc02431073,2017-07-05,Beef,"Loin, top butt, boneless (184  3)",Select Cuts,,,,Select,,,,,265.0,318.0,,,287.27,$/cwt,2.8727,per lb,National,wholesale,,,,,,79989.0,lb,,2453,National Daily Boxed Beef Cutout & Boxed Beef Cuts - Negotiated Sales - PM (PDF) (LM_XB403),2026-09-26T14:44:07+00:00
c8ff8aeb0299f007,2017-07-05,Beef,"Rib, ribeye, bnls, heavy (112A  3)",Choice Cuts,,,,Choice,,,,,738.22,815.5,,,774.74,$/cwt,7.7474,per lb,National,wholesale,,,,,,49537.0,lb,,2453,National Daily Boxed Beef Cutout & Boxed Beef Cuts - Negotiated Sales - PM (PDF) (LM_XB403),2026-09-26T14:44:07+00:00
521672e4d2667c06,2017-07-05,Beef,"Rib, ribeye, bnls, heavy (112A  3)",Select Cuts,,,,Select,,,,,635.93,718.73,,,679.92,$/cwt,6.7992,per lb,National,wholesale,,,,,,37271.0,lb,,2453,National Daily Boxed Beef Cutout & Boxed Beef Cuts - Negotiated Sales - PM (PDF) (LM_XB403),2026-09-26T14:44:07+00:00
1b280ab33469301a,2017-07-05,Beef,"Rib, ribeye, bnls, light (112A  3)",Choice Cuts,,,,Choice,,,,,770.0,819.42,,,788.8,$/cwt,7.888,per lb,National,wholesale,,,,,,10458.0,lb,,2453,National Daily Boxed Beef Cutout & Boxed Beef Cuts - Negotiated Sales - PM (PDF) (LM_XB403),2026-09-26T14:44:07+00:00
7611df8893b77f1e,2017-07-05,Beef,"Rib, ribeye, bnls, light (112A  3)",Select Cuts,,,,Select,,,,,615.14,710.0,,,630.43,$/cwt,6.3043,per lb,National,wholesale,,,,,,164703.0,lb,,2453,National Daily Boxed Beef Cutout & Boxed Beef Cuts - Negotiated Sales - PM (PDF) (LM_XB403),2026-09-26T14:44:07+00:00
1571b7cb7139fcb6,2017-07-05,Beef,"Rib, ribeye, lip-on, bn-in (109E  1)",Choice Cuts,,,,Choice,,,,,648.49,728.5,,,668.57,$/cwt,6.6857,per lb,National,wholesale,,,,,,84881.0,lb,,2453,National Daily Boxed Beef Cutout & Boxed Beef Cuts - Negotiated Sales - PM (PDF) (LM_XB403),2026-09-26T14:44:07+00:00
645a248b88496a00,2017-07-05,Beef,"Rib, ribeye, lip-on, bn-in (109E  1)",Select Cuts,,,,Select,,,,,571.0,600.0,,,583.82,$/cwt,5.8382,per lb,National,wholesale,,,,,,15428.0,lb,,2453,National Daily Boxed Beef Cutout & Boxed Beef Cuts - Negotiated Sales - PM (PDF) (LM_XB403),2026-09-26T14:44:07+00:00
bcb20f6f870013ba,2017-07-05,Beef,"Round, bottom gooseneck (170  1)",Choice Cuts,,,,Choice,,,,,200.0,211.75,,,206.99,$/cwt,2.0699,per lb,National,wholesale,,,,,,6559.0,lb,,2453,National Daily Boxed Beef Cutout & Boxed Beef Cuts - Negotiated Sales - PM (PDF) (LM_XB403),2026-09-26T14:44:07+00:00
cc0567fc284a9714,2017-07-05,Beef,"Round, bottom gooseneck (170  1)",Select Cuts,,,,Select,,,,,195.0,211.28,,,202.92,$/cwt,2.0292,per lb,National,wholesale,,,,,,26195.0,lb,,2453,National Daily Boxed Beef Cutout & Boxed Beef Cuts - Negotiated Sales - PM (PDF) (LM_XB403),2026-09-26T14:44:07+00:00
5cb043491958377e,2017-07-05,Beef,"Round, eye of round (171C  3)",Choice Cuts,,,,Choice,,,,,219.63,247.0,,,226.64,$/cwt,2.2664,per lb,National,wholesale,,,,,,117836.0,lb,,2453,National Daily Boxed Beef Cutout & Boxed Beef Cuts - Negotiated Sales - PM (PDF) (LM_XB403),2026-09-26T14:44:07+00:00
18538d8280695b51,2017-07-05,Beef,"Round, eye of round (171C  3)",Select Cuts,,,,Select,,,,,225.0,245.19,,,234.99,$/cwt,2.3499,per lb,National,wholesale,,,,,,31734.0,lb,,2453,National Daily Boxed Beef Cutout & Boxed Beef Cuts - Negotiated Sales - PM (PDF) (LM_XB403),2026-09-26T14:44:07+00:00
b60becf9516ff372,2017-07-05,Beef,"Round, knuckle, peeled (167A  4)",Choice Cuts,,,,Choice,,,,,231.0,276.0,,,239.65,$/cwt,2.3965,per lb,National,wholesale,,,,,,214067.0,lb,,2453,National Daily Boxed Beef Cutout & Boxed Beef Cuts - Negotiated Sales - PM (PDF) (LM_XB403),2026-09-26T14:44:07+00:00
63bdef1f049ee8b0,2017-07-05,Beef,"Round, knuckle, peeled (167A  4)",Select Cuts,,,,Select,,,,,237.0,276.0,,,243.45,$/cwt,2.4345,per lb,National,wholesale,,,,,,113998.0,lb,,2453,National Daily Boxed Beef Cutout & Boxed Beef Cuts - Negotiated Sales - PM (PDF) (LM_XB403),2026-09-26T14:44:07+00:00
897bcd7b106fca8c,2017-07-05,Beef,"Round, outside round (171B  3)",Choice Cuts,,,,Choice,,,,,208.56,234.0,,,217.19,$/cwt,2.1719,per lb,National,wholesale,,,,,,212915.0,lb,,2453,National Daily Boxed Beef Cutout & Boxed Beef Cuts - Negotiated Sales - PM (PDF) (LM_XB403),2026-09-26T14:44:07+00:00
64b37fc1ff733714,2017-07-05,Beef,"Round, outside round (171B  3)",Select Cuts,,,,Select,,,,,209.75,233.0,,,215.95,$/cwt,2.1595,per lb,National,wholesale,,,,,,153735.0,lb,,2453,National Daily Boxed Beef Cutout & Boxed Beef Cuts - Negotiated Sales - PM (PDF) (LM_XB403),2026-09-26T14:44:07+00:00
d88c49ce5c61a66f,2017-07-05,Beef,"Round, top inside round (168  1)",Choice Cuts,,,,Choice,,,,,230.0,255.0,,,245.45,$/cwt,2.4545,per lb,National,wholesale,,,,,,88733.0,lb,,2453,National Daily Boxed Beef Cutout & Boxed Beef Cuts - Negotiated Sales - PM (PDF) (LM_XB403),2026-09-26T14:44:07+00:00
7c299ee340d93a19,2017-07-05,Beef,"Round, top inside round (168  1)",Select Cuts,,,,Select,,,,,230.0,240.0,,,233.33,$/cwt,2.3333,per lb,National,wholesale,,,,,,17631.0,lb,,2453,National Daily Boxed Beef Cutout & Boxed Beef Cuts - Negotiated Sales - PM (PDF) (LM_XB403),2026-09-26T14:44:07+00:00
75e9ab419bb3682f,2017-07-05,Beef,"Round, top inside round (168  3)",Choice Cuts,,,,Choice,,,,,229.69,264.25,,,242.84,$/cwt,2.4284,per lb,National,wholesale,,,,,,187162.0,lb,,2453,National Daily Boxed Beef Cutout & Boxed Beef Cuts - Negotiated Sales - PM (PDF) (LM_XB403),2026-09-26T14:44:07+00:00
64db58f250717590,2017-07-05,Beef,"Round, top inside round (168  3)",Select Cuts,,,,Select,,,,,232.0,258.0,,,239.96,$/cwt,2.3996,per lb,National,wholesale,,,,,,100829.0,lb,,2453,National Daily Boxed Beef Cutout & Boxed Beef Cuts - Negotiated Sales - PM (PDF) (LM_XB403),2026-09-26T14:44:07+00:00
856daedb3957e06e,2017-07-05,Beef,"Round, top inside, cap off (169A  5)",Choice Cuts,,,,Choice,,,,,317.56,327.0,,,318.2,$/cwt,3.182,per lb,National,wholesale,,,,,,29832.0,lb,,2453,National Daily Boxed Beef Cutout & Boxed Beef Cuts - Negotiated Sales - PM (PDF) (LM_XB403),2026-09-26T14:44:07+00:00
3a97adafeeeb6b16,2017-07-05,Beef,"Round, top inside, cap off (169A  5)",Select Cuts,,,,Select,,,,,314.0,341.0,,,331.86,$/cwt,3.3186,per lb,National,wholesale,,,,,,23813.0,lb,,2453,National Daily Boxed Beef Cutout & Boxed Beef Cuts - Negotiated Sales - PM (PDF) (LM_XB403),2026-09-26T14:44:07+00:00
7c3e1dbdac8b6caa,2017-07-05,Beef,"Round, top inside, denuded (169  5)",Choice Cuts,,,,Choice,,,,,269.0,302.0,,,282.98,$/cwt,2.8298,per lb,National,wholesale,,,,,,26059.0,lb,,2453,National Daily Boxed Beef Cutout & Boxed Beef Cuts - Negotiated Sales - PM (PDF) (LM_XB403),2026-09-26T14:44:07+00:00
ec1991bd9f2031da,2017-07-05,Beef,"Short Plate, short rib (123A  3)",Choice Cuts,,,,Choice,,,,,495.0,556.75,,,518.75,$/cwt,5.1875,per lb,National,wholesale,,,,,,18373.0,lb,,2453,National Daily Boxed Beef Cutout & Boxed Beef Cuts - Negotiated Sales - PM (PDF) (LM_XB403),2026-09-26T14:44:07+00:00
8952c1d887fb5deb,2017-07-06,Beef,"Brisket, deckle-off, bnls (120  1)",Choice Cuts,,,,Choice,,,,,217.9,268.32,,,227.44,$/cwt,2.2744,per lb,National,wholesale,,,,,,253316.0,lb,,2453,National Daily Boxed Beef Cutout & Boxed Beef Cuts - Negotiated Sales - PM (PDF) (LM_XB403),2026-09-26T14:44:07+00:00
ed74fbe0b025cf26,2017-07-06,Beef,"Brisket, deckle-off, bnls (120  1)",Select Cuts,,,,Select,,,,,222.0,254.75,,,231.84,$/cwt,2.3184,per lb,National,wholesale,,,,,,25801.0,lb,,2453,National Daily Boxed Beef Cutout & Boxed Beef Cuts - Negotiated Sales - PM (PDF) (LM_XB403),2026-09-26T14:44:07+00:00
fc9fe9891c1d887d,2017-07-06,Beef,"Brisket, point/off, bnls (120A  3)",Choice Cuts,,,,Choice,,,,,410.0,450.0,,,427.11,$/cwt,4.2711,per lb,National,wholesale,,,,,,7348.0,lb,,2453,National Daily Boxed Beef Cutout & Boxed Beef Cuts - Negotiated Sales - PM (PDF) (LM_XB403),2026-09-26T14:44:07+00:00
97a85a3e6b0ec9bb,2017-07-06,Beef,"Chuck, chuck tender (116B  1)",Choice Cuts,,,,Choice,,,,,220.0,251.5,,,231.08,$/cwt,2.3108,per lb,National,wholesale,,,,,,78895.0,lb,,2453,National Daily Boxed Beef Cutout & Boxed Beef Cuts - Negotiated Sales - PM (PDF) (LM_XB403),2026-09-26T14:44:07+00:00
10d5053d9649ff0c,2017-07-06,Beef,"Chuck, chuck tender (116B  1)",Select Cuts,,,,Select,,,,,225.0,237.0,,,232.66,$/cwt,2.3266,per lb,National,wholesale,,,,,,9046.0,lb,,2453,National Daily Boxed Beef Cutout & Boxed Beef Cuts - Negotiated Sales - PM (PDF) (LM_XB403),2026-09-26T14:44:07+00:00
76346226ff08a221,2017-07-06,Beef,"Chuck, clod tender (114F  5)",Choice Cuts,,,,Choice,,,,,386.62,405.7,,,403.06,$/cwt,4.0306,per lb,National,wholesale,,,,,,2837.0,lb,,2453,National Daily Boxed Beef Cutout & Boxed Beef Cuts - Negotiated Sales - PM (PDF) (LM_XB403),2026-09-26T14:44:07+00:00
65d65caf313f4ea6,2017-07-06,Beef,"Chuck, clod tender (114F  5)",Select Cuts,,,,Select,,,,,309.0,370.6,,,317.49,$/cwt,3.1749,per lb,National,wholesale,,,,,,4812.0,lb,,2453,National Daily Boxed Beef Cutout & Boxed Beef Cuts - Negotiated Sales - PM (PDF) (LM_XB403),2026-09-26T14:44:07+00:00
6cb471c9cb673d72,2017-07-06,Beef,"Chuck, clod, arm roast (114E  3)",Choice Cuts,,,,Choice,,,,,248.67,286.42,,,256.36,$/cwt,2.5636,per lb,National,wholesale,,,,,,142016.0,lb,,2453,National Daily Boxed Beef Cutout & Boxed Beef Cuts - Negotiated Sales - PM (PDF) (LM_XB403),2026-09-26T14:44:07+00:00
2a15f367742799fc,2017-07-06,Beef,"Chuck, clod, top blade (114D  3)",Choice Cuts,,,,Choice,,,,,290.0,309.0,,,290.43,$/cwt,2.9043,per lb,National,wholesale,,,,,,7491.0,lb,,2453,National Daily Boxed Beef Cutout & Boxed Beef Cuts - Negotiated Sales - PM (PDF) (LM_XB403),2026-09-26T14:44:07+00:00
ac2f9c5bbd4d5891,2017-07-06,Beef,"Chuck, flap (116G  4)",Choice Cuts,,,,Choice,,,,,473.35,561.0,,,503.3,$/cwt,5.033,per lb,National,wholesale,,,,,,28533.0,lb,,2453,National Daily Boxed Beef Cutout & Boxed Beef Cuts - Negotiated Sales - PM (PDF) (LM_XB403),2026-09-26T14:44:07+00:00
210d7833785342ff,2017-07-06,Beef,"Chuck, flap (116G  4)",Select Cuts,,,,Select,,,,,464.2,515.0,,,486.4,$/cwt,4.864,per lb,National,wholesale,,,,,,3202.0,lb,,2453,National Daily Boxed Beef Cutout & Boxed Beef Cuts - Negotiated Sales - PM (PDF) (LM_XB403),2026-09-26T14:44:07+00:00
2f0788195b12fde4,2017-07-06,Beef,"Chuck, roll, lxl, neck/off (116A  3)",Choice Cuts,,,,Choice,,,,,239.0,275.73,,,243.43,$/cwt,2.4343,per lb,National,wholesale,,,,,,323672.0,lb,,2453,National Daily Boxed Beef Cutout & Boxed Beef Cuts - Negotiated Sales - PM (PDF) (LM_XB403),2026-09-26T14:44:07+00:00
7084fd97e92dbd0b,2017-07-06,Beef,"Chuck, roll, lxl, neck/off (116A  3)",Select Cuts,,,,Select,,,,,236.0,264.77,,,240.84,$/cwt,2.4084,per lb,National,wholesale,,,,,,143183.0,lb,,2453,National Daily Boxed Beef Cutout & Boxed Beef Cuts - Negotiated Sales - PM (PDF) (LM_XB403),2026-09-26T14:44:07+00:00
a2c67a11304e6194,2017-07-06,Beef,"Chuck, semi-bnls, neck/off (113C  1)",Choice Cuts,,,,Choice,,,,,201.25,215.0,,,210.87,$/cwt,2.1087,per lb,National,wholesale,,,,,,17214.0,lb,,2453,National Daily Boxed Beef Cutout & Boxed Beef Cuts - Negotiated Sales - PM (PDF) (LM_XB403),2026-09-26T14:44:07+00:00
258958719547d626,2017-07-06,Beef,"Chuck, semi-bnls, neck/off (113C  1)",Select Cuts,,,,Select,,,,,201.25,215.0,,,207.89,$/cwt,2.0789,per lb,National,wholesale,,,,,,7355.0,lb,,2453,National Daily Boxed Beef Cutout & Boxed Beef Cuts - Negotiated Sales - PM (PDF) (LM_XB403),2026-09-26T14:44:07+00:00
29c3916ac0b30606,2017-07-06,Beef,"Chuck, short rib (130  4)",Choice Cuts,,,,Choice,,,,,350.0,383.0,,,366.52,$/cwt,3.6652,per lb,National,wholesale,,,,,,89691.0,lb,,2453,National Daily Boxed Beef Cutout & Boxed Beef Cuts - Negotiated Sales - PM (PDF) (LM_XB403),2026-09-26T14:44:07+00:00
959276ca6ac23e7d,2017-07-06,Beef,"Chuck, short rib (130  4)",Select Cuts,,,,Select,,,,,337.0,363.25,,,347.96,$/cwt,3.4796,per lb,National,wholesale,,,,,,7433.0,lb,,2453,National Daily Boxed Beef Cutout & Boxed Beef Cuts - Negotiated Sales - PM (PDF) (LM_XB403),2026-09-26T14:44:07+00:00
3c4523537dfa886b,2017-07-06,Beef,"Chuck, shoulder clod (114  1)",Choice Cuts,,,,Choice,,,,,204.0,219.76,,,208.55,$/cwt,2.0855,per lb,National,wholesale,,,,,,64403.0,lb,,2453,National Daily Boxed Beef Cutout & Boxed Beef Cuts - Negotiated Sales - PM (PDF) (LM_XB403),2026-09-26T14:44:07+00:00
1089058e9fc5614c,2017-07-06,Beef,"Chuck, shoulder clod (114  1)",Select Cuts,,,,Select,,,,,203.26,219.77,,,213.55,$/cwt,2.1355,per lb,National,wholesale,,,,,,22719.0,lb,,2453,National Daily Boxed Beef Cutout & Boxed Beef Cuts - Negotiated Sales - PM (PDF) (LM_XB403),2026-09-26T14:44:07+00:00
0d12097e93bb11ed,2017-07-06,Beef,"Chuck, shoulder clod, trmd (114A  3)",Choice Cuts,,,,Choice,,,,,213.63,241.5,,,216.98,$/cwt,2.1698,per lb,National,wholesale,,,,,,230110.0,lb,,2453,National Daily Boxed Beef Cutout & Boxed Beef Cuts - Negotiated Sales - PM (PDF) (LM_XB403),2026-09-26T14:44:07+00:00
d94548c388ddafd5,2017-07-06,Beef,"Chuck, shoulder clod, trmd (114A  3)",Select Cuts,,,,Select,,,,,215.0,228.13,,,216.96,$/cwt,2.1696,per lb,National,wholesale,,,,,,52578.0,lb,,2453,National Daily Boxed Beef Cutout & Boxed Beef Cuts - Negotiated Sales - PM (PDF) (LM_XB403),2026-09-26T14:44:07+00:00
4d25b29fe10d86f7,2017-07-06,Beef,Cutout 600-900 lb,,,,,Select,,,,,,,,,203.76,$/cwt,2.0376,per lb,National,wholesale,,,,,,,,,2453,National Daily Boxed Beef Cutout & Boxed Beef Cuts - Negotiated Sales - PM (PDF) (LM_XB403),2026-09-26T14:44:07+00:00
d17e4028f3801666,2017-07-06,Beef,Cutout 600-900 lb,,,,,Choice,,,,,,,,,220.05,$/cwt,2.2005,per lb,National,wholesale,,,,,,,,,2453,National Daily Boxed Beef Cutout & Boxed Beef Cuts - Negotiated Sales - PM (PDF) (LM_XB403),2026-09-26T14:44:07+00:00
0445353322234d02,2017-07-06,Beef,"Flank, flank steak (193  4)",Choice Cuts,,,,Choice,,,,,483.63,525.25,,,502.1,$/cwt,5.021,per lb,National,wholesale,,,,,,36249.0,lb,,2453,National Daily Boxed Beef Cutout & Boxed Beef Cuts - Negotiated Sales - PM (PDF) (LM_XB403),2026-09-26T14:44:07+00:00
aa8ea062b7b798b9,2017-07-06,Beef,"Flank, flank steak (193  4)",Select Cuts,,,,Select,,,,,398.0,419.5,,,408.24,$/cwt,4.0824,per lb,National,wholesale,,,,,,21211.0,lb,,2453,National Daily Boxed Beef Cutout & Boxed Beef Cuts - Negotiated Sales - PM (PDF) (LM_XB403),2026-09-26T14:44:07+00:00
13ffe796a5e76f5b,2017-07-06,Beef,Ground Beef 73%,Ground Beef,,,,,,,,,178.0,211.0,,,182.24,$/cwt,1.8224,per lb,National,wholesale,,,,,,328739.0,lb,,2453,National Daily Boxed Beef Cutout & Boxed Beef Cuts - Negotiated Sales - PM (PDF) (LM_XB403),2026-09-26T14:44:07+00:00
f867956aee37af45,2017-07-06,Beef,Ground Beef 81%,Ground Beef,,,,,,,,,199.48,238.0,,,207.23,$/cwt,2.0723,per lb,National,wholesale,,,,,,328664.0,lb,,2453,National Daily Boxed Beef Cutout & Boxed Beef Cuts - Negotiated Sales - PM (PDF) (LM_XB403),2026-09-26T14:44:07+00:00
5891d16051eb8e15,2017-07-06,Beef,Ground Beef 93%,Ground Beef,,,,,,,,,317.0,328.5,,,326.19,$/cwt,3.2619,per lb,National,wholesale,,,,,,21091.0,lb,,2453,National Daily Boxed Beef Cutout & Boxed Beef Cuts - Negotiated Sales - PM (PDF) (LM_XB403),2026-09-26T14:44:07+00:00
c1de37877a14cd46,2017-07-06,Beef,Ground Beef Chuck,Ground Beef,,,,,,,,,213.0,233.81,,,220.44,$/cwt,2.2044,per lb,National,wholesale,,,,,,96904.0,lb,,2453,National Daily Boxed Beef Cutout & Boxed Beef Cuts - Negotiated Sales - PM (PDF) (LM_XB403),2026-09-26T14:44:07+00:00
68f5fdd769a0869f,2017-07-06,Beef,Ground Beef Round,Ground Beef,,,,,,,,,270.0,286.0,,,281.28,$/cwt,2.8128,per lb,National,wholesale,,,,,,20712.0,lb,,2453,National Daily Boxed Beef Cutout & Boxed Beef Cuts - Negotiated Sales - PM (PDF) (LM_XB403),2026-09-26T14:44:07+00:00
541ab20edf5d088c,2017-07-06,Beef,"Loin, ball-tip, bnls, heavy (185B  1)",Choice Cuts,,,,Choice,,,,,292.0,331.0,,,303.54,$/cwt,3.0354,per lb,National,wholesale,,,,,,142936.0,lb,,2453,National Daily Boxed Beef Cutout & Boxed Beef Cuts - Negotiated Sales - PM (PDF) (LM_XB403),2026-09-26T14:44:07+00:00
03e6d4f60c441461,2017-07-06,Beef,"Loin, ball-tip, bnls, heavy (185B  1)",Select Cuts,,,,Select,,,,,250.75,286.5,,,261.7,$/cwt,2.617,per lb,National,wholesale,,,,,,16680.0,lb,,2453,National Daily Boxed Beef Cutout & Boxed Beef Cuts - Negotiated Sales - PM (PDF) (LM_XB403),2026-09-26T14:44:07+00:00
ed93c0986cbd6449,2017-07-06,Beef,"Loin, bottom sirloin, flap (185A  4)",Choice Cuts,,,,Choice,,,,,499.61,558.0,,,514.91,$/cwt,5.1491,per lb,National,wholesale,,,,,,107983.0,lb,,2453,National Daily Boxed Beef Cutout & Boxed Beef Cuts - Negotiated Sales - PM (PDF) (LM_XB403),2026-09-26T14:44:07+00:00
7a6ec8f87878a1fc,2017-07-06,Beef,"Loin, butt tender, trimmed (191A  4)",Choice Cuts,,,,Choice,,,,,890.0,950.0,,,942.17,$/cwt,9.4217,per lb,National,wholesale,,,,,,13083.0,lb,,2453,National Daily Boxed Beef Cutout & Boxed Beef Cuts - Negotiated Sales - PM (PDF) (LM_XB403),2026-09-26T14:44:07+00:00
5ccd6e21e283727a,2017-07-06,Beef,"Loin, short loin, 0x1 (174  3)",Choice Cuts,,,,Choice,,,,,528.0,609.65,,,539.41,$/cwt,5.3941,per lb,National,wholesale,,,,,,116804.0,lb,,2453,National Daily Boxed Beef Cutout & Boxed Beef Cuts - Negotiated Sales - PM (PDF) (LM_XB403),2026-09-26T14:44:07+00:00
83f0d0305600fba6,2017-07-06,Beef,"Loin, short loin, 0x1 (174  3)",Select Cuts,,,,Select,,,,,445.45,495.25,,,451.61,$/cwt,4.5161,per lb,National,wholesale,,,,,,30345.0,lb,,2453,National Daily Boxed Beef Cutout & Boxed Beef Cuts - Negotiated Sales - PM (PDF) (LM_XB403),2026-09-26T14:44:07+00:00
86083f64cf110b4e,2017-07-06,Beef,"Loin, sirloin, tri-tip (185C  1)",Choice Cuts,,,,Choice,,,,,460.0,516.5,,,478.02,$/cwt,4.7802,per lb,National,wholesale,,,,,,12049.0,lb,,2453,National Daily Boxed Beef Cutout & Boxed Beef Cuts - Negotiated Sales - PM (PDF) (LM_XB403),2026-09-26T14:44:07+00:00
a964ab78a8bd7d98,2017-07-06,Beef,"Loin, sirloin, tri-tip (185C  1)",Select Cuts,,,,Select,,,,,348.0,374.75,,,358.7,$/cwt,3.587,per lb,National,wholesale,,,,,,8863.0,lb,,2453,National Daily Boxed Beef Cutout & Boxed Beef Cuts - Negotiated Sales - PM (PDF) (LM_XB403),2026-09-26T14:44:07+00:00
42970bf9b849c799,2017-07-06,Beef,"Loin, sirloin, tri-tip, pld (185D  4)",Choice Cuts,,,,Choice,,,,,620.0,695.75,,,643.66,$/cwt,6.4366,per lb,National,wholesale,,,,,,8584.0,lb,,2453,National Daily Boxed Beef Cutout & Boxed Beef Cuts - Negotiated Sales - PM (PDF) (LM_XB403),2026-09-26T14:44:07+00:00
5d6fc8f82326d71f,2017-07-06,Beef,"Loin, strip loin, 1x1 (175  3)",Choice Cuts,,,,Choice,,,,,520.26,593.0,,,524.68,$/cwt,5.2468,per lb,National,wholesale,,,,,,14427.0,lb,,2453,National Daily Boxed Beef Cutout & Boxed Beef Cuts - Negotiated Sales - PM (PDF) (LM_XB403),2026-09-26T14:44:07+00:00
e0125af7b081b8f4,2017-07-06,Beef,"Loin, strip, bnls, 0x1 (180  3)",Choice Cuts,,,,Choice,,,,,610.0,678.0,,,628.91,$/cwt,6.2891,per lb,National,wholesale,,,,,,50057.0,lb,,2453,National Daily Boxed Beef Cutout & Boxed Beef Cuts - Negotiated Sales - PM (PDF) (LM_XB403),2026-09-26T14:44:07+00:00
f1c5807357e62133,2017-07-06,Beef,"Loin, strip, bnls, 0x1 (180  3)",Select Cuts,,,,Select,,,,,425.2,500.0,,,431.01,$/cwt,4.3101,per lb,National,wholesale,,,,,,227776.0,lb,,2453,National Daily Boxed Beef Cutout & Boxed Beef Cuts - Negotiated Sales - PM (PDF) (LM_XB403),2026-09-26T14:44:07+00:00
9767f5e68671b52f,2017-07-06,Beef,"Loin, tndrloin, trmd, heavy (189A  4)",Choice Cuts,,,,Choice,,,,,960.0,1170.0,,,997.65,$/cwt,9.9765,per lb,National,wholesale,,,,,,156144.0,lb,,2453,National Daily Boxed Beef Cutout & Boxed Beef Cuts - Negotiated Sales - PM (PDF) (LM_XB403),2026-09-26T14:44:07+00:00
8ae95261bdcc32ac,2017-07-06,Beef,"Loin, tndrloin, trmd, heavy (189A  4)",Select Cuts,,,,Select,,,,,896.17,1041.5,,,919.37,$/cwt,9.1937,per lb,National,wholesale,,,,,,57797.0,lb,,2453,National Daily Boxed Beef Cutout & Boxed Beef Cuts - Negotiated Sales - PM (PDF) (LM_XB403),2026-09-26T14:44:07+00:00
65c41361957818d3,2017-07-06,Beef,"Loin, top butt, CC (184B  3)",Choice Cuts,,,,Choice,,,,,537.0,555.25,,,537.29,$/cwt,5.3729,per lb,National,wholesale,,,,,,11007.0,lb,,2453,National Daily Boxed Beef Cutout & Boxed Beef Cuts - Negotiated Sales - PM (PDF) (LM_XB403),2026-09-26T14:44:07+00:00
f6151869222bfeee,2017-07-06,Beef,"Loin, top butt, bnls, heavy (184  1)",Choice Cuts,,,,Choice,,,,,344.0,374.0,,,364.93,$/cwt,3.6493,per lb,National,wholesale,,,,,,15091.0,lb,,2453,National Daily Boxed Beef Cutout & Boxed Beef Cuts - Negotiated Sales - PM (PDF) (LM_XB403),2026-09-26T14:44:07+00:00
520d40d1c4e2194f,2017-07-06,Beef,"Loin, top butt, bnls, heavy (184  1)",Select Cuts,,,,Select,,,,,271.0,302.0,,,273.78,$/cwt,2.7378,per lb,National,wholesale,,,,,,14852.0,lb,,2453,National Daily Boxed Beef Cutout & Boxed Beef Cuts - Negotiated Sales - PM (PDF) (LM_XB403),2026-09-26T14:44:07+00:00
734adf7e5b781ece,2017-07-06,Beef,"Loin, top butt, boneless (184  3)",Choice Cuts,,,,Choice,,,,,354.0,408.32,,,368.74,$/cwt,3.6874,per lb,National,wholesale,,,,,,63653.0,lb,,2453,National Daily Boxed Beef Cutout & Boxed Beef Cuts - Negotiated Sales - PM (PDF) (LM_XB403),2026-09-26T14:44:07+00:00
e749577260201576,2017-07-06,Beef,"Loin, top butt, boneless (184  3)",Select Cuts,,,,Select,,,,,275.62,319.0,,,287.22,$/cwt,2.8722,per lb,National,wholesale,,,,,,71968.0,lb,,2453,National Daily Boxed Beef Cutout & Boxed Beef Cuts - Negotiated Sales - PM (PDF) (LM_XB403),2026-09-26T14:44:07+00:00
73f267ffcda1287f,2017-07-06,Beef,"Rib, ribeye, bnls, heavy (112A  3)",Choice Cuts,,,,Choice,,,,,735.0,810.0,,,761.69,$/cwt,7.6169,per lb,National,wholesale,,,,,,48682.0,lb,,2453,National Daily Boxed Beef Cutout & Boxed Beef Cuts - Negotiated Sales - PM (PDF) (LM_XB403),2026-09-26T14:44:07+00:00
028c48db9a29035c,2017-07-06,Beef,"Rib, ribeye, bnls, heavy (112A  3)",Select Cuts,,,,Select,,,,,615.67,710.0,,,652.64,$/cwt,6.5264,per lb,National,wholesale,,,,,,32492.0,lb,,2453,National Daily Boxed Beef Cutout & Boxed Beef Cuts - Negotiated Sales - PM (PDF) (LM_XB403),2026-09-26T14:44:07+00:00
25eb9d4f6d1f050e,2017-07-06,Beef,"Rib, ribeye, bnls, light (112A  3)",Choice Cuts,,,,Choice,,,,,720.0,823.75,,,734.09,$/cwt,7.3409,per lb,National,wholesale,,,,,,130179.0,lb,,2453,National Daily Boxed Beef Cutout & Boxed Beef Cuts - Negotiated Sales - PM (PDF) (LM_XB403),2026-09-26T14:44:07+00:00
982b44f8feebe86b,2017-07-06,Beef,"Rib, ribeye, bnls, light (112A  3)",Select Cuts,,,,Select,,,,,615.67,710.0,,,623.2,$/cwt,6.232,per lb,National,wholesale,,,,,,36399.0,lb,,2453,National Daily Boxed Beef Cutout & Boxed Beef Cuts - Negotiated Sales - PM (PDF) (LM_XB403),2026-09-26T14:44:07+00:00
574bcda17f14fb50,2017-07-06,Beef,"Rib, ribeye, lip-on, bn-in (109E  1)",Choice Cuts,,,,Choice,,,,,635.0,726.0,,,651.02,$/cwt,6.5102,per lb,National,wholesale,,,,,,91024.0,lb,,2453,National Daily Boxed Beef Cutout & Boxed Beef Cuts - Negotiated Sales - PM (PDF) (LM_XB403),2026-09-26T14:44:07+00:00
74cc6b50bb12c3f5,2017-07-06,Beef,"Rib, ribeye, lip-on, bn-in (109E  1)",Select Cuts,,,,Select,,,,,575.0,593.0,,,575.69,$/cwt,5.7569,per lb,National,wholesale,,,,,,43872.0,lb,,2453,National Daily Boxed Beef Cutout & Boxed Beef Cuts - Negotiated Sales - PM (PDF) (LM_XB403),2026-09-26T14:44:07+00:00
c67b63fd28f59838,2017-07-06,Beef,"Round, bottom gooseneck (170  1)",Choice Cuts,,,,Choice,,,,,195.0,219.25,,,203.59,$/cwt,2.0359,per lb,National,wholesale,,,,,,33635.0,lb,,2453,National Daily Boxed Beef Cutout & Boxed Beef Cuts - Negotiated Sales - PM (PDF) (LM_XB403),2026-09-26T14:44:07+00:00
006d741440091abd,2017-07-06,Beef,"Round, bottom gooseneck (170  1)",Select Cuts,,,,Select,,,,,194.75,203.0,,,199.59,$/cwt,1.9959,per lb,National,wholesale,,,,,,30916.0,lb,,2453,National Daily Boxed Beef Cutout & Boxed Beef Cuts - Negotiated Sales - PM (PDF) (LM_XB403),2026-09-26T14:44:07+00:00
1425bd1fd011f8dc,2017-07-06,Beef,"Round, eye of round (171C  3)",Choice Cuts,,,,Choice,,,,,220.0,251.5,,,229.04,$/cwt,2.2904,per lb,National,wholesale,,,,,,84739.0,lb,,2453,National Daily Boxed Beef Cutout & Boxed Beef Cuts - Negotiated Sales - PM (PDF) (LM_XB403),2026-09-26T14:44:07+00:00
07033e494afd7071,2017-07-06,Beef,"Round, eye of round (171C  3)",Select Cuts,,,,Select,,,,,226.64,241.81,,,233.46,$/cwt,2.3346,per lb,National,wholesale,,,,,,7580.0,lb,,2453,National Daily Boxed Beef Cutout & Boxed Beef Cuts - Negotiated Sales - PM (PDF) (LM_XB403),2026-09-26T14:44:07+00:00
3c2d1f3b1f2b6071,2017-07-06,Beef,"Round, knuckle, peeled (167A  4)",Choice Cuts,,,,Choice,,,,,229.37,283.5,,,241.81,$/cwt,2.4181,per lb,National,wholesale,,,,,,134879.0,lb,,2453,National Daily Boxed Beef Cutout & Boxed Beef Cuts - Negotiated Sales - PM (PDF) (LM_XB403),2026-09-26T14:44:07+00:00
c322bd45790a41b9,2017-07-06,Beef,"Round, knuckle, peeled (167A  4)",Select Cuts,,,,Select,,,,,225.0,286.5,,,241.72,$/cwt,2.4172,per lb,National,wholesale,,,,,,47877.0,lb,,2453,National Daily Boxed Beef Cutout & Boxed Beef Cuts - Negotiated Sales - PM (PDF) (LM_XB403),2026-09-26T14:44:07+00:00
187826269664856d,2017-07-06,Beef,"Round, outside round (171B  3)",Choice Cuts,,,,Choice,,,,,200.0,235.0,,,215.09,$/cwt,2.1509,per lb,National,wholesale,,,,,,183174.0,lb,,2453,National Daily Boxed Beef Cutout & Boxed Beef Cuts - Negotiated Sales - PM (PDF) (LM_XB403),2026-09-26T14:44:07+00:00
abf4622971cc1ce6,2017-07-06,Beef,"Round, outside round (171B  3)",Select Cuts,,,,Select,,,,,206.0,236.5,,,211.13,$/cwt,2.1113,per lb,National,wholesale,,,,,,89840.0,lb,,2453,National Daily Boxed Beef Cutout & Boxed Beef Cuts - Negotiated Sales - PM (PDF) (LM_XB403),2026-09-26T14:44:07+00:00
0deb7741452b00a8,2017-07-06,Beef,"Round, top inside round (168  1)",Choice Cuts,,,,Choice,,,,,230.0,265.0,,,233.59,$/cwt,2.3359,per lb,National,wholesale,,,,,,52569.0,lb,,2453,National Daily Boxed Beef Cutout & Boxed Beef Cuts - Negotiated Sales - PM (PDF) (LM_XB403),2026-09-26T14:44:07+00:00
3d346586f91d29d6,2017-07-06,Beef,"Round, top inside round (168  1)",Select Cuts,,,,Select,,,,,230.0,249.65,,,231.49,$/cwt,2.3149,per lb,National,wholesale,,,,,,51455.0,lb,,2453,National Daily Boxed Beef Cutout & Boxed Beef Cuts - Negotiated Sales - PM (PDF) (LM_XB403),2026-09-26T14:44:07+00:00
12eb9fd233183149,2017-07-06,Beef,"Round, top inside round (168  3)",Choice Cuts,,,,Choice,,,,,236.0,264.25,,,240.29,$/cwt,2.4029,per lb,National,wholesale,,,,,,145419.0,lb,,2453,National Daily Boxed Beef Cutout & Boxed Beef Cuts - Negotiated Sales - PM (PDF) (LM_XB403),2026-09-26T14:44:07+00:00
7e37c98e5c15500d,2017-07-06,Beef,"Round, top inside round (168  3)",Select Cuts,,,,Select,,,,,232.75,271.0,,,242.44,$/cwt,2.4244,per lb,National,wholesale,,,,,,83328.0,lb,,2453,National Daily Boxed Beef Cutout & Boxed Beef Cuts - Negotiated Sales - PM (PDF) (LM_XB403),2026-09-26T14:44:07+00:00
4603f259dbd37776,2017-07-06,Beef,"Round, top inside, cap off (169A  5)",Choice Cuts,,,,Choice,,,,,327.0,345.0,,,329.7,$/cwt,3.297,per lb,National,wholesale,,,,,,42734.0,lb,,2453,National Daily Boxed Beef Cutout & Boxed Beef Cuts - Negotiated Sales - PM (PDF) (LM_XB403),2026-09-26T14:44:07+00:00
f4d073dd217464a0,2017-07-06,Beef,"Round, top inside, denuded (169  5)",Choice Cuts,,,,Choice,,,,,276.0,303.77,,,288.79,$/cwt,2.8879,per lb,National,wholesale,,,,,,28904.0,lb,,2453,National Daily Boxed Beef Cutout & Boxed Beef Cuts - Negotiated Sales - PM (PDF) (LM_XB403),2026-09-26T14:44:07+00:00
d1ff9b67eff447e1,2017-07-06,Beef,"Short Plate, short rib (123A  3)",Choice Cuts,,,,Choice,,,,,461.0,520.0,,,480.83,$/cwt,4.8083,per lb,National,wholesale,,,,,,27243.0,lb,,2453,National Daily Boxed Beef Cutout & Boxed Beef Cuts - Negotiated Sales - PM (PDF) (LM_XB403),2026-09-26T14:44:07+00:00
131cd121d2da2e1a,2017-07-07,Beef,"Brisket, deckle-off, bnls (120  1)",Choice Cuts,,,,Choice,,,,,209.0,262.0,,,226.54,$/cwt,2.2654,per lb,National,wholesale,,,,,,267483.0,lb,,2453,National Daily Boxed Beef Cutout & Boxed Beef Cuts - Negotiated Sales - PM (PDF) (LM_XB403),2026-09-26T14:44:07+00:00
1101f81a8771de5e,2017-07-07,Beef,"Brisket, deckle-off, bnls (120  1)",Select Cuts,,,,Select,,,,,200.0,250.0,,,210.23,$/cwt,2.1023,per lb,National,wholesale,,,,,,109114.0,lb,,2453,National Daily Boxed Beef Cutout & Boxed Beef Cuts - Negotiated Sales - PM (PDF) (LM_XB403),2026-09-26T14:44:07+00:00
f0975a82992a128b,2017-07-07,Beef,"Brisket, point/off, bnls (120A  3)",Choice Cuts,,,,Choice,,,,,360.0,383.0,,,366.67,$/cwt,3.6667,per lb,National,wholesale,,,,,,8476.0,lb,,2453,National Daily Boxed Beef Cutout & Boxed Beef Cuts - Negotiated Sales - PM (PDF) (LM_XB403),2026-09-26T14:44:07+00:00
48d27109464e8e99,2017-07-07,Beef,"Chuck, chuck tender (116B  1)",Choice Cuts,,,,Choice,,,,,224.0,241.5,,,231.28,$/cwt,2.3128,per lb,National,wholesale,,,,,,68523.0,lb,,2453,National Daily Boxed Beef Cutout & Boxed Beef Cuts - Negotiated Sales - PM (PDF) (LM_XB403),2026-09-26T14:44:07+00:00
cb1a55b0cbc51187,2017-07-07,Beef,"Chuck, clod tender (114F  5)",Choice Cuts,,,,Choice,,,,,360.0,428.35,,,409.4,$/cwt,4.094,per lb,National,wholesale,,,,,,12001.0,lb,,2453,National Daily Boxed Beef Cutout & Boxed Beef Cuts - Negotiated Sales - PM (PDF) (LM_XB403),2026-09-26T14:44:07+00:00
ca83eb85a28921ae,2017-07-07,Beef,"Chuck, clod tender (114F  5)",Select Cuts,,,,Select,,,,,270.0,370.0,,,273.57,$/cwt,2.7357,per lb,National,wholesale,,,,,,30475.0,lb,,2453,National Daily Boxed Beef Cutout & Boxed Beef Cuts - Negotiated Sales - PM (PDF) (LM_XB403),2026-09-26T14:44:07+00:00
890cf02ee425bac4,2017-07-07,Beef,"Chuck, clod, arm roast (114E  3)",Choice Cuts,,,,Choice,,,,,240.0,266.75,,,245.28,$/cwt,2.4528,per lb,National,wholesale,,,,,,9904.0,lb,,2453,National Daily Boxed Beef Cutout & Boxed Beef Cuts - Negotiated Sales - PM (PDF) (LM_XB403),2026-09-26T14:44:07+00:00
ca2b95d7431f66f7,2017-07-07,Beef,"Chuck, clod, top blade (114D  3)",Choice Cuts,,,,Choice,,,,,290.0,340.0,,,295.59,$/cwt,2.9559,per lb,National,wholesale,,,,,,15516.0,lb,,2453,National Daily Boxed Beef Cutout & Boxed Beef Cuts - Negotiated Sales - PM (PDF) (LM_XB403),2026-09-26T14:44:07+00:00
8bdd98894c06af8f,2017-07-07,Beef,"Chuck, flap (116G  4)",Choice Cuts,,,,Choice,,,,,497.71,566.0,,,541.28,$/cwt,5.4128,per lb,National,wholesale,,,,,,8898.0,lb,,2453,National Daily Boxed Beef Cutout & Boxed Beef Cuts - Negotiated Sales - PM (PDF) (LM_XB403),2026-09-26T14:44:07+00:00
8f6dc5137d50b356,2017-07-07,Beef,"Chuck, roll, lxl, neck/off (116A  3)",Choice Cuts,,,,Choice,,,,,235.0,280.6,,,253.8,$/cwt,2.538,per lb,National,wholesale,,,,,,224813.0,lb,,2453,National Daily Boxed Beef Cutout & Boxed Beef Cuts - Negotiated Sales - PM (PDF) (LM_XB403),2026-09-26T14:44:07+00:00
fdb1acf6deb20d16,2017-07-07,Beef,"Chuck, roll, lxl, neck/off (116A  3)",Select Cuts,,,,Select,,,,,234.62,260.0,,,237.72,$/cwt,2.3772,per lb,National,wholesale,,,,,,170693.0,lb,,2453,National Daily Boxed Beef Cutout & Boxed Beef Cuts - Negotiated Sales - PM (PDF) (LM_XB403),2026-09-26T14:44:07+00:00
e6a565f2237d75a0,2017-07-07,Beef,"Chuck, roll, retail ready (916A  3)",Choice Cuts,,,,Choice,,,,,263.67,283.09,,,273.88,$/cwt,2.7388,per lb,National,wholesale,,,,,,108171.0,lb,,2453,National Daily Boxed Beef Cutout & Boxed Beef Cuts - Negotiated Sales - PM (PDF) (LM_XB403),2026-09-26T14:44:07+00:00
6a8cd27084eb2279,2017-07-07,Beef,"Chuck, semi-bnls, neck/off (113C  1)",Choice Cuts,,,,Choice,,,,,201.25,210.0,,,208.02,$/cwt,2.0802,per lb,National,wholesale,,,,,,21375.0,lb,,2453,National Daily Boxed Beef Cutout & Boxed Beef Cuts - Negotiated Sales - PM (PDF) (LM_XB403),2026-09-26T14:44:07+00:00
1fd5e6e3ad4ab57c,2017-07-07,Beef,"Chuck, short rib (130  4)",Choice Cuts,,,,Choice,,,,,348.0,399.1,,,367.38,$/cwt,3.6738,per lb,National,wholesale,,,,,,57854.0,lb,,2453,National Daily Boxed Beef Cutout & Boxed Beef Cuts - Negotiated Sales - PM (PDF) (LM_XB403),2026-09-26T14:44:07+00:00
95de475e85f4ae85,2017-07-07,Beef,"Chuck, shoulder clod (114  1)",Choice Cuts,,,,Choice,,,,,200.91,215.0,,,206.0,$/cwt,2.06,per lb,National,wholesale,,,,,,48460.0,lb,,2453,National Daily Boxed Beef Cutout & Boxed Beef Cuts - Negotiated Sales - PM (PDF) (LM_XB403),2026-09-26T14:44:07+00:00
93ac0ff7e3cefdff,2017-07-07,Beef,"Chuck, shoulder clod (114  1)",Select Cuts,,,,Select,,,,,195.87,214.0,,,200.31,$/cwt,2.0031,per lb,National,wholesale,,,,,,69658.0,lb,,2453,National Daily Boxed Beef Cutout & Boxed Beef Cuts - Negotiated Sales - PM (PDF) (LM_XB403),2026-09-26T14:44:07+00:00
cbb589f52f8cc235,2017-07-07,Beef,"Chuck, shoulder clod, trmd (114A  3)",Choice Cuts,,,,Choice,,,,,212.0,234.25,,,225.02,$/cwt,2.2502,per lb,National,wholesale,,,,,,74394.0,lb,,2453,National Daily Boxed Beef Cutout & Boxed Beef Cuts - Negotiated Sales - PM (PDF) (LM_XB403),2026-09-26T14:44:07+00:00
13492b86732ba127,2017-07-07,Beef,"Chuck, shoulder clod, trmd (114A  3)",Select Cuts,,,,Select,,,,,216.67,233.42,,,229.5,$/cwt,2.295,per lb,National,wholesale,,,,,,9833.0,lb,,2453,National Daily Boxed Beef Cutout & Boxed Beef Cuts - Negotiated Sales - PM (PDF) (LM_XB403),2026-09-26T14:44:07+00:00
8ae98b4cba159005,2017-07-07,Beef,Cutout 600-900 lb,,,,,Choice,,,,,,,,,218.84,$/cwt,2.1884,per lb,National,wholesale,,,,,,,,,2453,National Daily Boxed Beef Cutout & Boxed Beef Cuts - Negotiated Sales - PM (PDF) (LM_XB403),2026-09-26T14:44:07+00:00
e8edc4723a6c5e28,2017-07-07,Beef,Cutout 600-900 lb,,,,,Select,,,,,,,,,202.51,$/cwt,2.0251,per lb,National,wholesale,,,,,,,,,2453,National Daily Boxed Beef Cutout & Boxed Beef Cuts - Negotiated Sales - PM (PDF) (LM_XB403),2026-09-26T14:44:07+00:00
57a58c3ca07dee90,2017-07-07,Beef,"Flank, flank steak (193  4)",Choice Cuts,,,,Choice,,,,,490.25,517.6,,,500.65,$/cwt,5.0065,per lb,National,wholesale,,,,,,39991.0,lb,,2453,National Daily Boxed Beef Cutout & Boxed Beef Cuts - Negotiated Sales - PM (PDF) (LM_XB403),2026-09-26T14:44:07+00:00
533f30a35b9ef500,2017-07-07,Beef,"Flank, flank steak (193  4)",Select Cuts,,,,Select,,,,,395.0,410.0,,,402.35,$/cwt,4.0235,per lb,National,wholesale,,,,,,21889.0,lb,,2453,National Daily Boxed Beef Cutout & Boxed Beef Cuts - Negotiated Sales - PM (PDF) (LM_XB403),2026-09-26T14:44:07+00:00
884204418e5ce6e9,2017-07-07,Beef,Ground Beef 73%,Ground Beef,,,,,,,,,180.0,202.85,,,188.42,$/cwt,1.8842,per lb,National,wholesale,,,,,,141940.0,lb,,2453,National Daily Boxed Beef Cutout & Boxed Beef Cuts - Negotiated Sales - PM (PDF) (LM_XB403),2026-09-26T14:44:07+00:00
a061f77d4c472998,2017-07-07,Beef,Ground Beef 81%,Ground Beef,,,,,,,,,192.2,229.0,,,203.14,$/cwt,2.0314,per lb,National,wholesale,,,,,,326156.0,lb,,2453,National Daily Boxed Beef Cutout & Boxed Beef Cuts - Negotiated Sales - PM (PDF) (LM_XB403),2026-09-26T14:44:07+00:00
c311d840e95f390c,2017-07-07,Beef,Ground Beef 93%,Ground Beef,,,,,,,,,310.86,328.67,,,321.92,$/cwt,3.2192,per lb,National,wholesale,,,,,,65614.0,lb,,2453,National Daily Boxed Beef Cutout & Boxed Beef Cuts - Negotiated Sales - PM (PDF) (LM_XB403),2026-09-26T14:44:07+00:00
2eebf3b04d15e985,2017-07-07,Beef,Ground Beef Chuck,Ground Beef,,,,,,,,,210.26,236.81,,,218.37,$/cwt,2.1837,per lb,National,wholesale,,,,,,76199.0,lb,,2453,National Daily Boxed Beef Cutout & Boxed Beef Cuts - Negotiated Sales - PM (PDF) (LM_XB403),2026-09-26T14:44:07+00:00
c6799c007a250301,2017-07-07,Beef,Ground Beef Round,Ground Beef,,,,,,,,,277.0,285.0,,,279.68,$/cwt,2.7968,per lb,National,wholesale,,,,,,3485.0,lb,,2453,National Daily Boxed Beef Cutout & Boxed Beef Cuts - Negotiated Sales - PM (PDF) (LM_XB403),2026-09-26T14:44:07+00:00
d9be1967d6ddee9c,2017-07-07,Beef,"Loin, ball-tip, bnls, heavy (185B  1)",Choice Cuts,,,,Choice,,,,,265.0,322.0,,,300.26,$/cwt,3.0026,per lb,National,wholesale,,,,,,38078.0,lb,,2453,National Daily Boxed Beef Cutout & Boxed Beef Cuts - Negotiated Sales - PM (PDF) (LM_XB403),2026-09-26T14:44:07+00:00
27ba900f266835a3,2017-07-07,Beef,"Loin, ball-tip, bnls, heavy (185B  1)",Select Cuts,,,,Select,,,,,243.6,310.0,,,247.8,$/cwt,2.478,per lb,National,wholesale,,,,,,97006.0,lb,,2453,National Daily Boxed Beef Cutout & Boxed Beef Cuts - Negotiated Sales - PM (PDF) (LM_XB403),2026-09-26T14:44:07+00:00
b66f17b53d1ded8c,2017-07-07,Beef,"Loin, bottom sirloin, flap (185A  4)",Choice Cuts,,,,Choice,,,,,504.0,580.0,,,521.45,$/cwt,5.2145,per lb,National,wholesale,,,,,,55299.0,lb,,2453,National Daily Boxed Beef Cutout & Boxed Beef Cuts - Negotiated Sales - PM (PDF) (LM_XB403),2026-09-26T14:44:07+00:00
9995efbdf88d8cde,2017-07-07,Beef,"Loin, bottom sirloin, flap (185A  4)",Select Cuts,,,,Select,,,,,470.82,611.25,,,477.88,$/cwt,4.7788,per lb,National,wholesale,,,,,,173452.0,lb,,2453,National Daily Boxed Beef Cutout & Boxed Beef Cuts - Negotiated Sales - PM (PDF) (LM_XB403),2026-09-26T14:44:07+00:00
3b3300d65da08d67,2017-07-07,Beef,"Loin, butt tender, trimmed (191A  4)",Select Cuts,,,,Select,,,,,802.0,802.0,,,802.0,$/cwt,8.02,per lb,National,wholesale,,,,,,27780.0,lb,,2453,National Daily Boxed Beef Cutout & Boxed Beef Cuts - Negotiated Sales - PM (PDF) (LM_XB403),2026-09-26T14:44:07+00:00
f9b00df4c10cf2f5,2017-07-07,Beef,"Loin, short loin, 0x1 (174  3)",Choice Cuts,,,,Choice,,,,,513.0,570.0,,,549.95,$/cwt,5.4995,per lb,National,wholesale,,,,,,259093.0,lb,,2453,National Daily Boxed Beef Cutout & Boxed Beef Cuts - Negotiated Sales - PM (PDF) (LM_XB403),2026-09-26T14:44:07+00:00
f3cd0fcbaf0f8b86,2017-07-07,Beef,"Loin, short loin, 0x1 (174  3)",Select Cuts,,,,Select,,,,,443.0,487.89,,,452.11,$/cwt,4.5211,per lb,National,wholesale,,,,,,12013.0,lb,,2453,National Daily Boxed Beef Cutout & Boxed Beef Cuts - Negotiated Sales - PM (PDF) (LM_XB403),2026-09-26T14:44:07+00:00
8a2d6b907ffb8611,2017-07-07,Beef,"Loin, sirloin, tri-tip (185C  1)",Choice Cuts,,,,Choice,,,,,447.8,490.75,,,455.09,$/cwt,4.5509,per lb,National,wholesale,,,,,,13561.0,lb,,2453,National Daily Boxed Beef Cutout & Boxed Beef Cuts - Negotiated Sales - PM (PDF) (LM_XB403),2026-09-26T14:44:07+00:00
91e104053f02eeb2,2017-07-07,Beef,"Loin, sirloin, tri-tip (185C  1)",Select Cuts,,,,Select,,,,,346.71,381.0,,,348.08,$/cwt,3.4808,per lb,National,wholesale,,,,,,7918.0,lb,,2453,National Daily Boxed Beef Cutout & Boxed Beef Cuts - Negotiated Sales - PM (PDF) (LM_XB403),2026-09-26T14:44:07+00:00
851e0433aa52b345,2017-07-07,Beef,"Loin, sirloin, tri-tip, pld (185D  4)",Choice Cuts,,,,Choice,,,,,643.0,702.0,,,679.72,$/cwt,6.7972,per lb,National,wholesale,,,,,,6116.0,lb,,2453,National Daily Boxed Beef Cutout & Boxed Beef Cuts - Negotiated Sales - PM (PDF) (LM_XB403),2026-09-26T14:44:07+00:00
a1ea1837c2a96a9f,2017-07-07,Beef,"Loin, strip loin bnls. 1x1 (  1)",Choice Cuts,,,,Choice,,,,,552.0,600.0,,,589.39,$/cwt,5.8939,per lb,National,wholesale,,,,,,1610.0,lb,,2453,National Daily Boxed Beef Cutout & Boxed Beef Cuts - Negotiated Sales - PM (PDF) (LM_XB403),2026-09-26T14:44:07+00:00
34f52b95b4837fc1,2017-07-07,Beef,"Loin, strip, bnls, 0x1 (180  3)",Choice Cuts,,,,Choice,,,,,600.0,653.5,,,624.81,$/cwt,6.2481,per lb,National,wholesale,,,,,,132776.0,lb,,2453,National Daily Boxed Beef Cutout & Boxed Beef Cuts - Negotiated Sales - PM (PDF) (LM_XB403),2026-09-26T14:44:07+00:00
fcfd1d08cc54f223,2017-07-07,Beef,"Loin, strip, bnls, 0x1 (180  3)",Select Cuts,,,,Select,,,,,430.0,460.0,,,435.98,$/cwt,4.3598,per lb,National,wholesale,,,,,,23476.0,lb,,2453,National Daily Boxed Beef Cutout & Boxed Beef Cuts - Negotiated Sales - PM (PDF) (LM_XB403),2026-09-26T14:44:07+00:00
1930b7e1fb1c28bf,2017-07-07,Beef,"Loin, tndrloin, trmd, heavy (189A  4)",Choice Cuts,,,,Choice,,,,,958.0,1176.5,,,1012.22,$/cwt,10.1222,per lb,National,wholesale,,,,,,66674.0,lb,,2453,National Daily Boxed Beef Cutout & Boxed Beef Cuts - Negotiated Sales - PM (PDF) (LM_XB403),2026-09-26T14:44:07+00:00
236f2630a756ef3b,2017-07-07,Beef,"Loin, tndrloin, trmd, heavy (189A  4)",Select Cuts,,,,Select,,,,,891.46,1022.25,,,919.33,$/cwt,9.1933,per lb,National,wholesale,,,,,,11308.0,lb,,2453,National Daily Boxed Beef Cutout & Boxed Beef Cuts - Negotiated Sales - PM (PDF) (LM_XB403),2026-09-26T14:44:07+00:00
e70fb1a31865edef,2017-07-07,Beef,"Loin, top butt, bnls, heavy (184  1)",Choice Cuts,,,,Choice,,,,,351.25,375.0,,,366.33,$/cwt,3.6633,per lb,National,wholesale,,,,,,8795.0,lb,,2453,National Daily Boxed Beef Cutout & Boxed Beef Cuts - Negotiated Sales - PM (PDF) (LM_XB403),2026-09-26T14:44:07+00:00
a158a00332c7234d,2017-07-07,Beef,"Loin, top butt, bnls, heavy (184  1)",Select Cuts,,,,Select,,,,,250.0,301.5,,,258.45,$/cwt,2.5845,per lb,National,wholesale,,,,,,56027.0,lb,,2453,National Daily Boxed Beef Cutout & Boxed Beef Cuts - Negotiated Sales - PM (PDF) (LM_XB403),2026-09-26T14:44:07+00:00
0032b2d3a792b7ff,2017-07-07,Beef,"Loin, top butt, boneless (184  3)",Choice Cuts,,,,Choice,,,,,360.0,401.5,,,377.3,$/cwt,3.773,per lb,National,wholesale,,,,,,161481.0,lb,,2453,National Daily Boxed Beef Cutout & Boxed Beef Cuts - Negotiated Sales - PM (PDF) (LM_XB403),2026-09-26T14:44:07+00:00
fd0754c092b7c122,2017-07-07,Beef,"Loin, top butt, boneless (184  3)",Select Cuts,,,,Select,,,,,275.34,318.0,,,292.93,$/cwt,2.9293,per lb,National,wholesale,,,,,,50440.0,lb,,2453,National Daily Boxed Beef Cutout & Boxed Beef Cuts - Negotiated Sales - PM (PDF) (LM_XB403),2026-09-26T14:44:07+00:00
24c868c04e972afc,2017-07-07,Beef,"Rib, ribeye, bnls, heavy (112A  3)",Choice Cuts,,,,Choice,,,,,710.0,807.25,,,734.87,$/cwt,7.3487,per lb,National,wholesale,,,,,,43061.0,lb,,2453,National Daily Boxed Beef Cutout & Boxed Beef Cuts - Negotiated Sales - PM (PDF) (LM_XB403),2026-09-26T14:44:07+00:00
b58fd2d238ed053c,2017-07-07,Beef,"Rib, ribeye, bnls, heavy (112A  3)",Select Cuts,,,,Select,,,,,640.0,710.0,,,658.38,$/cwt,6.5838,per lb,National,wholesale,,,,,,48844.0,lb,,2453,National Daily Boxed Beef Cutout & Boxed Beef Cuts - Negotiated Sales - PM (PDF) (LM_XB403),2026-09-26T14:44:07+00:00
e03c532ceae4f03b,2017-07-07,Beef,"Rib, ribeye, bnls, light (112A  3)",Choice Cuts,,,,Choice,,,,,710.0,787.89,,,730.06,$/cwt,7.3006,per lb,National,wholesale,,,,,,63277.0,lb,,2453,National Daily Boxed Beef Cutout & Boxed Beef Cuts - Negotiated Sales - PM (PDF) (LM_XB403),2026-09-26T14:44:07+00:00
42e84a6aa8e235b7,2017-07-07,Beef,"Rib, ribeye, bnls, light (112A  3)",Select Cuts,,,,Select,,,,,614.14,650.0,,,627.37,$/cwt,6.2737,per lb,National,wholesale,,,,,,31608.0,lb,,2453,National Daily Boxed Beef Cutout & Boxed Beef Cuts - Negotiated Sales - PM (PDF) (LM_XB403),2026-09-26T14:44:07+00:00
7e0cfe31962250ac,2017-07-07,Beef,"Rib, ribeye, lip-on, bn-in (109E  1)",Choice Cuts,,,,Choice,,,,,627.0,670.6,,,654.23,$/cwt,6.5423,per lb,National,wholesale,,,,,,140486.0,lb,,2453,National Daily Boxed Beef Cutout & Boxed Beef Cuts - Negotiated Sales - PM (PDF) (LM_XB403),2026-09-26T14:44:07+00:00
bc1444ad07fd0d83,2017-07-07,Beef,"Rib, ribeye, lip-on, bn-in (109E  1)",Select Cuts,,,,Select,,,,,558.0,586.88,,,572.45,$/cwt,5.7245,per lb,National,wholesale,,,,,,23181.0,lb,,2453,National Daily Boxed Beef Cutout & Boxed Beef Cuts - Negotiated Sales - PM (PDF) (LM_XB403),2026-09-26T14:44:07+00:00
2bdaeea11703f4c1,2017-07-07,Beef,"Round, bottom gooseneck (170  1)",Choice Cuts,,,,Choice,,,,,196.0,217.25,,,202.1,$/cwt,2.021,per lb,National,wholesale,,,,,,11488.0,lb,,2453,National Daily Boxed Beef Cutout & Boxed Beef Cuts - Negotiated Sales - PM (PDF) (LM_XB403),2026-09-26T14:44:07+00:00
8729236512240397,2017-07-07,Beef,"Round, bottom gooseneck (170  1)",Select Cuts,,,,Select,,,,,192.49,199.0,,,195.59,$/cwt,1.9559,per lb,National,wholesale,,,,,,183049.0,lb,,2453,National Daily Boxed Beef Cutout & Boxed Beef Cuts - Negotiated Sales - PM (PDF) (LM_XB403),2026-09-26T14:44:07+00:00
2972aaead357d9c8,2017-07-07,Beef,"Round, eye of round (171C  3)",Choice Cuts,,,,Choice,,,,,220.0,244.73,,,228.72,$/cwt,2.2872,per lb,National,wholesale,,,,,,126931.0,lb,,2453,National Daily Boxed Beef Cutout & Boxed Beef Cuts - Negotiated Sales - PM (PDF) (LM_XB403),2026-09-26T14:44:07+00:00
a1eebe50391e0871,2017-07-07,Beef,"Round, eye of round (171C  3)",Select Cuts,,,,Select,,,,,225.0,246.3,,,233.93,$/cwt,2.3393,per lb,National,wholesale,,,,,,15912.0,lb,,2453,National Daily Boxed Beef Cutout & Boxed Beef Cuts - Negotiated Sales - PM (PDF) (LM_XB403),2026-09-26T14:44:07+00:00
ae37111665d98fe8,2017-07-07,Beef,"Round, knuckle, peeled (167A  4)",Choice Cuts,,,,Choice,,,,,224.0,266.75,,,238.83,$/cwt,2.3883,per lb,National,wholesale,,,,,,211779.0,lb,,2453,National Daily Boxed Beef Cutout & Boxed Beef Cuts - Negotiated Sales - PM (PDF) (LM_XB403),2026-09-26T14:44:07+00:00
c6d45877aa1f5c3a,2017-07-07,Beef,"Round, knuckle, peeled (167A  4)",Select Cuts,,,,Select,,,,,237.0,262.3,,,242.1,$/cwt,2.421,per lb,National,wholesale,,,,,,12569.0,lb,,2453,National Daily Boxed Beef Cutout & Boxed Beef Cuts - Negotiated Sales - PM (PDF) (LM_XB403),2026-09-26T14:44:07+00:00
f9a824a5e96400fb,2017-07-07,Beef,"Round, outside round (171B  3)",Choice Cuts,,,,Choice,,,,,204.77,247.6,,,217.66,$/cwt,2.1766,per lb,National,wholesale,,,,,,103435.0,lb,,2453,National Daily Boxed Beef Cutout & Boxed Beef Cuts - Negotiated Sales - PM (PDF) (LM_XB403),2026-09-26T14:44:07+00:00
d55d3f3900e7dd21,2017-07-07,Beef,"Round, outside round (171B  3)",Select Cuts,,,,Select,,,,,207.0,220.25,,,215.07,$/cwt,2.1507,per lb,National,wholesale,,,,,,25696.0,lb,,2453,National Daily Boxed Beef Cutout & Boxed Beef Cuts - Negotiated Sales - PM (PDF) (LM_XB403),2026-09-26T14:44:07+00:00
11b0fcf2c776a543,2017-07-07,Beef,"Round, top inside round (168  1)",Choice Cuts,,,,Choice,,,,,231.8,256.5,,,240.56,$/cwt,2.4056,per lb,National,wholesale,,,,,,8423.0,lb,,2453,National Daily Boxed Beef Cutout & Boxed Beef Cuts - Negotiated Sales - PM (PDF) (LM_XB403),2026-09-26T14:44:07+00:00
ca235c07d71b56df,2017-07-07,Beef,"Round, top inside round (168  1)",Select Cuts,,,,Select,,,,,242.93,250.0,,,244.82,$/cwt,2.4482,per lb,National,wholesale,,,,,,4006.0,lb,,2453,National Daily Boxed Beef Cutout & Boxed Beef Cuts - Negotiated Sales - PM (PDF) (LM_XB403),2026-09-26T14:44:07+00:00
7d1835d04f247dc9,2017-07-07,Beef,"Round, top inside round (168  3)",Choice Cuts,,,,Choice,,,,,235.0,264.25,,,237.86,$/cwt,2.3786,per lb,National,wholesale,,,,,,238511.0,lb,,2453,National Daily Boxed Beef Cutout & Boxed Beef Cuts - Negotiated Sales - PM (PDF) (LM_XB403),2026-09-26T14:44:07+00:00
d0f09b7b117d1244,2017-07-07,Beef,"Round, top inside round (168  3)",Select Cuts,,,,Select,,,,,225.0,255.25,,,234.04,$/cwt,2.3404,per lb,National,wholesale,,,,,,156962.0,lb,,2453,National Daily Boxed Beef Cutout & Boxed Beef Cuts - Negotiated Sales - PM (PDF) (LM_XB403),2026-09-26T14:44:07+00:00
ca4cf31f6b8aed71,2017-07-07,Beef,"Round, top inside, cap off (169A  5)",Choice Cuts,,,,Choice,,,,,289.7,331.31,,,312.5,$/cwt,3.125,per lb,National,wholesale,,,,,,97163.0,lb,,2453,National Daily Boxed Beef Cutout & Boxed Beef Cuts - Negotiated Sales - PM (PDF) (LM_XB403),2026-09-26T14:44:07+00:00
48906c25fcfd0575,2017-07-07,Beef,"Round, top inside, denuded (169  5)",Choice Cuts,,,,Choice,,,,,281.79,306.0,,,284.18,$/cwt,2.8418,per lb,National,wholesale,,,,,,114727.0,lb,,2453,National Daily Boxed Beef Cutout & Boxed Beef Cuts - Negotiated Sales - PM (PDF) (LM_XB403),2026-09-26T14:44:07+00:00
859adfc24b1c7fb6,2017-07-07,Beef,"Round, top inside, denuded (169  5)",Select Cuts,,,,Select,,,,,271.46,307.0,,,284.91,$/cwt,2.8491,per lb,National,wholesale,,,,,,1485.0,lb,,2453,National Daily Boxed Beef Cutout & Boxed Beef Cuts - Negotiated Sales - PM (PDF) (LM_XB403),2026-09-26T14:44:07+00:00
2c2bc1d6d3715792,2017-07-07,Beef,"Short Plate, short rib (123A  3)",Choice Cuts,,,,Choice,,,,,473.93,572.25,,,534.78,$/cwt,5.3478,per lb,National,wholesale,,,,,,19979.0,lb,,2453,National Daily Boxed Beef Cutout & Boxed Beef Cuts - Negotiated Sales - PM (PDF) (LM_XB403),2026-09-26T14:44:07+00:00
8153777a683424e2,2017-07-10,Beef,"Brisket, deckle-off, bnls (120  1)",Choice Cuts,,,,Choice,,,,,206.0,256.0,,,217.19,$/cwt,2.1719,per lb,National,wholesale,,,,,,539567.0,lb,,2453,National Daily Boxed Beef Cutout & Boxed Beef Cuts - Negotiated Sales - PM (PDF) (LM_XB403),2026-09-26T14:44:07+00:00
26ffd83d57f9cf30,2017-07-10,Beef,"Brisket, deckle-off, bnls (120  1)",Select Cuts,,,,Select,,,,,231.35,240.67,,,238.85,$/cwt,2.3885,per lb,National,wholesale,,,,,,3547.0,lb,,2453,National Daily Boxed Beef Cutout & Boxed Beef Cuts - Negotiated Sales - PM (PDF) (LM_XB403),2026-09-26T14:44:07+00:00
100b211b23a2805e,2017-07-10,Beef,"Brisket, point/off, bnls (120A  3)",Choice Cuts,,,,Choice,,,,,383.0,410.0,,,398.68,$/cwt,3.9868,per lb,National,wholesale,,,,,,5525.0,lb,,2453,National Daily Boxed Beef Cutout & Boxed Beef Cuts - Negotiated Sales - PM (PDF) (LM_XB403),2026-09-26T14:44:07+00:00
a91def1d901591ec,2017-07-10,Beef,"Chuck, chuck tender (116B  1)",Choice Cuts,,,,Choice,,,,,215.0,236.0,,,223.5,$/cwt,2.235,per lb,National,wholesale,,,,,,45911.0,lb,,2453,National Daily Boxed Beef Cutout & Boxed Beef Cuts - Negotiated Sales - PM (PDF) (LM_XB403),2026-09-26T14:44:07+00:00
2c5ed87bd7b2be71,2017-07-10,Beef,"Chuck, chuck tender (116B  1)",Select Cuts,,,,Select,,,,,219.29,233.96,,,224.84,$/cwt,2.2484,per lb,National,wholesale,,,,,,45174.0,lb,,2453,National Daily Boxed Beef Cutout & Boxed Beef Cuts - Negotiated Sales - PM (PDF) (LM_XB403),2026-09-26T14:44:07+00:00
a32cda68d1670c83,2017-07-10,Beef,"Chuck, clod tender (114F  5)",Choice Cuts,,,,Choice,,,,,320.0,403.0,,,340.65,$/cwt,3.4065,per lb,National,wholesale,,,,,,14684.0,lb,,2453,National Daily Boxed Beef Cutout & Boxed Beef Cuts - Negotiated Sales - PM (PDF) (LM_XB403),2026-09-26T14:44:07+00:00
be0641dab73a5f51,2017-07-10,Beef,"Chuck, clod tender (114F  5)",Select Cuts,,,,Select,,,,,361.0,370.0,,,366.27,$/cwt,3.6627,per lb,National,wholesale,,,,,,3915.0,lb,,2453,National Daily Boxed Beef Cutout & Boxed Beef Cuts - Negotiated Sales - PM (PDF) (LM_XB403),2026-09-26T14:44:07+00:00
eeb89534ca4cdd04,2017-07-10,Beef,"Chuck, clod, arm roast (114E  3)",Choice Cuts,,,,Choice,,,,,247.0,260.0,,,250.65,$/cwt,2.5065,per lb,National,wholesale,,,,,,10776.0,lb,,2453,National Daily Boxed Beef Cutout & Boxed Beef Cuts - Negotiated Sales - PM (PDF) (LM_XB403),2026-09-26T14:44:07+00:00
cffad69c75fa86fb,2017-07-10,Beef,"Chuck, clod, top blade (114D  3)",Choice Cuts,,,,Choice,,,,,341.05,351.14,,,343.67,$/cwt,3.4367,per lb,National,wholesale,,,,,,5410.0,lb,,2453,National Daily Boxed Beef Cutout & Boxed Beef Cuts - Negotiated Sales - PM (PDF) (LM_XB403),2026-09-26T14:44:07+00:00
aa32fa296a442471,2017-07-10,Beef,"Chuck, flap (116G  4)",Choice Cuts,,,,Choice,,,,,491.91,525.86,,,503.27,$/cwt,5.0327,per lb,National,wholesale,,,,,,21920.0,lb,,2453,National Daily Boxed Beef Cutout & Boxed Beef Cuts - Negotiated Sales - PM (PDF) (LM_XB403),2026-09-26T14:44:07+00:00
d721ac1f4fdf9c9a,2017-07-10,Beef,"Chuck, flap (116G  4)",Select Cuts,,,,Select,,,,,457.87,498.8,,,461.09,$/cwt,4.6109,per lb,National,wholesale,,,,,,40627.0,lb,,2453,National Daily Boxed Beef Cutout & Boxed Beef Cuts - Negotiated Sales - PM (PDF) (LM_XB403),2026-09-26T14:44:07+00:00
40a378f7a5a12372,2017-07-10,Beef,"Chuck, roll, lxl, neck/off (116A  3)",Choice Cuts,,,,Choice,,,,,235.67,268.0,,,248.65,$/cwt,2.4865,per lb,National,wholesale,,,,,,82666.0,lb,,2453,National Daily Boxed Beef Cutout & Boxed Beef Cuts - Negotiated Sales - PM (PDF) (LM_XB403),2026-09-26T14:44:07+00:00
ecba4beec91cc24d,2017-07-10,Beef,"Chuck, roll, lxl, neck/off (116A  3)",Select Cuts,,,,Select,,,,,234.48,270.0,,,238.46,$/cwt,2.3846,per lb,National,wholesale,,,,,,172282.0,lb,,2453,National Daily Boxed Beef Cutout & Boxed Beef Cuts - Negotiated Sales - PM (PDF) (LM_XB403),2026-09-26T14:44:07+00:00
9bfa0dec8d58fe3e,2017-07-10,Beef,"Chuck, roll, retail ready (916A  3)",Choice Cuts,,,,Choice,,,,,260.0,273.14,,,266.19,$/cwt,2.6619,per lb,National,wholesale,,,,,,79165.0,lb,,2453,National Daily Boxed Beef Cutout & Boxed Beef Cuts - Negotiated Sales - PM (PDF) (LM_XB403),2026-09-26T14:44:07+00:00
beba4144c9192303,2017-07-10,Beef,"Chuck, semi-bnls, neck/off (113C  1)",Choice Cuts,,,,Choice,,,,,199.0,210.0,,,206.64,$/cwt,2.0664,per lb,National,wholesale,,,,,,35558.0,lb,,2453,National Daily Boxed Beef Cutout & Boxed Beef Cuts - Negotiated Sales - PM (PDF) (LM_XB403),2026-09-26T14:44:07+00:00
ac920c14acbc57fe,2017-07-10,Beef,"Chuck, semi-bnls, neck/off (113C  1)",Select Cuts,,,,Select,,,,,208.96,225.5,,,215.53,$/cwt,2.1553,per lb,National,wholesale,,,,,,10080.0,lb,,2453,National Daily Boxed Beef Cutout & Boxed Beef Cuts - Negotiated Sales - PM (PDF) (LM_XB403),2026-09-26T14:44:07+00:00
e66f6c8e67b552e2,2017-07-10,Beef,"Chuck, short rib (130  4)",Choice Cuts,,,,Choice,,,,,345.0,383.0,,,363.07,$/cwt,3.6307,per lb,National,wholesale,,,,,,100447.0,lb,,2453,National Daily Boxed Beef Cutout & Boxed Beef Cuts - Negotiated Sales - PM (PDF) (LM_XB403),2026-09-26T14:44:07+00:00
9454472a820cc9cf,2017-07-10,Beef,"Chuck, short rib (130  4)",Select Cuts,,,,Select,,,,,345.0,390.0,,,377.32,$/cwt,3.7732,per lb,National,wholesale,,,,,,4562.0,lb,,2453,National Daily Boxed Beef Cutout & Boxed Beef Cuts - Negotiated Sales - PM (PDF) (LM_XB403),2026-09-26T14:44:07+00:00
d29a077d858f577e,2017-07-10,Beef,"Chuck, shoulder clod (114  1)",Choice Cuts,,,,Choice,,,,,195.0,215.5,,,202.3,$/cwt,2.023,per lb,National,wholesale,,,,,,42887.0,lb,,2453,National Daily Boxed Beef Cutout & Boxed Beef Cuts - Negotiated Sales - PM (PDF) (LM_XB403),2026-09-26T14:44:07+00:00
cd012adf4e885f04,2017-07-10,Beef,"Chuck, shoulder clod (114  1)",Select Cuts,,,,Select,,,,,197.3,222.0,,,205.46,$/cwt,2.0546,per lb,National,wholesale,,,,,,39171.0,lb,,2453,National Daily Boxed Beef Cutout & Boxed Beef Cuts - Negotiated Sales - PM (PDF) (LM_XB403),2026-09-26T14:44:07+00:00
c643af37ff0ceddd,2017-07-10,Beef,"Chuck, shoulder clod, trmd (114A  3)",Choice Cuts,,,,Choice,,,,,210.0,234.25,,,220.55,$/cwt,2.2055,per lb,National,wholesale,,,,,,57722.0,lb,,2453,National Daily Boxed Beef Cutout & Boxed Beef Cuts - Negotiated Sales - PM (PDF) (LM_XB403),2026-09-26T14:44:07+00:00
a2d0634ea2c986ba,2017-07-10,Beef,"Chuck, shoulder clod, trmd (114A  3)",Select Cuts,,,,Select,,,,,216.16,223.26,,,220.11,$/cwt,2.2011,per lb,National,wholesale,,,,,,48383.0,lb,,2453,National Daily Boxed Beef Cutout & Boxed Beef Cuts - Negotiated Sales - PM (PDF) (LM_XB403),2026-09-26T14:44:07+00:00
02bcce70d4497e30,2017-07-10,Beef,Cutout 600-900 lb,,,,,Choice,,,,,,,,,217.54,$/cwt,2.1754,per lb,National,wholesale,,,,,,,,,2453,National Daily Boxed Beef Cutout & Boxed Beef Cuts - Negotiated Sales - PM (PDF) (LM_XB403),2026-09-26T14:44:07+00:00
85d84dd5dad0eacb,2017-07-10,Beef,Cutout 600-900 lb,,,,,Select,,,,,,,,,202.67,$/cwt,2.0267,per lb,National,wholesale,,,,,,,,,2453,National Daily Boxed Beef Cutout & Boxed Beef Cuts - Negotiated Sales - PM (PDF) (LM_XB403),2026-09-26T14:44:07+00:00
cd57c8070946d2f0,2017-07-10,Beef,"Flank, flank steak (193  4)",Choice Cuts,,,,Choice,,,,,498.82,521.75,,,514.04,$/cwt,5.1404,per lb,National,wholesale,,,,,,29741.0,lb,,2453,National Daily Boxed Beef Cutout & Boxed Beef Cuts - Negotiated Sales - PM (PDF) (LM_XB403),2026-09-26T14:44:07+00:00
31aff9d6d0803f7b,2017-07-10,Beef,"Flank, flank steak (193  4)",Select Cuts,,,,Select,,,,,380.0,413.0,,,399.35,$/cwt,3.9935,per lb,National,wholesale,,,,,,48661.0,lb,,2453,National Daily Boxed Beef Cutout & Boxed Beef Cuts - Negotiated Sales - PM (PDF) (LM_XB403),2026-09-26T14:44:07+00:00
766bf23ba1d86807,2017-07-10,Beef,Ground Beef 73%,Ground Beef,,,,,,,,,179.0,201.5,,,185.2,$/cwt,1.852,per lb,National,wholesale,,,,,,65477.0,lb,,2453,National Daily Boxed Beef Cutout & Boxed Beef Cuts - Negotiated Sales - PM (PDF) (LM_XB403),2026-09-26T14:44:07+00:00
b909b9943b8055e3,2017-07-10,Beef,Ground Beef 81%,Ground Beef,,,,,,,,,194.26,230.0,,,207.97,$/cwt,2.0797,per lb,National,wholesale,,,,,,134441.0,lb,,2453,National Daily Boxed Beef Cutout & Boxed Beef Cuts - Negotiated Sales - PM (PDF) (LM_XB403),2026-09-26T14:44:07+00:00
5c8450a376c53947,2017-07-10,Beef,Ground Beef 93%,Ground Beef,,,,,,,,,302.3,330.11,,,319.0,$/cwt,3.19,per lb,National,wholesale,,,,,,42829.0,lb,,2453,National Daily Boxed Beef Cutout & Boxed Beef Cuts - Negotiated Sales - PM (PDF) (LM_XB403),2026-09-26T14:44:07+00:00
5019d25fc835b3b1,2017-07-10,Beef,Ground Beef Chuck,Ground Beef,,,,,,,,,209.0,230.0,,,218.57,$/cwt,2.1857,per lb,National,wholesale,,,,,,40103.0,lb,,2453,National Daily Boxed Beef Cutout & Boxed Beef Cuts - Negotiated Sales - PM (PDF) (LM_XB403),2026-09-26T14:44:07+00:00
eb60b324c9b5d3c7,2017-07-10,Beef,Ground Beef Round,Ground Beef,,,,,,,,,243.0,277.99,,,265.88,$/cwt,2.6588,per lb,National,wholesale,,,,,,43072.0,lb,,2453,National Daily Boxed Beef Cutout & Boxed Beef Cuts - Negotiated Sales - PM (PDF) (LM_XB403),2026-09-26T14:44:07+00:00
359a12865271609b,2017-07-10,Beef,"Loin, ball-tip, bnls, heavy (185B  1)",Choice Cuts,,,,Choice,,,,,280.0,322.0,,,300.44,$/cwt,3.0044,per lb,National,wholesale,,,,,,49601.0,lb,,2453,National Daily Boxed Beef Cutout & Boxed Beef Cuts - Negotiated Sales - PM (PDF) (LM_XB403),2026-09-26T14:44:07+00:00
84d42faa6983d000,2017-07-10,Beef,"Loin, ball-tip, bnls, heavy (185B  1)",Select Cuts,,,,Select,,,,,250.0,310.0,,,260.07,$/cwt,2.6007,per lb,National,wholesale,,,,,,9802.0,lb,,2453,National Daily Boxed Beef Cutout & Boxed Beef Cuts - Negotiated Sales - PM (PDF) (LM_XB403),2026-09-26T14:44:07+00:00
4240d6ac9b6bf674,2017-07-10,Beef,"Loin, bottom sirloin, flap (185A  4)",Choice Cuts,,,,Choice,,,,,505.06,691.5,,,538.49,$/cwt,5.3849,per lb,National,wholesale,,,,,,39610.0,lb,,2453,National Daily Boxed Beef Cutout & Boxed Beef Cuts - Negotiated Sales - PM (PDF) (LM_XB403),2026-09-26T14:44:07+00:00
1ef60e90d40d2f56,2017-07-10,Beef,"Loin, bottom sirloin, flap (185A  4)",Select Cuts,,,,Select,,,,,492.0,554.32,,,510.43,$/cwt,5.1043,per lb,National,wholesale,,,,,,14100.0,lb,,2453,National Daily Boxed Beef Cutout & Boxed Beef Cuts - Negotiated Sales - PM (PDF) (LM_XB403),2026-09-26T14:44:07+00:00
caf858090173b57b,2017-07-10,Beef,"Loin, butt tender, trimmed (191A  4)",Choice Cuts,,,,Choice,,,,,870.0,925.75,,,878.19,$/cwt,8.7819,per lb,National,wholesale,,,,,,3439.0,lb,,2453,National Daily Boxed Beef Cutout & Boxed Beef Cuts - Negotiated Sales - PM (PDF) (LM_XB403),2026-09-26T14:44:07+00:00
8a6cee090fa537a2,2017-07-10,Beef,"Loin, butt tender, trimmed (191A  4)",Select Cuts,,,,Select,,,,,859.78,863.0,,,860.77,$/cwt,8.6077,per lb,National,wholesale,,,,,,4413.0,lb,,2453,National Daily Boxed Beef Cutout & Boxed Beef Cuts - Negotiated Sales - PM (PDF) (LM_XB403),2026-09-26T14:44:07+00:00
06068507a65156de,2017-07-10,Beef,"Loin, short loin, 0x1 (174  3)",Choice Cuts,,,,Choice,,,,,549.64,571.5,,,551.2,$/cwt,5.512,per lb,National,wholesale,,,,,,24322.0,lb,,2453,National Daily Boxed Beef Cutout & Boxed Beef Cuts - Negotiated Sales - PM (PDF) (LM_XB403),2026-09-26T14:44:07+00:00
0336cd1571d1e54a,2017-07-10,Beef,"Loin, short loin, 0x1 (174  3)",Select Cuts,,,,Select,,,,,455.3,501.5,,,468.76,$/cwt,4.6876,per lb,National,wholesale,,,,,,28015.0,lb,,2453,National Daily Boxed Beef Cutout & Boxed Beef Cuts - Negotiated Sales - PM (PDF) (LM_XB403),2026-09-26T14:44:07+00:00
8c5554365881bd4b,2017-07-10,Beef,"Loin, sirloin, tri-tip (185C  1)",Choice Cuts,,,,Choice,,,,,450.56,490.0,,,457.97,$/cwt,4.5797,per lb,National,wholesale,,,,,,4268.0,lb,,2453,National Daily Boxed Beef Cutout & Boxed Beef Cuts - Negotiated Sales - PM (PDF) (LM_XB403),2026-09-26T14:44:07+00:00
c9a901c5fa42cbac,2017-07-10,Beef,"Loin, sirloin, tri-tip, pld (185D  4)",Choice Cuts,,,,Choice,,,,,653.0,690.0,,,668.16,$/cwt,6.6816,per lb,National,wholesale,,,,,,4101.0,lb,,2453,National Daily Boxed Beef Cutout & Boxed Beef Cuts - Negotiated Sales - PM (PDF) (LM_XB403),2026-09-26T14:44:07+00:00
89e32a95e5a884c8,2017-07-10,Beef,"Loin, strip loin bnls. 1x1 (  1)",Choice Cuts,,,,Choice,,,,,595.0,600.0,,,598.88,$/cwt,5.9888,per lb,National,wholesale,,,,,,4591.0,lb,,2453,National Daily Boxed Beef Cutout & Boxed Beef Cuts - Negotiated Sales - PM (PDF) (LM_XB403),2026-09-26T14:44:07+00:00
d4bc8c7cada2aa86,2017-07-10,Beef,"Loin, strip loin, 1x1 (175  3)",Choice Cuts,,,,Choice,,,,,478.35,536.75,,,481.11,$/cwt,4.8111,per lb,National,wholesale,,,,,,124707.0,lb,,2453,National Daily Boxed Beef Cutout & Boxed Beef Cuts - Negotiated Sales - PM (PDF) (LM_XB403),2026-09-26T14:44:07+00:00
2ebb706574e6372a,2017-07-10,Beef,"Loin, strip, bnls, 0x1 (180  3)",Choice Cuts,,,,Choice,,,,,573.0,673.16,,,589.96,$/cwt,5.8996,per lb,National,wholesale,,,,,,460657.0,lb,,2453,National Daily Boxed Beef Cutout & Boxed Beef Cuts - Negotiated Sales - PM (PDF) (LM_XB403),2026-09-26T14:44:07+00:00
0133a24acbc416f1,2017-07-10,Beef,"Loin, strip, bnls, 0x1 (180  3)",Select Cuts,,,,Select,,,,,449.5,500.0,,,470.24,$/cwt,4.7024,per lb,National,wholesale,,,,,,19970.0,lb,,2453,National Daily Boxed Beef Cutout & Boxed Beef Cuts - Negotiated Sales - PM (PDF) (LM_XB403),2026-09-26T14:44:07+00:00
4e68099c53175cff,2017-07-10,Beef,"Loin, tndrloin, trmd, heavy (189A  4)",Choice Cuts,,,,Choice,,,,,955.0,1157.0,,,990.64,$/cwt,9.9064,per lb,National,wholesale,,,,,,29720.0,lb,,2453,National Daily Boxed Beef Cutout & Boxed Beef Cuts - Negotiated Sales - PM (PDF) (LM_XB403),2026-09-26T14:44:07+00:00
f639ace2eee0671b,2017-07-10,Beef,"Loin, tndrloin, trmd, heavy (189A  4)",Select Cuts,,,,Select,,,,,900.0,1018.26,,,903.72,$/cwt,9.0372,per lb,National,wholesale,,,,,,51996.0,lb,,2453,National Daily Boxed Beef Cutout & Boxed Beef Cuts - Negotiated Sales - PM (PDF) (LM_XB403),2026-09-26T14:44:07+00:00
f7a10a0169acfe5a,2017-07-10,Beef,"Loin, top butt, CC (184B  3)",Choice Cuts,,,,Choice,,,,,556.0,562.0,,,560.25,$/cwt,5.6025,per lb,National,wholesale,,,,,,3166.0,lb,,2453,National Daily Boxed Beef Cutout & Boxed Beef Cuts - Negotiated Sales - PM (PDF) (LM_XB403),2026-09-26T14:44:07+00:00
909aca18c031f4df,2017-07-10,Beef,"Loin, top butt, bnls, heavy (184  1)",Choice Cuts,,,,Choice,,,,,365.0,379.0,,,367.05,$/cwt,3.6705,per lb,National,wholesale,,,,,,7093.0,lb,,2453,National Daily Boxed Beef Cutout & Boxed Beef Cuts - Negotiated Sales - PM (PDF) (LM_XB403),2026-09-26T14:44:07+00:00
ff5391cba3dba65a,2017-07-10,Beef,"Loin, top butt, bnls, heavy (184  1)",Select Cuts,,,,Select,,,,,265.0,277.93,,,268.7,$/cwt,2.687,per lb,National,wholesale,,,,,,4148.0,lb,,2453,National Daily Boxed Beef Cutout & Boxed Beef Cuts - Negotiated Sales - PM (PDF) (LM_XB403),2026-09-26T14:44:07+00:00
499b9a25eb8617bd,2017-07-10,Beef,"Loin, top butt, boneless (184  3)",Choice Cuts,,,,Choice,,,,,355.0,387.26,,,375.22,$/cwt,3.7522,per lb,National,wholesale,,,,,,44274.0,lb,,2453,National Daily Boxed Beef Cutout & Boxed Beef Cuts - Negotiated Sales - PM (PDF) (LM_XB403),2026-09-26T14:44:07+00:00
b68e85fc525c94c2,2017-07-10,Beef,"Loin, top butt, boneless (184  3)",Select Cuts,,,,Select,,,,,283.25,320.0,,,292.44,$/cwt,2.9244,per lb,National,wholesale,,,,,,63194.0,lb,,2453,National Daily Boxed Beef Cutout & Boxed Beef Cuts - Negotiated Sales - PM (PDF) (LM_XB403),2026-09-26T14:44:07+00:00
cd4224cbdb955fc7,2017-07-10,Beef,"Rib, ribeye, bnls, heavy (112A  3)",Choice Cuts,,,,Choice,,,,,700.5,780.0,,,719.57,$/cwt,7.1957,per lb,National,wholesale,,,,,,148610.0,lb,,2453,National Daily Boxed Beef Cutout & Boxed Beef Cuts - Negotiated Sales - PM (PDF) (LM_XB403),2026-09-26T14:44:07+00:00
2b9b8da17cd25888,2017-07-10,Beef,"Rib, ribeye, bnls, heavy (112A  3)",Select Cuts,,,,Select,,,,,633.62,690.0,,,657.32,$/cwt,6.5732,per lb,National,wholesale,,,,,,71309.0,lb,,2453,National Daily Boxed Beef Cutout & Boxed Beef Cuts - Negotiated Sales - PM (PDF) (LM_XB403),2026-09-26T14:44:07+00:00
88470acf69a0a791,2017-07-10,Beef,"Rib, ribeye, bnls, light (112A  3)",Choice Cuts,,,,Choice,,,,,700.0,781.5,,,732.05,$/cwt,7.3205,per lb,National,wholesale,,,,,,23883.0,lb,,2453,National Daily Boxed Beef Cutout & Boxed Beef Cuts - Negotiated Sales - PM (PDF) (LM_XB403),2026-09-26T14:44:07+00:00
3a0747e2a8a41558,2017-07-10,Beef,"Rib, ribeye, bnls, light (112A  3)",Select Cuts,,,,Select,,,,,627.84,683.25,,,634.04,$/cwt,6.3404,per lb,National,wholesale,,,,,,76261.0,lb,,2453,National Daily Boxed Beef Cutout & Boxed Beef Cuts - Negotiated Sales - PM (PDF) (LM_XB403),2026-09-26T14:44:07+00:00
dbb5336f2ac414ab,2017-07-10,Beef,"Rib, ribeye, lip-on, bn-in (109E  1)",Choice Cuts,,,,Choice,,,,,615.0,685.0,,,630.64,$/cwt,6.3064,per lb,National,wholesale,,,,,,31128.0,lb,,2453,National Daily Boxed Beef Cutout & Boxed Beef Cuts - Negotiated Sales - PM (PDF) (LM_XB403),2026-09-26T14:44:07+00:00
2d55449f009193b7,2017-07-10,Beef,"Rib, ribeye, lip-on, bn-in (109E  1)",Select Cuts,,,,Select,,,,,576.15,600.56,,,579.04,$/cwt,5.7904,per lb,National,wholesale,,,,,,11549.0,lb,,2453,National Daily Boxed Beef Cutout & Boxed Beef Cuts - Negotiated Sales - PM (PDF) (LM_XB403),2026-09-26T14:44:07+00:00
59bb2fc14d5be19a,2017-07-10,Beef,"Round, bottom gooseneck (170  1)",Choice Cuts,,,,Choice,,,,,193.5,211.75,,,196.4,$/cwt,1.964,per lb,National,wholesale,,,,,,30282.0,lb,,2453,National Daily Boxed Beef Cutout & Boxed Beef Cuts - Negotiated Sales - PM (PDF) (LM_XB403),2026-09-26T14:44:07+00:00
cf0e46aa38cb0c9b,2017-07-10,Beef,"Round, bottom gooseneck (170  1)",Select Cuts,,,,Select,,,,,190.0,210.0,,,194.64,$/cwt,1.9464,per lb,National,wholesale,,,,,,135774.0,lb,,2453,National Daily Boxed Beef Cutout & Boxed Beef Cuts - Negotiated Sales - PM (PDF) (LM_XB403),2026-09-26T14:44:07+00:00
e9be9c4e7d430f2f,2017-07-10,Beef,"Round, eye of round (171C  3)",Choice Cuts,,,,Choice,,,,,218.0,242.26,,,230.0,$/cwt,2.3,per lb,National,wholesale,,,,,,56616.0,lb,,2453,National Daily Boxed Beef Cutout & Boxed Beef Cuts - Negotiated Sales - PM (PDF) (LM_XB403),2026-09-26T14:44:07+00:00
17a92fd0a55cad41,2017-07-10,Beef,"Round, eye of round (171C  3)",Select Cuts,,,,Select,,,,,224.68,248.0,,,235.99,$/cwt,2.3599,per lb,National,wholesale,,,,,,51489.0,lb,,2453,National Daily Boxed Beef Cutout & Boxed Beef Cuts - Negotiated Sales - PM (PDF) (LM_XB403),2026-09-26T14:44:07+00:00
1c8e670c073290e9,2017-07-10,Beef,"Round, knuckle, peeled (167A  4)",Choice Cuts,,,,Choice,,,,,230.0,253.0,,,239.89,$/cwt,2.3989,per lb,National,wholesale,,,,,,70413.0,lb,,2453,National Daily Boxed Beef Cutout & Boxed Beef Cuts - Negotiated Sales - PM (PDF) (LM_XB403),2026-09-26T14:44:07+00:00
2395cab3aedfde55,2017-07-10,Beef,"Round, knuckle, peeled (167A  4)",Select Cuts,,,,Select,,,,,234.0,260.0,,,244.89,$/cwt,2.4489,per lb,National,wholesale,,,,,,27327.0,lb,,2453,National Daily Boxed Beef Cutout & Boxed Beef Cuts - Negotiated Sales - PM (PDF) (LM_XB403),2026-09-26T14:44:07+00:00
446199c6b223f34d,2017-07-10,Beef,"Round, outside round (171B  3)",Choice Cuts,,,,Choice,,,,,197.81,245.0,,,212.1,$/cwt,2.121,per lb,National,wholesale,,,,,,285915.0,lb,,2453,National Daily Boxed Beef Cutout & Boxed Beef Cuts - Negotiated Sales - PM (PDF) (LM_XB403),2026-09-26T14:44:07+00:00
e4b38145dbcc58bb,2017-07-10,Beef,"Round, outside round (171B  3)",Select Cuts,,,,Select,,,,,205.0,227.0,,,213.58,$/cwt,2.1358,per lb,National,wholesale,,,,,,80373.0,lb,,2453,National Daily Boxed Beef Cutout & Boxed Beef Cuts - Negotiated Sales - PM (PDF) (LM_XB403),2026-09-26T14:44:07+00:00
c1dd6a04ad3eda95,2017-07-10,Beef,"Round, top inside round (168  1)",Choice Cuts,,,,Choice,,,,,206.0,240.0,,,226.77,$/cwt,2.2677,per lb,National,wholesale,,,,,,10033.0,lb,,2453,National Daily Boxed Beef Cutout & Boxed Beef Cuts - Negotiated Sales - PM (PDF) (LM_XB403),2026-09-26T14:44:07+00:00
f3c011f2dd3149b2,2017-07-10,Beef,"Round, top inside round (168  3)",Choice Cuts,,,,Choice,,,,,211.0,261.0,,,237.65,$/cwt,2.3765,per lb,National,wholesale,,,,,,227659.0,lb,,2453,National Daily Boxed Beef Cutout & Boxed Beef Cuts - Negotiated Sales - PM (PDF) (LM_XB403),2026-09-26T14:44:07+00:00
c17f6b51206e5dff,2017-07-10,Beef,"Round, top inside round (168  3)",Select Cuts,,,,Select,,,,,237.49,258.75,,,242.33,$/cwt,2.4233,per lb,National,wholesale,,,,,,30149.0,lb,,2453,National Daily Boxed Beef Cutout & Boxed Beef Cuts - Negotiated Sales - PM (PDF) (LM_XB403),2026-09-26T14:44:07+00:00
c0ee1d3a1ffdaefb,2017-07-10,Beef,"Round, top inside, cap off (169A  5)",Choice Cuts,,,,Choice,,,,,279.0,341.0,,,313.05,$/cwt,3.1305,per lb,National,wholesale,,,,,,28104.0,lb,,2453,National Daily Boxed Beef Cutout & Boxed Beef Cuts - Negotiated Sales - PM (PDF) (LM_XB403),2026-09-26T14:44:07+00:00
e99262618ad124da,2017-07-10,Beef,"Round, top inside, cap off (169A  5)",Select Cuts,,,,Select,,,,,309.8,309.8,,,309.8,$/cwt,3.098,per lb,National,wholesale,,,,,,15000.0,lb,,2453,National Daily Boxed Beef Cutout & Boxed Beef Cuts - Negotiated Sales - PM (PDF) (LM_XB403),2026-09-26T14:44:07+00:00
ffe5088a6a50b49f,2017-07-10,Beef,"Round, top inside, denuded (169  5)",Choice Cuts,,,,Choice,,,,,253.0,301.0,,,280.59,$/cwt,2.8059,per lb,National,wholesale,,,,,,19326.0,lb,,2453,National Daily Boxed Beef Cutout & Boxed Beef Cuts - Negotiated Sales - PM (PDF) (LM_XB403),2026-09-26T14:44:07+00:00
ac1606a9f0f24ee8,2017-07-10,Beef,"Round, top inside, denuded (169  5)",Select Cuts,,,,Select,,,,,266.0,291.35,,,276.22,$/cwt,2.7622,per lb,National,wholesale,,,,,,7216.0,lb,,2453,National Daily Boxed Beef Cutout & Boxed Beef Cuts - Negotiated Sales - PM (PDF) (LM_XB403),2026-09-26T14:44:07+00:00
29b060e90e1d02fd,2017-07-10,Beef,"Short Plate, short rib (123A  3)",Choice Cuts,,,,Choice,,,,,498.7,528.0,,,519.25,$/cwt,5.1925,per lb,National,wholesale,,,,,,20564.0,lb,,2453,National Daily Boxed Beef Cutout & Boxed Beef Cuts - Negotiated Sales - PM (PDF) (LM_XB403),2026-09-26T14:44:07+00:00
315c73617979b48c,2017-07-11,Beef,"Brisket, deckle-off, bnls (120  1)",Choice Cuts,,,,Choice,,,,,207.0,246.0,,,214.0,$/cwt,2.14,per lb,National,wholesale,,,,,,130868.0,lb,,2453,National Daily Boxed Beef Cutout & Boxed Beef Cuts - Negotiated Sales - PM (PDF) (LM_XB403),2026-09-26T14:44:07+00:00
5966d0bc3a99748b,2017-07-11,Beef,"Brisket, deckle-off, bnls (120  1)",Select Cuts,,,,Select,,,,,210.81,233.82,,,211.6,$/cwt,2.116,per lb,National,wholesale,,,,,,73465.0,lb,,2453,National Daily Boxed Beef Cutout & Boxed Beef Cuts - Negotiated Sales - PM (PDF) (LM_XB403),2026-09-26T14:44:07+00:00
42da5d0ca7f2dd9b,2017-07-11,Beef,"Brisket, point/off, bnls (120A  3)",Choice Cuts,,,,Choice,,,,,380.32,416.69,,,398.82,$/cwt,3.9882,per lb,National,wholesale,,,,,,14533.0,lb,,2453,National Daily Boxed Beef Cutout & Boxed Beef Cuts - Negotiated Sales - PM (PDF) (LM_XB403),2026-09-26T14:44:07+00:00
1cf5b8375d6c3a74,2017-07-11,Beef,"Chuck, chuck tender (116B  1)",Choice Cuts,,,,Choice,,,,,226.0,240.75,,,231.11,$/cwt,2.3111,per lb,National,wholesale,,,,,,22945.0,lb,,2453,National Daily Boxed Beef Cutout & Boxed Beef Cuts - Negotiated Sales - PM (PDF) (LM_XB403),2026-09-26T14:44:07+00:00
9f2dd47c640129df,2017-07-11,Beef,"Chuck, chuck tender (116B  1)",Select Cuts,,,,Select,,,,,225.0,240.0,,,230.04,$/cwt,2.3004,per lb,National,wholesale,,,,,,11627.0,lb,,2453,National Daily Boxed Beef Cutout & Boxed Beef Cuts - Negotiated Sales - PM (PDF) (LM_XB403),2026-09-26T14:44:07+00:00
4f5b0700e50aee0f,2017-07-11,Beef,"Chuck, clod tender (114F  5)",Choice Cuts,,,,Choice,,,,,360.0,385.0,,,365.07,$/cwt,3.6507,per lb,National,wholesale,,,,,,4582.0,lb,,2453,National Daily Boxed Beef Cutout & Boxed Beef Cuts - Negotiated Sales - PM (PDF) (LM_XB403),2026-09-26T14:44:07+00:00
96b77f67785b69ea,2017-07-11,Beef,"Chuck, clod tender (114F  5)",Select Cuts,,,,Select,,,,,279.0,300.0,,,284.76,$/cwt,2.8476,per lb,National,wholesale,,,,,,20114.0,lb,,2453,National Daily Boxed Beef Cutout & Boxed Beef Cuts - Negotiated Sales - PM (PDF) (LM_XB403),2026-09-26T14:44:07+00:00
e9083610f574bd68,2017-07-11,Beef,"Chuck, clod, arm roast (114E  3)",Choice Cuts,,,,Choice,,,,,255.0,270.0,,,256.46,$/cwt,2.5646,per lb,National,wholesale,,,,,,11589.0,lb,,2453,National Daily Boxed Beef Cutout & Boxed Beef Cuts - Negotiated Sales - PM (PDF) (LM_XB403),2026-09-26T14:44:07+00:00
470659007137358d,2017-07-11,Beef,"Chuck, clod, top blade (114D  3)",Choice Cuts,,,,Choice,,,,,300.0,340.0,,,306.58,$/cwt,3.0658,per lb,National,wholesale,,,,,,12088.0,lb,,2453,National Daily Boxed Beef Cutout & Boxed Beef Cuts - Negotiated Sales - PM (PDF) (LM_XB403),2026-09-26T14:44:07+00:00
9060ccedf50df645,2017-07-11,Beef,"Chuck, flap (116G  4)",Choice Cuts,,,,Choice,,,,,523.67,571.0,,,537.6,$/cwt,5.376,per lb,National,wholesale,,,,,,10552.0,lb,,2453,National Daily Boxed Beef Cutout & Boxed Beef Cuts - Negotiated Sales - PM (PDF) (LM_XB403),2026-09-26T14:44:07+00:00
14c07b63af0f1f93,2017-07-11,Beef,"Chuck, flap (116G  4)",Select Cuts,,,,Select,,,,,497.0,505.75,,,502.17,$/cwt,5.0217,per lb,National,wholesale,,,,,,10920.0,lb,,2453,National Daily Boxed Beef Cutout & Boxed Beef Cuts - Negotiated Sales - PM (PDF) (LM_XB403),2026-09-26T14:44:07+00:00
2e63f63c5ea71b82,2017-07-11,Beef,"Chuck, roll, lxl, neck/off (116A  3)",Choice Cuts,,,,Choice,,,,,228.11,265.0,,,241.18,$/cwt,2.4118,per lb,National,wholesale,,,,,,151711.0,lb,,2453,National Daily Boxed Beef Cutout & Boxed Beef Cuts - Negotiated Sales - PM (PDF) (LM_XB403),2026-09-26T14:44:07+00:00
d10b123121da24da,2017-07-11,Beef,"Chuck, roll, lxl, neck/off (116A  3)",Select Cuts,,,,Select,,,,,229.25,255.0,,,232.38,$/cwt,2.3238,per lb,National,wholesale,,,,,,231876.0,lb,,2453,National Daily Boxed Beef Cutout & Boxed Beef Cuts - Negotiated Sales - PM (PDF) (LM_XB403),2026-09-26T14:44:07+00:00
83cc837201061277,2017-07-11,Beef,"Chuck, roll, retail ready (916A  3)",Choice Cuts,,,,Choice,,,,,262.97,275.0,,,267.56,$/cwt,2.6756,per lb,National,wholesale,,,,,,7765.0,lb,,2453,National Daily Boxed Beef Cutout & Boxed Beef Cuts - Negotiated Sales - PM (PDF) (LM_XB403),2026-09-26T14:44:07+00:00
7d47593d506d5f0b,2017-07-11,Beef,"Chuck, semi-bnls, neck/off (113C  1)",Choice Cuts,,,,Choice,,,,,201.25,226.75,,,209.87,$/cwt,2.0987,per lb,National,wholesale,,,,,,5052.0,lb,,2453,National Daily Boxed Beef Cutout & Boxed Beef Cuts - Negotiated Sales - PM (PDF) (LM_XB403),2026-09-26T14:44:07+00:00
42e099c6aec757df,2017-07-11,Beef,"Chuck, short rib (130  4)",Choice Cuts,,,,Choice,,,,,350.0,378.45,,,358.38,$/cwt,3.5838,per lb,National,wholesale,,,,,,50807.0,lb,,2453,National Daily Boxed Beef Cutout & Boxed Beef Cuts - Negotiated Sales - PM (PDF) (LM_XB403),2026-09-26T14:44:07+00:00
c365901e7295c0c4,2017-07-11,Beef,"Chuck, short rib (130  4)",Select Cuts,,,,Select,,,,,345.0,372.5,,,355.88,$/cwt,3.5588,per lb,National,wholesale,,,,,,6019.0,lb,,2453,National Daily Boxed Beef Cutout & Boxed Beef Cuts - Negotiated Sales - PM (PDF) (LM_XB403),2026-09-26T14:44:07+00:00
9b4c3ebfc76619f8,2017-07-11,Beef,"Chuck, shoulder clod (114  1)",Choice Cuts,,,,Choice,,,,,197.51,215.0,,,206.48,$/cwt,2.0648,per lb,National,wholesale,,,,,,160901.0,lb,,2453,National Daily Boxed Beef Cutout & Boxed Beef Cuts - Negotiated Sales - PM (PDF) (LM_XB403),2026-09-26T14:44:07+00:00
4cfb3d72b8901e08,2017-07-11,Beef,"Chuck, shoulder clod (114  1)",Select Cuts,,,,Select,,,,,192.81,207.25,,,197.38,$/cwt,1.9738,per lb,National,wholesale,,,,,,105679.0,lb,,2453,National Daily Boxed Beef Cutout & Boxed Beef Cuts - Negotiated Sales - PM (PDF) (LM_XB403),2026-09-26T14:44:07+00:00
4cd8e395be657878,2017-07-11,Beef,"Chuck, shoulder clod, trmd (114A  3)",Choice Cuts,,,,Choice,,,,,212.0,234.25,,,221.57,$/cwt,2.2157,per lb,National,wholesale,,,,,,102623.0,lb,,2453,National Daily Boxed Beef Cutout & Boxed Beef Cuts - Negotiated Sales - PM (PDF) (LM_XB403),2026-09-26T14:44:07+00:00
fea75b0fe1c9c4ba,2017-07-11,Beef,"Chuck, shoulder clod, trmd (114A  3)",Select Cuts,,,,Select,,,,,202.81,229.96,,,213.82,$/cwt,2.1382,per lb,National,wholesale,,,,,,17432.0,lb,,2453,National Daily Boxed Beef Cutout & Boxed Beef Cuts - Negotiated Sales - PM (PDF) (LM_XB403),2026-09-26T14:44:07+00:00
33c1aa165077eb63,2017-07-11,Beef,Cutout 600-900 lb,,,,,Select,,,,,,,,,200.51,$/cwt,2.0051,per lb,National,wholesale,,,,,,,,,2453,National Daily Boxed Beef Cutout & Boxed Beef Cuts - Negotiated Sales - PM (PDF) (LM_XB403),2026-09-26T14:44:07+00:00
b34ccf84f40237d1,2017-07-11,Beef,Cutout 600-900 lb,,,,,Choice,,,,,,,,,215.24,$/cwt,2.1524,per lb,National,wholesale,,,,,,,,,2453,National Daily Boxed Beef Cutout & Boxed Beef Cuts - Negotiated Sales - PM (PDF) (LM_XB403),2026-09-26T14:44:07+00:00
94d07b8cc482f9a6,2017-07-11,Beef,"Flank, flank steak (193  4)",Choice Cuts,,,,Choice,,,,,490.5,521.0,,,499.17,$/cwt,4.9917,per lb,National,wholesale,,,,,,6175.0,lb,,2453,National Daily Boxed Beef Cutout & Boxed Beef Cuts - Negotiated Sales - PM (PDF) (LM_XB403),2026-09-26T14:44:07+00:00
e146f2971944e6d1,2017-07-11,Beef,"Flank, flank steak (193  4)",Select Cuts,,,,Select,,,,,380.0,414.5,,,388.01,$/cwt,3.8801,per lb,National,wholesale,,,,,,43684.0,lb,,2453,National Daily Boxed Beef Cutout & Boxed Beef Cuts - Negotiated Sales - PM (PDF) (LM_XB403),2026-09-26T14:44:07+00:00
58ea964f136c981c,2017-07-11,Beef,Ground Beef 73%,Ground Beef,,,,,,,,,177.0,198.0,,,182.92,$/cwt,1.8292,per lb,National,wholesale,,,,,,174992.0,lb,,2453,National Daily Boxed Beef Cutout & Boxed Beef Cuts - Negotiated Sales - PM (PDF) (LM_XB403),2026-09-26T14:44:07+00:00
448e80059ccb8b12,2017-07-11,Beef,Ground Beef 81%,Ground Beef,,,,,,,,,194.7,221.5,,,198.77,$/cwt,1.9877,per lb,National,wholesale,,,,,,179126.0,lb,,2453,National Daily Boxed Beef Cutout & Boxed Beef Cuts - Negotiated Sales - PM (PDF) (LM_XB403),2026-09-26T14:44:07+00:00
0644304972afc397,2017-07-11,Beef,Ground Beef 93%,Ground Beef,,,,,,,,,316.47,331.01,,,320.47,$/cwt,3.2047,per lb,National,wholesale,,,,,,9983.0,lb,,2453,National Daily Boxed Beef Cutout & Boxed Beef Cuts - Negotiated Sales - PM (PDF) (LM_XB403),2026-09-26T14:44:07+00:00
7a9a7eb3ebc77c4a,2017-07-11,Beef,Ground Beef Chuck,Ground Beef,,,,,,,,,210.0,228.96,,,213.32,$/cwt,2.1332,per lb,National,wholesale,,,,,,47085.0,lb,,2453,National Daily Boxed Beef Cutout & Boxed Beef Cuts - Negotiated Sales - PM (PDF) (LM_XB403),2026-09-26T14:44:07+00:00
017352d939776b74,2017-07-11,Beef,Ground Beef Round,Ground Beef,,,,,,,,,272.0,280.0,,,276.46,$/cwt,2.7646,per lb,National,wholesale,,,,,,1810.0,lb,,2453,National Daily Boxed Beef Cutout & Boxed Beef Cuts - Negotiated Sales - PM (PDF) (LM_XB403),2026-09-26T14:44:07+00:00
0018b4802873196f,2017-07-11,Beef,"Loin, ball-tip, bnls, heavy (185B  1)",Choice Cuts,,,,Choice,,,,,285.03,324.25,,,291.69,$/cwt,2.9169,per lb,National,wholesale,,,,,,70515.0,lb,,2453,National Daily Boxed Beef Cutout & Boxed Beef Cuts - Negotiated Sales - PM (PDF) (LM_XB403),2026-09-26T14:44:07+00:00
07a5a59e2970e61e,2017-07-11,Beef,"Loin, ball-tip, bnls, heavy (185B  1)",Select Cuts,,,,Select,,,,,244.43,275.75,,,251.37,$/cwt,2.5137,per lb,National,wholesale,,,,,,35541.0,lb,,2453,National Daily Boxed Beef Cutout & Boxed Beef Cuts - Negotiated Sales - PM (PDF) (LM_XB403),2026-09-26T14:44:07+00:00
a2e2e5d8a0cf45db,2017-07-11,Beef,"Loin, bottom sirloin, flap (185A  4)",Choice Cuts,,,,Choice,,,,,474.51,631.7,,,483.62,$/cwt,4.8362,per lb,National,wholesale,,,,,,154306.0,lb,,2453,National Daily Boxed Beef Cutout & Boxed Beef Cuts - Negotiated Sales - PM (PDF) (LM_XB403),2026-09-26T14:44:07+00:00
6140949ea3718ebd,2017-07-11,Beef,"Loin, bottom sirloin, flap (185A  4)",Select Cuts,,,,Select,,,,,487.0,530.0,,,502.66,$/cwt,5.0266,per lb,National,wholesale,,,,,,5246.0,lb,,2453,National Daily Boxed Beef Cutout & Boxed Beef Cuts - Negotiated Sales - PM (PDF) (LM_XB403),2026-09-26T14:44:07+00:00
2299b2bfecedcd29,2017-07-11,Beef,"Loin, short loin, 0x1 (174  3)",Choice Cuts,,,,Choice,,,,,520.0,575.75,,,545.93,$/cwt,5.4593,per lb,National,wholesale,,,,,,124294.0,lb,,2453,National Daily Boxed Beef Cutout & Boxed Beef Cuts - Negotiated Sales - PM (PDF) (LM_XB403),2026-09-26T14:44:07+00:00
2e48afa480a19ebb,2017-07-11,Beef,"Loin, short loin, 0x1 (174  3)",Select Cuts,,,,Select,,,,,419.5,498.0,,,425.81,$/cwt,4.2581,per lb,National,wholesale,,,,,,67956.0,lb,,2453,National Daily Boxed Beef Cutout & Boxed Beef Cuts - Negotiated Sales - PM (PDF) (LM_XB403),2026-09-26T14:44:07+00:00
81d93df67f0fadd1,2017-07-11,Beef,"Loin, sirloin, tri-tip (185C  1)",Choice Cuts,,,,Choice,,,,,450.0,495.66,,,463.65,$/cwt,4.6365,per lb,National,wholesale,,,,,,11233.0,lb,,2453,National Daily Boxed Beef Cutout & Boxed Beef Cuts - Negotiated Sales - PM (PDF) (LM_XB403),2026-09-26T14:44:07+00:00
facb7e9e26499d70,2017-07-11,Beef,"Loin, sirloin, tri-tip, pld (185D  4)",Choice Cuts,,,,Choice,,,,,647.25,694.0,,,660.28,$/cwt,6.6028,per lb,National,wholesale,,,,,,3088.0,lb,,2453,National Daily Boxed Beef Cutout & Boxed Beef Cuts - Negotiated Sales - PM (PDF) (LM_XB403),2026-09-26T14:44:07+00:00
4907aa906d6d037d,2017-07-11,Beef,"Loin, strip loin, 1x1 (175  3)",Choice Cuts,,,,Choice,,,,,463.57,518.0,,,484.39,$/cwt,4.8439,per lb,National,wholesale,,,,,,120776.0,lb,,2453,National Daily Boxed Beef Cutout & Boxed Beef Cuts - Negotiated Sales - PM (PDF) (LM_XB403),2026-09-26T14:44:07+00:00
5edea086b5747a69,2017-07-11,Beef,"Loin, strip, bnls, 0x1 (180  3)",Choice Cuts,,,,Choice,,,,,585.5,638.0,,,592.99,$/cwt,5.9299,per lb,National,wholesale,,,,,,47359.0,lb,,2453,National Daily Boxed Beef Cutout & Boxed Beef Cuts - Negotiated Sales - PM (PDF) (LM_XB403),2026-09-26T14:44:07+00:00
432cc9fd7100d402,2017-07-11,Beef,"Loin, strip, bnls, 0x1 (180  3)",Select Cuts,,,,Select,,,,,413.0,490.25,,,420.03,$/cwt,4.2003,per lb,National,wholesale,,,,,,153192.0,lb,,2453,National Daily Boxed Beef Cutout & Boxed Beef Cuts - Negotiated Sales - PM (PDF) (LM_XB403),2026-09-26T14:44:07+00:00
9ed5812ee7dfd605,2017-07-11,Beef,"Loin, tndrloin, trmd, heavy (189A  4)",Choice Cuts,,,,Choice,,,,,945.0,1160.75,,,970.99,$/cwt,9.7099,per lb,National,wholesale,,,,,,32771.0,lb,,2453,National Daily Boxed Beef Cutout & Boxed Beef Cuts - Negotiated Sales - PM (PDF) (LM_XB403),2026-09-26T14:44:07+00:00
f848dc73dd9ee1a8,2017-07-11,Beef,"Loin, tndrloin, trmd, heavy (189A  4)",Select Cuts,,,,Select,,,,,899.3,1016.75,,,905.05,$/cwt,9.0505,per lb,National,wholesale,,,,,,151122.0,lb,,2453,National Daily Boxed Beef Cutout & Boxed Beef Cuts - Negotiated Sales - PM (PDF) (LM_XB403),2026-09-26T14:44:07+00:00
3335757d288d5ad1,2017-07-11,Beef,"Loin, top butt, CC (184B  3)",Choice Cuts,,,,Choice,,,,,516.35,558.0,,,525.14,$/cwt,5.2514,per lb,National,wholesale,,,,,,6494.0,lb,,2453,National Daily Boxed Beef Cutout & Boxed Beef Cuts - Negotiated Sales - PM (PDF) (LM_XB403),2026-09-26T14:44:07+00:00
427d770d77be5ac7,2017-07-11,Beef,"Loin, top butt, bnls, heavy (184  1)",Select Cuts,,,,Select,,,,,273.0,286.78,,,283.76,$/cwt,2.8376,per lb,National,wholesale,,,,,,121809.0,lb,,2453,National Daily Boxed Beef Cutout & Boxed Beef Cuts - Negotiated Sales - PM (PDF) (LM_XB403),2026-09-26T14:44:07+00:00
3b526dc17827d891,2017-07-11,Beef,"Loin, top butt, boneless (184  3)",Choice Cuts,,,,Choice,,,,,371.87,395.75,,,378.96,$/cwt,3.7896,per lb,National,wholesale,,,,,,52671.0,lb,,2453,National Daily Boxed Beef Cutout & Boxed Beef Cuts - Negotiated Sales - PM (PDF) (LM_XB403),2026-09-26T14:44:07+00:00
285f1ce63c5b1d80,2017-07-11,Beef,"Loin, top butt, boneless (184  3)",Select Cuts,,,,Select,,,,,256.0,316.5,,,282.88,$/cwt,2.8288,per lb,National,wholesale,,,,,,88168.0,lb,,2453,National Daily Boxed Beef Cutout & Boxed Beef Cuts - Negotiated Sales - PM (PDF) (LM_XB403),2026-09-26T14:44:07+00:00
e475df95eb928839,2017-07-11,Beef,"Rib, ribeye, bnls, heavy (112A  3)",Choice Cuts,,,,Choice,,,,,700.5,789.0,,,731.73,$/cwt,7.3173,per lb,National,wholesale,,,,,,25705.0,lb,,2453,National Daily Boxed Beef Cutout & Boxed Beef Cuts - Negotiated Sales - PM (PDF) (LM_XB403),2026-09-26T14:44:07+00:00
aea601f40b97d66b,2017-07-11,Beef,"Rib, ribeye, bnls, heavy (112A  3)",Select Cuts,,,,Select,,,,,634.39,697.01,,,652.73,$/cwt,6.5273,per lb,National,wholesale,,,,,,39264.0,lb,,2453,National Daily Boxed Beef Cutout & Boxed Beef Cuts - Negotiated Sales - PM (PDF) (LM_XB403),2026-09-26T14:44:07+00:00
539a34f8185b4218,2017-07-11,Beef,"Rib, ribeye, bnls, light (112A  3)",Choice Cuts,,,,Choice,,,,,725.66,765.0,,,735.89,$/cwt,7.3589,per lb,National,wholesale,,,,,,9316.0,lb,,2453,National Daily Boxed Beef Cutout & Boxed Beef Cuts - Negotiated Sales - PM (PDF) (LM_XB403),2026-09-26T14:44:07+00:00
16634ece2bb0e28e,2017-07-11,Beef,"Rib, ribeye, bnls, light (112A  3)",Select Cuts,,,,Select,,,,,611.0,657.0,,,617.0,$/cwt,6.17,per lb,National,wholesale,,,,,,96495.0,lb,,2453,National Daily Boxed Beef Cutout & Boxed Beef Cuts - Negotiated Sales - PM (PDF) (LM_XB403),2026-09-26T14:44:07+00:00
0ab40aca8e1742f1,2017-07-11,Beef,"Rib, ribeye, lip-on, bn-in (109E  1)",Choice Cuts,,,,Choice,,,,,614.0,685.0,,,628.25,$/cwt,6.2825,per lb,National,wholesale,,,,,,85072.0,lb,,2453,National Daily Boxed Beef Cutout & Boxed Beef Cuts - Negotiated Sales - PM (PDF) (LM_XB403),2026-09-26T14:44:07+00:00
c0af6f6de953a792,2017-07-11,Beef,"Rib, ribeye, lip-on, bn-in (109E  1)",Select Cuts,,,,Select,,,,,563.45,586.58,,,580.4,$/cwt,5.804,per lb,National,wholesale,,,,,,8943.0,lb,,2453,National Daily Boxed Beef Cutout & Boxed Beef Cuts - Negotiated Sales - PM (PDF) (LM_XB403),2026-09-26T14:44:07+00:00
5f03e20890191a7a,2017-07-11,Beef,"Round, bottom gooseneck (170  1)",Choice Cuts,,,,Choice,,,,,195.0,225.0,,,196.89,$/cwt,1.9689,per lb,National,wholesale,,,,,,10853.0,lb,,2453,National Daily Boxed Beef Cutout & Boxed Beef Cuts - Negotiated Sales - PM (PDF) (LM_XB403),2026-09-26T14:44:07+00:00
afd8d7ba9b4b87ae,2017-07-11,Beef,"Round, bottom gooseneck (170  1)",Select Cuts,,,,Select,,,,,192.0,201.43,,,193.03,$/cwt,1.9303,per lb,National,wholesale,,,,,,15433.0,lb,,2453,National Daily Boxed Beef Cutout & Boxed Beef Cuts - Negotiated Sales - PM (PDF) (LM_XB403),2026-09-26T14:44:07+00:00
332e74bce521070a,2017-07-11,Beef,"Round, eye of round (171C  3)",Choice Cuts,,,,Choice,,,,,225.0,245.0,,,229.72,$/cwt,2.2972,per lb,National,wholesale,,,,,,88736.0,lb,,2453,National Daily Boxed Beef Cutout & Boxed Beef Cuts - Negotiated Sales - PM (PDF) (LM_XB403),2026-09-26T14:44:07+00:00
cd9ac6954aba51be,2017-07-11,Beef,"Round, eye of round (171C  3)",Select Cuts,,,,Select,,,,,215.97,242.5,,,226.44,$/cwt,2.2644,per lb,National,wholesale,,,,,,39101.0,lb,,2453,National Daily Boxed Beef Cutout & Boxed Beef Cuts - Negotiated Sales - PM (PDF) (LM_XB403),2026-09-26T14:44:07+00:00
7f6bf776d152b767,2017-07-11,Beef,"Round, knuckle, peeled (167A  4)",Choice Cuts,,,,Choice,,,,,221.0,248.0,,,234.9,$/cwt,2.349,per lb,National,wholesale,,,,,,70358.0,lb,,2453,National Daily Boxed Beef Cutout & Boxed Beef Cuts - Negotiated Sales - PM (PDF) (LM_XB403),2026-09-26T14:44:07+00:00
a28ebd09e9f02994,2017-07-11,Beef,"Round, knuckle, peeled (167A  4)",Select Cuts,,,,Select,,,,,233.0,249.0,,,234.92,$/cwt,2.3492,per lb,National,wholesale,,,,,,68869.0,lb,,2453,National Daily Boxed Beef Cutout & Boxed Beef Cuts - Negotiated Sales - PM (PDF) (LM_XB403),2026-09-26T14:44:07+00:00
cb201be330df4c81,2017-07-11,Beef,"Round, outside round (171B  3)",Choice Cuts,,,,Choice,,,,,199.0,235.0,,,212.37,$/cwt,2.1237,per lb,National,wholesale,,,,,,80507.0,lb,,2453,National Daily Boxed Beef Cutout & Boxed Beef Cuts - Negotiated Sales - PM (PDF) (LM_XB403),2026-09-26T14:44:07+00:00
cca514cb121d3808,2017-07-11,Beef,"Round, outside round (171B  3)",Select Cuts,,,,Select,,,,,200.0,218.0,,,210.14,$/cwt,2.1014,per lb,National,wholesale,,,,,,133117.0,lb,,2453,National Daily Boxed Beef Cutout & Boxed Beef Cuts - Negotiated Sales - PM (PDF) (LM_XB403),2026-09-26T14:44:07+00:00
04a9db74162d479c,2017-07-11,Beef,"Round, top inside round (168  1)",Choice Cuts,,,,Choice,,,,,220.0,238.52,,,222.19,$/cwt,2.2219,per lb,National,wholesale,,,,,,47639.0,lb,,2453,National Daily Boxed Beef Cutout & Boxed Beef Cuts - Negotiated Sales - PM (PDF) (LM_XB403),2026-09-26T14:44:07+00:00
e433e33777d472a4,2017-07-11,Beef,"Round, top inside round (168  1)",Select Cuts,,,,Select,,,,,222.0,240.03,,,223.38,$/cwt,2.2338,per lb,National,wholesale,,,,,,14302.0,lb,,2453,National Daily Boxed Beef Cutout & Boxed Beef Cuts - Negotiated Sales - PM (PDF) (LM_XB403),2026-09-26T14:44:07+00:00
91faf2358a722e2f,2017-07-11,Beef,"Round, top inside round (168  3)",Choice Cuts,,,,Choice,,,,,235.0,256.5,,,238.92,$/cwt,2.3892,per lb,National,wholesale,,,,,,92879.0,lb,,2453,National Daily Boxed Beef Cutout & Boxed Beef Cuts - Negotiated Sales - PM (PDF) (LM_XB403),2026-09-26T14:44:07+00:00
a6cef3f42518a6b3,2017-07-11,Beef,"Round, top inside round (168  3)",Select Cuts,,,,Select,,,,,228.34,245.2,,,234.81,$/cwt,2.3481,per lb,National,wholesale,,,,,,104764.0,lb,,2453,National Daily Boxed Beef Cutout & Boxed Beef Cuts - Negotiated Sales - PM (PDF) (LM_XB403),2026-09-26T14:44:07+00:00
e8e509e61d7c0790,2017-07-11,Beef,"Round, top inside, denuded (169  5)",Choice Cuts,,,,Choice,,,,,280.0,306.5,,,285.84,$/cwt,2.8584,per lb,National,wholesale,,,,,,7948.0,lb,,2453,National Daily Boxed Beef Cutout & Boxed Beef Cuts - Negotiated Sales - PM (PDF) (LM_XB403),2026-09-26T14:44:07+00:00
eddb6fe6c97b582d,2017-07-11,Beef,"Short Plate, short rib (123A  3)",Choice Cuts,,,,Choice,,,,,478.62,524.7,,,499.45,$/cwt,4.9945,per lb,National,wholesale,,,,,,12832.0,lb,,2453,National Daily Boxed Beef Cutout & Boxed Beef Cuts - Negotiated Sales - PM (PDF) (LM_XB403),2026-09-26T14:44:07+00:00
cddf601838ad32fd,2017-07-12,Beef,"Brisket, deckle-off, bnls (120  1)",Choice Cuts,,,,Choice,,,,,206.07,257.71,,,216.49,$/cwt,2.1649,per lb,National,wholesale,,,,,,249427.0,lb,,2453,National Daily Boxed Beef Cutout & Boxed Beef Cuts - Negotiated Sales - PM (PDF) (LM_XB403),2026-09-26T14:44:07+00:00
191d7781b3b594a5,2017-07-12,Beef,"Brisket, deckle-off, bnls (120  1)",Select Cuts,,,,Select,,,,,200.0,234.72,,,208.61,$/cwt,2.0861,per lb,National,wholesale,,,,,,165735.0,lb,,2453,National Daily Boxed Beef Cutout & Boxed Beef Cuts - Negotiated Sales - PM (PDF) (LM_XB403),2026-09-26T14:44:07+00:00
ab42d37f65c45067,2017-07-12,Beef,"Brisket, point/off, bnls (120A  3)",Choice Cuts,,,,Choice,,,,,390.0,420.09,,,395.42,$/cwt,3.9542,per lb,National,wholesale,,,,,,6830.0,lb,,2453,National Daily Boxed Beef Cutout & Boxed Beef Cuts - Negotiated Sales - PM (PDF) (LM_XB403),2026-09-26T14:44:07+00:00
37672fa98a763962,2017-07-12,Beef,"Chuck, chuck tender (116B  1)",Choice Cuts,,,,Choice,,,,,220.3,242.0,,,231.66,$/cwt,2.3166,per lb,National,wholesale,,,,,,30190.0,lb,,2453,National Daily Boxed Beef Cutout & Boxed Beef Cuts - Negotiated Sales - PM (PDF) (LM_XB403),2026-09-26T14:44:07+00:00
eb6568009bb811ba,2017-07-12,Beef,"Chuck, chuck tender (116B  1)",Select Cuts,,,,Select,,,,,223.0,244.0,,,226.52,$/cwt,2.2652,per lb,National,wholesale,,,,,,49248.0,lb,,2453,National Daily Boxed Beef Cutout & Boxed Beef Cuts - Negotiated Sales - PM (PDF) (LM_XB403),2026-09-26T14:44:07+00:00
a52386e621e8bf50,2017-07-12,Beef,"Chuck, clod tender (114F  5)",Choice Cuts,,,,Choice,,,,,360.0,404.42,,,362.69,$/cwt,3.6269,per lb,National,wholesale,,,,,,11224.0,lb,,2453,National Daily Boxed Beef Cutout & Boxed Beef Cuts - Negotiated Sales - PM (PDF) (LM_XB403),2026-09-26T14:44:07+00:00
a9d66c5d8d32a680,2017-07-12,Beef,"Chuck, clod, arm roast (114E  3)",Choice Cuts,,,,Choice,,,,,235.0,260.75,,,235.88,$/cwt,2.3588,per lb,National,wholesale,,,,,,212736.0,lb,,2453,National Daily Boxed Beef Cutout & Boxed Beef Cuts - Negotiated Sales - PM (PDF) (LM_XB403),2026-09-26T14:44:07+00:00
dddf80083ae6af7e,2017-07-12,Beef,"Chuck, clod, top blade (114D  3)",Choice Cuts,,,,Choice,,,,,303.0,339.62,,,311.3,$/cwt,3.113,per lb,National,wholesale,,,,,,11576.0,lb,,2453,National Daily Boxed Beef Cutout & Boxed Beef Cuts - Negotiated Sales - PM (PDF) (LM_XB403),2026-09-26T14:44:07+00:00
2122d9ed85fdbdd1,2017-07-12,Beef,"Chuck, flap (116G  4)",Choice Cuts,,,,Choice,,,,,516.0,567.5,,,530.48,$/cwt,5.3048,per lb,National,wholesale,,,,,,7286.0,lb,,2453,National Daily Boxed Beef Cutout & Boxed Beef Cuts - Negotiated Sales - PM (PDF) (LM_XB403),2026-09-26T14:44:07+00:00
9a2af62e5603b882,2017-07-12,Beef,"Chuck, flap (116G  4)",Select Cuts,,,,Select,,,,,464.51,505.0,,,470.76,$/cwt,4.7076,per lb,National,wholesale,,,,,,8050.0,lb,,2453,National Daily Boxed Beef Cutout & Boxed Beef Cuts - Negotiated Sales - PM (PDF) (LM_XB403),2026-09-26T14:44:07+00:00
5c28138e5239721d,2017-07-12,Beef,"Chuck, roll, lxl, neck/off (116A  3)",Choice Cuts,,,,Choice,,,,,227.0,265.0,,,234.82,$/cwt,2.3482,per lb,National,wholesale,,,,,,453201.0,lb,,2453,National Daily Boxed Beef Cutout & Boxed Beef Cuts - Negotiated Sales - PM (PDF) (LM_XB403),2026-09-26T14:44:07+00:00
528322755e4922db,2017-07-12,Beef,"Chuck, roll, lxl, neck/off (116A  3)",Select Cuts,,,,Select,,,,,225.0,253.76,,,230.82,$/cwt,2.3082,per lb,National,wholesale,,,,,,120649.0,lb,,2453,National Daily Boxed Beef Cutout & Boxed Beef Cuts - Negotiated Sales - PM (PDF) (LM_XB403),2026-09-26T14:44:07+00:00
8bd38e35e60ec6f8,2017-07-12,Beef,"Chuck, semi-bnls, neck/off (113C  1)",Choice Cuts,,,,Choice,,,,,201.25,228.74,,,204.91,$/cwt,2.0491,per lb,National,wholesale,,,,,,128408.0,lb,,2453,National Daily Boxed Beef Cutout & Boxed Beef Cuts - Negotiated Sales - PM (PDF) (LM_XB403),2026-09-26T14:44:07+00:00
79e373c8e3e36519,2017-07-12,Beef,"Chuck, semi-bnls, neck/off (113C  1)",Select Cuts,,,,Select,,,,,201.25,211.0,,,204.16,$/cwt,2.0416,per lb,National,wholesale,,,,,,93909.0,lb,,2453,National Daily Boxed Beef Cutout & Boxed Beef Cuts - Negotiated Sales - PM (PDF) (LM_XB403),2026-09-26T14:44:07+00:00
b104314e850e01e3,2017-07-12,Beef,"Chuck, short rib (130  4)",Choice Cuts,,,,Choice,,,,,353.25,381.0,,,371.37,$/cwt,3.7137,per lb,National,wholesale,,,,,,35220.0,lb,,2453,National Daily Boxed Beef Cutout & Boxed Beef Cuts - Negotiated Sales - PM (PDF) (LM_XB403),2026-09-26T14:44:07+00:00
349823b3bcc352b2,2017-07-12,Beef,"Chuck, short rib (130  4)",Select Cuts,,,,Select,,,,,339.5,357.0,,,341.38,$/cwt,3.4138,per lb,National,wholesale,,,,,,19404.0,lb,,2453,National Daily Boxed Beef Cutout & Boxed Beef Cuts - Negotiated Sales - PM (PDF) (LM_XB403),2026-09-26T14:44:07+00:00
461b11b0fd7260d2,2017-07-12,Beef,"Chuck, shoulder clod (114  1)",Choice Cuts,,,,Choice,,,,,197.0,211.0,,,202.15,$/cwt,2.0215,per lb,National,wholesale,,,,,,30685.0,lb,,2453,National Daily Boxed Beef Cutout & Boxed Beef Cuts - Negotiated Sales - PM (PDF) (LM_XB403),2026-09-26T14:44:07+00:00
d203f45f16c74c04,2017-07-12,Beef,"Chuck, shoulder clod (114  1)",Select Cuts,,,,Select,,,,,200.0,214.22,,,207.63,$/cwt,2.0763,per lb,National,wholesale,,,,,,27921.0,lb,,2453,National Daily Boxed Beef Cutout & Boxed Beef Cuts - Negotiated Sales - PM (PDF) (LM_XB403),2026-09-26T14:44:07+00:00
fbdf4ce2cb4a6038,2017-07-12,Beef,"Chuck, shoulder clod, trmd (114A  3)",Choice Cuts,,,,Choice,,,,,210.0,233.0,,,217.18,$/cwt,2.1718,per lb,National,wholesale,,,,,,155076.0,lb,,2453,National Daily Boxed Beef Cutout & Boxed Beef Cuts - Negotiated Sales - PM (PDF) (LM_XB403),2026-09-26T14:44:07+00:00
43385354f3234588,2017-07-12,Beef,"Chuck, shoulder clod, trmd (114A  3)",Select Cuts,,,,Select,,,,,206.62,226.25,,,210.82,$/cwt,2.1082,per lb,National,wholesale,,,,,,79047.0,lb,,2453,National Daily Boxed Beef Cutout & Boxed Beef Cuts - Negotiated Sales - PM (PDF) (LM_XB403),2026-09-26T14:44:07+00:00
37802125138004c4,2017-07-12,Beef,Cutout 600-900 lb,,,,,Choice,,,,,,,,,212.69,$/cwt,2.1269,per lb,National,wholesale,,,,,,,,,2453,National Daily Boxed Beef Cutout & Boxed Beef Cuts - Negotiated Sales - PM (PDF) (LM_XB403),2026-09-26T14:44:07+00:00
e3bbadb71749ab7f,2017-07-12,Beef,Cutout 600-900 lb,,,,,Select,,,,,,,,,198.73,$/cwt,1.9873,per lb,National,wholesale,,,,,,,,,2453,National Daily Boxed Beef Cutout & Boxed Beef Cuts - Negotiated Sales - PM (PDF) (LM_XB403),2026-09-26T14:44:07+00:00
b4c36ba3e9872ebc,2017-07-12,Beef,"Flank, flank steak (193  4)",Choice Cuts,,,,Choice,,,,,487.91,510.0,,,496.01,$/cwt,4.9601,per lb,National,wholesale,,,,,,24929.0,lb,,2453,National Daily Boxed Beef Cutout & Boxed Beef Cuts - Negotiated Sales - PM (PDF) (LM_XB403),2026-09-26T14:44:07+00:00
f02bc584f180a644,2017-07-12,Beef,"Flank, flank steak (193  4)",Select Cuts,,,,Select,,,,,404.66,430.0,,,407.24,$/cwt,4.0724,per lb,National,wholesale,,,,,,43657.0,lb,,2453,National Daily Boxed Beef Cutout & Boxed Beef Cuts - Negotiated Sales - PM (PDF) (LM_XB403),2026-09-26T14:44:07+00:00
9cb0046b21e81f9f,2017-07-12,Beef,Ground Beef 73%,Ground Beef,,,,,,,,,172.97,198.25,,,181.92,$/cwt,1.8192,per lb,National,wholesale,,,,,,102763.0,lb,,2453,National Daily Boxed Beef Cutout & Boxed Beef Cuts - Negotiated Sales - PM (PDF) (LM_XB403),2026-09-26T14:44:07+00:00
7a3e9e168d8d7987,2017-07-12,Beef,Ground Beef 81%,Ground Beef,,,,,,,,,186.79,235.75,,,199.33,$/cwt,1.9933,per lb,National,wholesale,,,,,,338058.0,lb,,2453,National Daily Boxed Beef Cutout & Boxed Beef Cuts - Negotiated Sales - PM (PDF) (LM_XB403),2026-09-26T14:44:07+00:00
9679561eac17b767,2017-07-12,Beef,Ground Beef 93%,Ground Beef,,,,,,,,,312.0,331.01,,,322.18,$/cwt,3.2218,per lb,National,wholesale,,,,,,11622.0,lb,,2453,National Daily Boxed Beef Cutout & Boxed Beef Cuts - Negotiated Sales - PM (PDF) (LM_XB403),2026-09-26T14:44:07+00:00
44d867408253fa35,2017-07-12,Beef,Ground Beef Chuck,Ground Beef,,,,,,,,,201.0,231.42,,,208.18,$/cwt,2.0818,per lb,National,wholesale,,,,,,93483.0,lb,,2453,National Daily Boxed Beef Cutout & Boxed Beef Cuts - Negotiated Sales - PM (PDF) (LM_XB403),2026-09-26T14:44:07+00:00
fddd42ea7df3ce42,2017-07-12,Beef,Ground Beef Round,Ground Beef,,,,,,,,,256.0,277.0,,,262.38,$/cwt,2.6238,per lb,National,wholesale,,,,,,12138.0,lb,,2453,National Daily Boxed Beef Cutout & Boxed Beef Cuts - Negotiated Sales - PM (PDF) (LM_XB403),2026-09-26T14:44:07+00:00
31feb04d64c4b2c7,2017-07-12,Beef,"Loin, ball-tip, bnls, heavy (185B  1)",Choice Cuts,,,,Choice,,,,,284.0,319.0,,,303.13,$/cwt,3.0313,per lb,National,wholesale,,,,,,22745.0,lb,,2453,National Daily Boxed Beef Cutout & Boxed Beef Cuts - Negotiated Sales - PM (PDF) (LM_XB403),2026-09-26T14:44:07+00:00
abfd3b1daf5d49b2,2017-07-12,Beef,"Loin, ball-tip, bnls, heavy (185B  1)",Select Cuts,,,,Select,,,,,300.0,312.75,,,308.39,$/cwt,3.0839,per lb,National,wholesale,,,,,,3694.0,lb,,2453,National Daily Boxed Beef Cutout & Boxed Beef Cuts - Negotiated Sales - PM (PDF) (LM_XB403),2026-09-26T14:44:07+00:00
51023878e7da0b0c,2017-07-12,Beef,"Loin, bottom sirloin, flap (185A  4)",Choice Cuts,,,,Choice,,,,,454.36,616.5,,,482.13,$/cwt,4.8213,per lb,National,wholesale,,,,,,138971.0,lb,,2453,National Daily Boxed Beef Cutout & Boxed Beef Cuts - Negotiated Sales - PM (PDF) (LM_XB403),2026-09-26T14:44:07+00:00
3feb015d493118d5,2017-07-12,Beef,"Loin, bottom sirloin, flap (185A  4)",Select Cuts,,,,Select,,,,,434.0,510.0,,,440.04,$/cwt,4.4004,per lb,National,wholesale,,,,,,45203.0,lb,,2453,National Daily Boxed Beef Cutout & Boxed Beef Cuts - Negotiated Sales - PM (PDF) (LM_XB403),2026-09-26T14:44:07+00:00
9b7e4402fdbd030f,2017-07-12,Beef,"Loin, butt tender, trimmed (191A  4)",Select Cuts,,,,Select,,,,,860.75,861.26,,,861.21,$/cwt,8.6121,per lb,National,wholesale,,,,,,3229.0,lb,,2453,National Daily Boxed Beef Cutout & Boxed Beef Cuts - Negotiated Sales - PM (PDF) (LM_XB403),2026-09-26T14:44:07+00:00
cb1d87eee7a85e42,2017-07-12,Beef,"Loin, short loin, 0x1 (174  3)",Choice Cuts,,,,Choice,,,,,512.0,566.5,,,527.34,$/cwt,5.2734,per lb,National,wholesale,,,,,,59924.0,lb,,2453,National Daily Boxed Beef Cutout & Boxed Beef Cuts - Negotiated Sales - PM (PDF) (LM_XB403),2026-09-26T14:44:07+00:00
a38617d7168c1876,2017-07-12,Beef,"Loin, short loin, 0x1 (174  3)",Select Cuts,,,,Select,,,,,420.0,478.85,,,439.91,$/cwt,4.3991,per lb,National,wholesale,,,,,,113291.0,lb,,2453,National Daily Boxed Beef Cutout & Boxed Beef Cuts - Negotiated Sales - PM (PDF) (LM_XB403),2026-09-26T14:44:07+00:00
6d59d3868e820e1b,2017-07-12,Beef,"Loin, sirloin, tri-tip (185C  1)",Choice Cuts,,,,Choice,,,,,437.77,469.0,,,442.7,$/cwt,4.427,per lb,National,wholesale,,,,,,23057.0,lb,,2453,National Daily Boxed Beef Cutout & Boxed Beef Cuts - Negotiated Sales - PM (PDF) (LM_XB403),2026-09-26T14:44:07+00:00
e60f6e442280a7be,2017-07-12,Beef,"Loin, sirloin, tri-tip (185C  1)",Select Cuts,,,,Select,,,,,322.78,365.7,,,331.91,$/cwt,3.3191,per lb,National,wholesale,,,,,,86922.0,lb,,2453,National Daily Boxed Beef Cutout & Boxed Beef Cuts - Negotiated Sales - PM (PDF) (LM_XB403),2026-09-26T14:44:07+00:00
e93f846df50aae35,2017-07-12,Beef,"Loin, sirloin, tri-tip, pld (185D  4)",Choice Cuts,,,,Choice,,,,,670.66,683.0,,,675.67,$/cwt,6.7567,per lb,National,wholesale,,,,,,4089.0,lb,,2453,National Daily Boxed Beef Cutout & Boxed Beef Cuts - Negotiated Sales - PM (PDF) (LM_XB403),2026-09-26T14:44:07+00:00
94407ec377f68911,2017-07-12,Beef,"Loin, strip loin bnls. 1x1 (  1)",Choice Cuts,,,,Choice,,,,,555.0,555.0,,,555.0,$/cwt,5.55,per lb,National,wholesale,,,,,,2741.0,lb,,2453,National Daily Boxed Beef Cutout & Boxed Beef Cuts - Negotiated Sales - PM (PDF) (LM_XB403),2026-09-26T14:44:07+00:00
7832a46a5e5ee163,2017-07-12,Beef,"Loin, strip loin, 1x1 (175  3)",Choice Cuts,,,,Choice,,,,,499.66,523.69,,,516.16,$/cwt,5.1616,per lb,National,wholesale,,,,,,3248.0,lb,,2453,National Daily Boxed Beef Cutout & Boxed Beef Cuts - Negotiated Sales - PM (PDF) (LM_XB403),2026-09-26T14:44:07+00:00
f2cec5594dca868c,2017-07-12,Beef,"Loin, strip, bnls, 0x1 (180  3)",Choice Cuts,,,,Choice,,,,,553.0,676.0,,,565.43,$/cwt,5.6543,per lb,National,wholesale,,,,,,254452.0,lb,,2453,National Daily Boxed Beef Cutout & Boxed Beef Cuts - Negotiated Sales - PM (PDF) (LM_XB403),2026-09-26T14:44:07+00:00
fbc62c34dffac5c2,2017-07-12,Beef,"Loin, strip, bnls, 0x1 (180  3)",Select Cuts,,,,Select,,,,,409.66,467.75,,,422.13,$/cwt,4.2213,per lb,National,wholesale,,,,,,65176.0,lb,,2453,National Daily Boxed Beef Cutout & Boxed Beef Cuts - Negotiated Sales - PM (PDF) (LM_XB403),2026-09-26T14:44:07+00:00
195e18a453efb562,2017-07-12,Beef,"Loin, tndrloin, trmd, heavy (189A  4)",Choice Cuts,,,,Choice,,,,,950.0,1105.75,,,1017.13,$/cwt,10.1713,per lb,National,wholesale,,,,,,51299.0,lb,,2453,National Daily Boxed Beef Cutout & Boxed Beef Cuts - Negotiated Sales - PM (PDF) (LM_XB403),2026-09-26T14:44:07+00:00
a0414132d28a5e81,2017-07-12,Beef,"Loin, tndrloin, trmd, heavy (189A  4)",Select Cuts,,,,Select,,,,,900.0,986.75,,,911.5,$/cwt,9.115,per lb,National,wholesale,,,,,,71354.0,lb,,2453,National Daily Boxed Beef Cutout & Boxed Beef Cuts - Negotiated Sales - PM (PDF) (LM_XB403),2026-09-26T14:44:07+00:00
e55cd1573291fd30,2017-07-12,Beef,"Loin, top butt, CC (184B  3)",Choice Cuts,,,,Choice,,,,,440.0,528.0,,,449.7,$/cwt,4.497,per lb,National,wholesale,,,,,,39833.0,lb,,2453,National Daily Boxed Beef Cutout & Boxed Beef Cuts - Negotiated Sales - PM (PDF) (LM_XB403),2026-09-26T14:44:07+00:00
3b5db340c8ddf9d3,2017-07-12,Beef,"Loin, top butt, bnls, heavy (184  1)",Choice Cuts,,,,Choice,,,,,365.0,386.0,,,370.94,$/cwt,3.7094,per lb,National,wholesale,,,,,,8098.0,lb,,2453,National Daily Boxed Beef Cutout & Boxed Beef Cuts - Negotiated Sales - PM (PDF) (LM_XB403),2026-09-26T14:44:07+00:00
d9fa1c66163579c7,2017-07-12,Beef,"Loin, top butt, bnls, heavy (184  1)",Select Cuts,,,,Select,,,,,286.36,311.0,,,293.85,$/cwt,2.9385,per lb,National,wholesale,,,,,,8476.0,lb,,2453,National Daily Boxed Beef Cutout & Boxed Beef Cuts - Negotiated Sales - PM (PDF) (LM_XB403),2026-09-26T14:44:07+00:00
d4559fab9abf9dc2,2017-07-12,Beef,"Loin, top butt, boneless (184  3)",Choice Cuts,,,,Choice,,,,,360.0,393.0,,,374.35,$/cwt,3.7435,per lb,National,wholesale,,,,,,176129.0,lb,,2453,National Daily Boxed Beef Cutout & Boxed Beef Cuts - Negotiated Sales - PM (PDF) (LM_XB403),2026-09-26T14:44:07+00:00
538c1a3c4f8dd499,2017-07-12,Beef,"Loin, top butt, boneless (184  3)",Select Cuts,,,,Select,,,,,283.0,317.0,,,287.14,$/cwt,2.8714,per lb,National,wholesale,,,,,,119786.0,lb,,2453,National Daily Boxed Beef Cutout & Boxed Beef Cuts - Negotiated Sales - PM (PDF) (LM_XB403),2026-09-26T14:44:07+00:00
8a29d9d427581ec6,2017-07-12,Beef,"Rib, ribeye, bnls, heavy (112A  3)",Choice Cuts,,,,Choice,,,,,685.0,759.0,,,709.97,$/cwt,7.0997,per lb,National,wholesale,,,,,,64623.0,lb,,2453,National Daily Boxed Beef Cutout & Boxed Beef Cuts - Negotiated Sales - PM (PDF) (LM_XB403),2026-09-26T14:44:07+00:00
622f546e7708f4c4,2017-07-12,Beef,"Rib, ribeye, bnls, heavy (112A  3)",Select Cuts,,,,Select,,,,,614.0,718.25,,,645.15,$/cwt,6.4515,per lb,National,wholesale,,,,,,123940.0,lb,,2453,National Daily Boxed Beef Cutout & Boxed Beef Cuts - Negotiated Sales - PM (PDF) (LM_XB403),2026-09-26T14:44:07+00:00
fa35caaf121e6f4f,2017-07-12,Beef,"Rib, ribeye, bnls, light (112A  3)",Choice Cuts,,,,Choice,,,,,677.3,745.68,,,685.42,$/cwt,6.8542,per lb,National,wholesale,,,,,,170004.0,lb,,2453,National Daily Boxed Beef Cutout & Boxed Beef Cuts - Negotiated Sales - PM (PDF) (LM_XB403),2026-09-26T14:44:07+00:00
f27aefd3d3f79d43,2017-07-12,Beef,"Rib, ribeye, bnls, light (112A  3)",Select Cuts,,,,Select,,,,,625.5,700.0,,,632.64,$/cwt,6.3264,per lb,National,wholesale,,,,,,58164.0,lb,,2453,National Daily Boxed Beef Cutout & Boxed Beef Cuts - Negotiated Sales - PM (PDF) (LM_XB403),2026-09-26T14:44:07+00:00
0c0bec5102f5f9a6,2017-07-12,Beef,"Rib, ribeye, lip-on, bn-in (109E  1)",Choice Cuts,,,,Choice,,,,,581.84,660.75,,,593.73,$/cwt,5.9373,per lb,National,wholesale,,,,,,113380.0,lb,,2453,National Daily Boxed Beef Cutout & Boxed Beef Cuts - Negotiated Sales - PM (PDF) (LM_XB403),2026-09-26T14:44:07+00:00
2b1fe13adf87abc4,2017-07-12,Beef,"Rib, ribeye, lip-on, bn-in (109E  1)",Select Cuts,,,,Select,,,,,549.5,583.25,,,558.3,$/cwt,5.583,per lb,National,wholesale,,,,,,48852.0,lb,,2453,National Daily Boxed Beef Cutout & Boxed Beef Cuts - Negotiated Sales - PM (PDF) (LM_XB403),2026-09-26T14:44:07+00:00
7fa4ebd50798a623,2017-07-12,Beef,"Round, bottom gooseneck (170  1)",Choice Cuts,,,,Choice,,,,,196.0,225.0,,,201.23,$/cwt,2.0123,per lb,National,wholesale,,,,,,16592.0,lb,,2453,National Daily Boxed Beef Cutout & Boxed Beef Cuts - Negotiated Sales - PM (PDF) (LM_XB403),2026-09-26T14:44:07+00:00
3eb4752cf160010e,2017-07-12,Beef,"Round, bottom gooseneck (170  1)",Select Cuts,,,,Select,,,,,195.0,211.36,,,203.94,$/cwt,2.0394,per lb,National,wholesale,,,,,,1575.0,lb,,2453,National Daily Boxed Beef Cutout & Boxed Beef Cuts - Negotiated Sales - PM (PDF) (LM_XB403),2026-09-26T14:44:07+00:00
0d09cdfd18b6e00e,2017-07-12,Beef,"Round, eye of round (171C  3)",Choice Cuts,,,,Choice,,,,,214.66,243.0,,,224.78,$/cwt,2.2478,per lb,National,wholesale,,,,,,94908.0,lb,,2453,National Daily Boxed Beef Cutout & Boxed Beef Cuts - Negotiated Sales - PM (PDF) (LM_XB403),2026-09-26T14:44:07+00:00
850ea21dd7b64d11,2017-07-12,Beef,"Round, eye of round (171C  3)",Select Cuts,,,,Select,,,,,218.3,236.42,,,229.06,$/cwt,2.2906,per lb,National,wholesale,,,,,,53937.0,lb,,2453,National Daily Boxed Beef Cutout & Boxed Beef Cuts - Negotiated Sales - PM (PDF) (LM_XB403),2026-09-26T14:44:07+00:00
ec0e916862c252a2,2017-07-12,Beef,"Round, knuckle, peeled (167A  4)",Choice Cuts,,,,Choice,,,,,224.43,255.0,,,228.96,$/cwt,2.2896,per lb,National,wholesale,,,,,,381921.0,lb,,2453,National Daily Boxed Beef Cutout & Boxed Beef Cuts - Negotiated Sales - PM (PDF) (LM_XB403),2026-09-26T14:44:07+00:00
e91cc98408e6dd4e,2017-07-12,Beef,"Round, knuckle, peeled (167A  4)",Select Cuts,,,,Select,,,,,234.62,266.25,,,247.59,$/cwt,2.4759,per lb,National,wholesale,,,,,,16889.0,lb,,2453,National Daily Boxed Beef Cutout & Boxed Beef Cuts - Negotiated Sales - PM (PDF) (LM_XB403),2026-09-26T14:44:07+00:00
c7a0f4733c37963b,2017-07-12,Beef,"Round, outside round (171B  3)",Choice Cuts,,,,Choice,,,,,205.5,235.0,,,212.88,$/cwt,2.1288,per lb,National,wholesale,,,,,,136891.0,lb,,2453,National Daily Boxed Beef Cutout & Boxed Beef Cuts - Negotiated Sales - PM (PDF) (LM_XB403),2026-09-26T14:44:07+00:00
4d2a667fe869f905,2017-07-12,Beef,"Round, outside round (171B  3)",Select Cuts,,,,Select,,,,,206.75,219.74,,,211.62,$/cwt,2.1162,per lb,National,wholesale,,,,,,95336.0,lb,,2453,National Daily Boxed Beef Cutout & Boxed Beef Cuts - Negotiated Sales - PM (PDF) (LM_XB403),2026-09-26T14:44:07+00:00
de76764a6fb66bef,2017-07-12,Beef,"Round, top inside round (168  1)",Choice Cuts,,,,Choice,,,,,224.0,256.0,,,242.19,$/cwt,2.4219,per lb,National,wholesale,,,,,,46215.0,lb,,2453,National Daily Boxed Beef Cutout & Boxed Beef Cuts - Negotiated Sales - PM (PDF) (LM_XB403),2026-09-26T14:44:07+00:00
1128ed8c97fc5e0b,2017-07-12,Beef,"Round, top inside round (168  1)",Select Cuts,,,,Select,,,,,230.0,230.0,,,230.0,$/cwt,2.3,per lb,National,wholesale,,,,,,4805.0,lb,,2453,National Daily Boxed Beef Cutout & Boxed Beef Cuts - Negotiated Sales - PM (PDF) (LM_XB403),2026-09-26T14:44:07+00:00
fd7cf438f12b0ed9,2017-07-12,Beef,"Round, top inside round (168  3)",Choice Cuts,,,,Choice,,,,,230.75,260.0,,,236.13,$/cwt,2.3613,per lb,National,wholesale,,,,,,111526.0,lb,,2453,National Daily Boxed Beef Cutout & Boxed Beef Cuts - Negotiated Sales - PM (PDF) (LM_XB403),2026-09-26T14:44:07+00:00
6681ea79f4d390b3,2017-07-12,Beef,"Round, top inside round (168  3)",Select Cuts,,,,Select,,,,,227.0,250.0,,,234.41,$/cwt,2.3441,per lb,National,wholesale,,,,,,100536.0,lb,,2453,National Daily Boxed Beef Cutout & Boxed Beef Cuts - Negotiated Sales - PM (PDF) (LM_XB403),2026-09-26T14:44:07+00:00
58b4cca3ffa420aa,2017-07-12,Beef,"Round, top inside, cap off (169A  5)",Choice Cuts,,,,Choice,,,,,304.75,335.0,,,317.23,$/cwt,3.1723,per lb,National,wholesale,,,,,,10331.0,lb,,2453,National Daily Boxed Beef Cutout & Boxed Beef Cuts - Negotiated Sales - PM (PDF) (LM_XB403),2026-09-26T14:44:07+00:00
5a678fccb4b6386e,2017-07-12,Beef,"Round, top inside, denuded (169  5)",Choice Cuts,,,,Choice,,,,,257.0,286.5,,,275.6,$/cwt,2.756,per lb,National,wholesale,,,,,,26568.0,lb,,2453,National Daily Boxed Beef Cutout & Boxed Beef Cuts - Negotiated Sales - PM (PDF) (LM_XB403),2026-09-26T14:44:07+00:00
c40b8c9d45cce9e8,2017-07-12,Beef,"Round, top inside, denuded (169  5)",Select Cuts,,,,Select,,,,,270.0,303.76,,,282.02,$/cwt,2.8202,per lb,National,wholesale,,,,,,5728.0,lb,,2453,National Daily Boxed Beef Cutout & Boxed Beef Cuts - Negotiated Sales - PM (PDF) (LM_XB403),2026-09-26T14:44:07+00:00
aedc09d00a209e86,2017-07-12,Beef,"Short Plate, short rib (123A  3)",Choice Cuts,,,,Choice,,,,,490.0,560.0,,,521.84,$/cwt,5.2184,per lb,National,wholesale,,,,,,13537.0,lb,,2453,National Daily Boxed Beef Cutout & Boxed Beef Cuts - Negotiated Sales - PM (PDF) (LM_XB403),2026-09-26T14:44:07+00:00
a06a69ab79cba190,2017-07-13,Beef,"Brisket, deckle-off, bnls (120  1)",Choice Cuts,,,,Choice,,,,,202.22,237.83,,,216.71,$/cwt,2.1671,per lb,National,wholesale,,,,,,849547.0,lb,,2453,National Daily Boxed Beef Cutout & Boxed Beef Cuts - Negotiated Sales - PM (PDF) (LM_XB403),2026-09-26T14:44:07+00:00
466e1a33f4549d08,2017-07-13,Beef,"Brisket, deckle-off, bnls (120  1)",Select Cuts,,,,Select,,,,,197.0,229.25,,,200.24,$/cwt,2.0024,per lb,National,wholesale,,,,,,626747.0,lb,,2453,National Daily Boxed Beef Cutout & Boxed Beef Cuts - Negotiated Sales - PM (PDF) (LM_XB403),2026-09-26T14:44:07+00:00
8226d6b712819fd5,2017-07-13,Beef,"Brisket, point/off, bnls (120A  3)",Choice Cuts,,,,Choice,,,,,328.0,414.85,,,357.51,$/cwt,3.5751,per lb,National,wholesale,,,,,,19337.0,lb,,2453,National Daily Boxed Beef Cutout & Boxed Beef Cuts - Negotiated Sales - PM (PDF) (LM_XB403),2026-09-26T14:44:07+00:00
9ed79a95d5073b35,2017-07-13,Beef,"Chuck, chuck tender (116B  1)",Choice Cuts,,,,Choice,,,,,215.0,235.5,,,223.72,$/cwt,2.2372,per lb,National,wholesale,,,,,,63593.0,lb,,2453,National Daily Boxed Beef Cutout & Boxed Beef Cuts - Negotiated Sales - PM (PDF) (LM_XB403),2026-09-26T14:44:07+00:00
1e0d1e0b8301bc2c,2017-07-13,Beef,"Chuck, chuck tender (116B  1)",Select Cuts,,,,Select,,,,,230.0,235.5,,,233.77,$/cwt,2.3377,per lb,National,wholesale,,,,,,9594.0,lb,,2453,National Daily Boxed Beef Cutout & Boxed Beef Cuts - Negotiated Sales - PM (PDF) (LM_XB403),2026-09-26T14:44:07+00:00
3fb95d6fba680662,2017-07-13,Beef,"Chuck, clod tender (114F  5)",Choice Cuts,,,,Choice,,,,,360.0,398.0,,,366.3,$/cwt,3.663,per lb,National,wholesale,,,,,,5487.0,lb,,2453,National Daily Boxed Beef Cutout & Boxed Beef Cuts - Negotiated Sales - PM (PDF) (LM_XB403),2026-09-26T14:44:07+00:00
49891c1f0272a622,2017-07-13,Beef,"Chuck, clod tender (114F  5)",Select Cuts,,,,Select,,,,,288.0,366.5,,,292.69,$/cwt,2.9269,per lb,National,wholesale,,,,,,15531.0,lb,,2453,National Daily Boxed Beef Cutout & Boxed Beef Cuts - Negotiated Sales - PM (PDF) (LM_XB403),2026-09-26T14:44:07+00:00
d15f7bcccebf6125,2017-07-13,Beef,"Chuck, clod, arm roast (114E  3)",Choice Cuts,,,,Choice,,,,,235.0,265.93,,,248.52,$/cwt,2.4852,per lb,National,wholesale,,,,,,96483.0,lb,,2453,National Daily Boxed Beef Cutout & Boxed Beef Cuts - Negotiated Sales - PM (PDF) (LM_XB403),2026-09-26T14:44:07+00:00
1d3392d4169b46cf,2017-07-13,Beef,"Chuck, clod, top blade (114D  3)",Choice Cuts,,,,Choice,,,,,275.0,325.68,,,276.28,$/cwt,2.7628,per lb,National,wholesale,,,,,,23163.0,lb,,2453,National Daily Boxed Beef Cutout & Boxed Beef Cuts - Negotiated Sales - PM (PDF) (LM_XB403),2026-09-26T14:44:07+00:00
cf405fc91d6cc615,2017-07-13,Beef,"Chuck, flap (116G  4)",Choice Cuts,,,,Choice,,,,,497.79,566.25,,,523.09,$/cwt,5.2309,per lb,National,wholesale,,,,,,18678.0,lb,,2453,National Daily Boxed Beef Cutout & Boxed Beef Cuts - Negotiated Sales - PM (PDF) (LM_XB403),2026-09-26T14:44:07+00:00
154e48d23fad0a12,2017-07-13,Beef,"Chuck, flap (116G  4)",Select Cuts,,,,Select,,,,,491.5,504.0,,,499.87,$/cwt,4.9987,per lb,National,wholesale,,,,,,1894.0,lb,,2453,National Daily Boxed Beef Cutout & Boxed Beef Cuts - Negotiated Sales - PM (PDF) (LM_XB403),2026-09-26T14:44:07+00:00
be4c51bfd1fa4105,2017-07-13,Beef,"Chuck, roll, lxl, neck/off (116A  3)",Choice Cuts,,,,Choice,,,,,230.0,264.25,,,234.99,$/cwt,2.3499,per lb,National,wholesale,,,,,,350343.0,lb,,2453,National Daily Boxed Beef Cutout & Boxed Beef Cuts - Negotiated Sales - PM (PDF) (LM_XB403),2026-09-26T14:44:07+00:00
03e6cf99a6b2ce32,2017-07-13,Beef,"Chuck, roll, lxl, neck/off (116A  3)",Select Cuts,,,,Select,,,,,225.0,253.85,,,229.77,$/cwt,2.2977,per lb,National,wholesale,,,,,,351844.0,lb,,2453,National Daily Boxed Beef Cutout & Boxed Beef Cuts - Negotiated Sales - PM (PDF) (LM_XB403),2026-09-26T14:44:07+00:00
4bb15e80885e2eb7,2017-07-13,Beef,"Chuck, roll, retail ready (916A  3)",Choice Cuts,,,,Choice,,,,,257.87,269.33,,,260.47,$/cwt,2.6047,per lb,National,wholesale,,,,,,74638.0,lb,,2453,National Daily Boxed Beef Cutout & Boxed Beef Cuts - Negotiated Sales - PM (PDF) (LM_XB403),2026-09-26T14:44:07+00:00
865c2b87916df960,2017-07-13,Beef,"Chuck, semi-bnls, neck/off (113C  1)",Choice Cuts,,,,Choice,,,,,210.0,214.5,,,210.69,$/cwt,2.1069,per lb,National,wholesale,,,,,,10362.0,lb,,2453,National Daily Boxed Beef Cutout & Boxed Beef Cuts - Negotiated Sales - PM (PDF) (LM_XB403),2026-09-26T14:44:07+00:00
96901eaae7f7af86,2017-07-13,Beef,"Chuck, semi-bnls, neck/off (113C  1)",Select Cuts,,,,Select,,,,,207.0,213.0,,,207.71,$/cwt,2.0771,per lb,National,wholesale,,,,,,5349.0,lb,,2453,National Daily Boxed Beef Cutout & Boxed Beef Cuts - Negotiated Sales - PM (PDF) (LM_XB403),2026-09-26T14:44:07+00:00
1ccbda80dc58f36f,2017-07-13,Beef,"Chuck, short rib (130  4)",Choice Cuts,,,,Choice,,,,,355.0,389.0,,,373.31,$/cwt,3.7331,per lb,National,wholesale,,,,,,47677.0,lb,,2453,National Daily Boxed Beef Cutout & Boxed Beef Cuts - Negotiated Sales - PM (PDF) (LM_XB403),2026-09-26T14:44:07+00:00
7b6d25805efc0db0,2017-07-13,Beef,"Chuck, short rib (130  4)",Select Cuts,,,,Select,,,,,346.5,385.0,,,360.48,$/cwt,3.6048,per lb,National,wholesale,,,,,,9534.0,lb,,2453,National Daily Boxed Beef Cutout & Boxed Beef Cuts - Negotiated Sales - PM (PDF) (LM_XB403),2026-09-26T14:44:07+00:00
feb2dfdad727056a,2017-07-13,Beef,"Chuck, shoulder clod (114  1)",Choice Cuts,,,,Choice,,,,,200.0,218.5,,,208.47,$/cwt,2.0847,per lb,National,wholesale,,,,,,26044.0,lb,,2453,National Daily Boxed Beef Cutout & Boxed Beef Cuts - Negotiated Sales - PM (PDF) (LM_XB403),2026-09-26T14:44:07+00:00
fc125f2084ede6b6,2017-07-13,Beef,"Chuck, shoulder clod (114  1)",Select Cuts,,,,Select,,,,,189.89,218.5,,,195.2,$/cwt,1.952,per lb,National,wholesale,,,,,,106478.0,lb,,2453,National Daily Boxed Beef Cutout & Boxed Beef Cuts - Negotiated Sales - PM (PDF) (LM_XB403),2026-09-26T14:44:07+00:00
762f62da321ab3de,2017-07-13,Beef,"Chuck, shoulder clod, trmd (114A  3)",Choice Cuts,,,,Choice,,,,,200.0,234.25,,,211.61,$/cwt,2.1161,per lb,National,wholesale,,,,,,118870.0,lb,,2453,National Daily Boxed Beef Cutout & Boxed Beef Cuts - Negotiated Sales - PM (PDF) (LM_XB403),2026-09-26T14:44:07+00:00
f51bbae49f7183f6,2017-07-13,Beef,"Chuck, shoulder clod, trmd (114A  3)",Select Cuts,,,,Select,,,,,199.93,222.0,,,203.13,$/cwt,2.0313,per lb,National,wholesale,,,,,,101855.0,lb,,2453,National Daily Boxed Beef Cutout & Boxed Beef Cuts - Negotiated Sales - PM (PDF) (LM_XB403),2026-09-26T14:44:07+00:00
5af766399d067f77,2017-07-13,Beef,Cutout 600-900 lb,,,,,Choice,,,,,,,,,209.85,$/cwt,2.0985,per lb,National,wholesale,,,,,,,,,2453,National Daily Boxed Beef Cutout & Boxed Beef Cuts - Negotiated Sales - PM (PDF) (LM_XB403),2026-09-26T14:44:07+00:00
98e1cd5f3179b2b7,2017-07-13,Beef,Cutout 600-900 lb,,,,,Select,,,,,,,,,197.26,$/cwt,1.9726,per lb,National,wholesale,,,,,,,,,2453,National Daily Boxed Beef Cutout & Boxed Beef Cuts - Negotiated Sales - PM (PDF) (LM_XB403),2026-09-26T14:44:07+00:00
353c435391515425,2017-07-13,Beef,"Flank, flank steak (193  4)",Choice Cuts,,,,Choice,,,,,493.78,514.25,,,505.57,$/cwt,5.0557,per lb,National,wholesale,,,,,,13462.0,lb,,2453,National Daily Boxed Beef Cutout & Boxed Beef Cuts - Negotiated Sales - PM (PDF) (LM_XB403),2026-09-26T14:44:07+00:00
370302ef71b46d7e,2017-07-13,Beef,"Flank, flank steak (193  4)",Select Cuts,,,,Select,,,,,389.0,411.45,,,395.34,$/cwt,3.9534,per lb,National,wholesale,,,,,,21743.0,lb,,2453,National Daily Boxed Beef Cutout & Boxed Beef Cuts - Negotiated Sales - PM (PDF) (LM_XB403),2026-09-26T14:44:07+00:00
c3aa2cc4fdb0cbdd,2017-07-13,Beef,Ground Beef 73%,Ground Beef,,,,,,,,,167.0,201.34,,,176.24,$/cwt,1.7624,per lb,National,wholesale,,,,,,213429.0,lb,,2453,National Daily Boxed Beef Cutout & Boxed Beef Cuts - Negotiated Sales - PM (PDF) (LM_XB403),2026-09-26T14:44:07+00:00
44191ffe7a1fcab6,2017-07-13,Beef,Ground Beef 81%,Ground Beef,,,,,,,,,186.0,216.87,,,196.82,$/cwt,1.9682,per lb,National,wholesale,,,,,,530558.0,lb,,2453,National Daily Boxed Beef Cutout & Boxed Beef Cuts - Negotiated Sales - PM (PDF) (LM_XB403),2026-09-26T14:44:07+00:00
0f297416ee07f32f,2017-07-13,Beef,Ground Beef 93%,Ground Beef,,,,,,,,,315.0,325.0,,,322.06,$/cwt,3.2206,per lb,National,wholesale,,,,,,9641.0,lb,,2453,National Daily Boxed Beef Cutout & Boxed Beef Cuts - Negotiated Sales - PM (PDF) (LM_XB403),2026-09-26T14:44:07+00:00
8426eda2acf7e925,2017-07-13,Beef,Ground Beef Chuck,Ground Beef,,,,,,,,,213.0,228.96,,,217.26,$/cwt,2.1726,per lb,National,wholesale,,,,,,65718.0,lb,,2453,National Daily Boxed Beef Cutout & Boxed Beef Cuts - Negotiated Sales - PM (PDF) (LM_XB403),2026-09-26T14:44:07+00:00
61a3cd40b9b7d91e,2017-07-13,Beef,Ground Beef Round,Ground Beef,,,,,,,,,266.75,281.0,,,277.29,$/cwt,2.7729,per lb,National,wholesale,,,,,,31191.0,lb,,2453,National Daily Boxed Beef Cutout & Boxed Beef Cuts - Negotiated Sales - PM (PDF) (LM_XB403),2026-09-26T14:44:07+00:00
e736bdd2e3a74964,2017-07-13,Beef,"Loin, ball-tip, bnls, heavy (185B  1)",Choice Cuts,,,,Choice,,,,,276.0,321.0,,,290.82,$/cwt,2.9082,per lb,National,wholesale,,,,,,63393.0,lb,,2453,National Daily Boxed Beef Cutout & Boxed Beef Cuts - Negotiated Sales - PM (PDF) (LM_XB403),2026-09-26T14:44:07+00:00
47ea3f1219da8492,2017-07-13,Beef,"Loin, ball-tip, bnls, heavy (185B  1)",Select Cuts,,,,Select,,,,,251.45,315.0,,,282.63,$/cwt,2.8263,per lb,National,wholesale,,,,,,19302.0,lb,,2453,National Daily Boxed Beef Cutout & Boxed Beef Cuts - Negotiated Sales - PM (PDF) (LM_XB403),2026-09-26T14:44:07+00:00
de9a67e6580bc47d,2017-07-13,Beef,"Loin, bottom sirloin, flap (185A  4)",Choice Cuts,,,,Choice,,,,,437.73,515.0,,,454.28,$/cwt,4.5428,per lb,National,wholesale,,,,,,245844.0,lb,,2453,National Daily Boxed Beef Cutout & Boxed Beef Cuts - Negotiated Sales - PM (PDF) (LM_XB403),2026-09-26T14:44:07+00:00
32c4dbae34ca8695,2017-07-13,Beef,"Loin, bottom sirloin, flap (185A  4)",Select Cuts,,,,Select,,,,,445.0,497.0,,,463.01,$/cwt,4.6301,per lb,National,wholesale,,,,,,48784.0,lb,,2453,National Daily Boxed Beef Cutout & Boxed Beef Cuts - Negotiated Sales - PM (PDF) (LM_XB403),2026-09-26T14:44:07+00:00
8aa16410483e166f,2017-07-13,Beef,"Loin, short loin, 0x1 (174  3)",Choice Cuts,,,,Choice,,,,,510.0,574.25,,,519.98,$/cwt,5.1998,per lb,National,wholesale,,,,,,265608.0,lb,,2453,National Daily Boxed Beef Cutout & Boxed Beef Cuts - Negotiated Sales - PM (PDF) (LM_XB403),2026-09-26T14:44:07+00:00
8aa63688dc261352,2017-07-13,Beef,"Loin, short loin, 0x1 (174  3)",Select Cuts,,,,Select,,,,,400.0,460.3,,,414.96,$/cwt,4.1496,per lb,National,wholesale,,,,,,44636.0,lb,,2453,National Daily Boxed Beef Cutout & Boxed Beef Cuts - Negotiated Sales - PM (PDF) (LM_XB403),2026-09-26T14:44:07+00:00
c59564290657df8b,2017-07-13,Beef,"Loin, sirloin, tri-tip (185C  1)",Choice Cuts,,,,Choice,,,,,450.0,492.0,,,476.47,$/cwt,4.7647,per lb,National,wholesale,,,,,,1485.0,lb,,2453,National Daily Boxed Beef Cutout & Boxed Beef Cuts - Negotiated Sales - PM (PDF) (LM_XB403),2026-09-26T14:44:07+00:00
96b971d0eae09559,2017-07-13,Beef,"Loin, sirloin, tri-tip (185C  1)",Select Cuts,,,,Select,,,,,349.0,355.0,,,354.89,$/cwt,3.5489,per lb,National,wholesale,,,,,,6928.0,lb,,2453,National Daily Boxed Beef Cutout & Boxed Beef Cuts - Negotiated Sales - PM (PDF) (LM_XB403),2026-09-26T14:44:07+00:00
22782602f80ad41b,2017-07-13,Beef,"Loin, sirloin, tri-tip, pld (185D  4)",Choice Cuts,,,,Choice,,,,,568.26,625.75,,,590.77,$/cwt,5.9077,per lb,National,wholesale,,,,,,5508.0,lb,,2453,National Daily Boxed Beef Cutout & Boxed Beef Cuts - Negotiated Sales - PM (PDF) (LM_XB403),2026-09-26T14:44:07+00:00
d49126a7b8affbfc,2017-07-13,Beef,"Loin, strip loin bnls. 1x1 (  1)",Choice Cuts,,,,Choice,,,,,514.0,567.0,,,522.1,$/cwt,5.221,per lb,National,wholesale,,,,,,38488.0,lb,,2453,National Daily Boxed Beef Cutout & Boxed Beef Cuts - Negotiated Sales - PM (PDF) (LM_XB403),2026-09-26T14:44:07+00:00
151ae7fafd183472,2017-07-13,Beef,"Loin, strip loin, 1x1 (175  3)",Choice Cuts,,,,Choice,,,,,461.0,480.0,,,466.41,$/cwt,4.6641,per lb,National,wholesale,,,,,,80982.0,lb,,2453,National Daily Boxed Beef Cutout & Boxed Beef Cuts - Negotiated Sales - PM (PDF) (LM_XB403),2026-09-26T14:44:07+00:00
a0c63a2e3a1ed8f5,2017-07-13,Beef,"Loin, strip, bnls, 0x1 (180  3)",Choice Cuts,,,,Choice,,,,,550.0,616.75,,,566.58,$/cwt,5.6658,per lb,National,wholesale,,,,,,377017.0,lb,,2453,National Daily Boxed Beef Cutout & Boxed Beef Cuts - Negotiated Sales - PM (PDF) (LM_XB403),2026-09-26T14:44:07+00:00
5e0cf280139ce605,2017-07-13,Beef,"Loin, strip, bnls, 0x1 (180  3)",Select Cuts,,,,Select,,,,,415.0,460.0,,,424.93,$/cwt,4.2493,per lb,National,wholesale,,,,,,87084.0,lb,,2453,National Daily Boxed Beef Cutout & Boxed Beef Cuts - Negotiated Sales - PM (PDF) (LM_XB403),2026-09-26T14:44:07+00:00
dc1e646f06fe7308,2017-07-13,Beef,"Loin, tndrloin, trmd, heavy (189A  4)",Choice Cuts,,,,Choice,,,,,930.0,1115.25,,,948.49,$/cwt,9.4849,per lb,National,wholesale,,,,,,254515.0,lb,,2453,National Daily Boxed Beef Cutout & Boxed Beef Cuts - Negotiated Sales - PM (PDF) (LM_XB403),2026-09-26T14:44:07+00:00
ebcbe1e065ce944a,2017-07-13,Beef,"Loin, tndrloin, trmd, heavy (189A  4)",Select Cuts,,,,Select,,,,,865.0,966.0,,,888.43,$/cwt,8.8843,per lb,National,wholesale,,,,,,94074.0,lb,,2453,National Daily Boxed Beef Cutout & Boxed Beef Cuts - Negotiated Sales - PM (PDF) (LM_XB403),2026-09-26T14:44:07+00:00
86e4a309ae5735b8,2017-07-13,Beef,"Loin, top butt, CC (184B  3)",Choice Cuts,,,,Choice,,,,,455.0,555.0,,,470.51,$/cwt,4.7051,per lb,National,wholesale,,,,,,83391.0,lb,,2453,National Daily Boxed Beef Cutout & Boxed Beef Cuts - Negotiated Sales - PM (PDF) (LM_XB403),2026-09-26T14:44:07+00:00
4b8026b903ab6b3f,2017-07-13,Beef,"Loin, top butt, CC (184B  3)",Select Cuts,,,,Select,,,,,380.0,380.0,,,380.0,$/cwt,3.8,per lb,National,wholesale,,,,,,14313.0,lb,,2453,National Daily Boxed Beef Cutout & Boxed Beef Cuts - Negotiated Sales - PM (PDF) (LM_XB403),2026-09-26T14:44:07+00:00
f8ccd22c82ac46b1,2017-07-13,Beef,"Loin, top butt, bnls, heavy (184  1)",Choice Cuts,,,,Choice,,,,,365.0,386.0,,,375.8,$/cwt,3.758,per lb,National,wholesale,,,,,,1446.0,lb,,2453,National Daily Boxed Beef Cutout & Boxed Beef Cuts - Negotiated Sales - PM (PDF) (LM_XB403),2026-09-26T14:44:07+00:00
2e315320dfaaebc9,2017-07-13,Beef,"Loin, top butt, bnls, heavy (184  1)",Select Cuts,,,,Select,,,,,278.0,294.0,,,281.97,$/cwt,2.8197,per lb,National,wholesale,,,,,,14034.0,lb,,2453,National Daily Boxed Beef Cutout & Boxed Beef Cuts - Negotiated Sales - PM (PDF) (LM_XB403),2026-09-26T14:44:07+00:00
4ae7852adfde8e8a,2017-07-13,Beef,"Loin, top butt, boneless (184  3)",Choice Cuts,,,,Choice,,,,,362.0,396.25,,,376.67,$/cwt,3.7667,per lb,National,wholesale,,,,,,86374.0,lb,,2453,National Daily Boxed Beef Cutout & Boxed Beef Cuts - Negotiated Sales - PM (PDF) (LM_XB403),2026-09-26T14:44:07+00:00
a63d3a84e7f3c8f6,2017-07-13,Beef,"Loin, top butt, boneless (184  3)",Select Cuts,,,,Select,,,,,275.0,330.0,,,293.57,$/cwt,2.9357,per lb,National,wholesale,,,,,,68614.0,lb,,2453,National Daily Boxed Beef Cutout & Boxed Beef Cuts - Negotiated Sales - PM (PDF) (LM_XB403),2026-09-26T14:44:07+00:00
32d8b2d3a52ac625,2017-07-13,Beef,"Rib, ribeye, bnls, heavy (112A  3)",Choice Cuts,,,,Choice,,,,,650.0,771.83,,,671.87,$/cwt,6.7187,per lb,National,wholesale,,,,,,249996.0,lb,,2453,National Daily Boxed Beef Cutout & Boxed Beef Cuts - Negotiated Sales - PM (PDF) (LM_XB403),2026-09-26T14:44:07+00:00
33185dee5667ba2f,2017-07-13,Beef,"Rib, ribeye, bnls, heavy (112A  3)",Select Cuts,,,,Select,,,,,580.0,718.0,,,602.0,$/cwt,6.02,per lb,National,wholesale,,,,,,94231.0,lb,,2453,National Daily Boxed Beef Cutout & Boxed Beef Cuts - Negotiated Sales - PM (PDF) (LM_XB403),2026-09-26T14:44:07+00:00
702a364e47aa42ce,2017-07-13,Beef,"Rib, ribeye, bnls, light (112A  3)",Choice Cuts,,,,Choice,,,,,660.0,735.25,,,674.62,$/cwt,6.7462,per lb,National,wholesale,,,,,,628879.0,lb,,2453,National Daily Boxed Beef Cutout & Boxed Beef Cuts - Negotiated Sales - PM (PDF) (LM_XB403),2026-09-26T14:44:07+00:00
f6f78aa426717e6a,2017-07-13,Beef,"Rib, ribeye, bnls, light (112A  3)",Select Cuts,,,,Select,,,,,585.0,670.45,,,594.46,$/cwt,5.9446,per lb,National,wholesale,,,,,,76397.0,lb,,2453,National Daily Boxed Beef Cutout & Boxed Beef Cuts - Negotiated Sales - PM (PDF) (LM_XB403),2026-09-26T14:44:07+00:00
dc71e24dab157c54,2017-07-13,Beef,"Rib, ribeye, lip-on, bn-in (109E  1)",Choice Cuts,,,,Choice,,,,,580.16,651.0,,,595.43,$/cwt,5.9543,per lb,National,wholesale,,,,,,353942.0,lb,,2453,National Daily Boxed Beef Cutout & Boxed Beef Cuts - Negotiated Sales - PM (PDF) (LM_XB403),2026-09-26T14:44:07+00:00
f1b0515d96b4e6ae,2017-07-13,Beef,"Rib, ribeye, lip-on, bn-in (109E  1)",Select Cuts,,,,Select,,,,,540.0,581.83,,,542.33,$/cwt,5.4233,per lb,National,wholesale,,,,,,12269.0,lb,,2453,National Daily Boxed Beef Cutout & Boxed Beef Cuts - Negotiated Sales - PM (PDF) (LM_XB403),2026-09-26T14:44:07+00:00
05b5f8ac9a2a8246,2017-07-13,Beef,"Round, bottom gooseneck (170  1)",Choice Cuts,,,,Choice,,,,,198.0,214.25,,,208.74,$/cwt,2.0874,per lb,National,wholesale,,,,,,5040.0,lb,,2453,National Daily Boxed Beef Cutout & Boxed Beef Cuts - Negotiated Sales - PM (PDF) (LM_XB403),2026-09-26T14:44:07+00:00
ef11ccb033bb03c5,2017-07-13,Beef,"Round, bottom gooseneck (170  1)",Select Cuts,,,,Select,,,,,192.71,210.0,,,193.26,$/cwt,1.9326,per lb,National,wholesale,,,,,,84399.0,lb,,2453,National Daily Boxed Beef Cutout & Boxed Beef Cuts - Negotiated Sales - PM (PDF) (LM_XB403),2026-09-26T14:44:07+00:00
504e1d9db36f65f7,2017-07-13,Beef,"Round, eye of round (171C  3)",Choice Cuts,,,,Choice,,,,,212.0,246.0,,,220.68,$/cwt,2.2068,per lb,National,wholesale,,,,,,170196.0,lb,,2453,National Daily Boxed Beef Cutout & Boxed Beef Cuts - Negotiated Sales - PM (PDF) (LM_XB403),2026-09-26T14:44:07+00:00
9899151f05e8a560,2017-07-13,Beef,"Round, eye of round (171C  3)",Select Cuts,,,,Select,,,,,213.78,239.0,,,220.76,$/cwt,2.2076,per lb,National,wholesale,,,,,,24064.0,lb,,2453,National Daily Boxed Beef Cutout & Boxed Beef Cuts - Negotiated Sales - PM (PDF) (LM_XB403),2026-09-26T14:44:07+00:00
41ac7ab2c03e78ff,2017-07-13,Beef,"Round, knuckle, peeled (167A  4)",Choice Cuts,,,,Choice,,,,,225.0,262.75,,,229.49,$/cwt,2.2949,per lb,National,wholesale,,,,,,273437.0,lb,,2453,National Daily Boxed Beef Cutout & Boxed Beef Cuts - Negotiated Sales - PM (PDF) (LM_XB403),2026-09-26T14:44:07+00:00
9826b88d362efeb7,2017-07-13,Beef,"Round, knuckle, peeled (167A  4)",Select Cuts,,,,Select,,,,,224.0,275.0,,,232.13,$/cwt,2.3213,per lb,National,wholesale,,,,,,140731.0,lb,,2453,National Daily Boxed Beef Cutout & Boxed Beef Cuts - Negotiated Sales - PM (PDF) (LM_XB403),2026-09-26T14:44:07+00:00
a466aa2752816680,2017-07-13,Beef,"Round, outside round (171B  3)",Choice Cuts,,,,Choice,,,,,204.43,230.99,,,209.12,$/cwt,2.0912,per lb,National,wholesale,,,,,,266771.0,lb,,2453,National Daily Boxed Beef Cutout & Boxed Beef Cuts - Negotiated Sales - PM (PDF) (LM_XB403),2026-09-26T14:44:07+00:00
5e9637c689483692,2017-07-13,Beef,"Round, outside round (171B  3)",Select Cuts,,,,Select,,,,,205.0,219.25,,,210.05,$/cwt,2.1005,per lb,National,wholesale,,,,,,159853.0,lb,,2453,National Daily Boxed Beef Cutout & Boxed Beef Cuts - Negotiated Sales - PM (PDF) (LM_XB403),2026-09-26T14:44:07+00:00
4c9f35d69862a9bf,2017-07-13,Beef,"Round, top inside round (168  1)",Choice Cuts,,,,Choice,,,,,218.0,260.0,,,219.98,$/cwt,2.1998,per lb,National,wholesale,,,,,,161436.0,lb,,2453,National Daily Boxed Beef Cutout & Boxed Beef Cuts - Negotiated Sales - PM (PDF) (LM_XB403),2026-09-26T14:44:07+00:00
bab2f1df7dbe03df,2017-07-13,Beef,"Round, top inside round (168  1)",Select Cuts,,,,Select,,,,,218.0,240.0,,,220.34,$/cwt,2.2034,per lb,National,wholesale,,,,,,73201.0,lb,,2453,National Daily Boxed Beef Cutout & Boxed Beef Cuts - Negotiated Sales - PM (PDF) (LM_XB403),2026-09-26T14:44:07+00:00
a371dfc7329b9632,2017-07-13,Beef,"Round, top inside round (168  3)",Choice Cuts,,,,Choice,,,,,215.0,254.51,,,222.21,$/cwt,2.2221,per lb,National,wholesale,,,,,,336239.0,lb,,2453,National Daily Boxed Beef Cutout & Boxed Beef Cuts - Negotiated Sales - PM (PDF) (LM_XB403),2026-09-26T14:44:07+00:00
4e59ccafaea7be95,2017-07-13,Beef,"Round, top inside round (168  3)",Select Cuts,,,,Select,,,,,215.0,245.0,,,221.92,$/cwt,2.2192,per lb,National,wholesale,,,,,,340800.0,lb,,2453,National Daily Boxed Beef Cutout & Boxed Beef Cuts - Negotiated Sales - PM (PDF) (LM_XB403),2026-09-26T14:44:07+00:00
142361cf5f710bcb,2017-07-13,Beef,"Round, top inside, cap off (169A  5)",Choice Cuts,,,,Choice,,,,,289.0,322.0,,,300.9,$/cwt,3.009,per lb,National,wholesale,,,,,,29157.0,lb,,2453,National Daily Boxed Beef Cutout & Boxed Beef Cuts - Negotiated Sales - PM (PDF) (LM_XB403),2026-09-26T14:44:07+00:00
217d8a654d8dc097,2017-07-13,Beef,"Round, top inside, cap off (169A  5)",Select Cuts,,,,Select,,,,,310.0,330.0,,,329.64,$/cwt,3.2964,per lb,National,wholesale,,,,,,18372.0,lb,,2453,National Daily Boxed Beef Cutout & Boxed Beef Cuts - Negotiated Sales - PM (PDF) (LM_XB403),2026-09-26T14:44:07+00:00
85e583edb34a6411,2017-07-13,Beef,"Round, top inside, denuded (169  5)",Choice Cuts,,,,Choice,,,,,270.0,294.0,,,275.24,$/cwt,2.7524,per lb,National,wholesale,,,,,,72322.0,lb,,2453,National Daily Boxed Beef Cutout & Boxed Beef Cuts - Negotiated Sales - PM (PDF) (LM_XB403),2026-09-26T14:44:07+00:00
ad9327aa038147a2,2017-07-13,Beef,"Round, top inside, denuded (169  5)",Select Cuts,,,,Select,,,,,275.63,293.5,,,280.7,$/cwt,2.807,per lb,National,wholesale,,,,,,1358.0,lb,,2453,National Daily Boxed Beef Cutout & Boxed Beef Cuts - Negotiated Sales - PM (PDF) (LM_XB403),2026-09-26T14:44:07+00:00
c4c37361b01e2a50,2017-07-13,Beef,"Short Plate, short rib (123A  3)",Choice Cuts,,,,Choice,,,,,518.75,572.25,,,560.08,$/cwt,5.6008,per lb,National,wholesale,,,,,,12162.0,lb,,2453,National Daily Boxed Beef Cutout & Boxed Beef Cuts - Negotiated Sales - PM (PDF) (LM_XB403),2026-09-26T14:44:07+00:00
ab4e55952bdf4d89,2017-07-14,Beef,"Brisket, deckle-off, bnls (120  1)",Choice Cuts,,,,Choice,,,,,200.82,233.6,,,205.37,$/cwt,2.0537,per lb,National,wholesale,,,,,,621422.0,lb,,2453,National Daily Boxed Beef Cutout & Boxed Beef Cuts - Negotiated Sales - PM (PDF) (LM_XB403),2026-09-26T14:44:07+00:00
2307d509bb5e2683,2017-07-14,Beef,"Brisket, deckle-off, bnls (120  1)",Select Cuts,,,,Select,,,,,195.0,219.62,,,200.64,$/cwt,2.0064,per lb,National,wholesale,,,,,,52434.0,lb,,2453,National Daily Boxed Beef Cutout & Boxed Beef Cuts - Negotiated Sales - PM (PDF) (LM_XB403),2026-09-26T14:44:07+00:00
1b18f82250d712bb,2017-07-14,Beef,"Chuck, chuck tender (116B  1)",Choice Cuts,,,,Choice,,,,,219.0,234.6,,,230.23,$/cwt,2.3023,per lb,National,wholesale,,,,,,33560.0,lb,,2453,National Daily Boxed Beef Cutout & Boxed Beef Cuts - Negotiated Sales - PM (PDF) (LM_XB403),2026-09-26T14:44:07+00:00
e5a6034f62a9589b,2017-07-14,Beef,"Chuck, chuck tender (116B  1)",Select Cuts,,,,Select,,,,,223.71,231.71,,,227.78,$/cwt,2.2778,per lb,National,wholesale,,,,,,41862.0,lb,,2453,National Daily Boxed Beef Cutout & Boxed Beef Cuts - Negotiated Sales - PM (PDF) (LM_XB403),2026-09-26T14:44:07+00:00
2390985d70d7bff5,2017-07-14,Beef,"Chuck, clod tender (114F  5)",Choice Cuts,,,,Choice,,,,,345.0,373.6,,,357.54,$/cwt,3.5754,per lb,National,wholesale,,,,,,8842.0,lb,,2453,National Daily Boxed Beef Cutout & Boxed Beef Cuts - Negotiated Sales - PM (PDF) (LM_XB403),2026-09-26T14:44:07+00:00
da7efd34a4a55f3d,2017-07-14,Beef,"Chuck, clod, arm roast (114E  3)",Choice Cuts,,,,Choice,,,,,250.0,260.0,,,250.29,$/cwt,2.5029,per lb,National,wholesale,,,,,,44931.0,lb,,2453,National Daily Boxed Beef Cutout & Boxed Beef Cuts - Negotiated Sales - PM (PDF) (LM_XB403),2026-09-26T14:44:07+00:00
072a27eb25cca1a0,2017-07-14,Beef,"Chuck, flap (116G  4)",Choice Cuts,,,,Choice,,,,,492.53,566.75,,,525.53,$/cwt,5.2553,per lb,National,wholesale,,,,,,12334.0,lb,,2453,National Daily Boxed Beef Cutout & Boxed Beef Cuts - Negotiated Sales - PM (PDF) (LM_XB403),2026-09-26T14:44:07+00:00
b931e90abb11f223,2017-07-14,Beef,"Chuck, roll, lxl, neck/off (116A  3)",Choice Cuts,,,,Choice,,,,,225.26,264.6,,,239.13,$/cwt,2.3913,per lb,National,wholesale,,,,,,251701.0,lb,,2453,National Daily Boxed Beef Cutout & Boxed Beef Cuts - Negotiated Sales - PM (PDF) (LM_XB403),2026-09-26T14:44:07+00:00
d0be5766c7eda337,2017-07-14,Beef,"Chuck, roll, lxl, neck/off (116A  3)",Select Cuts,,,,Select,,,,,225.3,250.0,,,230.46,$/cwt,2.3046,per lb,National,wholesale,,,,,,1059014.0,lb,,2453,National Daily Boxed Beef Cutout & Boxed Beef Cuts - Negotiated Sales - PM (PDF) (LM_XB403),2026-09-26T14:44:07+00:00
314dc4bce3239812,2017-07-14,Beef,"Chuck, semi-bnls, neck/off (113C  1)",Choice Cuts,,,,Choice,,,,,201.25,222.25,,,209.04,$/cwt,2.0904,per lb,National,wholesale,,,,,,10160.0,lb,,2453,National Daily Boxed Beef Cutout & Boxed Beef Cuts - Negotiated Sales - PM (PDF) (LM_XB403),2026-09-26T14:44:07+00:00
63b72776beb87e02,2017-07-14,Beef,"Chuck, semi-bnls, neck/off (113C  1)",Select Cuts,,,,Select,,,,,201.25,213.0,,,207.54,$/cwt,2.0754,per lb,National,wholesale,,,,,,5720.0,lb,,2453,National Daily Boxed Beef Cutout & Boxed Beef Cuts - Negotiated Sales - PM (PDF) (LM_XB403),2026-09-26T14:44:07+00:00
3287568c067f58e5,2017-07-14,Beef,"Chuck, short rib (130  4)",Choice Cuts,,,,Choice,,,,,365.0,404.1,,,377.77,$/cwt,3.7777,per lb,National,wholesale,,,,,,29284.0,lb,,2453,National Daily Boxed Beef Cutout & Boxed Beef Cuts - Negotiated Sales - PM (PDF) (LM_XB403),2026-09-26T14:44:07+00:00
b155be72ccfb3b36,2017-07-14,Beef,"Chuck, short rib (130  4)",Select Cuts,,,,Select,,,,,353.62,384.73,,,371.39,$/cwt,3.7139,per lb,National,wholesale,,,,,,2602.0,lb,,2453,National Daily Boxed Beef Cutout & Boxed Beef Cuts - Negotiated Sales - PM (PDF) (LM_XB403),2026-09-26T14:44:07+00:00
ceeb662eeb7a3dfa,2017-07-14,Beef,"Chuck, shoulder clod (114  1)",Choice Cuts,,,,Choice,,,,,201.75,209.0,,,206.26,$/cwt,2.0626,per lb,National,wholesale,,,,,,22445.0,lb,,2453,National Daily Boxed Beef Cutout & Boxed Beef Cuts - Negotiated Sales - PM (PDF) (LM_XB403),2026-09-26T14:44:07+00:00
f99d9da5fc845a30,2017-07-14,Beef,"Chuck, shoulder clod (114  1)",Select Cuts,,,,Select,,,,,194.0,200.0,,,197.05,$/cwt,1.9705,per lb,National,wholesale,,,,,,52991.0,lb,,2453,National Daily Boxed Beef Cutout & Boxed Beef Cuts - Negotiated Sales - PM (PDF) (LM_XB403),2026-09-26T14:44:07+00:00
221b23fdd5daaf36,2017-07-14,Beef,"Chuck, shoulder clod, trmd (114A  3)",Choice Cuts,,,,Choice,,,,,204.0,230.0,,,212.58,$/cwt,2.1258,per lb,National,wholesale,,,,,,45730.0,lb,,2453,National Daily Boxed Beef Cutout & Boxed Beef Cuts - Negotiated Sales - PM (PDF) (LM_XB403),2026-09-26T14:44:07+00:00
1df57d9a5714cc00,2017-07-14,Beef,"Chuck, shoulder clod, trmd (114A  3)",Select Cuts,,,,Select,,,,,200.0,230.65,,,208.33,$/cwt,2.0833,per lb,National,wholesale,,,,,,50818.0,lb,,2453,National Daily Boxed Beef Cutout & Boxed Beef Cuts - Negotiated Sales - PM (PDF) (LM_XB403),2026-09-26T14:44:07+00:00
6099d04bf502cfe0,2017-07-14,Beef,Cutout 600-900 lb,,,,,Choice,,,,,,,,,209.35,$/cwt,2.0935,per lb,National,wholesale,,,,,,,,,2453,National Daily Boxed Beef Cutout & Boxed Beef Cuts - Negotiated Sales - PM (PDF) (LM_XB403),2026-09-26T14:44:07+00:00
c28057334d22c5ef,2017-07-14,Beef,Cutout 600-900 lb,,,,,Select,,,,,,,,,195.42,$/cwt,1.9542,per lb,National,wholesale,,,,,,,,,2453,National Daily Boxed Beef Cutout & Boxed Beef Cuts - Negotiated Sales - PM (PDF) (LM_XB403),2026-09-26T14:44:07+00:00
5f4340c3637cbd22,2017-07-14,Beef,"Flank, flank steak (193  4)",Choice Cuts,,,,Choice,,,,,490.0,506.75,,,501.09,$/cwt,5.0109,per lb,National,wholesale,,,,,,24612.0,lb,,2453,National Daily Boxed Beef Cutout & Boxed Beef Cuts - Negotiated Sales - PM (PDF) (LM_XB403),2026-09-26T14:44:07+00:00
7382fb6ceb77fb88,2017-07-14,Beef,"Flank, flank steak (193  4)",Select Cuts,,,,Select,,,,,380.0,410.0,,,399.41,$/cwt,3.9941,per lb,National,wholesale,,,,,,44280.0,lb,,2453,National Daily Boxed Beef Cutout & Boxed Beef Cuts - Negotiated Sales - PM (PDF) (LM_XB403),2026-09-26T14:44:07+00:00
7cbe79e15fb9e07d,2017-07-14,Beef,Ground Beef 73%,Ground Beef,,,,,,,,,166.0,195.0,,,172.66,$/cwt,1.7266,per lb,National,wholesale,,,,,,160667.0,lb,,2453,National Daily Boxed Beef Cutout & Boxed Beef Cuts - Negotiated Sales - PM (PDF) (LM_XB403),2026-09-26T14:44:07+00:00
f9c9092350c7d353,2017-07-14,Beef,Ground Beef 81%,Ground Beef,,,,,,,,,190.0,219.0,,,196.46,$/cwt,1.9646,per lb,National,wholesale,,,,,,136545.0,lb,,2453,National Daily Boxed Beef Cutout & Boxed Beef Cuts - Negotiated Sales - PM (PDF) (LM_XB403),2026-09-26T14:44:07+00:00
4ee3d2b32b736a56,2017-07-14,Beef,Ground Beef 93%,Ground Beef,,,,,,,,,322.35,328.62,,,322.38,$/cwt,3.2238,per lb,National,wholesale,,,,,,51975.0,lb,,2453,National Daily Boxed Beef Cutout & Boxed Beef Cuts - Negotiated Sales - PM (PDF) (LM_XB403),2026-09-26T14:44:07+00:00
57784bae9ab06e46,2017-07-14,Beef,Ground Beef Chuck,Ground Beef,,,,,,,,,195.0,216.3,,,204.99,$/cwt,2.0499,per lb,National,wholesale,,,,,,34064.0,lb,,2453,National Daily Boxed Beef Cutout & Boxed Beef Cuts - Negotiated Sales - PM (PDF) (LM_XB403),2026-09-26T14:44:07+00:00
f07fe6b77602dd84,2017-07-14,Beef,Ground Beef Round,Ground Beef,,,,,,,,,262.0,280.0,,,266.18,$/cwt,2.6618,per lb,National,wholesale,,,,,,9635.0,lb,,2453,National Daily Boxed Beef Cutout & Boxed Beef Cuts - Negotiated Sales - PM (PDF) (LM_XB403),2026-09-26T14:44:07+00:00
68a0d6c38467e008,2017-07-14,Beef,"Loin, ball-tip, bnls, heavy (185B  1)",Choice Cuts,,,,Choice,,,,,279.87,292.95,,,280.38,$/cwt,2.8038,per lb,National,wholesale,,,,,,93323.0,lb,,2453,National Daily Boxed Beef Cutout & Boxed Beef Cuts - Negotiated Sales - PM (PDF) (LM_XB403),2026-09-26T14:44:07+00:00
f7c825943c646c52,2017-07-14,Beef,"Loin, ball-tip, bnls, heavy (185B  1)",Select Cuts,,,,Select,,,,,253.65,270.0,,,256.84,$/cwt,2.5684,per lb,National,wholesale,,,,,,2468.0,lb,,2453,National Daily Boxed Beef Cutout & Boxed Beef Cuts - Negotiated Sales - PM (PDF) (LM_XB403),2026-09-26T14:44:07+00:00
b903fcefb88b9ef8,2017-07-14,Beef,"Loin, bottom sirloin, flap (185A  4)",Choice Cuts,,,,Choice,,,,,444.97,516.0,,,462.06,$/cwt,4.6206,per lb,National,wholesale,,,,,,37278.0,lb,,2453,National Daily Boxed Beef Cutout & Boxed Beef Cuts - Negotiated Sales - PM (PDF) (LM_XB403),2026-09-26T14:44:07+00:00
8310b4d656476e6b,2017-07-14,Beef,"Loin, bottom sirloin, flap (185A  4)",Select Cuts,,,,Select,,,,,445.0,474.82,,,450.04,$/cwt,4.5004,per lb,National,wholesale,,,,,,16360.0,lb,,2453,National Daily Boxed Beef Cutout & Boxed Beef Cuts - Negotiated Sales - PM (PDF) (LM_XB403),2026-09-26T14:44:07+00:00
7aa17e370e48f5f3,2017-07-14,Beef,"Loin, short loin, 0x1 (174  3)",Choice Cuts,,,,Choice,,,,,465.0,531.0,,,514.81,$/cwt,5.1481,per lb,National,wholesale,,,,,,95292.0,lb,,2453,National Daily Boxed Beef Cutout & Boxed Beef Cuts - Negotiated Sales - PM (PDF) (LM_XB403),2026-09-26T14:44:07+00:00
cf85606d83efc3bd,2017-07-14,Beef,"Loin, short loin, 0x1 (174  3)",Select Cuts,,,,Select,,,,,397.0,470.26,,,405.19,$/cwt,4.0519,per lb,National,wholesale,,,,,,99626.0,lb,,2453,National Daily Boxed Beef Cutout & Boxed Beef Cuts - Negotiated Sales - PM (PDF) (LM_XB403),2026-09-26T14:44:07+00:00
cca89c89934ef9fe,2017-07-14,Beef,"Loin, sirloin, tri-tip (185C  1)",Choice Cuts,,,,Choice,,,,,440.75,470.0,,,446.41,$/cwt,4.4641,per lb,National,wholesale,,,,,,7491.0,lb,,2453,National Daily Boxed Beef Cutout & Boxed Beef Cuts - Negotiated Sales - PM (PDF) (LM_XB403),2026-09-26T14:44:07+00:00
68906f1222ae2086,2017-07-14,Beef,"Loin, sirloin, tri-tip (185C  1)",Select Cuts,,,,Select,,,,,281.8,360.75,,,332.78,$/cwt,3.3278,per lb,National,wholesale,,,,,,81079.0,lb,,2453,National Daily Boxed Beef Cutout & Boxed Beef Cuts - Negotiated Sales - PM (PDF) (LM_XB403),2026-09-26T14:44:07+00:00
d671eae22802f9b6,2017-07-14,Beef,"Loin, sirloin, tri-tip, pld (185D  4)",Choice Cuts,,,,Choice,,,,,550.0,625.75,,,552.8,$/cwt,5.528,per lb,National,wholesale,,,,,,23639.0,lb,,2453,National Daily Boxed Beef Cutout & Boxed Beef Cuts - Negotiated Sales - PM (PDF) (LM_XB403),2026-09-26T14:44:07+00:00
19eea56ce57d25ae,2017-07-14,Beef,"Loin, strip, bnls, 0x1 (180  3)",Choice Cuts,,,,Choice,,,,,545.0,602.0,,,566.83,$/cwt,5.6683,per lb,National,wholesale,,,,,,196608.0,lb,,2453,National Daily Boxed Beef Cutout & Boxed Beef Cuts - Negotiated Sales - PM (PDF) (LM_XB403),2026-09-26T14:44:07+00:00
f029658d958f26e5,2017-07-14,Beef,"Loin, strip, bnls, 0x1 (180  3)",Select Cuts,,,,Select,,,,,427.0,465.0,,,443.11,$/cwt,4.4311,per lb,National,wholesale,,,,,,21540.0,lb,,2453,National Daily Boxed Beef Cutout & Boxed Beef Cuts - Negotiated Sales - PM (PDF) (LM_XB403),2026-09-26T14:44:07+00:00
2403a2afc67df26c,2017-07-14,Beef,"Loin, tndrloin, trmd, heavy (189A  4)",Choice Cuts,,,,Choice,,,,,939.08,1017.6,,,959.8,$/cwt,9.598,per lb,National,wholesale,,,,,,85164.0,lb,,2453,National Daily Boxed Beef Cutout & Boxed Beef Cuts - Negotiated Sales - PM (PDF) (LM_XB403),2026-09-26T14:44:07+00:00
38e8bd3997c1e3fb,2017-07-14,Beef,"Loin, tndrloin, trmd, heavy (189A  4)",Select Cuts,,,,Select,,,,,920.41,974.25,,,929.17,$/cwt,9.2917,per lb,National,wholesale,,,,,,23045.0,lb,,2453,National Daily Boxed Beef Cutout & Boxed Beef Cuts - Negotiated Sales - PM (PDF) (LM_XB403),2026-09-26T14:44:07+00:00
16fd79bea6d7a404,2017-07-14,Beef,"Loin, top butt, bnls, heavy (184  1)",Select Cuts,,,,Select,,,,,278.0,305.0,,,290.1,$/cwt,2.901,per lb,National,wholesale,,,,,,20922.0,lb,,2453,National Daily Boxed Beef Cutout & Boxed Beef Cuts - Negotiated Sales - PM (PDF) (LM_XB403),2026-09-26T14:44:07+00:00
f7ad3f3ab92d5fd1,2017-07-14,Beef,"Loin, top butt, boneless (184  3)",Choice Cuts,,,,Choice,,,,,359.79,384.87,,,371.04,$/cwt,3.7104,per lb,National,wholesale,,,,,,71128.0,lb,,2453,National Daily Boxed Beef Cutout & Boxed Beef Cuts - Negotiated Sales - PM (PDF) (LM_XB403),2026-09-26T14:44:07+00:00
ab692192ed8edcd3,2017-07-14,Beef,"Rib, ribeye, bnls, heavy (112A  3)",Choice Cuts,,,,Choice,,,,,665.0,722.25,,,681.1,$/cwt,6.811,per lb,National,wholesale,,,,,,147347.0,lb,,2453,National Daily Boxed Beef Cutout & Boxed Beef Cuts - Negotiated Sales - PM (PDF) (LM_XB403),2026-09-26T14:44:07+00:00
58e67959e9348b47,2017-07-14,Beef,"Rib, ribeye, bnls, heavy (112A  3)",Select Cuts,,,,Select,,,,,580.2,643.18,,,597.84,$/cwt,5.9784,per lb,National,wholesale,,,,,,51345.0,lb,,2453,National Daily Boxed Beef Cutout & Boxed Beef Cuts - Negotiated Sales - PM (PDF) (LM_XB403),2026-09-26T14:44:07+00:00
459ca57a73598f0a,2017-07-14,Beef,"Rib, ribeye, bnls, light (112A  3)",Choice Cuts,,,,Choice,,,,,695.0,710.5,,,702.65,$/cwt,7.0265,per lb,National,wholesale,,,,,,30159.0,lb,,2453,National Daily Boxed Beef Cutout & Boxed Beef Cuts - Negotiated Sales - PM (PDF) (LM_XB403),2026-09-26T14:44:07+00:00
c7db57e81f30d776,2017-07-14,Beef,"Rib, ribeye, bnls, light (112A  3)",Select Cuts,,,,Select,,,,,580.2,630.0,,,584.99,$/cwt,5.8499,per lb,National,wholesale,,,,,,113097.0,lb,,2453,National Daily Boxed Beef Cutout & Boxed Beef Cuts - Negotiated Sales - PM (PDF) (LM_XB403),2026-09-26T14:44:07+00:00
cfca91fd63813a01,2017-07-14,Beef,"Rib, ribeye, lip-on, bn-in (109E  1)",Choice Cuts,,,,Choice,,,,,581.0,625.43,,,607.56,$/cwt,6.0756,per lb,National,wholesale,,,,,,63776.0,lb,,2453,National Daily Boxed Beef Cutout & Boxed Beef Cuts - Negotiated Sales - PM (PDF) (LM_XB403),2026-09-26T14:44:07+00:00
121127f17044c444,2017-07-14,Beef,"Rib, ribeye, lip-on, bn-in (109E  1)",Select Cuts,,,,Select,,,,,543.15,570.33,,,543.92,$/cwt,5.4392,per lb,National,wholesale,,,,,,12653.0,lb,,2453,National Daily Boxed Beef Cutout & Boxed Beef Cuts - Negotiated Sales - PM (PDF) (LM_XB403),2026-09-26T14:44:07+00:00
a59eb15fa5b83b43,2017-07-14,Beef,"Round, bottom gooseneck (170  1)",Choice Cuts,,,,Choice,,,,,193.1,212.25,,,196.62,$/cwt,1.9662,per lb,National,wholesale,,,,,,5101.0,lb,,2453,National Daily Boxed Beef Cutout & Boxed Beef Cuts - Negotiated Sales - PM (PDF) (LM_XB403),2026-09-26T14:44:07+00:00
4f2ff673c939284f,2017-07-14,Beef,"Round, eye of round (171C  3)",Choice Cuts,,,,Choice,,,,,219.26,237.76,,,225.82,$/cwt,2.2582,per lb,National,wholesale,,,,,,70248.0,lb,,2453,National Daily Boxed Beef Cutout & Boxed Beef Cuts - Negotiated Sales - PM (PDF) (LM_XB403),2026-09-26T14:44:07+00:00
348ecebcb7757f03,2017-07-14,Beef,"Round, eye of round (171C  3)",Select Cuts,,,,Select,,,,,225.0,238.0,,,227.32,$/cwt,2.2732,per lb,National,wholesale,,,,,,25798.0,lb,,2453,National Daily Boxed Beef Cutout & Boxed Beef Cuts - Negotiated Sales - PM (PDF) (LM_XB403),2026-09-26T14:44:07+00:00
d11fb7ce65208ca5,2017-07-14,Beef,"Round, knuckle, peeled (167A  4)",Choice Cuts,,,,Choice,,,,,225.0,262.75,,,231.66,$/cwt,2.3166,per lb,National,wholesale,,,,,,212144.0,lb,,2453,National Daily Boxed Beef Cutout & Boxed Beef Cuts - Negotiated Sales - PM (PDF) (LM_XB403),2026-09-26T14:44:07+00:00
e7674c42251c6782,2017-07-14,Beef,"Round, knuckle, peeled (167A  4)",Select Cuts,,,,Select,,,,,230.66,235.3,,,231.08,$/cwt,2.3108,per lb,National,wholesale,,,,,,32606.0,lb,,2453,National Daily Boxed Beef Cutout & Boxed Beef Cuts - Negotiated Sales - PM (PDF) (LM_XB403),2026-09-26T14:44:07+00:00
db1855fd0abbd80a,2017-07-14,Beef,"Round, outside round (171B  3)",Choice Cuts,,,,Choice,,,,,209.62,221.75,,,214.18,$/cwt,2.1418,per lb,National,wholesale,,,,,,35114.0,lb,,2453,National Daily Boxed Beef Cutout & Boxed Beef Cuts - Negotiated Sales - PM (PDF) (LM_XB403),2026-09-26T14:44:07+00:00
85e53c4d76828c40,2017-07-14,Beef,"Round, outside round (171B  3)",Select Cuts,,,,Select,,,,,213.0,220.0,,,216.09,$/cwt,2.1609,per lb,National,wholesale,,,,,,20308.0,lb,,2453,National Daily Boxed Beef Cutout & Boxed Beef Cuts - Negotiated Sales - PM (PDF) (LM_XB403),2026-09-26T14:44:07+00:00
dea57fe5cbb48ab7,2017-07-14,Beef,"Round, top inside round (168  1)",Choice Cuts,,,,Choice,,,,,224.0,255.75,,,224.74,$/cwt,2.2474,per lb,National,wholesale,,,,,,153321.0,lb,,2453,National Daily Boxed Beef Cutout & Boxed Beef Cuts - Negotiated Sales - PM (PDF) (LM_XB403),2026-09-26T14:44:07+00:00
a2a4767043c6fb37,2017-07-14,Beef,"Round, top inside round (168  1)",Select Cuts,,,,Select,,,,,225.0,235.46,,,225.64,$/cwt,2.2564,per lb,National,wholesale,,,,,,23089.0,lb,,2453,National Daily Boxed Beef Cutout & Boxed Beef Cuts - Negotiated Sales - PM (PDF) (LM_XB403),2026-09-26T14:44:07+00:00
dce951417c5b0928,2017-07-14,Beef,"Round, top inside round (168  3)",Choice Cuts,,,,Choice,,,,,220.0,241.0,,,232.8,$/cwt,2.328,per lb,National,wholesale,,,,,,35436.0,lb,,2453,National Daily Boxed Beef Cutout & Boxed Beef Cuts - Negotiated Sales - PM (PDF) (LM_XB403),2026-09-26T14:44:07+00:00
d9d22a57d600137e,2017-07-14,Beef,"Round, top inside round (168  3)",Select Cuts,,,,Select,,,,,225.0,245.0,,,232.81,$/cwt,2.3281,per lb,National,wholesale,,,,,,40490.0,lb,,2453,National Daily Boxed Beef Cutout & Boxed Beef Cuts - Negotiated Sales - PM (PDF) (LM_XB403),2026-09-26T14:44:07+00:00
dd28709649556241,2017-07-14,Beef,"Round, top inside, denuded (169  5)",Choice Cuts,,,,Choice,,,,,270.0,294.0,,,275.43,$/cwt,2.7543,per lb,National,wholesale,,,,,,86764.0,lb,,2453,National Daily Boxed Beef Cutout & Boxed Beef Cuts - Negotiated Sales - PM (PDF) (LM_XB403),2026-09-26T14:44:07+00:00
64bd2699c1af6c3f,2017-07-14,Beef,"Short Plate, short rib (123A  3)",Choice Cuts,,,,Choice,,,,,481.33,571.75,,,542.95,$/cwt,5.4295,per lb,National,wholesale,,,,,,18545.0,lb,,2453,National Daily Boxed Beef Cutout & Boxed Beef Cuts - Negotiated Sales - PM (PDF) (LM_XB403),2026-09-26T14:44:07+00:00
b10bb4e5c60eeb6c,2017-07-17,Beef,"Brisket, deckle-off, bnls (120  1)",Choice Cuts,,,,Choice,,,,,200.0,234.25,,,204.89,$/cwt,2.0489,per lb,National,wholesale,,,,,,523350.0,lb,,2453,National Daily Boxed Beef Cutout & Boxed Beef Cuts - Negotiated Sales - PM (PDF) (LM_XB403),2026-09-26T14:44:07+00:00
bff993412695ea08,2017-07-17,Beef,"Brisket, deckle-off, bnls (120  1)",Select Cuts,,,,Select,,,,,200.81,227.0,,,205.34,$/cwt,2.0534,per lb,National,wholesale,,,,,,68287.0,lb,,2453,National Daily Boxed Beef Cutout & Boxed Beef Cuts - Negotiated Sales - PM (PDF) (LM_XB403),2026-09-26T14:44:07+00:00
6e6c52c20395836a,2017-07-17,Beef,"Brisket, point/off, bnls (120A  3)",Choice Cuts,,,,Choice,,,,,355.0,395.0,,,387.08,$/cwt,3.8708,per lb,National,wholesale,,,,,,4663.0,lb,,2453,National Daily Boxed Beef Cutout & Boxed Beef Cuts - Negotiated Sales - PM (PDF) (LM_XB403),2026-09-26T14:44:07+00:00
af8ba78d064fa4e3,2017-07-17,Beef,"Chuck, chuck tender (116B  1)",Choice Cuts,,,,Choice,,,,,225.0,242.75,,,228.2,$/cwt,2.282,per lb,National,wholesale,,,,,,47127.0,lb,,2453,National Daily Boxed Beef Cutout & Boxed Beef Cuts - Negotiated Sales - PM (PDF) (LM_XB403),2026-09-26T14:44:07+00:00
f280c31989b0197a,2017-07-17,Beef,"Chuck, chuck tender (116B  1)",Select Cuts,,,,Select,,,,,220.5,235.65,,,224.14,$/cwt,2.2414,per lb,National,wholesale,,,,,,47994.0,lb,,2453,National Daily Boxed Beef Cutout & Boxed Beef Cuts - Negotiated Sales - PM (PDF) (LM_XB403),2026-09-26T14:44:07+00:00
a8c633ef8062b76b,2017-07-17,Beef,"Chuck, clod tender (114F  5)",Choice Cuts,,,,Choice,,,,,360.0,397.0,,,363.16,$/cwt,3.6316,per lb,National,wholesale,,,,,,8862.0,lb,,2453,National Daily Boxed Beef Cutout & Boxed Beef Cuts - Negotiated Sales - PM (PDF) (LM_XB403),2026-09-26T14:44:07+00:00
0e4e247e71e64142,2017-07-17,Beef,"Chuck, clod tender (114F  5)",Select Cuts,,,,Select,,,,,270.0,362.22,,,300.65,$/cwt,3.0065,per lb,National,wholesale,,,,,,19680.0,lb,,2453,National Daily Boxed Beef Cutout & Boxed Beef Cuts - Negotiated Sales - PM (PDF) (LM_XB403),2026-09-26T14:44:07+00:00
2623df8a054b21f1,2017-07-17,Beef,"Chuck, clod, arm roast (114E  3)",Choice Cuts,,,,Choice,,,,,251.83,262.88,,,262.1,$/cwt,2.621,per lb,National,wholesale,,,,,,30220.0,lb,,2453,National Daily Boxed Beef Cutout & Boxed Beef Cuts - Negotiated Sales - PM (PDF) (LM_XB403),2026-09-26T14:44:07+00:00
0d807e80f09bdeae,2017-07-17,Beef,"Chuck, clod, top blade (114D  3)",Choice Cuts,,,,Choice,,,,,290.0,346.08,,,297.76,$/cwt,2.9776,per lb,National,wholesale,,,,,,44238.0,lb,,2453,National Daily Boxed Beef Cutout & Boxed Beef Cuts - Negotiated Sales - PM (PDF) (LM_XB403),2026-09-26T14:44:07+00:00
d9482187e6bb070e,2017-07-17,Beef,"Chuck, flap (116G  4)",Choice Cuts,,,,Choice,,,,,523.62,530.0,,,525.07,$/cwt,5.2507,per lb,National,wholesale,,,,,,9315.0,lb,,2453,National Daily Boxed Beef Cutout & Boxed Beef Cuts - Negotiated Sales - PM (PDF) (LM_XB403),2026-09-26T14:44:07+00:00
3b5738746e3dade7,2017-07-17,Beef,"Chuck, flap (116G  4)",Select Cuts,,,,Select,,,,,432.86,467.94,,,454.69,$/cwt,4.5469,per lb,National,wholesale,,,,,,31885.0,lb,,2453,National Daily Boxed Beef Cutout & Boxed Beef Cuts - Negotiated Sales - PM (PDF) (LM_XB403),2026-09-26T14:44:07+00:00
7f5919f85ae27d2c,2017-07-17,Beef,"Chuck, roll, lxl, neck/off (116A  3)",Choice Cuts,,,,Choice,,,,,234.0,264.25,,,242.65,$/cwt,2.4265,per lb,National,wholesale,,,,,,232395.0,lb,,2453,National Daily Boxed Beef Cutout & Boxed Beef Cuts - Negotiated Sales - PM (PDF) (LM_XB403),2026-09-26T14:44:07+00:00
892bfb1af211aa14,2017-07-17,Beef,"Chuck, roll, lxl, neck/off (116A  3)",Select Cuts,,,,Select,,,,,228.5,260.0,,,239.82,$/cwt,2.3982,per lb,National,wholesale,,,,,,53500.0,lb,,2453,National Daily Boxed Beef Cutout & Boxed Beef Cuts - Negotiated Sales - PM (PDF) (LM_XB403),2026-09-26T14:44:07+00:00
6f5f7b0a813e4d42,2017-07-17,Beef,"Chuck, roll, retail ready (916A  3)",Choice Cuts,,,,Choice,,,,,250.1,257.33,,,252.44,$/cwt,2.5244,per lb,National,wholesale,,,,,,74863.0,lb,,2453,National Daily Boxed Beef Cutout & Boxed Beef Cuts - Negotiated Sales - PM (PDF) (LM_XB403),2026-09-26T14:44:07+00:00
b452654743135235,2017-07-17,Beef,"Chuck, semi-bnls, neck/off (113C  1)",Choice Cuts,,,,Choice,,,,,209.5,226.75,,,211.32,$/cwt,2.1132,per lb,National,wholesale,,,,,,24544.0,lb,,2453,National Daily Boxed Beef Cutout & Boxed Beef Cuts - Negotiated Sales - PM (PDF) (LM_XB403),2026-09-26T14:44:07+00:00
6c7e008fafbac9b9,2017-07-17,Beef,"Chuck, short rib (130  4)",Choice Cuts,,,,Choice,,,,,350.0,385.0,,,370.02,$/cwt,3.7002,per lb,National,wholesale,,,,,,42551.0,lb,,2453,National Daily Boxed Beef Cutout & Boxed Beef Cuts - Negotiated Sales - PM (PDF) (LM_XB403),2026-09-26T14:44:07+00:00
3d4b9115704ddfbf,2017-07-17,Beef,"Chuck, short rib (130  4)",Select Cuts,,,,Select,,,,,345.0,388.0,,,370.6,$/cwt,3.706,per lb,National,wholesale,,,,,,7685.0,lb,,2453,National Daily Boxed Beef Cutout & Boxed Beef Cuts - Negotiated Sales - PM (PDF) (LM_XB403),2026-09-26T14:44:07+00:00
fd358830a5289713,2017-07-17,Beef,"Chuck, shoulder clod (114  1)",Choice Cuts,,,,Choice,,,,,200.07,220.5,,,205.63,$/cwt,2.0563,per lb,National,wholesale,,,,,,26976.0,lb,,2453,National Daily Boxed Beef Cutout & Boxed Beef Cuts - Negotiated Sales - PM (PDF) (LM_XB403),2026-09-26T14:44:07+00:00
4a56a9aaf362936a,2017-07-17,Beef,"Chuck, shoulder clod (114  1)",Select Cuts,,,,Select,,,,,188.38,211.0,,,194.66,$/cwt,1.9466,per lb,National,wholesale,,,,,,75459.0,lb,,2453,National Daily Boxed Beef Cutout & Boxed Beef Cuts - Negotiated Sales - PM (PDF) (LM_XB403),2026-09-26T14:44:07+00:00
eb8a9466117e2ea7,2017-07-17,Beef,"Chuck, shoulder clod, trmd (114A  3)",Choice Cuts,,,,Choice,,,,,210.0,229.25,,,213.98,$/cwt,2.1398,per lb,National,wholesale,,,,,,71978.0,lb,,2453,National Daily Boxed Beef Cutout & Boxed Beef Cuts - Negotiated Sales - PM (PDF) (LM_XB403),2026-09-26T14:44:07+00:00
406defd3cb23134a,2017-07-17,Beef,"Chuck, shoulder clod, trmd (114A  3)",Select Cuts,,,,Select,,,,,209.66,226.25,,,212.79,$/cwt,2.1279,per lb,National,wholesale,,,,,,19000.0,lb,,2453,National Daily Boxed Beef Cutout & Boxed Beef Cuts - Negotiated Sales - PM (PDF) (LM_XB403),2026-09-26T14:44:07+00:00
175cb6f177ae7e13,2017-07-17,Beef,Cutout 600-900 lb,,,,,Choice,,,,,,,,,209.05,$/cwt,2.0905,per lb,National,wholesale,,,,,,,,,2453,National Daily Boxed Beef Cutout & Boxed Beef Cuts - Negotiated Sales - PM (PDF) (LM_XB403),2026-09-26T14:44:07+00:00
a8fe984f5f01b4bf,2017-07-17,Beef,Cutout 600-900 lb,,,,,Select,,,,,,,,,195.81,$/cwt,1.9581,per lb,National,wholesale,,,,,,,,,2453,National Daily Boxed Beef Cutout & Boxed Beef Cuts - Negotiated Sales - PM (PDF) (LM_XB403),2026-09-26T14:44:07+00:00
124fa42604f47c89,2017-07-17,Beef,"Flank, flank steak (193  4)",Choice Cuts,,,,Choice,,,,,452.1,510.0,,,456.37,$/cwt,4.5637,per lb,National,wholesale,,,,,,95943.0,lb,,2453,National Daily Boxed Beef Cutout & Boxed Beef Cuts - Negotiated Sales - PM (PDF) (LM_XB403),2026-09-26T14:44:07+00:00
284f4263152d1e99,2017-07-17,Beef,"Flank, flank steak (193  4)",Select Cuts,,,,Select,,,,,380.0,425.46,,,388.23,$/cwt,3.8823,per lb,National,wholesale,,,,,,16218.0,lb,,2453,National Daily Boxed Beef Cutout & Boxed Beef Cuts - Negotiated Sales - PM (PDF) (LM_XB403),2026-09-26T14:44:07+00:00
2599e929da5ea953,2017-07-17,Beef,Ground Beef 73%,Ground Beef,,,,,,,,,166.0,189.57,,,174.94,$/cwt,1.7494,per lb,National,wholesale,,,,,,50668.0,lb,,2453,National Daily Boxed Beef Cutout & Boxed Beef Cuts - Negotiated Sales - PM (PDF) (LM_XB403),2026-09-26T14:44:07+00:00
0b1f727c608b3c34,2017-07-17,Beef,Ground Beef 81%,Ground Beef,,,,,,,,,174.0,210.0,,,186.91,$/cwt,1.8691,per lb,National,wholesale,,,,,,211675.0,lb,,2453,National Daily Boxed Beef Cutout & Boxed Beef Cuts - Negotiated Sales - PM (PDF) (LM_XB403),2026-09-26T14:44:07+00:00
0efc78713ca19a02,2017-07-17,Beef,Ground Beef 93%,Ground Beef,,,,,,,,,303.0,323.5,,,315.95,$/cwt,3.1595,per lb,National,wholesale,,,,,,30573.0,lb,,2453,National Daily Boxed Beef Cutout & Boxed Beef Cuts - Negotiated Sales - PM (PDF) (LM_XB403),2026-09-26T14:44:07+00:00
97d0623edc131258,2017-07-17,Beef,Ground Beef Chuck,Ground Beef,,,,,,,,,197.0,219.32,,,210.1,$/cwt,2.101,per lb,National,wholesale,,,,,,56186.0,lb,,2453,National Daily Boxed Beef Cutout & Boxed Beef Cuts - Negotiated Sales - PM (PDF) (LM_XB403),2026-09-26T14:44:07+00:00
7a31fa7863901bba,2017-07-17,Beef,Ground Beef Round,Ground Beef,,,,,,,,,242.3,261.75,,,247.58,$/cwt,2.4758,per lb,National,wholesale,,,,,,5116.0,lb,,2453,National Daily Boxed Beef Cutout & Boxed Beef Cuts - Negotiated Sales - PM (PDF) (LM_XB403),2026-09-26T14:44:07+00:00
feb631404ca3577d,2017-07-17,Beef,"Loin, ball-tip, bnls, heavy (185B  1)",Choice Cuts,,,,Choice,,,,,277.0,305.0,,,287.18,$/cwt,2.8718,per lb,National,wholesale,,,,,,73651.0,lb,,2453,National Daily Boxed Beef Cutout & Boxed Beef Cuts - Negotiated Sales - PM (PDF) (LM_XB403),2026-09-26T14:44:07+00:00
4154dad2dd11575e,2017-07-17,Beef,"Loin, ball-tip, bnls, heavy (185B  1)",Select Cuts,,,,Select,,,,,229.0,317.0,,,242.14,$/cwt,2.4214,per lb,National,wholesale,,,,,,71929.0,lb,,2453,National Daily Boxed Beef Cutout & Boxed Beef Cuts - Negotiated Sales - PM (PDF) (LM_XB403),2026-09-26T14:44:07+00:00
30fb638474d7da61,2017-07-17,Beef,"Loin, bottom sirloin, flap (185A  4)",Choice Cuts,,,,Choice,,,,,445.0,483.8,,,458.64,$/cwt,4.5864,per lb,National,wholesale,,,,,,54174.0,lb,,2453,National Daily Boxed Beef Cutout & Boxed Beef Cuts - Negotiated Sales - PM (PDF) (LM_XB403),2026-09-26T14:44:07+00:00
f2fb99dc34d56f22,2017-07-17,Beef,"Loin, bottom sirloin, flap (185A  4)",Select Cuts,,,,Select,,,,,453.09,487.0,,,470.72,$/cwt,4.7072,per lb,National,wholesale,,,,,,12572.0,lb,,2453,National Daily Boxed Beef Cutout & Boxed Beef Cuts - Negotiated Sales - PM (PDF) (LM_XB403),2026-09-26T14:44:07+00:00
08796ebdcea4f87a,2017-07-17,Beef,"Loin, butt tender, trimmed (191A  4)",Select Cuts,,,,Select,,,,,859.52,860.33,,,859.95,$/cwt,8.5995,per lb,National,wholesale,,,,,,1626.0,lb,,2453,National Daily Boxed Beef Cutout & Boxed Beef Cuts - Negotiated Sales - PM (PDF) (LM_XB403),2026-09-26T14:44:07+00:00
408274ef6bff3203,2017-07-17,Beef,"Loin, short loin, 0x1 (174  3)",Choice Cuts,,,,Choice,,,,,510.0,575.75,,,519.47,$/cwt,5.1947,per lb,National,wholesale,,,,,,216283.0,lb,,2453,National Daily Boxed Beef Cutout & Boxed Beef Cuts - Negotiated Sales - PM (PDF) (LM_XB403),2026-09-26T14:44:07+00:00
6ea5ebaa9cbb07cc,2017-07-17,Beef,"Loin, short loin, 0x1 (174  3)",Select Cuts,,,,Select,,,,,420.0,478.58,,,435.55,$/cwt,4.3555,per lb,National,wholesale,,,,,,24429.0,lb,,2453,National Daily Boxed Beef Cutout & Boxed Beef Cuts - Negotiated Sales - PM (PDF) (LM_XB403),2026-09-26T14:44:07+00:00
5324d7d7eadd9fd7,2017-07-17,Beef,"Loin, sirloin, tri-tip (185C  1)",Choice Cuts,,,,Choice,,,,,367.83,451.66,,,375.0,$/cwt,3.75,per lb,National,wholesale,,,,,,52154.0,lb,,2453,National Daily Boxed Beef Cutout & Boxed Beef Cuts - Negotiated Sales - PM (PDF) (LM_XB403),2026-09-26T14:44:07+00:00
571acc54f1458385,2017-07-17,Beef,"Loin, sirloin, tri-tip (185C  1)",Select Cuts,,,,Select,,,,,319.81,355.0,,,340.13,$/cwt,3.4013,per lb,National,wholesale,,,,,,6905.0,lb,,2453,National Daily Boxed Beef Cutout & Boxed Beef Cuts - Negotiated Sales - PM (PDF) (LM_XB403),2026-09-26T14:44:07+00:00
69c004202ecef254,2017-07-17,Beef,"Loin, sirloin, tri-tip, pld (185D  4)",Choice Cuts,,,,Choice,,,,,479.72,612.0,,,490.56,$/cwt,4.9056,per lb,National,wholesale,,,,,,32445.0,lb,,2453,National Daily Boxed Beef Cutout & Boxed Beef Cuts - Negotiated Sales - PM (PDF) (LM_XB403),2026-09-26T14:44:07+00:00
8da119d8768b20a6,2017-07-17,Beef,"Loin, strip loin bnls. 1x1 (  1)",Choice Cuts,,,,Choice,,,,,546.0,546.0,,,546.0,$/cwt,5.46,per lb,National,wholesale,,,,,,2476.0,lb,,2453,National Daily Boxed Beef Cutout & Boxed Beef Cuts - Negotiated Sales - PM (PDF) (LM_XB403),2026-09-26T14:44:07+00:00
5b9fb3854d64b5a0,2017-07-17,Beef,"Loin, strip loin, 1x1 (175  3)",Choice Cuts,,,,Choice,,,,,461.0,515.75,,,464.26,$/cwt,4.6426,per lb,National,wholesale,,,,,,35834.0,lb,,2453,National Daily Boxed Beef Cutout & Boxed Beef Cuts - Negotiated Sales - PM (PDF) (LM_XB403),2026-09-26T14:44:07+00:00
f82105b929f38115,2017-07-17,Beef,"Loin, strip, bnls, 0x1 (180  3)",Choice Cuts,,,,Choice,,,,,570.0,632.0,,,577.97,$/cwt,5.7797,per lb,National,wholesale,,,,,,57195.0,lb,,2453,National Daily Boxed Beef Cutout & Boxed Beef Cuts - Negotiated Sales - PM (PDF) (LM_XB403),2026-09-26T14:44:07+00:00
a6a9dd246b7f90e3,2017-07-17,Beef,"Loin, strip, bnls, 0x1 (180  3)",Select Cuts,,,,Select,,,,,420.0,501.75,,,443.03,$/cwt,4.4303,per lb,National,wholesale,,,,,,33091.0,lb,,2453,National Daily Boxed Beef Cutout & Boxed Beef Cuts - Negotiated Sales - PM (PDF) (LM_XB403),2026-09-26T14:44:07+00:00
507df528f8db08a8,2017-07-17,Beef,"Loin, tndrloin, trmd, heavy (189A  4)",Choice Cuts,,,,Choice,,,,,940.2,1057.0,,,965.08,$/cwt,9.6508,per lb,National,wholesale,,,,,,34866.0,lb,,2453,National Daily Boxed Beef Cutout & Boxed Beef Cuts - Negotiated Sales - PM (PDF) (LM_XB403),2026-09-26T14:44:07+00:00
1ad929e81e6d99f0,2017-07-17,Beef,"Loin, tndrloin, trmd, heavy (189A  4)",Select Cuts,,,,Select,,,,,885.0,952.5,,,898.65,$/cwt,8.9865,per lb,National,wholesale,,,,,,77494.0,lb,,2453,National Daily Boxed Beef Cutout & Boxed Beef Cuts - Negotiated Sales - PM (PDF) (LM_XB403),2026-09-26T14:44:07+00:00
0cf49b4bfbcca8fe,2017-07-17,Beef,"Loin, top butt, CC (184B  3)",Choice Cuts,,,,Choice,,,,,556.25,557.0,,,556.89,$/cwt,5.5689,per lb,National,wholesale,,,,,,1846.0,lb,,2453,National Daily Boxed Beef Cutout & Boxed Beef Cuts - Negotiated Sales - PM (PDF) (LM_XB403),2026-09-26T14:44:07+00:00
b8be69dc927fbfc1,2017-07-17,Beef,"Loin, top butt, bnls, heavy (184  1)",Choice Cuts,,,,Choice,,,,,365.0,381.0,,,366.77,$/cwt,3.6677,per lb,National,wholesale,,,,,,16828.0,lb,,2453,National Daily Boxed Beef Cutout & Boxed Beef Cuts - Negotiated Sales - PM (PDF) (LM_XB403),2026-09-26T14:44:07+00:00
07899984e518c9a9,2017-07-17,Beef,"Loin, top butt, bnls, heavy (184  1)",Select Cuts,,,,Select,,,,,291.47,294.84,,,294.57,$/cwt,2.9457,per lb,National,wholesale,,,,,,23775.0,lb,,2453,National Daily Boxed Beef Cutout & Boxed Beef Cuts - Negotiated Sales - PM (PDF) (LM_XB403),2026-09-26T14:44:07+00:00
f05b127c1a854c4e,2017-07-17,Beef,"Loin, top butt, boneless (184  3)",Choice Cuts,,,,Choice,,,,,370.0,407.0,,,384.81,$/cwt,3.8481,per lb,National,wholesale,,,,,,29061.0,lb,,2453,National Daily Boxed Beef Cutout & Boxed Beef Cuts - Negotiated Sales - PM (PDF) (LM_XB403),2026-09-26T14:44:07+00:00
6fc3820141831a0d,2017-07-17,Beef,"Loin, top butt, boneless (184  3)",Select Cuts,,,,Select,,,,,283.0,321.75,,,298.88,$/cwt,2.9888,per lb,National,wholesale,,,,,,33541.0,lb,,2453,National Daily Boxed Beef Cutout & Boxed Beef Cuts - Negotiated Sales - PM (PDF) (LM_XB403),2026-09-26T14:44:07+00:00
390c77b8252da96f,2017-07-17,Beef,"Rib, ribeye, bnls, heavy (112A  3)",Choice Cuts,,,,Choice,,,,,680.0,722.0,,,699.04,$/cwt,6.9904,per lb,National,wholesale,,,,,,69096.0,lb,,2453,National Daily Boxed Beef Cutout & Boxed Beef Cuts - Negotiated Sales - PM (PDF) (LM_XB403),2026-09-26T14:44:07+00:00
f656d0494c782c26,2017-07-17,Beef,"Rib, ribeye, bnls, heavy (112A  3)",Select Cuts,,,,Select,,,,,587.0,695.0,,,609.56,$/cwt,6.0956,per lb,National,wholesale,,,,,,45325.0,lb,,2453,National Daily Boxed Beef Cutout & Boxed Beef Cuts - Negotiated Sales - PM (PDF) (LM_XB403),2026-09-26T14:44:07+00:00
4988368aed4f9691,2017-07-17,Beef,"Rib, ribeye, bnls, light (112A  3)",Choice Cuts,,,,Choice,,,,,679.49,745.79,,,709.03,$/cwt,7.0903,per lb,National,wholesale,,,,,,54893.0,lb,,2453,National Daily Boxed Beef Cutout & Boxed Beef Cuts - Negotiated Sales - PM (PDF) (LM_XB403),2026-09-26T14:44:07+00:00
e26f21f05310b4db,2017-07-17,Beef,"Rib, ribeye, bnls, light (112A  3)",Select Cuts,,,,Select,,,,,580.0,692.5,,,590.62,$/cwt,5.9062,per lb,National,wholesale,,,,,,51233.0,lb,,2453,National Daily Boxed Beef Cutout & Boxed Beef Cuts - Negotiated Sales - PM (PDF) (LM_XB403),2026-09-26T14:44:07+00:00
e4144bf59a434b26,2017-07-17,Beef,"Rib, ribeye, lip-on, bn-in (109E  1)",Choice Cuts,,,,Choice,,,,,582.0,626.83,,,595.05,$/cwt,5.9505,per lb,National,wholesale,,,,,,80006.0,lb,,2453,National Daily Boxed Beef Cutout & Boxed Beef Cuts - Negotiated Sales - PM (PDF) (LM_XB403),2026-09-26T14:44:07+00:00
6b3ed28a42ff02f3,2017-07-17,Beef,"Rib, ribeye, lip-on, bn-in (109E  1)",Select Cuts,,,,Select,,,,,545.0,587.1,,,557.76,$/cwt,5.5776,per lb,National,wholesale,,,,,,4540.0,lb,,2453,National Daily Boxed Beef Cutout & Boxed Beef Cuts - Negotiated Sales - PM (PDF) (LM_XB403),2026-09-26T14:44:07+00:00
6badc92fedadc045,2017-07-17,Beef,"Round, bottom gooseneck (170  1)",Choice Cuts,,,,Choice,,,,,198.0,217.0,,,203.28,$/cwt,2.0328,per lb,National,wholesale,,,,,,17512.0,lb,,2453,National Daily Boxed Beef Cutout & Boxed Beef Cuts - Negotiated Sales - PM (PDF) (LM_XB403),2026-09-26T14:44:07+00:00
8fdf4d7a256d4684,2017-07-17,Beef,"Round, bottom gooseneck (170  1)",Select Cuts,,,,Select,,,,,194.59,210.25,,,198.79,$/cwt,1.9879,per lb,National,wholesale,,,,,,9211.0,lb,,2453,National Daily Boxed Beef Cutout & Boxed Beef Cuts - Negotiated Sales - PM (PDF) (LM_XB403),2026-09-26T14:44:07+00:00
c55f0ff705f7ab17,2017-07-17,Beef,"Round, eye of round (171C  3)",Choice Cuts,,,,Choice,,,,,222.26,245.0,,,227.96,$/cwt,2.2796,per lb,National,wholesale,,,,,,52367.0,lb,,2453,National Daily Boxed Beef Cutout & Boxed Beef Cuts - Negotiated Sales - PM (PDF) (LM_XB403),2026-09-26T14:44:07+00:00
20576f094fd3bf9e,2017-07-17,Beef,"Round, eye of round (171C  3)",Select Cuts,,,,Select,,,,,221.0,242.0,,,228.35,$/cwt,2.2835,per lb,National,wholesale,,,,,,14749.0,lb,,2453,National Daily Boxed Beef Cutout & Boxed Beef Cuts - Negotiated Sales - PM (PDF) (LM_XB403),2026-09-26T14:44:07+00:00
09ff7fbc500c4f8a,2017-07-17,Beef,"Round, knuckle, peeled (167A  4)",Choice Cuts,,,,Choice,,,,,224.57,267.25,,,235.48,$/cwt,2.3548,per lb,National,wholesale,,,,,,59182.0,lb,,2453,National Daily Boxed Beef Cutout & Boxed Beef Cuts - Negotiated Sales - PM (PDF) (LM_XB403),2026-09-26T14:44:07+00:00
ea5a4b6a890bf200,2017-07-17,Beef,"Round, knuckle, peeled (167A  4)",Select Cuts,,,,Select,,,,,226.41,252.0,,,230.55,$/cwt,2.3055,per lb,National,wholesale,,,,,,69035.0,lb,,2453,National Daily Boxed Beef Cutout & Boxed Beef Cuts - Negotiated Sales - PM (PDF) (LM_XB403),2026-09-26T14:44:07+00:00
668d086ea0ddbe95,2017-07-17,Beef,"Round, outside round (171B  3)",Choice Cuts,,,,Choice,,,,,207.25,229.75,,,214.22,$/cwt,2.1422,per lb,National,wholesale,,,,,,81276.0,lb,,2453,National Daily Boxed Beef Cutout & Boxed Beef Cuts - Negotiated Sales - PM (PDF) (LM_XB403),2026-09-26T14:44:07+00:00
05a3b067ebd24a0a,2017-07-17,Beef,"Round, outside round (171B  3)",Select Cuts,,,,Select,,,,,209.0,223.0,,,213.47,$/cwt,2.1347,per lb,National,wholesale,,,,,,25424.0,lb,,2453,National Daily Boxed Beef Cutout & Boxed Beef Cuts - Negotiated Sales - PM (PDF) (LM_XB403),2026-09-26T14:44:07+00:00
2915cdd753cc7035,2017-07-17,Beef,"Round, top inside round (168  1)",Choice Cuts,,,,Choice,,,,,225.0,237.32,,,232.14,$/cwt,2.3214,per lb,National,wholesale,,,,,,8219.0,lb,,2453,National Daily Boxed Beef Cutout & Boxed Beef Cuts - Negotiated Sales - PM (PDF) (LM_XB403),2026-09-26T14:44:07+00:00
b84b75bffa7543a0,2017-07-17,Beef,"Round, top inside round (168  3)",Choice Cuts,,,,Choice,,,,,220.5,257.0,,,228.4,$/cwt,2.284,per lb,National,wholesale,,,,,,131765.0,lb,,2453,National Daily Boxed Beef Cutout & Boxed Beef Cuts - Negotiated Sales - PM (PDF) (LM_XB403),2026-09-26T14:44:07+00:00
bed3199d15c9d62d,2017-07-17,Beef,"Round, top inside round (168  3)",Select Cuts,,,,Select,,,,,235.0,245.33,,,239.58,$/cwt,2.3958,per lb,National,wholesale,,,,,,19123.0,lb,,2453,National Daily Boxed Beef Cutout & Boxed Beef Cuts - Negotiated Sales - PM (PDF) (LM_XB403),2026-09-26T14:44:07+00:00
cefa13b50bf0d7ac,2017-07-17,Beef,"Round, top inside, cap off (169A  5)",Choice Cuts,,,,Choice,,,,,310.05,323.0,,,317.3,$/cwt,3.173,per lb,National,wholesale,,,,,,36556.0,lb,,2453,National Daily Boxed Beef Cutout & Boxed Beef Cuts - Negotiated Sales - PM (PDF) (LM_XB403),2026-09-26T14:44:07+00:00
2946142304c3f58d,2017-07-17,Beef,"Round, top inside, denuded (169  5)",Select Cuts,,,,Select,,,,,281.58,293.0,,,284.44,$/cwt,2.8444,per lb,National,wholesale,,,,,,9014.0,lb,,2453,National Daily Boxed Beef Cutout & Boxed Beef Cuts - Negotiated Sales - PM (PDF) (LM_XB403),2026-09-26T14:44:07+00:00
7eb5794ee4344101,2017-07-17,Beef,"Short Plate, short rib (123A  3)",Choice Cuts,,,,Choice,,,,,519.0,576.0,,,526.67,$/cwt,5.2667,per lb,National,wholesale,,,,,,22021.0,lb,,2453,National Daily Boxed Beef Cutout & Boxed Beef Cuts - Negotiated Sales - PM (PDF) (LM_XB403),2026-09-26T14:44:07+00:00
3ddb73a982ad88b5,2017-07-18,Beef,"Brisket, deckle-off, bnls (120  1)",Choice Cuts,,,,Choice,,,,,204.66,230.0,,,211.18,$/cwt,2.1118,per lb,National,wholesale,,,,,,97026.0,lb,,2453,National Daily Boxed Beef Cutout & Boxed Beef Cuts - Negotiated Sales - PM (PDF) (LM_XB403),2026-09-26T14:44:07+00:00
6fb8b29a885b844e,2017-07-18,Beef,"Brisket, deckle-off, bnls (120  1)",Select Cuts,,,,Select,,,,,191.0,218.07,,,203.98,$/cwt,2.0398,per lb,National,wholesale,,,,,,92849.0,lb,,2453,National Daily Boxed Beef Cutout & Boxed Beef Cuts - Negotiated Sales - PM (PDF) (LM_XB403),2026-09-26T14:44:07+00:00
d7ff3cac512ffba1,2017-07-18,Beef,"Brisket, point/off, bnls (120A  3)",Choice Cuts,,,,Choice,,,,,370.0,392.0,,,372.79,$/cwt,3.7279,per lb,National,wholesale,,,,,,10389.0,lb,,2453,National Daily Boxed Beef Cutout & Boxed Beef Cuts - Negotiated Sales - PM (PDF) (LM_XB403),2026-09-26T14:44:07+00:00
3c3c45e23d5a8155,2017-07-18,Beef,"Chuck, chuck tender (116B  1)",Choice Cuts,,,,Choice,,,,,223.0,253.25,,,228.23,$/cwt,2.2823,per lb,National,wholesale,,,,,,36436.0,lb,,2453,National Daily Boxed Beef Cutout & Boxed Beef Cuts - Negotiated Sales - PM (PDF) (LM_XB403),2026-09-26T14:44:07+00:00
5cd0e2fb868e28bd,2017-07-18,Beef,"Chuck, chuck tender (116B  1)",Select Cuts,,,,Select,,,,,218.17,235.6,,,225.2,$/cwt,2.252,per lb,National,wholesale,,,,,,73101.0,lb,,2453,National Daily Boxed Beef Cutout & Boxed Beef Cuts - Negotiated Sales - PM (PDF) (LM_XB403),2026-09-26T14:44:07+00:00
4aed4f6579b6ed3a,2017-07-18,Beef,"Chuck, clod tender (114F  5)",Choice Cuts,,,,Choice,,,,,360.0,394.42,,,363.31,$/cwt,3.6331,per lb,National,wholesale,,,,,,2412.0,lb,,2453,National Daily Boxed Beef Cutout & Boxed Beef Cuts - Negotiated Sales - PM (PDF) (LM_XB403),2026-09-26T14:44:07+00:00
54b08c4997c96936,2017-07-18,Beef,"Chuck, clod, arm roast (114E  3)",Choice Cuts,,,,Choice,,,,,232.48,260.24,,,246.61,$/cwt,2.4661,per lb,National,wholesale,,,,,,173701.0,lb,,2453,National Daily Boxed Beef Cutout & Boxed Beef Cuts - Negotiated Sales - PM (PDF) (LM_XB403),2026-09-26T14:44:07+00:00
ae21ce716decf0fc,2017-07-18,Beef,"Chuck, clod, top blade (114D  3)",Choice Cuts,,,,Choice,,,,,300.0,336.59,,,311.07,$/cwt,3.1107,per lb,National,wholesale,,,,,,1376.0,lb,,2453,National Daily Boxed Beef Cutout & Boxed Beef Cuts - Negotiated Sales - PM (PDF) (LM_XB403),2026-09-26T14:44:07+00:00
1158463db271f76a,2017-07-18,Beef,"Chuck, flap (116G  4)",Choice Cuts,,,,Choice,,,,,523.23,563.75,,,529.2,$/cwt,5.292,per lb,National,wholesale,,,,,,14927.0,lb,,2453,National Daily Boxed Beef Cutout & Boxed Beef Cuts - Negotiated Sales - PM (PDF) (LM_XB403),2026-09-26T14:44:07+00:00
b4e926be74984737,2017-07-18,Beef,"Chuck, flap (116G  4)",Select Cuts,,,,Select,,,,,464.28,500.75,,,480.87,$/cwt,4.8087,per lb,National,wholesale,,,,,,5360.0,lb,,2453,National Daily Boxed Beef Cutout & Boxed Beef Cuts - Negotiated Sales - PM (PDF) (LM_XB403),2026-09-26T14:44:07+00:00
81a2266a75bf0ded,2017-07-18,Beef,"Chuck, roll, lxl, neck/off (116A  3)",Choice Cuts,,,,Choice,,,,,235.0,260.0,,,247.51,$/cwt,2.4751,per lb,National,wholesale,,,,,,259272.0,lb,,2453,National Daily Boxed Beef Cutout & Boxed Beef Cuts - Negotiated Sales - PM (PDF) (LM_XB403),2026-09-26T14:44:07+00:00
f852e2e2da625829,2017-07-18,Beef,"Chuck, roll, lxl, neck/off (116A  3)",Select Cuts,,,,Select,,,,,230.0,261.5,,,239.65,$/cwt,2.3965,per lb,National,wholesale,,,,,,98241.0,lb,,2453,National Daily Boxed Beef Cutout & Boxed Beef Cuts - Negotiated Sales - PM (PDF) (LM_XB403),2026-09-26T14:44:07+00:00
ded1bed063f063dc,2017-07-18,Beef,"Chuck, semi-bnls, neck/off (113C  1)",Choice Cuts,,,,Choice,,,,,201.25,212.25,,,207.33,$/cwt,2.0733,per lb,National,wholesale,,,,,,28551.0,lb,,2453,National Daily Boxed Beef Cutout & Boxed Beef Cuts - Negotiated Sales - PM (PDF) (LM_XB403),2026-09-26T14:44:07+00:00
07aa1d243a41dd75,2017-07-18,Beef,"Chuck, semi-bnls, neck/off (113C  1)",Select Cuts,,,,Select,,,,,200.0,210.31,,,206.73,$/cwt,2.0673,per lb,National,wholesale,,,,,,12180.0,lb,,2453,National Daily Boxed Beef Cutout & Boxed Beef Cuts - Negotiated Sales - PM (PDF) (LM_XB403),2026-09-26T14:44:07+00:00
f1dab6cbf3ec9443,2017-07-18,Beef,"Chuck, short rib (130  4)",Choice Cuts,,,,Choice,,,,,350.0,385.0,,,368.81,$/cwt,3.6881,per lb,National,wholesale,,,,,,26396.0,lb,,2453,National Daily Boxed Beef Cutout & Boxed Beef Cuts - Negotiated Sales - PM (PDF) (LM_XB403),2026-09-26T14:44:07+00:00
bcab07da00d9bab6,2017-07-18,Beef,"Chuck, short rib (130  4)",Select Cuts,,,,Select,,,,,337.0,362.5,,,351.49,$/cwt,3.5149,per lb,National,wholesale,,,,,,16366.0,lb,,2453,National Daily Boxed Beef Cutout & Boxed Beef Cuts - Negotiated Sales - PM (PDF) (LM_XB403),2026-09-26T14:44:07+00:00
43c08cd88f146a4e,2017-07-18,Beef,"Chuck, shoulder clod (114  1)",Choice Cuts,,,,Choice,,,,,194.01,210.59,,,196.31,$/cwt,1.9631,per lb,National,wholesale,,,,,,40688.0,lb,,2453,National Daily Boxed Beef Cutout & Boxed Beef Cuts - Negotiated Sales - PM (PDF) (LM_XB403),2026-09-26T14:44:07+00:00
b4f18c8d0b498a9f,2017-07-18,Beef,"Chuck, shoulder clod (114  1)",Select Cuts,,,,Select,,,,,191.38,215.75,,,193.29,$/cwt,1.9329,per lb,National,wholesale,,,,,,111171.0,lb,,2453,National Daily Boxed Beef Cutout & Boxed Beef Cuts - Negotiated Sales - PM (PDF) (LM_XB403),2026-09-26T14:44:07+00:00
effb031bd87a1f98,2017-07-18,Beef,"Chuck, shoulder clod, trmd (114A  3)",Choice Cuts,,,,Choice,,,,,202.34,215.45,,,204.9,$/cwt,2.049,per lb,National,wholesale,,,,,,735366.0,lb,,2453,National Daily Boxed Beef Cutout & Boxed Beef Cuts - Negotiated Sales - PM (PDF) (LM_XB403),2026-09-26T14:44:07+00:00
0854683b293939b9,2017-07-18,Beef,"Chuck, shoulder clod, trmd (114A  3)",Select Cuts,,,,Select,,,,,201.81,215.45,,,203.77,$/cwt,2.0377,per lb,National,wholesale,,,,,,249701.0,lb,,2453,National Daily Boxed Beef Cutout & Boxed Beef Cuts - Negotiated Sales - PM (PDF) (LM_XB403),2026-09-26T14:44:07+00:00
4c2968793f7c604e,2017-07-18,Beef,Cutout 600-900 lb,,,,,Choice,,,,,,,,,208.05,$/cwt,2.0805,per lb,National,wholesale,,,,,,,,,2453,National Daily Boxed Beef Cutout & Boxed Beef Cuts - Negotiated Sales - PM (PDF) (LM_XB403),2026-09-26T14:44:07+00:00
4edf564b641d6a80,2017-07-18,Beef,Cutout 600-900 lb,,,,,Select,,,,,,,,,195.25,$/cwt,1.9525,per lb,National,wholesale,,,,,,,,,2453,National Daily Boxed Beef Cutout & Boxed Beef Cuts - Negotiated Sales - PM (PDF) (LM_XB403),2026-09-26T14:44:07+00:00
cf1b1ea1388680f1,2017-07-18,Beef,"Flank, flank steak (193  4)",Choice Cuts,,,,Choice,,,,,442.86,507.0,,,461.37,$/cwt,4.6137,per lb,National,wholesale,,,,,,55263.0,lb,,2453,National Daily Boxed Beef Cutout & Boxed Beef Cuts - Negotiated Sales - PM (PDF) (LM_XB403),2026-09-26T14:44:07+00:00
b9f9c4d17f52a720,2017-07-18,Beef,"Flank, flank steak (193  4)",Select Cuts,,,,Select,,,,,397.86,415.0,,,400.1,$/cwt,4.001,per lb,National,wholesale,,,,,,6797.0,lb,,2453,National Daily Boxed Beef Cutout & Boxed Beef Cuts - Negotiated Sales - PM (PDF) (LM_XB403),2026-09-26T14:44:07+00:00
a5b05b29193a9633,2017-07-18,Beef,Ground Beef 73%,Ground Beef,,,,,,,,,165.0,190.0,,,171.77,$/cwt,1.7177,per lb,National,wholesale,,,,,,229000.0,lb,,2453,National Daily Boxed Beef Cutout & Boxed Beef Cuts - Negotiated Sales - PM (PDF) (LM_XB403),2026-09-26T14:44:07+00:00
ce2d82f4febe50e1,2017-07-18,Beef,Ground Beef 81%,Ground Beef,,,,,,,,,179.5,217.32,,,196.64,$/cwt,1.9664,per lb,National,wholesale,,,,,,214859.0,lb,,2453,National Daily Boxed Beef Cutout & Boxed Beef Cuts - Negotiated Sales - PM (PDF) (LM_XB403),2026-09-26T14:44:07+00:00
4b4f367f2cb11ab9,2017-07-18,Beef,Ground Beef 93%,Ground Beef,,,,,,,,,285.0,323.5,,,312.44,$/cwt,3.1244,per lb,National,wholesale,,,,,,3317.0,lb,,2453,National Daily Boxed Beef Cutout & Boxed Beef Cuts - Negotiated Sales - PM (PDF) (LM_XB403),2026-09-26T14:44:07+00:00
a73db6fd47957f97,2017-07-18,Beef,Ground Beef Chuck,Ground Beef,,,,,,,,,187.5,219.77,,,195.8,$/cwt,1.958,per lb,National,wholesale,,,,,,93251.0,lb,,2453,National Daily Boxed Beef Cutout & Boxed Beef Cuts - Negotiated Sales - PM (PDF) (LM_XB403),2026-09-26T14:44:07+00:00
5c98f91d5db0d973,2017-07-18,Beef,Ground Beef Round,Ground Beef,,,,,,,,,262.0,277.5,,,264.95,$/cwt,2.6495,per lb,National,wholesale,,,,,,2118.0,lb,,2453,National Daily Boxed Beef Cutout & Boxed Beef Cuts - Negotiated Sales - PM (PDF) (LM_XB403),2026-09-26T14:44:07+00:00
70f48388183d7b32,2017-07-18,Beef,"Loin, ball-tip, bnls, heavy (185B  1)",Choice Cuts,,,,Choice,,,,,269.8,306.0,,,278.08,$/cwt,2.7808,per lb,National,wholesale,,,,,,77807.0,lb,,2453,National Daily Boxed Beef Cutout & Boxed Beef Cuts - Negotiated Sales - PM (PDF) (LM_XB403),2026-09-26T14:44:07+00:00
6281b2456746191c,2017-07-18,Beef,"Loin, ball-tip, bnls, heavy (185B  1)",Select Cuts,,,,Select,,,,,226.44,275.0,,,234.08,$/cwt,2.3408,per lb,National,wholesale,,,,,,26219.0,lb,,2453,National Daily Boxed Beef Cutout & Boxed Beef Cuts - Negotiated Sales - PM (PDF) (LM_XB403),2026-09-26T14:44:07+00:00
2fce03947e771711,2017-07-18,Beef,"Loin, bottom sirloin, flap (185A  4)",Choice Cuts,,,,Choice,,,,,417.0,505.0,,,428.16,$/cwt,4.2816,per lb,National,wholesale,,,,,,172962.0,lb,,2453,National Daily Boxed Beef Cutout & Boxed Beef Cuts - Negotiated Sales - PM (PDF) (LM_XB403),2026-09-26T14:44:07+00:00
753ca650b0f61225,2017-07-18,Beef,"Loin, butt tender, trimmed (191A  4)",Select Cuts,,,,Select,,,,,860.29,872.61,,,866.29,$/cwt,8.6629,per lb,National,wholesale,,,,,,8565.0,lb,,2453,National Daily Boxed Beef Cutout & Boxed Beef Cuts - Negotiated Sales - PM (PDF) (LM_XB403),2026-09-26T14:44:07+00:00
6db9efa26e949678,2017-07-18,Beef,"Loin, short loin, 0x1 (174  3)",Choice Cuts,,,,Choice,,,,,502.0,588.25,,,513.04,$/cwt,5.1304,per lb,National,wholesale,,,,,,129091.0,lb,,2453,National Daily Boxed Beef Cutout & Boxed Beef Cuts - Negotiated Sales - PM (PDF) (LM_XB403),2026-09-26T14:44:07+00:00
23382751e320f885,2017-07-18,Beef,"Loin, short loin, 0x1 (174  3)",Select Cuts,,,,Select,,,,,410.6,464.26,,,426.83,$/cwt,4.2683,per lb,National,wholesale,,,,,,39243.0,lb,,2453,National Daily Boxed Beef Cutout & Boxed Beef Cuts - Negotiated Sales - PM (PDF) (LM_XB403),2026-09-26T14:44:07+00:00
4d313088728eec6b,2017-07-18,Beef,"Loin, sirloin, tri-tip (185C  1)",Choice Cuts,,,,Choice,,,,,345.0,454.0,,,363.24,$/cwt,3.6324,per lb,National,wholesale,,,,,,54114.0,lb,,2453,National Daily Boxed Beef Cutout & Boxed Beef Cuts - Negotiated Sales - PM (PDF) (LM_XB403),2026-09-26T14:44:07+00:00
4620e38d92f09704,2017-07-18,Beef,"Loin, sirloin, tri-tip, pld (185D  4)",Choice Cuts,,,,Choice,,,,,525.33,554.0,,,531.69,$/cwt,5.3169,per lb,National,wholesale,,,,,,2719.0,lb,,2453,National Daily Boxed Beef Cutout & Boxed Beef Cuts - Negotiated Sales - PM (PDF) (LM_XB403),2026-09-26T14:44:07+00:00
1bff897606ea944c,2017-07-18,Beef,"Loin, strip loin bnls. 1x1 (  1)",Choice Cuts,,,,Choice,,,,,546.0,566.0,,,549.69,$/cwt,5.4969,per lb,National,wholesale,,,,,,2095.0,lb,,2453,National Daily Boxed Beef Cutout & Boxed Beef Cuts - Negotiated Sales - PM (PDF) (LM_XB403),2026-09-26T14:44:07+00:00
82eb756c9537ed45,2017-07-18,Beef,"Loin, strip, bnls, 0x1 (180  3)",Choice Cuts,,,,Choice,,,,,560.0,628.25,,,583.65,$/cwt,5.8365,per lb,National,wholesale,,,,,,43667.0,lb,,2453,National Daily Boxed Beef Cutout & Boxed Beef Cuts - Negotiated Sales - PM (PDF) (LM_XB403),2026-09-26T14:44:07+00:00
d15981210b83464c,2017-07-18,Beef,"Loin, strip, bnls, 0x1 (180  3)",Select Cuts,,,,Select,,,,,421.0,490.0,,,429.05,$/cwt,4.2905,per lb,National,wholesale,,,,,,33042.0,lb,,2453,National Daily Boxed Beef Cutout & Boxed Beef Cuts - Negotiated Sales - PM (PDF) (LM_XB403),2026-09-26T14:44:07+00:00
81b382bd541d1339,2017-07-18,Beef,"Loin, tndrloin, trmd, heavy (189A  4)",Choice Cuts,,,,Choice,,,,,930.0,1017.6,,,943.99,$/cwt,9.4399,per lb,National,wholesale,,,,,,102318.0,lb,,2453,National Daily Boxed Beef Cutout & Boxed Beef Cuts - Negotiated Sales - PM (PDF) (LM_XB403),2026-09-26T14:44:07+00:00
7951878bf82d1423,2017-07-18,Beef,"Loin, tndrloin, trmd, heavy (189A  4)",Select Cuts,,,,Select,,,,,889.29,950.0,,,901.9,$/cwt,9.019,per lb,National,wholesale,,,,,,21948.0,lb,,2453,National Daily Boxed Beef Cutout & Boxed Beef Cuts - Negotiated Sales - PM (PDF) (LM_XB403),2026-09-26T14:44:07+00:00
2398b4e5b9aedf9c,2017-07-18,Beef,"Loin, top butt, CC (184B  3)",Choice Cuts,,,,Choice,,,,,455.0,470.46,,,460.12,$/cwt,4.6012,per lb,National,wholesale,,,,,,12875.0,lb,,2453,National Daily Boxed Beef Cutout & Boxed Beef Cuts - Negotiated Sales - PM (PDF) (LM_XB403),2026-09-26T14:44:07+00:00
cecc57c92cdfad5b,2017-07-18,Beef,"Loin, top butt, bnls, heavy (184  1)",Select Cuts,,,,Select,,,,,275.0,296.0,,,277.85,$/cwt,2.7785,per lb,National,wholesale,,,,,,30957.0,lb,,2453,National Daily Boxed Beef Cutout & Boxed Beef Cuts - Negotiated Sales - PM (PDF) (LM_XB403),2026-09-26T14:44:07+00:00
8c95cd3ed28ad4bf,2017-07-18,Beef,"Loin, top butt, boneless (184  3)",Choice Cuts,,,,Choice,,,,,375.5,400.0,,,380.59,$/cwt,3.8059,per lb,National,wholesale,,,,,,19442.0,lb,,2453,National Daily Boxed Beef Cutout & Boxed Beef Cuts - Negotiated Sales - PM (PDF) (LM_XB403),2026-09-26T14:44:07+00:00
4368d721502da06d,2017-07-18,Beef,"Loin, top butt, boneless (184  3)",Select Cuts,,,,Select,,,,,285.73,311.0,,,290.81,$/cwt,2.9081,per lb,National,wholesale,,,,,,122966.0,lb,,2453,National Daily Boxed Beef Cutout & Boxed Beef Cuts - Negotiated Sales - PM (PDF) (LM_XB403),2026-09-26T14:44:07+00:00
e7743e7c0564116b,2017-07-18,Beef,"Rib, ribeye, bnls, heavy (112A  3)",Choice Cuts,,,,Choice,,,,,650.0,720.0,,,679.57,$/cwt,6.7957,per lb,National,wholesale,,,,,,46502.0,lb,,2453,National Daily Boxed Beef Cutout & Boxed Beef Cuts - Negotiated Sales - PM (PDF) (LM_XB403),2026-09-26T14:44:07+00:00
df3bc6246c6c59eb,2017-07-18,Beef,"Rib, ribeye, bnls, heavy (112A  3)",Select Cuts,,,,Select,,,,,576.0,650.45,,,609.99,$/cwt,6.0999,per lb,National,wholesale,,,,,,79667.0,lb,,2453,National Daily Boxed Beef Cutout & Boxed Beef Cuts - Negotiated Sales - PM (PDF) (LM_XB403),2026-09-26T14:44:07+00:00
4487b500107bff16,2017-07-18,Beef,"Rib, ribeye, bnls, light (112A  3)",Choice Cuts,,,,Choice,,,,,680.55,729.42,,,707.0,$/cwt,7.07,per lb,National,wholesale,,,,,,12343.0,lb,,2453,National Daily Boxed Beef Cutout & Boxed Beef Cuts - Negotiated Sales - PM (PDF) (LM_XB403),2026-09-26T14:44:07+00:00
5483db741fa80427,2017-07-18,Beef,"Rib, ribeye, bnls, light (112A  3)",Select Cuts,,,,Select,,,,,577.0,626.0,,,589.57,$/cwt,5.8957,per lb,National,wholesale,,,,,,301288.0,lb,,2453,National Daily Boxed Beef Cutout & Boxed Beef Cuts - Negotiated Sales - PM (PDF) (LM_XB403),2026-09-26T14:44:07+00:00
0a160620bc08e8bd,2017-07-18,Beef,"Rib, ribeye, lip-on, bn-in (109E  1)",Choice Cuts,,,,Choice,,,,,583.09,640.0,,,607.56,$/cwt,6.0756,per lb,National,wholesale,,,,,,39801.0,lb,,2453,National Daily Boxed Beef Cutout & Boxed Beef Cuts - Negotiated Sales - PM (PDF) (LM_XB403),2026-09-26T14:44:07+00:00
2bf573c721bccb6c,2017-07-18,Beef,"Rib, ribeye, lip-on, bn-in (109E  1)",Select Cuts,,,,Select,,,,,530.0,587.1,,,543.71,$/cwt,5.4371,per lb,National,wholesale,,,,,,7308.0,lb,,2453,National Daily Boxed Beef Cutout & Boxed Beef Cuts - Negotiated Sales - PM (PDF) (LM_XB403),2026-09-26T14:44:07+00:00
5fc1077301db757e,2017-07-18,Beef,"Round, bottom gooseneck (170  1)",Choice Cuts,,,,Choice,,,,,196.0,200.0,,,198.1,$/cwt,1.981,per lb,National,wholesale,,,,,,10928.0,lb,,2453,National Daily Boxed Beef Cutout & Boxed Beef Cuts - Negotiated Sales - PM (PDF) (LM_XB403),2026-09-26T14:44:07+00:00
5eb1a7ccc6f57a0c,2017-07-18,Beef,"Round, bottom gooseneck (170  1)",Select Cuts,,,,Select,,,,,194.59,204.2,,,197.37,$/cwt,1.9737,per lb,National,wholesale,,,,,,8789.0,lb,,2453,National Daily Boxed Beef Cutout & Boxed Beef Cuts - Negotiated Sales - PM (PDF) (LM_XB403),2026-09-26T14:44:07+00:00
a64730a1e5c19e86,2017-07-18,Beef,"Round, eye of round (171C  3)",Choice Cuts,,,,Choice,,,,,215.0,239.42,,,225.39,$/cwt,2.2539,per lb,National,wholesale,,,,,,79057.0,lb,,2453,National Daily Boxed Beef Cutout & Boxed Beef Cuts - Negotiated Sales - PM (PDF) (LM_XB403),2026-09-26T14:44:07+00:00
1c6182ca77502816,2017-07-18,Beef,"Round, eye of round (171C  3)",Select Cuts,,,,Select,,,,,218.46,242.0,,,226.16,$/cwt,2.2616,per lb,National,wholesale,,,,,,83972.0,lb,,2453,National Daily Boxed Beef Cutout & Boxed Beef Cuts - Negotiated Sales - PM (PDF) (LM_XB403),2026-09-26T14:44:07+00:00
964c6dc55bc2a9d8,2017-07-18,Beef,"Round, knuckle, peeled (167A  4)",Choice Cuts,,,,Choice,,,,,228.58,245.0,,,232.56,$/cwt,2.3256,per lb,National,wholesale,,,,,,91828.0,lb,,2453,National Daily Boxed Beef Cutout & Boxed Beef Cuts - Negotiated Sales - PM (PDF) (LM_XB403),2026-09-26T14:44:07+00:00
e650ae9f06726592,2017-07-18,Beef,"Round, knuckle, peeled (167A  4)",Select Cuts,,,,Select,,,,,228.39,244.0,,,237.17,$/cwt,2.3717,per lb,National,wholesale,,,,,,40102.0,lb,,2453,National Daily Boxed Beef Cutout & Boxed Beef Cuts - Negotiated Sales - PM (PDF) (LM_XB403),2026-09-26T14:44:07+00:00
c78230e31eb7cbdf,2017-07-18,Beef,"Round, outside round (171B  3)",Choice Cuts,,,,Choice,,,,,205.0,218.39,,,211.46,$/cwt,2.1146,per lb,National,wholesale,,,,,,110617.0,lb,,2453,National Daily Boxed Beef Cutout & Boxed Beef Cuts - Negotiated Sales - PM (PDF) (LM_XB403),2026-09-26T14:44:07+00:00
c1403078e6e6daca,2017-07-18,Beef,"Round, outside round (171B  3)",Select Cuts,,,,Select,,,,,209.0,225.0,,,212.61,$/cwt,2.1261,per lb,National,wholesale,,,,,,51698.0,lb,,2453,National Daily Boxed Beef Cutout & Boxed Beef Cuts - Negotiated Sales - PM (PDF) (LM_XB403),2026-09-26T14:44:07+00:00
51881c7423a660ee,2017-07-18,Beef,"Round, top inside round (168  1)",Choice Cuts,,,,Choice,,,,,217.01,240.26,,,226.17,$/cwt,2.2617,per lb,National,wholesale,,,,,,29257.0,lb,,2453,National Daily Boxed Beef Cutout & Boxed Beef Cuts - Negotiated Sales - PM (PDF) (LM_XB403),2026-09-26T14:44:07+00:00
2e25f872981c37ee,2017-07-18,Beef,"Round, top inside round (168  1)",Select Cuts,,,,Select,,,,,217.01,236.18,,,219.9,$/cwt,2.199,per lb,National,wholesale,,,,,,61707.0,lb,,2453,National Daily Boxed Beef Cutout & Boxed Beef Cuts - Negotiated Sales - PM (PDF) (LM_XB403),2026-09-26T14:44:07+00:00
d3eaebf4ccbacfeb,2017-07-18,Beef,"Round, top inside round (168  3)",Choice Cuts,,,,Choice,,,,,225.31,255.0,,,231.86,$/cwt,2.3186,per lb,National,wholesale,,,,,,69574.0,lb,,2453,National Daily Boxed Beef Cutout & Boxed Beef Cuts - Negotiated Sales - PM (PDF) (LM_XB403),2026-09-26T14:44:07+00:00
3178aaea5c5aa3e9,2017-07-18,Beef,"Round, top inside round (168  3)",Select Cuts,,,,Select,,,,,220.0,243.0,,,226.72,$/cwt,2.2672,per lb,National,wholesale,,,,,,41550.0,lb,,2453,National Daily Boxed Beef Cutout & Boxed Beef Cuts - Negotiated Sales - PM (PDF) (LM_XB403),2026-09-26T14:44:07+00:00
011db63598421029,2017-07-18,Beef,"Round, top inside, cap off (169A  5)",Choice Cuts,,,,Choice,,,,,313.0,341.2,,,320.21,$/cwt,3.2021,per lb,National,wholesale,,,,,,52319.0,lb,,2453,National Daily Boxed Beef Cutout & Boxed Beef Cuts - Negotiated Sales - PM (PDF) (LM_XB403),2026-09-26T14:44:07+00:00
f45f35769b8dc10c,2017-07-18,Beef,"Round, top inside, cap off (169A  5)",Select Cuts,,,,Select,,,,,300.0,330.79,,,307.77,$/cwt,3.0777,per lb,National,wholesale,,,,,,32500.0,lb,,2453,National Daily Boxed Beef Cutout & Boxed Beef Cuts - Negotiated Sales - PM (PDF) (LM_XB403),2026-09-26T14:44:07+00:00
770ffde9913cd555,2017-07-18,Beef,"Round, top inside, denuded (169  5)",Choice Cuts,,,,Choice,,,,,264.0,284.0,,,272.58,$/cwt,2.7258,per lb,National,wholesale,,,,,,14583.0,lb,,2453,National Daily Boxed Beef Cutout & Boxed Beef Cuts - Negotiated Sales - PM (PDF) (LM_XB403),2026-09-26T14:44:07+00:00
2dcfdb13e7edd485,2017-07-18,Beef,"Round, top inside, denuded (169  5)",Select Cuts,,,,Select,,,,,282.18,284.0,,,282.95,$/cwt,2.8295,per lb,National,wholesale,,,,,,2326.0,lb,,2453,National Daily Boxed Beef Cutout & Boxed Beef Cuts - Negotiated Sales - PM (PDF) (LM_XB403),2026-09-26T14:44:07+00:00
c242f4364e87247e,2017-07-18,Beef,"Short Plate, short rib (123A  3)",Choice Cuts,,,,Choice,,,,,495.0,571.75,,,538.38,$/cwt,5.3838,per lb,National,wholesale,,,,,,11815.0,lb,,2453,National Daily Boxed Beef Cutout & Boxed Beef Cuts - Negotiated Sales - PM (PDF) (LM_XB403),2026-09-26T14:44:07+00:00
8bcf8022222d6b70,2017-07-19,Beef,"Brisket, deckle-off, bnls (120  1)",Choice Cuts,,,,Choice,,,,,197.0,234.25,,,204.55,$/cwt,2.0455,per lb,National,wholesale,,,,,,512213.0,lb,,2453,National Daily Boxed Beef Cutout & Boxed Beef Cuts - Negotiated Sales - PM (PDF) (LM_XB403),2026-09-26T14:44:07+00:00
c7e861e4327bd9c1,2017-07-19,Beef,"Brisket, deckle-off, bnls (120  1)",Select Cuts,,,,Select,,,,,197.0,225.75,,,204.03,$/cwt,2.0403,per lb,National,wholesale,,,,,,150271.0,lb,,2453,National Daily Boxed Beef Cutout & Boxed Beef Cuts - Negotiated Sales - PM (PDF) (LM_XB403),2026-09-26T14:44:07+00:00
c883a777f634ced2,2017-07-19,Beef,"Brisket, point/off, bnls (120A  3)",Choice Cuts,,,,Choice,,,,,350.0,386.0,,,380.62,$/cwt,3.8062,per lb,National,wholesale,,,,,,6853.0,lb,,2453,National Daily Boxed Beef Cutout & Boxed Beef Cuts - Negotiated Sales - PM (PDF) (LM_XB403),2026-09-26T14:44:07+00:00
5b0322a6172729c2,2017-07-19,Beef,"Chuck, chuck tender (116B  1)",Choice Cuts,,,,Choice,,,,,223.0,246.5,,,227.48,$/cwt,2.2748,per lb,National,wholesale,,,,,,80535.0,lb,,2453,National Daily Boxed Beef Cutout & Boxed Beef Cuts - Negotiated Sales - PM (PDF) (LM_XB403),2026-09-26T14:44:07+00:00
8fe997539fa42689,2017-07-19,Beef,"Chuck, chuck tender (116B  1)",Select Cuts,,,,Select,,,,,223.0,238.56,,,226.0,$/cwt,2.26,per lb,National,wholesale,,,,,,13252.0,lb,,2453,National Daily Boxed Beef Cutout & Boxed Beef Cuts - Negotiated Sales - PM (PDF) (LM_XB403),2026-09-26T14:44:07+00:00
506172351661ff8b,2017-07-19,Beef,"Chuck, clod tender (114F  5)",Choice Cuts,,,,Choice,,,,,345.0,345.0,,,345.0,$/cwt,3.45,per lb,National,wholesale,,,,,,6706.0,lb,,2453,National Daily Boxed Beef Cutout & Boxed Beef Cuts - Negotiated Sales - PM (PDF) (LM_XB403),2026-09-26T14:44:07+00:00
405eea4579bcfad1,2017-07-19,Beef,"Chuck, clod tender (114F  5)",Select Cuts,,,,Select,,,,,290.0,345.0,,,313.67,$/cwt,3.1367,per lb,National,wholesale,,,,,,4196.0,lb,,2453,National Daily Boxed Beef Cutout & Boxed Beef Cuts - Negotiated Sales - PM (PDF) (LM_XB403),2026-09-26T14:44:07+00:00
e0ce24501054f91b,2017-07-19,Beef,"Chuck, clod, arm roast (114E  3)",Choice Cuts,,,,Choice,,,,,250.0,255.0,,,250.3,$/cwt,2.503,per lb,National,wholesale,,,,,,19555.0,lb,,2453,National Daily Boxed Beef Cutout & Boxed Beef Cuts - Negotiated Sales - PM (PDF) (LM_XB403),2026-09-26T14:44:07+00:00
b2a90640bae274e0,2017-07-19,Beef,"Chuck, clod, top blade (114D  3)",Choice Cuts,,,,Choice,,,,,290.0,325.57,,,295.2,$/cwt,2.952,per lb,National,wholesale,,,,,,44386.0,lb,,2453,National Daily Boxed Beef Cutout & Boxed Beef Cuts - Negotiated Sales - PM (PDF) (LM_XB403),2026-09-26T14:44:07+00:00
8569d8e92c4312af,2017-07-19,Beef,"Chuck, flap (116G  4)",Choice Cuts,,,,Choice,,,,,497.62,530.61,,,510.18,$/cwt,5.1018,per lb,National,wholesale,,,,,,20062.0,lb,,2453,National Daily Boxed Beef Cutout & Boxed Beef Cuts - Negotiated Sales - PM (PDF) (LM_XB403),2026-09-26T14:44:07+00:00
990e4a11d28ddbfb,2017-07-19,Beef,"Chuck, flap (116G  4)",Select Cuts,,,,Select,,,,,435.54,500.0,,,444.72,$/cwt,4.4472,per lb,National,wholesale,,,,,,27428.0,lb,,2453,National Daily Boxed Beef Cutout & Boxed Beef Cuts - Negotiated Sales - PM (PDF) (LM_XB403),2026-09-26T14:44:07+00:00
13e10802a323254a,2017-07-19,Beef,"Chuck, roll, lxl, neck/off (116A  3)",Choice Cuts,,,,Choice,,,,,240.0,260.0,,,245.43,$/cwt,2.4543,per lb,National,wholesale,,,,,,120826.0,lb,,2453,National Daily Boxed Beef Cutout & Boxed Beef Cuts - Negotiated Sales - PM (PDF) (LM_XB403),2026-09-26T14:44:07+00:00
cdc866bd05762e6f,2017-07-19,Beef,"Chuck, roll, lxl, neck/off (116A  3)",Select Cuts,,,,Select,,,,,237.0,253.5,,,244.46,$/cwt,2.4446,per lb,National,wholesale,,,,,,44090.0,lb,,2453,National Daily Boxed Beef Cutout & Boxed Beef Cuts - Negotiated Sales - PM (PDF) (LM_XB403),2026-09-26T14:44:07+00:00
8373efc71280d42c,2017-07-19,Beef,"Chuck, roll, retail ready (916A  3)",Choice Cuts,,,,Choice,,,,,268.48,275.0,,,272.75,$/cwt,2.7275,per lb,National,wholesale,,,,,,19658.0,lb,,2453,National Daily Boxed Beef Cutout & Boxed Beef Cuts - Negotiated Sales - PM (PDF) (LM_XB403),2026-09-26T14:44:07+00:00
913a0208f057a988,2017-07-19,Beef,"Chuck, semi-bnls, neck/off (113C  1)",Choice Cuts,,,,Choice,,,,,207.0,225.75,,,213.57,$/cwt,2.1357,per lb,National,wholesale,,,,,,28191.0,lb,,2453,National Daily Boxed Beef Cutout & Boxed Beef Cuts - Negotiated Sales - PM (PDF) (LM_XB403),2026-09-26T14:44:07+00:00
b70b9f550241cb79,2017-07-19,Beef,"Chuck, semi-bnls, neck/off (113C  1)",Select Cuts,,,,Select,,,,,198.09,212.0,,,202.63,$/cwt,2.0263,per lb,National,wholesale,,,,,,13724.0,lb,,2453,National Daily Boxed Beef Cutout & Boxed Beef Cuts - Negotiated Sales - PM (PDF) (LM_XB403),2026-09-26T14:44:07+00:00
51315706794f4764,2017-07-19,Beef,"Chuck, short rib (130  4)",Choice Cuts,,,,Choice,,,,,350.25,386.35,,,367.79,$/cwt,3.6779,per lb,National,wholesale,,,,,,23828.0,lb,,2453,National Daily Boxed Beef Cutout & Boxed Beef Cuts - Negotiated Sales - PM (PDF) (LM_XB403),2026-09-26T14:44:07+00:00
589a64308f6e4613,2017-07-19,Beef,"Chuck, short rib (130  4)",Select Cuts,,,,Select,,,,,346.5,385.0,,,351.94,$/cwt,3.5194,per lb,National,wholesale,,,,,,7917.0,lb,,2453,National Daily Boxed Beef Cutout & Boxed Beef Cuts - Negotiated Sales - PM (PDF) (LM_XB403),2026-09-26T14:44:07+00:00
f146bc8c6d0fb177,2017-07-19,Beef,"Chuck, shoulder clod (114  1)",Choice Cuts,,,,Choice,,,,,191.42,211.0,,,193.03,$/cwt,1.9303,per lb,National,wholesale,,,,,,114807.0,lb,,2453,National Daily Boxed Beef Cutout & Boxed Beef Cuts - Negotiated Sales - PM (PDF) (LM_XB403),2026-09-26T14:44:07+00:00
a866d55cd0ae6abe,2017-07-19,Beef,"Chuck, shoulder clod (114  1)",Select Cuts,,,,Select,,,,,191.42,208.0,,,195.1,$/cwt,1.951,per lb,National,wholesale,,,,,,43134.0,lb,,2453,National Daily Boxed Beef Cutout & Boxed Beef Cuts - Negotiated Sales - PM (PDF) (LM_XB403),2026-09-26T14:44:07+00:00
934e3807fa0589cb,2017-07-19,Beef,"Chuck, shoulder clod, trmd (114A  3)",Choice Cuts,,,,Choice,,,,,196.57,230.75,,,205.63,$/cwt,2.0563,per lb,National,wholesale,,,,,,234172.0,lb,,2453,National Daily Boxed Beef Cutout & Boxed Beef Cuts - Negotiated Sales - PM (PDF) (LM_XB403),2026-09-26T14:44:07+00:00
a6ef5053708cbc0c,2017-07-19,Beef,"Chuck, shoulder clod, trmd (114A  3)",Select Cuts,,,,Select,,,,,208.0,222.0,,,208.92,$/cwt,2.0892,per lb,National,wholesale,,,,,,203664.0,lb,,2453,National Daily Boxed Beef Cutout & Boxed Beef Cuts - Negotiated Sales - PM (PDF) (LM_XB403),2026-09-26T14:44:07+00:00
91dd3e2d6ee79b8b,2017-07-19,Beef,Cutout 600-900 lb,,,,,Choice,,,,,,,,,207.73,$/cwt,2.0773,per lb,National,wholesale,,,,,,,,,2453,National Daily Boxed Beef Cutout & Boxed Beef Cuts - Negotiated Sales - PM (PDF) (LM_XB403),2026-09-26T14:44:07+00:00
e729cfd4d82711b0,2017-07-19,Beef,Cutout 600-900 lb,,,,,Select,,,,,,,,,195.49,$/cwt,1.9549,per lb,National,wholesale,,,,,,,,,2453,National Daily Boxed Beef Cutout & Boxed Beef Cuts - Negotiated Sales - PM (PDF) (LM_XB403),2026-09-26T14:44:07+00:00
b476624f950119d2,2017-07-19,Beef,"Flank, flank steak (193  4)",Choice Cuts,,,,Choice,,,,,454.99,507.25,,,471.43,$/cwt,4.7143,per lb,National,wholesale,,,,,,19735.0,lb,,2453,National Daily Boxed Beef Cutout & Boxed Beef Cuts - Negotiated Sales - PM (PDF) (LM_XB403),2026-09-26T14:44:07+00:00
c8b58c808652043f,2017-07-19,Beef,"Flank, flank steak (193  4)",Select Cuts,,,,Select,,,,,397.75,416.63,,,405.94,$/cwt,4.0594,per lb,National,wholesale,,,,,,12977.0,lb,,2453,National Daily Boxed Beef Cutout & Boxed Beef Cuts - Negotiated Sales - PM (PDF) (LM_XB403),2026-09-26T14:44:07+00:00
378eaa8dd69224b2,2017-07-19,Beef,Ground Beef 73%,Ground Beef,,,,,,,,,168.74,188.25,,,177.61,$/cwt,1.7761,per lb,National,wholesale,,,,,,102067.0,lb,,2453,National Daily Boxed Beef Cutout & Boxed Beef Cuts - Negotiated Sales - PM (PDF) (LM_XB403),2026-09-26T14:44:07+00:00
e9df67913197bd5c,2017-07-19,Beef,Ground Beef 81%,Ground Beef,,,,,,,,,184.0,218.74,,,191.31,$/cwt,1.9131,per lb,National,wholesale,,,,,,487175.0,lb,,2453,National Daily Boxed Beef Cutout & Boxed Beef Cuts - Negotiated Sales - PM (PDF) (LM_XB403),2026-09-26T14:44:07+00:00
6a829d740a2f5a98,2017-07-19,Beef,Ground Beef 93%,Ground Beef,,,,,,,,,315.0,323.5,,,322.14,$/cwt,3.2214,per lb,National,wholesale,,,,,,52866.0,lb,,2453,National Daily Boxed Beef Cutout & Boxed Beef Cuts - Negotiated Sales - PM (PDF) (LM_XB403),2026-09-26T14:44:07+00:00
2c4e16a74150bc88,2017-07-19,Beef,Ground Beef Chuck,Ground Beef,,,,,,,,,192.0,226.63,,,202.46,$/cwt,2.0246,per lb,National,wholesale,,,,,,81419.0,lb,,2453,National Daily Boxed Beef Cutout & Boxed Beef Cuts - Negotiated Sales - PM (PDF) (LM_XB403),2026-09-26T14:44:07+00:00
3e82bcf1381ec717,2017-07-19,Beef,Ground Beef Round,Ground Beef,,,,,,,,,254.25,271.0,,,263.47,$/cwt,2.6347,per lb,National,wholesale,,,,,,16299.0,lb,,2453,National Daily Boxed Beef Cutout & Boxed Beef Cuts - Negotiated Sales - PM (PDF) (LM_XB403),2026-09-26T14:44:07+00:00
bc06c0d0c85e61d0,2017-07-19,Beef,"Loin, ball-tip, bnls, heavy (185B  1)",Choice Cuts,,,,Choice,,,,,260.0,306.56,,,267.4,$/cwt,2.674,per lb,National,wholesale,,,,,,128674.0,lb,,2453,National Daily Boxed Beef Cutout & Boxed Beef Cuts - Negotiated Sales - PM (PDF) (LM_XB403),2026-09-26T14:44:07+00:00
b2a89969fa6b9627,2017-07-19,Beef,"Loin, ball-tip, bnls, heavy (185B  1)",Select Cuts,,,,Select,,,,,223.21,300.0,,,247.44,$/cwt,2.4744,per lb,National,wholesale,,,,,,66136.0,lb,,2453,National Daily Boxed Beef Cutout & Boxed Beef Cuts - Negotiated Sales - PM (PDF) (LM_XB403),2026-09-26T14:44:07+00:00
13a7e037395af69b,2017-07-19,Beef,"Loin, bottom sirloin, flap (185A  4)",Choice Cuts,,,,Choice,,,,,410.0,576.5,,,443.47,$/cwt,4.4347,per lb,National,wholesale,,,,,,79037.0,lb,,2453,National Daily Boxed Beef Cutout & Boxed Beef Cuts - Negotiated Sales - PM (PDF) (LM_XB403),2026-09-26T14:44:07+00:00
2c91a023a73fe9b9,2017-07-19,Beef,"Loin, bottom sirloin, flap (185A  4)",Select Cuts,,,,Select,,,,,382.0,494.25,,,398.51,$/cwt,3.9851,per lb,National,wholesale,,,,,,74876.0,lb,,2453,National Daily Boxed Beef Cutout & Boxed Beef Cuts - Negotiated Sales - PM (PDF) (LM_XB403),2026-09-26T14:44:07+00:00
579ab8cd6c384db1,2017-07-19,Beef,"Loin, short loin, 0x1 (174  3)",Choice Cuts,,,,Choice,,,,,462.0,560.75,,,504.69,$/cwt,5.0469,per lb,National,wholesale,,,,,,136919.0,lb,,2453,National Daily Boxed Beef Cutout & Boxed Beef Cuts - Negotiated Sales - PM (PDF) (LM_XB403),2026-09-26T14:44:07+00:00
d417c2885402c9f3,2017-07-19,Beef,"Loin, short loin, 0x1 (174  3)",Select Cuts,,,,Select,,,,,424.43,478.95,,,472.89,$/cwt,4.7289,per lb,National,wholesale,,,,,,36075.0,lb,,2453,National Daily Boxed Beef Cutout & Boxed Beef Cuts - Negotiated Sales - PM (PDF) (LM_XB403),2026-09-26T14:44:07+00:00
b52f6557d9257b87,2017-07-19,Beef,"Loin, sirloin, tri-tip (185C  1)",Choice Cuts,,,,Choice,,,,,345.0,455.0,,,405.13,$/cwt,4.0513,per lb,National,wholesale,,,,,,55853.0,lb,,2453,National Daily Boxed Beef Cutout & Boxed Beef Cuts - Negotiated Sales - PM (PDF) (LM_XB403),2026-09-26T14:44:07+00:00
556e47365b3ff0d7,2017-07-19,Beef,"Loin, sirloin, tri-tip (185C  1)",Select Cuts,,,,Select,,,,,334.0,360.75,,,349.94,$/cwt,3.4994,per lb,National,wholesale,,,,,,13512.0,lb,,2453,National Daily Boxed Beef Cutout & Boxed Beef Cuts - Negotiated Sales - PM (PDF) (LM_XB403),2026-09-26T14:44:07+00:00
24e1543dd51888c5,2017-07-19,Beef,"Loin, sirloin, tri-tip, pld (185D  4)",Choice Cuts,,,,Choice,,,,,500.0,602.0,,,525.47,$/cwt,5.2547,per lb,National,wholesale,,,,,,13652.0,lb,,2453,National Daily Boxed Beef Cutout & Boxed Beef Cuts - Negotiated Sales - PM (PDF) (LM_XB403),2026-09-26T14:44:07+00:00
50792f40524967c4,2017-07-19,Beef,"Loin, strip loin bnls. 1x1 (  1)",Choice Cuts,,,,Choice,,,,,522.0,528.0,,,524.02,$/cwt,5.2402,per lb,National,wholesale,,,,,,7977.0,lb,,2453,National Daily Boxed Beef Cutout & Boxed Beef Cuts - Negotiated Sales - PM (PDF) (LM_XB403),2026-09-26T14:44:07+00:00
891a8431bdf287b9,2017-07-19,Beef,"Loin, strip, bnls, 0x1 (180  3)",Choice Cuts,,,,Choice,,,,,564.0,626.25,,,585.14,$/cwt,5.8514,per lb,National,wholesale,,,,,,130718.0,lb,,2453,National Daily Boxed Beef Cutout & Boxed Beef Cuts - Negotiated Sales - PM (PDF) (LM_XB403),2026-09-26T14:44:07+00:00
1f26a0f6018013c0,2017-07-19,Beef,"Loin, strip, bnls, 0x1 (180  3)",Select Cuts,,,,Select,,,,,425.0,487.04,,,439.89,$/cwt,4.3989,per lb,National,wholesale,,,,,,74044.0,lb,,2453,National Daily Boxed Beef Cutout & Boxed Beef Cuts - Negotiated Sales - PM (PDF) (LM_XB403),2026-09-26T14:44:07+00:00
0c55336495d33a81,2017-07-19,Beef,"Loin, tndrloin, trmd, heavy (189A  4)",Choice Cuts,,,,Choice,,,,,929.0,1072.75,,,938.66,$/cwt,9.3866,per lb,National,wholesale,,,,,,222272.0,lb,,2453,National Daily Boxed Beef Cutout & Boxed Beef Cuts - Negotiated Sales - PM (PDF) (LM_XB403),2026-09-26T14:44:07+00:00
b3ffaf19e6bb0e18,2017-07-19,Beef,"Loin, tndrloin, trmd, heavy (189A  4)",Select Cuts,,,,Select,,,,,900.0,948.67,,,926.48,$/cwt,9.2648,per lb,National,wholesale,,,,,,45643.0,lb,,2453,National Daily Boxed Beef Cutout & Boxed Beef Cuts - Negotiated Sales - PM (PDF) (LM_XB403),2026-09-26T14:44:07+00:00
45d5e7f441d13688,2017-07-19,Beef,"Loin, top butt, CC (184B  3)",Choice Cuts,,,,Choice,,,,,523.0,556.5,,,546.98,$/cwt,5.4698,per lb,National,wholesale,,,,,,2051.0,lb,,2453,National Daily Boxed Beef Cutout & Boxed Beef Cuts - Negotiated Sales - PM (PDF) (LM_XB403),2026-09-26T14:44:07+00:00
8900a6ee6bdd3e96,2017-07-19,Beef,"Loin, top butt, bnls, heavy (184  1)",Choice Cuts,,,,Choice,,,,,365.0,389.0,,,372.46,$/cwt,3.7246,per lb,National,wholesale,,,,,,6296.0,lb,,2453,National Daily Boxed Beef Cutout & Boxed Beef Cuts - Negotiated Sales - PM (PDF) (LM_XB403),2026-09-26T14:44:07+00:00
d0538cbee264c9bb,2017-07-19,Beef,"Loin, top butt, bnls, heavy (184  1)",Select Cuts,,,,Select,,,,,280.0,292.0,,,286.82,$/cwt,2.8682,per lb,National,wholesale,,,,,,67885.0,lb,,2453,National Daily Boxed Beef Cutout & Boxed Beef Cuts - Negotiated Sales - PM (PDF) (LM_XB403),2026-09-26T14:44:07+00:00
f990b3dd46b7d27c,2017-07-19,Beef,"Loin, top butt, boneless (184  3)",Choice Cuts,,,,Choice,,,,,382.0,398.5,,,387.4,$/cwt,3.874,per lb,National,wholesale,,,,,,24787.0,lb,,2453,National Daily Boxed Beef Cutout & Boxed Beef Cuts - Negotiated Sales - PM (PDF) (LM_XB403),2026-09-26T14:44:07+00:00
290e403a53acbe08,2017-07-19,Beef,"Loin, top butt, boneless (184  3)",Select Cuts,,,,Select,,,,,290.0,363.35,,,325.05,$/cwt,3.2505,per lb,National,wholesale,,,,,,54307.0,lb,,2453,National Daily Boxed Beef Cutout & Boxed Beef Cuts - Negotiated Sales - PM (PDF) (LM_XB403),2026-09-26T14:44:07+00:00
34c8d47fe4a0cdea,2017-07-19,Beef,"Rib, ribeye, bnls, heavy (112A  3)",Choice Cuts,,,,Choice,,,,,680.0,724.0,,,695.14,$/cwt,6.9514,per lb,National,wholesale,,,,,,91717.0,lb,,2453,National Daily Boxed Beef Cutout & Boxed Beef Cuts - Negotiated Sales - PM (PDF) (LM_XB403),2026-09-26T14:44:07+00:00
d14c625982d9bb31,2017-07-19,Beef,"Rib, ribeye, bnls, heavy (112A  3)",Select Cuts,,,,Select,,,,,580.2,675.0,,,622.11,$/cwt,6.2211,per lb,National,wholesale,,,,,,36692.0,lb,,2453,National Daily Boxed Beef Cutout & Boxed Beef Cuts - Negotiated Sales - PM (PDF) (LM_XB403),2026-09-26T14:44:07+00:00
9a2edbd58b8ec76b,2017-07-19,Beef,"Rib, ribeye, bnls, light (112A  3)",Choice Cuts,,,,Choice,,,,,691.53,715.0,,,698.77,$/cwt,6.9877,per lb,National,wholesale,,,,,,137225.0,lb,,2453,National Daily Boxed Beef Cutout & Boxed Beef Cuts - Negotiated Sales - PM (PDF) (LM_XB403),2026-09-26T14:44:07+00:00
08086da7c945c85b,2017-07-19,Beef,"Rib, ribeye, bnls, light (112A  3)",Select Cuts,,,,Select,,,,,578.0,725.0,,,588.8,$/cwt,5.888,per lb,National,wholesale,,,,,,90671.0,lb,,2453,National Daily Boxed Beef Cutout & Boxed Beef Cuts - Negotiated Sales - PM (PDF) (LM_XB403),2026-09-26T14:44:07+00:00
21be2e46d6fd72cc,2017-07-19,Beef,"Rib, ribeye, lip-on, bn-in (109E  1)",Choice Cuts,,,,Choice,,,,,580.0,638.0,,,607.81,$/cwt,6.0781,per lb,National,wholesale,,,,,,91171.0,lb,,2453,National Daily Boxed Beef Cutout & Boxed Beef Cuts - Negotiated Sales - PM (PDF) (LM_XB403),2026-09-26T14:44:07+00:00
cea5429747213275,2017-07-19,Beef,"Rib, ribeye, lip-on, bn-in (109E  1)",Select Cuts,,,,Select,,,,,540.0,576.0,,,543.04,$/cwt,5.4304,per lb,National,wholesale,,,,,,5348.0,lb,,2453,National Daily Boxed Beef Cutout & Boxed Beef Cuts - Negotiated Sales - PM (PDF) (LM_XB403),2026-09-26T14:44:07+00:00
4e99030cf95a4b6c,2017-07-19,Beef,"Round, bottom gooseneck (170  1)",Choice Cuts,,,,Choice,,,,,194.59,225.0,,,200.41,$/cwt,2.0041,per lb,National,wholesale,,,,,,10807.0,lb,,2453,National Daily Boxed Beef Cutout & Boxed Beef Cuts - Negotiated Sales - PM (PDF) (LM_XB403),2026-09-26T14:44:07+00:00
56255fd54244ccac,2017-07-19,Beef,"Round, bottom gooseneck (170  1)",Select Cuts,,,,Select,,,,,192.82,203.86,,,194.92,$/cwt,1.9492,per lb,National,wholesale,,,,,,94049.0,lb,,2453,National Daily Boxed Beef Cutout & Boxed Beef Cuts - Negotiated Sales - PM (PDF) (LM_XB403),2026-09-26T14:44:07+00:00
a692c64c6b2fd882,2017-07-19,Beef,"Round, eye of round (171C  3)",Choice Cuts,,,,Choice,,,,,220.0,241.5,,,223.86,$/cwt,2.2386,per lb,National,wholesale,,,,,,144622.0,lb,,2453,National Daily Boxed Beef Cutout & Boxed Beef Cuts - Negotiated Sales - PM (PDF) (LM_XB403),2026-09-26T14:44:07+00:00
17030f1565cdfcb0,2017-07-19,Beef,"Round, eye of round (171C  3)",Select Cuts,,,,Select,,,,,223.0,242.0,,,229.46,$/cwt,2.2946,per lb,National,wholesale,,,,,,19001.0,lb,,2453,National Daily Boxed Beef Cutout & Boxed Beef Cuts - Negotiated Sales - PM (PDF) (LM_XB403),2026-09-26T14:44:07+00:00
b34f5357dae7bf7f,2017-07-19,Beef,"Round, knuckle, peeled (167A  4)",Choice Cuts,,,,Choice,,,,,224.1,269.25,,,232.35,$/cwt,2.3235,per lb,National,wholesale,,,,,,155502.0,lb,,2453,National Daily Boxed Beef Cutout & Boxed Beef Cuts - Negotiated Sales - PM (PDF) (LM_XB403),2026-09-26T14:44:07+00:00
db91839fa5b45fee,2017-07-19,Beef,"Round, knuckle, peeled (167A  4)",Select Cuts,,,,Select,,,,,225.1,257.0,,,231.73,$/cwt,2.3173,per lb,National,wholesale,,,,,,64522.0,lb,,2453,National Daily Boxed Beef Cutout & Boxed Beef Cuts - Negotiated Sales - PM (PDF) (LM_XB403),2026-09-26T14:44:07+00:00
7e4354d092d6fff3,2017-07-19,Beef,"Round, outside round (171B  3)",Choice Cuts,,,,Choice,,,,,205.0,223.0,,,210.31,$/cwt,2.1031,per lb,National,wholesale,,,,,,337293.0,lb,,2453,National Daily Boxed Beef Cutout & Boxed Beef Cuts - Negotiated Sales - PM (PDF) (LM_XB403),2026-09-26T14:44:07+00:00
b3a11a0ee7fa903d,2017-07-19,Beef,"Round, outside round (171B  3)",Select Cuts,,,,Select,,,,,207.0,220.77,,,210.87,$/cwt,2.1087,per lb,National,wholesale,,,,,,117661.0,lb,,2453,National Daily Boxed Beef Cutout & Boxed Beef Cuts - Negotiated Sales - PM (PDF) (LM_XB403),2026-09-26T14:44:07+00:00
72dfcb08726636e8,2017-07-19,Beef,"Round, top inside round (168  1)",Choice Cuts,,,,Choice,,,,,220.0,244.75,,,230.22,$/cwt,2.3022,per lb,National,wholesale,,,,,,56044.0,lb,,2453,National Daily Boxed Beef Cutout & Boxed Beef Cuts - Negotiated Sales - PM (PDF) (LM_XB403),2026-09-26T14:44:07+00:00
20520c81ae11264f,2017-07-19,Beef,"Round, top inside round (168  1)",Select Cuts,,,,Select,,,,,220.6,236.0,,,225.52,$/cwt,2.2552,per lb,National,wholesale,,,,,,16071.0,lb,,2453,National Daily Boxed Beef Cutout & Boxed Beef Cuts - Negotiated Sales - PM (PDF) (LM_XB403),2026-09-26T14:44:07+00:00
eec5f775b033ba1b,2017-07-19,Beef,"Round, top inside round (168  3)",Choice Cuts,,,,Choice,,,,,220.61,249.78,,,226.88,$/cwt,2.2688,per lb,National,wholesale,,,,,,704039.0,lb,,2453,National Daily Boxed Beef Cutout & Boxed Beef Cuts - Negotiated Sales - PM (PDF) (LM_XB403),2026-09-26T14:44:07+00:00
2d966a1c542ceecf,2017-07-19,Beef,"Round, top inside round (168  3)",Select Cuts,,,,Select,,,,,225.7,247.0,,,228.99,$/cwt,2.2899,per lb,National,wholesale,,,,,,158781.0,lb,,2453,National Daily Boxed Beef Cutout & Boxed Beef Cuts - Negotiated Sales - PM (PDF) (LM_XB403),2026-09-26T14:44:07+00:00
7f9af1fd5566635b,2017-07-19,Beef,"Round, top inside, cap off (169A  5)",Choice Cuts,,,,Choice,,,,,313.0,332.0,,,325.23,$/cwt,3.2523,per lb,National,wholesale,,,,,,3862.0,lb,,2453,National Daily Boxed Beef Cutout & Boxed Beef Cuts - Negotiated Sales - PM (PDF) (LM_XB403),2026-09-26T14:44:07+00:00
d338b33ea6bea0d8,2017-07-19,Beef,"Round, top inside, denuded (169  5)",Choice Cuts,,,,Choice,,,,,269.0,296.5,,,286.44,$/cwt,2.8644,per lb,National,wholesale,,,,,,23508.0,lb,,2453,National Daily Boxed Beef Cutout & Boxed Beef Cuts - Negotiated Sales - PM (PDF) (LM_XB403),2026-09-26T14:44:07+00:00
4dcfdf59d1d075a6,2017-07-19,Beef,"Round, top inside, denuded (169  5)",Select Cuts,,,,Select,,,,,263.0,291.0,,,271.55,$/cwt,2.7155,per lb,National,wholesale,,,,,,15428.0,lb,,2453,National Daily Boxed Beef Cutout & Boxed Beef Cuts - Negotiated Sales - PM (PDF) (LM_XB403),2026-09-26T14:44:07+00:00
7a9cf35ec701c557,2017-07-19,Beef,"Short Plate, short rib (123A  3)",Choice Cuts,,,,Choice,,,,,490.0,580.25,,,515.74,$/cwt,5.1574,per lb,National,wholesale,,,,,,24299.0,lb,,2453,National Daily Boxed Beef Cutout & Boxed Beef Cuts - Negotiated Sales - PM (PDF) (LM_XB403),2026-09-26T14:44:07+00:00
758e83380de7ba51,2017-07-20,Beef,"Brisket, deckle-off, bnls (120  1)",Choice Cuts,,,,Choice,,,,,203.34,237.0,,,210.16,$/cwt,2.1016,per lb,National,wholesale,,,,,,210747.0,lb,,2453,National Daily Boxed Beef Cutout & Boxed Beef Cuts - Negotiated Sales - PM (PDF) (LM_XB403),2026-09-26T14:44:07+00:00
50d06690181b74e3,2017-07-20,Beef,"Brisket, deckle-off, bnls (120  1)",Select Cuts,,,,Select,,,,,197.0,225.0,,,203.2,$/cwt,2.032,per lb,National,wholesale,,,,,,106971.0,lb,,2453,National Daily Boxed Beef Cutout & Boxed Beef Cuts - Negotiated Sales - PM (PDF) (LM_XB403),2026-09-26T14:44:07+00:00
cdd37a416101f2bc,2017-07-20,Beef,"Brisket, point/off, bnls (120A  3)",Choice Cuts,,,,Choice,,,,,377.0,401.0,,,381.96,$/cwt,3.8196,per lb,National,wholesale,,,,,,5338.0,lb,,2453,National Daily Boxed Beef Cutout & Boxed Beef Cuts - Negotiated Sales - PM (PDF) (LM_XB403),2026-09-26T14:44:07+00:00
939876cd38806053,2017-07-20,Beef,"Chuck, chuck tender (116B  1)",Choice Cuts,,,,Choice,,,,,225.0,239.0,,,228.99,$/cwt,2.2899,per lb,National,wholesale,,,,,,51058.0,lb,,2453,National Daily Boxed Beef Cutout & Boxed Beef Cuts - Negotiated Sales - PM (PDF) (LM_XB403),2026-09-26T14:44:07+00:00
2d1d575e2e83512e,2017-07-20,Beef,"Chuck, chuck tender (116B  1)",Select Cuts,,,,Select,,,,,225.0,235.0,,,227.48,$/cwt,2.2748,per lb,National,wholesale,,,,,,26300.0,lb,,2453,National Daily Boxed Beef Cutout & Boxed Beef Cuts - Negotiated Sales - PM (PDF) (LM_XB403),2026-09-26T14:44:07+00:00
52068142b7fc2ed1,2017-07-20,Beef,"Chuck, clod tender (114F  5)",Choice Cuts,,,,Choice,,,,,310.12,360.0,,,325.79,$/cwt,3.2579,per lb,National,wholesale,,,,,,43708.0,lb,,2453,National Daily Boxed Beef Cutout & Boxed Beef Cuts - Negotiated Sales - PM (PDF) (LM_XB403),2026-09-26T14:44:07+00:00
08c16877551a8a96,2017-07-20,Beef,"Chuck, clod tender (114F  5)",Select Cuts,,,,Select,,,,,280.0,290.0,,,285.02,$/cwt,2.8502,per lb,National,wholesale,,,,,,4318.0,lb,,2453,National Daily Boxed Beef Cutout & Boxed Beef Cuts - Negotiated Sales - PM (PDF) (LM_XB403),2026-09-26T14:44:07+00:00
0c97ad30aa345456,2017-07-20,Beef,"Chuck, clod, arm roast (114E  3)",Choice Cuts,,,,Choice,,,,,242.0,260.0,,,251.76,$/cwt,2.5176,per lb,National,wholesale,,,,,,30907.0,lb,,2453,National Daily Boxed Beef Cutout & Boxed Beef Cuts - Negotiated Sales - PM (PDF) (LM_XB403),2026-09-26T14:44:07+00:00
416ba73af26b9b28,2017-07-20,Beef,"Chuck, clod, top blade (114D  3)",Choice Cuts,,,,Choice,,,,,290.0,330.95,,,298.54,$/cwt,2.9854,per lb,National,wholesale,,,,,,21406.0,lb,,2453,National Daily Boxed Beef Cutout & Boxed Beef Cuts - Negotiated Sales - PM (PDF) (LM_XB403),2026-09-26T14:44:07+00:00
20fe08448fd0a95f,2017-07-20,Beef,"Chuck, flap (116G  4)",Choice Cuts,,,,Choice,,,,,519.78,566.75,,,535.73,$/cwt,5.3573,per lb,National,wholesale,,,,,,12335.0,lb,,2453,National Daily Boxed Beef Cutout & Boxed Beef Cuts - Negotiated Sales - PM (PDF) (LM_XB403),2026-09-26T14:44:07+00:00
1f97be77494e11e5,2017-07-20,Beef,"Chuck, flap (116G  4)",Select Cuts,,,,Select,,,,,454.0,491.5,,,470.39,$/cwt,4.7039,per lb,National,wholesale,,,,,,10918.0,lb,,2453,National Daily Boxed Beef Cutout & Boxed Beef Cuts - Negotiated Sales - PM (PDF) (LM_XB403),2026-09-26T14:44:07+00:00
558f636527f4c382,2017-07-20,Beef,"Chuck, roll, lxl, neck/off (116A  3)",Choice Cuts,,,,Choice,,,,,243.0,260.0,,,245.43,$/cwt,2.4543,per lb,National,wholesale,,,,,,173515.0,lb,,2453,National Daily Boxed Beef Cutout & Boxed Beef Cuts - Negotiated Sales - PM (PDF) (LM_XB403),2026-09-26T14:44:07+00:00
29f1412fa78f4f6d,2017-07-20,Beef,"Chuck, roll, lxl, neck/off (116A  3)",Select Cuts,,,,Select,,,,,235.58,260.0,,,240.75,$/cwt,2.4075,per lb,National,wholesale,,,,,,297014.0,lb,,2453,National Daily Boxed Beef Cutout & Boxed Beef Cuts - Negotiated Sales - PM (PDF) (LM_XB403),2026-09-26T14:44:07+00:00
d644e6ac11ac2c44,2017-07-20,Beef,"Chuck, roll, retail ready (916A  3)",Choice Cuts,,,,Choice,,,,,266.58,271.12,,,268.44,$/cwt,2.6844,per lb,National,wholesale,,,,,,46962.0,lb,,2453,National Daily Boxed Beef Cutout & Boxed Beef Cuts - Negotiated Sales - PM (PDF) (LM_XB403),2026-09-26T14:44:07+00:00
e1c6da82a9a833dd,2017-07-20,Beef,"Chuck, semi-bnls, neck/off (113C  1)",Select Cuts,,,,Select,,,,,207.0,212.0,,,207.47,$/cwt,2.0747,per lb,National,wholesale,,,,,,6706.0,lb,,2453,National Daily Boxed Beef Cutout & Boxed Beef Cuts - Negotiated Sales - PM (PDF) (LM_XB403),2026-09-26T14:44:07+00:00
537f6300ecdb81c2,2017-07-20,Beef,"Chuck, short rib (130  4)",Choice Cuts,,,,Choice,,,,,352.0,385.0,,,372.66,$/cwt,3.7266,per lb,National,wholesale,,,,,,24032.0,lb,,2453,National Daily Boxed Beef Cutout & Boxed Beef Cuts - Negotiated Sales - PM (PDF) (LM_XB403),2026-09-26T14:44:07+00:00
4926b52c4f0fb57b,2017-07-20,Beef,"Chuck, shoulder clod (114  1)",Choice Cuts,,,,Choice,,,,,197.44,205.56,,,205.09,$/cwt,2.0509,per lb,National,wholesale,,,,,,95537.0,lb,,2453,National Daily Boxed Beef Cutout & Boxed Beef Cuts - Negotiated Sales - PM (PDF) (LM_XB403),2026-09-26T14:44:07+00:00
66590b9dff991d04,2017-07-20,Beef,"Chuck, shoulder clod (114  1)",Select Cuts,,,,Select,,,,,191.82,205.0,,,193.53,$/cwt,1.9353,per lb,National,wholesale,,,,,,249557.0,lb,,2453,National Daily Boxed Beef Cutout & Boxed Beef Cuts - Negotiated Sales - PM (PDF) (LM_XB403),2026-09-26T14:44:07+00:00
d0638b44cb4f079d,2017-07-20,Beef,"Chuck, shoulder clod, trmd (114A  3)",Choice Cuts,,,,Choice,,,,,199.8,229.0,,,209.18,$/cwt,2.0918,per lb,National,wholesale,,,,,,143539.0,lb,,2453,National Daily Boxed Beef Cutout & Boxed Beef Cuts - Negotiated Sales - PM (PDF) (LM_XB403),2026-09-26T14:44:07+00:00
9e3b73b246609026,2017-07-20,Beef,"Chuck, shoulder clod, trmd (114A  3)",Select Cuts,,,,Select,,,,,205.57,219.0,,,209.56,$/cwt,2.0956,per lb,National,wholesale,,,,,,56871.0,lb,,2453,National Daily Boxed Beef Cutout & Boxed Beef Cuts - Negotiated Sales - PM (PDF) (LM_XB403),2026-09-26T14:44:07+00:00
8b635e8ea48ef068,2017-07-20,Beef,Cutout 600-900 lb,,,,,Choice,,,,,,,,,207.65,$/cwt,2.0765,per lb,National,wholesale,,,,,,,,,2453,National Daily Boxed Beef Cutout & Boxed Beef Cuts - Negotiated Sales - PM (PDF) (LM_XB403),2026-09-26T14:44:07+00:00
f9275ca3fe3be550,2017-07-20,Beef,Cutout 600-900 lb,,,,,Select,,,,,,,,,195.58,$/cwt,1.9558,per lb,National,wholesale,,,,,,,,,2453,National Daily Boxed Beef Cutout & Boxed Beef Cuts - Negotiated Sales - PM (PDF) (LM_XB403),2026-09-26T14:44:07+00:00
d45dc2d20c6d5cdf,2017-07-20,Beef,"Flank, flank steak (193  4)",Choice Cuts,,,,Choice,,,,,460.0,516.0,,,474.61,$/cwt,4.7461,per lb,National,wholesale,,,,,,21780.0,lb,,2453,National Daily Boxed Beef Cutout & Boxed Beef Cuts - Negotiated Sales - PM (PDF) (LM_XB403),2026-09-26T14:44:07+00:00
2a4ff99cbd8287ca,2017-07-20,Beef,"Flank, flank steak (193  4)",Select Cuts,,,,Select,,,,,381.0,410.0,,,386.85,$/cwt,3.8685,per lb,National,wholesale,,,,,,16867.0,lb,,2453,National Daily Boxed Beef Cutout & Boxed Beef Cuts - Negotiated Sales - PM (PDF) (LM_XB403),2026-09-26T14:44:07+00:00
c162d35fc3878cea,2017-07-20,Beef,Ground Beef 73%,Ground Beef,,,,,,,,,163.0,195.0,,,169.94,$/cwt,1.6994,per lb,National,wholesale,,,,,,194573.0,lb,,2453,National Daily Boxed Beef Cutout & Boxed Beef Cuts - Negotiated Sales - PM (PDF) (LM_XB403),2026-09-26T14:44:07+00:00
48b366e3ed86d978,2017-07-20,Beef,Ground Beef 81%,Ground Beef,,,,,,,,,175.0,213.75,,,185.01,$/cwt,1.8501,per lb,National,wholesale,,,,,,461209.0,lb,,2453,National Daily Boxed Beef Cutout & Boxed Beef Cuts - Negotiated Sales - PM (PDF) (LM_XB403),2026-09-26T14:44:07+00:00
5890eee6f196109d,2017-07-20,Beef,Ground Beef 93%,Ground Beef,,,,,,,,,315.0,325.0,,,319.04,$/cwt,3.1904,per lb,National,wholesale,,,,,,58428.0,lb,,2453,National Daily Boxed Beef Cutout & Boxed Beef Cuts - Negotiated Sales - PM (PDF) (LM_XB403),2026-09-26T14:44:07+00:00
db146b99cb9e7f70,2017-07-20,Beef,Ground Beef Chuck,Ground Beef,,,,,,,,,197.0,214.0,,,208.91,$/cwt,2.0891,per lb,National,wholesale,,,,,,33547.0,lb,,2453,National Daily Boxed Beef Cutout & Boxed Beef Cuts - Negotiated Sales - PM (PDF) (LM_XB403),2026-09-26T14:44:07+00:00
3a6702713d3d69cf,2017-07-20,Beef,Ground Beef Round,Ground Beef,,,,,,,,,256.25,271.0,,,263.36,$/cwt,2.6336,per lb,National,wholesale,,,,,,26775.0,lb,,2453,National Daily Boxed Beef Cutout & Boxed Beef Cuts - Negotiated Sales - PM (PDF) (LM_XB403),2026-09-26T14:44:07+00:00
e93d497526c62823,2017-07-20,Beef,"Loin, ball-tip, bnls, heavy (185B  1)",Choice Cuts,,,,Choice,,,,,260.0,302.75,,,274.2,$/cwt,2.742,per lb,National,wholesale,,,,,,32560.0,lb,,2453,National Daily Boxed Beef Cutout & Boxed Beef Cuts - Negotiated Sales - PM (PDF) (LM_XB403),2026-09-26T14:44:07+00:00
6509cc8a0d8c5d96,2017-07-20,Beef,"Loin, ball-tip, bnls, heavy (185B  1)",Select Cuts,,,,Select,,,,,226.16,254.0,,,238.8,$/cwt,2.388,per lb,National,wholesale,,,,,,63578.0,lb,,2453,National Daily Boxed Beef Cutout & Boxed Beef Cuts - Negotiated Sales - PM (PDF) (LM_XB403),2026-09-26T14:44:07+00:00
ac2210b881420552,2017-07-20,Beef,"Loin, bottom sirloin, flap (185A  4)",Choice Cuts,,,,Choice,,,,,410.0,566.25,,,454.38,$/cwt,4.5438,per lb,National,wholesale,,,,,,69618.0,lb,,2453,National Daily Boxed Beef Cutout & Boxed Beef Cuts - Negotiated Sales - PM (PDF) (LM_XB403),2026-09-26T14:44:07+00:00
294d146ed166c60d,2017-07-20,Beef,"Loin, bottom sirloin, flap (185A  4)",Select Cuts,,,,Select,,,,,386.0,442.79,,,390.15,$/cwt,3.9015,per lb,National,wholesale,,,,,,73821.0,lb,,2453,National Daily Boxed Beef Cutout & Boxed Beef Cuts - Negotiated Sales - PM (PDF) (LM_XB403),2026-09-26T14:44:07+00:00
99f493da7f33d977,2017-07-20,Beef,"Loin, short loin, 0x1 (174  3)",Choice Cuts,,,,Choice,,,,,500.0,561.75,,,505.72,$/cwt,5.0572,per lb,National,wholesale,,,,,,92514.0,lb,,2453,National Daily Boxed Beef Cutout & Boxed Beef Cuts - Negotiated Sales - PM (PDF) (LM_XB403),2026-09-26T14:44:07+00:00
0becae953b79aff4,2017-07-20,Beef,"Loin, short loin, 0x1 (174  3)",Select Cuts,,,,Select,,,,,416.0,477.1,,,423.61,$/cwt,4.2361,per lb,National,wholesale,,,,,,96706.0,lb,,2453,National Daily Boxed Beef Cutout & Boxed Beef Cuts - Negotiated Sales - PM (PDF) (LM_XB403),2026-09-26T14:44:07+00:00
e752a99f97fab9ea,2017-07-20,Beef,"Loin, sirloin, tri-tip (185C  1)",Choice Cuts,,,,Choice,,,,,300.02,350.51,,,302.29,$/cwt,3.0229,per lb,National,wholesale,,,,,,199329.0,lb,,2453,National Daily Boxed Beef Cutout & Boxed Beef Cuts - Negotiated Sales - PM (PDF) (LM_XB403),2026-09-26T14:44:07+00:00
b12429ba0628e7cc,2017-07-20,Beef,"Loin, sirloin, tri-tip (185C  1)",Select Cuts,,,,Select,,,,,300.02,328.26,,,302.64,$/cwt,3.0264,per lb,National,wholesale,,,,,,62000.0,lb,,2453,National Daily Boxed Beef Cutout & Boxed Beef Cuts - Negotiated Sales - PM (PDF) (LM_XB403),2026-09-26T14:44:07+00:00
f8d1a2f1af462ad2,2017-07-20,Beef,"Loin, sirloin, tri-tip, pld (185D  4)",Choice Cuts,,,,Choice,,,,,494.0,542.0,,,531.23,$/cwt,5.3123,per lb,National,wholesale,,,,,,5048.0,lb,,2453,National Daily Boxed Beef Cutout & Boxed Beef Cuts - Negotiated Sales - PM (PDF) (LM_XB403),2026-09-26T14:44:07+00:00
569bc70569a28208,2017-07-20,Beef,"Loin, strip loin, 1x1 (175  3)",Choice Cuts,,,,Choice,,,,,455.0,516.75,,,471.17,$/cwt,4.7117,per lb,National,wholesale,,,,,,48372.0,lb,,2453,National Daily Boxed Beef Cutout & Boxed Beef Cuts - Negotiated Sales - PM (PDF) (LM_XB403),2026-09-26T14:44:07+00:00
66a802110c8180fd,2017-07-20,Beef,"Loin, strip, bnls, 0x1 (180  3)",Choice Cuts,,,,Choice,,,,,564.0,610.25,,,577.66,$/cwt,5.7766,per lb,National,wholesale,,,,,,70149.0,lb,,2453,National Daily Boxed Beef Cutout & Boxed Beef Cuts - Negotiated Sales - PM (PDF) (LM_XB403),2026-09-26T14:44:07+00:00
72d101ddfbe83858,2017-07-20,Beef,"Loin, strip, bnls, 0x1 (180  3)",Select Cuts,,,,Select,,,,,420.0,464.0,,,422.48,$/cwt,4.2248,per lb,National,wholesale,,,,,,88203.0,lb,,2453,National Daily Boxed Beef Cutout & Boxed Beef Cuts - Negotiated Sales - PM (PDF) (LM_XB403),2026-09-26T14:44:07+00:00
3d5c2b6096b07815,2017-07-20,Beef,"Loin, tndrloin, trmd, heavy (189A  4)",Choice Cuts,,,,Choice,,,,,927.62,1076.5,,,937.22,$/cwt,9.3722,per lb,National,wholesale,,,,,,309511.0,lb,,2453,National Daily Boxed Beef Cutout & Boxed Beef Cuts - Negotiated Sales - PM (PDF) (LM_XB403),2026-09-26T14:44:07+00:00
56217a6ac54939a0,2017-07-20,Beef,"Loin, tndrloin, trmd, heavy (189A  4)",Select Cuts,,,,Select,,,,,940.0,955.25,,,943.06,$/cwt,9.4306,per lb,National,wholesale,,,,,,7787.0,lb,,2453,National Daily Boxed Beef Cutout & Boxed Beef Cuts - Negotiated Sales - PM (PDF) (LM_XB403),2026-09-26T14:44:07+00:00
0411d454e7791834,2017-07-20,Beef,"Loin, top butt, CC (184B  3)",Choice Cuts,,,,Choice,,,,,530.25,555.75,,,534.75,$/cwt,5.3475,per lb,National,wholesale,,,,,,13880.0,lb,,2453,National Daily Boxed Beef Cutout & Boxed Beef Cuts - Negotiated Sales - PM (PDF) (LM_XB403),2026-09-26T14:44:07+00:00
7fc8fe75f33c404c,2017-07-20,Beef,"Loin, top butt, bnls, heavy (184  1)",Choice Cuts,,,,Choice,,,,,365.0,372.58,,,365.1,$/cwt,3.651,per lb,National,wholesale,,,,,,19663.0,lb,,2453,National Daily Boxed Beef Cutout & Boxed Beef Cuts - Negotiated Sales - PM (PDF) (LM_XB403),2026-09-26T14:44:07+00:00
f703148c35c33f33,2017-07-20,Beef,"Loin, top butt, bnls, heavy (184  1)",Select Cuts,,,,Select,,,,,286.39,300.0,,,297.14,$/cwt,2.9714,per lb,National,wholesale,,,,,,19039.0,lb,,2453,National Daily Boxed Beef Cutout & Boxed Beef Cuts - Negotiated Sales - PM (PDF) (LM_XB403),2026-09-26T14:44:07+00:00
7db1f3b8f61e4c71,2017-07-20,Beef,"Loin, top butt, boneless (184  3)",Choice Cuts,,,,Choice,,,,,377.25,391.25,,,386.62,$/cwt,3.8662,per lb,National,wholesale,,,,,,95985.0,lb,,2453,National Daily Boxed Beef Cutout & Boxed Beef Cuts - Negotiated Sales - PM (PDF) (LM_XB403),2026-09-26T14:44:07+00:00
f49dddf2aa3c1933,2017-07-20,Beef,"Loin, top butt, boneless (184  3)",Select Cuts,,,,Select,,,,,290.0,328.0,,,316.63,$/cwt,3.1663,per lb,National,wholesale,,,,,,7095.0,lb,,2453,National Daily Boxed Beef Cutout & Boxed Beef Cuts - Negotiated Sales - PM (PDF) (LM_XB403),2026-09-26T14:44:07+00:00
eafacdf01a3eedf9,2017-07-20,Beef,"Rib, ribeye, bnls, heavy (112A  3)",Choice Cuts,,,,Choice,,,,,674.0,720.25,,,686.14,$/cwt,6.8614,per lb,National,wholesale,,,,,,58479.0,lb,,2453,National Daily Boxed Beef Cutout & Boxed Beef Cuts - Negotiated Sales - PM (PDF) (LM_XB403),2026-09-26T14:44:07+00:00
f22c745cf61c296a,2017-07-20,Beef,"Rib, ribeye, bnls, heavy (112A  3)",Select Cuts,,,,Select,,,,,605.0,720.0,,,640.96,$/cwt,6.4096,per lb,National,wholesale,,,,,,29498.0,lb,,2453,National Daily Boxed Beef Cutout & Boxed Beef Cuts - Negotiated Sales - PM (PDF) (LM_XB403),2026-09-26T14:44:07+00:00
00c0ac4591b665a1,2017-07-20,Beef,"Rib, ribeye, bnls, light (112A  3)",Choice Cuts,,,,Choice,,,,,660.0,718.75,,,681.79,$/cwt,6.8179,per lb,National,wholesale,,,,,,122171.0,lb,,2453,National Daily Boxed Beef Cutout & Boxed Beef Cuts - Negotiated Sales - PM (PDF) (LM_XB403),2026-09-26T14:44:07+00:00
9592353f2be61a13,2017-07-20,Beef,"Rib, ribeye, bnls, light (112A  3)",Select Cuts,,,,Select,,,,,579.0,609.83,,,585.91,$/cwt,5.8591,per lb,National,wholesale,,,,,,170305.0,lb,,2453,National Daily Boxed Beef Cutout & Boxed Beef Cuts - Negotiated Sales - PM (PDF) (LM_XB403),2026-09-26T14:44:07+00:00
c750e1262eb68cfa,2017-07-20,Beef,"Rib, ribeye, lip-on, bn-in (109E  1)",Choice Cuts,,,,Choice,,,,,584.0,630.0,,,602.82,$/cwt,6.0282,per lb,National,wholesale,,,,,,114598.0,lb,,2453,National Daily Boxed Beef Cutout & Boxed Beef Cuts - Negotiated Sales - PM (PDF) (LM_XB403),2026-09-26T14:44:07+00:00
e3d92e6ac33cb17d,2017-07-20,Beef,"Rib, ribeye, lip-on, bn-in (109E  1)",Select Cuts,,,,Select,,,,,507.81,576.19,,,514.94,$/cwt,5.1494,per lb,National,wholesale,,,,,,75064.0,lb,,2453,National Daily Boxed Beef Cutout & Boxed Beef Cuts - Negotiated Sales - PM (PDF) (LM_XB403),2026-09-26T14:44:07+00:00
e2fc9f48b44dc406,2017-07-20,Beef,"Round, bottom gooseneck (170  1)",Choice Cuts,,,,Choice,,,,,194.44,221.75,,,209.54,$/cwt,2.0954,per lb,National,wholesale,,,,,,7682.0,lb,,2453,National Daily Boxed Beef Cutout & Boxed Beef Cuts - Negotiated Sales - PM (PDF) (LM_XB403),2026-09-26T14:44:07+00:00
e94ef645b324ed41,2017-07-20,Beef,"Round, bottom gooseneck (170  1)",Select Cuts,,,,Select,,,,,193.73,211.48,,,195.07,$/cwt,1.9507,per lb,National,wholesale,,,,,,71053.0,lb,,2453,National Daily Boxed Beef Cutout & Boxed Beef Cuts - Negotiated Sales - PM (PDF) (LM_XB403),2026-09-26T14:44:07+00:00
85ddcea1f55070ab,2017-07-20,Beef,"Round, eye of round (171C  3)",Choice Cuts,,,,Choice,,,,,217.47,237.1,,,225.92,$/cwt,2.2592,per lb,National,wholesale,,,,,,123593.0,lb,,2453,National Daily Boxed Beef Cutout & Boxed Beef Cuts - Negotiated Sales - PM (PDF) (LM_XB403),2026-09-26T14:44:07+00:00
9e32b454aa619a95,2017-07-20,Beef,"Round, eye of round (171C  3)",Select Cuts,,,,Select,,,,,225.0,235.0,,,227.72,$/cwt,2.2772,per lb,National,wholesale,,,,,,10604.0,lb,,2453,National Daily Boxed Beef Cutout & Boxed Beef Cuts - Negotiated Sales - PM (PDF) (LM_XB403),2026-09-26T14:44:07+00:00
b808db21b0adf563,2017-07-20,Beef,"Round, knuckle, peeled (167A  4)",Choice Cuts,,,,Choice,,,,,225.0,245.0,,,234.09,$/cwt,2.3409,per lb,National,wholesale,,,,,,121877.0,lb,,2453,National Daily Boxed Beef Cutout & Boxed Beef Cuts - Negotiated Sales - PM (PDF) (LM_XB403),2026-09-26T14:44:07+00:00
b1917b2cf8dc6447,2017-07-20,Beef,"Round, knuckle, peeled (167A  4)",Select Cuts,,,,Select,,,,,229.81,256.25,,,231.82,$/cwt,2.3182,per lb,National,wholesale,,,,,,115849.0,lb,,2453,National Daily Boxed Beef Cutout & Boxed Beef Cuts - Negotiated Sales - PM (PDF) (LM_XB403),2026-09-26T14:44:07+00:00
c2a0e9094abd7dd9,2017-07-20,Beef,"Round, outside round (171B  3)",Choice Cuts,,,,Choice,,,,,209.0,224.0,,,212.19,$/cwt,2.1219,per lb,National,wholesale,,,,,,197598.0,lb,,2453,National Daily Boxed Beef Cutout & Boxed Beef Cuts - Negotiated Sales - PM (PDF) (LM_XB403),2026-09-26T14:44:07+00:00
f2d59421391ae4ff,2017-07-20,Beef,"Round, outside round (171B  3)",Select Cuts,,,,Select,,,,,203.29,220.0,,,212.18,$/cwt,2.1218,per lb,National,wholesale,,,,,,40121.0,lb,,2453,National Daily Boxed Beef Cutout & Boxed Beef Cuts - Negotiated Sales - PM (PDF) (LM_XB403),2026-09-26T14:44:07+00:00
7969007bf110985d,2017-07-20,Beef,"Round, top inside round (168  1)",Choice Cuts,,,,Choice,,,,,220.0,243.0,,,222.8,$/cwt,2.228,per lb,National,wholesale,,,,,,81275.0,lb,,2453,National Daily Boxed Beef Cutout & Boxed Beef Cuts - Negotiated Sales - PM (PDF) (LM_XB403),2026-09-26T14:44:07+00:00
85215365e002eb6c,2017-07-20,Beef,"Round, top inside round (168  1)",Select Cuts,,,,Select,,,,,220.2,230.0,,,220.52,$/cwt,2.2052,per lb,National,wholesale,,,,,,25712.0,lb,,2453,National Daily Boxed Beef Cutout & Boxed Beef Cuts - Negotiated Sales - PM (PDF) (LM_XB403),2026-09-26T14:44:07+00:00
ce8a50d8ecb26582,2017-07-20,Beef,"Round, top inside round (168  3)",Choice Cuts,,,,Choice,,,,,223.0,244.7,,,229.61,$/cwt,2.2961,per lb,National,wholesale,,,,,,453585.0,lb,,2453,National Daily Boxed Beef Cutout & Boxed Beef Cuts - Negotiated Sales - PM (PDF) (LM_XB403),2026-09-26T14:44:07+00:00
6d5decbf5d0db4a9,2017-07-20,Beef,"Round, top inside round (168  3)",Select Cuts,,,,Select,,,,,223.0,241.49,,,227.05,$/cwt,2.2705,per lb,National,wholesale,,,,,,206728.0,lb,,2453,National Daily Boxed Beef Cutout & Boxed Beef Cuts - Negotiated Sales - PM (PDF) (LM_XB403),2026-09-26T14:44:07+00:00
e995b68d2badd6c2,2017-07-20,Beef,"Round, top inside, cap off (169A  5)",Choice Cuts,,,,Choice,,,,,305.5,318.5,,,312.17,$/cwt,3.1217,per lb,National,wholesale,,,,,,4838.0,lb,,2453,National Daily Boxed Beef Cutout & Boxed Beef Cuts - Negotiated Sales - PM (PDF) (LM_XB403),2026-09-26T14:44:07+00:00
32b4c92664b587b4,2017-07-20,Beef,"Round, top inside, denuded (169  5)",Choice Cuts,,,,Choice,,,,,263.58,294.0,,,266.03,$/cwt,2.6603,per lb,National,wholesale,,,,,,50258.0,lb,,2453,National Daily Boxed Beef Cutout & Boxed Beef Cuts - Negotiated Sales - PM (PDF) (LM_XB403),2026-09-26T14:44:07+00:00
615123e64a82eb83,2017-07-20,Beef,"Round, top inside, denuded (169  5)",Select Cuts,,,,Select,,,,,270.0,286.75,,,275.81,$/cwt,2.7581,per lb,National,wholesale,,,,,,1740.0,lb,,2453,National Daily Boxed Beef Cutout & Boxed Beef Cuts - Negotiated Sales - PM (PDF) (LM_XB403),2026-09-26T14:44:07+00:00
a943f9937a69b7fc,2017-07-20,Beef,"Short Plate, short rib (123A  3)",Choice Cuts,,,,Choice,,,,,406.41,583.5,,,443.37,$/cwt,4.4337,per lb,National,wholesale,,,,,,76717.0,lb,,2453,National Daily Boxed Beef Cutout & Boxed Beef Cuts - Negotiated Sales - PM (PDF) (LM_XB403),2026-09-26T14:44:07+00:00
c2bd94b2129a1a54,2017-07-21,Beef,"Brisket, deckle-off, bnls (120  1)",Choice Cuts,,,,Choice,,,,,200.46,236.5,,,210.15,$/cwt,2.1015,per lb,National,wholesale,,,,,,117756.0,lb,,2453,National Daily Boxed Beef Cutout & Boxed Beef Cuts - Negotiated Sales - PM (PDF) (LM_XB403),2026-09-26T14:44:07+00:00
d21fcf917c749f1e,2017-07-21,Beef,"Brisket, deckle-off, bnls (120  1)",Select Cuts,,,,Select,,,,,194.0,215.0,,,201.44,$/cwt,2.0144,per lb,National,wholesale,,,,,,279275.0,lb,,2453,National Daily Boxed Beef Cutout & Boxed Beef Cuts - Negotiated Sales - PM (PDF) (LM_XB403),2026-09-26T14:44:07+00:00
5a0268c87d724ee0,2017-07-21,Beef,"Brisket, point/off, bnls (120A  3)",Choice Cuts,,,,Choice,,,,,365.0,385.0,,,372.34,$/cwt,3.7234,per lb,National,wholesale,,,,,,5651.0,lb,,2453,National Daily Boxed Beef Cutout & Boxed Beef Cuts - Negotiated Sales - PM (PDF) (LM_XB403),2026-09-26T14:44:07+00:00
2502c2a17ef9b5fd,2017-07-21,Beef,"Chuck, chuck tender (116B  1)",Choice Cuts,,,,Choice,,,,,227.0,247.0,,,231.84,$/cwt,2.3184,per lb,National,wholesale,,,,,,26654.0,lb,,2453,National Daily Boxed Beef Cutout & Boxed Beef Cuts - Negotiated Sales - PM (PDF) (LM_XB403),2026-09-26T14:44:07+00:00
d7b9b5c55114a92d,2017-07-21,Beef,"Chuck, chuck tender (116B  1)",Select Cuts,,,,Select,,,,,225.0,247.0,,,233.18,$/cwt,2.3318,per lb,National,wholesale,,,,,,12033.0,lb,,2453,National Daily Boxed Beef Cutout & Boxed Beef Cuts - Negotiated Sales - PM (PDF) (LM_XB403),2026-09-26T14:44:07+00:00
ffce6b97d931ce5b,2017-07-21,Beef,"Chuck, clod tender (114F  5)",Choice Cuts,,,,Choice,,,,,324.65,360.0,,,331.78,$/cwt,3.3178,per lb,National,wholesale,,,,,,21786.0,lb,,2453,National Daily Boxed Beef Cutout & Boxed Beef Cuts - Negotiated Sales - PM (PDF) (LM_XB403),2026-09-26T14:44:07+00:00
509ce49f2f85f145,2017-07-21,Beef,"Chuck, clod, arm roast (114E  3)",Choice Cuts,,,,Choice,,,,,250.0,266.6,,,251.14,$/cwt,2.5114,per lb,National,wholesale,,,,,,12057.0,lb,,2453,National Daily Boxed Beef Cutout & Boxed Beef Cuts - Negotiated Sales - PM (PDF) (LM_XB403),2026-09-26T14:44:07+00:00
6bd6ec21bb798274,2017-07-21,Beef,"Chuck, clod, top blade (114D  3)",Choice Cuts,,,,Choice,,,,,294.0,330.0,,,299.68,$/cwt,2.9968,per lb,National,wholesale,,,,,,20233.0,lb,,2453,National Daily Boxed Beef Cutout & Boxed Beef Cuts - Negotiated Sales - PM (PDF) (LM_XB403),2026-09-26T14:44:07+00:00
a59a23f951deb935,2017-07-21,Beef,"Chuck, flap (116G  4)",Choice Cuts,,,,Choice,,,,,522.74,562.0,,,547.81,$/cwt,5.4781,per lb,National,wholesale,,,,,,5104.0,lb,,2453,National Daily Boxed Beef Cutout & Boxed Beef Cuts - Negotiated Sales - PM (PDF) (LM_XB403),2026-09-26T14:44:07+00:00
0c7311fb9194f5b4,2017-07-21,Beef,"Chuck, flap (116G  4)",Select Cuts,,,,Select,,,,,464.74,479.0,,,472.79,$/cwt,4.7279,per lb,National,wholesale,,,,,,2864.0,lb,,2453,National Daily Boxed Beef Cutout & Boxed Beef Cuts - Negotiated Sales - PM (PDF) (LM_XB403),2026-09-26T14:44:07+00:00
16179626d92c6860,2017-07-21,Beef,"Chuck, roll, lxl, neck/off (116A  3)",Choice Cuts,,,,Choice,,,,,233.0,270.6,,,248.91,$/cwt,2.4891,per lb,National,wholesale,,,,,,188062.0,lb,,2453,National Daily Boxed Beef Cutout & Boxed Beef Cuts - Negotiated Sales - PM (PDF) (LM_XB403),2026-09-26T14:44:07+00:00
8143c885f9c6ca2c,2017-07-21,Beef,"Chuck, roll, lxl, neck/off (116A  3)",Select Cuts,,,,Select,,,,,233.0,250.81,,,241.83,$/cwt,2.4183,per lb,National,wholesale,,,,,,37313.0,lb,,2453,National Daily Boxed Beef Cutout & Boxed Beef Cuts - Negotiated Sales - PM (PDF) (LM_XB403),2026-09-26T14:44:07+00:00
0916c54793ceb1ec,2017-07-21,Beef,"Chuck, roll, retail ready (916A  3)",Choice Cuts,,,,Choice,,,,,253.1,253.59,,,253.31,$/cwt,2.5331,per lb,National,wholesale,,,,,,109252.0,lb,,2453,National Daily Boxed Beef Cutout & Boxed Beef Cuts - Negotiated Sales - PM (PDF) (LM_XB403),2026-09-26T14:44:07+00:00
6314aeba1f30b55a,2017-07-21,Beef,"Chuck, semi-bnls, neck/off (113C  1)",Choice Cuts,,,,Choice,,,,,201.25,214.5,,,208.17,$/cwt,2.0817,per lb,National,wholesale,,,,,,27345.0,lb,,2453,National Daily Boxed Beef Cutout & Boxed Beef Cuts - Negotiated Sales - PM (PDF) (LM_XB403),2026-09-26T14:44:07+00:00
9c1651971d0574ba,2017-07-21,Beef,"Chuck, semi-bnls, neck/off (113C  1)",Select Cuts,,,,Select,,,,,201.25,214.5,,,205.23,$/cwt,2.0523,per lb,National,wholesale,,,,,,31517.0,lb,,2453,National Daily Boxed Beef Cutout & Boxed Beef Cuts - Negotiated Sales - PM (PDF) (LM_XB403),2026-09-26T14:44:07+00:00
0f3c70bc5ab3e882,2017-07-21,Beef,"Chuck, short rib (130  4)",Choice Cuts,,,,Choice,,,,,350.0,385.0,,,366.44,$/cwt,3.6644,per lb,National,wholesale,,,,,,70615.0,lb,,2453,National Daily Boxed Beef Cutout & Boxed Beef Cuts - Negotiated Sales - PM (PDF) (LM_XB403),2026-09-26T14:44:07+00:00
bd994f26a6dbfcd2,2017-07-21,Beef,"Chuck, short rib (130  4)",Select Cuts,,,,Select,,,,,339.84,385.0,,,370.19,$/cwt,3.7019,per lb,National,wholesale,,,,,,6124.0,lb,,2453,National Daily Boxed Beef Cutout & Boxed Beef Cuts - Negotiated Sales - PM (PDF) (LM_XB403),2026-09-26T14:44:07+00:00
e0f8f5219ded9ac7,2017-07-21,Beef,"Chuck, shoulder clod (114  1)",Choice Cuts,,,,Choice,,,,,192.36,221.5,,,193.9,$/cwt,1.939,per lb,National,wholesale,,,,,,130791.0,lb,,2453,National Daily Boxed Beef Cutout & Boxed Beef Cuts - Negotiated Sales - PM (PDF) (LM_XB403),2026-09-26T14:44:07+00:00
e57a8cb9ccd06159,2017-07-21,Beef,"Chuck, shoulder clod (114  1)",Select Cuts,,,,Select,,,,,192.0,221.5,,,196.38,$/cwt,1.9638,per lb,National,wholesale,,,,,,56631.0,lb,,2453,National Daily Boxed Beef Cutout & Boxed Beef Cuts - Negotiated Sales - PM (PDF) (LM_XB403),2026-09-26T14:44:07+00:00
6d3158b1f4f756bf,2017-07-21,Beef,"Chuck, shoulder clod, trmd (114A  3)",Choice Cuts,,,,Choice,,,,,200.0,225.25,,,211.14,$/cwt,2.1114,per lb,National,wholesale,,,,,,300284.0,lb,,2453,National Daily Boxed Beef Cutout & Boxed Beef Cuts - Negotiated Sales - PM (PDF) (LM_XB403),2026-09-26T14:44:07+00:00
16347dfa1a8e7660,2017-07-21,Beef,Cutout 600-900 lb,,,,,Choice,,,,,,,,,206.91,$/cwt,2.0691,per lb,National,wholesale,,,,,,,,,2453,National Daily Boxed Beef Cutout & Boxed Beef Cuts - Negotiated Sales - PM (PDF) (LM_XB403),2026-09-26T14:44:07+00:00
db506742bb14fa15,2017-07-21,Beef,Cutout 600-900 lb,,,,,Select,,,,,,,,,194.8,$/cwt,1.948,per lb,National,wholesale,,,,,,,,,2453,National Daily Boxed Beef Cutout & Boxed Beef Cuts - Negotiated Sales - PM (PDF) (LM_XB403),2026-09-26T14:44:07+00:00
18f3f40242c89b0d,2017-07-21,Beef,"Flank, flank steak (193  4)",Choice Cuts,,,,Choice,,,,,463.37,530.0,,,479.01,$/cwt,4.7901,per lb,National,wholesale,,,,,,23563.0,lb,,2453,National Daily Boxed Beef Cutout & Boxed Beef Cuts - Negotiated Sales - PM (PDF) (LM_XB403),2026-09-26T14:44:07+00:00
10be294c95ff05e1,2017-07-21,Beef,"Flank, flank steak (193  4)",Select Cuts,,,,Select,,,,,400.0,440.0,,,403.29,$/cwt,4.0329,per lb,National,wholesale,,,,,,2733.0,lb,,2453,National Daily Boxed Beef Cutout & Boxed Beef Cuts - Negotiated Sales - PM (PDF) (LM_XB403),2026-09-26T14:44:07+00:00
82788283ceeca03d,2017-07-21,Beef,Ground Beef 73%,Ground Beef,,,,,,,,,163.0,175.23,,,165.59,$/cwt,1.6559,per lb,National,wholesale,,,,,,64494.0,lb,,2453,National Daily Boxed Beef Cutout & Boxed Beef Cuts - Negotiated Sales - PM (PDF) (LM_XB403),2026-09-26T14:44:07+00:00
b474d45b4e44e27e,2017-07-21,Beef,Ground Beef 81%,Ground Beef,,,,,,,,,185.0,207.82,,,188.79,$/cwt,1.8879,per lb,National,wholesale,,,,,,60018.0,lb,,2453,National Daily Boxed Beef Cutout & Boxed Beef Cuts - Negotiated Sales - PM (PDF) (LM_XB403),2026-09-26T14:44:07+00:00
8b36aad6ac833882,2017-07-21,Beef,Ground Beef 93%,Ground Beef,,,,,,,,,297.2,325.81,,,298.92,$/cwt,2.9892,per lb,National,wholesale,,,,,,17065.0,lb,,2453,National Daily Boxed Beef Cutout & Boxed Beef Cuts - Negotiated Sales - PM (PDF) (LM_XB403),2026-09-26T14:44:07+00:00
019670f3fa37fcb0,2017-07-21,Beef,Ground Beef Chuck,Ground Beef,,,,,,,,,181.0,212.0,,,193.85,$/cwt,1.9385,per lb,National,wholesale,,,,,,205215.0,lb,,2453,National Daily Boxed Beef Cutout & Boxed Beef Cuts - Negotiated Sales - PM (PDF) (LM_XB403),2026-09-26T14:44:07+00:00
04e22412ea892427,2017-07-21,Beef,Ground Beef Round,Ground Beef,,,,,,,,,251.0,267.0,,,256.75,$/cwt,2.5675,per lb,National,wholesale,,,,,,5734.0,lb,,2453,National Daily Boxed Beef Cutout & Boxed Beef Cuts - Negotiated Sales - PM (PDF) (LM_XB403),2026-09-26T14:44:07+00:00
4ae4f213c3935e62,2017-07-21,Beef,"Loin, ball-tip, bnls, heavy (185B  1)",Choice Cuts,,,,Choice,,,,,252.43,290.0,,,273.79,$/cwt,2.7379,per lb,National,wholesale,,,,,,82534.0,lb,,2453,National Daily Boxed Beef Cutout & Boxed Beef Cuts - Negotiated Sales - PM (PDF) (LM_XB403),2026-09-26T14:44:07+00:00
4225f9d4755c43d9,2017-07-21,Beef,"Loin, ball-tip, bnls, heavy (185B  1)",Select Cuts,,,,Select,,,,,240.26,260.0,,,251.54,$/cwt,2.5154,per lb,National,wholesale,,,,,,4675.0,lb,,2453,National Daily Boxed Beef Cutout & Boxed Beef Cuts - Negotiated Sales - PM (PDF) (LM_XB403),2026-09-26T14:44:07+00:00
dae57ac7a27a1518,2017-07-21,Beef,"Loin, bottom sirloin, flap (185A  4)",Choice Cuts,,,,Choice,,,,,398.86,466.0,,,410.0,$/cwt,4.1,per lb,National,wholesale,,,,,,622004.0,lb,,2453,National Daily Boxed Beef Cutout & Boxed Beef Cuts - Negotiated Sales - PM (PDF) (LM_XB403),2026-09-26T14:44:07+00:00
310d2abfe922bb22,2017-07-21,Beef,"Loin, bottom sirloin, flap (185A  4)",Select Cuts,,,,Select,,,,,385.0,435.0,,,398.15,$/cwt,3.9815,per lb,National,wholesale,,,,,,102700.0,lb,,2453,National Daily Boxed Beef Cutout & Boxed Beef Cuts - Negotiated Sales - PM (PDF) (LM_XB403),2026-09-26T14:44:07+00:00
63fe3270986e59f5,2017-07-21,Beef,"Loin, short loin, 0x1 (174  3)",Choice Cuts,,,,Choice,,,,,490.23,550.45,,,506.61,$/cwt,5.0661,per lb,National,wholesale,,,,,,97807.0,lb,,2453,National Daily Boxed Beef Cutout & Boxed Beef Cuts - Negotiated Sales - PM (PDF) (LM_XB403),2026-09-26T14:44:07+00:00
8ab1bc68182bd260,2017-07-21,Beef,"Loin, short loin, 0x1 (174  3)",Select Cuts,,,,Select,,,,,398.0,473.0,,,425.77,$/cwt,4.2577,per lb,National,wholesale,,,,,,19865.0,lb,,2453,National Daily Boxed Beef Cutout & Boxed Beef Cuts - Negotiated Sales - PM (PDF) (LM_XB403),2026-09-26T14:44:07+00:00
99ae0f85679115b9,2017-07-21,Beef,"Loin, sirloin, tri-tip (185C  1)",Choice Cuts,,,,Choice,,,,,291.44,455.95,,,304.08,$/cwt,3.0408,per lb,National,wholesale,,,,,,167383.0,lb,,2453,National Daily Boxed Beef Cutout & Boxed Beef Cuts - Negotiated Sales - PM (PDF) (LM_XB403),2026-09-26T14:44:07+00:00
fa50fbb69aeef3f7,2017-07-21,Beef,"Loin, sirloin, tri-tip (185C  1)",Select Cuts,,,,Select,,,,,319.75,356.0,,,334.54,$/cwt,3.3454,per lb,National,wholesale,,,,,,2796.0,lb,,2453,National Daily Boxed Beef Cutout & Boxed Beef Cuts - Negotiated Sales - PM (PDF) (LM_XB403),2026-09-26T14:44:07+00:00
c97e8d1268ec3cee,2017-07-21,Beef,"Loin, sirloin, tri-tip, pld (185D  4)",Choice Cuts,,,,Choice,,,,,425.0,562.25,,,452.39,$/cwt,4.5239,per lb,National,wholesale,,,,,,16429.0,lb,,2453,National Daily Boxed Beef Cutout & Boxed Beef Cuts - Negotiated Sales - PM (PDF) (LM_XB403),2026-09-26T14:44:07+00:00
85e11184d4f05d7b,2017-07-21,Beef,"Loin, strip loin, 1x1 (175  3)",Choice Cuts,,,,Choice,,,,,463.01,479.54,,,465.1,$/cwt,4.651,per lb,National,wholesale,,,,,,21956.0,lb,,2453,National Daily Boxed Beef Cutout & Boxed Beef Cuts - Negotiated Sales - PM (PDF) (LM_XB403),2026-09-26T14:44:07+00:00
7eeb0ee402601db9,2017-07-21,Beef,"Loin, strip, bnls, 0x1 (180  3)",Choice Cuts,,,,Choice,,,,,565.0,625.0,,,577.91,$/cwt,5.7791,per lb,National,wholesale,,,,,,30192.0,lb,,2453,National Daily Boxed Beef Cutout & Boxed Beef Cuts - Negotiated Sales - PM (PDF) (LM_XB403),2026-09-26T14:44:07+00:00
3e0a7d748dcaee52,2017-07-21,Beef,"Loin, strip, bnls, 0x1 (180  3)",Select Cuts,,,,Select,,,,,420.0,494.52,,,438.32,$/cwt,4.3832,per lb,National,wholesale,,,,,,22414.0,lb,,2453,National Daily Boxed Beef Cutout & Boxed Beef Cuts - Negotiated Sales - PM (PDF) (LM_XB403),2026-09-26T14:44:07+00:00
60b26fdb3aa0be51,2017-07-21,Beef,"Loin, tndrloin, trmd, heavy (189A  4)",Choice Cuts,,,,Choice,,,,,923.32,1066.0,,,952.03,$/cwt,9.5203,per lb,National,wholesale,,,,,,62279.0,lb,,2453,National Daily Boxed Beef Cutout & Boxed Beef Cuts - Negotiated Sales - PM (PDF) (LM_XB403),2026-09-26T14:44:07+00:00
ecc714fd6e5ea65e,2017-07-21,Beef,"Loin, tndrloin, trmd, heavy (189A  4)",Select Cuts,,,,Select,,,,,921.25,942.25,,,926.37,$/cwt,9.2637,per lb,National,wholesale,,,,,,10173.0,lb,,2453,National Daily Boxed Beef Cutout & Boxed Beef Cuts - Negotiated Sales - PM (PDF) (LM_XB403),2026-09-26T14:44:07+00:00
9600ffa93ffc5bdb,2017-07-21,Beef,"Loin, top butt, CC (184B  3)",Choice Cuts,,,,Choice,,,,,450.0,503.33,,,483.78,$/cwt,4.8378,per lb,National,wholesale,,,,,,2087.0,lb,,2453,National Daily Boxed Beef Cutout & Boxed Beef Cuts - Negotiated Sales - PM (PDF) (LM_XB403),2026-09-26T14:44:07+00:00
0fa9248bacf3f08f,2017-07-21,Beef,"Loin, top butt, bnls, heavy (184  1)",Choice Cuts,,,,Choice,,,,,365.0,370.84,,,367.1,$/cwt,3.671,per lb,National,wholesale,,,,,,9440.0,lb,,2453,National Daily Boxed Beef Cutout & Boxed Beef Cuts - Negotiated Sales - PM (PDF) (LM_XB403),2026-09-26T14:44:07+00:00
89254c09b2e25e4d,2017-07-21,Beef,"Loin, top butt, bnls, heavy (184  1)",Select Cuts,,,,Select,,,,,288.0,288.0,,,288.0,$/cwt,2.88,per lb,National,wholesale,,,,,,14483.0,lb,,2453,National Daily Boxed Beef Cutout & Boxed Beef Cuts - Negotiated Sales - PM (PDF) (LM_XB403),2026-09-26T14:44:07+00:00
fdb71e26c9c25b3e,2017-07-21,Beef,"Loin, top butt, boneless (184  3)",Choice Cuts,,,,Choice,,,,,363.0,408.5,,,374.6,$/cwt,3.746,per lb,National,wholesale,,,,,,85528.0,lb,,2453,National Daily Boxed Beef Cutout & Boxed Beef Cuts - Negotiated Sales - PM (PDF) (LM_XB403),2026-09-26T14:44:07+00:00
1c1c867e1b3a164b,2017-07-21,Beef,"Loin, top butt, boneless (184  3)",Select Cuts,,,,Select,,,,,290.82,326.5,,,310.77,$/cwt,3.1077,per lb,National,wholesale,,,,,,17054.0,lb,,2453,National Daily Boxed Beef Cutout & Boxed Beef Cuts - Negotiated Sales - PM (PDF) (LM_XB403),2026-09-26T14:44:07+00:00
6091d9ce67a57869,2017-07-21,Beef,"Rib, ribeye, bnls, heavy (112A  3)",Choice Cuts,,,,Choice,,,,,675.67,723.5,,,683.88,$/cwt,6.8388,per lb,National,wholesale,,,,,,62320.0,lb,,2453,National Daily Boxed Beef Cutout & Boxed Beef Cuts - Negotiated Sales - PM (PDF) (LM_XB403),2026-09-26T14:44:07+00:00
25427c8509c34e40,2017-07-21,Beef,"Rib, ribeye, bnls, heavy (112A  3)",Select Cuts,,,,Select,,,,,590.0,701.5,,,634.64,$/cwt,6.3464,per lb,National,wholesale,,,,,,38632.0,lb,,2453,National Daily Boxed Beef Cutout & Boxed Beef Cuts - Negotiated Sales - PM (PDF) (LM_XB403),2026-09-26T14:44:07+00:00
91d68361e04a1baf,2017-07-21,Beef,"Rib, ribeye, bnls, light (112A  3)",Choice Cuts,,,,Choice,,,,,686.0,741.72,,,709.69,$/cwt,7.0969,per lb,National,wholesale,,,,,,19043.0,lb,,2453,National Daily Boxed Beef Cutout & Boxed Beef Cuts - Negotiated Sales - PM (PDF) (LM_XB403),2026-09-26T14:44:07+00:00
2642e890610a0b97,2017-07-21,Beef,"Rib, ribeye, bnls, light (112A  3)",Select Cuts,,,,Select,,,,,595.5,632.18,,,605.33,$/cwt,6.0533,per lb,National,wholesale,,,,,,8628.0,lb,,2453,National Daily Boxed Beef Cutout & Boxed Beef Cuts - Negotiated Sales - PM (PDF) (LM_XB403),2026-09-26T14:44:07+00:00
29cd4955afece6e4,2017-07-21,Beef,"Rib, ribeye, lip-on, bn-in (109E  1)",Choice Cuts,,,,Choice,,,,,590.0,621.5,,,600.94,$/cwt,6.0094,per lb,National,wholesale,,,,,,143703.0,lb,,2453,National Daily Boxed Beef Cutout & Boxed Beef Cuts - Negotiated Sales - PM (PDF) (LM_XB403),2026-09-26T14:44:07+00:00
16bdd7fe17bc455a,2017-07-21,Beef,"Rib, ribeye, lip-on, bn-in (109E  1)",Select Cuts,,,,Select,,,,,510.0,595.26,,,533.97,$/cwt,5.3397,per lb,National,wholesale,,,,,,6101.0,lb,,2453,National Daily Boxed Beef Cutout & Boxed Beef Cuts - Negotiated Sales - PM (PDF) (LM_XB403),2026-09-26T14:44:07+00:00
ba9b321beb1fbd5e,2017-07-21,Beef,"Round, bottom gooseneck (170  1)",Select Cuts,,,,Select,,,,,192.25,196.0,,,193.9,$/cwt,1.939,per lb,National,wholesale,,,,,,5613.0,lb,,2453,National Daily Boxed Beef Cutout & Boxed Beef Cuts - Negotiated Sales - PM (PDF) (LM_XB403),2026-09-26T14:44:07+00:00
c21f92a8830608be,2017-07-21,Beef,"Round, eye of round (171C  3)",Choice Cuts,,,,Choice,,,,,225.0,246.5,,,231.03,$/cwt,2.3103,per lb,National,wholesale,,,,,,48359.0,lb,,2453,National Daily Boxed Beef Cutout & Boxed Beef Cuts - Negotiated Sales - PM (PDF) (LM_XB403),2026-09-26T14:44:07+00:00
bccafa4d6fda48d3,2017-07-21,Beef,"Round, eye of round (171C  3)",Select Cuts,,,,Select,,,,,222.99,235.84,,,225.81,$/cwt,2.2581,per lb,National,wholesale,,,,,,10152.0,lb,,2453,National Daily Boxed Beef Cutout & Boxed Beef Cuts - Negotiated Sales - PM (PDF) (LM_XB403),2026-09-26T14:44:07+00:00
73756532f9f4ebde,2017-07-21,Beef,"Round, knuckle, peeled (167A  4)",Choice Cuts,,,,Choice,,,,,229.0,269.25,,,234.35,$/cwt,2.3435,per lb,National,wholesale,,,,,,62381.0,lb,,2453,National Daily Boxed Beef Cutout & Boxed Beef Cuts - Negotiated Sales - PM (PDF) (LM_XB403),2026-09-26T14:44:07+00:00
e76739310b8b9641,2017-07-21,Beef,"Round, knuckle, peeled (167A  4)",Select Cuts,,,,Select,,,,,230.0,241.84,,,233.46,$/cwt,2.3346,per lb,National,wholesale,,,,,,19670.0,lb,,2453,National Daily Boxed Beef Cutout & Boxed Beef Cuts - Negotiated Sales - PM (PDF) (LM_XB403),2026-09-26T14:44:07+00:00
8eeeadf4cfbd91f3,2017-07-21,Beef,"Round, outside round (171B  3)",Choice Cuts,,,,Choice,,,,,205.0,244.6,,,221.76,$/cwt,2.2176,per lb,National,wholesale,,,,,,132082.0,lb,,2453,National Daily Boxed Beef Cutout & Boxed Beef Cuts - Negotiated Sales - PM (PDF) (LM_XB403),2026-09-26T14:44:07+00:00
1a6f8a3a4df639a3,2017-07-21,Beef,"Round, outside round (171B  3)",Select Cuts,,,,Select,,,,,211.0,226.75,,,214.2,$/cwt,2.142,per lb,National,wholesale,,,,,,78319.0,lb,,2453,National Daily Boxed Beef Cutout & Boxed Beef Cuts - Negotiated Sales - PM (PDF) (LM_XB403),2026-09-26T14:44:07+00:00
908aa9a3814373cc,2017-07-21,Beef,"Round, top inside round (168  1)",Select Cuts,,,,Select,,,,,224.25,239.73,,,228.13,$/cwt,2.2813,per lb,National,wholesale,,,,,,14511.0,lb,,2453,National Daily Boxed Beef Cutout & Boxed Beef Cuts - Negotiated Sales - PM (PDF) (LM_XB403),2026-09-26T14:44:07+00:00
43fb4a19ee691132,2017-07-21,Beef,"Round, top inside round (168  3)",Choice Cuts,,,,Choice,,,,,227.45,249.25,,,232.75,$/cwt,2.3275,per lb,National,wholesale,,,,,,167977.0,lb,,2453,National Daily Boxed Beef Cutout & Boxed Beef Cuts - Negotiated Sales - PM (PDF) (LM_XB403),2026-09-26T14:44:07+00:00
def1b622ef623fbf,2017-07-21,Beef,"Round, top inside round (168  3)",Select Cuts,,,,Select,,,,,221.0,236.25,,,234.16,$/cwt,2.3416,per lb,National,wholesale,,,,,,230711.0,lb,,2453,National Daily Boxed Beef Cutout & Boxed Beef Cuts - Negotiated Sales - PM (PDF) (LM_XB403),2026-09-26T14:44:07+00:00
f4c08d4e6d1a6fff,2017-07-21,Beef,"Round, top inside, cap off (169A  5)",Choice Cuts,,,,Choice,,,,,313.0,336.0,,,319.77,$/cwt,3.1977,per lb,National,wholesale,,,,,,4574.0,lb,,2453,National Daily Boxed Beef Cutout & Boxed Beef Cuts - Negotiated Sales - PM (PDF) (LM_XB403),2026-09-26T14:44:07+00:00
6f3f413b22c920e0,2017-07-21,Beef,"Round, top inside, denuded (169  5)",Choice Cuts,,,,Choice,,,,,268.6,287.25,,,272.69,$/cwt,2.7269,per lb,National,wholesale,,,,,,41208.0,lb,,2453,National Daily Boxed Beef Cutout & Boxed Beef Cuts - Negotiated Sales - PM (PDF) (LM_XB403),2026-09-26T14:44:07+00:00
f39fec18ee6e7982,2017-07-21,Beef,"Round, top inside, denuded (169  5)",Select Cuts,,,,Select,,,,,250.0,287.84,,,253.49,$/cwt,2.5349,per lb,National,wholesale,,,,,,34221.0,lb,,2453,National Daily Boxed Beef Cutout & Boxed Beef Cuts - Negotiated Sales - PM (PDF) (LM_XB403),2026-09-26T14:44:07+00:00
9bf38ab4f1829499,2017-07-21,Beef,"Short Plate, short rib (123A  3)",Choice Cuts,,,,Choice,,,,,500.0,572.25,,,536.92,$/cwt,5.3692,per lb,National,wholesale,,,,,,13947.0,lb,,2453,National Daily Boxed Beef Cutout & Boxed Beef Cuts - Negotiated Sales - PM (PDF) (LM_XB403),2026-09-26T14:44:07+00:00
5bdb89c09d4b4522,2017-07-24,Beef,"Brisket, deckle-off, bnls (120  1)",Choice Cuts,,,,Choice,,,,,200.86,243.25,,,204.72,$/cwt,2.0472,per lb,National,wholesale,,,,,,266125.0,lb,,2453,National Daily Boxed Beef Cutout & Boxed Beef Cuts - Negotiated Sales - PM (PDF) (LM_XB403),2026-09-26T14:44:07+00:00
64f8393878a50958,2017-07-24,Beef,"Brisket, deckle-off, bnls (120  1)",Select Cuts,,,,Select,,,,,203.1,215.0,,,211.45,$/cwt,2.1145,per lb,National,wholesale,,,,,,18980.0,lb,,2453,National Daily Boxed Beef Cutout & Boxed Beef Cuts - Negotiated Sales - PM (PDF) (LM_XB403),2026-09-26T14:44:07+00:00
790c936bdc8a4013,2017-07-24,Beef,"Brisket, point/off, bnls (120A  3)",Choice Cuts,,,,Choice,,,,,365.0,371.16,,,366.91,$/cwt,3.6691,per lb,National,wholesale,,,,,,2302.0,lb,,2453,National Daily Boxed Beef Cutout & Boxed Beef Cuts - Negotiated Sales - PM (PDF) (LM_XB403),2026-09-26T14:44:07+00:00
04c01f1f83c972f4,2017-07-24,Beef,"Chuck, chuck tender (116B  1)",Choice Cuts,,,,Choice,,,,,219.66,243.25,,,233.94,$/cwt,2.3394,per lb,National,wholesale,,,,,,5800.0,lb,,2453,National Daily Boxed Beef Cutout & Boxed Beef Cuts - Negotiated Sales - PM (PDF) (LM_XB403),2026-09-26T14:44:07+00:00
0f7a04ad15544171,2017-07-24,Beef,"Chuck, chuck tender (116B  1)",Select Cuts,,,,Select,,,,,225.0,246.5,,,231.04,$/cwt,2.3104,per lb,National,wholesale,,,,,,14375.0,lb,,2453,National Daily Boxed Beef Cutout & Boxed Beef Cuts - Negotiated Sales - PM (PDF) (LM_XB403),2026-09-26T14:44:07+00:00
b71533c31e43130d,2017-07-24,Beef,"Chuck, clod tender (114F  5)",Choice Cuts,,,,Choice,,,,,330.0,357.0,,,334.8,$/cwt,3.348,per lb,National,wholesale,,,,,,2823.0,lb,,2453,National Daily Boxed Beef Cutout & Boxed Beef Cuts - Negotiated Sales - PM (PDF) (LM_XB403),2026-09-26T14:44:07+00:00
b0af167fad6fac5b,2017-07-24,Beef,"Chuck, clod tender (114F  5)",Select Cuts,,,,Select,,,,,290.08,330.0,,,315.56,$/cwt,3.1556,per lb,National,wholesale,,,,,,4878.0,lb,,2453,National Daily Boxed Beef Cutout & Boxed Beef Cuts - Negotiated Sales - PM (PDF) (LM_XB403),2026-09-26T14:44:07+00:00
4dd559f31c7b5f26,2017-07-24,Beef,"Chuck, clod, arm roast (114E  3)",Choice Cuts,,,,Choice,,,,,251.83,277.76,,,260.24,$/cwt,2.6024,per lb,National,wholesale,,,,,,8025.0,lb,,2453,National Daily Boxed Beef Cutout & Boxed Beef Cuts - Negotiated Sales - PM (PDF) (LM_XB403),2026-09-26T14:44:07+00:00
b6ef06ff67a2cd02,2017-07-24,Beef,"Chuck, clod, top blade (114D  3)",Choice Cuts,,,,Choice,,,,,294.0,341.33,,,316.18,$/cwt,3.1618,per lb,National,wholesale,,,,,,18682.0,lb,,2453,National Daily Boxed Beef Cutout & Boxed Beef Cuts - Negotiated Sales - PM (PDF) (LM_XB403),2026-09-26T14:44:07+00:00
314c9ce4367faa96,2017-07-24,Beef,"Chuck, flap (116G  4)",Choice Cuts,,,,Choice,,,,,522.74,566.25,,,540.82,$/cwt,5.4082,per lb,National,wholesale,,,,,,11252.0,lb,,2453,National Daily Boxed Beef Cutout & Boxed Beef Cuts - Negotiated Sales - PM (PDF) (LM_XB403),2026-09-26T14:44:07+00:00
6ba95102d29e4e04,2017-07-24,Beef,"Chuck, flap (116G  4)",Select Cuts,,,,Select,,,,,462.46,475.4,,,465.71,$/cwt,4.6571,per lb,National,wholesale,,,,,,13312.0,lb,,2453,National Daily Boxed Beef Cutout & Boxed Beef Cuts - Negotiated Sales - PM (PDF) (LM_XB403),2026-09-26T14:44:07+00:00
c923f461a9285163,2017-07-24,Beef,"Chuck, roll, lxl, neck/off (116A  3)",Choice Cuts,,,,Choice,,,,,244.0,270.0,,,250.18,$/cwt,2.5018,per lb,National,wholesale,,,,,,71621.0,lb,,2453,National Daily Boxed Beef Cutout & Boxed Beef Cuts - Negotiated Sales - PM (PDF) (LM_XB403),2026-09-26T14:44:07+00:00
3d77f88a6f68d93d,2017-07-24,Beef,"Chuck, roll, lxl, neck/off (116A  3)",Select Cuts,,,,Select,,,,,236.0,261.5,,,242.19,$/cwt,2.4219,per lb,National,wholesale,,,,,,196350.0,lb,,2453,National Daily Boxed Beef Cutout & Boxed Beef Cuts - Negotiated Sales - PM (PDF) (LM_XB403),2026-09-26T14:44:07+00:00
affd20e55da61e5f,2017-07-24,Beef,"Chuck, semi-bnls, neck/off (113C  1)",Choice Cuts,,,,Choice,,,,,209.0,212.0,,,209.62,$/cwt,2.0962,per lb,National,wholesale,,,,,,24518.0,lb,,2453,National Daily Boxed Beef Cutout & Boxed Beef Cuts - Negotiated Sales - PM (PDF) (LM_XB403),2026-09-26T14:44:07+00:00
8a156e40f559408b,2017-07-24,Beef,"Chuck, semi-bnls, neck/off (113C  1)",Select Cuts,,,,Select,,,,,205.89,220.5,,,208.27,$/cwt,2.0827,per lb,National,wholesale,,,,,,50429.0,lb,,2453,National Daily Boxed Beef Cutout & Boxed Beef Cuts - Negotiated Sales - PM (PDF) (LM_XB403),2026-09-26T14:44:07+00:00
3cf61db502acf57c,2017-07-24,Beef,"Chuck, short rib (130  4)",Choice Cuts,,,,Choice,,,,,354.0,387.0,,,372.31,$/cwt,3.7231,per lb,National,wholesale,,,,,,19980.0,lb,,2453,National Daily Boxed Beef Cutout & Boxed Beef Cuts - Negotiated Sales - PM (PDF) (LM_XB403),2026-09-26T14:44:07+00:00
63e13a74069472f5,2017-07-24,Beef,"Chuck, short rib (130  4)",Select Cuts,,,,Select,,,,,345.0,392.0,,,359.39,$/cwt,3.5939,per lb,National,wholesale,,,,,,19043.0,lb,,2453,National Daily Boxed Beef Cutout & Boxed Beef Cuts - Negotiated Sales - PM (PDF) (LM_XB403),2026-09-26T14:44:07+00:00
341527bc50818329,2017-07-24,Beef,"Chuck, shoulder clod (114  1)",Choice Cuts,,,,Choice,,,,,196.0,209.0,,,200.77,$/cwt,2.0077,per lb,National,wholesale,,,,,,25236.0,lb,,2453,National Daily Boxed Beef Cutout & Boxed Beef Cuts - Negotiated Sales - PM (PDF) (LM_XB403),2026-09-26T14:44:07+00:00
2a5874f7b324595a,2017-07-24,Beef,"Chuck, shoulder clod (114  1)",Select Cuts,,,,Select,,,,,197.0,216.5,,,201.85,$/cwt,2.0185,per lb,National,wholesale,,,,,,29358.0,lb,,2453,National Daily Boxed Beef Cutout & Boxed Beef Cuts - Negotiated Sales - PM (PDF) (LM_XB403),2026-09-26T14:44:07+00:00
b7febae5f5ecacda,2017-07-24,Beef,"Chuck, shoulder clod, trmd (114A  3)",Choice Cuts,,,,Choice,,,,,203.66,217.32,,,209.52,$/cwt,2.0952,per lb,National,wholesale,,,,,,105152.0,lb,,2453,National Daily Boxed Beef Cutout & Boxed Beef Cuts - Negotiated Sales - PM (PDF) (LM_XB403),2026-09-26T14:44:07+00:00
ab583bd0cd343f46,2017-07-24,Beef,"Chuck, shoulder clod, trmd (114A  3)",Select Cuts,,,,Select,,,,,203.66,219.35,,,214.85,$/cwt,2.1485,per lb,National,wholesale,,,,,,20440.0,lb,,2453,National Daily Boxed Beef Cutout & Boxed Beef Cuts - Negotiated Sales - PM (PDF) (LM_XB403),2026-09-26T14:44:07+00:00
01b32239a73089d8,2017-07-24,Beef,Cutout 600-900 lb,,,,,Select,,,,,,,,,197.89,$/cwt,1.9789,per lb,National,wholesale,,,,,,,,,2453,National Daily Boxed Beef Cutout & Boxed Beef Cuts - Negotiated Sales - PM (PDF) (LM_XB403),2026-09-26T14:44:07+00:00
faf2e9acd8f211d4,2017-07-24,Beef,Cutout 600-900 lb,,,,,Choice,,,,,,,,,207.46,$/cwt,2.0746,per lb,National,wholesale,,,,,,,,,2453,National Daily Boxed Beef Cutout & Boxed Beef Cuts - Negotiated Sales - PM (PDF) (LM_XB403),2026-09-26T14:44:07+00:00
de900802ea30c8ea,2017-07-24,Beef,"Flank, flank steak (193  4)",Choice Cuts,,,,Choice,,,,,451.0,537.0,,,488.37,$/cwt,4.8837,per lb,National,wholesale,,,,,,11295.0,lb,,2453,National Daily Boxed Beef Cutout & Boxed Beef Cuts - Negotiated Sales - PM (PDF) (LM_XB403),2026-09-26T14:44:07+00:00
c00255b64a68821e,2017-07-24,Beef,"Flank, flank steak (193  4)",Select Cuts,,,,Select,,,,,375.0,416.0,,,380.11,$/cwt,3.8011,per lb,National,wholesale,,,,,,16838.0,lb,,2453,National Daily Boxed Beef Cutout & Boxed Beef Cuts - Negotiated Sales - PM (PDF) (LM_XB403),2026-09-26T14:44:07+00:00
2228a4689e35c373,2017-07-24,Beef,Ground Beef 73%,Ground Beef,,,,,,,,,166.0,187.32,,,168.81,$/cwt,1.6881,per lb,National,wholesale,,,,,,76858.0,lb,,2453,National Daily Boxed Beef Cutout & Boxed Beef Cuts - Negotiated Sales - PM (PDF) (LM_XB403),2026-09-26T14:44:07+00:00
023a133d0d3eafe3,2017-07-24,Beef,Ground Beef 81%,Ground Beef,,,,,,,,,180.0,208.32,,,187.5,$/cwt,1.875,per lb,National,wholesale,,,,,,136598.0,lb,,2453,National Daily Boxed Beef Cutout & Boxed Beef Cuts - Negotiated Sales - PM (PDF) (LM_XB403),2026-09-26T14:44:07+00:00
b58bcb054f30bd9c,2017-07-24,Beef,Ground Beef Chuck,Ground Beef,,,,,,,,,181.83,216.24,,,187.83,$/cwt,1.8783,per lb,National,wholesale,,,,,,97051.0,lb,,2453,National Daily Boxed Beef Cutout & Boxed Beef Cuts - Negotiated Sales - PM (PDF) (LM_XB403),2026-09-26T14:44:07+00:00
18e8afde2a543204,2017-07-24,Beef,Ground Beef Round,Ground Beef,,,,,,,,,268.32,271.24,,,270.37,$/cwt,2.7037,per lb,National,wholesale,,,,,,1409.0,lb,,2453,National Daily Boxed Beef Cutout & Boxed Beef Cuts - Negotiated Sales - PM (PDF) (LM_XB403),2026-09-26T14:44:07+00:00
de8f72924a705ffa,2017-07-24,Beef,"Loin, ball-tip, bnls, heavy (185B  1)",Choice Cuts,,,,Choice,,,,,265.0,290.0,,,274.18,$/cwt,2.7418,per lb,National,wholesale,,,,,,132952.0,lb,,2453,National Daily Boxed Beef Cutout & Boxed Beef Cuts - Negotiated Sales - PM (PDF) (LM_XB403),2026-09-26T14:44:07+00:00
fdff8b524b4bf9e8,2017-07-24,Beef,"Loin, bottom sirloin, flap (185A  4)",Choice Cuts,,,,Choice,,,,,400.18,472.0,,,421.34,$/cwt,4.2134,per lb,National,wholesale,,,,,,85348.0,lb,,2453,National Daily Boxed Beef Cutout & Boxed Beef Cuts - Negotiated Sales - PM (PDF) (LM_XB403),2026-09-26T14:44:07+00:00
1870385b014f7be0,2017-07-24,Beef,"Loin, bottom sirloin, flap (185A  4)",Select Cuts,,,,Select,,,,,421.0,447.0,,,429.2,$/cwt,4.292,per lb,National,wholesale,,,,,,6287.0,lb,,2453,National Daily Boxed Beef Cutout & Boxed Beef Cuts - Negotiated Sales - PM (PDF) (LM_XB403),2026-09-26T14:44:07+00:00
5d2698133be692a5,2017-07-24,Beef,"Loin, butt tender, trimmed (191A  4)",Choice Cuts,,,,Choice,,,,,839.56,940.0,,,841.7,$/cwt,8.417,per lb,National,wholesale,,,,,,30709.0,lb,,2453,National Daily Boxed Beef Cutout & Boxed Beef Cuts - Negotiated Sales - PM (PDF) (LM_XB403),2026-09-26T14:44:07+00:00
e214f8f705c683ee,2017-07-24,Beef,"Loin, butt tender, trimmed (191A  4)",Select Cuts,,,,Select,,,,,802.0,911.0,,,832.96,$/cwt,8.3296,per lb,National,wholesale,,,,,,5719.0,lb,,2453,National Daily Boxed Beef Cutout & Boxed Beef Cuts - Negotiated Sales - PM (PDF) (LM_XB403),2026-09-26T14:44:07+00:00
ab74142efe17859b,2017-07-24,Beef,"Loin, short loin, 0x1 (174  3)",Choice Cuts,,,,Choice,,,,,494.0,537.66,,,511.61,$/cwt,5.1161,per lb,National,wholesale,,,,,,96644.0,lb,,2453,National Daily Boxed Beef Cutout & Boxed Beef Cuts - Negotiated Sales - PM (PDF) (LM_XB403),2026-09-26T14:44:07+00:00
8ef583b9234e099e,2017-07-24,Beef,"Loin, short loin, 0x1 (174  3)",Select Cuts,,,,Select,,,,,425.0,493.35,,,457.43,$/cwt,4.5743,per lb,National,wholesale,,,,,,20750.0,lb,,2453,National Daily Boxed Beef Cutout & Boxed Beef Cuts - Negotiated Sales - PM (PDF) (LM_XB403),2026-09-26T14:44:07+00:00
181046f32f6b1e02,2017-07-24,Beef,"Loin, sirloin, tri-tip (185C  1)",Choice Cuts,,,,Choice,,,,,319.42,371.0,,,323.59,$/cwt,3.2359,per lb,National,wholesale,,,,,,35087.0,lb,,2453,National Daily Boxed Beef Cutout & Boxed Beef Cuts - Negotiated Sales - PM (PDF) (LM_XB403),2026-09-26T14:44:07+00:00
ec9367feba41ace3,2017-07-24,Beef,"Loin, strip loin bnls. 1x1 (  1)",Choice Cuts,,,,Choice,,,,,528.0,528.0,,,528.0,$/cwt,5.28,per lb,National,wholesale,,,,,,7762.0,lb,,2453,National Daily Boxed Beef Cutout & Boxed Beef Cuts - Negotiated Sales - PM (PDF) (LM_XB403),2026-09-26T14:44:07+00:00
5345c4ea3f7d4d84,2017-07-24,Beef,"Loin, strip loin, 1x1 (175  3)",Choice Cuts,,,,Choice,,,,,476.61,512.0,,,476.76,$/cwt,4.7676,per lb,National,wholesale,,,,,,29637.0,lb,,2453,National Daily Boxed Beef Cutout & Boxed Beef Cuts - Negotiated Sales - PM (PDF) (LM_XB403),2026-09-26T14:44:07+00:00
eba41c93026afa99,2017-07-24,Beef,"Loin, strip, bnls, 0x1 (180  3)",Choice Cuts,,,,Choice,,,,,560.0,632.0,,,579.23,$/cwt,5.7923,per lb,National,wholesale,,,,,,28358.0,lb,,2453,National Daily Boxed Beef Cutout & Boxed Beef Cuts - Negotiated Sales - PM (PDF) (LM_XB403),2026-09-26T14:44:07+00:00
d752dceaf98414c7,2017-07-24,Beef,"Loin, strip, bnls, 0x1 (180  3)",Select Cuts,,,,Select,,,,,425.42,452.0,,,429.6,$/cwt,4.296,per lb,National,wholesale,,,,,,29739.0,lb,,2453,National Daily Boxed Beef Cutout & Boxed Beef Cuts - Negotiated Sales - PM (PDF) (LM_XB403),2026-09-26T14:44:07+00:00
a3a324464515a7b9,2017-07-24,Beef,"Loin, tndrloin, trmd, heavy (189A  4)",Choice Cuts,,,,Choice,,,,,936.0,1058.0,,,969.05,$/cwt,9.6905,per lb,National,wholesale,,,,,,26989.0,lb,,2453,National Daily Boxed Beef Cutout & Boxed Beef Cuts - Negotiated Sales - PM (PDF) (LM_XB403),2026-09-26T14:44:07+00:00
76d6c2de155f1c18,2017-07-24,Beef,"Loin, tndrloin, trmd, heavy (189A  4)",Select Cuts,,,,Select,,,,,881.59,963.79,,,908.87,$/cwt,9.0887,per lb,National,wholesale,,,,,,6989.0,lb,,2453,National Daily Boxed Beef Cutout & Boxed Beef Cuts - Negotiated Sales - PM (PDF) (LM_XB403),2026-09-26T14:44:07+00:00
8d89e64eb3e0eb51,2017-07-24,Beef,"Loin, top butt, CC (184B  3)",Choice Cuts,,,,Choice,,,,,468.81,557.0,,,477.68,$/cwt,4.7768,per lb,National,wholesale,,,,,,179006.0,lb,,2453,National Daily Boxed Beef Cutout & Boxed Beef Cuts - Negotiated Sales - PM (PDF) (LM_XB403),2026-09-26T14:44:07+00:00
4456ae528afdbb0d,2017-07-24,Beef,"Loin, top butt, bnls, heavy (184  1)",Choice Cuts,,,,Choice,,,,,365.0,392.25,,,373.26,$/cwt,3.7326,per lb,National,wholesale,,,,,,3925.0,lb,,2453,National Daily Boxed Beef Cutout & Boxed Beef Cuts - Negotiated Sales - PM (PDF) (LM_XB403),2026-09-26T14:44:07+00:00
a3470732b10179bf,2017-07-24,Beef,"Loin, top butt, boneless (184  3)",Choice Cuts,,,,Choice,,,,,355.0,407.0,,,369.65,$/cwt,3.6965,per lb,National,wholesale,,,,,,46037.0,lb,,2453,National Daily Boxed Beef Cutout & Boxed Beef Cuts - Negotiated Sales - PM (PDF) (LM_XB403),2026-09-26T14:44:07+00:00
15877af442f1b50c,2017-07-24,Beef,"Loin, top butt, boneless (184  3)",Select Cuts,,,,Select,,,,,319.0,350.0,,,326.77,$/cwt,3.2677,per lb,National,wholesale,,,,,,30828.0,lb,,2453,National Daily Boxed Beef Cutout & Boxed Beef Cuts - Negotiated Sales - PM (PDF) (LM_XB403),2026-09-26T14:44:07+00:00
9d93cc461306956a,2017-07-24,Beef,"Rib, ribeye, bnls, heavy (112A  3)",Choice Cuts,,,,Choice,,,,,680.5,737.0,,,701.75,$/cwt,7.0175,per lb,National,wholesale,,,,,,19850.0,lb,,2453,National Daily Boxed Beef Cutout & Boxed Beef Cuts - Negotiated Sales - PM (PDF) (LM_XB403),2026-09-26T14:44:07+00:00
dcefde1834f91694,2017-07-24,Beef,"Rib, ribeye, bnls, heavy (112A  3)",Select Cuts,,,,Select,,,,,602.0,700.0,,,647.71,$/cwt,6.4771,per lb,National,wholesale,,,,,,29072.0,lb,,2453,National Daily Boxed Beef Cutout & Boxed Beef Cuts - Negotiated Sales - PM (PDF) (LM_XB403),2026-09-26T14:44:07+00:00
8c7fc477baf62e9a,2017-07-24,Beef,"Rib, ribeye, bnls, light (112A  3)",Choice Cuts,,,,Choice,,,,,692.76,747.0,,,728.5,$/cwt,7.285,per lb,National,wholesale,,,,,,51894.0,lb,,2453,National Daily Boxed Beef Cutout & Boxed Beef Cuts - Negotiated Sales - PM (PDF) (LM_XB403),2026-09-26T14:44:07+00:00
4f0b35caafac8202,2017-07-24,Beef,"Rib, ribeye, bnls, light (112A  3)",Select Cuts,,,,Select,,,,,600.0,677.0,,,619.7,$/cwt,6.197,per lb,National,wholesale,,,,,,7011.0,lb,,2453,National Daily Boxed Beef Cutout & Boxed Beef Cuts - Negotiated Sales - PM (PDF) (LM_XB403),2026-09-26T14:44:07+00:00
b90f090e1b0acbd7,2017-07-24,Beef,"Rib, ribeye, lip-on, bn-in (109E  1)",Choice Cuts,,,,Choice,,,,,573.05,622.25,,,574.78,$/cwt,5.7478,per lb,National,wholesale,,,,,,85621.0,lb,,2453,National Daily Boxed Beef Cutout & Boxed Beef Cuts - Negotiated Sales - PM (PDF) (LM_XB403),2026-09-26T14:44:07+00:00
f21c9e40bdd0e27f,2017-07-24,Beef,"Rib, ribeye, lip-on, bn-in (109E  1)",Select Cuts,,,,Select,,,,,522.76,595.69,,,551.12,$/cwt,5.5112,per lb,National,wholesale,,,,,,5476.0,lb,,2453,National Daily Boxed Beef Cutout & Boxed Beef Cuts - Negotiated Sales - PM (PDF) (LM_XB403),2026-09-26T14:44:07+00:00
f4cba0a33d2195dd,2017-07-24,Beef,"Round, eye of round (171C  3)",Choice Cuts,,,,Choice,,,,,219.0,248.7,,,224.6,$/cwt,2.246,per lb,National,wholesale,,,,,,105998.0,lb,,2453,National Daily Boxed Beef Cutout & Boxed Beef Cuts - Negotiated Sales - PM (PDF) (LM_XB403),2026-09-26T14:44:07+00:00
510166c33e09fed0,2017-07-24,Beef,"Round, eye of round (171C  3)",Select Cuts,,,,Select,,,,,217.69,242.5,,,225.61,$/cwt,2.2561,per lb,National,wholesale,,,,,,23799.0,lb,,2453,National Daily Boxed Beef Cutout & Boxed Beef Cuts - Negotiated Sales - PM (PDF) (LM_XB403),2026-09-26T14:44:07+00:00
85bdb31f26f73781,2017-07-24,Beef,"Round, knuckle, peeled (167A  4)",Choice Cuts,,,,Choice,,,,,230.0,248.93,,,236.46,$/cwt,2.3646,per lb,National,wholesale,,,,,,147777.0,lb,,2453,National Daily Boxed Beef Cutout & Boxed Beef Cuts - Negotiated Sales - PM (PDF) (LM_XB403),2026-09-26T14:44:07+00:00
3ae4b73e42108868,2017-07-24,Beef,"Round, knuckle, peeled (167A  4)",Select Cuts,,,,Select,,,,,225.98,258.0,,,234.92,$/cwt,2.3492,per lb,National,wholesale,,,,,,105021.0,lb,,2453,National Daily Boxed Beef Cutout & Boxed Beef Cuts - Negotiated Sales - PM (PDF) (LM_XB403),2026-09-26T14:44:07+00:00
26432303678967df,2017-07-24,Beef,"Round, outside round (171B  3)",Choice Cuts,,,,Choice,,,,,204.32,228.66,,,213.39,$/cwt,2.1339,per lb,National,wholesale,,,,,,104915.0,lb,,2453,National Daily Boxed Beef Cutout & Boxed Beef Cuts - Negotiated Sales - PM (PDF) (LM_XB403),2026-09-26T14:44:07+00:00
416d0ca9864374e5,2017-07-24,Beef,"Round, outside round (171B  3)",Select Cuts,,,,Select,,,,,211.0,224.0,,,220.06,$/cwt,2.2006,per lb,National,wholesale,,,,,,14006.0,lb,,2453,National Daily Boxed Beef Cutout & Boxed Beef Cuts - Negotiated Sales - PM (PDF) (LM_XB403),2026-09-26T14:44:07+00:00
2097495a3e34693f,2017-07-24,Beef,"Round, top inside round (168  1)",Choice Cuts,,,,Choice,,,,,223.0,232.0,,,228.24,$/cwt,2.2824,per lb,National,wholesale,,,,,,8739.0,lb,,2453,National Daily Boxed Beef Cutout & Boxed Beef Cuts - Negotiated Sales - PM (PDF) (LM_XB403),2026-09-26T14:44:07+00:00
82d30518b8076c7b,2017-07-24,Beef,"Round, top inside round (168  3)",Choice Cuts,,,,Choice,,,,,228.0,257.0,,,236.7,$/cwt,2.367,per lb,National,wholesale,,,,,,86119.0,lb,,2453,National Daily Boxed Beef Cutout & Boxed Beef Cuts - Negotiated Sales - PM (PDF) (LM_XB403),2026-09-26T14:44:07+00:00
0f2629fbb935e499,2017-07-24,Beef,"Round, top inside round (168  3)",Select Cuts,,,,Select,,,,,224.46,248.0,,,233.91,$/cwt,2.3391,per lb,National,wholesale,,,,,,38463.0,lb,,2453,National Daily Boxed Beef Cutout & Boxed Beef Cuts - Negotiated Sales - PM (PDF) (LM_XB403),2026-09-26T14:44:07+00:00
7ea297505e70325e,2017-07-24,Beef,"Round, top inside, cap off (169A  5)",Choice Cuts,,,,Choice,,,,,317.25,335.46,,,321.09,$/cwt,3.2109,per lb,National,wholesale,,,,,,38923.0,lb,,2453,National Daily Boxed Beef Cutout & Boxed Beef Cuts - Negotiated Sales - PM (PDF) (LM_XB403),2026-09-26T14:44:07+00:00
c596c3145ad43ae2,2017-07-24,Beef,"Round, top inside, denuded (169  5)",Choice Cuts,,,,Choice,,,,,260.0,294.0,,,263.77,$/cwt,2.6377,per lb,National,wholesale,,,,,,21044.0,lb,,2453,National Daily Boxed Beef Cutout & Boxed Beef Cuts - Negotiated Sales - PM (PDF) (LM_XB403),2026-09-26T14:44:07+00:00
1d8cb8ec9644aee5,2017-07-24,Beef,"Short Plate, short rib (123A  3)",Choice Cuts,,,,Choice,,,,,510.0,530.0,,,519.39,$/cwt,5.1939,per lb,National,wholesale,,,,,,20720.0,lb,,2453,National Daily Boxed Beef Cutout & Boxed Beef Cuts - Negotiated Sales - PM (PDF) (LM_XB403),2026-09-26T14:44:07+00:00
4253307fdc23d47c,2017-07-25,Beef,"Brisket, deckle-off, bnls (120  1)",Choice Cuts,,,,Choice,,,,,200.1,235.75,,,202.41,$/cwt,2.0241,per lb,National,wholesale,,,,,,282700.0,lb,,2453,National Daily Boxed Beef Cutout & Boxed Beef Cuts - Negotiated Sales - PM (PDF) (LM_XB403),2026-09-26T14:44:07+00:00
2900b78c048cd50c,2017-07-25,Beef,"Brisket, deckle-off, bnls (120  1)",Select Cuts,,,,Select,,,,,200.46,226.0,,,205.16,$/cwt,2.0516,per lb,National,wholesale,,,,,,58230.0,lb,,2453,National Daily Boxed Beef Cutout & Boxed Beef Cuts - Negotiated Sales - PM (PDF) (LM_XB403),2026-09-26T14:44:07+00:00
86fc641f9c1d8950,2017-07-25,Beef,"Brisket, point/off, bnls (120A  3)",Choice Cuts,,,,Choice,,,,,354.42,399.65,,,372.75,$/cwt,3.7275,per lb,National,wholesale,,,,,,4094.0,lb,,2453,National Daily Boxed Beef Cutout & Boxed Beef Cuts - Negotiated Sales - PM (PDF) (LM_XB403),2026-09-26T14:44:07+00:00
a6a20f6713129ebc,2017-07-25,Beef,"Chuck, chuck tender (116B  1)",Choice Cuts,,,,Choice,,,,,228.25,242.75,,,234.07,$/cwt,2.3407,per lb,National,wholesale,,,,,,28344.0,lb,,2453,National Daily Boxed Beef Cutout & Boxed Beef Cuts - Negotiated Sales - PM (PDF) (LM_XB403),2026-09-26T14:44:07+00:00
2ccabb9d68eb6125,2017-07-25,Beef,"Chuck, chuck tender (116B  1)",Select Cuts,,,,Select,,,,,221.0,241.75,,,227.57,$/cwt,2.2757,per lb,National,wholesale,,,,,,8602.0,lb,,2453,National Daily Boxed Beef Cutout & Boxed Beef Cuts - Negotiated Sales - PM (PDF) (LM_XB403),2026-09-26T14:44:07+00:00
7b00347a724dbae8,2017-07-25,Beef,"Chuck, clod tender (114F  5)",Choice Cuts,,,,Choice,,,,,329.05,345.84,,,332.36,$/cwt,3.3236,per lb,National,wholesale,,,,,,4114.0,lb,,2453,National Daily Boxed Beef Cutout & Boxed Beef Cuts - Negotiated Sales - PM (PDF) (LM_XB403),2026-09-26T14:44:07+00:00
07ca297644e141b6,2017-07-25,Beef,"Chuck, clod tender (114F  5)",Select Cuts,,,,Select,,,,,282.03,330.0,,,283.47,$/cwt,2.8347,per lb,National,wholesale,,,,,,101782.0,lb,,2453,National Daily Boxed Beef Cutout & Boxed Beef Cuts - Negotiated Sales - PM (PDF) (LM_XB403),2026-09-26T14:44:07+00:00
8acdde0f1afd5c6b,2017-07-25,Beef,"Chuck, clod, arm roast (114E  3)",Choice Cuts,,,,Choice,,,,,240.0,266.42,,,248.27,$/cwt,2.4827,per lb,National,wholesale,,,,,,50738.0,lb,,2453,National Daily Boxed Beef Cutout & Boxed Beef Cuts - Negotiated Sales - PM (PDF) (LM_XB403),2026-09-26T14:44:07+00:00
d9311db29da69a64,2017-07-25,Beef,"Chuck, clod, top blade (114D  3)",Choice Cuts,,,,Choice,,,,,290.0,325.82,,,297.09,$/cwt,2.9709,per lb,National,wholesale,,,,,,7287.0,lb,,2453,National Daily Boxed Beef Cutout & Boxed Beef Cuts - Negotiated Sales - PM (PDF) (LM_XB403),2026-09-26T14:44:07+00:00
23b306e6e046be74,2017-07-25,Beef,"Chuck, flap (116G  4)",Select Cuts,,,,Select,,,,,476.32,540.0,,,487.92,$/cwt,4.8792,per lb,National,wholesale,,,,,,4734.0,lb,,2453,National Daily Boxed Beef Cutout & Boxed Beef Cuts - Negotiated Sales - PM (PDF) (LM_XB403),2026-09-26T14:44:07+00:00
af944400b8fced8d,2017-07-25,Beef,"Chuck, roll, lxl, neck/off (116A  3)",Choice Cuts,,,,Choice,,,,,244.0,270.0,,,247.84,$/cwt,2.4784,per lb,National,wholesale,,,,,,102658.0,lb,,2453,National Daily Boxed Beef Cutout & Boxed Beef Cuts - Negotiated Sales - PM (PDF) (LM_XB403),2026-09-26T14:44:07+00:00
b1c2ceb9657bb36f,2017-07-25,Beef,"Chuck, roll, lxl, neck/off (116A  3)",Select Cuts,,,,Select,,,,,240.0,249.5,,,245.25,$/cwt,2.4525,per lb,National,wholesale,,,,,,56550.0,lb,,2453,National Daily Boxed Beef Cutout & Boxed Beef Cuts - Negotiated Sales - PM (PDF) (LM_XB403),2026-09-26T14:44:07+00:00
3f5688154b5c8f6f,2017-07-25,Beef,"Chuck, semi-bnls, neck/off (113C  1)",Choice Cuts,,,,Choice,,,,,201.25,216.75,,,210.07,$/cwt,2.1007,per lb,National,wholesale,,,,,,30649.0,lb,,2453,National Daily Boxed Beef Cutout & Boxed Beef Cuts - Negotiated Sales - PM (PDF) (LM_XB403),2026-09-26T14:44:07+00:00
0a4724dfd4c70849,2017-07-25,Beef,"Chuck, semi-bnls, neck/off (113C  1)",Select Cuts,,,,Select,,,,,206.75,226.75,,,210.78,$/cwt,2.1078,per lb,National,wholesale,,,,,,14478.0,lb,,2453,National Daily Boxed Beef Cutout & Boxed Beef Cuts - Negotiated Sales - PM (PDF) (LM_XB403),2026-09-26T14:44:07+00:00
72db8da8733c7523,2017-07-25,Beef,"Chuck, short rib (130  4)",Choice Cuts,,,,Choice,,,,,351.42,385.0,,,369.76,$/cwt,3.6976,per lb,National,wholesale,,,,,,26371.0,lb,,2453,National Daily Boxed Beef Cutout & Boxed Beef Cuts - Negotiated Sales - PM (PDF) (LM_XB403),2026-09-26T14:44:07+00:00
0844aaad9322ef1c,2017-07-25,Beef,"Chuck, short rib (130  4)",Select Cuts,,,,Select,,,,,337.0,360.0,,,353.52,$/cwt,3.5352,per lb,National,wholesale,,,,,,14458.0,lb,,2453,National Daily Boxed Beef Cutout & Boxed Beef Cuts - Negotiated Sales - PM (PDF) (LM_XB403),2026-09-26T14:44:07+00:00
11065229f5f82e12,2017-07-25,Beef,"Chuck, shoulder clod (114  1)",Choice Cuts,,,,Choice,,,,,199.0,211.0,,,206.76,$/cwt,2.0676,per lb,National,wholesale,,,,,,14373.0,lb,,2453,National Daily Boxed Beef Cutout & Boxed Beef Cuts - Negotiated Sales - PM (PDF) (LM_XB403),2026-09-26T14:44:07+00:00
5a55cf564c91f6de,2017-07-25,Beef,"Chuck, shoulder clod (114  1)",Select Cuts,,,,Select,,,,,194.42,204.0,,,195.95,$/cwt,1.9595,per lb,National,wholesale,,,,,,61436.0,lb,,2453,National Daily Boxed Beef Cutout & Boxed Beef Cuts - Negotiated Sales - PM (PDF) (LM_XB403),2026-09-26T14:44:07+00:00
13ea558bdeda3a0d,2017-07-25,Beef,"Chuck, shoulder clod, trmd (114A  3)",Choice Cuts,,,,Choice,,,,,205.59,230.25,,,214.06,$/cwt,2.1406,per lb,National,wholesale,,,,,,54437.0,lb,,2453,National Daily Boxed Beef Cutout & Boxed Beef Cuts - Negotiated Sales - PM (PDF) (LM_XB403),2026-09-26T14:44:07+00:00
07afa389851cc637,2017-07-25,Beef,"Chuck, shoulder clod, trmd (114A  3)",Select Cuts,,,,Select,,,,,199.88,214.03,,,209.07,$/cwt,2.0907,per lb,National,wholesale,,,,,,22482.0,lb,,2453,National Daily Boxed Beef Cutout & Boxed Beef Cuts - Negotiated Sales - PM (PDF) (LM_XB403),2026-09-26T14:44:07+00:00
637e7d5b26ed9251,2017-07-25,Beef,Cutout 600-900 lb,,,,,Select,,,,,,,,,198.93,$/cwt,1.9893,per lb,National,wholesale,,,,,,,,,2453,National Daily Boxed Beef Cutout & Boxed Beef Cuts - Negotiated Sales - PM (PDF) (LM_XB403),2026-09-26T14:44:07+00:00
7671b3479f1c5746,2017-07-25,Beef,Cutout 600-900 lb,,,,,Choice,,,,,,,,,207.62,$/cwt,2.0762,per lb,National,wholesale,,,,,,,,,2453,National Daily Boxed Beef Cutout & Boxed Beef Cuts - Negotiated Sales - PM (PDF) (LM_XB403),2026-09-26T14:44:07+00:00
d8214bf0a445e7a8,2017-07-25,Beef,"Flank, flank steak (193  4)",Choice Cuts,,,,Choice,,,,,425.08,534.42,,,455.96,$/cwt,4.5596,per lb,National,wholesale,,,,,,26582.0,lb,,2453,National Daily Boxed Beef Cutout & Boxed Beef Cuts - Negotiated Sales - PM (PDF) (LM_XB403),2026-09-26T14:44:07+00:00
b7aa15ebd0bc84da,2017-07-25,Beef,"Flank, flank steak (193  4)",Select Cuts,,,,Select,,,,,374.0,390.0,,,380.68,$/cwt,3.8068,per lb,National,wholesale,,,,,,45729.0,lb,,2453,National Daily Boxed Beef Cutout & Boxed Beef Cuts - Negotiated Sales - PM (PDF) (LM_XB403),2026-09-26T14:44:07+00:00
935ba1843b27bd07,2017-07-25,Beef,Ground Beef 73%,Ground Beef,,,,,,,,,165.8,185.08,,,168.53,$/cwt,1.6853,per lb,National,wholesale,,,,,,107562.0,lb,,2453,National Daily Boxed Beef Cutout & Boxed Beef Cuts - Negotiated Sales - PM (PDF) (LM_XB403),2026-09-26T14:44:07+00:00
644f5ad1cd52d2e8,2017-07-25,Beef,Ground Beef 81%,Ground Beef,,,,,,,,,178.14,200.25,,,187.47,$/cwt,1.8747,per lb,National,wholesale,,,,,,145315.0,lb,,2453,National Daily Boxed Beef Cutout & Boxed Beef Cuts - Negotiated Sales - PM (PDF) (LM_XB403),2026-09-26T14:44:07+00:00
cd844236c1eba3c0,2017-07-25,Beef,Ground Beef Chuck,Ground Beef,,,,,,,,,186.0,211.5,,,195.86,$/cwt,1.9586,per lb,National,wholesale,,,,,,190566.0,lb,,2453,National Daily Boxed Beef Cutout & Boxed Beef Cuts - Negotiated Sales - PM (PDF) (LM_XB403),2026-09-26T14:44:07+00:00
bf383f965e6c25c7,2017-07-25,Beef,Ground Beef Round,Ground Beef,,,,,,,,,247.0,276.0,,,253.78,$/cwt,2.5378,per lb,National,wholesale,,,,,,3359.0,lb,,2453,National Daily Boxed Beef Cutout & Boxed Beef Cuts - Negotiated Sales - PM (PDF) (LM_XB403),2026-09-26T14:44:07+00:00
3f48dcaf9fa3407b,2017-07-25,Beef,"Loin, ball-tip, bnls, heavy (185B  1)",Choice Cuts,,,,Choice,,,,,249.5,280.0,,,259.39,$/cwt,2.5939,per lb,National,wholesale,,,,,,134733.0,lb,,2453,National Daily Boxed Beef Cutout & Boxed Beef Cuts - Negotiated Sales - PM (PDF) (LM_XB403),2026-09-26T14:44:07+00:00
4f226e9e22999060,2017-07-25,Beef,"Loin, ball-tip, bnls, heavy (185B  1)",Select Cuts,,,,Select,,,,,230.0,265.0,,,237.1,$/cwt,2.371,per lb,National,wholesale,,,,,,33269.0,lb,,2453,National Daily Boxed Beef Cutout & Boxed Beef Cuts - Negotiated Sales - PM (PDF) (LM_XB403),2026-09-26T14:44:07+00:00
a2a1621fb7b1812b,2017-07-25,Beef,"Loin, bottom sirloin, flap (185A  4)",Choice Cuts,,,,Choice,,,,,405.0,556.5,,,415.76,$/cwt,4.1576,per lb,National,wholesale,,,,,,150332.0,lb,,2453,National Daily Boxed Beef Cutout & Boxed Beef Cuts - Negotiated Sales - PM (PDF) (LM_XB403),2026-09-26T14:44:07+00:00
e34a55749c0ff2d2,2017-07-25,Beef,"Loin, bottom sirloin, flap (185A  4)",Select Cuts,,,,Select,,,,,422.0,475.0,,,454.18,$/cwt,4.5418,per lb,National,wholesale,,,,,,2551.0,lb,,2453,National Daily Boxed Beef Cutout & Boxed Beef Cuts - Negotiated Sales - PM (PDF) (LM_XB403),2026-09-26T14:44:07+00:00
54c0c355b7aa533d,2017-07-25,Beef,"Loin, butt tender, trimmed (191A  4)",Choice Cuts,,,,Choice,,,,,840.08,955.0,,,864.69,$/cwt,8.6469,per lb,National,wholesale,,,,,,15984.0,lb,,2453,National Daily Boxed Beef Cutout & Boxed Beef Cuts - Negotiated Sales - PM (PDF) (LM_XB403),2026-09-26T14:44:07+00:00
e7a20b5e98a4be99,2017-07-25,Beef,"Loin, short loin, 0x1 (174  3)",Choice Cuts,,,,Choice,,,,,497.0,565.0,,,518.87,$/cwt,5.1887,per lb,National,wholesale,,,,,,193594.0,lb,,2453,National Daily Boxed Beef Cutout & Boxed Beef Cuts - Negotiated Sales - PM (PDF) (LM_XB403),2026-09-26T14:44:07+00:00
c10cf6ad06219863,2017-07-25,Beef,"Loin, short loin, 0x1 (174  3)",Select Cuts,,,,Select,,,,,430.08,487.03,,,451.84,$/cwt,4.5184,per lb,National,wholesale,,,,,,8866.0,lb,,2453,National Daily Boxed Beef Cutout & Boxed Beef Cuts - Negotiated Sales - PM (PDF) (LM_XB403),2026-09-26T14:44:07+00:00
a41a1aebc3aad766,2017-07-25,Beef,"Loin, sirloin, tri-tip (185C  1)",Choice Cuts,,,,Choice,,,,,291.0,320.59,,,298.37,$/cwt,2.9837,per lb,National,wholesale,,,,,,109740.0,lb,,2453,National Daily Boxed Beef Cutout & Boxed Beef Cuts - Negotiated Sales - PM (PDF) (LM_XB403),2026-09-26T14:44:07+00:00
bafc25bb6a3e13b0,2017-07-25,Beef,"Loin, sirloin, tri-tip (185C  1)",Select Cuts,,,,Select,,,,,305.0,318.38,,,307.0,$/cwt,3.07,per lb,National,wholesale,,,,,,4664.0,lb,,2453,National Daily Boxed Beef Cutout & Boxed Beef Cuts - Negotiated Sales - PM (PDF) (LM_XB403),2026-09-26T14:44:07+00:00
74a217f7fb9c067a,2017-07-25,Beef,"Loin, sirloin, tri-tip, pld (185D  4)",Choice Cuts,,,,Choice,,,,,400.55,448.25,,,410.32,$/cwt,4.1032,per lb,National,wholesale,,,,,,29032.0,lb,,2453,National Daily Boxed Beef Cutout & Boxed Beef Cuts - Negotiated Sales - PM (PDF) (LM_XB403),2026-09-26T14:44:07+00:00
fa42c032e35221ce,2017-07-25,Beef,"Loin, strip loin, 1x1 (175  3)",Choice Cuts,,,,Choice,,,,,479.83,520.75,,,513.17,$/cwt,5.1317,per lb,National,wholesale,,,,,,1312.0,lb,,2453,National Daily Boxed Beef Cutout & Boxed Beef Cuts - Negotiated Sales - PM (PDF) (LM_XB403),2026-09-26T14:44:07+00:00
e80fb90e1b3f422d,2017-07-25,Beef,"Loin, strip, bnls, 0x1 (180  3)",Choice Cuts,,,,Choice,,,,,560.59,608.5,,,579.96,$/cwt,5.7996,per lb,National,wholesale,,,,,,76222.0,lb,,2453,National Daily Boxed Beef Cutout & Boxed Beef Cuts - Negotiated Sales - PM (PDF) (LM_XB403),2026-09-26T14:44:07+00:00
13cc8683e9e7e53b,2017-07-25,Beef,"Loin, strip, bnls, 0x1 (180  3)",Select Cuts,,,,Select,,,,,415.0,486.0,,,442.21,$/cwt,4.4221,per lb,National,wholesale,,,,,,38102.0,lb,,2453,National Daily Boxed Beef Cutout & Boxed Beef Cuts - Negotiated Sales - PM (PDF) (LM_XB403),2026-09-26T14:44:07+00:00
2fa6d64ef86ea3cb,2017-07-25,Beef,"Loin, tndrloin, trmd, heavy (189A  4)",Choice Cuts,,,,Choice,,,,,930.0,1090.75,,,965.24,$/cwt,9.6524,per lb,National,wholesale,,,,,,50275.0,lb,,2453,National Daily Boxed Beef Cutout & Boxed Beef Cuts - Negotiated Sales - PM (PDF) (LM_XB403),2026-09-26T14:44:07+00:00
a9193e99f9c34a77,2017-07-25,Beef,"Loin, tndrloin, trmd, heavy (189A  4)",Select Cuts,,,,Select,,,,,930.0,985.46,,,942.13,$/cwt,9.4213,per lb,National,wholesale,,,,,,13032.0,lb,,2453,National Daily Boxed Beef Cutout & Boxed Beef Cuts - Negotiated Sales - PM (PDF) (LM_XB403),2026-09-26T14:44:07+00:00
320744bad3098980,2017-07-25,Beef,"Loin, top butt, CC (184B  3)",Choice Cuts,,,,Choice,,,,,503.35,558.0,,,535.79,$/cwt,5.3579,per lb,National,wholesale,,,,,,3462.0,lb,,2453,National Daily Boxed Beef Cutout & Boxed Beef Cuts - Negotiated Sales - PM (PDF) (LM_XB403),2026-09-26T14:44:07+00:00
c19276ee2c44b7ec,2017-07-25,Beef,"Loin, top butt, bnls, heavy (184  1)",Choice Cuts,,,,Choice,,,,,365.0,380.0,,,369.94,$/cwt,3.6994,per lb,National,wholesale,,,,,,2276.0,lb,,2453,National Daily Boxed Beef Cutout & Boxed Beef Cuts - Negotiated Sales - PM (PDF) (LM_XB403),2026-09-26T14:44:07+00:00
53714641522ab0b7,2017-07-25,Beef,"Loin, top butt, bnls, heavy (184  1)",Select Cuts,,,,Select,,,,,325.0,349.96,,,331.78,$/cwt,3.3178,per lb,National,wholesale,,,,,,2275.0,lb,,2453,National Daily Boxed Beef Cutout & Boxed Beef Cuts - Negotiated Sales - PM (PDF) (LM_XB403),2026-09-26T14:44:07+00:00
3776a6ec6f43469b,2017-07-25,Beef,"Loin, top butt, boneless (184  3)",Choice Cuts,,,,Choice,,,,,369.0,401.42,,,375.6,$/cwt,3.756,per lb,National,wholesale,,,,,,32684.0,lb,,2453,National Daily Boxed Beef Cutout & Boxed Beef Cuts - Negotiated Sales - PM (PDF) (LM_XB403),2026-09-26T14:44:07+00:00
ea319823723a1f26,2017-07-25,Beef,"Loin, top butt, boneless (184  3)",Select Cuts,,,,Select,,,,,301.08,350.58,,,319.92,$/cwt,3.1992,per lb,National,wholesale,,,,,,44407.0,lb,,2453,National Daily Boxed Beef Cutout & Boxed Beef Cuts - Negotiated Sales - PM (PDF) (LM_XB403),2026-09-26T14:44:07+00:00
e86503fe2c0d5fe1,2017-07-25,Beef,"Rib, ribeye, bnls, heavy (112A  3)",Choice Cuts,,,,Choice,,,,,680.0,741.42,,,691.83,$/cwt,6.9183,per lb,National,wholesale,,,,,,51058.0,lb,,2453,National Daily Boxed Beef Cutout & Boxed Beef Cuts - Negotiated Sales - PM (PDF) (LM_XB403),2026-09-26T14:44:07+00:00
72909f156ff4722b,2017-07-25,Beef,"Rib, ribeye, bnls, heavy (112A  3)",Select Cuts,,,,Select,,,,,590.0,686.0,,,625.13,$/cwt,6.2513,per lb,National,wholesale,,,,,,31881.0,lb,,2453,National Daily Boxed Beef Cutout & Boxed Beef Cuts - Negotiated Sales - PM (PDF) (LM_XB403),2026-09-26T14:44:07+00:00
68bdf8448b00fb22,2017-07-25,Beef,"Rib, ribeye, bnls, light (112A  3)",Choice Cuts,,,,Choice,,,,,691.0,751.42,,,694.34,$/cwt,6.9434,per lb,National,wholesale,,,,,,68286.0,lb,,2453,National Daily Boxed Beef Cutout & Boxed Beef Cuts - Negotiated Sales - PM (PDF) (LM_XB403),2026-09-26T14:44:07+00:00
90a2d90c4955d068,2017-07-25,Beef,"Rib, ribeye, bnls, light (112A  3)",Select Cuts,,,,Select,,,,,592.0,687.5,,,625.41,$/cwt,6.2541,per lb,National,wholesale,,,,,,19978.0,lb,,2453,National Daily Boxed Beef Cutout & Boxed Beef Cuts - Negotiated Sales - PM (PDF) (LM_XB403),2026-09-26T14:44:07+00:00
7c92dd2f4ec5ba2d,2017-07-25,Beef,"Rib, ribeye, lip-on, bn-in (109E  1)",Choice Cuts,,,,Choice,,,,,574.0,639.0,,,591.38,$/cwt,5.9138,per lb,National,wholesale,,,,,,62054.0,lb,,2453,National Daily Boxed Beef Cutout & Boxed Beef Cuts - Negotiated Sales - PM (PDF) (LM_XB403),2026-09-26T14:44:07+00:00
97a84a9e49e72431,2017-07-25,Beef,"Rib, ribeye, lip-on, bn-in (109E  1)",Select Cuts,,,,Select,,,,,525.0,585.0,,,559.95,$/cwt,5.5995,per lb,National,wholesale,,,,,,2774.0,lb,,2453,National Daily Boxed Beef Cutout & Boxed Beef Cuts - Negotiated Sales - PM (PDF) (LM_XB403),2026-09-26T14:44:07+00:00
23d6ee00a73f5b57,2017-07-25,Beef,"Round, bottom gooseneck (170  1)",Choice Cuts,,,,Choice,,,,,200.0,211.0,,,204.09,$/cwt,2.0409,per lb,National,wholesale,,,,,,2129.0,lb,,2453,National Daily Boxed Beef Cutout & Boxed Beef Cuts - Negotiated Sales - PM (PDF) (LM_XB403),2026-09-26T14:44:07+00:00
6cb6d4ebd6d4aa44,2017-07-25,Beef,"Round, bottom gooseneck (170  1)",Select Cuts,,,,Select,,,,,195.59,211.66,,,208.52,$/cwt,2.0852,per lb,National,wholesale,,,,,,2682.0,lb,,2453,National Daily Boxed Beef Cutout & Boxed Beef Cuts - Negotiated Sales - PM (PDF) (LM_XB403),2026-09-26T14:44:07+00:00
37084e683ff9abec,2017-07-25,Beef,"Round, eye of round (171C  3)",Choice Cuts,,,,Choice,,,,,220.29,257.26,,,228.24,$/cwt,2.2824,per lb,National,wholesale,,,,,,63964.0,lb,,2453,National Daily Boxed Beef Cutout & Boxed Beef Cuts - Negotiated Sales - PM (PDF) (LM_XB403),2026-09-26T14:44:07+00:00
b0ab0836f23bab2a,2017-07-25,Beef,"Round, eye of round (171C  3)",Select Cuts,,,,Select,,,,,219.0,243.28,,,229.51,$/cwt,2.2951,per lb,National,wholesale,,,,,,28964.0,lb,,2453,National Daily Boxed Beef Cutout & Boxed Beef Cuts - Negotiated Sales - PM (PDF) (LM_XB403),2026-09-26T14:44:07+00:00
a896310afa85105b,2017-07-25,Beef,"Round, knuckle, peeled (167A  4)",Choice Cuts,,,,Choice,,,,,231.5,265.25,,,237.35,$/cwt,2.3735,per lb,National,wholesale,,,,,,55342.0,lb,,2453,National Daily Boxed Beef Cutout & Boxed Beef Cuts - Negotiated Sales - PM (PDF) (LM_XB403),2026-09-26T14:44:07+00:00
07635e0f03db8a5c,2017-07-25,Beef,"Round, knuckle, peeled (167A  4)",Select Cuts,,,,Select,,,,,229.82,251.0,,,231.8,$/cwt,2.318,per lb,National,wholesale,,,,,,24117.0,lb,,2453,National Daily Boxed Beef Cutout & Boxed Beef Cuts - Negotiated Sales - PM (PDF) (LM_XB403),2026-09-26T14:44:07+00:00
42c9e602ef7dd1bd,2017-07-25,Beef,"Round, outside round (171B  3)",Choice Cuts,,,,Choice,,,,,214.0,230.25,,,220.6,$/cwt,2.206,per lb,National,wholesale,,,,,,45155.0,lb,,2453,National Daily Boxed Beef Cutout & Boxed Beef Cuts - Negotiated Sales - PM (PDF) (LM_XB403),2026-09-26T14:44:07+00:00
173c3f4508a3a3dd,2017-07-25,Beef,"Round, outside round (171B  3)",Select Cuts,,,,Select,,,,,208.0,223.03,,,210.03,$/cwt,2.1003,per lb,National,wholesale,,,,,,43015.0,lb,,2453,National Daily Boxed Beef Cutout & Boxed Beef Cuts - Negotiated Sales - PM (PDF) (LM_XB403),2026-09-26T14:44:07+00:00
59cfde99c446dd2a,2017-07-25,Beef,"Round, top inside round (168  1)",Choice Cuts,,,,Choice,,,,,224.6,235.59,,,225.75,$/cwt,2.2575,per lb,National,wholesale,,,,,,48743.0,lb,,2453,National Daily Boxed Beef Cutout & Boxed Beef Cuts - Negotiated Sales - PM (PDF) (LM_XB403),2026-09-26T14:44:07+00:00
6e646703e99d449b,2017-07-25,Beef,"Round, top inside round (168  3)",Choice Cuts,,,,Choice,,,,,223.0,254.42,,,231.19,$/cwt,2.3119,per lb,National,wholesale,,,,,,241461.0,lb,,2453,National Daily Boxed Beef Cutout & Boxed Beef Cuts - Negotiated Sales - PM (PDF) (LM_XB403),2026-09-26T14:44:07+00:00
bca7f3c86431d378,2017-07-25,Beef,"Round, top inside round (168  3)",Select Cuts,,,,Select,,,,,235.0,255.0,,,240.06,$/cwt,2.4006,per lb,National,wholesale,,,,,,15850.0,lb,,2453,National Daily Boxed Beef Cutout & Boxed Beef Cuts - Negotiated Sales - PM (PDF) (LM_XB403),2026-09-26T14:44:07+00:00
92605efec7df4848,2017-07-25,Beef,"Round, top inside, cap off (169A  5)",Choice Cuts,,,,Choice,,,,,273.0,338.87,,,306.9,$/cwt,3.069,per lb,National,wholesale,,,,,,8999.0,lb,,2453,National Daily Boxed Beef Cutout & Boxed Beef Cuts - Negotiated Sales - PM (PDF) (LM_XB403),2026-09-26T14:44:07+00:00
c12320adc52ccd5a,2017-07-25,Beef,"Round, top inside, denuded (169  5)",Choice Cuts,,,,Choice,,,,,264.65,290.0,,,279.56,$/cwt,2.7956,per lb,National,wholesale,,,,,,11929.0,lb,,2453,National Daily Boxed Beef Cutout & Boxed Beef Cuts - Negotiated Sales - PM (PDF) (LM_XB403),2026-09-26T14:44:07+00:00
def9267666e603ce,2017-07-25,Beef,"Short Plate, short rib (123A  3)",Choice Cuts,,,,Choice,,,,,479.44,520.0,,,497.75,$/cwt,4.9775,per lb,National,wholesale,,,,,,24110.0,lb,,2453,National Daily Boxed Beef Cutout & Boxed Beef Cuts - Negotiated Sales - PM (PDF) (LM_XB403),2026-09-26T14:44:07+00:00
353b7ec516f1cded,2017-07-26,Beef,"Brisket, deckle-off, bnls (120  1)",Choice Cuts,,,,Choice,,,,,195.02,234.25,,,199.64,$/cwt,1.9964,per lb,National,wholesale,,,,,,655089.0,lb,,2453,National Daily Boxed Beef Cutout & Boxed Beef Cuts - Negotiated Sales - PM (PDF) (LM_XB403),2026-09-26T14:44:07+00:00
8cada0c9884057e0,2017-07-26,Beef,"Brisket, deckle-off, bnls (120  1)",Select Cuts,,,,Select,,,,,195.87,229.0,,,201.82,$/cwt,2.0182,per lb,National,wholesale,,,,,,192061.0,lb,,2453,National Daily Boxed Beef Cutout & Boxed Beef Cuts - Negotiated Sales - PM (PDF) (LM_XB403),2026-09-26T14:44:07+00:00
fd07ef1d01c2f78f,2017-07-26,Beef,"Brisket, point/off, bnls (120A  3)",Choice Cuts,,,,Choice,,,,,350.16,400.0,,,374.32,$/cwt,3.7432,per lb,National,wholesale,,,,,,16178.0,lb,,2453,National Daily Boxed Beef Cutout & Boxed Beef Cuts - Negotiated Sales - PM (PDF) (LM_XB403),2026-09-26T14:44:07+00:00
7b23666e40035e36,2017-07-26,Beef,"Chuck, chuck tender (116B  1)",Choice Cuts,,,,Choice,,,,,223.0,251.0,,,228.45,$/cwt,2.2845,per lb,National,wholesale,,,,,,60564.0,lb,,2453,National Daily Boxed Beef Cutout & Boxed Beef Cuts - Negotiated Sales - PM (PDF) (LM_XB403),2026-09-26T14:44:07+00:00
dfafca71337dc4f7,2017-07-26,Beef,"Chuck, chuck tender (116B  1)",Select Cuts,,,,Select,,,,,226.38,232.0,,,230.03,$/cwt,2.3003,per lb,National,wholesale,,,,,,23322.0,lb,,2453,National Daily Boxed Beef Cutout & Boxed Beef Cuts - Negotiated Sales - PM (PDF) (LM_XB403),2026-09-26T14:44:07+00:00
587da28d8a681379,2017-07-26,Beef,"Chuck, clod tender (114F  5)",Choice Cuts,,,,Choice,,,,,330.0,354.0,,,331.55,$/cwt,3.3155,per lb,National,wholesale,,,,,,6530.0,lb,,2453,National Daily Boxed Beef Cutout & Boxed Beef Cuts - Negotiated Sales - PM (PDF) (LM_XB403),2026-09-26T14:44:07+00:00
fbdb5c91e278a7f5,2017-07-26,Beef,"Chuck, clod, arm roast (114E  3)",Choice Cuts,,,,Choice,,,,,243.0,267.0,,,244.93,$/cwt,2.4493,per lb,National,wholesale,,,,,,9953.0,lb,,2453,National Daily Boxed Beef Cutout & Boxed Beef Cuts - Negotiated Sales - PM (PDF) (LM_XB403),2026-09-26T14:44:07+00:00
35c0cee5d813763d,2017-07-26,Beef,"Chuck, clod, top blade (114D  3)",Choice Cuts,,,,Choice,,,,,290.0,345.0,,,296.89,$/cwt,2.9689,per lb,National,wholesale,,,,,,28171.0,lb,,2453,National Daily Boxed Beef Cutout & Boxed Beef Cuts - Negotiated Sales - PM (PDF) (LM_XB403),2026-09-26T14:44:07+00:00
db994f0025f70588,2017-07-26,Beef,"Chuck, flap (116G  4)",Choice Cuts,,,,Choice,,,,,523.7,560.5,,,535.64,$/cwt,5.3564,per lb,National,wholesale,,,,,,4500.0,lb,,2453,National Daily Boxed Beef Cutout & Boxed Beef Cuts - Negotiated Sales - PM (PDF) (LM_XB403),2026-09-26T14:44:07+00:00
dd915fe298fc80f1,2017-07-26,Beef,"Chuck, flap (116G  4)",Select Cuts,,,,Select,,,,,474.0,479.0,,,476.33,$/cwt,4.7633,per lb,National,wholesale,,,,,,4699.0,lb,,2453,National Daily Boxed Beef Cutout & Boxed Beef Cuts - Negotiated Sales - PM (PDF) (LM_XB403),2026-09-26T14:44:07+00:00
96174bdcff10580a,2017-07-26,Beef,"Chuck, roll, lxl, neck/off (116A  3)",Choice Cuts,,,,Choice,,,,,239.0,270.0,,,247.76,$/cwt,2.4776,per lb,National,wholesale,,,,,,229347.0,lb,,2453,National Daily Boxed Beef Cutout & Boxed Beef Cuts - Negotiated Sales - PM (PDF) (LM_XB403),2026-09-26T14:44:07+00:00
ebcded90d81b9255,2017-07-26,Beef,"Chuck, roll, lxl, neck/off (116A  3)",Select Cuts,,,,Select,,,,,236.0,260.0,,,247.81,$/cwt,2.4781,per lb,National,wholesale,,,,,,35392.0,lb,,2453,National Daily Boxed Beef Cutout & Boxed Beef Cuts - Negotiated Sales - PM (PDF) (LM_XB403),2026-09-26T14:44:07+00:00
6e0fc1da1dd90dfc,2017-07-26,Beef,"Chuck, semi-bnls, neck/off (113C  1)",Choice Cuts,,,,Choice,,,,,201.25,224.25,,,207.35,$/cwt,2.0735,per lb,National,wholesale,,,,,,14656.0,lb,,2453,National Daily Boxed Beef Cutout & Boxed Beef Cuts - Negotiated Sales - PM (PDF) (LM_XB403),2026-09-26T14:44:07+00:00
b6c0bee1cd5ae01d,2017-07-26,Beef,"Chuck, short rib (130  4)",Choice Cuts,,,,Choice,,,,,350.0,384.0,,,368.7,$/cwt,3.687,per lb,National,wholesale,,,,,,30348.0,lb,,2453,National Daily Boxed Beef Cutout & Boxed Beef Cuts - Negotiated Sales - PM (PDF) (LM_XB403),2026-09-26T14:44:07+00:00
dec661ca22bc5bd6,2017-07-26,Beef,"Chuck, short rib (130  4)",Select Cuts,,,,Select,,,,,337.0,360.75,,,350.57,$/cwt,3.5057,per lb,National,wholesale,,,,,,14491.0,lb,,2453,National Daily Boxed Beef Cutout & Boxed Beef Cuts - Negotiated Sales - PM (PDF) (LM_XB403),2026-09-26T14:44:07+00:00
b9dbd2b472d594ad,2017-07-26,Beef,"Chuck, shoulder clod (114  1)",Choice Cuts,,,,Choice,,,,,194.68,210.54,,,199.27,$/cwt,1.9927,per lb,National,wholesale,,,,,,53104.0,lb,,2453,National Daily Boxed Beef Cutout & Boxed Beef Cuts - Negotiated Sales - PM (PDF) (LM_XB403),2026-09-26T14:44:07+00:00
2dc06c1f54dd4485,2017-07-26,Beef,"Chuck, shoulder clod (114  1)",Select Cuts,,,,Select,,,,,197.0,208.0,,,202.42,$/cwt,2.0242,per lb,National,wholesale,,,,,,45764.0,lb,,2453,National Daily Boxed Beef Cutout & Boxed Beef Cuts - Negotiated Sales - PM (PDF) (LM_XB403),2026-09-26T14:44:07+00:00
c0d9b2261cd8b5f6,2017-07-26,Beef,"Chuck, shoulder clod, trmd (114A  3)",Choice Cuts,,,,Choice,,,,,199.0,225.0,,,214.35,$/cwt,2.1435,per lb,National,wholesale,,,,,,39301.0,lb,,2453,National Daily Boxed Beef Cutout & Boxed Beef Cuts - Negotiated Sales - PM (PDF) (LM_XB403),2026-09-26T14:44:07+00:00
07944186e884fa50,2017-07-26,Beef,"Chuck, shoulder clod, trmd (114A  3)",Select Cuts,,,,Select,,,,,208.56,220.0,,,211.65,$/cwt,2.1165,per lb,National,wholesale,,,,,,25858.0,lb,,2453,National Daily Boxed Beef Cutout & Boxed Beef Cuts - Negotiated Sales - PM (PDF) (LM_XB403),2026-09-26T14:44:07+00:00
390bb4f3addf429d,2017-07-26,Beef,Cutout 600-900 lb,,,,,Select,,,,,,,,,197.87,$/cwt,1.9787,per lb,National,wholesale,,,,,,,,,2453,National Daily Boxed Beef Cutout & Boxed Beef Cuts - Negotiated Sales - PM (PDF) (LM_XB403),2026-09-26T14:44:07+00:00
6ffffb02a8ce42e5,2017-07-26,Beef,Cutout 600-900 lb,,,,,Choice,,,,,,,,,207.07,$/cwt,2.0707,per lb,National,wholesale,,,,,,,,,2453,National Daily Boxed Beef Cutout & Boxed Beef Cuts - Negotiated Sales - PM (PDF) (LM_XB403),2026-09-26T14:44:07+00:00
eca4bfa71125a031,2017-07-26,Beef,"Flank, flank steak (193  4)",Choice Cuts,,,,Choice,,,,,432.46,507.25,,,458.81,$/cwt,4.5881,per lb,National,wholesale,,,,,,63342.0,lb,,2453,National Daily Boxed Beef Cutout & Boxed Beef Cuts - Negotiated Sales - PM (PDF) (LM_XB403),2026-09-26T14:44:07+00:00
aa5f4dfa8e556b25,2017-07-26,Beef,"Flank, flank steak (193  4)",Select Cuts,,,,Select,,,,,385.0,416.64,,,393.33,$/cwt,3.9333,per lb,National,wholesale,,,,,,9421.0,lb,,2453,National Daily Boxed Beef Cutout & Boxed Beef Cuts - Negotiated Sales - PM (PDF) (LM_XB403),2026-09-26T14:44:07+00:00
8a00abfe1fac835d,2017-07-26,Beef,Ground Beef 73%,Ground Beef,,,,,,,,,167.0,188.75,,,171.74,$/cwt,1.7174,per lb,National,wholesale,,,,,,66849.0,lb,,2453,National Daily Boxed Beef Cutout & Boxed Beef Cuts - Negotiated Sales - PM (PDF) (LM_XB403),2026-09-26T14:44:07+00:00
8129b2f96d8e29ed,2017-07-26,Beef,Ground Beef 81%,Ground Beef,,,,,,,,,172.5,211.24,,,185.59,$/cwt,1.8559,per lb,National,wholesale,,,,,,373715.0,lb,,2453,National Daily Boxed Beef Cutout & Boxed Beef Cuts - Negotiated Sales - PM (PDF) (LM_XB403),2026-09-26T14:44:07+00:00
fd04a782d76206a0,2017-07-26,Beef,Ground Beef 93%,Ground Beef,,,,,,,,,315.0,324.72,,,319.29,$/cwt,3.1929,per lb,National,wholesale,,,,,,70821.0,lb,,2453,National Daily Boxed Beef Cutout & Boxed Beef Cuts - Negotiated Sales - PM (PDF) (LM_XB403),2026-09-26T14:44:07+00:00
5a3c5104e218a0eb,2017-07-26,Beef,Ground Beef Chuck,Ground Beef,,,,,,,,,191.0,210.0,,,197.31,$/cwt,1.9731,per lb,National,wholesale,,,,,,182532.0,lb,,2453,National Daily Boxed Beef Cutout & Boxed Beef Cuts - Negotiated Sales - PM (PDF) (LM_XB403),2026-09-26T14:44:07+00:00
b48be7125fa16534,2017-07-26,Beef,Ground Beef Round,Ground Beef,,,,,,,,,260.0,276.0,,,273.18,$/cwt,2.7318,per lb,National,wholesale,,,,,,17919.0,lb,,2453,National Daily Boxed Beef Cutout & Boxed Beef Cuts - Negotiated Sales - PM (PDF) (LM_XB403),2026-09-26T14:44:07+00:00
4d3617faf9ffdb97,2017-07-26,Beef,"Loin, ball-tip, bnls, heavy (185B  1)",Choice Cuts,,,,Choice,,,,,245.75,322.0,,,275.49,$/cwt,2.7549,per lb,National,wholesale,,,,,,57565.0,lb,,2453,National Daily Boxed Beef Cutout & Boxed Beef Cuts - Negotiated Sales - PM (PDF) (LM_XB403),2026-09-26T14:44:07+00:00
d96172479961b9c2,2017-07-26,Beef,"Loin, ball-tip, bnls, heavy (185B  1)",Select Cuts,,,,Select,,,,,230.0,297.0,,,241.59,$/cwt,2.4159,per lb,National,wholesale,,,,,,101432.0,lb,,2453,National Daily Boxed Beef Cutout & Boxed Beef Cuts - Negotiated Sales - PM (PDF) (LM_XB403),2026-09-26T14:44:07+00:00
afc085a7d4fad98d,2017-07-26,Beef,"Loin, bottom sirloin, flap (185A  4)",Choice Cuts,,,,Choice,,,,,405.0,527.25,,,424.07,$/cwt,4.2407,per lb,National,wholesale,,,,,,188749.0,lb,,2453,National Daily Boxed Beef Cutout & Boxed Beef Cuts - Negotiated Sales - PM (PDF) (LM_XB403),2026-09-26T14:44:07+00:00
a4cdf40432864326,2017-07-26,Beef,"Loin, bottom sirloin, flap (185A  4)",Select Cuts,,,,Select,,,,,388.0,461.25,,,395.6,$/cwt,3.956,per lb,National,wholesale,,,,,,59560.0,lb,,2453,National Daily Boxed Beef Cutout & Boxed Beef Cuts - Negotiated Sales - PM (PDF) (LM_XB403),2026-09-26T14:44:07+00:00
fffa4edcb9aa9302,2017-07-26,Beef,"Loin, butt tender, trimmed (191A  4)",Select Cuts,,,,Select,,,,,838.52,857.85,,,850.97,$/cwt,8.5097,per lb,National,wholesale,,,,,,30271.0,lb,,2453,National Daily Boxed Beef Cutout & Boxed Beef Cuts - Negotiated Sales - PM (PDF) (LM_XB403),2026-09-26T14:44:07+00:00
c233af91a9f04ee6,2017-07-26,Beef,"Loin, short loin, 0x1 (174  3)",Choice Cuts,,,,Choice,,,,,495.0,565.25,,,511.63,$/cwt,5.1163,per lb,National,wholesale,,,,,,14690.0,lb,,2453,National Daily Boxed Beef Cutout & Boxed Beef Cuts - Negotiated Sales - PM (PDF) (LM_XB403),2026-09-26T14:44:07+00:00
0a56f8151f026f5e,2017-07-26,Beef,"Loin, short loin, 0x1 (174  3)",Select Cuts,,,,Select,,,,,425.0,491.54,,,447.05,$/cwt,4.4705,per lb,National,wholesale,,,,,,29896.0,lb,,2453,National Daily Boxed Beef Cutout & Boxed Beef Cuts - Negotiated Sales - PM (PDF) (LM_XB403),2026-09-26T14:44:07+00:00
5e6cc9b2b213ca9f,2017-07-26,Beef,"Loin, sirloin, tri-tip (185C  1)",Choice Cuts,,,,Choice,,,,,288.85,341.0,,,306.19,$/cwt,3.0619,per lb,National,wholesale,,,,,,56336.0,lb,,2453,National Daily Boxed Beef Cutout & Boxed Beef Cuts - Negotiated Sales - PM (PDF) (LM_XB403),2026-09-26T14:44:07+00:00
9fbdfa99a4816c9f,2017-07-26,Beef,"Loin, sirloin, tri-tip, pld (185D  4)",Choice Cuts,,,,Choice,,,,,421.0,442.25,,,429.08,$/cwt,4.2908,per lb,National,wholesale,,,,,,6703.0,lb,,2453,National Daily Boxed Beef Cutout & Boxed Beef Cuts - Negotiated Sales - PM (PDF) (LM_XB403),2026-09-26T14:44:07+00:00
f9b6a56b20cdc197,2017-07-26,Beef,"Loin, strip loin bnls. 1x1 (  1)",Choice Cuts,,,,Choice,,,,,528.0,567.0,,,541.84,$/cwt,5.4184,per lb,National,wholesale,,,,,,4849.0,lb,,2453,National Daily Boxed Beef Cutout & Boxed Beef Cuts - Negotiated Sales - PM (PDF) (LM_XB403),2026-09-26T14:44:07+00:00
4830a5da2014cf70,2017-07-26,Beef,"Loin, strip loin, 1x1 (175  3)",Choice Cuts,,,,Choice,,,,,450.16,474.8,,,456.14,$/cwt,4.5614,per lb,National,wholesale,,,,,,33454.0,lb,,2453,National Daily Boxed Beef Cutout & Boxed Beef Cuts - Negotiated Sales - PM (PDF) (LM_XB403),2026-09-26T14:44:07+00:00
28867fc8b968a0df,2017-07-26,Beef,"Loin, strip, bnls, 0x1 (180  3)",Choice Cuts,,,,Choice,,,,,549.41,627.0,,,577.41,$/cwt,5.7741,per lb,National,wholesale,,,,,,103401.0,lb,,2453,National Daily Boxed Beef Cutout & Boxed Beef Cuts - Negotiated Sales - PM (PDF) (LM_XB403),2026-09-26T14:44:07+00:00
a509d4c0133e1141,2017-07-26,Beef,"Loin, strip, bnls, 0x1 (180  3)",Select Cuts,,,,Select,,,,,423.0,481.64,,,438.51,$/cwt,4.3851,per lb,National,wholesale,,,,,,25179.0,lb,,2453,National Daily Boxed Beef Cutout & Boxed Beef Cuts - Negotiated Sales - PM (PDF) (LM_XB403),2026-09-26T14:44:07+00:00
c3a9851077e334f0,2017-07-26,Beef,"Loin, tndrloin, trmd, heavy (189A  4)",Choice Cuts,,,,Choice,,,,,930.0,1042.0,,,943.15,$/cwt,9.4315,per lb,National,wholesale,,,,,,129285.0,lb,,2453,National Daily Boxed Beef Cutout & Boxed Beef Cuts - Negotiated Sales - PM (PDF) (LM_XB403),2026-09-26T14:44:07+00:00
801d9c2f848b0493,2017-07-26,Beef,"Loin, tndrloin, trmd, heavy (189A  4)",Select Cuts,,,,Select,,,,,918.0,970.25,,,942.02,$/cwt,9.4202,per lb,National,wholesale,,,,,,13235.0,lb,,2453,National Daily Boxed Beef Cutout & Boxed Beef Cuts - Negotiated Sales - PM (PDF) (LM_XB403),2026-09-26T14:44:07+00:00
948de2955603b416,2017-07-26,Beef,"Loin, top butt, CC (184B  3)",Choice Cuts,,,,Choice,,,,,486.5,552.0,,,492.48,$/cwt,4.9248,per lb,National,wholesale,,,,,,52747.0,lb,,2453,National Daily Boxed Beef Cutout & Boxed Beef Cuts - Negotiated Sales - PM (PDF) (LM_XB403),2026-09-26T14:44:07+00:00
9d9caf5a50fe8d21,2017-07-26,Beef,"Loin, top butt, bnls, heavy (184  1)",Choice Cuts,,,,Choice,,,,,363.64,387.0,,,371.34,$/cwt,3.7134,per lb,National,wholesale,,,,,,8760.0,lb,,2453,National Daily Boxed Beef Cutout & Boxed Beef Cuts - Negotiated Sales - PM (PDF) (LM_XB403),2026-09-26T14:44:07+00:00
2f52b4ad3edfe086,2017-07-26,Beef,"Loin, top butt, bnls, heavy (184  1)",Select Cuts,,,,Select,,,,,304.0,315.0,,,307.91,$/cwt,3.0791,per lb,National,wholesale,,,,,,3507.0,lb,,2453,National Daily Boxed Beef Cutout & Boxed Beef Cuts - Negotiated Sales - PM (PDF) (LM_XB403),2026-09-26T14:44:07+00:00
bf64885b79d86270,2017-07-26,Beef,"Loin, top butt, boneless (184  3)",Choice Cuts,,,,Choice,,,,,372.0,402.0,,,381.34,$/cwt,3.8134,per lb,National,wholesale,,,,,,64545.0,lb,,2453,National Daily Boxed Beef Cutout & Boxed Beef Cuts - Negotiated Sales - PM (PDF) (LM_XB403),2026-09-26T14:44:07+00:00
e622b642ec114bc2,2017-07-26,Beef,"Loin, top butt, boneless (184  3)",Select Cuts,,,,Select,,,,,301.08,335.0,,,308.86,$/cwt,3.0886,per lb,National,wholesale,,,,,,77880.0,lb,,2453,National Daily Boxed Beef Cutout & Boxed Beef Cuts - Negotiated Sales - PM (PDF) (LM_XB403),2026-09-26T14:44:07+00:00
4068b320f10887d8,2017-07-26,Beef,"Rib, ribeye, bnls, heavy (112A  3)",Choice Cuts,,,,Choice,,,,,677.0,730.25,,,706.38,$/cwt,7.0638,per lb,National,wholesale,,,,,,61731.0,lb,,2453,National Daily Boxed Beef Cutout & Boxed Beef Cuts - Negotiated Sales - PM (PDF) (LM_XB403),2026-09-26T14:44:07+00:00
cf9d49fdb629e7f9,2017-07-26,Beef,"Rib, ribeye, bnls, heavy (112A  3)",Select Cuts,,,,Select,,,,,591.0,655.96,,,621.61,$/cwt,6.2161,per lb,National,wholesale,,,,,,34574.0,lb,,2453,National Daily Boxed Beef Cutout & Boxed Beef Cuts - Negotiated Sales - PM (PDF) (LM_XB403),2026-09-26T14:44:07+00:00
33e27096a9e077dd,2017-07-26,Beef,"Rib, ribeye, bnls, light (112A  3)",Choice Cuts,,,,Choice,,,,,690.0,744.0,,,699.09,$/cwt,6.9909,per lb,National,wholesale,,,,,,78380.0,lb,,2453,National Daily Boxed Beef Cutout & Boxed Beef Cuts - Negotiated Sales - PM (PDF) (LM_XB403),2026-09-26T14:44:07+00:00
c853b44df8719abb,2017-07-26,Beef,"Rib, ribeye, bnls, light (112A  3)",Select Cuts,,,,Select,,,,,640.91,695.0,,,667.44,$/cwt,6.6744,per lb,National,wholesale,,,,,,3927.0,lb,,2453,National Daily Boxed Beef Cutout & Boxed Beef Cuts - Negotiated Sales - PM (PDF) (LM_XB403),2026-09-26T14:44:07+00:00
0096f77d4491f3b5,2017-07-26,Beef,"Rib, ribeye, lip-on, bn-in (109E  1)",Choice Cuts,,,,Choice,,,,,567.0,648.31,,,584.83,$/cwt,5.8483,per lb,National,wholesale,,,,,,137604.0,lb,,2453,National Daily Boxed Beef Cutout & Boxed Beef Cuts - Negotiated Sales - PM (PDF) (LM_XB403),2026-09-26T14:44:07+00:00
965bbd77d737bef8,2017-07-26,Beef,"Rib, ribeye, lip-on, bn-in (109E  1)",Select Cuts,,,,Select,,,,,542.0,585.0,,,551.97,$/cwt,5.5197,per lb,National,wholesale,,,,,,7646.0,lb,,2453,National Daily Boxed Beef Cutout & Boxed Beef Cuts - Negotiated Sales - PM (PDF) (LM_XB403),2026-09-26T14:44:07+00:00
df00c85af5455478,2017-07-26,Beef,"Round, bottom gooseneck (170  1)",Choice Cuts,,,,Choice,,,,,200.0,225.0,,,206.46,$/cwt,2.0646,per lb,National,wholesale,,,,,,1515.0,lb,,2453,National Daily Boxed Beef Cutout & Boxed Beef Cuts - Negotiated Sales - PM (PDF) (LM_XB403),2026-09-26T14:44:07+00:00
84ef27f608493108,2017-07-26,Beef,"Round, eye of round (171C  3)",Choice Cuts,,,,Choice,,,,,223.0,256.0,,,232.05,$/cwt,2.3205,per lb,National,wholesale,,,,,,54323.0,lb,,2453,National Daily Boxed Beef Cutout & Boxed Beef Cuts - Negotiated Sales - PM (PDF) (LM_XB403),2026-09-26T14:44:07+00:00
2d2d689933f4804c,2017-07-26,Beef,"Round, eye of round (171C  3)",Select Cuts,,,,Select,,,,,221.55,242.33,,,232.56,$/cwt,2.3256,per lb,National,wholesale,,,,,,59611.0,lb,,2453,National Daily Boxed Beef Cutout & Boxed Beef Cuts - Negotiated Sales - PM (PDF) (LM_XB403),2026-09-26T14:44:07+00:00
8ebca04513219320,2017-07-26,Beef,"Round, knuckle, peeled (167A  4)",Choice Cuts,,,,Choice,,,,,233.19,262.0,,,239.48,$/cwt,2.3948,per lb,National,wholesale,,,,,,83578.0,lb,,2453,National Daily Boxed Beef Cutout & Boxed Beef Cuts - Negotiated Sales - PM (PDF) (LM_XB403),2026-09-26T14:44:07+00:00
75f0d4332cc38fdc,2017-07-26,Beef,"Round, knuckle, peeled (167A  4)",Select Cuts,,,,Select,,,,,230.65,265.3,,,240.13,$/cwt,2.4013,per lb,National,wholesale,,,,,,49679.0,lb,,2453,National Daily Boxed Beef Cutout & Boxed Beef Cuts - Negotiated Sales - PM (PDF) (LM_XB403),2026-09-26T14:44:07+00:00
fcb7519607a4d477,2017-07-26,Beef,"Round, outside round (171B  3)",Choice Cuts,,,,Choice,,,,,208.75,228.0,,,218.27,$/cwt,2.1827,per lb,National,wholesale,,,,,,82787.0,lb,,2453,National Daily Boxed Beef Cutout & Boxed Beef Cuts - Negotiated Sales - PM (PDF) (LM_XB403),2026-09-26T14:44:07+00:00
30bb041e39fcaf08,2017-07-26,Beef,"Round, outside round (171B  3)",Select Cuts,,,,Select,,,,,207.0,230.0,,,217.51,$/cwt,2.1751,per lb,National,wholesale,,,,,,51417.0,lb,,2453,National Daily Boxed Beef Cutout & Boxed Beef Cuts - Negotiated Sales - PM (PDF) (LM_XB403),2026-09-26T14:44:07+00:00
601f23cc5bc17734,2017-07-26,Beef,"Round, top inside round (168  1)",Choice Cuts,,,,Choice,,,,,225.0,244.75,,,233.69,$/cwt,2.3369,per lb,National,wholesale,,,,,,49462.0,lb,,2453,National Daily Boxed Beef Cutout & Boxed Beef Cuts - Negotiated Sales - PM (PDF) (LM_XB403),2026-09-26T14:44:07+00:00
438f9bf4d3b2c021,2017-07-26,Beef,"Round, top inside round (168  1)",Select Cuts,,,,Select,,,,,225.68,236.64,,,227.99,$/cwt,2.2799,per lb,National,wholesale,,,,,,38623.0,lb,,2453,National Daily Boxed Beef Cutout & Boxed Beef Cuts - Negotiated Sales - PM (PDF) (LM_XB403),2026-09-26T14:44:07+00:00
167770b70d0bdb34,2017-07-26,Beef,"Round, top inside round (168  3)",Choice Cuts,,,,Choice,,,,,228.43,254.0,,,232.64,$/cwt,2.3264,per lb,National,wholesale,,,,,,194273.0,lb,,2453,National Daily Boxed Beef Cutout & Boxed Beef Cuts - Negotiated Sales - PM (PDF) (LM_XB403),2026-09-26T14:44:07+00:00
d771ed56d648856c,2017-07-26,Beef,"Round, top inside round (168  3)",Select Cuts,,,,Select,,,,,231.0,261.0,,,233.97,$/cwt,2.3397,per lb,National,wholesale,,,,,,63645.0,lb,,2453,National Daily Boxed Beef Cutout & Boxed Beef Cuts - Negotiated Sales - PM (PDF) (LM_XB403),2026-09-26T14:44:07+00:00
d8af213617f1e96d,2017-07-26,Beef,"Round, top inside, cap off (169A  5)",Choice Cuts,,,,Choice,,,,,273.0,318.15,,,309.33,$/cwt,3.0933,per lb,National,wholesale,,,,,,29351.0,lb,,2453,National Daily Boxed Beef Cutout & Boxed Beef Cuts - Negotiated Sales - PM (PDF) (LM_XB403),2026-09-26T14:44:07+00:00
554d04e6b4a48d74,2017-07-26,Beef,"Round, top inside, cap off (169A  5)",Select Cuts,,,,Select,,,,,292.31,292.31,,,292.31,$/cwt,2.9231,per lb,National,wholesale,,,,,,9500.0,lb,,2453,National Daily Boxed Beef Cutout & Boxed Beef Cuts - Negotiated Sales - PM (PDF) (LM_XB403),2026-09-26T14:44:07+00:00
8765696979759861,2017-07-26,Beef,"Round, top inside, denuded (169  5)",Choice Cuts,,,,Choice,,,,,263.0,294.0,,,276.4,$/cwt,2.764,per lb,National,wholesale,,,,,,29204.0,lb,,2453,National Daily Boxed Beef Cutout & Boxed Beef Cuts - Negotiated Sales - PM (PDF) (LM_XB403),2026-09-26T14:44:07+00:00
d12445f1b1e22ac3,2017-07-26,Beef,"Round, top inside, denuded (169  5)",Select Cuts,,,,Select,,,,,260.0,290.73,,,264.07,$/cwt,2.6407,per lb,National,wholesale,,,,,,23710.0,lb,,2453,National Daily Boxed Beef Cutout & Boxed Beef Cuts - Negotiated Sales - PM (PDF) (LM_XB403),2026-09-26T14:44:07+00:00
b2de137c82067f46,2017-07-26,Beef,"Short Plate, short rib (123A  3)",Choice Cuts,,,,Choice,,,,,421.0,579.25,,,457.12,$/cwt,4.5712,per lb,National,wholesale,,,,,,43628.0,lb,,2453,National Daily Boxed Beef Cutout & Boxed Beef Cuts - Negotiated Sales - PM (PDF) (LM_XB403),2026-09-26T14:44:07+00:00
3749079afec5cd85,2017-07-27,Beef,"Brisket, deckle-off, bnls (120  1)",Choice Cuts,,,,Choice,,,,,192.79,241.5,,,200.48,$/cwt,2.0048,per lb,National,wholesale,,,,,,554758.0,lb,,2453,National Daily Boxed Beef Cutout & Boxed Beef Cuts - Negotiated Sales - PM (PDF) (LM_XB403),2026-09-26T14:44:07+00:00
35b7c3f065598365,2017-07-27,Beef,"Brisket, deckle-off, bnls (120  1)",Select Cuts,,,,Select,,,,,195.0,224.5,,,197.32,$/cwt,1.9732,per lb,National,wholesale,,,,,,582137.0,lb,,2453,National Daily Boxed Beef Cutout & Boxed Beef Cuts - Negotiated Sales - PM (PDF) (LM_XB403),2026-09-26T14:44:07+00:00
a7e06d4554ce635a,2017-07-27,Beef,"Brisket, point/off, bnls (120A  3)",Choice Cuts,,,,Choice,,,,,348.0,380.0,,,367.64,$/cwt,3.6764,per lb,National,wholesale,,,,,,2933.0,lb,,2453,National Daily Boxed Beef Cutout & Boxed Beef Cuts - Negotiated Sales - PM (PDF) (LM_XB403),2026-09-26T14:44:07+00:00
1cd02ca6e5954432,2017-07-27,Beef,"Chuck, chuck tender (116B  1)",Choice Cuts,,,,Choice,,,,,225.0,251.0,,,231.08,$/cwt,2.3108,per lb,National,wholesale,,,,,,137746.0,lb,,2453,National Daily Boxed Beef Cutout & Boxed Beef Cuts - Negotiated Sales - PM (PDF) (LM_XB403),2026-09-26T14:44:07+00:00
07a268d1050b5923,2017-07-27,Beef,"Chuck, chuck tender (116B  1)",Select Cuts,,,,Select,,,,,223.0,242.0,,,231.32,$/cwt,2.3132,per lb,National,wholesale,,,,,,25752.0,lb,,2453,National Daily Boxed Beef Cutout & Boxed Beef Cuts - Negotiated Sales - PM (PDF) (LM_XB403),2026-09-26T14:44:07+00:00
b803054d0a5879b3,2017-07-27,Beef,"Chuck, clod tender (114F  5)",Choice Cuts,,,,Choice,,,,,300.0,341.7,,,325.54,$/cwt,3.2554,per lb,National,wholesale,,,,,,36121.0,lb,,2453,National Daily Boxed Beef Cutout & Boxed Beef Cuts - Negotiated Sales - PM (PDF) (LM_XB403),2026-09-26T14:44:07+00:00
3d7f40c48b6dc1fe,2017-07-27,Beef,"Chuck, clod tender (114F  5)",Select Cuts,,,,Select,,,,,286.0,330.0,,,295.27,$/cwt,2.9527,per lb,National,wholesale,,,,,,15389.0,lb,,2453,National Daily Boxed Beef Cutout & Boxed Beef Cuts - Negotiated Sales - PM (PDF) (LM_XB403),2026-09-26T14:44:07+00:00
743b2eda7349dd1a,2017-07-27,Beef,"Chuck, clod, arm roast (114E  3)",Choice Cuts,,,,Choice,,,,,235.0,267.0,,,242.46,$/cwt,2.4246,per lb,National,wholesale,,,,,,17178.0,lb,,2453,National Daily Boxed Beef Cutout & Boxed Beef Cuts - Negotiated Sales - PM (PDF) (LM_XB403),2026-09-26T14:44:07+00:00
2a3d00e565aa21ae,2017-07-27,Beef,"Chuck, flap (116G  4)",Choice Cuts,,,,Choice,,,,,473.72,567.0,,,485.36,$/cwt,4.8536,per lb,National,wholesale,,,,,,21822.0,lb,,2453,National Daily Boxed Beef Cutout & Boxed Beef Cuts - Negotiated Sales - PM (PDF) (LM_XB403),2026-09-26T14:44:07+00:00
340519408bf1881a,2017-07-27,Beef,"Chuck, flap (116G  4)",Select Cuts,,,,Select,,,,,469.0,501.5,,,479.58,$/cwt,4.7958,per lb,National,wholesale,,,,,,9149.0,lb,,2453,National Daily Boxed Beef Cutout & Boxed Beef Cuts - Negotiated Sales - PM (PDF) (LM_XB403),2026-09-26T14:44:07+00:00
f51cf9de9fead6c7,2017-07-27,Beef,"Chuck, roll, lxl, neck/off (116A  3)",Choice Cuts,,,,Choice,,,,,240.0,270.0,,,245.75,$/cwt,2.4575,per lb,National,wholesale,,,,,,150311.0,lb,,2453,National Daily Boxed Beef Cutout & Boxed Beef Cuts - Negotiated Sales - PM (PDF) (LM_XB403),2026-09-26T14:44:07+00:00
1a8263ba16285cf5,2017-07-27,Beef,"Chuck, roll, lxl, neck/off (116A  3)",Select Cuts,,,,Select,,,,,238.0,259.0,,,245.84,$/cwt,2.4584,per lb,National,wholesale,,,,,,57491.0,lb,,2453,National Daily Boxed Beef Cutout & Boxed Beef Cuts - Negotiated Sales - PM (PDF) (LM_XB403),2026-09-26T14:44:07+00:00
ae49d940b5677988,2017-07-27,Beef,"Chuck, roll, retail ready (916A  3)",Choice Cuts,,,,Choice,,,,,253.59,274.16,,,269.48,$/cwt,2.6948,per lb,National,wholesale,,,,,,54903.0,lb,,2453,National Daily Boxed Beef Cutout & Boxed Beef Cuts - Negotiated Sales - PM (PDF) (LM_XB403),2026-09-26T14:44:07+00:00
4c18bbed9c38c5c2,2017-07-27,Beef,"Chuck, semi-bnls, neck/off (113C  1)",Choice Cuts,,,,Choice,,,,,210.0,216.0,,,212.23,$/cwt,2.1223,per lb,National,wholesale,,,,,,4693.0,lb,,2453,National Daily Boxed Beef Cutout & Boxed Beef Cuts - Negotiated Sales - PM (PDF) (LM_XB403),2026-09-26T14:44:07+00:00
937aef57f75bfcf6,2017-07-27,Beef,"Chuck, semi-bnls, neck/off (113C  1)",Select Cuts,,,,Select,,,,,206.75,214.0,,,207.61,$/cwt,2.0761,per lb,National,wholesale,,,,,,22719.0,lb,,2453,National Daily Boxed Beef Cutout & Boxed Beef Cuts - Negotiated Sales - PM (PDF) (LM_XB403),2026-09-26T14:44:07+00:00
66dc035210960db7,2017-07-27,Beef,"Chuck, short rib (130  4)",Choice Cuts,,,,Choice,,,,,336.0,387.0,,,353.8,$/cwt,3.538,per lb,National,wholesale,,,,,,104740.0,lb,,2453,National Daily Boxed Beef Cutout & Boxed Beef Cuts - Negotiated Sales - PM (PDF) (LM_XB403),2026-09-26T14:44:07+00:00
12cc7cdf995296eb,2017-07-27,Beef,"Chuck, short rib (130  4)",Select Cuts,,,,Select,,,,,337.0,386.76,,,353.55,$/cwt,3.5355,per lb,National,wholesale,,,,,,14064.0,lb,,2453,National Daily Boxed Beef Cutout & Boxed Beef Cuts - Negotiated Sales - PM (PDF) (LM_XB403),2026-09-26T14:44:07+00:00
632cdb72b6d3c09e,2017-07-27,Beef,"Chuck, shoulder clod (114  1)",Choice Cuts,,,,Choice,,,,,197.0,210.0,,,200.14,$/cwt,2.0014,per lb,National,wholesale,,,,,,28414.0,lb,,2453,National Daily Boxed Beef Cutout & Boxed Beef Cuts - Negotiated Sales - PM (PDF) (LM_XB403),2026-09-26T14:44:07+00:00
8e7ad123c00c35c9,2017-07-27,Beef,"Chuck, shoulder clod (114  1)",Select Cuts,,,,Select,,,,,197.0,205.25,,,201.02,$/cwt,2.0102,per lb,National,wholesale,,,,,,16677.0,lb,,2453,National Daily Boxed Beef Cutout & Boxed Beef Cuts - Negotiated Sales - PM (PDF) (LM_XB403),2026-09-26T14:44:07+00:00
3f5db5f25165064b,2017-07-27,Beef,"Chuck, shoulder clod, trmd (114A  3)",Choice Cuts,,,,Choice,,,,,207.95,224.5,,,218.9,$/cwt,2.189,per lb,National,wholesale,,,,,,45526.0,lb,,2453,National Daily Boxed Beef Cutout & Boxed Beef Cuts - Negotiated Sales - PM (PDF) (LM_XB403),2026-09-26T14:44:07+00:00
258f17533a6bbc86,2017-07-27,Beef,"Chuck, shoulder clod, trmd (114A  3)",Select Cuts,,,,Select,,,,,207.95,225.0,,,217.51,$/cwt,2.1751,per lb,National,wholesale,,,,,,5032.0,lb,,2453,National Daily Boxed Beef Cutout & Boxed Beef Cuts - Negotiated Sales - PM (PDF) (LM_XB403),2026-09-26T14:44:07+00:00
15ebd7d5dfd4d575,2017-07-27,Beef,Cutout 600-900 lb,,,,,Select,,,,,,,,,196.66,$/cwt,1.9666,per lb,National,wholesale,,,,,,,,,2453,National Daily Boxed Beef Cutout & Boxed Beef Cuts - Negotiated Sales - PM (PDF) (LM_XB403),2026-09-26T14:44:07+00:00
dd861656393154d5,2017-07-27,Beef,Cutout 600-900 lb,,,,,Choice,,,,,,,,,206.43,$/cwt,2.0643,per lb,National,wholesale,,,,,,,,,2453,National Daily Boxed Beef Cutout & Boxed Beef Cuts - Negotiated Sales - PM (PDF) (LM_XB403),2026-09-26T14:44:07+00:00
ea9f36757d64db97,2017-07-27,Beef,"Flank, flank steak (193  4)",Choice Cuts,,,,Choice,,,,,424.16,522.0,,,443.58,$/cwt,4.4358,per lb,National,wholesale,,,,,,42244.0,lb,,2453,National Daily Boxed Beef Cutout & Boxed Beef Cuts - Negotiated Sales - PM (PDF) (LM_XB403),2026-09-26T14:44:07+00:00
c63e3e260874fae6,2017-07-27,Beef,"Flank, flank steak (193  4)",Select Cuts,,,,Select,,,,,380.5,440.0,,,391.48,$/cwt,3.9148,per lb,National,wholesale,,,,,,3912.0,lb,,2453,National Daily Boxed Beef Cutout & Boxed Beef Cuts - Negotiated Sales - PM (PDF) (LM_XB403),2026-09-26T14:44:07+00:00
f5d1f99a59c166a2,2017-07-27,Beef,Ground Beef 73%,Ground Beef,,,,,,,,,162.0,182.52,,,166.5,$/cwt,1.665,per lb,National,wholesale,,,,,,179402.0,lb,,2453,National Daily Boxed Beef Cutout & Boxed Beef Cuts - Negotiated Sales - PM (PDF) (LM_XB403),2026-09-26T14:44:07+00:00
2d84b3300f80d0db,2017-07-27,Beef,Ground Beef 81%,Ground Beef,,,,,,,,,173.5,206.0,,,183.73,$/cwt,1.8373,per lb,National,wholesale,,,,,,192479.0,lb,,2453,National Daily Boxed Beef Cutout & Boxed Beef Cuts - Negotiated Sales - PM (PDF) (LM_XB403),2026-09-26T14:44:07+00:00
ec2f69c56e4c2d02,2017-07-27,Beef,Ground Beef 93%,Ground Beef,,,,,,,,,309.25,328.22,,,315.3,$/cwt,3.153,per lb,National,wholesale,,,,,,5995.0,lb,,2453,National Daily Boxed Beef Cutout & Boxed Beef Cuts - Negotiated Sales - PM (PDF) (LM_XB403),2026-09-26T14:44:07+00:00
5ff6db6cafee25f7,2017-07-27,Beef,Ground Beef Chuck,Ground Beef,,,,,,,,,182.5,209.75,,,189.97,$/cwt,1.8997,per lb,National,wholesale,,,,,,101020.0,lb,,2453,National Daily Boxed Beef Cutout & Boxed Beef Cuts - Negotiated Sales - PM (PDF) (LM_XB403),2026-09-26T14:44:07+00:00
27fa8b43c403c5cd,2017-07-27,Beef,Ground Beef Round,Ground Beef,,,,,,,,,262.0,271.75,,,268.38,$/cwt,2.6838,per lb,National,wholesale,,,,,,5579.0,lb,,2453,National Daily Boxed Beef Cutout & Boxed Beef Cuts - Negotiated Sales - PM (PDF) (LM_XB403),2026-09-26T14:44:07+00:00
5f2b53da91e4bfcd,2017-07-27,Beef,"Loin, ball-tip, bnls, heavy (185B  1)",Choice Cuts,,,,Choice,,,,,240.0,285.75,,,249.93,$/cwt,2.4993,per lb,National,wholesale,,,,,,57454.0,lb,,2453,National Daily Boxed Beef Cutout & Boxed Beef Cuts - Negotiated Sales - PM (PDF) (LM_XB403),2026-09-26T14:44:07+00:00
cd8ae7a3e3eebeda,2017-07-27,Beef,"Loin, ball-tip, bnls, heavy (185B  1)",Select Cuts,,,,Select,,,,,228.64,250.0,,,235.03,$/cwt,2.3503,per lb,National,wholesale,,,,,,37217.0,lb,,2453,National Daily Boxed Beef Cutout & Boxed Beef Cuts - Negotiated Sales - PM (PDF) (LM_XB403),2026-09-26T14:44:07+00:00
0cdfc269541d2ad4,2017-07-27,Beef,"Loin, bottom sirloin, flap (185A  4)",Choice Cuts,,,,Choice,,,,,390.0,536.5,,,415.47,$/cwt,4.1547,per lb,National,wholesale,,,,,,200556.0,lb,,2453,National Daily Boxed Beef Cutout & Boxed Beef Cuts - Negotiated Sales - PM (PDF) (LM_XB403),2026-09-26T14:44:07+00:00
3897953abff58f8d,2017-07-27,Beef,"Loin, bottom sirloin, flap (185A  4)",Select Cuts,,,,Select,,,,,394.0,461.25,,,422.63,$/cwt,4.2263,per lb,National,wholesale,,,,,,10740.0,lb,,2453,National Daily Boxed Beef Cutout & Boxed Beef Cuts - Negotiated Sales - PM (PDF) (LM_XB403),2026-09-26T14:44:07+00:00
5809e32286bd9a32,2017-07-27,Beef,"Loin, butt tender, trimmed (191A  4)",Select Cuts,,,,Select,,,,,839.26,860.3,,,847.52,$/cwt,8.4752,per lb,National,wholesale,,,,,,4684.0,lb,,2453,National Daily Boxed Beef Cutout & Boxed Beef Cuts - Negotiated Sales - PM (PDF) (LM_XB403),2026-09-26T14:44:07+00:00
1be58341e5f9f573,2017-07-27,Beef,"Loin, short loin, 0x1 (174  3)",Choice Cuts,,,,Choice,,,,,500.0,565.75,,,509.84,$/cwt,5.0984,per lb,National,wholesale,,,,,,140752.0,lb,,2453,National Daily Boxed Beef Cutout & Boxed Beef Cuts - Negotiated Sales - PM (PDF) (LM_XB403),2026-09-26T14:44:07+00:00
18ef67e83f67fa7d,2017-07-27,Beef,"Loin, short loin, 0x1 (174  3)",Select Cuts,,,,Select,,,,,435.0,475.0,,,446.3,$/cwt,4.463,per lb,National,wholesale,,,,,,6124.0,lb,,2453,National Daily Boxed Beef Cutout & Boxed Beef Cuts - Negotiated Sales - PM (PDF) (LM_XB403),2026-09-26T14:44:07+00:00
a04e11cb8d812d63,2017-07-27,Beef,"Loin, sirloin, tri-tip (185C  1)",Choice Cuts,,,,Choice,,,,,285.0,332.0,,,295.98,$/cwt,2.9598,per lb,National,wholesale,,,,,,18319.0,lb,,2453,National Daily Boxed Beef Cutout & Boxed Beef Cuts - Negotiated Sales - PM (PDF) (LM_XB403),2026-09-26T14:44:07+00:00
b5d7c6fac702300a,2017-07-27,Beef,"Loin, sirloin, tri-tip (185C  1)",Select Cuts,,,,Select,,,,,277.0,320.0,,,281.72,$/cwt,2.8172,per lb,National,wholesale,,,,,,38405.0,lb,,2453,National Daily Boxed Beef Cutout & Boxed Beef Cuts - Negotiated Sales - PM (PDF) (LM_XB403),2026-09-26T14:44:07+00:00
292e4c4f7ed25cb9,2017-07-27,Beef,"Loin, sirloin, tri-tip, pld (185D  4)",Choice Cuts,,,,Choice,,,,,365.0,446.5,,,369.17,$/cwt,3.6917,per lb,National,wholesale,,,,,,44581.0,lb,,2453,National Daily Boxed Beef Cutout & Boxed Beef Cuts - Negotiated Sales - PM (PDF) (LM_XB403),2026-09-26T14:44:07+00:00
3fac3c59795c7aae,2017-07-27,Beef,"Loin, strip loin, 1x1 (175  3)",Choice Cuts,,,,Choice,,,,,456.16,506.75,,,463.83,$/cwt,4.6383,per lb,National,wholesale,,,,,,9869.0,lb,,2453,National Daily Boxed Beef Cutout & Boxed Beef Cuts - Negotiated Sales - PM (PDF) (LM_XB403),2026-09-26T14:44:07+00:00
e176af398803e616,2017-07-27,Beef,"Loin, strip, bnls, 0x1 (180  3)",Choice Cuts,,,,Choice,,,,,539.0,625.0,,,557.77,$/cwt,5.5777,per lb,National,wholesale,,,,,,140053.0,lb,,2453,National Daily Boxed Beef Cutout & Boxed Beef Cuts - Negotiated Sales - PM (PDF) (LM_XB403),2026-09-26T14:44:07+00:00
dc8df9063c3f02e0,2017-07-27,Beef,"Loin, strip, bnls, 0x1 (180  3)",Select Cuts,,,,Select,,,,,415.0,482.46,,,425.68,$/cwt,4.2568,per lb,National,wholesale,,,,,,70201.0,lb,,2453,National Daily Boxed Beef Cutout & Boxed Beef Cuts - Negotiated Sales - PM (PDF) (LM_XB403),2026-09-26T14:44:07+00:00
4334fbd0c01acbf3,2017-07-27,Beef,"Loin, tndrloin, trmd, heavy (189A  4)",Choice Cuts,,,,Choice,,,,,919.0,1028.5,,,941.17,$/cwt,9.4117,per lb,National,wholesale,,,,,,77050.0,lb,,2453,National Daily Boxed Beef Cutout & Boxed Beef Cuts - Negotiated Sales - PM (PDF) (LM_XB403),2026-09-26T14:44:07+00:00
2afd4184f4b212db,2017-07-27,Beef,"Loin, tndrloin, trmd, heavy (189A  4)",Select Cuts,,,,Select,,,,,875.0,955.35,,,929.51,$/cwt,9.2951,per lb,National,wholesale,,,,,,7478.0,lb,,2453,National Daily Boxed Beef Cutout & Boxed Beef Cuts - Negotiated Sales - PM (PDF) (LM_XB403),2026-09-26T14:44:07+00:00
5426af1a00465511,2017-07-27,Beef,"Loin, top butt, CC (184B  3)",Choice Cuts,,,,Choice,,,,,531.5,571.5,,,538.29,$/cwt,5.3829,per lb,National,wholesale,,,,,,11873.0,lb,,2453,National Daily Boxed Beef Cutout & Boxed Beef Cuts - Negotiated Sales - PM (PDF) (LM_XB403),2026-09-26T14:44:07+00:00
cea1b85f940b486d,2017-07-27,Beef,"Loin, top butt, bnls, heavy (184  1)",Select Cuts,,,,Select,,,,,289.54,350.8,,,327.13,$/cwt,3.2713,per lb,National,wholesale,,,,,,45688.0,lb,,2453,National Daily Boxed Beef Cutout & Boxed Beef Cuts - Negotiated Sales - PM (PDF) (LM_XB403),2026-09-26T14:44:07+00:00
dee04d1683bdb18c,2017-07-27,Beef,"Loin, top butt, boneless (184  3)",Choice Cuts,,,,Choice,,,,,370.75,402.0,,,381.12,$/cwt,3.8112,per lb,National,wholesale,,,,,,217986.0,lb,,2453,National Daily Boxed Beef Cutout & Boxed Beef Cuts - Negotiated Sales - PM (PDF) (LM_XB403),2026-09-26T14:44:07+00:00
d4f4bd4c96c21529,2017-07-27,Beef,"Loin, top butt, boneless (184  3)",Select Cuts,,,,Select,,,,,292.0,342.0,,,323.93,$/cwt,3.2393,per lb,National,wholesale,,,,,,34225.0,lb,,2453,National Daily Boxed Beef Cutout & Boxed Beef Cuts - Negotiated Sales - PM (PDF) (LM_XB403),2026-09-26T14:44:07+00:00
639f98188490f4b2,2017-07-27,Beef,"Rib, ribeye, bnls, heavy (112A  3)",Choice Cuts,,,,Choice,,,,,680.0,730.0,,,690.81,$/cwt,6.9081,per lb,National,wholesale,,,,,,92182.0,lb,,2453,National Daily Boxed Beef Cutout & Boxed Beef Cuts - Negotiated Sales - PM (PDF) (LM_XB403),2026-09-26T14:44:07+00:00
22c05fe89c16b6f7,2017-07-27,Beef,"Rib, ribeye, bnls, heavy (112A  3)",Select Cuts,,,,Select,,,,,586.0,664.25,,,601.1,$/cwt,6.011,per lb,National,wholesale,,,,,,74359.0,lb,,2453,National Daily Boxed Beef Cutout & Boxed Beef Cuts - Negotiated Sales - PM (PDF) (LM_XB403),2026-09-26T14:44:07+00:00
ee3ede7e98519314,2017-07-27,Beef,"Rib, ribeye, bnls, light (112A  3)",Choice Cuts,,,,Choice,,,,,683.0,725.25,,,694.72,$/cwt,6.9472,per lb,National,wholesale,,,,,,59280.0,lb,,2453,National Daily Boxed Beef Cutout & Boxed Beef Cuts - Negotiated Sales - PM (PDF) (LM_XB403),2026-09-26T14:44:07+00:00
97c2dfa24e4ba63c,2017-07-27,Beef,"Rib, ribeye, bnls, light (112A  3)",Select Cuts,,,,Select,,,,,586.0,700.0,,,594.37,$/cwt,5.9437,per lb,National,wholesale,,,,,,35894.0,lb,,2453,National Daily Boxed Beef Cutout & Boxed Beef Cuts - Negotiated Sales - PM (PDF) (LM_XB403),2026-09-26T14:44:07+00:00
ab22c91dc172fb0a,2017-07-27,Beef,"Rib, ribeye, lip-on, bn-in (109E  1)",Choice Cuts,,,,Choice,,,,,590.5,651.5,,,599.29,$/cwt,5.9929,per lb,National,wholesale,,,,,,83702.0,lb,,2453,National Daily Boxed Beef Cutout & Boxed Beef Cuts - Negotiated Sales - PM (PDF) (LM_XB403),2026-09-26T14:44:07+00:00
464ad6ad8ca6d678,2017-07-27,Beef,"Rib, ribeye, lip-on, bn-in (109E  1)",Select Cuts,,,,Select,,,,,534.0,576.19,,,555.15,$/cwt,5.5515,per lb,National,wholesale,,,,,,40120.0,lb,,2453,National Daily Boxed Beef Cutout & Boxed Beef Cuts - Negotiated Sales - PM (PDF) (LM_XB403),2026-09-26T14:44:07+00:00
7496c79839686769,2017-07-27,Beef,"Round, bottom gooseneck (170  1)",Choice Cuts,,,,Choice,,,,,194.43,219.25,,,205.78,$/cwt,2.0578,per lb,National,wholesale,,,,,,6900.0,lb,,2453,National Daily Boxed Beef Cutout & Boxed Beef Cuts - Negotiated Sales - PM (PDF) (LM_XB403),2026-09-26T14:44:07+00:00
e5b48356eaffe9a7,2017-07-27,Beef,"Round, eye of round (171C  3)",Choice Cuts,,,,Choice,,,,,221.0,247.0,,,228.92,$/cwt,2.2892,per lb,National,wholesale,,,,,,85270.0,lb,,2453,National Daily Boxed Beef Cutout & Boxed Beef Cuts - Negotiated Sales - PM (PDF) (LM_XB403),2026-09-26T14:44:07+00:00
86b7b81a73e9e4d6,2017-07-27,Beef,"Round, eye of round (171C  3)",Select Cuts,,,,Select,,,,,223.0,235.3,,,231.57,$/cwt,2.3157,per lb,National,wholesale,,,,,,15989.0,lb,,2453,National Daily Boxed Beef Cutout & Boxed Beef Cuts - Negotiated Sales - PM (PDF) (LM_XB403),2026-09-26T14:44:07+00:00
cef9192df1876ff7,2017-07-27,Beef,"Round, knuckle, peeled (167A  4)",Choice Cuts,,,,Choice,,,,,225.0,265.25,,,235.17,$/cwt,2.3517,per lb,National,wholesale,,,,,,248858.0,lb,,2453,National Daily Boxed Beef Cutout & Boxed Beef Cuts - Negotiated Sales - PM (PDF) (LM_XB403),2026-09-26T14:44:07+00:00
efde4894ee726955,2017-07-27,Beef,"Round, knuckle, peeled (167A  4)",Select Cuts,,,,Select,,,,,226.0,251.5,,,227.38,$/cwt,2.2738,per lb,National,wholesale,,,,,,166446.0,lb,,2453,National Daily Boxed Beef Cutout & Boxed Beef Cuts - Negotiated Sales - PM (PDF) (LM_XB403),2026-09-26T14:44:07+00:00
a95fccc5af812b9d,2017-07-27,Beef,"Round, outside round (171B  3)",Choice Cuts,,,,Choice,,,,,204.27,232.0,,,216.35,$/cwt,2.1635,per lb,National,wholesale,,,,,,219354.0,lb,,2453,National Daily Boxed Beef Cutout & Boxed Beef Cuts - Negotiated Sales - PM (PDF) (LM_XB403),2026-09-26T14:44:07+00:00
d1572c123d7a11f3,2017-07-27,Beef,"Round, outside round (171B  3)",Select Cuts,,,,Select,,,,,214.0,225.0,,,217.47,$/cwt,2.1747,per lb,National,wholesale,,,,,,89751.0,lb,,2453,National Daily Boxed Beef Cutout & Boxed Beef Cuts - Negotiated Sales - PM (PDF) (LM_XB403),2026-09-26T14:44:07+00:00
d83bf3e8ab17576f,2017-07-27,Beef,"Round, top inside round (168  1)",Choice Cuts,,,,Choice,,,,,225.0,232.0,,,226.16,$/cwt,2.2616,per lb,National,wholesale,,,,,,61805.0,lb,,2453,National Daily Boxed Beef Cutout & Boxed Beef Cuts - Negotiated Sales - PM (PDF) (LM_XB403),2026-09-26T14:44:07+00:00
ecedffbf68e8a3aa,2017-07-27,Beef,"Round, top inside round (168  1)",Select Cuts,,,,Select,,,,,228.0,233.75,,,229.45,$/cwt,2.2945,per lb,National,wholesale,,,,,,3283.0,lb,,2453,National Daily Boxed Beef Cutout & Boxed Beef Cuts - Negotiated Sales - PM (PDF) (LM_XB403),2026-09-26T14:44:07+00:00
46edfb1f85226086,2017-07-27,Beef,"Round, top inside round (168  3)",Choice Cuts,,,,Choice,,,,,228.0,255.0,,,230.56,$/cwt,2.3056,per lb,National,wholesale,,,,,,166023.0,lb,,2453,National Daily Boxed Beef Cutout & Boxed Beef Cuts - Negotiated Sales - PM (PDF) (LM_XB403),2026-09-26T14:44:07+00:00
8b52666715a1e5c2,2017-07-27,Beef,"Round, top inside round (168  3)",Select Cuts,,,,Select,,,,,227.0,252.0,,,232.14,$/cwt,2.3214,per lb,National,wholesale,,,,,,108907.0,lb,,2453,National Daily Boxed Beef Cutout & Boxed Beef Cuts - Negotiated Sales - PM (PDF) (LM_XB403),2026-09-26T14:44:07+00:00
40a7efc7d6d0bb14,2017-07-27,Beef,"Round, top inside, cap off (169A  5)",Choice Cuts,,,,Choice,,,,,273.0,331.5,,,295.39,$/cwt,2.9539,per lb,National,wholesale,,,,,,85867.0,lb,,2453,National Daily Boxed Beef Cutout & Boxed Beef Cuts - Negotiated Sales - PM (PDF) (LM_XB403),2026-09-26T14:44:07+00:00
6cf0a2a5a7717be1,2017-07-27,Beef,"Round, top inside, denuded (169  5)",Choice Cuts,,,,Choice,,,,,262.0,284.0,,,276.06,$/cwt,2.7606,per lb,National,wholesale,,,,,,60737.0,lb,,2453,National Daily Boxed Beef Cutout & Boxed Beef Cuts - Negotiated Sales - PM (PDF) (LM_XB403),2026-09-26T14:44:07+00:00
5f66c82f513f8771,2017-07-27,Beef,"Short Plate, short rib (123A  3)",Choice Cuts,,,,Choice,,,,,406.0,586.0,,,463.31,$/cwt,4.6331,per lb,National,wholesale,,,,,,19289.0,lb,,2453,National Daily Boxed Beef Cutout & Boxed Beef Cuts - Negotiated Sales - PM (PDF) (LM_XB403),2026-09-26T14:44:07+00:00
c57f587bde082f58,2017-07-28,Beef,"Brisket, deckle-off, bnls (120  1)",Choice Cuts,,,,Choice,,,,,197.47,226.5,,,204.09,$/cwt,2.0409,per lb,National,wholesale,,,,,,104882.0,lb,,2453,National Daily Boxed Beef Cutout & Boxed Beef Cuts - Negotiated Sales - PM (PDF) (LM_XB403),2026-09-26T14:44:07+00:00
9d0785474dec968c,2017-07-28,Beef,"Brisket, deckle-off, bnls (120  1)",Select Cuts,,,,Select,,,,,190.9,203.83,,,201.89,$/cwt,2.0189,per lb,National,wholesale,,,,,,1806.0,lb,,2453,National Daily Boxed Beef Cutout & Boxed Beef Cuts - Negotiated Sales - PM (PDF) (LM_XB403),2026-09-26T14:44:07+00:00
eb3782fab033bdb7,2017-07-28,Beef,"Brisket, point/off, bnls (120A  3)",Choice Cuts,,,,Choice,,,,,365.0,398.9,,,369.67,$/cwt,3.6967,per lb,National,wholesale,,,,,,10550.0,lb,,2453,National Daily Boxed Beef Cutout & Boxed Beef Cuts - Negotiated Sales - PM (PDF) (LM_XB403),2026-09-26T14:44:07+00:00
84c694fb487e31cc,2017-07-28,Beef,"Chuck, chuck tender (116B  1)",Choice Cuts,,,,Choice,,,,,225.0,242.0,,,231.27,$/cwt,2.3127,per lb,National,wholesale,,,,,,29201.0,lb,,2453,National Daily Boxed Beef Cutout & Boxed Beef Cuts - Negotiated Sales - PM (PDF) (LM_XB403),2026-09-26T14:44:07+00:00
073ece1d24e639d2,2017-07-28,Beef,"Chuck, chuck tender (116B  1)",Select Cuts,,,,Select,,,,,225.0,251.5,,,231.79,$/cwt,2.3179,per lb,National,wholesale,,,,,,12544.0,lb,,2453,National Daily Boxed Beef Cutout & Boxed Beef Cuts - Negotiated Sales - PM (PDF) (LM_XB403),2026-09-26T14:44:07+00:00
c4501a7c99c99bf5,2017-07-28,Beef,"Chuck, clod tender (114F  5)",Choice Cuts,,,,Choice,,,,,320.0,335.75,,,322.58,$/cwt,3.2258,per lb,National,wholesale,,,,,,4993.0,lb,,2453,National Daily Boxed Beef Cutout & Boxed Beef Cuts - Negotiated Sales - PM (PDF) (LM_XB403),2026-09-26T14:44:07+00:00
d954ad8fa3a27a3f,2017-07-28,Beef,"Chuck, clod tender (114F  5)",Select Cuts,,,,Select,,,,,282.25,301.31,,,287.14,$/cwt,2.8714,per lb,National,wholesale,,,,,,52246.0,lb,,2453,National Daily Boxed Beef Cutout & Boxed Beef Cuts - Negotiated Sales - PM (PDF) (LM_XB403),2026-09-26T14:44:07+00:00
e19356b5f5149029,2017-07-28,Beef,"Chuck, flap (116G  4)",Choice Cuts,,,,Choice,,,,,523.37,565.75,,,538.45,$/cwt,5.3845,per lb,National,wholesale,,,,,,12982.0,lb,,2453,National Daily Boxed Beef Cutout & Boxed Beef Cuts - Negotiated Sales - PM (PDF) (LM_XB403),2026-09-26T14:44:07+00:00
f4ddfc082be6b73e,2017-07-28,Beef,"Chuck, flap (116G  4)",Select Cuts,,,,Select,,,,,454.0,476.52,,,470.73,$/cwt,4.7073,per lb,National,wholesale,,,,,,2865.0,lb,,2453,National Daily Boxed Beef Cutout & Boxed Beef Cuts - Negotiated Sales - PM (PDF) (LM_XB403),2026-09-26T14:44:07+00:00
428e16c4b95aa0e3,2017-07-28,Beef,"Chuck, roll, lxl, neck/off (116A  3)",Choice Cuts,,,,Choice,,,,,245.0,276.6,,,260.27,$/cwt,2.6027,per lb,National,wholesale,,,,,,51397.0,lb,,2453,National Daily Boxed Beef Cutout & Boxed Beef Cuts - Negotiated Sales - PM (PDF) (LM_XB403),2026-09-26T14:44:07+00:00
5c9875895d79818c,2017-07-28,Beef,"Chuck, roll, lxl, neck/off (116A  3)",Select Cuts,,,,Select,,,,,235.0,261.5,,,243.08,$/cwt,2.4308,per lb,National,wholesale,,,,,,101610.0,lb,,2453,National Daily Boxed Beef Cutout & Boxed Beef Cuts - Negotiated Sales - PM (PDF) (LM_XB403),2026-09-26T14:44:07+00:00
e54bb7724d499f04,2017-07-28,Beef,"Chuck, short rib (130  4)",Choice Cuts,,,,Choice,,,,,355.0,389.0,,,367.33,$/cwt,3.6733,per lb,National,wholesale,,,,,,32034.0,lb,,2453,National Daily Boxed Beef Cutout & Boxed Beef Cuts - Negotiated Sales - PM (PDF) (LM_XB403),2026-09-26T14:44:07+00:00
fcf4ff3b99851d88,2017-07-28,Beef,"Chuck, shoulder clod (114  1)",Choice Cuts,,,,Choice,,,,,199.37,205.0,,,202.42,$/cwt,2.0242,per lb,National,wholesale,,,,,,27735.0,lb,,2453,National Daily Boxed Beef Cutout & Boxed Beef Cuts - Negotiated Sales - PM (PDF) (LM_XB403),2026-09-26T14:44:07+00:00
a3bf146d9e620760,2017-07-28,Beef,"Chuck, shoulder clod (114  1)",Select Cuts,,,,Select,,,,,197.0,221.5,,,205.35,$/cwt,2.0535,per lb,National,wholesale,,,,,,23174.0,lb,,2453,National Daily Boxed Beef Cutout & Boxed Beef Cuts - Negotiated Sales - PM (PDF) (LM_XB403),2026-09-26T14:44:07+00:00
4f6b6dcf97a29474,2017-07-28,Beef,"Chuck, shoulder clod, trmd (114A  3)",Choice Cuts,,,,Choice,,,,,213.0,231.5,,,218.21,$/cwt,2.1821,per lb,National,wholesale,,,,,,46820.0,lb,,2453,National Daily Boxed Beef Cutout & Boxed Beef Cuts - Negotiated Sales - PM (PDF) (LM_XB403),2026-09-26T14:44:07+00:00
c2cca342d42a86ae,2017-07-28,Beef,Cutout 600-900 lb,,,,,Select,,,,,,,,,196.82,$/cwt,1.9682,per lb,National,wholesale,,,,,,,,,2453,National Daily Boxed Beef Cutout & Boxed Beef Cuts - Negotiated Sales - PM (PDF) (LM_XB403),2026-09-26T14:44:07+00:00
d6fcbc22365038b3,2017-07-28,Beef,Cutout 600-900 lb,,,,,Choice,,,,,,,,,206.22,$/cwt,2.0622,per lb,National,wholesale,,,,,,,,,2453,National Daily Boxed Beef Cutout & Boxed Beef Cuts - Negotiated Sales - PM (PDF) (LM_XB403),2026-09-26T14:44:07+00:00
047b9c4aa185adb1,2017-07-28,Beef,"Flank, flank steak (193  4)",Choice Cuts,,,,Choice,,,,,428.44,500.0,,,453.43,$/cwt,4.5343,per lb,National,wholesale,,,,,,49218.0,lb,,2453,National Daily Boxed Beef Cutout & Boxed Beef Cuts - Negotiated Sales - PM (PDF) (LM_XB403),2026-09-26T14:44:07+00:00
e4205e63a8cc1ab6,2017-07-28,Beef,"Flank, flank steak (193  4)",Select Cuts,,,,Select,,,,,383.0,425.0,,,384.42,$/cwt,3.8442,per lb,National,wholesale,,,,,,37283.0,lb,,2453,National Daily Boxed Beef Cutout & Boxed Beef Cuts - Negotiated Sales - PM (PDF) (LM_XB403),2026-09-26T14:44:07+00:00
70477d37278013e0,2017-07-28,Beef,Ground Beef 73%,Ground Beef,,,,,,,,,150.0,170.0,,,163.46,$/cwt,1.6346,per lb,National,wholesale,,,,,,207954.0,lb,,2453,National Daily Boxed Beef Cutout & Boxed Beef Cuts - Negotiated Sales - PM (PDF) (LM_XB403),2026-09-26T14:44:07+00:00
a35b75c15157977e,2017-07-28,Beef,Ground Beef 81%,Ground Beef,,,,,,,,,177.0,192.0,,,182.93,$/cwt,1.8293,per lb,National,wholesale,,,,,,169777.0,lb,,2453,National Daily Boxed Beef Cutout & Boxed Beef Cuts - Negotiated Sales - PM (PDF) (LM_XB403),2026-09-26T14:44:07+00:00
43b4483a1926db6c,2017-07-28,Beef,Ground Beef Chuck,Ground Beef,,,,,,,,,182.0,221.54,,,195.32,$/cwt,1.9532,per lb,National,wholesale,,,,,,131492.0,lb,,2453,National Daily Boxed Beef Cutout & Boxed Beef Cuts - Negotiated Sales - PM (PDF) (LM_XB403),2026-09-26T14:44:07+00:00
1e0574229e71d4dc,2017-07-28,Beef,"Loin, ball-tip, bnls, heavy (185B  1)",Choice Cuts,,,,Choice,,,,,250.0,280.0,,,272.72,$/cwt,2.7272,per lb,National,wholesale,,,,,,13396.0,lb,,2453,National Daily Boxed Beef Cutout & Boxed Beef Cuts - Negotiated Sales - PM (PDF) (LM_XB403),2026-09-26T14:44:07+00:00
356ee2af736522d0,2017-07-28,Beef,"Loin, ball-tip, bnls, heavy (185B  1)",Select Cuts,,,,Select,,,,,240.0,261.5,,,244.52,$/cwt,2.4452,per lb,National,wholesale,,,,,,14900.0,lb,,2453,National Daily Boxed Beef Cutout & Boxed Beef Cuts - Negotiated Sales - PM (PDF) (LM_XB403),2026-09-26T14:44:07+00:00
44ee04ed279b6f14,2017-07-28,Beef,"Loin, bottom sirloin, flap (185A  4)",Choice Cuts,,,,Choice,,,,,400.0,435.0,,,416.48,$/cwt,4.1648,per lb,National,wholesale,,,,,,37369.0,lb,,2453,National Daily Boxed Beef Cutout & Boxed Beef Cuts - Negotiated Sales - PM (PDF) (LM_XB403),2026-09-26T14:44:07+00:00
780f32ef9ea8a0e1,2017-07-28,Beef,"Loin, bottom sirloin, flap (185A  4)",Select Cuts,,,,Select,,,,,400.0,429.5,,,417.23,$/cwt,4.1723,per lb,National,wholesale,,,,,,10783.0,lb,,2453,National Daily Boxed Beef Cutout & Boxed Beef Cuts - Negotiated Sales - PM (PDF) (LM_XB403),2026-09-26T14:44:07+00:00
b2f0c0b914d08220,2017-07-28,Beef,"Loin, butt tender, trimmed (191A  4)",Choice Cuts,,,,Choice,,,,,834.0,904.0,,,869.33,$/cwt,8.6933,per lb,National,wholesale,,,,,,6416.0,lb,,2453,National Daily Boxed Beef Cutout & Boxed Beef Cuts - Negotiated Sales - PM (PDF) (LM_XB403),2026-09-26T14:44:07+00:00
275b54278992d34c,2017-07-28,Beef,"Loin, short loin, 0x1 (174  3)",Choice Cuts,,,,Choice,,,,,488.58,567.25,,,498.01,$/cwt,4.9801,per lb,National,wholesale,,,,,,197201.0,lb,,2453,National Daily Boxed Beef Cutout & Boxed Beef Cuts - Negotiated Sales - PM (PDF) (LM_XB403),2026-09-26T14:44:07+00:00
1b3d41a6cd4b20c1,2017-07-28,Beef,"Loin, short loin, 0x1 (174  3)",Select Cuts,,,,Select,,,,,425.0,492.06,,,467.38,$/cwt,4.6738,per lb,National,wholesale,,,,,,14838.0,lb,,2453,National Daily Boxed Beef Cutout & Boxed Beef Cuts - Negotiated Sales - PM (PDF) (LM_XB403),2026-09-26T14:44:07+00:00
1f6d663798246d65,2017-07-28,Beef,"Loin, sirloin, tri-tip (185C  1)",Choice Cuts,,,,Choice,,,,,275.0,315.75,,,282.11,$/cwt,2.8211,per lb,National,wholesale,,,,,,126065.0,lb,,2453,National Daily Boxed Beef Cutout & Boxed Beef Cuts - Negotiated Sales - PM (PDF) (LM_XB403),2026-09-26T14:44:07+00:00
03dd1544921b20c8,2017-07-28,Beef,"Loin, sirloin, tri-tip (185C  1)",Select Cuts,,,,Select,,,,,235.04,283.49,,,262.77,$/cwt,2.6277,per lb,National,wholesale,,,,,,53142.0,lb,,2453,National Daily Boxed Beef Cutout & Boxed Beef Cuts - Negotiated Sales - PM (PDF) (LM_XB403),2026-09-26T14:44:07+00:00
4a03a7dfe96b7e7b,2017-07-28,Beef,"Loin, sirloin, tri-tip, pld (185D  4)",Choice Cuts,,,,Choice,,,,,400.0,490.0,,,429.51,$/cwt,4.2951,per lb,National,wholesale,,,,,,5416.0,lb,,2453,National Daily Boxed Beef Cutout & Boxed Beef Cuts - Negotiated Sales - PM (PDF) (LM_XB403),2026-09-26T14:44:07+00:00
9ad46ee8d4159288,2017-07-28,Beef,"Loin, strip, bnls, 0x1 (180  3)",Choice Cuts,,,,Choice,,,,,532.0,600.25,,,549.56,$/cwt,5.4956,per lb,National,wholesale,,,,,,125099.0,lb,,2453,National Daily Boxed Beef Cutout & Boxed Beef Cuts - Negotiated Sales - PM (PDF) (LM_XB403),2026-09-26T14:44:07+00:00
47b2152f4fd81837,2017-07-28,Beef,"Loin, strip, bnls, 0x1 (180  3)",Select Cuts,,,,Select,,,,,435.0,495.06,,,460.39,$/cwt,4.6039,per lb,National,wholesale,,,,,,11677.0,lb,,2453,National Daily Boxed Beef Cutout & Boxed Beef Cuts - Negotiated Sales - PM (PDF) (LM_XB403),2026-09-26T14:44:07+00:00
3d2a13bd3512bcab,2017-07-28,Beef,"Loin, tndrloin, trmd, heavy (189A  4)",Choice Cuts,,,,Choice,,,,,935.0,1041.0,,,943.44,$/cwt,9.4344,per lb,National,wholesale,,,,,,91526.0,lb,,2453,National Daily Boxed Beef Cutout & Boxed Beef Cuts - Negotiated Sales - PM (PDF) (LM_XB403),2026-09-26T14:44:07+00:00
2c6da2fce171d1ce,2017-07-28,Beef,"Loin, tndrloin, trmd, heavy (189A  4)",Select Cuts,,,,Select,,,,,942.0,973.79,,,951.87,$/cwt,9.5187,per lb,National,wholesale,,,,,,4004.0,lb,,2453,National Daily Boxed Beef Cutout & Boxed Beef Cuts - Negotiated Sales - PM (PDF) (LM_XB403),2026-09-26T14:44:07+00:00
231e3d494aa9e014,2017-07-28,Beef,"Loin, top butt, bnls, heavy (184  1)",Choice Cuts,,,,Choice,,,,,343.0,373.88,,,345.16,$/cwt,3.4516,per lb,National,wholesale,,,,,,87614.0,lb,,2453,National Daily Boxed Beef Cutout & Boxed Beef Cuts - Negotiated Sales - PM (PDF) (LM_XB403),2026-09-26T14:44:07+00:00
1fe207c6f63bbb48,2017-07-28,Beef,"Loin, top butt, bnls, heavy (184  1)",Select Cuts,,,,Select,,,,,316.78,318.97,,,317.09,$/cwt,3.1709,per lb,National,wholesale,,,,,,18480.0,lb,,2453,National Daily Boxed Beef Cutout & Boxed Beef Cuts - Negotiated Sales - PM (PDF) (LM_XB403),2026-09-26T14:44:07+00:00
d9f0f70a5e2d4ca5,2017-07-28,Beef,"Loin, top butt, boneless (184  3)",Choice Cuts,,,,Choice,,,,,360.0,397.25,,,383.43,$/cwt,3.8343,per lb,National,wholesale,,,,,,132440.0,lb,,2453,National Daily Boxed Beef Cutout & Boxed Beef Cuts - Negotiated Sales - PM (PDF) (LM_XB403),2026-09-26T14:44:07+00:00
674c452c73389919,2017-07-28,Beef,"Loin, top butt, boneless (184  3)",Select Cuts,,,,Select,,,,,284.96,352.37,,,311.62,$/cwt,3.1162,per lb,National,wholesale,,,,,,35367.0,lb,,2453,National Daily Boxed Beef Cutout & Boxed Beef Cuts - Negotiated Sales - PM (PDF) (LM_XB403),2026-09-26T14:44:07+00:00
2a019e7f6842555b,2017-07-28,Beef,"Rib, ribeye, bnls, heavy (112A  3)",Choice Cuts,,,,Choice,,,,,684.0,716.75,,,701.97,$/cwt,7.0197,per lb,National,wholesale,,,,,,20355.0,lb,,2453,National Daily Boxed Beef Cutout & Boxed Beef Cuts - Negotiated Sales - PM (PDF) (LM_XB403),2026-09-26T14:44:07+00:00
debf21401ce1dc02,2017-07-28,Beef,"Rib, ribeye, bnls, heavy (112A  3)",Select Cuts,,,,Select,,,,,580.0,656.0,,,607.32,$/cwt,6.0732,per lb,National,wholesale,,,,,,22879.0,lb,,2453,National Daily Boxed Beef Cutout & Boxed Beef Cuts - Negotiated Sales - PM (PDF) (LM_XB403),2026-09-26T14:44:07+00:00
dbbfb0f028102710,2017-07-28,Beef,"Rib, ribeye, bnls, light (112A  3)",Choice Cuts,,,,Choice,,,,,695.0,725.5,,,701.99,$/cwt,7.0199,per lb,National,wholesale,,,,,,30463.0,lb,,2453,National Daily Boxed Beef Cutout & Boxed Beef Cuts - Negotiated Sales - PM (PDF) (LM_XB403),2026-09-26T14:44:07+00:00
4c798d816c6ab14f,2017-07-28,Beef,"Rib, ribeye, bnls, light (112A  3)",Select Cuts,,,,Select,,,,,622.37,641.06,,,637.33,$/cwt,6.3733,per lb,National,wholesale,,,,,,5264.0,lb,,2453,National Daily Boxed Beef Cutout & Boxed Beef Cuts - Negotiated Sales - PM (PDF) (LM_XB403),2026-09-26T14:44:07+00:00
697c7aa7956bcb48,2017-07-28,Beef,"Rib, ribeye, lip-on, bn-in (109E  1)",Choice Cuts,,,,Choice,,,,,564.38,643.31,,,582.42,$/cwt,5.8242,per lb,National,wholesale,,,,,,112598.0,lb,,2453,National Daily Boxed Beef Cutout & Boxed Beef Cuts - Negotiated Sales - PM (PDF) (LM_XB403),2026-09-26T14:44:07+00:00
ce47f3df225c2190,2017-07-28,Beef,"Round, eye of round (171C  3)",Choice Cuts,,,,Choice,,,,,219.73,248.7,,,229.02,$/cwt,2.2902,per lb,National,wholesale,,,,,,97177.0,lb,,2453,National Daily Boxed Beef Cutout & Boxed Beef Cuts - Negotiated Sales - PM (PDF) (LM_XB403),2026-09-26T14:44:07+00:00
f6a382d21c133312,2017-07-28,Beef,"Round, knuckle, peeled (167A  4)",Choice Cuts,,,,Choice,,,,,230.96,265.75,,,238.82,$/cwt,2.3882,per lb,National,wholesale,,,,,,65312.0,lb,,2453,National Daily Boxed Beef Cutout & Boxed Beef Cuts - Negotiated Sales - PM (PDF) (LM_XB403),2026-09-26T14:44:07+00:00
6c7e7525b2bd6fa5,2017-07-28,Beef,"Round, knuckle, peeled (167A  4)",Select Cuts,,,,Select,,,,,241.0,276.5,,,245.54,$/cwt,2.4554,per lb,National,wholesale,,,,,,24880.0,lb,,2453,National Daily Boxed Beef Cutout & Boxed Beef Cuts - Negotiated Sales - PM (PDF) (LM_XB403),2026-09-26T14:44:07+00:00
d323aeb21a72618a,2017-07-28,Beef,"Round, outside round (171B  3)",Choice Cuts,,,,Choice,,,,,208.94,247.6,,,220.77,$/cwt,2.2077,per lb,National,wholesale,,,,,,131234.0,lb,,2453,National Daily Boxed Beef Cutout & Boxed Beef Cuts - Negotiated Sales - PM (PDF) (LM_XB403),2026-09-26T14:44:07+00:00
7d1c252b40e16ee8,2017-07-28,Beef,"Round, outside round (171B  3)",Select Cuts,,,,Select,,,,,208.0,227.02,,,218.29,$/cwt,2.1829,per lb,National,wholesale,,,,,,24076.0,lb,,2453,National Daily Boxed Beef Cutout & Boxed Beef Cuts - Negotiated Sales - PM (PDF) (LM_XB403),2026-09-26T14:44:07+00:00
133f14d8cea6de64,2017-07-28,Beef,"Round, top inside round (168  1)",Choice Cuts,,,,Choice,,,,,229.37,247.0,,,231.17,$/cwt,2.3117,per lb,National,wholesale,,,,,,9881.0,lb,,2453,National Daily Boxed Beef Cutout & Boxed Beef Cuts - Negotiated Sales - PM (PDF) (LM_XB403),2026-09-26T14:44:07+00:00
2f2ac4fdb96c4d81,2017-07-28,Beef,"Round, top inside round (168  3)",Choice Cuts,,,,Choice,,,,,227.0,251.5,,,229.83,$/cwt,2.2983,per lb,National,wholesale,,,,,,142716.0,lb,,2453,National Daily Boxed Beef Cutout & Boxed Beef Cuts - Negotiated Sales - PM (PDF) (LM_XB403),2026-09-26T14:44:07+00:00
5f84f6559194c995,2017-07-28,Beef,"Round, top inside round (168  3)",Select Cuts,,,,Select,,,,,227.0,234.0,,,227.91,$/cwt,2.2791,per lb,National,wholesale,,,,,,17993.0,lb,,2453,National Daily Boxed Beef Cutout & Boxed Beef Cuts - Negotiated Sales - PM (PDF) (LM_XB403),2026-09-26T14:44:07+00:00
9aabe745a90c7a7b,2017-07-28,Beef,"Round, top inside, cap off (169A  5)",Choice Cuts,,,,Choice,,,,,294.86,320.0,,,302.77,$/cwt,3.0277,per lb,National,wholesale,,,,,,8609.0,lb,,2453,National Daily Boxed Beef Cutout & Boxed Beef Cuts - Negotiated Sales - PM (PDF) (LM_XB403),2026-09-26T14:44:07+00:00
0974b1248471d160,2017-07-28,Beef,"Round, top inside, cap off (169A  5)",Select Cuts,,,,Select,,,,,301.0,301.0,,,301.0,$/cwt,3.01,per lb,National,wholesale,,,,,,15000.0,lb,,2453,National Daily Boxed Beef Cutout & Boxed Beef Cuts - Negotiated Sales - PM (PDF) (LM_XB403),2026-09-26T14:44:07+00:00
49e7264fd6bd6aad,2017-07-28,Beef,"Round, top inside, denuded (169  5)",Choice Cuts,,,,Choice,,,,,273.39,290.0,,,278.1,$/cwt,2.781,per lb,National,wholesale,,,,,,83563.0,lb,,2453,National Daily Boxed Beef Cutout & Boxed Beef Cuts - Negotiated Sales - PM (PDF) (LM_XB403),2026-09-26T14:44:07+00:00
02e6cf9cbe98aa16,2017-07-28,Beef,"Short Plate, short rib (123A  3)",Choice Cuts,,,,Choice,,,,,508.0,587.25,,,523.98,$/cwt,5.2398,per lb,National,wholesale,,,,,,22469.0,lb,,2453,National Daily Boxed Beef Cutout & Boxed Beef Cuts - Negotiated Sales - PM (PDF) (LM_XB403),2026-09-26T14:44:07+00:00
9721d77d35e3748d,2017-07-31,Beef,"Brisket, deckle-off, bnls (120  1)",Choice Cuts,,,,Choice,,,,,199.6,220.5,,,201.62,$/cwt,2.0162,per lb,National,wholesale,,,,,,342178.0,lb,,2453,National Daily Boxed Beef Cutout & Boxed Beef Cuts - Negotiated Sales - PM (PDF) (LM_XB403),2026-09-26T14:44:07+00:00
472f876fcbbde681,2017-07-31,Beef,"Brisket, point/off, bnls (120A  3)",Choice Cuts,,,,Choice,,,,,359.0,389.0,,,369.05,$/cwt,3.6905,per lb,National,wholesale,,,,,,5216.0,lb,,2453,National Daily Boxed Beef Cutout & Boxed Beef Cuts - Negotiated Sales - PM (PDF) (LM_XB403),2026-09-26T14:44:07+00:00
2a5b091ced31b7d0,2017-07-31,Beef,"Chuck, chuck tender (116B  1)",Choice Cuts,,,,Choice,,,,,227.35,241.75,,,233.31,$/cwt,2.3331,per lb,National,wholesale,,,,,,15259.0,lb,,2453,National Daily Boxed Beef Cutout & Boxed Beef Cuts - Negotiated Sales - PM (PDF) (LM_XB403),2026-09-26T14:44:07+00:00
558b23e2c619ee17,2017-07-31,Beef,"Chuck, chuck tender (116B  1)",Select Cuts,,,,Select,,,,,224.14,236.12,,,231.51,$/cwt,2.3151,per lb,National,wholesale,,,,,,1635.0,lb,,2453,National Daily Boxed Beef Cutout & Boxed Beef Cuts - Negotiated Sales - PM (PDF) (LM_XB403),2026-09-26T14:44:07+00:00
29723feddfd3dae5,2017-07-31,Beef,"Chuck, clod tender (114F  5)",Choice Cuts,,,,Choice,,,,,325.0,338.0,,,333.36,$/cwt,3.3336,per lb,National,wholesale,,,,,,10791.0,lb,,2453,National Daily Boxed Beef Cutout & Boxed Beef Cuts - Negotiated Sales - PM (PDF) (LM_XB403),2026-09-26T14:44:07+00:00
a3a50bb41bb49999,2017-07-31,Beef,"Chuck, clod tender (114F  5)",Select Cuts,,,,Select,,,,,290.0,325.0,,,311.21,$/cwt,3.1121,per lb,National,wholesale,,,,,,9835.0,lb,,2453,National Daily Boxed Beef Cutout & Boxed Beef Cuts - Negotiated Sales - PM (PDF) (LM_XB403),2026-09-26T14:44:07+00:00
81e552de48e7d7a5,2017-07-31,Beef,"Chuck, clod, arm roast (114E  3)",Choice Cuts,,,,Choice,,,,,235.0,260.0,,,248.96,$/cwt,2.4896,per lb,National,wholesale,,,,,,4039.0,lb,,2453,National Daily Boxed Beef Cutout & Boxed Beef Cuts - Negotiated Sales - PM (PDF) (LM_XB403),2026-09-26T14:44:07+00:00
4d61c5637fa3ea1c,2017-07-31,Beef,"Chuck, clod, top blade (114D  3)",Choice Cuts,,,,Choice,,,,,330.36,340.0,,,334.28,$/cwt,3.3428,per lb,National,wholesale,,,,,,5016.0,lb,,2453,National Daily Boxed Beef Cutout & Boxed Beef Cuts - Negotiated Sales - PM (PDF) (LM_XB403),2026-09-26T14:44:07+00:00
6e581ffbe6cf8903,2017-07-31,Beef,"Chuck, flap (116G  4)",Choice Cuts,,,,Choice,,,,,524.2,536.83,,,531.03,$/cwt,5.3103,per lb,National,wholesale,,,,,,8380.0,lb,,2453,National Daily Boxed Beef Cutout & Boxed Beef Cuts - Negotiated Sales - PM (PDF) (LM_XB403),2026-09-26T14:44:07+00:00
d4ab7346479f1785,2017-07-31,Beef,"Chuck, flap (116G  4)",Select Cuts,,,,Select,,,,,467.18,489.68,,,474.9,$/cwt,4.749,per lb,National,wholesale,,,,,,22685.0,lb,,2453,National Daily Boxed Beef Cutout & Boxed Beef Cuts - Negotiated Sales - PM (PDF) (LM_XB403),2026-09-26T14:44:07+00:00
f12ac9666a5f1bae,2017-07-31,Beef,"Chuck, roll, lxl, neck/off (116A  3)",Choice Cuts,,,,Choice,,,,,244.0,270.0,,,250.17,$/cwt,2.5017,per lb,National,wholesale,,,,,,213663.0,lb,,2453,National Daily Boxed Beef Cutout & Boxed Beef Cuts - Negotiated Sales - PM (PDF) (LM_XB403),2026-09-26T14:44:07+00:00
8867126262109b8a,2017-07-31,Beef,"Chuck, roll, lxl, neck/off (116A  3)",Select Cuts,,,,Select,,,,,236.25,257.0,,,248.46,$/cwt,2.4846,per lb,National,wholesale,,,,,,70464.0,lb,,2453,National Daily Boxed Beef Cutout & Boxed Beef Cuts - Negotiated Sales - PM (PDF) (LM_XB403),2026-09-26T14:44:07+00:00
a1b5d4681749748f,2017-07-31,Beef,"Chuck, semi-bnls, neck/off (113C  1)",Choice Cuts,,,,Choice,,,,,201.25,226.75,,,208.75,$/cwt,2.0875,per lb,National,wholesale,,,,,,40385.0,lb,,2453,National Daily Boxed Beef Cutout & Boxed Beef Cuts - Negotiated Sales - PM (PDF) (LM_XB403),2026-09-26T14:44:07+00:00
b1aaed3483e77f79,2017-07-31,Beef,"Chuck, semi-bnls, neck/off (113C  1)",Select Cuts,,,,Select,,,,,201.25,220.5,,,209.66,$/cwt,2.0966,per lb,National,wholesale,,,,,,17790.0,lb,,2453,National Daily Boxed Beef Cutout & Boxed Beef Cuts - Negotiated Sales - PM (PDF) (LM_XB403),2026-09-26T14:44:07+00:00
b5d7fd0c97dc7a57,2017-07-31,Beef,"Chuck, short rib (130  4)",Choice Cuts,,,,Choice,,,,,341.75,389.0,,,365.93,$/cwt,3.6593,per lb,National,wholesale,,,,,,50164.0,lb,,2453,National Daily Boxed Beef Cutout & Boxed Beef Cuts - Negotiated Sales - PM (PDF) (LM_XB403),2026-09-26T14:44:07+00:00
8b7b721255a29136,2017-07-31,Beef,"Chuck, short rib (130  4)",Select Cuts,,,,Select,,,,,336.0,389.0,,,373.23,$/cwt,3.7323,per lb,National,wholesale,,,,,,7267.0,lb,,2453,National Daily Boxed Beef Cutout & Boxed Beef Cuts - Negotiated Sales - PM (PDF) (LM_XB403),2026-09-26T14:44:07+00:00
27d5c57936a72c67,2017-07-31,Beef,"Chuck, shoulder clod (114  1)",Choice Cuts,,,,Choice,,,,,194.79,211.75,,,203.13,$/cwt,2.0313,per lb,National,wholesale,,,,,,20060.0,lb,,2453,National Daily Boxed Beef Cutout & Boxed Beef Cuts - Negotiated Sales - PM (PDF) (LM_XB403),2026-09-26T14:44:07+00:00
bab29b23ff573b6c,2017-07-31,Beef,"Chuck, shoulder clod (114  1)",Select Cuts,,,,Select,,,,,198.14,217.5,,,205.21,$/cwt,2.0521,per lb,National,wholesale,,,,,,36532.0,lb,,2453,National Daily Boxed Beef Cutout & Boxed Beef Cuts - Negotiated Sales - PM (PDF) (LM_XB403),2026-09-26T14:44:07+00:00
83303f7fb953c041,2017-07-31,Beef,"Chuck, shoulder clod, trmd (114A  3)",Choice Cuts,,,,Choice,,,,,192.55,221.25,,,203.26,$/cwt,2.0326,per lb,National,wholesale,,,,,,186692.0,lb,,2453,National Daily Boxed Beef Cutout & Boxed Beef Cuts - Negotiated Sales - PM (PDF) (LM_XB403),2026-09-26T14:44:07+00:00
aa7c841b24041808,2017-07-31,Beef,"Chuck, shoulder clod, trmd (114A  3)",Select Cuts,,,,Select,,,,,206.77,222.35,,,210.4,$/cwt,2.104,per lb,National,wholesale,,,,,,21840.0,lb,,2453,National Daily Boxed Beef Cutout & Boxed Beef Cuts - Negotiated Sales - PM (PDF) (LM_XB403),2026-09-26T14:44:07+00:00
141ad63cea00eac3,2017-07-31,Beef,Cutout 600-900 lb,,,,,Select,,,,,,,,,197.84,$/cwt,1.9784,per lb,National,wholesale,,,,,,,,,2453,National Daily Boxed Beef Cutout & Boxed Beef Cuts - Negotiated Sales - PM (PDF) (LM_XB403),2026-09-26T14:44:07+00:00
e11af36e2cb3a073,2017-07-31,Beef,Cutout 600-900 lb,,,,,Choice,,,,,,,,,205.75,$/cwt,2.0575,per lb,National,wholesale,,,,,,,,,2453,National Daily Boxed Beef Cutout & Boxed Beef Cuts - Negotiated Sales - PM (PDF) (LM_XB403),2026-09-26T14:44:07+00:00
251b5af2a0dd3d89,2017-07-31,Beef,"Flank, flank steak (193  4)",Choice Cuts,,,,Choice,,,,,456.44,506.75,,,468.09,$/cwt,4.6809,per lb,National,wholesale,,,,,,37152.0,lb,,2453,National Daily Boxed Beef Cutout & Boxed Beef Cuts - Negotiated Sales - PM (PDF) (LM_XB403),2026-09-26T14:44:07+00:00
921bb71413544663,2017-07-31,Beef,"Flank, flank steak (193  4)",Select Cuts,,,,Select,,,,,390.0,440.0,,,403.52,$/cwt,4.0352,per lb,National,wholesale,,,,,,7066.0,lb,,2453,National Daily Boxed Beef Cutout & Boxed Beef Cuts - Negotiated Sales - PM (PDF) (LM_XB403),2026-09-26T14:44:07+00:00
2fe0bc4f54807118,2017-07-31,Beef,Ground Beef 73%,Ground Beef,,,,,,,,,154.46,172.38,,,162.0,$/cwt,1.62,per lb,National,wholesale,,,,,,95289.0,lb,,2453,National Daily Boxed Beef Cutout & Boxed Beef Cuts - Negotiated Sales - PM (PDF) (LM_XB403),2026-09-26T14:44:07+00:00
8e37686f3766ef21,2017-07-31,Beef,Ground Beef 81%,Ground Beef,,,,,,,,,178.0,206.25,,,185.38,$/cwt,1.8538,per lb,National,wholesale,,,,,,241980.0,lb,,2453,National Daily Boxed Beef Cutout & Boxed Beef Cuts - Negotiated Sales - PM (PDF) (LM_XB403),2026-09-26T14:44:07+00:00
e67b6569c75667ea,2017-07-31,Beef,Ground Beef 93%,Ground Beef,,,,,,,,,292.3,324.82,,,307.11,$/cwt,3.0711,per lb,National,wholesale,,,,,,27986.0,lb,,2453,National Daily Boxed Beef Cutout & Boxed Beef Cuts - Negotiated Sales - PM (PDF) (LM_XB403),2026-09-26T14:44:07+00:00
0d7f4e5f0d9e82cc,2017-07-31,Beef,Ground Beef Chuck,Ground Beef,,,,,,,,,191.25,206.0,,,198.1,$/cwt,1.981,per lb,National,wholesale,,,,,,25448.0,lb,,2453,National Daily Boxed Beef Cutout & Boxed Beef Cuts - Negotiated Sales - PM (PDF) (LM_XB403),2026-09-26T14:44:07+00:00
9386a8ff6431ed4c,2017-07-31,Beef,Ground Beef Round,Ground Beef,,,,,,,,,260.0,277.89,,,273.23,$/cwt,2.7323,per lb,National,wholesale,,,,,,6720.0,lb,,2453,National Daily Boxed Beef Cutout & Boxed Beef Cuts - Negotiated Sales - PM (PDF) (LM_XB403),2026-09-26T14:44:07+00:00
3148757c6bd4e3e7,2017-07-31,Beef,"Loin, ball-tip, bnls, heavy (185B  1)",Choice Cuts,,,,Choice,,,,,250.0,280.0,,,263.03,$/cwt,2.6303,per lb,National,wholesale,,,,,,55914.0,lb,,2453,National Daily Boxed Beef Cutout & Boxed Beef Cuts - Negotiated Sales - PM (PDF) (LM_XB403),2026-09-26T14:44:07+00:00
4e9b8b92e106e2fb,2017-07-31,Beef,"Loin, bottom sirloin, flap (185A  4)",Choice Cuts,,,,Choice,,,,,400.0,450.33,,,419.56,$/cwt,4.1956,per lb,National,wholesale,,,,,,41929.0,lb,,2453,National Daily Boxed Beef Cutout & Boxed Beef Cuts - Negotiated Sales - PM (PDF) (LM_XB403),2026-09-26T14:44:07+00:00
35365be01040e8f1,2017-07-31,Beef,"Loin, bottom sirloin, flap (185A  4)",Select Cuts,,,,Select,,,,,387.0,446.25,,,395.2,$/cwt,3.952,per lb,National,wholesale,,,,,,28132.0,lb,,2453,National Daily Boxed Beef Cutout & Boxed Beef Cuts - Negotiated Sales - PM (PDF) (LM_XB403),2026-09-26T14:44:07+00:00
909a07bbc7fe7c19,2017-07-31,Beef,"Loin, butt tender, trimmed (191A  4)",Choice Cuts,,,,Choice,,,,,838.49,855.0,,,838.89,$/cwt,8.3889,per lb,National,wholesale,,,,,,15193.0,lb,,2453,National Daily Boxed Beef Cutout & Boxed Beef Cuts - Negotiated Sales - PM (PDF) (LM_XB403),2026-09-26T14:44:07+00:00
6f6e4d66c65c4426,2017-07-31,Beef,"Loin, short loin, 0x1 (174  3)",Choice Cuts,,,,Choice,,,,,463.0,551.25,,,491.32,$/cwt,4.9132,per lb,National,wholesale,,,,,,211136.0,lb,,2453,National Daily Boxed Beef Cutout & Boxed Beef Cuts - Negotiated Sales - PM (PDF) (LM_XB403),2026-09-26T14:44:07+00:00
ce4e9cd6620eef66,2017-07-31,Beef,"Loin, short loin, 0x1 (174  3)",Select Cuts,,,,Select,,,,,425.0,496.0,,,442.47,$/cwt,4.4247,per lb,National,wholesale,,,,,,28087.0,lb,,2453,National Daily Boxed Beef Cutout & Boxed Beef Cuts - Negotiated Sales - PM (PDF) (LM_XB403),2026-09-26T14:44:07+00:00
8fa4568c82e2dced,2017-07-31,Beef,"Loin, sirloin, tri-tip (185C  1)",Choice Cuts,,,,Choice,,,,,237.18,299.0,,,255.54,$/cwt,2.5554,per lb,National,wholesale,,,,,,20746.0,lb,,2453,National Daily Boxed Beef Cutout & Boxed Beef Cuts - Negotiated Sales - PM (PDF) (LM_XB403),2026-09-26T14:44:07+00:00
fca07e5c7385839e,2017-07-31,Beef,"Loin, sirloin, tri-tip (185C  1)",Select Cuts,,,,Select,,,,,249.0,280.0,,,254.02,$/cwt,2.5402,per lb,National,wholesale,,,,,,4273.0,lb,,2453,National Daily Boxed Beef Cutout & Boxed Beef Cuts - Negotiated Sales - PM (PDF) (LM_XB403),2026-09-26T14:44:07+00:00
22cdaf1d12b68b26,2017-07-31,Beef,"Loin, sirloin, tri-tip, pld (185D  4)",Choice Cuts,,,,Choice,,,,,337.18,443.0,,,369.92,$/cwt,3.6992,per lb,National,wholesale,,,,,,11909.0,lb,,2453,National Daily Boxed Beef Cutout & Boxed Beef Cuts - Negotiated Sales - PM (PDF) (LM_XB403),2026-09-26T14:44:07+00:00
c2fed4d8b97f00ca,2017-07-31,Beef,"Loin, strip loin bnls. 1x1 (  1)",Choice Cuts,,,,Choice,,,,,528.0,528.0,,,528.0,$/cwt,5.28,per lb,National,wholesale,,,,,,4374.0,lb,,2453,National Daily Boxed Beef Cutout & Boxed Beef Cuts - Negotiated Sales - PM (PDF) (LM_XB403),2026-09-26T14:44:07+00:00
52fcc2d76bc0c9c0,2017-07-31,Beef,"Loin, strip loin, 1x1 (175  3)",Choice Cuts,,,,Choice,,,,,423.32,477.5,,,438.91,$/cwt,4.3891,per lb,National,wholesale,,,,,,114164.0,lb,,2453,National Daily Boxed Beef Cutout & Boxed Beef Cuts - Negotiated Sales - PM (PDF) (LM_XB403),2026-09-26T14:44:07+00:00
d13aaee54c85dc9c,2017-07-31,Beef,"Loin, strip, bnls, 0x1 (180  3)",Choice Cuts,,,,Choice,,,,,526.12,580.0,,,533.28,$/cwt,5.3328,per lb,National,wholesale,,,,,,169056.0,lb,,2453,National Daily Boxed Beef Cutout & Boxed Beef Cuts - Negotiated Sales - PM (PDF) (LM_XB403),2026-09-26T14:44:07+00:00
5aed6f1916158fad,2017-07-31,Beef,"Loin, strip, bnls, 0x1 (180  3)",Select Cuts,,,,Select,,,,,435.11,495.38,,,461.62,$/cwt,4.6162,per lb,National,wholesale,,,,,,9456.0,lb,,2453,National Daily Boxed Beef Cutout & Boxed Beef Cuts - Negotiated Sales - PM (PDF) (LM_XB403),2026-09-26T14:44:07+00:00
1f1d54846f6d1759,2017-07-31,Beef,"Loin, tndrloin, trmd, heavy (189A  4)",Choice Cuts,,,,Choice,,,,,930.0,1037.0,,,947.27,$/cwt,9.4727,per lb,National,wholesale,,,,,,36450.0,lb,,2453,National Daily Boxed Beef Cutout & Boxed Beef Cuts - Negotiated Sales - PM (PDF) (LM_XB403),2026-09-26T14:44:07+00:00
c1ac6a377bdcedbc,2017-07-31,Beef,"Loin, tndrloin, trmd, heavy (189A  4)",Select Cuts,,,,Select,,,,,910.71,966.0,,,928.02,$/cwt,9.2802,per lb,National,wholesale,,,,,,20609.0,lb,,2453,National Daily Boxed Beef Cutout & Boxed Beef Cuts - Negotiated Sales - PM (PDF) (LM_XB403),2026-09-26T14:44:07+00:00
fcdda00caf35139f,2017-07-31,Beef,"Loin, top butt, CC (184B  3)",Choice Cuts,,,,Choice,,,,,508.58,552.0,,,516.12,$/cwt,5.1612,per lb,National,wholesale,,,,,,7132.0,lb,,2453,National Daily Boxed Beef Cutout & Boxed Beef Cuts - Negotiated Sales - PM (PDF) (LM_XB403),2026-09-26T14:44:07+00:00
09c032d18764840e,2017-07-31,Beef,"Loin, top butt, bnls, heavy (184  1)",Choice Cuts,,,,Choice,,,,,360.0,386.0,,,362.89,$/cwt,3.6289,per lb,National,wholesale,,,,,,7318.0,lb,,2453,National Daily Boxed Beef Cutout & Boxed Beef Cuts - Negotiated Sales - PM (PDF) (LM_XB403),2026-09-26T14:44:07+00:00
229de5894a568432,2017-07-31,Beef,"Loin, top butt, bnls, heavy (184  1)",Select Cuts,,,,Select,,,,,290.23,317.12,,,291.07,$/cwt,2.9107,per lb,National,wholesale,,,,,,23759.0,lb,,2453,National Daily Boxed Beef Cutout & Boxed Beef Cuts - Negotiated Sales - PM (PDF) (LM_XB403),2026-09-26T14:44:07+00:00
a03330ea79483e63,2017-07-31,Beef,"Loin, top butt, boneless (184  3)",Choice Cuts,,,,Choice,,,,,379.03,401.0,,,383.99,$/cwt,3.8399,per lb,National,wholesale,,,,,,8538.0,lb,,2453,National Daily Boxed Beef Cutout & Boxed Beef Cuts - Negotiated Sales - PM (PDF) (LM_XB403),2026-09-26T14:44:07+00:00
ec880340a1164818,2017-07-31,Beef,"Loin, top butt, boneless (184  3)",Select Cuts,,,,Select,,,,,319.0,350.38,,,330.43,$/cwt,3.3043,per lb,National,wholesale,,,,,,52651.0,lb,,2453,National Daily Boxed Beef Cutout & Boxed Beef Cuts - Negotiated Sales - PM (PDF) (LM_XB403),2026-09-26T14:44:07+00:00
2a9eea92ef4b919f,2017-07-31,Beef,"Rib, ribeye, bnls, heavy (112A  3)",Choice Cuts,,,,Choice,,,,,680.8,746.0,,,699.96,$/cwt,6.9996,per lb,National,wholesale,,,,,,36053.0,lb,,2453,National Daily Boxed Beef Cutout & Boxed Beef Cuts - Negotiated Sales - PM (PDF) (LM_XB403),2026-09-26T14:44:07+00:00
bc228f6e219a5b7d,2017-07-31,Beef,"Rib, ribeye, bnls, heavy (112A  3)",Select Cuts,,,,Select,,,,,570.04,658.35,,,619.27,$/cwt,6.1927,per lb,National,wholesale,,,,,,57764.0,lb,,2453,National Daily Boxed Beef Cutout & Boxed Beef Cuts - Negotiated Sales - PM (PDF) (LM_XB403),2026-09-26T14:44:07+00:00
ea4eaab5172d3b10,2017-07-31,Beef,"Rib, ribeye, bnls, light (112A  3)",Choice Cuts,,,,Choice,,,,,692.65,743.0,,,708.39,$/cwt,7.0839,per lb,National,wholesale,,,,,,14649.0,lb,,2453,National Daily Boxed Beef Cutout & Boxed Beef Cuts - Negotiated Sales - PM (PDF) (LM_XB403),2026-09-26T14:44:07+00:00
3edbb7811b5e5f79,2017-07-31,Beef,"Rib, ribeye, bnls, light (112A  3)",Select Cuts,,,,Select,,,,,568.97,653.0,,,600.56,$/cwt,6.0056,per lb,National,wholesale,,,,,,26554.0,lb,,2453,National Daily Boxed Beef Cutout & Boxed Beef Cuts - Negotiated Sales - PM (PDF) (LM_XB403),2026-09-26T14:44:07+00:00
9ae64a6fc82a098d,2017-07-31,Beef,"Rib, ribeye, lip-on, bn-in (109E  1)",Choice Cuts,,,,Choice,,,,,586.84,650.28,,,612.72,$/cwt,6.1272,per lb,National,wholesale,,,,,,6146.0,lb,,2453,National Daily Boxed Beef Cutout & Boxed Beef Cuts - Negotiated Sales - PM (PDF) (LM_XB403),2026-09-26T14:44:07+00:00
bcda04ed016e2933,2017-07-31,Beef,"Rib, ribeye, lip-on, bn-in (109E  1)",Select Cuts,,,,Select,,,,,535.0,586.75,,,557.48,$/cwt,5.5748,per lb,National,wholesale,,,,,,5732.0,lb,,2453,National Daily Boxed Beef Cutout & Boxed Beef Cuts - Negotiated Sales - PM (PDF) (LM_XB403),2026-09-26T14:44:07+00:00
80625069ece5e730,2017-07-31,Beef,"Round, bottom gooseneck (170  1)",Choice Cuts,,,,Choice,,,,,199.0,226.75,,,218.74,$/cwt,2.1874,per lb,National,wholesale,,,,,,25600.0,lb,,2453,National Daily Boxed Beef Cutout & Boxed Beef Cuts - Negotiated Sales - PM (PDF) (LM_XB403),2026-09-26T14:44:07+00:00
0ca970172b3b8b68,2017-07-31,Beef,"Round, eye of round (171C  3)",Choice Cuts,,,,Choice,,,,,218.7,255.0,,,226.2,$/cwt,2.262,per lb,National,wholesale,,,,,,89416.0,lb,,2453,National Daily Boxed Beef Cutout & Boxed Beef Cuts - Negotiated Sales - PM (PDF) (LM_XB403),2026-09-26T14:44:07+00:00
951610de0ccad91e,2017-07-31,Beef,"Round, eye of round (171C  3)",Select Cuts,,,,Select,,,,,217.76,242.0,,,223.1,$/cwt,2.231,per lb,National,wholesale,,,,,,21882.0,lb,,2453,National Daily Boxed Beef Cutout & Boxed Beef Cuts - Negotiated Sales - PM (PDF) (LM_XB403),2026-09-26T14:44:07+00:00
e32b0a089df2aa96,2017-07-31,Beef,"Round, knuckle, peeled (167A  4)",Choice Cuts,,,,Choice,,,,,225.71,266.75,,,233.3,$/cwt,2.333,per lb,National,wholesale,,,,,,130692.0,lb,,2453,National Daily Boxed Beef Cutout & Boxed Beef Cuts - Negotiated Sales - PM (PDF) (LM_XB403),2026-09-26T14:44:07+00:00
d1c02d25e10f4fb1,2017-07-31,Beef,"Round, knuckle, peeled (167A  4)",Select Cuts,,,,Select,,,,,229.52,250.0,,,234.89,$/cwt,2.3489,per lb,National,wholesale,,,,,,45343.0,lb,,2453,National Daily Boxed Beef Cutout & Boxed Beef Cuts - Negotiated Sales - PM (PDF) (LM_XB403),2026-09-26T14:44:07+00:00
b6dab2ecbced8018,2017-07-31,Beef,"Round, outside round (171B  3)",Choice Cuts,,,,Choice,,,,,193.0,228.36,,,219.11,$/cwt,2.1911,per lb,National,wholesale,,,,,,140734.0,lb,,2453,National Daily Boxed Beef Cutout & Boxed Beef Cuts - Negotiated Sales - PM (PDF) (LM_XB403),2026-09-26T14:44:07+00:00
eba89197909cf6aa,2017-07-31,Beef,"Round, outside round (171B  3)",Select Cuts,,,,Select,,,,,212.69,229.38,,,221.13,$/cwt,2.2113,per lb,National,wholesale,,,,,,26958.0,lb,,2453,National Daily Boxed Beef Cutout & Boxed Beef Cuts - Negotiated Sales - PM (PDF) (LM_XB403),2026-09-26T14:44:07+00:00
c73d51dc63b2fea7,2017-07-31,Beef,"Round, top inside round (168  1)",Choice Cuts,,,,Choice,,,,,219.79,233.74,,,226.19,$/cwt,2.2619,per lb,National,wholesale,,,,,,20212.0,lb,,2453,National Daily Boxed Beef Cutout & Boxed Beef Cuts - Negotiated Sales - PM (PDF) (LM_XB403),2026-09-26T14:44:07+00:00
1e5a40d81698e945,2017-07-31,Beef,"Round, top inside round (168  3)",Choice Cuts,,,,Choice,,,,,229.03,249.25,,,237.64,$/cwt,2.3764,per lb,National,wholesale,,,,,,57682.0,lb,,2453,National Daily Boxed Beef Cutout & Boxed Beef Cuts - Negotiated Sales - PM (PDF) (LM_XB403),2026-09-26T14:44:07+00:00
85ff1535fa5511ca,2017-07-31,Beef,"Round, top inside round (168  3)",Select Cuts,,,,Select,,,,,227.34,245.0,,,232.42,$/cwt,2.3242,per lb,National,wholesale,,,,,,48904.0,lb,,2453,National Daily Boxed Beef Cutout & Boxed Beef Cuts - Negotiated Sales - PM (PDF) (LM_XB403),2026-09-26T14:44:07+00:00
ac5689cad904d536,2017-07-31,Beef,"Round, top inside, cap off (169A  5)",Choice Cuts,,,,Choice,,,,,300.71,343.0,,,305.75,$/cwt,3.0575,per lb,National,wholesale,,,,,,169014.0,lb,,2453,National Daily Boxed Beef Cutout & Boxed Beef Cuts - Negotiated Sales - PM (PDF) (LM_XB403),2026-09-26T14:44:07+00:00
e511ebd142a0fd22,2017-07-31,Beef,"Round, top inside, denuded (169  5)",Choice Cuts,,,,Choice,,,,,253.0,284.0,,,272.61,$/cwt,2.7261,per lb,National,wholesale,,,,,,21252.0,lb,,2453,National Daily Boxed Beef Cutout & Boxed Beef Cuts - Negotiated Sales - PM (PDF) (LM_XB403),2026-09-26T14:44:07+00:00
75e2ec540fa1384e,2017-07-31,Beef,"Round, top inside, denuded (169  5)",Select Cuts,,,,Select,,,,,250.0,278.0,,,268.49,$/cwt,2.6849,per lb,National,wholesale,,,,,,10742.0,lb,,2453,National Daily Boxed Beef Cutout & Boxed Beef Cuts - Negotiated Sales - PM (PDF) (LM_XB403),2026-09-26T14:44:07+00:00
11b667fac75808be,2017-07-31,Beef,"Short Plate, short rib (123A  3)",Choice Cuts,,,,Choice,,,,,510.0,522.0,,,519.89,$/cwt,5.1989,per lb,National,wholesale,,,,,,16295.0,lb,,2453,National Daily Boxed Beef Cutout & Boxed Beef Cuts - Negotiated Sales - PM (PDF) (LM_XB403),2026-09-26T14:44:07+00:00
