row_id,report_date,commodity,variety,pack_size,count_size,item_size,properties,grade,organic,appearance,condition,quality,low_price,high_price,mostly_low_price,mostly_high_price,unit_price,price_unit,normalized_price,normalized_unit,market,market_type,origin,origin_detail,other_attributes,reporter_comment,market_tone,volume,volume_unit,store_count,report_id,report_title,fetched_at
abd64ea4561807e6,2023-02-01,Beef,"Brisket, deckle-off, bnls (120  1)",Choice Cuts,,,,Choice,,,,,248.85,296.0,,,263.89,$/cwt,2.6389,per lb,National,wholesale,,,,,,367686.0,lb,,2453,National Daily Boxed Beef Cutout & Boxed Beef Cuts - Negotiated Sales - PM (PDF) (LM_XB403),2026-09-26T14:04:07+00:00
577599aafc86178c,2023-02-01,Beef,"Brisket, deckle-off, bnls (120  1)",Select Cuts,,,,Select,,,,,267.0,280.0,,,270.63,$/cwt,2.7063,per lb,National,wholesale,,,,,,6346.0,lb,,2453,National Daily Boxed Beef Cutout & Boxed Beef Cuts - Negotiated Sales - PM (PDF) (LM_XB403),2026-09-26T14:04:07+00:00
0c85185c4753e217,2023-02-01,Beef,"Brisket, point/off, bnls (120A  3)",Choice Cuts,,,,Choice,,,,,498.85,600.0,,,529.02,$/cwt,5.2902,per lb,National,wholesale,,,,,,8558.0,lb,,2453,National Daily Boxed Beef Cutout & Boxed Beef Cuts - Negotiated Sales - PM (PDF) (LM_XB403),2026-09-26T14:04:07+00:00
0412f3bfbb35d563,2023-02-01,Beef,"Chuck, chuck tender (116B  1)",Choice Cuts,,,,Choice,,,,,289.0,322.0,,,298.3,$/cwt,2.983,per lb,National,wholesale,,,,,,51457.0,lb,,2453,National Daily Boxed Beef Cutout & Boxed Beef Cuts - Negotiated Sales - PM (PDF) (LM_XB403),2026-09-26T14:04:07+00:00
8e98c977de45be7e,2023-02-01,Beef,"Chuck, chuck tender (116B  1)",Select Cuts,,,,Select,,,,,290.0,301.0,,,292.98,$/cwt,2.9298,per lb,National,wholesale,,,,,,8877.0,lb,,2453,National Daily Boxed Beef Cutout & Boxed Beef Cuts - Negotiated Sales - PM (PDF) (LM_XB403),2026-09-26T14:04:07+00:00
9f8de9587f3c931e,2023-02-01,Beef,"Chuck, clod tender (114F  5)",Choice Cuts,,,,Choice,,,,,448.0,510.0,,,486.93,$/cwt,4.8693,per lb,National,wholesale,,,,,,12097.0,lb,,2453,National Daily Boxed Beef Cutout & Boxed Beef Cuts - Negotiated Sales - PM (PDF) (LM_XB403),2026-09-26T14:04:07+00:00
722c723abf1ab5f3,2023-02-01,Beef,"Chuck, clod tender (114F  5)",Select Cuts,,,,Select,,,,,385.0,390.0,,,386.14,$/cwt,3.8614,per lb,National,wholesale,,,,,,3865.0,lb,,2453,National Daily Boxed Beef Cutout & Boxed Beef Cuts - Negotiated Sales - PM (PDF) (LM_XB403),2026-09-26T14:04:07+00:00
41b9ad4e0dc2d659,2023-02-01,Beef,"Chuck, clod, arm roast (114E  3)",Choice Cuts,,,,Choice,,,,,375.0,440.0,,,379.93,$/cwt,3.7993,per lb,National,wholesale,,,,,,48958.0,lb,,2453,National Daily Boxed Beef Cutout & Boxed Beef Cuts - Negotiated Sales - PM (PDF) (LM_XB403),2026-09-26T14:04:07+00:00
941c24db2d03432e,2023-02-01,Beef,"Chuck, clod, top blade (114D  3)",Choice Cuts,,,,Choice,,,,,288.0,387.4,,,334.2,$/cwt,3.342,per lb,National,wholesale,,,,,,7374.0,lb,,2453,National Daily Boxed Beef Cutout & Boxed Beef Cuts - Negotiated Sales - PM (PDF) (LM_XB403),2026-09-26T14:04:07+00:00
32dfa17ff6248c0c,2023-02-01,Beef,"Chuck, flap (116G  4)",Choice Cuts,,,,Choice,,,,,503.27,618.0,,,525.57,$/cwt,5.2557,per lb,National,wholesale,,,,,,25948.0,lb,,2453,National Daily Boxed Beef Cutout & Boxed Beef Cuts - Negotiated Sales - PM (PDF) (LM_XB403),2026-09-26T14:04:07+00:00
f1700145a47588da,2023-02-01,Beef,"Chuck, flap (116G  4)",Select Cuts,,,,Select,,,,,535.0,544.0,,,541.15,$/cwt,5.4115,per lb,National,wholesale,,,,,,7286.0,lb,,2453,National Daily Boxed Beef Cutout & Boxed Beef Cuts - Negotiated Sales - PM (PDF) (LM_XB403),2026-09-26T14:04:07+00:00
4d1a66b7ef891202,2023-02-01,Beef,"Chuck, roll, lxl, neck/off (116A  3)",Choice Cuts,,,,Choice,,,,,316.02,373.25,,,342.73,$/cwt,3.4273,per lb,National,wholesale,,,,,,105601.0,lb,,2453,National Daily Boxed Beef Cutout & Boxed Beef Cuts - Negotiated Sales - PM (PDF) (LM_XB403),2026-09-26T14:04:07+00:00
4176da1a7724ce04,2023-02-01,Beef,"Chuck, roll, lxl, neck/off (116A  3)",Select Cuts,,,,Select,,,,,311.23,361.0,,,339.3,$/cwt,3.393,per lb,National,wholesale,,,,,,17373.0,lb,,2453,National Daily Boxed Beef Cutout & Boxed Beef Cuts - Negotiated Sales - PM (PDF) (LM_XB403),2026-09-26T14:04:07+00:00
3b7805f5ef9b5309,2023-02-01,Beef,"Chuck, roll, retail ready (916A  3)",Choice Cuts,,,,Choice,,,,,365.0,384.0,,,366.93,$/cwt,3.6693,per lb,National,wholesale,,,,,,61095.0,lb,,2453,National Daily Boxed Beef Cutout & Boxed Beef Cuts - Negotiated Sales - PM (PDF) (LM_XB403),2026-09-26T14:04:07+00:00
8b09e8545bb4c147,2023-02-01,Beef,"Chuck, semi-bnls, neck/off (113C  1)",Choice Cuts,,,,Choice,,,,,313.75,321.21,,,319.34,$/cwt,3.1934,per lb,National,wholesale,,,,,,8260.0,lb,,2453,National Daily Boxed Beef Cutout & Boxed Beef Cuts - Negotiated Sales - PM (PDF) (LM_XB403),2026-09-26T14:04:07+00:00
f228c414be11c3f9,2023-02-01,Beef,"Chuck, short rib (130  4)",Choice Cuts,,,,Choice,,,,,410.0,454.19,,,434.52,$/cwt,4.3452,per lb,National,wholesale,,,,,,18918.0,lb,,2453,National Daily Boxed Beef Cutout & Boxed Beef Cuts - Negotiated Sales - PM (PDF) (LM_XB403),2026-09-26T14:04:07+00:00
27004ca08002a890,2023-02-01,Beef,"Chuck, shoulder clod (114  1)",Choice Cuts,,,,Choice,,,,,255.0,274.5,,,260.43,$/cwt,2.6043,per lb,National,wholesale,,,,,,23756.0,lb,,2453,National Daily Boxed Beef Cutout & Boxed Beef Cuts - Negotiated Sales - PM (PDF) (LM_XB403),2026-09-26T14:04:07+00:00
671803e5836bf184,2023-02-01,Beef,"Chuck, shoulder clod, trmd (114A  3)",Choice Cuts,,,,Choice,,,,,265.0,298.0,,,269.84,$/cwt,2.6984,per lb,National,wholesale,,,,,,126501.0,lb,,2453,National Daily Boxed Beef Cutout & Boxed Beef Cuts - Negotiated Sales - PM (PDF) (LM_XB403),2026-09-26T14:04:07+00:00
7c2b3b828b2618ca,2023-02-01,Beef,"Chuck, shoulder clod, trmd (114A  3)",Select Cuts,,,,Select,,,,,257.49,298.0,,,266.61,$/cwt,2.6661,per lb,National,wholesale,,,,,,18943.0,lb,,2453,National Daily Boxed Beef Cutout & Boxed Beef Cuts - Negotiated Sales - PM (PDF) (LM_XB403),2026-09-26T14:04:07+00:00
1bb16ae749a123a3,2023-02-01,Beef,Cutout 600-900 lb,,,,,Select,,,,,,,,,252.78,$/cwt,2.5278,per lb,National,wholesale,,,,,,,,,2453,National Daily Boxed Beef Cutout & Boxed Beef Cuts - Negotiated Sales - PM (PDF) (LM_XB403),2026-09-26T14:04:07+00:00
e5d4c2cb0bdea17c,2023-02-01,Beef,Cutout 600-900 lb,,,,,Choice,,,,,,,,,265.07,$/cwt,2.6507,per lb,National,wholesale,,,,,,,,,2453,National Daily Boxed Beef Cutout & Boxed Beef Cuts - Negotiated Sales - PM (PDF) (LM_XB403),2026-09-26T14:04:07+00:00
2a368da31e6e2ed5,2023-02-01,Beef,"Flank, flank steak (193  4)",Choice Cuts,,,,Choice,,,,,473.0,635.0,,,504.49,$/cwt,5.0449,per lb,National,wholesale,,,,,,102162.0,lb,,2453,National Daily Boxed Beef Cutout & Boxed Beef Cuts - Negotiated Sales - PM (PDF) (LM_XB403),2026-09-26T14:04:07+00:00
58e746f53e735e48,2023-02-01,Beef,"Flank, flank steak (193  4)",Select Cuts,,,,Select,,,,,473.0,615.0,,,483.36,$/cwt,4.8336,per lb,National,wholesale,,,,,,28778.0,lb,,2453,National Daily Boxed Beef Cutout & Boxed Beef Cuts - Negotiated Sales - PM (PDF) (LM_XB403),2026-09-26T14:04:07+00:00
158f9e461094b2ae,2023-02-01,Beef,Ground Beef 73%,Ground Beef,,,,,,,,,183.0,210.25,,,193.94,$/cwt,1.9394,per lb,National,wholesale,,,,,,72453.0,lb,,2453,National Daily Boxed Beef Cutout & Boxed Beef Cuts - Negotiated Sales - PM (PDF) (LM_XB403),2026-09-26T14:04:07+00:00
d27a7b06094e0aed,2023-02-01,Beef,Ground Beef 81%,Ground Beef,,,,,,,,,222.0,270.7,,,235.44,$/cwt,2.3544,per lb,National,wholesale,,,,,,142509.0,lb,,2453,National Daily Boxed Beef Cutout & Boxed Beef Cuts - Negotiated Sales - PM (PDF) (LM_XB403),2026-09-26T14:04:07+00:00
0700f1e0db10eebb,2023-02-01,Beef,Ground Beef 93%,Ground Beef,,,,,,,,,354.0,368.0,,,366.3,$/cwt,3.663,per lb,National,wholesale,,,,,,33071.0,lb,,2453,National Daily Boxed Beef Cutout & Boxed Beef Cuts - Negotiated Sales - PM (PDF) (LM_XB403),2026-09-26T14:04:07+00:00
ba1179f29302e264,2023-02-01,Beef,Ground Beef Chuck,Ground Beef,,,,,,,,,251.0,274.0,,,263.83,$/cwt,2.6383,per lb,National,wholesale,,,,,,15987.0,lb,,2453,National Daily Boxed Beef Cutout & Boxed Beef Cuts - Negotiated Sales - PM (PDF) (LM_XB403),2026-09-26T14:04:07+00:00
dd5821f73fbbe0e3,2023-02-01,Beef,"Loin, ball-tip, bnls, heavy (185B  1)",Choice Cuts,,,,Choice,,,,,264.0,309.25,,,284.98,$/cwt,2.8498,per lb,National,wholesale,,,,,,36922.0,lb,,2453,National Daily Boxed Beef Cutout & Boxed Beef Cuts - Negotiated Sales - PM (PDF) (LM_XB403),2026-09-26T14:04:07+00:00
6f122b60abfcf785,2023-02-01,Beef,"Loin, ball-tip, bnls, heavy (185B  1)",Select Cuts,,,,Select,,,,,270.0,285.0,,,277.53,$/cwt,2.7753,per lb,National,wholesale,,,,,,27134.0,lb,,2453,National Daily Boxed Beef Cutout & Boxed Beef Cuts - Negotiated Sales - PM (PDF) (LM_XB403),2026-09-26T14:04:07+00:00
d58f83d064c358c1,2023-02-01,Beef,"Loin, bottom sirloin, flap (185A  4)",Choice Cuts,,,,Choice,,,,,620.0,674.0,,,651.18,$/cwt,6.5118,per lb,National,wholesale,,,,,,24065.0,lb,,2453,National Daily Boxed Beef Cutout & Boxed Beef Cuts - Negotiated Sales - PM (PDF) (LM_XB403),2026-09-26T14:04:07+00:00
33ace6031eec02c2,2023-02-01,Beef,"Loin, bottom sirloin, flap (185A  4)",Select Cuts,,,,Select,,,,,600.5,628.0,,,614.79,$/cwt,6.1479,per lb,National,wholesale,,,,,,2637.0,lb,,2453,National Daily Boxed Beef Cutout & Boxed Beef Cuts - Negotiated Sales - PM (PDF) (LM_XB403),2026-09-26T14:04:07+00:00
206a7c4f1462bff8,2023-02-01,Beef,"Loin, butt tender, trimmed (191A  4)",Choice Cuts,,,,Choice,,,,,1250.0,1427.25,,,1306.83,$/cwt,13.0683,per lb,National,wholesale,,,,,,1860.0,lb,,2453,National Daily Boxed Beef Cutout & Boxed Beef Cuts - Negotiated Sales - PM (PDF) (LM_XB403),2026-09-26T14:04:07+00:00
17ff27b0960bf3a9,2023-02-01,Beef,"Loin, short loin, 0x1 (174  3)",Choice Cuts,,,,Choice,,,,,699.0,830.0,,,733.44,$/cwt,7.3344,per lb,National,wholesale,,,,,,20702.0,lb,,2453,National Daily Boxed Beef Cutout & Boxed Beef Cuts - Negotiated Sales - PM (PDF) (LM_XB403),2026-09-26T14:04:07+00:00
9a5ec5917a1ac9b3,2023-02-01,Beef,"Loin, short loin, 0x1 (174  3)",Select Cuts,,,,Select,,,,,635.25,674.01,,,647.84,$/cwt,6.4784,per lb,National,wholesale,,,,,,10148.0,lb,,2453,National Daily Boxed Beef Cutout & Boxed Beef Cuts - Negotiated Sales - PM (PDF) (LM_XB403),2026-09-26T14:04:07+00:00
c1d4896af8f83491,2023-02-01,Beef,"Loin, sirloin, tri-tip (185C  1)",Choice Cuts,,,,Choice,,,,,331.83,366.25,,,338.49,$/cwt,3.3849,per lb,National,wholesale,,,,,,58183.0,lb,,2453,National Daily Boxed Beef Cutout & Boxed Beef Cuts - Negotiated Sales - PM (PDF) (LM_XB403),2026-09-26T14:04:07+00:00
bba9366668a23351,2023-02-01,Beef,"Loin, sirloin, tri-tip (185C  1)",Select Cuts,,,,Select,,,,,289.0,322.7,,,302.89,$/cwt,3.0289,per lb,National,wholesale,,,,,,5872.0,lb,,2453,National Daily Boxed Beef Cutout & Boxed Beef Cuts - Negotiated Sales - PM (PDF) (LM_XB403),2026-09-26T14:04:07+00:00
5ef04dd1f0cf999c,2023-02-01,Beef,"Loin, sirloin, tri-tip, pld (185D  4)",Choice Cuts,,,,Choice,,,,,464.71,525.0,,,491.68,$/cwt,4.9168,per lb,National,wholesale,,,,,,7718.0,lb,,2453,National Daily Boxed Beef Cutout & Boxed Beef Cuts - Negotiated Sales - PM (PDF) (LM_XB403),2026-09-26T14:04:07+00:00
845de3bb6fda0635,2023-02-01,Beef,"Loin, strip loin bnls. 1x1 (  1)",Choice Cuts,,,,Choice,,,,,728.0,746.0,,,729.17,$/cwt,7.2917,per lb,National,wholesale,,,,,,2686.0,lb,,2453,National Daily Boxed Beef Cutout & Boxed Beef Cuts - Negotiated Sales - PM (PDF) (LM_XB403),2026-09-26T14:04:07+00:00
3bd6cd83346efa8e,2023-02-01,Beef,"Loin, strip, bnls, 0x1 (180  3)",Choice Cuts,,,,Choice,,,,,761.02,873.5,,,805.62,$/cwt,8.0562,per lb,National,wholesale,,,,,,160780.0,lb,,2453,National Daily Boxed Beef Cutout & Boxed Beef Cuts - Negotiated Sales - PM (PDF) (LM_XB403),2026-09-26T14:04:07+00:00
ba44fbf5e2ce2ad1,2023-02-01,Beef,"Loin, strip, bnls, 0x1 (180  3)",Select Cuts,,,,Select,,,,,634.0,665.0,,,638.56,$/cwt,6.3856,per lb,National,wholesale,,,,,,80495.0,lb,,2453,National Daily Boxed Beef Cutout & Boxed Beef Cuts - Negotiated Sales - PM (PDF) (LM_XB403),2026-09-26T14:04:07+00:00
66e2a3c27ea770dd,2023-02-01,Beef,"Loin, tndrloin, trmd, heavy (189A  4)",Choice Cuts,,,,Choice,,,,,1365.0,1690.7,,,1395.44,$/cwt,13.9544,per lb,National,wholesale,,,,,,217498.0,lb,,2453,National Daily Boxed Beef Cutout & Boxed Beef Cuts - Negotiated Sales - PM (PDF) (LM_XB403),2026-09-26T14:04:07+00:00
413e05225769ba83,2023-02-01,Beef,"Loin, tndrloin, trmd, heavy (189A  4)",Select Cuts,,,,Select,,,,,1383.0,1465.7,,,1403.46,$/cwt,14.0346,per lb,National,wholesale,,,,,,24664.0,lb,,2453,National Daily Boxed Beef Cutout & Boxed Beef Cuts - Negotiated Sales - PM (PDF) (LM_XB403),2026-09-26T14:04:07+00:00
cde3e97fbe49b089,2023-02-01,Beef,"Loin, top butt, CC (184B  3)",Choice Cuts,,,,Choice,,,,,506.23,590.0,,,544.9,$/cwt,5.449,per lb,National,wholesale,,,,,,25453.0,lb,,2453,National Daily Boxed Beef Cutout & Boxed Beef Cuts - Negotiated Sales - PM (PDF) (LM_XB403),2026-09-26T14:04:07+00:00
e394e8b7f23da42a,2023-02-01,Beef,"Loin, top butt, boneless (184  3)",Choice Cuts,,,,Choice,,,,,369.0,403.0,,,383.08,$/cwt,3.8308,per lb,National,wholesale,,,,,,58378.0,lb,,2453,National Daily Boxed Beef Cutout & Boxed Beef Cuts - Negotiated Sales - PM (PDF) (LM_XB403),2026-09-26T14:04:07+00:00
d8ee7eaf9030df62,2023-02-01,Beef,"Loin, top butt, boneless (184  3)",Select Cuts,,,,Select,,,,,364.0,398.43,,,377.94,$/cwt,3.7794,per lb,National,wholesale,,,,,,10573.0,lb,,2453,National Daily Boxed Beef Cutout & Boxed Beef Cuts - Negotiated Sales - PM (PDF) (LM_XB403),2026-09-26T14:04:07+00:00
8bd91633250b09ee,2023-02-01,Beef,"Rib, ribeye, bnls, heavy (112A  3)",Choice Cuts,,,,Choice,,,,,924.0,1050.5,,,984.48,$/cwt,9.8448,per lb,National,wholesale,,,,,,88398.0,lb,,2453,National Daily Boxed Beef Cutout & Boxed Beef Cuts - Negotiated Sales - PM (PDF) (LM_XB403),2026-09-26T14:04:07+00:00
33c3545a7b1c70d0,2023-02-01,Beef,"Rib, ribeye, bnls, heavy (112A  3)",Select Cuts,,,,Select,,,,,770.0,820.25,,,790.06,$/cwt,7.9006,per lb,National,wholesale,,,,,,23928.0,lb,,2453,National Daily Boxed Beef Cutout & Boxed Beef Cuts - Negotiated Sales - PM (PDF) (LM_XB403),2026-09-26T14:04:07+00:00
e911e43eb9d65315,2023-02-01,Beef,"Rib, ribeye, bnls, light (112A  3)",Choice Cuts,,,,Choice,,,,,927.82,1043.5,,,985.84,$/cwt,9.8584,per lb,National,wholesale,,,,,,45082.0,lb,,2453,National Daily Boxed Beef Cutout & Boxed Beef Cuts - Negotiated Sales - PM (PDF) (LM_XB403),2026-09-26T14:04:07+00:00
05f5e812e16506fb,2023-02-01,Beef,"Rib, ribeye, bnls, light (112A  3)",Select Cuts,,,,Select,,,,,791.25,825.0,,,796.59,$/cwt,7.9659,per lb,National,wholesale,,,,,,16566.0,lb,,2453,National Daily Boxed Beef Cutout & Boxed Beef Cuts - Negotiated Sales - PM (PDF) (LM_XB403),2026-09-26T14:04:07+00:00
fe98812e59a55b6a,2023-02-01,Beef,"Rib, ribeye, lip-on, bn-in (109E  1)",Choice Cuts,,,,Choice,,,,,819.0,926.0,,,826.52,$/cwt,8.2652,per lb,National,wholesale,,,,,,49998.0,lb,,2453,National Daily Boxed Beef Cutout & Boxed Beef Cuts - Negotiated Sales - PM (PDF) (LM_XB403),2026-09-26T14:04:07+00:00
f954a36a17b0b1cb,2023-02-01,Beef,"Rib, ribeye, lip-on, bn-in (109E  1)",Select Cuts,,,,Select,,,,,701.0,745.0,,,718.27,$/cwt,7.1827,per lb,National,wholesale,,,,,,20421.0,lb,,2453,National Daily Boxed Beef Cutout & Boxed Beef Cuts - Negotiated Sales - PM (PDF) (LM_XB403),2026-09-26T14:04:07+00:00
f61c02f3a9daed67,2023-02-01,Beef,"Round, bottom gooseneck (170  1)",Choice Cuts,,,,Choice,,,,,250.61,278.75,,,254.36,$/cwt,2.5436,per lb,National,wholesale,,,,,,40763.0,lb,,2453,National Daily Boxed Beef Cutout & Boxed Beef Cuts - Negotiated Sales - PM (PDF) (LM_XB403),2026-09-26T14:04:07+00:00
d8883a8a19c6ec40,2023-02-01,Beef,"Round, eye of round (171C  3)",Choice Cuts,,,,Choice,,,,,283.85,323.0,,,295.07,$/cwt,2.9507,per lb,National,wholesale,,,,,,141175.0,lb,,2453,National Daily Boxed Beef Cutout & Boxed Beef Cuts - Negotiated Sales - PM (PDF) (LM_XB403),2026-09-26T14:04:07+00:00
7ad62aeb79f97248,2023-02-01,Beef,"Round, eye of round (171C  3)",Select Cuts,,,,Select,,,,,284.85,306.0,,,289.76,$/cwt,2.8976,per lb,National,wholesale,,,,,,27725.0,lb,,2453,National Daily Boxed Beef Cutout & Boxed Beef Cuts - Negotiated Sales - PM (PDF) (LM_XB403),2026-09-26T14:04:07+00:00
000b5e829fc9c97b,2023-02-01,Beef,"Round, knuckle, peeled (167A  4)",Choice Cuts,,,,Choice,,,,,280.0,351.0,,,287.75,$/cwt,2.8775,per lb,National,wholesale,,,,,,263775.0,lb,,2453,National Daily Boxed Beef Cutout & Boxed Beef Cuts - Negotiated Sales - PM (PDF) (LM_XB403),2026-09-26T14:04:07+00:00
e3bd218845314302,2023-02-01,Beef,"Round, knuckle, peeled (167A  4)",Select Cuts,,,,Select,,,,,299.0,324.5,,,305.36,$/cwt,3.0536,per lb,National,wholesale,,,,,,2531.0,lb,,2453,National Daily Boxed Beef Cutout & Boxed Beef Cuts - Negotiated Sales - PM (PDF) (LM_XB403),2026-09-26T14:04:07+00:00
7b779d7b6f8a6647,2023-02-01,Beef,"Round, outside round (171B  3)",Choice Cuts,,,,Choice,,,,,247.0,300.0,,,268.75,$/cwt,2.6875,per lb,National,wholesale,,,,,,145781.0,lb,,2453,National Daily Boxed Beef Cutout & Boxed Beef Cuts - Negotiated Sales - PM (PDF) (LM_XB403),2026-09-26T14:04:07+00:00
3f449c006053ab09,2023-02-01,Beef,"Round, outside round (171B  3)",Select Cuts,,,,Select,,,,,247.0,280.0,,,269.72,$/cwt,2.6972,per lb,National,wholesale,,,,,,50121.0,lb,,2453,National Daily Boxed Beef Cutout & Boxed Beef Cuts - Negotiated Sales - PM (PDF) (LM_XB403),2026-09-26T14:04:07+00:00
e8848f7b67eeaebf,2023-02-01,Beef,"Round, top inside round (168  1)",Choice Cuts,,,,Choice,,,,,250.0,265.0,,,258.49,$/cwt,2.5849,per lb,National,wholesale,,,,,,295242.0,lb,,2453,National Daily Boxed Beef Cutout & Boxed Beef Cuts - Negotiated Sales - PM (PDF) (LM_XB403),2026-09-26T14:04:07+00:00
d4046584ea2ec3e4,2023-02-01,Beef,"Round, top inside round (168  3)",Choice Cuts,,,,Choice,,,,,237.07,283.25,,,260.5,$/cwt,2.605,per lb,National,wholesale,,,,,,108920.0,lb,,2453,National Daily Boxed Beef Cutout & Boxed Beef Cuts - Negotiated Sales - PM (PDF) (LM_XB403),2026-09-26T14:04:07+00:00
117e0937bc71c4aa,2023-02-01,Beef,"Round, top inside round (168  3)",Select Cuts,,,,Select,,,,,261.28,268.0,,,263.18,$/cwt,2.6318,per lb,National,wholesale,,,,,,10542.0,lb,,2453,National Daily Boxed Beef Cutout & Boxed Beef Cuts - Negotiated Sales - PM (PDF) (LM_XB403),2026-09-26T14:04:07+00:00
223952118b00e8b3,2023-02-01,Beef,"Round, top inside, cap off (169A  5)",Choice Cuts,,,,Choice,,,,,405.0,451.0,,,441.84,$/cwt,4.4184,per lb,National,wholesale,,,,,,2882.0,lb,,2453,National Daily Boxed Beef Cutout & Boxed Beef Cuts - Negotiated Sales - PM (PDF) (LM_XB403),2026-09-26T14:04:07+00:00
0b82c6f62a898a17,2023-02-01,Beef,"Round, top inside, denuded (169  5)",Choice Cuts,,,,Choice,,,,,290.0,351.0,,,311.83,$/cwt,3.1183,per lb,National,wholesale,,,,,,18093.0,lb,,2453,National Daily Boxed Beef Cutout & Boxed Beef Cuts - Negotiated Sales - PM (PDF) (LM_XB403),2026-09-26T14:04:07+00:00
4b54cb2c5bf5b1c9,2023-02-01,Beef,"Short Plate, short rib (123A  3)",Choice Cuts,,,,Choice,,,,,448.48,600.0,,,518.5,$/cwt,5.185,per lb,National,wholesale,,,,,,43242.0,lb,,2453,National Daily Boxed Beef Cutout & Boxed Beef Cuts - Negotiated Sales - PM (PDF) (LM_XB403),2026-09-26T14:04:07+00:00
e2fdbea02fb93199,2023-02-02,Beef,"Brisket, deckle-off, bnls (120  1)",Choice Cuts,,,,Choice,,,,,259.98,290.0,,,264.58,$/cwt,2.6458,per lb,National,wholesale,,,,,,179448.0,lb,,2453,National Daily Boxed Beef Cutout & Boxed Beef Cuts - Negotiated Sales - PM (PDF) (LM_XB403),2026-09-26T14:04:07+00:00
1a6d4c6dc514976d,2023-02-02,Beef,"Brisket, point/off, bnls (120A  3)",Choice Cuts,,,,Choice,,,,,492.0,600.0,,,569.54,$/cwt,5.6954,per lb,National,wholesale,,,,,,19512.0,lb,,2453,National Daily Boxed Beef Cutout & Boxed Beef Cuts - Negotiated Sales - PM (PDF) (LM_XB403),2026-09-26T14:04:07+00:00
6a1e857883ea1b6f,2023-02-02,Beef,"Chuck, chuck tender (116B  1)",Choice Cuts,,,,Choice,,,,,285.0,344.0,,,296.77,$/cwt,2.9677,per lb,National,wholesale,,,,,,80565.0,lb,,2453,National Daily Boxed Beef Cutout & Boxed Beef Cuts - Negotiated Sales - PM (PDF) (LM_XB403),2026-09-26T14:04:07+00:00
2f00bf963c0596fb,2023-02-02,Beef,"Chuck, clod tender (114F  5)",Choice Cuts,,,,Choice,,,,,452.09,540.0,,,494.64,$/cwt,4.9464,per lb,National,wholesale,,,,,,7458.0,lb,,2453,National Daily Boxed Beef Cutout & Boxed Beef Cuts - Negotiated Sales - PM (PDF) (LM_XB403),2026-09-26T14:04:07+00:00
551db43b5e2dacb9,2023-02-02,Beef,"Chuck, clod, arm roast (114E  3)",Choice Cuts,,,,Choice,,,,,321.0,388.0,,,369.75,$/cwt,3.6975,per lb,National,wholesale,,,,,,63647.0,lb,,2453,National Daily Boxed Beef Cutout & Boxed Beef Cuts - Negotiated Sales - PM (PDF) (LM_XB403),2026-09-26T14:04:07+00:00
27f7bc2744d020b8,2023-02-02,Beef,"Chuck, clod, top blade (114D  3)",Choice Cuts,,,,Choice,,,,,323.0,351.0,,,331.42,$/cwt,3.3142,per lb,National,wholesale,,,,,,64667.0,lb,,2453,National Daily Boxed Beef Cutout & Boxed Beef Cuts - Negotiated Sales - PM (PDF) (LM_XB403),2026-09-26T14:04:07+00:00
d5ccf64f47b12e9f,2023-02-02,Beef,"Chuck, flap (116G  4)",Choice Cuts,,,,Choice,,,,,518.93,611.0,,,546.24,$/cwt,5.4624,per lb,National,wholesale,,,,,,6338.0,lb,,2453,National Daily Boxed Beef Cutout & Boxed Beef Cuts - Negotiated Sales - PM (PDF) (LM_XB403),2026-09-26T14:04:07+00:00
8ae4679a69458a67,2023-02-02,Beef,"Chuck, flap (116G  4)",Select Cuts,,,,Select,,,,,508.0,535.0,,,532.16,$/cwt,5.3216,per lb,National,wholesale,,,,,,19709.0,lb,,2453,National Daily Boxed Beef Cutout & Boxed Beef Cuts - Negotiated Sales - PM (PDF) (LM_XB403),2026-09-26T14:04:07+00:00
1825663778bc3cf9,2023-02-02,Beef,"Chuck, roll, lxl, neck/off (116A  3)",Choice Cuts,,,,Choice,,,,,287.26,363.0,,,322.09,$/cwt,3.2209,per lb,National,wholesale,,,,,,236710.0,lb,,2453,National Daily Boxed Beef Cutout & Boxed Beef Cuts - Negotiated Sales - PM (PDF) (LM_XB403),2026-09-26T14:04:07+00:00
9974418bdb2aaaa7,2023-02-02,Beef,"Chuck, roll, lxl, neck/off (116A  3)",Select Cuts,,,,Select,,,,,287.28,378.9,,,317.28,$/cwt,3.1728,per lb,National,wholesale,,,,,,59051.0,lb,,2453,National Daily Boxed Beef Cutout & Boxed Beef Cuts - Negotiated Sales - PM (PDF) (LM_XB403),2026-09-26T14:04:07+00:00
378e2848716e2584,2023-02-02,Beef,"Chuck, roll, retail ready (916A  3)",Choice Cuts,,,,Choice,,,,,346.0,384.0,,,352.14,$/cwt,3.5214,per lb,National,wholesale,,,,,,114568.0,lb,,2453,National Daily Boxed Beef Cutout & Boxed Beef Cuts - Negotiated Sales - PM (PDF) (LM_XB403),2026-09-26T14:04:07+00:00
d2954bf30d876046,2023-02-02,Beef,"Chuck, short rib (130  4)",Choice Cuts,,,,Choice,,,,,420.0,463.0,,,432.88,$/cwt,4.3288,per lb,National,wholesale,,,,,,92034.0,lb,,2453,National Daily Boxed Beef Cutout & Boxed Beef Cuts - Negotiated Sales - PM (PDF) (LM_XB403),2026-09-26T14:04:07+00:00
163a2071ca3927ef,2023-02-02,Beef,"Chuck, short rib (130  4)",Select Cuts,,,,Select,,,,,425.0,430.0,,,428.04,$/cwt,4.2804,per lb,National,wholesale,,,,,,2964.0,lb,,2453,National Daily Boxed Beef Cutout & Boxed Beef Cuts - Negotiated Sales - PM (PDF) (LM_XB403),2026-09-26T14:04:07+00:00
f055c2ed66321871,2023-02-02,Beef,"Chuck, shoulder clod (114  1)",Choice Cuts,,,,Choice,,,,,253.28,277.0,,,262.11,$/cwt,2.6211,per lb,National,wholesale,,,,,,9718.0,lb,,2453,National Daily Boxed Beef Cutout & Boxed Beef Cuts - Negotiated Sales - PM (PDF) (LM_XB403),2026-09-26T14:04:07+00:00
474afd32bc377d3f,2023-02-02,Beef,"Chuck, shoulder clod, trmd (114A  3)",Choice Cuts,,,,Choice,,,,,258.55,287.0,,,262.47,$/cwt,2.6247,per lb,National,wholesale,,,,,,254652.0,lb,,2453,National Daily Boxed Beef Cutout & Boxed Beef Cuts - Negotiated Sales - PM (PDF) (LM_XB403),2026-09-26T14:04:07+00:00
8013fa266ea947aa,2023-02-02,Beef,"Chuck, shoulder clod, trmd (114A  3)",Select Cuts,,,,Select,,,,,265.3,314.9,,,277.34,$/cwt,2.7734,per lb,National,wholesale,,,,,,16243.0,lb,,2453,National Daily Boxed Beef Cutout & Boxed Beef Cuts - Negotiated Sales - PM (PDF) (LM_XB403),2026-09-26T14:04:07+00:00
26d0565a41b1f676,2023-02-02,Beef,Cutout 600-900 lb,,,,,Choice,,,,,,,,,265.1,$/cwt,2.651,per lb,National,wholesale,,,,,,,,,2453,National Daily Boxed Beef Cutout & Boxed Beef Cuts - Negotiated Sales - PM (PDF) (LM_XB403),2026-09-26T14:04:07+00:00
e6f417945867805d,2023-02-02,Beef,Cutout 600-900 lb,,,,,Select,,,,,,,,,253.66,$/cwt,2.5366,per lb,National,wholesale,,,,,,,,,2453,National Daily Boxed Beef Cutout & Boxed Beef Cuts - Negotiated Sales - PM (PDF) (LM_XB403),2026-09-26T14:04:07+00:00
c53279a8b07616f6,2023-02-02,Beef,"Flank, flank steak (193  4)",Choice Cuts,,,,Choice,,,,,520.0,635.25,,,576.97,$/cwt,5.7697,per lb,National,wholesale,,,,,,31816.0,lb,,2453,National Daily Boxed Beef Cutout & Boxed Beef Cuts - Negotiated Sales - PM (PDF) (LM_XB403),2026-09-26T14:04:07+00:00
ff1da16246e62aa2,2023-02-02,Beef,Ground Beef 73%,Ground Beef,,,,,,,,,165.0,239.25,,,178.31,$/cwt,1.7831,per lb,National,wholesale,,,,,,145751.0,lb,,2453,National Daily Boxed Beef Cutout & Boxed Beef Cuts - Negotiated Sales - PM (PDF) (LM_XB403),2026-09-26T14:04:07+00:00
fe44d300e3353e46,2023-02-02,Beef,Ground Beef 75%,Ground Beef,,,,,,,,,210.25,234.25,,,224.18,$/cwt,2.2418,per lb,National,wholesale,,,,,,9132.0,lb,,2453,National Daily Boxed Beef Cutout & Boxed Beef Cuts - Negotiated Sales - PM (PDF) (LM_XB403),2026-09-26T14:04:07+00:00
089fa9701c100b8a,2023-02-02,Beef,Ground Beef 81%,Ground Beef,,,,,,,,,196.5,261.0,,,222.49,$/cwt,2.2249,per lb,National,wholesale,,,,,,248400.0,lb,,2453,National Daily Boxed Beef Cutout & Boxed Beef Cuts - Negotiated Sales - PM (PDF) (LM_XB403),2026-09-26T14:04:07+00:00
ff3b9c7aa080bb49,2023-02-02,Beef,Ground Beef 85%,Ground Beef,,,,,,,,,270.25,290.0,,,284.68,$/cwt,2.8468,per lb,National,wholesale,,,,,,2733.0,lb,,2453,National Daily Boxed Beef Cutout & Boxed Beef Cuts - Negotiated Sales - PM (PDF) (LM_XB403),2026-09-26T14:04:07+00:00
4109cc78a94a12e5,2023-02-02,Beef,Ground Beef 93%,Ground Beef,,,,,,,,,364.5,368.3,,,365.85,$/cwt,3.6585,per lb,National,wholesale,,,,,,17839.0,lb,,2453,National Daily Boxed Beef Cutout & Boxed Beef Cuts - Negotiated Sales - PM (PDF) (LM_XB403),2026-09-26T14:04:07+00:00
51dd03c00fb12418,2023-02-02,Beef,Ground Beef Chuck,Ground Beef,,,,,,,,,250.0,295.0,,,261.27,$/cwt,2.6127,per lb,National,wholesale,,,,,,20006.0,lb,,2453,National Daily Boxed Beef Cutout & Boxed Beef Cuts - Negotiated Sales - PM (PDF) (LM_XB403),2026-09-26T14:04:07+00:00
49b2a31a7f8133b0,2023-02-02,Beef,Ground Beef Round,Ground Beef,,,,,,,,,309.93,331.0,,,311.57,$/cwt,3.1157,per lb,National,wholesale,,,,,,12713.0,lb,,2453,National Daily Boxed Beef Cutout & Boxed Beef Cuts - Negotiated Sales - PM (PDF) (LM_XB403),2026-09-26T14:04:07+00:00
5f0a3ae31faa7d2d,2023-02-02,Beef,"Loin, ball-tip, bnls, heavy (185B  1)",Choice Cuts,,,,Choice,,,,,271.0,294.7,,,276.67,$/cwt,2.7667,per lb,National,wholesale,,,,,,24732.0,lb,,2453,National Daily Boxed Beef Cutout & Boxed Beef Cuts - Negotiated Sales - PM (PDF) (LM_XB403),2026-09-26T14:04:07+00:00
0506518ac3e2c2f2,2023-02-02,Beef,"Loin, bottom sirloin, flap (185A  4)",Choice Cuts,,,,Choice,,,,,630.0,651.0,,,647.78,$/cwt,6.4778,per lb,National,wholesale,,,,,,23316.0,lb,,2453,National Daily Boxed Beef Cutout & Boxed Beef Cuts - Negotiated Sales - PM (PDF) (LM_XB403),2026-09-26T14:04:07+00:00
efe2b5612829b243,2023-02-02,Beef,"Loin, bottom sirloin, flap (185A  4)",Select Cuts,,,,Select,,,,,598.0,617.0,,,603.47,$/cwt,6.0347,per lb,National,wholesale,,,,,,2471.0,lb,,2453,National Daily Boxed Beef Cutout & Boxed Beef Cuts - Negotiated Sales - PM (PDF) (LM_XB403),2026-09-26T14:04:07+00:00
c77196a981c8675a,2023-02-02,Beef,"Loin, butt tender, trimmed (191A  4)",Choice Cuts,,,,Choice,,,,,1250.0,1279.0,,,1268.07,$/cwt,12.6807,per lb,National,wholesale,,,,,,7604.0,lb,,2453,National Daily Boxed Beef Cutout & Boxed Beef Cuts - Negotiated Sales - PM (PDF) (LM_XB403),2026-09-26T14:04:07+00:00
bfbaea2885f57042,2023-02-02,Beef,"Loin, short loin, 0x1 (174  3)",Choice Cuts,,,,Choice,,,,,660.69,780.0,,,669.76,$/cwt,6.6976,per lb,National,wholesale,,,,,,441663.0,lb,,2453,National Daily Boxed Beef Cutout & Boxed Beef Cuts - Negotiated Sales - PM (PDF) (LM_XB403),2026-09-26T14:04:07+00:00
5d7e28bcc493129b,2023-02-02,Beef,"Loin, short loin, 0x1 (174  3)",Select Cuts,,,,Select,,,,,632.3,650.0,,,637.29,$/cwt,6.3729,per lb,National,wholesale,,,,,,1432.0,lb,,2453,National Daily Boxed Beef Cutout & Boxed Beef Cuts - Negotiated Sales - PM (PDF) (LM_XB403),2026-09-26T14:04:07+00:00
d483d52522653d34,2023-02-02,Beef,"Loin, sirloin, tri-tip (185C  1)",Choice Cuts,,,,Choice,,,,,338.0,367.3,,,341.51,$/cwt,3.4151,per lb,National,wholesale,,,,,,63564.0,lb,,2453,National Daily Boxed Beef Cutout & Boxed Beef Cuts - Negotiated Sales - PM (PDF) (LM_XB403),2026-09-26T14:04:07+00:00
8967b302da71b08c,2023-02-02,Beef,"Loin, sirloin, tri-tip, pld (185D  4)",Choice Cuts,,,,Choice,,,,,496.0,517.5,,,500.07,$/cwt,5.0007,per lb,National,wholesale,,,,,,3733.0,lb,,2453,National Daily Boxed Beef Cutout & Boxed Beef Cuts - Negotiated Sales - PM (PDF) (LM_XB403),2026-09-26T14:04:07+00:00
639516df6470d019,2023-02-02,Beef,"Loin, strip, bnls, 0x1 (180  3)",Choice Cuts,,,,Choice,,,,,777.42,816.0,,,802.99,$/cwt,8.0299,per lb,National,wholesale,,,,,,417592.0,lb,,2453,National Daily Boxed Beef Cutout & Boxed Beef Cuts - Negotiated Sales - PM (PDF) (LM_XB403),2026-09-26T14:04:07+00:00
20f2854f49c8f348,2023-02-02,Beef,"Loin, strip, bnls, 0x1 (180  3)",Select Cuts,,,,Select,,,,,626.5,665.0,,,627.09,$/cwt,6.2709,per lb,National,wholesale,,,,,,81106.0,lb,,2453,National Daily Boxed Beef Cutout & Boxed Beef Cuts - Negotiated Sales - PM (PDF) (LM_XB403),2026-09-26T14:04:07+00:00
d168c1bbace861a5,2023-02-02,Beef,"Loin, tndrloin, trmd, heavy (189A  4)",Choice Cuts,,,,Choice,,,,,1283.0,1696.0,,,1398.85,$/cwt,13.9885,per lb,National,wholesale,,,,,,121281.0,lb,,2453,National Daily Boxed Beef Cutout & Boxed Beef Cuts - Negotiated Sales - PM (PDF) (LM_XB403),2026-09-26T14:04:07+00:00
0c4bef14d5c997a3,2023-02-02,Beef,"Loin, tndrloin, trmd, heavy (189A  4)",Select Cuts,,,,Select,,,,,1375.0,1463.6,,,1453.12,$/cwt,14.5312,per lb,National,wholesale,,,,,,3393.0,lb,,2453,National Daily Boxed Beef Cutout & Boxed Beef Cuts - Negotiated Sales - PM (PDF) (LM_XB403),2026-09-26T14:04:07+00:00
58613dd2f300dbe7,2023-02-02,Beef,"Loin, top butt, CC (184B  3)",Choice Cuts,,,,Choice,,,,,500.46,551.0,,,516.69,$/cwt,5.1669,per lb,National,wholesale,,,,,,18446.0,lb,,2453,National Daily Boxed Beef Cutout & Boxed Beef Cuts - Negotiated Sales - PM (PDF) (LM_XB403),2026-09-26T14:04:07+00:00
02a71e367b2ad3f9,2023-02-02,Beef,"Loin, top butt, bnls, heavy (184  1)",Choice Cuts,,,,Choice,,,,,370.0,393.6,,,383.53,$/cwt,3.8353,per lb,National,wholesale,,,,,,3681.0,lb,,2453,National Daily Boxed Beef Cutout & Boxed Beef Cuts - Negotiated Sales - PM (PDF) (LM_XB403),2026-09-26T14:04:07+00:00
2c1d490230a897a3,2023-02-02,Beef,"Loin, top butt, bnls, heavy (184  1)",Select Cuts,,,,Select,,,,,360.0,379.82,,,366.39,$/cwt,3.6639,per lb,National,wholesale,,,,,,40027.0,lb,,2453,National Daily Boxed Beef Cutout & Boxed Beef Cuts - Negotiated Sales - PM (PDF) (LM_XB403),2026-09-26T14:04:07+00:00
0c7d91ce3852b92a,2023-02-02,Beef,"Loin, top butt, boneless (184  3)",Choice Cuts,,,,Choice,,,,,368.74,407.0,,,381.93,$/cwt,3.8193,per lb,National,wholesale,,,,,,393326.0,lb,,2453,National Daily Boxed Beef Cutout & Boxed Beef Cuts - Negotiated Sales - PM (PDF) (LM_XB403),2026-09-26T14:04:07+00:00
bc2b39c1b229d5b0,2023-02-02,Beef,"Loin, top butt, boneless (184  3)",Select Cuts,,,,Select,,,,,375.0,399.0,,,386.66,$/cwt,3.8666,per lb,National,wholesale,,,,,,4814.0,lb,,2453,National Daily Boxed Beef Cutout & Boxed Beef Cuts - Negotiated Sales - PM (PDF) (LM_XB403),2026-09-26T14:04:07+00:00
fb653566ff3773db,2023-02-02,Beef,"Rib, ribeye, bnls, heavy (112A  3)",Choice Cuts,,,,Choice,,,,,945.87,1021.5,,,980.34,$/cwt,9.8034,per lb,National,wholesale,,,,,,86145.0,lb,,2453,National Daily Boxed Beef Cutout & Boxed Beef Cuts - Negotiated Sales - PM (PDF) (LM_XB403),2026-09-26T14:04:07+00:00
316e038e95633654,2023-02-02,Beef,"Rib, ribeye, bnls, heavy (112A  3)",Select Cuts,,,,Select,,,,,794.35,849.82,,,811.27,$/cwt,8.1127,per lb,National,wholesale,,,,,,10681.0,lb,,2453,National Daily Boxed Beef Cutout & Boxed Beef Cuts - Negotiated Sales - PM (PDF) (LM_XB403),2026-09-26T14:04:07+00:00
dfee98254f48d7c7,2023-02-02,Beef,"Rib, ribeye, bnls, light (112A  3)",Choice Cuts,,,,Choice,,,,,957.6,1061.5,,,1015.6,$/cwt,10.156,per lb,National,wholesale,,,,,,9091.0,lb,,2453,National Daily Boxed Beef Cutout & Boxed Beef Cuts - Negotiated Sales - PM (PDF) (LM_XB403),2026-09-26T14:04:07+00:00
49ed99926b20b7ce,2023-02-02,Beef,"Rib, ribeye, bnls, light (112A  3)",Select Cuts,,,,Select,,,,,800.0,848.18,,,818.53,$/cwt,8.1853,per lb,National,wholesale,,,,,,2297.0,lb,,2453,National Daily Boxed Beef Cutout & Boxed Beef Cuts - Negotiated Sales - PM (PDF) (LM_XB403),2026-09-26T14:04:07+00:00
9f024ac6a5593c13,2023-02-02,Beef,"Rib, ribeye, lip-on, bn-in (109E  1)",Choice Cuts,,,,Choice,,,,,833.0,929.0,,,838.49,$/cwt,8.3849,per lb,National,wholesale,,,,,,181462.0,lb,,2453,National Daily Boxed Beef Cutout & Boxed Beef Cuts - Negotiated Sales - PM (PDF) (LM_XB403),2026-09-26T14:04:07+00:00
7dc87502843ff264,2023-02-02,Beef,"Rib, ribeye, lip-on, bn-in (109E  1)",Select Cuts,,,,Select,,,,,690.0,714.0,,,699.22,$/cwt,6.9922,per lb,National,wholesale,,,,,,4565.0,lb,,2453,National Daily Boxed Beef Cutout & Boxed Beef Cuts - Negotiated Sales - PM (PDF) (LM_XB403),2026-09-26T14:04:07+00:00
a632c9c00cc39678,2023-02-02,Beef,"Round, bottom gooseneck (170  1)",Choice Cuts,,,,Choice,,,,,270.0,287.25,,,274.04,$/cwt,2.7404,per lb,National,wholesale,,,,,,1086.0,lb,,2453,National Daily Boxed Beef Cutout & Boxed Beef Cuts - Negotiated Sales - PM (PDF) (LM_XB403),2026-09-26T14:04:07+00:00
f4eb836445c00b08,2023-02-02,Beef,"Round, bottom gooseneck (170  1)",Select Cuts,,,,Select,,,,,270.0,275.0,,,273.15,$/cwt,2.7315,per lb,National,wholesale,,,,,,1366.0,lb,,2453,National Daily Boxed Beef Cutout & Boxed Beef Cuts - Negotiated Sales - PM (PDF) (LM_XB403),2026-09-26T14:04:07+00:00
afb7d092478dfba3,2023-02-02,Beef,"Round, eye of round (171C  3)",Choice Cuts,,,,Choice,,,,,277.37,342.46,,,287.99,$/cwt,2.8799,per lb,National,wholesale,,,,,,255019.0,lb,,2453,National Daily Boxed Beef Cutout & Boxed Beef Cuts - Negotiated Sales - PM (PDF) (LM_XB403),2026-09-26T14:04:07+00:00
6ab6a3e624786e47,2023-02-02,Beef,"Round, eye of round (171C  3)",Select Cuts,,,,Select,,,,,278.4,308.0,,,289.29,$/cwt,2.8929,per lb,National,wholesale,,,,,,22421.0,lb,,2453,National Daily Boxed Beef Cutout & Boxed Beef Cuts - Negotiated Sales - PM (PDF) (LM_XB403),2026-09-26T14:04:07+00:00
7fd64c76f1f46883,2023-02-02,Beef,"Round, knuckle, peeled (167A  4)",Choice Cuts,,,,Choice,,,,,282.0,345.0,,,294.91,$/cwt,2.9491,per lb,National,wholesale,,,,,,138016.0,lb,,2453,National Daily Boxed Beef Cutout & Boxed Beef Cuts - Negotiated Sales - PM (PDF) (LM_XB403),2026-09-26T14:04:07+00:00
10846f24136e3fb1,2023-02-02,Beef,"Round, knuckle, peeled (167A  4)",Select Cuts,,,,Select,,,,,303.0,338.75,,,312.98,$/cwt,3.1298,per lb,National,wholesale,,,,,,5809.0,lb,,2453,National Daily Boxed Beef Cutout & Boxed Beef Cuts - Negotiated Sales - PM (PDF) (LM_XB403),2026-09-26T14:04:07+00:00
ededfa48b10a82c3,2023-02-02,Beef,"Round, outside round (171B  3)",Choice Cuts,,,,Choice,,,,,250.0,288.0,,,270.83,$/cwt,2.7083,per lb,National,wholesale,,,,,,122993.0,lb,,2453,National Daily Boxed Beef Cutout & Boxed Beef Cuts - Negotiated Sales - PM (PDF) (LM_XB403),2026-09-26T14:04:07+00:00
51a656f2f40be756,2023-02-02,Beef,"Round, outside round (171B  3)",Select Cuts,,,,Select,,,,,252.0,300.0,,,273.4,$/cwt,2.734,per lb,National,wholesale,,,,,,20131.0,lb,,2453,National Daily Boxed Beef Cutout & Boxed Beef Cuts - Negotiated Sales - PM (PDF) (LM_XB403),2026-09-26T14:04:07+00:00
58a3e91f847a58e6,2023-02-02,Beef,"Round, top inside round (168  1)",Choice Cuts,,,,Choice,,,,,254.25,268.04,,,255.92,$/cwt,2.5592,per lb,National,wholesale,,,,,,9429.0,lb,,2453,National Daily Boxed Beef Cutout & Boxed Beef Cuts - Negotiated Sales - PM (PDF) (LM_XB403),2026-09-26T14:04:07+00:00
928d292defe94851,2023-02-02,Beef,"Round, top inside round (168  3)",Choice Cuts,,,,Choice,,,,,255.0,283.0,,,256.91,$/cwt,2.5691,per lb,National,wholesale,,,,,,342422.0,lb,,2453,National Daily Boxed Beef Cutout & Boxed Beef Cuts - Negotiated Sales - PM (PDF) (LM_XB403),2026-09-26T14:04:07+00:00
79a260506c026e2b,2023-02-02,Beef,"Round, top inside round (168  3)",Select Cuts,,,,Select,,,,,250.0,274.0,,,258.09,$/cwt,2.5809,per lb,National,wholesale,,,,,,34826.0,lb,,2453,National Daily Boxed Beef Cutout & Boxed Beef Cuts - Negotiated Sales - PM (PDF) (LM_XB403),2026-09-26T14:04:07+00:00
3e555b8d5686bba0,2023-02-02,Beef,"Round, top inside, denuded (169  5)",Choice Cuts,,,,Choice,,,,,293.79,352.3,,,300.48,$/cwt,3.0048,per lb,National,wholesale,,,,,,108037.0,lb,,2453,National Daily Boxed Beef Cutout & Boxed Beef Cuts - Negotiated Sales - PM (PDF) (LM_XB403),2026-09-26T14:04:07+00:00
63c73a37e852a4f7,2023-02-02,Beef,"Short Plate, short rib (123A  3)",Choice Cuts,,,,Choice,,,,,425.23,608.0,,,493.33,$/cwt,4.9333,per lb,National,wholesale,,,,,,40974.0,lb,,2453,National Daily Boxed Beef Cutout & Boxed Beef Cuts - Negotiated Sales - PM (PDF) (LM_XB403),2026-09-26T14:04:07+00:00
b84d395ffc06a8e1,2023-02-02,Beef,"Short Plate, short rib (123A  3)",Select Cuts,,,,Select,,,,,414.6,587.5,,,448.99,$/cwt,4.4899,per lb,National,wholesale,,,,,,11894.0,lb,,2453,National Daily Boxed Beef Cutout & Boxed Beef Cuts - Negotiated Sales - PM (PDF) (LM_XB403),2026-09-26T14:04:07+00:00
36918ff3739994c9,2023-02-03,Beef,"Brisket, deckle-off, bnls (120  1)",Choice Cuts,,,,Choice,,,,,239.0,281.06,,,260.08,$/cwt,2.6008,per lb,National,wholesale,,,,,,70127.0,lb,,2453,National Daily Boxed Beef Cutout & Boxed Beef Cuts - Negotiated Sales - PM (PDF) (LM_XB403),2026-09-26T14:04:07+00:00
cabee1fa4e6e76b8,2023-02-03,Beef,"Brisket, deckle-off, bnls (120  1)",Select Cuts,,,,Select,,,,,260.0,274.7,,,260.98,$/cwt,2.6098,per lb,National,wholesale,,,,,,27157.0,lb,,2453,National Daily Boxed Beef Cutout & Boxed Beef Cuts - Negotiated Sales - PM (PDF) (LM_XB403),2026-09-26T14:04:07+00:00
ace86ff9eb76ea41,2023-02-03,Beef,"Brisket, point/off, bnls (120A  3)",Choice Cuts,,,,Choice,,,,,480.0,525.0,,,484.14,$/cwt,4.8414,per lb,National,wholesale,,,,,,7762.0,lb,,2453,National Daily Boxed Beef Cutout & Boxed Beef Cuts - Negotiated Sales - PM (PDF) (LM_XB403),2026-09-26T14:04:07+00:00
75483a4d701e01b7,2023-02-03,Beef,"Chuck, chuck tender (116B  1)",Choice Cuts,,,,Choice,,,,,284.0,311.06,,,296.31,$/cwt,2.9631,per lb,National,wholesale,,,,,,42554.0,lb,,2453,National Daily Boxed Beef Cutout & Boxed Beef Cuts - Negotiated Sales - PM (PDF) (LM_XB403),2026-09-26T14:04:07+00:00
354cb1c8abba4946,2023-02-03,Beef,"Chuck, clod tender (114F  5)",Choice Cuts,,,,Choice,,,,,444.0,598.0,,,516.79,$/cwt,5.1679,per lb,National,wholesale,,,,,,5999.0,lb,,2453,National Daily Boxed Beef Cutout & Boxed Beef Cuts - Negotiated Sales - PM (PDF) (LM_XB403),2026-09-26T14:04:07+00:00
32bf658499c4309e,2023-02-03,Beef,"Chuck, clod tender (114F  5)",Select Cuts,,,,Select,,,,,402.2,411.5,,,406.54,$/cwt,4.0654,per lb,National,wholesale,,,,,,11178.0,lb,,2453,National Daily Boxed Beef Cutout & Boxed Beef Cuts - Negotiated Sales - PM (PDF) (LM_XB403),2026-09-26T14:04:07+00:00
059f5d035b73ef96,2023-02-03,Beef,"Chuck, clod, arm roast (114E  3)",Choice Cuts,,,,Choice,,,,,386.0,405.0,,,392.63,$/cwt,3.9263,per lb,National,wholesale,,,,,,13666.0,lb,,2453,National Daily Boxed Beef Cutout & Boxed Beef Cuts - Negotiated Sales - PM (PDF) (LM_XB403),2026-09-26T14:04:07+00:00
07e4b13ff26fb065,2023-02-03,Beef,"Chuck, clod, top blade (114D  3)",Choice Cuts,,,,Choice,,,,,335.0,350.0,,,340.69,$/cwt,3.4069,per lb,National,wholesale,,,,,,20093.0,lb,,2453,National Daily Boxed Beef Cutout & Boxed Beef Cuts - Negotiated Sales - PM (PDF) (LM_XB403),2026-09-26T14:04:07+00:00
a9076b89acee5d45,2023-02-03,Beef,"Chuck, flap (116G  4)",Choice Cuts,,,,Choice,,,,,523.9,535.0,,,526.02,$/cwt,5.2602,per lb,National,wholesale,,,,,,4778.0,lb,,2453,National Daily Boxed Beef Cutout & Boxed Beef Cuts - Negotiated Sales - PM (PDF) (LM_XB403),2026-09-26T14:04:07+00:00
9d57cb23044c6ea7,2023-02-03,Beef,"Chuck, roll, lxl, neck/off (116A  3)",Choice Cuts,,,,Choice,,,,,287.28,365.9,,,324.37,$/cwt,3.2437,per lb,National,wholesale,,,,,,125584.0,lb,,2453,National Daily Boxed Beef Cutout & Boxed Beef Cuts - Negotiated Sales - PM (PDF) (LM_XB403),2026-09-26T14:04:07+00:00
5489baa6908324d3,2023-02-03,Beef,"Chuck, roll, lxl, neck/off (116A  3)",Select Cuts,,,,Select,,,,,304.0,348.25,,,324.97,$/cwt,3.2497,per lb,National,wholesale,,,,,,13470.0,lb,,2453,National Daily Boxed Beef Cutout & Boxed Beef Cuts - Negotiated Sales - PM (PDF) (LM_XB403),2026-09-26T14:04:07+00:00
f0d9c448317c9c8b,2023-02-03,Beef,"Chuck, roll, retail ready (916A  3)",Choice Cuts,,,,Choice,,,,,354.0,380.0,,,355.99,$/cwt,3.5599,per lb,National,wholesale,,,,,,39067.0,lb,,2453,National Daily Boxed Beef Cutout & Boxed Beef Cuts - Negotiated Sales - PM (PDF) (LM_XB403),2026-09-26T14:04:07+00:00
a609dc8b246a03eb,2023-02-03,Beef,"Chuck, short rib (130  4)",Choice Cuts,,,,Choice,,,,,437.0,462.54,,,438.5,$/cwt,4.385,per lb,National,wholesale,,,,,,28650.0,lb,,2453,National Daily Boxed Beef Cutout & Boxed Beef Cuts - Negotiated Sales - PM (PDF) (LM_XB403),2026-09-26T14:04:07+00:00
db8447f22b3760dd,2023-02-03,Beef,"Chuck, short rib (130  4)",Select Cuts,,,,Select,,,,,410.0,439.7,,,424.36,$/cwt,4.2436,per lb,National,wholesale,,,,,,1119.0,lb,,2453,National Daily Boxed Beef Cutout & Boxed Beef Cuts - Negotiated Sales - PM (PDF) (LM_XB403),2026-09-26T14:04:07+00:00
a5ea4d4fa1869c86,2023-02-03,Beef,"Chuck, shoulder clod (114  1)",Choice Cuts,,,,Choice,,,,,253.23,257.0,,,256.08,$/cwt,2.5608,per lb,National,wholesale,,,,,,19939.0,lb,,2453,National Daily Boxed Beef Cutout & Boxed Beef Cuts - Negotiated Sales - PM (PDF) (LM_XB403),2026-09-26T14:04:07+00:00
7a89be323dbf6fba,2023-02-03,Beef,"Chuck, shoulder clod, trmd (114A  3)",Choice Cuts,,,,Choice,,,,,260.0,285.9,,,267.74,$/cwt,2.6774,per lb,National,wholesale,,,,,,97244.0,lb,,2453,National Daily Boxed Beef Cutout & Boxed Beef Cuts - Negotiated Sales - PM (PDF) (LM_XB403),2026-09-26T14:04:07+00:00
ec980ce415117605,2023-02-03,Beef,"Chuck, shoulder clod, trmd (114A  3)",Select Cuts,,,,Select,,,,,263.25,279.7,,,272.34,$/cwt,2.7234,per lb,National,wholesale,,,,,,7571.0,lb,,2453,National Daily Boxed Beef Cutout & Boxed Beef Cuts - Negotiated Sales - PM (PDF) (LM_XB403),2026-09-26T14:04:07+00:00
94d1226189bacc12,2023-02-03,Beef,Cutout 600-900 lb,,,,,Choice,,,,,,,,,264.74,$/cwt,2.6474,per lb,National,wholesale,,,,,,,,,2453,National Daily Boxed Beef Cutout & Boxed Beef Cuts - Negotiated Sales - PM (PDF) (LM_XB403),2026-09-26T14:04:07+00:00
c8da3eab84889a73,2023-02-03,Beef,Cutout 600-900 lb,,,,,Select,,,,,,,,,251.61,$/cwt,2.5161,per lb,National,wholesale,,,,,,,,,2453,National Daily Boxed Beef Cutout & Boxed Beef Cuts - Negotiated Sales - PM (PDF) (LM_XB403),2026-09-26T14:04:07+00:00
80929aa1b23a51a0,2023-02-03,Beef,"Flank, flank steak (193  4)",Choice Cuts,,,,Choice,,,,,520.0,630.0,,,563.13,$/cwt,5.6313,per lb,National,wholesale,,,,,,44121.0,lb,,2453,National Daily Boxed Beef Cutout & Boxed Beef Cuts - Negotiated Sales - PM (PDF) (LM_XB403),2026-09-26T14:04:07+00:00
1526d22fe065fe1e,2023-02-03,Beef,Ground Beef 73%,Ground Beef,,,,,,,,,165.0,236.0,,,176.08,$/cwt,1.7608,per lb,National,wholesale,,,,,,84124.0,lb,,2453,National Daily Boxed Beef Cutout & Boxed Beef Cuts - Negotiated Sales - PM (PDF) (LM_XB403),2026-09-26T14:04:07+00:00
5912f2865ecf3e51,2023-02-03,Beef,Ground Beef 81%,Ground Beef,,,,,,,,,213.1,259.7,,,224.96,$/cwt,2.2496,per lb,National,wholesale,,,,,,143081.0,lb,,2453,National Daily Boxed Beef Cutout & Boxed Beef Cuts - Negotiated Sales - PM (PDF) (LM_XB403),2026-09-26T14:04:07+00:00
a10b10889e21516b,2023-02-03,Beef,Ground Beef 85%,Ground Beef,,,,,,,,,272.0,289.7,,,279.64,$/cwt,2.7964,per lb,National,wholesale,,,,,,17243.0,lb,,2453,National Daily Boxed Beef Cutout & Boxed Beef Cuts - Negotiated Sales - PM (PDF) (LM_XB403),2026-09-26T14:04:07+00:00
68098d2c98588b07,2023-02-03,Beef,Ground Beef Chuck,Ground Beef,,,,,,,,,252.0,276.0,,,261.78,$/cwt,2.6178,per lb,National,wholesale,,,,,,32822.0,lb,,2453,National Daily Boxed Beef Cutout & Boxed Beef Cuts - Negotiated Sales - PM (PDF) (LM_XB403),2026-09-26T14:04:07+00:00
678cf95bba03128d,2023-02-03,Beef,"Loin, ball-tip, bnls, heavy (185B  1)",Choice Cuts,,,,Choice,,,,,260.0,290.0,,,267.87,$/cwt,2.6787,per lb,National,wholesale,,,,,,22191.0,lb,,2453,National Daily Boxed Beef Cutout & Boxed Beef Cuts - Negotiated Sales - PM (PDF) (LM_XB403),2026-09-26T14:04:07+00:00
cb1fea505cf25c60,2023-02-03,Beef,"Loin, bottom sirloin, flap (185A  4)",Choice Cuts,,,,Choice,,,,,645.0,689.94,,,648.04,$/cwt,6.4804,per lb,National,wholesale,,,,,,52227.0,lb,,2453,National Daily Boxed Beef Cutout & Boxed Beef Cuts - Negotiated Sales - PM (PDF) (LM_XB403),2026-09-26T14:04:07+00:00
8c7e710f6f3daafe,2023-02-03,Beef,"Loin, bottom sirloin, flap (185A  4)",Select Cuts,,,,Select,,,,,551.06,625.0,,,572.05,$/cwt,5.7205,per lb,National,wholesale,,,,,,4471.0,lb,,2453,National Daily Boxed Beef Cutout & Boxed Beef Cuts - Negotiated Sales - PM (PDF) (LM_XB403),2026-09-26T14:04:07+00:00
ae6dc69c25c93df9,2023-02-03,Beef,"Loin, butt tender, trimmed (191A  4)",Choice Cuts,,,,Choice,,,,,1250.0,1427.25,,,1278.06,$/cwt,12.7806,per lb,National,wholesale,,,,,,6399.0,lb,,2453,National Daily Boxed Beef Cutout & Boxed Beef Cuts - Negotiated Sales - PM (PDF) (LM_XB403),2026-09-26T14:04:07+00:00
811720112a6478d7,2023-02-03,Beef,"Loin, butt tender, trimmed (191A  4)",Select Cuts,,,,Select,,,,,1095.0,1118.5,,,1107.6,$/cwt,11.076,per lb,National,wholesale,,,,,,2135.0,lb,,2453,National Daily Boxed Beef Cutout & Boxed Beef Cuts - Negotiated Sales - PM (PDF) (LM_XB403),2026-09-26T14:04:07+00:00
f157eb033993df2d,2023-02-03,Beef,"Loin, short loin, 0x1 (174  3)",Choice Cuts,,,,Choice,,,,,726.06,736.0,,,735.09,$/cwt,7.3509,per lb,National,wholesale,,,,,,20756.0,lb,,2453,National Daily Boxed Beef Cutout & Boxed Beef Cuts - Negotiated Sales - PM (PDF) (LM_XB403),2026-09-26T14:04:07+00:00
9ceb2354ea8872da,2023-02-03,Beef,"Loin, sirloin, tri-tip, pld (185D  4)",Choice Cuts,,,,Choice,,,,,493.0,515.9,,,494.52,$/cwt,4.9452,per lb,National,wholesale,,,,,,6686.0,lb,,2453,National Daily Boxed Beef Cutout & Boxed Beef Cuts - Negotiated Sales - PM (PDF) (LM_XB403),2026-09-26T14:04:07+00:00
eeb549f1c7fa2fd4,2023-02-03,Beef,"Loin, strip loin bnls. 1x1 (  1)",Select Cuts,,,,Select,,,,,450.0,636.06,,,622.85,$/cwt,6.2285,per lb,National,wholesale,,,,,,2481.0,lb,,2453,National Daily Boxed Beef Cutout & Boxed Beef Cuts - Negotiated Sales - PM (PDF) (LM_XB403),2026-09-26T14:04:07+00:00
d671ddd227771f1c,2023-02-03,Beef,"Loin, strip loin, 1x1 (175  3)",Choice Cuts,,,,Choice,,,,,637.0,680.0,,,642.78,$/cwt,6.4278,per lb,National,wholesale,,,,,,9926.0,lb,,2453,National Daily Boxed Beef Cutout & Boxed Beef Cuts - Negotiated Sales - PM (PDF) (LM_XB403),2026-09-26T14:04:07+00:00
80c5a9f8c1980e82,2023-02-03,Beef,"Loin, strip, bnls, 0x1 (180  3)",Choice Cuts,,,,Choice,,,,,800.0,860.0,,,812.11,$/cwt,8.1211,per lb,National,wholesale,,,,,,162032.0,lb,,2453,National Daily Boxed Beef Cutout & Boxed Beef Cuts - Negotiated Sales - PM (PDF) (LM_XB403),2026-09-26T14:04:07+00:00
2cfc6ceb4ca067e3,2023-02-03,Beef,"Loin, strip, bnls, 0x1 (180  3)",Select Cuts,,,,Select,,,,,631.3,659.89,,,642.13,$/cwt,6.4213,per lb,National,wholesale,,,,,,11859.0,lb,,2453,National Daily Boxed Beef Cutout & Boxed Beef Cuts - Negotiated Sales - PM (PDF) (LM_XB403),2026-09-26T14:04:07+00:00
2e2ccace604b5d8d,2023-02-03,Beef,"Loin, tndrloin, trmd, heavy (189A  4)",Choice Cuts,,,,Choice,,,,,1375.0,1695.7,,,1414.07,$/cwt,14.1407,per lb,National,wholesale,,,,,,87570.0,lb,,2453,National Daily Boxed Beef Cutout & Boxed Beef Cuts - Negotiated Sales - PM (PDF) (LM_XB403),2026-09-26T14:04:07+00:00
1493d16468ac3eab,2023-02-03,Beef,"Loin, tndrloin, trmd, heavy (189A  4)",Select Cuts,,,,Select,,,,,1415.0,1469.0,,,1421.16,$/cwt,14.2116,per lb,National,wholesale,,,,,,3241.0,lb,,2453,National Daily Boxed Beef Cutout & Boxed Beef Cuts - Negotiated Sales - PM (PDF) (LM_XB403),2026-09-26T14:04:07+00:00
f104372c444efd90,2023-02-03,Beef,"Loin, top butt, boneless (184  3)",Choice Cuts,,,,Choice,,,,,380.0,400.0,,,387.23,$/cwt,3.8723,per lb,National,wholesale,,,,,,95591.0,lb,,2453,National Daily Boxed Beef Cutout & Boxed Beef Cuts - Negotiated Sales - PM (PDF) (LM_XB403),2026-09-26T14:04:07+00:00
32be9e034b969725,2023-02-03,Beef,"Rib, ribeye, bnls, heavy (112A  3)",Choice Cuts,,,,Choice,,,,,950.11,1061.06,,,975.77,$/cwt,9.7577,per lb,National,wholesale,,,,,,46117.0,lb,,2453,National Daily Boxed Beef Cutout & Boxed Beef Cuts - Negotiated Sales - PM (PDF) (LM_XB403),2026-09-26T14:04:07+00:00
0ea96aca2b38bf88,2023-02-03,Beef,"Rib, ribeye, bnls, heavy (112A  3)",Select Cuts,,,,Select,,,,,800.0,827.0,,,812.87,$/cwt,8.1287,per lb,National,wholesale,,,,,,7716.0,lb,,2453,National Daily Boxed Beef Cutout & Boxed Beef Cuts - Negotiated Sales - PM (PDF) (LM_XB403),2026-09-26T14:04:07+00:00
03f106ba5363ea4e,2023-02-03,Beef,"Rib, ribeye, bnls, light (112A  3)",Choice Cuts,,,,Choice,,,,,941.58,1047.0,,,971.39,$/cwt,9.7139,per lb,National,wholesale,,,,,,147939.0,lb,,2453,National Daily Boxed Beef Cutout & Boxed Beef Cuts - Negotiated Sales - PM (PDF) (LM_XB403),2026-09-26T14:04:07+00:00
96164fb3a509251d,2023-02-03,Beef,"Rib, ribeye, bnls, light (112A  3)",Select Cuts,,,,Select,,,,,818.5,827.0,,,822.54,$/cwt,8.2254,per lb,National,wholesale,,,,,,3272.0,lb,,2453,National Daily Boxed Beef Cutout & Boxed Beef Cuts - Negotiated Sales - PM (PDF) (LM_XB403),2026-09-26T14:04:07+00:00
e9fdc9cf2daffea6,2023-02-03,Beef,"Rib, ribeye, lip-on, bn-in (109E  1)",Choice Cuts,,,,Choice,,,,,828.98,930.9,,,837.92,$/cwt,8.3792,per lb,National,wholesale,,,,,,133792.0,lb,,2453,National Daily Boxed Beef Cutout & Boxed Beef Cuts - Negotiated Sales - PM (PDF) (LM_XB403),2026-09-26T14:04:07+00:00
0ae16b6f87218906,2023-02-03,Beef,"Rib, ribeye, lip-on, bn-in (109E  1)",Select Cuts,,,,Select,,,,,675.0,752.0,,,675.22,$/cwt,6.7522,per lb,National,wholesale,,,,,,160512.0,lb,,2453,National Daily Boxed Beef Cutout & Boxed Beef Cuts - Negotiated Sales - PM (PDF) (LM_XB403),2026-09-26T14:04:07+00:00
1ba87285d7a5007c,2023-02-03,Beef,"Round, bottom gooseneck (170  1)",Choice Cuts,,,,Choice,,,,,253.0,271.5,,,257.23,$/cwt,2.5723,per lb,National,wholesale,,,,,,2790.0,lb,,2453,National Daily Boxed Beef Cutout & Boxed Beef Cuts - Negotiated Sales - PM (PDF) (LM_XB403),2026-09-26T14:04:07+00:00
e446b8b5cdb47461,2023-02-03,Beef,"Round, eye of round (171C  3)",Choice Cuts,,,,Choice,,,,,280.61,303.0,,,292.59,$/cwt,2.9259,per lb,National,wholesale,,,,,,100703.0,lb,,2453,National Daily Boxed Beef Cutout & Boxed Beef Cuts - Negotiated Sales - PM (PDF) (LM_XB403),2026-09-26T14:04:07+00:00
aec4e7b8bdd465fa,2023-02-03,Beef,"Round, eye of round (171C  3)",Select Cuts,,,,Select,,,,,294.0,304.7,,,297.82,$/cwt,2.9782,per lb,National,wholesale,,,,,,5846.0,lb,,2453,National Daily Boxed Beef Cutout & Boxed Beef Cuts - Negotiated Sales - PM (PDF) (LM_XB403),2026-09-26T14:04:07+00:00
82ef31437ddbdb2e,2023-02-03,Beef,"Round, knuckle, peeled (167A  4)",Choice Cuts,,,,Choice,,,,,290.0,340.0,,,299.78,$/cwt,2.9978,per lb,National,wholesale,,,,,,64687.0,lb,,2453,National Daily Boxed Beef Cutout & Boxed Beef Cuts - Negotiated Sales - PM (PDF) (LM_XB403),2026-09-26T14:04:07+00:00
75b22074918c8b16,2023-02-03,Beef,"Round, outside round (171B  3)",Choice Cuts,,,,Choice,,,,,265.61,285.9,,,274.65,$/cwt,2.7465,per lb,National,wholesale,,,,,,38712.0,lb,,2453,National Daily Boxed Beef Cutout & Boxed Beef Cuts - Negotiated Sales - PM (PDF) (LM_XB403),2026-09-26T14:04:07+00:00
1eb1e31baffbbd4d,2023-02-03,Beef,"Round, outside round (171B  3)",Select Cuts,,,,Select,,,,,271.25,280.0,,,273.32,$/cwt,2.7332,per lb,National,wholesale,,,,,,31112.0,lb,,2453,National Daily Boxed Beef Cutout & Boxed Beef Cuts - Negotiated Sales - PM (PDF) (LM_XB403),2026-09-26T14:04:07+00:00
74bc2ce741364d65,2023-02-03,Beef,"Round, top inside round (168  1)",Choice Cuts,,,,Choice,,,,,256.06,269.0,,,258.58,$/cwt,2.5858,per lb,National,wholesale,,,,,,10263.0,lb,,2453,National Daily Boxed Beef Cutout & Boxed Beef Cuts - Negotiated Sales - PM (PDF) (LM_XB403),2026-09-26T14:04:07+00:00
9a7a516738399767,2023-02-03,Beef,"Round, top inside round (168  3)",Choice Cuts,,,,Choice,,,,,255.0,276.3,,,268.45,$/cwt,2.6845,per lb,National,wholesale,,,,,,76504.0,lb,,2453,National Daily Boxed Beef Cutout & Boxed Beef Cuts - Negotiated Sales - PM (PDF) (LM_XB403),2026-09-26T14:04:07+00:00
68e381d062480ee3,2023-02-03,Beef,"Round, top inside round (168  3)",Select Cuts,,,,Select,,,,,255.0,269.7,,,256.94,$/cwt,2.5694,per lb,National,wholesale,,,,,,18503.0,lb,,2453,National Daily Boxed Beef Cutout & Boxed Beef Cuts - Negotiated Sales - PM (PDF) (LM_XB403),2026-09-26T14:04:07+00:00
aea609474f550829,2023-02-03,Beef,"Round, top inside, denuded (169  5)",Choice Cuts,,,,Choice,,,,,299.22,309.0,,,302.04,$/cwt,3.0204,per lb,National,wholesale,,,,,,60637.0,lb,,2453,National Daily Boxed Beef Cutout & Boxed Beef Cuts - Negotiated Sales - PM (PDF) (LM_XB403),2026-09-26T14:04:07+00:00
a2b7fa31404131ee,2023-02-03,Beef,"Short Plate, short rib (123A  3)",Choice Cuts,,,,Choice,,,,,408.0,606.0,,,472.54,$/cwt,4.7254,per lb,National,wholesale,,,,,,28376.0,lb,,2453,National Daily Boxed Beef Cutout & Boxed Beef Cuts - Negotiated Sales - PM (PDF) (LM_XB403),2026-09-26T14:04:07+00:00
35b541b500a23274,2023-02-03,Beef,"Short Plate, short rib (123A  3)",Select Cuts,,,,Select,,,,,430.0,600.0,,,474.17,$/cwt,4.7417,per lb,National,wholesale,,,,,,14557.0,lb,,2453,National Daily Boxed Beef Cutout & Boxed Beef Cuts - Negotiated Sales - PM (PDF) (LM_XB403),2026-09-26T14:04:07+00:00
4a6719115ab6fbd7,2023-02-06,Beef,"Brisket, deckle-off, bnls (120  1)",Choice Cuts,,,,Choice,,,,,260.24,290.0,,,266.51,$/cwt,2.6651,per lb,National,wholesale,,,,,,123967.0,lb,,2453,National Daily Boxed Beef Cutout & Boxed Beef Cuts - Negotiated Sales - PM (PDF) (LM_XB403),2026-09-26T14:04:07+00:00
22a821ba7359188d,2023-02-06,Beef,"Brisket, point/off, bnls (120A  3)",Choice Cuts,,,,Choice,,,,,473.0,533.84,,,512.15,$/cwt,5.1215,per lb,National,wholesale,,,,,,2185.0,lb,,2453,National Daily Boxed Beef Cutout & Boxed Beef Cuts - Negotiated Sales - PM (PDF) (LM_XB403),2026-09-26T14:04:07+00:00
7eadcb7eff38e32e,2023-02-06,Beef,"Chuck, chuck tender (116B  1)",Choice Cuts,,,,Choice,,,,,288.5,358.0,,,299.22,$/cwt,2.9922,per lb,National,wholesale,,,,,,61652.0,lb,,2453,National Daily Boxed Beef Cutout & Boxed Beef Cuts - Negotiated Sales - PM (PDF) (LM_XB403),2026-09-26T14:04:07+00:00
ff418d76368beaee,2023-02-06,Beef,"Chuck, chuck tender (116B  1)",Select Cuts,,,,Select,,,,,285.0,288.0,,,286.46,$/cwt,2.8646,per lb,National,wholesale,,,,,,7680.0,lb,,2453,National Daily Boxed Beef Cutout & Boxed Beef Cuts - Negotiated Sales - PM (PDF) (LM_XB403),2026-09-26T14:04:07+00:00
22912ebf343ed60a,2023-02-06,Beef,"Chuck, clod tender (114F  5)",Choice Cuts,,,,Choice,,,,,447.0,513.0,,,495.0,$/cwt,4.95,per lb,National,wholesale,,,,,,2545.0,lb,,2453,National Daily Boxed Beef Cutout & Boxed Beef Cuts - Negotiated Sales - PM (PDF) (LM_XB403),2026-09-26T14:04:07+00:00
7688eb6e48a82032,2023-02-06,Beef,"Chuck, clod, arm roast (114E  3)",Choice Cuts,,,,Choice,,,,,386.0,423.96,,,408.47,$/cwt,4.0847,per lb,National,wholesale,,,,,,41114.0,lb,,2453,National Daily Boxed Beef Cutout & Boxed Beef Cuts - Negotiated Sales - PM (PDF) (LM_XB403),2026-09-26T14:04:07+00:00
2314dc484eec255a,2023-02-06,Beef,"Chuck, clod, top blade (114D  3)",Choice Cuts,,,,Choice,,,,,341.0,375.0,,,355.09,$/cwt,3.5509,per lb,National,wholesale,,,,,,11351.0,lb,,2453,National Daily Boxed Beef Cutout & Boxed Beef Cuts - Negotiated Sales - PM (PDF) (LM_XB403),2026-09-26T14:04:07+00:00
651a868ed33b1f1e,2023-02-06,Beef,"Chuck, flap (116G  4)",Choice Cuts,,,,Choice,,,,,503.35,548.0,,,517.25,$/cwt,5.1725,per lb,National,wholesale,,,,,,54395.0,lb,,2453,National Daily Boxed Beef Cutout & Boxed Beef Cuts - Negotiated Sales - PM (PDF) (LM_XB403),2026-09-26T14:04:07+00:00
576a643b0dbdd696,2023-02-06,Beef,"Chuck, flap (116G  4)",Select Cuts,,,,Select,,,,,533.0,535.0,,,534.56,$/cwt,5.3456,per lb,National,wholesale,,,,,,8156.0,lb,,2453,National Daily Boxed Beef Cutout & Boxed Beef Cuts - Negotiated Sales - PM (PDF) (LM_XB403),2026-09-26T14:04:07+00:00
5d094f4db68f4605,2023-02-06,Beef,"Chuck, roll, lxl, neck/off (116A  3)",Choice Cuts,,,,Choice,,,,,313.0,360.0,,,324.19,$/cwt,3.2419,per lb,National,wholesale,,,,,,301692.0,lb,,2453,National Daily Boxed Beef Cutout & Boxed Beef Cuts - Negotiated Sales - PM (PDF) (LM_XB403),2026-09-26T14:04:07+00:00
ffd3961c9982e62a,2023-02-06,Beef,"Chuck, roll, lxl, neck/off (116A  3)",Select Cuts,,,,Select,,,,,296.02,350.0,,,322.01,$/cwt,3.2201,per lb,National,wholesale,,,,,,19833.0,lb,,2453,National Daily Boxed Beef Cutout & Boxed Beef Cuts - Negotiated Sales - PM (PDF) (LM_XB403),2026-09-26T14:04:07+00:00
cc5c2f42205e1e35,2023-02-06,Beef,"Chuck, short rib (130  4)",Choice Cuts,,,,Choice,,,,,420.0,457.0,,,439.38,$/cwt,4.3938,per lb,National,wholesale,,,,,,16520.0,lb,,2453,National Daily Boxed Beef Cutout & Boxed Beef Cuts - Negotiated Sales - PM (PDF) (LM_XB403),2026-09-26T14:04:07+00:00
9851465d78feb8cb,2023-02-06,Beef,"Chuck, short rib (130  4)",Select Cuts,,,,Select,,,,,415.2,425.0,,,419.7,$/cwt,4.197,per lb,National,wholesale,,,,,,8740.0,lb,,2453,National Daily Boxed Beef Cutout & Boxed Beef Cuts - Negotiated Sales - PM (PDF) (LM_XB403),2026-09-26T14:04:07+00:00
bed6fda5ea0745e5,2023-02-06,Beef,"Chuck, shoulder clod (114  1)",Choice Cuts,,,,Choice,,,,,257.24,266.0,,,258.75,$/cwt,2.5875,per lb,National,wholesale,,,,,,7459.0,lb,,2453,National Daily Boxed Beef Cutout & Boxed Beef Cuts - Negotiated Sales - PM (PDF) (LM_XB403),2026-09-26T14:04:07+00:00
2e07395c0c782cea,2023-02-06,Beef,"Chuck, shoulder clod, trmd (114A  3)",Choice Cuts,,,,Choice,,,,,265.0,290.0,,,271.71,$/cwt,2.7171,per lb,National,wholesale,,,,,,60546.0,lb,,2453,National Daily Boxed Beef Cutout & Boxed Beef Cuts - Negotiated Sales - PM (PDF) (LM_XB403),2026-09-26T14:04:07+00:00
4ab0b85328456708,2023-02-06,Beef,"Chuck, shoulder clod, trmd (114A  3)",Select Cuts,,,,Select,,,,,262.0,305.7,,,279.69,$/cwt,2.7969,per lb,National,wholesale,,,,,,19057.0,lb,,2453,National Daily Boxed Beef Cutout & Boxed Beef Cuts - Negotiated Sales - PM (PDF) (LM_XB403),2026-09-26T14:04:07+00:00
be40150fc7c0302a,2023-02-06,Beef,Cutout 600-900 lb,,,,,Select,,,,,,,,,253.72,$/cwt,2.5372,per lb,National,wholesale,,,,,,,,,2453,National Daily Boxed Beef Cutout & Boxed Beef Cuts - Negotiated Sales - PM (PDF) (LM_XB403),2026-09-26T14:04:07+00:00
f37b973a44383c36,2023-02-06,Beef,Cutout 600-900 lb,,,,,Choice,,,,,,,,,266.57,$/cwt,2.6657,per lb,National,wholesale,,,,,,,,,2453,National Daily Boxed Beef Cutout & Boxed Beef Cuts - Negotiated Sales - PM (PDF) (LM_XB403),2026-09-26T14:04:07+00:00
e6417a7aa9896a69,2023-02-06,Beef,"Flank, flank steak (193  4)",Choice Cuts,,,,Choice,,,,,516.5,640.0,,,592.12,$/cwt,5.9212,per lb,National,wholesale,,,,,,20334.0,lb,,2453,National Daily Boxed Beef Cutout & Boxed Beef Cuts - Negotiated Sales - PM (PDF) (LM_XB403),2026-09-26T14:04:07+00:00
c9a0897e39fde218,2023-02-06,Beef,Ground Beef 73%,Ground Beef,,,,,,,,,157.0,222.5,,,162.1,$/cwt,1.621,per lb,National,wholesale,,,,,,277044.0,lb,,2453,National Daily Boxed Beef Cutout & Boxed Beef Cuts - Negotiated Sales - PM (PDF) (LM_XB403),2026-09-26T14:04:07+00:00
f5d8537f0c11ea1d,2023-02-06,Beef,Ground Beef 81%,Ground Beef,,,,,,,,,189.0,257.5,,,213.84,$/cwt,2.1384,per lb,National,wholesale,,,,,,391748.0,lb,,2453,National Daily Boxed Beef Cutout & Boxed Beef Cuts - Negotiated Sales - PM (PDF) (LM_XB403),2026-09-26T14:04:07+00:00
e09d6f2d7eb84e70,2023-02-06,Beef,Ground Beef 85%,Ground Beef,,,,,,,,,270.25,283.0,,,273.27,$/cwt,2.7327,per lb,National,wholesale,,,,,,8491.0,lb,,2453,National Daily Boxed Beef Cutout & Boxed Beef Cuts - Negotiated Sales - PM (PDF) (LM_XB403),2026-09-26T14:04:07+00:00
18ee3de653bf3ecd,2023-02-06,Beef,Ground Beef 93%,Ground Beef,,,,,,,,,324.0,370.0,,,345.73,$/cwt,3.4573,per lb,National,wholesale,,,,,,41620.0,lb,,2453,National Daily Boxed Beef Cutout & Boxed Beef Cuts - Negotiated Sales - PM (PDF) (LM_XB403),2026-09-26T14:04:07+00:00
f71e63b96d82479f,2023-02-06,Beef,Ground Beef Chuck,Ground Beef,,,,,,,,,263.31,281.0,,,274.67,$/cwt,2.7467,per lb,National,wholesale,,,,,,6554.0,lb,,2453,National Daily Boxed Beef Cutout & Boxed Beef Cuts - Negotiated Sales - PM (PDF) (LM_XB403),2026-09-26T14:04:07+00:00
c5acfa727a5d32a8,2023-02-06,Beef,"Loin, ball-tip, bnls, heavy (185B  1)",Choice Cuts,,,,Choice,,,,,269.83,305.0,,,272.13,$/cwt,2.7213,per lb,National,wholesale,,,,,,29848.0,lb,,2453,National Daily Boxed Beef Cutout & Boxed Beef Cuts - Negotiated Sales - PM (PDF) (LM_XB403),2026-09-26T14:04:07+00:00
701d8143f3a1eefa,2023-02-06,Beef,"Loin, ball-tip, bnls, heavy (185B  1)",Select Cuts,,,,Select,,,,,285.0,293.0,,,285.5,$/cwt,2.855,per lb,National,wholesale,,,,,,3586.0,lb,,2453,National Daily Boxed Beef Cutout & Boxed Beef Cuts - Negotiated Sales - PM (PDF) (LM_XB403),2026-09-26T14:04:07+00:00
402b637fc3d9908f,2023-02-06,Beef,"Loin, bottom sirloin, flap (185A  4)",Choice Cuts,,,,Choice,,,,,645.0,700.0,,,652.03,$/cwt,6.5203,per lb,National,wholesale,,,,,,128124.0,lb,,2453,National Daily Boxed Beef Cutout & Boxed Beef Cuts - Negotiated Sales - PM (PDF) (LM_XB403),2026-09-26T14:04:07+00:00
97592947d094df9a,2023-02-06,Beef,"Loin, bottom sirloin, flap (185A  4)",Select Cuts,,,,Select,,,,,609.7,633.0,,,620.15,$/cwt,6.2015,per lb,National,wholesale,,,,,,5988.0,lb,,2453,National Daily Boxed Beef Cutout & Boxed Beef Cuts - Negotiated Sales - PM (PDF) (LM_XB403),2026-09-26T14:04:07+00:00
c0e6045fab51cc85,2023-02-06,Beef,"Loin, butt tender, trimmed (191A  4)",Choice Cuts,,,,Choice,,,,,1240.0,1267.88,,,1263.97,$/cwt,12.6397,per lb,National,wholesale,,,,,,9420.0,lb,,2453,National Daily Boxed Beef Cutout & Boxed Beef Cuts - Negotiated Sales - PM (PDF) (LM_XB403),2026-09-26T14:04:07+00:00
8786c5ea1219533b,2023-02-06,Beef,"Loin, butt tender, trimmed (191A  4)",Select Cuts,,,,Select,,,,,1097.0,1250.0,,,1186.68,$/cwt,11.8668,per lb,National,wholesale,,,,,,12823.0,lb,,2453,National Daily Boxed Beef Cutout & Boxed Beef Cuts - Negotiated Sales - PM (PDF) (LM_XB403),2026-09-26T14:04:07+00:00
a2b198ef715fac99,2023-02-06,Beef,"Loin, short loin, 0x1 (174  3)",Choice Cuts,,,,Choice,,,,,674.0,792.0,,,711.13,$/cwt,7.1113,per lb,National,wholesale,,,,,,29256.0,lb,,2453,National Daily Boxed Beef Cutout & Boxed Beef Cuts - Negotiated Sales - PM (PDF) (LM_XB403),2026-09-26T14:04:07+00:00
629bbc5ce35a6397,2023-02-06,Beef,"Loin, short loin, 0x1 (174  3)",Select Cuts,,,,Select,,,,,645.0,680.0,,,651.71,$/cwt,6.5171,per lb,National,wholesale,,,,,,6688.0,lb,,2453,National Daily Boxed Beef Cutout & Boxed Beef Cuts - Negotiated Sales - PM (PDF) (LM_XB403),2026-09-26T14:04:07+00:00
d54b6a0315c3a572,2023-02-06,Beef,"Loin, sirloin, tri-tip (185C  1)",Choice Cuts,,,,Choice,,,,,336.0,357.0,,,350.5,$/cwt,3.505,per lb,National,wholesale,,,,,,1916.0,lb,,2453,National Daily Boxed Beef Cutout & Boxed Beef Cuts - Negotiated Sales - PM (PDF) (LM_XB403),2026-09-26T14:04:07+00:00
55033f8e93fc50d3,2023-02-06,Beef,"Loin, sirloin, tri-tip (185C  1)",Select Cuts,,,,Select,,,,,278.0,311.0,,,293.3,$/cwt,2.933,per lb,National,wholesale,,,,,,3116.0,lb,,2453,National Daily Boxed Beef Cutout & Boxed Beef Cuts - Negotiated Sales - PM (PDF) (LM_XB403),2026-09-26T14:04:07+00:00
34f10210591a4043,2023-02-06,Beef,"Loin, sirloin, tri-tip, pld (185D  4)",Choice Cuts,,,,Choice,,,,,496.0,521.0,,,510.55,$/cwt,5.1055,per lb,National,wholesale,,,,,,1178.0,lb,,2453,National Daily Boxed Beef Cutout & Boxed Beef Cuts - Negotiated Sales - PM (PDF) (LM_XB403),2026-09-26T14:04:07+00:00
b4c7f2c3dcbe40e4,2023-02-06,Beef,"Loin, strip loin, 1x1 (175  3)",Choice Cuts,,,,Choice,,,,,637.0,700.0,,,667.44,$/cwt,6.6744,per lb,National,wholesale,,,,,,25745.0,lb,,2453,National Daily Boxed Beef Cutout & Boxed Beef Cuts - Negotiated Sales - PM (PDF) (LM_XB403),2026-09-26T14:04:07+00:00
9483d3a0b6d280bc,2023-02-06,Beef,"Loin, strip loin, 1x1 (175  3)",Select Cuts,,,,Select,,,,,420.0,585.0,,,548.2,$/cwt,5.482,per lb,National,wholesale,,,,,,8207.0,lb,,2453,National Daily Boxed Beef Cutout & Boxed Beef Cuts - Negotiated Sales - PM (PDF) (LM_XB403),2026-09-26T14:04:07+00:00
c2183cb247d4a4ed,2023-02-06,Beef,"Loin, strip, bnls, 0x1 (180  3)",Choice Cuts,,,,Choice,,,,,786.0,850.0,,,815.76,$/cwt,8.1576,per lb,National,wholesale,,,,,,125406.0,lb,,2453,National Daily Boxed Beef Cutout & Boxed Beef Cuts - Negotiated Sales - PM (PDF) (LM_XB403),2026-09-26T14:04:07+00:00
9602fcda31170f8c,2023-02-06,Beef,"Loin, strip, bnls, 0x1 (180  3)",Select Cuts,,,,Select,,,,,638.0,658.0,,,639.14,$/cwt,6.3914,per lb,National,wholesale,,,,,,28908.0,lb,,2453,National Daily Boxed Beef Cutout & Boxed Beef Cuts - Negotiated Sales - PM (PDF) (LM_XB403),2026-09-26T14:04:07+00:00
050fab07443ab427,2023-02-06,Beef,"Loin, tndrloin, trmd, heavy (189A  4)",Choice Cuts,,,,Choice,,,,,1373.35,1683.0,,,1431.52,$/cwt,14.3152,per lb,National,wholesale,,,,,,42528.0,lb,,2453,National Daily Boxed Beef Cutout & Boxed Beef Cuts - Negotiated Sales - PM (PDF) (LM_XB403),2026-09-26T14:04:07+00:00
2a94cd2982745921,2023-02-06,Beef,"Loin, top butt, CC (184B  3)",Choice Cuts,,,,Choice,,,,,482.26,560.0,,,500.5,$/cwt,5.005,per lb,National,wholesale,,,,,,33709.0,lb,,2453,National Daily Boxed Beef Cutout & Boxed Beef Cuts - Negotiated Sales - PM (PDF) (LM_XB403),2026-09-26T14:04:07+00:00
31ed42690293840c,2023-02-06,Beef,"Loin, top butt, boneless (184  3)",Choice Cuts,,,,Choice,,,,,377.26,400.0,,,383.1,$/cwt,3.831,per lb,National,wholesale,,,,,,108136.0,lb,,2453,National Daily Boxed Beef Cutout & Boxed Beef Cuts - Negotiated Sales - PM (PDF) (LM_XB403),2026-09-26T14:04:07+00:00
03064e8a39b9ff2d,2023-02-06,Beef,"Loin, top butt, boneless (184  3)",Select Cuts,,,,Select,,,,,354.0,383.0,,,374.92,$/cwt,3.7492,per lb,National,wholesale,,,,,,6700.0,lb,,2453,National Daily Boxed Beef Cutout & Boxed Beef Cuts - Negotiated Sales - PM (PDF) (LM_XB403),2026-09-26T14:04:07+00:00
4a37989fddeffeee,2023-02-06,Beef,"Rib, ribeye, bnls, heavy (112A  3)",Choice Cuts,,,,Choice,,,,,955.09,1057.22,,,995.72,$/cwt,9.9572,per lb,National,wholesale,,,,,,11890.0,lb,,2453,National Daily Boxed Beef Cutout & Boxed Beef Cuts - Negotiated Sales - PM (PDF) (LM_XB403),2026-09-26T14:04:07+00:00
3fab477b439355ec,2023-02-06,Beef,"Rib, ribeye, bnls, heavy (112A  3)",Select Cuts,,,,Select,,,,,801.0,849.84,,,826.49,$/cwt,8.2649,per lb,National,wholesale,,,,,,4619.0,lb,,2453,National Daily Boxed Beef Cutout & Boxed Beef Cuts - Negotiated Sales - PM (PDF) (LM_XB403),2026-09-26T14:04:07+00:00
09c38d0c0319fa22,2023-02-06,Beef,"Rib, ribeye, bnls, light (112A  3)",Choice Cuts,,,,Choice,,,,,962.7,1030.0,,,971.67,$/cwt,9.7167,per lb,National,wholesale,,,,,,15757.0,lb,,2453,National Daily Boxed Beef Cutout & Boxed Beef Cuts - Negotiated Sales - PM (PDF) (LM_XB403),2026-09-26T14:04:07+00:00
9f848011d2639dbc,2023-02-06,Beef,"Rib, ribeye, lip-on, bn-in (109E  1)",Choice Cuts,,,,Choice,,,,,818.26,990.25,,,825.57,$/cwt,8.2557,per lb,National,wholesale,,,,,,381214.0,lb,,2453,National Daily Boxed Beef Cutout & Boxed Beef Cuts - Negotiated Sales - PM (PDF) (LM_XB403),2026-09-26T14:04:07+00:00
531dfd47ca676352,2023-02-06,Beef,"Rib, ribeye, lip-on, bn-in (109E  1)",Select Cuts,,,,Select,,,,,690.0,743.0,,,726.05,$/cwt,7.2605,per lb,National,wholesale,,,,,,3026.0,lb,,2453,National Daily Boxed Beef Cutout & Boxed Beef Cuts - Negotiated Sales - PM (PDF) (LM_XB403),2026-09-26T14:04:07+00:00
dc520b7af14a5777,2023-02-06,Beef,"Round, boneless (161  1)",Select Cuts,,,,Select,,,,,318.0,325.0,,,323.17,$/cwt,3.2317,per lb,National,wholesale,,,,,,2600.0,lb,,2453,National Daily Boxed Beef Cutout & Boxed Beef Cuts - Negotiated Sales - PM (PDF) (LM_XB403),2026-09-26T14:04:07+00:00
5ebafedf083ea949,2023-02-06,Beef,"Round, bottom gooseneck (170  1)",Select Cuts,,,,Select,,,,,275.0,285.0,,,280.63,$/cwt,2.8063,per lb,National,wholesale,,,,,,1771.0,lb,,2453,National Daily Boxed Beef Cutout & Boxed Beef Cuts - Negotiated Sales - PM (PDF) (LM_XB403),2026-09-26T14:04:07+00:00
60f6c184c420347f,2023-02-06,Beef,"Round, eye of round (171C  3)",Choice Cuts,,,,Choice,,,,,285.0,332.26,,,295.88,$/cwt,2.9588,per lb,National,wholesale,,,,,,118046.0,lb,,2453,National Daily Boxed Beef Cutout & Boxed Beef Cuts - Negotiated Sales - PM (PDF) (LM_XB403),2026-09-26T14:04:07+00:00
7ec50dd63231f2c7,2023-02-06,Beef,"Round, eye of round (171C  3)",Select Cuts,,,,Select,,,,,279.0,316.0,,,280.93,$/cwt,2.8093,per lb,National,wholesale,,,,,,63986.0,lb,,2453,National Daily Boxed Beef Cutout & Boxed Beef Cuts - Negotiated Sales - PM (PDF) (LM_XB403),2026-09-26T14:04:07+00:00
4da3389e7f10a3d3,2023-02-06,Beef,"Round, knuckle, peeled (167A  4)",Choice Cuts,,,,Choice,,,,,284.0,314.99,,,294.83,$/cwt,2.9483,per lb,National,wholesale,,,,,,91276.0,lb,,2453,National Daily Boxed Beef Cutout & Boxed Beef Cuts - Negotiated Sales - PM (PDF) (LM_XB403),2026-09-26T14:04:07+00:00
d0afc52f076333cc,2023-02-06,Beef,"Round, knuckle, peeled (167A  4)",Select Cuts,,,,Select,,,,,286.0,316.0,,,297.93,$/cwt,2.9793,per lb,National,wholesale,,,,,,6275.0,lb,,2453,National Daily Boxed Beef Cutout & Boxed Beef Cuts - Negotiated Sales - PM (PDF) (LM_XB403),2026-09-26T14:04:07+00:00
8e6b892f658a9264,2023-02-06,Beef,"Round, outside round (171B  3)",Choice Cuts,,,,Choice,,,,,267.0,292.99,,,271.72,$/cwt,2.7172,per lb,National,wholesale,,,,,,94236.0,lb,,2453,National Daily Boxed Beef Cutout & Boxed Beef Cuts - Negotiated Sales - PM (PDF) (LM_XB403),2026-09-26T14:04:07+00:00
df5942cfe37e08be,2023-02-06,Beef,"Round, outside round (171B  3)",Select Cuts,,,,Select,,,,,270.75,300.0,,,279.56,$/cwt,2.7956,per lb,National,wholesale,,,,,,21629.0,lb,,2453,National Daily Boxed Beef Cutout & Boxed Beef Cuts - Negotiated Sales - PM (PDF) (LM_XB403),2026-09-26T14:04:07+00:00
6a8b70da8b2e6707,2023-02-06,Beef,"Round, top inside round (168  1)",Choice Cuts,,,,Choice,,,,,253.0,294.0,,,259.61,$/cwt,2.5961,per lb,National,wholesale,,,,,,19492.0,lb,,2453,National Daily Boxed Beef Cutout & Boxed Beef Cuts - Negotiated Sales - PM (PDF) (LM_XB403),2026-09-26T14:04:07+00:00
b0cc3a1464289ab6,2023-02-06,Beef,"Round, top inside round (168  3)",Choice Cuts,,,,Choice,,,,,251.0,287.0,,,262.2,$/cwt,2.622,per lb,National,wholesale,,,,,,145548.0,lb,,2453,National Daily Boxed Beef Cutout & Boxed Beef Cuts - Negotiated Sales - PM (PDF) (LM_XB403),2026-09-26T14:04:07+00:00
342fb2b5239ae47b,2023-02-06,Beef,"Round, top inside round (168  3)",Select Cuts,,,,Select,,,,,262.0,279.0,,,271.59,$/cwt,2.7159,per lb,National,wholesale,,,,,,19736.0,lb,,2453,National Daily Boxed Beef Cutout & Boxed Beef Cuts - Negotiated Sales - PM (PDF) (LM_XB403),2026-09-26T14:04:07+00:00
a8b179254c5649ce,2023-02-06,Beef,"Round, top inside, cap off (169A  5)",Choice Cuts,,,,Choice,,,,,362.0,440.0,,,380.03,$/cwt,3.8003,per lb,National,wholesale,,,,,,72060.0,lb,,2453,National Daily Boxed Beef Cutout & Boxed Beef Cuts - Negotiated Sales - PM (PDF) (LM_XB403),2026-09-26T14:04:07+00:00
5f5af1c1e2c307a8,2023-02-06,Beef,"Round, top inside, denuded (169  5)",Choice Cuts,,,,Choice,,,,,301.0,322.0,,,306.03,$/cwt,3.0603,per lb,National,wholesale,,,,,,41213.0,lb,,2453,National Daily Boxed Beef Cutout & Boxed Beef Cuts - Negotiated Sales - PM (PDF) (LM_XB403),2026-09-26T14:04:07+00:00
76d6df2c345ccc00,2023-02-06,Beef,"Short Plate, short rib (123A  3)",Choice Cuts,,,,Choice,,,,,447.76,600.0,,,524.75,$/cwt,5.2475,per lb,National,wholesale,,,,,,32073.0,lb,,2453,National Daily Boxed Beef Cutout & Boxed Beef Cuts - Negotiated Sales - PM (PDF) (LM_XB403),2026-09-26T14:04:07+00:00
c8b10dd33b0eeead,2023-02-06,Beef,"Short Plate, short rib (123A  3)",Select Cuts,,,,Select,,,,,414.84,475.0,,,451.59,$/cwt,4.5159,per lb,National,wholesale,,,,,,16401.0,lb,,2453,National Daily Boxed Beef Cutout & Boxed Beef Cuts - Negotiated Sales - PM (PDF) (LM_XB403),2026-09-26T14:04:07+00:00
d321051275c29ab3,2023-02-07,Beef,"Brisket, deckle-off, bnls (120  1)",Choice Cuts,,,,Choice,,,,,244.0,291.5,,,266.79,$/cwt,2.6679,per lb,National,wholesale,,,,,,213530.0,lb,,2453,National Daily Boxed Beef Cutout & Boxed Beef Cuts - Negotiated Sales - PM (PDF) (LM_XB403),2026-09-26T14:04:07+00:00
2f8fca29828f2fa2,2023-02-07,Beef,"Brisket, deckle-off, bnls (120  1)",Select Cuts,,,,Select,,,,,248.0,279.93,,,260.04,$/cwt,2.6004,per lb,National,wholesale,,,,,,129405.0,lb,,2453,National Daily Boxed Beef Cutout & Boxed Beef Cuts - Negotiated Sales - PM (PDF) (LM_XB403),2026-09-26T14:04:07+00:00
3834f61270ae3587,2023-02-07,Beef,"Brisket, point/off, bnls (120A  3)",Choice Cuts,,,,Choice,,,,,457.0,594.0,,,480.74,$/cwt,4.8074,per lb,National,wholesale,,,,,,8775.0,lb,,2453,National Daily Boxed Beef Cutout & Boxed Beef Cuts - Negotiated Sales - PM (PDF) (LM_XB403),2026-09-26T14:04:07+00:00
020c84cbf499f251,2023-02-07,Beef,"Chuck, chuck tender (116B  1)",Choice Cuts,,,,Choice,,,,,289.0,355.75,,,299.68,$/cwt,2.9968,per lb,National,wholesale,,,,,,47251.0,lb,,2453,National Daily Boxed Beef Cutout & Boxed Beef Cuts - Negotiated Sales - PM (PDF) (LM_XB403),2026-09-26T14:04:07+00:00
99a6b12de24952a7,2023-02-07,Beef,"Chuck, chuck tender (116B  1)",Select Cuts,,,,Select,,,,,275.0,349.0,,,287.5,$/cwt,2.875,per lb,National,wholesale,,,,,,9294.0,lb,,2453,National Daily Boxed Beef Cutout & Boxed Beef Cuts - Negotiated Sales - PM (PDF) (LM_XB403),2026-09-26T14:04:07+00:00
724504decd46c779,2023-02-07,Beef,"Chuck, clod tender (114F  5)",Choice Cuts,,,,Choice,,,,,484.0,525.0,,,505.64,$/cwt,5.0564,per lb,National,wholesale,,,,,,3706.0,lb,,2453,National Daily Boxed Beef Cutout & Boxed Beef Cuts - Negotiated Sales - PM (PDF) (LM_XB403),2026-09-26T14:04:07+00:00
6e1ff0a5f5a1e4d0,2023-02-07,Beef,"Chuck, clod, top blade (114D  3)",Choice Cuts,,,,Choice,,,,,342.41,384.0,,,347.33,$/cwt,3.4733,per lb,National,wholesale,,,,,,6991.0,lb,,2453,National Daily Boxed Beef Cutout & Boxed Beef Cuts - Negotiated Sales - PM (PDF) (LM_XB403),2026-09-26T14:04:07+00:00
82725027e0931bab,2023-02-07,Beef,"Chuck, flap (116G  4)",Choice Cuts,,,,Choice,,,,,496.34,610.25,,,529.95,$/cwt,5.2995,per lb,National,wholesale,,,,,,25588.0,lb,,2453,National Daily Boxed Beef Cutout & Boxed Beef Cuts - Negotiated Sales - PM (PDF) (LM_XB403),2026-09-26T14:04:07+00:00
348aedc704f29907,2023-02-07,Beef,"Chuck, flap (116G  4)",Select Cuts,,,,Select,,,,,500.64,536.5,,,523.66,$/cwt,5.2366,per lb,National,wholesale,,,,,,14091.0,lb,,2453,National Daily Boxed Beef Cutout & Boxed Beef Cuts - Negotiated Sales - PM (PDF) (LM_XB403),2026-09-26T14:04:07+00:00
8d5c5b0325a2925b,2023-02-07,Beef,"Chuck, roll, lxl, neck/off (116A  3)",Choice Cuts,,,,Choice,,,,,310.0,365.1,,,324.88,$/cwt,3.2488,per lb,National,wholesale,,,,,,283588.0,lb,,2453,National Daily Boxed Beef Cutout & Boxed Beef Cuts - Negotiated Sales - PM (PDF) (LM_XB403),2026-09-26T14:04:07+00:00
65256b0f7fc879bd,2023-02-07,Beef,"Chuck, roll, lxl, neck/off (116A  3)",Select Cuts,,,,Select,,,,,291.26,348.0,,,333.06,$/cwt,3.3306,per lb,National,wholesale,,,,,,32671.0,lb,,2453,National Daily Boxed Beef Cutout & Boxed Beef Cuts - Negotiated Sales - PM (PDF) (LM_XB403),2026-09-26T14:04:07+00:00
25e3e89ed99597ba,2023-02-07,Beef,"Chuck, short rib (130  4)",Choice Cuts,,,,Choice,,,,,362.0,450.1,,,421.49,$/cwt,4.2149,per lb,National,wholesale,,,,,,62750.0,lb,,2453,National Daily Boxed Beef Cutout & Boxed Beef Cuts - Negotiated Sales - PM (PDF) (LM_XB403),2026-09-26T14:04:07+00:00
075b884c27fa0812,2023-02-07,Beef,"Chuck, short rib (130  4)",Select Cuts,,,,Select,,,,,341.0,442.0,,,382.47,$/cwt,3.8247,per lb,National,wholesale,,,,,,13859.0,lb,,2453,National Daily Boxed Beef Cutout & Boxed Beef Cuts - Negotiated Sales - PM (PDF) (LM_XB403),2026-09-26T14:04:07+00:00
d9df2b5187c153b7,2023-02-07,Beef,"Chuck, shoulder clod (114  1)",Choice Cuts,,,,Choice,,,,,259.71,285.1,,,265.9,$/cwt,2.659,per lb,National,wholesale,,,,,,8447.0,lb,,2453,National Daily Boxed Beef Cutout & Boxed Beef Cuts - Negotiated Sales - PM (PDF) (LM_XB403),2026-09-26T14:04:07+00:00
c60461e0b5e761a8,2023-02-07,Beef,"Chuck, shoulder clod (114  1)",Select Cuts,,,,Select,,,,,262.0,288.0,,,263.7,$/cwt,2.637,per lb,National,wholesale,,,,,,1983.0,lb,,2453,National Daily Boxed Beef Cutout & Boxed Beef Cuts - Negotiated Sales - PM (PDF) (LM_XB403),2026-09-26T14:04:07+00:00
470b5306cc7e607a,2023-02-07,Beef,"Chuck, shoulder clod, trmd (114A  3)",Choice Cuts,,,,Choice,,,,,255.0,287.2,,,271.14,$/cwt,2.7114,per lb,National,wholesale,,,,,,241693.0,lb,,2453,National Daily Boxed Beef Cutout & Boxed Beef Cuts - Negotiated Sales - PM (PDF) (LM_XB403),2026-09-26T14:04:07+00:00
50338780e1ee1c8f,2023-02-07,Beef,"Chuck, shoulder clod, trmd (114A  3)",Select Cuts,,,,Select,,,,,267.24,281.5,,,276.55,$/cwt,2.7655,per lb,National,wholesale,,,,,,11339.0,lb,,2453,National Daily Boxed Beef Cutout & Boxed Beef Cuts - Negotiated Sales - PM (PDF) (LM_XB403),2026-09-26T14:04:07+00:00
8362f62635f553f6,2023-02-07,Beef,Cutout 600-900 lb,,,,,Select,,,,,,,,,257.33,$/cwt,2.5733,per lb,National,wholesale,,,,,,,,,2453,National Daily Boxed Beef Cutout & Boxed Beef Cuts - Negotiated Sales - PM (PDF) (LM_XB403),2026-09-26T14:04:07+00:00
9ffa3d0b69b34474,2023-02-07,Beef,Cutout 600-900 lb,,,,,Choice,,,,,,,,,266.72,$/cwt,2.6672,per lb,National,wholesale,,,,,,,,,2453,National Daily Boxed Beef Cutout & Boxed Beef Cuts - Negotiated Sales - PM (PDF) (LM_XB403),2026-09-26T14:04:07+00:00
f22ee4cce51aee90,2023-02-07,Beef,"Flank, flank steak (193  4)",Choice Cuts,,,,Choice,,,,,525.0,629.0,,,566.86,$/cwt,5.6686,per lb,National,wholesale,,,,,,56290.0,lb,,2453,National Daily Boxed Beef Cutout & Boxed Beef Cuts - Negotiated Sales - PM (PDF) (LM_XB403),2026-09-26T14:04:07+00:00
1a31d651c6d4d9d8,2023-02-07,Beef,"Flank, flank steak (193  4)",Select Cuts,,,,Select,,,,,525.0,584.89,,,550.9,$/cwt,5.509,per lb,National,wholesale,,,,,,5266.0,lb,,2453,National Daily Boxed Beef Cutout & Boxed Beef Cuts - Negotiated Sales - PM (PDF) (LM_XB403),2026-09-26T14:04:07+00:00
e0e711c10edcaa1b,2023-02-07,Beef,Ground Beef 73%,Ground Beef,,,,,,,,,168.0,227.7,,,174.17,$/cwt,1.7417,per lb,National,wholesale,,,,,,166215.0,lb,,2453,National Daily Boxed Beef Cutout & Boxed Beef Cuts - Negotiated Sales - PM (PDF) (LM_XB403),2026-09-26T14:04:07+00:00
8fe0053b5a8f11f6,2023-02-07,Beef,Ground Beef 81%,Ground Beef,,,,,,,,,210.0,257.0,,,221.79,$/cwt,2.2179,per lb,National,wholesale,,,,,,238270.0,lb,,2453,National Daily Boxed Beef Cutout & Boxed Beef Cuts - Negotiated Sales - PM (PDF) (LM_XB403),2026-09-26T14:04:07+00:00
1c21caa6bb7dbda6,2023-02-07,Beef,Ground Beef 85%,Ground Beef,,,,,,,,,261.0,281.0,,,272.59,$/cwt,2.7259,per lb,National,wholesale,,,,,,48901.0,lb,,2453,National Daily Boxed Beef Cutout & Boxed Beef Cuts - Negotiated Sales - PM (PDF) (LM_XB403),2026-09-26T14:04:07+00:00
6c320f5330d2220f,2023-02-07,Beef,Ground Beef 93%,Ground Beef,,,,,,,,,327.82,380.0,,,334.99,$/cwt,3.3499,per lb,National,wholesale,,,,,,11559.0,lb,,2453,National Daily Boxed Beef Cutout & Boxed Beef Cuts - Negotiated Sales - PM (PDF) (LM_XB403),2026-09-26T14:04:07+00:00
ed27fddd907107b5,2023-02-07,Beef,"Loin, ball-tip, bnls, heavy (185B  1)",Choice Cuts,,,,Choice,,,,,249.0,295.0,,,259.29,$/cwt,2.5929,per lb,National,wholesale,,,,,,44551.0,lb,,2453,National Daily Boxed Beef Cutout & Boxed Beef Cuts - Negotiated Sales - PM (PDF) (LM_XB403),2026-09-26T14:04:07+00:00
4df95a11e5f9f9aa,2023-02-07,Beef,"Loin, ball-tip, bnls, heavy (185B  1)",Select Cuts,,,,Select,,,,,285.0,326.88,,,295.91,$/cwt,2.9591,per lb,National,wholesale,,,,,,2540.0,lb,,2453,National Daily Boxed Beef Cutout & Boxed Beef Cuts - Negotiated Sales - PM (PDF) (LM_XB403),2026-09-26T14:04:07+00:00
db66aabb21ea74ad,2023-02-07,Beef,"Loin, bottom sirloin, flap (185A  4)",Choice Cuts,,,,Choice,,,,,645.0,714.89,,,657.48,$/cwt,6.5748,per lb,National,wholesale,,,,,,56667.0,lb,,2453,National Daily Boxed Beef Cutout & Boxed Beef Cuts - Negotiated Sales - PM (PDF) (LM_XB403),2026-09-26T14:04:07+00:00
09f53ee1b05eb430,2023-02-07,Beef,"Loin, bottom sirloin, flap (185A  4)",Select Cuts,,,,Select,,,,,605.0,645.0,,,606.32,$/cwt,6.0632,per lb,National,wholesale,,,,,,37372.0,lb,,2453,National Daily Boxed Beef Cutout & Boxed Beef Cuts - Negotiated Sales - PM (PDF) (LM_XB403),2026-09-26T14:04:07+00:00
39cc32621ebe8fa4,2023-02-07,Beef,"Loin, butt tender, trimmed (191A  4)",Choice Cuts,,,,Choice,,,,,1244.0,1430.7,,,1253.9,$/cwt,12.539,per lb,National,wholesale,,,,,,16441.0,lb,,2453,National Daily Boxed Beef Cutout & Boxed Beef Cuts - Negotiated Sales - PM (PDF) (LM_XB403),2026-09-26T14:04:07+00:00
2fcdedd15c556918,2023-02-07,Beef,"Loin, short loin, 0x1 (174  3)",Choice Cuts,,,,Choice,,,,,691.0,815.1,,,695.15,$/cwt,6.9515,per lb,National,wholesale,,,,,,45729.0,lb,,2453,National Daily Boxed Beef Cutout & Boxed Beef Cuts - Negotiated Sales - PM (PDF) (LM_XB403),2026-09-26T14:04:07+00:00
2d87d0e45568ba25,2023-02-07,Beef,"Loin, short loin, 0x1 (174  3)",Select Cuts,,,,Select,,,,,624.0,690.0,,,666.49,$/cwt,6.6649,per lb,National,wholesale,,,,,,9562.0,lb,,2453,National Daily Boxed Beef Cutout & Boxed Beef Cuts - Negotiated Sales - PM (PDF) (LM_XB403),2026-09-26T14:04:07+00:00
bbaa98c4964685b3,2023-02-07,Beef,"Loin, sirloin, tri-tip (185C  1)",Choice Cuts,,,,Choice,,,,,336.0,379.88,,,352.02,$/cwt,3.5202,per lb,National,wholesale,,,,,,15347.0,lb,,2453,National Daily Boxed Beef Cutout & Boxed Beef Cuts - Negotiated Sales - PM (PDF) (LM_XB403),2026-09-26T14:04:07+00:00
c10ae0aa038039a4,2023-02-07,Beef,"Loin, sirloin, tri-tip, pld (185D  4)",Choice Cuts,,,,Choice,,,,,506.0,520.0,,,513.39,$/cwt,5.1339,per lb,National,wholesale,,,,,,2495.0,lb,,2453,National Daily Boxed Beef Cutout & Boxed Beef Cuts - Negotiated Sales - PM (PDF) (LM_XB403),2026-09-26T14:04:07+00:00
1419a3467ea87f05,2023-02-07,Beef,"Loin, sirloin, tri-tip, pld (185D  4)",Select Cuts,,,,Select,,,,,385.0,454.0,,,392.58,$/cwt,3.9258,per lb,National,wholesale,,,,,,9785.0,lb,,2453,National Daily Boxed Beef Cutout & Boxed Beef Cuts - Negotiated Sales - PM (PDF) (LM_XB403),2026-09-26T14:04:07+00:00
70fa6e33aa980d18,2023-02-07,Beef,"Loin, strip, bnls, 0x1 (180  3)",Choice Cuts,,,,Choice,,,,,805.0,845.1,,,820.93,$/cwt,8.2093,per lb,National,wholesale,,,,,,87873.0,lb,,2453,National Daily Boxed Beef Cutout & Boxed Beef Cuts - Negotiated Sales - PM (PDF) (LM_XB403),2026-09-26T14:04:07+00:00
7c0ed2e65e668a72,2023-02-07,Beef,"Loin, strip, bnls, 0x1 (180  3)",Select Cuts,,,,Select,,,,,638.0,722.0,,,643.8,$/cwt,6.438,per lb,National,wholesale,,,,,,24902.0,lb,,2453,National Daily Boxed Beef Cutout & Boxed Beef Cuts - Negotiated Sales - PM (PDF) (LM_XB403),2026-09-26T14:04:07+00:00
852aa988d1f467fd,2023-02-07,Beef,"Loin, tndrloin, trmd, heavy (189A  4)",Choice Cuts,,,,Choice,,,,,1360.0,1699.0,,,1404.43,$/cwt,14.0443,per lb,National,wholesale,,,,,,181287.0,lb,,2453,National Daily Boxed Beef Cutout & Boxed Beef Cuts - Negotiated Sales - PM (PDF) (LM_XB403),2026-09-26T14:04:07+00:00
6aa34b9c75288cfd,2023-02-07,Beef,"Loin, tndrloin, trmd, heavy (189A  4)",Select Cuts,,,,Select,,,,,1377.0,1480.7,,,1413.11,$/cwt,14.1311,per lb,National,wholesale,,,,,,14975.0,lb,,2453,National Daily Boxed Beef Cutout & Boxed Beef Cuts - Negotiated Sales - PM (PDF) (LM_XB403),2026-09-26T14:04:07+00:00
4966c56de2b8c32b,2023-02-07,Beef,"Loin, top butt, boneless (184  3)",Choice Cuts,,,,Choice,,,,,380.0,407.88,,,394.37,$/cwt,3.9437,per lb,National,wholesale,,,,,,26258.0,lb,,2453,National Daily Boxed Beef Cutout & Boxed Beef Cuts - Negotiated Sales - PM (PDF) (LM_XB403),2026-09-26T14:04:07+00:00
1f02d0c73ee0f895,2023-02-07,Beef,"Loin, top butt, boneless (184  3)",Select Cuts,,,,Select,,,,,375.0,399.93,,,384.09,$/cwt,3.8409,per lb,National,wholesale,,,,,,10472.0,lb,,2453,National Daily Boxed Beef Cutout & Boxed Beef Cuts - Negotiated Sales - PM (PDF) (LM_XB403),2026-09-26T14:04:07+00:00
d6511e1f1886f941,2023-02-07,Beef,"Rib, ribeye, bnls, heavy (112A  3)",Choice Cuts,,,,Choice,,,,,950.07,1034.7,,,986.25,$/cwt,9.8625,per lb,National,wholesale,,,,,,65812.0,lb,,2453,National Daily Boxed Beef Cutout & Boxed Beef Cuts - Negotiated Sales - PM (PDF) (LM_XB403),2026-09-26T14:04:07+00:00
e5b0465174305973,2023-02-07,Beef,"Rib, ribeye, bnls, heavy (112A  3)",Select Cuts,,,,Select,,,,,805.0,855.38,,,821.55,$/cwt,8.2155,per lb,National,wholesale,,,,,,18828.0,lb,,2453,National Daily Boxed Beef Cutout & Boxed Beef Cuts - Negotiated Sales - PM (PDF) (LM_XB403),2026-09-26T14:04:07+00:00
ae563a249a7affc1,2023-02-07,Beef,"Rib, ribeye, bnls, light (112A  3)",Choice Cuts,,,,Choice,,,,,990.87,1062.0,,,1007.79,$/cwt,10.0779,per lb,National,wholesale,,,,,,22946.0,lb,,2453,National Daily Boxed Beef Cutout & Boxed Beef Cuts - Negotiated Sales - PM (PDF) (LM_XB403),2026-09-26T14:04:07+00:00
f8d2872b1f6cfc9e,2023-02-07,Beef,"Rib, ribeye, bnls, light (112A  3)",Select Cuts,,,,Select,,,,,735.0,852.0,,,815.15,$/cwt,8.1515,per lb,National,wholesale,,,,,,37510.0,lb,,2453,National Daily Boxed Beef Cutout & Boxed Beef Cuts - Negotiated Sales - PM (PDF) (LM_XB403),2026-09-26T14:04:07+00:00
c32b074bbf6ea56a,2023-02-07,Beef,"Rib, ribeye, lip-on, bn-in (109E  1)",Choice Cuts,,,,Choice,,,,,823.0,940.1,,,830.9,$/cwt,8.309,per lb,National,wholesale,,,,,,114368.0,lb,,2453,National Daily Boxed Beef Cutout & Boxed Beef Cuts - Negotiated Sales - PM (PDF) (LM_XB403),2026-09-26T14:04:07+00:00
f77fcd0f04b44911,2023-02-07,Beef,"Rib, ribeye, lip-on, bn-in (109E  1)",Select Cuts,,,,Select,,,,,695.0,735.0,,,724.55,$/cwt,7.2455,per lb,National,wholesale,,,,,,45564.0,lb,,2453,National Daily Boxed Beef Cutout & Boxed Beef Cuts - Negotiated Sales - PM (PDF) (LM_XB403),2026-09-26T14:04:07+00:00
ba533403241d2dec,2023-02-07,Beef,"Round, bottom gooseneck (170  1)",Choice Cuts,,,,Choice,,,,,248.58,285.1,,,251.73,$/cwt,2.5173,per lb,National,wholesale,,,,,,62989.0,lb,,2453,National Daily Boxed Beef Cutout & Boxed Beef Cuts - Negotiated Sales - PM (PDF) (LM_XB403),2026-09-26T14:04:07+00:00
06b0f1edd70d7633,2023-02-07,Beef,"Round, eye of round (171C  3)",Choice Cuts,,,,Choice,,,,,269.0,335.46,,,291.3,$/cwt,2.913,per lb,National,wholesale,,,,,,79011.0,lb,,2453,National Daily Boxed Beef Cutout & Boxed Beef Cuts - Negotiated Sales - PM (PDF) (LM_XB403),2026-09-26T14:04:07+00:00
c2dbb1ef845b271a,2023-02-07,Beef,"Round, eye of round (171C  3)",Select Cuts,,,,Select,,,,,259.0,307.0,,,277.76,$/cwt,2.7776,per lb,National,wholesale,,,,,,23759.0,lb,,2453,National Daily Boxed Beef Cutout & Boxed Beef Cuts - Negotiated Sales - PM (PDF) (LM_XB403),2026-09-26T14:04:07+00:00
2dfb3a68205049b7,2023-02-07,Beef,"Round, knuckle, peeled (167A  4)",Choice Cuts,,,,Choice,,,,,279.0,355.1,,,310.39,$/cwt,3.1039,per lb,National,wholesale,,,,,,85852.0,lb,,2453,National Daily Boxed Beef Cutout & Boxed Beef Cuts - Negotiated Sales - PM (PDF) (LM_XB403),2026-09-26T14:04:07+00:00
cee931da3170b6bd,2023-02-07,Beef,"Round, knuckle, peeled (167A  4)",Select Cuts,,,,Select,,,,,279.14,333.0,,,312.57,$/cwt,3.1257,per lb,National,wholesale,,,,,,3614.0,lb,,2453,National Daily Boxed Beef Cutout & Boxed Beef Cuts - Negotiated Sales - PM (PDF) (LM_XB403),2026-09-26T14:04:07+00:00
2732623d61bf6fb3,2023-02-07,Beef,"Round, outside round (171B  3)",Choice Cuts,,,,Choice,,,,,268.0,294.88,,,273.43,$/cwt,2.7343,per lb,National,wholesale,,,,,,137614.0,lb,,2453,National Daily Boxed Beef Cutout & Boxed Beef Cuts - Negotiated Sales - PM (PDF) (LM_XB403),2026-09-26T14:04:07+00:00
8701b86c6d60b3cb,2023-02-07,Beef,"Round, outside round (171B  3)",Select Cuts,,,,Select,,,,,272.0,300.0,,,273.71,$/cwt,2.7371,per lb,National,wholesale,,,,,,16207.0,lb,,2453,National Daily Boxed Beef Cutout & Boxed Beef Cuts - Negotiated Sales - PM (PDF) (LM_XB403),2026-09-26T14:04:07+00:00
28e78c2aa4b9a616,2023-02-07,Beef,"Round, top inside round (168  1)",Choice Cuts,,,,Choice,,,,,255.73,265.0,,,256.67,$/cwt,2.5667,per lb,National,wholesale,,,,,,15045.0,lb,,2453,National Daily Boxed Beef Cutout & Boxed Beef Cuts - Negotiated Sales - PM (PDF) (LM_XB403),2026-09-26T14:04:07+00:00
1ea253ee460bb51c,2023-02-07,Beef,"Round, top inside round (168  3)",Choice Cuts,,,,Choice,,,,,239.0,304.75,,,261.82,$/cwt,2.6182,per lb,National,wholesale,,,,,,369753.0,lb,,2453,National Daily Boxed Beef Cutout & Boxed Beef Cuts - Negotiated Sales - PM (PDF) (LM_XB403),2026-09-26T14:04:07+00:00
a2d54138d640f02b,2023-02-07,Beef,"Round, top inside round (168  3)",Select Cuts,,,,Select,,,,,253.0,279.0,,,261.35,$/cwt,2.6135,per lb,National,wholesale,,,,,,65322.0,lb,,2453,National Daily Boxed Beef Cutout & Boxed Beef Cuts - Negotiated Sales - PM (PDF) (LM_XB403),2026-09-26T14:04:07+00:00
7567bacce147372b,2023-02-07,Beef,"Round, top inside, cap off (169A  5)",Choice Cuts,,,,Choice,,,,,376.17,451.0,,,403.62,$/cwt,4.0362,per lb,National,wholesale,,,,,,8628.0,lb,,2453,National Daily Boxed Beef Cutout & Boxed Beef Cuts - Negotiated Sales - PM (PDF) (LM_XB403),2026-09-26T14:04:07+00:00
b9448cd4a667db06,2023-02-07,Beef,"Round, top inside, denuded (169  5)",Choice Cuts,,,,Choice,,,,,310.0,381.88,,,315.92,$/cwt,3.1592,per lb,National,wholesale,,,,,,29319.0,lb,,2453,National Daily Boxed Beef Cutout & Boxed Beef Cuts - Negotiated Sales - PM (PDF) (LM_XB403),2026-09-26T14:04:07+00:00
c92c3d72ab41fcf3,2023-02-07,Beef,"Short Plate, short rib (123A  3)",Choice Cuts,,,,Choice,,,,,428.77,604.0,,,488.37,$/cwt,4.8837,per lb,National,wholesale,,,,,,77920.0,lb,,2453,National Daily Boxed Beef Cutout & Boxed Beef Cuts - Negotiated Sales - PM (PDF) (LM_XB403),2026-09-26T14:04:07+00:00
59611618c936fca0,2023-02-08,Beef,"Brisket, deckle-off, bnls (120  1)",Choice Cuts,,,,Choice,,,,,260.0,292.8,,,268.5,$/cwt,2.685,per lb,National,wholesale,,,,,,222169.0,lb,,2453,National Daily Boxed Beef Cutout & Boxed Beef Cuts - Negotiated Sales - PM (PDF) (LM_XB403),2026-09-26T14:04:07+00:00
03583cb8909adb40,2023-02-08,Beef,"Brisket, deckle-off, bnls (120  1)",Select Cuts,,,,Select,,,,,255.0,280.5,,,255.34,$/cwt,2.5534,per lb,National,wholesale,,,,,,193757.0,lb,,2453,National Daily Boxed Beef Cutout & Boxed Beef Cuts - Negotiated Sales - PM (PDF) (LM_XB403),2026-09-26T14:04:07+00:00
224c9a2f9267c5a7,2023-02-08,Beef,"Brisket, point/off, bnls (120A  3)",Choice Cuts,,,,Choice,,,,,455.0,590.0,,,485.51,$/cwt,4.8551,per lb,National,wholesale,,,,,,20984.0,lb,,2453,National Daily Boxed Beef Cutout & Boxed Beef Cuts - Negotiated Sales - PM (PDF) (LM_XB403),2026-09-26T14:04:07+00:00
029c142f7cb4c8e2,2023-02-08,Beef,"Chuck, chuck tender (116B  1)",Choice Cuts,,,,Choice,,,,,272.0,334.0,,,287.52,$/cwt,2.8752,per lb,National,wholesale,,,,,,110622.0,lb,,2453,National Daily Boxed Beef Cutout & Boxed Beef Cuts - Negotiated Sales - PM (PDF) (LM_XB403),2026-09-26T14:04:07+00:00
46069b5e0a02f0c0,2023-02-08,Beef,"Chuck, chuck tender (116B  1)",Select Cuts,,,,Select,,,,,280.0,324.0,,,284.89,$/cwt,2.8489,per lb,National,wholesale,,,,,,3808.0,lb,,2453,National Daily Boxed Beef Cutout & Boxed Beef Cuts - Negotiated Sales - PM (PDF) (LM_XB403),2026-09-26T14:04:07+00:00
98e73b0f18a106c9,2023-02-08,Beef,"Chuck, clod tender (114F  5)",Choice Cuts,,,,Choice,,,,,470.75,525.0,,,504.14,$/cwt,5.0414,per lb,National,wholesale,,,,,,5982.0,lb,,2453,National Daily Boxed Beef Cutout & Boxed Beef Cuts - Negotiated Sales - PM (PDF) (LM_XB403),2026-09-26T14:04:07+00:00
dd0b0f91556f210c,2023-02-08,Beef,"Chuck, clod, arm roast (114E  3)",Choice Cuts,,,,Choice,,,,,380.0,410.0,,,393.76,$/cwt,3.9376,per lb,National,wholesale,,,,,,7711.0,lb,,2453,National Daily Boxed Beef Cutout & Boxed Beef Cuts - Negotiated Sales - PM (PDF) (LM_XB403),2026-09-26T14:04:07+00:00
13fa6e78241b4e7b,2023-02-08,Beef,"Chuck, clod, top blade (114D  3)",Choice Cuts,,,,Choice,,,,,339.0,374.5,,,366.23,$/cwt,3.6623,per lb,National,wholesale,,,,,,1843.0,lb,,2453,National Daily Boxed Beef Cutout & Boxed Beef Cuts - Negotiated Sales - PM (PDF) (LM_XB403),2026-09-26T14:04:07+00:00
c04d4b6048eeea20,2023-02-08,Beef,"Chuck, flap (116G  4)",Choice Cuts,,,,Choice,,,,,436.52,593.0,,,509.54,$/cwt,5.0954,per lb,National,wholesale,,,,,,34418.0,lb,,2453,National Daily Boxed Beef Cutout & Boxed Beef Cuts - Negotiated Sales - PM (PDF) (LM_XB403),2026-09-26T14:04:07+00:00
ac189d795fac5284,2023-02-08,Beef,"Chuck, flap (116G  4)",Select Cuts,,,,Select,,,,,528.0,535.0,,,533.74,$/cwt,5.3374,per lb,National,wholesale,,,,,,18798.0,lb,,2453,National Daily Boxed Beef Cutout & Boxed Beef Cuts - Negotiated Sales - PM (PDF) (LM_XB403),2026-09-26T14:04:07+00:00
c2d4e0960fa13e88,2023-02-08,Beef,"Chuck, roll, lxl, neck/off (116A  3)",Choice Cuts,,,,Choice,,,,,295.46,364.25,,,326.2,$/cwt,3.262,per lb,National,wholesale,,,,,,198539.0,lb,,2453,National Daily Boxed Beef Cutout & Boxed Beef Cuts - Negotiated Sales - PM (PDF) (LM_XB403),2026-09-26T14:04:07+00:00
270f2390b02be1b7,2023-02-08,Beef,"Chuck, roll, lxl, neck/off (116A  3)",Select Cuts,,,,Select,,,,,277.76,352.3,,,305.89,$/cwt,3.0589,per lb,National,wholesale,,,,,,78063.0,lb,,2453,National Daily Boxed Beef Cutout & Boxed Beef Cuts - Negotiated Sales - PM (PDF) (LM_XB403),2026-09-26T14:04:07+00:00
c8fce1651a1c92e5,2023-02-08,Beef,"Chuck, short rib (130  4)",Choice Cuts,,,,Choice,,,,,417.0,450.0,,,430.01,$/cwt,4.3001,per lb,National,wholesale,,,,,,19156.0,lb,,2453,National Daily Boxed Beef Cutout & Boxed Beef Cuts - Negotiated Sales - PM (PDF) (LM_XB403),2026-09-26T14:04:07+00:00
5693bb6495b94086,2023-02-08,Beef,"Chuck, shoulder clod (114  1)",Choice Cuts,,,,Choice,,,,,254.5,279.0,,,263.49,$/cwt,2.6349,per lb,National,wholesale,,,,,,13442.0,lb,,2453,National Daily Boxed Beef Cutout & Boxed Beef Cuts - Negotiated Sales - PM (PDF) (LM_XB403),2026-09-26T14:04:07+00:00
a4f0ad2566d6626d,2023-02-08,Beef,"Chuck, shoulder clod (114  1)",Select Cuts,,,,Select,,,,,253.0,257.0,,,253.26,$/cwt,2.5326,per lb,National,wholesale,,,,,,46292.0,lb,,2453,National Daily Boxed Beef Cutout & Boxed Beef Cuts - Negotiated Sales - PM (PDF) (LM_XB403),2026-09-26T14:04:07+00:00
e1d98170a87243fe,2023-02-08,Beef,"Chuck, shoulder clod, trmd (114A  3)",Choice Cuts,,,,Choice,,,,,261.73,295.0,,,272.46,$/cwt,2.7246,per lb,National,wholesale,,,,,,79706.0,lb,,2453,National Daily Boxed Beef Cutout & Boxed Beef Cuts - Negotiated Sales - PM (PDF) (LM_XB403),2026-09-26T14:04:07+00:00
eb2688a654dc1dc3,2023-02-08,Beef,"Chuck, shoulder clod, trmd (114A  3)",Select Cuts,,,,Select,,,,,258.0,280.0,,,258.63,$/cwt,2.5863,per lb,National,wholesale,,,,,,283124.0,lb,,2453,National Daily Boxed Beef Cutout & Boxed Beef Cuts - Negotiated Sales - PM (PDF) (LM_XB403),2026-09-26T14:04:07+00:00
6818c405fdb26cd1,2023-02-08,Beef,Cutout 600-900 lb,,,,,Select,,,,,,,,,253.16,$/cwt,2.5316,per lb,National,wholesale,,,,,,,,,2453,National Daily Boxed Beef Cutout & Boxed Beef Cuts - Negotiated Sales - PM (PDF) (LM_XB403),2026-09-26T14:04:07+00:00
a769d07a296b7386,2023-02-08,Beef,Cutout 600-900 lb,,,,,Choice,,,,,,,,,267.2,$/cwt,2.672,per lb,National,wholesale,,,,,,,,,2453,National Daily Boxed Beef Cutout & Boxed Beef Cuts - Negotiated Sales - PM (PDF) (LM_XB403),2026-09-26T14:04:07+00:00
98e0b5fd5f21758f,2023-02-08,Beef,"Flank, flank steak (193  4)",Choice Cuts,,,,Choice,,,,,532.91,635.0,,,568.88,$/cwt,5.6888,per lb,National,wholesale,,,,,,45736.0,lb,,2453,National Daily Boxed Beef Cutout & Boxed Beef Cuts - Negotiated Sales - PM (PDF) (LM_XB403),2026-09-26T14:04:07+00:00
cf9f665ea2f2650e,2023-02-08,Beef,"Flank, flank steak (193  4)",Select Cuts,,,,Select,,,,,510.0,620.0,,,597.59,$/cwt,5.9759,per lb,National,wholesale,,,,,,8495.0,lb,,2453,National Daily Boxed Beef Cutout & Boxed Beef Cuts - Negotiated Sales - PM (PDF) (LM_XB403),2026-09-26T14:04:07+00:00
d18b33a9015234e9,2023-02-08,Beef,Ground Beef 73%,Ground Beef,,,,,,,,,170.0,230.5,,,188.9,$/cwt,1.889,per lb,National,wholesale,,,,,,60357.0,lb,,2453,National Daily Boxed Beef Cutout & Boxed Beef Cuts - Negotiated Sales - PM (PDF) (LM_XB403),2026-09-26T14:04:07+00:00
69b30c448c8f942e,2023-02-08,Beef,Ground Beef 81%,Ground Beef,,,,,,,,,220.0,265.7,,,229.14,$/cwt,2.2914,per lb,National,wholesale,,,,,,117669.0,lb,,2453,National Daily Boxed Beef Cutout & Boxed Beef Cuts - Negotiated Sales - PM (PDF) (LM_XB403),2026-09-26T14:04:07+00:00
ae4dd1071b03c04f,2023-02-08,Beef,Ground Beef 85%,Ground Beef,,,,,,,,,262.5,297.8,,,272.5,$/cwt,2.725,per lb,National,wholesale,,,,,,23906.0,lb,,2453,National Daily Boxed Beef Cutout & Boxed Beef Cuts - Negotiated Sales - PM (PDF) (LM_XB403),2026-09-26T14:04:07+00:00
e289fef16ddecb81,2023-02-08,Beef,Ground Beef 93%,Ground Beef,,,,,,,,,361.0,377.5,,,363.23,$/cwt,3.6323,per lb,National,wholesale,,,,,,67599.0,lb,,2453,National Daily Boxed Beef Cutout & Boxed Beef Cuts - Negotiated Sales - PM (PDF) (LM_XB403),2026-09-26T14:04:07+00:00
4c579644e809464a,2023-02-08,Beef,Ground Beef Chuck,Ground Beef,,,,,,,,,225.0,308.5,,,230.56,$/cwt,2.3056,per lb,National,wholesale,,,,,,138098.0,lb,,2453,National Daily Boxed Beef Cutout & Boxed Beef Cuts - Negotiated Sales - PM (PDF) (LM_XB403),2026-09-26T14:04:07+00:00
e8bf49ead929c0b4,2023-02-08,Beef,"Loin, ball-tip, bnls, heavy (185B  1)",Choice Cuts,,,,Choice,,,,,249.0,314.25,,,279.69,$/cwt,2.7969,per lb,National,wholesale,,,,,,80211.0,lb,,2453,National Daily Boxed Beef Cutout & Boxed Beef Cuts - Negotiated Sales - PM (PDF) (LM_XB403),2026-09-26T14:04:07+00:00
351c9f8018482f3b,2023-02-08,Beef,"Loin, bottom sirloin, flap (185A  4)",Choice Cuts,,,,Choice,,,,,650.0,715.7,,,666.39,$/cwt,6.6639,per lb,National,wholesale,,,,,,39347.0,lb,,2453,National Daily Boxed Beef Cutout & Boxed Beef Cuts - Negotiated Sales - PM (PDF) (LM_XB403),2026-09-26T14:04:07+00:00
365fdf30f0ca94a0,2023-02-08,Beef,"Loin, bottom sirloin, flap (185A  4)",Select Cuts,,,,Select,,,,,604.0,653.0,,,638.24,$/cwt,6.3824,per lb,National,wholesale,,,,,,23012.0,lb,,2453,National Daily Boxed Beef Cutout & Boxed Beef Cuts - Negotiated Sales - PM (PDF) (LM_XB403),2026-09-26T14:04:07+00:00
4575c53af83e2929,2023-02-08,Beef,"Loin, butt tender, trimmed (191A  4)",Choice Cuts,,,,Choice,,,,,1250.0,1280.0,,,1254.64,$/cwt,12.5464,per lb,National,wholesale,,,,,,8761.0,lb,,2453,National Daily Boxed Beef Cutout & Boxed Beef Cuts - Negotiated Sales - PM (PDF) (LM_XB403),2026-09-26T14:04:07+00:00
82af0b7bf199c955,2023-02-08,Beef,"Loin, short loin, 0x1 (174  3)",Choice Cuts,,,,Choice,,,,,681.99,807.8,,,701.86,$/cwt,7.0186,per lb,National,wholesale,,,,,,202025.0,lb,,2453,National Daily Boxed Beef Cutout & Boxed Beef Cuts - Negotiated Sales - PM (PDF) (LM_XB403),2026-09-26T14:04:07+00:00
f1a9075d48a379e3,2023-02-08,Beef,"Loin, short loin, 0x1 (174  3)",Select Cuts,,,,Select,,,,,667.3,679.0,,,674.3,$/cwt,6.743,per lb,National,wholesale,,,,,,5547.0,lb,,2453,National Daily Boxed Beef Cutout & Boxed Beef Cuts - Negotiated Sales - PM (PDF) (LM_XB403),2026-09-26T14:04:07+00:00
3c764e1631051d1f,2023-02-08,Beef,"Loin, sirloin, tri-tip (185C  1)",Choice Cuts,,,,Choice,,,,,350.0,369.0,,,360.13,$/cwt,3.6013,per lb,National,wholesale,,,,,,10636.0,lb,,2453,National Daily Boxed Beef Cutout & Boxed Beef Cuts - Negotiated Sales - PM (PDF) (LM_XB403),2026-09-26T14:04:07+00:00
8813d4d944230ae4,2023-02-08,Beef,"Loin, sirloin, tri-tip (185C  1)",Select Cuts,,,,Select,,,,,285.0,337.0,,,309.13,$/cwt,3.0913,per lb,National,wholesale,,,,,,5922.0,lb,,2453,National Daily Boxed Beef Cutout & Boxed Beef Cuts - Negotiated Sales - PM (PDF) (LM_XB403),2026-09-26T14:04:07+00:00
26e0871828bf08b8,2023-02-08,Beef,"Loin, sirloin, tri-tip, pld (185D  4)",Choice Cuts,,,,Choice,,,,,506.0,525.0,,,518.58,$/cwt,5.1858,per lb,National,wholesale,,,,,,3155.0,lb,,2453,National Daily Boxed Beef Cutout & Boxed Beef Cuts - Negotiated Sales - PM (PDF) (LM_XB403),2026-09-26T14:04:07+00:00
fc1e5ba1fb788078,2023-02-08,Beef,"Loin, strip loin bnls. 1x1 (  1)",Choice Cuts,,,,Choice,,,,,751.0,755.0,,,751.76,$/cwt,7.5176,per lb,National,wholesale,,,,,,1923.0,lb,,2453,National Daily Boxed Beef Cutout & Boxed Beef Cuts - Negotiated Sales - PM (PDF) (LM_XB403),2026-09-26T14:04:07+00:00
2515de31c3fb5442,2023-02-08,Beef,"Loin, strip, bnls, 0x1 (180  3)",Choice Cuts,,,,Choice,,,,,785.0,849.0,,,811.46,$/cwt,8.1146,per lb,National,wholesale,,,,,,144911.0,lb,,2453,National Daily Boxed Beef Cutout & Boxed Beef Cuts - Negotiated Sales - PM (PDF) (LM_XB403),2026-09-26T14:04:07+00:00
edd9cb69c7cd25ce,2023-02-08,Beef,"Loin, strip, bnls, 0x1 (180  3)",Select Cuts,,,,Select,,,,,632.3,715.0,,,646.32,$/cwt,6.4632,per lb,National,wholesale,,,,,,33855.0,lb,,2453,National Daily Boxed Beef Cutout & Boxed Beef Cuts - Negotiated Sales - PM (PDF) (LM_XB403),2026-09-26T14:04:07+00:00
ac49bd03630a1b26,2023-02-08,Beef,"Loin, tndrloin, trmd, heavy (189A  4)",Choice Cuts,,,,Choice,,,,,1259.0,1690.7,,,1393.18,$/cwt,13.9318,per lb,National,wholesale,,,,,,199644.0,lb,,2453,National Daily Boxed Beef Cutout & Boxed Beef Cuts - Negotiated Sales - PM (PDF) (LM_XB403),2026-09-26T14:04:07+00:00
be853a265684e7be,2023-02-08,Beef,"Loin, tndrloin, trmd, heavy (189A  4)",Select Cuts,,,,Select,,,,,1380.0,1490.7,,,1449.79,$/cwt,14.4979,per lb,National,wholesale,,,,,,10187.0,lb,,2453,National Daily Boxed Beef Cutout & Boxed Beef Cuts - Negotiated Sales - PM (PDF) (LM_XB403),2026-09-26T14:04:07+00:00
cee845ee6222c26a,2023-02-08,Beef,"Loin, top butt, CC (184B  3)",Choice Cuts,,,,Choice,,,,,545.0,595.0,,,559.41,$/cwt,5.5941,per lb,National,wholesale,,,,,,3176.0,lb,,2453,National Daily Boxed Beef Cutout & Boxed Beef Cuts - Negotiated Sales - PM (PDF) (LM_XB403),2026-09-26T14:04:07+00:00
d285ba0180dc52dd,2023-02-08,Beef,"Loin, top butt, boneless (184  3)",Choice Cuts,,,,Choice,,,,,378.93,406.0,,,384.13,$/cwt,3.8413,per lb,National,wholesale,,,,,,317700.0,lb,,2453,National Daily Boxed Beef Cutout & Boxed Beef Cuts - Negotiated Sales - PM (PDF) (LM_XB403),2026-09-26T14:04:07+00:00
832bc42f4c3700ed,2023-02-08,Beef,"Loin, top butt, boneless (184  3)",Select Cuts,,,,Select,,,,,372.0,385.0,,,377.51,$/cwt,3.7751,per lb,National,wholesale,,,,,,6805.0,lb,,2453,National Daily Boxed Beef Cutout & Boxed Beef Cuts - Negotiated Sales - PM (PDF) (LM_XB403),2026-09-26T14:04:07+00:00
d9b186e4b1194740,2023-02-08,Beef,"Rib, ribeye, bnls, heavy (112A  3)",Choice Cuts,,,,Choice,,,,,938.0,1021.0,,,981.14,$/cwt,9.8114,per lb,National,wholesale,,,,,,44572.0,lb,,2453,National Daily Boxed Beef Cutout & Boxed Beef Cuts - Negotiated Sales - PM (PDF) (LM_XB403),2026-09-26T14:04:07+00:00
560526398e84e071,2023-02-08,Beef,"Rib, ribeye, bnls, heavy (112A  3)",Select Cuts,,,,Select,,,,,700.0,867.3,,,806.58,$/cwt,8.0658,per lb,National,wholesale,,,,,,17133.0,lb,,2453,National Daily Boxed Beef Cutout & Boxed Beef Cuts - Negotiated Sales - PM (PDF) (LM_XB403),2026-09-26T14:04:07+00:00
7c60f6b65ce14aae,2023-02-08,Beef,"Rib, ribeye, bnls, light (112A  3)",Choice Cuts,,,,Choice,,,,,911.17,1078.0,,,989.68,$/cwt,9.8968,per lb,National,wholesale,,,,,,28109.0,lb,,2453,National Daily Boxed Beef Cutout & Boxed Beef Cuts - Negotiated Sales - PM (PDF) (LM_XB403),2026-09-26T14:04:07+00:00
89b8844477ce1218,2023-02-08,Beef,"Rib, ribeye, bnls, light (112A  3)",Select Cuts,,,,Select,,,,,729.0,825.47,,,796.31,$/cwt,7.9631,per lb,National,wholesale,,,,,,24680.0,lb,,2453,National Daily Boxed Beef Cutout & Boxed Beef Cuts - Negotiated Sales - PM (PDF) (LM_XB403),2026-09-26T14:04:07+00:00
d80143e510326184,2023-02-08,Beef,"Rib, ribeye, lip-on, bn-in (109E  1)",Choice Cuts,,,,Choice,,,,,824.0,953.0,,,869.31,$/cwt,8.6931,per lb,National,wholesale,,,,,,151173.0,lb,,2453,National Daily Boxed Beef Cutout & Boxed Beef Cuts - Negotiated Sales - PM (PDF) (LM_XB403),2026-09-26T14:04:07+00:00
9d204e3302b4b717,2023-02-08,Beef,"Rib, ribeye, lip-on, bn-in (109E  1)",Select Cuts,,,,Select,,,,,700.0,743.0,,,727.68,$/cwt,7.2768,per lb,National,wholesale,,,,,,4752.0,lb,,2453,National Daily Boxed Beef Cutout & Boxed Beef Cuts - Negotiated Sales - PM (PDF) (LM_XB403),2026-09-26T14:04:07+00:00
73aeb701221ce58a,2023-02-08,Beef,"Round, eye of round (171C  3)",Choice Cuts,,,,Choice,,,,,290.0,337.5,,,301.38,$/cwt,3.0138,per lb,National,wholesale,,,,,,48687.0,lb,,2453,National Daily Boxed Beef Cutout & Boxed Beef Cuts - Negotiated Sales - PM (PDF) (LM_XB403),2026-09-26T14:04:07+00:00
13d7d58fd4222f5b,2023-02-08,Beef,"Round, eye of round (171C  3)",Select Cuts,,,,Select,,,,,279.0,312.0,,,287.12,$/cwt,2.8712,per lb,National,wholesale,,,,,,10604.0,lb,,2453,National Daily Boxed Beef Cutout & Boxed Beef Cuts - Negotiated Sales - PM (PDF) (LM_XB403),2026-09-26T14:04:07+00:00
8251eeb9927daacf,2023-02-08,Beef,"Round, knuckle, peeled (167A  4)",Choice Cuts,,,,Choice,,,,,287.0,351.3,,,297.9,$/cwt,2.979,per lb,National,wholesale,,,,,,105762.0,lb,,2453,National Daily Boxed Beef Cutout & Boxed Beef Cuts - Negotiated Sales - PM (PDF) (LM_XB403),2026-09-26T14:04:07+00:00
70fae3f201afb5b5,2023-02-08,Beef,"Round, knuckle, peeled (167A  4)",Select Cuts,,,,Select,,,,,284.0,332.0,,,289.21,$/cwt,2.8921,per lb,National,wholesale,,,,,,16853.0,lb,,2453,National Daily Boxed Beef Cutout & Boxed Beef Cuts - Negotiated Sales - PM (PDF) (LM_XB403),2026-09-26T14:04:07+00:00
875f75506934abe7,2023-02-08,Beef,"Round, outside round (171B  3)",Choice Cuts,,,,Choice,,,,,268.0,300.0,,,279.24,$/cwt,2.7924,per lb,National,wholesale,,,,,,114254.0,lb,,2453,National Daily Boxed Beef Cutout & Boxed Beef Cuts - Negotiated Sales - PM (PDF) (LM_XB403),2026-09-26T14:04:07+00:00
c8c12dbbb2044c0c,2023-02-08,Beef,"Round, outside round (171B  3)",Select Cuts,,,,Select,,,,,265.09,287.3,,,279.43,$/cwt,2.7943,per lb,National,wholesale,,,,,,8165.0,lb,,2453,National Daily Boxed Beef Cutout & Boxed Beef Cuts - Negotiated Sales - PM (PDF) (LM_XB403),2026-09-26T14:04:07+00:00
378d7cd87e3dd373,2023-02-08,Beef,"Round, top inside round (168  1)",Choice Cuts,,,,Choice,,,,,258.17,273.0,,,265.06,$/cwt,2.6506,per lb,National,wholesale,,,,,,49356.0,lb,,2453,National Daily Boxed Beef Cutout & Boxed Beef Cuts - Negotiated Sales - PM (PDF) (LM_XB403),2026-09-26T14:04:07+00:00
23fd27e233a86a17,2023-02-08,Beef,"Round, top inside round (168  3)",Choice Cuts,,,,Choice,,,,,249.0,290.0,,,266.54,$/cwt,2.6654,per lb,National,wholesale,,,,,,262032.0,lb,,2453,National Daily Boxed Beef Cutout & Boxed Beef Cuts - Negotiated Sales - PM (PDF) (LM_XB403),2026-09-26T14:04:07+00:00
d28b2610654fd47d,2023-02-08,Beef,"Round, top inside round (168  3)",Select Cuts,,,,Select,,,,,259.84,274.0,,,263.1,$/cwt,2.631,per lb,National,wholesale,,,,,,26583.0,lb,,2453,National Daily Boxed Beef Cutout & Boxed Beef Cuts - Negotiated Sales - PM (PDF) (LM_XB403),2026-09-26T14:04:07+00:00
f7798c8adec1814f,2023-02-08,Beef,"Round, top inside, denuded (169  5)",Choice Cuts,,,,Choice,,,,,290.0,351.0,,,315.73,$/cwt,3.1573,per lb,National,wholesale,,,,,,6754.0,lb,,2453,National Daily Boxed Beef Cutout & Boxed Beef Cuts - Negotiated Sales - PM (PDF) (LM_XB403),2026-09-26T14:04:07+00:00
980bc0261b786be8,2023-02-08,Beef,"Short Plate, short rib (123A  3)",Choice Cuts,,,,Choice,,,,,433.96,600.0,,,504.58,$/cwt,5.0458,per lb,National,wholesale,,,,,,30342.0,lb,,2453,National Daily Boxed Beef Cutout & Boxed Beef Cuts - Negotiated Sales - PM (PDF) (LM_XB403),2026-09-26T14:04:07+00:00
94f2db628cf2b39b,2023-02-09,Beef,"Brisket, deckle-off, bnls (120  1)",Choice Cuts,,,,Choice,,,,,248.0,300.0,,,272.93,$/cwt,2.7293,per lb,National,wholesale,,,,,,250979.0,lb,,2453,National Daily Boxed Beef Cutout & Boxed Beef Cuts - Negotiated Sales - PM (PDF) (LM_XB403),2026-09-26T14:04:07+00:00
352204c0cc406ae8,2023-02-09,Beef,"Brisket, deckle-off, bnls (120  1)",Select Cuts,,,,Select,,,,,255.0,285.0,,,267.32,$/cwt,2.6732,per lb,National,wholesale,,,,,,20210.0,lb,,2453,National Daily Boxed Beef Cutout & Boxed Beef Cuts - Negotiated Sales - PM (PDF) (LM_XB403),2026-09-26T14:04:07+00:00
17372eb8da0c85f1,2023-02-09,Beef,"Brisket, point/off, bnls (120A  3)",Choice Cuts,,,,Choice,,,,,480.0,525.0,,,491.11,$/cwt,4.9111,per lb,National,wholesale,,,,,,14610.0,lb,,2453,National Daily Boxed Beef Cutout & Boxed Beef Cuts - Negotiated Sales - PM (PDF) (LM_XB403),2026-09-26T14:04:07+00:00
22e208afbb1fdfe1,2023-02-09,Beef,"Chuck, chuck tender (116B  1)",Choice Cuts,,,,Choice,,,,,275.59,348.0,,,284.24,$/cwt,2.8424,per lb,National,wholesale,,,,,,298766.0,lb,,2453,National Daily Boxed Beef Cutout & Boxed Beef Cuts - Negotiated Sales - PM (PDF) (LM_XB403),2026-09-26T14:04:07+00:00
2d1bb45cab7c9dc5,2023-02-09,Beef,"Chuck, chuck tender (116B  1)",Select Cuts,,,,Select,,,,,278.0,353.0,,,282.0,$/cwt,2.82,per lb,National,wholesale,,,,,,38714.0,lb,,2453,National Daily Boxed Beef Cutout & Boxed Beef Cuts - Negotiated Sales - PM (PDF) (LM_XB403),2026-09-26T14:04:07+00:00
c15956050de06136,2023-02-09,Beef,"Chuck, clod tender (114F  5)",Choice Cuts,,,,Choice,,,,,432.0,525.0,,,473.7,$/cwt,4.737,per lb,National,wholesale,,,,,,22448.0,lb,,2453,National Daily Boxed Beef Cutout & Boxed Beef Cuts - Negotiated Sales - PM (PDF) (LM_XB403),2026-09-26T14:04:07+00:00
17241c083b517c6c,2023-02-09,Beef,"Chuck, clod tender (114F  5)",Select Cuts,,,,Select,,,,,411.5,425.0,,,416.92,$/cwt,4.1692,per lb,National,wholesale,,,,,,4355.0,lb,,2453,National Daily Boxed Beef Cutout & Boxed Beef Cuts - Negotiated Sales - PM (PDF) (LM_XB403),2026-09-26T14:04:07+00:00
ef781a952ba6dd48,2023-02-09,Beef,"Chuck, clod, arm roast (114E  3)",Choice Cuts,,,,Choice,,,,,321.0,445.0,,,373.19,$/cwt,3.7319,per lb,National,wholesale,,,,,,46752.0,lb,,2453,National Daily Boxed Beef Cutout & Boxed Beef Cuts - Negotiated Sales - PM (PDF) (LM_XB403),2026-09-26T14:04:07+00:00
b268c9aec9722d25,2023-02-09,Beef,"Chuck, clod, top blade (114D  3)",Choice Cuts,,,,Choice,,,,,332.25,344.0,,,338.92,$/cwt,3.3892,per lb,National,wholesale,,,,,,28250.0,lb,,2453,National Daily Boxed Beef Cutout & Boxed Beef Cuts - Negotiated Sales - PM (PDF) (LM_XB403),2026-09-26T14:04:07+00:00
42dd5dd262587e17,2023-02-09,Beef,"Chuck, flap (116G  4)",Choice Cuts,,,,Choice,,,,,479.0,648.0,,,511.38,$/cwt,5.1138,per lb,National,wholesale,,,,,,21582.0,lb,,2453,National Daily Boxed Beef Cutout & Boxed Beef Cuts - Negotiated Sales - PM (PDF) (LM_XB403),2026-09-26T14:04:07+00:00
98ce60b1d8a12fca,2023-02-09,Beef,"Chuck, flap (116G  4)",Select Cuts,,,,Select,,,,,498.0,535.0,,,522.35,$/cwt,5.2235,per lb,National,wholesale,,,,,,5764.0,lb,,2453,National Daily Boxed Beef Cutout & Boxed Beef Cuts - Negotiated Sales - PM (PDF) (LM_XB403),2026-09-26T14:04:07+00:00
d3404066bb736e5a,2023-02-09,Beef,"Chuck, roll, lxl, neck/off (116A  3)",Choice Cuts,,,,Choice,,,,,328.12,358.85,,,338.59,$/cwt,3.3859,per lb,National,wholesale,,,,,,54045.0,lb,,2453,National Daily Boxed Beef Cutout & Boxed Beef Cuts - Negotiated Sales - PM (PDF) (LM_XB403),2026-09-26T14:04:07+00:00
02945cd824067db6,2023-02-09,Beef,"Chuck, roll, lxl, neck/off (116A  3)",Select Cuts,,,,Select,,,,,302.28,338.0,,,308.44,$/cwt,3.0844,per lb,National,wholesale,,,,,,61392.0,lb,,2453,National Daily Boxed Beef Cutout & Boxed Beef Cuts - Negotiated Sales - PM (PDF) (LM_XB403),2026-09-26T14:04:07+00:00
b690be10c68d714e,2023-02-09,Beef,"Chuck, roll, retail ready (916A  3)",Choice Cuts,,,,Choice,,,,,352.0,415.0,,,363.99,$/cwt,3.6399,per lb,National,wholesale,,,,,,114143.0,lb,,2453,National Daily Boxed Beef Cutout & Boxed Beef Cuts - Negotiated Sales - PM (PDF) (LM_XB403),2026-09-26T14:04:07+00:00
89d7d5ddeb66d3cf,2023-02-09,Beef,"Chuck, semi-bnls, neck/off (113C  1)",Choice Cuts,,,,Choice,,,,,301.64,331.25,,,306.92,$/cwt,3.0692,per lb,National,wholesale,,,,,,14104.0,lb,,2453,National Daily Boxed Beef Cutout & Boxed Beef Cuts - Negotiated Sales - PM (PDF) (LM_XB403),2026-09-26T14:04:07+00:00
9cd3ed77f0aa3a25,2023-02-09,Beef,"Chuck, short rib (130  4)",Choice Cuts,,,,Choice,,,,,420.0,450.0,,,438.03,$/cwt,4.3803,per lb,National,wholesale,,,,,,44588.0,lb,,2453,National Daily Boxed Beef Cutout & Boxed Beef Cuts - Negotiated Sales - PM (PDF) (LM_XB403),2026-09-26T14:04:07+00:00
c4a800a3215215e9,2023-02-09,Beef,"Chuck, shoulder clod (114  1)",Choice Cuts,,,,Choice,,,,,255.0,277.0,,,265.19,$/cwt,2.6519,per lb,National,wholesale,,,,,,4743.0,lb,,2453,National Daily Boxed Beef Cutout & Boxed Beef Cuts - Negotiated Sales - PM (PDF) (LM_XB403),2026-09-26T14:04:07+00:00
7b1fdce60855ae10,2023-02-09,Beef,"Chuck, shoulder clod (114  1)",Select Cuts,,,,Select,,,,,251.13,260.89,,,258.21,$/cwt,2.5821,per lb,National,wholesale,,,,,,21934.0,lb,,2453,National Daily Boxed Beef Cutout & Boxed Beef Cuts - Negotiated Sales - PM (PDF) (LM_XB403),2026-09-26T14:04:07+00:00
e15df49b98e77fc4,2023-02-09,Beef,"Chuck, shoulder clod, trmd (114A  3)",Choice Cuts,,,,Choice,,,,,271.0,288.0,,,277.5,$/cwt,2.775,per lb,National,wholesale,,,,,,35843.0,lb,,2453,National Daily Boxed Beef Cutout & Boxed Beef Cuts - Negotiated Sales - PM (PDF) (LM_XB403),2026-09-26T14:04:07+00:00
aea2d5adfaf1b119,2023-02-09,Beef,"Chuck, shoulder clod, trmd (114A  3)",Select Cuts,,,,Select,,,,,254.0,305.0,,,257.89,$/cwt,2.5789,per lb,National,wholesale,,,,,,26331.0,lb,,2453,National Daily Boxed Beef Cutout & Boxed Beef Cuts - Negotiated Sales - PM (PDF) (LM_XB403),2026-09-26T14:04:07+00:00
0250be87f7138c75,2023-02-09,Beef,Cutout 600-900 lb,,,,,Choice,,,,,,,,,269.29,$/cwt,2.6929,per lb,National,wholesale,,,,,,,,,2453,National Daily Boxed Beef Cutout & Boxed Beef Cuts - Negotiated Sales - PM (PDF) (LM_XB403),2026-09-26T14:04:07+00:00
b36e66320a57ab7a,2023-02-09,Beef,Cutout 600-900 lb,,,,,Select,,,,,,,,,254.01,$/cwt,2.5401,per lb,National,wholesale,,,,,,,,,2453,National Daily Boxed Beef Cutout & Boxed Beef Cuts - Negotiated Sales - PM (PDF) (LM_XB403),2026-09-26T14:04:07+00:00
09bd87367cfbba93,2023-02-09,Beef,"Flank, flank steak (193  4)",Choice Cuts,,,,Choice,,,,,532.32,635.0,,,542.92,$/cwt,5.4292,per lb,National,wholesale,,,,,,56013.0,lb,,2453,National Daily Boxed Beef Cutout & Boxed Beef Cuts - Negotiated Sales - PM (PDF) (LM_XB403),2026-09-26T14:04:07+00:00
9fee00ef9e23a5e5,2023-02-09,Beef,"Flank, flank steak (193  4)",Select Cuts,,,,Select,,,,,545.0,615.0,,,584.7,$/cwt,5.847,per lb,National,wholesale,,,,,,5513.0,lb,,2453,National Daily Boxed Beef Cutout & Boxed Beef Cuts - Negotiated Sales - PM (PDF) (LM_XB403),2026-09-26T14:04:07+00:00
13084ac52938ebde,2023-02-09,Beef,Ground Beef 73%,Ground Beef,,,,,,,,,164.0,239.25,,,179.98,$/cwt,1.7998,per lb,National,wholesale,,,,,,126012.0,lb,,2453,National Daily Boxed Beef Cutout & Boxed Beef Cuts - Negotiated Sales - PM (PDF) (LM_XB403),2026-09-26T14:04:07+00:00
aa232741d0d24f84,2023-02-09,Beef,Ground Beef 75%,Ground Beef,,,,,,,,,198.0,250.5,,,208.84,$/cwt,2.0884,per lb,National,wholesale,,,,,,58619.0,lb,,2453,National Daily Boxed Beef Cutout & Boxed Beef Cuts - Negotiated Sales - PM (PDF) (LM_XB403),2026-09-26T14:04:07+00:00
b8d729861fb6b891,2023-02-09,Beef,Ground Beef 81%,Ground Beef,,,,,,,,,220.75,279.25,,,237.3,$/cwt,2.373,per lb,National,wholesale,,,,,,110694.0,lb,,2453,National Daily Boxed Beef Cutout & Boxed Beef Cuts - Negotiated Sales - PM (PDF) (LM_XB403),2026-09-26T14:04:07+00:00
f172b0ddbac287cf,2023-02-09,Beef,Ground Beef 85%,Ground Beef,,,,,,,,,269.0,287.0,,,276.57,$/cwt,2.7657,per lb,National,wholesale,,,,,,85343.0,lb,,2453,National Daily Boxed Beef Cutout & Boxed Beef Cuts - Negotiated Sales - PM (PDF) (LM_XB403),2026-09-26T14:04:07+00:00
b54760e0eaf4d701,2023-02-09,Beef,Ground Beef Chuck,Ground Beef,,,,,,,,,225.0,306.44,,,228.66,$/cwt,2.2866,per lb,National,wholesale,,,,,,83968.0,lb,,2453,National Daily Boxed Beef Cutout & Boxed Beef Cuts - Negotiated Sales - PM (PDF) (LM_XB403),2026-09-26T14:04:07+00:00
3fbe29dd329e99d3,2023-02-09,Beef,"Loin, ball-tip, bnls, heavy (185B  1)",Choice Cuts,,,,Choice,,,,,290.0,300.25,,,295.23,$/cwt,2.9523,per lb,National,wholesale,,,,,,6495.0,lb,,2453,National Daily Boxed Beef Cutout & Boxed Beef Cuts - Negotiated Sales - PM (PDF) (LM_XB403),2026-09-26T14:04:07+00:00
c5c8975ff39fcba9,2023-02-09,Beef,"Loin, ball-tip, bnls, heavy (185B  1)",Select Cuts,,,,Select,,,,,283.0,295.0,,,292.02,$/cwt,2.9202,per lb,National,wholesale,,,,,,19257.0,lb,,2453,National Daily Boxed Beef Cutout & Boxed Beef Cuts - Negotiated Sales - PM (PDF) (LM_XB403),2026-09-26T14:04:07+00:00
d9043cd1109e7a3d,2023-02-09,Beef,"Loin, bottom sirloin, flap (185A  4)",Choice Cuts,,,,Choice,,,,,649.0,709.94,,,668.36,$/cwt,6.6836,per lb,National,wholesale,,,,,,15073.0,lb,,2453,National Daily Boxed Beef Cutout & Boxed Beef Cuts - Negotiated Sales - PM (PDF) (LM_XB403),2026-09-26T14:04:07+00:00
78db0c84f39c86ce,2023-02-09,Beef,"Loin, bottom sirloin, flap (185A  4)",Select Cuts,,,,Select,,,,,635.0,655.0,,,644.53,$/cwt,6.4453,per lb,National,wholesale,,,,,,1741.0,lb,,2453,National Daily Boxed Beef Cutout & Boxed Beef Cuts - Negotiated Sales - PM (PDF) (LM_XB403),2026-09-26T14:04:07+00:00
4a444b43f7741075,2023-02-09,Beef,"Loin, butt tender, trimmed (191A  4)",Choice Cuts,,,,Choice,,,,,1191.0,1279.0,,,1207.8,$/cwt,12.078,per lb,National,wholesale,,,,,,34327.0,lb,,2453,National Daily Boxed Beef Cutout & Boxed Beef Cuts - Negotiated Sales - PM (PDF) (LM_XB403),2026-09-26T14:04:07+00:00
f2a8dca80f55dc40,2023-02-09,Beef,"Loin, short loin, 0x1 (174  3)",Choice Cuts,,,,Choice,,,,,701.87,800.25,,,735.34,$/cwt,7.3534,per lb,National,wholesale,,,,,,46705.0,lb,,2453,National Daily Boxed Beef Cutout & Boxed Beef Cuts - Negotiated Sales - PM (PDF) (LM_XB403),2026-09-26T14:04:07+00:00
c3fb56939df10775,2023-02-09,Beef,"Loin, short loin, 0x1 (174  3)",Select Cuts,,,,Select,,,,,651.0,680.0,,,671.49,$/cwt,6.7149,per lb,National,wholesale,,,,,,5074.0,lb,,2453,National Daily Boxed Beef Cutout & Boxed Beef Cuts - Negotiated Sales - PM (PDF) (LM_XB403),2026-09-26T14:04:07+00:00
66fbd8f4186b786e,2023-02-09,Beef,"Loin, sirloin, tri-tip (185C  1)",Choice Cuts,,,,Choice,,,,,320.0,364.0,,,340.77,$/cwt,3.4077,per lb,National,wholesale,,,,,,45837.0,lb,,2453,National Daily Boxed Beef Cutout & Boxed Beef Cuts - Negotiated Sales - PM (PDF) (LM_XB403),2026-09-26T14:04:07+00:00
5b4a2c0525a17e46,2023-02-09,Beef,"Loin, sirloin, tri-tip (185C  1)",Select Cuts,,,,Select,,,,,300.0,311.0,,,301.75,$/cwt,3.0175,per lb,National,wholesale,,,,,,3441.0,lb,,2453,National Daily Boxed Beef Cutout & Boxed Beef Cuts - Negotiated Sales - PM (PDF) (LM_XB403),2026-09-26T14:04:07+00:00
e58e44f624d9e565,2023-02-09,Beef,"Loin, sirloin, tri-tip, pld (185D  4)",Choice Cuts,,,,Choice,,,,,484.04,516.25,,,491.32,$/cwt,4.9132,per lb,National,wholesale,,,,,,21685.0,lb,,2453,National Daily Boxed Beef Cutout & Boxed Beef Cuts - Negotiated Sales - PM (PDF) (LM_XB403),2026-09-26T14:04:07+00:00
a7935e7e2435631f,2023-02-09,Beef,"Loin, strip loin, 1x1 (175  3)",Choice Cuts,,,,Choice,,,,,715.7,770.0,,,745.77,$/cwt,7.4577,per lb,National,wholesale,,,,,,5515.0,lb,,2453,National Daily Boxed Beef Cutout & Boxed Beef Cuts - Negotiated Sales - PM (PDF) (LM_XB403),2026-09-26T14:04:07+00:00
78d95f0e9bc1b8b6,2023-02-09,Beef,"Loin, strip, bnls, 0x1 (180  3)",Choice Cuts,,,,Choice,,,,,806.33,865.0,,,819.43,$/cwt,8.1943,per lb,National,wholesale,,,,,,150096.0,lb,,2453,National Daily Boxed Beef Cutout & Boxed Beef Cuts - Negotiated Sales - PM (PDF) (LM_XB403),2026-09-26T14:04:07+00:00
ce9f8fb49f5d6d6a,2023-02-09,Beef,"Loin, strip, bnls, 0x1 (180  3)",Select Cuts,,,,Select,,,,,650.0,665.0,,,654.88,$/cwt,6.5488,per lb,National,wholesale,,,,,,2994.0,lb,,2453,National Daily Boxed Beef Cutout & Boxed Beef Cuts - Negotiated Sales - PM (PDF) (LM_XB403),2026-09-26T14:04:07+00:00
f79e299bbc735c6c,2023-02-09,Beef,"Loin, tndrloin, trmd, heavy (189A  4)",Choice Cuts,,,,Choice,,,,,1385.0,1684.94,,,1434.33,$/cwt,14.3433,per lb,National,wholesale,,,,,,151190.0,lb,,2453,National Daily Boxed Beef Cutout & Boxed Beef Cuts - Negotiated Sales - PM (PDF) (LM_XB403),2026-09-26T14:04:07+00:00
d16d80f458bbc7ab,2023-02-09,Beef,"Loin, tndrloin, trmd, heavy (189A  4)",Select Cuts,,,,Select,,,,,1375.0,1469.5,,,1432.77,$/cwt,14.3277,per lb,National,wholesale,,,,,,5242.0,lb,,2453,National Daily Boxed Beef Cutout & Boxed Beef Cuts - Negotiated Sales - PM (PDF) (LM_XB403),2026-09-26T14:04:07+00:00
33b005a5ad8ebdd7,2023-02-09,Beef,"Loin, top butt, CC (184B  3)",Choice Cuts,,,,Choice,,,,,510.46,624.0,,,530.49,$/cwt,5.3049,per lb,National,wholesale,,,,,,18305.0,lb,,2453,National Daily Boxed Beef Cutout & Boxed Beef Cuts - Negotiated Sales - PM (PDF) (LM_XB403),2026-09-26T14:04:07+00:00
a51510ad2566251e,2023-02-09,Beef,"Loin, top butt, boneless (184  3)",Choice Cuts,,,,Choice,,,,,379.0,401.0,,,389.77,$/cwt,3.8977,per lb,National,wholesale,,,,,,131979.0,lb,,2453,National Daily Boxed Beef Cutout & Boxed Beef Cuts - Negotiated Sales - PM (PDF) (LM_XB403),2026-09-26T14:04:07+00:00
0cbe4ab0e58225bf,2023-02-09,Beef,"Loin, top butt, boneless (184  3)",Select Cuts,,,,Select,,,,,369.7,395.0,,,378.6,$/cwt,3.786,per lb,National,wholesale,,,,,,29979.0,lb,,2453,National Daily Boxed Beef Cutout & Boxed Beef Cuts - Negotiated Sales - PM (PDF) (LM_XB403),2026-09-26T14:04:07+00:00
13dd9ddb11000d46,2023-02-09,Beef,"Rib, ribeye, bnls, heavy (112A  3)",Choice Cuts,,,,Choice,,,,,945.0,1019.94,,,982.99,$/cwt,9.8299,per lb,National,wholesale,,,,,,50651.0,lb,,2453,National Daily Boxed Beef Cutout & Boxed Beef Cuts - Negotiated Sales - PM (PDF) (LM_XB403),2026-09-26T14:04:07+00:00
4178ef5e062f8762,2023-02-09,Beef,"Rib, ribeye, bnls, heavy (112A  3)",Select Cuts,,,,Select,,,,,800.0,863.6,,,812.58,$/cwt,8.1258,per lb,National,wholesale,,,,,,29523.0,lb,,2453,National Daily Boxed Beef Cutout & Boxed Beef Cuts - Negotiated Sales - PM (PDF) (LM_XB403),2026-09-26T14:04:07+00:00
b2e06a340801917c,2023-02-09,Beef,"Rib, ribeye, bnls, light (112A  3)",Choice Cuts,,,,Choice,,,,,965.0,1054.0,,,1041.65,$/cwt,10.4165,per lb,National,wholesale,,,,,,22812.0,lb,,2453,National Daily Boxed Beef Cutout & Boxed Beef Cuts - Negotiated Sales - PM (PDF) (LM_XB403),2026-09-26T14:04:07+00:00
51558f9935aec3bc,2023-02-09,Beef,"Rib, ribeye, bnls, light (112A  3)",Select Cuts,,,,Select,,,,,805.0,851.5,,,825.96,$/cwt,8.2596,per lb,National,wholesale,,,,,,14304.0,lb,,2453,National Daily Boxed Beef Cutout & Boxed Beef Cuts - Negotiated Sales - PM (PDF) (LM_XB403),2026-09-26T14:04:07+00:00
fe6447b0a0acf7ae,2023-02-09,Beef,"Rib, ribeye, lip-on, bn-in (109E  1)",Choice Cuts,,,,Choice,,,,,814.0,995.25,,,841.37,$/cwt,8.4137,per lb,National,wholesale,,,,,,187559.0,lb,,2453,National Daily Boxed Beef Cutout & Boxed Beef Cuts - Negotiated Sales - PM (PDF) (LM_XB403),2026-09-26T14:04:07+00:00
88a6877179239a49,2023-02-09,Beef,"Rib, ribeye, lip-on, bn-in (109E  1)",Select Cuts,,,,Select,,,,,695.0,750.0,,,738.77,$/cwt,7.3877,per lb,National,wholesale,,,,,,25413.0,lb,,2453,National Daily Boxed Beef Cutout & Boxed Beef Cuts - Negotiated Sales - PM (PDF) (LM_XB403),2026-09-26T14:04:07+00:00
8ee757c2e57dad45,2023-02-09,Beef,"Round, bottom gooseneck (170  1)",Choice Cuts,,,,Choice,,,,,260.0,281.25,,,272.81,$/cwt,2.7281,per lb,National,wholesale,,,,,,2946.0,lb,,2453,National Daily Boxed Beef Cutout & Boxed Beef Cuts - Negotiated Sales - PM (PDF) (LM_XB403),2026-09-26T14:04:07+00:00
7f2ae1b654361973,2023-02-09,Beef,"Round, eye of round (171C  3)",Choice Cuts,,,,Choice,,,,,280.45,313.5,,,295.23,$/cwt,2.9523,per lb,National,wholesale,,,,,,142477.0,lb,,2453,National Daily Boxed Beef Cutout & Boxed Beef Cuts - Negotiated Sales - PM (PDF) (LM_XB403),2026-09-26T14:04:07+00:00
284021eced8de98d,2023-02-09,Beef,"Round, eye of round (171C  3)",Select Cuts,,,,Select,,,,,284.27,309.89,,,293.96,$/cwt,2.9396,per lb,National,wholesale,,,,,,6930.0,lb,,2453,National Daily Boxed Beef Cutout & Boxed Beef Cuts - Negotiated Sales - PM (PDF) (LM_XB403),2026-09-26T14:04:07+00:00
176f03b1f6edb2b5,2023-02-09,Beef,"Round, knuckle, peeled (167A  4)",Choice Cuts,,,,Choice,,,,,289.0,341.25,,,297.7,$/cwt,2.977,per lb,National,wholesale,,,,,,143512.0,lb,,2453,National Daily Boxed Beef Cutout & Boxed Beef Cuts - Negotiated Sales - PM (PDF) (LM_XB403),2026-09-26T14:04:07+00:00
5f203f2ea8438f66,2023-02-09,Beef,"Round, knuckle, peeled (167A  4)",Select Cuts,,,,Select,,,,,285.0,329.5,,,291.22,$/cwt,2.9122,per lb,National,wholesale,,,,,,20387.0,lb,,2453,National Daily Boxed Beef Cutout & Boxed Beef Cuts - Negotiated Sales - PM (PDF) (LM_XB403),2026-09-26T14:04:07+00:00
c0a30481744783c9,2023-02-09,Beef,"Round, outside round (171B  3)",Choice Cuts,,,,Choice,,,,,265.0,297.0,,,280.31,$/cwt,2.8031,per lb,National,wholesale,,,,,,82102.0,lb,,2453,National Daily Boxed Beef Cutout & Boxed Beef Cuts - Negotiated Sales - PM (PDF) (LM_XB403),2026-09-26T14:04:07+00:00
e550c42111c95231,2023-02-09,Beef,"Round, outside round (171B  3)",Select Cuts,,,,Select,,,,,265.29,289.0,,,275.23,$/cwt,2.7523,per lb,National,wholesale,,,,,,4937.0,lb,,2453,National Daily Boxed Beef Cutout & Boxed Beef Cuts - Negotiated Sales - PM (PDF) (LM_XB403),2026-09-26T14:04:07+00:00
255afd9626d488bd,2023-02-09,Beef,"Round, top inside round (168  1)",Choice Cuts,,,,Choice,,,,,260.0,313.0,,,270.2,$/cwt,2.702,per lb,National,wholesale,,,,,,49732.0,lb,,2453,National Daily Boxed Beef Cutout & Boxed Beef Cuts - Negotiated Sales - PM (PDF) (LM_XB403),2026-09-26T14:04:07+00:00
2e7c5a4185b8b9c5,2023-02-09,Beef,"Round, top inside round (168  1)",Select Cuts,,,,Select,,,,,250.29,275.0,,,261.39,$/cwt,2.6139,per lb,National,wholesale,,,,,,13383.0,lb,,2453,National Daily Boxed Beef Cutout & Boxed Beef Cuts - Negotiated Sales - PM (PDF) (LM_XB403),2026-09-26T14:04:07+00:00
679c67875307dcdd,2023-02-09,Beef,"Round, top inside round (168  3)",Choice Cuts,,,,Choice,,,,,249.0,280.0,,,266.22,$/cwt,2.6622,per lb,National,wholesale,,,,,,241734.0,lb,,2453,National Daily Boxed Beef Cutout & Boxed Beef Cuts - Negotiated Sales - PM (PDF) (LM_XB403),2026-09-26T14:04:07+00:00
236b32addca03900,2023-02-09,Beef,"Round, top inside round (168  3)",Select Cuts,,,,Select,,,,,255.29,275.0,,,265.48,$/cwt,2.6548,per lb,National,wholesale,,,,,,58153.0,lb,,2453,National Daily Boxed Beef Cutout & Boxed Beef Cuts - Negotiated Sales - PM (PDF) (LM_XB403),2026-09-26T14:04:07+00:00
bde9f3ea3430fe1c,2023-02-09,Beef,"Round, top inside, cap off (169A  5)",Choice Cuts,,,,Choice,,,,,362.0,453.0,,,373.43,$/cwt,3.7343,per lb,National,wholesale,,,,,,23301.0,lb,,2453,National Daily Boxed Beef Cutout & Boxed Beef Cuts - Negotiated Sales - PM (PDF) (LM_XB403),2026-09-26T14:04:07+00:00
ce834db4de45b1b6,2023-02-09,Beef,"Round, top inside, denuded (169  5)",Choice Cuts,,,,Choice,,,,,297.0,354.0,,,301.28,$/cwt,3.0128,per lb,National,wholesale,,,,,,88332.0,lb,,2453,National Daily Boxed Beef Cutout & Boxed Beef Cuts - Negotiated Sales - PM (PDF) (LM_XB403),2026-09-26T14:04:07+00:00
9d6f234e5b11391a,2023-02-09,Beef,"Round, top inside, denuded (169  5)",Select Cuts,,,,Select,,,,,280.4,333.85,,,294.36,$/cwt,2.9436,per lb,National,wholesale,,,,,,11788.0,lb,,2453,National Daily Boxed Beef Cutout & Boxed Beef Cuts - Negotiated Sales - PM (PDF) (LM_XB403),2026-09-26T14:04:07+00:00
6961d15d42f5a015,2023-02-09,Beef,"Short Plate, short rib (123A  3)",Choice Cuts,,,,Choice,,,,,395.23,608.0,,,497.84,$/cwt,4.9784,per lb,National,wholesale,,,,,,58480.0,lb,,2453,National Daily Boxed Beef Cutout & Boxed Beef Cuts - Negotiated Sales - PM (PDF) (LM_XB403),2026-09-26T14:04:07+00:00
d7403b146b831a69,2023-02-09,Beef,"Short Plate, short rib (123A  3)",Select Cuts,,,,Select,,,,,416.0,557.5,,,494.07,$/cwt,4.9407,per lb,National,wholesale,,,,,,8502.0,lb,,2453,National Daily Boxed Beef Cutout & Boxed Beef Cuts - Negotiated Sales - PM (PDF) (LM_XB403),2026-09-26T14:04:07+00:00
7e4d9948a905dcd2,2023-02-10,Beef,"Brisket, deckle-off, bnls (120  1)",Choice Cuts,,,,Choice,,,,,260.0,309.0,,,269.34,$/cwt,2.6934,per lb,National,wholesale,,,,,,206740.0,lb,,2453,National Daily Boxed Beef Cutout & Boxed Beef Cuts - Negotiated Sales - PM (PDF) (LM_XB403),2026-09-26T14:04:07+00:00
2f1d79812f77eb27,2023-02-10,Beef,"Brisket, deckle-off, bnls (120  1)",Select Cuts,,,,Select,,,,,255.0,275.2,,,262.91,$/cwt,2.6291,per lb,National,wholesale,,,,,,17425.0,lb,,2453,National Daily Boxed Beef Cutout & Boxed Beef Cuts - Negotiated Sales - PM (PDF) (LM_XB403),2026-09-26T14:04:07+00:00
460a675fed3c1f52,2023-02-10,Beef,"Chuck, chuck tender (116B  1)",Choice Cuts,,,,Choice,,,,,274.84,310.0,,,288.08,$/cwt,2.8808,per lb,National,wholesale,,,,,,66125.0,lb,,2453,National Daily Boxed Beef Cutout & Boxed Beef Cuts - Negotiated Sales - PM (PDF) (LM_XB403),2026-09-26T14:04:07+00:00
126c3bb08199d394,2023-02-10,Beef,"Chuck, clod tender (114F  5)",Choice Cuts,,,,Choice,,,,,456.0,500.25,,,490.37,$/cwt,4.9037,per lb,National,wholesale,,,,,,3410.0,lb,,2453,National Daily Boxed Beef Cutout & Boxed Beef Cuts - Negotiated Sales - PM (PDF) (LM_XB403),2026-09-26T14:04:07+00:00
377e3c7695563bf0,2023-02-10,Beef,"Chuck, clod tender (114F  5)",Select Cuts,,,,Select,,,,,392.0,425.0,,,395.24,$/cwt,3.9524,per lb,National,wholesale,,,,,,8333.0,lb,,2453,National Daily Boxed Beef Cutout & Boxed Beef Cuts - Negotiated Sales - PM (PDF) (LM_XB403),2026-09-26T14:04:07+00:00
48135782380dc7ec,2023-02-10,Beef,"Chuck, flap (116G  4)",Choice Cuts,,,,Choice,,,,,487.7,595.0,,,506.31,$/cwt,5.0631,per lb,National,wholesale,,,,,,38400.0,lb,,2453,National Daily Boxed Beef Cutout & Boxed Beef Cuts - Negotiated Sales - PM (PDF) (LM_XB403),2026-09-26T14:04:07+00:00
e424bb1114276d26,2023-02-10,Beef,"Chuck, flap (116G  4)",Select Cuts,,,,Select,,,,,489.47,535.0,,,507.5,$/cwt,5.075,per lb,National,wholesale,,,,,,20295.0,lb,,2453,National Daily Boxed Beef Cutout & Boxed Beef Cuts - Negotiated Sales - PM (PDF) (LM_XB403),2026-09-26T14:04:07+00:00
691bec4ac0e005bf,2023-02-10,Beef,"Chuck, roll, lxl, neck/off (116A  3)",Choice Cuts,,,,Choice,,,,,324.35,363.25,,,338.67,$/cwt,3.3867,per lb,National,wholesale,,,,,,281898.0,lb,,2453,National Daily Boxed Beef Cutout & Boxed Beef Cuts - Negotiated Sales - PM (PDF) (LM_XB403),2026-09-26T14:04:07+00:00
7c9e9dc07b8cf8ee,2023-02-10,Beef,"Chuck, roll, lxl, neck/off (116A  3)",Select Cuts,,,,Select,,,,,299.0,336.0,,,309.44,$/cwt,3.0944,per lb,National,wholesale,,,,,,56249.0,lb,,2453,National Daily Boxed Beef Cutout & Boxed Beef Cuts - Negotiated Sales - PM (PDF) (LM_XB403),2026-09-26T14:04:07+00:00
d4a9a033dac723e5,2023-02-10,Beef,"Chuck, short rib (130  4)",Choice Cuts,,,,Choice,,,,,405.0,455.0,,,447.08,$/cwt,4.4708,per lb,National,wholesale,,,,,,22570.0,lb,,2453,National Daily Boxed Beef Cutout & Boxed Beef Cuts - Negotiated Sales - PM (PDF) (LM_XB403),2026-09-26T14:04:07+00:00
878182473e0f3428,2023-02-10,Beef,"Chuck, shoulder clod (114  1)",Choice Cuts,,,,Choice,,,,,260.0,270.0,,,266.25,$/cwt,2.6625,per lb,National,wholesale,,,,,,7853.0,lb,,2453,National Daily Boxed Beef Cutout & Boxed Beef Cuts - Negotiated Sales - PM (PDF) (LM_XB403),2026-09-26T14:04:07+00:00
967899560d0691e0,2023-02-10,Beef,"Chuck, shoulder clod, trmd (114A  3)",Choice Cuts,,,,Choice,,,,,267.4,288.0,,,275.58,$/cwt,2.7558,per lb,National,wholesale,,,,,,96379.0,lb,,2453,National Daily Boxed Beef Cutout & Boxed Beef Cuts - Negotiated Sales - PM (PDF) (LM_XB403),2026-09-26T14:04:07+00:00
ac73ffbc6b1d1749,2023-02-10,Beef,"Chuck, shoulder clod, trmd (114A  3)",Select Cuts,,,,Select,,,,,261.0,276.0,,,271.74,$/cwt,2.7174,per lb,National,wholesale,,,,,,16596.0,lb,,2453,National Daily Boxed Beef Cutout & Boxed Beef Cuts - Negotiated Sales - PM (PDF) (LM_XB403),2026-09-26T14:04:07+00:00
05ee6a3cee637107,2023-02-10,Beef,Cutout 600-900 lb,,,,,Choice,,,,,,,,,269.66,$/cwt,2.6966,per lb,National,wholesale,,,,,,,,,2453,National Daily Boxed Beef Cutout & Boxed Beef Cuts - Negotiated Sales - PM (PDF) (LM_XB403),2026-09-26T14:04:07+00:00
2715b2be28bd0232,2023-02-10,Beef,Cutout 600-900 lb,,,,,Select,,,,,,,,,254.29,$/cwt,2.5429,per lb,National,wholesale,,,,,,,,,2453,National Daily Boxed Beef Cutout & Boxed Beef Cuts - Negotiated Sales - PM (PDF) (LM_XB403),2026-09-26T14:04:07+00:00
d2e4bc03231f0a07,2023-02-10,Beef,"Flank, flank steak (193  4)",Choice Cuts,,,,Choice,,,,,537.22,619.0,,,559.36,$/cwt,5.5936,per lb,National,wholesale,,,,,,26446.0,lb,,2453,National Daily Boxed Beef Cutout & Boxed Beef Cuts - Negotiated Sales - PM (PDF) (LM_XB403),2026-09-26T14:04:07+00:00
d14967795aced47a,2023-02-10,Beef,Ground Beef 73%,Ground Beef,,,,,,,,,150.0,201.23,,,164.7,$/cwt,1.647,per lb,National,wholesale,,,,,,321058.0,lb,,2453,National Daily Boxed Beef Cutout & Boxed Beef Cuts - Negotiated Sales - PM (PDF) (LM_XB403),2026-09-26T14:04:07+00:00
1fde171f73af1024,2023-02-10,Beef,Ground Beef 81%,Ground Beef,,,,,,,,,184.0,255.9,,,192.32,$/cwt,1.9232,per lb,National,wholesale,,,,,,979192.0,lb,,2453,National Daily Boxed Beef Cutout & Boxed Beef Cuts - Negotiated Sales - PM (PDF) (LM_XB403),2026-09-26T14:04:07+00:00
8ac4385f9c7004c9,2023-02-10,Beef,Ground Beef 85%,Ground Beef,,,,,,,,,266.0,301.23,,,272.92,$/cwt,2.7292,per lb,National,wholesale,,,,,,33186.0,lb,,2453,National Daily Boxed Beef Cutout & Boxed Beef Cuts - Negotiated Sales - PM (PDF) (LM_XB403),2026-09-26T14:04:07+00:00
e12729cf1f492ce6,2023-02-10,Beef,Ground Beef 93%,Ground Beef,,,,,,,,,360.0,378.5,,,362.46,$/cwt,3.6246,per lb,National,wholesale,,,,,,17742.0,lb,,2453,National Daily Boxed Beef Cutout & Boxed Beef Cuts - Negotiated Sales - PM (PDF) (LM_XB403),2026-09-26T14:04:07+00:00
8e0cd881ac043613,2023-02-10,Beef,Ground Beef Chuck,Ground Beef,,,,,,,,,233.0,280.0,,,265.66,$/cwt,2.6566,per lb,National,wholesale,,,,,,61951.0,lb,,2453,National Daily Boxed Beef Cutout & Boxed Beef Cuts - Negotiated Sales - PM (PDF) (LM_XB403),2026-09-26T14:04:07+00:00
9e2e06e0c022b69c,2023-02-10,Beef,"Loin, ball-tip, bnls, heavy (185B  1)",Choice Cuts,,,,Choice,,,,,285.0,328.5,,,293.88,$/cwt,2.9388,per lb,National,wholesale,,,,,,5543.0,lb,,2453,National Daily Boxed Beef Cutout & Boxed Beef Cuts - Negotiated Sales - PM (PDF) (LM_XB403),2026-09-26T14:04:07+00:00
b58ae7f1c23067f2,2023-02-10,Beef,"Loin, ball-tip, bnls, heavy (185B  1)",Select Cuts,,,,Select,,,,,288.92,295.2,,,294.82,$/cwt,2.9482,per lb,National,wholesale,,,,,,2511.0,lb,,2453,National Daily Boxed Beef Cutout & Boxed Beef Cuts - Negotiated Sales - PM (PDF) (LM_XB403),2026-09-26T14:04:07+00:00
c283cefc810e042a,2023-02-10,Beef,"Loin, bottom sirloin, flap (185A  4)",Choice Cuts,,,,Choice,,,,,650.59,739.89,,,658.89,$/cwt,6.5889,per lb,National,wholesale,,,,,,84513.0,lb,,2453,National Daily Boxed Beef Cutout & Boxed Beef Cuts - Negotiated Sales - PM (PDF) (LM_XB403),2026-09-26T14:04:07+00:00
adb911c2cda9c13a,2023-02-10,Beef,"Loin, bottom sirloin, flap (185A  4)",Select Cuts,,,,Select,,,,,650.0,666.0,,,658.81,$/cwt,6.5881,per lb,National,wholesale,,,,,,3080.0,lb,,2453,National Daily Boxed Beef Cutout & Boxed Beef Cuts - Negotiated Sales - PM (PDF) (LM_XB403),2026-09-26T14:04:07+00:00
3ab82bcd5c4dd9cb,2023-02-10,Beef,"Loin, short loin, 0x1 (174  3)",Choice Cuts,,,,Choice,,,,,700.59,805.9,,,716.57,$/cwt,7.1657,per lb,National,wholesale,,,,,,17697.0,lb,,2453,National Daily Boxed Beef Cutout & Boxed Beef Cuts - Negotiated Sales - PM (PDF) (LM_XB403),2026-09-26T14:04:07+00:00
66f37fa730f5b519,2023-02-10,Beef,"Loin, short loin, 0x1 (174  3)",Select Cuts,,,,Select,,,,,647.22,678.0,,,648.14,$/cwt,6.4814,per lb,National,wholesale,,,,,,6800.0,lb,,2453,National Daily Boxed Beef Cutout & Boxed Beef Cuts - Negotiated Sales - PM (PDF) (LM_XB403),2026-09-26T14:04:07+00:00
89a2e8d6702b4e35,2023-02-10,Beef,"Loin, sirloin, tri-tip (185C  1)",Choice Cuts,,,,Choice,,,,,335.25,356.0,,,336.28,$/cwt,3.3628,per lb,National,wholesale,,,,,,10373.0,lb,,2453,National Daily Boxed Beef Cutout & Boxed Beef Cuts - Negotiated Sales - PM (PDF) (LM_XB403),2026-09-26T14:04:07+00:00
f5e75941b6c6bb65,2023-02-10,Beef,"Loin, sirloin, tri-tip (185C  1)",Select Cuts,,,,Select,,,,,285.0,298.92,,,297.63,$/cwt,2.9763,per lb,National,wholesale,,,,,,10438.0,lb,,2453,National Daily Boxed Beef Cutout & Boxed Beef Cuts - Negotiated Sales - PM (PDF) (LM_XB403),2026-09-26T14:04:07+00:00
1e30a02550e40f70,2023-02-10,Beef,"Loin, sirloin, tri-tip, pld (185D  4)",Choice Cuts,,,,Choice,,,,,490.0,519.0,,,500.69,$/cwt,5.0069,per lb,National,wholesale,,,,,,1359.0,lb,,2453,National Daily Boxed Beef Cutout & Boxed Beef Cuts - Negotiated Sales - PM (PDF) (LM_XB403),2026-09-26T14:04:07+00:00
9dc2558715c2213e,2023-02-10,Beef,"Loin, strip, bnls, 0x1 (180  3)",Choice Cuts,,,,Choice,,,,,800.0,848.25,,,829.19,$/cwt,8.2919,per lb,National,wholesale,,,,,,48183.0,lb,,2453,National Daily Boxed Beef Cutout & Boxed Beef Cuts - Negotiated Sales - PM (PDF) (LM_XB403),2026-09-26T14:04:07+00:00
1d460aad176ac303,2023-02-10,Beef,"Loin, strip, bnls, 0x1 (180  3)",Select Cuts,,,,Select,,,,,645.0,660.0,,,651.92,$/cwt,6.5192,per lb,National,wholesale,,,,,,4496.0,lb,,2453,National Daily Boxed Beef Cutout & Boxed Beef Cuts - Negotiated Sales - PM (PDF) (LM_XB403),2026-09-26T14:04:07+00:00
838ba00bb7f4ad0c,2023-02-10,Beef,"Loin, tndrloin, trmd, heavy (189A  4)",Choice Cuts,,,,Choice,,,,,1380.0,1496.15,,,1397.35,$/cwt,13.9735,per lb,National,wholesale,,,,,,85509.0,lb,,2453,National Daily Boxed Beef Cutout & Boxed Beef Cuts - Negotiated Sales - PM (PDF) (LM_XB403),2026-09-26T14:04:07+00:00
d366188cf85165e1,2023-02-10,Beef,"Loin, tndrloin, trmd, heavy (189A  4)",Select Cuts,,,,Select,,,,,1400.0,1480.9,,,1426.01,$/cwt,14.2601,per lb,National,wholesale,,,,,,3472.0,lb,,2453,National Daily Boxed Beef Cutout & Boxed Beef Cuts - Negotiated Sales - PM (PDF) (LM_XB403),2026-09-26T14:04:07+00:00
6603782ca48e541d,2023-02-10,Beef,"Loin, top butt, boneless (184  3)",Choice Cuts,,,,Choice,,,,,377.0,413.25,,,388.38,$/cwt,3.8838,per lb,National,wholesale,,,,,,177399.0,lb,,2453,National Daily Boxed Beef Cutout & Boxed Beef Cuts - Negotiated Sales - PM (PDF) (LM_XB403),2026-09-26T14:04:07+00:00
6b3ad678ffa01dbc,2023-02-10,Beef,"Rib, ribeye, bnls, heavy (112A  3)",Choice Cuts,,,,Choice,,,,,950.0,1061.15,,,981.48,$/cwt,9.8148,per lb,National,wholesale,,,,,,28950.0,lb,,2453,National Daily Boxed Beef Cutout & Boxed Beef Cuts - Negotiated Sales - PM (PDF) (LM_XB403),2026-09-26T14:04:07+00:00
62d2af8b0fa137fb,2023-02-10,Beef,"Rib, ribeye, bnls, heavy (112A  3)",Select Cuts,,,,Select,,,,,824.04,838.75,,,831.08,$/cwt,8.3108,per lb,National,wholesale,,,,,,1400.0,lb,,2453,National Daily Boxed Beef Cutout & Boxed Beef Cuts - Negotiated Sales - PM (PDF) (LM_XB403),2026-09-26T14:04:07+00:00
66e0e4d9ad06f9f4,2023-02-10,Beef,"Rib, ribeye, bnls, light (112A  3)",Choice Cuts,,,,Choice,,,,,949.76,1045.25,,,979.57,$/cwt,9.7957,per lb,National,wholesale,,,,,,110310.0,lb,,2453,National Daily Boxed Beef Cutout & Boxed Beef Cuts - Negotiated Sales - PM (PDF) (LM_XB403),2026-09-26T14:04:07+00:00
f59f4b11fa177224,2023-02-10,Beef,"Rib, ribeye, bnls, light (112A  3)",Select Cuts,,,,Select,,,,,786.58,852.3,,,817.48,$/cwt,8.1748,per lb,National,wholesale,,,,,,6058.0,lb,,2453,National Daily Boxed Beef Cutout & Boxed Beef Cuts - Negotiated Sales - PM (PDF) (LM_XB403),2026-09-26T14:04:07+00:00
2c50c06066e0ec6b,2023-02-10,Beef,"Rib, ribeye, lip-on, bn-in (109E  1)",Choice Cuts,,,,Choice,,,,,828.0,941.0,,,890.09,$/cwt,8.9009,per lb,National,wholesale,,,,,,36361.0,lb,,2453,National Daily Boxed Beef Cutout & Boxed Beef Cuts - Negotiated Sales - PM (PDF) (LM_XB403),2026-09-26T14:04:07+00:00
845b1705a36413a7,2023-02-10,Beef,"Rib, ribeye, lip-on, bn-in (109E  1)",Select Cuts,,,,Select,,,,,685.0,789.0,,,692.23,$/cwt,6.9223,per lb,National,wholesale,,,,,,13225.0,lb,,2453,National Daily Boxed Beef Cutout & Boxed Beef Cuts - Negotiated Sales - PM (PDF) (LM_XB403),2026-09-26T14:04:07+00:00
5bd8c007caf0f701,2023-02-10,Beef,"Round, bottom gooseneck (170  1)",Choice Cuts,,,,Choice,,,,,257.0,297.0,,,275.01,$/cwt,2.7501,per lb,National,wholesale,,,,,,5022.0,lb,,2453,National Daily Boxed Beef Cutout & Boxed Beef Cuts - Negotiated Sales - PM (PDF) (LM_XB403),2026-09-26T14:04:07+00:00
b08a670c50714ebc,2023-02-10,Beef,"Round, eye of round (171C  3)",Choice Cuts,,,,Choice,,,,,280.24,316.73,,,293.41,$/cwt,2.9341,per lb,National,wholesale,,,,,,33227.0,lb,,2453,National Daily Boxed Beef Cutout & Boxed Beef Cuts - Negotiated Sales - PM (PDF) (LM_XB403),2026-09-26T14:04:07+00:00
f02a3c5595fbd23f,2023-02-10,Beef,"Round, eye of round (171C  3)",Select Cuts,,,,Select,,,,,279.0,300.2,,,290.76,$/cwt,2.9076,per lb,National,wholesale,,,,,,12725.0,lb,,2453,National Daily Boxed Beef Cutout & Boxed Beef Cuts - Negotiated Sales - PM (PDF) (LM_XB403),2026-09-26T14:04:07+00:00
f850adc99ad32572,2023-02-10,Beef,"Round, knuckle, peeled (167A  4)",Choice Cuts,,,,Choice,,,,,281.41,337.0,,,297.34,$/cwt,2.9734,per lb,National,wholesale,,,,,,51117.0,lb,,2453,National Daily Boxed Beef Cutout & Boxed Beef Cuts - Negotiated Sales - PM (PDF) (LM_XB403),2026-09-26T14:04:07+00:00
be66ace11d5b6931,2023-02-10,Beef,"Round, knuckle, peeled (167A  4)",Select Cuts,,,,Select,,,,,285.0,338.75,,,289.92,$/cwt,2.8992,per lb,National,wholesale,,,,,,43791.0,lb,,2453,National Daily Boxed Beef Cutout & Boxed Beef Cuts - Negotiated Sales - PM (PDF) (LM_XB403),2026-09-26T14:04:07+00:00
bd1938ce77935b44,2023-02-10,Beef,"Round, outside round (171B  3)",Choice Cuts,,,,Choice,,,,,270.0,300.0,,,283.04,$/cwt,2.8304,per lb,National,wholesale,,,,,,87791.0,lb,,2453,National Daily Boxed Beef Cutout & Boxed Beef Cuts - Negotiated Sales - PM (PDF) (LM_XB403),2026-09-26T14:04:07+00:00
1066055cc4327b30,2023-02-10,Beef,"Round, outside round (171B  3)",Select Cuts,,,,Select,,,,,270.68,289.0,,,276.52,$/cwt,2.7652,per lb,National,wholesale,,,,,,16405.0,lb,,2453,National Daily Boxed Beef Cutout & Boxed Beef Cuts - Negotiated Sales - PM (PDF) (LM_XB403),2026-09-26T14:04:07+00:00
8c351d526fc91baa,2023-02-10,Beef,"Round, top inside round (168  1)",Choice Cuts,,,,Choice,,,,,255.0,265.03,,,260.71,$/cwt,2.6071,per lb,National,wholesale,,,,,,48610.0,lb,,2453,National Daily Boxed Beef Cutout & Boxed Beef Cuts - Negotiated Sales - PM (PDF) (LM_XB403),2026-09-26T14:04:07+00:00
23753cc584e310fc,2023-02-10,Beef,"Round, top inside round (168  3)",Choice Cuts,,,,Choice,,,,,265.0,290.0,,,269.58,$/cwt,2.6958,per lb,National,wholesale,,,,,,248168.0,lb,,2453,National Daily Boxed Beef Cutout & Boxed Beef Cuts - Negotiated Sales - PM (PDF) (LM_XB403),2026-09-26T14:04:07+00:00
e26d5aef46c2c96b,2023-02-10,Beef,"Round, top inside round (168  3)",Select Cuts,,,,Select,,,,,267.0,274.74,,,269.94,$/cwt,2.6994,per lb,National,wholesale,,,,,,4477.0,lb,,2453,National Daily Boxed Beef Cutout & Boxed Beef Cuts - Negotiated Sales - PM (PDF) (LM_XB403),2026-09-26T14:04:07+00:00
a170ad2d8bdefef0,2023-02-10,Beef,"Round, top inside, denuded (169  5)",Choice Cuts,,,,Choice,,,,,290.0,355.0,,,300.47,$/cwt,3.0047,per lb,National,wholesale,,,,,,31929.0,lb,,2453,National Daily Boxed Beef Cutout & Boxed Beef Cuts - Negotiated Sales - PM (PDF) (LM_XB403),2026-09-26T14:04:07+00:00
78023e9d6521eba2,2023-02-10,Beef,"Round, top inside, side off (  3)",Choice Cuts,,,,Choice,,,,,295.0,323.1,,,312.43,$/cwt,3.1243,per lb,National,wholesale,,,,,,61620.0,lb,,2453,National Daily Boxed Beef Cutout & Boxed Beef Cuts - Negotiated Sales - PM (PDF) (LM_XB403),2026-09-26T14:04:07+00:00
5671a57ab75122c1,2023-02-10,Beef,"Short Plate, short rib (123A  3)",Choice Cuts,,,,Choice,,,,,447.21,600.0,,,531.6,$/cwt,5.316,per lb,National,wholesale,,,,,,14255.0,lb,,2453,National Daily Boxed Beef Cutout & Boxed Beef Cuts - Negotiated Sales - PM (PDF) (LM_XB403),2026-09-26T14:04:07+00:00
6136a096086a9363,2023-02-10,Beef,"Short Plate, short rib (123A  3)",Select Cuts,,,,Select,,,,,414.84,600.0,,,442.96,$/cwt,4.4296,per lb,National,wholesale,,,,,,19950.0,lb,,2453,National Daily Boxed Beef Cutout & Boxed Beef Cuts - Negotiated Sales - PM (PDF) (LM_XB403),2026-09-26T14:04:07+00:00
da039fc9b6470bea,2023-02-13,Beef,"Brisket, deckle-off, bnls (120  1)",Choice Cuts,,,,Choice,,,,,266.58,294.89,,,274.71,$/cwt,2.7471,per lb,National,wholesale,,,,,,326830.0,lb,,2453,National Daily Boxed Beef Cutout & Boxed Beef Cuts - Negotiated Sales - PM (PDF) (LM_XB403),2026-09-26T14:04:07+00:00
6df0d50dce62f868,2023-02-13,Beef,"Brisket, deckle-off, bnls (120  1)",Select Cuts,,,,Select,,,,,255.0,279.0,,,263.86,$/cwt,2.6386,per lb,National,wholesale,,,,,,1775.0,lb,,2453,National Daily Boxed Beef Cutout & Boxed Beef Cuts - Negotiated Sales - PM (PDF) (LM_XB403),2026-09-26T14:04:07+00:00
cee43f7ea54060d3,2023-02-13,Beef,"Brisket, point/off, bnls (120A  3)",Choice Cuts,,,,Choice,,,,,473.0,522.0,,,477.48,$/cwt,4.7748,per lb,National,wholesale,,,,,,8888.0,lb,,2453,National Daily Boxed Beef Cutout & Boxed Beef Cuts - Negotiated Sales - PM (PDF) (LM_XB403),2026-09-26T14:04:07+00:00
764a368a325b181a,2023-02-13,Beef,"Chuck, chuck tender (116B  1)",Choice Cuts,,,,Choice,,,,,282.01,304.0,,,287.75,$/cwt,2.8775,per lb,National,wholesale,,,,,,75373.0,lb,,2453,National Daily Boxed Beef Cutout & Boxed Beef Cuts - Negotiated Sales - PM (PDF) (LM_XB403),2026-09-26T14:04:07+00:00
586da568e2e9115c,2023-02-13,Beef,"Chuck, chuck tender (116B  1)",Select Cuts,,,,Select,,,,,284.0,310.0,,,298.45,$/cwt,2.9845,per lb,National,wholesale,,,,,,32215.0,lb,,2453,National Daily Boxed Beef Cutout & Boxed Beef Cuts - Negotiated Sales - PM (PDF) (LM_XB403),2026-09-26T14:04:07+00:00
71276a407119d82c,2023-02-13,Beef,"Chuck, clod tender (114F  5)",Choice Cuts,,,,Choice,,,,,469.0,500.0,,,486.03,$/cwt,4.8603,per lb,National,wholesale,,,,,,9191.0,lb,,2453,National Daily Boxed Beef Cutout & Boxed Beef Cuts - Negotiated Sales - PM (PDF) (LM_XB403),2026-09-26T14:04:07+00:00
35609c1e2defdf40,2023-02-13,Beef,"Chuck, clod, arm roast (114E  3)",Choice Cuts,,,,Choice,,,,,384.0,410.0,,,396.78,$/cwt,3.9678,per lb,National,wholesale,,,,,,17527.0,lb,,2453,National Daily Boxed Beef Cutout & Boxed Beef Cuts - Negotiated Sales - PM (PDF) (LM_XB403),2026-09-26T14:04:07+00:00
71168cbc827cf441,2023-02-13,Beef,"Chuck, clod, top blade (114D  3)",Choice Cuts,,,,Choice,,,,,328.0,375.0,,,341.27,$/cwt,3.4127,per lb,National,wholesale,,,,,,27009.0,lb,,2453,National Daily Boxed Beef Cutout & Boxed Beef Cuts - Negotiated Sales - PM (PDF) (LM_XB403),2026-09-26T14:04:07+00:00
589f889a9cee1ba4,2023-02-13,Beef,"Chuck, flap (116G  4)",Choice Cuts,,,,Choice,,,,,500.0,590.0,,,520.09,$/cwt,5.2009,per lb,National,wholesale,,,,,,76486.0,lb,,2453,National Daily Boxed Beef Cutout & Boxed Beef Cuts - Negotiated Sales - PM (PDF) (LM_XB403),2026-09-26T14:04:07+00:00
aaa0e8e65b175068,2023-02-13,Beef,"Chuck, flap (116G  4)",Select Cuts,,,,Select,,,,,525.0,533.0,,,527.43,$/cwt,5.2743,per lb,National,wholesale,,,,,,9390.0,lb,,2453,National Daily Boxed Beef Cutout & Boxed Beef Cuts - Negotiated Sales - PM (PDF) (LM_XB403),2026-09-26T14:04:07+00:00
981f2e177d4f1abc,2023-02-13,Beef,"Chuck, roll, lxl, neck/off (116A  3)",Choice Cuts,,,,Choice,,,,,314.0,375.5,,,345.32,$/cwt,3.4532,per lb,National,wholesale,,,,,,207905.0,lb,,2453,National Daily Boxed Beef Cutout & Boxed Beef Cuts - Negotiated Sales - PM (PDF) (LM_XB403),2026-09-26T14:04:07+00:00
c971310e994cdcf6,2023-02-13,Beef,"Chuck, roll, lxl, neck/off (116A  3)",Select Cuts,,,,Select,,,,,300.87,353.0,,,320.43,$/cwt,3.2043,per lb,National,wholesale,,,,,,37299.0,lb,,2453,National Daily Boxed Beef Cutout & Boxed Beef Cuts - Negotiated Sales - PM (PDF) (LM_XB403),2026-09-26T14:04:07+00:00
dca95ed906136e7c,2023-02-13,Beef,"Chuck, roll, retail ready (916A  3)",Choice Cuts,,,,Choice,,,,,352.0,359.34,,,353.65,$/cwt,3.5365,per lb,National,wholesale,,,,,,5578.0,lb,,2453,National Daily Boxed Beef Cutout & Boxed Beef Cuts - Negotiated Sales - PM (PDF) (LM_XB403),2026-09-26T14:04:07+00:00
67801d9f7e0a9b95,2023-02-13,Beef,"Chuck, semi-bnls, neck/off (113C  1)",Choice Cuts,,,,Choice,,,,,310.02,315.87,,,311.65,$/cwt,3.1165,per lb,National,wholesale,,,,,,14424.0,lb,,2453,National Daily Boxed Beef Cutout & Boxed Beef Cuts - Negotiated Sales - PM (PDF) (LM_XB403),2026-09-26T14:04:07+00:00
647e53a560534368,2023-02-13,Beef,"Chuck, semi-bnls, neck/off (113C  1)",Select Cuts,,,,Select,,,,,304.86,313.0,,,307.71,$/cwt,3.0771,per lb,National,wholesale,,,,,,11814.0,lb,,2453,National Daily Boxed Beef Cutout & Boxed Beef Cuts - Negotiated Sales - PM (PDF) (LM_XB403),2026-09-26T14:04:07+00:00
fc5dc2eba4a952b4,2023-02-13,Beef,"Chuck, short rib (130  4)",Choice Cuts,,,,Choice,,,,,375.0,445.0,,,411.28,$/cwt,4.1128,per lb,National,wholesale,,,,,,44085.0,lb,,2453,National Daily Boxed Beef Cutout & Boxed Beef Cuts - Negotiated Sales - PM (PDF) (LM_XB403),2026-09-26T14:04:07+00:00
2617244b21d10e89,2023-02-13,Beef,"Chuck, short rib (130  4)",Select Cuts,,,,Select,,,,,425.0,444.7,,,438.46,$/cwt,4.3846,per lb,National,wholesale,,,,,,2654.0,lb,,2453,National Daily Boxed Beef Cutout & Boxed Beef Cuts - Negotiated Sales - PM (PDF) (LM_XB403),2026-09-26T14:04:07+00:00
e06388abb7797e88,2023-02-13,Beef,"Chuck, shoulder clod (114  1)",Choice Cuts,,,,Choice,,,,,260.0,271.0,,,263.79,$/cwt,2.6379,per lb,National,wholesale,,,,,,38837.0,lb,,2453,National Daily Boxed Beef Cutout & Boxed Beef Cuts - Negotiated Sales - PM (PDF) (LM_XB403),2026-09-26T14:04:07+00:00
811bfb0bc518518d,2023-02-13,Beef,"Chuck, shoulder clod, trmd (114A  3)",Choice Cuts,,,,Choice,,,,,267.88,295.0,,,272.0,$/cwt,2.72,per lb,National,wholesale,,,,,,241496.0,lb,,2453,National Daily Boxed Beef Cutout & Boxed Beef Cuts - Negotiated Sales - PM (PDF) (LM_XB403),2026-09-26T14:04:07+00:00
321751a05fadccdf,2023-02-13,Beef,"Chuck, shoulder clod, trmd (114A  3)",Select Cuts,,,,Select,,,,,269.0,287.0,,,277.93,$/cwt,2.7793,per lb,National,wholesale,,,,,,14669.0,lb,,2453,National Daily Boxed Beef Cutout & Boxed Beef Cuts - Negotiated Sales - PM (PDF) (LM_XB403),2026-09-26T14:04:07+00:00
541a82ed149299ce,2023-02-13,Beef,Cutout 600-900 lb,,,,,Select,,,,,,,,,256.21,$/cwt,2.5621,per lb,National,wholesale,,,,,,,,,2453,National Daily Boxed Beef Cutout & Boxed Beef Cuts - Negotiated Sales - PM (PDF) (LM_XB403),2026-09-26T14:04:07+00:00
f3cc7abbfd775795,2023-02-13,Beef,Cutout 600-900 lb,,,,,Choice,,,,,,,,,269.95,$/cwt,2.6995,per lb,National,wholesale,,,,,,,,,2453,National Daily Boxed Beef Cutout & Boxed Beef Cuts - Negotiated Sales - PM (PDF) (LM_XB403),2026-09-26T14:04:07+00:00
853b57716f686e38,2023-02-13,Beef,"Flank, flank steak (193  4)",Choice Cuts,,,,Choice,,,,,545.0,633.0,,,583.01,$/cwt,5.8301,per lb,National,wholesale,,,,,,12990.0,lb,,2453,National Daily Boxed Beef Cutout & Boxed Beef Cuts - Negotiated Sales - PM (PDF) (LM_XB403),2026-09-26T14:04:07+00:00
39ff1737cd5f8c69,2023-02-13,Beef,"Flank, flank steak (193  4)",Select Cuts,,,,Select,,,,,510.0,645.0,,,582.51,$/cwt,5.8251,per lb,National,wholesale,,,,,,2884.0,lb,,2453,National Daily Boxed Beef Cutout & Boxed Beef Cuts - Negotiated Sales - PM (PDF) (LM_XB403),2026-09-26T14:04:07+00:00
275291c23dc536c7,2023-02-13,Beef,Ground Beef 73%,Ground Beef,,,,,,,,,170.0,227.5,,,180.05,$/cwt,1.8005,per lb,National,wholesale,,,,,,125665.0,lb,,2453,National Daily Boxed Beef Cutout & Boxed Beef Cuts - Negotiated Sales - PM (PDF) (LM_XB403),2026-09-26T14:04:07+00:00
494505049b4819c8,2023-02-13,Beef,Ground Beef 81%,Ground Beef,,,,,,,,,197.75,252.0,,,227.11,$/cwt,2.2711,per lb,National,wholesale,,,,,,95149.0,lb,,2453,National Daily Boxed Beef Cutout & Boxed Beef Cuts - Negotiated Sales - PM (PDF) (LM_XB403),2026-09-26T14:04:07+00:00
6c6b2fd3ef5b4163,2023-02-13,Beef,Ground Beef 85%,Ground Beef,,,,,,,,,264.0,286.2,,,279.21,$/cwt,2.7921,per lb,National,wholesale,,,,,,172790.0,lb,,2453,National Daily Boxed Beef Cutout & Boxed Beef Cuts - Negotiated Sales - PM (PDF) (LM_XB403),2026-09-26T14:04:07+00:00
016ee68c3247e9a5,2023-02-13,Beef,Ground Beef 93%,Ground Beef,,,,,,,,,339.0,373.0,,,354.45,$/cwt,3.5445,per lb,National,wholesale,,,,,,88653.0,lb,,2453,National Daily Boxed Beef Cutout & Boxed Beef Cuts - Negotiated Sales - PM (PDF) (LM_XB403),2026-09-26T14:04:07+00:00
d1f44797b8448278,2023-02-13,Beef,Ground Beef Chuck,Ground Beef,,,,,,,,,237.0,291.0,,,244.94,$/cwt,2.4494,per lb,National,wholesale,,,,,,26022.0,lb,,2453,National Daily Boxed Beef Cutout & Boxed Beef Cuts - Negotiated Sales - PM (PDF) (LM_XB403),2026-09-26T14:04:07+00:00
b17e6470d5a3ca43,2023-02-13,Beef,Ground Beef Round,Ground Beef,,,,,,,,,304.0,325.0,,,315.33,$/cwt,3.1533,per lb,National,wholesale,,,,,,82699.0,lb,,2453,National Daily Boxed Beef Cutout & Boxed Beef Cuts - Negotiated Sales - PM (PDF) (LM_XB403),2026-09-26T14:04:07+00:00
93831fa19b3020af,2023-02-13,Beef,"Loin, ball-tip, bnls, heavy (185B  1)",Choice Cuts,,,,Choice,,,,,278.93,305.0,,,301.38,$/cwt,3.0138,per lb,National,wholesale,,,,,,20459.0,lb,,2453,National Daily Boxed Beef Cutout & Boxed Beef Cuts - Negotiated Sales - PM (PDF) (LM_XB403),2026-09-26T14:04:07+00:00
39b8723fd4040b03,2023-02-13,Beef,"Loin, bottom sirloin, flap (185A  4)",Choice Cuts,,,,Choice,,,,,650.0,724.0,,,666.43,$/cwt,6.6643,per lb,National,wholesale,,,,,,71162.0,lb,,2453,National Daily Boxed Beef Cutout & Boxed Beef Cuts - Negotiated Sales - PM (PDF) (LM_XB403),2026-09-26T14:04:07+00:00
8b96691c08f956ef,2023-02-13,Beef,"Loin, butt tender, trimmed (191A  4)",Choice Cuts,,,,Choice,,,,,1250.0,1430.0,,,1266.42,$/cwt,12.6642,per lb,National,wholesale,,,,,,3227.0,lb,,2453,National Daily Boxed Beef Cutout & Boxed Beef Cuts - Negotiated Sales - PM (PDF) (LM_XB403),2026-09-26T14:04:07+00:00
ed073e6fbdf1c293,2023-02-13,Beef,"Loin, butt tender, trimmed (191A  4)",Select Cuts,,,,Select,,,,,1102.0,1250.0,,,1163.08,$/cwt,11.6308,per lb,National,wholesale,,,,,,10020.0,lb,,2453,National Daily Boxed Beef Cutout & Boxed Beef Cuts - Negotiated Sales - PM (PDF) (LM_XB403),2026-09-26T14:04:07+00:00
37e9e1302b92ecd8,2023-02-13,Beef,"Loin, short loin, 0x1 (174  3)",Choice Cuts,,,,Choice,,,,,700.0,732.0,,,702.02,$/cwt,7.0202,per lb,National,wholesale,,,,,,28052.0,lb,,2453,National Daily Boxed Beef Cutout & Boxed Beef Cuts - Negotiated Sales - PM (PDF) (LM_XB403),2026-09-26T14:04:07+00:00
2e828bb34f7e765e,2023-02-13,Beef,"Loin, short loin, 0x1 (174  3)",Select Cuts,,,,Select,,,,,669.89,730.0,,,691.86,$/cwt,6.9186,per lb,National,wholesale,,,,,,4364.0,lb,,2453,National Daily Boxed Beef Cutout & Boxed Beef Cuts - Negotiated Sales - PM (PDF) (LM_XB403),2026-09-26T14:04:07+00:00
02ff51858d8aaa24,2023-02-13,Beef,"Loin, sirloin, tri-tip (185C  1)",Choice Cuts,,,,Choice,,,,,326.0,375.0,,,338.88,$/cwt,3.3888,per lb,National,wholesale,,,,,,50937.0,lb,,2453,National Daily Boxed Beef Cutout & Boxed Beef Cuts - Negotiated Sales - PM (PDF) (LM_XB403),2026-09-26T14:04:07+00:00
9f3f416b33643bc0,2023-02-13,Beef,"Loin, strip, bnls, 0x1 (180  3)",Choice Cuts,,,,Choice,,,,,818.0,854.89,,,826.58,$/cwt,8.2658,per lb,National,wholesale,,,,,,54887.0,lb,,2453,National Daily Boxed Beef Cutout & Boxed Beef Cuts - Negotiated Sales - PM (PDF) (LM_XB403),2026-09-26T14:04:07+00:00
1f8693e7262376f6,2023-02-13,Beef,"Loin, strip, bnls, 0x1 (180  3)",Select Cuts,,,,Select,,,,,645.0,698.0,,,653.9,$/cwt,6.539,per lb,National,wholesale,,,,,,19276.0,lb,,2453,National Daily Boxed Beef Cutout & Boxed Beef Cuts - Negotiated Sales - PM (PDF) (LM_XB403),2026-09-26T14:04:07+00:00
0bce02e4e6a4ccc3,2023-02-13,Beef,"Loin, tndrloin, trmd, heavy (189A  4)",Choice Cuts,,,,Choice,,,,,1380.0,1669.94,,,1396.65,$/cwt,13.9665,per lb,National,wholesale,,,,,,92056.0,lb,,2453,National Daily Boxed Beef Cutout & Boxed Beef Cuts - Negotiated Sales - PM (PDF) (LM_XB403),2026-09-26T14:04:07+00:00
ce600f3989b3e009,2023-02-13,Beef,"Loin, tndrloin, trmd, heavy (189A  4)",Select Cuts,,,,Select,,,,,1400.0,1450.0,,,1429.52,$/cwt,14.2952,per lb,National,wholesale,,,,,,2391.0,lb,,2453,National Daily Boxed Beef Cutout & Boxed Beef Cuts - Negotiated Sales - PM (PDF) (LM_XB403),2026-09-26T14:04:07+00:00
7f03aadaa1937d64,2023-02-13,Beef,"Loin, top butt, CC (184B  3)",Choice Cuts,,,,Choice,,,,,525.0,605.0,,,547.68,$/cwt,5.4768,per lb,National,wholesale,,,,,,20722.0,lb,,2453,National Daily Boxed Beef Cutout & Boxed Beef Cuts - Negotiated Sales - PM (PDF) (LM_XB403),2026-09-26T14:04:07+00:00
28def34ac909b044,2023-02-13,Beef,"Loin, top butt, boneless (184  3)",Choice Cuts,,,,Choice,,,,,379.0,415.0,,,395.51,$/cwt,3.9551,per lb,National,wholesale,,,,,,8362.0,lb,,2453,National Daily Boxed Beef Cutout & Boxed Beef Cuts - Negotiated Sales - PM (PDF) (LM_XB403),2026-09-26T14:04:07+00:00
f7772efeee81d0d8,2023-02-13,Beef,"Loin, top butt, boneless (184  3)",Select Cuts,,,,Select,,,,,379.0,411.75,,,387.48,$/cwt,3.8748,per lb,National,wholesale,,,,,,20700.0,lb,,2453,National Daily Boxed Beef Cutout & Boxed Beef Cuts - Negotiated Sales - PM (PDF) (LM_XB403),2026-09-26T14:04:07+00:00
f43627d0acd7e88e,2023-02-13,Beef,"Rib, ribeye, bnls, heavy (112A  3)",Choice Cuts,,,,Choice,,,,,975.0,1057.83,,,992.76,$/cwt,9.9276,per lb,National,wholesale,,,,,,36290.0,lb,,2453,National Daily Boxed Beef Cutout & Boxed Beef Cuts - Negotiated Sales - PM (PDF) (LM_XB403),2026-09-26T14:04:07+00:00
2d41ee92b64a9d81,2023-02-13,Beef,"Rib, ribeye, bnls, heavy (112A  3)",Select Cuts,,,,Select,,,,,769.0,882.83,,,837.11,$/cwt,8.3711,per lb,National,wholesale,,,,,,9589.0,lb,,2453,National Daily Boxed Beef Cutout & Boxed Beef Cuts - Negotiated Sales - PM (PDF) (LM_XB403),2026-09-26T14:04:07+00:00
6121df460bb76e4c,2023-02-13,Beef,"Rib, ribeye, bnls, light (112A  3)",Choice Cuts,,,,Choice,,,,,1001.18,1065.25,,,1021.07,$/cwt,10.2107,per lb,National,wholesale,,,,,,7426.0,lb,,2453,National Daily Boxed Beef Cutout & Boxed Beef Cuts - Negotiated Sales - PM (PDF) (LM_XB403),2026-09-26T14:04:07+00:00
5276926165fb6905,2023-02-13,Beef,"Rib, ribeye, bnls, light (112A  3)",Select Cuts,,,,Select,,,,,740.0,835.0,,,795.31,$/cwt,7.9531,per lb,National,wholesale,,,,,,10552.0,lb,,2453,National Daily Boxed Beef Cutout & Boxed Beef Cuts - Negotiated Sales - PM (PDF) (LM_XB403),2026-09-26T14:04:07+00:00
22faa50cc9539e32,2023-02-13,Beef,"Rib, ribeye, lip-on, bn-in (109E  1)",Choice Cuts,,,,Choice,,,,,840.0,1000.25,,,891.08,$/cwt,8.9108,per lb,National,wholesale,,,,,,51551.0,lb,,2453,National Daily Boxed Beef Cutout & Boxed Beef Cuts - Negotiated Sales - PM (PDF) (LM_XB403),2026-09-26T14:04:07+00:00
6141be48a700d86b,2023-02-13,Beef,"Rib, ribeye, lip-on, bn-in (109E  1)",Select Cuts,,,,Select,,,,,685.34,784.0,,,688.31,$/cwt,6.8831,per lb,National,wholesale,,,,,,100025.0,lb,,2453,National Daily Boxed Beef Cutout & Boxed Beef Cuts - Negotiated Sales - PM (PDF) (LM_XB403),2026-09-26T14:04:07+00:00
51d7ae47857843d4,2023-02-13,Beef,"Round, boneless (161  1)",Select Cuts,,,,Select,,,,,318.0,325.0,,,322.1,$/cwt,3.221,per lb,National,wholesale,,,,,,2005.0,lb,,2453,National Daily Boxed Beef Cutout & Boxed Beef Cuts - Negotiated Sales - PM (PDF) (LM_XB403),2026-09-26T14:04:07+00:00
0399b03521600e93,2023-02-13,Beef,"Round, bottom gooseneck (170  1)",Choice Cuts,,,,Choice,,,,,262.21,280.0,,,270.79,$/cwt,2.7079,per lb,National,wholesale,,,,,,11836.0,lb,,2453,National Daily Boxed Beef Cutout & Boxed Beef Cuts - Negotiated Sales - PM (PDF) (LM_XB403),2026-09-26T14:04:07+00:00
fede110cafa50d6f,2023-02-13,Beef,"Round, eye of round (171C  3)",Choice Cuts,,,,Choice,,,,,288.31,321.25,,,298.65,$/cwt,2.9865,per lb,National,wholesale,,,,,,89824.0,lb,,2453,National Daily Boxed Beef Cutout & Boxed Beef Cuts - Negotiated Sales - PM (PDF) (LM_XB403),2026-09-26T14:04:07+00:00
2737a49ff3b92030,2023-02-13,Beef,"Round, eye of round (171C  3)",Select Cuts,,,,Select,,,,,290.0,312.0,,,295.26,$/cwt,2.9526,per lb,National,wholesale,,,,,,15708.0,lb,,2453,National Daily Boxed Beef Cutout & Boxed Beef Cuts - Negotiated Sales - PM (PDF) (LM_XB403),2026-09-26T14:04:07+00:00
49e385f5cd8f4118,2023-02-13,Beef,"Round, knuckle, peeled (167A  4)",Choice Cuts,,,,Choice,,,,,285.0,338.0,,,300.43,$/cwt,3.0043,per lb,National,wholesale,,,,,,75701.0,lb,,2453,National Daily Boxed Beef Cutout & Boxed Beef Cuts - Negotiated Sales - PM (PDF) (LM_XB403),2026-09-26T14:04:07+00:00
973c580b3788c8b7,2023-02-13,Beef,"Round, knuckle, peeled (167A  4)",Select Cuts,,,,Select,,,,,292.0,314.97,,,302.19,$/cwt,3.0219,per lb,National,wholesale,,,,,,12030.0,lb,,2453,National Daily Boxed Beef Cutout & Boxed Beef Cuts - Negotiated Sales - PM (PDF) (LM_XB403),2026-09-26T14:04:07+00:00
706fe61a848eb8f9,2023-02-13,Beef,"Round, outside round (171B  3)",Choice Cuts,,,,Choice,,,,,249.0,305.0,,,286.91,$/cwt,2.8691,per lb,National,wholesale,,,,,,140328.0,lb,,2453,National Daily Boxed Beef Cutout & Boxed Beef Cuts - Negotiated Sales - PM (PDF) (LM_XB403),2026-09-26T14:04:07+00:00
8974475767f04f22,2023-02-13,Beef,"Round, outside round (171B  3)",Select Cuts,,,,Select,,,,,272.51,301.75,,,291.7,$/cwt,2.917,per lb,National,wholesale,,,,,,27953.0,lb,,2453,National Daily Boxed Beef Cutout & Boxed Beef Cuts - Negotiated Sales - PM (PDF) (LM_XB403),2026-09-26T14:04:07+00:00
8422e35f4cd13bb4,2023-02-13,Beef,"Round, top inside round (168  1)",Choice Cuts,,,,Choice,,,,,255.0,270.0,,,258.88,$/cwt,2.5888,per lb,National,wholesale,,,,,,71685.0,lb,,2453,National Daily Boxed Beef Cutout & Boxed Beef Cuts - Negotiated Sales - PM (PDF) (LM_XB403),2026-09-26T14:04:07+00:00
5c24cc51a41df008,2023-02-13,Beef,"Round, top inside round (168  3)",Choice Cuts,,,,Choice,,,,,245.0,289.0,,,265.48,$/cwt,2.6548,per lb,National,wholesale,,,,,,937418.0,lb,,2453,National Daily Boxed Beef Cutout & Boxed Beef Cuts - Negotiated Sales - PM (PDF) (LM_XB403),2026-09-26T14:04:07+00:00
59d7a9f80774e478,2023-02-13,Beef,"Round, top inside round (168  3)",Select Cuts,,,,Select,,,,,272.0,291.75,,,281.11,$/cwt,2.8111,per lb,National,wholesale,,,,,,11796.0,lb,,2453,National Daily Boxed Beef Cutout & Boxed Beef Cuts - Negotiated Sales - PM (PDF) (LM_XB403),2026-09-26T14:04:07+00:00
40eca66e2f6fd60a,2023-02-13,Beef,"Round, top inside, cap off (169A  5)",Choice Cuts,,,,Choice,,,,,374.0,445.0,,,402.6,$/cwt,4.026,per lb,National,wholesale,,,,,,43560.0,lb,,2453,National Daily Boxed Beef Cutout & Boxed Beef Cuts - Negotiated Sales - PM (PDF) (LM_XB403),2026-09-26T14:04:07+00:00
ac0ae0b02cb32aa7,2023-02-13,Beef,"Round, top inside, denuded (169  5)",Choice Cuts,,,,Choice,,,,,313.0,349.0,,,324.48,$/cwt,3.2448,per lb,National,wholesale,,,,,,8493.0,lb,,2453,National Daily Boxed Beef Cutout & Boxed Beef Cuts - Negotiated Sales - PM (PDF) (LM_XB403),2026-09-26T14:04:07+00:00
53922900c3e8f659,2023-02-13,Beef,"Short Plate, short rib (123A  3)",Choice Cuts,,,,Choice,,,,,420.0,600.0,,,505.79,$/cwt,5.0579,per lb,National,wholesale,,,,,,91240.0,lb,,2453,National Daily Boxed Beef Cutout & Boxed Beef Cuts - Negotiated Sales - PM (PDF) (LM_XB403),2026-09-26T14:04:07+00:00
0b7f85fe557656cd,2023-02-13,Beef,"Short Plate, short rib (123A  3)",Select Cuts,,,,Select,,,,,419.0,547.5,,,469.73,$/cwt,4.6973,per lb,National,wholesale,,,,,,13361.0,lb,,2453,National Daily Boxed Beef Cutout & Boxed Beef Cuts - Negotiated Sales - PM (PDF) (LM_XB403),2026-09-26T14:04:07+00:00
440cdb1e299e5c10,2023-02-14,Beef,"Brisket, deckle-off, bnls (120  1)",Choice Cuts,,,,Choice,,,,,248.0,304.1,,,267.57,$/cwt,2.6757,per lb,National,wholesale,,,,,,370660.0,lb,,2453,National Daily Boxed Beef Cutout & Boxed Beef Cuts - Negotiated Sales - PM (PDF) (LM_XB403),2026-09-26T14:04:07+00:00
49cc61639385aa78,2023-02-14,Beef,"Brisket, deckle-off, bnls (120  1)",Select Cuts,,,,Select,,,,,265.0,289.93,,,265.84,$/cwt,2.6584,per lb,National,wholesale,,,,,,192052.0,lb,,2453,National Daily Boxed Beef Cutout & Boxed Beef Cuts - Negotiated Sales - PM (PDF) (LM_XB403),2026-09-26T14:04:07+00:00
7d5533896e4fc253,2023-02-14,Beef,"Brisket, point/off, bnls (120A  3)",Choice Cuts,,,,Choice,,,,,477.0,575.14,,,511.44,$/cwt,5.1144,per lb,National,wholesale,,,,,,18295.0,lb,,2453,National Daily Boxed Beef Cutout & Boxed Beef Cuts - Negotiated Sales - PM (PDF) (LM_XB403),2026-09-26T14:04:07+00:00
1032dc6c55cb781c,2023-02-14,Beef,"Chuck, chuck tender (116B  1)",Choice Cuts,,,,Choice,,,,,286.42,356.0,,,304.32,$/cwt,3.0432,per lb,National,wholesale,,,,,,22999.0,lb,,2453,National Daily Boxed Beef Cutout & Boxed Beef Cuts - Negotiated Sales - PM (PDF) (LM_XB403),2026-09-26T14:04:07+00:00
d26d8b72068cd5d1,2023-02-14,Beef,"Chuck, clod tender (114F  5)",Choice Cuts,,,,Choice,,,,,445.0,487.0,,,463.16,$/cwt,4.6316,per lb,National,wholesale,,,,,,1488.0,lb,,2453,National Daily Boxed Beef Cutout & Boxed Beef Cuts - Negotiated Sales - PM (PDF) (LM_XB403),2026-09-26T14:04:07+00:00
676e8610b91a0080,2023-02-14,Beef,"Chuck, clod, arm roast (114E  3)",Choice Cuts,,,,Choice,,,,,400.0,440.0,,,432.54,$/cwt,4.3254,per lb,National,wholesale,,,,,,6556.0,lb,,2453,National Daily Boxed Beef Cutout & Boxed Beef Cuts - Negotiated Sales - PM (PDF) (LM_XB403),2026-09-26T14:04:07+00:00
c9a8dbbbccc8e90c,2023-02-14,Beef,"Chuck, clod, top blade (114D  3)",Choice Cuts,,,,Choice,,,,,328.0,383.6,,,349.61,$/cwt,3.4961,per lb,National,wholesale,,,,,,29125.0,lb,,2453,National Daily Boxed Beef Cutout & Boxed Beef Cuts - Negotiated Sales - PM (PDF) (LM_XB403),2026-09-26T14:04:07+00:00
d8f060574315dd21,2023-02-14,Beef,"Chuck, flap (116G  4)",Choice Cuts,,,,Choice,,,,,503.97,569.25,,,532.74,$/cwt,5.3274,per lb,National,wholesale,,,,,,18699.0,lb,,2453,National Daily Boxed Beef Cutout & Boxed Beef Cuts - Negotiated Sales - PM (PDF) (LM_XB403),2026-09-26T14:04:07+00:00
9229f1b23d36bc98,2023-02-14,Beef,"Chuck, flap (116G  4)",Select Cuts,,,,Select,,,,,489.69,536.5,,,511.68,$/cwt,5.1168,per lb,National,wholesale,,,,,,26705.0,lb,,2453,National Daily Boxed Beef Cutout & Boxed Beef Cuts - Negotiated Sales - PM (PDF) (LM_XB403),2026-09-26T14:04:07+00:00
77f7fcd9a1f201b3,2023-02-14,Beef,"Chuck, roll, lxl, neck/off (116A  3)",Choice Cuts,,,,Choice,,,,,330.11,383.16,,,342.89,$/cwt,3.4289,per lb,National,wholesale,,,,,,151470.0,lb,,2453,National Daily Boxed Beef Cutout & Boxed Beef Cuts - Negotiated Sales - PM (PDF) (LM_XB403),2026-09-26T14:04:07+00:00
614f2ecface3eea3,2023-02-14,Beef,"Chuck, roll, lxl, neck/off (116A  3)",Select Cuts,,,,Select,,,,,300.0,355.0,,,319.05,$/cwt,3.1905,per lb,National,wholesale,,,,,,110342.0,lb,,2453,National Daily Boxed Beef Cutout & Boxed Beef Cuts - Negotiated Sales - PM (PDF) (LM_XB403),2026-09-26T14:04:07+00:00
72a5d0c9927e48ec,2023-02-14,Beef,"Chuck, short rib (130  4)",Choice Cuts,,,,Choice,,,,,415.5,451.5,,,436.25,$/cwt,4.3625,per lb,National,wholesale,,,,,,57978.0,lb,,2453,National Daily Boxed Beef Cutout & Boxed Beef Cuts - Negotiated Sales - PM (PDF) (LM_XB403),2026-09-26T14:04:07+00:00
f1664e804831cbca,2023-02-14,Beef,"Chuck, short rib (130  4)",Select Cuts,,,,Select,,,,,412.0,450.0,,,447.7,$/cwt,4.477,per lb,National,wholesale,,,,,,11884.0,lb,,2453,National Daily Boxed Beef Cutout & Boxed Beef Cuts - Negotiated Sales - PM (PDF) (LM_XB403),2026-09-26T14:04:07+00:00
31fb9f3ae7bd98e5,2023-02-14,Beef,"Chuck, shoulder clod (114  1)",Choice Cuts,,,,Choice,,,,,260.0,282.0,,,265.56,$/cwt,2.6556,per lb,National,wholesale,,,,,,23905.0,lb,,2453,National Daily Boxed Beef Cutout & Boxed Beef Cuts - Negotiated Sales - PM (PDF) (LM_XB403),2026-09-26T14:04:07+00:00
38963fd65febb3a4,2023-02-14,Beef,"Chuck, shoulder clod, trmd (114A  3)",Choice Cuts,,,,Choice,,,,,258.0,298.0,,,274.75,$/cwt,2.7475,per lb,National,wholesale,,,,,,284277.0,lb,,2453,National Daily Boxed Beef Cutout & Boxed Beef Cuts - Negotiated Sales - PM (PDF) (LM_XB403),2026-09-26T14:04:07+00:00
2dd7124f1b74a452,2023-02-14,Beef,"Chuck, shoulder clod, trmd (114A  3)",Select Cuts,,,,Select,,,,,258.6,287.0,,,270.49,$/cwt,2.7049,per lb,National,wholesale,,,,,,31856.0,lb,,2453,National Daily Boxed Beef Cutout & Boxed Beef Cuts - Negotiated Sales - PM (PDF) (LM_XB403),2026-09-26T14:04:07+00:00
0e2fb91bcaaab14f,2023-02-14,Beef,Cutout 600-900 lb,,,,,Choice,,,,,,,,,272.06,$/cwt,2.7206,per lb,National,wholesale,,,,,,,,,2453,National Daily Boxed Beef Cutout & Boxed Beef Cuts - Negotiated Sales - PM (PDF) (LM_XB403),2026-09-26T14:04:07+00:00
36ef925126956395,2023-02-14,Beef,Cutout 600-900 lb,,,,,Select,,,,,,,,,258.78,$/cwt,2.5878,per lb,National,wholesale,,,,,,,,,2453,National Daily Boxed Beef Cutout & Boxed Beef Cuts - Negotiated Sales - PM (PDF) (LM_XB403),2026-09-26T14:04:07+00:00
2bf7aa7b164a09aa,2023-02-14,Beef,"Flank, flank steak (193  4)",Choice Cuts,,,,Choice,,,,,545.0,637.0,,,581.38,$/cwt,5.8138,per lb,National,wholesale,,,,,,27003.0,lb,,2453,National Daily Boxed Beef Cutout & Boxed Beef Cuts - Negotiated Sales - PM (PDF) (LM_XB403),2026-09-26T14:04:07+00:00
6950e85e2c3e42cf,2023-02-14,Beef,Ground Beef 73%,Ground Beef,,,,,,,,,165.75,214.42,,,191.34,$/cwt,1.9134,per lb,National,wholesale,,,,,,67725.0,lb,,2453,National Daily Boxed Beef Cutout & Boxed Beef Cuts - Negotiated Sales - PM (PDF) (LM_XB403),2026-09-26T14:04:07+00:00
9df87b472f2002df,2023-02-14,Beef,Ground Beef 81%,Ground Beef,,,,,,,,,188.0,260.0,,,234.69,$/cwt,2.3469,per lb,National,wholesale,,,,,,95729.0,lb,,2453,National Daily Boxed Beef Cutout & Boxed Beef Cuts - Negotiated Sales - PM (PDF) (LM_XB403),2026-09-26T14:04:07+00:00
809eeb4631e1dd48,2023-02-14,Beef,Ground Beef 85%,Ground Beef,,,,,,,,,278.5,287.0,,,280.97,$/cwt,2.8097,per lb,National,wholesale,,,,,,30163.0,lb,,2453,National Daily Boxed Beef Cutout & Boxed Beef Cuts - Negotiated Sales - PM (PDF) (LM_XB403),2026-09-26T14:04:07+00:00
3ff86c4e08936b3d,2023-02-14,Beef,Ground Beef 93%,Ground Beef,,,,,,,,,327.82,380.0,,,364.22,$/cwt,3.6422,per lb,National,wholesale,,,,,,2954.0,lb,,2453,National Daily Boxed Beef Cutout & Boxed Beef Cuts - Negotiated Sales - PM (PDF) (LM_XB403),2026-09-26T14:04:07+00:00
cb1b37b91213e69f,2023-02-14,Beef,Ground Beef Chuck,Ground Beef,,,,,,,,,232.75,265.0,,,245.02,$/cwt,2.4502,per lb,National,wholesale,,,,,,72637.0,lb,,2453,National Daily Boxed Beef Cutout & Boxed Beef Cuts - Negotiated Sales - PM (PDF) (LM_XB403),2026-09-26T14:04:07+00:00
20d07c0f4c8b9212,2023-02-14,Beef,"Loin, ball-tip, bnls, heavy (185B  1)",Choice Cuts,,,,Choice,,,,,277.25,331.88,,,288.35,$/cwt,2.8835,per lb,National,wholesale,,,,,,42246.0,lb,,2453,National Daily Boxed Beef Cutout & Boxed Beef Cuts - Negotiated Sales - PM (PDF) (LM_XB403),2026-09-26T14:04:07+00:00
752a410a9b3c12bc,2023-02-14,Beef,"Loin, ball-tip, bnls, heavy (185B  1)",Select Cuts,,,,Select,,,,,295.0,310.0,,,304.63,$/cwt,3.0463,per lb,National,wholesale,,,,,,8073.0,lb,,2453,National Daily Boxed Beef Cutout & Boxed Beef Cuts - Negotiated Sales - PM (PDF) (LM_XB403),2026-09-26T14:04:07+00:00
ca9fac8d620a9b86,2023-02-14,Beef,"Loin, bottom sirloin, flap (185A  4)",Choice Cuts,,,,Choice,,,,,657.0,739.25,,,683.31,$/cwt,6.8331,per lb,National,wholesale,,,,,,40330.0,lb,,2453,National Daily Boxed Beef Cutout & Boxed Beef Cuts - Negotiated Sales - PM (PDF) (LM_XB403),2026-09-26T14:04:07+00:00
6c376f4fe5fc37e6,2023-02-14,Beef,"Loin, bottom sirloin, flap (185A  4)",Select Cuts,,,,Select,,,,,642.0,675.0,,,651.87,$/cwt,6.5187,per lb,National,wholesale,,,,,,58407.0,lb,,2453,National Daily Boxed Beef Cutout & Boxed Beef Cuts - Negotiated Sales - PM (PDF) (LM_XB403),2026-09-26T14:04:07+00:00
71241b1e24ac0d10,2023-02-14,Beef,"Loin, butt tender, trimmed (191A  4)",Choice Cuts,,,,Choice,,,,,1222.09,1391.0,,,1261.26,$/cwt,12.6126,per lb,National,wholesale,,,,,,13750.0,lb,,2453,National Daily Boxed Beef Cutout & Boxed Beef Cuts - Negotiated Sales - PM (PDF) (LM_XB403),2026-09-26T14:04:07+00:00
36f8b8f1577d3b48,2023-02-14,Beef,"Loin, butt tender, trimmed (191A  4)",Select Cuts,,,,Select,,,,,1099.0,1200.0,,,1124.63,$/cwt,11.2463,per lb,National,wholesale,,,,,,4263.0,lb,,2453,National Daily Boxed Beef Cutout & Boxed Beef Cuts - Negotiated Sales - PM (PDF) (LM_XB403),2026-09-26T14:04:07+00:00
86140895b0ec0a10,2023-02-14,Beef,"Loin, short loin, 0x1 (174  3)",Choice Cuts,,,,Choice,,,,,698.09,855.0,,,703.36,$/cwt,7.0336,per lb,National,wholesale,,,,,,309416.0,lb,,2453,National Daily Boxed Beef Cutout & Boxed Beef Cuts - Negotiated Sales - PM (PDF) (LM_XB403),2026-09-26T14:04:07+00:00
22f50d4129bf2fbf,2023-02-14,Beef,"Loin, short loin, 0x1 (174  3)",Select Cuts,,,,Select,,,,,646.0,677.99,,,665.8,$/cwt,6.658,per lb,National,wholesale,,,,,,157996.0,lb,,2453,National Daily Boxed Beef Cutout & Boxed Beef Cuts - Negotiated Sales - PM (PDF) (LM_XB403),2026-09-26T14:04:07+00:00
f63c3784da94e401,2023-02-14,Beef,"Loin, sirloin, tri-tip (185C  1)",Choice Cuts,,,,Choice,,,,,350.0,382.0,,,362.22,$/cwt,3.6222,per lb,National,wholesale,,,,,,189686.0,lb,,2453,National Daily Boxed Beef Cutout & Boxed Beef Cuts - Negotiated Sales - PM (PDF) (LM_XB403),2026-09-26T14:04:07+00:00
9b7b93bed1290685,2023-02-14,Beef,"Loin, sirloin, tri-tip, pld (185D  4)",Choice Cuts,,,,Choice,,,,,525.0,536.0,,,531.93,$/cwt,5.3193,per lb,National,wholesale,,,,,,1929.0,lb,,2453,National Daily Boxed Beef Cutout & Boxed Beef Cuts - Negotiated Sales - PM (PDF) (LM_XB403),2026-09-26T14:04:07+00:00
aa479d295220c3e7,2023-02-14,Beef,"Loin, strip loin, 1x1 (175  3)",Choice Cuts,,,,Choice,,,,,675.0,724.25,,,679.2,$/cwt,6.792,per lb,National,wholesale,,,,,,7930.0,lb,,2453,National Daily Boxed Beef Cutout & Boxed Beef Cuts - Negotiated Sales - PM (PDF) (LM_XB403),2026-09-26T14:04:07+00:00
6ae2a7d4935953a5,2023-02-14,Beef,"Loin, strip, bnls, 0x1 (180  3)",Choice Cuts,,,,Choice,,,,,802.85,855.0,,,835.67,$/cwt,8.3567,per lb,National,wholesale,,,,,,58954.0,lb,,2453,National Daily Boxed Beef Cutout & Boxed Beef Cuts - Negotiated Sales - PM (PDF) (LM_XB403),2026-09-26T14:04:07+00:00
5ec70f40b807f5f0,2023-02-14,Beef,"Loin, strip, bnls, 0x1 (180  3)",Select Cuts,,,,Select,,,,,650.0,680.25,,,668.33,$/cwt,6.6833,per lb,National,wholesale,,,,,,21062.0,lb,,2453,National Daily Boxed Beef Cutout & Boxed Beef Cuts - Negotiated Sales - PM (PDF) (LM_XB403),2026-09-26T14:04:07+00:00
2147f453164cce1c,2023-02-14,Beef,"Loin, tndrloin, trmd, heavy (189A  4)",Choice Cuts,,,,Choice,,,,,1378.56,1683.0,,,1427.75,$/cwt,14.2775,per lb,National,wholesale,,,,,,68085.0,lb,,2453,National Daily Boxed Beef Cutout & Boxed Beef Cuts - Negotiated Sales - PM (PDF) (LM_XB403),2026-09-26T14:04:07+00:00
2b0a639884b8b267,2023-02-14,Beef,"Loin, tndrloin, trmd, heavy (189A  4)",Select Cuts,,,,Select,,,,,1400.0,1505.7,,,1447.06,$/cwt,14.4706,per lb,National,wholesale,,,,,,14116.0,lb,,2453,National Daily Boxed Beef Cutout & Boxed Beef Cuts - Negotiated Sales - PM (PDF) (LM_XB403),2026-09-26T14:04:07+00:00
e61843c7418cc50f,2023-02-14,Beef,"Loin, top butt, CC (184B  3)",Choice Cuts,,,,Choice,,,,,522.26,605.7,,,577.53,$/cwt,5.7753,per lb,National,wholesale,,,,,,1107.0,lb,,2453,National Daily Boxed Beef Cutout & Boxed Beef Cuts - Negotiated Sales - PM (PDF) (LM_XB403),2026-09-26T14:04:07+00:00
e76873c273d67f20,2023-02-14,Beef,"Loin, top butt, bnls, heavy (184  1)",Select Cuts,,,,Select,,,,,334.99,374.99,,,335.09,$/cwt,3.3509,per lb,National,wholesale,,,,,,26682.0,lb,,2453,National Daily Boxed Beef Cutout & Boxed Beef Cuts - Negotiated Sales - PM (PDF) (LM_XB403),2026-09-26T14:04:07+00:00
b852cc936367e032,2023-02-14,Beef,"Loin, top butt, boneless (184  3)",Choice Cuts,,,,Choice,,,,,381.73,416.0,,,391.84,$/cwt,3.9184,per lb,National,wholesale,,,,,,39745.0,lb,,2453,National Daily Boxed Beef Cutout & Boxed Beef Cuts - Negotiated Sales - PM (PDF) (LM_XB403),2026-09-26T14:04:07+00:00
d93489bfb5a56df3,2023-02-14,Beef,"Loin, top butt, boneless (184  3)",Select Cuts,,,,Select,,,,,379.05,399.65,,,390.72,$/cwt,3.9072,per lb,National,wholesale,,,,,,17148.0,lb,,2453,National Daily Boxed Beef Cutout & Boxed Beef Cuts - Negotiated Sales - PM (PDF) (LM_XB403),2026-09-26T14:04:07+00:00
11837795624251ae,2023-02-14,Beef,"Rib, ribeye, bnls, heavy (112A  3)",Choice Cuts,,,,Choice,,,,,984.0,1054.88,,,1008.14,$/cwt,10.0814,per lb,National,wholesale,,,,,,54599.0,lb,,2453,National Daily Boxed Beef Cutout & Boxed Beef Cuts - Negotiated Sales - PM (PDF) (LM_XB403),2026-09-26T14:04:07+00:00
82966dae6645bed8,2023-02-14,Beef,"Rib, ribeye, bnls, heavy (112A  3)",Select Cuts,,,,Select,,,,,824.0,887.88,,,843.46,$/cwt,8.4346,per lb,National,wholesale,,,,,,10610.0,lb,,2453,National Daily Boxed Beef Cutout & Boxed Beef Cuts - Negotiated Sales - PM (PDF) (LM_XB403),2026-09-26T14:04:07+00:00
96fab5bbb2ed2d86,2023-02-14,Beef,"Rib, ribeye, bnls, light (112A  3)",Choice Cuts,,,,Choice,,,,,1010.0,1077.0,,,1032.67,$/cwt,10.3267,per lb,National,wholesale,,,,,,48608.0,lb,,2453,National Daily Boxed Beef Cutout & Boxed Beef Cuts - Negotiated Sales - PM (PDF) (LM_XB403),2026-09-26T14:04:07+00:00
9a641a41625b54a7,2023-02-14,Beef,"Rib, ribeye, bnls, light (112A  3)",Select Cuts,,,,Select,,,,,812.09,887.0,,,853.47,$/cwt,8.5347,per lb,National,wholesale,,,,,,8028.0,lb,,2453,National Daily Boxed Beef Cutout & Boxed Beef Cuts - Negotiated Sales - PM (PDF) (LM_XB403),2026-09-26T14:04:07+00:00
187e14b5aee9f0f9,2023-02-14,Beef,"Rib, ribeye, lip-on, bn-in (109E  1)",Choice Cuts,,,,Choice,,,,,850.0,993.0,,,865.39,$/cwt,8.6539,per lb,National,wholesale,,,,,,18958.0,lb,,2453,National Daily Boxed Beef Cutout & Boxed Beef Cuts - Negotiated Sales - PM (PDF) (LM_XB403),2026-09-26T14:04:07+00:00
d1b6fd3bca398e3a,2023-02-14,Beef,"Rib, ribeye, lip-on, bn-in (109E  1)",Select Cuts,,,,Select,,,,,735.0,750.14,,,741.07,$/cwt,7.4107,per lb,National,wholesale,,,,,,11428.0,lb,,2453,National Daily Boxed Beef Cutout & Boxed Beef Cuts - Negotiated Sales - PM (PDF) (LM_XB403),2026-09-26T14:04:07+00:00
294967d246227b7a,2023-02-14,Beef,"Round, eye of round (171C  3)",Choice Cuts,,,,Choice,,,,,285.14,342.09,,,301.1,$/cwt,3.011,per lb,National,wholesale,,,,,,83175.0,lb,,2453,National Daily Boxed Beef Cutout & Boxed Beef Cuts - Negotiated Sales - PM (PDF) (LM_XB403),2026-09-26T14:04:07+00:00
d2e5657f586754aa,2023-02-14,Beef,"Round, eye of round (171C  3)",Select Cuts,,,,Select,,,,,292.0,318.0,,,301.04,$/cwt,3.0104,per lb,National,wholesale,,,,,,29187.0,lb,,2453,National Daily Boxed Beef Cutout & Boxed Beef Cuts - Negotiated Sales - PM (PDF) (LM_XB403),2026-09-26T14:04:07+00:00
513f746768f073b1,2023-02-14,Beef,"Round, knuckle, peeled (167A  4)",Choice Cuts,,,,Choice,,,,,290.0,341.0,,,305.94,$/cwt,3.0594,per lb,National,wholesale,,,,,,59723.0,lb,,2453,National Daily Boxed Beef Cutout & Boxed Beef Cuts - Negotiated Sales - PM (PDF) (LM_XB403),2026-09-26T14:04:07+00:00
1be18f4d4e813e7c,2023-02-14,Beef,"Round, knuckle, peeled (167A  4)",Select Cuts,,,,Select,,,,,294.49,335.0,,,299.81,$/cwt,2.9981,per lb,National,wholesale,,,,,,14286.0,lb,,2453,National Daily Boxed Beef Cutout & Boxed Beef Cuts - Negotiated Sales - PM (PDF) (LM_XB403),2026-09-26T14:04:07+00:00
91c8c103c6cddf12,2023-02-14,Beef,"Round, outside round (171B  3)",Choice Cuts,,,,Choice,,,,,275.0,312.0,,,292.83,$/cwt,2.9283,per lb,National,wholesale,,,,,,159977.0,lb,,2453,National Daily Boxed Beef Cutout & Boxed Beef Cuts - Negotiated Sales - PM (PDF) (LM_XB403),2026-09-26T14:04:07+00:00
aad94f68fa50e4d6,2023-02-14,Beef,"Round, outside round (171B  3)",Select Cuts,,,,Select,,,,,269.0,295.0,,,286.9,$/cwt,2.869,per lb,National,wholesale,,,,,,10558.0,lb,,2453,National Daily Boxed Beef Cutout & Boxed Beef Cuts - Negotiated Sales - PM (PDF) (LM_XB403),2026-09-26T14:04:07+00:00
134df3f58d5bb1fa,2023-02-14,Beef,"Round, top inside round (168  1)",Choice Cuts,,,,Choice,,,,,259.34,274.16,,,268.56,$/cwt,2.6856,per lb,National,wholesale,,,,,,17942.0,lb,,2453,National Daily Boxed Beef Cutout & Boxed Beef Cuts - Negotiated Sales - PM (PDF) (LM_XB403),2026-09-26T14:04:07+00:00
dc88638ad6995e68,2023-02-14,Beef,"Round, top inside round (168  3)",Choice Cuts,,,,Choice,,,,,244.0,324.75,,,278.94,$/cwt,2.7894,per lb,National,wholesale,,,,,,136089.0,lb,,2453,National Daily Boxed Beef Cutout & Boxed Beef Cuts - Negotiated Sales - PM (PDF) (LM_XB403),2026-09-26T14:04:07+00:00
dcc2f6817e097f4d,2023-02-14,Beef,"Round, top inside round (168  3)",Select Cuts,,,,Select,,,,,253.42,285.0,,,275.95,$/cwt,2.7595,per lb,National,wholesale,,,,,,37478.0,lb,,2453,National Daily Boxed Beef Cutout & Boxed Beef Cuts - Negotiated Sales - PM (PDF) (LM_XB403),2026-09-26T14:04:07+00:00
287f8d21320ea20e,2023-02-14,Beef,"Round, top inside, cap off (169A  5)",Choice Cuts,,,,Choice,,,,,425.0,460.0,,,457.47,$/cwt,4.5747,per lb,National,wholesale,,,,,,9196.0,lb,,2453,National Daily Boxed Beef Cutout & Boxed Beef Cuts - Negotiated Sales - PM (PDF) (LM_XB403),2026-09-26T14:04:07+00:00
2f3900fe84d05b1d,2023-02-14,Beef,"Round, top inside, denuded (169  5)",Choice Cuts,,,,Choice,,,,,302.73,323.0,,,307.28,$/cwt,3.0728,per lb,National,wholesale,,,,,,23019.0,lb,,2453,National Daily Boxed Beef Cutout & Boxed Beef Cuts - Negotiated Sales - PM (PDF) (LM_XB403),2026-09-26T14:04:07+00:00
effa4d59bcec2f01,2023-02-14,Beef,"Round, top inside, side off (  3)",Choice Cuts,,,,Choice,,,,,305.0,310.0,,,305.77,$/cwt,3.0577,per lb,National,wholesale,,,,,,47056.0,lb,,2453,National Daily Boxed Beef Cutout & Boxed Beef Cuts - Negotiated Sales - PM (PDF) (LM_XB403),2026-09-26T14:04:07+00:00
7994f564fad6cb29,2023-02-14,Beef,"Short Plate, short rib (123A  3)",Choice Cuts,,,,Choice,,,,,449.05,604.0,,,518.55,$/cwt,5.1855,per lb,National,wholesale,,,,,,27099.0,lb,,2453,National Daily Boxed Beef Cutout & Boxed Beef Cuts - Negotiated Sales - PM (PDF) (LM_XB403),2026-09-26T14:04:07+00:00
1fc90a86ae42c0f9,2023-02-14,Beef,"Short Plate, short rib (123A  3)",Select Cuts,,,,Select,,,,,450.02,550.25,,,527.93,$/cwt,5.2793,per lb,National,wholesale,,,,,,6585.0,lb,,2453,National Daily Boxed Beef Cutout & Boxed Beef Cuts - Negotiated Sales - PM (PDF) (LM_XB403),2026-09-26T14:04:07+00:00
9acab4cd599409c9,2023-02-15,Beef,"Brisket, deckle-off, bnls (120  1)",Choice Cuts,,,,Choice,,,,,244.0,297.0,,,278.43,$/cwt,2.7843,per lb,National,wholesale,,,,,,129010.0,lb,,2453,National Daily Boxed Beef Cutout & Boxed Beef Cuts - Negotiated Sales - PM (PDF) (LM_XB403),2026-09-26T14:04:07+00:00
119c6fe822e45baa,2023-02-15,Beef,"Brisket, deckle-off, bnls (120  1)",Select Cuts,,,,Select,,,,,255.0,289.0,,,265.34,$/cwt,2.6534,per lb,National,wholesale,,,,,,52904.0,lb,,2453,National Daily Boxed Beef Cutout & Boxed Beef Cuts - Negotiated Sales - PM (PDF) (LM_XB403),2026-09-26T14:04:07+00:00
4e6ed3f7955c0ae4,2023-02-15,Beef,"Brisket, point/off, bnls (120A  3)",Choice Cuts,,,,Choice,,,,,503.0,575.0,,,556.1,$/cwt,5.561,per lb,National,wholesale,,,,,,3654.0,lb,,2453,National Daily Boxed Beef Cutout & Boxed Beef Cuts - Negotiated Sales - PM (PDF) (LM_XB403),2026-09-26T14:04:07+00:00
64114c3fd5209bff,2023-02-15,Beef,"Chuck, chuck tender (116B  1)",Choice Cuts,,,,Choice,,,,,287.25,361.0,,,298.39,$/cwt,2.9839,per lb,National,wholesale,,,,,,50383.0,lb,,2453,National Daily Boxed Beef Cutout & Boxed Beef Cuts - Negotiated Sales - PM (PDF) (LM_XB403),2026-09-26T14:04:07+00:00
f8c580663d443ce0,2023-02-15,Beef,"Chuck, chuck tender (116B  1)",Select Cuts,,,,Select,,,,,287.0,349.0,,,302.98,$/cwt,3.0298,per lb,National,wholesale,,,,,,1600.0,lb,,2453,National Daily Boxed Beef Cutout & Boxed Beef Cuts - Negotiated Sales - PM (PDF) (LM_XB403),2026-09-26T14:04:07+00:00
740724d248ba7180,2023-02-15,Beef,"Chuck, clod tender (114F  5)",Choice Cuts,,,,Choice,,,,,474.75,533.0,,,516.41,$/cwt,5.1641,per lb,National,wholesale,,,,,,10426.0,lb,,2453,National Daily Boxed Beef Cutout & Boxed Beef Cuts - Negotiated Sales - PM (PDF) (LM_XB403),2026-09-26T14:04:07+00:00
3b4a580871ba17d1,2023-02-15,Beef,"Chuck, clod, arm roast (114E  3)",Choice Cuts,,,,Choice,,,,,400.0,410.0,,,407.19,$/cwt,4.0719,per lb,National,wholesale,,,,,,11210.0,lb,,2453,National Daily Boxed Beef Cutout & Boxed Beef Cuts - Negotiated Sales - PM (PDF) (LM_XB403),2026-09-26T14:04:07+00:00
d179ad7793f68ef2,2023-02-15,Beef,"Chuck, clod, top blade (114D  3)",Choice Cuts,,,,Choice,,,,,364.0,375.0,,,372.93,$/cwt,3.7293,per lb,National,wholesale,,,,,,3905.0,lb,,2453,National Daily Boxed Beef Cutout & Boxed Beef Cuts - Negotiated Sales - PM (PDF) (LM_XB403),2026-09-26T14:04:07+00:00
18a163c2ea3f18a8,2023-02-15,Beef,"Chuck, flap (116G  4)",Choice Cuts,,,,Choice,,,,,502.92,590.0,,,535.87,$/cwt,5.3587,per lb,National,wholesale,,,,,,62505.0,lb,,2453,National Daily Boxed Beef Cutout & Boxed Beef Cuts - Negotiated Sales - PM (PDF) (LM_XB403),2026-09-26T14:04:07+00:00
ce4da3e1d5e5eb61,2023-02-15,Beef,"Chuck, flap (116G  4)",Select Cuts,,,,Select,,,,,488.0,525.0,,,515.52,$/cwt,5.1552,per lb,National,wholesale,,,,,,16385.0,lb,,2453,National Daily Boxed Beef Cutout & Boxed Beef Cuts - Negotiated Sales - PM (PDF) (LM_XB403),2026-09-26T14:04:07+00:00
e59854e7b0946f15,2023-02-15,Beef,"Chuck, roll, lxl, neck/off (116A  3)",Choice Cuts,,,,Choice,,,,,317.0,375.78,,,356.51,$/cwt,3.5651,per lb,National,wholesale,,,,,,85626.0,lb,,2453,National Daily Boxed Beef Cutout & Boxed Beef Cuts - Negotiated Sales - PM (PDF) (LM_XB403),2026-09-26T14:04:07+00:00
0d14aaa5480bcf36,2023-02-15,Beef,"Chuck, roll, lxl, neck/off (116A  3)",Select Cuts,,,,Select,,,,,310.19,361.0,,,331.68,$/cwt,3.3168,per lb,National,wholesale,,,,,,58288.0,lb,,2453,National Daily Boxed Beef Cutout & Boxed Beef Cuts - Negotiated Sales - PM (PDF) (LM_XB403),2026-09-26T14:04:07+00:00
15e2445631401a35,2023-02-15,Beef,"Chuck, semi-bnls, neck/off (113C  1)",Select Cuts,,,,Select,,,,,299.0,325.0,,,311.79,$/cwt,3.1179,per lb,National,wholesale,,,,,,2850.0,lb,,2453,National Daily Boxed Beef Cutout & Boxed Beef Cuts - Negotiated Sales - PM (PDF) (LM_XB403),2026-09-26T14:04:07+00:00
449e8b54f29e7dd4,2023-02-15,Beef,"Chuck, short rib (130  4)",Choice Cuts,,,,Choice,,,,,378.0,467.0,,,424.43,$/cwt,4.2443,per lb,National,wholesale,,,,,,24618.0,lb,,2453,National Daily Boxed Beef Cutout & Boxed Beef Cuts - Negotiated Sales - PM (PDF) (LM_XB403),2026-09-26T14:04:07+00:00
55bfd71e6f0f08ca,2023-02-15,Beef,"Chuck, shoulder clod (114  1)",Choice Cuts,,,,Choice,,,,,264.5,282.0,,,271.72,$/cwt,2.7172,per lb,National,wholesale,,,,,,17689.0,lb,,2453,National Daily Boxed Beef Cutout & Boxed Beef Cuts - Negotiated Sales - PM (PDF) (LM_XB403),2026-09-26T14:04:07+00:00
fd02060f075fda08,2023-02-15,Beef,"Chuck, shoulder clod, trmd (114A  3)",Choice Cuts,,,,Choice,,,,,268.73,293.0,,,279.04,$/cwt,2.7904,per lb,National,wholesale,,,,,,36644.0,lb,,2453,National Daily Boxed Beef Cutout & Boxed Beef Cuts - Negotiated Sales - PM (PDF) (LM_XB403),2026-09-26T14:04:07+00:00
ad41f4f698ef2006,2023-02-15,Beef,"Chuck, shoulder clod, trmd (114A  3)",Select Cuts,,,,Select,,,,,285.0,289.0,,,287.97,$/cwt,2.8797,per lb,National,wholesale,,,,,,6102.0,lb,,2453,National Daily Boxed Beef Cutout & Boxed Beef Cuts - Negotiated Sales - PM (PDF) (LM_XB403),2026-09-26T14:04:07+00:00
9cc84aae652ca20b,2023-02-15,Beef,Cutout 600-900 lb,,,,,Choice,,,,,,,,,275.67,$/cwt,2.7567,per lb,National,wholesale,,,,,,,,,2453,National Daily Boxed Beef Cutout & Boxed Beef Cuts - Negotiated Sales - PM (PDF) (LM_XB403),2026-09-26T14:04:07+00:00
d395da62e28a480c,2023-02-15,Beef,Cutout 600-900 lb,,,,,Select,,,,,,,,,261.19,$/cwt,2.6119,per lb,National,wholesale,,,,,,,,,2453,National Daily Boxed Beef Cutout & Boxed Beef Cuts - Negotiated Sales - PM (PDF) (LM_XB403),2026-09-26T14:04:07+00:00
3a755b800a13f0e5,2023-02-15,Beef,"Flank, flank steak (193  4)",Choice Cuts,,,,Choice,,,,,550.0,645.0,,,588.0,$/cwt,5.88,per lb,National,wholesale,,,,,,16402.0,lb,,2453,National Daily Boxed Beef Cutout & Boxed Beef Cuts - Negotiated Sales - PM (PDF) (LM_XB403),2026-09-26T14:04:07+00:00
7a6c1203688dbbdc,2023-02-15,Beef,"Flank, flank steak (193  4)",Select Cuts,,,,Select,,,,,548.0,615.0,,,570.65,$/cwt,5.7065,per lb,National,wholesale,,,,,,7642.0,lb,,2453,National Daily Boxed Beef Cutout & Boxed Beef Cuts - Negotiated Sales - PM (PDF) (LM_XB403),2026-09-26T14:04:07+00:00
5a67bb5f601474e1,2023-02-15,Beef,Ground Beef 73%,Ground Beef,,,,,,,,,170.0,212.66,,,189.04,$/cwt,1.8904,per lb,National,wholesale,,,,,,101390.0,lb,,2453,National Daily Boxed Beef Cutout & Boxed Beef Cuts - Negotiated Sales - PM (PDF) (LM_XB403),2026-09-26T14:04:07+00:00
e3dc03a0db47dbd2,2023-02-15,Beef,Ground Beef 75%,Ground Beef,,,,,,,,,200.0,224.0,,,205.5,$/cwt,2.055,per lb,National,wholesale,,,,,,4013.0,lb,,2453,National Daily Boxed Beef Cutout & Boxed Beef Cuts - Negotiated Sales - PM (PDF) (LM_XB403),2026-09-26T14:04:07+00:00
0bc3061a1aa124a7,2023-02-15,Beef,Ground Beef 81%,Ground Beef,,,,,,,,,215.0,277.2,,,230.25,$/cwt,2.3025,per lb,National,wholesale,,,,,,118546.0,lb,,2453,National Daily Boxed Beef Cutout & Boxed Beef Cuts - Negotiated Sales - PM (PDF) (LM_XB403),2026-09-26T14:04:07+00:00
ff9d7a3de7d62805,2023-02-15,Beef,Ground Beef 85%,Ground Beef,,,,,,,,,278.0,290.0,,,279.52,$/cwt,2.7952,per lb,National,wholesale,,,,,,5111.0,lb,,2453,National Daily Boxed Beef Cutout & Boxed Beef Cuts - Negotiated Sales - PM (PDF) (LM_XB403),2026-09-26T14:04:07+00:00
d37e1cc7071e0298,2023-02-15,Beef,Ground Beef 93%,Ground Beef,,,,,,,,,359.3,367.5,,,363.77,$/cwt,3.6377,per lb,National,wholesale,,,,,,17132.0,lb,,2453,National Daily Boxed Beef Cutout & Boxed Beef Cuts - Negotiated Sales - PM (PDF) (LM_XB403),2026-09-26T14:04:07+00:00
ce0c981fc335a995,2023-02-15,Beef,Ground Beef Chuck,Ground Beef,,,,,,,,,246.0,294.26,,,262.91,$/cwt,2.6291,per lb,National,wholesale,,,,,,6231.0,lb,,2453,National Daily Boxed Beef Cutout & Boxed Beef Cuts - Negotiated Sales - PM (PDF) (LM_XB403),2026-09-26T14:04:07+00:00
5bfd1a8796a19c30,2023-02-15,Beef,"Loin, ball-tip, bnls, heavy (185B  1)",Choice Cuts,,,,Choice,,,,,287.0,314.0,,,297.2,$/cwt,2.972,per lb,National,wholesale,,,,,,214849.0,lb,,2453,National Daily Boxed Beef Cutout & Boxed Beef Cuts - Negotiated Sales - PM (PDF) (LM_XB403),2026-09-26T14:04:07+00:00
474e435ea3006559,2023-02-15,Beef,"Loin, ball-tip, bnls, heavy (185B  1)",Select Cuts,,,,Select,,,,,283.4,310.0,,,295.37,$/cwt,2.9537,per lb,National,wholesale,,,,,,54233.0,lb,,2453,National Daily Boxed Beef Cutout & Boxed Beef Cuts - Negotiated Sales - PM (PDF) (LM_XB403),2026-09-26T14:04:07+00:00
4cdc67ab7a6eead1,2023-02-15,Beef,"Loin, bottom sirloin, flap (185A  4)",Choice Cuts,,,,Choice,,,,,650.0,735.7,,,671.94,$/cwt,6.7194,per lb,National,wholesale,,,,,,19992.0,lb,,2453,National Daily Boxed Beef Cutout & Boxed Beef Cuts - Negotiated Sales - PM (PDF) (LM_XB403),2026-09-26T14:04:07+00:00
723dc60355a3777e,2023-02-15,Beef,"Loin, bottom sirloin, flap (185A  4)",Select Cuts,,,,Select,,,,,620.0,676.0,,,649.94,$/cwt,6.4994,per lb,National,wholesale,,,,,,22099.0,lb,,2453,National Daily Boxed Beef Cutout & Boxed Beef Cuts - Negotiated Sales - PM (PDF) (LM_XB403),2026-09-26T14:04:07+00:00
4af580019c991594,2023-02-15,Beef,"Loin, butt tender, trimmed (191A  4)",Choice Cuts,,,,Choice,,,,,1258.0,1300.0,,,1270.48,$/cwt,12.7048,per lb,National,wholesale,,,,,,5775.0,lb,,2453,National Daily Boxed Beef Cutout & Boxed Beef Cuts - Negotiated Sales - PM (PDF) (LM_XB403),2026-09-26T14:04:07+00:00
046c4f993cee869a,2023-02-15,Beef,"Loin, short loin, 0x1 (174  3)",Choice Cuts,,,,Choice,,,,,700.0,825.0,,,731.1,$/cwt,7.311,per lb,National,wholesale,,,,,,19714.0,lb,,2453,National Daily Boxed Beef Cutout & Boxed Beef Cuts - Negotiated Sales - PM (PDF) (LM_XB403),2026-09-26T14:04:07+00:00
a55a3de6a31eecb0,2023-02-15,Beef,"Loin, short loin, 0x1 (174  3)",Select Cuts,,,,Select,,,,,630.0,687.8,,,671.53,$/cwt,6.7153,per lb,National,wholesale,,,,,,20708.0,lb,,2453,National Daily Boxed Beef Cutout & Boxed Beef Cuts - Negotiated Sales - PM (PDF) (LM_XB403),2026-09-26T14:04:07+00:00
2137a95970c01a2d,2023-02-15,Beef,"Loin, sirloin, tri-tip (185C  1)",Choice Cuts,,,,Choice,,,,,359.75,370.0,,,363.5,$/cwt,3.635,per lb,National,wholesale,,,,,,15891.0,lb,,2453,National Daily Boxed Beef Cutout & Boxed Beef Cuts - Negotiated Sales - PM (PDF) (LM_XB403),2026-09-26T14:04:07+00:00
050837f8297c6294,2023-02-15,Beef,"Loin, sirloin, tri-tip (185C  1)",Select Cuts,,,,Select,,,,,278.0,344.0,,,289.07,$/cwt,2.8907,per lb,National,wholesale,,,,,,38814.0,lb,,2453,National Daily Boxed Beef Cutout & Boxed Beef Cuts - Negotiated Sales - PM (PDF) (LM_XB403),2026-09-26T14:04:07+00:00
62eba5ebcd2515cf,2023-02-15,Beef,"Loin, sirloin, tri-tip, pld (185D  4)",Choice Cuts,,,,Choice,,,,,498.0,555.0,,,520.27,$/cwt,5.2027,per lb,National,wholesale,,,,,,6372.0,lb,,2453,National Daily Boxed Beef Cutout & Boxed Beef Cuts - Negotiated Sales - PM (PDF) (LM_XB403),2026-09-26T14:04:07+00:00
04f45b2163296c4f,2023-02-15,Beef,"Loin, strip loin bnls. 1x1 (  1)",Choice Cuts,,,,Choice,,,,,755.0,775.0,,,766.76,$/cwt,7.6676,per lb,National,wholesale,,,,,,1759.0,lb,,2453,National Daily Boxed Beef Cutout & Boxed Beef Cuts - Negotiated Sales - PM (PDF) (LM_XB403),2026-09-26T14:04:07+00:00
0232441f3343dc4e,2023-02-15,Beef,"Loin, strip loin, 1x1 (175  3)",Choice Cuts,,,,Choice,,,,,699.74,740.0,,,700.97,$/cwt,7.0097,per lb,National,wholesale,,,,,,82281.0,lb,,2453,National Daily Boxed Beef Cutout & Boxed Beef Cuts - Negotiated Sales - PM (PDF) (LM_XB403),2026-09-26T14:04:07+00:00
f3f7a2d31d4cef99,2023-02-15,Beef,"Loin, strip, bnls, 0x1 (180  3)",Choice Cuts,,,,Choice,,,,,797.0,875.0,,,844.15,$/cwt,8.4415,per lb,National,wholesale,,,,,,147156.0,lb,,2453,National Daily Boxed Beef Cutout & Boxed Beef Cuts - Negotiated Sales - PM (PDF) (LM_XB403),2026-09-26T14:04:07+00:00
4128e1efc1ebebc6,2023-02-15,Beef,"Loin, strip, bnls, 0x1 (180  3)",Select Cuts,,,,Select,,,,,637.0,687.8,,,654.06,$/cwt,6.5406,per lb,National,wholesale,,,,,,77175.0,lb,,2453,National Daily Boxed Beef Cutout & Boxed Beef Cuts - Negotiated Sales - PM (PDF) (LM_XB403),2026-09-26T14:04:07+00:00
4e84692b4da0f0a1,2023-02-15,Beef,"Loin, tndrloin, trmd, heavy (189A  4)",Choice Cuts,,,,Choice,,,,,1400.0,1694.0,,,1447.3,$/cwt,14.473,per lb,National,wholesale,,,,,,138562.0,lb,,2453,National Daily Boxed Beef Cutout & Boxed Beef Cuts - Negotiated Sales - PM (PDF) (LM_XB403),2026-09-26T14:04:07+00:00
a70f7f96d1bb6db5,2023-02-15,Beef,"Loin, tndrloin, trmd, heavy (189A  4)",Select Cuts,,,,Select,,,,,1428.48,1515.7,,,1450.36,$/cwt,14.5036,per lb,National,wholesale,,,,,,19657.0,lb,,2453,National Daily Boxed Beef Cutout & Boxed Beef Cuts - Negotiated Sales - PM (PDF) (LM_XB403),2026-09-26T14:04:07+00:00
bc429e1ec1fc1f7b,2023-02-15,Beef,"Loin, top butt, CC (184B  3)",Choice Cuts,,,,Choice,,,,,550.0,605.0,,,558.28,$/cwt,5.5828,per lb,National,wholesale,,,,,,4581.0,lb,,2453,National Daily Boxed Beef Cutout & Boxed Beef Cuts - Negotiated Sales - PM (PDF) (LM_XB403),2026-09-26T14:04:07+00:00
493e0961449ef2f8,2023-02-15,Beef,"Loin, top butt, boneless (184  3)",Choice Cuts,,,,Choice,,,,,381.0,410.0,,,397.17,$/cwt,3.9717,per lb,National,wholesale,,,,,,45290.0,lb,,2453,National Daily Boxed Beef Cutout & Boxed Beef Cuts - Negotiated Sales - PM (PDF) (LM_XB403),2026-09-26T14:04:07+00:00
d8f9b8be05f8185b,2023-02-15,Beef,"Loin, top butt, boneless (184  3)",Select Cuts,,,,Select,,,,,379.05,400.0,,,390.07,$/cwt,3.9007,per lb,National,wholesale,,,,,,5040.0,lb,,2453,National Daily Boxed Beef Cutout & Boxed Beef Cuts - Negotiated Sales - PM (PDF) (LM_XB403),2026-09-26T14:04:07+00:00
4d95b16418d64e98,2023-02-15,Beef,"Rib, ribeye, bnls, heavy (112A  3)",Choice Cuts,,,,Choice,,,,,989.0,1050.0,,,1023.28,$/cwt,10.2328,per lb,National,wholesale,,,,,,42850.0,lb,,2453,National Daily Boxed Beef Cutout & Boxed Beef Cuts - Negotiated Sales - PM (PDF) (LM_XB403),2026-09-26T14:04:07+00:00
c64d85f37b0aa253,2023-02-15,Beef,"Rib, ribeye, bnls, heavy (112A  3)",Select Cuts,,,,Select,,,,,787.35,872.8,,,838.31,$/cwt,8.3831,per lb,National,wholesale,,,,,,20560.0,lb,,2453,National Daily Boxed Beef Cutout & Boxed Beef Cuts - Negotiated Sales - PM (PDF) (LM_XB403),2026-09-26T14:04:07+00:00
2cd75f656f542bb5,2023-02-15,Beef,"Rib, ribeye, bnls, light (112A  3)",Choice Cuts,,,,Choice,,,,,993.05,1082.0,,,1008.99,$/cwt,10.0899,per lb,National,wholesale,,,,,,28184.0,lb,,2453,National Daily Boxed Beef Cutout & Boxed Beef Cuts - Negotiated Sales - PM (PDF) (LM_XB403),2026-09-26T14:04:07+00:00
17ae66f89c031131,2023-02-15,Beef,"Rib, ribeye, bnls, light (112A  3)",Select Cuts,,,,Select,,,,,805.0,862.42,,,841.22,$/cwt,8.4122,per lb,National,wholesale,,,,,,33601.0,lb,,2453,National Daily Boxed Beef Cutout & Boxed Beef Cuts - Negotiated Sales - PM (PDF) (LM_XB403),2026-09-26T14:04:07+00:00
e77edb5aeb1f33f9,2023-02-15,Beef,"Rib, ribeye, lip-on, bn-in (109E  1)",Choice Cuts,,,,Choice,,,,,849.0,952.8,,,877.07,$/cwt,8.7707,per lb,National,wholesale,,,,,,14854.0,lb,,2453,National Daily Boxed Beef Cutout & Boxed Beef Cuts - Negotiated Sales - PM (PDF) (LM_XB403),2026-09-26T14:04:07+00:00
d0af7b5a9e107faa,2023-02-15,Beef,"Round, eye of round (171C  3)",Choice Cuts,,,,Choice,,,,,274.24,338.12,,,301.72,$/cwt,3.0172,per lb,National,wholesale,,,,,,63672.0,lb,,2453,National Daily Boxed Beef Cutout & Boxed Beef Cuts - Negotiated Sales - PM (PDF) (LM_XB403),2026-09-26T14:04:07+00:00
d749ad20dc6268ef,2023-02-15,Beef,"Round, eye of round (171C  3)",Select Cuts,,,,Select,,,,,294.0,306.0,,,299.24,$/cwt,2.9924,per lb,National,wholesale,,,,,,3376.0,lb,,2453,National Daily Boxed Beef Cutout & Boxed Beef Cuts - Negotiated Sales - PM (PDF) (LM_XB403),2026-09-26T14:04:07+00:00
8c923cf9040ff703,2023-02-15,Beef,"Round, knuckle, peeled (167A  4)",Choice Cuts,,,,Choice,,,,,300.0,351.3,,,310.71,$/cwt,3.1071,per lb,National,wholesale,,,,,,57183.0,lb,,2453,National Daily Boxed Beef Cutout & Boxed Beef Cuts - Negotiated Sales - PM (PDF) (LM_XB403),2026-09-26T14:04:07+00:00
d657589abd399abb,2023-02-15,Beef,"Round, knuckle, peeled (167A  4)",Select Cuts,,,,Select,,,,,294.49,305.0,,,294.86,$/cwt,2.9486,per lb,National,wholesale,,,,,,18446.0,lb,,2453,National Daily Boxed Beef Cutout & Boxed Beef Cuts - Negotiated Sales - PM (PDF) (LM_XB403),2026-09-26T14:04:07+00:00
6bd0f14f71549d81,2023-02-15,Beef,"Round, outside round (171B  3)",Choice Cuts,,,,Choice,,,,,261.0,314.89,,,286.51,$/cwt,2.8651,per lb,National,wholesale,,,,,,80336.0,lb,,2453,National Daily Boxed Beef Cutout & Boxed Beef Cuts - Negotiated Sales - PM (PDF) (LM_XB403),2026-09-26T14:04:07+00:00
a074a2e73fdefc40,2023-02-15,Beef,"Round, outside round (171B  3)",Select Cuts,,,,Select,,,,,280.0,302.42,,,292.88,$/cwt,2.9288,per lb,National,wholesale,,,,,,35891.0,lb,,2453,National Daily Boxed Beef Cutout & Boxed Beef Cuts - Negotiated Sales - PM (PDF) (LM_XB403),2026-09-26T14:04:07+00:00
c796d1d5a05a42a3,2023-02-15,Beef,"Round, top inside round (168  1)",Choice Cuts,,,,Choice,,,,,265.0,280.06,,,270.56,$/cwt,2.7056,per lb,National,wholesale,,,,,,27860.0,lb,,2453,National Daily Boxed Beef Cutout & Boxed Beef Cuts - Negotiated Sales - PM (PDF) (LM_XB403),2026-09-26T14:04:07+00:00
405f31037ec4b149,2023-02-15,Beef,"Round, top inside round (168  1)",Select Cuts,,,,Select,,,,,267.0,278.0,,,270.21,$/cwt,2.7021,per lb,National,wholesale,,,,,,1878.0,lb,,2453,National Daily Boxed Beef Cutout & Boxed Beef Cuts - Negotiated Sales - PM (PDF) (LM_XB403),2026-09-26T14:04:07+00:00
5af2e6c8b2a20a3c,2023-02-15,Beef,"Round, top inside round (168  3)",Choice Cuts,,,,Choice,,,,,249.0,302.8,,,278.26,$/cwt,2.7826,per lb,National,wholesale,,,,,,478262.0,lb,,2453,National Daily Boxed Beef Cutout & Boxed Beef Cuts - Negotiated Sales - PM (PDF) (LM_XB403),2026-09-26T14:04:07+00:00
fbd55c4a5fac71a7,2023-02-15,Beef,"Round, top inside round (168  3)",Select Cuts,,,,Select,,,,,250.0,300.0,,,272.04,$/cwt,2.7204,per lb,National,wholesale,,,,,,13712.0,lb,,2453,National Daily Boxed Beef Cutout & Boxed Beef Cuts - Negotiated Sales - PM (PDF) (LM_XB403),2026-09-26T14:04:07+00:00
a74a4e7e2c605bd3,2023-02-15,Beef,"Round, top inside, cap off (169A  5)",Choice Cuts,,,,Choice,,,,,397.0,455.0,,,416.6,$/cwt,4.166,per lb,National,wholesale,,,,,,1760.0,lb,,2453,National Daily Boxed Beef Cutout & Boxed Beef Cuts - Negotiated Sales - PM (PDF) (LM_XB403),2026-09-26T14:04:07+00:00
2a34801f62cd9838,2023-02-15,Beef,"Round, top inside, denuded (169  5)",Choice Cuts,,,,Choice,,,,,307.05,361.0,,,339.39,$/cwt,3.3939,per lb,National,wholesale,,,,,,9756.0,lb,,2453,National Daily Boxed Beef Cutout & Boxed Beef Cuts - Negotiated Sales - PM (PDF) (LM_XB403),2026-09-26T14:04:07+00:00
0bca3b3c08544a0f,2023-02-15,Beef,"Short Plate, short rib (123A  3)",Choice Cuts,,,,Choice,,,,,452.46,608.0,,,527.8,$/cwt,5.278,per lb,National,wholesale,,,,,,17019.0,lb,,2453,National Daily Boxed Beef Cutout & Boxed Beef Cuts - Negotiated Sales - PM (PDF) (LM_XB403),2026-09-26T14:04:07+00:00
5169fdd8efdd6349,2023-02-15,Beef,"Short Plate, short rib (123A  3)",Select Cuts,,,,Select,,,,,449.09,451.8,,,451.23,$/cwt,4.5123,per lb,National,wholesale,,,,,,5597.0,lb,,2453,National Daily Boxed Beef Cutout & Boxed Beef Cuts - Negotiated Sales - PM (PDF) (LM_XB403),2026-09-26T14:04:07+00:00
4b6e3a9379807466,2023-02-16,Beef,"Brisket, deckle-off, bnls (120  1)",Choice Cuts,,,,Choice,,,,,260.0,300.79,,,277.84,$/cwt,2.7784,per lb,National,wholesale,,,,,,234556.0,lb,,2453,National Daily Boxed Beef Cutout & Boxed Beef Cuts - Negotiated Sales - PM (PDF) (LM_XB403),2026-09-26T14:04:07+00:00
93ab69f29c3b8586,2023-02-16,Beef,"Brisket, deckle-off, bnls (120  1)",Select Cuts,,,,Select,,,,,265.0,280.0,,,275.53,$/cwt,2.7553,per lb,National,wholesale,,,,,,8022.0,lb,,2453,National Daily Boxed Beef Cutout & Boxed Beef Cuts - Negotiated Sales - PM (PDF) (LM_XB403),2026-09-26T14:04:07+00:00
1a90f9da71574c68,2023-02-16,Beef,"Brisket, point/off, bnls (120A  3)",Choice Cuts,,,,Choice,,,,,505.0,590.0,,,533.72,$/cwt,5.3372,per lb,National,wholesale,,,,,,10267.0,lb,,2453,National Daily Boxed Beef Cutout & Boxed Beef Cuts - Negotiated Sales - PM (PDF) (LM_XB403),2026-09-26T14:04:07+00:00
ceade88faaeabd52,2023-02-16,Beef,"Chuck, chuck tender (116B  1)",Choice Cuts,,,,Choice,,,,,284.0,341.0,,,299.88,$/cwt,2.9988,per lb,National,wholesale,,,,,,59033.0,lb,,2453,National Daily Boxed Beef Cutout & Boxed Beef Cuts - Negotiated Sales - PM (PDF) (LM_XB403),2026-09-26T14:04:07+00:00
60b60178ee4ac040,2023-02-16,Beef,"Chuck, clod tender (114F  5)",Choice Cuts,,,,Choice,,,,,480.75,525.0,,,504.7,$/cwt,5.047,per lb,National,wholesale,,,,,,1859.0,lb,,2453,National Daily Boxed Beef Cutout & Boxed Beef Cuts - Negotiated Sales - PM (PDF) (LM_XB403),2026-09-26T14:04:07+00:00
d6b56d7eff58764d,2023-02-16,Beef,"Chuck, clod tender (114F  5)",Select Cuts,,,,Select,,,,,409.0,455.0,,,434.09,$/cwt,4.3409,per lb,National,wholesale,,,,,,3659.0,lb,,2453,National Daily Boxed Beef Cutout & Boxed Beef Cuts - Negotiated Sales - PM (PDF) (LM_XB403),2026-09-26T14:04:07+00:00
803ea2256d9b9b57,2023-02-16,Beef,"Chuck, clod, arm roast (114E  3)",Choice Cuts,,,,Choice,,,,,403.0,430.0,,,410.88,$/cwt,4.1088,per lb,National,wholesale,,,,,,24388.0,lb,,2453,National Daily Boxed Beef Cutout & Boxed Beef Cuts - Negotiated Sales - PM (PDF) (LM_XB403),2026-09-26T14:04:07+00:00
316da2bd74607ba3,2023-02-16,Beef,"Chuck, clod, top blade (114D  3)",Choice Cuts,,,,Choice,,,,,328.0,385.0,,,346.97,$/cwt,3.4697,per lb,National,wholesale,,,,,,5289.0,lb,,2453,National Daily Boxed Beef Cutout & Boxed Beef Cuts - Negotiated Sales - PM (PDF) (LM_XB403),2026-09-26T14:04:07+00:00
3e9a74bcebf1598c,2023-02-16,Beef,"Chuck, flap (116G  4)",Choice Cuts,,,,Choice,,,,,524.04,569.89,,,554.13,$/cwt,5.5413,per lb,National,wholesale,,,,,,16759.0,lb,,2453,National Daily Boxed Beef Cutout & Boxed Beef Cuts - Negotiated Sales - PM (PDF) (LM_XB403),2026-09-26T14:04:07+00:00
8b999b17b9cb6da5,2023-02-16,Beef,"Chuck, flap (116G  4)",Select Cuts,,,,Select,,,,,503.67,540.0,,,535.0,$/cwt,5.35,per lb,National,wholesale,,,,,,20315.0,lb,,2453,National Daily Boxed Beef Cutout & Boxed Beef Cuts - Negotiated Sales - PM (PDF) (LM_XB403),2026-09-26T14:04:07+00:00
c1b6c437e646e3e8,2023-02-16,Beef,"Chuck, roll, lxl, neck/off (116A  3)",Choice Cuts,,,,Choice,,,,,322.0,410.79,,,383.31,$/cwt,3.8331,per lb,National,wholesale,,,,,,383435.0,lb,,2453,National Daily Boxed Beef Cutout & Boxed Beef Cuts - Negotiated Sales - PM (PDF) (LM_XB403),2026-09-26T14:04:07+00:00
b2ca672c64890cb2,2023-02-16,Beef,"Chuck, roll, lxl, neck/off (116A  3)",Select Cuts,,,,Select,,,,,322.0,383.25,,,335.33,$/cwt,3.3533,per lb,National,wholesale,,,,,,7827.0,lb,,2453,National Daily Boxed Beef Cutout & Boxed Beef Cuts - Negotiated Sales - PM (PDF) (LM_XB403),2026-09-26T14:04:07+00:00
4146040c38bfe364,2023-02-16,Beef,"Chuck, roll, retail ready (916A  3)",Choice Cuts,,,,Choice,,,,,357.0,405.0,,,386.99,$/cwt,3.8699,per lb,National,wholesale,,,,,,77435.0,lb,,2453,National Daily Boxed Beef Cutout & Boxed Beef Cuts - Negotiated Sales - PM (PDF) (LM_XB403),2026-09-26T14:04:07+00:00
13ee4d31abcf52a9,2023-02-16,Beef,"Chuck, short rib (130  4)",Choice Cuts,,,,Choice,,,,,425.0,467.0,,,432.39,$/cwt,4.3239,per lb,National,wholesale,,,,,,45030.0,lb,,2453,National Daily Boxed Beef Cutout & Boxed Beef Cuts - Negotiated Sales - PM (PDF) (LM_XB403),2026-09-26T14:04:07+00:00
f6c64afc9e505d45,2023-02-16,Beef,"Chuck, short rib (130  4)",Select Cuts,,,,Select,,,,,435.0,439.7,,,437.42,$/cwt,4.3742,per lb,National,wholesale,,,,,,2707.0,lb,,2453,National Daily Boxed Beef Cutout & Boxed Beef Cuts - Negotiated Sales - PM (PDF) (LM_XB403),2026-09-26T14:04:07+00:00
d3985264895f1e3e,2023-02-16,Beef,"Chuck, shoulder clod (114  1)",Select Cuts,,,,Select,,,,,255.37,292.0,,,288.9,$/cwt,2.889,per lb,National,wholesale,,,,,,29287.0,lb,,2453,National Daily Boxed Beef Cutout & Boxed Beef Cuts - Negotiated Sales - PM (PDF) (LM_XB403),2026-09-26T14:04:07+00:00
59ef66c6bc00c3df,2023-02-16,Beef,"Chuck, shoulder clod, trmd (114A  3)",Choice Cuts,,,,Choice,,,,,269.0,298.0,,,281.51,$/cwt,2.8151,per lb,National,wholesale,,,,,,143754.0,lb,,2453,National Daily Boxed Beef Cutout & Boxed Beef Cuts - Negotiated Sales - PM (PDF) (LM_XB403),2026-09-26T14:04:07+00:00
58cff6d33c97f8f8,2023-02-16,Beef,"Chuck, shoulder clod, trmd (114A  3)",Select Cuts,,,,Select,,,,,269.0,290.0,,,279.54,$/cwt,2.7954,per lb,National,wholesale,,,,,,13911.0,lb,,2453,National Daily Boxed Beef Cutout & Boxed Beef Cuts - Negotiated Sales - PM (PDF) (LM_XB403),2026-09-26T14:04:07+00:00
49ce215a3b2a525c,2023-02-16,Beef,Cutout 600-900 lb,,,,,Select,,,,,,,,,262.64,$/cwt,2.6264,per lb,National,wholesale,,,,,,,,,2453,National Daily Boxed Beef Cutout & Boxed Beef Cuts - Negotiated Sales - PM (PDF) (LM_XB403),2026-09-26T14:04:07+00:00
f597c9a60b74b72e,2023-02-16,Beef,Cutout 600-900 lb,,,,,Choice,,,,,,,,,279.55,$/cwt,2.7955,per lb,National,wholesale,,,,,,,,,2453,National Daily Boxed Beef Cutout & Boxed Beef Cuts - Negotiated Sales - PM (PDF) (LM_XB403),2026-09-26T14:04:07+00:00
f3e9a545bb9cca22,2023-02-16,Beef,"Flank, flank steak (193  4)",Choice Cuts,,,,Choice,,,,,578.0,660.25,,,594.86,$/cwt,5.9486,per lb,National,wholesale,,,,,,61611.0,lb,,2453,National Daily Boxed Beef Cutout & Boxed Beef Cuts - Negotiated Sales - PM (PDF) (LM_XB403),2026-09-26T14:04:07+00:00
1f80b0377ef11256,2023-02-16,Beef,Ground Beef 73%,Ground Beef,,,,,,,,,173.25,239.25,,,183.98,$/cwt,1.8398,per lb,National,wholesale,,,,,,141988.0,lb,,2453,National Daily Boxed Beef Cutout & Boxed Beef Cuts - Negotiated Sales - PM (PDF) (LM_XB403),2026-09-26T14:04:07+00:00
5d9c151994939545,2023-02-16,Beef,Ground Beef 81%,Ground Beef,,,,,,,,,209.25,284.36,,,234.09,$/cwt,2.3409,per lb,National,wholesale,,,,,,287342.0,lb,,2453,National Daily Boxed Beef Cutout & Boxed Beef Cuts - Negotiated Sales - PM (PDF) (LM_XB403),2026-09-26T14:04:07+00:00
e38695e525e3fde1,2023-02-16,Beef,Ground Beef 85%,Ground Beef,,,,,,,,,266.0,301.23,,,276.05,$/cwt,2.7605,per lb,National,wholesale,,,,,,45848.0,lb,,2453,National Daily Boxed Beef Cutout & Boxed Beef Cuts - Negotiated Sales - PM (PDF) (LM_XB403),2026-09-26T14:04:07+00:00
436eca5a33df2b8e,2023-02-16,Beef,Ground Beef 93%,Ground Beef,,,,,,,,,350.99,366.0,,,364.76,$/cwt,3.6476,per lb,National,wholesale,,,,,,22451.0,lb,,2453,National Daily Boxed Beef Cutout & Boxed Beef Cuts - Negotiated Sales - PM (PDF) (LM_XB403),2026-09-26T14:04:07+00:00
7118e3ff9499d36b,2023-02-16,Beef,Ground Beef Chuck,Ground Beef,,,,,,,,,238.75,255.0,,,243.34,$/cwt,2.4334,per lb,National,wholesale,,,,,,57816.0,lb,,2453,National Daily Boxed Beef Cutout & Boxed Beef Cuts - Negotiated Sales - PM (PDF) (LM_XB403),2026-09-26T14:04:07+00:00
d1f663a23ed39b49,2023-02-16,Beef,Ground Beef Round,Ground Beef,,,,,,,,,310.0,331.0,,,315.54,$/cwt,3.1554,per lb,National,wholesale,,,,,,3531.0,lb,,2453,National Daily Boxed Beef Cutout & Boxed Beef Cuts - Negotiated Sales - PM (PDF) (LM_XB403),2026-09-26T14:04:07+00:00
604c3bc095c5afd2,2023-02-16,Beef,"Loin, ball-tip, bnls, heavy (185B  1)",Choice Cuts,,,,Choice,,,,,278.0,325.0,,,308.21,$/cwt,3.0821,per lb,National,wholesale,,,,,,49993.0,lb,,2453,National Daily Boxed Beef Cutout & Boxed Beef Cuts - Negotiated Sales - PM (PDF) (LM_XB403),2026-09-26T14:04:07+00:00
5d3079a9962aef11,2023-02-16,Beef,"Loin, ball-tip, bnls, heavy (185B  1)",Select Cuts,,,,Select,,,,,295.0,305.0,,,304.72,$/cwt,3.0472,per lb,National,wholesale,,,,,,14363.0,lb,,2453,National Daily Boxed Beef Cutout & Boxed Beef Cuts - Negotiated Sales - PM (PDF) (LM_XB403),2026-09-26T14:04:07+00:00
6c3851f9659450c4,2023-02-16,Beef,"Loin, bottom sirloin, flap (185A  4)",Choice Cuts,,,,Choice,,,,,679.0,762.5,,,701.23,$/cwt,7.0123,per lb,National,wholesale,,,,,,23742.0,lb,,2453,National Daily Boxed Beef Cutout & Boxed Beef Cuts - Negotiated Sales - PM (PDF) (LM_XB403),2026-09-26T14:04:07+00:00
3b66418102659d37,2023-02-16,Beef,"Loin, bottom sirloin, flap (185A  4)",Select Cuts,,,,Select,,,,,637.54,697.0,,,671.25,$/cwt,6.7125,per lb,National,wholesale,,,,,,5755.0,lb,,2453,National Daily Boxed Beef Cutout & Boxed Beef Cuts - Negotiated Sales - PM (PDF) (LM_XB403),2026-09-26T14:04:07+00:00
ff75c3f40cdbce56,2023-02-16,Beef,"Loin, butt tender, trimmed (191A  4)",Choice Cuts,,,,Choice,,,,,1265.0,1431.25,,,1271.98,$/cwt,12.7198,per lb,National,wholesale,,,,,,19800.0,lb,,2453,National Daily Boxed Beef Cutout & Boxed Beef Cuts - Negotiated Sales - PM (PDF) (LM_XB403),2026-09-26T14:04:07+00:00
d1f98f032a666649,2023-02-16,Beef,"Loin, short loin, 0x1 (174  3)",Choice Cuts,,,,Choice,,,,,707.25,832.0,,,736.25,$/cwt,7.3625,per lb,National,wholesale,,,,,,47338.0,lb,,2453,National Daily Boxed Beef Cutout & Boxed Beef Cuts - Negotiated Sales - PM (PDF) (LM_XB403),2026-09-26T14:04:07+00:00
2b0c7ac7b7b22cf4,2023-02-16,Beef,"Loin, short loin, 0x1 (174  3)",Select Cuts,,,,Select,,,,,665.37,687.0,,,672.9,$/cwt,6.729,per lb,National,wholesale,,,,,,3334.0,lb,,2453,National Daily Boxed Beef Cutout & Boxed Beef Cuts - Negotiated Sales - PM (PDF) (LM_XB403),2026-09-26T14:04:07+00:00
eb9ae80a31937ab5,2023-02-16,Beef,"Loin, sirloin, tri-tip (185C  1)",Choice Cuts,,,,Choice,,,,,363.0,410.0,,,395.06,$/cwt,3.9506,per lb,National,wholesale,,,,,,79124.0,lb,,2453,National Daily Boxed Beef Cutout & Boxed Beef Cuts - Negotiated Sales - PM (PDF) (LM_XB403),2026-09-26T14:04:07+00:00
67d319508d96b7a7,2023-02-16,Beef,"Loin, sirloin, tri-tip (185C  1)",Select Cuts,,,,Select,,,,,282.01,328.0,,,312.52,$/cwt,3.1252,per lb,National,wholesale,,,,,,1286.0,lb,,2453,National Daily Boxed Beef Cutout & Boxed Beef Cuts - Negotiated Sales - PM (PDF) (LM_XB403),2026-09-26T14:04:07+00:00
fccc41506db9a52a,2023-02-16,Beef,"Loin, sirloin, tri-tip, pld (185D  4)",Choice Cuts,,,,Choice,,,,,521.0,533.0,,,523.12,$/cwt,5.2312,per lb,National,wholesale,,,,,,5424.0,lb,,2453,National Daily Boxed Beef Cutout & Boxed Beef Cuts - Negotiated Sales - PM (PDF) (LM_XB403),2026-09-26T14:04:07+00:00
3651bf7ff1211356,2023-02-16,Beef,"Loin, strip, bnls, 0x1 (180  3)",Choice Cuts,,,,Choice,,,,,821.3,866.25,,,848.17,$/cwt,8.4817,per lb,National,wholesale,,,,,,171916.0,lb,,2453,National Daily Boxed Beef Cutout & Boxed Beef Cuts - Negotiated Sales - PM (PDF) (LM_XB403),2026-09-26T14:04:07+00:00
eed234c96939c417,2023-02-16,Beef,"Loin, strip, bnls, 0x1 (180  3)",Select Cuts,,,,Select,,,,,645.0,700.5,,,661.54,$/cwt,6.6154,per lb,National,wholesale,,,,,,12021.0,lb,,2453,National Daily Boxed Beef Cutout & Boxed Beef Cuts - Negotiated Sales - PM (PDF) (LM_XB403),2026-09-26T14:04:07+00:00
951a5e6476d07012,2023-02-16,Beef,"Loin, tndrloin, trmd, heavy (189A  4)",Choice Cuts,,,,Choice,,,,,1380.0,1686.5,,,1460.91,$/cwt,14.6091,per lb,National,wholesale,,,,,,126241.0,lb,,2453,National Daily Boxed Beef Cutout & Boxed Beef Cuts - Negotiated Sales - PM (PDF) (LM_XB403),2026-09-26T14:04:07+00:00
aa748df277fe3f62,2023-02-16,Beef,"Loin, tndrloin, trmd, heavy (189A  4)",Select Cuts,,,,Select,,,,,1448.0,1509.92,,,1486.83,$/cwt,14.8683,per lb,National,wholesale,,,,,,3478.0,lb,,2453,National Daily Boxed Beef Cutout & Boxed Beef Cuts - Negotiated Sales - PM (PDF) (LM_XB403),2026-09-26T14:04:07+00:00
0d41d67e32d1ddd9,2023-02-16,Beef,"Loin, top butt, CC (184B  3)",Choice Cuts,,,,Choice,,,,,550.0,611.0,,,562.58,$/cwt,5.6258,per lb,National,wholesale,,,,,,6152.0,lb,,2453,National Daily Boxed Beef Cutout & Boxed Beef Cuts - Negotiated Sales - PM (PDF) (LM_XB403),2026-09-26T14:04:07+00:00
478f611f5be5b002,2023-02-16,Beef,"Loin, top butt, boneless (184  3)",Choice Cuts,,,,Choice,,,,,389.0,416.25,,,398.57,$/cwt,3.9857,per lb,National,wholesale,,,,,,169577.0,lb,,2453,National Daily Boxed Beef Cutout & Boxed Beef Cuts - Negotiated Sales - PM (PDF) (LM_XB403),2026-09-26T14:04:07+00:00
07ede6e63667ff70,2023-02-16,Beef,"Loin, top butt, boneless (184  3)",Select Cuts,,,,Select,,,,,390.0,405.0,,,395.81,$/cwt,3.9581,per lb,National,wholesale,,,,,,10364.0,lb,,2453,National Daily Boxed Beef Cutout & Boxed Beef Cuts - Negotiated Sales - PM (PDF) (LM_XB403),2026-09-26T14:04:07+00:00
6caa794130093519,2023-02-16,Beef,"Rib, ribeye, bnls, heavy (112A  3)",Choice Cuts,,,,Choice,,,,,990.0,1046.25,,,1023.17,$/cwt,10.2317,per lb,National,wholesale,,,,,,54213.0,lb,,2453,National Daily Boxed Beef Cutout & Boxed Beef Cuts - Negotiated Sales - PM (PDF) (LM_XB403),2026-09-26T14:04:07+00:00
4693f8b3cc389173,2023-02-16,Beef,"Rib, ribeye, bnls, heavy (112A  3)",Select Cuts,,,,Select,,,,,824.3,893.5,,,865.19,$/cwt,8.6519,per lb,National,wholesale,,,,,,15250.0,lb,,2453,National Daily Boxed Beef Cutout & Boxed Beef Cuts - Negotiated Sales - PM (PDF) (LM_XB403),2026-09-26T14:04:07+00:00
4a616f708d79f028,2023-02-16,Beef,"Rib, ribeye, bnls, light (112A  3)",Choice Cuts,,,,Choice,,,,,1012.5,1072.0,,,1033.01,$/cwt,10.3301,per lb,National,wholesale,,,,,,27617.0,lb,,2453,National Daily Boxed Beef Cutout & Boxed Beef Cuts - Negotiated Sales - PM (PDF) (LM_XB403),2026-09-26T14:04:07+00:00
a5e1842a812f7f3a,2023-02-16,Beef,"Rib, ribeye, bnls, light (112A  3)",Select Cuts,,,,Select,,,,,877.0,896.5,,,884.88,$/cwt,8.8488,per lb,National,wholesale,,,,,,2835.0,lb,,2453,National Daily Boxed Beef Cutout & Boxed Beef Cuts - Negotiated Sales - PM (PDF) (LM_XB403),2026-09-26T14:04:07+00:00
8e8b77cfd20fa3ed,2023-02-16,Beef,"Rib, ribeye, lip-on, bn-in (109E  1)",Choice Cuts,,,,Choice,,,,,850.0,941.0,,,884.72,$/cwt,8.8472,per lb,National,wholesale,,,,,,447289.0,lb,,2453,National Daily Boxed Beef Cutout & Boxed Beef Cuts - Negotiated Sales - PM (PDF) (LM_XB403),2026-09-26T14:04:07+00:00
e6ccddfdb9c3fc56,2023-02-16,Beef,"Rib, ribeye, lip-on, bn-in (109E  1)",Select Cuts,,,,Select,,,,,747.0,795.0,,,765.93,$/cwt,7.6593,per lb,National,wholesale,,,,,,1484.0,lb,,2453,National Daily Boxed Beef Cutout & Boxed Beef Cuts - Negotiated Sales - PM (PDF) (LM_XB403),2026-09-26T14:04:07+00:00
f79ca1fb1b84d2b1,2023-02-16,Beef,"Round, eye of round (171C  3)",Choice Cuts,,,,Choice,,,,,289.7,323.25,,,302.04,$/cwt,3.0204,per lb,National,wholesale,,,,,,123318.0,lb,,2453,National Daily Boxed Beef Cutout & Boxed Beef Cuts - Negotiated Sales - PM (PDF) (LM_XB403),2026-09-26T14:04:07+00:00
59203f067fea9812,2023-02-16,Beef,"Round, knuckle, peeled (167A  4)",Choice Cuts,,,,Choice,,,,,291.0,356.25,,,311.83,$/cwt,3.1183,per lb,National,wholesale,,,,,,109356.0,lb,,2453,National Daily Boxed Beef Cutout & Boxed Beef Cuts - Negotiated Sales - PM (PDF) (LM_XB403),2026-09-26T14:04:07+00:00
02e84e916ad5c73d,2023-02-16,Beef,"Round, knuckle, peeled (167A  4)",Select Cuts,,,,Select,,,,,300.0,338.75,,,301.3,$/cwt,3.013,per lb,National,wholesale,,,,,,36007.0,lb,,2453,National Daily Boxed Beef Cutout & Boxed Beef Cuts - Negotiated Sales - PM (PDF) (LM_XB403),2026-09-26T14:04:07+00:00
6a7b19a6ba46b4d1,2023-02-16,Beef,"Round, outside round (171B  3)",Choice Cuts,,,,Choice,,,,,270.0,315.75,,,296.97,$/cwt,2.9697,per lb,National,wholesale,,,,,,107783.0,lb,,2453,National Daily Boxed Beef Cutout & Boxed Beef Cuts - Negotiated Sales - PM (PDF) (LM_XB403),2026-09-26T14:04:07+00:00
69ca816a1108291f,2023-02-16,Beef,"Round, outside round (171B  3)",Select Cuts,,,,Select,,,,,267.0,304.0,,,293.55,$/cwt,2.9355,per lb,National,wholesale,,,,,,47247.0,lb,,2453,National Daily Boxed Beef Cutout & Boxed Beef Cuts - Negotiated Sales - PM (PDF) (LM_XB403),2026-09-26T14:04:07+00:00
12c37de96d70592d,2023-02-16,Beef,"Round, top inside round (168  1)",Choice Cuts,,,,Choice,,,,,273.67,293.85,,,286.49,$/cwt,2.8649,per lb,National,wholesale,,,,,,10029.0,lb,,2453,National Daily Boxed Beef Cutout & Boxed Beef Cuts - Negotiated Sales - PM (PDF) (LM_XB403),2026-09-26T14:04:07+00:00
791d99bae77f4985,2023-02-16,Beef,"Round, top inside round (168  3)",Choice Cuts,,,,Choice,,,,,259.0,300.25,,,282.07,$/cwt,2.8207,per lb,National,wholesale,,,,,,47629.0,lb,,2453,National Daily Boxed Beef Cutout & Boxed Beef Cuts - Negotiated Sales - PM (PDF) (LM_XB403),2026-09-26T14:04:07+00:00
64acfaad15c01688,2023-02-16,Beef,"Round, top inside round (168  3)",Select Cuts,,,,Select,,,,,250.0,287.75,,,266.85,$/cwt,2.6685,per lb,National,wholesale,,,,,,8531.0,lb,,2453,National Daily Boxed Beef Cutout & Boxed Beef Cuts - Negotiated Sales - PM (PDF) (LM_XB403),2026-09-26T14:04:07+00:00
66e2adf474f62e6a,2023-02-16,Beef,"Round, top inside, cap off (169A  5)",Choice Cuts,,,,Choice,,,,,415.0,460.5,,,442.19,$/cwt,4.4219,per lb,National,wholesale,,,,,,1402.0,lb,,2453,National Daily Boxed Beef Cutout & Boxed Beef Cuts - Negotiated Sales - PM (PDF) (LM_XB403),2026-09-26T14:04:07+00:00
c918236807d9bb76,2023-02-16,Beef,"Round, top inside, denuded (169  5)",Choice Cuts,,,,Choice,,,,,311.0,353.3,,,319.57,$/cwt,3.1957,per lb,National,wholesale,,,,,,115658.0,lb,,2453,National Daily Boxed Beef Cutout & Boxed Beef Cuts - Negotiated Sales - PM (PDF) (LM_XB403),2026-09-26T14:04:07+00:00
42a4e315221eec60,2023-02-16,Beef,"Short Plate, short rib (123A  3)",Choice Cuts,,,,Choice,,,,,449.0,607.0,,,493.12,$/cwt,4.9312,per lb,National,wholesale,,,,,,26248.0,lb,,2453,National Daily Boxed Beef Cutout & Boxed Beef Cuts - Negotiated Sales - PM (PDF) (LM_XB403),2026-09-26T14:04:07+00:00
ee8d66994a1cb0ec,2023-02-16,Beef,"Short Plate, short rib (123A  3)",Select Cuts,,,,Select,,,,,443.67,475.0,,,455.04,$/cwt,4.5504,per lb,National,wholesale,,,,,,13278.0,lb,,2453,National Daily Boxed Beef Cutout & Boxed Beef Cuts - Negotiated Sales - PM (PDF) (LM_XB403),2026-09-26T14:04:07+00:00
279a135a10bc3c1a,2023-02-17,Beef,"Brisket, deckle-off, bnls (120  1)",Choice Cuts,,,,Choice,,,,,253.0,296.09,,,283.44,$/cwt,2.8344,per lb,National,wholesale,,,,,,307583.0,lb,,2453,National Daily Boxed Beef Cutout & Boxed Beef Cuts - Negotiated Sales - PM (PDF) (LM_XB403),2026-09-26T14:04:07+00:00
874f6289c0523969,2023-02-17,Beef,"Brisket, deckle-off, bnls (120  1)",Select Cuts,,,,Select,,,,,270.56,305.0,,,273.28,$/cwt,2.7328,per lb,National,wholesale,,,,,,18274.0,lb,,2453,National Daily Boxed Beef Cutout & Boxed Beef Cuts - Negotiated Sales - PM (PDF) (LM_XB403),2026-09-26T14:04:07+00:00
a62cf752903ae94f,2023-02-17,Beef,"Brisket, point/off, bnls (120A  3)",Choice Cuts,,,,Choice,,,,,489.0,514.0,,,499.78,$/cwt,4.9978,per lb,National,wholesale,,,,,,3801.0,lb,,2453,National Daily Boxed Beef Cutout & Boxed Beef Cuts - Negotiated Sales - PM (PDF) (LM_XB403),2026-09-26T14:04:07+00:00
35a200f4447b034f,2023-02-17,Beef,"Chuck, chuck tender (116B  1)",Choice Cuts,,,,Choice,,,,,280.0,349.0,,,295.42,$/cwt,2.9542,per lb,National,wholesale,,,,,,74390.0,lb,,2453,National Daily Boxed Beef Cutout & Boxed Beef Cuts - Negotiated Sales - PM (PDF) (LM_XB403),2026-09-26T14:04:07+00:00
6988a797e254580d,2023-02-17,Beef,"Chuck, clod tender (114F  5)",Choice Cuts,,,,Choice,,,,,458.0,526.0,,,487.14,$/cwt,4.8714,per lb,National,wholesale,,,,,,12269.0,lb,,2453,National Daily Boxed Beef Cutout & Boxed Beef Cuts - Negotiated Sales - PM (PDF) (LM_XB403),2026-09-26T14:04:07+00:00
f26ab415a834240a,2023-02-17,Beef,"Chuck, clod, arm roast (114E  3)",Choice Cuts,,,,Choice,,,,,413.0,434.5,,,414.86,$/cwt,4.1486,per lb,National,wholesale,,,,,,6144.0,lb,,2453,National Daily Boxed Beef Cutout & Boxed Beef Cuts - Negotiated Sales - PM (PDF) (LM_XB403),2026-09-26T14:04:07+00:00
42a341a5b3350e18,2023-02-17,Beef,"Chuck, clod, top blade (114D  3)",Choice Cuts,,,,Choice,,,,,364.0,381.0,,,365.21,$/cwt,3.6521,per lb,National,wholesale,,,,,,8536.0,lb,,2453,National Daily Boxed Beef Cutout & Boxed Beef Cuts - Negotiated Sales - PM (PDF) (LM_XB403),2026-09-26T14:04:07+00:00
7032e9123cb53d9f,2023-02-17,Beef,"Chuck, flap (116G  4)",Choice Cuts,,,,Choice,,,,,519.88,636.74,,,567.97,$/cwt,5.6797,per lb,National,wholesale,,,,,,8853.0,lb,,2453,National Daily Boxed Beef Cutout & Boxed Beef Cuts - Negotiated Sales - PM (PDF) (LM_XB403),2026-09-26T14:04:07+00:00
dbec48885f508535,2023-02-17,Beef,"Chuck, roll, lxl, neck/off (116A  3)",Choice Cuts,,,,Choice,,,,,312.94,411.0,,,369.5,$/cwt,3.695,per lb,National,wholesale,,,,,,51639.0,lb,,2453,National Daily Boxed Beef Cutout & Boxed Beef Cuts - Negotiated Sales - PM (PDF) (LM_XB403),2026-09-26T14:04:07+00:00
54a8d0882e17fb6a,2023-02-17,Beef,"Chuck, roll, lxl, neck/off (116A  3)",Select Cuts,,,,Select,,,,,337.9,400.25,,,347.31,$/cwt,3.4731,per lb,National,wholesale,,,,,,61563.0,lb,,2453,National Daily Boxed Beef Cutout & Boxed Beef Cuts - Negotiated Sales - PM (PDF) (LM_XB403),2026-09-26T14:04:07+00:00
deffbff6bf8b80fa,2023-02-17,Beef,"Chuck, roll, retail ready (916A  3)",Choice Cuts,,,,Choice,,,,,388.0,446.9,,,400.04,$/cwt,4.0004,per lb,National,wholesale,,,,,,40966.0,lb,,2453,National Daily Boxed Beef Cutout & Boxed Beef Cuts - Negotiated Sales - PM (PDF) (LM_XB403),2026-09-26T14:04:07+00:00
734770180f2dcf16,2023-02-17,Beef,"Chuck, short rib (130  4)",Choice Cuts,,,,Choice,,,,,427.0,466.0,,,429.62,$/cwt,4.2962,per lb,National,wholesale,,,,,,14302.0,lb,,2453,National Daily Boxed Beef Cutout & Boxed Beef Cuts - Negotiated Sales - PM (PDF) (LM_XB403),2026-09-26T14:04:07+00:00
b5747b2757a96a28,2023-02-17,Beef,"Chuck, short rib (130  4)",Select Cuts,,,,Select,,,,,345.0,449.7,,,396.76,$/cwt,3.9676,per lb,National,wholesale,,,,,,2627.0,lb,,2453,National Daily Boxed Beef Cutout & Boxed Beef Cuts - Negotiated Sales - PM (PDF) (LM_XB403),2026-09-26T14:04:07+00:00
35bad4f27364bb4f,2023-02-17,Beef,"Chuck, shoulder clod (114  1)",Choice Cuts,,,,Choice,,,,,270.0,295.0,,,285.27,$/cwt,2.8527,per lb,National,wholesale,,,,,,21378.0,lb,,2453,National Daily Boxed Beef Cutout & Boxed Beef Cuts - Negotiated Sales - PM (PDF) (LM_XB403),2026-09-26T14:04:07+00:00
711e08786439e138,2023-02-17,Beef,"Chuck, shoulder clod, trmd (114A  3)",Choice Cuts,,,,Choice,,,,,274.88,294.89,,,287.12,$/cwt,2.8712,per lb,National,wholesale,,,,,,42807.0,lb,,2453,National Daily Boxed Beef Cutout & Boxed Beef Cuts - Negotiated Sales - PM (PDF) (LM_XB403),2026-09-26T14:04:07+00:00
c4553613ce73e8c5,2023-02-17,Beef,"Chuck, shoulder clod, trmd (114A  3)",Select Cuts,,,,Select,,,,,267.9,286.0,,,276.18,$/cwt,2.7618,per lb,National,wholesale,,,,,,11444.0,lb,,2453,National Daily Boxed Beef Cutout & Boxed Beef Cuts - Negotiated Sales - PM (PDF) (LM_XB403),2026-09-26T14:04:07+00:00
27a0559391428aa3,2023-02-17,Beef,Cutout 600-900 lb,,,,,Choice,,,,,,,,,281.04,$/cwt,2.8104,per lb,National,wholesale,,,,,,,,,2453,National Daily Boxed Beef Cutout & Boxed Beef Cuts - Negotiated Sales - PM (PDF) (LM_XB403),2026-09-26T14:04:07+00:00
397e15a50f5c7f6f,2023-02-17,Beef,Cutout 600-900 lb,,,,,Select,,,,,,,,,265.89,$/cwt,2.6589,per lb,National,wholesale,,,,,,,,,2453,National Daily Boxed Beef Cutout & Boxed Beef Cuts - Negotiated Sales - PM (PDF) (LM_XB403),2026-09-26T14:04:07+00:00
51fdec460c90dc83,2023-02-17,Beef,"Flank, flank steak (193  4)",Choice Cuts,,,,Choice,,,,,567.0,654.0,,,605.35,$/cwt,6.0535,per lb,National,wholesale,,,,,,41518.0,lb,,2453,National Daily Boxed Beef Cutout & Boxed Beef Cuts - Negotiated Sales - PM (PDF) (LM_XB403),2026-09-26T14:04:07+00:00
c38c8f25517bf16b,2023-02-17,Beef,Ground Beef 73%,Ground Beef,,,,,,,,,186.0,212.66,,,205.27,$/cwt,2.0527,per lb,National,wholesale,,,,,,41975.0,lb,,2453,National Daily Boxed Beef Cutout & Boxed Beef Cuts - Negotiated Sales - PM (PDF) (LM_XB403),2026-09-26T14:04:07+00:00
614da468584e9ab0,2023-02-17,Beef,Ground Beef 81%,Ground Beef,,,,,,,,,215.0,260.0,,,235.95,$/cwt,2.3595,per lb,National,wholesale,,,,,,233701.0,lb,,2453,National Daily Boxed Beef Cutout & Boxed Beef Cuts - Negotiated Sales - PM (PDF) (LM_XB403),2026-09-26T14:04:07+00:00
172e03ad6fff5a2c,2023-02-17,Beef,Ground Beef 85%,Ground Beef,,,,,,,,,269.0,284.7,,,272.09,$/cwt,2.7209,per lb,National,wholesale,,,,,,25396.0,lb,,2453,National Daily Boxed Beef Cutout & Boxed Beef Cuts - Negotiated Sales - PM (PDF) (LM_XB403),2026-09-26T14:04:07+00:00
c54bdaa12611eccf,2023-02-17,Beef,Ground Beef Chuck,Ground Beef,,,,,,,,,242.0,296.44,,,254.48,$/cwt,2.5448,per lb,National,wholesale,,,,,,26059.0,lb,,2453,National Daily Boxed Beef Cutout & Boxed Beef Cuts - Negotiated Sales - PM (PDF) (LM_XB403),2026-09-26T14:04:07+00:00
66952106516246e9,2023-02-17,Beef,"Loin, ball-tip, bnls, heavy (185B  1)",Choice Cuts,,,,Choice,,,,,300.0,324.0,,,309.8,$/cwt,3.098,per lb,National,wholesale,,,,,,18859.0,lb,,2453,National Daily Boxed Beef Cutout & Boxed Beef Cuts - Negotiated Sales - PM (PDF) (LM_XB403),2026-09-26T14:04:07+00:00
137d666de426bf1a,2023-02-17,Beef,"Loin, ball-tip, bnls, heavy (185B  1)",Select Cuts,,,,Select,,,,,295.0,309.7,,,301.75,$/cwt,3.0175,per lb,National,wholesale,,,,,,7535.0,lb,,2453,National Daily Boxed Beef Cutout & Boxed Beef Cuts - Negotiated Sales - PM (PDF) (LM_XB403),2026-09-26T14:04:07+00:00
1674d40485b6bf5a,2023-02-17,Beef,"Loin, bottom sirloin, flap (185A  4)",Choice Cuts,,,,Choice,,,,,677.0,749.0,,,689.27,$/cwt,6.8927,per lb,National,wholesale,,,,,,71914.0,lb,,2453,National Daily Boxed Beef Cutout & Boxed Beef Cuts - Negotiated Sales - PM (PDF) (LM_XB403),2026-09-26T14:04:07+00:00
a22f628e709e87f9,2023-02-17,Beef,"Loin, butt tender, trimmed (191A  4)",Choice Cuts,,,,Choice,,,,,1229.0,1276.0,,,1250.94,$/cwt,12.5094,per lb,National,wholesale,,,,,,5428.0,lb,,2453,National Daily Boxed Beef Cutout & Boxed Beef Cuts - Negotiated Sales - PM (PDF) (LM_XB403),2026-09-26T14:04:07+00:00
491328e95fae75e7,2023-02-17,Beef,"Loin, butt tender, trimmed (191A  4)",Select Cuts,,,,Select,,,,,1170.0,1199.0,,,1170.17,$/cwt,11.7017,per lb,National,wholesale,,,,,,20450.0,lb,,2453,National Daily Boxed Beef Cutout & Boxed Beef Cuts - Negotiated Sales - PM (PDF) (LM_XB403),2026-09-26T14:04:07+00:00
f72a2bf75ee91a26,2023-02-17,Beef,"Loin, short loin, 0x1 (174  3)",Choice Cuts,,,,Choice,,,,,710.0,774.82,,,724.69,$/cwt,7.2469,per lb,National,wholesale,,,,,,33258.0,lb,,2453,National Daily Boxed Beef Cutout & Boxed Beef Cuts - Negotiated Sales - PM (PDF) (LM_XB403),2026-09-26T14:04:07+00:00
e41352556a178189,2023-02-17,Beef,"Loin, short loin, 0x1 (174  3)",Select Cuts,,,,Select,,,,,675.0,718.0,,,695.59,$/cwt,6.9559,per lb,National,wholesale,,,,,,14562.0,lb,,2453,National Daily Boxed Beef Cutout & Boxed Beef Cuts - Negotiated Sales - PM (PDF) (LM_XB403),2026-09-26T14:04:07+00:00
34b82274e3d519f0,2023-02-17,Beef,"Loin, sirloin, tri-tip (185C  1)",Choice Cuts,,,,Choice,,,,,370.0,425.0,,,401.02,$/cwt,4.0102,per lb,National,wholesale,,,,,,31713.0,lb,,2453,National Daily Boxed Beef Cutout & Boxed Beef Cuts - Negotiated Sales - PM (PDF) (LM_XB403),2026-09-26T14:04:07+00:00
402436211b52bf57,2023-02-17,Beef,"Loin, sirloin, tri-tip, pld (185D  4)",Choice Cuts,,,,Choice,,,,,529.0,565.23,,,555.1,$/cwt,5.551,per lb,National,wholesale,,,,,,22745.0,lb,,2453,National Daily Boxed Beef Cutout & Boxed Beef Cuts - Negotiated Sales - PM (PDF) (LM_XB403),2026-09-26T14:04:07+00:00
02789246a4f2c697,2023-02-17,Beef,"Loin, strip, bnls, 0x1 (180  3)",Choice Cuts,,,,Choice,,,,,830.0,884.0,,,852.6,$/cwt,8.526,per lb,National,wholesale,,,,,,76841.0,lb,,2453,National Daily Boxed Beef Cutout & Boxed Beef Cuts - Negotiated Sales - PM (PDF) (LM_XB403),2026-09-26T14:04:07+00:00
00c8ae1b02c714e9,2023-02-17,Beef,"Loin, strip, bnls, 0x1 (180  3)",Select Cuts,,,,Select,,,,,660.0,727.0,,,669.4,$/cwt,6.694,per lb,National,wholesale,,,,,,17875.0,lb,,2453,National Daily Boxed Beef Cutout & Boxed Beef Cuts - Negotiated Sales - PM (PDF) (LM_XB403),2026-09-26T14:04:07+00:00
97622d7f12578ace,2023-02-17,Beef,"Loin, tndrloin, trmd, heavy (189A  4)",Choice Cuts,,,,Choice,,,,,1437.0,1699.0,,,1461.61,$/cwt,14.6161,per lb,National,wholesale,,,,,,34212.0,lb,,2453,National Daily Boxed Beef Cutout & Boxed Beef Cuts - Negotiated Sales - PM (PDF) (LM_XB403),2026-09-26T14:04:07+00:00
5f8ea2e9e9bf7fda,2023-02-17,Beef,"Loin, tndrloin, trmd, heavy (189A  4)",Select Cuts,,,,Select,,,,,1450.0,1505.9,,,1475.7,$/cwt,14.757,per lb,National,wholesale,,,,,,1259.0,lb,,2453,National Daily Boxed Beef Cutout & Boxed Beef Cuts - Negotiated Sales - PM (PDF) (LM_XB403),2026-09-26T14:04:07+00:00
4a385b2701d4fc79,2023-02-17,Beef,"Loin, top butt, boneless (184  3)",Choice Cuts,,,,Choice,,,,,398.0,430.0,,,403.06,$/cwt,4.0306,per lb,National,wholesale,,,,,,75114.0,lb,,2453,National Daily Boxed Beef Cutout & Boxed Beef Cuts - Negotiated Sales - PM (PDF) (LM_XB403),2026-09-26T14:04:07+00:00
0df08e965493c1c6,2023-02-17,Beef,"Loin, top butt, boneless (184  3)",Select Cuts,,,,Select,,,,,385.0,406.0,,,394.89,$/cwt,3.9489,per lb,National,wholesale,,,,,,7128.0,lb,,2453,National Daily Boxed Beef Cutout & Boxed Beef Cuts - Negotiated Sales - PM (PDF) (LM_XB403),2026-09-26T14:04:07+00:00
015228d4e9db52d8,2023-02-17,Beef,"Rib, ribeye, bnls, heavy (112A  3)",Choice Cuts,,,,Choice,,,,,1010.0,1071.09,,,1021.46,$/cwt,10.2146,per lb,National,wholesale,,,,,,24593.0,lb,,2453,National Daily Boxed Beef Cutout & Boxed Beef Cuts - Negotiated Sales - PM (PDF) (LM_XB403),2026-09-26T14:04:07+00:00
7c6e724c3fcd88be,2023-02-17,Beef,"Rib, ribeye, bnls, heavy (112A  3)",Select Cuts,,,,Select,,,,,853.95,889.89,,,865.2,$/cwt,8.652,per lb,National,wholesale,,,,,,10441.0,lb,,2453,National Daily Boxed Beef Cutout & Boxed Beef Cuts - Negotiated Sales - PM (PDF) (LM_XB403),2026-09-26T14:04:07+00:00
d12504fc3f80365e,2023-02-17,Beef,"Rib, ribeye, bnls, light (112A  3)",Select Cuts,,,,Select,,,,,815.0,875.3,,,842.02,$/cwt,8.4202,per lb,National,wholesale,,,,,,9934.0,lb,,2453,National Daily Boxed Beef Cutout & Boxed Beef Cuts - Negotiated Sales - PM (PDF) (LM_XB403),2026-09-26T14:04:07+00:00
3c670f5b867a6a2c,2023-02-17,Beef,"Rib, ribeye, lip-on, bn-in (109E  1)",Choice Cuts,,,,Choice,,,,,870.0,995.25,,,884.44,$/cwt,8.8444,per lb,National,wholesale,,,,,,85445.0,lb,,2453,National Daily Boxed Beef Cutout & Boxed Beef Cuts - Negotiated Sales - PM (PDF) (LM_XB403),2026-09-26T14:04:07+00:00
c34ec569fd35cd0a,2023-02-17,Beef,"Rib, ribeye, lip-on, bn-in (109E  1)",Select Cuts,,,,Select,,,,,750.0,804.0,,,780.0,$/cwt,7.8,per lb,National,wholesale,,,,,,1301.0,lb,,2453,National Daily Boxed Beef Cutout & Boxed Beef Cuts - Negotiated Sales - PM (PDF) (LM_XB403),2026-09-26T14:04:07+00:00
b9fd6dcd7f9303ed,2023-02-17,Beef,"Round, bone-in (160  1)",Choice Cuts,,,,Choice,,,,,304.0,320.0,,,313.49,$/cwt,3.1349,per lb,National,wholesale,,,,,,1355.0,lb,,2453,National Daily Boxed Beef Cutout & Boxed Beef Cuts - Negotiated Sales - PM (PDF) (LM_XB403),2026-09-26T14:04:07+00:00
3f23e7ffa022251f,2023-02-17,Beef,"Round, bottom gooseneck (170  1)",Choice Cuts,,,,Choice,,,,,271.0,312.0,,,291.02,$/cwt,2.9102,per lb,National,wholesale,,,,,,4560.0,lb,,2453,National Daily Boxed Beef Cutout & Boxed Beef Cuts - Negotiated Sales - PM (PDF) (LM_XB403),2026-09-26T14:04:07+00:00
40960b9b2631bb27,2023-02-17,Beef,"Round, eye of round (171C  3)",Choice Cuts,,,,Choice,,,,,288.0,316.09,,,294.98,$/cwt,2.9498,per lb,National,wholesale,,,,,,87383.0,lb,,2453,National Daily Boxed Beef Cutout & Boxed Beef Cuts - Negotiated Sales - PM (PDF) (LM_XB403),2026-09-26T14:04:07+00:00
a48fa9259bcd3ef8,2023-02-17,Beef,"Round, knuckle, peeled (167A  4)",Choice Cuts,,,,Choice,,,,,298.0,336.0,,,310.28,$/cwt,3.1028,per lb,National,wholesale,,,,,,44509.0,lb,,2453,National Daily Boxed Beef Cutout & Boxed Beef Cuts - Negotiated Sales - PM (PDF) (LM_XB403),2026-09-26T14:04:07+00:00
041729f5f145117c,2023-02-17,Beef,"Round, knuckle, peeled (167A  4)",Select Cuts,,,,Select,,,,,300.0,330.2,,,313.12,$/cwt,3.1312,per lb,National,wholesale,,,,,,8904.0,lb,,2453,National Daily Boxed Beef Cutout & Boxed Beef Cuts - Negotiated Sales - PM (PDF) (LM_XB403),2026-09-26T14:04:07+00:00
22fb1ad33b57f093,2023-02-17,Beef,"Round, outside round (171B  3)",Choice Cuts,,,,Choice,,,,,270.0,316.0,,,295.06,$/cwt,2.9506,per lb,National,wholesale,,,,,,43273.0,lb,,2453,National Daily Boxed Beef Cutout & Boxed Beef Cuts - Negotiated Sales - PM (PDF) (LM_XB403),2026-09-26T14:04:07+00:00
20a1c8f043d7008a,2023-02-17,Beef,"Round, outside round (171B  3)",Select Cuts,,,,Select,,,,,299.0,319.7,,,302.8,$/cwt,3.028,per lb,National,wholesale,,,,,,19667.0,lb,,2453,National Daily Boxed Beef Cutout & Boxed Beef Cuts - Negotiated Sales - PM (PDF) (LM_XB403),2026-09-26T14:04:07+00:00
d599534991db8ca7,2023-02-17,Beef,"Round, top inside round (168  3)",Choice Cuts,,,,Choice,,,,,250.0,303.0,,,288.91,$/cwt,2.8891,per lb,National,wholesale,,,,,,25622.0,lb,,2453,National Daily Boxed Beef Cutout & Boxed Beef Cuts - Negotiated Sales - PM (PDF) (LM_XB403),2026-09-26T14:04:07+00:00
6bb8b2f288e1223b,2023-02-17,Beef,"Round, top inside round (168  3)",Select Cuts,,,,Select,,,,,265.0,289.7,,,272.26,$/cwt,2.7226,per lb,National,wholesale,,,,,,33381.0,lb,,2453,National Daily Boxed Beef Cutout & Boxed Beef Cuts - Negotiated Sales - PM (PDF) (LM_XB403),2026-09-26T14:04:07+00:00
56d03ba8cf627bf6,2023-02-17,Beef,"Round, top inside, denuded (169  5)",Choice Cuts,,,,Choice,,,,,319.0,375.0,,,331.8,$/cwt,3.318,per lb,National,wholesale,,,,,,72879.0,lb,,2453,National Daily Boxed Beef Cutout & Boxed Beef Cuts - Negotiated Sales - PM (PDF) (LM_XB403),2026-09-26T14:04:07+00:00
882feea7bda54c2e,2023-02-17,Beef,"Round, top inside, denuded (169  5)",Select Cuts,,,,Select,,,,,320.0,349.86,,,331.74,$/cwt,3.3174,per lb,National,wholesale,,,,,,51602.0,lb,,2453,National Daily Boxed Beef Cutout & Boxed Beef Cuts - Negotiated Sales - PM (PDF) (LM_XB403),2026-09-26T14:04:07+00:00
69d8fb38bc382549,2023-02-17,Beef,"Short Plate, short rib (123A  3)",Choice Cuts,,,,Choice,,,,,398.0,600.0,,,514.31,$/cwt,5.1431,per lb,National,wholesale,,,,,,54538.0,lb,,2453,National Daily Boxed Beef Cutout & Boxed Beef Cuts - Negotiated Sales - PM (PDF) (LM_XB403),2026-09-26T14:04:07+00:00
14d479331afa975b,2023-02-17,Beef,"Short Plate, short rib (123A  3)",Select Cuts,,,,Select,,,,,444.0,600.0,,,468.01,$/cwt,4.6801,per lb,National,wholesale,,,,,,16403.0,lb,,2453,National Daily Boxed Beef Cutout & Boxed Beef Cuts - Negotiated Sales - PM (PDF) (LM_XB403),2026-09-26T14:04:07+00:00
dfaf304831f4406f,2023-02-20,Beef,"Brisket, deckle-off, bnls (120  1)",Choice Cuts,,,,Choice,,,,,249.0,304.89,,,291.69,$/cwt,2.9169,per lb,National,wholesale,,,,,,114050.0,lb,,2453,National Daily Boxed Beef Cutout & Boxed Beef Cuts - Negotiated Sales - PM (PDF) (LM_XB403),2026-09-26T14:04:07+00:00
f21ec90e39acd10a,2023-02-20,Beef,"Brisket, deckle-off, bnls (120  1)",Select Cuts,,,,Select,,,,,263.0,300.0,,,269.81,$/cwt,2.6981,per lb,National,wholesale,,,,,,27604.0,lb,,2453,National Daily Boxed Beef Cutout & Boxed Beef Cuts - Negotiated Sales - PM (PDF) (LM_XB403),2026-09-26T14:04:07+00:00
6b038f01ccc529e0,2023-02-20,Beef,"Brisket, point/off, bnls (120A  3)",Choice Cuts,,,,Choice,,,,,505.0,540.0,,,520.46,$/cwt,5.2046,per lb,National,wholesale,,,,,,1378.0,lb,,2453,National Daily Boxed Beef Cutout & Boxed Beef Cuts - Negotiated Sales - PM (PDF) (LM_XB403),2026-09-26T14:04:07+00:00
6ef965f028195bf1,2023-02-20,Beef,"Chuck, chuck tender (116B  1)",Choice Cuts,,,,Choice,,,,,293.0,331.0,,,301.14,$/cwt,3.0114,per lb,National,wholesale,,,,,,40405.0,lb,,2453,National Daily Boxed Beef Cutout & Boxed Beef Cuts - Negotiated Sales - PM (PDF) (LM_XB403),2026-09-26T14:04:07+00:00
e553b7eb1763a52e,2023-02-20,Beef,"Chuck, chuck tender (116B  1)",Select Cuts,,,,Select,,,,,283.77,295.0,,,292.74,$/cwt,2.9274,per lb,National,wholesale,,,,,,8384.0,lb,,2453,National Daily Boxed Beef Cutout & Boxed Beef Cuts - Negotiated Sales - PM (PDF) (LM_XB403),2026-09-26T14:04:07+00:00
11958f79a64a73a1,2023-02-20,Beef,"Chuck, clod tender (114F  5)",Choice Cuts,,,,Choice,,,,,453.0,499.0,,,462.02,$/cwt,4.6202,per lb,National,wholesale,,,,,,1307.0,lb,,2453,National Daily Boxed Beef Cutout & Boxed Beef Cuts - Negotiated Sales - PM (PDF) (LM_XB403),2026-09-26T14:04:07+00:00
119f67619ed89919,2023-02-20,Beef,"Chuck, clod tender (114F  5)",Select Cuts,,,,Select,,,,,425.0,475.0,,,470.01,$/cwt,4.7001,per lb,National,wholesale,,,,,,3044.0,lb,,2453,National Daily Boxed Beef Cutout & Boxed Beef Cuts - Negotiated Sales - PM (PDF) (LM_XB403),2026-09-26T14:04:07+00:00
1bc0c53f85f66015,2023-02-20,Beef,"Chuck, clod, arm roast (114E  3)",Choice Cuts,,,,Choice,,,,,400.0,425.0,,,417.56,$/cwt,4.1756,per lb,National,wholesale,,,,,,19178.0,lb,,2453,National Daily Boxed Beef Cutout & Boxed Beef Cuts - Negotiated Sales - PM (PDF) (LM_XB403),2026-09-26T14:04:07+00:00
1fddd6e8654d6d3b,2023-02-20,Beef,"Chuck, clod, top blade (114D  3)",Choice Cuts,,,,Choice,,,,,365.0,385.0,,,378.91,$/cwt,3.7891,per lb,National,wholesale,,,,,,12444.0,lb,,2453,National Daily Boxed Beef Cutout & Boxed Beef Cuts - Negotiated Sales - PM (PDF) (LM_XB403),2026-09-26T14:04:07+00:00
d82c9ff903fdb7a4,2023-02-20,Beef,"Chuck, flap (116G  4)",Choice Cuts,,,,Choice,,,,,516.0,590.0,,,524.4,$/cwt,5.244,per lb,National,wholesale,,,,,,132083.0,lb,,2453,National Daily Boxed Beef Cutout & Boxed Beef Cuts - Negotiated Sales - PM (PDF) (LM_XB403),2026-09-26T14:04:07+00:00
1d253fe2195183eb,2023-02-20,Beef,"Chuck, flap (116G  4)",Select Cuts,,,,Select,,,,,485.0,535.0,,,523.0,$/cwt,5.23,per lb,National,wholesale,,,,,,18498.0,lb,,2453,National Daily Boxed Beef Cutout & Boxed Beef Cuts - Negotiated Sales - PM (PDF) (LM_XB403),2026-09-26T14:04:07+00:00
ac984bae9d170416,2023-02-20,Beef,"Chuck, roll, lxl, neck/off (116A  3)",Choice Cuts,,,,Choice,,,,,364.0,419.25,,,386.5,$/cwt,3.865,per lb,National,wholesale,,,,,,69381.0,lb,,2453,National Daily Boxed Beef Cutout & Boxed Beef Cuts - Negotiated Sales - PM (PDF) (LM_XB403),2026-09-26T14:04:07+00:00
8b3ad09b6f3ed4db,2023-02-20,Beef,"Chuck, roll, lxl, neck/off (116A  3)",Select Cuts,,,,Select,,,,,360.0,400.0,,,378.14,$/cwt,3.7814,per lb,National,wholesale,,,,,,29004.0,lb,,2453,National Daily Boxed Beef Cutout & Boxed Beef Cuts - Negotiated Sales - PM (PDF) (LM_XB403),2026-09-26T14:04:07+00:00
dbaa8ea9622d3522,2023-02-20,Beef,"Chuck, semi-bnls, neck/off (113C  1)",Select Cuts,,,,Select,,,,,309.0,325.0,,,313.67,$/cwt,3.1367,per lb,National,wholesale,,,,,,3462.0,lb,,2453,National Daily Boxed Beef Cutout & Boxed Beef Cuts - Negotiated Sales - PM (PDF) (LM_XB403),2026-09-26T14:04:07+00:00
6f901e2010ce4f54,2023-02-20,Beef,"Chuck, short rib (130  4)",Choice Cuts,,,,Choice,,,,,395.0,450.75,,,432.55,$/cwt,4.3255,per lb,National,wholesale,,,,,,36559.0,lb,,2453,National Daily Boxed Beef Cutout & Boxed Beef Cuts - Negotiated Sales - PM (PDF) (LM_XB403),2026-09-26T14:04:07+00:00
eef878e9c891a8bd,2023-02-20,Beef,"Chuck, short rib (130  4)",Select Cuts,,,,Select,,,,,435.0,450.0,,,443.89,$/cwt,4.4389,per lb,National,wholesale,,,,,,10583.0,lb,,2453,National Daily Boxed Beef Cutout & Boxed Beef Cuts - Negotiated Sales - PM (PDF) (LM_XB403),2026-09-26T14:04:07+00:00
a890cfd7845b24aa,2023-02-20,Beef,"Chuck, shoulder clod (114  1)",Choice Cuts,,,,Choice,,,,,270.0,277.0,,,276.47,$/cwt,2.7647,per lb,National,wholesale,,,,,,12426.0,lb,,2453,National Daily Boxed Beef Cutout & Boxed Beef Cuts - Negotiated Sales - PM (PDF) (LM_XB403),2026-09-26T14:04:07+00:00
2b33ee49b70ead98,2023-02-20,Beef,"Chuck, shoulder clod, trmd (114A  3)",Choice Cuts,,,,Choice,,,,,276.0,310.0,,,280.5,$/cwt,2.805,per lb,National,wholesale,,,,,,158564.0,lb,,2453,National Daily Boxed Beef Cutout & Boxed Beef Cuts - Negotiated Sales - PM (PDF) (LM_XB403),2026-09-26T14:04:07+00:00
1e4a7037e253d793,2023-02-20,Beef,"Chuck, shoulder clod, trmd (114A  3)",Select Cuts,,,,Select,,,,,268.7,310.0,,,275.64,$/cwt,2.7564,per lb,National,wholesale,,,,,,50888.0,lb,,2453,National Daily Boxed Beef Cutout & Boxed Beef Cuts - Negotiated Sales - PM (PDF) (LM_XB403),2026-09-26T14:04:07+00:00
1ae30c6ee64de659,2023-02-20,Beef,Cutout 600-900 lb,,,,,Choice,,,,,,,,,282.89,$/cwt,2.8289,per lb,National,wholesale,,,,,,,,,2453,National Daily Boxed Beef Cutout & Boxed Beef Cuts - Negotiated Sales - PM (PDF) (LM_XB403),2026-09-26T14:04:07+00:00
bf5f6fd9d9f70b8f,2023-02-20,Beef,Cutout 600-900 lb,,,,,Select,,,,,,,,,268.05,$/cwt,2.6805,per lb,National,wholesale,,,,,,,,,2453,National Daily Boxed Beef Cutout & Boxed Beef Cuts - Negotiated Sales - PM (PDF) (LM_XB403),2026-09-26T14:04:07+00:00
db93e5d9d3081e26,2023-02-20,Beef,"Flank, flank steak (193  4)",Choice Cuts,,,,Choice,,,,,605.0,650.0,,,628.94,$/cwt,6.2894,per lb,National,wholesale,,,,,,8280.0,lb,,2453,National Daily Boxed Beef Cutout & Boxed Beef Cuts - Negotiated Sales - PM (PDF) (LM_XB403),2026-09-26T14:04:07+00:00
2283044744fcc931,2023-02-20,Beef,Ground Beef 73%,Ground Beef,,,,,,,,,170.0,232.2,,,189.41,$/cwt,1.8941,per lb,National,wholesale,,,,,,238952.0,lb,,2453,National Daily Boxed Beef Cutout & Boxed Beef Cuts - Negotiated Sales - PM (PDF) (LM_XB403),2026-09-26T14:04:07+00:00
05162ec29f77344d,2023-02-20,Beef,Ground Beef 81%,Ground Beef,,,,,,,,,216.0,253.0,,,236.68,$/cwt,2.3668,per lb,National,wholesale,,,,,,127810.0,lb,,2453,National Daily Boxed Beef Cutout & Boxed Beef Cuts - Negotiated Sales - PM (PDF) (LM_XB403),2026-09-26T14:04:07+00:00
b931ce80ab2ad898,2023-02-20,Beef,Ground Beef 85%,Ground Beef,,,,,,,,,270.25,294.7,,,278.04,$/cwt,2.7804,per lb,National,wholesale,,,,,,14568.0,lb,,2453,National Daily Boxed Beef Cutout & Boxed Beef Cuts - Negotiated Sales - PM (PDF) (LM_XB403),2026-09-26T14:04:07+00:00
d98aa8b76e0fffc2,2023-02-20,Beef,Ground Beef 93%,Ground Beef,,,,,,,,,356.0,370.0,,,359.28,$/cwt,3.5928,per lb,National,wholesale,,,,,,24554.0,lb,,2453,National Daily Boxed Beef Cutout & Boxed Beef Cuts - Negotiated Sales - PM (PDF) (LM_XB403),2026-09-26T14:04:07+00:00
9fa0f8c2b08bacd6,2023-02-20,Beef,Ground Beef Chuck,Ground Beef,,,,,,,,,243.0,291.0,,,246.54,$/cwt,2.4654,per lb,National,wholesale,,,,,,14074.0,lb,,2453,National Daily Boxed Beef Cutout & Boxed Beef Cuts - Negotiated Sales - PM (PDF) (LM_XB403),2026-09-26T14:04:07+00:00
9b789dd97538267b,2023-02-20,Beef,"Loin, ball-tip, bnls, heavy (185B  1)",Choice Cuts,,,,Choice,,,,,275.0,350.0,,,316.44,$/cwt,3.1644,per lb,National,wholesale,,,,,,42596.0,lb,,2453,National Daily Boxed Beef Cutout & Boxed Beef Cuts - Negotiated Sales - PM (PDF) (LM_XB403),2026-09-26T14:04:07+00:00
20cff5ebd0e7c81e,2023-02-20,Beef,"Loin, bottom sirloin, flap (185A  4)",Choice Cuts,,,,Choice,,,,,687.0,797.5,,,714.05,$/cwt,7.1405,per lb,National,wholesale,,,,,,29358.0,lb,,2453,National Daily Boxed Beef Cutout & Boxed Beef Cuts - Negotiated Sales - PM (PDF) (LM_XB403),2026-09-26T14:04:07+00:00
b2f41c3bf9c2d9d4,2023-02-20,Beef,"Loin, bottom sirloin, flap (185A  4)",Select Cuts,,,,Select,,,,,685.0,709.7,,,686.45,$/cwt,6.8645,per lb,National,wholesale,,,,,,17148.0,lb,,2453,National Daily Boxed Beef Cutout & Boxed Beef Cuts - Negotiated Sales - PM (PDF) (LM_XB403),2026-09-26T14:04:07+00:00
9c17384ffee58e01,2023-02-20,Beef,"Loin, butt tender, trimmed (191A  4)",Choice Cuts,,,,Choice,,,,,1275.0,1430.7,,,1297.85,$/cwt,12.9785,per lb,National,wholesale,,,,,,3921.0,lb,,2453,National Daily Boxed Beef Cutout & Boxed Beef Cuts - Negotiated Sales - PM (PDF) (LM_XB403),2026-09-26T14:04:07+00:00
6048e778183e2c40,2023-02-20,Beef,"Loin, butt tender, trimmed (191A  4)",Select Cuts,,,,Select,,,,,1125.0,1177.15,,,1147.43,$/cwt,11.4743,per lb,National,wholesale,,,,,,3369.0,lb,,2453,National Daily Boxed Beef Cutout & Boxed Beef Cuts - Negotiated Sales - PM (PDF) (LM_XB403),2026-09-26T14:04:07+00:00
cb3f741eac646683,2023-02-20,Beef,"Loin, short loin, 0x1 (174  3)",Choice Cuts,,,,Choice,,,,,706.0,775.0,,,715.84,$/cwt,7.1584,per lb,National,wholesale,,,,,,17629.0,lb,,2453,National Daily Boxed Beef Cutout & Boxed Beef Cuts - Negotiated Sales - PM (PDF) (LM_XB403),2026-09-26T14:04:07+00:00
40189b4f5477322b,2023-02-20,Beef,"Loin, short loin, 0x1 (174  3)",Select Cuts,,,,Select,,,,,675.0,699.93,,,679.84,$/cwt,6.7984,per lb,National,wholesale,,,,,,1620.0,lb,,2453,National Daily Boxed Beef Cutout & Boxed Beef Cuts - Negotiated Sales - PM (PDF) (LM_XB403),2026-09-26T14:04:07+00:00
c9db1dc6e0a3e209,2023-02-20,Beef,"Loin, sirloin, tri-tip (185C  1)",Choice Cuts,,,,Choice,,,,,369.0,394.0,,,379.63,$/cwt,3.7963,per lb,National,wholesale,,,,,,1390.0,lb,,2453,National Daily Boxed Beef Cutout & Boxed Beef Cuts - Negotiated Sales - PM (PDF) (LM_XB403),2026-09-26T14:04:07+00:00
c5a404c0784e3c37,2023-02-20,Beef,"Loin, strip, bnls, 0x1 (180  3)",Choice Cuts,,,,Choice,,,,,844.0,877.0,,,857.97,$/cwt,8.5797,per lb,National,wholesale,,,,,,53066.0,lb,,2453,National Daily Boxed Beef Cutout & Boxed Beef Cuts - Negotiated Sales - PM (PDF) (LM_XB403),2026-09-26T14:04:07+00:00
d8dbc45366f9b5e4,2023-02-20,Beef,"Loin, strip, bnls, 0x1 (180  3)",Select Cuts,,,,Select,,,,,660.0,734.25,,,672.36,$/cwt,6.7236,per lb,National,wholesale,,,,,,19263.0,lb,,2453,National Daily Boxed Beef Cutout & Boxed Beef Cuts - Negotiated Sales - PM (PDF) (LM_XB403),2026-09-26T14:04:07+00:00
f13de3c940469511,2023-02-20,Beef,"Loin, tndrloin, trmd, heavy (189A  4)",Choice Cuts,,,,Choice,,,,,1388.9,1680.7,,,1477.19,$/cwt,14.7719,per lb,National,wholesale,,,,,,128815.0,lb,,2453,National Daily Boxed Beef Cutout & Boxed Beef Cuts - Negotiated Sales - PM (PDF) (LM_XB403),2026-09-26T14:04:07+00:00
97782810a12c6fa6,2023-02-20,Beef,"Loin, top butt, CC (184B  3)",Choice Cuts,,,,Choice,,,,,542.0,620.7,,,577.22,$/cwt,5.7722,per lb,National,wholesale,,,,,,61708.0,lb,,2453,National Daily Boxed Beef Cutout & Boxed Beef Cuts - Negotiated Sales - PM (PDF) (LM_XB403),2026-09-26T14:04:07+00:00
d67c009fc0852b93,2023-02-20,Beef,"Loin, top butt, boneless (184  3)",Choice Cuts,,,,Choice,,,,,395.75,432.33,,,403.5,$/cwt,4.035,per lb,National,wholesale,,,,,,13513.0,lb,,2453,National Daily Boxed Beef Cutout & Boxed Beef Cuts - Negotiated Sales - PM (PDF) (LM_XB403),2026-09-26T14:04:07+00:00
3795b81e6e1e16e3,2023-02-20,Beef,"Loin, top butt, boneless (184  3)",Select Cuts,,,,Select,,,,,398.75,429.93,,,407.55,$/cwt,4.0755,per lb,National,wholesale,,,,,,4202.0,lb,,2453,National Daily Boxed Beef Cutout & Boxed Beef Cuts - Negotiated Sales - PM (PDF) (LM_XB403),2026-09-26T14:04:07+00:00
206d2850a0fbb316,2023-02-20,Beef,"Rib, ribeye, bnls, heavy (112A  3)",Choice Cuts,,,,Choice,,,,,995.0,1066.79,,,1029.14,$/cwt,10.2914,per lb,National,wholesale,,,,,,35810.0,lb,,2453,National Daily Boxed Beef Cutout & Boxed Beef Cuts - Negotiated Sales - PM (PDF) (LM_XB403),2026-09-26T14:04:07+00:00
e1c03c75229844e0,2023-02-20,Beef,"Rib, ribeye, bnls, heavy (112A  3)",Select Cuts,,,,Select,,,,,850.0,915.0,,,874.67,$/cwt,8.7467,per lb,National,wholesale,,,,,,15272.0,lb,,2453,National Daily Boxed Beef Cutout & Boxed Beef Cuts - Negotiated Sales - PM (PDF) (LM_XB403),2026-09-26T14:04:07+00:00
4ff7ee9b36737564,2023-02-20,Beef,"Rib, ribeye, bnls, light (112A  3)",Choice Cuts,,,,Choice,,,,,1000.0,1080.7,,,1048.75,$/cwt,10.4875,per lb,National,wholesale,,,,,,10106.0,lb,,2453,National Daily Boxed Beef Cutout & Boxed Beef Cuts - Negotiated Sales - PM (PDF) (LM_XB403),2026-09-26T14:04:07+00:00
67586dc2676f1cff,2023-02-20,Beef,"Rib, ribeye, bnls, light (112A  3)",Select Cuts,,,,Select,,,,,870.0,920.5,,,894.86,$/cwt,8.9486,per lb,National,wholesale,,,,,,4211.0,lb,,2453,National Daily Boxed Beef Cutout & Boxed Beef Cuts - Negotiated Sales - PM (PDF) (LM_XB403),2026-09-26T14:04:07+00:00
ac2457859e9cfc0e,2023-02-20,Beef,"Rib, ribeye, lip-on, bn-in (109E  1)",Choice Cuts,,,,Choice,,,,,873.0,945.99,,,903.51,$/cwt,9.0351,per lb,National,wholesale,,,,,,7808.0,lb,,2453,National Daily Boxed Beef Cutout & Boxed Beef Cuts - Negotiated Sales - PM (PDF) (LM_XB403),2026-09-26T14:04:07+00:00
d16fff460e3a19f8,2023-02-20,Beef,"Rib, ribeye, lip-on, bn-in (109E  1)",Select Cuts,,,,Select,,,,,749.4,800.0,,,750.0,$/cwt,7.5,per lb,National,wholesale,,,,,,57277.0,lb,,2453,National Daily Boxed Beef Cutout & Boxed Beef Cuts - Negotiated Sales - PM (PDF) (LM_XB403),2026-09-26T14:04:07+00:00
eb778339f198e31c,2023-02-20,Beef,"Round, bone-in (160  1)",Choice Cuts,,,,Choice,,,,,294.0,320.0,,,311.28,$/cwt,3.1128,per lb,National,wholesale,,,,,,3143.0,lb,,2453,National Daily Boxed Beef Cutout & Boxed Beef Cuts - Negotiated Sales - PM (PDF) (LM_XB403),2026-09-26T14:04:07+00:00
09528f9c1814a6c3,2023-02-20,Beef,"Round, boneless (161  1)",Select Cuts,,,,Select,,,,,322.0,325.0,,,324.13,$/cwt,3.2413,per lb,National,wholesale,,,,,,2053.0,lb,,2453,National Daily Boxed Beef Cutout & Boxed Beef Cuts - Negotiated Sales - PM (PDF) (LM_XB403),2026-09-26T14:04:07+00:00
116f5099d05db648,2023-02-20,Beef,"Round, bottom gooseneck (170  1)",Select Cuts,,,,Select,,,,,285.0,295.0,,,287.81,$/cwt,2.8781,per lb,National,wholesale,,,,,,4171.0,lb,,2453,National Daily Boxed Beef Cutout & Boxed Beef Cuts - Negotiated Sales - PM (PDF) (LM_XB403),2026-09-26T14:04:07+00:00
2ac44066e723bd8e,2023-02-20,Beef,"Round, eye of round (171C  3)",Choice Cuts,,,,Choice,,,,,295.0,355.0,,,307.11,$/cwt,3.0711,per lb,National,wholesale,,,,,,105958.0,lb,,2453,National Daily Boxed Beef Cutout & Boxed Beef Cuts - Negotiated Sales - PM (PDF) (LM_XB403),2026-09-26T14:04:07+00:00
6beb30299f7f230a,2023-02-20,Beef,"Round, eye of round (171C  3)",Select Cuts,,,,Select,,,,,305.0,316.0,,,307.89,$/cwt,3.0789,per lb,National,wholesale,,,,,,3178.0,lb,,2453,National Daily Boxed Beef Cutout & Boxed Beef Cuts - Negotiated Sales - PM (PDF) (LM_XB403),2026-09-26T14:04:07+00:00
51163ec421ceac4c,2023-02-20,Beef,"Round, knuckle, peeled (167A  4)",Choice Cuts,,,,Choice,,,,,299.0,334.25,,,318.54,$/cwt,3.1854,per lb,National,wholesale,,,,,,106256.0,lb,,2453,National Daily Boxed Beef Cutout & Boxed Beef Cuts - Negotiated Sales - PM (PDF) (LM_XB403),2026-09-26T14:04:07+00:00
e89233cf9215c15b,2023-02-20,Beef,"Round, knuckle, peeled (167A  4)",Select Cuts,,,,Select,,,,,301.0,319.0,,,313.08,$/cwt,3.1308,per lb,National,wholesale,,,,,,6286.0,lb,,2453,National Daily Boxed Beef Cutout & Boxed Beef Cuts - Negotiated Sales - PM (PDF) (LM_XB403),2026-09-26T14:04:07+00:00
4753a1c3ded464c5,2023-02-20,Beef,"Round, outside round (171B  3)",Choice Cuts,,,,Choice,,,,,275.13,320.0,,,301.8,$/cwt,3.018,per lb,National,wholesale,,,,,,49393.0,lb,,2453,National Daily Boxed Beef Cutout & Boxed Beef Cuts - Negotiated Sales - PM (PDF) (LM_XB403),2026-09-26T14:04:07+00:00
aa6c9960e7f836a0,2023-02-20,Beef,"Round, top inside round (168  1)",Choice Cuts,,,,Choice,,,,,271.0,295.33,,,288.13,$/cwt,2.8813,per lb,National,wholesale,,,,,,53052.0,lb,,2453,National Daily Boxed Beef Cutout & Boxed Beef Cuts - Negotiated Sales - PM (PDF) (LM_XB403),2026-09-26T14:04:07+00:00
cc5ce99a4abe0e05,2023-02-20,Beef,"Round, top inside round (168  3)",Choice Cuts,,,,Choice,,,,,265.0,318.0,,,293.13,$/cwt,2.9313,per lb,National,wholesale,,,,,,105706.0,lb,,2453,National Daily Boxed Beef Cutout & Boxed Beef Cuts - Negotiated Sales - PM (PDF) (LM_XB403),2026-09-26T14:04:07+00:00
853a8669ce571486,2023-02-20,Beef,"Round, top inside round (168  3)",Select Cuts,,,,Select,,,,,282.0,327.0,,,299.09,$/cwt,2.9909,per lb,National,wholesale,,,,,,36908.0,lb,,2453,National Daily Boxed Beef Cutout & Boxed Beef Cuts - Negotiated Sales - PM (PDF) (LM_XB403),2026-09-26T14:04:07+00:00
1ddaf8195767913c,2023-02-20,Beef,"Round, top inside, cap off (169A  5)",Choice Cuts,,,,Choice,,,,,382.0,464.0,,,400.34,$/cwt,4.0034,per lb,National,wholesale,,,,,,31098.0,lb,,2453,National Daily Boxed Beef Cutout & Boxed Beef Cuts - Negotiated Sales - PM (PDF) (LM_XB403),2026-09-26T14:04:07+00:00
06689a33779b52c1,2023-02-20,Beef,"Round, top inside, denuded (169  5)",Choice Cuts,,,,Choice,,,,,320.0,374.0,,,358.19,$/cwt,3.5819,per lb,National,wholesale,,,,,,9627.0,lb,,2453,National Daily Boxed Beef Cutout & Boxed Beef Cuts - Negotiated Sales - PM (PDF) (LM_XB403),2026-09-26T14:04:07+00:00
15786e401b03d734,2023-02-20,Beef,"Short Plate, short rib (123A  3)",Choice Cuts,,,,Choice,,,,,469.0,600.0,,,546.75,$/cwt,5.4675,per lb,National,wholesale,,,,,,44749.0,lb,,2453,National Daily Boxed Beef Cutout & Boxed Beef Cuts - Negotiated Sales - PM (PDF) (LM_XB403),2026-09-26T14:04:07+00:00
b1641e7907187a89,2023-02-20,Beef,"Short Plate, short rib (123A  3)",Select Cuts,,,,Select,,,,,437.5,537.5,,,452.69,$/cwt,4.5269,per lb,National,wholesale,,,,,,69590.0,lb,,2453,National Daily Boxed Beef Cutout & Boxed Beef Cuts - Negotiated Sales - PM (PDF) (LM_XB403),2026-09-26T14:04:07+00:00
73c520abc0f9e24d,2023-02-21,Beef,"Brisket, deckle-off, bnls (120  1)",Choice Cuts,,,,Choice,,,,,275.0,303.0,,,282.54,$/cwt,2.8254,per lb,National,wholesale,,,,,,787922.0,lb,,2453,National Daily Boxed Beef Cutout & Boxed Beef Cuts - Negotiated Sales - PM (PDF) (LM_XB403),2026-09-26T14:04:07+00:00
cf66c33f593d78f6,2023-02-21,Beef,"Brisket, deckle-off, bnls (120  1)",Select Cuts,,,,Select,,,,,275.0,281.0,,,277.4,$/cwt,2.774,per lb,National,wholesale,,,,,,26196.0,lb,,2453,National Daily Boxed Beef Cutout & Boxed Beef Cuts - Negotiated Sales - PM (PDF) (LM_XB403),2026-09-26T14:04:07+00:00
e6c9871e6205166c,2023-02-21,Beef,"Chuck, chuck tender (116B  1)",Choice Cuts,,,,Choice,,,,,300.0,342.75,,,314.31,$/cwt,3.1431,per lb,National,wholesale,,,,,,18942.0,lb,,2453,National Daily Boxed Beef Cutout & Boxed Beef Cuts - Negotiated Sales - PM (PDF) (LM_XB403),2026-09-26T14:04:07+00:00
b40ff7a5b3f3fb05,2023-02-21,Beef,"Chuck, clod tender (114F  5)",Choice Cuts,,,,Choice,,,,,501.25,550.0,,,527.2,$/cwt,5.272,per lb,National,wholesale,,,,,,10926.0,lb,,2453,National Daily Boxed Beef Cutout & Boxed Beef Cuts - Negotiated Sales - PM (PDF) (LM_XB403),2026-09-26T14:04:07+00:00
4d4a996585c09a8c,2023-02-21,Beef,"Chuck, clod, arm roast (114E  3)",Choice Cuts,,,,Choice,,,,,400.0,449.03,,,430.32,$/cwt,4.3032,per lb,National,wholesale,,,,,,33608.0,lb,,2453,National Daily Boxed Beef Cutout & Boxed Beef Cuts - Negotiated Sales - PM (PDF) (LM_XB403),2026-09-26T14:04:07+00:00
b0f35f568db0f10a,2023-02-21,Beef,"Chuck, clod, top blade (114D  3)",Choice Cuts,,,,Choice,,,,,345.0,380.0,,,362.86,$/cwt,3.6286,per lb,National,wholesale,,,,,,17524.0,lb,,2453,National Daily Boxed Beef Cutout & Boxed Beef Cuts - Negotiated Sales - PM (PDF) (LM_XB403),2026-09-26T14:04:07+00:00
74b17c4201b5f9cd,2023-02-21,Beef,"Chuck, flap (116G  4)",Choice Cuts,,,,Choice,,,,,523.63,590.0,,,538.71,$/cwt,5.3871,per lb,National,wholesale,,,,,,40310.0,lb,,2453,National Daily Boxed Beef Cutout & Boxed Beef Cuts - Negotiated Sales - PM (PDF) (LM_XB403),2026-09-26T14:04:07+00:00
2e119b254b207b38,2023-02-21,Beef,"Chuck, flap (116G  4)",Select Cuts,,,,Select,,,,,496.44,526.5,,,519.72,$/cwt,5.1972,per lb,National,wholesale,,,,,,13412.0,lb,,2453,National Daily Boxed Beef Cutout & Boxed Beef Cuts - Negotiated Sales - PM (PDF) (LM_XB403),2026-09-26T14:04:07+00:00
fda7b23028fbbb2d,2023-02-21,Beef,"Chuck, roll, lxl, neck/off (116A  3)",Choice Cuts,,,,Choice,,,,,365.0,416.88,,,393.81,$/cwt,3.9381,per lb,National,wholesale,,,,,,89719.0,lb,,2453,National Daily Boxed Beef Cutout & Boxed Beef Cuts - Negotiated Sales - PM (PDF) (LM_XB403),2026-09-26T14:04:07+00:00
1583c6e64846e65e,2023-02-21,Beef,"Chuck, roll, lxl, neck/off (116A  3)",Select Cuts,,,,Select,,,,,338.0,390.0,,,368.02,$/cwt,3.6802,per lb,National,wholesale,,,,,,42327.0,lb,,2453,National Daily Boxed Beef Cutout & Boxed Beef Cuts - Negotiated Sales - PM (PDF) (LM_XB403),2026-09-26T14:04:07+00:00
7bba5ee62e2fcc06,2023-02-21,Beef,"Chuck, roll, retail ready (916A  3)",Choice Cuts,,,,Choice,,,,,454.0,460.0,,,458.4,$/cwt,4.584,per lb,National,wholesale,,,,,,68233.0,lb,,2453,National Daily Boxed Beef Cutout & Boxed Beef Cuts - Negotiated Sales - PM (PDF) (LM_XB403),2026-09-26T14:04:07+00:00
4c6a8322a91d34fb,2023-02-21,Beef,"Chuck, short rib (130  4)",Choice Cuts,,,,Choice,,,,,429.0,477.0,,,456.88,$/cwt,4.5688,per lb,National,wholesale,,,,,,35008.0,lb,,2453,National Daily Boxed Beef Cutout & Boxed Beef Cuts - Negotiated Sales - PM (PDF) (LM_XB403),2026-09-26T14:04:07+00:00
e624225fa5fb3883,2023-02-21,Beef,"Chuck, short rib (130  4)",Select Cuts,,,,Select,,,,,440.0,450.7,,,446.12,$/cwt,4.4612,per lb,National,wholesale,,,,,,3307.0,lb,,2453,National Daily Boxed Beef Cutout & Boxed Beef Cuts - Negotiated Sales - PM (PDF) (LM_XB403),2026-09-26T14:04:07+00:00
b1a59bb4790efb6c,2023-02-21,Beef,"Chuck, shoulder clod (114  1)",Select Cuts,,,,Select,,,,,265.0,280.0,,,275.51,$/cwt,2.7551,per lb,National,wholesale,,,,,,6201.0,lb,,2453,National Daily Boxed Beef Cutout & Boxed Beef Cuts - Negotiated Sales - PM (PDF) (LM_XB403),2026-09-26T14:04:07+00:00
2b568153134a2c16,2023-02-21,Beef,"Chuck, shoulder clod, trmd (114A  3)",Choice Cuts,,,,Choice,,,,,279.39,318.0,,,287.23,$/cwt,2.8723,per lb,National,wholesale,,,,,,111603.0,lb,,2453,National Daily Boxed Beef Cutout & Boxed Beef Cuts - Negotiated Sales - PM (PDF) (LM_XB403),2026-09-26T14:04:07+00:00
3322f652206a2785,2023-02-21,Beef,"Chuck, shoulder clod, trmd (114A  3)",Select Cuts,,,,Select,,,,,275.0,310.0,,,289.52,$/cwt,2.8952,per lb,National,wholesale,,,,,,11420.0,lb,,2453,National Daily Boxed Beef Cutout & Boxed Beef Cuts - Negotiated Sales - PM (PDF) (LM_XB403),2026-09-26T14:04:07+00:00
2bdd133c2dddda2c,2023-02-21,Beef,Cutout 600-900 lb,,,,,Select,,,,,,,,,270.84,$/cwt,2.7084,per lb,National,wholesale,,,,,,,,,2453,National Daily Boxed Beef Cutout & Boxed Beef Cuts - Negotiated Sales - PM (PDF) (LM_XB403),2026-09-26T14:04:07+00:00
e9469c2a3117d1e2,2023-02-21,Beef,Cutout 600-900 lb,,,,,Choice,,,,,,,,,287.2,$/cwt,2.872,per lb,National,wholesale,,,,,,,,,2453,National Daily Boxed Beef Cutout & Boxed Beef Cuts - Negotiated Sales - PM (PDF) (LM_XB403),2026-09-26T14:04:07+00:00
979ed0e64b5b3377,2023-02-21,Beef,"Flank, flank steak (193  4)",Choice Cuts,,,,Choice,,,,,600.0,665.5,,,638.17,$/cwt,6.3817,per lb,National,wholesale,,,,,,20144.0,lb,,2453,National Daily Boxed Beef Cutout & Boxed Beef Cuts - Negotiated Sales - PM (PDF) (LM_XB403),2026-09-26T14:04:07+00:00
ecb3f72514666b3e,2023-02-21,Beef,"Flank, flank steak (193  4)",Select Cuts,,,,Select,,,,,587.0,620.0,,,610.76,$/cwt,6.1076,per lb,National,wholesale,,,,,,8993.0,lb,,2453,National Daily Boxed Beef Cutout & Boxed Beef Cuts - Negotiated Sales - PM (PDF) (LM_XB403),2026-09-26T14:04:07+00:00
9c6cea26fabd8118,2023-02-21,Beef,Ground Beef 73%,Ground Beef,,,,,,,,,190.0,238.5,,,205.9,$/cwt,2.059,per lb,National,wholesale,,,,,,76136.0,lb,,2453,National Daily Boxed Beef Cutout & Boxed Beef Cuts - Negotiated Sales - PM (PDF) (LM_XB403),2026-09-26T14:04:07+00:00
bb5ff8b557485b51,2023-02-21,Beef,Ground Beef 81%,Ground Beef,,,,,,,,,221.0,276.88,,,239.44,$/cwt,2.3944,per lb,National,wholesale,,,,,,215684.0,lb,,2453,National Daily Boxed Beef Cutout & Boxed Beef Cuts - Negotiated Sales - PM (PDF) (LM_XB403),2026-09-26T14:04:07+00:00
ed0ed2efe23bf470,2023-02-21,Beef,Ground Beef 85%,Ground Beef,,,,,,,,,266.0,305.0,,,272.56,$/cwt,2.7256,per lb,National,wholesale,,,,,,81816.0,lb,,2453,National Daily Boxed Beef Cutout & Boxed Beef Cuts - Negotiated Sales - PM (PDF) (LM_XB403),2026-09-26T14:04:07+00:00
f71bfd62329de8a4,2023-02-21,Beef,Ground Beef 93%,Ground Beef,,,,,,,,,327.82,372.0,,,365.5,$/cwt,3.655,per lb,National,wholesale,,,,,,24630.0,lb,,2453,National Daily Boxed Beef Cutout & Boxed Beef Cuts - Negotiated Sales - PM (PDF) (LM_XB403),2026-09-26T14:04:07+00:00
afd188e4f923cd8f,2023-02-21,Beef,Ground Beef Chuck,Ground Beef,,,,,,,,,245.0,274.34,,,246.82,$/cwt,2.4682,per lb,National,wholesale,,,,,,27940.0,lb,,2453,National Daily Boxed Beef Cutout & Boxed Beef Cuts - Negotiated Sales - PM (PDF) (LM_XB403),2026-09-26T14:04:07+00:00
59e80479926f5543,2023-02-21,Beef,Ground Beef Round,Ground Beef,,,,,,,,,297.82,327.0,,,319.01,$/cwt,3.1901,per lb,National,wholesale,,,,,,7922.0,lb,,2453,National Daily Boxed Beef Cutout & Boxed Beef Cuts - Negotiated Sales - PM (PDF) (LM_XB403),2026-09-26T14:04:07+00:00
3861b7c96ae099eb,2023-02-21,Beef,"Loin, ball-tip, bnls, heavy (185B  1)",Choice Cuts,,,,Choice,,,,,300.0,349.89,,,318.01,$/cwt,3.1801,per lb,National,wholesale,,,,,,8871.0,lb,,2453,National Daily Boxed Beef Cutout & Boxed Beef Cuts - Negotiated Sales - PM (PDF) (LM_XB403),2026-09-26T14:04:07+00:00
fe638255253b8098,2023-02-21,Beef,"Loin, ball-tip, bnls, heavy (185B  1)",Select Cuts,,,,Select,,,,,300.0,346.88,,,305.78,$/cwt,3.0578,per lb,National,wholesale,,,,,,8358.0,lb,,2453,National Daily Boxed Beef Cutout & Boxed Beef Cuts - Negotiated Sales - PM (PDF) (LM_XB403),2026-09-26T14:04:07+00:00
535c3a0e6c131f7b,2023-02-21,Beef,"Loin, bottom sirloin, flap (185A  4)",Choice Cuts,,,,Choice,,,,,699.0,774.25,,,727.64,$/cwt,7.2764,per lb,National,wholesale,,,,,,81702.0,lb,,2453,National Daily Boxed Beef Cutout & Boxed Beef Cuts - Negotiated Sales - PM (PDF) (LM_XB403),2026-09-26T14:04:07+00:00
5c89d5203513d0c9,2023-02-21,Beef,"Loin, bottom sirloin, flap (185A  4)",Select Cuts,,,,Select,,,,,660.0,715.0,,,683.16,$/cwt,6.8316,per lb,National,wholesale,,,,,,4603.0,lb,,2453,National Daily Boxed Beef Cutout & Boxed Beef Cuts - Negotiated Sales - PM (PDF) (LM_XB403),2026-09-26T14:04:07+00:00
6d721b34c05f258d,2023-02-21,Beef,"Loin, butt tender, trimmed (191A  4)",Select Cuts,,,,Select,,,,,1139.0,1275.0,,,1157.46,$/cwt,11.5746,per lb,National,wholesale,,,,,,4791.0,lb,,2453,National Daily Boxed Beef Cutout & Boxed Beef Cuts - Negotiated Sales - PM (PDF) (LM_XB403),2026-09-26T14:04:07+00:00
aeffe42c069951c7,2023-02-21,Beef,"Loin, short loin, 0x1 (174  3)",Choice Cuts,,,,Choice,,,,,709.5,761.96,,,716.14,$/cwt,7.1614,per lb,National,wholesale,,,,,,45275.0,lb,,2453,National Daily Boxed Beef Cutout & Boxed Beef Cuts - Negotiated Sales - PM (PDF) (LM_XB403),2026-09-26T14:04:07+00:00
194a40510209eb8e,2023-02-21,Beef,"Loin, short loin, 0x1 (174  3)",Select Cuts,,,,Select,,,,,675.0,740.0,,,679.01,$/cwt,6.7901,per lb,National,wholesale,,,,,,17421.0,lb,,2453,National Daily Boxed Beef Cutout & Boxed Beef Cuts - Negotiated Sales - PM (PDF) (LM_XB403),2026-09-26T14:04:07+00:00
202c6ad7dad589a8,2023-02-21,Beef,"Loin, sirloin, tri-tip (185C  1)",Choice Cuts,,,,Choice,,,,,381.0,445.0,,,403.2,$/cwt,4.032,per lb,National,wholesale,,,,,,173706.0,lb,,2453,National Daily Boxed Beef Cutout & Boxed Beef Cuts - Negotiated Sales - PM (PDF) (LM_XB403),2026-09-26T14:04:07+00:00
c16be1cd86c5e53f,2023-02-21,Beef,"Loin, sirloin, tri-tip (185C  1)",Select Cuts,,,,Select,,,,,268.5,345.0,,,302.69,$/cwt,3.0269,per lb,National,wholesale,,,,,,40762.0,lb,,2453,National Daily Boxed Beef Cutout & Boxed Beef Cuts - Negotiated Sales - PM (PDF) (LM_XB403),2026-09-26T14:04:07+00:00
7a37091bc344dc5e,2023-02-21,Beef,"Loin, sirloin, tri-tip, pld (185D  4)",Choice Cuts,,,,Choice,,,,,542.0,558.0,,,548.86,$/cwt,5.4886,per lb,National,wholesale,,,,,,1493.0,lb,,2453,National Daily Boxed Beef Cutout & Boxed Beef Cuts - Negotiated Sales - PM (PDF) (LM_XB403),2026-09-26T14:04:07+00:00
d2a542829f971c9c,2023-02-21,Beef,"Loin, strip, bnls, 0x1 (180  3)",Choice Cuts,,,,Choice,,,,,850.0,901.96,,,872.75,$/cwt,8.7275,per lb,National,wholesale,,,,,,76090.0,lb,,2453,National Daily Boxed Beef Cutout & Boxed Beef Cuts - Negotiated Sales - PM (PDF) (LM_XB403),2026-09-26T14:04:07+00:00
35b5117b70ac0c7c,2023-02-21,Beef,"Loin, strip, bnls, 0x1 (180  3)",Select Cuts,,,,Select,,,,,660.0,733.0,,,665.6,$/cwt,6.656,per lb,National,wholesale,,,,,,100948.0,lb,,2453,National Daily Boxed Beef Cutout & Boxed Beef Cuts - Negotiated Sales - PM (PDF) (LM_XB403),2026-09-26T14:04:07+00:00
c5520ee48b5b1a59,2023-02-21,Beef,"Loin, tndrloin, trmd, heavy (189A  4)",Choice Cuts,,,,Choice,,,,,1440.0,1684.25,,,1484.69,$/cwt,14.8469,per lb,National,wholesale,,,,,,192395.0,lb,,2453,National Daily Boxed Beef Cutout & Boxed Beef Cuts - Negotiated Sales - PM (PDF) (LM_XB403),2026-09-26T14:04:07+00:00
52623e4edf8464a8,2023-02-21,Beef,"Loin, tndrloin, trmd, heavy (189A  4)",Select Cuts,,,,Select,,,,,1451.89,1506.0,,,1474.89,$/cwt,14.7489,per lb,National,wholesale,,,,,,29894.0,lb,,2453,National Daily Boxed Beef Cutout & Boxed Beef Cuts - Negotiated Sales - PM (PDF) (LM_XB403),2026-09-26T14:04:07+00:00
18169adbbac7bffd,2023-02-21,Beef,"Loin, top butt, CC (184B  3)",Choice Cuts,,,,Choice,,,,,555.0,602.04,,,589.96,$/cwt,5.8996,per lb,National,wholesale,,,,,,21398.0,lb,,2453,National Daily Boxed Beef Cutout & Boxed Beef Cuts - Negotiated Sales - PM (PDF) (LM_XB403),2026-09-26T14:04:07+00:00
a5fa86e8b3667533,2023-02-21,Beef,"Loin, top butt, bnls, heavy (184  1)",Choice Cuts,,,,Choice,,,,,385.0,405.0,,,390.33,$/cwt,3.9033,per lb,National,wholesale,,,,,,8943.0,lb,,2453,National Daily Boxed Beef Cutout & Boxed Beef Cuts - Negotiated Sales - PM (PDF) (LM_XB403),2026-09-26T14:04:07+00:00
502f714829c65e8f,2023-02-21,Beef,"Loin, top butt, boneless (184  3)",Choice Cuts,,,,Choice,,,,,370.0,435.0,,,417.8,$/cwt,4.178,per lb,National,wholesale,,,,,,76699.0,lb,,2453,National Daily Boxed Beef Cutout & Boxed Beef Cuts - Negotiated Sales - PM (PDF) (LM_XB403),2026-09-26T14:04:07+00:00
d8aa9ee1cb1cf94d,2023-02-21,Beef,"Loin, top butt, boneless (184  3)",Select Cuts,,,,Select,,,,,390.0,415.0,,,393.42,$/cwt,3.9342,per lb,National,wholesale,,,,,,74358.0,lb,,2453,National Daily Boxed Beef Cutout & Boxed Beef Cuts - Negotiated Sales - PM (PDF) (LM_XB403),2026-09-26T14:04:07+00:00
289746143499d7c8,2023-02-21,Beef,"Rib, ribeye, bnls, heavy (112A  3)",Choice Cuts,,,,Choice,,,,,980.3,1073.42,,,1035.73,$/cwt,10.3573,per lb,National,wholesale,,,,,,34245.0,lb,,2453,National Daily Boxed Beef Cutout & Boxed Beef Cuts - Negotiated Sales - PM (PDF) (LM_XB403),2026-09-26T14:04:07+00:00
609bf0855ee14518,2023-02-21,Beef,"Rib, ribeye, bnls, heavy (112A  3)",Select Cuts,,,,Select,,,,,858.0,905.38,,,877.33,$/cwt,8.7733,per lb,National,wholesale,,,,,,19116.0,lb,,2453,National Daily Boxed Beef Cutout & Boxed Beef Cuts - Negotiated Sales - PM (PDF) (LM_XB403),2026-09-26T14:04:07+00:00
83801b751a9f27a7,2023-02-21,Beef,"Rib, ribeye, bnls, light (112A  3)",Choice Cuts,,,,Choice,,,,,984.0,1097.0,,,1046.25,$/cwt,10.4625,per lb,National,wholesale,,,,,,67775.0,lb,,2453,National Daily Boxed Beef Cutout & Boxed Beef Cuts - Negotiated Sales - PM (PDF) (LM_XB403),2026-09-26T14:04:07+00:00
17bfd039a809d7e0,2023-02-21,Beef,"Rib, ribeye, bnls, light (112A  3)",Select Cuts,,,,Select,,,,,849.17,912.0,,,877.56,$/cwt,8.7756,per lb,National,wholesale,,,,,,61202.0,lb,,2453,National Daily Boxed Beef Cutout & Boxed Beef Cuts - Negotiated Sales - PM (PDF) (LM_XB403),2026-09-26T14:04:07+00:00
0e0f41bce57b209c,2023-02-21,Beef,"Rib, ribeye, lip-on, bn-in (109E  1)",Choice Cuts,,,,Choice,,,,,860.0,1006.5,,,895.99,$/cwt,8.9599,per lb,National,wholesale,,,,,,113584.0,lb,,2453,National Daily Boxed Beef Cutout & Boxed Beef Cuts - Negotiated Sales - PM (PDF) (LM_XB403),2026-09-26T14:04:07+00:00
240559ecc24dde48,2023-02-21,Beef,"Rib, ribeye, lip-on, bn-in (109E  1)",Select Cuts,,,,Select,,,,,749.4,782.18,,,761.68,$/cwt,7.6168,per lb,National,wholesale,,,,,,78769.0,lb,,2453,National Daily Boxed Beef Cutout & Boxed Beef Cuts - Negotiated Sales - PM (PDF) (LM_XB403),2026-09-26T14:04:07+00:00
509169e775de4d83,2023-02-21,Beef,"Round, eye of round (171C  3)",Choice Cuts,,,,Choice,,,,,285.0,331.88,,,308.89,$/cwt,3.0889,per lb,National,wholesale,,,,,,75820.0,lb,,2453,National Daily Boxed Beef Cutout & Boxed Beef Cuts - Negotiated Sales - PM (PDF) (LM_XB403),2026-09-26T14:04:07+00:00
1369d2c8801bb92d,2023-02-21,Beef,"Round, eye of round (171C  3)",Select Cuts,,,,Select,,,,,295.09,318.0,,,304.52,$/cwt,3.0452,per lb,National,wholesale,,,,,,17958.0,lb,,2453,National Daily Boxed Beef Cutout & Boxed Beef Cuts - Negotiated Sales - PM (PDF) (LM_XB403),2026-09-26T14:04:07+00:00
f4206548e02c4313,2023-02-21,Beef,"Round, knuckle, peeled (167A  4)",Choice Cuts,,,,Choice,,,,,305.0,366.88,,,314.89,$/cwt,3.1489,per lb,National,wholesale,,,,,,133373.0,lb,,2453,National Daily Boxed Beef Cutout & Boxed Beef Cuts - Negotiated Sales - PM (PDF) (LM_XB403),2026-09-26T14:04:07+00:00
d1d11751e573a931,2023-02-21,Beef,"Round, knuckle, peeled (167A  4)",Select Cuts,,,,Select,,,,,315.0,326.0,,,320.96,$/cwt,3.2096,per lb,National,wholesale,,,,,,1763.0,lb,,2453,National Daily Boxed Beef Cutout & Boxed Beef Cuts - Negotiated Sales - PM (PDF) (LM_XB403),2026-09-26T14:04:07+00:00
0992d411d0fbc291,2023-02-21,Beef,"Round, outside round (171B  3)",Choice Cuts,,,,Choice,,,,,290.0,324.88,,,304.41,$/cwt,3.0441,per lb,National,wholesale,,,,,,47399.0,lb,,2453,National Daily Boxed Beef Cutout & Boxed Beef Cuts - Negotiated Sales - PM (PDF) (LM_XB403),2026-09-26T14:04:07+00:00
18cc13019f0ffcc0,2023-02-21,Beef,"Round, outside round (171B  3)",Select Cuts,,,,Select,,,,,267.0,320.5,,,303.96,$/cwt,3.0396,per lb,National,wholesale,,,,,,45944.0,lb,,2453,National Daily Boxed Beef Cutout & Boxed Beef Cuts - Negotiated Sales - PM (PDF) (LM_XB403),2026-09-26T14:04:07+00:00
1b2683169386c0ce,2023-02-21,Beef,"Round, top inside round (168  1)",Choice Cuts,,,,Choice,,,,,285.0,300.0,,,297.44,$/cwt,2.9744,per lb,National,wholesale,,,,,,37079.0,lb,,2453,National Daily Boxed Beef Cutout & Boxed Beef Cuts - Negotiated Sales - PM (PDF) (LM_XB403),2026-09-26T14:04:07+00:00
179bf154a364592c,2023-02-21,Beef,"Round, top inside round (168  1)",Select Cuts,,,,Select,,,,,280.0,318.0,,,289.27,$/cwt,2.8927,per lb,National,wholesale,,,,,,8150.0,lb,,2453,National Daily Boxed Beef Cutout & Boxed Beef Cuts - Negotiated Sales - PM (PDF) (LM_XB403),2026-09-26T14:04:07+00:00
8b76c4d6fd167bc1,2023-02-21,Beef,"Round, top inside round (168  3)",Choice Cuts,,,,Choice,,,,,256.0,324.75,,,291.54,$/cwt,2.9154,per lb,National,wholesale,,,,,,59998.0,lb,,2453,National Daily Boxed Beef Cutout & Boxed Beef Cuts - Negotiated Sales - PM (PDF) (LM_XB403),2026-09-26T14:04:07+00:00
19124dd24d36d71b,2023-02-21,Beef,"Round, top inside round (168  3)",Select Cuts,,,,Select,,,,,259.0,319.0,,,281.08,$/cwt,2.8108,per lb,National,wholesale,,,,,,42198.0,lb,,2453,National Daily Boxed Beef Cutout & Boxed Beef Cuts - Negotiated Sales - PM (PDF) (LM_XB403),2026-09-26T14:04:07+00:00
136cfd449909d0af,2023-02-21,Beef,"Round, top inside, cap off (169A  5)",Choice Cuts,,,,Choice,,,,,420.0,469.2,,,447.37,$/cwt,4.4737,per lb,National,wholesale,,,,,,10734.0,lb,,2453,National Daily Boxed Beef Cutout & Boxed Beef Cuts - Negotiated Sales - PM (PDF) (LM_XB403),2026-09-26T14:04:07+00:00
e60c0d78ed7d1022,2023-02-21,Beef,"Round, top inside, denuded (169  5)",Choice Cuts,,,,Choice,,,,,320.0,365.5,,,336.15,$/cwt,3.3615,per lb,National,wholesale,,,,,,4720.0,lb,,2453,National Daily Boxed Beef Cutout & Boxed Beef Cuts - Negotiated Sales - PM (PDF) (LM_XB403),2026-09-26T14:04:07+00:00
edaffc02be33ae40,2023-02-21,Beef,"Short Plate, short rib (123A  3)",Choice Cuts,,,,Choice,,,,,473.63,613.0,,,527.5,$/cwt,5.275,per lb,National,wholesale,,,,,,35297.0,lb,,2453,National Daily Boxed Beef Cutout & Boxed Beef Cuts - Negotiated Sales - PM (PDF) (LM_XB403),2026-09-26T14:04:07+00:00
c0e437c03fd45e71,2023-02-22,Beef,"Brisket, deckle-off, bnls (120  1)",Choice Cuts,,,,Choice,,,,,285.0,322.0,,,292.86,$/cwt,2.9286,per lb,National,wholesale,,,,,,170871.0,lb,,2453,National Daily Boxed Beef Cutout & Boxed Beef Cuts - Negotiated Sales - PM (PDF) (LM_XB403),2026-09-26T14:04:07+00:00
778c292e988d9694,2023-02-22,Beef,"Brisket, deckle-off, bnls (120  1)",Select Cuts,,,,Select,,,,,268.77,305.0,,,283.64,$/cwt,2.8364,per lb,National,wholesale,,,,,,32881.0,lb,,2453,National Daily Boxed Beef Cutout & Boxed Beef Cuts - Negotiated Sales - PM (PDF) (LM_XB403),2026-09-26T14:04:07+00:00
5985464aa6833627,2023-02-22,Beef,"Brisket, point/off, bnls (120A  3)",Choice Cuts,,,,Choice,,,,,493.0,625.0,,,554.71,$/cwt,5.5471,per lb,National,wholesale,,,,,,4737.0,lb,,2453,National Daily Boxed Beef Cutout & Boxed Beef Cuts - Negotiated Sales - PM (PDF) (LM_XB403),2026-09-26T14:04:07+00:00
94c4386934b2f4e1,2023-02-22,Beef,"Chuck, chuck tender (116B  1)",Choice Cuts,,,,Choice,,,,,289.0,342.5,,,302.52,$/cwt,3.0252,per lb,National,wholesale,,,,,,35403.0,lb,,2453,National Daily Boxed Beef Cutout & Boxed Beef Cuts - Negotiated Sales - PM (PDF) (LM_XB403),2026-09-26T14:04:07+00:00
215fa22f8f3ce024,2023-02-22,Beef,"Chuck, clod tender (114F  5)",Choice Cuts,,,,Choice,,,,,477.0,538.03,,,516.56,$/cwt,5.1656,per lb,National,wholesale,,,,,,11314.0,lb,,2453,National Daily Boxed Beef Cutout & Boxed Beef Cuts - Negotiated Sales - PM (PDF) (LM_XB403),2026-09-26T14:04:07+00:00
5b6d434485cb8530,2023-02-22,Beef,"Chuck, clod tender (114F  5)",Select Cuts,,,,Select,,,,,429.5,450.0,,,438.78,$/cwt,4.3878,per lb,National,wholesale,,,,,,4010.0,lb,,2453,National Daily Boxed Beef Cutout & Boxed Beef Cuts - Negotiated Sales - PM (PDF) (LM_XB403),2026-09-26T14:04:07+00:00
57278096f0f8f290,2023-02-22,Beef,"Chuck, clod, arm roast (114E  3)",Choice Cuts,,,,Choice,,,,,398.94,460.0,,,441.9,$/cwt,4.419,per lb,National,wholesale,,,,,,21451.0,lb,,2453,National Daily Boxed Beef Cutout & Boxed Beef Cuts - Negotiated Sales - PM (PDF) (LM_XB403),2026-09-26T14:04:07+00:00
3c546e3945742a0e,2023-02-22,Beef,"Chuck, clod, top blade (114D  3)",Choice Cuts,,,,Choice,,,,,339.0,375.0,,,348.3,$/cwt,3.483,per lb,National,wholesale,,,,,,30359.0,lb,,2453,National Daily Boxed Beef Cutout & Boxed Beef Cuts - Negotiated Sales - PM (PDF) (LM_XB403),2026-09-26T14:04:07+00:00
5ea9aefbbecc9788,2023-02-22,Beef,"Chuck, flap (116G  4)",Choice Cuts,,,,Choice,,,,,521.04,603.0,,,557.81,$/cwt,5.5781,per lb,National,wholesale,,,,,,30497.0,lb,,2453,National Daily Boxed Beef Cutout & Boxed Beef Cuts - Negotiated Sales - PM (PDF) (LM_XB403),2026-09-26T14:04:07+00:00
bf38b88bb1666c27,2023-02-22,Beef,"Chuck, flap (116G  4)",Select Cuts,,,,Select,,,,,494.25,553.0,,,519.59,$/cwt,5.1959,per lb,National,wholesale,,,,,,19220.0,lb,,2453,National Daily Boxed Beef Cutout & Boxed Beef Cuts - Negotiated Sales - PM (PDF) (LM_XB403),2026-09-26T14:04:07+00:00
96889551e1920e09,2023-02-22,Beef,"Chuck, roll, lxl, neck/off (116A  3)",Choice Cuts,,,,Choice,,,,,362.0,414.0,,,379.82,$/cwt,3.7982,per lb,National,wholesale,,,,,,186203.0,lb,,2453,National Daily Boxed Beef Cutout & Boxed Beef Cuts - Negotiated Sales - PM (PDF) (LM_XB403),2026-09-26T14:04:07+00:00
b675bdb692740388,2023-02-22,Beef,"Chuck, roll, lxl, neck/off (116A  3)",Select Cuts,,,,Select,,,,,365.0,389.0,,,369.11,$/cwt,3.6911,per lb,National,wholesale,,,,,,10162.0,lb,,2453,National Daily Boxed Beef Cutout & Boxed Beef Cuts - Negotiated Sales - PM (PDF) (LM_XB403),2026-09-26T14:04:07+00:00
e0ff7268e6a78679,2023-02-22,Beef,"Chuck, roll, retail ready (916A  3)",Choice Cuts,,,,Choice,,,,,398.0,406.0,,,402.77,$/cwt,4.0277,per lb,National,wholesale,,,,,,9601.0,lb,,2453,National Daily Boxed Beef Cutout & Boxed Beef Cuts - Negotiated Sales - PM (PDF) (LM_XB403),2026-09-26T14:04:07+00:00
4e4f0cea2ea3dabb,2023-02-22,Beef,"Chuck, semi-bnls, neck/off (113C  1)",Choice Cuts,,,,Choice,,,,,334.1,340.0,,,337.39,$/cwt,3.3739,per lb,National,wholesale,,,,,,14345.0,lb,,2453,National Daily Boxed Beef Cutout & Boxed Beef Cuts - Negotiated Sales - PM (PDF) (LM_XB403),2026-09-26T14:04:07+00:00
5bfbf71bb117145e,2023-02-22,Beef,"Chuck, semi-bnls, neck/off (113C  1)",Select Cuts,,,,Select,,,,,335.0,344.0,,,337.44,$/cwt,3.3744,per lb,National,wholesale,,,,,,10768.0,lb,,2453,National Daily Boxed Beef Cutout & Boxed Beef Cuts - Negotiated Sales - PM (PDF) (LM_XB403),2026-09-26T14:04:07+00:00
f360306910e5cd13,2023-02-22,Beef,"Chuck, short rib (130  4)",Choice Cuts,,,,Choice,,,,,403.0,475.36,,,434.56,$/cwt,4.3456,per lb,National,wholesale,,,,,,53503.0,lb,,2453,National Daily Boxed Beef Cutout & Boxed Beef Cuts - Negotiated Sales - PM (PDF) (LM_XB403),2026-09-26T14:04:07+00:00
84cec5aab0cb472c,2023-02-22,Beef,"Chuck, short rib (130  4)",Select Cuts,,,,Select,,,,,421.0,450.0,,,437.66,$/cwt,4.3766,per lb,National,wholesale,,,,,,4144.0,lb,,2453,National Daily Boxed Beef Cutout & Boxed Beef Cuts - Negotiated Sales - PM (PDF) (LM_XB403),2026-09-26T14:04:07+00:00
338c4921b6f6ad37,2023-02-22,Beef,"Chuck, shoulder clod (114  1)",Choice Cuts,,,,Choice,,,,,265.72,290.0,,,283.3,$/cwt,2.833,per lb,National,wholesale,,,,,,13477.0,lb,,2453,National Daily Boxed Beef Cutout & Boxed Beef Cuts - Negotiated Sales - PM (PDF) (LM_XB403),2026-09-26T14:04:07+00:00
703762c02a2adbd4,2023-02-22,Beef,"Chuck, shoulder clod, trmd (114A  3)",Choice Cuts,,,,Choice,,,,,277.5,320.0,,,287.95,$/cwt,2.8795,per lb,National,wholesale,,,,,,93124.0,lb,,2453,National Daily Boxed Beef Cutout & Boxed Beef Cuts - Negotiated Sales - PM (PDF) (LM_XB403),2026-09-26T14:04:07+00:00
c7e4c7d37bf610ec,2023-02-22,Beef,"Chuck, shoulder clod, trmd (114A  3)",Select Cuts,,,,Select,,,,,284.0,315.0,,,292.08,$/cwt,2.9208,per lb,National,wholesale,,,,,,14038.0,lb,,2453,National Daily Boxed Beef Cutout & Boxed Beef Cuts - Negotiated Sales - PM (PDF) (LM_XB403),2026-09-26T14:04:07+00:00
1324b3a9c2d55ab6,2023-02-22,Beef,Cutout 600-900 lb,,,,,Select,,,,,,,,,273.64,$/cwt,2.7364,per lb,National,wholesale,,,,,,,,,2453,National Daily Boxed Beef Cutout & Boxed Beef Cuts - Negotiated Sales - PM (PDF) (LM_XB403),2026-09-26T14:04:07+00:00
720ce2f59d401216,2023-02-22,Beef,Cutout 600-900 lb,,,,,Choice,,,,,,,,,287.91,$/cwt,2.8791,per lb,National,wholesale,,,,,,,,,2453,National Daily Boxed Beef Cutout & Boxed Beef Cuts - Negotiated Sales - PM (PDF) (LM_XB403),2026-09-26T14:04:07+00:00
89ada9b56f06543c,2023-02-22,Beef,"Flank, flank steak (193  4)",Choice Cuts,,,,Choice,,,,,549.41,650.7,,,622.15,$/cwt,6.2215,per lb,National,wholesale,,,,,,34121.0,lb,,2453,National Daily Boxed Beef Cutout & Boxed Beef Cuts - Negotiated Sales - PM (PDF) (LM_XB403),2026-09-26T14:04:07+00:00
940c7caf899198f9,2023-02-22,Beef,"Flank, flank steak (193  4)",Select Cuts,,,,Select,,,,,595.0,625.0,,,615.7,$/cwt,6.157,per lb,National,wholesale,,,,,,3469.0,lb,,2453,National Daily Boxed Beef Cutout & Boxed Beef Cuts - Negotiated Sales - PM (PDF) (LM_XB403),2026-09-26T14:04:07+00:00
347f6993e7eb2ccf,2023-02-22,Beef,Ground Beef 73%,Ground Beef,,,,,,,,,185.0,238.5,,,201.97,$/cwt,2.0197,per lb,National,wholesale,,,,,,91498.0,lb,,2453,National Daily Boxed Beef Cutout & Boxed Beef Cuts - Negotiated Sales - PM (PDF) (LM_XB403),2026-09-26T14:04:07+00:00
49fd10429ada1f9d,2023-02-22,Beef,Ground Beef 75%,Ground Beef,,,,,,,,,191.93,218.0,,,204.12,$/cwt,2.0412,per lb,National,wholesale,,,,,,11962.0,lb,,2453,National Daily Boxed Beef Cutout & Boxed Beef Cuts - Negotiated Sales - PM (PDF) (LM_XB403),2026-09-26T14:04:07+00:00
417e910feda9cb75,2023-02-22,Beef,Ground Beef 81%,Ground Beef,,,,,,,,,218.76,265.7,,,238.9,$/cwt,2.389,per lb,National,wholesale,,,,,,222208.0,lb,,2453,National Daily Boxed Beef Cutout & Boxed Beef Cuts - Negotiated Sales - PM (PDF) (LM_XB403),2026-09-26T14:04:07+00:00
9f2343ae3fced549,2023-02-22,Beef,Ground Beef 85%,Ground Beef,,,,,,,,,266.0,278.0,,,269.73,$/cwt,2.6973,per lb,National,wholesale,,,,,,12042.0,lb,,2453,National Daily Boxed Beef Cutout & Boxed Beef Cuts - Negotiated Sales - PM (PDF) (LM_XB403),2026-09-26T14:04:07+00:00
c4bcd67266a49968,2023-02-22,Beef,Ground Beef 93%,Ground Beef,,,,,,,,,361.3,377.0,,,367.04,$/cwt,3.6704,per lb,National,wholesale,,,,,,19877.0,lb,,2453,National Daily Boxed Beef Cutout & Boxed Beef Cuts - Negotiated Sales - PM (PDF) (LM_XB403),2026-09-26T14:04:07+00:00
051a0cf966edf103,2023-02-22,Beef,Ground Beef Chuck,Ground Beef,,,,,,,,,251.0,269.0,,,257.96,$/cwt,2.5796,per lb,National,wholesale,,,,,,13484.0,lb,,2453,National Daily Boxed Beef Cutout & Boxed Beef Cuts - Negotiated Sales - PM (PDF) (LM_XB403),2026-09-26T14:04:07+00:00
6554d48c8e1b659e,2023-02-22,Beef,Ground Beef Round,Ground Beef,,,,,,,,,314.0,321.3,,,318.08,$/cwt,3.1808,per lb,National,wholesale,,,,,,1709.0,lb,,2453,National Daily Boxed Beef Cutout & Boxed Beef Cuts - Negotiated Sales - PM (PDF) (LM_XB403),2026-09-26T14:04:07+00:00
c281f37e18b57b24,2023-02-22,Beef,"Loin, ball-tip, bnls, heavy (185B  1)",Choice Cuts,,,,Choice,,,,,300.0,345.0,,,318.39,$/cwt,3.1839,per lb,National,wholesale,,,,,,36205.0,lb,,2453,National Daily Boxed Beef Cutout & Boxed Beef Cuts - Negotiated Sales - PM (PDF) (LM_XB403),2026-09-26T14:04:07+00:00
36cb02f54fa3a3d4,2023-02-22,Beef,"Loin, bottom sirloin, flap (185A  4)",Choice Cuts,,,,Choice,,,,,680.0,774.0,,,713.75,$/cwt,7.1375,per lb,National,wholesale,,,,,,84411.0,lb,,2453,National Daily Boxed Beef Cutout & Boxed Beef Cuts - Negotiated Sales - PM (PDF) (LM_XB403),2026-09-26T14:04:07+00:00
100ae0c470b4cc5f,2023-02-22,Beef,"Loin, bottom sirloin, flap (185A  4)",Select Cuts,,,,Select,,,,,652.0,729.0,,,685.2,$/cwt,6.852,per lb,National,wholesale,,,,,,7163.0,lb,,2453,National Daily Boxed Beef Cutout & Boxed Beef Cuts - Negotiated Sales - PM (PDF) (LM_XB403),2026-09-26T14:04:07+00:00
a3c6e2310b942974,2023-02-22,Beef,"Loin, butt tender, trimmed (191A  4)",Choice Cuts,,,,Choice,,,,,1270.0,1423.0,,,1310.99,$/cwt,13.1099,per lb,National,wholesale,,,,,,8402.0,lb,,2453,National Daily Boxed Beef Cutout & Boxed Beef Cuts - Negotiated Sales - PM (PDF) (LM_XB403),2026-09-26T14:04:07+00:00
446a6e06196720c6,2023-02-22,Beef,"Loin, butt tender, trimmed (191A  4)",Select Cuts,,,,Select,,,,,1172.0,1199.0,,,1175.31,$/cwt,11.7531,per lb,National,wholesale,,,,,,2555.0,lb,,2453,National Daily Boxed Beef Cutout & Boxed Beef Cuts - Negotiated Sales - PM (PDF) (LM_XB403),2026-09-26T14:04:07+00:00
ef744cd9d624d0d6,2023-02-22,Beef,"Loin, short loin, 0x1 (174  3)",Choice Cuts,,,,Choice,,,,,688.0,854.5,,,698.16,$/cwt,6.9816,per lb,National,wholesale,,,,,,85146.0,lb,,2453,National Daily Boxed Beef Cutout & Boxed Beef Cuts - Negotiated Sales - PM (PDF) (LM_XB403),2026-09-26T14:04:07+00:00
7e6160a9d2ddf5e4,2023-02-22,Beef,"Loin, short loin, 0x1 (174  3)",Select Cuts,,,,Select,,,,,675.0,700.0,,,679.14,$/cwt,6.7914,per lb,National,wholesale,,,,,,6702.0,lb,,2453,National Daily Boxed Beef Cutout & Boxed Beef Cuts - Negotiated Sales - PM (PDF) (LM_XB403),2026-09-26T14:04:07+00:00
409f2a2800f7ee91,2023-02-22,Beef,"Loin, sirloin, tri-tip (185C  1)",Choice Cuts,,,,Choice,,,,,390.0,429.0,,,400.59,$/cwt,4.0059,per lb,National,wholesale,,,,,,25705.0,lb,,2453,National Daily Boxed Beef Cutout & Boxed Beef Cuts - Negotiated Sales - PM (PDF) (LM_XB403),2026-09-26T14:04:07+00:00
8a1a364d7264caa4,2023-02-22,Beef,"Loin, sirloin, tri-tip (185C  1)",Select Cuts,,,,Select,,,,,314.36,369.0,,,350.9,$/cwt,3.509,per lb,National,wholesale,,,,,,10655.0,lb,,2453,National Daily Boxed Beef Cutout & Boxed Beef Cuts - Negotiated Sales - PM (PDF) (LM_XB403),2026-09-26T14:04:07+00:00
8275f62e12764fd4,2023-02-22,Beef,"Loin, sirloin, tri-tip, pld (185D  4)",Choice Cuts,,,,Choice,,,,,549.0,585.0,,,572.29,$/cwt,5.7229,per lb,National,wholesale,,,,,,1841.0,lb,,2453,National Daily Boxed Beef Cutout & Boxed Beef Cuts - Negotiated Sales - PM (PDF) (LM_XB403),2026-09-26T14:04:07+00:00
88592bd0b3f39399,2023-02-22,Beef,"Loin, strip loin bnls. 1x1 (  1)",Choice Cuts,,,,Choice,,,,,787.0,796.0,,,795.1,$/cwt,7.951,per lb,National,wholesale,,,,,,2615.0,lb,,2453,National Daily Boxed Beef Cutout & Boxed Beef Cuts - Negotiated Sales - PM (PDF) (LM_XB403),2026-09-26T14:04:07+00:00
e6f3ed8d8a0d1ad1,2023-02-22,Beef,"Loin, strip, bnls, 0x1 (180  3)",Choice Cuts,,,,Choice,,,,,856.11,903.97,,,875.35,$/cwt,8.7535,per lb,National,wholesale,,,,,,82234.0,lb,,2453,National Daily Boxed Beef Cutout & Boxed Beef Cuts - Negotiated Sales - PM (PDF) (LM_XB403),2026-09-26T14:04:07+00:00
d2efad9bcc5385ff,2023-02-22,Beef,"Loin, strip, bnls, 0x1 (180  3)",Select Cuts,,,,Select,,,,,660.0,734.0,,,679.33,$/cwt,6.7933,per lb,National,wholesale,,,,,,20091.0,lb,,2453,National Daily Boxed Beef Cutout & Boxed Beef Cuts - Negotiated Sales - PM (PDF) (LM_XB403),2026-09-26T14:04:07+00:00
7d246bc978b9d5f7,2023-02-22,Beef,"Loin, tndrloin, trmd, heavy (189A  4)",Choice Cuts,,,,Choice,,,,,1450.0,1690.7,,,1488.31,$/cwt,14.8831,per lb,National,wholesale,,,,,,193238.0,lb,,2453,National Daily Boxed Beef Cutout & Boxed Beef Cuts - Negotiated Sales - PM (PDF) (LM_XB403),2026-09-26T14:04:07+00:00
38104bfec8233a51,2023-02-22,Beef,"Loin, tndrloin, trmd, heavy (189A  4)",Select Cuts,,,,Select,,,,,1475.0,1515.7,,,1498.39,$/cwt,14.9839,per lb,National,wholesale,,,,,,11593.0,lb,,2453,National Daily Boxed Beef Cutout & Boxed Beef Cuts - Negotiated Sales - PM (PDF) (LM_XB403),2026-09-26T14:04:07+00:00
cdc39a1adbe7dad6,2023-02-22,Beef,"Loin, top butt, CC (184B  3)",Choice Cuts,,,,Choice,,,,,613.35,650.7,,,621.96,$/cwt,6.2196,per lb,National,wholesale,,,,,,3756.0,lb,,2453,National Daily Boxed Beef Cutout & Boxed Beef Cuts - Negotiated Sales - PM (PDF) (LM_XB403),2026-09-26T14:04:07+00:00
a264905eea380256,2023-02-22,Beef,"Loin, top butt, boneless (184  3)",Choice Cuts,,,,Choice,,,,,397.0,428.73,,,409.47,$/cwt,4.0947,per lb,National,wholesale,,,,,,35466.0,lb,,2453,National Daily Boxed Beef Cutout & Boxed Beef Cuts - Negotiated Sales - PM (PDF) (LM_XB403),2026-09-26T14:04:07+00:00
e9318bed318bf4da,2023-02-22,Beef,"Loin, top butt, boneless (184  3)",Select Cuts,,,,Select,,,,,387.0,423.0,,,402.97,$/cwt,4.0297,per lb,National,wholesale,,,,,,21153.0,lb,,2453,National Daily Boxed Beef Cutout & Boxed Beef Cuts - Negotiated Sales - PM (PDF) (LM_XB403),2026-09-26T14:04:07+00:00
8e30760c118130e3,2023-02-22,Beef,"Rib, ribeye, bnls, heavy (112A  3)",Choice Cuts,,,,Choice,,,,,1010.0,1075.0,,,1033.62,$/cwt,10.3362,per lb,National,wholesale,,,,,,44176.0,lb,,2453,National Daily Boxed Beef Cutout & Boxed Beef Cuts - Negotiated Sales - PM (PDF) (LM_XB403),2026-09-26T14:04:07+00:00
b9e8361d4cd4f3bf,2023-02-22,Beef,"Rib, ribeye, bnls, heavy (112A  3)",Select Cuts,,,,Select,,,,,840.0,900.0,,,863.23,$/cwt,8.6323,per lb,National,wholesale,,,,,,14424.0,lb,,2453,National Daily Boxed Beef Cutout & Boxed Beef Cuts - Negotiated Sales - PM (PDF) (LM_XB403),2026-09-26T14:04:07+00:00
f287c064e25a1540,2023-02-22,Beef,"Rib, ribeye, bnls, light (112A  3)",Choice Cuts,,,,Choice,,,,,1045.0,1089.25,,,1053.11,$/cwt,10.5311,per lb,National,wholesale,,,,,,14188.0,lb,,2453,National Daily Boxed Beef Cutout & Boxed Beef Cuts - Negotiated Sales - PM (PDF) (LM_XB403),2026-09-26T14:04:07+00:00
86507beeb95d387e,2023-02-22,Beef,"Rib, ribeye, bnls, light (112A  3)",Select Cuts,,,,Select,,,,,840.0,880.0,,,863.13,$/cwt,8.6313,per lb,National,wholesale,,,,,,19447.0,lb,,2453,National Daily Boxed Beef Cutout & Boxed Beef Cuts - Negotiated Sales - PM (PDF) (LM_XB403),2026-09-26T14:04:07+00:00
8a7a9f98b9f38963,2023-02-22,Beef,"Rib, ribeye, lip-on, bn-in (109E  1)",Choice Cuts,,,,Choice,,,,,875.0,1073.7,,,962.69,$/cwt,9.6269,per lb,National,wholesale,,,,,,18586.0,lb,,2453,National Daily Boxed Beef Cutout & Boxed Beef Cuts - Negotiated Sales - PM (PDF) (LM_XB403),2026-09-26T14:04:07+00:00
f97f0f004b6e72cb,2023-02-22,Beef,"Rib, ribeye, lip-on, bn-in (109E  1)",Select Cuts,,,,Select,,,,,750.0,816.0,,,775.68,$/cwt,7.7568,per lb,National,wholesale,,,,,,53156.0,lb,,2453,National Daily Boxed Beef Cutout & Boxed Beef Cuts - Negotiated Sales - PM (PDF) (LM_XB403),2026-09-26T14:04:07+00:00
16debf78a756ddff,2023-02-22,Beef,"Round, eye of round (171C  3)",Choice Cuts,,,,Choice,,,,,292.0,347.5,,,301.71,$/cwt,3.0171,per lb,National,wholesale,,,,,,272892.0,lb,,2453,National Daily Boxed Beef Cutout & Boxed Beef Cuts - Negotiated Sales - PM (PDF) (LM_XB403),2026-09-26T14:04:07+00:00
077e45c124651128,2023-02-22,Beef,"Round, eye of round (171C  3)",Select Cuts,,,,Select,,,,,301.5,311.0,,,306.94,$/cwt,3.0694,per lb,National,wholesale,,,,,,5111.0,lb,,2453,National Daily Boxed Beef Cutout & Boxed Beef Cuts - Negotiated Sales - PM (PDF) (LM_XB403),2026-09-26T14:04:07+00:00
ec58c5296b82b73e,2023-02-22,Beef,"Round, knuckle, peeled (167A  4)",Choice Cuts,,,,Choice,,,,,299.0,350.75,,,313.71,$/cwt,3.1371,per lb,National,wholesale,,,,,,98619.0,lb,,2453,National Daily Boxed Beef Cutout & Boxed Beef Cuts - Negotiated Sales - PM (PDF) (LM_XB403),2026-09-26T14:04:07+00:00
ddaa27096e89f4a2,2023-02-22,Beef,"Round, knuckle, peeled (167A  4)",Select Cuts,,,,Select,,,,,295.0,340.0,,,303.06,$/cwt,3.0306,per lb,National,wholesale,,,,,,33746.0,lb,,2453,National Daily Boxed Beef Cutout & Boxed Beef Cuts - Negotiated Sales - PM (PDF) (LM_XB403),2026-09-26T14:04:07+00:00
faa742be443e2056,2023-02-22,Beef,"Round, outside round (171B  3)",Choice Cuts,,,,Choice,,,,,280.0,315.0,,,306.06,$/cwt,3.0606,per lb,National,wholesale,,,,,,112378.0,lb,,2453,National Daily Boxed Beef Cutout & Boxed Beef Cuts - Negotiated Sales - PM (PDF) (LM_XB403),2026-09-26T14:04:07+00:00
122e4ea9734fa628,2023-02-22,Beef,"Round, outside round (171B  3)",Select Cuts,,,,Select,,,,,280.0,315.0,,,311.16,$/cwt,3.1116,per lb,National,wholesale,,,,,,99617.0,lb,,2453,National Daily Boxed Beef Cutout & Boxed Beef Cuts - Negotiated Sales - PM (PDF) (LM_XB403),2026-09-26T14:04:07+00:00
218bc62b63c07a92,2023-02-22,Beef,"Round, top inside round (168  1)",Choice Cuts,,,,Choice,,,,,285.0,305.0,,,289.09,$/cwt,2.8909,per lb,National,wholesale,,,,,,162893.0,lb,,2453,National Daily Boxed Beef Cutout & Boxed Beef Cuts - Negotiated Sales - PM (PDF) (LM_XB403),2026-09-26T14:04:07+00:00
58af0b03ef8329a2,2023-02-22,Beef,"Round, top inside round (168  3)",Choice Cuts,,,,Choice,,,,,263.0,308.0,,,287.79,$/cwt,2.8779,per lb,National,wholesale,,,,,,165417.0,lb,,2453,National Daily Boxed Beef Cutout & Boxed Beef Cuts - Negotiated Sales - PM (PDF) (LM_XB403),2026-09-26T14:04:07+00:00
f0bd9c91cf809ab6,2023-02-22,Beef,"Round, top inside round (168  3)",Select Cuts,,,,Select,,,,,273.72,320.0,,,301.39,$/cwt,3.0139,per lb,National,wholesale,,,,,,41501.0,lb,,2453,National Daily Boxed Beef Cutout & Boxed Beef Cuts - Negotiated Sales - PM (PDF) (LM_XB403),2026-09-26T14:04:07+00:00
d4ea963e55eac57c,2023-02-22,Beef,"Round, top inside, cap off (169A  5)",Choice Cuts,,,,Choice,,,,,424.0,460.0,,,445.69,$/cwt,4.4569,per lb,National,wholesale,,,,,,2209.0,lb,,2453,National Daily Boxed Beef Cutout & Boxed Beef Cuts - Negotiated Sales - PM (PDF) (LM_XB403),2026-09-26T14:04:07+00:00
e6eb8735870f9522,2023-02-22,Beef,"Round, top inside, denuded (169  5)",Choice Cuts,,,,Choice,,,,,335.0,374.0,,,358.74,$/cwt,3.5874,per lb,National,wholesale,,,,,,9821.0,lb,,2453,National Daily Boxed Beef Cutout & Boxed Beef Cuts - Negotiated Sales - PM (PDF) (LM_XB403),2026-09-26T14:04:07+00:00
f0eba4350ddbd638,2023-02-22,Beef,"Short Plate, short rib (123A  3)",Choice Cuts,,,,Choice,,,,,390.0,600.0,,,458.31,$/cwt,4.5831,per lb,National,wholesale,,,,,,61377.0,lb,,2453,National Daily Boxed Beef Cutout & Boxed Beef Cuts - Negotiated Sales - PM (PDF) (LM_XB403),2026-09-26T14:04:07+00:00
c8fae22300dcf6b5,2023-02-22,Beef,"Short Plate, short rib (123A  3)",Select Cuts,,,,Select,,,,,450.17,545.25,,,499.95,$/cwt,4.9995,per lb,National,wholesale,,,,,,11131.0,lb,,2453,National Daily Boxed Beef Cutout & Boxed Beef Cuts - Negotiated Sales - PM (PDF) (LM_XB403),2026-09-26T14:04:07+00:00
121cba596836a508,2023-02-23,Beef,"Brisket, deckle-off, bnls (120  1)",Choice Cuts,,,,Choice,,,,,287.0,310.17,,,293.08,$/cwt,2.9308,per lb,National,wholesale,,,,,,100678.0,lb,,2453,National Daily Boxed Beef Cutout & Boxed Beef Cuts - Negotiated Sales - PM (PDF) (LM_XB403),2026-09-26T14:04:07+00:00
8bb1239c3057438d,2023-02-23,Beef,"Brisket, point/off, bnls (120A  3)",Choice Cuts,,,,Choice,,,,,400.0,540.0,,,403.69,$/cwt,4.0369,per lb,National,wholesale,,,,,,14498.0,lb,,2453,National Daily Boxed Beef Cutout & Boxed Beef Cuts - Negotiated Sales - PM (PDF) (LM_XB403),2026-09-26T14:04:07+00:00
4f75bdf9ba1116d4,2023-02-23,Beef,"Chuck, chuck tender (116B  1)",Choice Cuts,,,,Choice,,,,,274.0,328.85,,,301.95,$/cwt,3.0195,per lb,National,wholesale,,,,,,53962.0,lb,,2453,National Daily Boxed Beef Cutout & Boxed Beef Cuts - Negotiated Sales - PM (PDF) (LM_XB403),2026-09-26T14:04:07+00:00
41827f3cbb7c8431,2023-02-23,Beef,"Chuck, clod tender (114F  5)",Choice Cuts,,,,Choice,,,,,478.0,575.0,,,516.04,$/cwt,5.1604,per lb,National,wholesale,,,,,,5260.0,lb,,2453,National Daily Boxed Beef Cutout & Boxed Beef Cuts - Negotiated Sales - PM (PDF) (LM_XB403),2026-09-26T14:04:07+00:00
ae775c4a7752ff86,2023-02-23,Beef,"Chuck, clod tender (114F  5)",Select Cuts,,,,Select,,,,,425.0,444.25,,,430.26,$/cwt,4.3026,per lb,National,wholesale,,,,,,1925.0,lb,,2453,National Daily Boxed Beef Cutout & Boxed Beef Cuts - Negotiated Sales - PM (PDF) (LM_XB403),2026-09-26T14:04:07+00:00
e813baeb3c0a8000,2023-02-23,Beef,"Chuck, clod, arm roast (114E  3)",Choice Cuts,,,,Choice,,,,,401.0,436.0,,,430.18,$/cwt,4.3018,per lb,National,wholesale,,,,,,25703.0,lb,,2453,National Daily Boxed Beef Cutout & Boxed Beef Cuts - Negotiated Sales - PM (PDF) (LM_XB403),2026-09-26T14:04:07+00:00
8e6534f02f423af1,2023-02-23,Beef,"Chuck, flap (116G  4)",Choice Cuts,,,,Choice,,,,,527.34,590.0,,,564.77,$/cwt,5.6477,per lb,National,wholesale,,,,,,6323.0,lb,,2453,National Daily Boxed Beef Cutout & Boxed Beef Cuts - Negotiated Sales - PM (PDF) (LM_XB403),2026-09-26T14:04:07+00:00
91a8e4a2175a5426,2023-02-23,Beef,"Chuck, flap (116G  4)",Select Cuts,,,,Select,,,,,488.78,553.0,,,512.7,$/cwt,5.127,per lb,National,wholesale,,,,,,23652.0,lb,,2453,National Daily Boxed Beef Cutout & Boxed Beef Cuts - Negotiated Sales - PM (PDF) (LM_XB403),2026-09-26T14:04:07+00:00
7c3a08c7b582b436,2023-02-23,Beef,"Chuck, roll, lxl, neck/off (116A  3)",Choice Cuts,,,,Choice,,,,,354.0,405.79,,,380.22,$/cwt,3.8022,per lb,National,wholesale,,,,,,97179.0,lb,,2453,National Daily Boxed Beef Cutout & Boxed Beef Cuts - Negotiated Sales - PM (PDF) (LM_XB403),2026-09-26T14:04:07+00:00
a284fd7902aa00eb,2023-02-23,Beef,"Chuck, roll, lxl, neck/off (116A  3)",Select Cuts,,,,Select,,,,,345.0,400.0,,,370.67,$/cwt,3.7067,per lb,National,wholesale,,,,,,8699.0,lb,,2453,National Daily Boxed Beef Cutout & Boxed Beef Cuts - Negotiated Sales - PM (PDF) (LM_XB403),2026-09-26T14:04:07+00:00
e3dd0ea296b27bc6,2023-02-23,Beef,"Chuck, roll, retail ready (916A  3)",Choice Cuts,,,,Choice,,,,,409.0,415.0,,,412.7,$/cwt,4.127,per lb,National,wholesale,,,,,,44073.0,lb,,2453,National Daily Boxed Beef Cutout & Boxed Beef Cuts - Negotiated Sales - PM (PDF) (LM_XB403),2026-09-26T14:04:07+00:00
c731fc1449e6fe46,2023-02-23,Beef,"Chuck, short rib (130  4)",Choice Cuts,,,,Choice,,,,,403.0,474.0,,,434.79,$/cwt,4.3479,per lb,National,wholesale,,,,,,52151.0,lb,,2453,National Daily Boxed Beef Cutout & Boxed Beef Cuts - Negotiated Sales - PM (PDF) (LM_XB403),2026-09-26T14:04:07+00:00
853e2948d368a29c,2023-02-23,Beef,"Chuck, short rib (130  4)",Select Cuts,,,,Select,,,,,439.7,504.14,,,462.9,$/cwt,4.629,per lb,National,wholesale,,,,,,8474.0,lb,,2453,National Daily Boxed Beef Cutout & Boxed Beef Cuts - Negotiated Sales - PM (PDF) (LM_XB403),2026-09-26T14:04:07+00:00
5dac208e5e3b5c1c,2023-02-23,Beef,"Chuck, shoulder clod (114  1)",Choice Cuts,,,,Choice,,,,,275.0,293.0,,,283.28,$/cwt,2.8328,per lb,National,wholesale,,,,,,6612.0,lb,,2453,National Daily Boxed Beef Cutout & Boxed Beef Cuts - Negotiated Sales - PM (PDF) (LM_XB403),2026-09-26T14:04:07+00:00
d126a1354a19d74a,2023-02-23,Beef,"Chuck, shoulder clod (114  1)",Select Cuts,,,,Select,,,,,276.0,304.0,,,285.52,$/cwt,2.8552,per lb,National,wholesale,,,,,,4578.0,lb,,2453,National Daily Boxed Beef Cutout & Boxed Beef Cuts - Negotiated Sales - PM (PDF) (LM_XB403),2026-09-26T14:04:07+00:00
f6c2eada45e125ef,2023-02-23,Beef,"Chuck, shoulder clod, trmd (114A  3)",Choice Cuts,,,,Choice,,,,,281.0,308.0,,,284.64,$/cwt,2.8464,per lb,National,wholesale,,,,,,152741.0,lb,,2453,National Daily Boxed Beef Cutout & Boxed Beef Cuts - Negotiated Sales - PM (PDF) (LM_XB403),2026-09-26T14:04:07+00:00
846cdd07955ffcdd,2023-02-23,Beef,"Chuck, shoulder clod, trmd (114A  3)",Select Cuts,,,,Select,,,,,282.0,300.0,,,295.01,$/cwt,2.9501,per lb,National,wholesale,,,,,,109258.0,lb,,2453,National Daily Boxed Beef Cutout & Boxed Beef Cuts - Negotiated Sales - PM (PDF) (LM_XB403),2026-09-26T14:04:07+00:00
3454e844774a8f61,2023-02-23,Beef,Cutout 600-900 lb,,,,,Choice,,,,,,,,,287.91,$/cwt,2.8791,per lb,National,wholesale,,,,,,,,,2453,National Daily Boxed Beef Cutout & Boxed Beef Cuts - Negotiated Sales - PM (PDF) (LM_XB403),2026-09-26T14:04:07+00:00
f929aee8b671a358,2023-02-23,Beef,Cutout 600-900 lb,,,,,Select,,,,,,,,,275.87,$/cwt,2.7587,per lb,National,wholesale,,,,,,,,,2453,National Daily Boxed Beef Cutout & Boxed Beef Cuts - Negotiated Sales - PM (PDF) (LM_XB403),2026-09-26T14:04:07+00:00
2258547911017b56,2023-02-23,Beef,"Flank, flank steak (193  4)",Choice Cuts,,,,Choice,,,,,594.0,669.5,,,629.88,$/cwt,6.2988,per lb,National,wholesale,,,,,,10977.0,lb,,2453,National Daily Boxed Beef Cutout & Boxed Beef Cuts - Negotiated Sales - PM (PDF) (LM_XB403),2026-09-26T14:04:07+00:00
0486d6faea624618,2023-02-23,Beef,"Flank, flank steak (193  4)",Select Cuts,,,,Select,,,,,595.0,647.25,,,624.72,$/cwt,6.2472,per lb,National,wholesale,,,,,,10785.0,lb,,2453,National Daily Boxed Beef Cutout & Boxed Beef Cuts - Negotiated Sales - PM (PDF) (LM_XB403),2026-09-26T14:04:07+00:00
b82fadf8ede18817,2023-02-23,Beef,Ground Beef 73%,Ground Beef,,,,,,,,,183.25,244.25,,,206.34,$/cwt,2.0634,per lb,National,wholesale,,,,,,57299.0,lb,,2453,National Daily Boxed Beef Cutout & Boxed Beef Cuts - Negotiated Sales - PM (PDF) (LM_XB403),2026-09-26T14:04:07+00:00
79048614ef3b9e44,2023-02-23,Beef,Ground Beef 81%,Ground Beef,,,,,,,,,224.0,259.25,,,240.16,$/cwt,2.4016,per lb,National,wholesale,,,,,,135884.0,lb,,2453,National Daily Boxed Beef Cutout & Boxed Beef Cuts - Negotiated Sales - PM (PDF) (LM_XB403),2026-09-26T14:04:07+00:00
5001512b480a3471,2023-02-23,Beef,Ground Beef 85%,Ground Beef,,,,,,,,,270.25,286.76,,,282.95,$/cwt,2.8295,per lb,National,wholesale,,,,,,27737.0,lb,,2453,National Daily Boxed Beef Cutout & Boxed Beef Cuts - Negotiated Sales - PM (PDF) (LM_XB403),2026-09-26T14:04:07+00:00
9d09ba851ea76c60,2023-02-23,Beef,"Loin, ball-tip, bnls, heavy (185B  1)",Choice Cuts,,,,Choice,,,,,309.0,365.0,,,351.5,$/cwt,3.515,per lb,National,wholesale,,,,,,71395.0,lb,,2453,National Daily Boxed Beef Cutout & Boxed Beef Cuts - Negotiated Sales - PM (PDF) (LM_XB403),2026-09-26T14:04:07+00:00
9cfa1caa0e3e3b64,2023-02-23,Beef,"Loin, ball-tip, bnls, heavy (185B  1)",Select Cuts,,,,Select,,,,,310.0,321.0,,,318.59,$/cwt,3.1859,per lb,National,wholesale,,,,,,3390.0,lb,,2453,National Daily Boxed Beef Cutout & Boxed Beef Cuts - Negotiated Sales - PM (PDF) (LM_XB403),2026-09-26T14:04:07+00:00
f1c9b9de393763f9,2023-02-23,Beef,"Loin, bottom sirloin, flap (185A  4)",Choice Cuts,,,,Choice,,,,,657.8,744.0,,,701.21,$/cwt,7.0121,per lb,National,wholesale,,,,,,29228.0,lb,,2453,National Daily Boxed Beef Cutout & Boxed Beef Cuts - Negotiated Sales - PM (PDF) (LM_XB403),2026-09-26T14:04:07+00:00
acccd3f2777b30f1,2023-02-23,Beef,"Loin, bottom sirloin, flap (185A  4)",Select Cuts,,,,Select,,,,,680.0,721.0,,,698.17,$/cwt,6.9817,per lb,National,wholesale,,,,,,3469.0,lb,,2453,National Daily Boxed Beef Cutout & Boxed Beef Cuts - Negotiated Sales - PM (PDF) (LM_XB403),2026-09-26T14:04:07+00:00
b8f7aab9c0b65714,2023-02-23,Beef,"Loin, butt tender, trimmed (191A  4)",Choice Cuts,,,,Choice,,,,,1298.0,1312.0,,,1305.09,$/cwt,13.0509,per lb,National,wholesale,,,,,,21538.0,lb,,2453,National Daily Boxed Beef Cutout & Boxed Beef Cuts - Negotiated Sales - PM (PDF) (LM_XB403),2026-09-26T14:04:07+00:00
0e1ca59274525824,2023-02-23,Beef,"Loin, butt tender, trimmed (191A  4)",Select Cuts,,,,Select,,,,,1150.0,1170.0,,,1158.19,$/cwt,11.5819,per lb,National,wholesale,,,,,,9923.0,lb,,2453,National Daily Boxed Beef Cutout & Boxed Beef Cuts - Negotiated Sales - PM (PDF) (LM_XB403),2026-09-26T14:04:07+00:00
da2157b8c8e351bc,2023-02-23,Beef,"Loin, short loin, 0x1 (174  3)",Choice Cuts,,,,Choice,,,,,680.0,770.0,,,687.18,$/cwt,6.8718,per lb,National,wholesale,,,,,,635813.0,lb,,2453,National Daily Boxed Beef Cutout & Boxed Beef Cuts - Negotiated Sales - PM (PDF) (LM_XB403),2026-09-26T14:04:07+00:00
63a33e48dc6f59fc,2023-02-23,Beef,"Loin, short loin, 0x1 (174  3)",Select Cuts,,,,Select,,,,,675.65,713.6,,,678.76,$/cwt,6.7876,per lb,National,wholesale,,,,,,3735.0,lb,,2453,National Daily Boxed Beef Cutout & Boxed Beef Cuts - Negotiated Sales - PM (PDF) (LM_XB403),2026-09-26T14:04:07+00:00
e05696062d312ab8,2023-02-23,Beef,"Loin, sirloin, tri-tip (185C  1)",Choice Cuts,,,,Choice,,,,,386.25,413.0,,,404.54,$/cwt,4.0454,per lb,National,wholesale,,,,,,12766.0,lb,,2453,National Daily Boxed Beef Cutout & Boxed Beef Cuts - Negotiated Sales - PM (PDF) (LM_XB403),2026-09-26T14:04:07+00:00
f5b7ec767565bc40,2023-02-23,Beef,"Loin, sirloin, tri-tip, pld (185D  4)",Choice Cuts,,,,Choice,,,,,545.0,640.71,,,555.28,$/cwt,5.5528,per lb,National,wholesale,,,,,,38488.0,lb,,2453,National Daily Boxed Beef Cutout & Boxed Beef Cuts - Negotiated Sales - PM (PDF) (LM_XB403),2026-09-26T14:04:07+00:00
893e276ac340c9bd,2023-02-23,Beef,"Loin, strip loin, 1x1 (175  3)",Choice Cuts,,,,Choice,,,,,701.0,725.0,,,724.9,$/cwt,7.249,per lb,National,wholesale,,,,,,55396.0,lb,,2453,National Daily Boxed Beef Cutout & Boxed Beef Cuts - Negotiated Sales - PM (PDF) (LM_XB403),2026-09-26T14:04:07+00:00
44d11f9556b8521c,2023-02-23,Beef,"Loin, strip, bnls, 0x1 (180  3)",Choice Cuts,,,,Choice,,,,,854.5,918.6,,,872.07,$/cwt,8.7207,per lb,National,wholesale,,,,,,183538.0,lb,,2453,National Daily Boxed Beef Cutout & Boxed Beef Cuts - Negotiated Sales - PM (PDF) (LM_XB403),2026-09-26T14:04:07+00:00
c3ef5603246877e4,2023-02-23,Beef,"Loin, strip, bnls, 0x1 (180  3)",Select Cuts,,,,Select,,,,,663.0,700.0,,,664.62,$/cwt,6.6462,per lb,National,wholesale,,,,,,65272.0,lb,,2453,National Daily Boxed Beef Cutout & Boxed Beef Cuts - Negotiated Sales - PM (PDF) (LM_XB403),2026-09-26T14:04:07+00:00
b792d9177b55e865,2023-02-23,Beef,"Loin, tndrloin, trmd, heavy (189A  4)",Choice Cuts,,,,Choice,,,,,1455.0,1686.5,,,1494.51,$/cwt,14.9451,per lb,National,wholesale,,,,,,232011.0,lb,,2453,National Daily Boxed Beef Cutout & Boxed Beef Cuts - Negotiated Sales - PM (PDF) (LM_XB403),2026-09-26T14:04:07+00:00
8c7a469c426e94bc,2023-02-23,Beef,"Loin, tndrloin, trmd, heavy (189A  4)",Select Cuts,,,,Select,,,,,1450.0,1559.92,,,1489.65,$/cwt,14.8965,per lb,National,wholesale,,,,,,4682.0,lb,,2453,National Daily Boxed Beef Cutout & Boxed Beef Cuts - Negotiated Sales - PM (PDF) (LM_XB403),2026-09-26T14:04:07+00:00
f58d792cbae06084,2023-02-23,Beef,"Loin, top butt, CC (184B  3)",Choice Cuts,,,,Choice,,,,,595.0,625.25,,,595.34,$/cwt,5.9534,per lb,National,wholesale,,,,,,63169.0,lb,,2453,National Daily Boxed Beef Cutout & Boxed Beef Cuts - Negotiated Sales - PM (PDF) (LM_XB403),2026-09-26T14:04:07+00:00
9277c6419a4bb3fd,2023-02-23,Beef,"Loin, top butt, boneless (184  3)",Choice Cuts,,,,Choice,,,,,395.0,430.0,,,411.68,$/cwt,4.1168,per lb,National,wholesale,,,,,,194743.0,lb,,2453,National Daily Boxed Beef Cutout & Boxed Beef Cuts - Negotiated Sales - PM (PDF) (LM_XB403),2026-09-26T14:04:07+00:00
914aea968acff5f5,2023-02-23,Beef,"Loin, top butt, boneless (184  3)",Select Cuts,,,,Select,,,,,396.5,425.0,,,408.5,$/cwt,4.085,per lb,National,wholesale,,,,,,10146.0,lb,,2453,National Daily Boxed Beef Cutout & Boxed Beef Cuts - Negotiated Sales - PM (PDF) (LM_XB403),2026-09-26T14:04:07+00:00
1bea19e1fb2b7d6c,2023-02-23,Beef,"Rib, ribeye, bnls, heavy (112A  3)",Choice Cuts,,,,Choice,,,,,1020.0,1114.92,,,1055.53,$/cwt,10.5553,per lb,National,wholesale,,,,,,22120.0,lb,,2453,National Daily Boxed Beef Cutout & Boxed Beef Cuts - Negotiated Sales - PM (PDF) (LM_XB403),2026-09-26T14:04:07+00:00
e2d418c53b95b850,2023-02-23,Beef,"Rib, ribeye, bnls, heavy (112A  3)",Select Cuts,,,,Select,,,,,885.0,908.5,,,888.73,$/cwt,8.8873,per lb,National,wholesale,,,,,,20899.0,lb,,2453,National Daily Boxed Beef Cutout & Boxed Beef Cuts - Negotiated Sales - PM (PDF) (LM_XB403),2026-09-26T14:04:07+00:00
33518ec4ea2333e1,2023-02-23,Beef,"Rib, ribeye, bnls, light (112A  3)",Choice Cuts,,,,Choice,,,,,1049.25,1096.5,,,1078.81,$/cwt,10.7881,per lb,National,wholesale,,,,,,5004.0,lb,,2453,National Daily Boxed Beef Cutout & Boxed Beef Cuts - Negotiated Sales - PM (PDF) (LM_XB403),2026-09-26T14:04:07+00:00
dfe4a8abee423cdf,2023-02-23,Beef,"Rib, ribeye, bnls, light (112A  3)",Select Cuts,,,,Select,,,,,874.6,911.5,,,886.44,$/cwt,8.8644,per lb,National,wholesale,,,,,,32589.0,lb,,2453,National Daily Boxed Beef Cutout & Boxed Beef Cuts - Negotiated Sales - PM (PDF) (LM_XB403),2026-09-26T14:04:07+00:00
cdeb99d53067a178,2023-02-23,Beef,"Rib, ribeye, lip-on, bn-in (109E  1)",Choice Cuts,,,,Choice,,,,,885.0,1009.5,,,912.72,$/cwt,9.1272,per lb,National,wholesale,,,,,,420723.0,lb,,2453,National Daily Boxed Beef Cutout & Boxed Beef Cuts - Negotiated Sales - PM (PDF) (LM_XB403),2026-09-26T14:04:07+00:00
4f859b30231245af,2023-02-23,Beef,"Round, eye of round (171C  3)",Choice Cuts,,,,Choice,,,,,290.0,346.98,,,297.97,$/cwt,2.9797,per lb,National,wholesale,,,,,,170223.0,lb,,2453,National Daily Boxed Beef Cutout & Boxed Beef Cuts - Negotiated Sales - PM (PDF) (LM_XB403),2026-09-26T14:04:07+00:00
5de88b4b308c6f83,2023-02-23,Beef,"Round, eye of round (171C  3)",Select Cuts,,,,Select,,,,,290.0,317.0,,,291.09,$/cwt,2.9109,per lb,National,wholesale,,,,,,87913.0,lb,,2453,National Daily Boxed Beef Cutout & Boxed Beef Cuts - Negotiated Sales - PM (PDF) (LM_XB403),2026-09-26T14:04:07+00:00
bd060a64f8353945,2023-02-23,Beef,"Round, knuckle, peeled (167A  4)",Choice Cuts,,,,Choice,,,,,307.0,348.85,,,320.65,$/cwt,3.2065,per lb,National,wholesale,,,,,,96181.0,lb,,2453,National Daily Boxed Beef Cutout & Boxed Beef Cuts - Negotiated Sales - PM (PDF) (LM_XB403),2026-09-26T14:04:07+00:00
ef472c9a32132946,2023-02-23,Beef,"Round, knuckle, peeled (167A  4)",Select Cuts,,,,Select,,,,,308.0,329.5,,,311.93,$/cwt,3.1193,per lb,National,wholesale,,,,,,16741.0,lb,,2453,National Daily Boxed Beef Cutout & Boxed Beef Cuts - Negotiated Sales - PM (PDF) (LM_XB403),2026-09-26T14:04:07+00:00
5fd36f895d497021,2023-02-23,Beef,"Round, outside round (171B  3)",Choice Cuts,,,,Choice,,,,,305.0,320.0,,,309.79,$/cwt,3.0979,per lb,National,wholesale,,,,,,81037.0,lb,,2453,National Daily Boxed Beef Cutout & Boxed Beef Cuts - Negotiated Sales - PM (PDF) (LM_XB403),2026-09-26T14:04:07+00:00
f5e311bebf525061,2023-02-23,Beef,"Round, outside round (171B  3)",Select Cuts,,,,Select,,,,,298.0,312.0,,,304.89,$/cwt,3.0489,per lb,National,wholesale,,,,,,10606.0,lb,,2453,National Daily Boxed Beef Cutout & Boxed Beef Cuts - Negotiated Sales - PM (PDF) (LM_XB403),2026-09-26T14:04:07+00:00
b055c57ad49f206b,2023-02-23,Beef,"Round, top inside round (168  3)",Choice Cuts,,,,Choice,,,,,281.0,318.0,,,288.32,$/cwt,2.8832,per lb,National,wholesale,,,,,,44564.0,lb,,2453,National Daily Boxed Beef Cutout & Boxed Beef Cuts - Negotiated Sales - PM (PDF) (LM_XB403),2026-09-26T14:04:07+00:00
4c38dd7d68efe94f,2023-02-23,Beef,"Round, top inside round (168  3)",Select Cuts,,,,Select,,,,,292.0,310.0,,,293.97,$/cwt,2.9397,per lb,National,wholesale,,,,,,17116.0,lb,,2453,National Daily Boxed Beef Cutout & Boxed Beef Cuts - Negotiated Sales - PM (PDF) (LM_XB403),2026-09-26T14:04:07+00:00
7672109f53407f04,2023-02-23,Beef,"Round, top inside, denuded (169  5)",Choice Cuts,,,,Choice,,,,,329.0,347.12,,,332.76,$/cwt,3.3276,per lb,National,wholesale,,,,,,58819.0,lb,,2453,National Daily Boxed Beef Cutout & Boxed Beef Cuts - Negotiated Sales - PM (PDF) (LM_XB403),2026-09-26T14:04:07+00:00
b13fe1c09ba42224,2023-02-23,Beef,"Short Plate, short rib (123A  3)",Choice Cuts,,,,Choice,,,,,400.0,600.0,,,476.57,$/cwt,4.7657,per lb,National,wholesale,,,,,,94405.0,lb,,2453,National Daily Boxed Beef Cutout & Boxed Beef Cuts - Negotiated Sales - PM (PDF) (LM_XB403),2026-09-26T14:04:07+00:00
ee2b569a4be9ae8f,2023-02-23,Beef,"Short Plate, short rib (123A  3)",Select Cuts,,,,Select,,,,,450.0,532.5,,,481.42,$/cwt,4.8142,per lb,National,wholesale,,,,,,5967.0,lb,,2453,National Daily Boxed Beef Cutout & Boxed Beef Cuts - Negotiated Sales - PM (PDF) (LM_XB403),2026-09-26T14:04:07+00:00
7cee8e69993e5412,2023-02-24,Beef,"Brisket, deckle-off, bnls (120  1)",Choice Cuts,,,,Choice,,,,,274.25,311.38,,,288.99,$/cwt,2.8899,per lb,National,wholesale,,,,,,85302.0,lb,,2453,National Daily Boxed Beef Cutout & Boxed Beef Cuts - Negotiated Sales - PM (PDF) (LM_XB403),2026-09-26T14:04:07+00:00
55887c35a7c85c59,2023-02-24,Beef,"Brisket, point/off, bnls (120A  3)",Choice Cuts,,,,Choice,,,,,520.0,573.5,,,534.98,$/cwt,5.3498,per lb,National,wholesale,,,,,,27969.0,lb,,2453,National Daily Boxed Beef Cutout & Boxed Beef Cuts - Negotiated Sales - PM (PDF) (LM_XB403),2026-09-26T14:04:07+00:00
12c1f53bd9331b75,2023-02-24,Beef,"Chuck, chuck tender (116B  1)",Choice Cuts,,,,Choice,,,,,269.0,348.0,,,288.9,$/cwt,2.889,per lb,National,wholesale,,,,,,174729.0,lb,,2453,National Daily Boxed Beef Cutout & Boxed Beef Cuts - Negotiated Sales - PM (PDF) (LM_XB403),2026-09-26T14:04:07+00:00
568301ffc1c217cc,2023-02-24,Beef,"Chuck, clod tender (114F  5)",Choice Cuts,,,,Choice,,,,,475.0,522.0,,,502.14,$/cwt,5.0214,per lb,National,wholesale,,,,,,7371.0,lb,,2453,National Daily Boxed Beef Cutout & Boxed Beef Cuts - Negotiated Sales - PM (PDF) (LM_XB403),2026-09-26T14:04:07+00:00
8a1289a8b09c2f86,2023-02-24,Beef,"Chuck, clod tender (114F  5)",Select Cuts,,,,Select,,,,,460.0,475.0,,,469.36,$/cwt,4.6936,per lb,National,wholesale,,,,,,1090.0,lb,,2453,National Daily Boxed Beef Cutout & Boxed Beef Cuts - Negotiated Sales - PM (PDF) (LM_XB403),2026-09-26T14:04:07+00:00
fed5b7b306509af9,2023-02-24,Beef,"Chuck, clod, arm roast (114E  3)",Choice Cuts,,,,Choice,,,,,425.0,439.0,,,431.88,$/cwt,4.3188,per lb,National,wholesale,,,,,,13065.0,lb,,2453,National Daily Boxed Beef Cutout & Boxed Beef Cuts - Negotiated Sales - PM (PDF) (LM_XB403),2026-09-26T14:04:07+00:00
7e335dd44c03944e,2023-02-24,Beef,"Chuck, clod, top blade (114D  3)",Choice Cuts,,,,Choice,,,,,357.0,375.0,,,358.12,$/cwt,3.5812,per lb,National,wholesale,,,,,,9258.0,lb,,2453,National Daily Boxed Beef Cutout & Boxed Beef Cuts - Negotiated Sales - PM (PDF) (LM_XB403),2026-09-26T14:04:07+00:00
42c64f5b2d26763c,2023-02-24,Beef,"Chuck, flap (116G  4)",Choice Cuts,,,,Choice,,,,,528.52,666.0,,,564.25,$/cwt,5.6425,per lb,National,wholesale,,,,,,86060.0,lb,,2453,National Daily Boxed Beef Cutout & Boxed Beef Cuts - Negotiated Sales - PM (PDF) (LM_XB403),2026-09-26T14:04:07+00:00
61901cabedbbf0d2,2023-02-24,Beef,"Chuck, roll, lxl, neck/off (116A  3)",Choice Cuts,,,,Choice,,,,,359.0,403.12,,,362.72,$/cwt,3.6272,per lb,National,wholesale,,,,,,148478.0,lb,,2453,National Daily Boxed Beef Cutout & Boxed Beef Cuts - Negotiated Sales - PM (PDF) (LM_XB403),2026-09-26T14:04:07+00:00
d9a307e24be812d7,2023-02-24,Beef,"Chuck, roll, lxl, neck/off (116A  3)",Select Cuts,,,,Select,,,,,375.0,410.25,,,401.49,$/cwt,4.0149,per lb,National,wholesale,,,,,,9559.0,lb,,2453,National Daily Boxed Beef Cutout & Boxed Beef Cuts - Negotiated Sales - PM (PDF) (LM_XB403),2026-09-26T14:04:07+00:00
6ed9a364399356f2,2023-02-24,Beef,"Chuck, roll, retail ready (916A  3)",Choice Cuts,,,,Choice,,,,,388.0,420.0,,,416.98,$/cwt,4.1698,per lb,National,wholesale,,,,,,74290.0,lb,,2453,National Daily Boxed Beef Cutout & Boxed Beef Cuts - Negotiated Sales - PM (PDF) (LM_XB403),2026-09-26T14:04:07+00:00
4cc7e906f4a1f063,2023-02-24,Beef,"Chuck, short rib (130  4)",Choice Cuts,,,,Choice,,,,,368.0,454.94,,,420.25,$/cwt,4.2025,per lb,National,wholesale,,,,,,46977.0,lb,,2453,National Daily Boxed Beef Cutout & Boxed Beef Cuts - Negotiated Sales - PM (PDF) (LM_XB403),2026-09-26T14:04:07+00:00
52b8227ee0a51bdf,2023-02-24,Beef,"Chuck, shoulder clod (114  1)",Choice Cuts,,,,Choice,,,,,275.0,278.0,,,277.69,$/cwt,2.7769,per lb,National,wholesale,,,,,,6552.0,lb,,2453,National Daily Boxed Beef Cutout & Boxed Beef Cuts - Negotiated Sales - PM (PDF) (LM_XB403),2026-09-26T14:04:07+00:00
fe735ac179b02e62,2023-02-24,Beef,"Chuck, shoulder clod (114  1)",Select Cuts,,,,Select,,,,,287.46,295.0,,,294.92,$/cwt,2.9492,per lb,National,wholesale,,,,,,21269.0,lb,,2453,National Daily Boxed Beef Cutout & Boxed Beef Cuts - Negotiated Sales - PM (PDF) (LM_XB403),2026-09-26T14:04:07+00:00
b6ae55c18ec6df89,2023-02-24,Beef,"Chuck, shoulder clod, trmd (114A  3)",Choice Cuts,,,,Choice,,,,,281.0,310.0,,,285.94,$/cwt,2.8594,per lb,National,wholesale,,,,,,14410.0,lb,,2453,National Daily Boxed Beef Cutout & Boxed Beef Cuts - Negotiated Sales - PM (PDF) (LM_XB403),2026-09-26T14:04:07+00:00
3e6266a2713c3d10,2023-02-24,Beef,"Chuck, shoulder clod, trmd (114A  3)",Select Cuts,,,,Select,,,,,264.25,288.0,,,278.91,$/cwt,2.7891,per lb,National,wholesale,,,,,,6751.0,lb,,2453,National Daily Boxed Beef Cutout & Boxed Beef Cuts - Negotiated Sales - PM (PDF) (LM_XB403),2026-09-26T14:04:07+00:00
9ee7890f19816d19,2023-02-24,Beef,Cutout 600-900 lb,,,,,Choice,,,,,,,,,287.28,$/cwt,2.8728,per lb,National,wholesale,,,,,,,,,2453,National Daily Boxed Beef Cutout & Boxed Beef Cuts - Negotiated Sales - PM (PDF) (LM_XB403),2026-09-26T14:04:07+00:00
caee4229100adb10,2023-02-24,Beef,Cutout 600-900 lb,,,,,Select,,,,,,,,,277.08,$/cwt,2.7708,per lb,National,wholesale,,,,,,,,,2453,National Daily Boxed Beef Cutout & Boxed Beef Cuts - Negotiated Sales - PM (PDF) (LM_XB403),2026-09-26T14:04:07+00:00
7c694b1252e69aaa,2023-02-24,Beef,"Flank, flank steak (193  4)",Choice Cuts,,,,Choice,,,,,603.0,670.0,,,637.0,$/cwt,6.37,per lb,National,wholesale,,,,,,47279.0,lb,,2453,National Daily Boxed Beef Cutout & Boxed Beef Cuts - Negotiated Sales - PM (PDF) (LM_XB403),2026-09-26T14:04:07+00:00
28f71fcd2098c66e,2023-02-24,Beef,"Flank, flank steak (193  4)",Select Cuts,,,,Select,,,,,625.0,645.0,,,634.03,$/cwt,6.3403,per lb,National,wholesale,,,,,,8253.0,lb,,2453,National Daily Boxed Beef Cutout & Boxed Beef Cuts - Negotiated Sales - PM (PDF) (LM_XB403),2026-09-26T14:04:07+00:00
8d2452739ea32635,2023-02-24,Beef,Ground Beef 73%,Ground Beef,,,,,,,,,192.0,241.0,,,200.59,$/cwt,2.0059,per lb,National,wholesale,,,,,,156287.0,lb,,2453,National Daily Boxed Beef Cutout & Boxed Beef Cuts - Negotiated Sales - PM (PDF) (LM_XB403),2026-09-26T14:04:07+00:00
b5e73234cb5ac278,2023-02-24,Beef,Ground Beef 81%,Ground Beef,,,,,,,,,217.71,255.0,,,237.52,$/cwt,2.3752,per lb,National,wholesale,,,,,,158475.0,lb,,2453,National Daily Boxed Beef Cutout & Boxed Beef Cuts - Negotiated Sales - PM (PDF) (LM_XB403),2026-09-26T14:04:07+00:00
741c5922cb5ac6d8,2023-02-24,Beef,Ground Beef 85%,Ground Beef,,,,,,,,,263.0,274.0,,,266.07,$/cwt,2.6607,per lb,National,wholesale,,,,,,36708.0,lb,,2453,National Daily Boxed Beef Cutout & Boxed Beef Cuts - Negotiated Sales - PM (PDF) (LM_XB403),2026-09-26T14:04:07+00:00
73be9a492d893dcf,2023-02-24,Beef,Ground Beef 93%,Ground Beef,,,,,,,,,363.0,367.0,,,364.85,$/cwt,3.6485,per lb,National,wholesale,,,,,,14993.0,lb,,2453,National Daily Boxed Beef Cutout & Boxed Beef Cuts - Negotiated Sales - PM (PDF) (LM_XB403),2026-09-26T14:04:07+00:00
5f05a9d960041956,2023-02-24,Beef,Ground Beef Chuck,Ground Beef,,,,,,,,,247.83,294.26,,,258.75,$/cwt,2.5875,per lb,National,wholesale,,,,,,26112.0,lb,,2453,National Daily Boxed Beef Cutout & Boxed Beef Cuts - Negotiated Sales - PM (PDF) (LM_XB403),2026-09-26T14:04:07+00:00
326b43b9b74ce8b5,2023-02-24,Beef,"Loin, bottom sirloin, flap (185A  4)",Choice Cuts,,,,Choice,,,,,706.19,750.0,,,719.89,$/cwt,7.1989,per lb,National,wholesale,,,,,,64130.0,lb,,2453,National Daily Boxed Beef Cutout & Boxed Beef Cuts - Negotiated Sales - PM (PDF) (LM_XB403),2026-09-26T14:04:07+00:00
b89fc17d490a7037,2023-02-24,Beef,"Loin, butt tender, trimmed (191A  4)",Choice Cuts,,,,Choice,,,,,1275.0,1428.5,,,1312.12,$/cwt,13.1212,per lb,National,wholesale,,,,,,8013.0,lb,,2453,National Daily Boxed Beef Cutout & Boxed Beef Cuts - Negotiated Sales - PM (PDF) (LM_XB403),2026-09-26T14:04:07+00:00
a50771081a869071,2023-02-24,Beef,"Loin, short loin, 0x1 (174  3)",Choice Cuts,,,,Choice,,,,,689.0,746.38,,,696.37,$/cwt,6.9637,per lb,National,wholesale,,,,,,218542.0,lb,,2453,National Daily Boxed Beef Cutout & Boxed Beef Cuts - Negotiated Sales - PM (PDF) (LM_XB403),2026-09-26T14:04:07+00:00
cc0425314aec99c4,2023-02-24,Beef,"Loin, short loin, 0x1 (174  3)",Select Cuts,,,,Select,,,,,664.0,690.2,,,665.3,$/cwt,6.653,per lb,National,wholesale,,,,,,2032.0,lb,,2453,National Daily Boxed Beef Cutout & Boxed Beef Cuts - Negotiated Sales - PM (PDF) (LM_XB403),2026-09-26T14:04:07+00:00
558ee2f7392dfc1a,2023-02-24,Beef,"Loin, sirloin, tri-tip, pld (185D  4)",Choice Cuts,,,,Choice,,,,,545.0,585.0,,,556.77,$/cwt,5.5677,per lb,National,wholesale,,,,,,12917.0,lb,,2453,National Daily Boxed Beef Cutout & Boxed Beef Cuts - Negotiated Sales - PM (PDF) (LM_XB403),2026-09-26T14:04:07+00:00
f8772c27bd67379d,2023-02-24,Beef,"Loin, strip, bnls, 0x1 (180  3)",Choice Cuts,,,,Choice,,,,,856.11,906.38,,,876.89,$/cwt,8.7689,per lb,National,wholesale,,,,,,124711.0,lb,,2453,National Daily Boxed Beef Cutout & Boxed Beef Cuts - Negotiated Sales - PM (PDF) (LM_XB403),2026-09-26T14:04:07+00:00
e5a1edc49f52a14a,2023-02-24,Beef,"Loin, strip, bnls, 0x1 (180  3)",Select Cuts,,,,Select,,,,,644.0,704.0,,,657.55,$/cwt,6.5755,per lb,National,wholesale,,,,,,34514.0,lb,,2453,National Daily Boxed Beef Cutout & Boxed Beef Cuts - Negotiated Sales - PM (PDF) (LM_XB403),2026-09-26T14:04:07+00:00
af525f1b8a9e7a70,2023-02-24,Beef,"Loin, tndrloin, trmd, heavy (189A  4)",Choice Cuts,,,,Choice,,,,,1460.0,1690.0,,,1493.1,$/cwt,14.931,per lb,National,wholesale,,,,,,130816.0,lb,,2453,National Daily Boxed Beef Cutout & Boxed Beef Cuts - Negotiated Sales - PM (PDF) (LM_XB403),2026-09-26T14:04:07+00:00
a5383dfc0f7c0a39,2023-02-24,Beef,"Loin, tndrloin, trmd, heavy (189A  4)",Select Cuts,,,,Select,,,,,1494.0,1505.4,,,1500.48,$/cwt,15.0048,per lb,National,wholesale,,,,,,2970.0,lb,,2453,National Daily Boxed Beef Cutout & Boxed Beef Cuts - Negotiated Sales - PM (PDF) (LM_XB403),2026-09-26T14:04:07+00:00
d96a7600c8113243,2023-02-24,Beef,"Loin, top butt, CC (184B  3)",Choice Cuts,,,,Choice,,,,,593.5,636.0,,,596.04,$/cwt,5.9604,per lb,National,wholesale,,,,,,110774.0,lb,,2453,National Daily Boxed Beef Cutout & Boxed Beef Cuts - Negotiated Sales - PM (PDF) (LM_XB403),2026-09-26T14:04:07+00:00
8fa5e360d7d04169,2023-02-24,Beef,"Loin, top butt, boneless (184  3)",Choice Cuts,,,,Choice,,,,,404.0,445.0,,,417.81,$/cwt,4.1781,per lb,National,wholesale,,,,,,100854.0,lb,,2453,National Daily Boxed Beef Cutout & Boxed Beef Cuts - Negotiated Sales - PM (PDF) (LM_XB403),2026-09-26T14:04:07+00:00
e071ade2f7a73dd3,2023-02-24,Beef,"Rib, ribeye, bnls, heavy (112A  3)",Choice Cuts,,,,Choice,,,,,1015.0,1101.38,,,1036.41,$/cwt,10.3641,per lb,National,wholesale,,,,,,47402.0,lb,,2453,National Daily Boxed Beef Cutout & Boxed Beef Cuts - Negotiated Sales - PM (PDF) (LM_XB403),2026-09-26T14:04:07+00:00
1d03e1fab43be981,2023-02-24,Beef,"Rib, ribeye, bnls, heavy (112A  3)",Select Cuts,,,,Select,,,,,875.0,901.25,,,898.4,$/cwt,8.984,per lb,National,wholesale,,,,,,9495.0,lb,,2453,National Daily Boxed Beef Cutout & Boxed Beef Cuts - Negotiated Sales - PM (PDF) (LM_XB403),2026-09-26T14:04:07+00:00
0eeff2000421675d,2023-02-24,Beef,"Rib, ribeye, bnls, light (112A  3)",Choice Cuts,,,,Choice,,,,,1041.75,1090.0,,,1049.79,$/cwt,10.4979,per lb,National,wholesale,,,,,,101065.0,lb,,2453,National Daily Boxed Beef Cutout & Boxed Beef Cuts - Negotiated Sales - PM (PDF) (LM_XB403),2026-09-26T14:04:07+00:00
679a687acb311aa5,2023-02-24,Beef,"Rib, ribeye, bnls, light (112A  3)",Select Cuts,,,,Select,,,,,885.0,920.0,,,894.73,$/cwt,8.9473,per lb,National,wholesale,,,,,,29133.0,lb,,2453,National Daily Boxed Beef Cutout & Boxed Beef Cuts - Negotiated Sales - PM (PDF) (LM_XB403),2026-09-26T14:04:07+00:00
44feba079904be9b,2023-02-24,Beef,"Rib, ribeye, lip-on, bn-in (109E  1)",Choice Cuts,,,,Choice,,,,,889.16,987.0,,,917.72,$/cwt,9.1772,per lb,National,wholesale,,,,,,168085.0,lb,,2453,National Daily Boxed Beef Cutout & Boxed Beef Cuts - Negotiated Sales - PM (PDF) (LM_XB403),2026-09-26T14:04:07+00:00
a1d250ba8e3dece7,2023-02-24,Beef,"Round, bottom gooseneck (170  1)",Choice Cuts,,,,Choice,,,,,284.74,319.0,,,287.72,$/cwt,2.8772,per lb,National,wholesale,,,,,,23352.0,lb,,2453,National Daily Boxed Beef Cutout & Boxed Beef Cuts - Negotiated Sales - PM (PDF) (LM_XB403),2026-09-26T14:04:07+00:00
eb38a92f00b0cda7,2023-02-24,Beef,"Round, eye of round (171C  3)",Choice Cuts,,,,Choice,,,,,287.0,326.38,,,304.34,$/cwt,3.0434,per lb,National,wholesale,,,,,,61692.0,lb,,2453,National Daily Boxed Beef Cutout & Boxed Beef Cuts - Negotiated Sales - PM (PDF) (LM_XB403),2026-09-26T14:04:07+00:00
afc993a7596f1368,2023-02-24,Beef,"Round, knuckle, peeled (167A  4)",Choice Cuts,,,,Choice,,,,,317.0,335.0,,,320.24,$/cwt,3.2024,per lb,National,wholesale,,,,,,48140.0,lb,,2453,National Daily Boxed Beef Cutout & Boxed Beef Cuts - Negotiated Sales - PM (PDF) (LM_XB403),2026-09-26T14:04:07+00:00
d1de30a4aa1212db,2023-02-24,Beef,"Round, knuckle, peeled (167A  4)",Select Cuts,,,,Select,,,,,308.0,320.2,,,311.29,$/cwt,3.1129,per lb,National,wholesale,,,,,,14938.0,lb,,2453,National Daily Boxed Beef Cutout & Boxed Beef Cuts - Negotiated Sales - PM (PDF) (LM_XB403),2026-09-26T14:04:07+00:00
946482abfd33ec1b,2023-02-24,Beef,"Round, outside round (171B  3)",Choice Cuts,,,,Choice,,,,,303.37,317.0,,,311.39,$/cwt,3.1139,per lb,National,wholesale,,,,,,21905.0,lb,,2453,National Daily Boxed Beef Cutout & Boxed Beef Cuts - Negotiated Sales - PM (PDF) (LM_XB403),2026-09-26T14:04:07+00:00
5ecaecf864b8a2a7,2023-02-24,Beef,"Round, outside round (171B  3)",Select Cuts,,,,Select,,,,,303.5,315.2,,,305.64,$/cwt,3.0564,per lb,National,wholesale,,,,,,17112.0,lb,,2453,National Daily Boxed Beef Cutout & Boxed Beef Cuts - Negotiated Sales - PM (PDF) (LM_XB403),2026-09-26T14:04:07+00:00
4980b2d4079e3509,2023-02-24,Beef,"Round, top inside round (168  1)",Choice Cuts,,,,Choice,,,,,288.29,295.7,,,289.26,$/cwt,2.8926,per lb,National,wholesale,,,,,,70263.0,lb,,2453,National Daily Boxed Beef Cutout & Boxed Beef Cuts - Negotiated Sales - PM (PDF) (LM_XB403),2026-09-26T14:04:07+00:00
6a99b6ab1d0622c5,2023-02-24,Beef,"Round, top inside round (168  3)",Choice Cuts,,,,Choice,,,,,265.0,305.0,,,289.94,$/cwt,2.8994,per lb,National,wholesale,,,,,,21732.0,lb,,2453,National Daily Boxed Beef Cutout & Boxed Beef Cuts - Negotiated Sales - PM (PDF) (LM_XB403),2026-09-26T14:04:07+00:00
30916555dd76aaca,2023-02-24,Beef,"Round, top inside, denuded (169  5)",Choice Cuts,,,,Choice,,,,,332.0,373.25,,,338.08,$/cwt,3.3808,per lb,National,wholesale,,,,,,96433.0,lb,,2453,National Daily Boxed Beef Cutout & Boxed Beef Cuts - Negotiated Sales - PM (PDF) (LM_XB403),2026-09-26T14:04:07+00:00
27959fdce4c5dd27,2023-02-24,Beef,"Short Plate, short rib (123A  3)",Choice Cuts,,,,Choice,,,,,474.9,562.5,,,517.24,$/cwt,5.1724,per lb,National,wholesale,,,,,,59387.0,lb,,2453,National Daily Boxed Beef Cutout & Boxed Beef Cuts - Negotiated Sales - PM (PDF) (LM_XB403),2026-09-26T14:04:07+00:00
982b742142ca89a9,2023-02-27,Beef,"Brisket, deckle-off, bnls (120  1)",Choice Cuts,,,,Choice,,,,,286.0,318.0,,,293.4,$/cwt,2.934,per lb,National,wholesale,,,,,,66225.0,lb,,2453,National Daily Boxed Beef Cutout & Boxed Beef Cuts - Negotiated Sales - PM (PDF) (LM_XB403),2026-09-26T14:04:07+00:00
8320a72d053b596d,2023-02-27,Beef,"Brisket, point/off, bnls (120A  3)",Choice Cuts,,,,Choice,,,,,515.13,535.0,,,534.09,$/cwt,5.3409,per lb,National,wholesale,,,,,,3325.0,lb,,2453,National Daily Boxed Beef Cutout & Boxed Beef Cuts - Negotiated Sales - PM (PDF) (LM_XB403),2026-09-26T14:04:07+00:00
1b0ecfb491e08ef2,2023-02-27,Beef,"Chuck, chuck tender (116B  1)",Choice Cuts,,,,Choice,,,,,284.68,345.75,,,292.39,$/cwt,2.9239,per lb,National,wholesale,,,,,,59563.0,lb,,2453,National Daily Boxed Beef Cutout & Boxed Beef Cuts - Negotiated Sales - PM (PDF) (LM_XB403),2026-09-26T14:04:07+00:00
519680c8df9d35c4,2023-02-27,Beef,"Chuck, chuck tender (116B  1)",Select Cuts,,,,Select,,,,,305.0,319.0,,,312.54,$/cwt,3.1254,per lb,National,wholesale,,,,,,5682.0,lb,,2453,National Daily Boxed Beef Cutout & Boxed Beef Cuts - Negotiated Sales - PM (PDF) (LM_XB403),2026-09-26T14:04:07+00:00
749a3dcfb0051460,2023-02-27,Beef,"Chuck, clod tender (114F  5)",Choice Cuts,,,,Choice,,,,,485.1,550.0,,,517.31,$/cwt,5.1731,per lb,National,wholesale,,,,,,1971.0,lb,,2453,National Daily Boxed Beef Cutout & Boxed Beef Cuts - Negotiated Sales - PM (PDF) (LM_XB403),2026-09-26T14:04:07+00:00
4d30af21b667c230,2023-02-27,Beef,"Chuck, clod tender (114F  5)",Select Cuts,,,,Select,,,,,425.0,475.0,,,439.62,$/cwt,4.3962,per lb,National,wholesale,,,,,,4351.0,lb,,2453,National Daily Boxed Beef Cutout & Boxed Beef Cuts - Negotiated Sales - PM (PDF) (LM_XB403),2026-09-26T14:04:07+00:00
0bbb687223fa4d67,2023-02-27,Beef,"Chuck, clod, arm roast (114E  3)",Choice Cuts,,,,Choice,,,,,420.0,455.0,,,444.2,$/cwt,4.442,per lb,National,wholesale,,,,,,38664.0,lb,,2453,National Daily Boxed Beef Cutout & Boxed Beef Cuts - Negotiated Sales - PM (PDF) (LM_XB403),2026-09-26T14:04:07+00:00
47f351bd3df8eb2e,2023-02-27,Beef,"Chuck, clod, top blade (114D  3)",Choice Cuts,,,,Choice,,,,,370.0,385.0,,,380.31,$/cwt,3.8031,per lb,National,wholesale,,,,,,12090.0,lb,,2453,National Daily Boxed Beef Cutout & Boxed Beef Cuts - Negotiated Sales - PM (PDF) (LM_XB403),2026-09-26T14:04:07+00:00
ae3d71cd555041b3,2023-02-27,Beef,"Chuck, flap (116G  4)",Choice Cuts,,,,Choice,,,,,549.25,590.0,,,561.48,$/cwt,5.6148,per lb,National,wholesale,,,,,,32139.0,lb,,2453,National Daily Boxed Beef Cutout & Boxed Beef Cuts - Negotiated Sales - PM (PDF) (LM_XB403),2026-09-26T14:04:07+00:00
62cd5f8b3c602ba5,2023-02-27,Beef,"Chuck, flap (116G  4)",Select Cuts,,,,Select,,,,,533.0,560.0,,,554.99,$/cwt,5.5499,per lb,National,wholesale,,,,,,9483.0,lb,,2453,National Daily Boxed Beef Cutout & Boxed Beef Cuts - Negotiated Sales - PM (PDF) (LM_XB403),2026-09-26T14:04:07+00:00
126feb5bc765ee92,2023-02-27,Beef,"Chuck, roll, lxl, neck/off (116A  3)",Choice Cuts,,,,Choice,,,,,354.0,402.94,,,364.81,$/cwt,3.6481,per lb,National,wholesale,,,,,,77939.0,lb,,2453,National Daily Boxed Beef Cutout & Boxed Beef Cuts - Negotiated Sales - PM (PDF) (LM_XB403),2026-09-26T14:04:07+00:00
f57a8bce654c1704,2023-02-27,Beef,"Chuck, roll, lxl, neck/off (116A  3)",Select Cuts,,,,Select,,,,,375.0,404.0,,,396.84,$/cwt,3.9684,per lb,National,wholesale,,,,,,31307.0,lb,,2453,National Daily Boxed Beef Cutout & Boxed Beef Cuts - Negotiated Sales - PM (PDF) (LM_XB403),2026-09-26T14:04:07+00:00
67b4429a94b8fe99,2023-02-27,Beef,"Chuck, roll, retail ready (916A  3)",Choice Cuts,,,,Choice,,,,,421.0,445.0,,,424.02,$/cwt,4.2402,per lb,National,wholesale,,,,,,26222.0,lb,,2453,National Daily Boxed Beef Cutout & Boxed Beef Cuts - Negotiated Sales - PM (PDF) (LM_XB403),2026-09-26T14:04:07+00:00
c9bac3c833bd9abb,2023-02-27,Beef,"Chuck, short rib (130  4)",Choice Cuts,,,,Choice,,,,,405.0,472.0,,,455.41,$/cwt,4.5541,per lb,National,wholesale,,,,,,117092.0,lb,,2453,National Daily Boxed Beef Cutout & Boxed Beef Cuts - Negotiated Sales - PM (PDF) (LM_XB403),2026-09-26T14:04:07+00:00
d6129dd1910ed9a5,2023-02-27,Beef,"Chuck, short rib (130  4)",Select Cuts,,,,Select,,,,,437.0,450.0,,,446.9,$/cwt,4.469,per lb,National,wholesale,,,,,,7173.0,lb,,2453,National Daily Boxed Beef Cutout & Boxed Beef Cuts - Negotiated Sales - PM (PDF) (LM_XB403),2026-09-26T14:04:07+00:00
3a34c215eee9d4c7,2023-02-27,Beef,"Chuck, shoulder clod (114  1)",Choice Cuts,,,,Choice,,,,,270.75,299.11,,,292.13,$/cwt,2.9213,per lb,National,wholesale,,,,,,15927.0,lb,,2453,National Daily Boxed Beef Cutout & Boxed Beef Cuts - Negotiated Sales - PM (PDF) (LM_XB403),2026-09-26T14:04:07+00:00
8e8b967a594a59bb,2023-02-27,Beef,"Chuck, shoulder clod, trmd (114A  3)",Choice Cuts,,,,Choice,,,,,280.75,310.0,,,285.41,$/cwt,2.8541,per lb,National,wholesale,,,,,,195112.0,lb,,2453,National Daily Boxed Beef Cutout & Boxed Beef Cuts - Negotiated Sales - PM (PDF) (LM_XB403),2026-09-26T14:04:07+00:00
b7a80046ccda1bae,2023-02-27,Beef,"Chuck, shoulder clod, trmd (114A  3)",Select Cuts,,,,Select,,,,,286.0,310.0,,,289.06,$/cwt,2.8906,per lb,National,wholesale,,,,,,40884.0,lb,,2453,National Daily Boxed Beef Cutout & Boxed Beef Cuts - Negotiated Sales - PM (PDF) (LM_XB403),2026-09-26T14:04:07+00:00
24ec793428fc5974,2023-02-27,Beef,Cutout 600-900 lb,,,,,Choice,,,,,,,,,288.34,$/cwt,2.8834,per lb,National,wholesale,,,,,,,,,2453,National Daily Boxed Beef Cutout & Boxed Beef Cuts - Negotiated Sales - PM (PDF) (LM_XB403),2026-09-26T14:04:07+00:00
aa2d26b18f6a4ee8,2023-02-27,Beef,Cutout 600-900 lb,,,,,Select,,,,,,,,,279.25,$/cwt,2.7925,per lb,National,wholesale,,,,,,,,,2453,National Daily Boxed Beef Cutout & Boxed Beef Cuts - Negotiated Sales - PM (PDF) (LM_XB403),2026-09-26T14:04:07+00:00
28d44037b5d29178,2023-02-27,Beef,"Flank, flank steak (193  4)",Choice Cuts,,,,Choice,,,,,617.94,675.0,,,662.25,$/cwt,6.6225,per lb,National,wholesale,,,,,,4025.0,lb,,2453,National Daily Boxed Beef Cutout & Boxed Beef Cuts - Negotiated Sales - PM (PDF) (LM_XB403),2026-09-26T14:04:07+00:00
615b6306c577679c,2023-02-27,Beef,Ground Beef 73%,Ground Beef,,,,,,,,,200.75,248.83,,,213.97,$/cwt,2.1397,per lb,National,wholesale,,,,,,115120.0,lb,,2453,National Daily Boxed Beef Cutout & Boxed Beef Cuts - Negotiated Sales - PM (PDF) (LM_XB403),2026-09-26T14:04:07+00:00
347f75485a980ed8,2023-02-27,Beef,Ground Beef 81%,Ground Beef,,,,,,,,,236.0,253.0,,,242.56,$/cwt,2.4256,per lb,National,wholesale,,,,,,65554.0,lb,,2453,National Daily Boxed Beef Cutout & Boxed Beef Cuts - Negotiated Sales - PM (PDF) (LM_XB403),2026-09-26T14:04:07+00:00
410a97c5d53573b3,2023-02-27,Beef,Ground Beef 85%,Ground Beef,,,,,,,,,265.0,306.23,,,272.44,$/cwt,2.7244,per lb,National,wholesale,,,,,,18383.0,lb,,2453,National Daily Boxed Beef Cutout & Boxed Beef Cuts - Negotiated Sales - PM (PDF) (LM_XB403),2026-09-26T14:04:07+00:00
7b2ad76f550cb8f1,2023-02-27,Beef,Ground Beef 93%,Ground Beef,,,,,,,,,356.0,371.14,,,359.24,$/cwt,3.5924,per lb,National,wholesale,,,,,,22009.0,lb,,2453,National Daily Boxed Beef Cutout & Boxed Beef Cuts - Negotiated Sales - PM (PDF) (LM_XB403),2026-09-26T14:04:07+00:00
88e47d2e7151f799,2023-02-27,Beef,Ground Beef Chuck,Ground Beef,,,,,,,,,251.39,291.0,,,259.0,$/cwt,2.59,per lb,National,wholesale,,,,,,83557.0,lb,,2453,National Daily Boxed Beef Cutout & Boxed Beef Cuts - Negotiated Sales - PM (PDF) (LM_XB403),2026-09-26T14:04:07+00:00
933d6b41219a51a0,2023-02-27,Beef,"Loin, ball-tip, bnls, heavy (185B  1)",Choice Cuts,,,,Choice,,,,,314.0,360.0,,,335.06,$/cwt,3.3506,per lb,National,wholesale,,,,,,3019.0,lb,,2453,National Daily Boxed Beef Cutout & Boxed Beef Cuts - Negotiated Sales - PM (PDF) (LM_XB403),2026-09-26T14:04:07+00:00
ded90e0b0c44cd98,2023-02-27,Beef,"Loin, bottom sirloin, flap (185A  4)",Choice Cuts,,,,Choice,,,,,689.34,774.0,,,704.93,$/cwt,7.0493,per lb,National,wholesale,,,,,,167946.0,lb,,2453,National Daily Boxed Beef Cutout & Boxed Beef Cuts - Negotiated Sales - PM (PDF) (LM_XB403),2026-09-26T14:04:07+00:00
a1c15beb0291dc94,2023-02-27,Beef,"Loin, butt tender, trimmed (191A  4)",Choice Cuts,,,,Choice,,,,,1306.14,1325.0,,,1317.23,$/cwt,13.1723,per lb,National,wholesale,,,,,,2476.0,lb,,2453,National Daily Boxed Beef Cutout & Boxed Beef Cuts - Negotiated Sales - PM (PDF) (LM_XB403),2026-09-26T14:04:07+00:00
ec9e785dbad12c7a,2023-02-27,Beef,"Loin, butt tender, trimmed (191A  4)",Select Cuts,,,,Select,,,,,1150.0,1295.0,,,1187.55,$/cwt,11.8755,per lb,National,wholesale,,,,,,5386.0,lb,,2453,National Daily Boxed Beef Cutout & Boxed Beef Cuts - Negotiated Sales - PM (PDF) (LM_XB403),2026-09-26T14:04:07+00:00
0f71fb2da84e0914,2023-02-27,Beef,"Loin, short loin, 0x1 (174  3)",Choice Cuts,,,,Choice,,,,,688.0,760.0,,,720.71,$/cwt,7.2071,per lb,National,wholesale,,,,,,84627.0,lb,,2453,National Daily Boxed Beef Cutout & Boxed Beef Cuts - Negotiated Sales - PM (PDF) (LM_XB403),2026-09-26T14:04:07+00:00
c552dd2427f683dc,2023-02-27,Beef,"Loin, short loin, 0x1 (174  3)",Select Cuts,,,,Select,,,,,665.0,715.0,,,695.0,$/cwt,6.95,per lb,National,wholesale,,,,,,14291.0,lb,,2453,National Daily Boxed Beef Cutout & Boxed Beef Cuts - Negotiated Sales - PM (PDF) (LM_XB403),2026-09-26T14:04:07+00:00
7c7eedda43613e72,2023-02-27,Beef,"Loin, sirloin, tri-tip (185C  1)",Choice Cuts,,,,Choice,,,,,399.7,410.0,,,408.11,$/cwt,4.0811,per lb,National,wholesale,,,,,,27391.0,lb,,2453,National Daily Boxed Beef Cutout & Boxed Beef Cuts - Negotiated Sales - PM (PDF) (LM_XB403),2026-09-26T14:04:07+00:00
d02b35477db3dcf1,2023-02-27,Beef,"Loin, sirloin, tri-tip (185C  1)",Select Cuts,,,,Select,,,,,320.0,380.0,,,356.56,$/cwt,3.5656,per lb,National,wholesale,,,,,,5269.0,lb,,2453,National Daily Boxed Beef Cutout & Boxed Beef Cuts - Negotiated Sales - PM (PDF) (LM_XB403),2026-09-26T14:04:07+00:00
5c73cdac7b53cf22,2023-02-27,Beef,"Loin, sirloin, tri-tip, pld (185D  4)",Choice Cuts,,,,Choice,,,,,545.0,556.0,,,547.99,$/cwt,5.4799,per lb,National,wholesale,,,,,,9066.0,lb,,2453,National Daily Boxed Beef Cutout & Boxed Beef Cuts - Negotiated Sales - PM (PDF) (LM_XB403),2026-09-26T14:04:07+00:00
327f0bc4d55ba6ea,2023-02-27,Beef,"Loin, strip loin, 1x1 (175  3)",Choice Cuts,,,,Choice,,,,,714.25,738.0,,,717.83,$/cwt,7.1783,per lb,National,wholesale,,,,,,111444.0,lb,,2453,National Daily Boxed Beef Cutout & Boxed Beef Cuts - Negotiated Sales - PM (PDF) (LM_XB403),2026-09-26T14:04:07+00:00
e3a435456a0d87d2,2023-02-27,Beef,"Loin, strip loin, 1x1 (175  3)",Select Cuts,,,,Select,,,,,596.78,600.0,,,598.6,$/cwt,5.986,per lb,National,wholesale,,,,,,1117.0,lb,,2453,National Daily Boxed Beef Cutout & Boxed Beef Cuts - Negotiated Sales - PM (PDF) (LM_XB403),2026-09-26T14:04:07+00:00
67106c4231768050,2023-02-27,Beef,"Loin, strip, bnls, 0x1 (180  3)",Choice Cuts,,,,Choice,,,,,844.0,903.0,,,872.95,$/cwt,8.7295,per lb,National,wholesale,,,,,,47158.0,lb,,2453,National Daily Boxed Beef Cutout & Boxed Beef Cuts - Negotiated Sales - PM (PDF) (LM_XB403),2026-09-26T14:04:07+00:00
93494a7bfb9c4f50,2023-02-27,Beef,"Loin, strip, bnls, 0x1 (180  3)",Select Cuts,,,,Select,,,,,658.55,699.25,,,683.0,$/cwt,6.83,per lb,National,wholesale,,,,,,5560.0,lb,,2453,National Daily Boxed Beef Cutout & Boxed Beef Cuts - Negotiated Sales - PM (PDF) (LM_XB403),2026-09-26T14:04:07+00:00
48d1a469b2d4b706,2023-02-27,Beef,"Loin, tndrloin, trmd, heavy (189A  4)",Choice Cuts,,,,Choice,,,,,1450.0,1688.0,,,1502.51,$/cwt,15.0251,per lb,National,wholesale,,,,,,65703.0,lb,,2453,National Daily Boxed Beef Cutout & Boxed Beef Cuts - Negotiated Sales - PM (PDF) (LM_XB403),2026-09-26T14:04:07+00:00
77864c475a3552ca,2023-02-27,Beef,"Loin, top butt, CC (184B  3)",Choice Cuts,,,,Choice,,,,,562.0,625.0,,,586.63,$/cwt,5.8663,per lb,National,wholesale,,,,,,30686.0,lb,,2453,National Daily Boxed Beef Cutout & Boxed Beef Cuts - Negotiated Sales - PM (PDF) (LM_XB403),2026-09-26T14:04:07+00:00
8e1ac624b0b270d0,2023-02-27,Beef,"Loin, top butt, boneless (184  3)",Choice Cuts,,,,Choice,,,,,404.0,460.0,,,420.45,$/cwt,4.2045,per lb,National,wholesale,,,,,,15349.0,lb,,2453,National Daily Boxed Beef Cutout & Boxed Beef Cuts - Negotiated Sales - PM (PDF) (LM_XB403),2026-09-26T14:04:07+00:00
97841075263e1cb4,2023-02-27,Beef,"Loin, top butt, boneless (184  3)",Select Cuts,,,,Select,,,,,413.0,430.0,,,421.19,$/cwt,4.2119,per lb,National,wholesale,,,,,,9525.0,lb,,2453,National Daily Boxed Beef Cutout & Boxed Beef Cuts - Negotiated Sales - PM (PDF) (LM_XB403),2026-09-26T14:04:07+00:00
e6b27b16761a1fbf,2023-02-27,Beef,"Rib, ribeye, bnls, heavy (112A  3)",Choice Cuts,,,,Choice,,,,,1037.0,1106.14,,,1053.41,$/cwt,10.5341,per lb,National,wholesale,,,,,,23784.0,lb,,2453,National Daily Boxed Beef Cutout & Boxed Beef Cuts - Negotiated Sales - PM (PDF) (LM_XB403),2026-09-26T14:04:07+00:00
e3663177ff143d1e,2023-02-27,Beef,"Rib, ribeye, bnls, heavy (112A  3)",Select Cuts,,,,Select,,,,,888.0,913.0,,,902.24,$/cwt,9.0224,per lb,National,wholesale,,,,,,13527.0,lb,,2453,National Daily Boxed Beef Cutout & Boxed Beef Cuts - Negotiated Sales - PM (PDF) (LM_XB403),2026-09-26T14:04:07+00:00
73af76192dc15978,2023-02-27,Beef,"Rib, ribeye, bnls, light (112A  3)",Choice Cuts,,,,Choice,,,,,1045.25,1089.25,,,1079.71,$/cwt,10.7971,per lb,National,wholesale,,,,,,4952.0,lb,,2453,National Daily Boxed Beef Cutout & Boxed Beef Cuts - Negotiated Sales - PM (PDF) (LM_XB403),2026-09-26T14:04:07+00:00
5fc4712759aafd93,2023-02-27,Beef,"Rib, ribeye, bnls, light (112A  3)",Select Cuts,,,,Select,,,,,870.0,903.5,,,891.6,$/cwt,8.916,per lb,National,wholesale,,,,,,4582.0,lb,,2453,National Daily Boxed Beef Cutout & Boxed Beef Cuts - Negotiated Sales - PM (PDF) (LM_XB403),2026-09-26T14:04:07+00:00
2a483a4639b5b4d0,2023-02-27,Beef,"Rib, ribeye, lip-on, bn-in (109E  1)",Choice Cuts,,,,Choice,,,,,885.0,1010.25,,,916.02,$/cwt,9.1602,per lb,National,wholesale,,,,,,36006.0,lb,,2453,National Daily Boxed Beef Cutout & Boxed Beef Cuts - Negotiated Sales - PM (PDF) (LM_XB403),2026-09-26T14:04:07+00:00
fba4a8d5c1b09b29,2023-02-27,Beef,"Rib, ribeye, lip-on, bn-in (109E  1)",Select Cuts,,,,Select,,,,,780.18,834.75,,,829.64,$/cwt,8.2964,per lb,National,wholesale,,,,,,42427.0,lb,,2453,National Daily Boxed Beef Cutout & Boxed Beef Cuts - Negotiated Sales - PM (PDF) (LM_XB403),2026-09-26T14:04:07+00:00
b4632151decafbcc,2023-02-27,Beef,"Round, eye of round (171C  3)",Choice Cuts,,,,Choice,,,,,299.83,355.0,,,309.47,$/cwt,3.0947,per lb,National,wholesale,,,,,,48551.0,lb,,2453,National Daily Boxed Beef Cutout & Boxed Beef Cuts - Negotiated Sales - PM (PDF) (LM_XB403),2026-09-26T14:04:07+00:00
21c20ed952ba9b9c,2023-02-27,Beef,"Round, eye of round (171C  3)",Select Cuts,,,,Select,,,,,300.0,316.0,,,305.18,$/cwt,3.0518,per lb,National,wholesale,,,,,,5037.0,lb,,2453,National Daily Boxed Beef Cutout & Boxed Beef Cuts - Negotiated Sales - PM (PDF) (LM_XB403),2026-09-26T14:04:07+00:00
368364f83cee7c63,2023-02-27,Beef,"Round, knuckle, peeled (167A  4)",Choice Cuts,,,,Choice,,,,,317.0,337.77,,,326.02,$/cwt,3.2602,per lb,National,wholesale,,,,,,34649.0,lb,,2453,National Daily Boxed Beef Cutout & Boxed Beef Cuts - Negotiated Sales - PM (PDF) (LM_XB403),2026-09-26T14:04:07+00:00
b549bd83f23ef79d,2023-02-27,Beef,"Round, knuckle, peeled (167A  4)",Select Cuts,,,,Select,,,,,308.0,325.5,,,317.43,$/cwt,3.1743,per lb,National,wholesale,,,,,,5411.0,lb,,2453,National Daily Boxed Beef Cutout & Boxed Beef Cuts - Negotiated Sales - PM (PDF) (LM_XB403),2026-09-26T14:04:07+00:00
20eab6c853bfdfcd,2023-02-27,Beef,"Round, outside round (171B  3)",Choice Cuts,,,,Choice,,,,,289.0,326.77,,,310.14,$/cwt,3.1014,per lb,National,wholesale,,,,,,52002.0,lb,,2453,National Daily Boxed Beef Cutout & Boxed Beef Cuts - Negotiated Sales - PM (PDF) (LM_XB403),2026-09-26T14:04:07+00:00
cc09a7ba59008e69,2023-02-27,Beef,"Round, outside round (171B  3)",Select Cuts,,,,Select,,,,,302.0,325.0,,,304.79,$/cwt,3.0479,per lb,National,wholesale,,,,,,32507.0,lb,,2453,National Daily Boxed Beef Cutout & Boxed Beef Cuts - Negotiated Sales - PM (PDF) (LM_XB403),2026-09-26T14:04:07+00:00
1a1b43ea9414c2bc,2023-02-27,Beef,"Round, top inside round (168  1)",Select Cuts,,,,Select,,,,,287.78,308.0,,,290.45,$/cwt,2.9045,per lb,National,wholesale,,,,,,6028.0,lb,,2453,National Daily Boxed Beef Cutout & Boxed Beef Cuts - Negotiated Sales - PM (PDF) (LM_XB403),2026-09-26T14:04:07+00:00
846a4ca8c6ece999,2023-02-27,Beef,"Round, top inside round (168  3)",Choice Cuts,,,,Choice,,,,,266.0,305.18,,,293.87,$/cwt,2.9387,per lb,National,wholesale,,,,,,17208.0,lb,,2453,National Daily Boxed Beef Cutout & Boxed Beef Cuts - Negotiated Sales - PM (PDF) (LM_XB403),2026-09-26T14:04:07+00:00
b3ee81b4ce58c6a7,2023-02-27,Beef,"Round, top inside round (168  3)",Select Cuts,,,,Select,,,,,275.93,310.0,,,299.83,$/cwt,2.9983,per lb,National,wholesale,,,,,,15375.0,lb,,2453,National Daily Boxed Beef Cutout & Boxed Beef Cuts - Negotiated Sales - PM (PDF) (LM_XB403),2026-09-26T14:04:07+00:00
8858fb9d14512514,2023-02-27,Beef,"Round, top inside, cap off (169A  5)",Choice Cuts,,,,Choice,,,,,407.0,465.0,,,428.86,$/cwt,4.2886,per lb,National,wholesale,,,,,,42019.0,lb,,2453,National Daily Boxed Beef Cutout & Boxed Beef Cuts - Negotiated Sales - PM (PDF) (LM_XB403),2026-09-26T14:04:07+00:00
864ccf1502ea5b1c,2023-02-27,Beef,"Round, top inside, denuded (169  5)",Choice Cuts,,,,Choice,,,,,316.63,363.0,,,351.08,$/cwt,3.5108,per lb,National,wholesale,,,,,,8158.0,lb,,2453,National Daily Boxed Beef Cutout & Boxed Beef Cuts - Negotiated Sales - PM (PDF) (LM_XB403),2026-09-26T14:04:07+00:00
9cee75d3d27462c0,2023-02-27,Beef,"Short Plate, short rib (123A  3)",Choice Cuts,,,,Choice,,,,,469.0,608.0,,,571.58,$/cwt,5.7158,per lb,National,wholesale,,,,,,27372.0,lb,,2453,National Daily Boxed Beef Cutout & Boxed Beef Cuts - Negotiated Sales - PM (PDF) (LM_XB403),2026-09-26T14:04:07+00:00
4bb9b879931978c6,2023-02-27,Beef,"Short Plate, short rib (123A  3)",Select Cuts,,,,Select,,,,,441.04,475.0,,,463.52,$/cwt,4.6352,per lb,National,wholesale,,,,,,15485.0,lb,,2453,National Daily Boxed Beef Cutout & Boxed Beef Cuts - Negotiated Sales - PM (PDF) (LM_XB403),2026-09-26T14:04:07+00:00
c30059b494f30f13,2023-02-28,Beef,"Brisket, deckle-off, bnls (120  1)",Choice Cuts,,,,Choice,,,,,287.0,325.0,,,296.54,$/cwt,2.9654,per lb,National,wholesale,,,,,,29208.0,lb,,2453,National Daily Boxed Beef Cutout & Boxed Beef Cuts - Negotiated Sales - PM (PDF) (LM_XB403),2026-09-26T14:04:07+00:00
cb4a1d1095409ef3,2023-02-28,Beef,"Brisket, deckle-off, bnls (120  1)",Select Cuts,,,,Select,,,,,280.0,310.5,,,300.67,$/cwt,3.0067,per lb,National,wholesale,,,,,,51404.0,lb,,2453,National Daily Boxed Beef Cutout & Boxed Beef Cuts - Negotiated Sales - PM (PDF) (LM_XB403),2026-09-26T14:04:07+00:00
44f1a17d57920dc8,2023-02-28,Beef,"Brisket, point/off, bnls (120A  3)",Choice Cuts,,,,Choice,,,,,524.0,540.0,,,531.89,$/cwt,5.3189,per lb,National,wholesale,,,,,,3320.0,lb,,2453,National Daily Boxed Beef Cutout & Boxed Beef Cuts - Negotiated Sales - PM (PDF) (LM_XB403),2026-09-26T14:04:07+00:00
fac86e9ac3bff976,2023-02-28,Beef,"Chuck, chuck tender (116B  1)",Choice Cuts,,,,Choice,,,,,284.23,341.0,,,296.04,$/cwt,2.9604,per lb,National,wholesale,,,,,,58592.0,lb,,2453,National Daily Boxed Beef Cutout & Boxed Beef Cuts - Negotiated Sales - PM (PDF) (LM_XB403),2026-09-26T14:04:07+00:00
9bf710dc4dd5559e,2023-02-28,Beef,"Chuck, chuck tender (116B  1)",Select Cuts,,,,Select,,,,,300.0,309.0,,,302.94,$/cwt,3.0294,per lb,National,wholesale,,,,,,8895.0,lb,,2453,National Daily Boxed Beef Cutout & Boxed Beef Cuts - Negotiated Sales - PM (PDF) (LM_XB403),2026-09-26T14:04:07+00:00
0fdad857bc3cdaa8,2023-02-28,Beef,"Chuck, clod tender (114F  5)",Choice Cuts,,,,Choice,,,,,490.0,550.0,,,519.15,$/cwt,5.1915,per lb,National,wholesale,,,,,,4834.0,lb,,2453,National Daily Boxed Beef Cutout & Boxed Beef Cuts - Negotiated Sales - PM (PDF) (LM_XB403),2026-09-26T14:04:07+00:00
ee52367ad25ab577,2023-02-28,Beef,"Chuck, clod, arm roast (114E  3)",Choice Cuts,,,,Choice,,,,,341.0,450.0,,,398.2,$/cwt,3.982,per lb,National,wholesale,,,,,,29640.0,lb,,2453,National Daily Boxed Beef Cutout & Boxed Beef Cuts - Negotiated Sales - PM (PDF) (LM_XB403),2026-09-26T14:04:07+00:00
44e8e06f97a9b821,2023-02-28,Beef,"Chuck, clod, top blade (114D  3)",Choice Cuts,,,,Choice,,,,,365.0,380.0,,,369.91,$/cwt,3.6991,per lb,National,wholesale,,,,,,3776.0,lb,,2453,National Daily Boxed Beef Cutout & Boxed Beef Cuts - Negotiated Sales - PM (PDF) (LM_XB403),2026-09-26T14:04:07+00:00
18a709230235d958,2023-02-28,Beef,"Chuck, flap (116G  4)",Choice Cuts,,,,Choice,,,,,546.0,666.0,,,573.43,$/cwt,5.7343,per lb,National,wholesale,,,,,,10542.0,lb,,2453,National Daily Boxed Beef Cutout & Boxed Beef Cuts - Negotiated Sales - PM (PDF) (LM_XB403),2026-09-26T14:04:07+00:00
314a811c4a4bda02,2023-02-28,Beef,"Chuck, flap (116G  4)",Select Cuts,,,,Select,,,,,535.0,537.56,,,535.53,$/cwt,5.3553,per lb,National,wholesale,,,,,,5772.0,lb,,2453,National Daily Boxed Beef Cutout & Boxed Beef Cuts - Negotiated Sales - PM (PDF) (LM_XB403),2026-09-26T14:04:07+00:00
e3b590b426ea7687,2023-02-28,Beef,"Chuck, roll, lxl, neck/off (116A  3)",Choice Cuts,,,,Choice,,,,,360.0,419.88,,,373.87,$/cwt,3.7387,per lb,National,wholesale,,,,,,160929.0,lb,,2453,National Daily Boxed Beef Cutout & Boxed Beef Cuts - Negotiated Sales - PM (PDF) (LM_XB403),2026-09-26T14:04:07+00:00
56c284a14dde1850,2023-02-28,Beef,"Chuck, roll, lxl, neck/off (116A  3)",Select Cuts,,,,Select,,,,,375.0,391.0,,,382.64,$/cwt,3.8264,per lb,National,wholesale,,,,,,59689.0,lb,,2453,National Daily Boxed Beef Cutout & Boxed Beef Cuts - Negotiated Sales - PM (PDF) (LM_XB403),2026-09-26T14:04:07+00:00
572ff5f39833f3a4,2023-02-28,Beef,"Chuck, short rib (130  4)",Choice Cuts,,,,Choice,,,,,420.0,469.0,,,452.26,$/cwt,4.5226,per lb,National,wholesale,,,,,,18003.0,lb,,2453,National Daily Boxed Beef Cutout & Boxed Beef Cuts - Negotiated Sales - PM (PDF) (LM_XB403),2026-09-26T14:04:07+00:00
d28bfd4fb8b4fb72,2023-02-28,Beef,"Chuck, short rib (130  4)",Select Cuts,,,,Select,,,,,440.0,462.0,,,453.48,$/cwt,4.5348,per lb,National,wholesale,,,,,,1635.0,lb,,2453,National Daily Boxed Beef Cutout & Boxed Beef Cuts - Negotiated Sales - PM (PDF) (LM_XB403),2026-09-26T14:04:07+00:00
39e6358b552a6642,2023-02-28,Beef,"Chuck, shoulder clod (114  1)",Choice Cuts,,,,Choice,,,,,273.73,282.0,,,276.53,$/cwt,2.7653,per lb,National,wholesale,,,,,,80420.0,lb,,2453,National Daily Boxed Beef Cutout & Boxed Beef Cuts - Negotiated Sales - PM (PDF) (LM_XB403),2026-09-26T14:04:07+00:00
08bc994997598ccc,2023-02-28,Beef,"Chuck, shoulder clod, trmd (114A  3)",Choice Cuts,,,,Choice,,,,,276.44,335.0,,,288.74,$/cwt,2.8874,per lb,National,wholesale,,,,,,134108.0,lb,,2453,National Daily Boxed Beef Cutout & Boxed Beef Cuts - Negotiated Sales - PM (PDF) (LM_XB403),2026-09-26T14:04:07+00:00
ff14c51f1c93541d,2023-02-28,Beef,"Chuck, shoulder clod, trmd (114A  3)",Select Cuts,,,,Select,,,,,277.0,308.0,,,294.39,$/cwt,2.9439,per lb,National,wholesale,,,,,,21595.0,lb,,2453,National Daily Boxed Beef Cutout & Boxed Beef Cuts - Negotiated Sales - PM (PDF) (LM_XB403),2026-09-26T14:04:07+00:00
4f98d19a17eb8bf9,2023-02-28,Beef,Cutout 600-900 lb,,,,,Select,,,,,,,,,279.25,$/cwt,2.7925,per lb,National,wholesale,,,,,,,,,2453,National Daily Boxed Beef Cutout & Boxed Beef Cuts - Negotiated Sales - PM (PDF) (LM_XB403),2026-09-26T14:04:07+00:00
cb0bd31c88dfc8b2,2023-02-28,Beef,Cutout 600-900 lb,,,,,Choice,,,,,,,,,288.95,$/cwt,2.8895,per lb,National,wholesale,,,,,,,,,2453,National Daily Boxed Beef Cutout & Boxed Beef Cuts - Negotiated Sales - PM (PDF) (LM_XB403),2026-09-26T14:04:07+00:00
37b4d6e2849e2911,2023-02-28,Beef,"Flank, flank steak (193  4)",Choice Cuts,,,,Choice,,,,,628.0,675.0,,,641.66,$/cwt,6.4166,per lb,National,wholesale,,,,,,57020.0,lb,,2453,National Daily Boxed Beef Cutout & Boxed Beef Cuts - Negotiated Sales - PM (PDF) (LM_XB403),2026-09-26T14:04:07+00:00
6e54e0a2de6f87ab,2023-02-28,Beef,"Flank, flank steak (193  4)",Select Cuts,,,,Select,,,,,600.0,645.0,,,610.75,$/cwt,6.1075,per lb,National,wholesale,,,,,,5675.0,lb,,2453,National Daily Boxed Beef Cutout & Boxed Beef Cuts - Negotiated Sales - PM (PDF) (LM_XB403),2026-09-26T14:04:07+00:00
beb1eeda56e478fa,2023-02-28,Beef,Ground Beef 73%,Ground Beef,,,,,,,,,199.95,232.2,,,206.77,$/cwt,2.0677,per lb,National,wholesale,,,,,,60956.0,lb,,2453,National Daily Boxed Beef Cutout & Boxed Beef Cuts - Negotiated Sales - PM (PDF) (LM_XB403),2026-09-26T14:04:07+00:00
50fa5df05d24a07e,2023-02-28,Beef,Ground Beef 81%,Ground Beef,,,,,,,,,221.75,276.88,,,241.01,$/cwt,2.4101,per lb,National,wholesale,,,,,,175468.0,lb,,2453,National Daily Boxed Beef Cutout & Boxed Beef Cuts - Negotiated Sales - PM (PDF) (LM_XB403),2026-09-26T14:04:07+00:00
b8aad50e88424387,2023-02-28,Beef,Ground Beef 85%,Ground Beef,,,,,,,,,261.3,305.0,,,281.85,$/cwt,2.8185,per lb,National,wholesale,,,,,,26349.0,lb,,2453,National Daily Boxed Beef Cutout & Boxed Beef Cuts - Negotiated Sales - PM (PDF) (LM_XB403),2026-09-26T14:04:07+00:00
5429fdd589ebd7b6,2023-02-28,Beef,Ground Beef 93%,Ground Beef,,,,,,,,,327.82,375.0,,,372.71,$/cwt,3.7271,per lb,National,wholesale,,,,,,45365.0,lb,,2453,National Daily Boxed Beef Cutout & Boxed Beef Cuts - Negotiated Sales - PM (PDF) (LM_XB403),2026-09-26T14:04:07+00:00
f1b1227fe375f86a,2023-02-28,Beef,Ground Beef Chuck,Ground Beef,,,,,,,,,255.0,297.0,,,264.66,$/cwt,2.6466,per lb,National,wholesale,,,,,,27418.0,lb,,2453,National Daily Boxed Beef Cutout & Boxed Beef Cuts - Negotiated Sales - PM (PDF) (LM_XB403),2026-09-26T14:04:07+00:00
3f0425f0a77b3d72,2023-02-28,Beef,Ground Beef Round,Ground Beef,,,,,,,,,297.82,321.3,,,318.12,$/cwt,3.1812,per lb,National,wholesale,,,,,,11759.0,lb,,2453,National Daily Boxed Beef Cutout & Boxed Beef Cuts - Negotiated Sales - PM (PDF) (LM_XB403),2026-09-26T14:04:07+00:00
8a390927c693c223,2023-02-28,Beef,"Loin, ball-tip, bnls, heavy (185B  1)",Choice Cuts,,,,Choice,,,,,278.0,358.0,,,337.76,$/cwt,3.3776,per lb,National,wholesale,,,,,,17659.0,lb,,2453,National Daily Boxed Beef Cutout & Boxed Beef Cuts - Negotiated Sales - PM (PDF) (LM_XB403),2026-09-26T14:04:07+00:00
646cd574a23e359f,2023-02-28,Beef,"Loin, bottom sirloin, flap (185A  4)",Choice Cuts,,,,Choice,,,,,700.0,784.25,,,716.01,$/cwt,7.1601,per lb,National,wholesale,,,,,,119785.0,lb,,2453,National Daily Boxed Beef Cutout & Boxed Beef Cuts - Negotiated Sales - PM (PDF) (LM_XB403),2026-09-26T14:04:07+00:00
f1f20af240e81d4c,2023-02-28,Beef,"Loin, bottom sirloin, flap (185A  4)",Select Cuts,,,,Select,,,,,640.0,714.0,,,680.01,$/cwt,6.8001,per lb,National,wholesale,,,,,,6369.0,lb,,2453,National Daily Boxed Beef Cutout & Boxed Beef Cuts - Negotiated Sales - PM (PDF) (LM_XB403),2026-09-26T14:04:07+00:00
0320394573b25a5e,2023-02-28,Beef,"Loin, butt tender, trimmed (191A  4)",Choice Cuts,,,,Choice,,,,,1300.73,1431.5,,,1324.02,$/cwt,13.2402,per lb,National,wholesale,,,,,,5262.0,lb,,2453,National Daily Boxed Beef Cutout & Boxed Beef Cuts - Negotiated Sales - PM (PDF) (LM_XB403),2026-09-26T14:04:07+00:00
d549097b0d1a530d,2023-02-28,Beef,"Loin, butt tender, trimmed (191A  4)",Select Cuts,,,,Select,,,,,1148.0,1200.0,,,1179.03,$/cwt,11.7903,per lb,National,wholesale,,,,,,2219.0,lb,,2453,National Daily Boxed Beef Cutout & Boxed Beef Cuts - Negotiated Sales - PM (PDF) (LM_XB403),2026-09-26T14:04:07+00:00
d49a478e95941cdd,2023-02-28,Beef,"Loin, short loin, 0x1 (174  3)",Choice Cuts,,,,Choice,,,,,698.32,889.0,,,725.85,$/cwt,7.2585,per lb,National,wholesale,,,,,,79303.0,lb,,2453,National Daily Boxed Beef Cutout & Boxed Beef Cuts - Negotiated Sales - PM (PDF) (LM_XB403),2026-09-26T14:04:07+00:00
2d6bb275dc599669,2023-02-28,Beef,"Loin, short loin, 0x1 (174  3)",Select Cuts,,,,Select,,,,,674.0,701.0,,,682.35,$/cwt,6.8235,per lb,National,wholesale,,,,,,14339.0,lb,,2453,National Daily Boxed Beef Cutout & Boxed Beef Cuts - Negotiated Sales - PM (PDF) (LM_XB403),2026-09-26T14:04:07+00:00
bf5bb8a5248f592e,2023-02-28,Beef,"Loin, sirloin, tri-tip (185C  1)",Choice Cuts,,,,Choice,,,,,388.0,425.0,,,400.66,$/cwt,4.0066,per lb,National,wholesale,,,,,,18655.0,lb,,2453,National Daily Boxed Beef Cutout & Boxed Beef Cuts - Negotiated Sales - PM (PDF) (LM_XB403),2026-09-26T14:04:07+00:00
7d162646d2fd9027,2023-02-28,Beef,"Loin, strip loin, 1x1 (175  3)",Choice Cuts,,,,Choice,,,,,708.0,765.0,,,714.46,$/cwt,7.1446,per lb,National,wholesale,,,,,,121389.0,lb,,2453,National Daily Boxed Beef Cutout & Boxed Beef Cuts - Negotiated Sales - PM (PDF) (LM_XB403),2026-09-26T14:04:07+00:00
94d01c3330d240c7,2023-02-28,Beef,"Loin, strip loin, 1x1 (175  3)",Select Cuts,,,,Select,,,,,550.0,614.0,,,579.87,$/cwt,5.7987,per lb,National,wholesale,,,,,,49762.0,lb,,2453,National Daily Boxed Beef Cutout & Boxed Beef Cuts - Negotiated Sales - PM (PDF) (LM_XB403),2026-09-26T14:04:07+00:00
b852e8256e13597c,2023-02-28,Beef,"Loin, strip, bnls, 0x1 (180  3)",Choice Cuts,,,,Choice,,,,,850.0,909.0,,,882.93,$/cwt,8.8293,per lb,National,wholesale,,,,,,40293.0,lb,,2453,National Daily Boxed Beef Cutout & Boxed Beef Cuts - Negotiated Sales - PM (PDF) (LM_XB403),2026-09-26T14:04:07+00:00
023fa6af58478d97,2023-02-28,Beef,"Loin, strip, bnls, 0x1 (180  3)",Select Cuts,,,,Select,,,,,668.61,708.0,,,685.29,$/cwt,6.8529,per lb,National,wholesale,,,,,,22637.0,lb,,2453,National Daily Boxed Beef Cutout & Boxed Beef Cuts - Negotiated Sales - PM (PDF) (LM_XB403),2026-09-26T14:04:07+00:00
b08717c30029d0b8,2023-02-28,Beef,"Loin, tndrloin, trmd, heavy (189A  4)",Choice Cuts,,,,Choice,,,,,1449.25,1699.0,,,1554.38,$/cwt,15.5438,per lb,National,wholesale,,,,,,46851.0,lb,,2453,National Daily Boxed Beef Cutout & Boxed Beef Cuts - Negotiated Sales - PM (PDF) (LM_XB403),2026-09-26T14:04:07+00:00
1066507cc635a59e,2023-02-28,Beef,"Loin, tndrloin, trmd, heavy (189A  4)",Select Cuts,,,,Select,,,,,1480.0,1531.0,,,1508.67,$/cwt,15.0867,per lb,National,wholesale,,,,,,7068.0,lb,,2453,National Daily Boxed Beef Cutout & Boxed Beef Cuts - Negotiated Sales - PM (PDF) (LM_XB403),2026-09-26T14:04:07+00:00
97970f2109825fad,2023-02-28,Beef,"Loin, top butt, CC (184B  3)",Choice Cuts,,,,Choice,,,,,575.0,639.0,,,584.88,$/cwt,5.8488,per lb,National,wholesale,,,,,,21050.0,lb,,2453,National Daily Boxed Beef Cutout & Boxed Beef Cuts - Negotiated Sales - PM (PDF) (LM_XB403),2026-09-26T14:04:07+00:00
627d0ea3c1e95c7a,2023-02-28,Beef,"Loin, top butt, boneless (184  3)",Choice Cuts,,,,Choice,,,,,410.0,432.88,,,414.02,$/cwt,4.1402,per lb,National,wholesale,,,,,,43335.0,lb,,2453,National Daily Boxed Beef Cutout & Boxed Beef Cuts - Negotiated Sales - PM (PDF) (LM_XB403),2026-09-26T14:04:07+00:00
4a40325805bb1661,2023-02-28,Beef,"Loin, top butt, boneless (184  3)",Select Cuts,,,,Select,,,,,400.0,423.0,,,408.52,$/cwt,4.0852,per lb,National,wholesale,,,,,,7473.0,lb,,2453,National Daily Boxed Beef Cutout & Boxed Beef Cuts - Negotiated Sales - PM (PDF) (LM_XB403),2026-09-26T14:04:07+00:00
def5368240407635,2023-02-28,Beef,"Rib, ribeye, bnls, heavy (112A  3)",Choice Cuts,,,,Choice,,,,,1035.0,1144.0,,,1055.69,$/cwt,10.5569,per lb,National,wholesale,,,,,,32593.0,lb,,2453,National Daily Boxed Beef Cutout & Boxed Beef Cuts - Negotiated Sales - PM (PDF) (LM_XB403),2026-09-26T14:04:07+00:00
f2eb2e99184e62ba,2023-02-28,Beef,"Rib, ribeye, bnls, heavy (112A  3)",Select Cuts,,,,Select,,,,,872.9,910.0,,,894.28,$/cwt,8.9428,per lb,National,wholesale,,,,,,9662.0,lb,,2453,National Daily Boxed Beef Cutout & Boxed Beef Cuts - Negotiated Sales - PM (PDF) (LM_XB403),2026-09-26T14:04:07+00:00
6f5ca5e84501045d,2023-02-28,Beef,"Rib, ribeye, bnls, light (112A  3)",Choice Cuts,,,,Choice,,,,,1012.5,1107.0,,,1063.35,$/cwt,10.6335,per lb,National,wholesale,,,,,,30099.0,lb,,2453,National Daily Boxed Beef Cutout & Boxed Beef Cuts - Negotiated Sales - PM (PDF) (LM_XB403),2026-09-26T14:04:07+00:00
14c8f2dcf1497907,2023-02-28,Beef,"Rib, ribeye, bnls, light (112A  3)",Select Cuts,,,,Select,,,,,873.03,910.25,,,881.66,$/cwt,8.8166,per lb,National,wholesale,,,,,,13003.0,lb,,2453,National Daily Boxed Beef Cutout & Boxed Beef Cuts - Negotiated Sales - PM (PDF) (LM_XB403),2026-09-26T14:04:07+00:00
dc28089105414133,2023-02-28,Beef,"Rib, ribeye, lip-on, bn-in (109E  1)",Choice Cuts,,,,Choice,,,,,912.85,1029.5,,,920.29,$/cwt,9.2029,per lb,National,wholesale,,,,,,53908.0,lb,,2453,National Daily Boxed Beef Cutout & Boxed Beef Cuts - Negotiated Sales - PM (PDF) (LM_XB403),2026-09-26T14:04:07+00:00
1e3fb791511cd76d,2023-02-28,Beef,"Rib, ribeye, lip-on, bn-in (109E  1)",Select Cuts,,,,Select,,,,,772.9,824.0,,,802.87,$/cwt,8.0287,per lb,National,wholesale,,,,,,1475.0,lb,,2453,National Daily Boxed Beef Cutout & Boxed Beef Cuts - Negotiated Sales - PM (PDF) (LM_XB403),2026-09-26T14:04:07+00:00
4eedf97c5862ec19,2023-02-28,Beef,"Round, bone-in (160  1)",Choice Cuts,,,,Choice,,,,,308.0,330.0,,,321.14,$/cwt,3.2114,per lb,National,wholesale,,,,,,1865.0,lb,,2453,National Daily Boxed Beef Cutout & Boxed Beef Cuts - Negotiated Sales - PM (PDF) (LM_XB403),2026-09-26T14:04:07+00:00
7d7e3fd57c7590d0,2023-02-28,Beef,"Round, bottom gooseneck (170  1)",Choice Cuts,,,,Choice,,,,,256.0,280.0,,,257.37,$/cwt,2.5737,per lb,National,wholesale,,,,,,72154.0,lb,,2453,National Daily Boxed Beef Cutout & Boxed Beef Cuts - Negotiated Sales - PM (PDF) (LM_XB403),2026-09-26T14:04:07+00:00
1e4124087bf846a5,2023-02-28,Beef,"Round, eye of round (171C  3)",Choice Cuts,,,,Choice,,,,,282.0,349.02,,,296.68,$/cwt,2.9668,per lb,National,wholesale,,,,,,157232.0,lb,,2453,National Daily Boxed Beef Cutout & Boxed Beef Cuts - Negotiated Sales - PM (PDF) (LM_XB403),2026-09-26T14:04:07+00:00
15f2c420f8ffbb49,2023-02-28,Beef,"Round, eye of round (171C  3)",Select Cuts,,,,Select,,,,,290.0,323.0,,,302.75,$/cwt,3.0275,per lb,National,wholesale,,,,,,26608.0,lb,,2453,National Daily Boxed Beef Cutout & Boxed Beef Cuts - Negotiated Sales - PM (PDF) (LM_XB403),2026-09-26T14:04:07+00:00
401d66f04434228a,2023-02-28,Beef,"Round, knuckle, peeled (167A  4)",Choice Cuts,,,,Choice,,,,,305.0,356.88,,,311.33,$/cwt,3.1133,per lb,National,wholesale,,,,,,178910.0,lb,,2453,National Daily Boxed Beef Cutout & Boxed Beef Cuts - Negotiated Sales - PM (PDF) (LM_XB403),2026-09-26T14:04:07+00:00
13a1d3c41f41bd5f,2023-02-28,Beef,"Round, knuckle, peeled (167A  4)",Select Cuts,,,,Select,,,,,303.7,336.0,,,315.42,$/cwt,3.1542,per lb,National,wholesale,,,,,,7659.0,lb,,2453,National Daily Boxed Beef Cutout & Boxed Beef Cuts - Negotiated Sales - PM (PDF) (LM_XB403),2026-09-26T14:04:07+00:00
51067fd2b73142b2,2023-02-28,Beef,"Round, outside round (171B  3)",Choice Cuts,,,,Choice,,,,,275.0,324.88,,,304.19,$/cwt,3.0419,per lb,National,wholesale,,,,,,115100.0,lb,,2453,National Daily Boxed Beef Cutout & Boxed Beef Cuts - Negotiated Sales - PM (PDF) (LM_XB403),2026-09-26T14:04:07+00:00
bb05c443e9854dc8,2023-02-28,Beef,"Round, outside round (171B  3)",Select Cuts,,,,Select,,,,,294.0,322.0,,,303.21,$/cwt,3.0321,per lb,National,wholesale,,,,,,12032.0,lb,,2453,National Daily Boxed Beef Cutout & Boxed Beef Cuts - Negotiated Sales - PM (PDF) (LM_XB403),2026-09-26T14:04:07+00:00
d8ba036998920228,2023-02-28,Beef,"Round, top inside round (168  1)",Choice Cuts,,,,Choice,,,,,286.0,290.0,,,287.38,$/cwt,2.8738,per lb,National,wholesale,,,,,,7973.0,lb,,2453,National Daily Boxed Beef Cutout & Boxed Beef Cuts - Negotiated Sales - PM (PDF) (LM_XB403),2026-09-26T14:04:07+00:00
0a0021e4c7caa33e,2023-02-28,Beef,"Round, top inside round (168  3)",Choice Cuts,,,,Choice,,,,,258.0,335.0,,,289.05,$/cwt,2.8905,per lb,National,wholesale,,,,,,136283.0,lb,,2453,National Daily Boxed Beef Cutout & Boxed Beef Cuts - Negotiated Sales - PM (PDF) (LM_XB403),2026-09-26T14:04:07+00:00
a17e9dc3316318b4,2023-02-28,Beef,"Round, top inside round (168  3)",Select Cuts,,,,Select,,,,,288.0,310.0,,,297.67,$/cwt,2.9767,per lb,National,wholesale,,,,,,20916.0,lb,,2453,National Daily Boxed Beef Cutout & Boxed Beef Cuts - Negotiated Sales - PM (PDF) (LM_XB403),2026-09-26T14:04:07+00:00
7c27ad42a33663cd,2023-02-28,Beef,"Round, top inside, cap off (169A  5)",Choice Cuts,,,,Choice,,,,,386.42,470.0,,,453.95,$/cwt,4.5395,per lb,National,wholesale,,,,,,8295.0,lb,,2453,National Daily Boxed Beef Cutout & Boxed Beef Cuts - Negotiated Sales - PM (PDF) (LM_XB403),2026-09-26T14:04:07+00:00
00c08f93b832e450,2023-02-28,Beef,"Round, top inside, denuded (169  5)",Choice Cuts,,,,Choice,,,,,314.0,364.0,,,323.55,$/cwt,3.2355,per lb,National,wholesale,,,,,,76708.0,lb,,2453,National Daily Boxed Beef Cutout & Boxed Beef Cuts - Negotiated Sales - PM (PDF) (LM_XB403),2026-09-26T14:04:07+00:00
327f38e82541f38e,2023-02-28,Beef,"Short Plate, short rib (123A  3)",Choice Cuts,,,,Choice,,,,,469.0,604.0,,,535.22,$/cwt,5.3522,per lb,National,wholesale,,,,,,28020.0,lb,,2453,National Daily Boxed Beef Cutout & Boxed Beef Cuts - Negotiated Sales - PM (PDF) (LM_XB403),2026-09-26T14:04:07+00:00
d1902486593faa29,2023-02-28,Beef,"Short Plate, short rib (123A  3)",Select Cuts,,,,Select,,,,,449.19,535.25,,,486.34,$/cwt,4.8634,per lb,National,wholesale,,,,,,7472.0,lb,,2453,National Daily Boxed Beef Cutout & Boxed Beef Cuts - Negotiated Sales - PM (PDF) (LM_XB403),2026-09-26T14:04:07+00:00
